date_idx,open,high,low,close,volume
2026-03-23 09:29:00,3790,3795,3790,3790,14577
2026-03-23 09:30:00,3790,3795,3785,3790,3393
2026-03-23 09:31:00,3790,3790,3780,3780,4839
2026-03-23 09:32:00,3780,3790,3780,3780,16524
2026-03-23 09:33:00,3780,3780,3765,3765,20742
2026-03-23 09:34:00,3770,3775,3770,3775,320
2026-03-23 09:35:00,3775,3780,3765,3765,7290
2026-03-23 09:36:00,3765,3765,3740,3740,22223
2026-03-23 09:37:00,3750,3760,3740,3760,3570
2026-03-23 09:38:00,3755,3760,3750,3750,3491
2026-03-23 09:39:00,3755,3760,3750,3760,2211
2026-03-23 09:40:00,3750,3760,3750,3760,722
2026-03-23 09:41:00,3750,3760,3745,3750,7540
2026-03-23 09:42:00,3750,3755,3740,3755,20860
2026-03-23 09:43:00,3755,3755,3755,3755,635
2026-03-23 09:44:00,3760,3765,3755,3765,1059
2026-03-23 09:45:00,3760,3770,3755,3755,2218
2026-03-23 09:46:00,3755,3760,3755,3755,1141
2026-03-23 09:47:00,3760,3760,3750,3750,4272
2026-03-23 09:48:00,3760,3760,3750,3755,673
2026-03-23 09:49:00,3755,3755,3745,3745,2388
2026-03-23 09:50:00,3745,3770,3745,3760,7343
2026-03-23 09:51:00,3760,3760,3755,3755,680
2026-03-23 09:52:00,3755,3760,3740,3750,33220
2026-03-23 09:53:00,3740,3760,3735,3735,6502
2026-03-23 09:54:00,3755,3755,3735,3750,5196
2026-03-23 09:55:00,3750,3750,3740,3740,171
2026-03-23 09:56:00,3740,3745,3735,3745,1824
2026-03-23 09:57:00,3740,3740,3735,3740,4837
2026-03-23 09:58:00,3740,3760,3740,3745,17524
2026-03-23 09:59:00,3745,3745,3735,3740,2135
2026-03-23 10:00:00,3735,3740,3715,3730,12978
2026-03-23 10:01:00,3735,3740,3705,3710,5732
2026-03-23 10:02:00,3715,3730,3710,3720,5108
2026-03-23 10:03:00,3730,3740,3720,3735,3645
2026-03-23 10:04:00,3740,3765,3740,3750,15240
2026-03-23 10:05:00,3755,3755,3730,3745,1584
2026-03-23 10:06:00,3745,3745,3720,3745,5301
2026-03-23 10:07:00,3745,3780,3745,3780,3563
2026-03-23 10:08:00,3770,3785,3770,3785,1586
2026-03-23 10:09:00,3780,3785,3735,3770,3544
2026-03-23 10:10:00,3770,3780,3770,3780,576
2026-03-23 10:11:00,3780,3785,3770,3775,1952
2026-03-23 10:12:00,3775,3775,3775,3775,222
2026-03-23 10:13:00,3775,3780,3760,3780,2124
2026-03-23 10:14:00,3780,3785,3775,3780,7176
2026-03-23 10:15:00,3780,3780,3770,3770,547
2026-03-23 10:16:00,3770,3785,3765,3780,1129
2026-03-23 10:17:00,3785,3785,3780,3785,3249
2026-03-23 10:18:00,3785,3785,3780,3780,272
2026-03-23 10:19:00,3780,3790,3780,3790,11219
2026-03-23 10:20:00,3790,3790,3785,3790,2719
2026-03-23 10:21:00,3790,3790,3785,3785,2009
2026-03-23 10:22:00,3785,3785,3785,3785,504
2026-03-23 10:23:00,3785,3785,3785,3785,1622
2026-03-23 10:24:00,3780,3785,3780,3785,1226
2026-03-23 10:25:00,3785,3795,3780,3795,5529
2026-03-23 10:26:00,3795,3800,3785,3795,1882
2026-03-23 10:27:00,3795,3810,3795,3810,9151
2026-03-23 10:28:00,3810,3810,3790,3810,3021
2026-03-23 10:29:00,3800,3805,3800,3805,185
2026-03-23 10:30:00,3805,3805,3795,3795,1959
2026-03-23 10:31:00,3795,3795,3790,3790,1031
2026-03-23 10:32:00,3790,3795,3785,3795,130
2026-03-23 10:33:00,3795,3795,3795,3795,16
2026-03-23 10:34:00,3795,3795,3790,3795,723
2026-03-23 10:35:00,3795,3795,3790,3795,952
2026-03-23 10:36:00,3790,3795,3790,3795,792
2026-03-23 10:37:00,3795,3795,3795,3795,274
2026-03-23 10:38:00,3795,3795,3790,3790,182
2026-03-23 10:39:00,3790,3790,3790,3790,921
2026-03-23 10:40:00,3790,3805,3785,3805,3428
2026-03-23 10:41:00,3805,3805,3805,3805,570
2026-03-23 10:42:00,3805,3815,3800,3815,2906
2026-03-23 10:43:00,3815,3815,3810,3815,139
2026-03-23 10:44:00,3815,3815,3810,3815,12
2026-03-23 10:45:00,3815,3820,3810,3810,3591
2026-03-23 10:46:00,3810,3815,3810,3815,130
2026-03-23 10:47:00,3815,3820,3810,3820,3169
2026-03-23 10:48:00,3815,3820,3810,3810,1861
2026-03-23 10:49:00,3815,3815,3810,3815,981
2026-03-23 10:50:00,3815,3815,3810,3810,1159
2026-03-23 10:51:00,3810,3810,3800,3800,605
2026-03-23 10:52:00,3810,3810,3800,3800,52
2026-03-23 10:53:00,3805,3805,3795,3800,718
2026-03-23 10:54:00,3795,3800,3795,3795,206
2026-03-23 10:55:00,3800,3800,3770,3790,5317
2026-03-23 10:56:00,3795,3795,3795,3795,4
2026-03-23 10:57:00,3795,3795,3775,3795,63
2026-03-23 10:58:00,3795,3795,3790,3790,12
2026-03-23 10:59:00,3790,3790,3780,3785,147
2026-03-23 11:00:00,3785,3785,3785,3785,138
2026-03-23 11:01:00,3780,3780,3760,3760,14879
2026-03-23 11:02:00,3770,3780,3770,3780,260
2026-03-23 11:03:00,3780,3780,3780,3780,4
2026-03-23 11:04:00,3780,3780,3775,3780,543
2026-03-23 11:05:00,3780,3785,3780,3785,32
2026-03-23 11:06:00,3785,3785,3785,3785,680
2026-03-23 11:07:00,3780,3785,3780,3785,284
2026-03-23 11:08:00,3785,3795,3785,3795,2720
2026-03-23 11:09:00,3795,3795,3785,3795,1124
2026-03-23 11:10:00,3795,3795,3785,3790,697
2026-03-23 11:11:00,3790,3790,3780,3780,666
2026-03-23 11:12:00,3780,3785,3775,3775,440
2026-03-23 11:13:00,3780,3780,3770,3770,586
2026-03-23 11:14:00,3785,3785,3775,3775,226
2026-03-23 11:15:00,3775,3785,3770,3785,83
2026-03-23 11:16:00,3775,3775,3770,3770,15
2026-03-23 11:17:00,3770,3770,3765,3770,465
2026-03-23 11:18:00,3770,3775,3770,3775,51
2026-03-23 11:19:00,3775,3775,3775,3775,20
2026-03-23 11:20:00,3775,3775,3765,3765,650
2026-03-23 11:21:00,3770,3775,3770,3775,247
2026-03-23 11:22:00,3775,3775,3770,3775,210
2026-03-23 11:23:00,3775,3775,3770,3775,261
2026-03-23 11:24:00,3775,3775,3770,3770,2895
2026-03-23 11:25:00,3765,3775,3765,3765,366
2026-03-23 11:26:00,3765,3765,3765,3765,1006
2026-03-23 11:27:00,3775,3775,3775,3775,115
2026-03-23 11:28:00,3775,3785,3775,3785,1114
2026-03-23 11:29:00,3785,3785,3775,3775,187
2026-03-23 11:30:00,3775,3775,3775,3775,165
2026-03-23 11:31:00,3775,3785,3770,3785,4471
2026-03-23 11:32:00,3785,3790,3780,3790,1015
2026-03-23 11:33:00,3790,3790,3775,3780,204
2026-03-23 11:34:00,3775,3785,3772,3785,1460
2026-03-23 11:35:00,3785,3785,3785,3785,3
2026-03-23 11:36:00,3780,3780,3770,3770,632
2026-03-23 11:37:00,3780,3780,3765,3770,1574
2026-03-23 11:38:00,3770,3770,3745,3745,31742
2026-03-23 11:39:00,3760,3770,3745,3745,2255
2026-03-23 11:40:00,3745,3745,3745,3745,312
2026-03-23 11:41:00,3765,3765,3745,3765,1013
2026-03-23 11:42:00,3760,3770,3760,3770,1316
2026-03-23 11:43:00,3770,3770,3745,3765,1004
2026-03-23 11:44:00,3765,3765,3750,3750,602
2026-03-23 11:45:00,3765,3765,3765,3765,11
2026-03-23 11:46:00,3750,3765,3750,3765,29
2026-03-23 11:47:00,3765,3765,3765,3765,23
2026-03-23 11:48:00,3765,3765,3765,3765,213
2026-03-23 11:49:00,3765,3765,3755,3765,823
2026-03-23 11:50:00,3765,3765,3760,3765,729
2026-03-23 11:51:00,3760,3760,3760,3760,892
2026-03-23 11:52:00,3765,3765,3755,3765,383
2026-03-23 11:53:00,3765,3765,3755,3760,864
2026-03-23 11:54:00,3760,3765,3760,3765,254
2026-03-23 11:55:00,3765,3765,3760,3760,1784
2026-03-23 11:56:00,3760,3765,3760,3765,63
2026-03-23 11:57:00,3765,3765,3765,3765,448
2026-03-23 11:58:00,3765,3770,3765,3770,205
2026-03-23 11:59:00,3770,3780,3770,3780,389
2026-03-23 12:01:00,3780,3780,3765,3780,59
2026-03-23 12:02:00,3765,3775,3765,3775,143
2026-03-23 12:03:00,3770,3775,3770,3770,114
2026-03-23 12:04:00,3770,3775,3770,3775,566
2026-03-23 12:05:00,3775,3775,3770,3770,108
2026-03-23 12:06:00,3770,3775,3770,3775,120
2026-03-23 12:07:00,3765,3785,3765,3785,2087
2026-03-23 12:08:00,3785,3785,3765,3765,51
2026-03-23 12:09:00,3770,3770,3750,3765,6122
2026-03-23 12:10:00,3770,3770,3765,3770,94
2026-03-23 12:11:00,3770,3770,3765,3765,202
2026-03-23 12:12:00,3770,3770,3760,3760,203
2026-03-23 12:13:00,3760,3770,3760,3770,230
2026-03-23 12:14:00,3770,3770,3765,3765,25
2026-03-23 12:15:00,3760,3765,3760,3765,32
2026-03-23 12:16:00,3765,3765,3760,3765,76
2026-03-23 12:17:00,3765,3765,3760,3760,620
2026-03-23 12:18:00,3760,3760,3750,3750,2399
2026-03-23 12:19:00,3755,3755,3750,3755,257
2026-03-23 12:20:00,3755,3755,3750,3750,1899
2026-03-23 12:21:00,3750,3775,3745,3775,16592
2026-03-23 12:22:00,3760,3760,3750,3750,404
2026-03-23 12:23:00,3760,3760,3755,3760,35
2026-03-23 12:24:00,3755,3755,3750,3750,652
2026-03-23 12:25:00,3750,3750,3745,3745,1038
2026-03-23 12:26:00,3745,3750,3745,3745,2557
2026-03-23 12:27:00,3740,3750,3740,3745,372
2026-03-23 12:28:00,3750,3750,3750,3750,72
2026-03-23 12:29:00,3745,3745,3740,3745,2544
2026-03-23 12:30:00,3745,3745,3740,3745,5787
2026-03-23 12:31:00,3745,3745,3745,3745,8
2026-03-23 12:32:00,3740,3740,3740,3740,138
2026-03-23 12:33:00,3740,3740,3740,3740,1454
2026-03-23 12:34:00,3745,3750,3745,3745,749
2026-03-23 12:35:00,3745,3745,3745,3745,424
2026-03-23 12:36:00,3745,3750,3730,3745,12030
2026-03-23 12:37:00,3745,3745,3745,3745,892
2026-03-23 12:38:00,3745,3745,3745,3745,599
2026-03-23 12:39:00,3745,3750,3745,3745,344
2026-03-23 12:40:00,3745,3745,3740,3740,1685
2026-03-23 12:41:00,3740,3740,3740,3740,480
2026-03-23 12:42:00,3745,3745,3745,3745,99
2026-03-23 12:43:00,3740,3745,3740,3745,60
2026-03-23 12:45:00,3740,3740,3735,3735,638
2026-03-23 12:46:00,3735,3740,3735,3735,1255
2026-03-23 12:47:00,3730,3730,3725,3725,2154
2026-03-23 12:48:00,3730,3730,3730,3730,31
2026-03-23 12:49:00,3730,3740,3730,3735,398
2026-03-23 12:50:00,3735,3735,3735,3735,125
2026-03-23 12:51:00,3735,3740,3730,3730,4439
2026-03-23 12:52:00,3735,3735,3730,3730,687
2026-03-23 12:53:00,3730,3730,3730,3730,1553
2026-03-23 12:54:00,3730,3730,3725,3725,5469
2026-03-23 12:55:00,3720,3725,3720,3725,494
2026-03-23 12:56:00,3725,3725,3725,3725,46
2026-03-23 12:57:00,3725,3735,3720,3735,6230
2026-03-23 12:58:00,3735,3735,3730,3735,306
2026-03-23 12:59:00,3730,3735,3730,3730,518
2026-03-23 13:00:00,3720,3730,3720,3730,33
2026-03-23 13:01:00,3730,3730,3720,3720,3541
2026-03-23 13:02:00,3720,3720,3715,3715,900
2026-03-23 13:03:00,3715,3725,3715,3720,864
2026-03-23 13:04:00,3715,3725,3715,3725,525
2026-03-23 13:05:00,3725,3725,3715,3715,4164
2026-03-23 13:06:00,3715,3720,3715,3720,862
2026-03-23 13:07:00,3720,3725,3720,3725,1558
2026-03-23 13:08:00,3720,3720,3720,3720,101
2026-03-23 13:09:00,3720,3725,3715,3715,2037
2026-03-23 13:10:00,3715,3725,3715,3725,1373
2026-03-23 13:11:00,3715,3725,3715,3715,896
2026-03-23 13:12:00,3725,3725,3725,3725,3292
2026-03-23 13:13:00,3725,3725,3715,3720,531
2026-03-23 13:14:00,3720,3720,3720,3720,626
2026-03-23 13:15:00,3725,3725,3725,3725,3
2026-03-23 13:16:00,3720,3720,3705,3720,16869
2026-03-23 13:17:00,3710,3725,3705,3715,165
2026-03-23 13:18:00,3725,3725,3715,3725,1156
2026-03-23 13:19:00,3715,3715,3715,3715,563
2026-03-23 13:20:00,3715,3735,3715,3735,5971
2026-03-23 13:21:00,3735,3755,3735,3755,1773
2026-03-23 13:22:00,3755,3755,3740,3740,459
2026-03-23 13:23:00,3745,3755,3745,3745,455
2026-03-23 13:24:00,3745,3745,3740,3740,359
2026-03-23 13:26:00,3745,3745,3735,3735,741
2026-03-23 13:27:00,3735,3735,3735,3735,390
2026-03-23 13:28:00,3730,3735,3730,3735,287
2026-03-23 13:30:00,3740,3740,3730,3730,362
2026-03-23 13:31:00,3730,3730,3725,3725,466
2026-03-23 13:33:00,3725,3725,3725,3725,32
2026-03-23 13:34:00,3730,3745,3700,3715,8921
2026-03-23 13:35:00,3715,3740,3715,3740,25
2026-03-23 13:36:00,3740,3740,3732,3735,41
2026-03-23 13:37:00,3735,3735,3730,3730,75
2026-03-23 13:38:00,3735,3735,3735,3735,103
2026-03-23 13:39:00,3730,3730,3720,3720,100
2026-03-23 13:40:00,3720,3735,3720,3735,712
2026-03-23 13:41:00,3720,3720,3720,3720,570
2026-03-23 13:42:00,3735,3735,3735,3735,272
2026-03-23 13:43:00,3725,3735,3720,3735,1172
2026-03-23 13:44:00,3740,3740,3730,3730,158
2026-03-23 13:45:00,3730,3730,3700,3720,15407
2026-03-23 13:46:00,3720,3725,3700,3715,3411
2026-03-23 13:47:00,3715,3715,3705,3715,2382
2026-03-23 13:48:00,3715,3725,3700,3725,1649
2026-03-23 13:49:00,3720,3720,3720,3720,114
2026-03-23 13:50:00,3720,3720,3715,3720,656
2026-03-23 13:51:00,3715,3720,3715,3720,986
2026-03-23 13:52:00,3715,3715,3715,3715,630
2026-03-23 13:53:00,3720,3720,3705,3705,2822
2026-03-23 13:54:00,3715,3720,3715,3720,241
2026-03-23 13:55:00,3720,3720,3720,3720,100
2026-03-23 13:56:00,3705,3720,3705,3715,1347
2026-03-23 13:57:00,3715,3715,3715,3715,17
2026-03-23 13:58:00,3710,3715,3705,3715,741
2026-03-23 13:59:00,3715,3715,3710,3715,678
2026-03-23 14:00:00,3720,3720,3715,3715,51
2026-03-23 14:01:00,3720,3725,3715,3725,5764
2026-03-23 14:02:00,3725,3725,3725,3725,948
2026-03-23 14:03:00,3730,3730,3730,3730,917
2026-03-23 14:04:00,3730,3740,3725,3740,473
2026-03-23 14:05:00,3740,3740,3730,3740,1014
2026-03-23 14:06:00,3735,3735,3720,3720,3487
2026-03-23 14:07:00,3735,3735,3730,3730,862
2026-03-23 14:08:00,3730,3730,3730,3730,859
2026-03-23 14:09:00,3730,3730,3730,3730,381
2026-03-23 14:10:00,3720,3735,3720,3730,4447
2026-03-23 14:11:00,3730,3730,3730,3730,104
2026-03-23 14:12:00,3725,3725,3715,3715,1947
2026-03-23 14:13:00,3725,3725,3715,3725,1474
2026-03-23 14:14:00,3725,3730,3710,3710,947
2026-03-23 14:15:00,3725,3730,3710,3730,2621
2026-03-23 14:16:00,3720,3720,3705,3715,2402
2026-03-23 14:17:00,3715,3720,3715,3720,936
2026-03-23 14:18:00,3720,3725,3720,3720,412
2026-03-23 14:19:00,3720,3720,3720,3720,376
2026-03-23 14:20:00,3720,3725,3720,3720,327
2026-03-23 14:21:00,3725,3725,3700,3700,2738
2026-03-23 14:22:00,3720,3720,3720,3720,21
2026-03-23 14:23:00,3715,3715,3710,3710,3
2026-03-23 14:24:00,3705,3705,3700,3700,3459
2026-03-23 14:25:00,3700,3705,3700,3700,4000
2026-03-23 14:26:00,3705,3720,3695,3695,4032
2026-03-23 14:27:00,3695,3720,3695,3710,1132
2026-03-23 14:28:00,3720,3720,3720,3720,10
2026-03-23 14:29:00,3720,3720,3700,3700,1477
2026-03-23 14:30:00,3705,3705,3705,3705,103
2026-03-23 14:31:00,3705,3710,3695,3695,12800
2026-03-23 14:32:00,3695,3715,3695,3715,4356
2026-03-23 14:33:00,3705,3720,3690,3705,5222
2026-03-23 14:34:00,3705,3715,3695,3715,243
2026-03-23 14:35:00,3715,3715,3715,3715,96
2026-03-23 14:36:00,3715,3715,3700,3700,71
2026-03-23 14:37:00,3710,3720,3710,3720,3986
2026-03-23 14:38:00,3720,3720,3715,3720,105
2026-03-23 14:39:00,3710,3710,3705,3705,355
2026-03-23 14:40:00,3700,3720,3700,3720,1426
2026-03-23 14:41:00,3720,3720,3700,3705,305
2026-03-23 14:42:00,3705,3705,3705,3705,2
2026-03-23 14:43:00,3705,3705,3700,3700,1117
2026-03-23 14:44:00,3700,3720,3700,3700,2381
2026-03-23 14:45:00,3700,3700,3695,3700,6568
2026-03-23 14:46:00,3700,3700,3690,3700,3482
2026-03-23 14:47:00,3690,3700,3687,3690,3214
2026-03-23 14:48:00,3690,3715,3685,3695,3334
2026-03-23 14:49:00,3695,3695,3690,3690,207
2026-03-23 14:50:00,3695,3705,3685,3685,3535
2026-03-23 14:51:00,3690,3695,3690,3695,10214
2026-03-23 14:52:00,3710,3715,3705,3705,146
2026-03-23 14:53:00,3705,3705,3690,3690,1429
2026-03-23 14:54:00,3700,3710,3685,3690,3540
2026-03-23 14:55:00,3700,3700,3685,3700,2024
2026-03-23 14:56:00,3700,3700,3680,3700,1912
2026-03-23 14:57:00,3700,3710,3700,3710,1222
2026-03-23 14:58:00,3710,3710,3700,3705,225
2026-03-23 14:59:00,3700,3700,3670,3700,16936
2026-03-23 15:00:00,3700,3710,3700,3700,1593
2026-03-23 15:01:00,3705,3715,3705,3715,7910
2026-03-23 15:02:00,3715,3715,3710,3710,906
2026-03-23 15:03:00,3710,3710,3700,3705,2056
2026-03-23 15:04:00,3705,3705,3700,3705,1525
2026-03-23 15:05:00,3705,3705,3700,3700,3734
2026-03-23 15:06:00,3700,3700,3690,3690,2350
2026-03-23 15:07:00,3700,3700,3700,3700,539
2026-03-23 15:08:00,3700,3700,3690,3690,470
2026-03-23 15:09:00,3690,3700,3690,3690,1204
2026-03-23 15:10:00,3690,3690,3690,3690,1893
2026-03-23 15:11:00,3690,3700,3690,3700,2997
2026-03-23 15:12:00,3690,3700,3680,3700,9321
2026-03-23 15:13:00,3695,3695,3695,3695,25
2026-03-23 15:14:00,3695,3695,3690,3690,447
2026-03-23 15:15:00,3690,3695,3690,3690,191
2026-03-23 15:16:00,3685,3695,3670,3695,6472
2026-03-23 15:17:00,3670,3695,3670,3685,1079
2026-03-23 15:18:00,3685,3695,3680,3685,4219
2026-03-23 15:19:00,3685,3695,3680,3695,3333
2026-03-23 15:30:00,3700,3700,3700,3700,10744
2026-03-23 15:35:00,3700,3700,3700,3700,1053
2026-03-24 09:00:00,3825,3840,3820,3830,15631
2026-03-24 09:01:00,3820,3845,3815,3830,9005
2026-03-24 09:02:00,3825,3827,3805,3805,6285
2026-03-24 09:03:00,3810,3810,3800,3805,6512
2026-03-24 09:04:00,3805,3830,3800,3810,15144
2026-03-24 09:05:00,3810,3830,3810,3820,7825
2026-03-24 09:06:00,3815,3820,3800,3810,6355
2026-03-24 09:07:00,3810,3810,3805,3810,1073
2026-03-24 09:08:00,3805,3805,3795,3805,4427
2026-03-24 09:09:00,3807,3810,3800,3800,5128
2026-03-24 09:10:00,3815,3850,3805,3840,16878
2026-03-24 09:11:00,3840,3880,3840,3865,18839
2026-03-24 09:12:00,3875,3880,3800,3835,15337
2026-03-24 09:13:00,3835,3850,3830,3830,3037
2026-03-24 09:14:00,3830,3830,3815,3815,5290
2026-03-24 09:15:00,3820,3820,3805,3805,4657
2026-03-24 09:16:00,3810,3810,3795,3795,3972
2026-03-24 09:17:00,3795,3795,3785,3785,12660
2026-03-24 09:18:00,3785,3790,3775,3780,4572
2026-03-24 09:19:00,3780,3780,3755,3765,8799
2026-03-24 09:20:00,3760,3770,3755,3770,1219
2026-03-24 09:21:00,3770,3785,3770,3770,1437
2026-03-24 09:22:00,3775,3785,3770,3785,1045
2026-03-24 09:23:00,3780,3780,3765,3765,4336
2026-03-24 09:24:00,3765,3775,3765,3775,561
2026-03-24 09:25:00,3775,3775,3760,3770,6744
2026-03-24 09:26:00,3760,3770,3760,3760,5341
2026-03-24 09:27:00,3765,3770,3755,3770,4251
2026-03-24 09:28:00,3775,3775,3765,3765,178
2026-03-24 09:29:00,3770,3770,3765,3770,2078
2026-03-24 09:30:00,3765,3770,3765,3770,3294
2026-03-24 09:31:00,3770,3770,3755,3755,3103
2026-03-24 09:32:00,3760,3760,3755,3755,1204
2026-03-24 09:33:00,3760,3770,3760,3770,5981
2026-03-24 09:34:00,3770,3775,3760,3775,1491
2026-03-24 09:35:00,3770,3770,3760,3760,3109
2026-03-24 09:36:00,3760,3760,3760,3760,862
2026-03-24 09:37:00,3765,3770,3765,3765,578
2026-03-24 09:38:00,3770,3770,3765,3770,786
2026-03-24 09:39:00,3765,3765,3755,3755,3185
2026-03-24 09:40:00,3760,3760,3755,3760,5009
2026-03-24 09:41:00,3760,3780,3760,3775,15135
2026-03-24 09:42:00,3775,3775,3760,3765,1171
2026-03-24 09:43:00,3775,3775,3765,3765,94
2026-03-24 09:44:00,3765,3765,3765,3765,3940
2026-03-24 09:45:00,3760,3760,3760,3760,5365
2026-03-24 09:46:00,3760,3760,3740,3740,7667
2026-03-24 09:47:00,3735,3775,3735,3775,689
2026-03-24 09:48:00,3765,3767,3755,3755,2146
2026-03-24 09:49:00,3757,3757,3755,3755,396
2026-03-24 09:50:00,3750,3750,3745,3745,1199
2026-03-24 09:51:00,3745,3747,3735,3745,2992
2026-03-24 09:52:00,3745,3745,3730,3740,10739
2026-03-24 09:53:00,3735,3745,3725,3735,698
2026-03-24 09:54:00,3735,3735,3730,3730,588
2026-03-24 09:55:00,3735,3735,3720,3720,5714
2026-03-24 09:56:00,3720,3725,3715,3725,909
2026-03-24 09:57:00,3725,3730,3720,3730,2039
2026-03-24 09:58:00,3720,3730,3715,3715,1284
2026-03-24 09:59:00,3725,3725,3720,3720,10482
2026-03-24 10:00:00,3725,3725,3720,3725,153
2026-03-24 10:01:00,3725,3725,3720,3720,2048
2026-03-24 10:02:00,3720,3725,3720,3725,647
2026-03-24 10:03:00,3725,3730,3715,3715,12548
2026-03-24 10:04:00,3715,3730,3715,3725,9743
2026-03-24 10:05:00,3725,3725,3725,3725,1132
2026-03-24 10:06:00,3720,3725,3720,3725,3309
2026-03-24 10:07:00,3725,3725,3725,3725,610
2026-03-24 10:08:00,3720,3720,3710,3715,9092
2026-03-24 10:09:00,3710,3725,3705,3720,7108
2026-03-24 10:10:00,3725,3725,3720,3725,1003
2026-03-24 10:11:00,3720,3725,3720,3725,94
2026-03-24 10:12:00,3720,3720,3710,3710,1905
2026-03-24 10:13:00,3720,3725,3710,3725,3552
2026-03-24 10:14:00,3730,3735,3720,3735,2515
2026-03-24 10:15:00,3740,3745,3740,3745,783
2026-03-24 10:16:00,3740,3740,3720,3720,993
2026-03-24 10:17:00,3740,3745,3735,3745,525
2026-03-24 10:18:00,3745,3745,3720,3740,3407
2026-03-24 10:19:00,3720,3740,3720,3720,1315
2026-03-24 10:20:00,3720,3735,3720,3735,534
2026-03-24 10:21:00,3730,3740,3730,3740,9187
2026-03-24 10:22:00,3745,3760,3745,3755,3552
2026-03-24 10:23:00,3755,3775,3755,3775,2962
2026-03-24 10:24:00,3775,3775,3760,3760,2946
2026-03-24 10:25:00,3760,3770,3750,3770,3288
2026-03-24 10:26:00,3760,3770,3760,3770,1017
2026-03-24 10:27:00,3765,3770,3755,3765,4786
2026-03-24 10:28:00,3770,3770,3770,3770,202
2026-03-24 10:29:00,3770,3770,3755,3755,5880
2026-03-24 10:30:00,3755,3760,3745,3745,4607
2026-03-24 10:31:00,3750,3750,3735,3735,2799
2026-03-24 10:32:00,3735,3735,3725,3735,1336
2026-03-24 10:33:00,3730,3730,3730,3730,22
2026-03-24 10:34:00,3730,3730,3720,3725,1333
2026-03-24 10:35:00,3725,3725,3710,3725,5459
2026-03-24 10:36:00,3715,3725,3715,3725,377
2026-03-24 10:37:00,3725,3725,3725,3725,1801
2026-03-24 10:38:00,3725,3735,3715,3715,1057
2026-03-24 10:39:00,3715,3725,3705,3710,2093
2026-03-24 10:40:00,3715,3715,3705,3705,3956
2026-03-24 10:41:00,3715,3715,3685,3695,16668
2026-03-24 10:42:00,3695,3715,3695,3715,772
2026-03-24 10:43:00,3715,3715,3700,3700,1538
2026-03-24 10:44:00,3710,3710,3705,3710,447
2026-03-24 10:45:00,3705,3705,3690,3695,1900
2026-03-24 10:46:00,3690,3695,3690,3690,1455
2026-03-24 10:47:00,3695,3695,3680,3690,5519
2026-03-24 10:48:00,3685,3690,3670,3675,2267
2026-03-24 10:49:00,3675,3675,3675,3675,10122
2026-03-24 10:50:00,3675,3690,3675,3680,2588
2026-03-24 10:51:00,3680,3690,3675,3675,903
2026-03-24 10:52:00,3680,3680,3665,3680,3590
2026-03-24 10:53:00,3675,3680,3675,3675,2048
2026-03-24 10:54:00,3675,3680,3670,3680,1857
2026-03-24 10:55:00,3680,3680,3670,3680,1891
2026-03-24 10:56:00,3680,3685,3680,3680,4028
2026-03-24 10:57:00,3675,3690,3675,3690,1169
2026-03-24 10:58:00,3690,3690,3675,3690,1395
2026-03-24 10:59:00,3680,3690,3675,3675,1547
2026-03-24 11:00:00,3680,3690,3680,3685,1172
2026-03-24 11:01:00,3685,3695,3685,3695,7828
2026-03-24 11:02:00,3695,3695,3695,3695,3055
2026-03-24 11:03:00,3700,3705,3695,3700,1623
2026-03-24 11:04:00,3700,3700,3690,3690,2243
2026-03-24 11:05:00,3695,3700,3695,3695,3125
2026-03-24 11:06:00,3700,3710,3690,3710,2969
2026-03-24 11:07:00,3705,3710,3705,3705,355
2026-03-24 11:08:00,3705,3710,3700,3700,5366
2026-03-24 11:09:00,3705,3710,3705,3710,122
2026-03-24 11:10:00,3705,3710,3700,3700,1584
2026-03-24 11:11:00,3710,3710,3670,3690,3949
2026-03-24 11:12:00,3690,3690,3660,3660,1626
2026-03-24 11:13:00,3670,3680,3665,3680,720
2026-03-24 11:14:00,3665,3680,3660,3660,745
2026-03-24 11:15:00,3660,3665,3660,3665,1493
2026-03-24 11:16:00,3665,3670,3665,3665,446
2026-03-24 11:17:00,3670,3670,3662,3670,2923
2026-03-24 11:18:00,3680,3680,3660,3665,2003
2026-03-24 11:19:00,3680,3685,3675,3685,2569
2026-03-24 11:20:00,3695,3710,3695,3710,676
2026-03-24 11:21:00,3705,3705,3705,3705,191
2026-03-24 11:22:00,3705,3705,3705,3705,99
2026-03-24 11:24:00,3705,3705,3705,3705,418
2026-03-24 11:25:00,3710,3720,3710,3720,1112
2026-03-24 11:26:00,3720,3720,3715,3720,353
2026-03-24 11:27:00,3720,3720,3720,3720,360
2026-03-24 11:28:00,3715,3715,3715,3715,20
2026-03-24 11:29:00,3715,3720,3715,3720,749
2026-03-24 11:30:00,3720,3725,3720,3725,673
2026-03-24 11:31:00,3725,3725,3710,3710,399
2026-03-24 11:32:00,3705,3710,3705,3710,8011
2026-03-24 11:33:00,3710,3710,3700,3700,710
2026-03-24 11:34:00,3700,3700,3700,3700,135
2026-03-24 11:35:00,3705,3705,3700,3700,108
2026-03-24 11:36:00,3705,3710,3700,3710,59
2026-03-24 11:37:00,3710,3710,3705,3705,326
2026-03-24 11:38:00,3705,3705,3700,3705,34
2026-03-24 11:39:00,3700,3705,3700,3705,852
2026-03-24 11:40:00,3695,3705,3685,3705,202
2026-03-24 11:41:00,3690,3690,3680,3680,818
2026-03-24 11:42:00,3695,3700,3675,3700,2358
2026-03-24 11:43:00,3700,3700,3680,3700,1391
2026-03-24 11:44:00,3690,3690,3690,3690,20
2026-03-24 11:45:00,3690,3700,3690,3700,222
2026-03-24 11:46:00,3700,3700,3700,3700,28
2026-03-24 11:47:00,3700,3700,3675,3675,626
2026-03-24 11:48:00,3680,3690,3680,3690,2665
2026-03-24 11:49:00,3690,3700,3690,3700,420
2026-03-24 11:50:00,3690,3690,3675,3675,1221
2026-03-24 11:51:00,3675,3675,3675,3675,1478
2026-03-24 11:52:00,3680,3685,3670,3670,8801
2026-03-24 11:53:00,3685,3685,3685,3685,343
2026-03-24 11:54:00,3685,3690,3685,3685,732
2026-03-24 11:55:00,3685,3685,3660,3680,10321
2026-03-24 11:56:00,3680,3685,3670,3670,401
2026-03-24 11:57:00,3685,3685,3685,3685,10
2026-03-24 11:58:00,3680,3680,3680,3680,29
2026-03-24 11:59:00,3680,3685,3680,3685,1037
2026-03-24 12:00:00,3682,3682,3680,3680,30
2026-03-24 12:01:00,3675,3680,3675,3680,511
2026-03-24 12:03:00,3680,3680,3680,3680,261
2026-03-24 12:04:00,3675,3675,3675,3675,368
2026-03-24 12:05:00,3670,3675,3670,3675,334
2026-03-24 12:06:00,3675,3675,3675,3675,100
2026-03-24 12:07:00,3675,3680,3675,3680,44
2026-03-24 12:08:00,3680,3680,3680,3680,19
2026-03-24 12:09:00,3680,3680,3675,3675,87
2026-03-24 12:10:00,3675,3675,3675,3675,115
2026-03-24 12:11:00,3680,3680,3675,3680,62
2026-03-24 12:12:00,3680,3680,3675,3675,540
2026-03-24 12:13:00,3680,3680,3680,3680,787
2026-03-24 12:14:00,3680,3680,3680,3680,111
2026-03-24 12:15:00,3680,3685,3675,3685,527
2026-03-24 12:16:00,3675,3675,3675,3675,1278
2026-03-24 12:17:00,3675,3675,3675,3675,432
2026-03-24 12:18:00,3675,3675,3675,3675,13
2026-03-24 12:19:00,3675,3685,3675,3675,1207
2026-03-24 12:20:00,3675,3675,3675,3675,734
2026-03-24 12:21:00,3675,3675,3675,3675,78
2026-03-24 12:22:00,3675,3675,3675,3675,138
2026-03-24 12:23:00,3675,3675,3675,3675,10
2026-03-24 12:24:00,3675,3675,3670,3670,434
2026-03-24 12:25:00,3670,3670,3670,3670,1009
2026-03-24 12:26:00,3670,3670,3670,3670,39
2026-03-24 12:27:00,3670,3670,3670,3670,1026
2026-03-24 12:28:00,3670,3670,3670,3670,201
2026-03-24 12:29:00,3670,3685,3670,3685,485
2026-03-24 12:30:00,3685,3690,3685,3690,2992
2026-03-24 12:31:00,3690,3695,3690,3695,294
2026-03-24 12:32:00,3695,3700,3685,3685,5951
2026-03-24 12:33:00,3690,3690,3665,3690,1347
2026-03-24 12:34:00,3680,3680,3680,3680,250
2026-03-24 12:35:00,3680,3680,3680,3680,10
2026-03-24 12:36:00,3680,3680,3680,3680,66
2026-03-24 12:38:00,3680,3680,3670,3680,207
2026-03-24 12:39:00,3680,3695,3680,3695,1277
2026-03-24 12:40:00,3695,3695,3695,3695,63
2026-03-24 12:41:00,3695,3695,3695,3695,38
2026-03-24 12:42:00,3695,3695,3685,3685,921
2026-03-24 12:43:00,3695,3695,3695,3695,114
2026-03-24 12:44:00,3695,3695,3690,3690,314
2026-03-24 12:45:00,3690,3690,3690,3690,16
2026-03-24 12:46:00,3690,3690,3685,3685,335
2026-03-24 12:47:00,3690,3690,3685,3685,281
2026-03-24 12:48:00,3685,3685,3685,3685,17
2026-03-24 12:49:00,3685,3685,3685,3685,111
2026-03-24 12:50:00,3680,3680,3680,3680,100
2026-03-24 12:51:00,3690,3690,3675,3690,2707
2026-03-24 12:52:00,3685,3685,3685,3685,13
2026-03-24 12:53:00,3687,3687,3687,3687,11
2026-03-24 12:54:00,3685,3685,3682,3682,287
2026-03-24 12:55:00,3682,3685,3665,3670,2529
2026-03-24 12:56:00,3677,3677,3677,3677,44
2026-03-24 12:57:00,3680,3680,3675,3675,309
2026-03-24 12:58:00,3685,3685,3685,3685,21
2026-03-24 12:59:00,3680,3690,3680,3690,320
2026-03-24 13:00:00,3685,3685,3685,3685,250
2026-03-24 13:01:00,3685,3690,3685,3690,105
2026-03-24 13:02:00,3690,3690,3690,3690,62
2026-03-24 13:03:00,3690,3695,3680,3680,683
2026-03-24 13:04:00,3690,3690,3690,3690,309
2026-03-24 13:05:00,3690,3690,3690,3690,1
2026-03-24 13:06:00,3690,3690,3690,3690,436
2026-03-24 13:07:00,3690,3695,3690,3690,152
2026-03-24 13:08:00,3695,3695,3690,3690,1466
2026-03-24 13:09:00,3690,3695,3690,3695,220
2026-03-24 13:10:00,3695,3700,3690,3695,4335
2026-03-24 13:11:00,3705,3705,3705,3705,24
2026-03-24 13:12:00,3695,3695,3690,3690,248
2026-03-24 13:13:00,3690,3705,3690,3705,95
2026-03-24 13:14:00,3705,3705,3705,3705,20
2026-03-24 13:15:00,3705,3705,3705,3705,55
2026-03-24 13:16:00,3705,3705,3700,3700,1315
2026-03-24 13:17:00,3700,3700,3695,3695,4
2026-03-24 13:18:00,3695,3695,3690,3690,577
2026-03-24 13:19:00,3695,3695,3695,3695,23
2026-03-24 13:20:00,3695,3700,3695,3700,429
2026-03-24 13:22:00,3695,3695,3685,3690,10406
2026-03-24 13:23:00,3690,3690,3675,3675,3905
2026-03-24 13:24:00,3695,3695,3695,3695,70
2026-03-24 13:25:00,3695,3695,3695,3695,65
2026-03-24 13:26:00,3695,3695,3695,3695,1100
2026-03-24 13:27:00,3695,3695,3695,3695,304
2026-03-24 13:30:00,3690,3690,3690,3690,20
2026-03-24 13:31:00,3690,3690,3690,3690,514
2026-03-24 13:32:00,3690,3690,3690,3690,20
2026-03-24 13:33:00,3680,3690,3680,3690,1803
2026-03-24 13:34:00,3690,3690,3690,3690,200
2026-03-24 13:36:00,3690,3690,3680,3690,100
2026-03-24 13:37:00,3690,3690,3685,3685,572
2026-03-24 13:38:00,3680,3690,3680,3680,752
2026-03-24 13:39:00,3680,3680,3675,3675,2000
2026-03-24 13:40:00,3675,3690,3675,3690,2
2026-03-24 13:41:00,3690,3700,3690,3700,3257
2026-03-24 13:42:00,3692,3700,3692,3700,4
2026-03-24 13:44:00,3700,3700,3700,3700,177
2026-03-24 13:45:00,3690,3690,3690,3690,270
2026-03-24 13:46:00,3695,3695,3695,3695,12
2026-03-24 13:47:00,3690,3690,3685,3690,405
2026-03-24 13:48:00,3695,3695,3690,3690,17
2026-03-24 13:50:00,3695,3695,3695,3695,310
2026-03-24 13:51:00,3690,3690,3690,3690,884
2026-03-24 13:52:00,3690,3690,3690,3690,728
2026-03-24 13:53:00,3690,3695,3690,3695,107
2026-03-24 13:54:00,3690,3690,3685,3690,650
2026-03-24 13:55:00,3690,3695,3685,3685,736
2026-03-24 13:56:00,3685,3685,3685,3685,6
2026-03-24 13:57:00,3685,3685,3685,3685,49
2026-03-24 13:58:00,3695,3695,3695,3695,1
2026-03-24 13:59:00,3695,3695,3695,3695,104
2026-03-24 14:00:00,3695,3695,3695,3695,20
2026-03-24 14:01:00,3695,3695,3685,3695,4597
2026-03-24 14:02:00,3695,3695,3685,3685,3421
2026-03-24 14:03:00,3685,3685,3680,3685,547
2026-03-24 14:04:00,3685,3685,3680,3680,201
2026-03-24 14:05:00,3680,3690,3680,3690,1011
2026-03-24 14:06:00,3690,3690,3685,3685,1037
2026-03-24 14:08:00,3685,3690,3685,3685,140
2026-03-24 14:09:00,3685,3685,3680,3680,81
2026-03-24 14:10:00,3680,3680,3675,3680,5005
2026-03-24 14:11:00,3680,3685,3680,3685,300
2026-03-24 14:12:00,3680,3680,3675,3675,253
2026-03-24 14:13:00,3675,3680,3675,3680,771
2026-03-24 14:14:00,3680,3680,3680,3680,584
2026-03-24 14:15:00,3680,3680,3675,3675,447
2026-03-24 14:16:00,3680,3680,3680,3680,744
2026-03-24 14:17:00,3680,3680,3680,3680,7746
2026-03-24 14:18:00,3685,3690,3685,3690,1820
2026-03-24 14:19:00,3690,3690,3690,3690,692
2026-03-24 14:20:00,3685,3695,3685,3695,1205
2026-03-24 14:21:00,3685,3685,3685,3685,1
2026-03-24 14:22:00,3695,3695,3685,3685,51
2026-03-24 14:24:00,3685,3685,3685,3685,585
2026-03-24 14:25:00,3685,3695,3685,3685,321
2026-03-24 14:26:00,3695,3695,3695,3695,951
2026-03-24 14:27:00,3695,3695,3685,3685,132
2026-03-24 14:28:00,3680,3685,3680,3685,133
2026-03-24 14:29:00,3685,3685,3680,3680,2997
2026-03-24 14:30:00,3680,3685,3680,3685,13
2026-03-24 14:31:00,3680,3685,3680,3685,301
2026-03-24 14:32:00,3680,3680,3680,3680,1843
2026-03-24 14:33:00,3680,3680,3680,3680,58
2026-03-24 14:34:00,3680,3685,3680,3680,78
2026-03-24 14:35:00,3685,3685,3680,3680,109
2026-03-24 14:36:00,3680,3680,3675,3675,669
2026-03-24 14:37:00,3675,3675,3675,3675,2
2026-03-24 14:38:00,3675,3675,3675,3675,116
2026-03-24 14:39:00,3675,3680,3675,3680,224
2026-03-24 14:40:00,3680,3680,3680,3680,101
2026-03-24 14:41:00,3680,3685,3680,3685,2529
2026-03-24 14:42:00,3685,3695,3685,3695,1640
2026-03-24 14:43:00,3695,3695,3695,3695,1
2026-03-24 14:44:00,3695,3695,3685,3685,3003
2026-03-24 14:45:00,3695,3700,3680,3700,487
2026-03-24 14:46:00,3700,3700,3700,3700,31
2026-03-24 14:47:00,3695,3705,3695,3705,1261
2026-03-24 14:48:00,3705,3705,3700,3700,1120
2026-03-24 14:49:00,3705,3705,3700,3700,1053
2026-03-24 14:50:00,3700,3700,3700,3700,100
2026-03-24 14:51:00,3700,3705,3700,3700,1299
2026-03-24 14:52:00,3705,3710,3705,3710,3403
2026-03-24 14:53:00,3710,3710,3710,3710,2
2026-03-24 14:54:00,3715,3720,3710,3720,382
2026-03-24 14:55:00,3715,3715,3715,3715,1500
2026-03-24 14:56:00,3715,3720,3710,3710,1364
2026-03-24 14:57:00,3710,3720,3700,3705,3572
2026-03-24 14:58:00,3705,3705,3705,3705,753
2026-03-24 14:59:00,3705,3705,3705,3705,125
2026-03-24 15:00:00,3705,3705,3705,3705,483
2026-03-24 15:01:00,3705,3715,3705,3715,218
2026-03-24 15:02:00,3715,3715,3710,3710,878
2026-03-24 15:03:00,3715,3715,3715,3715,726
2026-03-24 15:04:00,3720,3720,3720,3720,27
2026-03-24 15:05:00,3720,3720,3715,3715,662
2026-03-24 15:06:00,3715,3715,3715,3715,1000
2026-03-24 15:07:00,3720,3720,3715,3715,1252
2026-03-24 15:08:00,3715,3715,3715,3715,1418
2026-03-24 15:09:00,3715,3715,3710,3710,1049
2026-03-24 15:10:00,3710,3720,3710,3710,1246
2026-03-24 15:11:00,3710,3710,3710,3710,324
2026-03-24 15:12:00,3720,3725,3710,3720,2790
2026-03-24 15:13:00,3710,3710,3705,3705,239
2026-03-24 15:14:00,3710,3715,3705,3705,360
2026-03-24 15:15:00,3715,3720,3715,3715,540
2026-03-24 15:16:00,3710,3715,3710,3710,225
2026-03-24 15:17:00,3705,3715,3705,3705,2386
2026-03-24 15:18:00,3715,3715,3705,3705,142
2026-03-24 15:19:00,3710,3710,3705,3710,991
2026-03-24 15:30:00,3720,3720,3720,3720,6507
2026-03-24 15:35:00,3720,3720,3720,3720,2613
2026-03-25 09:00:00,3700,3730,3650,3730,31932
2026-03-25 09:01:00,3735,3750,3680,3685,12178
2026-03-25 09:02:00,3685,3695,3655,3655,11736
2026-03-25 09:03:00,3675,3675,3650,3660,21145
2026-03-25 09:04:00,3660,3670,3655,3660,16949
2026-03-25 09:05:00,3655,3695,3650,3680,19793
2026-03-25 09:06:00,3695,3695,3645,3645,14035
2026-03-25 09:07:00,3645,3655,3645,3650,10023
2026-03-25 09:08:00,3660,3690,3660,3660,9294
2026-03-25 09:09:00,3665,3665,3650,3650,7006
2026-03-25 09:10:00,3650,3660,3640,3645,15091
2026-03-25 09:11:00,3645,3650,3635,3640,16787
2026-03-25 09:12:00,3645,3645,3625,3625,6357
2026-03-25 09:13:00,3630,3630,3615,3620,16608
2026-03-25 09:14:00,3620,3630,3615,3615,16739
2026-03-25 09:15:00,3620,3635,3610,3620,7521
2026-03-25 09:16:00,3625,3635,3625,3625,680
2026-03-25 09:17:00,3627,3630,3615,3615,5989
2026-03-25 09:18:00,3620,3630,3615,3620,2079
2026-03-25 09:19:00,3625,3630,3620,3630,4946
2026-03-25 09:20:00,3620,3635,3610,3615,18614
2026-03-25 09:21:00,3630,3630,3620,3620,7507
2026-03-25 09:22:00,3620,3620,3615,3615,2203
2026-03-25 09:23:00,3620,3620,3615,3615,3792
2026-03-25 09:24:00,3620,3620,3605,3610,4482
2026-03-25 09:25:00,3605,3610,3560,3570,36648
2026-03-25 09:26:00,3570,3580,3550,3555,34102
2026-03-25 09:27:00,3550,3570,3550,3565,10239
2026-03-25 09:28:00,3565,3580,3535,3535,27903
2026-03-25 09:29:00,3540,3540,3525,3530,20622
2026-03-25 09:30:00,3525,3530,3515,3525,25858
2026-03-25 09:31:00,3525,3555,3525,3545,6820
2026-03-25 09:32:00,3550,3555,3540,3550,5005
2026-03-25 09:33:00,3550,3550,3530,3535,17419
2026-03-25 09:34:00,3535,3540,3530,3530,7178
2026-03-25 09:35:00,3535,3535,3525,3525,25923
2026-03-25 09:36:00,3525,3530,3510,3515,25879
2026-03-25 09:37:00,3515,3520,3505,3505,27357
2026-03-25 09:38:00,3520,3530,3505,3515,29050
2026-03-25 09:39:00,3515,3520,3510,3510,7731
2026-03-25 09:40:00,3515,3515,3505,3505,11311
2026-03-25 09:41:00,3510,3510,3505,3505,22025
2026-03-25 09:42:00,3505,3510,3505,3510,2679
2026-03-25 09:43:00,3510,3510,3505,3510,1774
2026-03-25 09:44:00,3505,3520,3505,3520,8311
2026-03-25 09:45:00,3515,3520,3515,3520,2356
2026-03-25 09:46:00,3520,3520,3510,3510,12840
2026-03-25 09:47:00,3510,3510,3505,3510,4972
2026-03-25 09:48:00,3510,3510,3505,3505,2924
2026-03-25 09:49:00,3505,3525,3505,3525,12429
2026-03-25 09:50:00,3525,3525,3520,3525,2844
2026-03-25 09:51:00,3525,3535,3525,3535,7983
2026-03-25 09:52:00,3530,3535,3520,3525,7355
2026-03-25 09:53:00,3525,3525,3510,3515,3939
2026-03-25 09:54:00,3515,3520,3515,3515,1026
2026-03-25 09:55:00,3515,3525,3510,3515,18736
2026-03-25 09:56:00,3510,3520,3510,3515,2512
2026-03-25 09:57:00,3515,3540,3510,3540,3198
2026-03-25 09:58:00,3540,3540,3525,3540,1124
2026-03-25 09:59:00,3540,3550,3540,3550,2684
2026-03-25 10:00:00,3550,3560,3550,3552,5663
2026-03-25 10:01:00,3555,3560,3540,3545,16166
2026-03-25 10:02:00,3542,3550,3542,3545,3288
2026-03-25 10:03:00,3545,3555,3545,3550,11678
2026-03-25 10:04:00,3550,3560,3550,3560,3038
2026-03-25 10:05:00,3560,3560,3555,3555,7775
2026-03-25 10:06:00,3560,3570,3555,3570,5316
2026-03-25 10:07:00,3565,3570,3560,3565,3919
2026-03-25 10:08:00,3565,3565,3560,3565,3072
2026-03-25 10:09:00,3565,3565,3555,3565,558
2026-03-25 10:10:00,3565,3565,3545,3555,6261
2026-03-25 10:11:00,3560,3565,3560,3560,1760
2026-03-25 10:12:00,3560,3560,3555,3555,378
2026-03-25 10:13:00,3555,3555,3545,3545,6662
2026-03-25 10:14:00,3545,3555,3540,3555,2452
2026-03-25 10:15:00,3550,3560,3550,3555,2743
2026-03-25 10:16:00,3555,3565,3555,3565,3509
2026-03-25 10:17:00,3565,3565,3555,3555,5974
2026-03-25 10:18:00,3555,3565,3555,3560,280
2026-03-25 10:19:00,3560,3565,3555,3565,3775
2026-03-25 10:20:00,3565,3565,3560,3560,2684
2026-03-25 10:21:00,3560,3565,3560,3565,1732
2026-03-25 10:22:00,3565,3570,3560,3570,1299
2026-03-25 10:23:00,3565,3570,3565,3570,1462
2026-03-25 10:24:00,3570,3580,3570,3580,2349
2026-03-25 10:25:00,3580,3585,3575,3580,3253
2026-03-25 10:26:00,3580,3580,3580,3580,1779
2026-03-25 10:27:00,3585,3585,3580,3580,779
2026-03-25 10:28:00,3585,3585,3575,3575,519
2026-03-25 10:29:00,3580,3595,3575,3590,6618
2026-03-25 10:30:00,3590,3600,3585,3590,3956
2026-03-25 10:31:00,3590,3590,3575,3585,15836
2026-03-25 10:32:00,3580,3580,3570,3580,812
2026-03-25 10:33:00,3580,3580,3575,3580,81
2026-03-25 10:34:00,3580,3580,3580,3580,226
2026-03-25 10:35:00,3580,3580,3580,3580,719
2026-03-25 10:36:00,3580,3585,3575,3575,2817
2026-03-25 10:37:00,3580,3580,3575,3580,73
2026-03-25 10:38:00,3580,3585,3580,3580,1194
2026-03-25 10:39:00,3580,3585,3575,3585,1498
2026-03-25 10:40:00,3575,3585,3575,3580,279
2026-03-25 10:41:00,3580,3585,3580,3580,118
2026-03-25 10:42:00,3580,3580,3575,3575,655
2026-03-25 10:43:00,3575,3580,3570,3570,5399
2026-03-25 10:44:00,3565,3570,3555,3570,6214
2026-03-25 10:45:00,3560,3575,3550,3575,4204
2026-03-25 10:46:00,3570,3570,3570,3570,52
2026-03-25 10:47:00,3570,3570,3555,3555,3509
2026-03-25 10:48:00,3555,3560,3555,3560,329
2026-03-25 10:49:00,3560,3560,3545,3545,6654
2026-03-25 10:50:00,3550,3560,3545,3545,15644
2026-03-25 10:51:00,3550,3560,3550,3550,1245
2026-03-25 10:52:00,3550,3550,3540,3540,11046
2026-03-25 10:53:00,3545,3550,3545,3550,3097
2026-03-25 10:54:00,3550,3560,3545,3560,2777
2026-03-25 10:55:00,3560,3560,3555,3555,757
2026-03-25 10:56:00,3555,3560,3550,3550,5898
2026-03-25 10:57:00,3550,3560,3550,3555,3161
2026-03-25 10:58:00,3550,3560,3545,3560,506
2026-03-25 10:59:00,3560,3560,3550,3550,1410
2026-03-25 11:00:00,3550,3560,3550,3560,11827
2026-03-25 11:01:00,3560,3565,3555,3555,6287
2026-03-25 11:02:00,3560,3560,3555,3555,118
2026-03-25 11:03:00,3560,3565,3555,3565,2707
2026-03-25 11:04:00,3560,3565,3560,3565,2290
2026-03-25 11:05:00,3565,3565,3545,3550,10484
2026-03-25 11:06:00,3550,3550,3540,3550,1866
2026-03-25 11:07:00,3550,3550,3540,3550,3767
2026-03-25 11:08:00,3540,3550,3540,3540,4859
2026-03-25 11:09:00,3540,3545,3535,3535,2789
2026-03-25 11:10:00,3540,3545,3540,3545,509
2026-03-25 11:11:00,3545,3550,3535,3550,4879
2026-03-25 11:12:00,3550,3550,3535,3550,2270
2026-03-25 11:13:00,3545,3545,3540,3540,653
2026-03-25 11:14:00,3535,3540,3530,3535,4511
2026-03-25 11:15:00,3535,3540,3535,3540,2699
2026-03-25 11:16:00,3535,3545,3535,3545,2641
2026-03-25 11:17:00,3540,3540,3540,3540,5534
2026-03-25 11:18:00,3540,3545,3520,3525,15561
2026-03-25 11:19:00,3530,3540,3525,3540,2061
2026-03-25 11:20:00,3540,3540,3530,3530,142
2026-03-25 11:21:00,3540,3540,3530,3540,1036
2026-03-25 11:22:00,3540,3540,3530,3535,4303
2026-03-25 11:23:00,3540,3550,3540,3550,2213
2026-03-25 11:24:00,3550,3550,3535,3535,778
2026-03-25 11:25:00,3542,3542,3535,3540,2550
2026-03-25 11:26:00,3550,3550,3540,3550,108
2026-03-25 11:27:00,3545,3545,3535,3535,1466
2026-03-25 11:28:00,3545,3545,3535,3540,804
2026-03-25 11:29:00,3545,3545,3545,3545,4
2026-03-25 11:30:00,3540,3540,3535,3535,282
2026-03-25 11:31:00,3540,3545,3540,3540,434
2026-03-25 11:32:00,3540,3545,3535,3540,494
2026-03-25 11:33:00,3540,3540,3535,3535,4702
2026-03-25 11:34:00,3540,3540,3535,3540,370
2026-03-25 11:35:00,3540,3540,3535,3535,229
2026-03-25 11:37:00,3535,3535,3535,3535,1387
2026-03-25 11:38:00,3535,3535,3535,3535,300
2026-03-25 11:39:00,3540,3540,3540,3540,113
2026-03-25 11:40:00,3540,3540,3535,3535,1997
2026-03-25 11:41:00,3535,3535,3535,3535,456
2026-03-25 11:42:00,3535,3535,3530,3535,1706
2026-03-25 11:43:00,3535,3535,3535,3535,18
2026-03-25 11:44:00,3535,3540,3535,3535,1843
2026-03-25 11:45:00,3535,3535,3535,3535,730
2026-03-25 11:46:00,3540,3540,3535,3535,1884
2026-03-25 11:47:00,3535,3540,3530,3530,2066
2026-03-25 11:48:00,3540,3545,3530,3530,2051
2026-03-25 11:49:00,3535,3535,3535,3535,864
2026-03-25 11:50:00,3530,3530,3525,3525,6044
2026-03-25 11:51:00,3525,3525,3525,3525,5189
2026-03-25 11:52:00,3520,3525,3520,3525,572
2026-03-25 11:53:00,3525,3530,3520,3530,1713
2026-03-25 11:54:00,3520,3525,3520,3525,28
2026-03-25 11:55:00,3525,3525,3520,3520,48
2026-03-25 11:56:00,3520,3520,3520,3520,1271
2026-03-25 11:57:00,3525,3525,3520,3525,2956
2026-03-25 11:58:00,3525,3525,3520,3520,251
2026-03-25 11:59:00,3525,3530,3520,3525,933
2026-03-25 12:00:00,3520,3535,3520,3535,1637
2026-03-25 12:01:00,3535,3535,3525,3525,109
2026-03-25 12:02:00,3530,3530,3520,3520,9362
2026-03-25 12:03:00,3525,3525,3525,3525,1
2026-03-25 12:04:00,3525,3525,3525,3525,16
2026-03-25 12:05:00,3525,3525,3520,3520,1574
2026-03-25 12:06:00,3520,3520,3520,3520,40
2026-03-25 12:07:00,3520,3525,3520,3525,1281
2026-03-25 12:08:00,3520,3525,3520,3525,1502
2026-03-25 12:09:00,3525,3525,3520,3525,4274
2026-03-25 12:10:00,3530,3530,3525,3530,251
2026-03-25 12:11:00,3530,3530,3525,3530,595
2026-03-25 12:12:00,3530,3535,3525,3525,10219
2026-03-25 12:13:00,3535,3535,3525,3525,107
2026-03-25 12:14:00,3530,3530,3530,3530,2
2026-03-25 12:15:00,3530,3530,3520,3520,11726
2026-03-25 12:16:00,3520,3520,3515,3520,2931
2026-03-25 12:17:00,3520,3525,3520,3525,2673
2026-03-25 12:18:00,3520,3525,3520,3525,1915
2026-03-25 12:19:00,3525,3525,3520,3520,551
2026-03-25 12:20:00,3520,3520,3520,3520,150
2026-03-25 12:21:00,3525,3525,3520,3520,6351
2026-03-25 12:22:00,3520,3520,3520,3520,660
2026-03-25 12:23:00,3520,3525,3515,3515,12490
2026-03-25 12:24:00,3520,3530,3520,3530,695
2026-03-25 12:25:00,3530,3530,3525,3525,1354
2026-03-25 12:26:00,3525,3530,3525,3525,571
2026-03-25 12:27:00,3525,3530,3525,3530,500
2026-03-25 12:28:00,3530,3530,3530,3530,215
2026-03-25 12:29:00,3525,3525,3520,3520,8138
2026-03-25 12:30:00,3520,3520,3520,3520,119
2026-03-25 12:31:00,3520,3520,3520,3520,1651
2026-03-25 12:32:00,3520,3525,3520,3525,266
2026-03-25 12:33:00,3525,3530,3525,3525,1574
2026-03-25 12:34:00,3530,3530,3520,3520,1131
2026-03-25 12:35:00,3520,3530,3520,3530,2690
2026-03-25 12:36:00,3530,3530,3525,3525,248
2026-03-25 12:37:00,3525,3535,3525,3535,607
2026-03-25 12:38:00,3535,3535,3535,3535,1
2026-03-25 12:39:00,3535,3535,3525,3525,2510
2026-03-25 12:40:00,3535,3535,3535,3535,6
2026-03-25 12:41:00,3535,3540,3535,3540,1420
2026-03-25 12:42:00,3540,3540,3540,3540,50
2026-03-25 12:43:00,3540,3540,3535,3535,115
2026-03-25 12:44:00,3535,3540,3535,3540,5
2026-03-25 12:45:00,3540,3540,3540,3540,140
2026-03-25 12:46:00,3540,3540,3530,3530,1691
2026-03-25 12:47:00,3530,3535,3530,3535,503
2026-03-25 12:48:00,3535,3535,3535,3535,120
2026-03-25 12:49:00,3535,3535,3530,3535,1543
2026-03-25 12:50:00,3535,3535,3530,3530,14
2026-03-25 12:51:00,3530,3535,3530,3530,74
2026-03-25 12:52:00,3530,3530,3530,3530,413
2026-03-25 12:53:00,3530,3530,3525,3530,1158
2026-03-25 12:54:00,3530,3530,3520,3530,1319
2026-03-25 12:55:00,3520,3530,3520,3530,5827
2026-03-25 12:56:00,3530,3530,3530,3530,50
2026-03-25 12:57:00,3530,3530,3525,3525,145
2026-03-25 12:58:00,3525,3525,3525,3525,160
2026-03-25 12:59:00,3525,3530,3525,3525,1124
2026-03-25 13:00:00,3525,3530,3525,3530,1268
2026-03-25 13:01:00,3525,3530,3525,3530,786
2026-03-25 13:02:00,3530,3530,3530,3530,2
2026-03-25 13:03:00,3530,3530,3530,3530,136
2026-03-25 13:04:00,3530,3530,3525,3525,690
2026-03-25 13:05:00,3525,3525,3520,3525,1596
2026-03-25 13:06:00,3530,3530,3525,3525,494
2026-03-25 13:07:00,3520,3530,3520,3530,3209
2026-03-25 13:08:00,3530,3530,3520,3520,13
2026-03-25 13:09:00,3520,3525,3520,3525,709
2026-03-25 13:10:00,3525,3530,3525,3525,175
2026-03-25 13:11:00,3525,3525,3520,3525,130
2026-03-25 13:12:00,3525,3525,3525,3525,37
2026-03-25 13:13:00,3525,3530,3525,3530,371
2026-03-25 13:14:00,3530,3530,3525,3525,605
2026-03-25 13:15:00,3525,3530,3525,3525,1719
2026-03-25 13:16:00,3525,3530,3520,3530,2067
2026-03-25 13:17:00,3525,3530,3525,3530,3510
2026-03-25 13:18:00,3530,3535,3530,3535,663
2026-03-25 13:19:00,3535,3535,3535,3535,810
2026-03-25 13:20:00,3535,3535,3535,3535,60
2026-03-25 13:21:00,3535,3535,3530,3530,169
2026-03-25 13:22:00,3530,3530,3530,3530,155
2026-03-25 13:23:00,3530,3535,3530,3530,441
2026-03-25 13:24:00,3535,3535,3535,3535,3782
2026-03-25 13:25:00,3535,3535,3530,3530,230
2026-03-25 13:26:00,3535,3535,3535,3535,541
2026-03-25 13:27:00,3535,3535,3535,3535,849
2026-03-25 13:28:00,3535,3535,3535,3535,279
2026-03-25 13:29:00,3535,3540,3530,3530,514
2026-03-25 13:30:00,3540,3540,3535,3535,911
2026-03-25 13:31:00,3540,3540,3535,3535,641
2026-03-25 13:32:00,3540,3540,3540,3540,3063
2026-03-25 13:33:00,3540,3542,3540,3540,149
2026-03-25 13:34:00,3540,3540,3540,3540,1670
2026-03-25 13:35:00,3540,3545,3540,3545,1321
2026-03-25 13:36:00,3545,3545,3545,3545,200
2026-03-25 13:37:00,3545,3545,3540,3540,689
2026-03-25 13:39:00,3535,3540,3535,3535,601
2026-03-25 13:40:00,3535,3535,3535,3535,500
2026-03-25 13:41:00,3535,3535,3525,3525,10000
2026-03-25 13:42:00,3525,3525,3525,3525,7422
2026-03-25 13:43:00,3530,3535,3530,3535,955
2026-03-25 13:44:00,3535,3535,3525,3525,2213
2026-03-25 13:45:00,3525,3525,3525,3525,73
2026-03-25 13:46:00,3535,3540,3535,3540,737
2026-03-25 13:47:00,3540,3540,3530,3535,1064
2026-03-25 13:48:00,3535,3535,3525,3530,2117
2026-03-25 13:49:00,3530,3535,3530,3535,237
2026-03-25 13:50:00,3535,3535,3530,3530,261
2026-03-25 13:51:00,3535,3535,3535,3535,57
2026-03-25 13:52:00,3530,3530,3530,3530,1299
2026-03-25 13:53:00,3530,3535,3530,3535,2255
2026-03-25 13:54:00,3535,3535,3532,3532,1408
2026-03-25 13:55:00,3532,3540,3532,3540,1320
2026-03-25 13:56:00,3540,3540,3540,3540,10
2026-03-25 13:57:00,3540,3540,3535,3535,1051
2026-03-25 13:58:00,3535,3540,3535,3540,410
2026-03-25 13:59:00,3540,3540,3540,3540,675
2026-03-25 14:00:00,3545,3545,3545,3545,1
2026-03-25 14:01:00,3545,3550,3545,3550,1431
2026-03-25 14:02:00,3550,3550,3545,3545,946
2026-03-25 14:03:00,3545,3550,3545,3550,270
2026-03-25 14:04:00,3550,3550,3550,3550,399
2026-03-25 14:05:00,3550,3550,3550,3550,17
2026-03-25 14:06:00,3550,3550,3550,3550,1183
2026-03-25 14:07:00,3550,3550,3550,3550,63
2026-03-25 14:08:00,3545,3545,3540,3545,2054
2026-03-25 14:09:00,3545,3545,3545,3545,2185
2026-03-25 14:10:00,3545,3550,3545,3550,3092
2026-03-25 14:11:00,3550,3550,3545,3545,390
2026-03-25 14:12:00,3545,3545,3545,3545,701
2026-03-25 14:13:00,3545,3550,3545,3550,5
2026-03-25 14:14:00,3547,3547,3545,3545,20
2026-03-25 14:15:00,3545,3550,3545,3550,3977
2026-03-25 14:16:00,3550,3550,3545,3550,368
2026-03-25 14:17:00,3550,3550,3550,3550,902
2026-03-25 14:18:00,3550,3550,3550,3550,11
2026-03-25 14:19:00,3550,3550,3550,3550,473
2026-03-25 14:20:00,3550,3550,3545,3550,1662
2026-03-25 14:21:00,3550,3550,3545,3550,2476
2026-03-25 14:22:00,3545,3550,3545,3550,580
2026-03-25 14:23:00,3550,3550,3545,3545,832
2026-03-25 14:24:00,3550,3550,3545,3545,20
2026-03-25 14:25:00,3545,3550,3545,3550,16
2026-03-25 14:26:00,3550,3550,3550,3550,195
2026-03-25 14:27:00,3550,3550,3545,3545,1820
2026-03-25 14:28:00,3545,3545,3545,3545,20
2026-03-25 14:29:00,3545,3545,3535,3540,2456
2026-03-25 14:30:00,3535,3535,3530,3535,5284
2026-03-25 14:31:00,3535,3535,3530,3535,74
2026-03-25 14:32:00,3535,3535,3530,3530,316
2026-03-25 14:33:00,3535,3535,3530,3535,1251
2026-03-25 14:34:00,3535,3535,3535,3535,57
2026-03-25 14:35:00,3535,3540,3535,3540,256
2026-03-25 14:36:00,3540,3540,3540,3540,282
2026-03-25 14:37:00,3540,3540,3540,3540,169
2026-03-25 14:38:00,3540,3540,3535,3540,217
2026-03-25 14:39:00,3535,3550,3535,3535,5915
2026-03-25 14:40:00,3535,3540,3535,3540,427
2026-03-25 14:41:00,3540,3540,3525,3525,7660
2026-03-25 14:42:00,3530,3530,3530,3530,2989
2026-03-25 14:43:00,3535,3540,3535,3540,102
2026-03-25 14:44:00,3540,3540,3540,3540,2
2026-03-25 14:45:00,3537,3537,3537,3537,1
2026-03-25 14:46:00,3535,3535,3535,3535,572
2026-03-25 14:47:00,3535,3535,3535,3535,71
2026-03-25 14:48:00,3530,3535,3530,3535,2264
2026-03-25 14:49:00,3530,3535,3530,3530,201
2026-03-25 14:50:00,3530,3535,3530,3535,344
2026-03-25 14:51:00,3535,3535,3530,3535,526
2026-03-25 14:52:00,3530,3535,3530,3535,865
2026-03-25 14:53:00,3535,3535,3535,3535,105
2026-03-25 14:54:00,3530,3535,3525,3535,5016
2026-03-25 14:55:00,3535,3535,3525,3525,671
2026-03-25 14:56:00,3530,3535,3530,3530,349
2026-03-25 14:57:00,3530,3535,3530,3535,1104
2026-03-25 14:58:00,3535,3535,3530,3530,6
2026-03-25 14:59:00,3535,3535,3530,3535,1248
2026-03-25 15:00:00,3535,3535,3530,3530,2464
2026-03-25 15:01:00,3530,3535,3530,3535,5757
2026-03-25 15:02:00,3535,3535,3530,3530,1049
2026-03-25 15:03:00,3530,3535,3530,3535,6750
2026-03-25 15:04:00,3535,3535,3525,3525,825
2026-03-25 15:05:00,3530,3530,3525,3530,1152
2026-03-25 15:06:00,3525,3530,3525,3530,5221
2026-03-25 15:07:00,3530,3535,3525,3535,7309
2026-03-25 15:08:00,3535,3540,3535,3540,2610
2026-03-25 15:09:00,3535,3535,3530,3535,1359
2026-03-25 15:10:00,3535,3540,3535,3535,5405
2026-03-25 15:11:00,3535,3535,3535,3535,8170
2026-03-25 15:12:00,3535,3535,3530,3530,4358
2026-03-25 15:13:00,3530,3535,3525,3525,1768
2026-03-25 15:14:00,3530,3530,3530,3530,374
2026-03-25 15:15:00,3530,3530,3525,3525,1273
2026-03-25 15:16:00,3525,3530,3525,3530,5178
2026-03-25 15:17:00,3525,3535,3525,3535,5674
2026-03-25 15:18:00,3525,3540,3525,3540,1414
2026-03-25 15:19:00,3535,3540,3525,3535,4583
2026-03-25 15:30:00,3535,3535,3535,3535,14548
2026-03-25 15:35:00,3535,3535,3535,3535,3212
2026-03-26 09:00:00,3525,3560,3500,3500,19305
2026-03-26 09:01:00,3500,3500,3470,3470,9006
2026-03-26 09:02:00,3470,3485,3460,3485,17270
2026-03-26 09:03:00,3485,3485,3465,3480,12925
2026-03-26 09:04:00,3480,3490,3475,3485,10830
2026-03-26 09:05:00,3480,3510,3480,3495,19905
2026-03-26 09:06:00,3495,3505,3490,3505,13696
2026-03-26 09:07:00,3500,3500,3490,3500,2831
2026-03-26 09:08:00,3495,3500,3485,3490,7890
2026-03-26 09:09:00,3490,3505,3490,3500,7871
2026-03-26 09:10:00,3500,3505,3490,3490,4549
2026-03-26 09:11:00,3485,3500,3470,3500,9757
2026-03-26 09:12:00,3485,3495,3485,3495,6713
2026-03-26 09:13:00,3495,3495,3490,3495,1053
2026-03-26 09:14:00,3495,3495,3485,3495,22168
2026-03-26 09:15:00,3495,3510,3495,3510,11046
2026-03-26 09:16:00,3510,3510,3500,3500,2513
2026-03-26 09:17:00,3505,3505,3505,3505,171
2026-03-26 09:18:00,3510,3515,3510,3515,1471
2026-03-26 09:19:00,3515,3520,3515,3520,6622
2026-03-26 09:20:00,3520,3535,3520,3530,6208
2026-03-26 09:21:00,3535,3535,3535,3535,1286
2026-03-26 09:22:00,3535,3540,3510,3510,9094
2026-03-26 09:23:00,3510,3520,3510,3520,312
2026-03-26 09:24:00,3520,3525,3515,3525,595
2026-03-26 09:25:00,3525,3525,3515,3525,434
2026-03-26 09:26:00,3525,3535,3520,3535,5001
2026-03-26 09:27:00,3535,3540,3525,3525,1237
2026-03-26 09:28:00,3530,3530,3525,3530,493
2026-03-26 09:29:00,3525,3525,3515,3520,2057
2026-03-26 09:30:00,3520,3525,3515,3525,2688
2026-03-26 09:31:00,3525,3525,3515,3515,56
2026-03-26 09:32:00,3525,3525,3515,3515,1452
2026-03-26 09:33:00,3510,3520,3510,3520,321
2026-03-26 09:34:00,3520,3520,3515,3520,1003
2026-03-26 09:35:00,3520,3525,3520,3525,377
2026-03-26 09:36:00,3525,3525,3515,3515,916
2026-03-26 09:37:00,3515,3520,3515,3515,765
2026-03-26 09:38:00,3515,3520,3515,3520,487
2026-03-26 09:39:00,3520,3525,3520,3525,69
2026-03-26 09:40:00,3520,3540,3520,3535,8405
2026-03-26 09:41:00,3540,3555,3540,3555,6265
2026-03-26 09:42:00,3555,3575,3555,3570,7871
2026-03-26 09:43:00,3575,3575,3570,3575,2365
2026-03-26 09:44:00,3570,3570,3560,3560,2677
2026-03-26 09:45:00,3565,3565,3555,3555,3359
2026-03-26 09:46:00,3550,3555,3550,3550,4432
2026-03-26 09:47:00,3550,3555,3550,3550,1685
2026-03-26 09:48:00,3555,3555,3550,3552,952
2026-03-26 09:49:00,3550,3565,3550,3560,5139
2026-03-26 09:50:00,3560,3560,3555,3560,1927
2026-03-26 09:51:00,3560,3560,3550,3550,1120
2026-03-26 09:52:00,3550,3565,3550,3565,9206
2026-03-26 09:53:00,3560,3565,3560,3560,4389
2026-03-26 09:54:00,3555,3565,3550,3565,1481
2026-03-26 09:55:00,3565,3565,3555,3565,2395
2026-03-26 09:56:00,3565,3565,3555,3560,1632
2026-03-26 09:57:00,3560,3560,3555,3555,1923
2026-03-26 09:58:00,3555,3560,3555,3560,926
2026-03-26 09:59:00,3560,3560,3555,3555,379
2026-03-26 10:00:00,3560,3560,3555,3555,1392
2026-03-26 10:01:00,3555,3555,3550,3550,3802
2026-03-26 10:02:00,3550,3550,3540,3540,2175
2026-03-26 10:03:00,3540,3545,3540,3545,604
2026-03-26 10:04:00,3540,3545,3540,3545,266
2026-03-26 10:05:00,3545,3545,3540,3540,898
2026-03-26 10:06:00,3545,3545,3540,3545,579
2026-03-26 10:07:00,3540,3545,3540,3545,309
2026-03-26 10:08:00,3545,3545,3545,3545,306
2026-03-26 10:09:00,3545,3555,3540,3555,25199
2026-03-26 10:10:00,3555,3560,3555,3560,3620
2026-03-26 10:11:00,3560,3560,3555,3560,2938
2026-03-26 10:12:00,3555,3560,3550,3555,2248
2026-03-26 10:13:00,3555,3555,3555,3555,204
2026-03-26 10:14:00,3555,3555,3550,3550,1086
2026-03-26 10:15:00,3550,3555,3550,3555,1312
2026-03-26 10:16:00,3555,3555,3540,3550,7051
2026-03-26 10:17:00,3545,3545,3535,3540,1509
2026-03-26 10:18:00,3545,3545,3540,3540,746
2026-03-26 10:19:00,3545,3545,3540,3545,1054
2026-03-26 10:20:00,3540,3545,3540,3545,2170
2026-03-26 10:21:00,3545,3545,3545,3545,20
2026-03-26 10:22:00,3545,3545,3540,3540,1188
2026-03-26 10:23:00,3540,3540,3540,3540,327
2026-03-26 10:24:00,3540,3545,3540,3545,719
2026-03-26 10:25:00,3545,3545,3535,3535,1251
2026-03-26 10:26:00,3535,3545,3535,3545,147
2026-03-26 10:27:00,3545,3545,3540,3540,117
2026-03-26 10:28:00,3545,3545,3540,3545,21
2026-03-26 10:29:00,3545,3550,3545,3545,3124
2026-03-26 10:30:00,3545,3545,3540,3545,191
2026-03-26 10:31:00,3545,3545,3545,3545,1477
2026-03-26 10:32:00,3545,3545,3545,3545,451
2026-03-26 10:33:00,3540,3540,3540,3540,5
2026-03-26 10:34:00,3545,3545,3540,3540,1423
2026-03-26 10:35:00,3540,3540,3540,3540,167
2026-03-26 10:36:00,3540,3545,3540,3540,68
2026-03-26 10:37:00,3535,3535,3535,3535,120
2026-03-26 10:38:00,3540,3540,3535,3535,869
2026-03-26 10:39:00,3540,3545,3540,3540,387
2026-03-26 10:40:00,3540,3545,3540,3545,790
2026-03-26 10:41:00,3545,3545,3545,3545,6
2026-03-26 10:42:00,3545,3550,3545,3550,2770
2026-03-26 10:43:00,3550,3550,3550,3550,30
2026-03-26 10:44:00,3550,3555,3550,3555,2031
2026-03-26 10:45:00,3555,3555,3550,3555,4787
2026-03-26 10:46:00,3555,3555,3550,3550,66
2026-03-26 10:47:00,3550,3555,3550,3550,190
2026-03-26 10:48:00,3555,3555,3550,3555,1193
2026-03-26 10:49:00,3555,3555,3545,3545,5398
2026-03-26 10:50:00,3550,3555,3550,3555,326
2026-03-26 10:52:00,3550,3555,3550,3555,52
2026-03-26 10:53:00,3555,3555,3545,3545,1066
2026-03-26 10:54:00,3545,3550,3535,3545,5614
2026-03-26 10:55:00,3540,3545,3540,3540,103
2026-03-26 10:56:00,3535,3545,3535,3540,822
2026-03-26 10:57:00,3545,3545,3530,3540,1278
2026-03-26 10:58:00,3540,3540,3540,3540,305
2026-03-26 10:59:00,3540,3540,3535,3535,721
2026-03-26 11:00:00,3535,3545,3530,3530,6750
2026-03-26 11:01:00,3535,3545,3535,3545,1637
2026-03-26 11:02:00,3545,3545,3545,3545,3
2026-03-26 11:03:00,3545,3545,3540,3540,39
2026-03-26 11:04:00,3540,3540,3540,3540,894
2026-03-26 11:05:00,3540,3540,3540,3540,2
2026-03-26 11:06:00,3540,3540,3540,3540,102
2026-03-26 11:07:00,3535,3535,3530,3530,3109
2026-03-26 11:08:00,3530,3535,3530,3535,2186
2026-03-26 11:09:00,3535,3535,3530,3530,3189
2026-03-26 11:10:00,3535,3535,3530,3530,367
2026-03-26 11:11:00,3530,3530,3525,3525,1834
2026-03-26 11:12:00,3520,3530,3520,3530,1197
2026-03-26 11:13:00,3530,3530,3525,3525,22
2026-03-26 11:14:00,3525,3530,3525,3530,310
2026-03-26 11:15:00,3525,3530,3525,3525,2875
2026-03-26 11:16:00,3525,3530,3525,3530,27
2026-03-26 11:17:00,3525,3525,3515,3525,5943
2026-03-26 11:18:00,3515,3525,3515,3520,455
2026-03-26 11:19:00,3520,3525,3515,3525,4338
2026-03-26 11:20:00,3520,3525,3515,3525,35
2026-03-26 11:21:00,3515,3530,3515,3530,4691
2026-03-26 11:22:00,3520,3530,3520,3530,46
2026-03-26 11:23:00,3525,3530,3520,3530,62
2026-03-26 11:24:00,3530,3530,3530,3530,676
2026-03-26 11:25:00,3530,3535,3525,3530,571
2026-03-26 11:26:00,3530,3530,3520,3530,351
2026-03-26 11:28:00,3530,3530,3525,3525,469
2026-03-26 11:29:00,3525,3525,3520,3525,3550
2026-03-26 11:30:00,3520,3525,3520,3525,271
2026-03-26 11:31:00,3520,3525,3520,3525,486
2026-03-26 11:32:00,3525,3525,3520,3525,405
2026-03-26 11:33:00,3525,3525,3520,3520,553
2026-03-26 11:34:00,3520,3520,3515,3520,322
2026-03-26 11:35:00,3515,3525,3515,3525,5007
2026-03-26 11:36:00,3525,3525,3525,3525,13
2026-03-26 11:37:00,3525,3525,3515,3525,1712
2026-03-26 11:38:00,3515,3525,3510,3510,5233
2026-03-26 11:39:00,3525,3530,3510,3525,6460
2026-03-26 11:40:00,3525,3525,3505,3515,4110
2026-03-26 11:41:00,3520,3520,3515,3520,609
2026-03-26 11:42:00,3515,3520,3515,3515,213
2026-03-26 11:43:00,3515,3520,3505,3505,4801
2026-03-26 11:44:00,3515,3515,3505,3515,1323
2026-03-26 11:45:00,3515,3525,3515,3525,667
2026-03-26 11:46:00,3525,3525,3515,3525,438
2026-03-26 11:47:00,3525,3525,3520,3520,16
2026-03-26 11:48:00,3525,3525,3505,3520,1246
2026-03-26 11:49:00,3515,3520,3510,3520,259
2026-03-26 11:50:00,3520,3525,3510,3520,200
2026-03-26 11:51:00,3520,3520,3515,3520,544
2026-03-26 11:52:00,3510,3510,3510,3510,1280
2026-03-26 11:53:00,3515,3520,3510,3520,23
2026-03-26 11:54:00,3520,3530,3520,3530,3810
2026-03-26 11:55:00,3530,3530,3530,3530,2
2026-03-26 11:56:00,3530,3530,3530,3530,1
2026-03-26 11:57:00,3520,3530,3515,3530,107
2026-03-26 11:58:00,3530,3530,3525,3530,77
2026-03-26 11:59:00,3530,3530,3520,3520,30
2026-03-26 12:00:00,3520,3520,3515,3520,1024
2026-03-26 12:01:00,3510,3510,3510,3510,3
2026-03-26 12:02:00,3520,3520,3520,3520,1
2026-03-26 12:03:00,3520,3520,3515,3520,313
2026-03-26 12:04:00,3520,3520,3515,3515,1251
2026-03-26 12:05:00,3515,3515,3515,3515,1004
2026-03-26 12:06:00,3515,3520,3515,3515,32
2026-03-26 12:07:00,3515,3520,3510,3520,588
2026-03-26 12:08:00,3520,3520,3520,3520,12
2026-03-26 12:09:00,3520,3520,3520,3520,296
2026-03-26 12:10:00,3510,3515,3505,3515,4247
2026-03-26 12:11:00,3510,3515,3505,3505,11
2026-03-26 12:12:00,3510,3510,3510,3510,3
2026-03-26 12:13:00,3505,3510,3505,3510,513
2026-03-26 12:14:00,3510,3510,3505,3510,676
2026-03-26 12:15:00,3510,3510,3510,3510,609
2026-03-26 12:16:00,3510,3520,3510,3510,651
2026-03-26 12:17:00,3520,3520,3505,3505,2430
2026-03-26 12:18:00,3505,3510,3500,3500,1313
2026-03-26 12:19:00,3500,3510,3500,3510,9002
2026-03-26 12:20:00,3500,3505,3495,3500,2210
2026-03-26 12:21:00,3500,3505,3490,3490,3270
2026-03-26 12:22:00,3500,3500,3500,3500,36
2026-03-26 12:23:00,3497,3505,3495,3500,778
2026-03-26 12:24:00,3505,3505,3505,3505,676
2026-03-26 12:25:00,3505,3510,3505,3510,155
2026-03-26 12:26:00,3510,3510,3510,3510,5
2026-03-26 12:27:00,3505,3515,3505,3515,4012
2026-03-26 12:28:00,3510,3515,3505,3515,638
2026-03-26 12:29:00,3515,3515,3505,3515,641
2026-03-26 12:30:00,3515,3515,3510,3510,508
2026-03-26 12:31:00,3515,3525,3515,3525,11277
2026-03-26 12:32:00,3525,3530,3525,3530,1794
2026-03-26 12:33:00,3530,3530,3530,3530,332
2026-03-26 12:34:00,3525,3535,3525,3535,2217
2026-03-26 12:35:00,3530,3530,3530,3530,1460
2026-03-26 12:36:00,3535,3540,3535,3535,4937
2026-03-26 12:37:00,3530,3535,3520,3520,1104
2026-03-26 12:38:00,3535,3535,3535,3535,547
2026-03-26 12:40:00,3530,3530,3530,3530,1600
2026-03-26 12:41:00,3530,3530,3530,3530,316
2026-03-26 12:42:00,3525,3530,3525,3525,1741
2026-03-26 12:43:00,3520,3530,3520,3530,686
2026-03-26 12:44:00,3530,3530,3530,3530,15
2026-03-26 12:45:00,3525,3530,3525,3530,51
2026-03-26 12:47:00,3530,3530,3530,3530,27
2026-03-26 12:48:00,3525,3530,3525,3530,561
2026-03-26 12:49:00,3530,3530,3530,3530,44
2026-03-26 12:50:00,3525,3530,3525,3530,336
2026-03-26 12:51:00,3525,3530,3520,3520,12614
2026-03-26 12:52:00,3525,3525,3525,3525,10
2026-03-26 12:53:00,3525,3530,3525,3530,300
2026-03-26 12:55:00,3530,3535,3530,3535,1769
2026-03-26 12:56:00,3535,3535,3535,3535,214
2026-03-26 12:57:00,3535,3535,3535,3535,90
2026-03-26 12:58:00,3535,3535,3530,3535,163
2026-03-26 12:59:00,3535,3535,3535,3535,108
2026-03-26 13:00:00,3535,3535,3530,3535,172
2026-03-26 13:01:00,3535,3535,3535,3535,65
2026-03-26 13:02:00,3530,3535,3530,3535,272
2026-03-26 13:03:00,3530,3535,3525,3535,2086
2026-03-26 13:04:00,3535,3535,3535,3535,1076
2026-03-26 13:06:00,3535,3535,3530,3530,149
2026-03-26 13:07:00,3535,3535,3535,3535,146
2026-03-26 13:08:00,3530,3530,3530,3530,840
2026-03-26 13:09:00,3530,3540,3530,3540,8673
2026-03-26 13:10:00,3535,3540,3535,3535,484
2026-03-26 13:11:00,3540,3540,3540,3540,14
2026-03-26 13:12:00,3540,3540,3530,3540,3719
2026-03-26 13:13:00,3540,3550,3540,3540,11917
2026-03-26 13:14:00,3550,3550,3540,3550,1589
2026-03-26 13:15:00,3540,3565,3540,3565,19462
2026-03-26 13:16:00,3565,3570,3565,3565,4553
2026-03-26 13:17:00,3565,3565,3555,3555,1685
2026-03-26 13:18:00,3565,3565,3560,3565,191
2026-03-26 13:19:00,3565,3565,3560,3560,1347
2026-03-26 13:20:00,3565,3565,3565,3565,373
2026-03-26 13:21:00,3565,3565,3560,3565,955
2026-03-26 13:22:00,3565,3565,3560,3560,337
2026-03-26 13:23:00,3560,3560,3560,3560,501
2026-03-26 13:24:00,3562,3565,3555,3560,3401
2026-03-26 13:25:00,3560,3560,3555,3555,45
2026-03-26 13:26:00,3560,3560,3555,3555,250
2026-03-26 13:27:00,3560,3560,3555,3560,479
2026-03-26 13:28:00,3555,3560,3555,3560,593
2026-03-26 13:29:00,3555,3560,3555,3555,1378
2026-03-26 13:30:00,3560,3560,3560,3560,43
2026-03-26 13:31:00,3560,3560,3557,3560,74
2026-03-26 13:32:00,3560,3565,3560,3565,1175
2026-03-26 13:33:00,3562,3565,3562,3565,74
2026-03-26 13:34:00,3565,3565,3565,3565,898
2026-03-26 13:35:00,3565,3565,3565,3565,2402
2026-03-26 13:36:00,3565,3565,3550,3560,22031
2026-03-26 13:37:00,3560,3560,3550,3555,409
2026-03-26 13:38:00,3555,3555,3555,3555,116
2026-03-26 13:39:00,3550,3560,3550,3560,926
2026-03-26 13:40:00,3560,3560,3560,3560,2
2026-03-26 13:41:00,3560,3560,3550,3555,593
2026-03-26 13:42:00,3555,3560,3550,3555,191
2026-03-26 13:43:00,3555,3555,3550,3550,1269
2026-03-26 13:44:00,3555,3555,3550,3555,136
2026-03-26 13:45:00,3555,3555,3550,3550,471
2026-03-26 13:46:00,3555,3555,3555,3555,5
2026-03-26 13:47:00,3555,3555,3550,3555,118
2026-03-26 13:48:00,3550,3550,3545,3545,1178
2026-03-26 13:49:00,3550,3555,3550,3550,95
2026-03-26 13:50:00,3550,3550,3545,3550,312
2026-03-26 13:51:00,3545,3555,3545,3555,413
2026-03-26 13:52:00,3545,3555,3545,3555,854
2026-03-26 13:53:00,3555,3555,3555,3555,29
2026-03-26 13:54:00,3545,3555,3545,3550,198
2026-03-26 13:55:00,3550,3550,3550,3550,71
2026-03-26 13:56:00,3555,3555,3550,3550,981
2026-03-26 13:58:00,3550,3550,3540,3545,2465
2026-03-26 13:59:00,3545,3545,3545,3545,2
2026-03-26 14:00:00,3545,3550,3545,3550,427
2026-03-26 14:01:00,3550,3550,3550,3550,1
2026-03-26 14:02:00,3550,3550,3550,3550,1079
2026-03-26 14:03:00,3545,3550,3545,3545,166
2026-03-26 14:04:00,3547,3550,3545,3550,29
2026-03-26 14:05:00,3545,3550,3545,3550,1227
2026-03-26 14:06:00,3545,3550,3540,3550,322
2026-03-26 14:07:00,3550,3550,3545,3550,236
2026-03-26 14:08:00,3550,3550,3545,3545,2
2026-03-26 14:09:00,3545,3550,3545,3550,341
2026-03-26 14:10:00,3550,3550,3550,3550,2855
2026-03-26 14:11:00,3545,3550,3545,3550,13
2026-03-26 14:12:00,3550,3550,3545,3550,1528
2026-03-26 14:13:00,3550,3550,3550,3550,38
2026-03-26 14:14:00,3545,3545,3545,3545,1
2026-03-26 14:15:00,3550,3550,3550,3550,3
2026-03-26 14:16:00,3550,3550,3550,3550,100
2026-03-26 14:17:00,3545,3545,3545,3545,408
2026-03-26 14:18:00,3545,3545,3545,3545,239
2026-03-26 14:19:00,3545,3550,3545,3550,1814
2026-03-26 14:20:00,3550,3550,3550,3550,20
2026-03-26 14:21:00,3540,3540,3540,3540,1
2026-03-26 14:22:00,3540,3550,3540,3550,1734
2026-03-26 14:23:00,3545,3545,3545,3545,100
2026-03-26 14:24:00,3550,3550,3550,3550,3
2026-03-26 14:25:00,3550,3550,3550,3550,284
2026-03-26 14:26:00,3550,3550,3545,3545,391
2026-03-26 14:27:00,3550,3550,3540,3545,2689
2026-03-26 14:28:00,3542,3545,3542,3545,400
2026-03-26 14:29:00,3545,3555,3540,3545,10602
2026-03-26 14:30:00,3550,3555,3545,3555,389
2026-03-26 14:31:00,3555,3555,3550,3555,478
2026-03-26 14:32:00,3550,3550,3550,3550,138
2026-03-26 14:33:00,3550,3550,3545,3550,357
2026-03-26 14:34:00,3545,3545,3545,3545,552
2026-03-26 14:35:00,3545,3545,3540,3545,217
2026-03-26 14:36:00,3545,3550,3545,3550,811
2026-03-26 14:37:00,3550,3550,3545,3545,356
2026-03-26 14:38:00,3545,3545,3545,3545,666
2026-03-26 14:39:00,3545,3545,3545,3545,471
2026-03-26 14:40:00,3540,3540,3540,3540,3314
2026-03-26 14:41:00,3540,3540,3535,3535,4105
2026-03-26 14:42:00,3530,3535,3530,3530,606
2026-03-26 14:43:00,3530,3530,3525,3525,1178
2026-03-26 14:44:00,3530,3530,3525,3530,493
2026-03-26 14:45:00,3525,3530,3520,3530,4313
2026-03-26 14:46:00,3530,3530,3525,3530,94
2026-03-26 14:47:00,3530,3530,3520,3520,1458
2026-03-26 14:48:00,3525,3525,3520,3525,369
2026-03-26 14:49:00,3525,3525,3520,3520,5227
2026-03-26 14:50:00,3515,3515,3505,3505,4656
2026-03-26 14:51:00,3510,3510,3500,3510,915
2026-03-26 14:52:00,3510,3515,3505,3515,4107
2026-03-26 14:53:00,3510,3515,3510,3515,6136
2026-03-26 14:54:00,3510,3515,3510,3510,1776
2026-03-26 14:55:00,3515,3515,3510,3510,2506
2026-03-26 14:56:00,3510,3515,3510,3515,156
2026-03-26 14:57:00,3510,3510,3505,3510,3396
2026-03-26 14:58:00,3505,3510,3500,3500,2034
2026-03-26 14:59:00,3510,3510,3500,3505,70
2026-03-26 15:00:00,3505,3510,3500,3505,352
2026-03-26 15:01:00,3505,3505,3500,3500,999
2026-03-26 15:02:00,3505,3505,3500,3505,88
2026-03-26 15:03:00,3505,3510,3500,3505,8618
2026-03-26 15:04:00,3500,3505,3500,3505,1486
2026-03-26 15:05:00,3505,3505,3500,3505,2934
2026-03-26 15:06:00,3505,3505,3505,3505,523
2026-03-26 15:07:00,3500,3505,3500,3505,494
2026-03-26 15:08:00,3500,3505,3500,3500,1569
2026-03-26 15:09:00,3500,3505,3500,3500,311
2026-03-26 15:10:00,3500,3505,3500,3505,188
2026-03-26 15:11:00,3505,3505,3500,3505,871
2026-03-26 15:12:00,3500,3500,3495,3495,7483
2026-03-26 15:13:00,3505,3505,3495,3505,3299
2026-03-26 15:14:00,3505,3505,3500,3505,167
2026-03-26 15:15:00,3505,3505,3500,3500,1646
2026-03-26 15:16:00,3505,3505,3500,3505,2380
2026-03-26 15:17:00,3505,3505,3500,3505,49
2026-03-26 15:18:00,3500,3505,3500,3500,2260
2026-03-26 15:19:00,3505,3505,3495,3505,2250
2026-03-26 15:30:00,3505,3505,3505,3505,15377
2026-03-26 15:35:00,3505,3505,3505,3505,953
2026-03-27 09:00:00,3490,3490,3445,3465,9951
2026-03-27 09:01:00,3465,3480,3450,3460,4598
2026-03-27 09:02:00,3480,3540,3460,3540,22172
2026-03-27 09:03:00,3540,3555,3515,3555,15825
2026-03-27 09:04:00,3555,3560,3505,3510,17603
2026-03-27 09:05:00,3505,3510,3500,3500,14347
2026-03-27 09:06:00,3500,3500,3460,3460,9080
2026-03-27 09:07:00,3460,3475,3460,3475,5918
2026-03-27 09:08:00,3480,3485,3475,3475,1790
2026-03-27 09:09:00,3475,3490,3475,3490,6132
2026-03-27 09:10:00,3490,3490,3485,3490,1091
2026-03-27 09:11:00,3490,3495,3475,3480,4973
2026-03-27 09:12:00,3480,3485,3460,3465,9305
2026-03-27 09:13:00,3465,3465,3450,3455,3057
2026-03-27 09:14:00,3455,3460,3400,3430,13432
2026-03-27 09:15:00,3430,3465,3430,3460,10184
2026-03-27 09:16:00,3460,3465,3435,3435,16848
2026-03-27 09:17:00,3440,3460,3435,3460,5875
2026-03-27 09:18:00,3460,3460,3445,3450,1854
2026-03-27 09:19:00,3460,3470,3450,3465,4699
2026-03-27 09:20:00,3455,3480,3455,3480,2670
2026-03-27 09:21:00,3480,3510,3480,3510,28635
2026-03-27 09:22:00,3495,3495,3485,3485,2622
2026-03-27 09:23:00,3500,3500,3490,3495,1173
2026-03-27 09:24:00,3490,3495,3490,3495,1042
2026-03-27 09:25:00,3490,3495,3460,3460,17104
2026-03-27 09:26:00,3480,3480,3460,3465,461
2026-03-27 09:27:00,3465,3480,3465,3475,8330
2026-03-27 09:28:00,3470,3480,3465,3475,9702
2026-03-27 09:29:00,3475,3475,3460,3460,10547
2026-03-27 09:30:00,3460,3465,3455,3465,3470
2026-03-27 09:31:00,3460,3460,3455,3460,1824
2026-03-27 09:32:00,3455,3460,3455,3460,514
2026-03-27 09:33:00,3455,3455,3450,3450,5179
2026-03-27 09:34:00,3450,3470,3450,3470,12199
2026-03-27 09:35:00,3480,3480,3460,3475,528
2026-03-27 09:36:00,3465,3475,3455,3475,2038
2026-03-27 09:37:00,3455,3470,3455,3470,26
2026-03-27 09:38:00,3455,3455,3450,3450,4886
2026-03-27 09:39:00,3445,3450,3445,3450,1357
2026-03-27 09:40:00,3450,3450,3440,3440,8398
2026-03-27 09:41:00,3445,3445,3440,3445,380
2026-03-27 09:42:00,3445,3445,3440,3440,2466
2026-03-27 09:43:00,3450,3450,3430,3430,7029
2026-03-27 09:44:00,3430,3440,3430,3430,1152
2026-03-27 09:45:00,3435,3435,3430,3435,4279
2026-03-27 09:46:00,3435,3435,3405,3405,13664
2026-03-27 09:47:00,3415,3420,3415,3420,1318
2026-03-27 09:48:00,3420,3425,3420,3425,11360
2026-03-27 09:49:00,3420,3420,3410,3410,1169
2026-03-27 09:50:00,3410,3415,3385,3395,29921
2026-03-27 09:51:00,3405,3410,3400,3400,6952
2026-03-27 09:52:00,3400,3410,3400,3400,938
2026-03-27 09:53:00,3410,3410,3380,3400,8888
2026-03-27 09:54:00,3405,3405,3385,3395,1277
2026-03-27 09:55:00,3395,3400,3380,3400,3399
2026-03-27 09:56:00,3400,3400,3400,3400,51
2026-03-27 09:57:00,3400,3405,3395,3405,485
2026-03-27 09:58:00,3405,3405,3400,3405,695
2026-03-27 09:59:00,3400,3405,3390,3400,3877
2026-03-27 10:00:00,3400,3415,3390,3415,3917
2026-03-27 10:01:00,3410,3410,3405,3410,574
2026-03-27 10:02:00,3410,3410,3385,3410,3412
2026-03-27 10:03:00,3410,3410,3395,3410,955
2026-03-27 10:04:00,3410,3440,3410,3415,2102
2026-03-27 10:05:00,3415,3415,3405,3405,4830
2026-03-27 10:06:00,3405,3420,3400,3405,385
2026-03-27 10:07:00,3420,3420,3405,3405,4
2026-03-27 10:08:00,3405,3405,3385,3405,6119
2026-03-27 10:09:00,3405,3405,3385,3395,4418
2026-03-27 10:10:00,3405,3415,3405,3410,3205
2026-03-27 10:11:00,3410,3410,3410,3410,335
2026-03-27 10:12:00,3415,3420,3415,3420,1489
2026-03-27 10:13:00,3420,3440,3410,3430,895
2026-03-27 10:14:00,3430,3430,3420,3420,713
2026-03-27 10:15:00,3417,3420,3417,3420,146
2026-03-27 10:16:00,3415,3415,3410,3415,582
2026-03-27 10:17:00,3415,3420,3415,3420,767
2026-03-27 10:18:00,3415,3415,3415,3415,604
2026-03-27 10:19:00,3420,3420,3420,3420,1
2026-03-27 10:21:00,3420,3425,3415,3425,742
2026-03-27 10:22:00,3425,3430,3420,3425,1061
2026-03-27 10:23:00,3425,3425,3420,3420,204
2026-03-27 10:24:00,3420,3420,3415,3420,38
2026-03-27 10:25:00,3420,3430,3420,3430,1980
2026-03-27 10:26:00,3430,3430,3425,3425,564
2026-03-27 10:27:00,3425,3425,3420,3425,4152
2026-03-27 10:28:00,3425,3425,3420,3420,10312
2026-03-27 10:29:00,3425,3425,3425,3425,1276
2026-03-27 10:30:00,3425,3425,3420,3420,572
2026-03-27 10:31:00,3430,3435,3430,3435,1010
2026-03-27 10:32:00,3435,3435,3435,3435,15
2026-03-27 10:33:00,3435,3440,3435,3440,1062
2026-03-27 10:34:00,3440,3440,3430,3430,519
2026-03-27 10:35:00,3430,3435,3405,3405,2788
2026-03-27 10:36:00,3410,3430,3395,3430,8549
2026-03-27 10:37:00,3425,3425,3420,3420,845
2026-03-27 10:38:00,3430,3430,3430,3430,1
2026-03-27 10:39:00,3430,3430,3415,3415,13295
2026-03-27 10:40:00,3415,3425,3385,3410,7006
2026-03-27 10:41:00,3410,3435,3410,3415,2479
2026-03-27 10:42:00,3415,3430,3415,3415,401
2026-03-27 10:43:00,3415,3430,3415,3415,42
2026-03-27 10:44:00,3415,3430,3410,3410,4576
2026-03-27 10:45:00,3410,3430,3410,3410,2253
2026-03-27 10:46:00,3430,3430,3410,3410,90
2026-03-27 10:47:00,3410,3430,3410,3410,43
2026-03-27 10:48:00,3410,3425,3410,3410,1199
2026-03-27 10:49:00,3420,3420,3410,3410,114
2026-03-27 10:50:00,3410,3420,3410,3410,1138
2026-03-27 10:51:00,3420,3430,3410,3430,2056
2026-03-27 10:52:00,3430,3430,3420,3430,4195
2026-03-27 10:53:00,3430,3430,3425,3425,11
2026-03-27 10:54:00,3425,3425,3420,3425,210
2026-03-27 10:55:00,3420,3425,3415,3420,1302
2026-03-27 10:56:00,3420,3420,3420,3420,211
2026-03-27 10:57:00,3420,3420,3415,3415,350
2026-03-27 10:58:00,3415,3415,3410,3410,1652
2026-03-27 10:59:00,3410,3415,3405,3405,528
2026-03-27 11:00:00,3410,3415,3400,3415,4387
2026-03-27 11:01:00,3415,3430,3400,3400,2907
2026-03-27 11:02:00,3400,3415,3400,3405,2518
2026-03-27 11:03:00,3405,3410,3405,3410,309
2026-03-27 11:04:00,3415,3425,3410,3425,94
2026-03-27 11:05:00,3425,3425,3415,3425,3732
2026-03-27 11:06:00,3430,3430,3425,3425,835
2026-03-27 11:07:00,3425,3425,3410,3425,2238
2026-03-27 11:08:00,3425,3430,3410,3420,8140
2026-03-27 11:09:00,3420,3420,3420,3420,127
2026-03-27 11:10:00,3420,3420,3415,3420,1013
2026-03-27 11:11:00,3425,3430,3420,3420,648
2026-03-27 11:12:00,3430,3430,3415,3415,181
2026-03-27 11:13:00,3415,3415,3405,3410,3584
2026-03-27 11:14:00,3410,3415,3410,3415,80
2026-03-27 11:15:00,3410,3415,3410,3415,75
2026-03-27 11:16:00,3415,3415,3410,3415,57
2026-03-27 11:17:00,3415,3415,3405,3415,607
2026-03-27 11:18:00,3415,3415,3410,3415,25
2026-03-27 11:19:00,3415,3415,3405,3405,170
2026-03-27 11:20:00,3410,3415,3405,3415,351
2026-03-27 11:21:00,3415,3415,3415,3415,261
2026-03-27 11:22:00,3415,3415,3405,3415,1279
2026-03-27 11:23:00,3415,3415,3415,3415,11
2026-03-27 11:24:00,3415,3415,3410,3410,16
2026-03-27 11:25:00,3410,3415,3400,3400,3093
2026-03-27 11:26:00,3405,3415,3380,3410,15598
2026-03-27 11:27:00,3410,3410,3410,3410,25
2026-03-27 11:28:00,3390,3410,3390,3405,207
2026-03-27 11:29:00,3400,3400,3395,3395,1116
2026-03-27 11:30:00,3400,3400,3400,3400,395
2026-03-27 11:31:00,3405,3405,3405,3405,726
2026-03-27 11:32:00,3405,3405,3405,3405,103
2026-03-27 11:33:00,3405,3405,3390,3390,532
2026-03-27 11:34:00,3390,3405,3390,3390,209
2026-03-27 11:35:00,3405,3410,3405,3410,104
2026-03-27 11:36:00,3410,3410,3410,3410,6
2026-03-27 11:37:00,3410,3410,3400,3400,154
2026-03-27 11:38:00,3390,3405,3380,3400,2856
2026-03-27 11:39:00,3400,3400,3385,3385,445
2026-03-27 11:40:00,3390,3400,3385,3400,4657
2026-03-27 11:41:00,3405,3410,3400,3410,524
2026-03-27 11:42:00,3410,3410,3405,3410,72
2026-03-27 11:43:00,3410,3410,3390,3400,731
2026-03-27 11:44:00,3390,3410,3375,3390,2217
2026-03-27 11:45:00,3410,3410,3410,3410,411
2026-03-27 11:46:00,3410,3410,3410,3410,1
2026-03-27 11:47:00,3410,3415,3405,3415,2110
2026-03-27 11:48:00,3415,3420,3415,3420,531
2026-03-27 11:49:00,3420,3420,3415,3415,63
2026-03-27 11:50:00,3415,3415,3410,3410,178
2026-03-27 11:51:00,3410,3425,3410,3425,2100
2026-03-27 11:52:00,3425,3425,3420,3425,1076
2026-03-27 11:53:00,3425,3425,3420,3425,3900
2026-03-27 11:54:00,3425,3425,3425,3425,1175
2026-03-27 11:55:00,3425,3425,3425,3425,4
2026-03-27 11:56:00,3425,3425,3420,3420,570
2026-03-27 11:57:00,3420,3420,3415,3415,1702
2026-03-27 11:58:00,3415,3420,3415,3420,186
2026-03-27 11:59:00,3425,3425,3420,3420,129
2026-03-27 12:01:00,3420,3425,3420,3420,540
2026-03-27 12:02:00,3415,3415,3415,3415,256
2026-03-27 12:03:00,3415,3415,3415,3415,1001
2026-03-27 12:04:00,3410,3415,3410,3410,1554
2026-03-27 12:05:00,3415,3420,3415,3420,118
2026-03-27 12:06:00,3420,3425,3420,3425,1510
2026-03-27 12:07:00,3420,3420,3415,3415,224
2026-03-27 12:08:00,3420,3420,3420,3420,62
2026-03-27 12:09:00,3420,3420,3415,3415,550
2026-03-27 12:10:00,3410,3410,3410,3410,51
2026-03-27 12:11:00,3405,3410,3405,3410,603
2026-03-27 12:12:00,3410,3415,3410,3415,225
2026-03-27 12:13:00,3415,3415,3415,3415,34
2026-03-27 12:14:00,3415,3420,3415,3420,297
2026-03-27 12:15:00,3420,3420,3415,3415,79
2026-03-27 12:16:00,3420,3425,3410,3410,1949
2026-03-27 12:17:00,3420,3420,3420,3420,10
2026-03-27 12:18:00,3415,3415,3415,3415,210
2026-03-27 12:19:00,3415,3415,3410,3410,703
2026-03-27 12:20:00,3410,3415,3410,3415,69
2026-03-27 12:21:00,3405,3405,3400,3400,746
2026-03-27 12:22:00,3415,3415,3400,3400,537
2026-03-27 12:23:00,3405,3405,3405,3405,208
2026-03-27 12:24:00,3405,3405,3405,3405,2
2026-03-27 12:25:00,3410,3410,3410,3410,24
2026-03-27 12:26:00,3410,3415,3410,3415,602
2026-03-27 12:28:00,3415,3420,3415,3420,2911
2026-03-27 12:29:00,3420,3420,3420,3420,1605
2026-03-27 12:30:00,3420,3420,3405,3405,2792
2026-03-27 12:31:00,3420,3420,3420,3420,324
2026-03-27 12:32:00,3420,3420,3420,3420,715
2026-03-27 12:33:00,3420,3420,3420,3420,69
2026-03-27 12:34:00,3405,3425,3405,3420,421
2026-03-27 12:35:00,3425,3425,3425,3425,401
2026-03-27 12:36:00,3425,3435,3425,3435,4252
2026-03-27 12:37:00,3425,3425,3420,3420,450
2026-03-27 12:38:00,3425,3430,3420,3425,3964
2026-03-27 12:39:00,3430,3430,3425,3430,1652
2026-03-27 12:40:00,3430,3435,3430,3435,1703
2026-03-27 12:41:00,3430,3440,3430,3435,6109
2026-03-27 12:42:00,3440,3445,3430,3445,2398
2026-03-27 12:43:00,3445,3450,3440,3445,1171
2026-03-27 12:44:00,3445,3445,3440,3445,909
2026-03-27 12:45:00,3445,3445,3445,3445,33
2026-03-27 12:46:00,3440,3445,3440,3440,5
2026-03-27 12:47:00,3440,3440,3440,3440,374
2026-03-27 12:48:00,3440,3440,3440,3440,1
2026-03-27 12:49:00,3440,3440,3435,3435,942
2026-03-27 12:50:00,3440,3445,3430,3430,1024
2026-03-27 12:51:00,3445,3450,3425,3425,713
2026-03-27 12:52:00,3425,3445,3415,3425,10012
2026-03-27 12:53:00,3425,3430,3425,3425,2995
2026-03-27 12:56:00,3435,3435,3435,3435,7
2026-03-27 12:58:00,3445,3445,3435,3435,12
2026-03-27 12:59:00,3435,3450,3435,3435,14
2026-03-27 13:00:00,3435,3450,3435,3450,671
2026-03-27 13:01:00,3450,3450,3440,3440,637
2026-03-27 13:02:00,3450,3450,3450,3450,352
2026-03-27 13:03:00,3450,3455,3450,3455,268
2026-03-27 13:04:00,3455,3455,3450,3455,87
2026-03-27 13:05:00,3450,3450,3450,3450,68
2026-03-27 13:06:00,3450,3455,3450,3455,73
2026-03-27 13:07:00,3450,3450,3450,3450,262
2026-03-27 13:08:00,3445,3445,3440,3440,1124
2026-03-27 13:10:00,3445,3445,3445,3445,281
2026-03-27 13:11:00,3445,3450,3445,3450,138
2026-03-27 13:12:00,3450,3450,3435,3450,6077
2026-03-27 13:13:00,3450,3450,3450,3450,76
2026-03-27 13:15:00,3450,3450,3450,3450,438
2026-03-27 13:16:00,3450,3450,3445,3450,997
2026-03-27 13:17:00,3450,3450,3450,3450,263
2026-03-27 13:18:00,3450,3450,3445,3445,420
2026-03-27 13:19:00,3450,3455,3450,3455,395
2026-03-27 13:20:00,3460,3460,3450,3455,103
2026-03-27 13:21:00,3450,3455,3450,3455,1439
2026-03-27 13:22:00,3450,3455,3450,3455,1210
2026-03-27 13:23:00,3455,3460,3455,3460,63
2026-03-27 13:24:00,3460,3460,3450,3450,1481
2026-03-27 13:25:00,3455,3455,3450,3450,1562
2026-03-27 13:26:00,3450,3455,3450,3455,280
2026-03-27 13:27:00,3460,3460,3455,3455,203
2026-03-27 13:28:00,3455,3455,3450,3450,230
2026-03-27 13:29:00,3455,3455,3455,3455,8
2026-03-27 13:30:00,3455,3460,3455,3460,333
2026-03-27 13:31:00,3460,3465,3455,3455,5246
2026-03-27 13:32:00,3455,3455,3455,3455,53
2026-03-27 13:33:00,3455,3460,3455,3460,66
2026-03-27 13:34:00,3460,3465,3460,3465,1029
2026-03-27 13:35:00,3465,3470,3455,3470,1347
2026-03-27 13:36:00,3470,3470,3455,3470,142
2026-03-27 13:37:00,3470,3470,3455,3455,38
2026-03-27 13:38:00,3470,3470,3470,3470,311
2026-03-27 13:39:00,3460,3460,3455,3455,1500
2026-03-27 13:40:00,3460,3470,3455,3460,827
2026-03-27 13:41:00,3470,3470,3460,3460,142
2026-03-27 13:42:00,3460,3475,3460,3475,2076
2026-03-27 13:43:00,3465,3465,3465,3465,473
2026-03-27 13:44:00,3465,3470,3465,3470,51
2026-03-27 13:45:00,3470,3470,3465,3470,160
2026-03-27 13:46:00,3470,3475,3470,3475,370
2026-03-27 13:47:00,3470,3475,3470,3475,1955
2026-03-27 13:48:00,3475,3475,3470,3475,256
2026-03-27 13:49:00,3475,3480,3475,3480,103
2026-03-27 13:50:00,3480,3480,3475,3480,2354
2026-03-27 13:51:00,3470,3480,3470,3480,352
2026-03-27 13:52:00,3475,3475,3475,3475,10
2026-03-27 13:53:00,3475,3475,3460,3460,1701
2026-03-27 13:54:00,3460,3460,3460,3460,355
2026-03-27 13:56:00,3460,3460,3460,3460,811
2026-03-27 13:57:00,3460,3475,3460,3460,600
2026-03-27 14:00:00,3470,3470,3470,3470,8
2026-03-27 14:01:00,3470,3480,3470,3480,589
2026-03-27 14:02:00,3475,3480,3475,3480,324
2026-03-27 14:03:00,3480,3480,3475,3475,846
2026-03-27 14:04:00,3475,3475,3470,3475,1989
2026-03-27 14:05:00,3475,3475,3475,3475,252
2026-03-27 14:06:00,3465,3475,3465,3475,15
2026-03-27 14:07:00,3475,3475,3475,3475,285
2026-03-27 14:08:00,3470,3475,3470,3470,3173
2026-03-27 14:09:00,3475,3480,3470,3480,249
2026-03-27 14:10:00,3480,3485,3480,3480,573
2026-03-27 14:11:00,3480,3480,3480,3480,90
2026-03-27 14:12:00,3480,3480,3480,3480,107
2026-03-27 14:13:00,3475,3480,3470,3475,470
2026-03-27 14:14:00,3475,3480,3475,3480,122
2026-03-27 14:15:00,3480,3480,3475,3475,185
2026-03-27 14:16:00,3475,3480,3470,3470,836
2026-03-27 14:17:00,3480,3480,3480,3480,86
2026-03-27 14:18:00,3480,3480,3480,3480,140
2026-03-27 14:19:00,3480,3490,3480,3490,1972
2026-03-27 14:20:00,3490,3490,3490,3490,350
2026-03-27 14:21:00,3490,3490,3485,3485,31
2026-03-27 14:22:00,3480,3480,3480,3480,286
2026-03-27 14:23:00,3480,3485,3480,3485,428
2026-03-27 14:24:00,3480,3480,3465,3470,2179
2026-03-27 14:25:00,3470,3470,3470,3470,89
2026-03-27 14:26:00,3470,3470,3470,3470,287
2026-03-27 14:27:00,3470,3475,3470,3475,5562
2026-03-27 14:28:00,3475,3480,3475,3480,5358
2026-03-27 14:29:00,3470,3470,3470,3470,4917
2026-03-27 14:30:00,3475,3475,3470,3470,4028
2026-03-27 14:31:00,3470,3470,3470,3470,2110
2026-03-27 14:33:00,3480,3480,3475,3475,262
2026-03-27 14:34:00,3470,3475,3470,3475,455
2026-03-27 14:35:00,3475,3485,3475,3485,3775
2026-03-27 14:36:00,3485,3490,3485,3490,1978
2026-03-27 14:37:00,3490,3490,3485,3490,223
2026-03-27 14:38:00,3490,3495,3490,3495,2419
2026-03-27 14:39:00,3495,3495,3490,3490,156
2026-03-27 14:40:00,3492,3492,3490,3490,22
2026-03-27 14:41:00,3495,3500,3495,3500,186
2026-03-27 14:42:00,3500,3500,3490,3495,1632
2026-03-27 14:43:00,3495,3495,3490,3495,226
2026-03-27 14:44:00,3495,3495,3490,3490,2647
2026-03-27 14:45:00,3485,3495,3485,3495,1016
2026-03-27 14:46:00,3495,3495,3495,3495,22
2026-03-27 14:47:00,3495,3495,3495,3495,10
2026-03-27 14:48:00,3495,3495,3495,3495,31
2026-03-27 14:49:00,3485,3485,3480,3480,2270
2026-03-27 14:50:00,3480,3480,3470,3470,5946
2026-03-27 14:51:00,3470,3470,3470,3470,10
2026-03-27 14:52:00,3475,3475,3465,3470,2805
2026-03-27 14:53:00,3460,3460,3460,3460,1154
2026-03-27 14:54:00,3475,3475,3475,3475,3
2026-03-27 14:55:00,3470,3470,3470,3470,18
2026-03-27 14:56:00,3475,3475,3465,3465,485
2026-03-27 14:57:00,3465,3470,3460,3470,755
2026-03-27 14:58:00,3470,3470,3470,3470,256
2026-03-27 14:59:00,3470,3470,3470,3470,12
2026-03-27 15:00:00,3470,3470,3470,3470,993
2026-03-27 15:01:00,3470,3470,3470,3470,4
2026-03-27 15:02:00,3465,3470,3465,3465,29
2026-03-27 15:03:00,3470,3470,3465,3465,1098
2026-03-27 15:04:00,3465,3465,3460,3460,172
2026-03-27 15:05:00,3460,3460,3460,3460,1524
2026-03-27 15:06:00,3460,3460,3455,3455,5074
2026-03-27 15:07:00,3455,3455,3455,3455,430
2026-03-27 15:08:00,3455,3460,3455,3460,344
2026-03-27 15:09:00,3460,3460,3455,3455,396
2026-03-27 15:10:00,3455,3465,3455,3465,966
2026-03-27 15:11:00,3465,3465,3460,3465,95
2026-03-27 15:12:00,3465,3470,3460,3470,728
2026-03-27 15:13:00,3470,3470,3460,3470,557
2026-03-27 15:14:00,3470,3470,3460,3470,525
2026-03-27 15:15:00,3470,3470,3460,3460,1147
2026-03-27 15:16:00,3470,3470,3460,3470,720
2026-03-27 15:17:00,3470,3470,3460,3460,1657
2026-03-27 15:18:00,3470,3480,3460,3480,6621
2026-03-27 15:19:00,3460,3485,3460,3475,855
2026-03-27 15:30:00,3475,3475,3475,3475,4247
2026-03-27 15:35:00,3475,3475,3475,3475,161
2026-03-30 09:00:00,3330,3400,3330,3350,13828
2026-03-30 09:01:00,3360,3385,3350,3360,12080
2026-03-30 09:02:00,3355,3375,3350,3350,14184
2026-03-30 09:03:00,3370,3370,3355,3370,1644
2026-03-30 09:04:00,3370,3390,3365,3380,10148
2026-03-30 09:05:00,3375,3390,3375,3390,16190
2026-03-30 09:06:00,3380,3380,3365,3370,12117
2026-03-30 09:07:00,3370,3370,3355,3365,2532
2026-03-30 09:08:00,3365,3365,3340,3340,22962
2026-03-30 09:09:00,3340,3355,3340,3355,3211
2026-03-30 09:10:00,3355,3375,3345,3375,9709
2026-03-30 09:11:00,3380,3380,3375,3380,2286
2026-03-30 09:12:00,3380,3380,3375,3380,2128
2026-03-30 09:13:00,3380,3380,3380,3380,142
2026-03-30 09:14:00,3380,3380,3370,3380,1426
2026-03-30 09:15:00,3380,3400,3380,3400,36067
2026-03-30 09:16:00,3410,3410,3400,3405,1744
2026-03-30 09:17:00,3410,3415,3405,3410,11638
2026-03-30 09:18:00,3410,3415,3405,3405,5053
2026-03-30 09:19:00,3410,3415,3410,3410,7260
2026-03-30 09:20:00,3415,3420,3415,3415,294
2026-03-30 09:21:00,3415,3415,3410,3410,3153
2026-03-30 09:22:00,3410,3410,3400,3400,4304
2026-03-30 09:23:00,3395,3400,3395,3400,503
2026-03-30 09:24:00,3400,3400,3395,3395,1544
2026-03-30 09:25:00,3395,3395,3395,3395,86
2026-03-30 09:26:00,3400,3400,3395,3400,653
2026-03-30 09:27:00,3405,3405,3390,3390,5443
2026-03-30 09:28:00,3390,3410,3390,3400,2986
2026-03-30 09:29:00,3400,3415,3400,3405,931
2026-03-30 09:30:00,3405,3420,3405,3420,986
2026-03-30 09:31:00,3420,3420,3415,3420,1240
2026-03-30 09:32:00,3420,3425,3420,3425,822
2026-03-30 09:33:00,3425,3425,3420,3420,83
2026-03-30 09:34:00,3420,3420,3420,3420,621
2026-03-30 09:35:00,3420,3420,3415,3420,839
2026-03-30 09:36:00,3420,3420,3420,3420,2460
2026-03-30 09:37:00,3420,3430,3420,3430,1467
2026-03-30 09:38:00,3430,3430,3425,3430,38
2026-03-30 09:39:00,3430,3430,3420,3430,2772
2026-03-30 09:40:00,3430,3430,3415,3420,3726
2026-03-30 09:41:00,3420,3425,3410,3410,16644
2026-03-30 09:42:00,3425,3425,3410,3425,3796
2026-03-30 09:43:00,3425,3425,3415,3425,448
2026-03-30 09:44:00,3420,3420,3420,3420,514
2026-03-30 09:45:00,3425,3425,3420,3420,129
2026-03-30 09:46:00,3420,3430,3420,3430,820
2026-03-30 09:47:00,3435,3435,3435,3435,1902
2026-03-30 09:48:00,3435,3445,3435,3435,3763
2026-03-30 09:49:00,3440,3445,3440,3445,4678
2026-03-30 09:50:00,3445,3450,3440,3450,2170
2026-03-30 09:51:00,3450,3475,3450,3475,9953
2026-03-30 09:52:00,3475,3475,3450,3465,6053
2026-03-30 09:53:00,3465,3465,3465,3465,353
2026-03-30 09:54:00,3460,3465,3455,3460,2173
2026-03-30 09:55:00,3465,3470,3465,3470,5215
2026-03-30 09:56:00,3470,3475,3470,3475,5253
2026-03-30 09:57:00,3475,3475,3460,3470,21759
2026-03-30 09:58:00,3465,3465,3450,3455,4363
2026-03-30 09:59:00,3455,3455,3450,3450,9614
2026-03-30 10:00:00,3455,3465,3455,3465,413
2026-03-30 10:01:00,3465,3465,3465,3465,2
2026-03-30 10:02:00,3465,3465,3465,3465,197
2026-03-30 10:03:00,3470,3470,3460,3470,357
2026-03-30 10:04:00,3470,3470,3470,3470,293
2026-03-30 10:05:00,3470,3475,3470,3475,741
2026-03-30 10:06:00,3475,3475,3475,3475,1016
2026-03-30 10:07:00,3475,3475,3465,3465,755
2026-03-30 10:08:00,3470,3470,3470,3470,16
2026-03-30 10:09:00,3470,3470,3460,3470,4480
2026-03-30 10:10:00,3470,3470,3465,3465,269
2026-03-30 10:11:00,3460,3465,3460,3465,24
2026-03-30 10:12:00,3465,3470,3455,3470,7675
2026-03-30 10:13:00,3470,3470,3465,3465,391
2026-03-30 10:14:00,3455,3465,3455,3460,313
2026-03-30 10:15:00,3465,3465,3460,3460,357
2026-03-30 10:16:00,3465,3465,3465,3465,288
2026-03-30 10:17:00,3465,3470,3460,3460,2746
2026-03-30 10:18:00,3465,3470,3460,3470,184
2026-03-30 10:19:00,3470,3470,3465,3465,700
2026-03-30 10:20:00,3465,3465,3460,3460,510
2026-03-30 10:21:00,3460,3460,3460,3460,201
2026-03-30 10:22:00,3460,3465,3460,3465,351
2026-03-30 10:23:00,3465,3465,3460,3460,628
2026-03-30 10:24:00,3460,3465,3460,3465,202
2026-03-30 10:25:00,3465,3465,3460,3460,70
2026-03-30 10:26:00,3465,3465,3465,3465,23
2026-03-30 10:27:00,3470,3470,3455,3455,6193
2026-03-30 10:28:00,3455,3460,3450,3455,1177
2026-03-30 10:29:00,3455,3460,3455,3460,136
2026-03-30 10:30:00,3460,3460,3455,3455,220
2026-03-30 10:31:00,3455,3465,3455,3465,902
2026-03-30 10:32:00,3465,3475,3465,3475,6981
2026-03-30 10:33:00,3475,3475,3475,3475,600
2026-03-30 10:34:00,3475,3490,3475,3490,2282
2026-03-30 10:35:00,3495,3530,3495,3510,13854
2026-03-30 10:36:00,3520,3540,3520,3535,10890
2026-03-30 10:37:00,3535,3540,3520,3520,7634
2026-03-30 10:38:00,3525,3535,3525,3530,2371
2026-03-30 10:39:00,3530,3530,3520,3530,2126
2026-03-30 10:40:00,3525,3535,3525,3535,3660
2026-03-30 10:41:00,3535,3540,3530,3535,3770
2026-03-30 10:42:00,3535,3535,3530,3530,112
2026-03-30 10:43:00,3535,3535,3530,3535,2110
2026-03-30 10:44:00,3535,3540,3530,3530,4997
2026-03-30 10:45:00,3530,3535,3530,3535,1287
2026-03-30 10:46:00,3535,3550,3535,3540,5196
2026-03-30 10:47:00,3540,3540,3535,3540,400
2026-03-30 10:48:00,3540,3545,3540,3545,1319
2026-03-30 10:49:00,3545,3550,3545,3550,12731
2026-03-30 10:50:00,3550,3550,3540,3540,6580
2026-03-30 10:51:00,3550,3555,3545,3555,3537
2026-03-30 10:52:00,3550,3555,3545,3550,5145
2026-03-30 10:53:00,3555,3560,3540,3550,4613
2026-03-30 10:54:00,3550,3550,3505,3515,10429
2026-03-30 10:55:00,3515,3540,3515,3540,31
2026-03-30 10:56:00,3540,3540,3515,3515,776
2026-03-30 10:57:00,3520,3545,3520,3530,3696
2026-03-30 10:58:00,3545,3545,3540,3545,902
2026-03-30 10:59:00,3545,3545,3530,3530,16
2026-03-30 11:00:00,3530,3535,3530,3530,3270
2026-03-30 11:01:00,3540,3545,3540,3545,6845
2026-03-30 11:02:00,3540,3545,3540,3545,745
2026-03-30 11:03:00,3545,3545,3540,3540,2507
2026-03-30 11:04:00,3545,3545,3530,3545,157
2026-03-30 11:05:00,3545,3545,3540,3540,16
2026-03-30 11:06:00,3540,3550,3540,3550,1406
2026-03-30 11:07:00,3550,3555,3540,3555,5820
2026-03-30 11:08:00,3550,3550,3540,3545,815
2026-03-30 11:09:00,3545,3545,3545,3545,220
2026-03-30 11:10:00,3545,3555,3540,3550,2814
2026-03-30 11:11:00,3550,3550,3540,3540,816
2026-03-30 11:12:00,3540,3540,3540,3540,511
2026-03-30 11:13:00,3540,3540,3540,3540,51
2026-03-30 11:14:00,3535,3550,3535,3535,2930
2026-03-30 11:15:00,3535,3540,3530,3540,1689
2026-03-30 11:16:00,3540,3545,3530,3545,3826
2026-03-30 11:17:00,3545,3545,3545,3545,50
2026-03-30 11:18:00,3545,3550,3545,3545,2212
2026-03-30 11:19:00,3545,3545,3530,3545,1231
2026-03-30 11:20:00,3545,3545,3545,3545,224
2026-03-30 11:21:00,3545,3545,3530,3545,307
2026-03-30 11:22:00,3540,3540,3540,3540,518
2026-03-30 11:23:00,3530,3545,3530,3545,523
2026-03-30 11:24:00,3545,3545,3545,3545,5
2026-03-30 11:25:00,3540,3545,3540,3545,2
2026-03-30 11:26:00,3540,3545,3540,3540,370
2026-03-30 11:27:00,3540,3540,3535,3535,346
2026-03-30 11:28:00,3540,3540,3520,3540,3625
2026-03-30 11:29:00,3535,3535,3535,3535,303
2026-03-30 11:30:00,3535,3535,3535,3535,1
2026-03-30 11:31:00,3535,3535,3535,3535,1
2026-03-30 11:32:00,3535,3535,3530,3530,304
2026-03-30 11:33:00,3530,3530,3530,3530,246
2026-03-30 11:34:00,3530,3530,3525,3525,427
2026-03-30 11:35:00,3525,3525,3520,3520,261
2026-03-30 11:36:00,3520,3530,3520,3530,13604
2026-03-30 11:37:00,3530,3530,3530,3530,1620
2026-03-30 11:39:00,3535,3535,3535,3535,1
2026-03-30 11:40:00,3535,3535,3520,3520,829
2026-03-30 11:41:00,3520,3535,3515,3535,1009
2026-03-30 11:42:00,3535,3575,3530,3535,27871
2026-03-30 11:43:00,3570,3575,3555,3555,4220
2026-03-30 11:44:00,3575,3575,3570,3570,1354
2026-03-30 11:45:00,3565,3570,3560,3565,1464
2026-03-30 11:46:00,3565,3580,3565,3580,12460
2026-03-30 11:47:00,3575,3580,3570,3580,4695
2026-03-30 11:48:00,3575,3580,3565,3570,339
2026-03-30 11:49:00,3570,3570,3570,3570,297
2026-03-30 11:50:00,3570,3580,3570,3580,5253
2026-03-30 11:51:00,3580,3585,3580,3580,1009
2026-03-30 11:52:00,3575,3585,3575,3585,2800
2026-03-30 11:53:00,3585,3585,3580,3580,3560
2026-03-30 11:54:00,3570,3570,3570,3570,351
2026-03-30 11:55:00,3570,3580,3570,3570,2039
2026-03-30 11:56:00,3570,3570,3570,3570,341
2026-03-30 11:57:00,3567,3580,3567,3575,397
2026-03-30 11:58:00,3575,3575,3565,3575,1745
2026-03-30 11:59:00,3575,3575,3565,3565,102
2026-03-30 12:00:00,3570,3570,3570,3570,41
2026-03-30 12:01:00,3565,3570,3565,3570,2954
2026-03-30 12:02:00,3570,3580,3570,3580,8316
2026-03-30 12:03:00,3580,3580,3575,3575,28
2026-03-30 12:04:00,3570,3570,3565,3565,925
2026-03-30 12:05:00,3570,3575,3565,3565,573
2026-03-30 12:06:00,3575,3575,3565,3565,1794
2026-03-30 12:07:00,3565,3565,3560,3560,470
2026-03-30 12:08:00,3560,3560,3560,3560,3141
2026-03-30 12:09:00,3560,3570,3560,3560,401
2026-03-30 12:10:00,3575,3580,3565,3580,2059
2026-03-30 12:11:00,3580,3595,3580,3585,8872
2026-03-30 12:12:00,3585,3600,3580,3600,557
2026-03-30 12:13:00,3585,3600,3585,3590,977
2026-03-30 12:14:00,3590,3600,3590,3600,2304
2026-03-30 12:15:00,3595,3605,3595,3595,13137
2026-03-30 12:16:00,3610,3615,3610,3615,12267
2026-03-30 12:17:00,3620,3620,3605,3615,6351
2026-03-30 12:18:00,3615,3615,3590,3590,11860
2026-03-30 12:19:00,3595,3595,3595,3595,20
2026-03-30 12:20:00,3595,3595,3595,3595,385
2026-03-30 12:21:00,3600,3600,3590,3590,8518
2026-03-30 12:22:00,3590,3600,3590,3600,2582
2026-03-30 12:23:00,3600,3605,3600,3605,1957
2026-03-30 12:24:00,3600,3605,3600,3605,448
2026-03-30 12:25:00,3605,3605,3600,3600,1521
2026-03-30 12:26:00,3600,3600,3600,3600,143
2026-03-30 12:27:00,3595,3600,3595,3595,1127
2026-03-30 12:28:00,3590,3595,3590,3595,289
2026-03-30 12:29:00,3600,3600,3600,3600,1
2026-03-30 12:30:00,3600,3600,3595,3595,8
2026-03-30 12:31:00,3595,3600,3595,3600,452
2026-03-30 12:32:00,3600,3600,3600,3600,500
2026-03-30 12:33:00,3600,3600,3595,3600,227
2026-03-30 12:34:00,3597,3600,3595,3595,311
2026-03-30 12:35:00,3595,3600,3595,3595,57
2026-03-30 12:36:00,3595,3600,3590,3590,2149
2026-03-30 12:37:00,3595,3595,3590,3590,1271
2026-03-30 12:38:00,3595,3595,3590,3595,3106
2026-03-30 12:39:00,3585,3600,3585,3585,1450
2026-03-30 12:40:00,3590,3590,3590,3590,64
2026-03-30 12:41:00,3585,3590,3585,3590,482
2026-03-30 12:42:00,3590,3590,3585,3585,519
2026-03-30 12:43:00,3585,3595,3585,3595,3990
2026-03-30 12:44:00,3595,3600,3595,3600,315
2026-03-30 12:45:00,3600,3600,3600,3600,994
2026-03-30 12:46:00,3595,3595,3595,3595,10
2026-03-30 12:47:00,3590,3595,3590,3590,410
2026-03-30 12:48:00,3590,3590,3565,3580,2975
2026-03-30 12:49:00,3585,3595,3580,3595,2833
2026-03-30 12:50:00,3595,3595,3590,3595,592
2026-03-30 12:51:00,3585,3590,3585,3590,371
2026-03-30 12:53:00,3585,3585,3585,3585,200
2026-03-30 12:54:00,3590,3590,3590,3590,113
2026-03-30 12:55:00,3590,3590,3590,3590,20
2026-03-30 12:56:00,3590,3590,3590,3590,186
2026-03-30 12:57:00,3590,3590,3590,3590,310
2026-03-30 12:58:00,3590,3590,3580,3580,1634
2026-03-30 13:00:00,3585,3585,3575,3585,1044
2026-03-30 13:01:00,3585,3585,3575,3585,2673
2026-03-30 13:02:00,3580,3580,3580,3580,382
2026-03-30 13:03:00,3580,3582,3570,3570,255
2026-03-30 13:04:00,3570,3570,3570,3570,4
2026-03-30 13:05:00,3570,3585,3570,3585,51
2026-03-30 13:06:00,3580,3585,3580,3580,790
2026-03-30 13:07:00,3580,3590,3580,3590,268
2026-03-30 13:08:00,3590,3590,3590,3590,205
2026-03-30 13:09:00,3590,3590,3590,3590,278
2026-03-30 13:10:00,3590,3590,3590,3590,110
2026-03-30 13:11:00,3590,3595,3585,3595,3782
2026-03-30 13:12:00,3595,3595,3585,3595,716
2026-03-30 13:13:00,3585,3585,3585,3585,162
2026-03-30 13:14:00,3580,3585,3580,3585,220
2026-03-30 13:15:00,3585,3585,3585,3585,30
2026-03-30 13:16:00,3585,3585,3585,3585,24
2026-03-30 13:17:00,3585,3585,3575,3575,818
2026-03-30 13:18:00,3575,3575,3575,3575,1
2026-03-30 13:19:00,3575,3575,3565,3565,1894
2026-03-30 13:20:00,3575,3575,3575,3575,94
2026-03-30 13:21:00,3575,3575,3575,3575,39
2026-03-30 13:22:00,3575,3575,3565,3565,4473
2026-03-30 13:23:00,3570,3570,3570,3570,46
2026-03-30 13:24:00,3565,3570,3565,3570,247
2026-03-30 13:25:00,3565,3565,3565,3565,30
2026-03-30 13:26:00,3565,3565,3565,3565,371
2026-03-30 13:27:00,3565,3565,3565,3565,606
2026-03-30 13:28:00,3565,3575,3565,3575,337
2026-03-30 13:29:00,3575,3575,3575,3575,311
2026-03-30 13:30:00,3585,3590,3585,3590,4960
2026-03-30 13:31:00,3580,3590,3580,3590,110
2026-03-30 13:32:00,3590,3590,3590,3590,2138
2026-03-30 13:33:00,3585,3585,3585,3585,30
2026-03-30 13:34:00,3585,3585,3585,3585,37
2026-03-30 13:35:00,3585,3590,3585,3590,624
2026-03-30 13:36:00,3590,3590,3585,3590,1197
2026-03-30 13:37:00,3590,3590,3580,3585,6440
2026-03-30 13:38:00,3595,3605,3595,3600,19239
2026-03-30 13:39:00,3600,3615,3600,3615,2428
2026-03-30 13:40:00,3615,3615,3605,3610,1086
2026-03-30 13:41:00,3605,3610,3605,3610,6986
2026-03-30 13:42:00,3605,3605,3590,3605,7354
2026-03-30 13:43:00,3605,3605,3605,3605,79
2026-03-30 13:45:00,3590,3605,3590,3605,626
2026-03-30 13:46:00,3590,3590,3590,3590,863
2026-03-30 13:47:00,3590,3600,3590,3600,340
2026-03-30 13:48:00,3590,3590,3590,3590,250
2026-03-30 13:49:00,3590,3590,3590,3590,155
2026-03-30 13:50:00,3590,3595,3590,3590,427
2026-03-30 13:51:00,3590,3600,3590,3600,48
2026-03-30 13:52:00,3600,3600,3600,3600,36
2026-03-30 13:53:00,3590,3600,3590,3600,1780
2026-03-30 13:54:00,3600,3600,3595,3595,426
2026-03-30 13:55:00,3595,3600,3595,3600,111
2026-03-30 13:56:00,3600,3600,3600,3600,258
2026-03-30 13:57:00,3600,3602,3600,3600,492
2026-03-30 13:58:00,3605,3610,3600,3600,2496
2026-03-30 13:59:00,3610,3620,3610,3620,3866
2026-03-30 14:00:00,3620,3620,3620,3620,882
2026-03-30 14:01:00,3620,3635,3617,3630,17670
2026-03-30 14:02:00,3630,3640,3625,3625,10312
2026-03-30 14:03:00,3635,3635,3620,3620,1624
2026-03-30 14:04:00,3620,3620,3615,3615,1505
2026-03-30 14:05:00,3615,3620,3605,3605,522
2026-03-30 14:06:00,3610,3610,3605,3610,175
2026-03-30 14:07:00,3610,3610,3600,3600,1252
2026-03-30 14:08:00,3600,3600,3590,3595,1661
2026-03-30 14:09:00,3605,3605,3605,3605,63
2026-03-30 14:10:00,3605,3605,3595,3595,18
2026-03-30 14:11:00,3595,3605,3595,3605,1690
2026-03-30 14:12:00,3605,3610,3602,3605,872
2026-03-30 14:13:00,3605,3605,3600,3600,1153
2026-03-30 14:14:00,3605,3605,3605,3605,2
2026-03-30 14:15:00,3610,3610,3610,3610,5
2026-03-30 14:16:00,3610,3610,3600,3600,906
2026-03-30 14:17:00,3605,3605,3605,3605,2
2026-03-30 14:18:00,3605,3605,3605,3605,252
2026-03-30 14:19:00,3605,3605,3600,3600,1798
2026-03-30 14:20:00,3600,3600,3575,3580,6639
2026-03-30 14:21:00,3580,3590,3580,3590,4183
2026-03-30 14:22:00,3590,3590,3580,3590,155
2026-03-30 14:23:00,3590,3595,3580,3580,2158
2026-03-30 14:24:00,3580,3580,3570,3580,4063
2026-03-30 14:25:00,3585,3600,3585,3600,1280
2026-03-30 14:26:00,3600,3600,3600,3600,6
2026-03-30 14:27:00,3600,3605,3590,3590,752
2026-03-30 14:28:00,3590,3590,3590,3590,150
2026-03-30 14:29:00,3595,3600,3595,3600,154
2026-03-30 14:30:00,3600,3600,3600,3600,366
2026-03-30 14:31:00,3605,3605,3600,3605,1087
2026-03-30 14:32:00,3605,3605,3605,3605,5
2026-03-30 14:33:00,3605,3610,3605,3610,2290
2026-03-30 14:34:00,3605,3605,3595,3595,2
2026-03-30 14:35:00,3600,3600,3595,3600,3797
2026-03-30 14:37:00,3605,3605,3605,3605,1
2026-03-30 14:38:00,3605,3610,3600,3610,975
2026-03-30 14:39:00,3610,3610,3610,3610,46
2026-03-30 14:40:00,3610,3610,3605,3605,237
2026-03-30 14:41:00,3605,3605,3600,3600,1521
2026-03-30 14:42:00,3600,3600,3600,3600,100
2026-03-30 14:43:00,3600,3600,3595,3595,98
2026-03-30 14:44:00,3595,3600,3595,3600,900
2026-03-30 14:45:00,3600,3600,3595,3595,221
2026-03-30 14:46:00,3595,3600,3595,3600,1010
2026-03-30 14:47:00,3595,3600,3595,3595,2024
2026-03-30 14:48:00,3590,3595,3590,3595,312
2026-03-30 14:49:00,3595,3595,3590,3590,1833
2026-03-30 14:50:00,3595,3600,3595,3600,379
2026-03-30 14:51:00,3595,3595,3595,3595,160
2026-03-30 14:52:00,3600,3600,3600,3600,1
2026-03-30 14:53:00,3595,3595,3590,3590,1219
2026-03-30 14:54:00,3595,3595,3590,3590,268
2026-03-30 14:55:00,3595,3595,3590,3595,335
2026-03-30 14:56:00,3595,3595,3595,3595,6
2026-03-30 14:57:00,3595,3595,3590,3590,9
2026-03-30 14:58:00,3595,3595,3595,3595,455
2026-03-30 14:59:00,3595,3600,3595,3600,153
2026-03-30 15:00:00,3600,3600,3595,3595,685
2026-03-30 15:01:00,3600,3600,3595,3595,101
2026-03-30 15:02:00,3595,3600,3595,3600,1717
2026-03-30 15:03:00,3590,3600,3590,3600,655
2026-03-30 15:04:00,3600,3600,3590,3590,611
2026-03-30 15:05:00,3590,3600,3590,3600,3033
2026-03-30 15:06:00,3595,3595,3585,3595,729
2026-03-30 15:07:00,3585,3595,3585,3595,152
2026-03-30 15:08:00,3595,3595,3595,3595,598
2026-03-30 15:09:00,3590,3595,3590,3595,2421
2026-03-30 15:10:00,3595,3595,3595,3595,64
2026-03-30 15:11:00,3590,3590,3582,3582,2219
2026-03-30 15:12:00,3582,3582,3577,3580,2399
2026-03-30 15:13:00,3580,3585,3580,3585,2668
2026-03-30 15:14:00,3585,3590,3585,3585,1940
2026-03-30 15:15:00,3585,3595,3580,3595,1002
2026-03-30 15:16:00,3580,3590,3580,3585,952
2026-03-30 15:17:00,3580,3580,3575,3575,5442
2026-03-30 15:18:00,3580,3580,3575,3580,1529
2026-03-30 15:19:00,3580,3585,3570,3575,5279
2026-03-30 15:30:00,3595,3595,3595,3595,9742
2026-03-30 15:35:00,3595,3595,3595,3595,492
2026-03-31 09:00:00,3590,3590,3545,3570,7794
2026-03-31 09:01:00,3565,3565,3505,3505,6991
2026-03-31 09:02:00,3515,3540,3510,3535,17249
2026-03-31 09:03:00,3535,3535,3525,3535,2271
2026-03-31 09:04:00,3535,3535,3510,3510,7720
2026-03-31 09:05:00,3510,3510,3490,3495,9418
2026-03-31 09:06:00,3505,3530,3495,3505,5495
2026-03-31 09:07:00,3510,3510,3500,3500,3105
2026-03-31 09:08:00,3500,3505,3495,3505,6833
2026-03-31 09:09:00,3505,3520,3500,3505,3872
2026-03-31 09:10:00,3515,3525,3500,3505,6329
2026-03-31 09:11:00,3520,3520,3510,3510,53
2026-03-31 09:12:00,3510,3510,3480,3485,25619
2026-03-31 09:13:00,3495,3495,3485,3495,3871
2026-03-31 09:14:00,3480,3490,3470,3485,6248
2026-03-31 09:15:00,3485,3490,3470,3470,1393
2026-03-31 09:16:00,3480,3480,3465,3480,9417
2026-03-31 09:17:00,3480,3490,3470,3490,952
2026-03-31 09:18:00,3475,3485,3460,3485,3672
2026-03-31 09:19:00,3485,3495,3450,3495,9984
2026-03-31 09:20:00,3475,3495,3470,3495,12238
2026-03-31 09:21:00,3490,3490,3490,3490,206
2026-03-31 09:22:00,3495,3495,3465,3465,3604
2026-03-31 09:23:00,3465,3485,3465,3485,622
2026-03-31 09:24:00,3485,3485,3485,3485,1
2026-03-31 09:25:00,3465,3465,3450,3450,1610
2026-03-31 09:26:00,3460,3485,3455,3460,1304
2026-03-31 09:27:00,3460,3465,3460,3460,84
2026-03-31 09:28:00,3455,3460,3450,3460,5764
2026-03-31 09:29:00,3460,3480,3460,3475,3286
2026-03-31 09:30:00,3475,3475,3475,3475,63
2026-03-31 09:31:00,3475,3475,3440,3460,3563
2026-03-31 09:32:00,3465,3465,3445,3445,122
2026-03-31 09:34:00,3445,3465,3440,3445,4984
2026-03-31 09:35:00,3445,3445,3435,3445,2425
2026-03-31 09:36:00,3445,3460,3440,3460,3674
2026-03-31 09:37:00,3445,3445,3445,3445,294
2026-03-31 09:38:00,3445,3445,3445,3445,105
2026-03-31 09:39:00,3445,3460,3440,3450,5548
2026-03-31 09:40:00,3465,3500,3465,3500,5837
2026-03-31 09:41:00,3500,3500,3460,3465,2142
2026-03-31 09:42:00,3465,3465,3465,3465,248
2026-03-31 09:43:00,3460,3465,3455,3455,3597
2026-03-31 09:44:00,3455,3470,3450,3470,4630
2026-03-31 09:45:00,3470,3510,3470,3485,11441
2026-03-31 09:46:00,3485,3515,3485,3515,1154
2026-03-31 09:47:00,3515,3545,3515,3535,5795
2026-03-31 09:48:00,3515,3515,3515,3515,10
2026-03-31 09:49:00,3520,3555,3515,3530,15742
2026-03-31 09:50:00,3545,3570,3540,3565,13693
2026-03-31 09:51:00,3560,3575,3540,3550,19664
2026-03-31 09:52:00,3550,3550,3535,3535,6219
2026-03-31 09:53:00,3530,3530,3530,3530,5129
2026-03-31 09:54:00,3525,3535,3525,3535,165
2026-03-31 09:55:00,3535,3540,3520,3530,1200
2026-03-31 09:56:00,3530,3530,3490,3490,1456
2026-03-31 09:57:00,3530,3530,3500,3520,378
2026-03-31 09:58:00,3500,3520,3500,3520,1111
2026-03-31 09:59:00,3520,3520,3520,3520,322
2026-03-31 10:00:00,3515,3520,3505,3505,4416
2026-03-31 10:01:00,3520,3530,3510,3530,892
2026-03-31 10:02:00,3530,3545,3530,3545,1523
2026-03-31 10:03:00,3540,3545,3525,3530,2959
2026-03-31 10:04:00,3530,3545,3530,3530,1810
2026-03-31 10:05:00,3525,3525,3520,3520,980
2026-03-31 10:06:00,3525,3525,3515,3515,1752
2026-03-31 10:07:00,3525,3540,3525,3525,772
2026-03-31 10:08:00,3540,3590,3540,3590,12722
2026-03-31 10:09:00,3575,3590,3575,3580,6772
2026-03-31 10:10:00,3575,3575,3540,3555,3531
2026-03-31 10:11:00,3555,3555,3515,3515,910
2026-03-31 10:12:00,3510,3530,3505,3530,3687
2026-03-31 10:13:00,3530,3530,3500,3505,11266
2026-03-31 10:14:00,3500,3500,3495,3495,1772
2026-03-31 10:15:00,3515,3515,3515,3515,1584
2026-03-31 10:16:00,3530,3530,3515,3525,1473
2026-03-31 10:17:00,3525,3525,3505,3505,3006
2026-03-31 10:18:00,3510,3515,3510,3510,202
2026-03-31 10:19:00,3505,3510,3505,3505,2435
2026-03-31 10:20:00,3505,3505,3505,3505,2060
2026-03-31 10:21:00,3505,3505,3490,3505,4566
2026-03-31 10:22:00,3510,3510,3500,3500,70
2026-03-31 10:23:00,3510,3510,3500,3510,66
2026-03-31 10:24:00,3510,3510,3510,3510,140
2026-03-31 10:25:00,3510,3510,3495,3505,1367
2026-03-31 10:26:00,3495,3500,3495,3500,110
2026-03-31 10:27:00,3495,3495,3485,3495,7129
2026-03-31 10:28:00,3490,3495,3485,3490,404
2026-03-31 10:29:00,3495,3500,3490,3500,1028
2026-03-31 10:30:00,3500,3500,3475,3475,4205
2026-03-31 10:31:00,3475,3495,3475,3495,353
2026-03-31 10:32:00,3495,3500,3490,3500,416
2026-03-31 10:33:00,3500,3505,3500,3505,439
2026-03-31 10:34:00,3500,3505,3500,3505,68
2026-03-31 10:35:00,3505,3505,3500,3500,21
2026-03-31 10:36:00,3500,3505,3490,3505,1003
2026-03-31 10:37:00,3495,3505,3485,3505,364
2026-03-31 10:38:00,3505,3505,3500,3500,2199
2026-03-31 10:39:00,3510,3510,3505,3510,4
2026-03-31 10:40:00,3510,3510,3500,3510,367
2026-03-31 10:41:00,3510,3510,3505,3505,168
2026-03-31 10:42:00,3510,3510,3495,3495,666
2026-03-31 10:43:00,3500,3505,3500,3505,435
2026-03-31 10:44:00,3510,3525,3510,3525,7087
2026-03-31 10:45:00,3525,3530,3520,3520,112
2026-03-31 10:46:00,3520,3530,3515,3530,200
2026-03-31 10:48:00,3515,3530,3515,3530,376
2026-03-31 10:49:00,3515,3530,3510,3510,2058
2026-03-31 10:50:00,3515,3515,3500,3500,1042
2026-03-31 10:51:00,3510,3510,3505,3510,682
2026-03-31 10:52:00,3510,3515,3505,3515,3627
2026-03-31 10:53:00,3515,3515,3515,3515,811
2026-03-31 10:54:00,3515,3515,3515,3515,191
2026-03-31 10:55:00,3515,3525,3515,3520,195
2026-03-31 10:56:00,3525,3530,3525,3530,602
2026-03-31 10:57:00,3535,3535,3530,3535,544
2026-03-31 10:58:00,3535,3535,3505,3530,2396
2026-03-31 10:59:00,3530,3530,3520,3520,233
2026-03-31 11:00:00,3520,3520,3520,3520,909
2026-03-31 11:01:00,3520,3520,3500,3500,2993
2026-03-31 11:02:00,3500,3515,3500,3500,1569
2026-03-31 11:03:00,3505,3515,3500,3515,10781
2026-03-31 11:05:00,3515,3515,3510,3510,143
2026-03-31 11:06:00,3510,3510,3505,3505,12
2026-03-31 11:07:00,3505,3505,3495,3500,786
2026-03-31 11:08:00,3500,3500,3495,3500,519
2026-03-31 11:10:00,3500,3500,3495,3500,3291
2026-03-31 11:11:00,3505,3515,3495,3500,3293
2026-03-31 11:12:00,3495,3495,3495,3495,133
2026-03-31 11:13:00,3490,3500,3490,3490,1086
2026-03-31 11:14:00,3490,3490,3480,3485,1613
2026-03-31 11:15:00,3485,3485,3480,3480,20
2026-03-31 11:16:00,3480,3490,3480,3490,209
2026-03-31 11:17:00,3490,3490,3475,3490,1440
2026-03-31 11:18:00,3490,3490,3480,3490,248
2026-03-31 11:19:00,3490,3490,3475,3475,1107
2026-03-31 11:20:00,3485,3485,3480,3485,10
2026-03-31 11:21:00,3485,3490,3485,3485,705
2026-03-31 11:22:00,3480,3485,3480,3480,1087
2026-03-31 11:23:00,3480,3485,3480,3485,1560
2026-03-31 11:24:00,3485,3485,3480,3485,10
2026-03-31 11:25:00,3480,3485,3480,3485,1887
2026-03-31 11:26:00,3485,3485,3480,3480,118
2026-03-31 11:27:00,3485,3485,3480,3480,291
2026-03-31 11:28:00,3485,3485,3480,3485,87
2026-03-31 11:29:00,3485,3485,3480,3485,29
2026-03-31 11:30:00,3485,3485,3485,3485,421
2026-03-31 11:31:00,3485,3490,3480,3490,170
2026-03-31 11:32:00,3490,3490,3490,3490,7
2026-03-31 11:33:00,3490,3490,3490,3490,4
2026-03-31 11:34:00,3485,3485,3485,3485,200
2026-03-31 11:35:00,3485,3485,3480,3485,1965
2026-03-31 11:36:00,3485,3490,3480,3480,502
2026-03-31 11:37:00,3490,3490,3480,3480,117
2026-03-31 11:38:00,3480,3490,3480,3490,94
2026-03-31 11:39:00,3490,3490,3490,3490,75
2026-03-31 11:40:00,3490,3490,3490,3490,1107
2026-03-31 11:41:00,3490,3490,3490,3490,5
2026-03-31 11:42:00,3490,3490,3485,3485,306
2026-03-31 11:43:00,3485,3490,3480,3490,1415
2026-03-31 11:44:00,3480,3490,3480,3490,83
2026-03-31 11:45:00,3490,3490,3490,3490,2
2026-03-31 11:46:00,3490,3490,3490,3490,164
2026-03-31 11:47:00,3485,3490,3485,3490,1993
2026-03-31 11:48:00,3490,3490,3490,3490,53
2026-03-31 11:49:00,3495,3495,3490,3495,210
2026-03-31 11:50:00,3495,3495,3485,3495,252
2026-03-31 11:51:00,3495,3495,3490,3495,377
2026-03-31 11:52:00,3490,3495,3490,3490,19
2026-03-31 11:53:00,3490,3500,3490,3500,258
2026-03-31 11:54:00,3500,3505,3490,3505,174
2026-03-31 11:55:00,3505,3515,3505,3515,114
2026-03-31 11:56:00,3515,3515,3505,3505,139
2026-03-31 11:57:00,3510,3510,3505,3510,24
2026-03-31 11:58:00,3510,3510,3505,3510,5
2026-03-31 11:59:00,3510,3510,3505,3510,55
2026-03-31 12:00:00,3505,3510,3500,3510,363
2026-03-31 12:01:00,3510,3510,3510,3510,4
2026-03-31 12:02:00,3500,3505,3500,3505,25
2026-03-31 12:03:00,3500,3505,3485,3500,3379
2026-03-31 12:04:00,3500,3500,3500,3500,5
2026-03-31 12:05:00,3500,3500,3490,3490,19
2026-03-31 12:06:00,3495,3495,3485,3495,608
2026-03-31 12:07:00,3495,3495,3490,3495,3006
2026-03-31 12:08:00,3500,3500,3500,3500,3
2026-03-31 12:09:00,3500,3500,3500,3500,1
2026-03-31 12:10:00,3500,3500,3500,3500,4
2026-03-31 12:11:00,3495,3500,3485,3500,987
2026-03-31 12:12:00,3500,3500,3485,3485,327
2026-03-31 12:13:00,3495,3500,3495,3500,27
2026-03-31 12:14:00,3500,3510,3500,3510,109
2026-03-31 12:15:00,3510,3510,3505,3505,40
2026-03-31 12:16:00,3510,3510,3510,3510,2
2026-03-31 12:17:00,3505,3505,3500,3505,47
2026-03-31 12:18:00,3500,3505,3500,3505,5
2026-03-31 12:19:00,3505,3505,3500,3500,155
2026-03-31 12:20:00,3500,3500,3495,3495,39
2026-03-31 12:21:00,3495,3500,3495,3500,6
2026-03-31 12:22:00,3500,3500,3495,3495,47
2026-03-31 12:23:00,3495,3500,3490,3500,314
2026-03-31 12:24:00,3495,3495,3485,3485,1183
2026-03-31 12:25:00,3490,3495,3485,3485,413
2026-03-31 12:26:00,3490,3495,3485,3485,622
2026-03-31 12:27:00,3485,3485,3480,3485,3071
2026-03-31 12:28:00,3485,3485,3475,3475,4399
2026-03-31 12:29:00,3475,3475,3470,3470,236
2026-03-31 12:30:00,3470,3475,3470,3475,31
2026-03-31 12:31:00,3470,3475,3470,3475,1178
2026-03-31 12:32:00,3475,3475,3470,3475,708
2026-03-31 12:33:00,3470,3470,3460,3460,503
2026-03-31 12:34:00,3460,3465,3455,3465,3024
2026-03-31 12:35:00,3465,3465,3465,3465,521
2026-03-31 12:37:00,3470,3480,3470,3480,3794
2026-03-31 12:38:00,3475,3480,3475,3480,381
2026-03-31 12:39:00,3480,3480,3475,3475,73
2026-03-31 12:40:00,3480,3480,3475,3475,286
2026-03-31 12:41:00,3475,3485,3475,3485,295
2026-03-31 12:42:00,3485,3485,3485,3485,2
2026-03-31 12:43:00,3480,3485,3480,3485,3
2026-03-31 12:44:00,3480,3480,3470,3480,301
2026-03-31 12:45:00,3480,3480,3470,3470,97
2026-03-31 12:46:00,3470,3470,3470,3470,309
2026-03-31 12:47:00,3470,3470,3470,3470,734
2026-03-31 12:48:00,3465,3470,3465,3465,1724
2026-03-31 12:49:00,3465,3465,3460,3465,310
2026-03-31 12:50:00,3465,3465,3460,3460,2761
2026-03-31 12:51:00,3465,3465,3460,3460,997
2026-03-31 12:52:00,3460,3465,3455,3455,2626
2026-03-31 12:53:00,3465,3465,3455,3462,736
2026-03-31 12:54:00,3465,3470,3465,3470,11
2026-03-31 12:55:00,3470,3470,3460,3460,702
2026-03-31 12:56:00,3460,3470,3455,3455,9221
2026-03-31 12:57:00,3470,3470,3460,3465,16
2026-03-31 12:58:00,3470,3470,3470,3470,6
2026-03-31 12:59:00,3465,3465,3455,3465,195
2026-03-31 13:00:00,3465,3465,3455,3455,1686
2026-03-31 13:01:00,3460,3460,3455,3455,1175
2026-03-31 13:02:00,3455,3460,3455,3455,3927
2026-03-31 13:03:00,3460,3465,3455,3455,1055
2026-03-31 13:04:00,3465,3465,3455,3465,636
2026-03-31 13:05:00,3465,3465,3455,3455,108
2026-03-31 13:06:00,3470,3470,3470,3470,1
2026-03-31 13:07:00,3470,3470,3470,3470,5
2026-03-31 13:08:00,3470,3470,3470,3470,22
2026-03-31 13:09:00,3470,3470,3460,3460,508
2026-03-31 13:10:00,3460,3460,3450,3455,3071
2026-03-31 13:11:00,3455,3455,3450,3450,4358
2026-03-31 13:12:00,3450,3455,3450,3450,1338
2026-03-31 13:13:00,3455,3455,3450,3455,21
2026-03-31 13:14:00,3455,3455,3440,3445,2817
2026-03-31 13:15:00,3445,3450,3440,3445,1131
2026-03-31 13:16:00,3445,3445,3435,3435,2176
2026-03-31 13:17:00,3440,3445,3435,3435,2225
2026-03-31 13:18:00,3435,3440,3430,3430,2829
2026-03-31 13:19:00,3435,3440,3430,3440,343
2026-03-31 13:20:00,3440,3445,3430,3445,1211
2026-03-31 13:21:00,3445,3445,3430,3435,23
2026-03-31 13:22:00,3435,3445,3435,3440,294
2026-03-31 13:23:00,3445,3455,3440,3445,894
2026-03-31 13:24:00,3445,3450,3445,3450,415
2026-03-31 13:25:00,3450,3450,3445,3445,24
2026-03-31 13:26:00,3445,3450,3445,3445,825
2026-03-31 13:27:00,3450,3450,3445,3445,3126
2026-03-31 13:28:00,3445,3445,3445,3445,1843
2026-03-31 13:29:00,3445,3450,3445,3445,15
2026-03-31 13:30:00,3450,3455,3445,3455,10353
2026-03-31 13:31:00,3455,3455,3450,3455,81
2026-03-31 13:32:00,3460,3460,3460,3460,175
2026-03-31 13:33:00,3460,3460,3455,3455,33
2026-03-31 13:34:00,3455,3455,3455,3455,473
2026-03-31 13:35:00,3450,3460,3445,3460,52
2026-03-31 13:36:00,3450,3460,3440,3450,2225
2026-03-31 13:37:00,3460,3465,3450,3450,19
2026-03-31 13:38:00,3455,3465,3450,3450,1689
2026-03-31 13:39:00,3460,3465,3460,3465,16
2026-03-31 13:40:00,3460,3460,3455,3455,238
2026-03-31 13:41:00,3450,3455,3450,3455,9
2026-03-31 13:43:00,3455,3455,3450,3450,489
2026-03-31 13:44:00,3455,3465,3450,3465,801
2026-03-31 13:45:00,3465,3465,3455,3460,256
2026-03-31 13:46:00,3455,3455,3450,3450,763
2026-03-31 13:47:00,3460,3465,3450,3450,1288
2026-03-31 13:48:00,3450,3460,3450,3455,951
2026-03-31 13:49:00,3460,3460,3450,3460,110
2026-03-31 13:50:00,3460,3460,3460,3460,32
2026-03-31 13:51:00,3460,3460,3460,3460,102
2026-03-31 13:52:00,3460,3460,3455,3460,650
2026-03-31 13:53:00,3460,3460,3440,3440,5045
2026-03-31 13:54:00,3440,3460,3440,3440,51
2026-03-31 13:55:00,3440,3460,3440,3445,143
2026-03-31 13:56:00,3440,3445,3440,3440,130
2026-03-31 13:57:00,3445,3450,3445,3450,338
2026-03-31 13:58:00,3450,3455,3450,3450,705
2026-03-31 13:59:00,3450,3450,3445,3445,2357
2026-03-31 14:00:00,3445,3450,3440,3450,282
2026-03-31 14:02:00,3445,3445,3445,3445,62
2026-03-31 14:03:00,3450,3450,3445,3445,329
2026-03-31 14:04:00,3445,3455,3445,3445,1707
2026-03-31 14:05:00,3445,3455,3445,3455,6689
2026-03-31 14:06:00,3455,3455,3455,3455,3
2026-03-31 14:07:00,3450,3455,3450,3450,750
2026-03-31 14:08:00,3450,3450,3445,3445,522
2026-03-31 14:09:00,3445,3445,3440,3445,475
2026-03-31 14:10:00,3445,3450,3440,3440,716
2026-03-31 14:11:00,3440,3450,3440,3440,920
2026-03-31 14:12:00,3450,3450,3445,3445,5
2026-03-31 14:13:00,3445,3450,3440,3440,5746
2026-03-31 14:14:00,3440,3450,3435,3435,1571
2026-03-31 14:15:00,3445,3445,3425,3440,8246
2026-03-31 14:16:00,3440,3440,3425,3425,500
2026-03-31 14:17:00,3420,3435,3420,3430,8100
2026-03-31 14:18:00,3430,3430,3425,3430,214
2026-03-31 14:19:00,3425,3435,3425,3435,12991
2026-03-31 14:20:00,3430,3440,3425,3435,847
2026-03-31 14:21:00,3440,3450,3435,3450,102
2026-03-31 14:22:00,3445,3450,3435,3435,240
2026-03-31 14:23:00,3445,3445,3445,3445,36
2026-03-31 14:24:00,3445,3455,3445,3445,3075
2026-03-31 14:25:00,3455,3455,3450,3450,360
2026-03-31 14:26:00,3450,3465,3450,3465,3441
2026-03-31 14:27:00,3465,3465,3460,3460,180
2026-03-31 14:29:00,3465,3465,3465,3465,3049
2026-03-31 14:30:00,3460,3460,3455,3455,236
2026-03-31 14:31:00,3455,3455,3450,3450,97
2026-03-31 14:32:00,3450,3450,3445,3445,563
2026-03-31 14:33:00,3445,3450,3445,3450,833
2026-03-31 14:34:00,3450,3465,3450,3460,10
2026-03-31 14:35:00,3460,3460,3460,3460,2
2026-03-31 14:36:00,3455,3460,3455,3455,134
2026-03-31 14:37:00,3455,3455,3445,3445,1034
2026-03-31 14:38:00,3450,3455,3445,3445,2709
2026-03-31 14:39:00,3460,3460,3440,3440,678
2026-03-31 14:40:00,3440,3455,3440,3450,757
2026-03-31 14:41:00,3450,3450,3445,3445,2
2026-03-31 14:42:00,3450,3460,3450,3460,6087
2026-03-31 14:43:00,3455,3455,3455,3455,342
2026-03-31 14:44:00,3455,3455,3455,3455,1
2026-03-31 14:45:00,3450,3455,3440,3455,2128
2026-03-31 14:46:00,3455,3455,3450,3455,4
2026-03-31 14:47:00,3455,3455,3450,3455,107
2026-03-31 14:48:00,3455,3455,3440,3445,2135
2026-03-31 14:49:00,3445,3470,3445,3470,4533
2026-03-31 14:50:00,3470,3475,3470,3475,215
2026-03-31 14:51:00,3465,3480,3465,3480,314
2026-03-31 14:52:00,3475,3475,3475,3475,1
2026-03-31 14:53:00,3470,3475,3465,3465,2307
2026-03-31 14:54:00,3470,3470,3465,3470,617
2026-03-31 14:55:00,3470,3470,3455,3460,868
2026-03-31 14:56:00,3460,3460,3460,3460,1071
2026-03-31 14:57:00,3460,3460,3460,3460,33
2026-03-31 14:58:00,3460,3460,3460,3460,403
2026-03-31 14:59:00,3460,3460,3455,3455,73
2026-03-31 15:00:00,3460,3470,3460,3470,12
2026-03-31 15:01:00,3470,3470,3455,3455,1483
2026-03-31 15:02:00,3455,3455,3450,3450,100
2026-03-31 15:03:00,3450,3450,3445,3445,938
2026-03-31 15:04:00,3445,3445,3445,3445,452
2026-03-31 15:05:00,3445,3445,3435,3435,3103
2026-03-31 15:06:00,3435,3440,3435,3435,1205
2026-03-31 15:07:00,3435,3440,3435,3440,374
2026-03-31 15:08:00,3435,3440,3435,3435,714
2026-03-31 15:09:00,3435,3435,3425,3430,6111
2026-03-31 15:10:00,3430,3430,3425,3430,2063
2026-03-31 15:11:00,3430,3430,3430,3430,7494
2026-03-31 15:12:00,3435,3435,3425,3425,854
2026-03-31 15:13:00,3425,3435,3405,3425,14140
2026-03-31 15:14:00,3425,3430,3405,3410,4355
2026-03-31 15:15:00,3415,3430,3415,3430,1229
2026-03-31 15:16:00,3425,3430,3420,3425,878
2026-03-31 15:17:00,3425,3430,3415,3425,2020
2026-03-31 15:18:00,3425,3425,3405,3415,5389
2026-03-31 15:19:00,3425,3440,3425,3440,868
2026-03-31 15:30:00,3430,3430,3430,3430,8566
2026-03-31 15:35:00,3430,3430,3430,3430,991
2026-04-01 09:00:00,3465,3515,3465,3510,20627
2026-04-01 09:01:00,3510,3510,3490,3510,15383
2026-04-01 09:02:00,3500,3500,3475,3475,5203
2026-04-01 09:03:00,3490,3495,3480,3495,5989
2026-04-01 09:04:00,3495,3495,3465,3480,4486
2026-04-01 09:05:00,3480,3480,3460,3460,7197
2026-04-01 09:06:00,3475,3480,3470,3470,6194
2026-04-01 09:07:00,3470,3480,3460,3465,9761
2026-04-01 09:08:00,3480,3480,3465,3465,663
2026-04-01 09:09:00,3475,3490,3470,3490,3579
2026-04-01 09:10:00,3490,3495,3480,3490,2744
2026-04-01 09:11:00,3485,3495,3485,3495,3997
2026-04-01 09:12:00,3495,3510,3490,3500,6053
2026-04-01 09:13:00,3505,3515,3500,3515,5462
2026-04-01 09:14:00,3510,3515,3500,3505,1316
2026-04-01 09:15:00,3500,3520,3500,3520,9139
2026-04-01 09:16:00,3520,3535,3520,3530,5617
2026-04-01 09:17:00,3530,3535,3525,3535,6170
2026-04-01 09:18:00,3530,3540,3530,3540,9475
2026-04-01 09:19:00,3535,3540,3535,3540,8435
2026-04-01 09:20:00,3540,3550,3535,3535,3368
2026-04-01 09:21:00,3535,3540,3535,3535,4795
2026-04-01 09:22:00,3540,3540,3525,3530,1622
2026-04-01 09:23:00,3525,3525,3525,3525,1388
2026-04-01 09:24:00,3525,3525,3515,3515,2086
2026-04-01 09:25:00,3520,3520,3515,3515,5044
2026-04-01 09:26:00,3515,3515,3510,3515,1850
2026-04-01 09:27:00,3510,3515,3510,3515,3435
2026-04-01 09:28:00,3515,3525,3515,3520,321
2026-04-01 09:29:00,3520,3520,3520,3520,948
2026-04-01 09:30:00,3520,3520,3510,3510,14592
2026-04-01 09:31:00,3510,3515,3510,3515,1426
2026-04-01 09:32:00,3515,3520,3510,3520,3491
2026-04-01 09:33:00,3520,3520,3515,3515,368
2026-04-01 09:34:00,3520,3522,3520,3520,957
2026-04-01 09:35:00,3520,3525,3520,3520,1005
2026-04-01 09:36:00,3525,3530,3520,3520,2673
2026-04-01 09:37:00,3520,3530,3520,3530,6116
2026-04-01 09:38:00,3530,3535,3530,3535,484
2026-04-01 09:39:00,3535,3535,3530,3535,368
2026-04-01 09:40:00,3535,3535,3530,3530,3853
2026-04-01 09:41:00,3530,3540,3530,3540,5327
2026-04-01 09:42:00,3540,3550,3540,3550,8707
2026-04-01 09:43:00,3550,3550,3545,3545,1863
2026-04-01 09:44:00,3545,3550,3545,3550,359
2026-04-01 09:45:00,3550,3550,3545,3545,576
2026-04-01 09:46:00,3550,3550,3545,3545,2169
2026-04-01 09:47:00,3550,3560,3545,3560,680
2026-04-01 09:48:00,3555,3565,3555,3555,2941
2026-04-01 09:49:00,3555,3562,3550,3550,7125
2026-04-01 09:50:00,3555,3555,3550,3550,612
2026-04-01 09:51:00,3550,3555,3550,3550,2273
2026-04-01 09:52:00,3550,3560,3550,3560,834
2026-04-01 09:53:00,3555,3555,3545,3550,2207
2026-04-01 09:54:00,3550,3550,3545,3550,2826
2026-04-01 09:55:00,3550,3550,3545,3545,302
2026-04-01 09:56:00,3550,3550,3550,3550,37
2026-04-01 09:57:00,3555,3555,3550,3555,2802
2026-04-01 09:58:00,3560,3565,3550,3555,8953
2026-04-01 09:59:00,3560,3575,3560,3575,7785
2026-04-01 10:00:00,3575,3580,3570,3580,1438
2026-04-01 10:01:00,3580,3585,3580,3585,2047
2026-04-01 10:02:00,3585,3585,3580,3585,420
2026-04-01 10:03:00,3585,3590,3580,3590,4478
2026-04-01 10:04:00,3590,3595,3585,3595,8071
2026-04-01 10:05:00,3590,3590,3585,3585,1782
2026-04-01 10:06:00,3585,3585,3580,3580,996
2026-04-01 10:07:00,3580,3585,3580,3580,608
2026-04-01 10:08:00,3580,3580,3570,3570,1576
2026-04-01 10:09:00,3570,3570,3565,3565,454
2026-04-01 10:10:00,3565,3570,3540,3570,1792
2026-04-01 10:11:00,3550,3575,3550,3555,684
2026-04-01 10:12:00,3555,3575,3555,3560,691
2026-04-01 10:13:00,3575,3585,3565,3580,5904
2026-04-01 10:14:00,3565,3575,3565,3575,1343
2026-04-01 10:15:00,3575,3575,3565,3565,53
2026-04-01 10:16:00,3570,3585,3570,3585,1088
2026-04-01 10:17:00,3580,3590,3580,3590,1002
2026-04-01 10:18:00,3580,3595,3580,3595,1154
2026-04-01 10:19:00,3595,3595,3590,3590,886
2026-04-01 10:20:00,3590,3595,3590,3595,366
2026-04-01 10:21:00,3590,3595,3585,3590,2107
2026-04-01 10:22:00,3590,3600,3585,3595,5647
2026-04-01 10:23:00,3595,3595,3590,3590,233
2026-04-01 10:24:00,3587,3587,3587,3587,143
2026-04-01 10:25:00,3587,3590,3585,3585,559
2026-04-01 10:26:00,3585,3585,3570,3570,1151
2026-04-01 10:27:00,3575,3580,3565,3565,2218
2026-04-01 10:28:00,3570,3570,3560,3570,929
2026-04-01 10:29:00,3575,3580,3575,3580,1070
2026-04-01 10:30:00,3580,3580,3575,3575,6
2026-04-01 10:31:00,3575,3580,3575,3580,864
2026-04-01 10:32:00,3585,3590,3585,3585,3
2026-04-01 10:33:00,3585,3595,3580,3595,2405
2026-04-01 10:34:00,3595,3600,3595,3600,3554
2026-04-01 10:35:00,3600,3605,3595,3595,2111
2026-04-01 10:36:00,3595,3600,3595,3595,709
2026-04-01 10:37:00,3600,3600,3595,3595,945
2026-04-01 10:38:00,3595,3595,3590,3590,1020
2026-04-01 10:39:00,3585,3595,3585,3595,355
2026-04-01 10:40:00,3595,3600,3595,3600,1105
2026-04-01 10:41:00,3600,3600,3600,3600,916
2026-04-01 10:42:00,3600,3600,3590,3600,2154
2026-04-01 10:43:00,3600,3600,3590,3590,84
2026-04-01 10:44:00,3590,3595,3590,3595,178
2026-04-01 10:45:00,3595,3595,3590,3595,76
2026-04-01 10:46:00,3590,3590,3585,3590,717
2026-04-01 10:47:00,3585,3600,3580,3580,3759
2026-04-01 10:48:00,3595,3595,3580,3595,217
2026-04-01 10:49:00,3595,3600,3595,3600,4197
2026-04-01 10:50:00,3595,3600,3595,3600,4494
2026-04-01 10:51:00,3600,3605,3600,3605,451
2026-04-01 10:52:00,3600,3605,3600,3605,876
2026-04-01 10:53:00,3605,3610,3605,3610,111
2026-04-01 10:54:00,3610,3610,3605,3610,214
2026-04-01 10:55:00,3605,3610,3605,3605,1738
2026-04-01 10:56:00,3600,3600,3600,3600,163
2026-04-01 10:57:00,3600,3605,3600,3600,242
2026-04-01 10:58:00,3605,3605,3600,3605,3214
2026-04-01 10:59:00,3600,3605,3600,3605,651
2026-04-01 11:00:00,3605,3605,3605,3605,206
2026-04-01 11:01:00,3600,3605,3600,3600,751
2026-04-01 11:02:00,3600,3605,3600,3605,3210
2026-04-01 11:03:00,3600,3605,3570,3570,5877
2026-04-01 11:04:00,3600,3605,3600,3605,516
2026-04-01 11:05:00,3600,3600,3575,3585,201
2026-04-01 11:06:00,3585,3600,3585,3600,179
2026-04-01 11:07:00,3585,3605,3585,3605,1013
2026-04-01 11:08:00,3605,3605,3600,3600,48
2026-04-01 11:09:00,3600,3600,3595,3595,66
2026-04-01 11:10:00,3600,3610,3595,3610,3036
2026-04-01 11:11:00,3600,3610,3600,3600,34
2026-04-01 11:12:00,3610,3610,3600,3605,1047
2026-04-01 11:13:00,3605,3610,3605,3610,2303
2026-04-01 11:14:00,3605,3610,3605,3610,192
2026-04-01 11:15:00,3610,3610,3610,3610,4300
2026-04-01 11:16:00,3595,3595,3595,3595,6
2026-04-01 11:17:00,3610,3610,3605,3605,278
2026-04-01 11:18:00,3605,3610,3605,3610,14152
2026-04-01 11:19:00,3615,3615,3610,3610,1212
2026-04-01 11:20:00,3610,3610,3600,3600,74
2026-04-01 11:21:00,3605,3610,3600,3610,9338
2026-04-01 11:22:00,3600,3600,3595,3600,6968
2026-04-01 11:23:00,3600,3600,3600,3600,84
2026-04-01 11:24:00,3605,3615,3605,3615,389
2026-04-01 11:25:00,3615,3615,3615,3615,35
2026-04-01 11:26:00,3615,3615,3600,3600,174
2026-04-01 11:27:00,3605,3605,3605,3605,21
2026-04-01 11:28:00,3600,3610,3600,3610,6608
2026-04-01 11:29:00,3610,3615,3610,3610,6
2026-04-01 11:30:00,3610,3610,3605,3605,1458
2026-04-01 11:31:00,3610,3610,3600,3600,35860
2026-04-01 11:32:00,3605,3610,3600,3610,4629
2026-04-01 11:33:00,3605,3605,3600,3600,1840
2026-04-01 11:34:00,3600,3600,3600,3600,1308
2026-04-01 11:35:00,3600,3600,3600,3600,1600
2026-04-01 11:36:00,3600,3600,3600,3600,6
2026-04-01 11:37:00,3605,3605,3605,3605,4
2026-04-01 11:38:00,3605,3605,3605,3605,883
2026-04-01 11:39:00,3610,3615,3610,3615,3703
2026-04-01 11:40:00,3615,3615,3615,3615,34
2026-04-01 11:41:00,3615,3615,3615,3615,1
2026-04-01 11:42:00,3615,3615,3615,3615,2700
2026-04-01 11:43:00,3615,3620,3610,3620,4136
2026-04-01 11:44:00,3620,3625,3620,3625,1477
2026-04-01 11:45:00,3625,3630,3625,3630,2279
2026-04-01 11:46:00,3620,3620,3615,3615,489
2026-04-01 11:47:00,3615,3625,3615,3625,101
2026-04-01 11:48:00,3625,3625,3610,3625,762
2026-04-01 11:49:00,3610,3625,3610,3625,108
2026-04-01 11:50:00,3610,3615,3610,3615,51
2026-04-01 11:51:00,3615,3620,3610,3610,198
2026-04-01 11:52:00,3615,3615,3600,3615,2287
2026-04-01 11:53:00,3615,3615,3615,3615,2
2026-04-01 11:55:00,3610,3610,3600,3610,3170
2026-04-01 11:56:00,3610,3610,3610,3610,130
2026-04-01 11:57:00,3610,3625,3605,3625,12250
2026-04-01 11:58:00,3625,3625,3625,3625,365
2026-04-01 11:59:00,3625,3625,3610,3610,2516
2026-04-01 12:00:00,3620,3620,3610,3620,168
2026-04-01 12:01:00,3620,3620,3620,3620,5
2026-04-01 12:02:00,3615,3615,3615,3615,5
2026-04-01 12:03:00,3615,3615,3615,3615,439
2026-04-01 12:04:00,3615,3620,3610,3615,5109
2026-04-01 12:05:00,3615,3625,3615,3625,21
2026-04-01 12:06:00,3615,3625,3615,3625,509
2026-04-01 12:07:00,3625,3625,3625,3625,945
2026-04-01 12:08:00,3625,3625,3625,3625,767
2026-04-01 12:09:00,3625,3625,3620,3620,29
2026-04-01 12:11:00,3625,3625,3625,3625,360
2026-04-01 12:12:00,3625,3625,3620,3620,2739
2026-04-01 12:13:00,3615,3620,3615,3620,33
2026-04-01 12:14:00,3625,3625,3620,3620,234
2026-04-01 12:15:00,3620,3620,3615,3620,193
2026-04-01 12:16:00,3615,3615,3615,3615,424
2026-04-01 12:17:00,3615,3615,3615,3615,1
2026-04-01 12:18:00,3610,3615,3605,3615,5332
2026-04-01 12:19:00,3615,3615,3615,3615,2003
2026-04-01 12:20:00,3615,3615,3610,3610,188
2026-04-01 12:21:00,3610,3620,3610,3620,1677
2026-04-01 12:23:00,3620,3630,3620,3630,2206
2026-04-01 12:24:00,3625,3625,3625,3625,2
2026-04-01 12:25:00,3625,3625,3625,3625,207
2026-04-01 12:26:00,3625,3625,3625,3625,3
2026-04-01 12:27:00,3625,3625,3625,3625,5000
2026-04-01 12:28:00,3620,3620,3620,3620,1065
2026-04-01 12:29:00,3630,3630,3625,3625,2
2026-04-01 12:30:00,3625,3625,3620,3620,116
2026-04-01 12:31:00,3625,3625,3625,3625,5071
2026-04-01 12:32:00,3625,3625,3625,3625,11
2026-04-01 12:33:00,3625,3625,3625,3625,2
2026-04-01 12:34:00,3625,3630,3625,3630,584
2026-04-01 12:35:00,3630,3630,3625,3625,1334
2026-04-01 12:36:00,3625,3625,3625,3625,10
2026-04-01 12:37:00,3625,3625,3625,3625,453
2026-04-01 12:38:00,3625,3630,3625,3625,1576
2026-04-01 12:39:00,3625,3625,3625,3625,1299
2026-04-01 12:40:00,3625,3625,3620,3620,156
2026-04-01 12:41:00,3625,3645,3625,3645,21273
2026-04-01 12:42:00,3640,3645,3640,3645,98
2026-04-01 12:43:00,3645,3645,3645,3645,2250
2026-04-01 12:44:00,3645,3645,3640,3640,104
2026-04-01 12:45:00,3640,3645,3640,3645,905
2026-04-01 12:46:00,3645,3645,3640,3645,5893
2026-04-01 12:47:00,3645,3645,3645,3645,890
2026-04-01 12:48:00,3645,3645,3645,3645,3505
2026-04-01 12:49:00,3645,3645,3645,3645,1441
2026-04-01 12:50:00,3645,3650,3645,3650,530
2026-04-01 12:51:00,3650,3650,3645,3650,1179
2026-04-01 12:52:00,3645,3650,3640,3640,914
2026-04-01 12:53:00,3640,3640,3640,3640,17
2026-04-01 12:54:00,3640,3640,3625,3625,1256
2026-04-01 12:55:00,3635,3640,3625,3640,109
2026-04-01 12:56:00,3640,3640,3635,3635,147
2026-04-01 12:57:00,3640,3640,3635,3640,93
2026-04-01 12:58:00,3635,3640,3635,3640,364
2026-04-01 12:59:00,3640,3640,3635,3635,492
2026-04-01 13:00:00,3635,3635,3630,3630,11
2026-04-01 13:01:00,3630,3630,3630,3630,35
2026-04-01 13:02:00,3625,3630,3620,3620,758
2026-04-01 13:03:00,3620,3620,3600,3620,5679
2026-04-01 13:04:00,3620,3620,3605,3620,982
2026-04-01 13:05:00,3620,3620,3620,3620,92
2026-04-01 13:06:00,3620,3625,3620,3625,1150
2026-04-01 13:07:00,3625,3625,3625,3625,510
2026-04-01 13:08:00,3620,3620,3620,3620,555
2026-04-01 13:09:00,3620,3620,3620,3620,33
2026-04-01 13:10:00,3620,3620,3615,3620,568
2026-04-01 13:11:00,3625,3625,3615,3615,1040
2026-04-01 13:12:00,3620,3620,3620,3620,141
2026-04-01 13:13:00,3620,3620,3620,3620,10
2026-04-01 13:14:00,3620,3630,3620,3630,3063
2026-04-01 13:15:00,3630,3630,3630,3630,2
2026-04-01 13:16:00,3615,3630,3615,3630,332
2026-04-01 13:17:00,3630,3630,3615,3630,355
2026-04-01 13:18:00,3615,3615,3615,3615,200
2026-04-01 13:19:00,3615,3615,3615,3615,790
2026-04-01 13:20:00,3615,3615,3605,3605,2282
2026-04-01 13:21:00,3610,3610,3605,3605,788
2026-04-01 13:22:00,3605,3605,3600,3605,540
2026-04-01 13:23:00,3605,3605,3605,3605,5
2026-04-01 13:24:00,3620,3620,3605,3605,11
2026-04-01 13:25:00,3605,3605,3605,3605,823
2026-04-01 13:26:00,3605,3620,3600,3620,363
2026-04-01 13:28:00,3610,3610,3610,3610,2
2026-04-01 13:29:00,3610,3610,3610,3610,45
2026-04-01 13:30:00,3605,3610,3600,3610,2825
2026-04-01 13:31:00,3600,3610,3600,3610,1405
2026-04-01 13:32:00,3610,3615,3610,3615,7817
2026-04-01 13:33:00,3615,3615,3615,3615,1
2026-04-01 13:34:00,3610,3610,3610,3610,13
2026-04-01 13:35:00,3615,3615,3615,3615,530
2026-04-01 13:36:00,3615,3615,3615,3615,100
2026-04-01 13:37:00,3610,3630,3610,3615,3792
2026-04-01 13:38:00,3615,3615,3610,3610,1457
2026-04-01 13:39:00,3610,3610,3610,3610,10
2026-04-01 13:40:00,3610,3615,3610,3615,1351
2026-04-01 13:43:00,3620,3620,3615,3615,30
2026-04-01 13:44:00,3615,3615,3615,3615,243
2026-04-01 13:45:00,3610,3615,3610,3615,1517
2026-04-01 13:46:00,3620,3625,3620,3625,857
2026-04-01 13:47:00,3630,3630,3630,3630,14
2026-04-01 13:48:00,3630,3630,3625,3625,11123
2026-04-01 13:50:00,3625,3635,3625,3630,1761
2026-04-01 13:51:00,3630,3630,3630,3630,280
2026-04-01 13:52:00,3630,3635,3630,3635,649
2026-04-01 13:53:00,3635,3635,3635,3635,31
2026-04-01 13:55:00,3630,3630,3630,3630,1556
2026-04-01 13:56:00,3625,3625,3620,3620,1173
2026-04-01 13:57:00,3625,3625,3625,3625,8059
2026-04-01 13:58:00,3625,3625,3620,3625,3550
2026-04-01 13:59:00,3620,3625,3620,3620,4269
2026-04-01 14:00:00,3615,3620,3615,3620,787
2026-04-01 14:01:00,3610,3610,3610,3610,1930
2026-04-01 14:02:00,3610,3610,3610,3610,7506
2026-04-01 14:04:00,3610,3610,3610,3610,1101
2026-04-01 14:05:00,3620,3620,3610,3620,918
2026-04-01 14:06:00,3620,3620,3620,3620,55
2026-04-01 14:07:00,3625,3625,3620,3620,63
2026-04-01 14:08:00,3620,3620,3620,3620,181
2026-04-01 14:09:00,3620,3630,3620,3630,203
2026-04-01 14:10:00,3630,3630,3630,3630,743
2026-04-01 14:11:00,3630,3630,3620,3620,257
2026-04-01 14:12:00,3620,3620,3620,3620,647
2026-04-01 14:13:00,3620,3620,3620,3620,3584
2026-04-01 14:14:00,3615,3620,3615,3620,1216
2026-04-01 14:15:00,3620,3620,3615,3620,3419
2026-04-01 14:16:00,3620,3620,3615,3615,12
2026-04-01 14:18:00,3615,3615,3615,3615,359
2026-04-01 14:19:00,3615,3625,3615,3625,142
2026-04-01 14:20:00,3625,3630,3625,3630,3569
2026-04-01 14:21:00,3630,3630,3630,3630,67
2026-04-01 14:22:00,3630,3630,3620,3620,1117
2026-04-01 14:23:00,3625,3625,3625,3625,3284
2026-04-01 14:24:00,3625,3630,3625,3625,611
2026-04-01 14:25:00,3625,3630,3620,3630,3208
2026-04-01 14:26:00,3630,3630,3625,3630,844
2026-04-01 14:27:00,3630,3630,3625,3625,44
2026-04-01 14:28:00,3625,3625,3620,3620,611
2026-04-01 14:29:00,3620,3625,3620,3625,14
2026-04-01 14:30:00,3625,3625,3620,3620,1563
2026-04-01 14:31:00,3620,3625,3620,3625,191
2026-04-01 14:32:00,3620,3625,3620,3625,167
2026-04-01 14:33:00,3620,3620,3620,3620,302
2026-04-01 14:34:00,3620,3630,3620,3630,9000
2026-04-01 14:36:00,3625,3630,3625,3625,1795
2026-04-01 14:37:00,3625,3625,3625,3625,100
2026-04-01 14:38:00,3630,3630,3630,3630,246
2026-04-01 14:39:00,3630,3630,3630,3630,390
2026-04-01 14:40:00,3630,3635,3630,3635,488
2026-04-01 14:41:00,3635,3640,3635,3640,643
2026-04-01 14:42:00,3635,3635,3635,3635,50
2026-04-01 14:43:00,3635,3635,3635,3635,120
2026-04-01 14:44:00,3635,3635,3635,3635,264
2026-04-01 14:45:00,3635,3635,3630,3635,365
2026-04-01 14:46:00,3635,3640,3635,3635,550
2026-04-01 14:47:00,3635,3640,3635,3640,148
2026-04-01 14:48:00,3640,3645,3635,3645,2737
2026-04-01 14:49:00,3645,3645,3645,3645,2735
2026-04-01 14:50:00,3645,3650,3640,3650,4494
2026-04-01 14:51:00,3650,3650,3645,3650,2610
2026-04-01 14:52:00,3645,3650,3645,3650,444
2026-04-01 14:53:00,3645,3650,3645,3645,486
2026-04-01 14:54:00,3645,3650,3640,3645,3885
2026-04-01 14:55:00,3645,3645,3645,3645,200
2026-04-01 14:56:00,3645,3650,3640,3640,3328
2026-04-01 14:57:00,3640,3650,3635,3635,10447
2026-04-01 14:58:00,3645,3645,3635,3640,20
2026-04-01 14:59:00,3645,3645,3640,3640,132
2026-04-01 15:00:00,3640,3645,3640,3640,330
2026-04-01 15:01:00,3645,3645,3640,3640,2717
2026-04-01 15:02:00,3635,3640,3635,3635,460
2026-04-01 15:03:00,3640,3640,3635,3635,1923
2026-04-01 15:04:00,3635,3645,3635,3640,1055
2026-04-01 15:05:00,3640,3645,3635,3640,5357
2026-04-01 15:06:00,3640,3650,3640,3650,2419
2026-04-01 15:07:00,3650,3650,3650,3650,104
2026-04-01 15:08:00,3645,3650,3635,3640,2055
2026-04-01 15:09:00,3640,3645,3635,3640,4553
2026-04-01 15:10:00,3635,3640,3620,3630,6412
2026-04-01 15:11:00,3640,3645,3625,3635,1900
2026-04-01 15:12:00,3640,3645,3635,3645,1579
2026-04-01 15:13:00,3645,3645,3635,3645,1489
2026-04-01 15:14:00,3635,3645,3635,3645,898
2026-04-01 15:15:00,3645,3645,3635,3635,1286
2026-04-01 15:16:00,3635,3640,3630,3630,855
2026-04-01 15:17:00,3630,3635,3630,3635,72
2026-04-01 15:18:00,3630,3640,3630,3635,1032
2026-04-01 15:19:00,3635,3645,3625,3645,4527
2026-04-01 15:30:00,3650,3650,3650,3650,14706
2026-04-01 15:35:00,3650,3650,3650,3650,1807
2026-04-02 09:00:00,3650,3655,3600,3640,14061
2026-04-02 09:01:00,3645,3655,3610,3610,1820
2026-04-02 09:02:00,3630,3640,3605,3635,4441
2026-04-02 09:03:00,3635,3635,3590,3590,5898
2026-04-02 09:04:00,3590,3615,3580,3585,11051
2026-04-02 09:05:00,3585,3610,3585,3600,1359
2026-04-02 09:06:00,3590,3595,3585,3585,4028
2026-04-02 09:07:00,3585,3590,3580,3585,3055
2026-04-02 09:08:00,3585,3585,3575,3575,1497
2026-04-02 09:09:00,3575,3580,3575,3580,1903
2026-04-02 09:10:00,3575,3580,3570,3575,9149
2026-04-02 09:11:00,3575,3575,3540,3540,9049
2026-04-02 09:12:00,3545,3560,3540,3545,7666
2026-04-02 09:13:00,3545,3550,3545,3550,3456
2026-04-02 09:14:00,3550,3550,3530,3530,22884
2026-04-02 09:15:00,3530,3550,3525,3525,5107
2026-04-02 09:16:00,3545,3550,3530,3550,3052
2026-04-02 09:17:00,3550,3550,3540,3545,1070
2026-04-02 09:18:00,3545,3545,3540,3545,909
2026-04-02 09:19:00,3545,3555,3545,3555,606
2026-04-02 09:20:00,3555,3570,3555,3570,256
2026-04-02 09:21:00,3570,3570,3550,3565,1751
2026-04-02 09:22:00,3550,3565,3550,3560,6071
2026-04-02 09:23:00,3560,3565,3555,3560,570
2026-04-02 09:24:00,3560,3565,3545,3550,5464
2026-04-02 09:25:00,3550,3550,3540,3550,2289
2026-04-02 09:26:00,3550,3550,3535,3545,6999
2026-04-02 09:27:00,3545,3545,3535,3545,1859
2026-04-02 09:28:00,3550,3550,3540,3540,1493
2026-04-02 09:29:00,3540,3550,3540,3550,263
2026-04-02 09:30:00,3540,3540,3535,3540,1111
2026-04-02 09:31:00,3540,3545,3535,3545,410
2026-04-02 09:32:00,3545,3545,3525,3530,7650
2026-04-02 09:33:00,3535,3540,3530,3540,654
2026-04-02 09:34:00,3535,3540,3530,3540,59
2026-04-02 09:35:00,3540,3540,3530,3530,609
2026-04-02 09:36:00,3540,3540,3540,3540,105
2026-04-02 09:37:00,3540,3540,3535,3540,24
2026-04-02 09:38:00,3540,3540,3535,3540,466
2026-04-02 09:39:00,3540,3540,3530,3530,54
2026-04-02 09:40:00,3532,3532,3525,3530,3102
2026-04-02 09:41:00,3530,3540,3530,3540,1124
2026-04-02 09:42:00,3540,3545,3530,3545,3937
2026-04-02 09:43:00,3540,3540,3535,3540,1088
2026-04-02 09:44:00,3545,3545,3540,3545,2278
2026-04-02 09:45:00,3545,3545,3540,3540,210
2026-04-02 09:46:00,3545,3550,3540,3550,384
2026-04-02 09:47:00,3550,3550,3545,3545,155
2026-04-02 09:48:00,3550,3550,3545,3550,231
2026-04-02 09:49:00,3555,3555,3550,3550,12
2026-04-02 09:50:00,3550,3560,3550,3555,1070
2026-04-02 09:51:00,3555,3570,3555,3570,356
2026-04-02 09:52:00,3570,3570,3560,3560,509
2026-04-02 09:53:00,3565,3565,3555,3560,360
2026-04-02 09:54:00,3560,3565,3555,3565,1962
2026-04-02 09:55:00,3565,3565,3562,3565,206
2026-04-02 09:56:00,3565,3570,3565,3570,350
2026-04-02 09:57:00,3570,3570,3565,3565,7
2026-04-02 09:58:00,3565,3570,3565,3570,381
2026-04-02 09:59:00,3565,3565,3550,3550,4489
2026-04-02 10:00:00,3560,3560,3560,3560,179
2026-04-02 10:01:00,3560,3560,3555,3560,336
2026-04-02 10:02:00,3560,3560,3550,3555,877
2026-04-02 10:03:00,3550,3550,3540,3540,3161
2026-04-02 10:04:00,3540,3540,3530,3540,1207
2026-04-02 10:05:00,3530,3540,3530,3530,1179
2026-04-02 10:06:00,3530,3535,3525,3525,1721
2026-04-02 10:07:00,3525,3530,3520,3530,5601
2026-04-02 10:08:00,3530,3530,3520,3525,3241
2026-04-02 10:09:00,3525,3555,3525,3545,6882
2026-04-02 10:10:00,3545,3550,3545,3550,127
2026-04-02 10:11:00,3555,3555,3525,3525,1672
2026-04-02 10:12:00,3540,3545,3540,3540,2037
2026-04-02 10:13:00,3540,3550,3540,3550,422
2026-04-02 10:14:00,3550,3550,3550,3550,1093
2026-04-02 10:15:00,3555,3555,3535,3550,1055
2026-04-02 10:16:00,3550,3550,3550,3550,5165
2026-04-02 10:17:00,3550,3550,3545,3550,395
2026-04-02 10:18:00,3550,3550,3535,3540,1378
2026-04-02 10:19:00,3535,3535,3520,3520,3392
2026-04-02 10:20:00,3520,3545,3520,3520,1130
2026-04-02 10:21:00,3540,3540,3515,3520,590
2026-04-02 10:22:00,3530,3530,3515,3515,2234
2026-04-02 10:23:00,3515,3530,3515,3520,1666
2026-04-02 10:24:00,3515,3530,3510,3530,2576
2026-04-02 10:25:00,3525,3525,3510,3520,5538
2026-04-02 10:26:00,3505,3515,3490,3490,27732
2026-04-02 10:27:00,3495,3515,3490,3515,7529
2026-04-02 10:28:00,3510,3510,3510,3510,210
2026-04-02 10:29:00,3510,3520,3510,3520,3185
2026-04-02 10:30:00,3520,3525,3505,3505,2164
2026-04-02 10:31:00,3520,3520,3505,3505,1655
2026-04-02 10:32:00,3505,3505,3485,3485,10730
2026-04-02 10:33:00,3485,3485,3480,3480,1953
2026-04-02 10:34:00,3480,3485,3480,3480,1650
2026-04-02 10:35:00,3480,3495,3480,3495,2463
2026-04-02 10:36:00,3495,3510,3495,3500,6502
2026-04-02 10:37:00,3510,3510,3500,3510,2520
2026-04-02 10:38:00,3510,3510,3505,3510,265
2026-04-02 10:39:00,3505,3510,3505,3510,720
2026-04-02 10:40:00,3510,3520,3510,3520,997
2026-04-02 10:41:00,3515,3515,3500,3500,2625
2026-04-02 10:42:00,3505,3510,3500,3510,1785
2026-04-02 10:43:00,3510,3510,3495,3505,3184
2026-04-02 10:44:00,3505,3505,3485,3485,7136
2026-04-02 10:45:00,3490,3490,3485,3490,1068
2026-04-02 10:46:00,3490,3495,3485,3485,3125
2026-04-02 10:47:00,3485,3490,3485,3485,4348
2026-04-02 10:48:00,3485,3490,3475,3490,3195
2026-04-02 10:49:00,3485,3500,3470,3485,7185
2026-04-02 10:50:00,3485,3495,3465,3475,12345
2026-04-02 10:51:00,3490,3490,3485,3490,1498
2026-04-02 10:52:00,3490,3495,3490,3495,1770
2026-04-02 10:53:00,3490,3495,3480,3480,177
2026-04-02 10:54:00,3490,3495,3480,3485,1053
2026-04-02 10:55:00,3480,3480,3470,3475,4648
2026-04-02 10:56:00,3480,3485,3480,3480,472
2026-04-02 10:57:00,3480,3495,3480,3495,507
2026-04-02 10:58:00,3495,3495,3490,3490,1992
2026-04-02 10:59:00,3495,3495,3495,3495,52
2026-04-02 11:00:00,3495,3495,3475,3480,961
2026-04-02 11:01:00,3480,3480,3465,3465,4078
2026-04-02 11:02:00,3465,3480,3460,3480,4542
2026-04-02 11:03:00,3480,3480,3460,3460,3968
2026-04-02 11:04:00,3465,3465,3460,3460,1923
2026-04-02 11:05:00,3465,3465,3455,3465,5914
2026-04-02 11:06:00,3460,3460,3460,3460,290
2026-04-02 11:07:00,3465,3470,3465,3470,749
2026-04-02 11:08:00,3470,3475,3470,3475,941
2026-04-02 11:09:00,3470,3480,3460,3470,103
2026-04-02 11:10:00,3470,3475,3465,3470,524
2026-04-02 11:11:00,3470,3470,3470,3470,13
2026-04-02 11:12:00,3470,3470,3440,3440,10027
2026-04-02 11:13:00,3455,3460,3450,3460,138
2026-04-02 11:14:00,3460,3460,3450,3450,2196
2026-04-02 11:15:00,3450,3450,3450,3450,1502
2026-04-02 11:16:00,3450,3455,3450,3455,1311
2026-04-02 11:17:00,3455,3455,3450,3450,309
2026-04-02 11:18:00,3450,3455,3450,3450,117
2026-04-02 11:19:00,3450,3450,3450,3450,551
2026-04-02 11:20:00,3450,3455,3450,3455,18
2026-04-02 11:21:00,3450,3450,3450,3450,635
2026-04-02 11:22:00,3450,3455,3445,3455,111
2026-04-02 11:23:00,3450,3450,3435,3440,2195
2026-04-02 11:24:00,3445,3445,3440,3440,267
2026-04-02 11:25:00,3440,3440,3435,3440,577
2026-04-02 11:26:00,3440,3440,3440,3440,7
2026-04-02 11:27:00,3440,3440,3430,3435,5907
2026-04-02 11:28:00,3435,3435,3430,3430,3087
2026-04-02 11:29:00,3430,3430,3420,3425,1030
2026-04-02 11:30:00,3425,3425,3425,3425,63
2026-04-02 11:31:00,3430,3430,3430,3430,30
2026-04-02 11:32:00,3430,3430,3425,3425,54
2026-04-02 11:33:00,3425,3425,3420,3425,4365
2026-04-02 11:34:00,3425,3445,3425,3445,995
2026-04-02 11:35:00,3445,3445,3430,3430,1698
2026-04-02 11:36:00,3440,3440,3425,3425,1291
2026-04-02 11:37:00,3435,3435,3435,3435,112
2026-04-02 11:38:00,3435,3435,3435,3435,9
2026-04-02 11:39:00,3430,3430,3425,3430,2308
2026-04-02 11:40:00,3430,3430,3420,3420,1984
2026-04-02 11:41:00,3430,3435,3430,3435,506
2026-04-02 11:42:00,3440,3440,3440,3440,16
2026-04-02 11:43:00,3440,3440,3440,3440,1
2026-04-02 11:44:00,3435,3440,3435,3440,58
2026-04-02 11:45:00,3440,3440,3440,3440,1178
2026-04-02 11:46:00,3445,3450,3445,3450,5063
2026-04-02 11:48:00,3445,3450,3440,3440,946
2026-04-02 11:49:00,3440,3440,3440,3440,14
2026-04-02 11:50:00,3445,3445,3440,3440,279
2026-04-02 11:51:00,3440,3440,3430,3430,2060
2026-04-02 11:52:00,3440,3440,3440,3440,1425
2026-04-02 11:53:00,3440,3445,3440,3445,281
2026-04-02 11:54:00,3450,3450,3450,3450,6
2026-04-02 11:55:00,3450,3450,3450,3450,165
2026-04-02 11:56:00,3450,3450,3450,3450,3
2026-04-02 11:57:00,3450,3450,3450,3450,50
2026-04-02 11:59:00,3450,3450,3450,3450,102
2026-04-02 12:00:00,3450,3450,3450,3450,607
2026-04-02 12:01:00,3445,3445,3445,3445,620
2026-04-02 12:02:00,3440,3440,3435,3435,4490
2026-04-02 12:03:00,3440,3440,3435,3435,279
2026-04-02 12:04:00,3435,3435,3425,3425,4230
2026-04-02 12:05:00,3425,3430,3425,3430,627
2026-04-02 12:06:00,3425,3430,3425,3430,300
2026-04-02 12:07:00,3430,3445,3425,3445,528
2026-04-02 12:08:00,3445,3445,3445,3445,22
2026-04-02 12:09:00,3445,3450,3445,3450,87
2026-04-02 12:10:00,3445,3450,3445,3450,31
2026-04-02 12:12:00,3445,3450,3445,3450,1300
2026-04-02 12:13:00,3450,3450,3450,3450,5
2026-04-02 12:14:00,3450,3450,3445,3450,1198
2026-04-02 12:15:00,3440,3440,3420,3425,10335
2026-04-02 12:16:00,3425,3440,3425,3440,252
2026-04-02 12:17:00,3440,3445,3440,3445,6152
2026-04-02 12:18:00,3445,3445,3445,3445,348
2026-04-02 12:22:00,3435,3435,3435,3435,24
2026-04-02 12:23:00,3440,3440,3430,3435,2867
2026-04-02 12:24:00,3435,3440,3435,3440,1770
2026-04-02 12:25:00,3440,3440,3435,3435,387
2026-04-02 12:26:00,3435,3435,3435,3435,4
2026-04-02 12:27:00,3430,3435,3430,3430,35
2026-04-02 12:28:00,3435,3435,3435,3435,17
2026-04-02 12:29:00,3430,3430,3430,3430,29
2026-04-02 12:30:00,3430,3430,3430,3430,43
2026-04-02 12:31:00,3435,3435,3435,3435,119
2026-04-02 12:32:00,3435,3435,3430,3430,47
2026-04-02 12:33:00,3435,3435,3435,3435,16
2026-04-02 12:34:00,3435,3435,3435,3435,28
2026-04-02 12:35:00,3435,3435,3420,3420,5325
2026-04-02 12:36:00,3415,3420,3415,3420,1600
2026-04-02 12:37:00,3420,3420,3420,3420,18
2026-04-02 12:38:00,3415,3415,3410,3410,3004
2026-04-02 12:39:00,3415,3415,3415,3415,1166
2026-04-02 12:40:00,3415,3435,3415,3435,60
2026-04-02 12:41:00,3430,3430,3430,3430,60
2026-04-02 12:42:00,3430,3430,3430,3430,20
2026-04-02 12:43:00,3425,3425,3415,3420,19477
2026-04-02 12:44:00,3420,3420,3410,3415,1198
2026-04-02 12:45:00,3415,3415,3415,3415,289
2026-04-02 12:46:00,3415,3415,3410,3415,140
2026-04-02 12:47:00,3415,3415,3410,3415,6694
2026-04-02 12:48:00,3415,3415,3410,3410,827
2026-04-02 12:49:00,3410,3410,3410,3410,3
2026-04-02 12:50:00,3410,3410,3405,3405,6193
2026-04-02 12:51:00,3410,3410,3410,3410,767
2026-04-02 12:52:00,3410,3410,3405,3405,366
2026-04-02 12:53:00,3405,3405,3405,3405,160
2026-04-02 12:54:00,3400,3405,3400,3400,1150
2026-04-02 12:55:00,3400,3400,3400,3400,546
2026-04-02 12:56:00,3400,3400,3400,3400,3007
2026-04-02 12:57:00,3400,3400,3395,3400,2000
2026-04-02 12:59:00,3400,3400,3395,3400,812
2026-04-02 13:00:00,3395,3395,3390,3395,1585
2026-04-02 13:01:00,3400,3410,3400,3410,1778
2026-04-02 13:02:00,3410,3410,3410,3410,107
2026-04-02 13:03:00,3410,3410,3400,3400,58
2026-04-02 13:04:00,3410,3410,3410,3410,1005
2026-04-02 13:05:00,3410,3410,3410,3410,98
2026-04-02 13:06:00,3410,3410,3410,3410,42
2026-04-02 13:07:00,3405,3410,3405,3410,104
2026-04-02 13:08:00,3400,3400,3400,3400,37
2026-04-02 13:10:00,3405,3405,3405,3405,77
2026-04-02 13:11:00,3405,3405,3405,3405,48
2026-04-02 13:12:00,3410,3410,3410,3410,1
2026-04-02 13:13:00,3410,3410,3410,3410,296
2026-04-02 13:14:00,3415,3415,3415,3415,2134
2026-04-02 13:15:00,3420,3420,3420,3420,327
2026-04-02 13:16:00,3425,3425,3415,3415,802
2026-04-02 13:17:00,3430,3440,3430,3440,296
2026-04-02 13:18:00,3440,3440,3440,3440,710
2026-04-02 13:19:00,3440,3440,3430,3430,942
2026-04-02 13:20:00,3430,3430,3425,3425,1292
2026-04-02 13:21:00,3425,3425,3420,3420,4
2026-04-02 13:22:00,3420,3420,3415,3415,631
2026-04-02 13:23:00,3415,3420,3415,3420,201
2026-04-02 13:24:00,3420,3420,3420,3420,582
2026-04-02 13:25:00,3420,3420,3420,3420,229
2026-04-02 13:26:00,3420,3420,3420,3420,50
2026-04-02 13:27:00,3420,3420,3415,3415,3513
2026-04-02 13:28:00,3420,3420,3420,3420,223
2026-04-02 13:29:00,3420,3420,3420,3420,9
2026-04-02 13:30:00,3415,3415,3415,3415,29
2026-04-02 13:31:00,3415,3415,3415,3415,6
2026-04-02 13:33:00,3420,3420,3420,3420,10
2026-04-02 13:34:00,3420,3420,3420,3420,50
2026-04-02 13:35:00,3420,3420,3420,3420,2
2026-04-02 13:36:00,3415,3415,3410,3410,5449
2026-04-02 13:38:00,3410,3410,3405,3405,986
2026-04-02 13:39:00,3400,3400,3395,3395,4469
2026-04-02 13:40:00,3400,3405,3400,3405,1182
2026-04-02 13:41:00,3405,3405,3405,3405,60
2026-04-02 13:42:00,3405,3405,3405,3405,11
2026-04-02 13:43:00,3400,3400,3395,3395,757
2026-04-02 13:44:00,3405,3405,3390,3400,1698
2026-04-02 13:45:00,3400,3400,3390,3390,2559
2026-04-02 13:46:00,3395,3395,3395,3395,931
2026-04-02 13:47:00,3395,3400,3395,3395,3976
2026-04-02 13:48:00,3395,3395,3395,3395,12
2026-04-02 13:49:00,3400,3400,3395,3400,1206
2026-04-02 13:50:00,3395,3400,3395,3400,848
2026-04-02 13:51:00,3400,3400,3395,3395,1370
2026-04-02 13:52:00,3395,3395,3395,3395,6
2026-04-02 13:53:00,3395,3400,3395,3400,100
2026-04-02 13:54:00,3400,3400,3400,3400,114
2026-04-02 13:55:00,3400,3400,3395,3395,139
2026-04-02 13:56:00,3395,3395,3395,3395,830
2026-04-02 13:57:00,3395,3395,3395,3395,50
2026-04-02 13:58:00,3400,3410,3400,3410,1195
2026-04-02 13:59:00,3410,3410,3410,3410,1
2026-04-02 14:00:00,3410,3415,3410,3415,2582
2026-04-02 14:01:00,3410,3410,3410,3410,1146
2026-04-02 14:02:00,3410,3410,3405,3405,312
2026-04-02 14:03:00,3410,3410,3400,3400,1262
2026-04-02 14:04:00,3405,3405,3405,3405,242
2026-04-02 14:05:00,3405,3405,3400,3405,4072
2026-04-02 14:06:00,3405,3405,3405,3405,42
2026-04-02 14:07:00,3400,3405,3395,3405,1631
2026-04-02 14:08:00,3395,3395,3395,3395,1
2026-04-02 14:09:00,3395,3400,3395,3395,771
2026-04-02 14:10:00,3395,3400,3395,3400,209
2026-04-02 14:11:00,3400,3400,3400,3400,400
2026-04-02 14:12:00,3400,3400,3400,3400,2
2026-04-02 14:13:00,3400,3400,3400,3400,68
2026-04-02 14:14:00,3397,3400,3390,3400,2003
2026-04-02 14:15:00,3400,3400,3400,3400,311
2026-04-02 14:16:00,3400,3405,3400,3400,2797
2026-04-02 14:17:00,3405,3405,3395,3405,340
2026-04-02 14:18:00,3405,3405,3395,3405,309
2026-04-02 14:19:00,3405,3405,3405,3405,1
2026-04-02 14:20:00,3400,3400,3400,3400,735
2026-04-02 14:21:00,3400,3400,3400,3400,57
2026-04-02 14:22:00,3400,3400,3400,3400,692
2026-04-02 14:23:00,3400,3400,3400,3400,1505
2026-04-02 14:24:00,3400,3400,3400,3400,283
2026-04-02 14:25:00,3400,3405,3395,3405,2825
2026-04-02 14:26:00,3405,3405,3390,3390,4150
2026-04-02 14:27:00,3395,3405,3395,3405,1222
2026-04-02 14:28:00,3405,3405,3395,3395,7005
2026-04-02 14:29:00,3400,3400,3390,3390,2832
2026-04-02 14:30:00,3390,3400,3390,3400,6989
2026-04-02 14:31:00,3390,3400,3390,3390,216
2026-04-02 14:32:00,3390,3390,3390,3390,1441
2026-04-02 14:33:00,3390,3390,3390,3390,1127
2026-04-02 14:34:00,3390,3390,3390,3390,10300
2026-04-02 14:35:00,3390,3390,3385,3385,4089
2026-04-02 14:36:00,3385,3385,3385,3385,427
2026-04-02 14:37:00,3400,3400,3400,3400,19
2026-04-02 14:38:00,3400,3400,3385,3385,710
2026-04-02 14:39:00,3385,3390,3385,3390,560
2026-04-02 14:40:00,3385,3390,3385,3390,1231
2026-04-02 14:41:00,3390,3395,3385,3385,2241
2026-04-02 14:42:00,3395,3395,3395,3395,16
2026-04-02 14:43:00,3395,3395,3390,3390,3200
2026-04-02 14:44:00,3390,3390,3375,3375,9032
2026-04-02 14:45:00,3375,3375,3375,3375,8
2026-04-02 14:46:00,3375,3390,3370,3390,1312
2026-04-02 14:47:00,3390,3390,3365,3370,1283
2026-04-02 14:48:00,3370,3380,3370,3380,694
2026-04-02 14:49:00,3380,3380,3370,3370,618
2026-04-02 14:50:00,3370,3370,3370,3370,200
2026-04-02 14:51:00,3370,3370,3365,3365,760
2026-04-02 14:52:00,3385,3385,3385,3385,2
2026-04-02 14:53:00,3375,3380,3375,3380,7
2026-04-02 14:54:00,3380,3380,3370,3375,305
2026-04-02 14:55:00,3375,3375,3360,3365,1811
2026-04-02 14:56:00,3360,3360,3355,3360,5270
2026-04-02 14:57:00,3360,3365,3355,3365,1363
2026-04-02 14:58:00,3370,3370,3360,3370,2958
2026-04-02 14:59:00,3370,3370,3370,3370,70
2026-04-02 15:00:00,3370,3370,3360,3370,70
2026-04-02 15:01:00,3370,3370,3355,3355,1754
2026-04-02 15:02:00,3355,3370,3355,3355,360
2026-04-02 15:03:00,3355,3365,3330,3350,16256
2026-04-02 15:04:00,3355,3355,3345,3350,2603
2026-04-02 15:05:00,3355,3360,3350,3360,930
2026-04-02 15:06:00,3360,3365,3360,3365,186
2026-04-02 15:07:00,3365,3380,3365,3380,1659
2026-04-02 15:08:00,3380,3385,3355,3360,6163
2026-04-02 15:09:00,3360,3385,3360,3385,906
2026-04-02 15:10:00,3385,3390,3375,3380,1409
2026-04-02 15:11:00,3375,3390,3375,3390,3324
2026-04-02 15:12:00,3390,3390,3380,3390,340
2026-04-02 15:13:00,3390,3390,3360,3390,10911
2026-04-02 15:14:00,3390,3390,3390,3390,697
2026-04-02 15:15:00,3390,3390,3380,3380,168
2026-04-02 15:16:00,3380,3380,3380,3380,1025
2026-04-02 15:17:00,3380,3385,3375,3385,1823
2026-04-02 15:18:00,3385,3385,3375,3375,11024
2026-04-02 15:19:00,3385,3385,3370,3385,3768
2026-04-02 15:30:00,3385,3385,3385,3385,8113
2026-04-02 15:35:00,3385,3385,3385,3385,6
2026-04-03 09:00:00,3415,3485,3415,3475,28385
2026-04-03 09:01:00,3470,3495,3450,3495,11130
2026-04-03 09:02:00,3495,3495,3470,3485,588
2026-04-03 09:03:00,3475,3475,3445,3455,4933
2026-04-03 09:04:00,3455,3465,3450,3465,402
2026-04-03 09:05:00,3465,3465,3435,3450,3297
2026-04-03 09:06:00,3450,3450,3445,3450,1177
2026-04-03 09:07:00,3450,3450,3450,3450,786
2026-04-03 09:08:00,3445,3450,3420,3440,5993
2026-04-03 09:09:00,3435,3435,3425,3425,1965
2026-04-03 09:10:00,3425,3435,3420,3420,2597
2026-04-03 09:11:00,3420,3430,3420,3430,666
2026-04-03 09:12:00,3425,3425,3425,3425,543
2026-04-03 09:13:00,3430,3440,3425,3440,899
2026-04-03 09:14:00,3445,3445,3435,3440,2257
2026-04-03 09:15:00,3445,3450,3440,3450,703
2026-04-03 09:16:00,3450,3460,3450,3460,1896
2026-04-03 09:17:00,3455,3455,3450,3450,613
2026-04-03 09:18:00,3450,3450,3440,3440,1622
2026-04-03 09:19:00,3445,3450,3440,3450,1364
2026-04-03 09:20:00,3450,3450,3445,3445,1718
2026-04-03 09:21:00,3447,3447,3445,3445,459
2026-04-03 09:22:00,3445,3450,3440,3440,3649
2026-04-03 09:23:00,3450,3450,3445,3450,15
2026-04-03 09:24:00,3450,3450,3440,3440,1078
2026-04-03 09:25:00,3440,3450,3440,3450,5973
2026-04-03 09:26:00,3445,3450,3440,3450,1381
2026-04-03 09:28:00,3450,3460,3445,3460,5380
2026-04-03 09:29:00,3460,3460,3455,3455,1741
2026-04-03 09:30:00,3455,3455,3455,3455,250
2026-04-03 09:31:00,3455,3460,3455,3455,2027
2026-04-03 09:32:00,3460,3460,3455,3460,286
2026-04-03 09:33:00,3460,3470,3460,3470,2958
2026-04-03 09:34:00,3465,3465,3460,3460,5166
2026-04-03 09:35:00,3460,3460,3455,3455,2508
2026-04-03 09:36:00,3455,3455,3455,3455,4340
2026-04-03 09:37:00,3455,3455,3445,3445,695
2026-04-03 09:38:00,3455,3455,3445,3445,9515
2026-04-03 09:39:00,3455,3460,3450,3450,1498
2026-04-03 09:40:00,3455,3455,3455,3455,988
2026-04-03 09:41:00,3455,3455,3450,3450,458
2026-04-03 09:42:00,3450,3460,3440,3450,3437
2026-04-03 09:43:00,3450,3450,3450,3450,1009
2026-04-03 09:44:00,3450,3460,3440,3460,10260
2026-04-03 09:45:00,3460,3460,3460,3460,339
2026-04-03 09:46:00,3460,3460,3455,3455,293
2026-04-03 09:47:00,3455,3480,3455,3480,5775
2026-04-03 09:48:00,3480,3485,3480,3485,6251
2026-04-03 09:49:00,3485,3490,3480,3490,7626
2026-04-03 09:50:00,3490,3490,3485,3485,2154
2026-04-03 09:51:00,3490,3490,3480,3490,6930
2026-04-03 09:52:00,3495,3495,3485,3490,4397
2026-04-03 09:53:00,3495,3495,3485,3490,307
2026-04-03 09:54:00,3490,3495,3490,3490,41
2026-04-03 09:55:00,3495,3495,3495,3495,810
2026-04-03 09:56:00,3495,3500,3490,3500,3949
2026-04-03 09:57:00,3500,3510,3500,3505,10464
2026-04-03 09:58:00,3505,3510,3500,3510,477
2026-04-03 09:59:00,3510,3510,3505,3505,2049
2026-04-03 10:00:00,3505,3515,3505,3515,24045
2026-04-03 10:01:00,3515,3520,3515,3515,2523
2026-04-03 10:02:00,3515,3515,3510,3510,1800
2026-04-03 10:03:00,3510,3515,3510,3515,4889
2026-04-03 10:04:00,3510,3515,3505,3510,299
2026-04-03 10:05:00,3510,3510,3505,3505,2605
2026-04-03 10:06:00,3505,3505,3505,3505,474
2026-04-03 10:07:00,3505,3510,3505,3505,568
2026-04-03 10:08:00,3505,3505,3500,3505,678
2026-04-03 10:09:00,3505,3505,3500,3500,316
2026-04-03 10:10:00,3500,3505,3500,3505,625
2026-04-03 10:11:00,3505,3505,3495,3495,4262
2026-04-03 10:12:00,3495,3495,3495,3495,68
2026-04-03 10:13:00,3490,3495,3485,3485,3425
2026-04-03 10:14:00,3485,3490,3485,3490,555
2026-04-03 10:15:00,3485,3485,3470,3485,7964
2026-04-03 10:16:00,3485,3490,3485,3485,604
2026-04-03 10:17:00,3475,3475,3475,3475,189
2026-04-03 10:18:00,3480,3485,3480,3480,324
2026-04-03 10:19:00,3475,3475,3470,3470,561
2026-04-03 10:20:00,3480,3485,3480,3480,1444
2026-04-03 10:21:00,3480,3485,3470,3470,657
2026-04-03 10:22:00,3475,3475,3470,3470,30
2026-04-03 10:23:00,3470,3480,3470,3480,2328
2026-04-03 10:24:00,3475,3485,3470,3480,1110
2026-04-03 10:25:00,3480,3490,3480,3490,2774
2026-04-03 10:26:00,3490,3490,3485,3490,650
2026-04-03 10:27:00,3490,3490,3485,3485,126
2026-04-03 10:28:00,3490,3490,3485,3485,3
2026-04-03 10:29:00,3485,3490,3485,3485,30
2026-04-03 10:30:00,3485,3490,3485,3490,242
2026-04-03 10:31:00,3485,3490,3485,3490,8175
2026-04-03 10:32:00,3490,3495,3485,3495,1045
2026-04-03 10:33:00,3490,3495,3490,3495,805
2026-04-03 10:34:00,3490,3495,3485,3495,656
2026-04-03 10:35:00,3495,3500,3485,3500,1652
2026-04-03 10:36:00,3500,3500,3495,3495,335
2026-04-03 10:37:00,3495,3495,3495,3495,1
2026-04-03 10:38:00,3495,3515,3490,3515,9603
2026-04-03 10:39:00,3515,3520,3515,3520,1911
2026-04-03 10:40:00,3515,3520,3505,3505,158
2026-04-03 10:41:00,3510,3510,3500,3510,26
2026-04-03 10:42:00,3505,3515,3505,3515,1428
2026-04-03 10:43:00,3515,3520,3505,3520,5116
2026-04-03 10:44:00,3520,3520,3520,3520,721
2026-04-03 10:45:00,3520,3520,3520,3520,1010
2026-04-03 10:46:00,3520,3520,3515,3520,43
2026-04-03 10:47:00,3520,3520,3515,3515,1303
2026-04-03 10:48:00,3515,3515,3510,3510,648
2026-04-03 10:49:00,3510,3515,3510,3510,1591
2026-04-03 10:50:00,3515,3515,3515,3515,101
2026-04-03 10:51:00,3510,3525,3510,3525,3694
2026-04-03 10:52:00,3520,3525,3520,3525,2033
2026-04-03 10:53:00,3530,3540,3530,3540,9013
2026-04-03 10:54:00,3535,3535,3525,3530,2280
2026-04-03 10:55:00,3530,3530,3530,3530,399
2026-04-03 10:56:00,3525,3525,3515,3515,846
2026-04-03 10:57:00,3520,3530,3520,3530,1535
2026-04-03 10:58:00,3525,3525,3515,3515,1696
2026-04-03 10:59:00,3515,3520,3510,3520,1791
2026-04-03 11:00:00,3515,3515,3515,3515,50
2026-04-03 11:01:00,3520,3520,3510,3510,2469
2026-04-03 11:02:00,3510,3515,3505,3505,4526
2026-04-03 11:03:00,3505,3505,3505,3505,3314
2026-04-03 11:04:00,3510,3510,3500,3500,4714
2026-04-03 11:05:00,3500,3500,3500,3500,2185
2026-04-03 11:06:00,3500,3510,3500,3510,159
2026-04-03 11:07:00,3510,3510,3510,3510,290
2026-04-03 11:08:00,3515,3520,3510,3520,35
2026-04-03 11:09:00,3515,3515,3515,3515,25
2026-04-03 11:10:00,3515,3520,3515,3520,304
2026-04-03 11:11:00,3520,3520,3520,3520,205
2026-04-03 11:12:00,3515,3515,3515,3515,320
2026-04-03 11:13:00,3510,3515,3510,3515,176
2026-04-03 11:14:00,3510,3515,3510,3510,61
2026-04-03 11:15:00,3510,3510,3510,3510,71
2026-04-03 11:16:00,3505,3510,3505,3510,330
2026-04-03 11:17:00,3505,3510,3505,3505,622
2026-04-03 11:18:00,3510,3515,3505,3515,1885
2026-04-03 11:19:00,3515,3515,3500,3500,350
2026-04-03 11:20:00,3500,3520,3500,3520,1669
2026-04-03 11:21:00,3515,3515,3515,3515,5
2026-04-03 11:22:00,3510,3515,3505,3515,18
2026-04-03 11:23:00,3515,3515,3510,3510,5
2026-04-03 11:24:00,3505,3510,3500,3500,1007
2026-04-03 11:25:00,3500,3500,3500,3500,150
2026-04-03 11:27:00,3505,3505,3495,3495,1062
2026-04-03 11:28:00,3500,3500,3500,3500,100
2026-04-03 11:29:00,3500,3500,3495,3495,1472
2026-04-03 11:30:00,3495,3500,3485,3490,4828
2026-04-03 11:31:00,3485,3485,3485,3485,2
2026-04-03 11:32:00,3490,3490,3490,3490,2
2026-04-03 11:33:00,3490,3490,3485,3485,2087
2026-04-03 11:34:00,3490,3490,3485,3485,955
2026-04-03 11:35:00,3480,3480,3470,3470,2346
2026-04-03 11:36:00,3480,3485,3470,3485,709
2026-04-03 11:37:00,3485,3485,3475,3475,259
2026-04-03 11:38:00,3485,3485,3480,3480,33
2026-04-03 11:39:00,3475,3475,3470,3470,861
2026-04-03 11:40:00,3470,3485,3470,3485,384
2026-04-03 11:41:00,3470,3470,3470,3470,100
2026-04-03 11:42:00,3485,3485,3480,3480,9
2026-04-03 11:43:00,3475,3475,3470,3470,569
2026-04-03 11:44:00,3470,3470,3465,3470,836
2026-04-03 11:45:00,3470,3470,3470,3470,100
2026-04-03 11:46:00,3475,3475,3470,3470,302
2026-04-03 11:47:00,3470,3485,3470,3470,7212
2026-04-03 11:48:00,3480,3480,3475,3475,301
2026-04-03 11:49:00,3480,3480,3475,3475,20
2026-04-03 11:50:00,3480,3480,3480,3480,5
2026-04-03 11:51:00,3485,3485,3485,3485,508
2026-04-03 11:52:00,3485,3485,3485,3485,664
2026-04-03 11:54:00,3480,3480,3480,3480,215
2026-04-03 11:55:00,3480,3480,3480,3480,13
2026-04-03 11:56:00,3480,3480,3480,3480,5810
2026-04-03 11:57:00,3490,3495,3490,3495,4
2026-04-03 11:58:00,3495,3495,3495,3495,20
2026-04-03 11:59:00,3490,3490,3475,3475,372
2026-04-03 12:00:00,3495,3495,3490,3490,249
2026-04-03 12:02:00,3490,3490,3490,3490,250
2026-04-03 12:03:00,3490,3495,3480,3480,326
2026-04-03 12:04:00,3490,3490,3490,3490,3
2026-04-03 12:05:00,3485,3490,3480,3490,52
2026-04-03 12:06:00,3490,3490,3480,3485,67
2026-04-03 12:07:00,3490,3490,3490,3490,1
2026-04-03 12:08:00,3490,3495,3490,3495,336
2026-04-03 12:09:00,3495,3495,3495,3495,157
2026-04-03 12:10:00,3495,3495,3495,3495,120
2026-04-03 12:11:00,3495,3495,3495,3495,10
2026-04-03 12:12:00,3495,3495,3495,3495,241
2026-04-03 12:13:00,3495,3495,3490,3490,81
2026-04-03 12:14:00,3490,3490,3490,3490,108
2026-04-03 12:16:00,3490,3490,3490,3490,1
2026-04-03 12:17:00,3490,3495,3490,3490,29
2026-04-03 12:18:00,3485,3490,3485,3490,174
2026-04-03 12:19:00,3495,3495,3495,3495,55
2026-04-03 12:20:00,3495,3495,3495,3495,5
2026-04-03 12:21:00,3490,3490,3490,3490,8
2026-04-03 12:23:00,3495,3495,3490,3490,112
2026-04-03 12:24:00,3495,3495,3495,3495,560
2026-04-03 12:25:00,3495,3495,3490,3490,492
2026-04-03 12:26:00,3485,3485,3480,3485,1064
2026-04-03 12:27:00,3490,3490,3485,3485,583
2026-04-03 12:28:00,3490,3490,3490,3490,32
2026-04-03 12:31:00,3495,3495,3495,3495,162
2026-04-03 12:33:00,3500,3505,3500,3505,629
2026-04-03 12:34:00,3510,3510,3505,3505,414
2026-04-03 12:35:00,3505,3505,3505,3505,484
2026-04-03 12:36:00,3505,3510,3505,3510,1184
2026-04-03 12:37:00,3510,3510,3510,3510,358
2026-04-03 12:38:00,3505,3505,3505,3505,514
2026-04-03 12:39:00,3505,3505,3505,3505,1
2026-04-03 12:40:00,3500,3500,3500,3500,175
2026-04-03 12:41:00,3500,3500,3495,3495,269
2026-04-03 12:42:00,3490,3490,3487,3487,293
2026-04-03 12:43:00,3485,3505,3485,3505,1000
2026-04-03 12:44:00,3500,3500,3500,3500,5
2026-04-03 12:45:00,3495,3505,3495,3500,5
2026-04-03 12:47:00,3495,3500,3495,3500,48
2026-04-03 12:48:00,3495,3500,3495,3500,49
2026-04-03 12:49:00,3490,3490,3490,3490,2
2026-04-03 12:50:00,3490,3490,3490,3490,15
2026-04-03 12:51:00,3490,3490,3490,3490,200
2026-04-03 12:54:00,3495,3495,3495,3495,100
2026-04-03 12:55:00,3495,3495,3495,3495,45
2026-04-03 12:56:00,3500,3500,3495,3495,628
2026-04-03 12:57:00,3495,3495,3495,3495,15
2026-04-03 12:58:00,3495,3495,3495,3495,502
2026-04-03 12:59:00,3495,3495,3495,3495,50
2026-04-03 13:00:00,3495,3495,3495,3495,693
2026-04-03 13:01:00,3495,3495,3495,3495,1
2026-04-03 13:04:00,3495,3495,3495,3495,914
2026-04-03 13:05:00,3495,3495,3490,3490,305
2026-04-03 13:06:00,3490,3490,3490,3490,600
2026-04-03 13:07:00,3495,3495,3495,3495,6
2026-04-03 13:08:00,3495,3495,3495,3495,8
2026-04-03 13:09:00,3495,3495,3495,3495,6
2026-04-03 13:10:00,3490,3490,3490,3490,300
2026-04-03 13:11:00,3495,3495,3495,3495,33
2026-04-03 13:12:00,3495,3495,3495,3495,210
2026-04-03 13:13:00,3490,3490,3490,3490,231
2026-04-03 13:15:00,3495,3495,3495,3495,101
2026-04-03 13:16:00,3490,3495,3490,3495,2193
2026-04-03 13:17:00,3490,3490,3490,3490,214
2026-04-03 13:18:00,3485,3485,3485,3485,143
2026-04-03 13:19:00,3485,3485,3485,3485,269
2026-04-03 13:20:00,3490,3490,3485,3485,9
2026-04-03 13:21:00,3490,3500,3490,3500,7872
2026-04-03 13:22:00,3500,3505,3500,3505,427
2026-04-03 13:24:00,3505,3505,3495,3495,934
2026-04-03 13:25:00,3500,3510,3500,3500,477
2026-04-03 13:26:00,3500,3500,3500,3500,5
2026-04-03 13:27:00,3500,3505,3500,3505,154
2026-04-03 13:28:00,3500,3500,3495,3495,166
2026-04-03 13:29:00,3495,3495,3495,3495,76
2026-04-03 13:30:00,3495,3495,3495,3495,352
2026-04-03 13:31:00,3490,3495,3490,3490,12
2026-04-03 13:32:00,3490,3490,3485,3490,6550
2026-04-03 13:33:00,3485,3490,3485,3485,1540
2026-04-03 13:34:00,3485,3490,3485,3485,162
2026-04-03 13:35:00,3485,3490,3475,3475,5658
2026-04-03 13:36:00,3475,3475,3475,3475,3
2026-04-03 13:37:00,3490,3490,3475,3485,487
2026-04-03 13:38:00,3490,3490,3485,3485,332
2026-04-03 13:40:00,3490,3490,3475,3485,912
2026-04-03 13:41:00,3485,3490,3485,3490,3432
2026-04-03 13:42:00,3490,3490,3490,3490,11
2026-04-03 13:43:00,3490,3490,3485,3485,102
2026-04-03 13:44:00,3490,3490,3485,3485,606
2026-04-03 13:45:00,3485,3485,3485,3485,177
2026-04-03 13:46:00,3485,3485,3485,3485,129
2026-04-03 13:48:00,3490,3490,3490,3490,271
2026-04-03 13:49:00,3490,3495,3490,3495,3256
2026-04-03 13:50:00,3495,3500,3495,3500,163
2026-04-03 13:51:00,3505,3505,3500,3500,991
2026-04-03 13:52:00,3500,3505,3500,3500,1200
2026-04-03 13:53:00,3500,3505,3500,3505,4681
2026-04-03 13:54:00,3500,3500,3500,3500,1
2026-04-03 13:55:00,3505,3505,3505,3505,311
2026-04-03 13:56:00,3505,3505,3505,3505,55
2026-04-03 13:57:00,3500,3500,3500,3500,209
2026-04-03 13:58:00,3500,3505,3490,3490,492
2026-04-03 13:59:00,3500,3505,3490,3505,21
2026-04-03 14:00:00,3505,3505,3500,3505,32
2026-04-03 14:01:00,3505,3505,3500,3500,103
2026-04-03 14:02:00,3500,3500,3500,3500,14
2026-04-03 14:03:00,3500,3500,3490,3500,454
2026-04-03 14:04:00,3500,3500,3490,3490,304
2026-04-03 14:05:00,3495,3495,3490,3490,4742
2026-04-03 14:06:00,3485,3490,3485,3490,87
2026-04-03 14:07:00,3495,3495,3490,3490,50
2026-04-03 14:08:00,3500,3500,3490,3490,476
2026-04-03 14:09:00,3490,3490,3490,3490,11
2026-04-03 14:13:00,3495,3495,3495,3495,237
2026-04-03 14:14:00,3490,3490,3490,3490,29
2026-04-03 14:15:00,3490,3490,3485,3485,119
2026-04-03 14:16:00,3485,3485,3480,3480,1071
2026-04-03 14:17:00,3485,3485,3485,3485,15
2026-04-03 14:18:00,3485,3485,3485,3485,1021
2026-04-03 14:19:00,3485,3485,3485,3485,155
2026-04-03 14:20:00,3480,3485,3480,3485,157
2026-04-03 14:21:00,3485,3485,3485,3485,17
2026-04-03 14:23:00,3485,3490,3480,3480,2134
2026-04-03 14:24:00,3490,3490,3485,3485,54
2026-04-03 14:26:00,3490,3490,3490,3490,1
2026-04-03 14:27:00,3485,3485,3485,3485,24
2026-04-03 14:29:00,3485,3485,3475,3475,2018
2026-04-03 14:30:00,3475,3480,3475,3475,400
2026-04-03 14:31:00,3490,3490,3480,3485,3
2026-04-03 14:32:00,3485,3485,3485,3485,116
2026-04-03 14:33:00,3485,3485,3485,3485,1
2026-04-03 14:34:00,3485,3485,3485,3485,1000
2026-04-03 14:35:00,3480,3480,3480,3480,953
2026-04-03 14:36:00,3480,3480,3480,3480,6
2026-04-03 14:37:00,3475,3480,3475,3480,1122
2026-04-03 14:38:00,3480,3480,3470,3470,1976
2026-04-03 14:39:00,3470,3470,3465,3465,7126
2026-04-03 14:40:00,3470,3470,3465,3470,554
2026-04-03 14:41:00,3465,3470,3465,3465,70
2026-04-03 14:42:00,3470,3475,3465,3475,452
2026-04-03 14:43:00,3470,3470,3465,3465,174
2026-04-03 14:44:00,3470,3470,3465,3465,437
2026-04-03 14:45:00,3465,3465,3465,3465,4
2026-04-03 14:46:00,3465,3470,3465,3470,5908
2026-04-03 14:47:00,3470,3475,3465,3475,208
2026-04-03 14:48:00,3470,3480,3470,3480,71
2026-04-03 14:49:00,3475,3475,3475,3475,2
2026-04-03 14:50:00,3475,3475,3470,3470,78
2026-04-03 14:52:00,3470,3480,3470,3480,5
2026-04-03 14:53:00,3470,3470,3470,3470,2015
2026-04-03 14:54:00,3470,3470,3470,3470,30
2026-04-03 14:55:00,3470,3470,3460,3460,1511
2026-04-03 14:56:00,3460,3460,3460,3460,1559
2026-04-03 14:57:00,3460,3470,3460,3470,1820
2026-04-03 14:58:00,3480,3480,3470,3470,163
2026-04-03 14:59:00,3485,3485,3470,3470,3
2026-04-03 15:00:00,3485,3485,3485,3485,3
2026-04-03 15:01:00,3485,3485,3485,3485,260
2026-04-03 15:02:00,3485,3490,3480,3490,101
2026-04-03 15:03:00,3490,3490,3480,3480,690
2026-04-03 15:04:00,3485,3485,3475,3475,499
2026-04-03 15:05:00,3475,3475,3470,3470,223
2026-04-03 15:06:00,3475,3480,3475,3480,513
2026-04-03 15:07:00,3480,3485,3480,3480,2124
2026-04-03 15:08:00,3485,3485,3485,3485,109
2026-04-03 15:09:00,3485,3490,3485,3490,24
2026-04-03 15:10:00,3490,3490,3470,3470,934
2026-04-03 15:11:00,3470,3480,3470,3480,1268
2026-04-03 15:12:00,3480,3485,3470,3470,642
2026-04-03 15:13:00,3480,3480,3470,3470,205
2026-04-03 15:14:00,3475,3475,3470,3475,312
2026-04-03 15:15:00,3470,3470,3465,3465,3544
2026-04-03 15:16:00,3465,3480,3465,3470,76
2026-04-03 15:17:00,3475,3480,3470,3480,55
2026-04-03 15:18:00,3475,3475,3465,3470,1880
2026-04-03 15:19:00,3470,3480,3460,3460,2861
2026-04-03 15:30:00,3475,3475,3475,3475,3740
2026-04-03 15:35:00,3475,3475,3475,3475,423
2026-04-06 09:00:00,3475,3590,3475,3590,40318
2026-04-06 09:01:00,3585,3630,3575,3605,30224
2026-04-06 09:02:00,3605,3610,3555,3575,26569
2026-04-06 09:03:00,3550,3595,3550,3570,2470
2026-04-06 09:04:00,3585,3585,3560,3560,7081
2026-04-06 09:05:00,3560,3570,3545,3570,3991
2026-04-06 09:06:00,3575,3580,3550,3550,2440
2026-04-06 09:07:00,3550,3580,3550,3560,4271
2026-04-06 09:08:00,3565,3575,3560,3570,2860
2026-04-06 09:09:00,3570,3590,3565,3590,9965
2026-04-06 09:10:00,3580,3590,3570,3585,3865
2026-04-06 09:11:00,3580,3585,3550,3555,4609
2026-04-06 09:12:00,3555,3575,3555,3575,1493
2026-04-06 09:13:00,3565,3565,3555,3560,4657
2026-04-06 09:14:00,3560,3575,3560,3570,2609
2026-04-06 09:15:00,3570,3570,3560,3560,1689
2026-04-06 09:16:00,3560,3575,3560,3575,1508
2026-04-06 09:17:00,3575,3605,3575,3600,30574
2026-04-06 09:18:00,3600,3605,3585,3600,20727
2026-04-06 09:19:00,3605,3635,3600,3630,14868
2026-04-06 09:20:00,3625,3625,3600,3605,6563
2026-04-06 09:21:00,3600,3630,3600,3630,12350
2026-04-06 09:22:00,3630,3640,3610,3615,15725
2026-04-06 09:23:00,3620,3625,3605,3620,7758
2026-04-06 09:24:00,3620,3635,3615,3635,6243
2026-04-06 09:25:00,3630,3685,3630,3685,40751
2026-04-06 09:26:00,3685,3700,3670,3670,34627
2026-04-06 09:27:00,3670,3710,3665,3710,31323
2026-04-06 09:28:00,3710,3750,3690,3735,66092
2026-04-06 09:29:00,3735,3750,3700,3710,72647
2026-04-06 09:30:00,3705,3715,3660,3685,34701
2026-04-06 09:31:00,3685,3705,3660,3665,29157
2026-04-06 09:32:00,3670,3700,3665,3685,7194
2026-04-06 09:33:00,3695,3705,3660,3660,25120
2026-04-06 09:34:00,3660,3670,3635,3660,22807
2026-04-06 09:35:00,3670,3675,3650,3650,13314
2026-04-06 09:36:00,3650,3665,3645,3655,8185
2026-04-06 09:37:00,3670,3675,3655,3655,4038
2026-04-06 09:38:00,3670,3700,3670,3700,6936
2026-04-06 09:39:00,3690,3705,3665,3675,11790
2026-04-06 09:40:00,3670,3675,3665,3670,1862
2026-04-06 09:41:00,3665,3670,3665,3670,4538
2026-04-06 09:42:00,3665,3670,3635,3635,15903
2026-04-06 09:43:00,3635,3635,3610,3610,16893
2026-04-06 09:44:00,3610,3620,3610,3620,1723
2026-04-06 09:45:00,3620,3620,3615,3620,1881
2026-04-06 09:46:00,3620,3635,3610,3610,5527
2026-04-06 09:47:00,3610,3660,3610,3655,4194
2026-04-06 09:48:00,3655,3660,3645,3645,1834
2026-04-06 09:49:00,3640,3640,3635,3635,1559
2026-04-06 09:50:00,3635,3640,3630,3635,835
2026-04-06 09:51:00,3635,3635,3620,3635,1501
2026-04-06 09:52:00,3635,3635,3635,3635,2141
2026-04-06 09:53:00,3635,3660,3625,3655,640
2026-04-06 09:54:00,3655,3655,3645,3645,1075
2026-04-06 09:55:00,3645,3660,3640,3645,2351
2026-04-06 09:56:00,3645,3645,3640,3645,1590
2026-04-06 09:57:00,3645,3645,3640,3640,1721
2026-04-06 09:58:00,3640,3640,3635,3640,262
2026-04-06 09:59:00,3640,3640,3635,3635,1152
2026-04-06 10:00:00,3635,3635,3620,3620,5649
2026-04-06 10:01:00,3615,3625,3615,3615,1091
2026-04-06 10:02:00,3615,3630,3610,3610,2931
2026-04-06 10:03:00,3605,3605,3600,3600,8595
2026-04-06 10:04:00,3600,3605,3600,3600,2468
2026-04-06 10:05:00,3595,3600,3590,3595,4300
2026-04-06 10:06:00,3595,3605,3590,3605,3481
2026-04-06 10:07:00,3605,3610,3595,3610,328
2026-04-06 10:08:00,3610,3615,3610,3615,1441
2026-04-06 10:09:00,3615,3615,3610,3615,179
2026-04-06 10:10:00,3615,3615,3610,3610,3464
2026-04-06 10:11:00,3610,3625,3610,3625,588
2026-04-06 10:12:00,3625,3625,3615,3625,1490
2026-04-06 10:13:00,3625,3625,3615,3615,344
2026-04-06 10:14:00,3615,3615,3610,3610,3132
2026-04-06 10:15:00,3610,3625,3605,3625,4641
2026-04-06 10:16:00,3625,3635,3625,3635,3179
2026-04-06 10:17:00,3635,3635,3630,3635,424
2026-04-06 10:18:00,3635,3640,3635,3640,645
2026-04-06 10:19:00,3640,3640,3635,3640,1892
2026-04-06 10:20:00,3640,3650,3635,3645,3364
2026-04-06 10:21:00,3645,3650,3640,3650,9270
2026-04-06 10:22:00,3655,3660,3650,3655,3501
2026-04-06 10:23:00,3655,3655,3645,3655,3806
2026-04-06 10:24:00,3655,3670,3650,3670,4504
2026-04-06 10:25:00,3675,3680,3670,3675,2204
2026-04-06 10:26:00,3675,3680,3670,3680,2391
2026-04-06 10:27:00,3665,3665,3655,3665,748
2026-04-06 10:28:00,3660,3665,3660,3665,624
2026-04-06 10:29:00,3665,3665,3650,3650,1678
2026-04-06 10:30:00,3660,3665,3650,3665,3577
2026-04-06 10:31:00,3655,3660,3640,3660,1642
2026-04-06 10:32:00,3645,3645,3630,3630,1730
2026-04-06 10:33:00,3630,3635,3630,3635,1723
2026-04-06 10:34:00,3630,3635,3625,3625,1131
2026-04-06 10:35:00,3630,3635,3625,3635,2184
2026-04-06 10:36:00,3635,3645,3630,3635,1208
2026-04-06 10:37:00,3635,3645,3635,3640,513
2026-04-06 10:38:00,3640,3640,3635,3635,375
2026-04-06 10:39:00,3640,3640,3635,3640,772
2026-04-06 10:40:00,3640,3640,3630,3635,2792
2026-04-06 10:41:00,3640,3640,3635,3635,1102
2026-04-06 10:42:00,3635,3635,3630,3635,2326
2026-04-06 10:43:00,3640,3640,3640,3640,17
2026-04-06 10:44:00,3640,3640,3635,3635,12
2026-04-06 10:45:00,3640,3650,3635,3650,3812
2026-04-06 10:46:00,3650,3650,3645,3650,40
2026-04-06 10:47:00,3645,3660,3640,3660,10547
2026-04-06 10:48:00,3655,3655,3645,3655,3223
2026-04-06 10:49:00,3655,3660,3645,3660,1302
2026-04-06 10:50:00,3655,3655,3655,3655,285
2026-04-06 10:51:00,3655,3655,3650,3655,327
2026-04-06 10:52:00,3655,3655,3655,3655,54
2026-04-06 10:53:00,3650,3650,3645,3650,508
2026-04-06 10:54:00,3645,3650,3640,3640,1269
2026-04-06 10:55:00,3640,3645,3635,3635,1402
2026-04-06 10:56:00,3635,3635,3625,3625,2347
2026-04-06 10:57:00,3630,3630,3625,3625,864
2026-04-06 10:58:00,3625,3625,3620,3625,5399
2026-04-06 10:59:00,3625,3635,3625,3635,785
2026-04-06 11:00:00,3635,3635,3625,3630,4663
2026-04-06 11:01:00,3630,3650,3630,3645,1411
2026-04-06 11:02:00,3640,3640,3640,3640,320
2026-04-06 11:03:00,3630,3640,3625,3640,102
2026-04-06 11:04:00,3640,3640,3625,3625,337
2026-04-06 11:05:00,3620,3620,3610,3615,632
2026-04-06 11:06:00,3610,3630,3610,3630,1025
2026-04-06 11:07:00,3630,3630,3625,3625,11
2026-04-06 11:08:00,3620,3620,3615,3615,62
2026-04-06 11:09:00,3615,3620,3610,3615,1922
2026-04-06 11:10:00,3625,3630,3620,3630,1952
2026-04-06 11:11:00,3630,3640,3630,3640,355
2026-04-06 11:12:00,3640,3640,3625,3625,933
2026-04-06 11:13:00,3635,3635,3615,3635,1903
2026-04-06 11:14:00,3635,3635,3635,3635,6
2026-04-06 11:15:00,3635,3635,3635,3635,103
2026-04-06 11:16:00,3635,3635,3635,3635,1
2026-04-06 11:17:00,3620,3620,3620,3620,26
2026-04-06 11:18:00,3630,3630,3630,3630,30
2026-04-06 11:19:00,3620,3625,3620,3620,813
2026-04-06 11:20:00,3625,3625,3620,3625,812
2026-04-06 11:21:00,3625,3630,3625,3625,398
2026-04-06 11:22:00,3630,3630,3630,3630,1002
2026-04-06 11:23:00,3630,3630,3625,3625,190
2026-04-06 11:24:00,3625,3625,3625,3625,5
2026-04-06 11:25:00,3630,3635,3630,3635,921
2026-04-06 11:26:00,3635,3640,3635,3640,747
2026-04-06 11:27:00,3635,3660,3635,3640,2763
2026-04-06 11:28:00,3650,3655,3650,3655,14
2026-04-06 11:29:00,3655,3655,3635,3635,874
2026-04-06 11:30:00,3640,3650,3640,3650,2542
2026-04-06 11:31:00,3650,3650,3650,3650,1
2026-04-06 11:32:00,3650,3655,3650,3650,1254
2026-04-06 11:33:00,3650,3650,3645,3645,1192
2026-04-06 11:34:00,3645,3645,3640,3645,819
2026-04-06 11:35:00,3645,3650,3645,3650,118
2026-04-06 11:36:00,3650,3650,3640,3640,255
2026-04-06 11:37:00,3650,3650,3640,3640,4
2026-04-06 11:38:00,3650,3650,3650,3650,1
2026-04-06 11:39:00,3645,3645,3635,3640,2663
2026-04-06 11:40:00,3640,3640,3635,3635,1260
2026-04-06 11:41:00,3635,3635,3635,3635,32
2026-04-06 11:42:00,3635,3640,3635,3635,36
2026-04-06 11:43:00,3640,3645,3640,3645,58
2026-04-06 11:44:00,3645,3645,3635,3635,287
2026-04-06 11:45:00,3640,3645,3635,3645,60
2026-04-06 11:46:00,3645,3645,3635,3635,155
2026-04-06 11:47:00,3635,3635,3630,3630,2561
2026-04-06 11:48:00,3630,3635,3630,3630,257
2026-04-06 11:49:00,3630,3635,3630,3635,1149
2026-04-06 11:50:00,3635,3635,3630,3630,640
2026-04-06 11:51:00,3630,3630,3625,3630,1816
2026-04-06 11:52:00,3630,3630,3625,3625,1663
2026-04-06 11:53:00,3630,3630,3630,3630,52
2026-04-06 11:54:00,3630,3630,3625,3630,187
2026-04-06 11:55:00,3630,3630,3625,3630,1502
2026-04-06 11:56:00,3625,3630,3625,3625,7
2026-04-06 11:57:00,3630,3630,3630,3630,1
2026-04-06 11:58:00,3625,3630,3625,3630,1629
2026-04-06 11:59:00,3630,3630,3630,3630,1026
2026-04-06 12:00:00,3630,3630,3620,3620,1173
2026-04-06 12:01:00,3625,3625,3620,3625,107
2026-04-06 12:02:00,3620,3620,3615,3620,728
2026-04-06 12:03:00,3620,3620,3615,3620,428
2026-04-06 12:04:00,3615,3615,3615,3615,1632
2026-04-06 12:05:00,3615,3615,3610,3610,2452
2026-04-06 12:06:00,3605,3610,3605,3610,5970
2026-04-06 12:07:00,3610,3610,3605,3605,283
2026-04-06 12:08:00,3610,3610,3600,3600,4018
2026-04-06 12:09:00,3600,3600,3600,3600,2366
2026-04-06 12:10:00,3600,3600,3600,3600,2
2026-04-06 12:11:00,3595,3600,3595,3600,17
2026-04-06 12:12:00,3600,3605,3600,3605,4547
2026-04-06 12:13:00,3595,3595,3595,3595,1455
2026-04-06 12:14:00,3595,3600,3595,3600,7283
2026-04-06 12:15:00,3600,3610,3595,3600,11377
2026-04-06 12:16:00,3600,3600,3595,3600,1244
2026-04-06 12:17:00,3600,3600,3595,3600,562
2026-04-06 12:18:00,3595,3600,3595,3595,1926
2026-04-06 12:19:00,3600,3600,3595,3595,429
2026-04-06 12:20:00,3600,3600,3600,3600,181
2026-04-06 12:21:00,3600,3600,3600,3600,307
2026-04-06 12:22:00,3600,3600,3600,3600,94
2026-04-06 12:23:00,3600,3600,3600,3600,135
2026-04-06 12:24:00,3600,3600,3600,3600,165
2026-04-06 12:25:00,3600,3605,3600,3605,2123
2026-04-06 12:26:00,3605,3610,3605,3610,109
2026-04-06 12:27:00,3605,3605,3605,3605,1
2026-04-06 12:28:00,3605,3605,3605,3605,500
2026-04-06 12:29:00,3605,3605,3600,3600,370
2026-04-06 12:30:00,3605,3610,3600,3610,1001
2026-04-06 12:31:00,3610,3610,3595,3595,976
2026-04-06 12:32:00,3595,3595,3585,3585,4283
2026-04-06 12:33:00,3585,3585,3585,3585,1595
2026-04-06 12:34:00,3585,3585,3570,3570,10007
2026-04-06 12:35:00,3580,3580,3580,3580,1338
2026-04-06 12:36:00,3580,3580,3580,3580,877
2026-04-06 12:37:00,3580,3580,3580,3580,10
2026-04-06 12:38:00,3585,3590,3585,3590,103
2026-04-06 12:39:00,3590,3590,3590,3590,10
2026-04-06 12:40:00,3590,3590,3580,3580,2106
2026-04-06 12:41:00,3580,3580,3565,3565,6128
2026-04-06 12:42:00,3570,3570,3570,3570,367
2026-04-06 12:43:00,3570,3570,3565,3565,262
2026-04-06 12:44:00,3570,3570,3560,3560,2330
2026-04-06 12:45:00,3570,3570,3560,3565,1237
2026-04-06 12:46:00,3570,3570,3565,3565,994
2026-04-06 12:47:00,3560,3565,3560,3560,3446
2026-04-06 12:48:00,3565,3570,3555,3560,3788
2026-04-06 12:49:00,3560,3560,3560,3560,727
2026-04-06 12:50:00,3560,3560,3560,3560,53
2026-04-06 12:51:00,3565,3565,3555,3555,2075
2026-04-06 12:52:00,3555,3570,3555,3570,101
2026-04-06 12:53:00,3570,3575,3570,3575,362
2026-04-06 12:54:00,3570,3570,3570,3570,395
2026-04-06 12:55:00,3575,3575,3570,3570,3
2026-04-06 12:56:00,3575,3575,3570,3570,2650
2026-04-06 12:57:00,3570,3570,3570,3570,16
2026-04-06 12:58:00,3570,3570,3570,3570,18
2026-04-06 12:59:00,3575,3580,3575,3580,2809
2026-04-06 13:00:00,3580,3580,3580,3580,1199
2026-04-06 13:01:00,3580,3580,3580,3580,500
2026-04-06 13:02:00,3580,3595,3580,3595,374
2026-04-06 13:03:00,3590,3590,3590,3590,388
2026-04-06 13:04:00,3585,3585,3585,3585,300
2026-04-06 13:05:00,3585,3585,3585,3585,19
2026-04-06 13:06:00,3590,3590,3590,3590,19
2026-04-06 13:07:00,3595,3595,3580,3580,552
2026-04-06 13:08:00,3580,3580,3580,3580,451
2026-04-06 13:09:00,3585,3585,3580,3580,88
2026-04-06 13:10:00,3580,3580,3580,3580,59
2026-04-06 13:11:00,3580,3580,3580,3580,171
2026-04-06 13:13:00,3575,3575,3575,3575,1001
2026-04-06 13:14:00,3580,3585,3570,3575,890
2026-04-06 13:15:00,3575,3580,3575,3575,237
2026-04-06 13:16:00,3575,3575,3575,3575,3
2026-04-06 13:17:00,3575,3575,3575,3575,27
2026-04-06 13:18:00,3575,3575,3575,3575,12
2026-04-06 13:19:00,3575,3575,3575,3575,130
2026-04-06 13:20:00,3575,3575,3570,3570,1214
2026-04-06 13:21:00,3570,3570,3570,3570,33
2026-04-06 13:22:00,3570,3570,3570,3570,4
2026-04-06 13:23:00,3570,3570,3565,3565,1350
2026-04-06 13:24:00,3565,3565,3560,3565,1993
2026-04-06 13:25:00,3565,3565,3565,3565,173
2026-04-06 13:26:00,3560,3565,3560,3560,115
2026-04-06 13:27:00,3565,3570,3565,3570,86
2026-04-06 13:28:00,3570,3570,3565,3570,179
2026-04-06 13:29:00,3565,3565,3565,3565,14
2026-04-06 13:30:00,3565,3565,3565,3565,21
2026-04-06 13:31:00,3565,3570,3565,3570,86
2026-04-06 13:32:00,3565,3565,3565,3565,4
2026-04-06 13:33:00,3565,3565,3560,3560,183
2026-04-06 13:34:00,3570,3570,3570,3570,764
2026-04-06 13:35:00,3570,3570,3570,3570,10
2026-04-06 13:36:00,3570,3570,3565,3565,503
2026-04-06 13:37:00,3570,3575,3570,3575,435
2026-04-06 13:38:00,3570,3580,3570,3580,13
2026-04-06 13:39:00,3580,3580,3580,3580,631
2026-04-06 13:40:00,3580,3580,3580,3580,1042
2026-04-06 13:41:00,3575,3585,3575,3585,1042
2026-04-06 13:42:00,3590,3590,3590,3590,1534
2026-04-06 13:43:00,3595,3595,3590,3590,1781
2026-04-06 13:45:00,3590,3590,3590,3590,315
2026-04-06 13:46:00,3590,3590,3590,3590,101
2026-04-06 13:47:00,3590,3590,3590,3590,100
2026-04-06 13:48:00,3585,3590,3585,3590,726
2026-04-06 13:49:00,3585,3585,3585,3585,2793
2026-04-06 13:50:00,3585,3585,3585,3585,660
2026-04-06 13:51:00,3585,3585,3585,3585,681
2026-04-06 13:52:00,3580,3580,3580,3580,69
2026-04-06 13:54:00,3580,3580,3580,3580,499
2026-04-06 13:55:00,3590,3590,3580,3580,79
2026-04-06 13:56:00,3580,3585,3580,3585,336
2026-04-06 13:57:00,3580,3585,3580,3585,1444
2026-04-06 13:58:00,3580,3580,3580,3580,150
2026-04-06 14:00:00,3580,3580,3580,3580,101
2026-04-06 14:03:00,3580,3580,3575,3575,236
2026-04-06 14:05:00,3575,3575,3565,3565,3063
2026-04-06 14:06:00,3565,3565,3565,3565,43
2026-04-06 14:08:00,3565,3575,3565,3575,438
2026-04-06 14:09:00,3575,3580,3575,3580,188
2026-04-06 14:10:00,3580,3585,3580,3585,873
2026-04-06 14:11:00,3585,3585,3585,3585,119
2026-04-06 14:12:00,3580,3580,3580,3580,2
2026-04-06 14:13:00,3580,3580,3580,3580,110
2026-04-06 14:14:00,3580,3580,3580,3580,32
2026-04-06 14:15:00,3585,3585,3580,3580,114
2026-04-06 14:17:00,3580,3580,3580,3580,85
2026-04-06 14:18:00,3580,3585,3580,3580,1900
2026-04-06 14:19:00,3585,3585,3585,3585,1133
2026-04-06 14:20:00,3580,3585,3580,3585,3353
2026-04-06 14:21:00,3580,3580,3580,3580,2
2026-04-06 14:22:00,3580,3580,3580,3580,28
2026-04-06 14:23:00,3580,3580,3580,3580,100
2026-04-06 14:24:00,3580,3580,3580,3580,200
2026-04-06 14:26:00,3575,3575,3575,3575,1050
2026-04-06 14:27:00,3575,3575,3570,3575,452
2026-04-06 14:28:00,3575,3575,3570,3570,6027
2026-04-06 14:29:00,3570,3570,3570,3570,53
2026-04-06 14:31:00,3570,3570,3570,3570,54
2026-04-06 14:32:00,3575,3575,3575,3575,88
2026-04-06 14:33:00,3575,3575,3570,3575,266
2026-04-06 14:34:00,3575,3575,3570,3575,102
2026-04-06 14:35:00,3570,3570,3570,3570,4348
2026-04-06 14:36:00,3570,3570,3565,3565,79
2026-04-06 14:37:00,3570,3570,3570,3570,1819
2026-04-06 14:39:00,3570,3570,3570,3570,1870
2026-04-06 14:40:00,3570,3570,3570,3570,202
2026-04-06 14:41:00,3570,3570,3570,3570,1700
2026-04-06 14:42:00,3570,3570,3565,3570,5468
2026-04-06 14:43:00,3570,3570,3565,3570,37
2026-04-06 14:44:00,3565,3565,3565,3565,115
2026-04-06 14:45:00,3570,3570,3560,3560,2006
2026-04-06 14:46:00,3565,3565,3555,3560,556
2026-04-06 14:47:00,3555,3555,3555,3555,12
2026-04-06 14:48:00,3555,3555,3555,3555,671
2026-04-06 14:49:00,3555,3555,3555,3555,76
2026-04-06 14:50:00,3555,3555,3555,3555,67
2026-04-06 14:51:00,3550,3550,3550,3550,85
2026-04-06 14:52:00,3550,3550,3550,3550,2150
2026-04-06 14:53:00,3550,3555,3550,3550,5156
2026-04-06 14:54:00,3545,3545,3540,3540,1259
2026-04-06 14:55:00,3550,3550,3535,3550,4610
2026-04-06 14:56:00,3550,3570,3540,3570,3114
2026-04-06 14:57:00,3545,3570,3545,3550,1736
2026-04-06 14:58:00,3550,3570,3550,3570,19
2026-04-06 14:59:00,3550,3570,3545,3545,3733
2026-04-06 15:00:00,3570,3570,3560,3570,23
2026-04-06 15:01:00,3565,3570,3555,3570,43
2026-04-06 15:02:00,3555,3570,3550,3570,276
2026-04-06 15:03:00,3550,3550,3545,3545,1630
2026-04-06 15:04:00,3545,3545,3540,3545,2792
2026-04-06 15:05:00,3545,3545,3540,3545,822
2026-04-06 15:06:00,3545,3545,3545,3545,25
2026-04-06 15:07:00,3545,3545,3540,3545,580
2026-04-06 15:08:00,3545,3545,3545,3545,935
2026-04-06 15:09:00,3550,3550,3550,3550,775
2026-04-06 15:10:00,3550,3550,3550,3550,217
2026-04-06 15:12:00,3555,3555,3555,3555,30
2026-04-06 15:14:00,3555,3555,3555,3555,52
2026-04-06 15:15:00,3555,3555,3550,3555,2477
2026-04-06 15:16:00,3555,3560,3555,3560,2025
2026-04-06 15:17:00,3560,3560,3550,3560,786
2026-04-06 15:18:00,3565,3565,3565,3565,970
2026-04-06 15:19:00,3565,3565,3550,3555,2061
2026-04-06 15:30:00,3550,3550,3550,3550,9778
2026-04-06 15:35:00,3550,3550,3550,3550,197
2026-04-07 09:00:00,3550,3570,3535,3535,12521
2026-04-07 09:01:00,3535,3565,3515,3560,3342
2026-04-07 09:02:00,3570,3570,3550,3550,3385
2026-04-07 09:03:00,3560,3570,3550,3570,4942
2026-04-07 09:04:00,3560,3570,3555,3555,1662
2026-04-07 09:05:00,3555,3555,3545,3545,2279
2026-04-07 09:06:00,3545,3550,3540,3545,3182
2026-04-07 09:07:00,3545,3545,3515,3540,6442
2026-04-07 09:08:00,3540,3540,3520,3530,3040
2026-04-07 09:09:00,3540,3570,3540,3570,6916
2026-04-07 09:10:00,3570,3575,3565,3575,1906
2026-04-07 09:11:00,3570,3575,3555,3560,3873
2026-04-07 09:12:00,3565,3565,3565,3565,110
2026-04-07 09:13:00,3565,3565,3550,3565,1077
2026-04-07 09:14:00,3565,3575,3550,3575,2215
2026-04-07 09:15:00,3575,3585,3575,3585,3835
2026-04-07 09:16:00,3585,3600,3585,3600,1692
2026-04-07 09:17:00,3600,3600,3585,3600,534
2026-04-07 09:18:00,3600,3600,3580,3595,58
2026-04-07 09:19:00,3595,3595,3570,3570,1333
2026-04-07 09:20:00,3570,3580,3555,3575,3435
2026-04-07 09:21:00,3575,3575,3555,3555,3090
2026-04-07 09:22:00,3575,3575,3555,3575,1070
2026-04-07 09:23:00,3567,3567,3560,3567,532
2026-04-07 09:24:00,3567,3567,3555,3555,4111
2026-04-07 09:25:00,3555,3555,3547,3555,9224
2026-04-07 09:26:00,3555,3570,3550,3550,6525
2026-04-07 09:27:00,3550,3550,3540,3540,1423
2026-04-07 09:28:00,3540,3540,3530,3530,7336
2026-04-07 09:29:00,3530,3535,3530,3530,10983
2026-04-07 09:30:00,3530,3530,3525,3525,2698
2026-04-07 09:31:00,3535,3535,3530,3530,26
2026-04-07 09:32:00,3530,3535,3530,3530,6250
2026-04-07 09:33:00,3535,3535,3535,3535,56
2026-04-07 09:34:00,3535,3535,3535,3535,463
2026-04-07 09:35:00,3535,3535,3530,3530,1028
2026-04-07 09:36:00,3530,3530,3525,3525,4134
2026-04-07 09:37:00,3525,3530,3525,3530,1320
2026-04-07 09:38:00,3525,3535,3525,3535,1621
2026-04-07 09:39:00,3535,3540,3530,3535,79
2026-04-07 09:40:00,3535,3535,3535,3535,3
2026-04-07 09:41:00,3535,3535,3530,3530,1104
2026-04-07 09:42:00,3535,3535,3530,3530,4346
2026-04-07 09:43:00,3530,3530,3530,3530,50
2026-04-07 09:44:00,3530,3535,3525,3535,3255
2026-04-07 09:45:00,3530,3530,3520,3520,10419
2026-04-07 09:46:00,3520,3520,3520,3520,30
2026-04-07 09:47:00,3525,3525,3525,3525,48
2026-04-07 09:48:00,3525,3525,3525,3525,11
2026-04-07 09:49:00,3525,3525,3525,3525,870
2026-04-07 09:50:00,3530,3535,3530,3530,19
2026-04-07 09:51:00,3530,3540,3530,3540,1416
2026-04-07 09:52:00,3540,3540,3520,3535,2514
2026-04-07 09:53:00,3530,3535,3520,3520,635
2026-04-07 09:54:00,3520,3520,3515,3515,4490
2026-04-07 09:55:00,3520,3520,3515,3520,1762
2026-04-07 09:56:00,3520,3535,3520,3535,152
2026-04-07 09:57:00,3535,3535,3530,3530,31
2026-04-07 09:58:00,3530,3530,3525,3525,540
2026-04-07 09:59:00,3530,3530,3525,3525,4985
2026-04-07 10:00:00,3530,3530,3530,3530,409
2026-04-07 10:01:00,3530,3530,3530,3530,19
2026-04-07 10:02:00,3525,3525,3525,3525,331
2026-04-07 10:03:00,3520,3520,3515,3515,1041
2026-04-07 10:04:00,3515,3520,3515,3520,192
2026-04-07 10:05:00,3525,3525,3525,3525,11
2026-04-07 10:06:00,3520,3525,3510,3510,1407
2026-04-07 10:07:00,3515,3515,3515,3515,31
2026-04-07 10:08:00,3515,3515,3515,3515,10
2026-04-07 10:09:00,3515,3515,3515,3515,366
2026-04-07 10:10:00,3515,3520,3505,3505,3302
2026-04-07 10:11:00,3505,3505,3490,3490,11712
2026-04-07 10:12:00,3490,3490,3475,3485,7497
2026-04-07 10:13:00,3485,3490,3485,3485,1051
2026-04-07 10:14:00,3490,3490,3470,3475,4078
2026-04-07 10:15:00,3470,3490,3470,3490,1995
2026-04-07 10:16:00,3490,3490,3485,3485,165
2026-04-07 10:17:00,3485,3485,3460,3480,3778
2026-04-07 10:18:00,3480,3485,3460,3465,4533
2026-04-07 10:19:00,3465,3475,3460,3475,11828
2026-04-07 10:20:00,3475,3475,3460,3460,172
2026-04-07 10:22:00,3475,3475,3470,3475,812
2026-04-07 10:23:00,3475,3475,3470,3470,106
2026-04-07 10:24:00,3470,3470,3465,3465,2135
2026-04-07 10:25:00,3465,3475,3460,3460,1691
2026-04-07 10:26:00,3460,3460,3400,3445,11896
2026-04-07 10:27:00,3445,3450,3445,3445,1378
2026-04-07 10:28:00,3445,3455,3440,3455,1585
2026-04-07 10:29:00,3445,3450,3420,3450,946
2026-04-07 10:30:00,3445,3455,3430,3430,7320
2026-04-07 10:31:00,3430,3445,3425,3425,238
2026-04-07 10:32:00,3425,3440,3400,3425,14176
2026-04-07 10:33:00,3425,3430,3420,3430,595
2026-04-07 10:34:00,3430,3430,3420,3420,23
2026-04-07 10:35:00,3430,3435,3420,3425,424
2026-04-07 10:36:00,3425,3425,3425,3425,318
2026-04-07 10:37:00,3430,3435,3425,3432,481
2026-04-07 10:38:00,3430,3435,3425,3430,8104
2026-04-07 10:39:00,3435,3435,3420,3420,2687
2026-04-07 10:40:00,3420,3420,3420,3420,185
2026-04-07 10:41:00,3420,3420,3400,3415,30465
2026-04-07 10:42:00,3415,3415,3415,3415,51
2026-04-07 10:43:00,3410,3415,3405,3415,3609
2026-04-07 10:44:00,3415,3420,3415,3420,1204
2026-04-07 10:45:00,3425,3435,3425,3435,975
2026-04-07 10:46:00,3440,3445,3440,3440,2781
2026-04-07 10:47:00,3440,3440,3440,3440,248
2026-04-07 10:48:00,3440,3440,3435,3435,310
2026-04-07 10:49:00,3440,3440,3440,3440,122
2026-04-07 10:50:00,3440,3440,3420,3425,2799
2026-04-07 10:52:00,3425,3425,3420,3420,71
2026-04-07 10:53:00,3420,3420,3405,3405,1714
2026-04-07 10:54:00,3410,3420,3400,3410,1980
2026-04-07 10:55:00,3410,3410,3405,3410,92
2026-04-07 10:56:00,3405,3405,3390,3405,7069
2026-04-07 10:57:00,3405,3405,3405,3405,1004
2026-04-07 10:58:00,3405,3407,3405,3405,966
2026-04-07 10:59:00,3405,3405,3390,3405,3565
2026-04-07 11:00:00,3405,3415,3390,3415,5847
2026-04-07 11:01:00,3410,3410,3400,3410,420
2026-04-07 11:02:00,3410,3415,3410,3410,1055
2026-04-07 11:03:00,3410,3410,3405,3405,75
2026-04-07 11:04:00,3405,3405,3390,3390,1084
2026-04-07 11:05:00,3390,3390,3385,3385,1618
2026-04-07 11:06:00,3390,3395,3390,3395,2387
2026-04-07 11:07:00,3405,3410,3405,3410,1175
2026-04-07 11:08:00,3405,3405,3395,3395,3106
2026-04-07 11:09:00,3395,3395,3390,3390,2006
2026-04-07 11:10:00,3395,3400,3395,3400,823
2026-04-07 11:11:00,3400,3405,3400,3400,89
2026-04-07 11:12:00,3400,3400,3390,3390,1419
2026-04-07 11:13:00,3405,3405,3395,3395,1523
2026-04-07 11:14:00,3395,3395,3385,3385,6118
2026-04-07 11:15:00,3395,3395,3395,3395,1
2026-04-07 11:16:00,3395,3405,3390,3390,1058
2026-04-07 11:17:00,3395,3395,3380,3380,4517
2026-04-07 11:18:00,3380,3395,3380,3395,1202
2026-04-07 11:19:00,3395,3395,3395,3395,351
2026-04-07 11:20:00,3395,3400,3395,3400,2266
2026-04-07 11:21:00,3400,3400,3400,3400,101
2026-04-07 11:23:00,3400,3400,3390,3390,271
2026-04-07 11:24:00,3390,3390,3390,3390,10736
2026-04-07 11:25:00,3400,3400,3400,3400,43
2026-04-07 11:26:00,3400,3400,3400,3400,169
2026-04-07 11:27:00,3400,3400,3395,3395,445
2026-04-07 11:28:00,3395,3395,3395,3395,150
2026-04-07 11:29:00,3395,3400,3395,3400,2243
2026-04-07 11:30:00,3400,3400,3385,3385,1313
2026-04-07 11:31:00,3400,3400,3400,3400,7
2026-04-07 11:32:00,3395,3395,3395,3395,1000
2026-04-07 11:33:00,3395,3400,3395,3400,155
2026-04-07 11:34:00,3400,3400,3395,3395,314
2026-04-07 11:35:00,3400,3400,3395,3395,274
2026-04-07 11:36:00,3395,3400,3395,3400,347
2026-04-07 11:37:00,3405,3405,3400,3405,1233
2026-04-07 11:38:00,3405,3405,3400,3400,626
2026-04-07 11:39:00,3400,3410,3400,3410,1121
2026-04-07 11:40:00,3405,3410,3405,3410,51
2026-04-07 11:41:00,3405,3405,3400,3400,2954
2026-04-07 11:43:00,3395,3395,3385,3385,3210
2026-04-07 11:44:00,3395,3395,3385,3385,229
2026-04-07 11:45:00,3390,3390,3390,3390,22
2026-04-07 11:46:00,3390,3390,3390,3390,118
2026-04-07 11:47:00,3390,3390,3390,3390,300
2026-04-07 11:48:00,3385,3385,3385,3385,2515
2026-04-07 11:49:00,3387,3390,3385,3390,2798
2026-04-07 11:50:00,3400,3400,3400,3400,25
2026-04-07 11:51:00,3395,3395,3395,3395,13
2026-04-07 11:52:00,3395,3395,3395,3395,1
2026-04-07 11:53:00,3395,3395,3380,3380,622
2026-04-07 11:54:00,3385,3395,3385,3395,26
2026-04-07 11:55:00,3395,3395,3395,3395,300
2026-04-07 11:56:00,3385,3385,3385,3385,277
2026-04-07 11:57:00,3385,3385,3380,3380,1681
2026-04-07 11:58:00,3385,3385,3385,3385,160
2026-04-07 11:59:00,3385,3390,3385,3390,124
2026-04-07 12:00:00,3385,3385,3385,3385,378
2026-04-07 12:01:00,3390,3390,3385,3390,145
2026-04-07 12:02:00,3390,3395,3390,3395,200
2026-04-07 12:03:00,3395,3395,3395,3395,50
2026-04-07 12:04:00,3395,3395,3390,3390,17
2026-04-07 12:05:00,3390,3390,3390,3390,100
2026-04-07 12:06:00,3395,3395,3395,3395,1400
2026-04-07 12:08:00,3395,3395,3380,3385,2048
2026-04-07 12:09:00,3385,3385,3375,3375,2636
2026-04-07 12:10:00,3375,3375,3375,3375,119
2026-04-07 12:11:00,3380,3380,3380,3380,20
2026-04-07 12:12:00,3380,3380,3380,3380,1634
2026-04-07 12:14:00,3385,3385,3380,3385,54
2026-04-07 12:15:00,3385,3385,3385,3385,18
2026-04-07 12:16:00,3385,3385,3385,3385,7
2026-04-07 12:17:00,3390,3390,3390,3390,13
2026-04-07 12:18:00,3390,3390,3385,3385,278
2026-04-07 12:19:00,3390,3390,3390,3390,11
2026-04-07 12:20:00,3390,3390,3380,3385,1828
2026-04-07 12:21:00,3385,3385,3380,3380,235
2026-04-07 12:22:00,3382,3382,3370,3375,19824
2026-04-07 12:23:00,3375,3375,3375,3375,627
2026-04-07 12:24:00,3375,3375,3375,3375,341
2026-04-07 12:25:00,3375,3375,3375,3375,278
2026-04-07 12:26:00,3375,3375,3375,3375,754
2026-04-07 12:27:00,3375,3380,3375,3380,12
2026-04-07 12:28:00,3380,3380,3380,3380,249
2026-04-07 12:29:00,3380,3380,3380,3380,177
2026-04-07 12:30:00,3380,3380,3380,3380,841
2026-04-07 12:31:00,3380,3380,3380,3380,426
2026-04-07 12:32:00,3380,3380,3380,3380,92
2026-04-07 12:33:00,3380,3380,3380,3380,261
2026-04-07 12:34:00,3385,3385,3375,3380,2106
2026-04-07 12:35:00,3380,3380,3380,3380,208
2026-04-07 12:36:00,3390,3390,3385,3390,16
2026-04-07 12:37:00,3390,3390,3375,3375,1832
2026-04-07 12:38:00,3375,3375,3370,3370,3670
2026-04-07 12:39:00,3370,3370,3365,3370,1513
2026-04-07 12:40:00,3370,3370,3370,3370,1055
2026-04-07 12:41:00,3370,3370,3365,3365,1046
2026-04-07 12:42:00,3365,3365,3360,3365,8810
2026-04-07 12:43:00,3365,3365,3360,3365,10202
2026-04-07 12:44:00,3360,3360,3360,3360,3
2026-04-07 12:45:00,3365,3365,3350,3355,8184
2026-04-07 12:46:00,3365,3365,3360,3365,365
2026-04-07 12:47:00,3365,3365,3365,3365,49
2026-04-07 12:48:00,3365,3365,3360,3360,443
2026-04-07 12:49:00,3365,3365,3360,3365,401
2026-04-07 12:50:00,3365,3365,3365,3365,10
2026-04-07 12:51:00,3365,3365,3350,3365,2896
2026-04-07 12:52:00,3355,3365,3350,3355,3437
2026-04-07 12:53:00,3355,3355,3350,3350,2780
2026-04-07 12:54:00,3355,3360,3350,3360,251
2026-04-07 12:55:00,3355,3355,3355,3355,357
2026-04-07 12:56:00,3355,3355,3355,3355,1002
2026-04-07 12:57:00,3355,3365,3355,3365,12278
2026-04-07 12:58:00,3365,3365,3365,3365,340
2026-04-07 12:59:00,3365,3365,3365,3365,2174
2026-04-07 13:00:00,3370,3370,3365,3365,397
2026-04-07 13:01:00,3370,3370,3360,3365,1124
2026-04-07 13:02:00,3360,3360,3360,3360,568
2026-04-07 13:03:00,3360,3360,3360,3360,17
2026-04-07 13:04:00,3360,3365,3360,3365,105
2026-04-07 13:05:00,3365,3365,3365,3365,1773
2026-04-07 13:06:00,3365,3365,3365,3365,1040
2026-04-07 13:07:00,3365,3370,3365,3365,762
2026-04-07 13:08:00,3365,3365,3365,3365,2
2026-04-07 13:09:00,3360,3360,3355,3355,1908
2026-04-07 13:10:00,3355,3355,3355,3355,691
2026-04-07 13:11:00,3355,3355,3350,3350,46
2026-04-07 13:12:00,3350,3350,3350,3350,1705
2026-04-07 13:13:00,3355,3355,3355,3355,353
2026-04-07 13:14:00,3355,3355,3345,3345,5673
2026-04-07 13:15:00,3345,3345,3345,3345,774
2026-04-07 13:16:00,3345,3345,3345,3345,133
2026-04-07 13:17:00,3355,3355,3340,3345,1599
2026-04-07 13:18:00,3345,3345,3345,3345,11152
2026-04-07 13:19:00,3345,3345,3345,3345,1947
2026-04-07 13:20:00,3345,3345,3345,3345,600
2026-04-07 13:22:00,3355,3360,3355,3360,267
2026-04-07 13:24:00,3365,3370,3365,3365,961
2026-04-07 13:25:00,3365,3365,3365,3365,25
2026-04-07 13:27:00,3365,3370,3365,3370,58
2026-04-07 13:28:00,3370,3370,3365,3370,58
2026-04-07 13:29:00,3370,3380,3370,3380,1412
2026-04-07 13:30:00,3375,3375,3375,3375,615
2026-04-07 13:31:00,3375,3380,3375,3380,54
2026-04-07 13:32:00,3380,3380,3380,3380,72
2026-04-07 13:33:00,3380,3380,3380,3380,3
2026-04-07 13:34:00,3380,3380,3375,3380,482
2026-04-07 13:35:00,3375,3375,3375,3375,309
2026-04-07 13:36:00,3370,3370,3365,3365,296
2026-04-07 13:37:00,3365,3365,3365,3365,1039
2026-04-07 13:38:00,3365,3365,3365,3365,130
2026-04-07 13:39:00,3370,3375,3365,3375,1401
2026-04-07 13:40:00,3375,3375,3375,3375,4
2026-04-07 13:41:00,3375,3375,3365,3365,27
2026-04-07 13:42:00,3370,3370,3365,3365,553
2026-04-07 13:43:00,3370,3370,3370,3370,299
2026-04-07 13:44:00,3370,3375,3370,3375,19
2026-04-07 13:45:00,3375,3375,3375,3375,2
2026-04-07 13:46:00,3375,3375,3375,3375,10
2026-04-07 13:47:00,3375,3375,3375,3375,2072
2026-04-07 13:48:00,3375,3375,3375,3375,1
2026-04-07 13:49:00,3375,3375,3375,3375,1000
2026-04-07 13:51:00,3375,3380,3375,3380,417
2026-04-07 13:52:00,3375,3380,3375,3380,505
2026-04-07 13:53:00,3375,3380,3375,3380,53
2026-04-07 13:54:00,3380,3380,3380,3380,30
2026-04-07 13:55:00,3380,3385,3380,3380,228
2026-04-07 13:56:00,3380,3380,3380,3380,952
2026-04-07 13:57:00,3380,3380,3375,3375,3344
2026-04-07 13:59:00,3375,3375,3370,3375,1298
2026-04-07 14:00:00,3375,3380,3370,3370,963
2026-04-07 14:02:00,3370,3370,3370,3370,30
2026-04-07 14:03:00,3375,3375,3365,3365,2481
2026-04-07 14:04:00,3365,3370,3365,3370,289
2026-04-07 14:05:00,3365,3370,3365,3365,789
2026-04-07 14:06:00,3370,3370,3360,3360,3142
2026-04-07 14:07:00,3365,3365,3365,3365,10
2026-04-07 14:08:00,3365,3365,3365,3365,110
2026-04-07 14:09:00,3365,3365,3365,3365,418
2026-04-07 14:10:00,3360,3360,3360,3360,527
2026-04-07 14:11:00,3365,3365,3365,3365,6
2026-04-07 14:12:00,3365,3365,3365,3365,3
2026-04-07 14:13:00,3365,3365,3365,3365,1585
2026-04-07 14:15:00,3365,3370,3365,3370,2125
2026-04-07 14:16:00,3370,3370,3370,3370,100
2026-04-07 14:17:00,3370,3370,3360,3360,251
2026-04-07 14:18:00,3365,3365,3365,3365,267
2026-04-07 14:19:00,3365,3365,3360,3365,352
2026-04-07 14:20:00,3365,3370,3365,3370,1276
2026-04-07 14:21:00,3370,3370,3370,3370,13
2026-04-07 14:22:00,3370,3370,3370,3370,984
2026-04-07 14:24:00,3370,3375,3370,3375,524
2026-04-07 14:25:00,3380,3380,3380,3380,155
2026-04-07 14:26:00,3380,3380,3380,3380,90
2026-04-07 14:27:00,3380,3380,3375,3380,1230
2026-04-07 14:28:00,3380,3380,3370,3370,4145
2026-04-07 14:29:00,3370,3370,3370,3370,1500
2026-04-07 14:30:00,3370,3370,3365,3370,836
2026-04-07 14:31:00,3370,3370,3370,3370,93
2026-04-07 14:32:00,3370,3370,3370,3370,23
2026-04-07 14:33:00,3365,3365,3365,3365,1227
2026-04-07 14:34:00,3360,3370,3360,3370,222
2026-04-07 14:35:00,3370,3370,3370,3370,100
2026-04-07 14:36:00,3370,3375,3360,3375,791
2026-04-07 14:38:00,3370,3370,3360,3360,631
2026-04-07 14:39:00,3365,3365,3365,3365,118
2026-04-07 14:40:00,3365,3365,3360,3365,208
2026-04-07 14:41:00,3365,3365,3365,3365,16
2026-04-07 14:42:00,3365,3365,3365,3365,433
2026-04-07 14:43:00,3370,3370,3370,3370,27
2026-04-07 14:45:00,3365,3365,3355,3360,3617
2026-04-07 14:46:00,3360,3360,3360,3360,718
2026-04-07 14:47:00,3360,3360,3355,3360,1607
2026-04-07 14:48:00,3360,3360,3360,3360,685
2026-04-07 14:49:00,3360,3370,3355,3370,1252
2026-04-07 14:50:00,3370,3370,3370,3370,80
2026-04-07 14:52:00,3375,3375,3375,3375,34
2026-04-07 14:53:00,3370,3375,3370,3370,121
2026-04-07 14:54:00,3370,3370,3365,3365,53
2026-04-07 14:55:00,3370,3370,3365,3370,2487
2026-04-07 14:56:00,3370,3370,3370,3370,1059
2026-04-07 14:57:00,3370,3375,3370,3375,8
2026-04-07 14:58:00,3375,3375,3370,3375,2199
2026-04-07 14:59:00,3375,3375,3370,3370,1620
2026-04-07 15:00:00,3375,3375,3375,3375,1837
2026-04-07 15:01:00,3375,3375,3375,3375,15
2026-04-07 15:02:00,3375,3375,3360,3360,3041
2026-04-07 15:03:00,3365,3375,3360,3375,1254
2026-04-07 15:04:00,3370,3375,3370,3375,107
2026-04-07 15:05:00,3370,3370,3370,3370,460
2026-04-07 15:06:00,3370,3375,3370,3375,267
2026-04-07 15:07:00,3375,3375,3375,3375,883
2026-04-07 15:08:00,3375,3390,3375,3390,11789
2026-04-07 15:09:00,3390,3390,3390,3390,680
2026-04-07 15:10:00,3390,3390,3375,3380,625
2026-04-07 15:11:00,3375,3385,3375,3375,623
2026-04-07 15:12:00,3375,3380,3375,3375,539
2026-04-07 15:13:00,3380,3380,3380,3380,183
2026-04-07 15:14:00,3380,3380,3380,3380,952
2026-04-07 15:15:00,3375,3375,3370,3375,3776
2026-04-07 15:16:00,3375,3380,3365,3365,6044
2026-04-07 15:17:00,3365,3365,3365,3365,100
2026-04-07 15:18:00,3365,3380,3365,3365,1775
2026-04-07 15:19:00,3380,3380,3375,3380,1518
2026-04-07 15:30:00,3385,3385,3385,3385,3782
2026-04-07 15:35:00,3385,3385,3385,3385,1756
2026-04-08 09:00:00,3430,3495,3410,3490,22567
2026-04-08 09:01:00,3485,3490,3440,3465,15587
2026-04-08 09:02:00,3445,3460,3420,3455,5799
2026-04-08 09:03:00,3455,3460,3440,3445,6133
2026-04-08 09:04:00,3440,3460,3430,3440,17420
2026-04-08 09:05:00,3440,3455,3435,3445,8034
2026-04-08 09:06:00,3445,3445,3435,3440,4092
2026-04-08 09:07:00,3440,3450,3440,3450,12251
2026-04-08 09:08:00,3445,3450,3440,3445,812
2026-04-08 09:09:00,3445,3450,3445,3450,5737
2026-04-08 09:10:00,3455,3465,3445,3465,5811
2026-04-08 09:11:00,3465,3465,3440,3440,9007
2026-04-08 09:12:00,3435,3435,3420,3435,18826
2026-04-08 09:13:00,3435,3445,3435,3445,3987
2026-04-08 09:14:00,3445,3450,3440,3445,3551
2026-04-08 09:15:00,3440,3460,3440,3460,8645
2026-04-08 09:16:00,3460,3460,3440,3460,2859
2026-04-08 09:17:00,3460,3460,3455,3455,126
2026-04-08 09:18:00,3455,3460,3455,3455,904
2026-04-08 09:19:00,3460,3460,3445,3455,2125
2026-04-08 09:20:00,3455,3455,3435,3435,8266
2026-04-08 09:21:00,3440,3445,3435,3445,5009
2026-04-08 09:22:00,3445,3450,3440,3450,1632
2026-04-08 09:23:00,3450,3450,3440,3445,852
2026-04-08 09:24:00,3445,3445,3435,3445,4921
2026-04-08 09:25:00,3445,3455,3445,3445,3533
2026-04-08 09:26:00,3455,3460,3455,3460,4070
2026-04-08 09:27:00,3460,3460,3445,3460,11373
2026-04-08 09:28:00,3460,3460,3445,3460,1062
2026-04-08 09:29:00,3460,3470,3450,3465,6512
2026-04-08 09:30:00,3465,3475,3465,3475,2061
2026-04-08 09:31:00,3475,3480,3470,3480,485
2026-04-08 09:32:00,3475,3480,3475,3480,505
2026-04-08 09:33:00,3480,3480,3470,3475,4088
2026-04-08 09:34:00,3475,3475,3460,3460,496
2026-04-08 09:35:00,3460,3465,3450,3465,7644
2026-04-08 09:36:00,3465,3470,3460,3470,1126
2026-04-08 09:37:00,3470,3480,3470,3475,2303
2026-04-08 09:38:00,3475,3475,3470,3475,933
2026-04-08 09:39:00,3475,3495,3475,3495,21452
2026-04-08 09:40:00,3495,3495,3490,3495,1121
2026-04-08 09:41:00,3490,3495,3485,3490,1502
2026-04-08 09:42:00,3490,3500,3480,3500,13480
2026-04-08 09:43:00,3495,3500,3490,3490,4187
2026-04-08 09:44:00,3495,3500,3490,3495,3271
2026-04-08 09:45:00,3490,3510,3490,3510,20134
2026-04-08 09:46:00,3510,3510,3490,3505,457
2026-04-08 09:47:00,3505,3505,3500,3500,2357
2026-04-08 09:48:00,3495,3495,3495,3495,1547
2026-04-08 09:49:00,3495,3495,3485,3485,18126
2026-04-08 09:50:00,3495,3510,3495,3510,2615
2026-04-08 09:51:00,3515,3515,3505,3505,605
2026-04-08 09:52:00,3502,3505,3500,3505,4029
2026-04-08 09:53:00,3505,3505,3500,3505,1565
2026-04-08 09:54:00,3505,3505,3500,3505,5707
2026-04-08 09:55:00,3510,3520,3505,3520,1943
2026-04-08 09:56:00,3510,3525,3510,3525,1793
2026-04-08 09:57:00,3525,3530,3520,3530,4736
2026-04-08 09:58:00,3525,3525,3505,3505,3739
2026-04-08 09:59:00,3510,3520,3510,3515,714
2026-04-08 10:00:00,3520,3525,3520,3525,1639
2026-04-08 10:01:00,3525,3530,3525,3530,11819
2026-04-08 10:02:00,3530,3530,3520,3530,1288
2026-04-08 10:03:00,3530,3530,3520,3525,3731
2026-04-08 10:04:00,3525,3525,3520,3520,1628
2026-04-08 10:05:00,3520,3525,3520,3525,89
2026-04-08 10:06:00,3520,3520,3520,3520,310
2026-04-08 10:07:00,3525,3560,3525,3555,19221
2026-04-08 10:08:00,3555,3560,3530,3545,14681
2026-04-08 10:09:00,3545,3545,3530,3535,2219
2026-04-08 10:10:00,3530,3535,3525,3530,2485
2026-04-08 10:11:00,3530,3530,3520,3520,2420
2026-04-08 10:12:00,3525,3525,3510,3515,2474
2026-04-08 10:13:00,3515,3515,3510,3510,5452
2026-04-08 10:14:00,3510,3515,3510,3515,208
2026-04-08 10:15:00,3515,3515,3515,3515,1543
2026-04-08 10:16:00,3515,3525,3515,3525,7458
2026-04-08 10:17:00,3530,3545,3530,3540,4621
2026-04-08 10:18:00,3540,3545,3535,3540,7753
2026-04-08 10:19:00,3540,3545,3535,3540,4776
2026-04-08 10:20:00,3540,3575,3540,3575,18748
2026-04-08 10:21:00,3570,3570,3565,3565,875
2026-04-08 10:22:00,3565,3570,3555,3565,3182
2026-04-08 10:23:00,3565,3565,3545,3560,2441
2026-04-08 10:24:00,3560,3580,3545,3555,4712
2026-04-08 10:25:00,3555,3575,3555,3575,5283
2026-04-08 10:26:00,3575,3650,3575,3645,39725
2026-04-08 10:27:00,3630,3655,3620,3620,24096
2026-04-08 10:28:00,3620,3620,3590,3595,7671
2026-04-08 10:29:00,3595,3600,3570,3590,11717
2026-04-08 10:30:00,3590,3595,3580,3595,3515
2026-04-08 10:31:00,3590,3620,3590,3605,6707
2026-04-08 10:32:00,3605,3610,3600,3605,6409
2026-04-08 10:33:00,3605,3625,3600,3625,6482
2026-04-08 10:34:00,3630,3650,3625,3630,18753
2026-04-08 10:35:00,3645,3655,3605,3620,22882
2026-04-08 10:36:00,3615,3640,3605,3640,2879
2026-04-08 10:37:00,3640,3640,3605,3625,7461
2026-04-08 10:38:00,3610,3615,3600,3600,5676
2026-04-08 10:39:00,3600,3620,3595,3620,4526
2026-04-08 10:40:00,3620,3620,3595,3605,3660
2026-04-08 10:41:00,3595,3615,3590,3615,2654
2026-04-08 10:42:00,3615,3615,3605,3610,1779
2026-04-08 10:43:00,3610,3610,3605,3605,1198
2026-04-08 10:44:00,3605,3615,3600,3605,5332
2026-04-08 10:45:00,3605,3605,3595,3595,1967
2026-04-08 10:46:00,3590,3605,3590,3600,3619
2026-04-08 10:47:00,3600,3600,3585,3590,2796
2026-04-08 10:48:00,3585,3585,3580,3580,2577
2026-04-08 10:49:00,3580,3595,3575,3575,5071
2026-04-08 10:50:00,3595,3595,3575,3585,3987
2026-04-08 10:51:00,3575,3585,3565,3565,4395
2026-04-08 10:52:00,3575,3585,3575,3585,3531
2026-04-08 10:53:00,3580,3580,3570,3580,3037
2026-04-08 10:54:00,3575,3585,3570,3585,2536
2026-04-08 10:55:00,3580,3590,3575,3585,4044
2026-04-08 10:56:00,3590,3615,3585,3610,5943
2026-04-08 10:57:00,3615,3640,3610,3630,8923
2026-04-08 10:58:00,3630,3650,3620,3645,7490
2026-04-08 10:59:00,3645,3645,3620,3630,8133
2026-04-08 11:00:00,3635,3730,3630,3695,60658
2026-04-08 11:01:00,3680,3705,3615,3660,31195
2026-04-08 11:02:00,3660,3670,3635,3640,12347
2026-04-08 11:03:00,3650,3650,3625,3630,6928
2026-04-08 11:04:00,3630,3660,3625,3655,9943
2026-04-08 11:05:00,3655,3655,3625,3625,3653
2026-04-08 11:06:00,3625,3690,3625,3675,11986
2026-04-08 11:07:00,3675,3675,3660,3660,2403
2026-04-08 11:08:00,3660,3665,3640,3660,2473
2026-04-08 11:09:00,3660,3660,3635,3640,1649
2026-04-08 11:10:00,3640,3640,3635,3635,52
2026-04-08 11:11:00,3640,3640,3600,3600,11150
2026-04-08 11:12:00,3605,3615,3595,3615,2465
2026-04-08 11:13:00,3605,3615,3595,3615,5939
2026-04-08 11:14:00,3615,3615,3585,3610,4423
2026-04-08 11:15:00,3610,3615,3610,3615,512
2026-04-08 11:16:00,3615,3615,3605,3605,22
2026-04-08 11:17:00,3605,3615,3600,3610,3077
2026-04-08 11:18:00,3610,3610,3610,3610,27
2026-04-08 11:19:00,3600,3610,3600,3605,1685
2026-04-08 11:20:00,3600,3610,3600,3605,526
2026-04-08 11:21:00,3605,3615,3595,3615,2628
2026-04-08 11:22:00,3610,3615,3600,3615,2391
2026-04-08 11:23:00,3610,3610,3605,3605,719
2026-04-08 11:24:00,3605,3605,3600,3600,1255
2026-04-08 11:25:00,3595,3615,3595,3615,1213
2026-04-08 11:26:00,3615,3630,3610,3620,270
2026-04-08 11:27:00,3630,3635,3620,3635,1522
2026-04-08 11:28:00,3635,3640,3620,3640,1197
2026-04-08 11:29:00,3625,3640,3625,3640,419
2026-04-08 11:30:00,3625,3635,3625,3635,1370
2026-04-08 11:31:00,3635,3635,3585,3600,7222
2026-04-08 11:32:00,3610,3625,3600,3625,91
2026-04-08 11:33:00,3635,3635,3620,3625,90
2026-04-08 11:34:00,3625,3630,3620,3620,1329
2026-04-08 11:35:00,3630,3630,3615,3630,481
2026-04-08 11:36:00,3630,3640,3625,3640,888
2026-04-08 11:37:00,3635,3640,3620,3620,100
2026-04-08 11:38:00,3620,3630,3620,3620,854
2026-04-08 11:39:00,3620,3630,3615,3630,700
2026-04-08 11:40:00,3630,3635,3630,3630,1113
2026-04-08 11:41:00,3630,3635,3630,3630,208
2026-04-08 11:42:00,3635,3640,3630,3635,1276
2026-04-08 11:43:00,3635,3650,3630,3650,5188
2026-04-08 11:44:00,3650,3655,3645,3655,2269
2026-04-08 11:45:00,3650,3660,3645,3655,5276
2026-04-08 11:46:00,3645,3650,3625,3625,3930
2026-04-08 11:47:00,3650,3650,3630,3635,116
2026-04-08 11:48:00,3650,3650,3635,3645,284
2026-04-08 11:49:00,3650,3650,3645,3645,4121
2026-04-08 11:50:00,3650,3655,3645,3645,1013
2026-04-08 11:51:00,3650,3675,3645,3670,11772
2026-04-08 11:52:00,3670,3670,3665,3665,1472
2026-04-08 11:53:00,3665,3670,3650,3670,7275
2026-04-08 11:54:00,3670,3675,3662,3670,1765
2026-04-08 11:55:00,3670,3670,3662,3670,2327
2026-04-08 11:56:00,3670,3670,3655,3660,4565
2026-04-08 11:57:00,3660,3670,3660,3660,3800
2026-04-08 11:58:00,3660,3660,3650,3650,2015
2026-04-08 11:59:00,3650,3650,3635,3645,6748
2026-04-08 12:00:00,3645,3650,3645,3645,3807
2026-04-08 12:01:00,3655,3655,3635,3640,2415
2026-04-08 12:02:00,3645,3665,3640,3660,1353
2026-04-08 12:03:00,3660,3670,3655,3655,850
2026-04-08 12:04:00,3650,3655,3640,3650,2839
2026-04-08 12:05:00,3655,3665,3650,3665,260
2026-04-08 12:06:00,3665,3670,3655,3670,4126
2026-04-08 12:07:00,3675,3680,3660,3660,4853
2026-04-08 12:08:00,3670,3670,3660,3670,1240
2026-04-08 12:09:00,3670,3675,3660,3675,775
2026-04-08 12:10:00,3670,3670,3660,3660,47
2026-04-08 12:11:00,3665,3665,3645,3660,1980
2026-04-08 12:12:00,3660,3665,3650,3665,1712
2026-04-08 12:13:00,3665,3665,3650,3665,1197
2026-04-08 12:14:00,3655,3660,3650,3650,292
2026-04-08 12:15:00,3655,3655,3645,3645,169
2026-04-08 12:16:00,3645,3650,3640,3640,1220
2026-04-08 12:17:00,3650,3650,3640,3640,1129
2026-04-08 12:18:00,3650,3650,3635,3650,5529
2026-04-08 12:19:00,3650,3650,3635,3650,1096
2026-04-08 12:20:00,3635,3645,3635,3635,265
2026-04-08 12:21:00,3635,3640,3625,3625,4302
2026-04-08 12:22:00,3630,3660,3625,3640,4569
2026-04-08 12:23:00,3640,3655,3640,3640,131
2026-04-08 12:24:00,3640,3642,3635,3635,224
2026-04-08 12:25:00,3632,3632,3625,3630,6722
2026-04-08 12:26:00,3625,3630,3625,3625,5673
2026-04-08 12:27:00,3630,3630,3625,3625,241
2026-04-08 12:28:00,3630,3630,3620,3620,1848
2026-04-08 12:29:00,3620,3630,3620,3620,253
2026-04-08 12:30:00,3630,3630,3620,3620,2543
2026-04-08 12:31:00,3620,3625,3615,3620,1487
2026-04-08 12:32:00,3615,3625,3615,3620,167
2026-04-08 12:33:00,3620,3625,3620,3620,217
2026-04-08 12:34:00,3620,3620,3615,3615,1990
2026-04-08 12:35:00,3620,3620,3615,3615,122
2026-04-08 12:36:00,3620,3620,3615,3620,745
2026-04-08 12:37:00,3620,3620,3590,3590,16331
2026-04-08 12:38:00,3595,3595,3585,3585,5027
2026-04-08 12:39:00,3585,3590,3580,3590,2514
2026-04-08 12:40:00,3600,3600,3590,3595,615
2026-04-08 12:41:00,3595,3595,3580,3585,3804
2026-04-08 12:42:00,3590,3590,3580,3585,1119
2026-04-08 12:43:00,3585,3590,3575,3590,4669
2026-04-08 12:44:00,3585,3585,3585,3585,26
2026-04-08 12:45:00,3580,3580,3575,3580,5315
2026-04-08 12:46:00,3580,3580,3580,3580,687
2026-04-08 12:47:00,3580,3585,3580,3585,500
2026-04-08 12:48:00,3585,3585,3585,3585,7
2026-04-08 12:49:00,3585,3590,3585,3590,397
2026-04-08 12:50:00,3590,3590,3585,3585,556
2026-04-08 12:51:00,3585,3585,3580,3580,194
2026-04-08 12:52:00,3580,3590,3580,3590,4781
2026-04-08 12:53:00,3590,3590,3590,3590,167
2026-04-08 12:54:00,3590,3590,3590,3590,164
2026-04-08 12:55:00,3590,3600,3585,3600,3806
2026-04-08 12:56:00,3580,3595,3580,3595,397
2026-04-08 12:57:00,3595,3595,3595,3595,321
2026-04-08 12:58:00,3590,3590,3590,3590,80
2026-04-08 12:59:00,3590,3590,3590,3590,55
2026-04-08 13:00:00,3590,3590,3585,3590,110
2026-04-08 13:01:00,3595,3600,3590,3590,637
2026-04-08 13:02:00,3595,3595,3590,3590,3
2026-04-08 13:03:00,3590,3590,3590,3590,45
2026-04-08 13:04:00,3590,3595,3585,3595,1022
2026-04-08 13:05:00,3585,3595,3585,3595,752
2026-04-08 13:06:00,3590,3590,3590,3590,115
2026-04-08 13:07:00,3590,3590,3585,3585,494
2026-04-08 13:08:00,3585,3585,3580,3585,689
2026-04-08 13:09:00,3585,3590,3585,3585,300
2026-04-08 13:10:00,3585,3585,3585,3585,240
2026-04-08 13:11:00,3585,3585,3585,3585,1188
2026-04-08 13:12:00,3585,3585,3580,3585,24
2026-04-08 13:13:00,3585,3585,3570,3570,8015
2026-04-08 13:14:00,3570,3575,3570,3575,266
2026-04-08 13:15:00,3570,3570,3570,3570,798
2026-04-08 13:16:00,3567,3575,3567,3575,3068
2026-04-08 13:17:00,3570,3575,3570,3575,21
2026-04-08 13:18:00,3575,3575,3575,3575,41
2026-04-08 13:19:00,3575,3580,3570,3580,480
2026-04-08 13:20:00,3580,3580,3580,3580,41
2026-04-08 13:21:00,3580,3585,3580,3585,401
2026-04-08 13:22:00,3575,3575,3575,3575,720
2026-04-08 13:23:00,3570,3570,3555,3557,1933
2026-04-08 13:24:00,3557,3562,3557,3560,1817
2026-04-08 13:25:00,3562,3562,3555,3555,2067
2026-04-08 13:26:00,3555,3555,3550,3555,6242
2026-04-08 13:27:00,3555,3555,3555,3555,131
2026-04-08 13:28:00,3555,3560,3555,3560,1133
2026-04-08 13:29:00,3560,3560,3560,3560,18
2026-04-08 13:30:00,3560,3560,3560,3560,1008
2026-04-08 13:31:00,3555,3555,3540,3540,4001
2026-04-08 13:32:00,3545,3545,3540,3540,1570
2026-04-08 13:33:00,3540,3545,3510,3520,7127
2026-04-08 13:34:00,3540,3540,3535,3535,791
2026-04-08 13:35:00,3540,3545,3540,3545,202
2026-04-08 13:36:00,3545,3545,3545,3545,203
2026-04-08 13:37:00,3545,3555,3545,3555,541
2026-04-08 13:38:00,3555,3555,3550,3550,235
2026-04-08 13:39:00,3550,3550,3540,3540,2978
2026-04-08 13:40:00,3550,3550,3550,3550,18
2026-04-08 13:41:00,3550,3555,3545,3555,1335
2026-04-08 13:42:00,3555,3560,3550,3560,704
2026-04-08 13:43:00,3560,3560,3545,3550,181
2026-04-08 13:44:00,3550,3555,3540,3550,870
2026-04-08 13:45:00,3550,3550,3545,3545,12
2026-04-08 13:47:00,3545,3545,3545,3545,100
2026-04-08 13:48:00,3550,3550,3550,3550,50
2026-04-08 13:49:00,3550,3550,3550,3550,37
2026-04-08 13:51:00,3550,3555,3550,3555,1450
2026-04-08 13:52:00,3550,3560,3535,3545,1264
2026-04-08 13:53:00,3555,3555,3545,3550,247
2026-04-08 13:54:00,3550,3550,3545,3545,50
2026-04-08 13:55:00,3545,3545,3540,3540,604
2026-04-08 13:56:00,3540,3545,3535,3535,5675
2026-04-08 13:57:00,3535,3535,3535,3535,750
2026-04-08 13:58:00,3535,3535,3535,3535,1527
2026-04-08 13:59:00,3535,3535,3535,3535,27
2026-04-08 14:00:00,3540,3540,3535,3535,211
2026-04-08 14:01:00,3535,3535,3535,3535,322
2026-04-08 14:02:00,3540,3540,3540,3540,227
2026-04-08 14:03:00,3540,3540,3535,3535,377
2026-04-08 14:04:00,3535,3535,3530,3530,1778
2026-04-08 14:05:00,3535,3535,3530,3530,553
2026-04-08 14:06:00,3530,3535,3530,3535,463
2026-04-08 14:07:00,3535,3535,3535,3535,9
2026-04-08 14:08:00,3540,3540,3530,3530,1006
2026-04-08 14:09:00,3530,3540,3530,3540,661
2026-04-08 14:10:00,3540,3550,3540,3550,3151
2026-04-08 14:11:00,3550,3555,3545,3545,655
2026-04-08 14:12:00,3545,3555,3545,3555,209
2026-04-08 14:13:00,3550,3555,3540,3550,609
2026-04-08 14:14:00,3545,3555,3545,3555,132
2026-04-08 14:15:00,3550,3555,3545,3555,74
2026-04-08 14:16:00,3555,3555,3540,3540,1444
2026-04-08 14:17:00,3540,3540,3540,3540,703
2026-04-08 14:19:00,3540,3540,3530,3530,10124
2026-04-08 14:20:00,3540,3545,3540,3545,2931
2026-04-08 14:21:00,3535,3540,3530,3540,850
2026-04-08 14:22:00,3540,3545,3540,3540,27
2026-04-08 14:23:00,3540,3540,3540,3540,475
2026-04-08 14:24:00,3545,3545,3545,3545,1855
2026-04-08 14:25:00,3545,3545,3545,3545,391
2026-04-08 14:26:00,3545,3545,3540,3540,31
2026-04-08 14:27:00,3540,3540,3540,3540,119
2026-04-08 14:28:00,3545,3545,3540,3540,19
2026-04-08 14:29:00,3545,3545,3545,3545,1670
2026-04-08 14:30:00,3550,3550,3550,3550,2
2026-04-08 14:31:00,3550,3550,3550,3550,245
2026-04-08 14:32:00,3545,3550,3545,3550,757
2026-04-08 14:33:00,3550,3550,3540,3540,407
2026-04-08 14:34:00,3540,3540,3540,3540,181
2026-04-08 14:35:00,3545,3545,3530,3535,4332
2026-04-08 14:36:00,3530,3540,3530,3540,549
2026-04-08 14:37:00,3540,3540,3540,3540,20
2026-04-08 14:38:00,3540,3540,3535,3535,205
2026-04-08 14:39:00,3530,3535,3520,3520,7014
2026-04-08 14:40:00,3515,3540,3515,3540,1076
2026-04-08 14:41:00,3535,3540,3525,3540,1869
2026-04-08 14:42:00,3540,3540,3540,3540,30
2026-04-08 14:43:00,3525,3525,3520,3520,5195
2026-04-08 14:44:00,3525,3525,3525,3525,6
2026-04-08 14:45:00,3520,3525,3520,3525,356
2026-04-08 14:46:00,3520,3525,3520,3525,1133
2026-04-08 14:47:00,3530,3540,3525,3540,1790
2026-04-08 14:48:00,3530,3535,3530,3530,431
2026-04-08 14:49:00,3530,3530,3525,3530,203
2026-04-08 14:50:00,3525,3530,3525,3530,7766
2026-04-08 14:51:00,3530,3530,3530,3530,406
2026-04-08 14:52:00,3530,3530,3530,3530,1318
2026-04-08 14:53:00,3525,3530,3525,3530,2025
2026-04-08 14:54:00,3525,3530,3525,3530,747
2026-04-08 14:55:00,3530,3530,3525,3525,102
2026-04-08 14:56:00,3525,3525,3520,3525,2612
2026-04-08 14:57:00,3525,3525,3515,3520,3210
2026-04-08 14:58:00,3520,3525,3520,3525,278
2026-04-08 14:59:00,3525,3525,3525,3525,8
2026-04-08 15:00:00,3520,3525,3510,3525,10666
2026-04-08 15:01:00,3520,3525,3510,3525,10206
2026-04-08 15:02:00,3525,3525,3510,3510,17737
2026-04-08 15:03:00,3510,3515,3505,3510,8688
2026-04-08 15:04:00,3510,3510,3505,3510,6535
2026-04-08 15:05:00,3510,3520,3510,3520,2611
2026-04-08 15:06:00,3520,3525,3510,3520,3104
2026-04-08 15:07:00,3520,3525,3520,3520,498
2026-04-08 15:08:00,3520,3520,3520,3520,572
2026-04-08 15:09:00,3520,3520,3520,3520,261
2026-04-08 15:10:00,3520,3520,3515,3515,1017
2026-04-08 15:11:00,3515,3515,3510,3515,2182
2026-04-08 15:12:00,3520,3525,3515,3525,2171
2026-04-08 15:13:00,3525,3525,3525,3525,370
2026-04-08 15:14:00,3525,3525,3525,3525,1630
2026-04-08 15:15:00,3525,3525,3525,3525,620
2026-04-08 15:16:00,3525,3535,3520,3525,10822
2026-04-08 15:17:00,3525,3530,3525,3525,292
2026-04-08 15:18:00,3525,3525,3520,3520,1958
2026-04-08 15:19:00,3520,3535,3520,3535,3256
2026-04-08 15:30:00,3540,3540,3540,3540,12497
2026-04-08 15:35:00,3540,3540,3540,3540,1813
2026-04-09 09:00:00,3510,3520,3460,3460,14317
2026-04-09 09:01:00,3455,3460,3430,3445,22424
2026-04-09 09:02:00,3440,3445,3430,3445,4308
2026-04-09 09:03:00,3445,3475,3435,3440,24313
2026-04-09 09:04:00,3465,3465,3440,3445,8422
2026-04-09 09:05:00,3445,3445,3430,3430,15036
2026-04-09 09:06:00,3430,3440,3415,3440,19461
2026-04-09 09:07:00,3440,3445,3435,3445,6600
2026-04-09 09:08:00,3435,3435,3430,3430,3524
2026-04-09 09:09:00,3430,3430,3420,3425,7541
2026-04-09 09:10:00,3425,3432,3425,3425,6031
2026-04-09 09:11:00,3422,3425,3415,3425,14848
2026-04-09 09:12:00,3425,3425,3420,3425,10610
2026-04-09 09:13:00,3425,3425,3420,3425,2504
2026-04-09 09:14:00,3425,3430,3420,3425,6374
2026-04-09 09:15:00,3425,3425,3425,3425,100
2026-04-09 09:16:00,3425,3425,3417,3417,11343
2026-04-09 09:17:00,3417,3420,3412,3420,6116
2026-04-09 09:18:00,3420,3440,3415,3425,5455
2026-04-09 09:19:00,3425,3425,3415,3417,2056
2026-04-09 09:20:00,3417,3422,3417,3422,1518
2026-04-09 09:21:00,3420,3422,3420,3420,891
2026-04-09 09:22:00,3415,3417,3412,3415,1930
2026-04-09 09:23:00,3420,3420,3410,3420,1738
2026-04-09 09:24:00,3420,3420,3415,3415,964
2026-04-09 09:25:00,3415,3417,3415,3415,3949
2026-04-09 09:26:00,3415,3415,3410,3412,2475
2026-04-09 09:27:00,3412,3420,3410,3417,1942
2026-04-09 09:28:00,3417,3417,3415,3415,1563
2026-04-09 09:29:00,3415,3417,3415,3415,385
2026-04-09 09:30:00,3415,3415,3405,3410,7121
2026-04-09 09:31:00,3410,3410,3400,3400,14614
2026-04-09 09:32:00,3400,3402,3395,3395,6462
2026-04-09 09:33:00,3395,3400,3385,3390,5774
2026-04-09 09:34:00,3395,3400,3390,3400,6102
2026-04-09 09:35:00,3400,3405,3395,3405,5291
2026-04-09 09:36:00,3405,3405,3400,3405,1345
2026-04-09 09:37:00,3405,3420,3405,3415,5525
2026-04-09 09:38:00,3420,3420,3400,3405,8726
2026-04-09 09:39:00,3405,3405,3400,3400,768
2026-04-09 09:40:00,3405,3405,3395,3400,3354
2026-04-09 09:41:00,3395,3405,3395,3400,1683
2026-04-09 09:42:00,3405,3405,3395,3395,3281
2026-04-09 09:43:00,3395,3400,3395,3400,595
2026-04-09 09:44:00,3395,3400,3395,3400,381
2026-04-09 09:45:00,3395,3400,3395,3395,5006
2026-04-09 09:46:00,3395,3395,3390,3395,1822
2026-04-09 09:47:00,3395,3395,3390,3395,1085
2026-04-09 09:48:00,3395,3400,3390,3395,1596
2026-04-09 09:49:00,3395,3400,3395,3395,1143
2026-04-09 09:50:00,3395,3395,3395,3395,106
2026-04-09 09:51:00,3400,3400,3395,3400,75
2026-04-09 09:52:00,3400,3400,3395,3395,1988
2026-04-09 09:53:00,3395,3400,3395,3400,1503
2026-04-09 09:54:00,3400,3400,3400,3400,1521
2026-04-09 09:55:00,3395,3395,3395,3395,1245
2026-04-09 09:56:00,3395,3395,3390,3390,14276
2026-04-09 09:57:00,3390,3395,3390,3395,153
2026-04-09 09:58:00,3395,3395,3395,3395,51
2026-04-09 09:59:00,3395,3395,3395,3395,154
2026-04-09 10:00:00,3395,3395,3390,3395,805
2026-04-09 10:01:00,3395,3395,3395,3395,20
2026-04-09 10:02:00,3395,3395,3390,3390,735
2026-04-09 10:03:00,3395,3395,3395,3395,296
2026-04-09 10:04:00,3390,3395,3390,3390,301
2026-04-09 10:05:00,3395,3395,3390,3390,4679
2026-04-09 10:06:00,3390,3395,3385,3390,1132
2026-04-09 10:07:00,3390,3392,3385,3390,5095
2026-04-09 10:08:00,3385,3395,3385,3395,1373
2026-04-09 10:09:00,3395,3395,3385,3385,298
2026-04-09 10:10:00,3385,3390,3385,3385,6411
2026-04-09 10:11:00,3385,3390,3380,3380,8992
2026-04-09 10:12:00,3380,3380,3365,3375,18091
2026-04-09 10:13:00,3365,3375,3365,3375,713
2026-04-09 10:14:00,3375,3375,3370,3370,400
2026-04-09 10:15:00,3370,3375,3370,3370,1521
2026-04-09 10:16:00,3375,3380,3370,3370,3300
2026-04-09 10:17:00,3375,3390,3375,3390,892
2026-04-09 10:18:00,3390,3390,3385,3385,961
2026-04-09 10:19:00,3385,3395,3385,3395,1494
2026-04-09 10:20:00,3390,3390,3385,3390,257
2026-04-09 10:21:00,3385,3385,3385,3385,33
2026-04-09 10:22:00,3380,3380,3370,3375,1391
2026-04-09 10:23:00,3375,3375,3370,3370,4923
2026-04-09 10:24:00,3365,3370,3365,3365,4949
2026-04-09 10:25:00,3375,3375,3365,3375,613
2026-04-09 10:26:00,3365,3375,3360,3375,1925
2026-04-09 10:27:00,3375,3375,3370,3370,572
2026-04-09 10:28:00,3375,3380,3375,3380,753
2026-04-09 10:29:00,3380,3380,3380,3380,1154
2026-04-09 10:30:00,3380,3380,3375,3380,2020
2026-04-09 10:31:00,3380,3380,3380,3380,2924
2026-04-09 10:32:00,3380,3385,3380,3385,618
2026-04-09 10:33:00,3380,3385,3380,3385,1359
2026-04-09 10:34:00,3385,3385,3380,3385,280
2026-04-09 10:35:00,3390,3390,3390,3390,521
2026-04-09 10:36:00,3390,3395,3390,3395,475
2026-04-09 10:37:00,3395,3395,3385,3390,1220
2026-04-09 10:38:00,3395,3395,3395,3395,3
2026-04-09 10:39:00,3395,3395,3390,3395,886
2026-04-09 10:40:00,3390,3395,3390,3395,563
2026-04-09 10:41:00,3390,3395,3390,3395,221
2026-04-09 10:42:00,3395,3395,3395,3395,101
2026-04-09 10:43:00,3395,3395,3395,3395,300
2026-04-09 10:44:00,3395,3395,3395,3395,88
2026-04-09 10:45:00,3395,3395,3395,3395,6
2026-04-09 10:46:00,3395,3395,3390,3395,230
2026-04-09 10:47:00,3395,3400,3390,3400,6240
2026-04-09 10:48:00,3400,3405,3400,3400,632
2026-04-09 10:49:00,3400,3400,3400,3400,7
2026-04-09 10:50:00,3400,3405,3400,3400,324
2026-04-09 10:51:00,3400,3400,3400,3400,3
2026-04-09 10:52:00,3405,3405,3400,3405,163
2026-04-09 10:53:00,3400,3405,3400,3405,4
2026-04-09 10:54:00,3400,3405,3400,3405,227
2026-04-09 10:55:00,3400,3400,3400,3400,422
2026-04-09 10:56:00,3400,3410,3400,3410,3981
2026-04-09 10:57:00,3410,3415,3410,3415,124
2026-04-09 10:58:00,3415,3415,3415,3415,33
2026-04-09 10:59:00,3415,3415,3415,3415,130
2026-04-09 11:00:00,3415,3415,3415,3415,342
2026-04-09 11:01:00,3415,3420,3415,3420,21
2026-04-09 11:02:00,3420,3420,3415,3415,833
2026-04-09 11:03:00,3420,3420,3420,3420,343
2026-04-09 11:04:00,3420,3420,3420,3420,1
2026-04-09 11:05:00,3420,3425,3420,3425,198
2026-04-09 11:06:00,3420,3420,3410,3410,285
2026-04-09 11:07:00,3410,3410,3405,3410,1725
2026-04-09 11:08:00,3410,3415,3410,3415,323
2026-04-09 11:09:00,3415,3415,3415,3415,174
2026-04-09 11:10:00,3415,3415,3410,3415,460
2026-04-09 11:11:00,3415,3415,3415,3415,5
2026-04-09 11:12:00,3415,3415,3415,3415,33
2026-04-09 11:13:00,3415,3415,3415,3415,25
2026-04-09 11:14:00,3415,3415,3415,3415,13
2026-04-09 11:15:00,3415,3415,3410,3410,893
2026-04-09 11:16:00,3405,3410,3400,3410,1053
2026-04-09 11:17:00,3405,3410,3405,3405,315
2026-04-09 11:19:00,3405,3405,3405,3405,779
2026-04-09 11:20:00,3410,3410,3405,3405,470
2026-04-09 11:21:00,3415,3415,3415,3415,5
2026-04-09 11:23:00,3415,3415,3415,3415,2
2026-04-09 11:24:00,3415,3415,3415,3415,181
2026-04-09 11:25:00,3410,3415,3410,3415,14
2026-04-09 11:26:00,3415,3415,3405,3405,1100
2026-04-09 11:27:00,3405,3405,3405,3405,908
2026-04-09 11:28:00,3405,3410,3405,3410,31
2026-04-09 11:29:00,3410,3410,3410,3410,10
2026-04-09 11:30:00,3405,3405,3405,3405,305
2026-04-09 11:31:00,3405,3405,3405,3405,183
2026-04-09 11:32:00,3405,3405,3405,3405,251
2026-04-09 11:33:00,3405,3410,3405,3410,755
2026-04-09 11:34:00,3405,3410,3400,3410,3637
2026-04-09 11:35:00,3410,3410,3410,3410,276
2026-04-09 11:37:00,3405,3410,3405,3410,120
2026-04-09 11:38:00,3405,3405,3405,3405,42
2026-04-09 11:39:00,3405,3405,3405,3405,62
2026-04-09 11:40:00,3405,3405,3400,3400,4056
2026-04-09 11:41:00,3400,3400,3400,3400,1
2026-04-09 11:42:00,3400,3400,3400,3400,120
2026-04-09 11:43:00,3395,3400,3395,3400,2
2026-04-09 11:44:00,3400,3400,3395,3395,1374
2026-04-09 11:45:00,3395,3395,3390,3390,21
2026-04-09 11:46:00,3390,3395,3390,3390,73
2026-04-09 11:47:00,3390,3395,3380,3395,3448
2026-04-09 11:48:00,3380,3395,3380,3395,6
2026-04-09 11:49:00,3390,3390,3390,3390,51
2026-04-09 11:50:00,3387,3390,3387,3390,249
2026-04-09 11:51:00,3390,3390,3390,3390,169
2026-04-09 11:52:00,3380,3380,3380,3380,280
2026-04-09 11:53:00,3380,3390,3380,3390,552
2026-04-09 11:54:00,3390,3390,3390,3390,150
2026-04-09 11:55:00,3390,3390,3390,3390,20
2026-04-09 11:56:00,3395,3395,3395,3395,883
2026-04-09 11:57:00,3395,3405,3395,3405,1119
2026-04-09 11:58:00,3400,3400,3400,3400,133
2026-04-09 11:59:00,3400,3400,3400,3400,200
2026-04-09 12:00:00,3400,3400,3400,3400,500
2026-04-09 12:01:00,3400,3400,3400,3400,1
2026-04-09 12:02:00,3400,3400,3400,3400,303
2026-04-09 12:03:00,3400,3400,3400,3400,1246
2026-04-09 12:04:00,3400,3400,3400,3400,15
2026-04-09 12:05:00,3395,3400,3395,3400,263
2026-04-09 12:07:00,3400,3400,3395,3395,304
2026-04-09 12:08:00,3395,3400,3395,3400,361
2026-04-09 12:09:00,3400,3400,3400,3400,5
2026-04-09 12:10:00,3395,3400,3395,3400,12
2026-04-09 12:12:00,3400,3400,3400,3400,3
2026-04-09 12:13:00,3395,3395,3390,3395,971
2026-04-09 12:14:00,3400,3400,3400,3400,158
2026-04-09 12:16:00,3400,3400,3400,3400,1
2026-04-09 12:17:00,3395,3395,3395,3395,5
2026-04-09 12:18:00,3400,3400,3395,3395,181
2026-04-09 12:19:00,3395,3395,3395,3395,10
2026-04-09 12:20:00,3395,3395,3395,3395,100
2026-04-09 12:21:00,3395,3400,3395,3400,1296
2026-04-09 12:22:00,3400,3400,3400,3400,181
2026-04-09 12:23:00,3400,3400,3400,3400,2
2026-04-09 12:24:00,3400,3400,3400,3400,2154
2026-04-09 12:25:00,3400,3400,3400,3400,2384
2026-04-09 12:27:00,3402,3402,3400,3400,4
2026-04-09 12:29:00,3400,3405,3400,3400,666
2026-04-09 12:30:00,3405,3405,3405,3405,17
2026-04-09 12:31:00,3405,3405,3405,3405,1575
2026-04-09 12:32:00,3402,3402,3400,3400,116
2026-04-09 12:33:00,3405,3405,3405,3405,150
2026-04-09 12:34:00,3405,3405,3405,3405,25
2026-04-09 12:35:00,3410,3410,3410,3410,253
2026-04-09 12:36:00,3410,3410,3410,3410,332
2026-04-09 12:37:00,3407,3407,3407,3407,11
2026-04-09 12:38:00,3405,3405,3405,3405,30
2026-04-09 12:39:00,3410,3410,3410,3410,1553
2026-04-09 12:40:00,3405,3405,3405,3405,210
2026-04-09 12:41:00,3405,3405,3400,3400,641
2026-04-09 12:42:00,3400,3400,3400,3400,102
2026-04-09 12:43:00,3415,3415,3410,3415,546
2026-04-09 12:44:00,3415,3415,3415,3415,500
2026-04-09 12:45:00,3410,3410,3410,3410,13
2026-04-09 12:46:00,3415,3415,3415,3415,2
2026-04-09 12:48:00,3415,3415,3415,3415,286
2026-04-09 12:49:00,3415,3415,3410,3410,798
2026-04-09 12:50:00,3415,3415,3415,3415,33
2026-04-09 12:51:00,3410,3415,3410,3410,23
2026-04-09 12:54:00,3412,3415,3412,3415,1979
2026-04-09 12:55:00,3420,3425,3420,3425,3896
2026-04-09 12:56:00,3430,3430,3430,3430,2118
2026-04-09 12:57:00,3435,3435,3430,3430,1044
2026-04-09 12:58:00,3425,3435,3425,3435,5148
2026-04-09 12:59:00,3435,3435,3435,3435,419
2026-04-09 13:00:00,3435,3435,3435,3435,238
2026-04-09 13:01:00,3435,3440,3435,3440,849
2026-04-09 13:02:00,3440,3445,3440,3445,1002
2026-04-09 13:03:00,3445,3445,3440,3440,598
2026-04-09 13:04:00,3440,3440,3430,3430,287
2026-04-09 13:05:00,3435,3440,3430,3440,188
2026-04-09 13:06:00,3435,3435,3435,3435,684
2026-04-09 13:07:00,3440,3440,3430,3430,975
2026-04-09 13:08:00,3430,3430,3430,3430,300
2026-04-09 13:09:00,3430,3430,3430,3430,20
2026-04-09 13:10:00,3435,3435,3425,3435,1622
2026-04-09 13:11:00,3430,3445,3430,3445,8414
2026-04-09 13:12:00,3445,3445,3445,3445,5
2026-04-09 13:13:00,3445,3445,3440,3445,3183
2026-04-09 13:15:00,3445,3445,3435,3435,826
2026-04-09 13:16:00,3430,3435,3430,3435,37
2026-04-09 13:18:00,3435,3435,3420,3420,351
2026-04-09 13:19:00,3440,3440,3420,3420,2482
2026-04-09 13:21:00,3425,3425,3420,3420,440
2026-04-09 13:23:00,3420,3435,3420,3435,509
2026-04-09 13:24:00,3435,3435,3435,3435,30
2026-04-09 13:26:00,3430,3430,3425,3425,258
2026-04-09 13:27:00,3425,3425,3425,3425,48
2026-04-09 13:28:00,3420,3420,3420,3420,297
2026-04-09 13:29:00,3420,3420,3420,3420,144
2026-04-09 13:30:00,3420,3420,3420,3420,330
2026-04-09 13:31:00,3420,3420,3420,3420,236
2026-04-09 13:33:00,3425,3425,3420,3420,1505
2026-04-09 13:34:00,3420,3420,3420,3420,509
2026-04-09 13:35:00,3420,3430,3420,3430,61
2026-04-09 13:37:00,3430,3430,3430,3430,50
2026-04-09 13:38:00,3430,3430,3430,3430,190
2026-04-09 13:39:00,3425,3425,3425,3425,1320
2026-04-09 13:40:00,3425,3425,3415,3415,204
2026-04-09 13:41:00,3425,3425,3425,3425,2
2026-04-09 13:43:00,3425,3425,3415,3415,347
2026-04-09 13:44:00,3415,3420,3415,3420,117
2026-04-09 13:48:00,3420,3420,3420,3420,108
2026-04-09 13:50:00,3420,3420,3420,3420,624
2026-04-09 13:51:00,3420,3430,3420,3430,1172
2026-04-09 13:52:00,3430,3430,3430,3430,1
2026-04-09 13:53:00,3430,3430,3430,3430,5
2026-04-09 13:54:00,3430,3430,3430,3430,8
2026-04-09 13:55:00,3430,3430,3430,3430,2
2026-04-09 13:56:00,3430,3430,3430,3430,3
2026-04-09 13:57:00,3427,3427,3425,3425,40
2026-04-09 13:58:00,3425,3425,3425,3425,3
2026-04-09 13:59:00,3425,3425,3425,3425,10
2026-04-09 14:00:00,3425,3425,3425,3425,90
2026-04-09 14:01:00,3420,3420,3420,3420,888
2026-04-09 14:02:00,3420,3420,3420,3420,346
2026-04-09 14:03:00,3415,3420,3415,3415,345
2026-04-09 14:04:00,3415,3420,3415,3420,20
2026-04-09 14:05:00,3420,3420,3420,3420,1009
2026-04-09 14:06:00,3420,3420,3420,3420,2422
2026-04-09 14:07:00,3415,3425,3415,3425,2217
2026-04-09 14:08:00,3425,3425,3420,3420,759
2026-04-09 14:09:00,3420,3420,3420,3420,11
2026-04-09 14:11:00,3430,3430,3430,3430,11
2026-04-09 14:12:00,3430,3430,3430,3430,148
2026-04-09 14:13:00,3425,3425,3425,3425,256
2026-04-09 14:14:00,3425,3425,3425,3425,4
2026-04-09 14:15:00,3425,3425,3425,3425,2
2026-04-09 14:16:00,3425,3425,3425,3425,1
2026-04-09 14:17:00,3425,3430,3425,3430,430
2026-04-09 14:18:00,3430,3430,3420,3420,871
2026-04-09 14:19:00,3420,3430,3420,3420,1247
2026-04-09 14:20:00,3420,3430,3420,3430,9
2026-04-09 14:21:00,3430,3430,3430,3430,104
2026-04-09 14:23:00,3430,3430,3430,3430,1
2026-04-09 14:24:00,3430,3430,3430,3430,107
2026-04-09 14:25:00,3430,3430,3430,3430,520
2026-04-09 14:26:00,3420,3420,3420,3420,508
2026-04-09 14:27:00,3430,3440,3430,3440,1000
2026-04-09 14:28:00,3440,3440,3440,3440,7
2026-04-09 14:29:00,3440,3445,3440,3445,1221
2026-04-09 14:30:00,3442,3442,3440,3440,204
2026-04-09 14:31:00,3440,3440,3440,3440,1000
2026-04-09 14:32:00,3430,3430,3430,3430,5
2026-04-09 14:33:00,3430,3435,3430,3435,171
2026-04-09 14:35:00,3435,3445,3435,3445,2772
2026-04-09 14:36:00,3445,3450,3445,3445,691
2026-04-09 14:37:00,3445,3445,3445,3445,100
2026-04-09 14:38:00,3445,3450,3445,3450,551
2026-04-09 14:39:00,3445,3445,3445,3445,473
2026-04-09 14:40:00,3445,3450,3445,3450,334
2026-04-09 14:41:00,3440,3450,3440,3450,205
2026-04-09 14:42:00,3445,3450,3445,3445,1532
2026-04-09 14:43:00,3445,3450,3445,3450,513
2026-04-09 14:44:00,3450,3450,3450,3450,1143
2026-04-09 14:45:00,3450,3450,3440,3440,1833
2026-04-09 14:46:00,3440,3440,3440,3440,50
2026-04-09 14:47:00,3435,3450,3435,3450,1791
2026-04-09 14:48:00,3450,3450,3440,3440,22
2026-04-09 14:49:00,3440,3440,3440,3440,477
2026-04-09 14:50:00,3440,3440,3440,3440,1
2026-04-09 14:51:00,3440,3440,3440,3440,42
2026-04-09 14:52:00,3450,3450,3435,3435,5382
2026-04-09 14:53:00,3430,3430,3430,3430,71
2026-04-09 14:54:00,3440,3440,3440,3440,60
2026-04-09 14:55:00,3440,3440,3440,3440,3553
2026-04-09 14:56:00,3440,3445,3440,3445,139
2026-04-09 14:57:00,3445,3445,3440,3440,277
2026-04-09 14:58:00,3440,3440,3435,3435,228
2026-04-09 14:59:00,3430,3440,3430,3440,34
2026-04-09 15:00:00,3440,3440,3430,3430,1244
2026-04-09 15:01:00,3440,3440,3440,3440,502
2026-04-09 15:03:00,3435,3440,3435,3440,783
2026-04-09 15:04:00,3440,3440,3440,3440,10
2026-04-09 15:05:00,3440,3440,3440,3440,196
2026-04-09 15:06:00,3435,3435,3435,3435,1665
2026-04-09 15:07:00,3435,3435,3435,3435,1329
2026-04-09 15:08:00,3430,3435,3430,3435,1029
2026-04-09 15:09:00,3435,3435,3425,3435,3443
2026-04-09 15:10:00,3430,3430,3430,3430,4
2026-04-09 15:11:00,3430,3430,3430,3430,41
2026-04-09 15:12:00,3425,3425,3420,3425,1781
2026-04-09 15:13:00,3425,3425,3420,3420,1614
2026-04-09 15:14:00,3420,3420,3420,3420,4058
2026-04-09 15:15:00,3430,3435,3420,3430,5602
2026-04-09 15:16:00,3430,3440,3430,3440,455
2026-04-09 15:17:00,3440,3440,3430,3440,10929
2026-04-09 15:18:00,3440,3445,3440,3445,4528
2026-04-09 15:19:00,3445,3450,3445,3445,3488
2026-04-09 15:30:00,3450,3450,3450,3450,15882
2026-04-09 15:35:00,3450,3450,3450,3450,824
2026-04-10 09:00:00,3680,3680,3600,3630,144477
2026-04-10 09:01:00,3615,3735,3615,3735,142295
2026-04-10 09:02:00,3735,3735,3625,3625,88227
2026-04-10 09:03:00,3635,3640,3565,3575,77718
2026-04-10 09:04:00,3595,3650,3575,3650,45821
2026-04-10 09:05:00,3635,3720,3625,3685,89816
2026-04-10 09:06:00,3680,3745,3665,3740,91637
2026-04-10 09:07:00,3740,3920,3735,3875,266558
2026-04-10 09:08:00,3870,3950,3845,3925,246120
2026-04-10 09:09:00,3930,4045,3910,4035,403591
2026-04-10 09:11:00,4115,4190,4085,4145,270533
2026-04-10 09:12:00,4145,4160,4055,4085,619019
2026-04-10 09:13:00,4070,4130,4005,4055,319177
2026-04-10 09:14:00,4055,4130,4045,4120,302929
2026-04-10 09:15:00,4120,4120,4045,4060,213476
2026-04-10 09:16:00,4060,4245,4045,4180,653773
2026-04-10 09:17:00,4180,4230,4170,4225,323548
2026-04-10 09:18:00,4225,4230,4185,4195,240766
2026-04-10 09:19:00,4190,4205,4105,4120,226945
2026-04-10 09:20:00,4120,4135,4100,4115,144843
2026-04-10 09:21:00,4125,4230,4115,4230,239299
2026-04-10 09:22:00,4230,4230,4140,4150,181941
2026-04-10 09:23:00,4150,4170,4115,4150,81000
2026-04-10 09:24:00,4150,4150,4125,4125,74883
2026-04-10 09:25:00,4140,4140,4100,4125,109902
2026-04-10 09:26:00,4125,4145,4105,4135,109835
2026-04-10 09:27:00,4135,4175,4130,4175,88803
2026-04-10 09:28:00,4170,4170,4085,4095,160264
2026-04-10 09:29:00,4095,4100,4055,4070,146706
2026-04-10 09:30:00,4065,4080,4030,4060,131151
2026-04-10 09:31:00,4075,4110,4045,4090,92736
2026-04-10 09:32:00,4080,4090,4045,4045,77570
2026-04-10 09:33:00,4040,4060,3995,4005,220617
2026-04-10 09:34:00,4005,4045,4000,4040,77485
2026-04-10 09:35:00,4040,4090,4025,4060,167762
2026-04-10 09:36:00,4065,4075,4030,4040,28423
2026-04-10 09:37:00,4040,4050,4025,4035,34600
2026-04-10 09:38:00,4040,4040,4005,4010,45263
2026-04-10 09:39:00,4015,4020,3985,4000,86556
2026-04-10 09:40:00,4005,4025,3985,4025,50025
2026-04-10 09:41:00,4015,4025,3995,3995,28946
2026-04-10 09:42:00,3995,4000,3970,3970,84338
2026-04-10 09:43:00,3985,3995,3965,3980,32795
2026-04-10 09:44:00,3990,4035,3990,4030,52289
2026-04-10 09:45:00,4030,4070,4030,4035,83381
2026-04-10 09:46:00,4035,4035,3985,3985,52432
2026-04-10 09:47:00,3995,4000,3985,3995,45195
2026-04-10 09:48:00,3985,4015,3960,4010,56018
2026-04-10 09:49:00,4005,4020,3980,3980,26487
2026-04-10 09:50:00,3980,4025,3980,4005,24963
2026-04-10 09:51:00,4010,4010,3985,3985,13974
2026-04-10 09:52:00,3985,3995,3930,3935,81500
2026-04-10 09:53:00,3935,3965,3935,3935,53242
2026-04-10 09:54:00,3940,3940,3850,3880,181771
2026-04-10 09:55:00,3890,3890,3860,3870,60818
2026-04-10 09:56:00,3870,3880,3850,3880,55483
2026-04-10 09:57:00,3880,3885,3875,3885,37292
2026-04-10 09:58:00,3885,3885,3850,3850,49798
2026-04-10 09:59:00,3850,3880,3850,3870,52394
2026-04-10 10:00:00,3875,3875,3845,3850,24436
2026-04-10 10:01:00,3850,3860,3830,3845,44980
2026-04-10 10:02:00,3845,3875,3840,3875,34855
2026-04-10 10:03:00,3870,3915,3870,3910,45612
2026-04-10 10:04:00,3910,3915,3890,3900,32607
2026-04-10 10:05:00,3905,3910,3890,3905,16725
2026-04-10 10:06:00,3890,3910,3885,3890,19179
2026-04-10 10:07:00,3890,3895,3830,3860,58706
2026-04-10 10:08:00,3860,3880,3850,3870,12790
2026-04-10 10:09:00,3865,3875,3850,3865,15198
2026-04-10 10:10:00,3870,3875,3845,3850,12127
2026-04-10 10:11:00,3850,3860,3845,3860,13644
2026-04-10 10:12:00,3860,3890,3855,3885,32613
2026-04-10 10:13:00,3885,3900,3880,3895,12331
2026-04-10 10:14:00,3895,3925,3895,3900,38836
2026-04-10 10:15:00,3910,3915,3890,3900,25900
2026-04-10 10:16:00,3895,3900,3880,3885,17133
2026-04-10 10:17:00,3890,3900,3880,3895,8337
2026-04-10 10:18:00,3895,3895,3870,3890,5133
2026-04-10 10:19:00,3890,3890,3880,3890,6518
2026-04-10 10:20:00,3890,3900,3870,3895,16460
2026-04-10 10:21:00,3890,3895,3885,3890,2661
2026-04-10 10:22:00,3885,3885,3865,3870,12972
2026-04-10 10:23:00,3870,3880,3860,3870,15428
2026-04-10 10:24:00,3870,3885,3865,3880,8417
2026-04-10 10:25:00,3880,3895,3865,3865,3946
2026-04-10 10:26:00,3865,3870,3850,3870,19683
2026-04-10 10:27:00,3865,3875,3855,3875,3618
2026-04-10 10:28:00,3875,3900,3860,3900,12296
2026-04-10 10:29:00,3900,3905,3885,3900,11679
2026-04-10 10:30:00,3900,3900,3875,3895,16696
2026-04-10 10:31:00,3895,3900,3880,3890,12304
2026-04-10 10:32:00,3890,3960,3880,3955,64554
2026-04-10 10:33:00,3950,3950,3910,3935,17766
2026-04-10 10:34:00,3935,3935,3915,3935,21245
2026-04-10 10:35:00,3930,3935,3905,3915,8134
2026-04-10 10:36:00,3915,3920,3905,3920,2673
2026-04-10 10:37:00,3920,3920,3890,3910,9695
2026-04-10 10:38:00,3910,3910,3885,3895,6164
2026-04-10 10:39:00,3895,3895,3880,3890,4889
2026-04-10 10:40:00,3880,3900,3880,3900,16800
2026-04-10 10:41:00,3890,3935,3890,3930,23865
2026-04-10 10:42:00,3925,3930,3920,3920,2523
2026-04-10 10:43:00,3920,3945,3915,3915,19840
2026-04-10 10:44:00,3935,3940,3925,3940,10015
2026-04-10 10:45:00,3940,3950,3930,3950,9375
2026-04-10 10:46:00,3950,3950,3920,3935,10282
2026-04-10 10:47:00,3930,3945,3930,3930,16813
2026-04-10 10:48:00,3930,3935,3925,3935,4182
2026-04-10 10:49:00,3930,3935,3910,3915,31799
2026-04-10 10:50:00,3910,3930,3905,3930,3913
2026-04-10 10:51:00,3930,3930,3910,3910,3764
2026-04-10 10:52:00,3910,3920,3910,3910,6120
2026-04-10 10:53:00,3910,3910,3905,3910,3401
2026-04-10 10:54:00,3905,3915,3900,3915,11756
2026-04-10 10:55:00,3915,3915,3905,3910,4103
2026-04-10 10:56:00,3910,3930,3905,3930,6811
2026-04-10 10:57:00,3930,3945,3925,3940,11249
2026-04-10 10:58:00,3940,3950,3935,3945,17398
2026-04-10 10:59:00,3930,3950,3905,3950,18389
2026-04-10 11:00:00,3945,3960,3925,3955,15585
2026-04-10 11:01:00,3955,3980,3955,3965,30822
2026-04-10 11:02:00,3965,3965,3935,3935,11055
2026-04-10 11:03:00,3935,3950,3932,3945,17359
2026-04-10 11:04:00,3950,3975,3945,3965,21330
2026-04-10 11:05:00,3965,3980,3960,3980,23024
2026-04-10 11:06:00,3975,3980,3955,3960,18405
2026-04-10 11:07:00,3970,3975,3970,3975,5000
2026-04-10 11:08:00,3975,3980,3960,3965,26724
2026-04-10 11:09:00,3965,3970,3955,3955,8653
2026-04-10 11:10:00,3970,3985,3955,3985,12689
2026-04-10 11:11:00,3985,3995,3980,3990,25342
2026-04-10 11:12:00,3990,3990,3970,3970,14061
2026-04-10 11:13:00,3970,3980,3960,3970,5704
2026-04-10 11:14:00,3970,3970,3955,3960,5264
2026-04-10 11:15:00,3955,3965,3955,3965,5225
2026-04-10 11:16:00,3965,3965,3950,3950,13177
2026-04-10 11:17:00,3950,3960,3950,3955,10745
2026-04-10 11:18:00,3960,3975,3960,3970,7080
2026-04-10 11:19:00,3970,3970,3955,3960,4845
2026-04-10 11:20:00,3965,3965,3955,3955,6139
2026-04-10 11:21:00,3965,3965,3955,3960,1286
2026-04-10 11:22:00,3960,3960,3950,3950,3973
2026-04-10 11:23:00,3945,3950,3920,3925,17234
2026-04-10 11:24:00,3920,3925,3910,3920,18191
2026-04-10 11:25:00,3920,3930,3920,3930,2519
2026-04-10 11:26:00,3930,3935,3930,3930,3102
2026-04-10 11:27:00,3930,3930,3925,3925,6791
2026-04-10 11:28:00,3925,3950,3925,3950,3506
2026-04-10 11:29:00,3950,3950,3930,3950,646
2026-04-10 11:30:00,3942,3945,3925,3945,2121
2026-04-10 11:31:00,3945,3945,3945,3945,1000
2026-04-10 11:32:00,3940,3940,3930,3930,8573
2026-04-10 11:33:00,3930,3930,3915,3915,25891
2026-04-10 11:34:00,3915,3920,3910,3915,14971
2026-04-10 11:35:00,3915,3925,3915,3920,2258
2026-04-10 11:36:00,3920,3930,3905,3910,13088
2026-04-10 11:37:00,3910,3915,3905,3905,6468
2026-04-10 11:38:00,3905,3910,3905,3905,1538
2026-04-10 11:39:00,3910,3915,3905,3910,2079
2026-04-10 11:40:00,3915,3915,3910,3910,2765
2026-04-10 11:41:00,3915,3920,3910,3915,9295
2026-04-10 11:42:00,3915,3915,3890,3900,21840
2026-04-10 11:43:00,3900,3900,3890,3890,10732
2026-04-10 11:44:00,3895,3900,3890,3895,2776
2026-04-10 11:45:00,3895,3900,3895,3895,3390
2026-04-10 11:46:00,3895,3905,3895,3905,1524
2026-04-10 11:47:00,3905,3915,3905,3905,2087
2026-04-10 11:48:00,3905,3915,3895,3900,3172
2026-04-10 11:49:00,3900,3905,3900,3905,1917
2026-04-10 11:50:00,3905,3915,3900,3905,588
2026-04-10 11:51:00,3905,3905,3905,3905,660
2026-04-10 11:52:00,3905,3910,3905,3910,1112
2026-04-10 11:53:00,3915,3915,3910,3915,1254
2026-04-10 11:54:00,3910,3920,3905,3905,3401
2026-04-10 11:55:00,3905,3925,3905,3915,3034
2026-04-10 11:56:00,3925,3935,3925,3935,5160
2026-04-10 11:57:00,3920,3935,3915,3915,500
2026-04-10 11:58:00,3915,3915,3910,3910,1993
2026-04-10 11:59:00,3915,3920,3915,3920,1511
2026-04-10 12:00:00,3920,3920,3900,3915,9342
2026-04-10 12:01:00,3915,3915,3900,3915,3597
2026-04-10 12:02:00,3915,3920,3895,3900,9173
2026-04-10 12:03:00,3910,3920,3900,3900,22655
2026-04-10 12:04:00,3900,3910,3890,3895,4257
2026-04-10 12:05:00,3895,3910,3895,3900,2389
2026-04-10 12:06:00,3895,3895,3870,3870,24713
2026-04-10 12:07:00,3870,3885,3870,3880,7688
2026-04-10 12:08:00,3885,3885,3865,3875,19140
2026-04-10 12:09:00,3870,3880,3865,3865,13663
2026-04-10 12:10:00,3865,3885,3860,3885,12609
2026-04-10 12:11:00,3885,3900,3880,3900,7485
2026-04-10 12:12:00,3900,3905,3885,3885,8154
2026-04-10 12:13:00,3885,3900,3885,3900,9805
2026-04-10 12:14:00,3895,3900,3885,3885,3723
2026-04-10 12:15:00,3895,3900,3880,3880,2367
2026-04-10 12:16:00,3875,3880,3860,3880,8575
2026-04-10 12:17:00,3880,3900,3865,3895,17752
2026-04-10 12:18:00,3880,3900,3865,3900,13980
2026-04-10 12:19:00,3900,3902,3880,3900,4451
2026-04-10 12:20:00,3900,3910,3900,3910,2967
2026-04-10 12:21:00,3910,3910,3900,3905,1318
2026-04-10 12:22:00,3905,3905,3890,3900,470
2026-04-10 12:23:00,3890,3890,3880,3880,5229
2026-04-10 12:24:00,3885,3885,3880,3885,5179
2026-04-10 12:25:00,3885,3895,3880,3890,2146
2026-04-10 12:26:00,3890,3890,3885,3890,5693
2026-04-10 12:27:00,3890,3905,3890,3905,5908
2026-04-10 12:28:00,3900,3905,3895,3900,5324
2026-04-10 12:29:00,3895,3900,3895,3900,4498
2026-04-10 12:30:00,3900,3900,3895,3895,2763
2026-04-10 12:31:00,3895,3900,3890,3890,10307
2026-04-10 12:32:00,3890,3890,3890,3890,7229
2026-04-10 12:33:00,3890,3895,3890,3895,2558
2026-04-10 12:34:00,3890,3890,3875,3880,6840
2026-04-10 12:35:00,3875,3875,3865,3865,17941
2026-04-10 12:36:00,3870,3870,3855,3860,16840
2026-04-10 12:37:00,3860,3865,3860,3865,2440
2026-04-10 12:38:00,3865,3865,3860,3865,2020
2026-04-10 12:39:00,3865,3865,3850,3855,15809
2026-04-10 12:40:00,3855,3855,3840,3840,19201
2026-04-10 12:41:00,3840,3845,3840,3845,12553
2026-04-10 12:42:00,3845,3845,3830,3835,9823
2026-04-10 12:43:00,3845,3855,3835,3855,8983
2026-04-10 12:44:00,3860,3860,3850,3860,3254
2026-04-10 12:45:00,3860,3870,3835,3870,17504
2026-04-10 12:46:00,3870,3880,3870,3880,2990
2026-04-10 12:47:00,3880,3885,3870,3875,4370
2026-04-10 12:48:00,3870,3875,3870,3870,2209
2026-04-10 12:49:00,3870,3880,3870,3870,4533
2026-04-10 12:50:00,3880,3890,3880,3885,9652
2026-04-10 12:51:00,3890,3895,3890,3890,4610
2026-04-10 12:52:00,3890,3890,3875,3875,648
2026-04-10 12:53:00,3875,3880,3875,3875,711
2026-04-10 12:54:00,3875,3880,3875,3880,4792
2026-04-10 12:55:00,3880,3880,3865,3870,7481
2026-04-10 12:56:00,3870,3870,3870,3870,661
2026-04-10 12:57:00,3870,3870,3860,3860,2602
2026-04-10 12:58:00,3860,3860,3855,3860,6316
2026-04-10 12:59:00,3865,3865,3860,3865,782
2026-04-10 13:00:00,3865,3865,3855,3860,2078
2026-04-10 13:01:00,3860,3860,3855,3860,1898
2026-04-10 13:02:00,3860,3865,3860,3860,687
2026-04-10 13:03:00,3860,3870,3860,3870,99
2026-04-10 13:04:00,3870,3875,3865,3875,1599
2026-04-10 13:05:00,3875,3880,3865,3875,17956
2026-04-10 13:06:00,3880,3880,3870,3875,675
2026-04-10 13:07:00,3875,3885,3875,3885,3208
2026-04-10 13:08:00,3885,3890,3885,3890,1916
2026-04-10 13:09:00,3890,3890,3885,3885,2558
2026-04-10 13:10:00,3885,3885,3880,3885,6479
2026-04-10 13:11:00,3885,3885,3870,3870,7056
2026-04-10 13:12:00,3875,3880,3870,3880,684
2026-04-10 13:13:00,3880,3880,3875,3880,4066
2026-04-10 13:14:00,3880,3885,3880,3880,6230
2026-04-10 13:15:00,3880,3895,3880,3895,1339
2026-04-10 13:16:00,3890,3895,3885,3890,2349
2026-04-10 13:17:00,3890,3890,3885,3885,1494
2026-04-10 13:18:00,3885,3885,3880,3885,2798
2026-04-10 13:19:00,3885,3885,3880,3885,517
2026-04-10 13:20:00,3885,3885,3875,3875,3821
2026-04-10 13:21:00,3875,3880,3865,3880,14379
2026-04-10 13:22:00,3880,3880,3860,3880,2281
2026-04-10 13:23:00,3880,3880,3870,3870,184
2026-04-10 13:24:00,3870,3875,3860,3875,5230
2026-04-10 13:25:00,3860,3875,3860,3870,993
2026-04-10 13:26:00,3875,3875,3870,3875,1854
2026-04-10 13:27:00,3870,3875,3867,3867,1216
2026-04-10 13:28:00,3870,3870,3860,3860,1550
2026-04-10 13:29:00,3860,3870,3860,3870,1350
2026-04-10 13:30:00,3870,3870,3865,3870,1929
2026-04-10 13:31:00,3870,3880,3870,3880,2319
2026-04-10 13:32:00,3880,3885,3875,3875,3741
2026-04-10 13:34:00,3880,3880,3875,3875,522
2026-04-10 13:35:00,3875,3880,3875,3880,2461
2026-04-10 13:36:00,3880,3880,3875,3880,777
2026-04-10 13:37:00,3875,3880,3875,3875,2209
2026-04-10 13:38:00,3875,3875,3870,3875,7199
2026-04-10 13:39:00,3875,3880,3870,3880,2395
2026-04-10 13:40:00,3880,3920,3880,3910,30414
2026-04-10 13:41:00,3905,3915,3900,3900,9845
2026-04-10 13:42:00,3900,3900,3895,3895,4573
2026-04-10 13:43:00,3900,3905,3900,3905,968
2026-04-10 13:44:00,3905,3905,3900,3900,13821
2026-04-10 13:45:00,3900,3905,3895,3895,1752
2026-04-10 13:46:00,3905,3905,3895,3900,1017
2026-04-10 13:47:00,3900,3910,3895,3910,4008
2026-04-10 13:48:00,3910,3920,3910,3915,5870
2026-04-10 13:49:00,3920,3930,3915,3930,9912
2026-04-10 13:50:00,3930,3937,3930,3935,8748
2026-04-10 13:51:00,3935,3940,3930,3935,6075
2026-04-10 13:52:00,3935,3940,3930,3935,3565
2026-04-10 13:53:00,3930,3940,3930,3940,10218
2026-04-10 13:54:00,3935,3935,3925,3925,5071
2026-04-10 13:55:00,3925,3930,3920,3920,4950
2026-04-10 13:56:00,3920,3930,3920,3930,3336
2026-04-10 13:57:00,3930,3945,3930,3940,3633
2026-04-10 13:58:00,3940,3940,3920,3920,1045
2026-04-10 13:59:00,3920,3932,3920,3930,4096
2026-04-10 14:00:00,3925,3930,3920,3925,8968
2026-04-10 14:01:00,3930,3930,3920,3920,177
2026-04-10 14:02:00,3920,3920,3910,3915,7307
2026-04-10 14:03:00,3915,3915,3900,3900,4738
2026-04-10 14:04:00,3910,3910,3900,3900,3048
2026-04-10 14:05:00,3900,3910,3900,3910,4642
2026-04-10 14:06:00,3910,3910,3905,3910,7989
2026-04-10 14:07:00,3910,3910,3905,3910,2730
2026-04-10 14:08:00,3910,3910,3905,3910,3021
2026-04-10 14:09:00,3910,3915,3905,3915,1926
2026-04-10 14:10:00,3915,3920,3915,3920,1705
2026-04-10 14:11:00,3925,3930,3915,3930,4139
2026-04-10 14:12:00,3930,3930,3910,3930,19155
2026-04-10 14:13:00,3930,3930,3910,3925,992
2026-04-10 14:14:00,3925,3925,3910,3915,2086
2026-04-10 14:15:00,3910,3910,3910,3910,902
2026-04-10 14:16:00,3910,3915,3905,3905,1322
2026-04-10 14:17:00,3905,3910,3905,3910,1057
2026-04-10 14:18:00,3910,3925,3910,3915,6635
2026-04-10 14:19:00,3920,3930,3915,3915,961
2026-04-10 14:20:00,3915,3925,3910,3920,1756
2026-04-10 14:21:00,3920,3920,3905,3905,911
2026-04-10 14:22:00,3910,3915,3905,3905,3432
2026-04-10 14:23:00,3900,3910,3900,3910,10108
2026-04-10 14:24:00,3910,3910,3905,3910,3061
2026-04-10 14:25:00,3910,3910,3905,3910,5310
2026-04-10 14:26:00,3910,3910,3905,3910,572
2026-04-10 14:27:00,3905,3910,3905,3910,2250
2026-04-10 14:28:00,3910,3915,3910,3915,1345
2026-04-10 14:29:00,3915,3915,3905,3905,4021
2026-04-10 14:30:00,3905,3905,3905,3905,2823
2026-04-10 14:31:00,3905,3910,3895,3895,16160
2026-04-10 14:32:00,3895,3900,3890,3895,5051
2026-04-10 14:33:00,3895,3900,3890,3895,8365
2026-04-10 14:34:00,3895,3895,3890,3890,5941
2026-04-10 14:35:00,3890,3895,3890,3890,2580
2026-04-10 14:36:00,3890,3895,3885,3895,5964
2026-04-10 14:37:00,3895,3895,3885,3885,46
2026-04-10 14:38:00,3885,3895,3885,3895,4003
2026-04-10 14:39:00,3895,3895,3885,3885,5201
2026-04-10 14:40:00,3885,3895,3885,3890,2059
2026-04-10 14:41:00,3895,3905,3890,3895,4265
2026-04-10 14:42:00,3895,3905,3895,3905,1407
2026-04-10 14:43:00,3905,3905,3900,3900,6097
2026-04-10 14:44:00,3900,3910,3895,3900,3747
2026-04-10 14:45:00,3900,3900,3890,3890,1927
2026-04-10 14:46:00,3895,3900,3890,3890,324
2026-04-10 14:47:00,3890,3895,3890,3890,2213
2026-04-10 14:48:00,3890,3895,3890,3890,4663
2026-04-10 14:49:00,3890,3890,3890,3890,1003
2026-04-10 14:50:00,3890,3895,3890,3890,2228
2026-04-10 14:51:00,3885,3890,3885,3890,1543
2026-04-10 14:52:00,3890,3890,3885,3885,3658
2026-04-10 14:53:00,3885,3890,3880,3885,4609
2026-04-10 14:54:00,3885,3890,3875,3880,10465
2026-04-10 14:55:00,3880,3880,3870,3870,5853
2026-04-10 14:56:00,3870,3875,3870,3875,4165
2026-04-10 14:57:00,3875,3880,3875,3880,1268
2026-04-10 14:58:00,3880,3880,3875,3875,644
2026-04-10 14:59:00,3875,3880,3870,3880,12753
2026-04-10 15:00:00,3875,3875,3875,3875,945
2026-04-10 15:01:00,3875,3880,3870,3880,11897
2026-04-10 15:02:00,3875,3880,3870,3875,6567
2026-04-10 15:03:00,3880,3890,3875,3885,21568
2026-04-10 15:04:00,3885,3890,3885,3885,2209
2026-04-10 15:05:00,3890,3890,3885,3890,9727
2026-04-10 15:06:00,3885,3890,3880,3880,9988
2026-04-10 15:07:00,3880,3885,3880,3880,1741
2026-04-10 15:08:00,3880,3885,3880,3880,4063
2026-04-10 15:09:00,3880,3895,3880,3890,20610
2026-04-10 15:10:00,3895,3895,3885,3890,14392
2026-04-10 15:11:00,3885,3895,3885,3890,5302
2026-04-10 15:12:00,3885,3890,3885,3890,3830
2026-04-10 15:13:00,3890,3895,3887,3890,11925
2026-04-10 15:14:00,3890,3895,3890,3890,5070
2026-04-10 15:15:00,3890,3900,3890,3895,14234
2026-04-10 15:16:00,3895,3895,3890,3890,5017
2026-04-10 15:17:00,3890,3900,3890,3895,6673
2026-04-10 15:18:00,3900,3910,3900,3910,39150
2026-04-10 15:19:00,3910,3910,3900,3900,8305
2026-04-10 15:30:00,3900,3900,3900,3900,47689
2026-04-10 15:35:00,3900,3900,3900,3900,2807
2026-04-13 09:00:00,3900,3905,3845,3860,52389
2026-04-13 09:01:00,3895,3905,3840,3850,22201
2026-04-13 09:02:00,3865,3915,3860,3895,39843
2026-04-13 09:03:00,3900,3900,3780,3800,53522
2026-04-13 09:04:00,3795,3815,3770,3812,76073
2026-04-13 09:05:00,3820,3840,3785,3815,23276
2026-04-13 09:06:00,3820,3860,3815,3855,22147
2026-04-13 09:07:00,3850,3900,3840,3900,16968
2026-04-13 09:08:00,3895,3900,3845,3850,23008
2026-04-13 09:09:00,3855,3865,3850,3855,12554
2026-04-13 09:10:00,3855,3865,3855,3860,7196
2026-04-13 09:11:00,3860,3890,3860,3890,4551
2026-04-13 09:12:00,3885,3905,3875,3895,17107
2026-04-13 09:13:00,3905,3945,3905,3945,31470
2026-04-13 09:14:00,3940,3960,3920,3935,33493
2026-04-13 09:15:00,3940,3955,3915,3915,30292
2026-04-13 09:16:00,3920,3920,3900,3905,11442
2026-04-13 09:17:00,3905,3905,3880,3890,19054
2026-04-13 09:18:00,3880,3955,3880,3920,16427
2026-04-13 09:19:00,3895,3922,3895,3900,3702
2026-04-13 09:20:00,3900,3920,3900,3920,8650
2026-04-13 09:21:00,3915,3935,3910,3915,5296
2026-04-13 09:22:00,3920,3925,3915,3920,2352
2026-04-13 09:23:00,3920,3922,3915,3920,2505
2026-04-13 09:24:00,3915,3925,3910,3925,9043
2026-04-13 09:25:00,3920,3920,3910,3910,7112
2026-04-13 09:26:00,3910,3910,3895,3895,19130
2026-04-13 09:27:00,3895,3905,3895,3900,3840
2026-04-13 09:28:00,3905,3910,3895,3900,5436
2026-04-13 09:29:00,3900,3900,3865,3875,20167
2026-04-13 09:30:00,3880,3880,3865,3870,11260
2026-04-13 09:31:00,3870,3875,3850,3855,16912
2026-04-13 09:32:00,3850,3860,3850,3860,5428
2026-04-13 09:33:00,3860,3865,3850,3855,4881
2026-04-13 09:34:00,3850,3860,3850,3850,4457
2026-04-13 09:35:00,3855,3865,3850,3860,3708
2026-04-13 09:36:00,3860,3865,3855,3855,3670
2026-04-13 09:37:00,3850,3855,3845,3850,13849
2026-04-13 09:38:00,3850,3850,3845,3850,5573
2026-04-13 09:39:00,3850,3860,3845,3850,1987
2026-04-13 09:40:00,3850,3850,3845,3850,1359
2026-04-13 09:41:00,3850,3850,3845,3850,2428
2026-04-13 09:42:00,3850,3850,3835,3840,7497
2026-04-13 09:43:00,3840,3845,3835,3845,5239
2026-04-13 09:44:00,3845,3845,3830,3845,6458
2026-04-13 09:45:00,3840,3855,3840,3850,9766
2026-04-13 09:46:00,3850,3855,3845,3850,3142
2026-04-13 09:47:00,3850,3870,3850,3870,1644
2026-04-13 09:48:00,3870,3870,3860,3860,12183
2026-04-13 09:49:00,3860,3860,3855,3860,4510
2026-04-13 09:50:00,3860,3865,3855,3865,2791
2026-04-13 09:51:00,3870,3870,3860,3865,362
2026-04-13 09:52:00,3865,3870,3860,3870,919
2026-04-13 09:53:00,3870,3870,3860,3865,4475
2026-04-13 09:54:00,3865,3865,3865,3865,499
2026-04-13 09:55:00,3862,3865,3850,3850,7481
2026-04-13 09:56:00,3850,3855,3850,3850,4822
2026-04-13 09:57:00,3850,3850,3845,3850,2423
2026-04-13 09:58:00,3850,3850,3845,3850,2197
2026-04-13 09:59:00,3850,3850,3840,3850,5228
2026-04-13 10:00:00,3850,3855,3850,3850,1005
2026-04-13 10:01:00,3850,3870,3850,3870,4360
2026-04-13 10:02:00,3870,3870,3870,3870,2234
2026-04-13 10:03:00,3870,3870,3865,3870,2468
2026-04-13 10:04:00,3860,3870,3855,3857,881
2026-04-13 10:05:00,3855,3857,3855,3857,786
2026-04-13 10:06:00,3857,3857,3840,3840,16484
2026-04-13 10:07:00,3840,3840,3835,3835,2518
2026-04-13 10:08:00,3837,3840,3835,3840,2203
2026-04-13 10:09:00,3840,3845,3840,3845,457
2026-04-13 10:10:00,3845,3845,3830,3835,5816
2026-04-13 10:11:00,3835,3840,3830,3840,6498
2026-04-13 10:12:00,3840,3840,3835,3835,747
2026-04-13 10:13:00,3840,3840,3830,3840,1127
2026-04-13 10:14:00,3840,3840,3835,3840,236
2026-04-13 10:15:00,3835,3835,3825,3825,7273
2026-04-13 10:16:00,3825,3825,3820,3820,10862
2026-04-13 10:17:00,3825,3825,3815,3825,4025
2026-04-13 10:18:00,3830,3830,3820,3825,3401
2026-04-13 10:19:00,3825,3825,3820,3825,1445
2026-04-13 10:20:00,3820,3825,3815,3815,4307
2026-04-13 10:21:00,3815,3820,3810,3815,6651
2026-04-13 10:22:00,3810,3815,3805,3810,9697
2026-04-13 10:23:00,3815,3820,3805,3820,3485
2026-04-13 10:24:00,3820,3820,3815,3815,1079
2026-04-13 10:25:00,3820,3820,3805,3805,4362
2026-04-13 10:26:00,3805,3810,3800,3805,1263
2026-04-13 10:27:00,3805,3810,3795,3810,10399
2026-04-13 10:28:00,3810,3810,3800,3800,707
2026-04-13 10:29:00,3800,3800,3795,3795,3599
2026-04-13 10:30:00,3795,3800,3795,3795,2659
2026-04-13 10:31:00,3795,3805,3790,3790,9710
2026-04-13 10:32:00,3795,3800,3795,3800,545
2026-04-13 10:33:00,3800,3820,3800,3820,1634
2026-04-13 10:34:00,3820,3820,3815,3815,1001
2026-04-13 10:35:00,3815,3815,3815,3815,151
2026-04-13 10:36:00,3810,3810,3800,3800,2836
2026-04-13 10:37:00,3800,3800,3795,3795,1353
2026-04-13 10:38:00,3800,3800,3795,3800,2232
2026-04-13 10:39:00,3800,3800,3800,3800,833
2026-04-13 10:40:00,3800,3800,3800,3800,3774
2026-04-13 10:41:00,3800,3800,3795,3800,1965
2026-04-13 10:42:00,3795,3800,3790,3795,6501
2026-04-13 10:43:00,3795,3795,3790,3795,977
2026-04-13 10:44:00,3795,3800,3790,3795,3614
2026-04-13 10:45:00,3795,3795,3785,3785,3668
2026-04-13 10:46:00,3790,3795,3790,3795,5268
2026-04-13 10:47:00,3795,3795,3790,3795,5908
2026-04-13 10:48:00,3795,3805,3795,3800,3523
2026-04-13 10:49:00,3800,3805,3800,3805,2773
2026-04-13 10:50:00,3805,3810,3805,3810,1551
2026-04-13 10:51:00,3810,3810,3805,3810,742
2026-04-13 10:52:00,3810,3845,3800,3845,23670
2026-04-13 10:53:00,3845,3845,3830,3830,719
2026-04-13 10:54:00,3830,3840,3825,3830,1238
2026-04-13 10:55:00,3815,3815,3810,3815,158
2026-04-13 10:56:00,3815,3815,3810,3810,699
2026-04-13 10:57:00,3820,3820,3805,3815,2087
2026-04-13 10:58:00,3815,3815,3815,3815,96
2026-04-13 10:59:00,3810,3815,3810,3810,1189
2026-04-13 11:00:00,3810,3815,3810,3815,2884
2026-04-13 11:01:00,3815,3815,3810,3815,1720
2026-04-13 11:02:00,3815,3815,3812,3815,551
2026-04-13 11:03:00,3815,3815,3810,3815,741
2026-04-13 11:04:00,3815,3815,3810,3815,1047
2026-04-13 11:05:00,3815,3815,3810,3810,2223
2026-04-13 11:06:00,3810,3815,3810,3815,118
2026-04-13 11:07:00,3810,3815,3810,3815,320
2026-04-13 11:08:00,3815,3815,3810,3810,2468
2026-04-13 11:09:00,3810,3810,3810,3810,35
2026-04-13 11:10:00,3810,3810,3810,3810,550
2026-04-13 11:11:00,3815,3815,3800,3805,10333
2026-04-13 11:12:00,3805,3810,3800,3810,826
2026-04-13 11:13:00,3810,3815,3810,3815,202
2026-04-13 11:14:00,3815,3820,3815,3815,375
2026-04-13 11:15:00,3810,3815,3810,3815,1274
2026-04-13 11:16:00,3815,3820,3815,3820,784
2026-04-13 11:17:00,3820,3820,3820,3820,10
2026-04-13 11:18:00,3815,3815,3815,3815,275
2026-04-13 11:19:00,3815,3815,3810,3815,109
2026-04-13 11:20:00,3810,3810,3810,3810,475
2026-04-13 11:21:00,3810,3810,3810,3810,49
2026-04-13 11:22:00,3810,3815,3810,3815,1021
2026-04-13 11:23:00,3815,3815,3805,3810,1110
2026-04-13 11:24:00,3810,3810,3805,3810,738
2026-04-13 11:25:00,3805,3815,3805,3815,94
2026-04-13 11:26:00,3815,3830,3815,3830,2345
2026-04-13 11:27:00,3830,3830,3815,3825,536
2026-04-13 11:28:00,3825,3845,3820,3845,2560
2026-04-13 11:29:00,3845,3855,3830,3840,1876
2026-04-13 11:30:00,3840,3840,3830,3840,1463
2026-04-13 11:31:00,3840,3840,3815,3815,1123
2026-04-13 11:32:00,3815,3820,3815,3820,972
2026-04-13 11:33:00,3820,3820,3815,3820,227
2026-04-13 11:34:00,3820,3820,3810,3815,2659
2026-04-13 11:35:00,3815,3820,3815,3820,8781
2026-04-13 11:36:00,3820,3825,3820,3820,3856
2026-04-13 11:37:00,3820,3820,3820,3820,200
2026-04-13 11:38:00,3820,3820,3810,3820,2066
2026-04-13 11:39:00,3820,3820,3810,3820,1998
2026-04-13 11:40:00,3810,3820,3810,3810,1404
2026-04-13 11:41:00,3810,3815,3805,3805,1549
2026-04-13 11:42:00,3805,3810,3805,3810,404
2026-04-13 11:43:00,3810,3810,3810,3810,37
2026-04-13 11:44:00,3805,3815,3805,3815,333
2026-04-13 11:45:00,3815,3815,3810,3815,1663
2026-04-13 11:46:00,3815,3815,3815,3815,1
2026-04-13 11:47:00,3810,3815,3810,3815,305
2026-04-13 11:48:00,3815,3815,3810,3815,826
2026-04-13 11:49:00,3815,3815,3815,3815,4
2026-04-13 11:50:00,3815,3815,3810,3815,290
2026-04-13 11:51:00,3815,3815,3815,3815,11
2026-04-13 11:52:00,3815,3815,3800,3805,3390
2026-04-13 11:53:00,3800,3805,3800,3800,4155
2026-04-13 11:54:00,3800,3805,3800,3800,2150
2026-04-13 11:55:00,3800,3800,3790,3790,19742
2026-04-13 11:56:00,3795,3800,3795,3800,238
2026-04-13 11:57:00,3790,3800,3790,3795,495
2026-04-13 11:58:00,3795,3800,3795,3800,1243
2026-04-13 11:59:00,3800,3800,3800,3800,354
2026-04-13 12:00:00,3800,3800,3800,3800,1537
2026-04-13 12:01:00,3800,3805,3800,3805,614
2026-04-13 12:02:00,3805,3805,3800,3800,469
2026-04-13 12:03:00,3805,3805,3805,3805,9
2026-04-13 12:04:00,3805,3805,3800,3805,807
2026-04-13 12:05:00,3805,3805,3795,3800,1848
2026-04-13 12:06:00,3800,3800,3795,3795,991
2026-04-13 12:07:00,3795,3795,3795,3795,3820
2026-04-13 12:09:00,3795,3800,3795,3795,1539
2026-04-13 12:10:00,3795,3797,3795,3795,715
2026-04-13 12:11:00,3795,3795,3795,3795,770
2026-04-13 12:12:00,3795,3795,3795,3795,289
2026-04-13 12:13:00,3800,3800,3800,3800,50
2026-04-13 12:14:00,3800,3800,3795,3795,118
2026-04-13 12:15:00,3800,3800,3800,3800,87
2026-04-13 12:16:00,3800,3800,3800,3800,77
2026-04-13 12:17:00,3800,3800,3800,3800,845
2026-04-13 12:18:00,3800,3805,3800,3805,1397
2026-04-13 12:19:00,3800,3800,3800,3800,2474
2026-04-13 12:20:00,3800,3800,3795,3795,284
2026-04-13 12:21:00,3795,3805,3795,3805,1820
2026-04-13 12:22:00,3805,3810,3805,3810,1251
2026-04-13 12:23:00,3810,3815,3810,3815,177
2026-04-13 12:24:00,3815,3825,3815,3820,2555
2026-04-13 12:26:00,3820,3820,3810,3810,398
2026-04-13 12:27:00,3815,3820,3815,3820,2184
2026-04-13 12:28:00,3820,3820,3820,3820,2
2026-04-13 12:29:00,3820,3820,3815,3815,924
2026-04-13 12:30:00,3815,3815,3815,3815,972
2026-04-13 12:31:00,3810,3810,3805,3805,2453
2026-04-13 12:32:00,3805,3805,3800,3800,4757
2026-04-13 12:33:00,3800,3805,3800,3805,218
2026-04-13 12:34:00,3800,3805,3800,3805,1922
2026-04-13 12:35:00,3805,3805,3800,3800,318
2026-04-13 12:36:00,3800,3800,3800,3800,2049
2026-04-13 12:37:00,3800,3800,3800,3800,457
2026-04-13 12:38:00,3800,3800,3795,3795,13
2026-04-13 12:39:00,3795,3800,3795,3800,94
2026-04-13 12:40:00,3800,3800,3800,3800,1577
2026-04-13 12:41:00,3795,3800,3795,3800,1199
2026-04-13 12:42:00,3800,3805,3800,3805,679
2026-04-13 12:43:00,3800,3800,3795,3800,2734
2026-04-13 12:44:00,3795,3800,3795,3795,443
2026-04-13 12:45:00,3790,3800,3790,3800,224
2026-04-13 12:46:00,3795,3800,3795,3800,610
2026-04-13 12:47:00,3800,3800,3800,3800,67
2026-04-13 12:48:00,3800,3800,3800,3800,50
2026-04-13 12:49:00,3800,3800,3790,3790,860
2026-04-13 12:50:00,3792,3792,3790,3790,1250
2026-04-13 12:51:00,3795,3795,3785,3785,14941
2026-04-13 12:52:00,3785,3790,3785,3790,5614
2026-04-13 12:53:00,3790,3790,3790,3790,1041
2026-04-13 12:54:00,3790,3790,3785,3790,330
2026-04-13 12:55:00,3785,3790,3785,3785,1818
2026-04-13 12:56:00,3785,3785,3785,3785,143
2026-04-13 12:57:00,3785,3790,3780,3785,7644
2026-04-13 12:58:00,3785,3785,3780,3785,4829
2026-04-13 12:59:00,3780,3785,3780,3780,731
2026-04-13 13:00:00,3785,3785,3780,3780,2831
2026-04-13 13:01:00,3785,3785,3780,3780,717
2026-04-13 13:02:00,3785,3785,3785,3785,1604
2026-04-13 13:03:00,3785,3785,3775,3775,11955
2026-04-13 13:04:00,3775,3780,3775,3780,4862
2026-04-13 13:05:00,3785,3785,3780,3780,505
2026-04-13 13:06:00,3782,3785,3780,3785,707
2026-04-13 13:07:00,3780,3780,3775,3775,10666
2026-04-13 13:08:00,3775,3785,3770,3770,1135
2026-04-13 13:09:00,3775,3775,3770,3770,1541
2026-04-13 13:10:00,3780,3780,3770,3770,527
2026-04-13 13:11:00,3775,3775,3770,3770,494
2026-04-13 13:12:00,3770,3775,3770,3775,456
2026-04-13 13:13:00,3775,3782,3775,3775,2738
2026-04-13 13:14:00,3785,3785,3780,3780,800
2026-04-13 13:15:00,3780,3780,3775,3780,1339
2026-04-13 13:16:00,3775,3780,3775,3780,942
2026-04-13 13:17:00,3780,3780,3780,3780,698
2026-04-13 13:18:00,3780,3785,3780,3780,1441
2026-04-13 13:19:00,3780,3785,3780,3785,424
2026-04-13 13:20:00,3785,3785,3780,3785,419
2026-04-13 13:21:00,3780,3785,3775,3775,2390
2026-04-13 13:22:00,3775,3785,3775,3780,798
2026-04-13 13:23:00,3775,3785,3775,3775,396
2026-04-13 13:24:00,3775,3780,3775,3780,1563
2026-04-13 13:25:00,3780,3780,3775,3780,2841
2026-04-13 13:26:00,3775,3780,3775,3775,650
2026-04-13 13:27:00,3775,3780,3775,3775,4501
2026-04-13 13:28:00,3775,3785,3775,3780,2017
2026-04-13 13:29:00,3777,3780,3775,3780,410
2026-04-13 13:30:00,3777,3780,3775,3780,3542
2026-04-13 13:31:00,3780,3780,3780,3780,1722
2026-04-13 13:32:00,3780,3780,3780,3780,300
2026-04-13 13:33:00,3780,3780,3775,3775,2288
2026-04-13 13:34:00,3777,3780,3775,3780,577
2026-04-13 13:35:00,3780,3780,3775,3775,4412
2026-04-13 13:36:00,3770,3775,3770,3775,2505
2026-04-13 13:37:00,3775,3780,3770,3775,1613
2026-04-13 13:38:00,3775,3780,3775,3780,684
2026-04-13 13:39:00,3780,3780,3770,3780,3083
2026-04-13 13:40:00,3775,3780,3775,3780,543
2026-04-13 13:41:00,3780,3780,3780,3780,616
2026-04-13 13:42:00,3780,3780,3780,3780,301
2026-04-13 13:43:00,3780,3785,3780,3785,302
2026-04-13 13:44:00,3780,3780,3770,3770,8001
2026-04-13 13:45:00,3775,3775,3770,3775,1004
2026-04-13 13:46:00,3770,3780,3770,3780,691
2026-04-13 13:47:00,3780,3780,3770,3775,2113
2026-04-13 13:48:00,3775,3780,3770,3780,705
2026-04-13 13:49:00,3780,3780,3775,3780,526
2026-04-13 13:50:00,3780,3780,3775,3775,1085
2026-04-13 13:51:00,3775,3780,3775,3780,2058
2026-04-13 13:52:00,3780,3780,3775,3780,1275
2026-04-13 13:53:00,3780,3780,3780,3780,783
2026-04-13 13:54:00,3780,3780,3780,3780,401
2026-04-13 13:55:00,3780,3780,3775,3780,1931
2026-04-13 13:56:00,3785,3785,3785,3785,2552
2026-04-13 13:57:00,3785,3785,3785,3785,410
2026-04-13 13:58:00,3785,3785,3785,3785,300
2026-04-13 13:59:00,3785,3790,3785,3790,189
2026-04-13 14:00:00,3790,3790,3790,3790,65
2026-04-13 14:01:00,3790,3790,3785,3790,1357
2026-04-13 14:02:00,3790,3790,3785,3785,170
2026-04-13 14:03:00,3785,3795,3785,3795,2815
2026-04-13 14:04:00,3790,3795,3790,3795,254
2026-04-13 14:05:00,3795,3795,3785,3785,4365
2026-04-13 14:06:00,3785,3785,3780,3780,431
2026-04-13 14:07:00,3780,3780,3780,3780,4598
2026-04-13 14:08:00,3780,3780,3780,3780,1411
2026-04-13 14:09:00,3775,3780,3775,3780,2800
2026-04-13 14:10:00,3780,3780,3770,3775,2375
2026-04-13 14:11:00,3775,3780,3770,3780,707
2026-04-13 14:12:00,3785,3785,3775,3780,558
2026-04-13 14:13:00,3775,3780,3770,3775,910
2026-04-13 14:14:00,3775,3775,3775,3775,425
2026-04-13 14:15:00,3775,3780,3775,3775,7864
2026-04-13 14:16:00,3775,3775,3775,3775,1200
2026-04-13 14:17:00,3775,3775,3770,3775,1513
2026-04-13 14:18:00,3775,3780,3775,3780,659
2026-04-13 14:19:00,3780,3785,3775,3785,280
2026-04-13 14:20:00,3785,3785,3785,3785,20
2026-04-13 14:21:00,3785,3785,3780,3780,201
2026-04-13 14:22:00,3785,3785,3780,3780,521
2026-04-13 14:23:00,3785,3785,3780,3780,45
2026-04-13 14:24:00,3780,3780,3780,3780,2352
2026-04-13 14:25:00,3780,3780,3780,3780,423
2026-04-13 14:26:00,3780,3780,3775,3775,512
2026-04-13 14:27:00,3775,3775,3775,3775,639
2026-04-13 14:28:00,3775,3780,3775,3780,429
2026-04-13 14:29:00,3780,3785,3780,3785,1128
2026-04-13 14:30:00,3785,3787,3785,3785,1743
2026-04-13 14:31:00,3785,3785,3785,3785,328
2026-04-13 14:32:00,3790,3790,3790,3790,170
2026-04-13 14:33:00,3785,3795,3785,3790,2124
2026-04-13 14:34:00,3790,3795,3790,3790,3742
2026-04-13 14:35:00,3785,3790,3785,3790,623
2026-04-13 14:36:00,3790,3790,3790,3790,556
2026-04-13 14:37:00,3790,3790,3790,3790,678
2026-04-13 14:38:00,3790,3790,3790,3790,208
2026-04-13 14:39:00,3790,3790,3785,3790,247
2026-04-13 14:40:00,3790,3790,3785,3790,4526
2026-04-13 14:41:00,3790,3790,3790,3790,255
2026-04-13 14:42:00,3790,3790,3785,3785,3824
2026-04-13 14:43:00,3780,3785,3780,3785,310
2026-04-13 14:44:00,3785,3785,3785,3785,334
2026-04-13 14:45:00,3780,3785,3780,3785,991
2026-04-13 14:46:00,3785,3785,3785,3785,1535
2026-04-13 14:47:00,3785,3785,3780,3780,330
2026-04-13 14:48:00,3780,3785,3780,3785,1532
2026-04-13 14:49:00,3790,3790,3790,3790,346
2026-04-13 14:50:00,3790,3790,3790,3790,1024
2026-04-13 14:51:00,3790,3795,3790,3790,2710
2026-04-13 14:52:00,3790,3795,3785,3785,1386
2026-04-13 14:53:00,3785,3785,3785,3785,726
2026-04-13 14:54:00,3785,3790,3785,3790,813
2026-04-13 14:55:00,3790,3800,3790,3790,5557
2026-04-13 14:56:00,3790,3795,3780,3795,5604
2026-04-13 14:57:00,3785,3785,3785,3785,2614
2026-04-13 14:58:00,3785,3785,3785,3785,2359
2026-04-13 14:59:00,3785,3785,3780,3785,703
2026-04-13 15:00:00,3785,3785,3780,3780,6096
2026-04-13 15:01:00,3785,3785,3780,3785,17779
2026-04-13 15:02:00,3785,3785,3785,3785,10
2026-04-13 15:03:00,3785,3785,3780,3780,444
2026-04-13 15:04:00,3785,3785,3780,3780,4164
2026-04-13 15:05:00,3785,3785,3775,3775,1126
2026-04-13 15:06:00,3780,3780,3780,3780,36
2026-04-13 15:07:00,3780,3780,3775,3775,8263
2026-04-13 15:08:00,3775,3780,3775,3775,2748
2026-04-13 15:09:00,3780,3780,3770,3770,1061
2026-04-13 15:10:00,3770,3775,3770,3775,2378
2026-04-13 15:11:00,3770,3775,3770,3770,4244
2026-04-13 15:12:00,3770,3775,3770,3770,6723
2026-04-13 15:13:00,3775,3775,3770,3770,568
2026-04-13 15:14:00,3770,3775,3770,3770,5734
2026-04-13 15:15:00,3770,3775,3770,3775,6510
2026-04-13 15:16:00,3770,3775,3770,3775,6079
2026-04-13 15:17:00,3775,3775,3770,3775,1575
2026-04-13 15:18:00,3775,3775,3770,3770,5880
2026-04-13 15:19:00,3765,3770,3765,3765,4822
2026-04-13 15:30:00,3770,3770,3770,3770,9661
2026-04-13 15:35:00,3770,3770,3770,3770,225
2026-04-14 09:00:00,3810,3865,3810,3845,55697
2026-04-14 09:01:00,3845,3855,3830,3855,8488
2026-04-14 09:02:00,3855,3855,3835,3840,11132
2026-04-14 09:03:00,3840,3875,3830,3855,31299
2026-04-14 09:04:00,3860,3900,3855,3875,50727
2026-04-14 09:05:00,3880,3905,3855,3905,37072
2026-04-14 09:06:00,3900,3900,3880,3890,9952
2026-04-14 09:07:00,3880,3905,3880,3890,17258
2026-04-14 09:08:00,3887,3950,3885,3950,52264
2026-04-14 09:09:00,3950,3950,3907,3910,28166
2026-04-14 09:10:00,3925,3940,3920,3935,20629
2026-04-14 09:11:00,3935,3940,3895,3915,9986
2026-04-14 09:12:00,3915,3915,3900,3900,10418
2026-04-14 09:13:00,3900,3910,3850,3855,36676
2026-04-14 09:14:00,3855,3860,3850,3850,17726
2026-04-14 09:15:00,3850,3875,3845,3860,20240
2026-04-14 09:16:00,3845,3850,3810,3825,20453
2026-04-14 09:17:00,3825,3845,3825,3830,8681
2026-04-14 09:18:00,3830,3840,3830,3840,2981
2026-04-14 09:19:00,3835,3845,3835,3845,8042
2026-04-14 09:20:00,3845,3845,3830,3830,6599
2026-04-14 09:21:00,3830,3830,3800,3800,38218
2026-04-14 09:22:00,3800,3820,3800,3820,7332
2026-04-14 09:23:00,3815,3815,3805,3805,3780
2026-04-14 09:24:00,3810,3815,3805,3805,3346
2026-04-14 09:25:00,3807,3810,3805,3810,9777
2026-04-14 09:26:00,3805,3810,3805,3810,14138
2026-04-14 09:27:00,3810,3825,3810,3810,10693
2026-04-14 09:28:00,3825,3835,3825,3835,4466
2026-04-14 09:29:00,3825,3825,3810,3810,10263
2026-04-14 09:30:00,3815,3820,3810,3820,2556
2026-04-14 09:31:00,3820,3825,3815,3825,3461
2026-04-14 09:32:00,3825,3845,3825,3845,5750
2026-04-14 09:33:00,3845,3845,3845,3845,1118
2026-04-14 09:34:00,3845,3855,3840,3850,6251
2026-04-14 09:35:00,3850,3855,3850,3855,3474
2026-04-14 09:36:00,3855,3860,3855,3860,3773
2026-04-14 09:37:00,3860,3860,3850,3855,4162
2026-04-14 09:38:00,3850,3855,3850,3850,1917
2026-04-14 09:39:00,3850,3855,3845,3845,2903
2026-04-14 09:40:00,3845,3845,3835,3840,5009
2026-04-14 09:41:00,3830,3835,3830,3835,9259
2026-04-14 09:42:00,3835,3855,3835,3840,4051
2026-04-14 09:43:00,3845,3860,3845,3845,3286
2026-04-14 09:44:00,3860,3865,3840,3845,10653
2026-04-14 09:45:00,3845,3860,3840,3855,3172
2026-04-14 09:46:00,3855,3875,3850,3870,15928
2026-04-14 09:47:00,3870,3890,3870,3885,10165
2026-04-14 09:48:00,3885,3885,3870,3875,3140
2026-04-14 09:49:00,3870,3870,3865,3865,2501
2026-04-14 09:50:00,3870,3875,3855,3855,6002
2026-04-14 09:51:00,3855,3860,3850,3855,2782
2026-04-14 09:52:00,3855,3855,3845,3850,3381
2026-04-14 09:53:00,3850,3855,3850,3855,343
2026-04-14 09:54:00,3855,3860,3855,3860,4353
2026-04-14 09:55:00,3860,3875,3855,3875,8141
2026-04-14 09:56:00,3880,3880,3855,3870,10042
2026-04-14 09:57:00,3870,3870,3870,3870,718
2026-04-14 09:58:00,3870,3870,3860,3860,3441
2026-04-14 09:59:00,3865,3865,3855,3855,302
2026-04-14 10:00:00,3855,3860,3850,3855,2030
2026-04-14 10:01:00,3855,3855,3850,3850,4130
2026-04-14 10:02:00,3850,3850,3835,3835,4708
2026-04-14 10:03:00,3835,3840,3830,3840,5547
2026-04-14 10:04:00,3835,3840,3830,3840,5732
2026-04-14 10:05:00,3840,3840,3830,3840,3800
2026-04-14 10:06:00,3840,3850,3840,3840,2040
2026-04-14 10:07:00,3840,3850,3835,3835,1518
2026-04-14 10:08:00,3835,3840,3830,3835,3976
2026-04-14 10:09:00,3840,3840,3830,3830,2732
2026-04-14 10:10:00,3830,3840,3830,3835,831
2026-04-14 10:11:00,3835,3835,3825,3825,7223
2026-04-14 10:12:00,3835,3835,3835,3835,629
2026-04-14 10:13:00,3840,3840,3830,3840,2381
2026-04-14 10:14:00,3840,3840,3835,3840,212
2026-04-14 10:15:00,3840,3840,3840,3840,170
2026-04-14 10:16:00,3835,3835,3830,3830,1849
2026-04-14 10:17:00,3830,3830,3810,3815,20558
2026-04-14 10:18:00,3810,3825,3805,3825,11889
2026-04-14 10:19:00,3820,3825,3820,3825,38
2026-04-14 10:20:00,3825,3825,3810,3812,8983
2026-04-14 10:21:00,3812,3820,3810,3810,5434
2026-04-14 10:22:00,3815,3815,3810,3815,2238
2026-04-14 10:23:00,3815,3815,3805,3805,10798
2026-04-14 10:24:00,3805,3810,3800,3805,9102
2026-04-14 10:25:00,3805,3810,3805,3810,1137
2026-04-14 10:26:00,3810,3810,3805,3805,1445
2026-04-14 10:27:00,3805,3805,3790,3790,38014
2026-04-14 10:28:00,3795,3805,3795,3800,2554
2026-04-14 10:29:00,3800,3800,3790,3790,2761
2026-04-14 10:30:00,3790,3800,3790,3800,463
2026-04-14 10:31:00,3800,3805,3800,3800,2182
2026-04-14 10:32:00,3800,3805,3800,3805,845
2026-04-14 10:33:00,3800,3805,3785,3800,9754
2026-04-14 10:34:00,3800,3815,3800,3815,6367
2026-04-14 10:35:00,3815,3830,3815,3830,4622
2026-04-14 10:36:00,3820,3830,3810,3810,4622
2026-04-14 10:37:00,3820,3825,3810,3825,598
2026-04-14 10:38:00,3825,3825,3810,3810,1900
2026-04-14 10:39:00,3815,3815,3815,3815,88
2026-04-14 10:40:00,3830,3830,3810,3830,2427
2026-04-14 10:41:00,3830,3830,3815,3815,40
2026-04-14 10:42:00,3820,3820,3815,3815,3149
2026-04-14 10:43:00,3815,3820,3815,3820,1209
2026-04-14 10:44:00,3820,3830,3820,3830,2975
2026-04-14 10:45:00,3825,3825,3825,3825,106
2026-04-14 10:46:00,3825,3830,3825,3830,1567
2026-04-14 10:47:00,3830,3830,3825,3830,482
2026-04-14 10:48:00,3825,3830,3825,3830,695
2026-04-14 10:49:00,3825,3830,3825,3830,1107
2026-04-14 10:50:00,3830,3830,3825,3825,1191
2026-04-14 10:51:00,3825,3830,3825,3830,103
2026-04-14 10:52:00,3830,3830,3830,3830,59
2026-04-14 10:53:00,3825,3830,3825,3830,180
2026-04-14 10:54:00,3830,3835,3830,3835,4622
2026-04-14 10:55:00,3830,3835,3830,3835,1624
2026-04-14 10:56:00,3835,3835,3830,3830,154
2026-04-14 10:57:00,3830,3840,3830,3840,3465
2026-04-14 10:58:00,3840,3840,3830,3840,2242
2026-04-14 10:59:00,3840,3840,3825,3840,284
2026-04-14 11:00:00,3840,3840,3830,3830,299
2026-04-14 11:01:00,3830,3840,3830,3840,64
2026-04-14 11:02:00,3840,3840,3840,3840,523
2026-04-14 11:03:00,3840,3840,3830,3840,4224
2026-04-14 11:04:00,3840,3840,3830,3830,1028
2026-04-14 11:05:00,3830,3835,3825,3835,1823
2026-04-14 11:06:00,3835,3845,3830,3830,7061
2026-04-14 11:07:00,3830,3840,3830,3840,3187
2026-04-14 11:08:00,3840,3845,3830,3830,1684
2026-04-14 11:09:00,3835,3840,3830,3840,563
2026-04-14 11:10:00,3840,3840,3840,3840,24
2026-04-14 11:11:00,3840,3840,3840,3840,199
2026-04-14 11:12:00,3840,3840,3835,3840,628
2026-04-14 11:13:00,3840,3840,3840,3840,1
2026-04-14 11:14:00,3840,3840,3825,3825,4222
2026-04-14 11:15:00,3830,3830,3830,3830,1
2026-04-14 11:16:00,3830,3835,3830,3835,3580
2026-04-14 11:17:00,3835,3835,3835,3835,303
2026-04-14 11:18:00,3835,3835,3835,3835,285
2026-04-14 11:19:00,3835,3835,3835,3835,1352
2026-04-14 11:20:00,3835,3840,3835,3840,543
2026-04-14 11:21:00,3840,3840,3830,3840,4635
2026-04-14 11:22:00,3840,3840,3840,3840,436
2026-04-14 11:23:00,3835,3835,3835,3835,1852
2026-04-14 11:24:00,3835,3840,3835,3840,164
2026-04-14 11:25:00,3835,3840,3835,3840,150
2026-04-14 11:26:00,3840,3840,3840,3840,3
2026-04-14 11:27:00,3840,3840,3835,3840,172
2026-04-14 11:28:00,3840,3840,3835,3835,6179
2026-04-14 11:29:00,3835,3840,3835,3840,1009
2026-04-14 11:30:00,3840,3840,3835,3835,579
2026-04-14 11:31:00,3840,3840,3840,3840,256
2026-04-14 11:32:00,3835,3840,3835,3840,619
2026-04-14 11:33:00,3840,3840,3835,3835,305
2026-04-14 11:34:00,3835,3840,3835,3835,1304
2026-04-14 11:36:00,3835,3835,3835,3835,264
2026-04-14 11:37:00,3835,3835,3835,3835,694
2026-04-14 11:38:00,3840,3840,3840,3840,485
2026-04-14 11:39:00,3840,3840,3840,3840,332
2026-04-14 11:40:00,3835,3840,3835,3840,449
2026-04-14 11:41:00,3840,3840,3840,3840,1474
2026-04-14 11:42:00,3840,3840,3840,3840,3500
2026-04-14 11:43:00,3840,3840,3840,3840,844
2026-04-14 11:44:00,3840,3840,3840,3840,3
2026-04-14 11:45:00,3840,3845,3840,3845,866
2026-04-14 11:46:00,3845,3845,3845,3845,50
2026-04-14 11:47:00,3840,3840,3835,3835,3863
2026-04-14 11:48:00,3845,3845,3845,3845,92
2026-04-14 11:49:00,3845,3845,3840,3840,877
2026-04-14 11:50:00,3840,3845,3835,3840,5562
2026-04-14 11:51:00,3835,3835,3835,3835,2
2026-04-14 11:52:00,3835,3845,3835,3840,1778
2026-04-14 11:53:00,3840,3855,3840,3850,13460
2026-04-14 11:54:00,3850,3855,3845,3845,568
2026-04-14 11:55:00,3845,3850,3845,3850,2284
2026-04-14 11:56:00,3850,3860,3850,3860,5113
2026-04-14 11:57:00,3860,3860,3855,3855,1170
2026-04-14 11:58:00,3855,3855,3855,3855,561
2026-04-14 11:59:00,3855,3860,3855,3860,1820
2026-04-14 12:01:00,3860,3860,3855,3855,517
2026-04-14 12:02:00,3860,3860,3855,3855,2603
2026-04-14 12:03:00,3850,3855,3850,3850,2023
2026-04-14 12:04:00,3855,3855,3850,3850,867
2026-04-14 12:05:00,3850,3850,3845,3845,1335
2026-04-14 12:06:00,3845,3850,3845,3845,300
2026-04-14 12:07:00,3845,3850,3845,3850,725
2026-04-14 12:08:00,3855,3855,3855,3855,51
2026-04-14 12:09:00,3855,3855,3850,3850,1472
2026-04-14 12:10:00,3850,3850,3845,3850,238
2026-04-14 12:11:00,3850,3855,3845,3855,1522
2026-04-14 12:12:00,3855,3860,3855,3860,239
2026-04-14 12:13:00,3860,3860,3860,3860,36
2026-04-14 12:14:00,3860,3860,3855,3855,829
2026-04-14 12:15:00,3850,3855,3850,3850,1597
2026-04-14 12:16:00,3845,3850,3845,3850,1281
2026-04-14 12:17:00,3845,3855,3845,3855,103
2026-04-14 12:18:00,3850,3850,3845,3845,1488
2026-04-14 12:19:00,3845,3850,3845,3850,1011
2026-04-14 12:20:00,3850,3850,3850,3850,100
2026-04-14 12:21:00,3850,3850,3850,3850,393
2026-04-14 12:22:00,3845,3850,3840,3840,2256
2026-04-14 12:23:00,3840,3840,3840,3840,96
2026-04-14 12:24:00,3850,3850,3850,3850,1
2026-04-14 12:25:00,3850,3850,3850,3850,1
2026-04-14 12:26:00,3845,3845,3845,3845,1101
2026-04-14 12:27:00,3840,3840,3840,3840,25
2026-04-14 12:28:00,3845,3845,3845,3845,1375
2026-04-14 12:29:00,3845,3850,3845,3845,2576
2026-04-14 12:30:00,3845,3845,3845,3845,126
2026-04-14 12:31:00,3840,3850,3840,3850,1083
2026-04-14 12:32:00,3845,3850,3845,3850,143
2026-04-14 12:33:00,3850,3850,3845,3845,1938
2026-04-14 12:34:00,3845,3845,3845,3845,47
2026-04-14 12:35:00,3845,3845,3840,3840,178
2026-04-14 12:36:00,3840,3840,3840,3840,15
2026-04-14 12:37:00,3840,3840,3840,3840,2132
2026-04-14 12:38:00,3840,3840,3835,3835,5522
2026-04-14 12:39:00,3835,3840,3835,3840,1458
2026-04-14 12:40:00,3840,3840,3840,3840,11
2026-04-14 12:41:00,3835,3835,3835,3835,500
2026-04-14 12:42:00,3835,3835,3830,3830,2215
2026-04-14 12:43:00,3835,3835,3830,3830,2804
2026-04-14 12:44:00,3830,3830,3825,3830,990
2026-04-14 12:45:00,3830,3830,3830,3830,218
2026-04-14 12:46:00,3830,3830,3830,3830,402
2026-04-14 12:47:00,3830,3830,3830,3830,1527
2026-04-14 12:48:00,3825,3825,3825,3825,1160
2026-04-14 12:49:00,3825,3825,3825,3825,5396
2026-04-14 12:50:00,3825,3830,3820,3820,1875
2026-04-14 12:51:00,3820,3830,3820,3830,637
2026-04-14 12:52:00,3825,3825,3825,3825,166
2026-04-14 12:53:00,3825,3825,3825,3825,1335
2026-04-14 12:54:00,3825,3825,3820,3820,109
2026-04-14 12:55:00,3825,3825,3825,3825,100
2026-04-14 12:56:00,3825,3825,3825,3825,1010
2026-04-14 12:57:00,3825,3825,3825,3825,1117
2026-04-14 12:58:00,3825,3825,3825,3825,700
2026-04-14 12:59:00,3825,3825,3825,3825,50
2026-04-14 13:00:00,3825,3825,3820,3820,1228
2026-04-14 13:01:00,3820,3825,3820,3825,3
2026-04-14 13:02:00,3825,3825,3825,3825,597
2026-04-14 13:03:00,3825,3830,3825,3830,256
2026-04-14 13:04:00,3830,3830,3825,3825,345
2026-04-14 13:05:00,3830,3830,3825,3825,192
2026-04-14 13:06:00,3825,3825,3825,3825,311
2026-04-14 13:07:00,3825,3825,3825,3825,1535
2026-04-14 13:08:00,3825,3830,3825,3830,563
2026-04-14 13:09:00,3825,3825,3825,3825,30
2026-04-14 13:10:00,3825,3825,3820,3825,3325
2026-04-14 13:11:00,3825,3825,3825,3825,527
2026-04-14 13:12:00,3825,3825,3825,3825,4
2026-04-14 13:13:00,3825,3825,3825,3825,2
2026-04-14 13:14:00,3825,3825,3825,3825,164
2026-04-14 13:15:00,3825,3825,3825,3825,260
2026-04-14 13:16:00,3825,3825,3820,3820,53
2026-04-14 13:17:00,3825,3825,3820,3820,338
2026-04-14 13:18:00,3820,3825,3820,3820,82
2026-04-14 13:19:00,3820,3825,3815,3815,2328
2026-04-14 13:20:00,3815,3820,3815,3820,1252
2026-04-14 13:21:00,3820,3820,3820,3820,404
2026-04-14 13:22:00,3820,3825,3820,3825,56
2026-04-14 13:23:00,3825,3825,3820,3820,1161
2026-04-14 13:24:00,3820,3820,3815,3815,2983
2026-04-14 13:25:00,3815,3820,3815,3820,422
2026-04-14 13:26:00,3815,3815,3810,3815,3021
2026-04-14 13:27:00,3815,3820,3815,3815,312
2026-04-14 13:28:00,3815,3815,3815,3815,28
2026-04-14 13:29:00,3815,3815,3815,3815,2134
2026-04-14 13:30:00,3815,3815,3815,3815,186
2026-04-14 13:31:00,3815,3815,3810,3815,1451
2026-04-14 13:32:00,3815,3815,3810,3815,254
2026-04-14 13:33:00,3815,3815,3815,3815,203
2026-04-14 13:34:00,3815,3815,3815,3815,503
2026-04-14 13:35:00,3815,3815,3815,3815,327
2026-04-14 13:36:00,3815,3815,3815,3815,475
2026-04-14 13:37:00,3820,3820,3810,3815,2189
2026-04-14 13:38:00,3815,3820,3815,3815,566
2026-04-14 13:39:00,3815,3815,3815,3815,864
2026-04-14 13:40:00,3810,3815,3810,3815,298
2026-04-14 13:41:00,3810,3815,3810,3815,1552
2026-04-14 13:42:00,3815,3815,3810,3810,300
2026-04-14 13:43:00,3815,3815,3810,3810,424
2026-04-14 13:44:00,3815,3820,3815,3820,10843
2026-04-14 13:45:00,3820,3820,3820,3820,3314
2026-04-14 13:46:00,3820,3820,3820,3820,1083
2026-04-14 13:47:00,3820,3825,3820,3825,253
2026-04-14 13:48:00,3825,3825,3820,3820,200
2026-04-14 13:49:00,3820,3820,3820,3820,55
2026-04-14 13:50:00,3825,3850,3825,3850,20602
2026-04-14 13:51:00,3850,3850,3845,3850,534
2026-04-14 13:52:00,3850,3850,3830,3845,2774
2026-04-14 13:53:00,3830,3850,3825,3840,4557
2026-04-14 13:54:00,3835,3850,3820,3850,14677
2026-04-14 13:55:00,3855,4100,3855,4055,458051
2026-04-14 13:56:00,4050,4060,3985,4015,248221
2026-04-14 13:57:00,4015,4185,4015,4105,756075
2026-04-14 13:58:00,4110,4190,4085,4190,235467
2026-04-14 14:00:00,4145,4235,4125,4215,512845
2026-04-14 14:01:00,4210,4310,4140,4160,1108022
2026-04-14 14:02:00,4160,4210,4100,4145,360255
2026-04-14 14:03:00,4145,4180,4120,4145,236751
2026-04-14 14:04:00,4160,4165,4055,4080,227746
2026-04-14 14:05:00,4080,4090,4050,4055,181255
2026-04-14 14:06:00,4050,4125,4045,4095,217960
2026-04-14 14:07:00,4100,4160,4060,4110,182134
2026-04-14 14:08:00,4115,4130,4085,4125,112317
2026-04-14 14:09:00,4125,4125,4045,4050,158661
2026-04-14 14:10:00,4055,4085,4050,4075,65016
2026-04-14 14:11:00,4080,4080,3990,4015,206626
2026-04-14 14:12:00,4010,4030,3995,4020,73508
2026-04-14 14:13:00,4015,4020,3980,4000,137105
2026-04-14 14:14:00,4000,4025,3995,4020,50410
2026-04-14 14:15:00,4020,4025,3965,3990,111870
2026-04-14 14:16:00,3990,4000,3960,3980,52720
2026-04-14 14:17:00,3990,3990,3960,3965,46680
2026-04-14 14:18:00,3960,3970,3950,3965,65242
2026-04-14 14:19:00,3970,3985,3960,3985,29186
2026-04-14 14:20:00,3980,3985,3965,3965,18377
2026-04-14 14:21:00,3970,4015,3965,4005,60474
2026-04-14 14:22:00,4005,4025,4000,4000,38384
2026-04-14 14:23:00,4007,4025,3985,3990,39117
2026-04-14 14:24:00,3990,4010,3975,3985,29770
2026-04-14 14:25:00,3985,4010,3975,4002,11943
2026-04-14 14:26:00,4002,4005,3980,3980,28519
2026-04-14 14:27:00,3985,4000,3980,3985,23415
2026-04-14 14:28:00,3985,3995,3960,3960,41747
2026-04-14 14:29:00,3975,3975,3960,3970,10212
2026-04-14 14:30:00,3970,4000,3970,3985,15395
2026-04-14 14:31:00,3985,4000,3980,3990,17520
2026-04-14 14:32:00,3990,3995,3980,3985,22523
2026-04-14 14:33:00,3985,3985,3970,3980,16543
2026-04-14 14:34:00,3975,4040,3970,4030,102237
2026-04-14 14:35:00,4030,4045,4030,4040,60246
2026-04-14 14:36:00,4040,4045,4010,4020,53743
2026-04-14 14:37:00,4020,4020,3995,4005,19641
2026-04-14 14:38:00,4005,4015,3990,3995,28344
2026-04-14 14:39:00,3995,4000,3975,3980,31454
2026-04-14 14:40:00,3980,3995,3975,3975,16958
2026-04-14 14:41:00,3985,3985,3975,3975,7856
2026-04-14 14:42:00,3975,3980,3975,3980,7588
2026-04-14 14:43:00,3980,4005,3980,4005,14834
2026-04-14 14:44:00,4005,4005,3990,3990,6871
2026-04-14 14:45:00,3995,4005,3985,4000,19430
2026-04-14 14:46:00,4000,4035,3995,4035,22282
2026-04-14 14:47:00,4040,4055,4015,4030,45742
2026-04-14 14:48:00,4030,4045,4010,4015,20704
2026-04-14 14:49:00,4015,4030,4010,4025,14664
2026-04-14 14:50:00,4025,4055,4010,4045,38303
2026-04-14 14:51:00,4050,4150,4020,4135,273330
2026-04-14 14:52:00,4130,4220,4110,4205,386621
2026-04-14 14:53:00,4200,4205,4130,4180,312900
2026-04-14 14:54:00,4180,4290,4175,4235,649137
2026-04-14 14:55:00,4235,4290,4220,4240,346231
2026-04-14 14:56:00,4240,4245,4135,4145,292112
2026-04-14 14:57:00,4145,4210,4095,4165,281842
2026-04-14 14:58:00,4160,4195,4120,4180,113907
2026-04-14 14:59:00,4180,4185,4135,4140,93858
2026-04-14 15:00:00,4140,4165,4095,4105,101020
2026-04-14 15:01:00,4110,4125,4070,4085,87437
2026-04-14 15:02:00,4080,4120,4075,4110,55296
2026-04-14 15:03:00,4110,4140,4110,4115,49451
2026-04-14 15:04:00,4125,4125,4075,4110,69167
2026-04-14 15:05:00,4105,4110,4070,4075,62872
2026-04-14 15:06:00,4075,4080,4040,4040,107028
2026-04-14 15:07:00,4040,4070,4040,4045,53235
2026-04-14 15:08:00,4045,4070,4035,4065,40735
2026-04-14 15:09:00,4065,4065,4045,4050,21470
2026-04-14 15:10:00,4050,4080,4045,4080,35128
2026-04-14 15:11:00,4075,4095,4075,4080,36431
2026-04-14 15:12:00,4080,4080,4060,4070,23035
2026-04-14 15:13:00,4070,4080,4055,4060,29912
2026-04-14 15:14:00,4080,4080,4045,4080,40758
2026-04-14 15:15:00,4080,4080,4045,4045,30959
2026-04-14 15:16:00,4045,4080,4040,4070,21150
2026-04-14 15:17:00,4065,4070,4050,4060,19924
2026-04-14 15:18:00,4055,4060,4050,4055,25115
2026-04-14 15:19:00,4055,4060,4035,4035,81731
2026-04-14 15:30:00,4035,4035,4035,4035,114458
