date_idx,open,high,low,close,volume
2026-03-11 11:41:00,107200,107400,107100,107100,372
2026-03-11 11:42:00,107200,107300,107100,107100,280
2026-03-11 11:43:00,107200,107400,107000,107100,413
2026-03-11 11:44:00,107200,107400,107100,107200,254
2026-03-11 11:45:00,107200,107300,107100,107300,361
2026-03-11 11:46:00,107200,107400,107200,107300,364
2026-03-11 11:47:00,107400,107400,107100,107100,352
2026-03-11 11:48:00,107200,107300,107000,107300,403
2026-03-11 11:49:00,107300,107400,107100,107100,311
2026-03-11 11:50:00,107000,107300,107000,107200,328
2026-03-11 11:51:00,107200,107300,107100,107100,255
2026-03-11 11:52:00,107100,107300,107100,107300,221
2026-03-11 11:53:00,107200,107400,107100,107200,513
2026-03-11 11:54:00,107200,107300,107000,107100,624
2026-03-11 11:55:00,107000,107300,107000,107000,395
2026-03-11 11:56:00,107100,107300,107000,107100,360
2026-03-11 11:57:00,107200,107300,107000,107100,468
2026-03-11 11:58:00,107000,107000,106800,106800,1107
2026-03-11 11:59:00,106900,106900,106800,106800,390
2026-03-11 12:00:00,106800,107200,106800,106900,505
2026-03-11 12:01:00,106900,107100,106900,107100,321
2026-03-11 12:02:00,107100,107100,106900,106900,231
2026-03-11 12:03:00,106900,107100,106900,107100,162
2026-03-11 12:04:00,107000,107300,107000,107200,281
2026-03-11 12:05:00,107200,107300,106900,107000,492
2026-03-11 12:06:00,107200,107300,107000,107100,277
2026-03-11 12:07:00,107000,107300,107000,107300,284
2026-03-11 12:08:00,107300,107500,107100,107200,402
2026-03-11 12:09:00,107200,107200,107000,107000,363
2026-03-11 12:10:00,106900,107200,106900,107100,258
2026-03-11 12:11:00,107000,107200,107000,107100,203
2026-03-11 12:12:00,107000,107300,107000,107000,357
2026-03-11 12:13:00,107000,107200,107000,107100,233
2026-03-11 12:14:00,107100,107100,106800,106900,239
2026-03-11 12:15:00,106900,107400,106800,107200,532
2026-03-11 12:16:00,107300,107300,107200,107300,329
2026-03-11 12:17:00,107200,107300,106900,107000,184
2026-03-11 12:18:00,106900,107400,106900,107300,320
2026-03-11 12:19:00,107300,107400,107100,107200,174
2026-03-11 12:20:00,107200,107300,107200,107300,139
2026-03-11 12:21:00,107300,107500,107200,107200,333
2026-03-11 12:22:00,107200,107300,107100,107100,243
2026-03-11 12:23:00,107200,107200,106900,107000,594
2026-03-11 12:24:00,107000,107000,106800,106800,395
2026-03-11 12:25:00,106800,107000,106700,106800,373
2026-03-11 12:26:00,106800,107100,106800,107000,351
2026-03-11 12:27:00,107000,107200,107000,107200,281
2026-03-11 12:28:00,107100,107200,107000,107000,272
2026-03-11 12:29:00,107000,107100,106900,107100,395
2026-03-11 12:30:00,107000,107100,106900,107100,136
2026-03-11 12:31:00,107000,107100,107000,107100,493
2026-03-11 12:32:00,107000,107400,106900,107400,336
2026-03-11 12:33:00,107400,107400,107100,107300,271
2026-03-11 12:34:00,107200,107200,107100,107200,240
2026-03-11 12:35:00,107100,107500,107000,107400,647
2026-03-11 12:36:00,107400,107600,107200,107600,253
2026-03-11 12:37:00,107600,107800,107600,107800,289
2026-03-11 12:38:00,107700,107800,107600,107700,338
2026-03-11 12:39:00,107600,107700,107600,107700,531
2026-03-11 12:40:00,107700,107700,107200,107300,606
2026-03-11 12:41:00,107300,107500,107200,107500,221
2026-03-11 12:42:00,107300,107400,107100,107200,310
2026-03-11 12:43:00,107200,107600,107200,107500,488
2026-03-11 12:44:00,107400,107500,107300,107400,248
2026-03-11 12:45:00,107500,107500,107200,107500,349
2026-03-11 12:46:00,107400,107500,107300,107400,208
2026-03-11 12:47:00,107400,107800,107400,107600,663
2026-03-11 12:48:00,107700,107800,107500,107800,353
2026-03-11 12:49:00,107800,107900,107300,107400,700
2026-03-11 12:50:00,107400,107700,107400,107700,413
2026-03-11 12:51:00,107700,107900,107700,107900,537
2026-03-11 12:52:00,107900,107900,107600,107700,435
2026-03-11 12:53:00,107700,107900,107600,107900,450
2026-03-11 12:54:00,107800,108000,107800,107900,450
2026-03-11 12:55:00,107900,108200,107800,108000,816
2026-03-11 12:56:00,108100,108100,107900,108100,102
2026-03-11 12:57:00,108000,108100,107700,108100,497
2026-03-11 12:58:00,108100,108100,107900,107900,595
2026-03-11 12:59:00,108000,108300,107900,108200,642
2026-03-11 13:00:00,108100,108400,108100,108200,1334
2026-03-11 13:01:00,108200,108400,108000,108300,935
2026-03-11 13:02:00,108200,108300,107700,108300,792
2026-03-11 13:03:00,108300,108300,107800,108200,346
2026-03-11 13:04:00,108300,108300,107800,107900,540
2026-03-11 13:05:00,107800,107900,107700,107800,2582
2026-03-11 13:06:00,107700,107800,107400,107500,1100
2026-03-11 13:07:00,107600,107600,107300,107300,535
2026-03-11 13:08:00,107400,107600,107300,107500,554
2026-03-11 13:09:00,107500,107500,107300,107400,542
2026-03-11 13:10:00,107400,107500,107300,107400,632
2026-03-11 13:11:00,107300,107700,107300,107400,385
2026-03-11 13:12:00,107400,107400,107200,107300,531
2026-03-11 13:13:00,107200,107400,107200,107400,350
2026-03-11 13:14:00,107400,107400,107100,107200,578
2026-03-11 13:15:00,107300,107400,107200,107300,324
2026-03-11 13:16:00,107300,107300,107100,107200,553
2026-03-11 13:17:00,107200,107200,107000,107200,201
2026-03-11 13:18:00,107200,107500,107000,107200,579
2026-03-11 13:19:00,107200,107500,107100,107300,196
2026-03-11 13:20:00,107300,107500,107200,107300,339
2026-03-11 13:21:00,107300,107600,107200,107600,316
2026-03-11 13:22:00,107500,107600,107000,107400,1308
2026-03-11 13:23:00,107400,107500,107000,107000,732
2026-03-11 13:24:00,107100,107200,107000,107100,337
2026-03-11 13:25:00,107200,107200,107100,107200,486
2026-03-11 13:26:00,107200,107200,107100,107200,409
2026-03-11 13:27:00,107200,107300,107000,107100,300
2026-03-11 13:28:00,107000,107100,107000,107000,291
2026-03-11 13:29:00,107000,107200,107000,107200,600
2026-03-11 13:30:00,107200,107200,107000,107200,339
2026-03-11 13:31:00,107100,107200,107000,107000,1201
2026-03-11 13:32:00,106900,107200,106800,106800,783
2026-03-11 13:33:00,106800,106900,106600,106800,1165
2026-03-11 13:34:00,106700,106800,106500,106600,1024
2026-03-11 13:35:00,106500,106600,106500,106500,992
2026-03-11 13:36:00,106500,106600,106400,106400,787
2026-03-11 13:37:00,106400,106600,106300,106500,977
2026-03-11 13:38:00,106400,106400,106200,106200,778
2026-03-11 13:39:00,106200,106300,106100,106200,823
2026-03-11 13:40:00,106100,106300,106100,106200,618
2026-03-11 13:41:00,106100,106200,106000,106000,945
2026-03-11 13:42:00,106100,106100,106000,106100,973
2026-03-11 13:43:00,106050,106100,106000,106100,1309
2026-03-11 13:44:00,106000,106100,105900,105900,952
2026-03-11 13:45:00,105900,106000,105800,106000,663
2026-03-11 13:46:00,105900,106000,105800,105800,648
2026-03-11 13:47:00,105900,105900,105700,105700,785
2026-03-11 13:48:00,105700,106600,105700,106600,1417
2026-03-11 13:49:00,106600,106600,106000,106300,588
2026-03-11 13:50:00,106300,106400,106000,106100,669
2026-03-11 13:51:00,106100,106300,106000,106300,779
2026-03-11 13:52:00,106200,106500,106000,106100,935
2026-03-11 13:53:00,106100,106200,106000,106200,1006
2026-03-11 13:54:00,106100,106400,106100,106200,487
2026-03-11 13:55:00,106300,106700,106200,106300,872
2026-03-11 13:56:00,106300,106800,106300,106600,1019
2026-03-11 13:57:00,106600,106600,106200,106400,996
2026-03-11 13:58:00,106300,106400,106100,106200,592
2026-03-11 13:59:00,106300,106700,106100,106150,543
2026-03-11 14:00:00,106200,106300,106100,106100,672
2026-03-11 14:01:00,106100,106400,106100,106200,915
2026-03-11 14:02:00,106200,106200,106000,106100,558
2026-03-11 14:03:00,106000,106200,106000,106200,726
2026-03-11 14:04:00,106300,106300,105900,106100,932
2026-03-11 14:05:00,106100,106200,105900,106000,1325
2026-03-11 14:06:00,105900,106100,105800,106000,953
2026-03-11 14:07:00,106000,106000,105800,105900,586
2026-03-11 14:08:00,105800,105900,105600,105600,1087
2026-03-11 14:09:00,105600,105900,105600,105600,1117
2026-03-11 14:10:00,105700,105700,105500,105500,1026
2026-03-11 14:11:00,105500,105600,105500,105500,1852
2026-03-11 14:12:00,105600,105600,105300,105300,988
2026-03-11 14:13:00,105400,105500,105300,105400,1312
2026-03-11 14:14:00,105500,105600,105400,105400,981
2026-03-11 14:15:00,105400,105500,105200,105200,1683
2026-03-11 14:16:00,105300,105300,105100,105100,1041
2026-03-11 14:17:00,105100,105300,105100,105100,1008
2026-03-11 14:18:00,105200,105200,105000,105000,1280
2026-03-11 14:19:00,105000,105100,105000,105000,1396
2026-03-11 14:20:00,104900,105100,104900,105000,1107
2026-03-11 14:21:00,105000,105200,104900,105000,1084
2026-03-11 14:22:00,105000,105100,104900,105000,945
2026-03-11 14:23:00,105000,105100,104800,104900,1340
2026-03-11 14:24:00,104900,105000,104700,104800,1300
2026-03-11 14:25:00,104800,104900,104500,104500,1440
2026-03-11 14:26:00,104500,104700,104500,104600,1173
2026-03-11 14:27:00,104700,104700,104400,104600,1062
2026-03-11 14:28:00,104600,104700,104400,104500,892
2026-03-11 14:29:00,104500,104500,104300,104400,1271
2026-03-11 14:30:00,104400,104500,104300,104400,873
2026-03-11 14:31:00,104300,104500,104300,104400,767
2026-03-11 14:32:00,104400,104900,104400,104600,1493
2026-03-11 14:33:00,104600,104800,104500,104700,952
2026-03-11 14:34:00,104600,104700,104500,104700,796
2026-03-11 14:35:00,104700,104700,104500,104600,639
2026-03-11 14:36:00,104500,104700,104400,104400,1108
2026-03-11 14:37:00,104400,104500,104200,104200,1500
2026-03-11 14:38:00,104300,104400,104100,104100,744
2026-03-11 14:39:00,104200,104300,104000,104000,2769
2026-03-11 14:40:00,104000,104050,103700,103800,1803
2026-03-11 14:41:00,103700,103800,103600,103600,1327
2026-03-11 14:42:00,103700,103700,103500,103600,1936
2026-03-11 14:43:00,103500,103700,103400,103500,2002
2026-03-11 14:44:00,103500,103800,103400,103600,1378
2026-03-11 14:45:00,103600,103600,103300,103400,1462
2026-03-11 14:46:00,103400,103400,103100,103200,1619
2026-03-11 14:47:00,103300,103700,103100,103600,1466
2026-03-11 14:48:00,103600,103600,103300,103500,1172
2026-03-11 14:49:00,103600,103700,103400,103600,1354
2026-03-11 14:50:00,103600,104000,103500,104000,1515
2026-03-11 14:51:00,104000,104000,103600,103800,1213
2026-03-11 14:52:00,103700,104000,103600,103600,1379
2026-03-11 14:53:00,103500,103700,103500,103500,999
2026-03-11 14:54:00,103500,103600,103300,103300,1491
2026-03-11 14:55:00,103400,103500,103200,103200,1458
2026-03-11 14:56:00,103200,103200,103000,103000,2922
2026-03-11 14:57:00,103100,103100,102700,102800,1671
2026-03-11 14:58:00,102700,102800,102500,102600,1467
2026-03-11 14:59:00,102600,102700,101700,101900,3519
2026-03-11 15:00:00,101900,102600,101800,102100,2337
2026-03-11 15:01:00,102100,103000,102000,102300,2014
2026-03-11 15:02:00,102300,102600,102200,102400,1215
2026-03-11 15:03:00,102400,102400,102000,102200,713
2026-03-11 15:04:00,102200,103300,102100,103100,1994
2026-03-11 15:05:00,103000,103400,102500,102900,695
2026-03-11 15:06:00,102900,103400,102800,103300,1050
2026-03-11 15:07:00,103300,104100,103300,104100,1590
2026-03-11 15:08:00,104100,104200,103800,104200,1654
2026-03-11 15:09:00,104100,104300,103900,104200,1319
2026-03-11 15:10:00,104200,104300,103900,104300,1110
2026-03-11 15:11:00,104300,104400,104100,104200,1080
2026-03-11 15:12:00,104300,104400,104100,104300,804
2026-03-11 15:13:00,104400,104800,104300,104800,845
2026-03-11 15:14:00,104900,105000,104700,105000,1186
2026-03-11 15:15:00,105000,105000,104600,104700,1655
2026-03-11 15:16:00,104600,105000,104600,104700,1620
2026-03-11 15:17:00,104800,105000,104600,104900,1741
2026-03-11 15:18:00,104900,105000,104600,104600,1221
2026-03-11 15:19:00,104600,104800,104600,104700,989
2026-03-11 15:30:00,104400,104400,104400,104400,4575
2026-03-11 15:35:00,104400,104400,104400,104400,111
2026-03-12 09:00:00,102000,102900,100700,102700,6090
2026-03-12 09:01:00,102900,102900,102200,102700,1105
2026-03-12 09:02:00,102300,103700,102000,103600,2609
2026-03-12 09:03:00,103700,103900,102800,103500,834
2026-03-12 09:04:00,103500,105000,103000,104700,3187
2026-03-12 09:05:00,104700,107000,104500,105600,11674
2026-03-12 09:06:00,105500,105600,104200,104400,1053
2026-03-12 09:07:00,104400,105000,103800,104900,1056
2026-03-12 09:08:00,105000,105000,103700,104500,605
2026-03-12 09:09:00,104500,104700,103800,104000,607
2026-03-12 09:10:00,103800,104200,103200,103500,488
2026-03-12 09:11:00,103600,103900,103300,103700,421
2026-03-12 09:12:00,103900,104000,103400,104000,651
2026-03-12 09:13:00,103500,104400,103500,103800,1539
2026-03-12 09:14:00,104200,104900,103800,104500,816
2026-03-12 09:15:00,104500,104600,103500,103800,953
2026-03-12 09:16:00,103800,104300,103500,104200,589
2026-03-12 09:17:00,104200,104900,104100,104900,1380
2026-03-12 09:18:00,104700,104800,103900,104100,912
2026-03-12 09:19:00,104100,104200,103600,103600,1285
2026-03-12 09:20:00,103600,104000,103500,103800,767
2026-03-12 09:21:00,103800,104500,103700,104100,1224
2026-03-12 09:22:00,104100,104200,103600,103600,514
2026-03-12 09:23:00,103700,104200,103600,104200,387
2026-03-12 09:24:00,104100,104900,104100,104700,2024
2026-03-12 09:25:00,104700,104700,103700,103800,520
2026-03-12 09:26:00,103700,103900,103600,103800,372
2026-03-12 09:27:00,103700,104900,103600,104700,1004
2026-03-12 09:28:00,104700,104900,104700,104800,854
2026-03-12 09:29:00,104800,105100,104700,104800,1048
2026-03-12 09:30:00,104900,105500,104600,105400,638
2026-03-12 09:31:00,105500,105500,105400,105500,351
2026-03-12 09:32:00,105500,105500,105200,105200,582
2026-03-12 09:33:00,105300,105300,104800,105000,1840
2026-03-12 09:34:00,105000,105400,104900,105400,807
2026-03-12 09:35:00,105400,105500,105300,105500,284
2026-03-12 09:36:00,105400,105500,105200,105200,683
2026-03-12 09:37:00,105300,105400,105000,105300,677
2026-03-12 09:38:00,105200,105500,105200,105400,420
2026-03-12 09:39:00,105500,105800,105200,105700,1734
2026-03-12 09:40:00,105700,105700,105300,105400,1035
2026-03-12 09:41:00,105400,105500,105300,105500,417
2026-03-12 09:42:00,105500,105500,105200,105500,569
2026-03-12 09:43:00,105400,105500,105200,105200,423
2026-03-12 09:44:00,105300,105600,105200,105300,285
2026-03-12 09:45:00,105300,106100,105300,106100,1187
2026-03-12 09:46:00,106000,106100,105700,105900,289
2026-03-12 09:47:00,105900,106700,105900,106600,2083
2026-03-12 09:48:00,106700,106900,106600,106700,1891
2026-03-12 09:49:00,106700,106700,105600,105600,1670
2026-03-12 09:50:00,105700,106000,105500,106000,578
2026-03-12 09:51:00,105800,106300,105800,106300,846
2026-03-12 09:52:00,106300,106400,105900,106200,1366
2026-03-12 09:53:00,106100,106100,106000,106100,353
2026-03-12 09:54:00,106000,107000,106000,106900,1468
2026-03-12 09:55:00,106900,107400,106700,107200,1245
2026-03-12 09:56:00,107200,107400,107200,107400,1113
2026-03-12 09:57:00,107300,107400,106800,107100,1428
2026-03-12 09:58:00,107000,107300,106700,107200,1113
2026-03-12 09:59:00,107000,107200,106650,106650,850
2026-03-12 10:00:00,106600,106700,106200,106300,830
2026-03-12 10:01:00,106300,106300,105900,106000,836
2026-03-12 10:02:00,106100,106100,105500,105500,628
2026-03-12 10:03:00,105600,105600,105200,105400,816
2026-03-12 10:04:00,105600,106300,105400,105500,516
2026-03-12 10:05:00,106000,106000,105000,105300,625
2026-03-12 10:06:00,105400,105500,105100,105300,273
2026-03-12 10:07:00,105300,105900,105100,105500,249
2026-03-12 10:08:00,105400,105700,105400,105500,121
2026-03-12 10:09:00,105400,105700,105300,105400,357
2026-03-12 10:10:00,105600,105800,105400,105700,201
2026-03-12 10:11:00,105600,105800,105200,105300,353
2026-03-12 10:12:00,105600,105600,105100,105100,484
2026-03-12 10:13:00,105100,105600,104900,105400,1399
2026-03-12 10:14:00,105400,105700,105000,105500,300
2026-03-12 10:15:00,105500,105500,105000,105500,158
2026-03-12 10:16:00,105400,105700,105400,105500,213
2026-03-12 10:17:00,105500,105500,104900,104900,278
2026-03-12 10:18:00,105000,105100,105000,105000,160
2026-03-12 10:19:00,104900,104900,104700,104700,470
2026-03-12 10:20:00,104700,104800,104600,104600,314
2026-03-12 10:21:00,104700,104700,104500,104500,286
2026-03-12 10:22:00,104500,104800,104500,104700,398
2026-03-12 10:23:00,104600,105100,104600,104900,279
2026-03-12 10:24:00,105000,105100,104700,104700,199
2026-03-12 10:25:00,104700,104800,104400,104600,669
2026-03-12 10:26:00,104550,104600,104400,104400,226
2026-03-12 10:27:00,104500,104700,104400,104400,1388
2026-03-12 10:28:00,104600,104700,104400,104700,347
2026-03-12 10:29:00,104600,104600,104500,104600,191
2026-03-12 10:30:00,104500,104700,104400,104600,156
2026-03-12 10:31:00,104600,104600,104400,104500,243
2026-03-12 10:32:00,104500,104600,104400,104500,153
2026-03-12 10:33:00,104400,104700,104400,104600,332
2026-03-12 10:34:00,104600,104900,104500,104700,375
2026-03-12 10:35:00,104700,104800,104500,104500,521
2026-03-12 10:36:00,104400,105100,104400,104700,198
2026-03-12 10:37:00,104700,104900,104700,104900,151
2026-03-12 10:38:00,104900,104900,104500,104600,347
2026-03-12 10:39:00,104900,105500,104900,105500,740
2026-03-12 10:40:00,105000,105300,104800,104800,317
2026-03-12 10:41:00,104900,105100,104800,104800,210
2026-03-12 10:42:00,104900,105300,104800,105300,392
2026-03-12 10:43:00,105300,105300,104700,105100,194
2026-03-12 10:44:00,105200,105600,105200,105400,323
2026-03-12 10:45:00,105400,105600,105200,105500,198
2026-03-12 10:46:00,105500,105500,105300,105300,287
2026-03-12 10:47:00,105300,105600,105100,105100,447
2026-03-12 10:48:00,105200,105200,104700,104800,461
2026-03-12 10:49:00,104800,105000,104600,104800,168
2026-03-12 10:50:00,104700,105000,104500,104500,463
2026-03-12 10:51:00,104700,104700,104500,104600,235
2026-03-12 10:52:00,104500,104600,104400,104500,323
2026-03-12 10:53:00,104400,104500,103900,103900,2943
2026-03-12 10:54:00,103900,103900,103000,103000,1400
2026-03-12 10:55:00,103100,104100,103000,103900,2328
2026-03-12 10:56:00,104100,104200,103500,104000,397
2026-03-12 10:57:00,104000,104000,103500,103500,220
2026-03-12 10:58:00,103400,104000,103400,103700,373
2026-03-12 10:59:00,103700,104000,103500,103600,319
2026-03-12 11:00:00,103800,104200,103600,104000,445
2026-03-12 11:01:00,104000,104000,103700,103700,134
2026-03-12 11:02:00,103700,103800,103600,103600,302
2026-03-12 11:03:00,103700,103800,103600,103600,156
2026-03-12 11:04:00,103600,103700,103500,103500,263
2026-03-12 11:05:00,103500,103600,103400,103400,282
2026-03-12 11:06:00,103500,103700,103400,103400,272
2026-03-12 11:07:00,103700,103700,103400,103500,173
2026-03-12 11:08:00,103400,103500,103300,103300,228
2026-03-12 11:09:00,103400,103600,103300,103400,81
2026-03-12 11:10:00,103400,103800,103400,103400,289
2026-03-12 11:11:00,103400,103400,103100,103300,280
2026-03-12 11:12:00,103300,103400,103300,103300,232
2026-03-12 11:13:00,103400,103500,103300,103500,609
2026-03-12 11:14:00,103500,103500,103100,103200,476
2026-03-12 11:15:00,103100,103200,103100,103100,186
2026-03-12 11:16:00,103100,103200,102900,102900,1666
2026-03-12 11:17:00,102900,103000,102600,102700,449
2026-03-12 11:18:00,102700,103000,102600,102800,326
2026-03-12 11:19:00,103000,103000,102800,102900,117
2026-03-12 11:20:00,102900,103000,102800,102900,430
2026-03-12 11:21:00,102900,103000,102500,102600,992
2026-03-12 11:22:00,102600,102600,102300,102300,559
2026-03-12 11:23:00,102400,102400,102100,102100,320
2026-03-12 11:24:00,102200,102700,102100,102700,1139
2026-03-12 11:25:00,102800,103100,102700,102700,506
2026-03-12 11:26:00,102700,102900,102200,102800,323
2026-03-12 11:27:00,102700,102800,102100,102600,832
2026-03-12 11:28:00,102600,102700,102200,102400,722
2026-03-12 11:29:00,102400,102700,101900,102400,1538
2026-03-12 11:30:00,102500,102900,102300,102900,220
2026-03-12 11:31:00,102900,103100,102800,102900,324
2026-03-12 11:32:00,102900,103100,102800,102900,438
2026-03-12 11:33:00,102900,103100,102600,102600,291
2026-03-12 11:34:00,102600,102900,102300,102300,307
2026-03-12 11:35:00,102600,102800,102300,102600,238
2026-03-12 11:36:00,102400,102600,102200,102200,238
2026-03-12 11:37:00,102100,102400,102100,102200,273
2026-03-12 11:38:00,102200,102500,102000,102100,613
2026-03-12 11:39:00,102000,102200,102000,102200,205
2026-03-12 11:40:00,102300,102800,102200,102800,420
2026-03-12 11:41:00,102900,103000,102600,102600,189
2026-03-12 11:42:00,102600,102900,102400,102700,199
2026-03-12 11:43:00,102600,102600,102400,102400,128
2026-03-12 11:44:00,102500,102700,102300,102400,191
2026-03-12 11:45:00,102600,102700,102500,102600,33
2026-03-12 11:46:00,102600,102700,102500,102600,268
2026-03-12 11:47:00,102600,102600,102500,102600,101
2026-03-12 11:48:00,102500,102700,102500,102500,202
2026-03-12 11:49:00,102500,102800,102400,102400,552
2026-03-12 11:50:00,102600,102700,102400,102500,190
2026-03-12 11:51:00,102500,102600,102500,102500,205
2026-03-12 11:52:00,102400,102500,102200,102200,365
2026-03-12 11:53:00,102300,102700,102200,102300,225
2026-03-12 11:54:00,102600,102600,102300,102300,251
2026-03-12 11:55:00,102300,102700,102200,102700,419
2026-03-12 11:56:00,102800,102800,102200,102500,96
2026-03-12 11:57:00,102500,102800,102500,102700,466
2026-03-12 11:58:00,102800,102800,102500,102700,160
2026-03-12 11:59:00,102800,102800,102600,102800,141
2026-03-12 12:00:00,102600,102700,102500,102600,126
2026-03-12 12:01:00,102600,102700,102500,102500,145
2026-03-12 12:02:00,102600,102800,102500,102800,144
2026-03-12 12:03:00,102700,102900,102600,102600,179
2026-03-12 12:04:00,102700,102700,102500,102500,88
2026-03-12 12:05:00,102600,102700,102600,102600,95
2026-03-12 12:06:00,102700,102800,102600,102700,136
2026-03-12 12:07:00,102700,102800,102600,102700,153
2026-03-12 12:08:00,102700,102800,102600,102700,175
2026-03-12 12:09:00,102600,102800,102600,102700,181
2026-03-12 12:10:00,102700,102800,102700,102800,155
2026-03-12 12:11:00,102600,102700,102600,102700,129
2026-03-12 12:12:00,102700,102900,102600,102600,179
2026-03-12 12:13:00,102800,102900,102700,102700,86
2026-03-12 12:14:00,102700,102800,102600,102600,119
2026-03-12 12:15:00,102600,102700,102600,102600,144
2026-03-12 12:16:00,102600,102700,102600,102600,49
2026-03-12 12:17:00,102600,103000,102600,102900,355
2026-03-12 12:18:00,102900,103000,102700,102700,655
2026-03-12 12:19:00,102600,102800,102600,102800,53
2026-03-12 12:20:00,102900,103200,102700,102800,307
2026-03-12 12:21:00,102900,103400,102800,103000,217
2026-03-12 12:22:00,103000,103200,103000,103000,137
2026-03-12 12:23:00,103000,103200,103000,103100,138
2026-03-12 12:24:00,103000,103200,102900,102900,155
2026-03-12 12:25:00,102900,103100,102800,102800,83
2026-03-12 12:26:00,102700,102900,102600,102700,207
2026-03-12 12:27:00,102800,102800,102600,102700,97
2026-03-12 12:28:00,102700,103000,102600,102700,188
2026-03-12 12:29:00,102700,103200,102500,102600,358
2026-03-12 12:30:00,102600,103000,102500,102600,135
2026-03-12 12:31:00,102600,103000,102600,103000,78
2026-03-12 12:32:00,102900,103000,102600,102900,280
2026-03-12 12:33:00,102900,103000,102600,102700,182
2026-03-12 12:34:00,102700,102900,102600,102600,146
2026-03-12 12:35:00,102600,102800,102500,102600,71
2026-03-12 12:36:00,102600,103000,102500,103000,323
2026-03-12 12:37:00,102900,103000,102500,102500,284
2026-03-12 12:38:00,102500,102900,102500,102800,175
2026-03-12 12:39:00,102800,102900,102500,102600,208
2026-03-12 12:40:00,102500,102700,102500,102600,74
2026-03-12 12:41:00,102700,102700,102400,102500,177
2026-03-12 12:42:00,102500,102600,102400,102400,72
2026-03-12 12:43:00,102400,102600,102300,102400,270
2026-03-12 12:44:00,102500,102500,102400,102400,312
2026-03-12 12:45:00,102300,102700,102300,102300,225
2026-03-12 12:46:00,102300,102900,102300,102500,174
2026-03-12 12:47:00,102400,102700,102400,102500,263
2026-03-12 12:48:00,102500,102600,102400,102500,159
2026-03-12 12:49:00,102500,102700,102300,102400,348
2026-03-12 12:50:00,102700,103000,102400,102900,198
2026-03-12 12:51:00,102600,103000,102600,103000,147
2026-03-12 12:52:00,102800,102900,102800,102900,82
2026-03-12 12:53:00,103000,103000,102900,102900,191
2026-03-12 12:54:00,102900,103000,102800,102900,88
2026-03-12 12:55:00,102800,103000,102800,103000,107
2026-03-12 12:56:00,102900,103500,102900,103300,630
2026-03-12 12:57:00,103300,103400,103100,103400,158
2026-03-12 12:58:00,103200,103500,103100,103300,126
2026-03-12 12:59:00,103300,103500,103000,103400,332
2026-03-12 13:00:00,103300,103600,103300,103400,172
2026-03-12 13:01:00,103500,103500,103300,103400,159
2026-03-12 13:02:00,103300,103400,103000,103000,221
2026-03-12 13:03:00,103400,103400,103000,103100,158
2026-03-12 13:04:00,103100,103200,102900,102900,200
2026-03-12 13:05:00,102900,103300,102900,102900,184
2026-03-12 13:06:00,102900,103200,102800,103100,418
2026-03-12 13:07:00,102900,103300,102900,102900,87
2026-03-12 13:08:00,102900,103400,102800,103400,273
2026-03-12 13:09:00,103300,103300,102700,102800,364
2026-03-12 13:10:00,102700,103000,102600,102800,204
2026-03-12 13:11:00,102600,102700,102400,102500,972
2026-03-12 13:12:00,102600,102700,102400,102600,355
2026-03-12 13:13:00,102600,102700,102400,102500,257
2026-03-12 13:14:00,102300,102600,102300,102600,392
2026-03-12 13:15:00,102600,102700,102500,102700,347
2026-03-12 13:16:00,102500,103100,102500,102500,239
2026-03-12 13:17:00,102900,103200,102600,102800,493
2026-03-12 13:18:00,102600,102900,102500,102800,248
2026-03-12 13:19:00,103000,103300,102900,103200,457
2026-03-12 13:20:00,103200,103300,102800,102800,266
2026-03-12 13:21:00,103000,103000,102800,102800,182
2026-03-12 13:22:00,102800,103100,102800,102900,396
2026-03-12 13:23:00,102900,103300,102800,102900,382
2026-03-12 13:24:00,102900,103200,102900,103200,354
2026-03-12 13:25:00,103100,103100,102700,102700,462
2026-03-12 13:26:00,102900,103100,102800,102800,228
2026-03-12 13:27:00,102900,103200,102700,103000,833
2026-03-12 13:28:00,103000,103400,102800,103100,416
2026-03-12 13:29:00,102900,103300,102800,103200,365
2026-03-12 13:30:00,103100,103400,103000,103100,407
2026-03-12 13:31:00,103100,103200,103000,103100,308
2026-03-12 13:32:00,103100,103200,102800,102900,450
2026-03-12 13:33:00,102900,103000,102700,102700,277
2026-03-12 13:34:00,102700,102900,102500,102600,246
2026-03-12 13:35:00,102600,102800,102400,102400,529
2026-03-12 13:36:00,102400,102800,102300,102800,291
2026-03-12 13:37:00,102500,102600,102300,102400,376
2026-03-12 13:38:00,102400,102800,102400,102600,298
2026-03-12 13:39:00,102600,102800,102300,102500,372
2026-03-12 13:40:00,102500,102700,102400,102600,384
2026-03-12 13:41:00,102600,102900,102600,102700,366
2026-03-12 13:42:00,102700,102900,102500,102600,358
2026-03-12 13:43:00,102600,102700,102500,102600,324
2026-03-12 13:44:00,102700,102700,102400,102500,361
2026-03-12 13:45:00,102600,102800,102500,102700,329
2026-03-12 13:46:00,102700,102900,102500,102700,356
2026-03-12 13:47:00,102700,102700,102400,102500,339
2026-03-12 13:48:00,102400,102600,102400,102500,300
2026-03-12 13:49:00,102400,102700,102400,102700,523
2026-03-12 13:50:00,102600,102600,102300,102500,374
2026-03-12 13:51:00,102500,102700,102300,102400,335
2026-03-12 13:52:00,102300,102600,102300,102400,332
2026-03-12 13:53:00,102300,102600,102200,102300,766
2026-03-12 13:54:00,102400,102600,102300,102300,177
2026-03-12 13:55:00,102300,102500,102200,102300,531
2026-03-12 13:56:00,102200,102500,102200,102400,293
2026-03-12 13:57:00,102400,102500,102100,102100,259
2026-03-12 13:58:00,102100,102400,102100,102200,491
2026-03-12 13:59:00,102100,102500,102100,102300,387
2026-03-12 14:00:00,102300,102400,102100,102100,416
2026-03-12 14:01:00,102100,102500,102100,102500,644
2026-03-12 14:02:00,102200,102700,102100,102700,362
2026-03-12 14:03:00,102700,103200,102600,103100,659
2026-03-12 14:04:00,103200,103200,102800,102800,262
2026-03-12 14:05:00,102800,103500,102800,103400,879
2026-03-12 14:06:00,103400,103400,103100,103100,375
2026-03-12 14:07:00,103200,103300,103100,103200,404
2026-03-12 14:08:00,103300,103400,103000,103100,462
2026-03-12 14:09:00,103100,103100,102600,102800,724
2026-03-12 14:10:00,102700,102800,102600,102700,283
2026-03-12 14:11:00,102800,103100,102600,103100,460
2026-03-12 14:12:00,103200,103200,102800,103000,371
2026-03-12 14:13:00,103100,103200,102800,102900,317
2026-03-12 14:14:00,102900,103200,102700,103000,484
2026-03-12 14:15:00,103000,103200,103000,103100,298
2026-03-12 14:16:00,103100,103300,103100,103200,504
2026-03-12 14:17:00,103200,103400,103200,103300,439
2026-03-12 14:18:00,103300,103300,103000,103100,411
2026-03-12 14:19:00,103100,103100,102900,102900,333
2026-03-12 14:20:00,102900,103100,102800,103100,402
2026-03-12 14:21:00,103000,103200,102800,102800,684
2026-03-12 14:22:00,102800,103300,102800,103300,320
2026-03-12 14:23:00,103300,103400,103100,103200,362
2026-03-12 14:24:00,103200,103300,103000,103200,372
2026-03-12 14:25:00,103300,103300,103100,103200,467
2026-03-12 14:26:00,103100,103300,103000,103000,403
2026-03-12 14:27:00,103000,103200,103000,103100,348
2026-03-12 14:28:00,103000,103100,102800,102800,317
2026-03-12 14:29:00,103000,103200,102900,103000,468
2026-03-12 14:30:00,103000,103200,102900,102900,334
2026-03-12 14:31:00,102900,103000,102700,103000,747
2026-03-12 14:32:00,102800,103200,102800,103000,370
2026-03-12 14:33:00,103000,103100,102800,103000,302
2026-03-12 14:34:00,102800,103200,102800,103000,437
2026-03-12 14:35:00,103000,103100,102800,102800,432
2026-03-12 14:36:00,102800,103100,102800,102800,345
2026-03-12 14:37:00,102700,103000,102600,102900,731
2026-03-12 14:38:00,102800,103000,102600,103000,393
2026-03-12 14:39:00,102900,103000,102700,102800,515
2026-03-12 14:40:00,103000,103200,102700,103200,337
2026-03-12 14:41:00,103100,103100,102700,103000,376
2026-03-12 14:42:00,103000,103300,103000,103200,542
2026-03-12 14:43:00,103100,103500,103000,103300,750
2026-03-12 14:44:00,103300,103900,103200,103500,1086
2026-03-12 14:45:00,103400,103600,103400,103600,638
2026-03-12 14:46:00,103500,103600,103200,103200,608
2026-03-12 14:47:00,103200,107400,103200,103300,3952
2026-03-12 14:48:00,103300,103700,103200,103300,1015
2026-03-12 14:49:00,103400,103400,103000,103100,737
2026-03-12 14:50:00,103100,103200,102700,103000,804
2026-03-12 14:51:00,102800,103100,102700,102900,714
2026-03-12 14:52:00,103000,103100,102800,103000,898
2026-03-12 14:53:00,103000,103400,102800,102800,2426
2026-03-12 14:54:00,103200,103800,102800,103800,4271
2026-03-12 14:55:00,103800,103800,103200,103200,703
2026-03-12 14:56:00,103200,103500,103100,103300,790
2026-03-12 14:57:00,103300,103700,103100,103400,1023
2026-03-12 14:58:00,103500,103600,103200,103400,822
2026-03-12 14:59:00,103400,103600,103100,103200,549
2026-03-12 15:00:00,103200,103900,103100,103900,1117
2026-03-12 15:01:00,103900,103900,103400,103400,443
2026-03-12 15:02:00,103400,103500,103300,103400,424
2026-03-12 15:03:00,103400,103500,103100,103400,666
2026-03-12 15:04:00,103400,103400,103100,103300,599
2026-03-12 15:05:00,103200,103500,103200,103200,835
2026-03-12 15:06:00,103400,103400,103100,103300,430
2026-03-12 15:07:00,103300,103400,103300,103300,548
2026-03-12 15:08:00,103400,103400,103100,103200,581
2026-03-12 15:09:00,103200,103200,103100,103100,578
2026-03-12 15:10:00,103100,103300,103000,103200,949
2026-03-12 15:11:00,103200,103200,103000,103100,856
2026-03-12 15:12:00,103100,103200,102900,102900,740
2026-03-12 15:13:00,103000,103000,102800,102800,970
2026-03-12 15:14:00,102800,103100,102800,103000,899
2026-03-12 15:15:00,103000,103100,102800,103000,789
2026-03-12 15:16:00,103000,103100,102900,102900,470
2026-03-12 15:17:00,103100,103400,103000,103300,803
2026-03-12 15:18:00,103200,103400,102900,103100,337
2026-03-12 15:19:00,103200,103200,103000,103100,335
2026-03-12 15:30:00,102300,102300,102300,102300,24380
2026-03-12 15:35:00,102300,102300,102300,102300,44
2026-03-13 09:00:00,98200,99000,97600,99000,5401
2026-03-13 09:01:00,98900,99800,98500,99700,2185
2026-03-13 09:02:00,99700,99700,98600,99300,614
2026-03-13 09:03:00,99600,99800,99000,99400,703
2026-03-13 09:04:00,99500,99500,98800,98900,749
2026-03-13 09:05:00,98900,99300,98900,99200,307
2026-03-13 09:06:00,99300,99600,99000,99200,494
2026-03-13 09:07:00,99300,99500,97600,98900,1757
2026-03-13 09:08:00,98900,99400,98600,98900,627
2026-03-13 09:09:00,99000,99300,98600,98700,742
2026-03-13 09:10:00,98700,99300,98600,99200,593
2026-03-13 09:11:00,99300,99700,99200,99700,1489
2026-03-13 09:12:00,99800,100100,99400,99600,1147
2026-03-13 09:13:00,99600,100200,99400,99900,762
2026-03-13 09:14:00,100000,100200,99800,99900,1043
2026-03-13 09:15:00,99900,101000,99800,100900,1474
2026-03-13 09:16:00,100900,101900,100800,101700,1749
2026-03-13 09:17:00,101700,101700,100700,100800,1033
2026-03-13 09:18:00,100800,100900,100200,100600,523
2026-03-13 09:19:00,100400,100600,100200,100200,450
2026-03-13 09:20:00,100200,100300,100100,100100,539
2026-03-13 09:21:00,100200,100300,99200,99200,8345
2026-03-13 09:22:00,99200,99300,98900,99100,906
2026-03-13 09:23:00,99000,99300,99000,99200,539
2026-03-13 09:24:00,99200,99200,99000,99000,733
2026-03-13 09:25:00,99100,99200,98400,98700,1659
2026-03-13 09:26:00,98800,99400,98800,99000,1137
2026-03-13 09:27:00,99400,99400,99100,99400,407
2026-03-13 09:28:00,99400,99800,99400,99600,1283
2026-03-13 09:29:00,99500,99500,99300,99400,718
2026-03-13 09:30:00,99400,100100,99300,99700,557
2026-03-13 09:31:00,99700,100300,99600,100300,383
2026-03-13 09:32:00,100300,100300,100000,100000,959
2026-03-13 09:33:00,99900,100400,99900,100000,629
2026-03-13 09:34:00,100000,100300,99500,100000,823
2026-03-13 09:35:00,100100,100400,100000,100300,494
2026-03-13 09:36:00,100300,100300,99100,99100,1349
2026-03-13 09:37:00,99200,99400,99100,99200,663
2026-03-13 09:38:00,99200,99400,99100,99400,631
2026-03-13 09:39:00,99300,99400,99000,99100,1125
2026-03-13 09:40:00,99200,99200,98900,99100,510
2026-03-13 09:41:00,99000,99000,98800,98900,612
2026-03-13 09:42:00,98900,99100,98700,99100,837
2026-03-13 09:43:00,99100,99300,98800,99100,910
2026-03-13 09:44:00,99200,99400,98800,98900,950
2026-03-13 09:45:00,98800,98900,98700,98700,925
2026-03-13 09:46:00,98700,98900,98600,98700,547
2026-03-13 09:47:00,98600,98700,98500,98700,619
2026-03-13 09:48:00,98700,99100,98700,98700,878
2026-03-13 09:49:00,98800,99300,98800,98900,966
2026-03-13 09:50:00,99000,99200,98900,98900,523
2026-03-13 09:51:00,99000,99100,98700,98900,392
2026-03-13 09:52:00,98900,99000,98700,98800,396
2026-03-13 09:53:00,98900,99100,98800,98800,274
2026-03-13 09:54:00,98800,99000,98600,98700,842
2026-03-13 09:55:00,98700,99800,98700,99300,506
2026-03-13 09:56:00,99300,99400,98700,99100,313
2026-03-13 09:57:00,99100,99200,98900,99000,372
2026-03-13 09:58:00,99000,99500,99000,99400,426
2026-03-13 09:59:00,99300,99400,99000,99400,462
2026-03-13 10:00:00,99100,99900,99100,99700,518
2026-03-13 10:01:00,99700,99800,99500,99600,382
2026-03-13 10:02:00,99700,100000,99600,100000,938
2026-03-13 10:03:00,99800,99800,99600,99600,459
2026-03-13 10:04:00,99700,99800,99500,99600,335
2026-03-13 10:05:00,99600,100000,99500,99900,670
2026-03-13 10:06:00,100000,100400,99800,100100,1152
2026-03-13 10:07:00,100100,100300,100000,100200,285
2026-03-13 10:08:00,100200,100400,100200,100400,427
2026-03-13 10:09:00,100400,100600,100200,100600,579
2026-03-13 10:10:00,100700,100800,100500,100500,702
2026-03-13 10:11:00,100500,101000,100500,100800,436
2026-03-13 10:12:00,100800,100800,100400,100400,655
2026-03-13 10:13:00,100400,100500,100000,100000,1505
2026-03-13 10:14:00,100100,100100,99700,99900,528
2026-03-13 10:15:00,99800,99900,99300,99300,1427
2026-03-13 10:16:00,99300,99700,99100,99700,454
2026-03-13 10:17:00,99800,100000,99600,99800,528
2026-03-13 10:18:00,99700,100100,99700,100100,367
2026-03-13 10:19:00,100000,100100,99800,99900,474
2026-03-13 10:20:00,100100,100100,99900,100000,440
2026-03-13 10:21:00,100200,100200,99800,99800,681
2026-03-13 10:22:00,99900,100000,99800,99900,396
2026-03-13 10:23:00,100000,100500,100000,100000,683
2026-03-13 10:24:00,100000,100000,99900,99900,359
2026-03-13 10:25:00,99800,100200,99800,100000,451
2026-03-13 10:26:00,100000,100000,99800,100000,303
2026-03-13 10:27:00,100000,100100,99900,99900,340
2026-03-13 10:28:00,99900,100100,99800,99900,489
2026-03-13 10:29:00,99900,100200,99900,100100,299
2026-03-13 10:30:00,100100,100600,100100,100500,448
2026-03-13 10:31:00,100500,100700,100200,100700,525
2026-03-13 10:32:00,100700,101000,100700,100700,359
2026-03-13 10:33:00,100700,100900,100400,100500,528
2026-03-13 10:34:00,100500,101100,100500,101100,508
2026-03-13 10:35:00,101100,101400,101000,101300,1368
2026-03-13 10:36:00,101300,101300,100900,100900,1114
2026-03-13 10:37:00,100900,101200,100800,101000,415
2026-03-13 10:38:00,101000,101200,101000,101100,319
2026-03-13 10:39:00,101000,101100,100900,101000,361
2026-03-13 10:40:00,101000,101100,100900,101000,723
2026-03-13 10:41:00,100900,101000,100800,100900,203
2026-03-13 10:42:00,100800,100800,100300,100300,786
2026-03-13 10:43:00,100300,100400,100100,100100,602
2026-03-13 10:44:00,100200,100200,100000,100200,354
2026-03-13 10:45:00,100200,100200,99900,100000,401
2026-03-13 10:46:00,99900,100300,99900,100200,339
2026-03-13 10:47:00,100200,100300,100100,100100,552
2026-03-13 10:48:00,100000,100300,99900,100100,269
2026-03-13 10:49:00,100200,100300,100100,100100,323
2026-03-13 10:50:00,100100,100300,100000,100100,379
2026-03-13 10:51:00,100100,100400,100000,100200,429
2026-03-13 10:52:00,100100,100200,100000,100000,301
2026-03-13 10:53:00,100100,100100,99900,100000,422
2026-03-13 10:54:00,99900,100100,99900,100000,303
2026-03-13 10:55:00,100100,100200,99800,99900,439
2026-03-13 10:56:00,99900,100300,99900,100000,864
2026-03-13 10:57:00,99900,100200,99900,100200,278
2026-03-13 10:58:00,100100,100300,99900,100100,1189
2026-03-13 10:59:00,100100,100400,100000,100300,409
2026-03-13 11:00:00,100300,100700,100100,100400,675
2026-03-13 11:01:00,100400,100400,100100,100400,262
2026-03-13 11:02:00,100400,100700,100200,100400,480
2026-03-13 11:03:00,100300,101100,100300,101000,510
2026-03-13 11:04:00,101000,101200,101000,101100,230
2026-03-13 11:05:00,101100,101300,100800,100900,627
2026-03-13 11:06:00,100800,101000,100800,100800,255
2026-03-13 11:07:00,100800,100900,100600,100600,431
2026-03-13 11:08:00,100700,100900,100600,100700,335
2026-03-13 11:09:00,100700,101200,100700,100700,369
2026-03-13 11:10:00,100800,101000,100700,100900,397
2026-03-13 11:11:00,100900,101000,100800,100800,346
2026-03-13 11:12:00,100800,101000,100800,100900,261
2026-03-13 11:13:00,100800,101000,100600,100800,555
2026-03-13 11:14:00,100800,100900,100600,100600,325
2026-03-13 11:15:00,100600,100700,100400,100400,494
2026-03-13 11:16:00,100300,100400,99900,99900,1056
2026-03-13 11:17:00,99900,100500,99900,100200,229
2026-03-13 11:18:00,100200,100300,100100,100100,333
2026-03-13 11:19:00,100200,100200,100000,100000,317
2026-03-13 11:20:00,100000,100300,99900,100000,563
2026-03-13 11:21:00,100100,100200,100000,100200,212
2026-03-13 11:22:00,100200,100200,99800,100200,380
2026-03-13 11:23:00,100200,100200,99800,100000,783
2026-03-13 11:24:00,99900,100100,99800,100100,299
2026-03-13 11:25:00,100100,100400,99900,100400,414
2026-03-13 11:26:00,100300,100500,100100,100200,366
2026-03-13 11:27:00,100200,100300,100100,100300,449
2026-03-13 11:28:00,100300,100700,100200,100600,236
2026-03-13 11:29:00,100200,100600,100100,100200,390
2026-03-13 11:30:00,100200,100300,100200,100200,646
2026-03-13 11:31:00,100300,100300,100100,100300,289
2026-03-13 11:32:00,100300,100300,100100,100300,248
2026-03-13 11:33:00,100200,100200,99900,100100,468
2026-03-13 11:34:00,100100,100100,99900,100100,298
2026-03-13 11:35:00,100100,100200,99900,100200,486
2026-03-13 11:36:00,100200,100300,100000,100000,1491
2026-03-13 11:37:00,100100,100100,99900,99900,365
2026-03-13 11:38:00,99900,100200,99900,99900,430
2026-03-13 11:39:00,99800,100000,99800,99800,373
2026-03-13 11:40:00,99900,100000,99800,99900,392
2026-03-13 11:41:00,99900,100300,99800,100200,409
2026-03-13 11:42:00,99800,100200,99800,99900,328
2026-03-13 11:43:00,99900,100000,99700,99800,316
2026-03-13 11:44:00,99800,100000,99700,99700,629
2026-03-13 11:45:00,99800,100000,99700,99900,195
2026-03-13 11:46:00,99900,99900,99600,99800,459
2026-03-13 11:47:00,99900,99900,99600,99900,447
2026-03-13 11:48:00,99800,99900,99600,99700,454
2026-03-13 11:49:00,99800,100000,99800,99800,278
2026-03-13 11:50:00,99800,100100,99700,100000,383
2026-03-13 11:51:00,99900,100000,99700,99800,312
2026-03-13 11:52:00,99700,99800,99600,99700,325
2026-03-13 11:53:00,99700,99900,99600,99800,338
2026-03-13 11:54:00,99700,100100,99600,100100,395
2026-03-13 11:55:00,99700,99900,99600,99600,406
2026-03-13 11:56:00,99700,99900,99600,99600,386
2026-03-13 11:57:00,99800,99800,99600,99600,369
2026-03-13 11:58:00,99800,100000,99600,99700,421
2026-03-13 11:59:00,99700,99800,99600,99600,416
2026-03-13 12:00:00,99700,100200,99500,100200,316
2026-03-13 12:01:00,100000,100400,99900,100300,583
2026-03-13 12:02:00,100000,100500,100000,100000,289
2026-03-13 12:03:00,100100,100400,100000,100100,147
2026-03-13 12:04:00,100300,100400,100000,100200,370
2026-03-13 12:05:00,100000,100300,99900,100000,303
2026-03-13 12:06:00,99900,100300,99900,100000,426
2026-03-13 12:07:00,99900,100300,99900,100100,149
2026-03-13 12:08:00,100100,100300,100000,100200,277
2026-03-13 12:09:00,100200,100600,100100,100200,300
2026-03-13 12:10:00,100500,100600,100200,100300,326
2026-03-13 12:11:00,100300,100400,99900,99900,255
2026-03-13 12:12:00,99900,100600,99900,100300,225
2026-03-13 12:13:00,100400,100600,100100,100100,418
2026-03-13 12:14:00,100200,100200,100100,100100,129
2026-03-13 12:15:00,100100,100100,100000,100000,299
2026-03-13 12:16:00,100000,100200,100000,100100,402
2026-03-13 12:17:00,100100,100200,100000,100000,175
2026-03-13 12:18:00,100100,100200,100000,100100,179
2026-03-13 12:19:00,100100,100200,99900,100000,429
2026-03-13 12:20:00,100000,100200,99900,99900,165
2026-03-13 12:21:00,99900,100000,99700,99900,660
2026-03-13 12:22:00,99800,100100,99800,99800,268
2026-03-13 12:23:00,99900,99900,99700,99700,120
2026-03-13 12:24:00,99700,99900,99600,99600,345
2026-03-13 12:25:00,99800,99800,99600,99700,145
2026-03-13 12:26:00,99800,99900,99700,99900,196
2026-03-13 12:27:00,99800,99800,99600,99700,453
2026-03-13 12:28:00,99600,99800,99600,99700,229
2026-03-13 12:29:00,99700,99900,99600,99800,246
2026-03-13 12:30:00,99800,99800,99600,99700,367
2026-03-13 12:31:00,99700,99700,99500,99500,346
2026-03-13 12:32:00,99600,99800,99600,99600,92
2026-03-13 12:33:00,99700,99800,99600,99700,417
2026-03-13 12:34:00,99600,99900,99500,99900,973
2026-03-13 12:35:00,99800,100000,99600,99900,187
2026-03-13 12:36:00,99800,99800,99600,99700,242
2026-03-13 12:37:00,99700,99700,99600,99700,149
2026-03-13 12:38:00,99600,99700,99500,99700,1242
2026-03-13 12:39:00,99700,99700,99400,99600,369
2026-03-13 12:40:00,99500,99600,99300,99300,167
2026-03-13 12:41:00,99600,99600,99300,99500,341
2026-03-13 12:42:00,99500,99500,99400,99500,230
2026-03-13 12:43:00,99500,99700,99500,99700,274
2026-03-13 12:44:00,99600,99800,99600,99600,275
2026-03-13 12:45:00,99600,100000,99500,99800,285
2026-03-13 12:46:00,99800,100100,99800,100100,486
2026-03-13 12:47:00,99800,100100,99800,100100,196
2026-03-13 12:48:00,100000,100400,99900,100300,481
2026-03-13 12:49:00,100000,100300,99900,100300,263
2026-03-13 12:50:00,100300,100400,100000,100300,275
2026-03-13 12:51:00,100000,100400,100000,100300,265
2026-03-13 12:52:00,100200,100200,100100,100100,201
2026-03-13 12:53:00,100200,100200,99900,100000,358
2026-03-13 12:54:00,100100,100500,100000,100000,198
2026-03-13 12:55:00,100400,100400,100000,100300,270
2026-03-13 12:56:00,100300,100500,100000,100000,192
2026-03-13 12:57:00,100400,100500,100100,100200,359
2026-03-13 12:58:00,100300,100300,100200,100300,133
2026-03-13 12:59:00,100300,100600,100200,100200,575
2026-03-13 13:00:00,100200,100800,100200,100400,388
2026-03-13 13:01:00,100400,100600,100300,100400,203
2026-03-13 13:02:00,100400,100500,100300,100500,256
2026-03-13 13:03:00,100600,100700,100400,100600,251
2026-03-13 13:04:00,100500,100600,100400,100400,201
2026-03-13 13:05:00,100400,100700,100300,100500,378
2026-03-13 13:06:00,100500,100600,100300,100600,284
2026-03-13 13:07:00,100500,100500,100400,100500,123
2026-03-13 13:08:00,100500,100600,100400,100500,755
2026-03-13 13:09:00,100500,100600,100500,100600,139
2026-03-13 13:10:00,100500,100700,100500,100500,1069
2026-03-13 13:11:00,100500,100800,100400,100700,241
2026-03-13 13:12:00,100700,100700,100400,100500,335
2026-03-13 13:13:00,100700,100700,100500,100500,123
2026-03-13 13:14:00,100700,100800,100500,100700,380
2026-03-13 13:15:00,100900,101000,100700,100700,448
2026-03-13 13:16:00,101000,101200,100800,101100,605
2026-03-13 13:17:00,101100,101200,101100,101200,212
2026-03-13 13:18:00,101200,102000,101100,102000,3735
2026-03-13 13:19:00,102000,102600,101800,102500,1845
2026-03-13 13:20:00,102500,102800,102100,102200,1179
2026-03-13 13:21:00,102100,103000,102100,102900,1591
2026-03-13 13:22:00,102900,103000,102500,102600,1311
2026-03-13 13:23:00,102400,102500,102200,102300,1021
2026-03-13 13:24:00,102300,102300,102000,102100,428
2026-03-13 13:25:00,102100,102400,102000,102400,296
2026-03-13 13:26:00,102400,102700,102400,102500,607
2026-03-13 13:27:00,102400,102400,101700,102100,848
2026-03-13 13:28:00,102000,102100,101800,101900,352
2026-03-13 13:29:00,102100,102400,102000,102000,484
2026-03-13 13:30:00,102000,102000,101600,101800,780
2026-03-13 13:31:00,101800,102100,101700,102000,493
2026-03-13 13:32:00,102100,102200,102000,102200,304
2026-03-13 13:33:00,102100,102200,101500,101600,593
2026-03-13 13:34:00,101600,101800,101300,101400,866
2026-03-13 13:35:00,101500,101800,101500,101700,225
2026-03-13 13:36:00,101600,101700,101200,101400,359
2026-03-13 13:37:00,101700,101800,101300,101300,228
2026-03-13 13:38:00,101400,101600,101300,101600,345
2026-03-13 13:39:00,101600,101800,101500,101500,432
2026-03-13 13:40:00,101500,102500,101500,102500,3340
2026-03-13 13:41:00,102600,102600,102300,102400,658
2026-03-13 13:42:00,102400,102500,102200,102500,482
2026-03-13 13:43:00,102400,102600,102400,102400,354
2026-03-13 13:44:00,102400,102600,102400,102600,624
2026-03-13 13:45:00,102600,102800,102400,102600,514
2026-03-13 13:46:00,102700,102800,102600,102700,859
2026-03-13 13:47:00,102600,102800,102600,102800,392
2026-03-13 13:48:00,102800,102900,102600,102900,609
2026-03-13 13:49:00,102800,102900,102800,102800,207
2026-03-13 13:50:00,102900,103200,102400,103100,1481
2026-03-13 13:51:00,103100,103100,102700,102900,386
2026-03-13 13:52:00,102800,102900,102600,102800,517
2026-03-13 13:53:00,102800,102900,102700,102800,443
2026-03-13 13:54:00,102800,102900,102600,102800,308
2026-03-13 13:55:00,102800,102800,102600,102800,323
2026-03-13 13:56:00,102700,102800,102500,102700,1113
2026-03-13 13:57:00,102600,102800,102500,102700,374
2026-03-13 13:58:00,102800,102800,102500,102800,338
2026-03-13 13:59:00,102800,102900,102700,102700,413
2026-03-13 14:00:00,102700,103200,102700,103200,702
2026-03-13 14:01:00,103100,103300,103000,103200,635
2026-03-13 14:02:00,103200,103500,103100,103500,1043
2026-03-13 14:03:00,103400,106800,103400,104700,4720
2026-03-13 14:04:00,104600,104800,104000,104300,1248
2026-03-13 14:05:00,104250,104500,104200,104300,1083
2026-03-13 14:06:00,104300,104400,104200,104400,724
2026-03-13 14:07:00,104500,104700,104400,104500,1198
2026-03-13 14:08:00,104600,104700,104400,104700,1139
2026-03-13 14:09:00,104700,104700,104500,104500,693
2026-03-13 14:10:00,104500,105000,104500,105000,2372
2026-03-13 14:11:00,105000,105400,104900,105100,1619
2026-03-13 14:12:00,105100,105200,104400,104700,1652
2026-03-13 14:13:00,104800,104900,104500,104600,844
2026-03-13 14:14:00,104700,104800,104500,104600,829
2026-03-13 14:15:00,104500,105000,104500,104900,979
2026-03-13 14:16:00,104800,104900,104700,104800,688
2026-03-13 14:17:00,104800,104900,104500,104500,807
2026-03-13 14:18:00,104500,104800,104300,104800,710
2026-03-13 14:19:00,104800,105100,104800,104900,820
2026-03-13 14:20:00,104900,105200,104900,105000,867
2026-03-13 14:21:00,105000,105200,104900,104900,918
2026-03-13 14:22:00,104900,105200,104800,105100,1021
2026-03-13 14:23:00,105100,105200,104900,105100,555
2026-03-13 14:24:00,105100,105100,104700,104800,796
2026-03-13 14:25:00,104800,105000,104700,104800,449
2026-03-13 14:26:00,104900,105100,104800,105100,747
2026-03-13 14:27:00,105100,105200,104800,104900,544
2026-03-13 14:28:00,104900,105000,104800,104900,472
2026-03-13 14:29:00,104900,105000,104400,104500,1466
2026-03-13 14:30:00,104600,104900,104500,104900,873
2026-03-13 14:31:00,104900,105000,104600,104600,557
2026-03-13 14:32:00,104700,104900,104600,104700,399
2026-03-13 14:33:00,104700,105000,104700,105000,730
2026-03-13 14:34:00,104900,105000,104700,104700,603
2026-03-13 14:35:00,104800,104800,104400,104600,614
2026-03-13 14:36:00,104500,104700,104500,104600,463
2026-03-13 14:37:00,104600,104800,104400,104800,471
2026-03-13 14:38:00,104800,104800,104600,104600,282
2026-03-13 14:39:00,104600,104900,104500,104900,712
2026-03-13 14:40:00,104900,105100,104600,104800,763
2026-03-13 14:41:00,104900,104900,104800,104800,565
2026-03-13 14:42:00,104900,104900,104700,104800,886
2026-03-13 14:43:00,104700,104900,104300,104300,1398
2026-03-13 14:44:00,104500,104500,104100,104300,563
2026-03-13 14:45:00,104200,104300,104000,104000,812
2026-03-13 14:46:00,104100,104200,103600,103700,1034
2026-03-13 14:47:00,103700,103700,103500,103500,1916
2026-03-13 14:48:00,103500,103900,103500,103800,484
2026-03-13 14:49:00,103800,103900,103500,103800,434
2026-03-13 14:50:00,103700,104100,103500,103600,701
2026-03-13 14:51:00,103500,103500,103300,103400,701
2026-03-13 14:52:00,103300,103700,103300,103500,806
2026-03-13 14:53:00,103500,103700,103500,103600,670
2026-03-13 14:54:00,103600,104000,103500,103800,780
2026-03-13 14:55:00,103900,103900,103500,103500,372
2026-03-13 14:56:00,103500,103900,103400,103400,696
2026-03-13 14:57:00,103500,104000,103300,103900,643
2026-03-13 14:58:00,103900,104100,103500,103600,690
2026-03-13 14:59:00,103600,103800,103600,103600,335
2026-03-13 15:00:00,103600,104000,103600,103800,487
2026-03-13 15:01:00,103800,103900,103500,103500,245
2026-03-13 15:02:00,103500,103600,103400,103400,426
2026-03-13 15:03:00,103400,103500,103200,103300,896
2026-03-13 15:04:00,103200,103300,103200,103200,338
2026-03-13 15:05:00,103100,103400,103100,103200,849
2026-03-13 15:06:00,103300,103400,103100,103100,420
2026-03-13 15:07:00,103100,103200,102800,102900,396
2026-03-13 15:08:00,102900,103200,102900,103000,481
2026-03-13 15:09:00,103100,103300,102900,103000,536
2026-03-13 15:10:00,103100,103400,103000,103400,671
2026-03-13 15:11:00,103100,103400,102700,103000,661
2026-03-13 15:12:00,103000,103400,102800,103100,506
2026-03-13 15:13:00,103100,103300,102900,102900,261
2026-03-13 15:14:00,102900,103400,102800,102900,454
2026-03-13 15:15:00,102800,103100,102800,103000,461
2026-03-13 15:16:00,103000,103200,102800,102800,399
2026-03-13 15:17:00,103100,103500,102900,103300,684
2026-03-13 15:18:00,103300,103500,103300,103400,277
2026-03-13 15:19:00,103500,103700,103300,103300,583
2026-03-13 15:30:00,102800,102800,102800,102800,3647
2026-03-13 15:35:00,102800,102800,102800,102800,189
2026-03-16 09:00:00,104600,105800,104200,105200,4295
2026-03-16 09:01:00,105500,105900,104700,104900,900
2026-03-16 09:02:00,105000,105600,104400,104800,1315
2026-03-16 09:03:00,105400,106300,104000,104000,3201
2026-03-16 09:04:00,104400,104400,103600,104300,832
2026-03-16 09:05:00,104100,104600,103800,104600,264
2026-03-16 09:06:00,104300,104900,104100,104400,490
2026-03-16 09:07:00,104300,105600,104200,105600,1817
2026-03-16 09:08:00,105600,106100,105000,105200,1117
2026-03-16 09:09:00,105200,106400,104700,105800,2536
2026-03-16 09:10:00,105800,107200,105400,107000,5506
2026-03-16 09:11:00,107000,107500,106700,107200,3531
2026-03-16 09:12:00,107300,107400,106200,106900,2323
2026-03-16 09:13:00,106900,107200,106600,106900,1088
2026-03-16 09:14:00,106900,106900,105600,106100,1446
2026-03-16 09:15:00,106300,106700,105500,106400,1366
2026-03-16 09:16:00,106000,106800,105700,106800,1008
2026-03-16 09:17:00,106800,107000,106400,106900,1227
2026-03-16 09:18:00,107000,107300,106700,107100,2001
2026-03-16 09:19:00,107100,108000,107100,107900,4869
2026-03-16 09:20:00,107800,108000,107400,107800,1024
2026-03-16 09:21:00,108000,108400,107700,107900,3370
2026-03-16 09:22:00,107900,108000,107150,107200,2719
2026-03-16 09:23:00,107300,107400,106800,107000,3022
2026-03-16 09:24:00,107000,107400,107000,107400,892
2026-03-16 09:25:00,107400,107400,106900,106900,1043
2026-03-16 09:26:00,106900,107100,106700,106900,1200
2026-03-16 09:27:00,106800,108000,106700,107800,1302
2026-03-16 09:28:00,107900,108700,107300,108700,4148
2026-03-16 09:29:00,108700,109200,108500,108700,4635
2026-03-16 09:30:00,108500,109000,108300,108900,1717
2026-03-16 09:31:00,108800,109300,108800,109000,1795
2026-03-16 09:32:00,108900,109000,108700,108800,726
2026-03-16 09:33:00,108700,108900,108400,108500,882
2026-03-16 09:34:00,108600,109800,108500,109800,3795
2026-03-16 09:35:00,109800,109900,109300,109800,1093
2026-03-16 09:36:00,109900,109900,109400,109600,1452
2026-03-16 09:37:00,109600,110000,109500,109900,1649
2026-03-16 09:38:00,109900,110500,109800,110400,2676
2026-03-16 09:39:00,110400,110500,109800,110200,1083
2026-03-16 09:40:00,110200,110300,109500,109600,1485
2026-03-16 09:41:00,109400,109700,109200,109700,1563
2026-03-16 09:42:00,109700,110100,109600,110000,873
2026-03-16 09:43:00,110100,110200,109200,109500,2322
2026-03-16 09:44:00,109500,109500,108700,108800,1482
2026-03-16 09:45:00,108800,109400,108700,108900,1795
2026-03-16 09:46:00,108900,109000,108700,108700,674
2026-03-16 09:47:00,108700,109300,108600,109300,755
2026-03-16 09:48:00,109200,109700,109200,109700,1085
2026-03-16 09:49:00,109600,109800,109400,109600,762
2026-03-16 09:50:00,109700,109800,109500,109600,824
2026-03-16 09:51:00,109800,110500,109500,110500,1910
2026-03-16 09:52:00,110500,110800,110100,110600,2264
2026-03-16 09:53:00,110550,110900,110500,110800,1032
2026-03-16 09:54:00,110800,110800,109900,109900,1091
2026-03-16 09:55:00,109900,110300,109600,109900,1259
2026-03-16 09:56:00,109900,110100,109800,110000,683
2026-03-16 09:57:00,109900,110100,109300,109300,1476
2026-03-16 09:58:00,109500,109700,109300,109600,1178
2026-03-16 09:59:00,109600,109600,109200,109200,1081
2026-03-16 10:00:00,109300,109400,108800,108900,2398
2026-03-16 10:01:00,109100,109200,108300,108300,1698
2026-03-16 10:02:00,108300,108600,108000,108500,1181
2026-03-16 10:03:00,108400,108600,108300,108500,663
2026-03-16 10:04:00,108500,108500,107900,108100,1134
2026-03-16 10:05:00,108100,108700,107900,108300,818
2026-03-16 10:06:00,108500,108600,108200,108500,530
2026-03-16 10:07:00,108500,108500,108100,108400,461
2026-03-16 10:08:00,108400,108600,108300,108500,518
2026-03-16 10:09:00,108500,108600,108200,108200,882
2026-03-16 10:10:00,108300,108400,108100,108100,587
2026-03-16 10:11:00,108100,108200,108000,108200,1083
2026-03-16 10:12:00,108100,108300,108000,108100,692
2026-03-16 10:13:00,108100,108100,107700,108000,798
2026-03-16 10:14:00,108000,108300,107900,108200,529
2026-03-16 10:15:00,108100,108700,107900,108600,1057
2026-03-16 10:16:00,108600,109000,108500,108700,510
2026-03-16 10:17:00,108700,108900,108500,108500,1027
2026-03-16 10:18:00,108600,108800,108500,108700,582
2026-03-16 10:19:00,108700,108800,108100,108400,708
2026-03-16 10:20:00,108300,108600,108000,108400,592
2026-03-16 10:21:00,108300,108400,108100,108400,358
2026-03-16 10:22:00,108600,108700,108300,108400,825
2026-03-16 10:23:00,108600,108600,108000,108200,261
2026-03-16 10:24:00,108300,108300,108100,108300,578
2026-03-16 10:25:00,108200,108400,107800,107800,957
2026-03-16 10:26:00,107800,108100,107700,107900,539
2026-03-16 10:27:00,107900,107900,107400,107500,821
2026-03-16 10:28:00,107500,107500,107200,107400,970
2026-03-16 10:29:00,107400,107400,106600,107100,1150
2026-03-16 10:30:00,107000,107700,107000,107600,651
2026-03-16 10:31:00,107600,108000,107400,107900,591
2026-03-16 10:32:00,107900,108000,107500,107800,984
2026-03-16 10:33:00,107800,107800,107300,107500,719
2026-03-16 10:34:00,107400,107500,107100,107100,1319
2026-03-16 10:35:00,107200,108100,107100,107600,1435
2026-03-16 10:36:00,108000,108300,107800,108100,666
2026-03-16 10:37:00,108100,108200,107800,108100,319
2026-03-16 10:38:00,108000,108500,107900,108500,736
2026-03-16 10:39:00,108400,108700,107900,107900,464
2026-03-16 10:40:00,107900,108100,107400,108000,553
2026-03-16 10:41:00,108000,108000,107700,107700,356
2026-03-16 10:42:00,107800,108300,107700,107800,647
2026-03-16 10:43:00,108200,108300,107900,108100,305
2026-03-16 10:44:00,108100,108200,107500,107800,441
2026-03-16 10:45:00,108100,108500,107900,108100,493
2026-03-16 10:46:00,108100,108400,108100,108400,316
2026-03-16 10:47:00,108300,108400,108100,108100,399
2026-03-16 10:48:00,108100,108300,108100,108200,370
2026-03-16 10:49:00,108200,108400,108000,108300,315
2026-03-16 10:50:00,108400,108800,108300,108700,693
2026-03-16 10:51:00,108800,108900,108000,108300,801
2026-03-16 10:52:00,108000,108800,108000,108600,248
2026-03-16 10:53:00,108700,108900,108500,108800,111
2026-03-16 10:54:00,108800,109100,108700,109000,459
2026-03-16 10:55:00,109000,109200,108500,108500,580
2026-03-16 10:56:00,108500,108800,108500,108700,376
2026-03-16 10:57:00,108700,108800,108300,108500,541
2026-03-16 10:58:00,108300,108600,108300,108500,329
2026-03-16 10:59:00,108600,108800,108400,108800,173
2026-03-16 11:00:00,108600,108800,108100,108100,453
2026-03-16 11:01:00,108200,108400,108000,108200,438
2026-03-16 11:02:00,108200,108300,107900,107900,445
2026-03-16 11:03:00,108000,108200,107600,107900,469
2026-03-16 11:04:00,107900,108100,107800,108100,236
2026-03-16 11:05:00,108100,108600,108000,108100,348
2026-03-16 11:06:00,108000,108100,107800,107800,471
2026-03-16 11:07:00,107700,108000,107700,107900,398
2026-03-16 11:08:00,107900,108000,107800,107900,278
2026-03-16 11:09:00,107900,108100,107550,108100,907
2026-03-16 11:10:00,108200,108200,107400,107400,869
2026-03-16 11:11:00,107400,107900,107400,107600,417
2026-03-16 11:12:00,107600,108100,107600,107800,472
2026-03-16 11:13:00,107700,107700,107500,107700,248
2026-03-16 11:14:00,107700,107900,107600,107900,216
2026-03-16 11:15:00,108000,108100,107900,108000,409
2026-03-16 11:16:00,108000,108100,107900,107900,432
2026-03-16 11:17:00,108000,108300,107900,108100,291
2026-03-16 11:18:00,108200,108200,107900,107900,332
2026-03-16 11:19:00,107900,108200,107900,108100,299
2026-03-16 11:20:00,108100,108100,107800,108000,881
2026-03-16 11:21:00,108000,108000,107600,107600,967
2026-03-16 11:22:00,107700,108000,107600,107800,465
2026-03-16 11:23:00,107700,107800,107700,107800,329
2026-03-16 11:24:00,107800,107900,107500,107900,419
2026-03-16 11:25:00,107900,108000,107700,107900,424
2026-03-16 11:26:00,107900,108100,107800,107900,259
2026-03-16 11:27:00,107900,108000,107600,107600,890
2026-03-16 11:28:00,107700,107900,107600,107600,246
2026-03-16 11:29:00,107700,108000,107700,108000,400
2026-03-16 11:30:00,107900,108100,107800,107900,456
2026-03-16 11:31:00,107800,108100,107700,108000,386
2026-03-16 11:32:00,108100,108100,107700,107700,604
2026-03-16 11:33:00,108000,108100,107700,107900,252
2026-03-16 11:34:00,107900,108100,107800,107900,356
2026-03-16 11:35:00,107800,107900,107600,107700,465
2026-03-16 11:36:00,107700,107700,107500,107600,354
2026-03-16 11:37:00,107600,107700,107500,107500,262
2026-03-16 11:38:00,107500,107900,107500,107500,289
2026-03-16 11:39:00,107700,107700,107600,107700,368
2026-03-16 11:40:00,107600,107700,107400,107400,999
2026-03-16 11:41:00,107500,107800,107400,107600,613
2026-03-16 11:42:00,107700,107900,107600,107700,349
2026-03-16 11:43:00,107700,107800,107500,107500,331
2026-03-16 11:44:00,107600,107800,107400,107600,441
2026-03-16 11:45:00,107700,107700,107400,107500,347
2026-03-16 11:46:00,107500,107500,106900,107200,1349
2026-03-16 11:47:00,107200,107300,107000,107200,435
2026-03-16 11:48:00,107200,107600,107200,107400,233
2026-03-16 11:49:00,107400,107600,107300,107300,290
2026-03-16 11:50:00,107300,107500,107000,107300,562
2026-03-16 11:51:00,107300,107700,107000,107600,455
2026-03-16 11:52:00,107600,107800,107500,107500,352
2026-03-16 11:53:00,107500,107800,107300,107400,278
2026-03-16 11:54:00,107700,107700,107500,107500,263
2026-03-16 11:55:00,107500,107800,107300,107700,362
2026-03-16 11:56:00,107400,107800,107400,107800,397
2026-03-16 11:57:00,107700,107900,107700,107900,273
2026-03-16 11:58:00,107900,107900,107600,107700,275
2026-03-16 11:59:00,107800,107900,107300,107400,592
2026-03-16 12:00:00,107500,107900,107500,107900,152
2026-03-16 12:01:00,107800,108000,107800,107900,485
2026-03-16 12:02:00,107900,108100,107800,107900,352
2026-03-16 12:03:00,107900,108100,107900,108000,255
2026-03-16 12:04:00,108000,108100,108000,108000,369
2026-03-16 12:05:00,108000,108100,107800,107900,371
2026-03-16 12:06:00,107900,108100,107900,108000,265
2026-03-16 12:07:00,108200,108200,108000,108100,222
2026-03-16 12:08:00,108200,108200,107900,108000,414
2026-03-16 12:09:00,108000,108200,107900,108000,362
2026-03-16 12:10:00,108000,108100,107700,107700,435
2026-03-16 12:11:00,107700,108000,107600,108000,301
2026-03-16 12:12:00,108000,108100,107700,108100,334
2026-03-16 12:13:00,108000,108200,107900,108000,290
2026-03-16 12:14:00,108000,108200,108000,108200,362
2026-03-16 12:15:00,108200,108200,107900,107900,281
2026-03-16 12:16:00,108000,108200,108000,108100,328
2026-03-16 12:17:00,108100,108100,107900,107900,328
2026-03-16 12:18:00,107800,108000,107700,107800,281
2026-03-16 12:19:00,107900,108100,107800,108000,410
2026-03-16 12:20:00,107900,108100,107500,107700,435
2026-03-16 12:21:00,107700,107950,107700,107900,304
2026-03-16 12:22:00,107900,108000,107700,107800,352
2026-03-16 12:23:00,107800,107900,107600,107900,346
2026-03-16 12:24:00,107800,108200,107700,108000,684
2026-03-16 12:25:00,108200,108200,107700,107800,451
2026-03-16 12:26:00,107800,108200,107700,107800,453
2026-03-16 12:27:00,108000,108200,107700,108100,287
2026-03-16 12:28:00,108100,108300,108100,108200,439
2026-03-16 12:29:00,108300,108500,108200,108400,510
2026-03-16 12:30:00,108400,108500,108400,108400,414
2026-03-16 12:31:00,108400,108500,107900,107900,544
2026-03-16 12:32:00,108000,109300,108000,108900,1972
2026-03-16 12:33:00,109100,109300,108900,109000,375
2026-03-16 12:34:00,108900,109300,108900,109300,463
2026-03-16 12:35:00,109200,109300,108800,109200,399
2026-03-16 12:36:00,109200,109350,109200,109300,517
2026-03-16 12:37:00,109250,109400,109200,109300,335
2026-03-16 12:38:00,109200,109400,109100,109300,377
2026-03-16 12:39:00,109300,109400,109100,109200,499
2026-03-16 12:40:00,109200,109400,109100,109100,455
2026-03-16 12:41:00,109200,109400,109100,109200,257
2026-03-16 12:42:00,109200,109300,109100,109300,315
2026-03-16 12:43:00,109300,109400,109100,109300,426
2026-03-16 12:44:00,109300,109300,109100,109200,255
2026-03-16 12:45:00,109200,109300,109000,109300,535
2026-03-16 12:46:00,109100,109300,109000,109000,228
2026-03-16 12:47:00,109000,109200,109000,109100,295
2026-03-16 12:48:00,109100,109200,108800,109100,502
2026-03-16 12:49:00,109100,109500,108900,109300,1100
2026-03-16 12:50:00,109400,109600,109200,109600,1765
2026-03-16 12:51:00,109500,109600,109300,109600,400
2026-03-16 12:52:00,109600,109700,109500,109600,456
2026-03-16 12:53:00,109600,109900,109500,109800,448
2026-03-16 12:54:00,109900,110100,109900,109900,1458
2026-03-16 12:55:00,109900,110000,109000,109100,768
2026-03-16 12:56:00,109200,109500,109100,109200,395
2026-03-16 12:57:00,109200,109600,109200,109300,298
2026-03-16 12:58:00,109300,109500,109200,109200,481
2026-03-16 12:59:00,109200,109200,109000,109000,316
2026-03-16 13:00:00,109000,109200,108800,108800,574
2026-03-16 13:01:00,108900,109400,108900,109400,521
2026-03-16 13:02:00,109400,110000,109400,110000,381
2026-03-16 13:03:00,110000,110500,109900,110500,803
2026-03-16 13:04:00,110400,110600,110000,110000,627
2026-03-16 13:05:00,110000,110500,109900,110100,385
2026-03-16 13:06:00,110100,110500,110000,110300,329
2026-03-16 13:07:00,110300,110700,110300,110700,548
2026-03-16 13:08:00,110600,110800,110600,110800,879
2026-03-16 13:09:00,110800,111300,110700,111300,3719
2026-03-16 13:10:00,111300,111400,111200,111200,992
2026-03-16 13:11:00,111400,111500,111200,111500,1225
2026-03-16 13:12:00,111500,111700,111300,111600,817
2026-03-16 13:13:00,111600,112000,111400,111800,1869
2026-03-16 13:14:00,111900,111900,110700,110800,1605
2026-03-16 13:15:00,110900,111300,110800,111100,748
2026-03-16 13:16:00,111100,111300,111000,111000,923
2026-03-16 13:17:00,111100,111100,110900,111000,519
2026-03-16 13:18:00,111000,111000,110500,110650,1468
2026-03-16 13:19:00,110600,111000,110500,110900,370
2026-03-16 13:20:00,110900,111300,110700,111300,1210
2026-03-16 13:21:00,111300,111400,111100,111300,411
2026-03-16 13:22:00,111200,111400,111000,111050,395
2026-03-16 13:23:00,111100,111200,110700,110700,748
2026-03-16 13:24:00,110700,110800,110300,110400,825
2026-03-16 13:25:00,110500,111100,110300,111000,447
2026-03-16 13:26:00,111100,111100,110700,110700,650
2026-03-16 13:27:00,110800,110900,110700,110800,472
2026-03-16 13:28:00,110800,111000,110700,110700,576
2026-03-16 13:29:00,110800,111100,110700,111100,663
2026-03-16 13:30:00,111000,111200,111000,111200,743
2026-03-16 13:31:00,111200,111400,111000,111100,716
2026-03-16 13:32:00,111000,111000,110000,110200,576
2026-03-16 13:33:00,110200,110400,110000,110300,633
2026-03-16 13:34:00,110300,110400,110100,110200,500
2026-03-16 13:35:00,110100,110500,109900,110000,1080
2026-03-16 13:36:00,110500,110600,110000,110300,535
2026-03-16 13:37:00,110000,110300,110000,110100,341
2026-03-16 13:38:00,110000,110300,110000,110100,695
2026-03-16 13:39:00,110100,110300,110100,110100,398
2026-03-16 13:40:00,110300,110500,109900,110300,445
2026-03-16 13:41:00,110300,110600,110200,110200,412
2026-03-16 13:42:00,110200,110400,110000,110100,345
2026-03-16 13:43:00,110200,110300,110100,110200,483
2026-03-16 13:44:00,110000,110200,109700,109800,716
2026-03-16 13:45:00,109700,110300,109500,110300,778
2026-03-16 13:46:00,109900,110400,109700,109700,675
2026-03-16 13:47:00,110100,110100,109600,109800,456
2026-03-16 13:48:00,109800,109900,109400,109700,499
2026-03-16 13:49:00,109400,109700,109400,109500,604
2026-03-16 13:50:00,109500,109700,109300,109700,969
2026-03-16 13:51:00,109700,109700,109300,109600,420
2026-03-16 13:52:00,109600,109700,109600,109700,414
2026-03-16 13:53:00,109800,110100,109700,109800,405
2026-03-16 13:54:00,109900,110200,109800,110000,758
2026-03-16 13:55:00,110000,110300,109900,110100,828
2026-03-16 13:56:00,110100,110100,110000,110000,368
2026-03-16 13:57:00,110000,110200,110000,110200,319
2026-03-16 13:58:00,110100,110300,110000,110100,539
2026-03-16 13:59:00,110100,110100,109900,110000,723
2026-03-16 14:00:00,110000,110200,109700,109700,695
2026-03-16 14:01:00,109700,110000,109700,109800,399
2026-03-16 14:02:00,109900,110200,109800,110100,900
2026-03-16 14:03:00,110100,110300,110100,110200,388
2026-03-16 14:04:00,110100,110200,110000,110100,216
2026-03-16 14:05:00,110000,110500,109900,110500,513
2026-03-16 14:06:00,110500,110500,110200,110200,748
2026-03-16 14:07:00,110200,110400,110200,110200,223
2026-03-16 14:08:00,110300,110400,110100,110300,331
2026-03-16 14:09:00,110300,110400,110300,110300,111
2026-03-16 14:10:00,110400,110500,110200,110300,842
2026-03-16 14:11:00,110300,110400,110200,110300,216
2026-03-16 14:12:00,110200,110500,110200,110400,677
2026-03-16 14:13:00,110500,110500,110400,110500,494
2026-03-16 14:14:00,110400,110700,110400,110600,1236
2026-03-16 14:15:00,110700,110900,110500,110600,689
2026-03-16 14:16:00,110500,110800,110500,110700,451
2026-03-16 14:17:00,110600,110800,110600,110700,442
2026-03-16 14:18:00,110700,110900,110400,110600,945
2026-03-16 14:19:00,110600,110600,110200,110300,597
2026-03-16 14:20:00,110300,110300,110200,110300,621
2026-03-16 14:21:00,110200,110200,109800,109900,1111
2026-03-16 14:22:00,110000,110100,109900,110000,314
2026-03-16 14:23:00,109900,110300,109900,110200,314
2026-03-16 14:24:00,110300,110500,110200,110500,306
2026-03-16 14:25:00,110400,110800,110400,110700,711
2026-03-16 14:26:00,110700,110800,110600,110700,1090
2026-03-16 14:27:00,110700,110800,110500,110600,473
2026-03-16 14:28:00,110600,110700,110200,110200,717
2026-03-16 14:29:00,110300,110600,110200,110300,429
2026-03-16 14:30:00,110300,110600,110300,110400,737
2026-03-16 14:31:00,110300,110400,110300,110400,586
2026-03-16 14:32:00,110300,110400,110000,110100,1367
2026-03-16 14:33:00,110100,110200,110000,110100,267
2026-03-16 14:34:00,110100,110200,109900,110100,563
2026-03-16 14:35:00,110000,110300,109800,110300,519
2026-03-16 14:36:00,110100,110400,110100,110200,691
2026-03-16 14:37:00,110200,110300,110100,110200,272
2026-03-16 14:38:00,110200,110400,109500,110000,582
2026-03-16 14:39:00,109500,110100,109200,110000,653
2026-03-16 14:40:00,109900,110000,109600,109800,671
2026-03-16 14:41:00,109800,110000,109700,109900,460
2026-03-16 14:42:00,110000,110000,109200,109300,432
2026-03-16 14:43:00,109300,109800,109300,109800,548
2026-03-16 14:44:00,109800,109800,109600,109800,426
2026-03-16 14:45:00,109800,110000,109700,110000,789
2026-03-16 14:46:00,110000,110100,109800,109900,509
2026-03-16 14:47:00,109900,110500,109900,110200,989
2026-03-16 14:48:00,110200,110300,109700,110200,688
2026-03-16 14:49:00,109900,110600,109900,110300,600
2026-03-16 14:50:00,110600,110800,110400,110600,1067
2026-03-16 14:51:00,110800,110800,110300,110400,913
2026-03-16 14:52:00,110300,110600,110200,110200,547
2026-03-16 14:53:00,110300,110400,110100,110100,400
2026-03-16 14:54:00,110100,110300,109800,109900,864
2026-03-16 14:55:00,110000,110400,109900,110400,580
2026-03-16 14:56:00,110000,110400,110000,110300,535
2026-03-16 14:57:00,110300,110400,110000,110350,590
2026-03-16 14:58:00,110400,110600,110300,110300,734
2026-03-16 14:59:00,110400,110500,110000,110100,466
2026-03-16 15:00:00,110000,110600,110000,110600,652
2026-03-16 15:01:00,110600,110800,110500,110600,773
2026-03-16 15:02:00,110600,110700,110500,110700,703
2026-03-16 15:03:00,110700,110700,110300,110400,627
2026-03-16 15:04:00,110500,110500,110100,110200,867
2026-03-16 15:05:00,110200,110700,110100,110400,886
2026-03-16 15:06:00,110500,111000,110500,110900,1286
2026-03-16 15:07:00,110900,111000,110600,110600,2234
2026-03-16 15:08:00,110700,111000,110500,110900,1108
2026-03-16 15:09:00,110900,111300,110900,111200,1703
2026-03-16 15:10:00,111300,111500,111200,111400,1833
2026-03-16 15:11:00,111450,111450,111200,111300,1810
2026-03-16 15:12:00,111300,111500,111200,111500,893
2026-03-16 15:13:00,111500,111600,111400,111500,995
2026-03-16 15:14:00,111600,111600,111100,111300,1669
2026-03-16 15:15:00,111300,111400,111000,111000,1591
2026-03-16 15:16:00,111400,111400,111000,111200,1001
2026-03-16 15:17:00,111250,111400,110900,111200,1187
2026-03-16 15:18:00,111300,111400,110800,111000,1209
2026-03-16 15:19:00,110900,110900,110800,110900,187
2026-03-16 15:30:00,110000,110000,110000,110000,3102
2026-03-16 15:35:00,110000,110000,110000,110000,30
2026-03-17 09:00:00,113400,113400,110200,110600,10112
2026-03-17 09:01:00,110850,111800,109600,110500,2566
2026-03-17 09:02:00,110500,111900,110000,111700,2743
2026-03-17 09:03:00,111500,111700,110200,110200,2884
2026-03-17 09:04:00,110400,110400,107000,108500,2833
2026-03-17 09:05:00,108900,110300,108900,110300,1152
2026-03-17 09:06:00,110350,110800,109800,110400,1635
2026-03-17 09:07:00,110300,111000,110300,111000,809
2026-03-17 09:08:00,111000,111500,110500,110600,1369
2026-03-17 09:09:00,110600,110900,110600,110600,507
2026-03-17 09:10:00,110600,110800,109400,109500,1729
2026-03-17 09:11:00,109400,109600,109100,109100,1030
2026-03-17 09:12:00,109100,109800,109000,109200,990
2026-03-17 09:13:00,109300,109400,108600,108600,1130
2026-03-17 09:14:00,108700,108700,108000,108100,2228
2026-03-17 09:15:00,108200,110300,108000,109700,1514
2026-03-17 09:16:00,110100,110400,109500,110000,749
2026-03-17 09:17:00,110000,110100,109100,109100,1327
2026-03-17 09:18:00,109400,110100,109100,110100,656
2026-03-17 09:19:00,110100,110600,109700,110100,700
2026-03-17 09:20:00,110100,110500,109900,109900,1526
2026-03-17 09:21:00,110000,110600,110000,110500,194
2026-03-17 09:22:00,110500,111900,110100,111100,5370
2026-03-17 09:23:00,111000,111300,110800,111200,672
2026-03-17 09:24:00,111200,111200,110500,110500,279
2026-03-17 09:25:00,110400,110900,110000,110500,659
2026-03-17 09:26:00,110500,110900,110400,110500,486
2026-03-17 09:27:00,110500,110700,110300,110500,409
2026-03-17 09:28:00,110500,110700,110500,110500,441
2026-03-17 09:29:00,110500,110800,109900,110800,833
2026-03-17 09:30:00,110700,110700,110000,110000,131
2026-03-17 09:31:00,110300,110900,110000,110000,378
2026-03-17 09:32:00,110400,110800,110000,110100,352
2026-03-17 09:33:00,110100,110700,110100,110200,204
2026-03-17 09:34:00,110300,111300,110200,110900,657
2026-03-17 09:35:00,110900,111200,110600,110800,331
2026-03-17 09:36:00,110800,111700,110800,111300,306
2026-03-17 09:37:00,111700,111800,111500,111600,254
2026-03-17 09:38:00,111600,112000,111400,111600,1933
2026-03-17 09:39:00,111400,111400,110800,110800,452
2026-03-17 09:40:00,110800,110900,110300,110500,339
2026-03-17 09:41:00,110600,110900,110400,110400,317
2026-03-17 09:42:00,110400,110600,110300,110300,338
2026-03-17 09:43:00,110300,110900,110200,110700,379
2026-03-17 09:44:00,110800,111200,110600,110900,287
2026-03-17 09:45:00,110900,111100,110800,110800,261
2026-03-17 09:46:00,110800,110900,110700,110900,542
2026-03-17 09:47:00,110800,110900,110800,110800,399
2026-03-17 09:48:00,110900,111800,110700,111200,493
2026-03-17 09:49:00,111400,111600,111200,111200,346
2026-03-17 09:50:00,111200,111200,110600,110900,379
2026-03-17 09:51:00,111000,111100,110900,110900,151
2026-03-17 09:52:00,110900,111000,110700,110800,229
2026-03-17 09:53:00,110800,110900,110700,110700,340
2026-03-17 09:54:00,110700,110800,110600,110700,247
2026-03-17 09:55:00,110700,110900,110700,110700,396
2026-03-17 09:56:00,110900,110900,110300,110400,546
2026-03-17 09:57:00,110200,110500,109800,110200,759
2026-03-17 09:58:00,110300,111000,110100,110100,370
2026-03-17 09:59:00,110500,110600,108300,108600,2589
2026-03-17 10:00:00,109100,109800,108700,109600,834
2026-03-17 10:01:00,109600,110000,109300,110000,237
2026-03-17 10:02:00,109900,110700,109000,110000,876
2026-03-17 10:03:00,110000,110400,110000,110000,276
2026-03-17 10:04:00,109800,110000,109400,109500,332
2026-03-17 10:05:00,109600,109700,109200,109300,639
2026-03-17 10:06:00,109200,109500,109200,109200,503
2026-03-17 10:07:00,109200,109800,109200,109600,576
2026-03-17 10:08:00,109600,109800,109200,109600,307
2026-03-17 10:09:00,109600,109600,108800,109100,639
2026-03-17 10:10:00,108900,109500,108600,109500,839
2026-03-17 10:11:00,109500,109500,109200,109400,338
2026-03-17 10:12:00,109400,109500,109200,109400,830
2026-03-17 10:13:00,109400,109400,109100,109400,639
2026-03-17 10:14:00,109500,109800,109400,109600,312
2026-03-17 10:15:00,109500,109600,108500,109000,1604
2026-03-17 10:16:00,109000,109300,108600,108800,332
2026-03-17 10:17:00,108900,109200,108700,108800,624
2026-03-17 10:18:00,108800,109100,108500,109100,538
2026-03-17 10:19:00,108800,109600,108800,109500,281
2026-03-17 10:20:00,109500,110000,109100,109800,665
2026-03-17 10:21:00,109600,109700,109100,109100,390
2026-03-17 10:22:00,109200,109700,109100,109700,284
2026-03-17 10:23:00,109500,109500,109100,109200,426
2026-03-17 10:24:00,109100,109600,109100,109600,477
2026-03-17 10:25:00,109300,109300,109200,109300,197
2026-03-17 10:26:00,109300,109300,108800,108800,311
2026-03-17 10:27:00,109200,109200,108900,109000,160
2026-03-17 10:28:00,109000,109300,108600,108600,1153
2026-03-17 10:29:00,108700,108700,108300,108400,1146
2026-03-17 10:30:00,108400,108800,108300,108500,306
2026-03-17 10:31:00,108500,108600,108100,108200,1197
2026-03-17 10:32:00,108200,108300,108100,108100,313
2026-03-17 10:33:00,108200,108200,107900,107900,1928
2026-03-17 10:34:00,108100,108700,107900,108200,2098
2026-03-17 10:35:00,108200,109100,108100,109100,446
2026-03-17 10:36:00,109000,109300,109000,109100,476
2026-03-17 10:37:00,109200,109300,109100,109100,1998
2026-03-17 10:38:00,109300,109500,109000,109500,259
2026-03-17 10:39:00,109000,109100,109000,109100,151
2026-03-17 10:40:00,109200,109400,108900,109100,261
2026-03-17 10:41:00,109100,109100,108500,108500,775
2026-03-17 10:42:00,108500,108500,108100,108200,1062
2026-03-17 10:43:00,108200,108400,108000,108300,717
2026-03-17 10:44:00,108400,108900,108400,108450,371
2026-03-17 10:45:00,108450,108500,108200,108200,332
2026-03-17 10:46:00,108200,108200,107800,107800,1144
2026-03-17 10:47:00,108000,108100,107800,107800,553
2026-03-17 10:48:00,107800,107900,107700,107800,850
2026-03-17 10:49:00,107800,107800,107600,107600,702
2026-03-17 10:50:00,107700,107700,107600,107600,398
2026-03-17 10:51:00,107600,107800,107600,107800,379
2026-03-17 10:52:00,107700,107700,107500,107500,673
2026-03-17 10:53:00,107600,107800,107500,107500,1277
2026-03-17 10:54:00,107700,107800,107600,107800,518
2026-03-17 10:55:00,107900,107900,107800,107800,260
2026-03-17 10:56:00,107900,108500,107800,107900,1184
2026-03-17 10:57:00,107900,107900,107500,107500,674
2026-03-17 10:58:00,107600,108500,107500,108100,568
2026-03-17 10:59:00,108100,108100,107300,107500,2159
2026-03-17 11:00:00,107400,108000,107200,107700,764
2026-03-17 11:01:00,107900,108700,107800,108200,363
2026-03-17 11:02:00,108200,108400,107700,107800,340
2026-03-17 11:03:00,107800,108800,107600,108800,610
2026-03-17 11:04:00,108700,108700,108100,108100,72
2026-03-17 11:05:00,108300,108300,108100,108100,247
2026-03-17 11:06:00,108200,108800,108100,108200,550
2026-03-17 11:07:00,108100,108700,108100,108200,337
2026-03-17 11:08:00,108200,108700,108100,108200,438
2026-03-17 11:09:00,108200,108200,107700,108000,461
2026-03-17 11:10:00,107900,108600,107700,107900,606
2026-03-17 11:11:00,108000,108700,107900,108700,390
2026-03-17 11:12:00,108700,108700,107900,108000,273
2026-03-17 11:13:00,108000,108000,107800,107900,454
2026-03-17 11:14:00,107900,108800,107800,108200,430
2026-03-17 11:15:00,108200,108500,108100,108300,275
2026-03-17 11:16:00,108300,108600,108000,108200,870
2026-03-17 11:17:00,108500,108600,108100,108400,219
2026-03-17 11:18:00,108400,108400,108000,108000,303
2026-03-17 11:19:00,108200,108200,107900,107900,480
2026-03-17 11:20:00,108000,108300,107900,108200,538
2026-03-17 11:21:00,108100,108100,107800,107800,271
2026-03-17 11:22:00,107900,108300,107800,108100,623
2026-03-17 11:23:00,108100,108100,107900,108100,194
2026-03-17 11:24:00,108000,108300,107900,108100,604
2026-03-17 11:25:00,108100,108300,108100,108100,475
2026-03-17 11:26:00,108200,108200,107800,108000,244
2026-03-17 11:27:00,108100,108300,108000,108100,393
2026-03-17 11:28:00,108100,108200,108000,108100,177
2026-03-17 11:29:00,108200,108200,107900,108100,558
2026-03-17 11:30:00,108000,108200,108000,108100,209
2026-03-17 11:31:00,108100,108300,108100,108300,458
2026-03-17 11:32:00,108300,108400,108200,108200,341
2026-03-17 11:33:00,108200,108400,108200,108300,506
2026-03-17 11:34:00,108200,108400,108100,108100,152
2026-03-17 11:35:00,108300,108300,108000,108100,537
2026-03-17 11:36:00,108100,108500,108050,108200,405
2026-03-17 11:37:00,108200,108500,108200,108200,251
2026-03-17 11:38:00,108500,108500,108100,108200,464
2026-03-17 11:39:00,108200,108300,108100,108300,320
2026-03-17 11:40:00,108300,108800,108200,108300,299
2026-03-17 11:41:00,108600,108600,108100,108200,674
2026-03-17 11:42:00,108400,108800,108200,108200,156
2026-03-17 11:43:00,108300,108700,108200,108300,167
2026-03-17 11:44:00,108600,108600,108200,108200,254
2026-03-17 11:45:00,108200,108200,108100,108100,358
2026-03-17 11:46:00,108200,108600,108100,108200,334
2026-03-17 11:47:00,108500,108500,108200,108300,321
2026-03-17 11:48:00,108200,108200,108100,108200,237
2026-03-17 11:49:00,108100,108300,108100,108200,496
2026-03-17 11:50:00,108200,108200,108100,108100,650
2026-03-17 11:51:00,108200,108200,108000,108000,157
2026-03-17 11:52:00,108100,108100,108000,108000,325
2026-03-17 11:53:00,108100,108100,108000,108000,182
2026-03-17 11:54:00,108100,108100,107900,107900,534
2026-03-17 11:55:00,108000,108200,107900,108000,276
2026-03-17 11:56:00,108000,108000,107900,108000,314
2026-03-17 11:57:00,107900,108200,107900,108200,393
2026-03-17 11:58:00,108000,108100,108000,108000,476
2026-03-17 11:59:00,108100,108200,108000,108100,185
2026-03-17 12:00:00,108000,108100,108000,108000,226
2026-03-17 12:01:00,108000,108100,107900,108000,467
2026-03-17 12:02:00,107900,108000,107900,108000,316
2026-03-17 12:03:00,107900,108000,107900,107900,349
2026-03-17 12:04:00,107800,108300,107800,108300,590
2026-03-17 12:05:00,107800,108300,107800,107900,322
2026-03-17 12:06:00,107900,108000,107800,107900,450
2026-03-17 12:07:00,107850,108100,107800,107900,607
2026-03-17 12:08:00,108200,108300,108000,108100,163
2026-03-17 12:09:00,108100,108300,107900,108100,367
2026-03-17 12:10:00,108200,108200,108100,108100,599
2026-03-17 12:11:00,108100,108300,108100,108300,188
2026-03-17 12:12:00,108200,108200,108100,108200,319
2026-03-17 12:13:00,108200,108300,108100,108100,550
2026-03-17 12:14:00,108200,108200,108000,108100,628
2026-03-17 12:15:00,108100,108200,108000,108000,533
2026-03-17 12:16:00,108000,108300,108000,108000,371
2026-03-17 12:17:00,108000,108000,107900,108000,563
2026-03-17 12:18:00,108000,108000,107600,107800,3444
2026-03-17 12:19:00,107800,107900,107500,107500,821
2026-03-17 12:20:00,107500,107500,107300,107400,1741
2026-03-17 12:21:00,107400,107400,107000,107100,1355
2026-03-17 12:22:00,107100,107300,107100,107100,419
2026-03-17 12:23:00,107100,107300,107000,107000,809
2026-03-17 12:24:00,107100,107100,106900,106900,2250
2026-03-17 12:25:00,106900,106900,106700,106800,545
2026-03-17 12:26:00,106800,107000,106700,106800,1174
2026-03-17 12:27:00,106700,106800,106700,106700,250
2026-03-17 12:28:00,106800,107000,106700,106900,797
2026-03-17 12:29:00,106900,107600,106800,107500,1243
2026-03-17 12:30:00,107300,107400,107000,107000,923
2026-03-17 12:31:00,107000,107100,106800,106900,690
2026-03-17 12:32:00,107000,107300,106800,106800,405
2026-03-17 12:33:00,106800,107000,106700,107000,541
2026-03-17 12:34:00,106800,107100,106700,107100,351
2026-03-17 12:35:00,107000,107100,106700,106800,207
2026-03-17 12:36:00,106800,107200,106700,107100,703
2026-03-17 12:37:00,106800,107000,106700,106700,257
2026-03-17 12:38:00,106700,106800,106600,106700,1125
2026-03-17 12:39:00,106700,106800,106500,106500,630
2026-03-17 12:40:00,106500,106700,106500,106600,512
2026-03-17 12:41:00,106600,106700,106500,106700,534
2026-03-17 12:42:00,106700,106800,106600,106600,394
2026-03-17 12:43:00,106600,106700,106600,106600,439
2026-03-17 12:44:00,106600,106800,106600,106700,281
2026-03-17 12:45:00,106800,106900,106800,106900,557
2026-03-17 12:46:00,106800,107200,106700,107100,361
2026-03-17 12:47:00,107100,107200,106800,106900,229
2026-03-17 12:48:00,106900,107100,106900,107000,581
2026-03-17 12:49:00,106800,107500,106800,107200,221
2026-03-17 12:50:00,107300,107600,107300,107500,605
2026-03-17 12:51:00,107500,107900,107500,107700,371
2026-03-17 12:52:00,107600,107600,107300,107400,428
2026-03-17 12:53:00,107400,107600,107300,107600,369
2026-03-17 12:54:00,107400,107400,106900,107000,311
2026-03-17 12:55:00,107000,107100,106600,106900,752
2026-03-17 12:56:00,107000,107100,106800,106900,327
2026-03-17 12:57:00,106900,107100,106900,106900,309
2026-03-17 12:58:00,106900,107000,106700,106800,364
2026-03-17 12:59:00,106800,107300,106700,106900,315
2026-03-17 13:00:00,106900,107000,106900,106900,232
2026-03-17 13:01:00,106900,107000,106600,106600,554
2026-03-17 13:02:00,106600,107300,106500,106600,346
2026-03-17 13:03:00,106700,106900,106600,106600,371
2026-03-17 13:04:00,106700,106700,106400,106400,821
2026-03-17 13:05:00,106400,106500,106100,106200,1752
2026-03-17 13:06:00,106100,106500,106100,106100,485
2026-03-17 13:07:00,106200,106300,106100,106100,634
2026-03-17 13:08:00,106100,106300,106100,106200,528
2026-03-17 13:09:00,106100,106200,106100,106200,403
2026-03-17 13:10:00,106200,106400,106200,106200,324
2026-03-17 13:11:00,106200,106200,106000,106200,877
2026-03-17 13:12:00,106200,106700,106100,106200,322
2026-03-17 13:13:00,106200,106400,106000,106200,988
2026-03-17 13:14:00,106200,106800,106100,106300,472
2026-03-17 13:15:00,106300,106600,106300,106500,245
2026-03-17 13:16:00,106400,106700,106400,106700,359
2026-03-17 13:17:00,106600,106600,106400,106400,328
2026-03-17 13:18:00,106400,107000,106400,106600,492
2026-03-17 13:19:00,106600,107000,106500,106600,226
2026-03-17 13:20:00,106600,106600,106500,106500,438
2026-03-17 13:21:00,106400,106700,106400,106500,291
2026-03-17 13:22:00,106400,106600,106400,106600,428
2026-03-17 13:23:00,106600,106600,106500,106500,181
2026-03-17 13:24:00,106600,106600,106500,106500,552
2026-03-17 13:25:00,106500,106800,106400,106500,251
2026-03-17 13:26:00,106500,106500,106300,106300,331
2026-03-17 13:27:00,106400,106400,106300,106400,481
2026-03-17 13:28:00,106400,107100,106300,107100,543
2026-03-17 13:29:00,106600,106800,106400,106500,394
2026-03-17 13:30:00,106500,106600,106300,106400,326
2026-03-17 13:31:00,106400,106800,106300,106800,720
2026-03-17 13:32:00,106800,106800,106500,106600,331
2026-03-17 13:33:00,106600,106700,106300,106400,716
2026-03-17 13:34:00,106500,106700,106400,106400,253
2026-03-17 13:35:00,106500,106600,106300,106500,644
2026-03-17 13:36:00,106400,106500,106300,106300,1073
2026-03-17 13:37:00,106300,106500,106200,106300,375
2026-03-17 13:38:00,106200,106600,106100,106300,1227
2026-03-17 13:39:00,106300,106400,106200,106200,684
2026-03-17 13:40:00,106200,106500,106100,106100,553
2026-03-17 13:41:00,106100,106200,106100,106200,675
2026-03-17 13:42:00,106300,106400,106100,106300,358
2026-03-17 13:43:00,106300,106300,106000,106000,720
2026-03-17 13:44:00,106200,106500,106000,106300,578
2026-03-17 13:45:00,106400,106400,106200,106400,254
2026-03-17 13:46:00,106300,106600,106200,106200,677
2026-03-17 13:47:00,106200,106600,106200,106200,384
2026-03-17 13:48:00,106200,106600,106100,106200,606
2026-03-17 13:49:00,106200,106300,106100,106200,868
2026-03-17 13:50:00,106200,106300,106100,106100,494
2026-03-17 13:51:00,106100,106400,106100,106200,392
2026-03-17 13:52:00,106300,106400,106200,106200,545
2026-03-17 13:53:00,106300,106400,106200,106400,768
2026-03-17 13:54:00,106400,106600,106300,106300,467
2026-03-17 13:55:00,106300,106800,106300,106800,933
2026-03-17 13:56:00,106400,106500,106300,106300,916
2026-03-17 13:57:00,106200,106300,106200,106200,438
2026-03-17 13:58:00,106200,106300,106200,106300,966
2026-03-17 13:59:00,106300,106300,106100,106200,1006
2026-03-17 14:00:00,106100,106200,106000,106100,1515
2026-03-17 14:01:00,106100,106100,106000,106000,783
2026-03-17 14:02:00,106000,106400,106000,106000,718
2026-03-17 14:03:00,106000,106400,106000,106100,438
2026-03-17 14:04:00,106100,106300,106000,106000,468
2026-03-17 14:05:00,106000,106100,106000,106000,588
2026-03-17 14:06:00,106100,106300,106000,106200,480
2026-03-17 14:07:00,106300,106300,106100,106200,667
2026-03-17 14:08:00,106200,106500,106100,106500,671
2026-03-17 14:09:00,106300,106500,106100,106100,511
2026-03-17 14:10:00,106200,106300,106100,106100,228
2026-03-17 14:11:00,106200,106400,106100,106100,387
2026-03-17 14:12:00,106100,106100,106000,106000,532
2026-03-17 14:13:00,106100,106300,106000,106200,881
2026-03-17 14:14:00,106200,106300,106100,106100,472
2026-03-17 14:15:00,106000,106300,106000,106100,980
2026-03-17 14:16:00,106050,106100,106000,106000,292
2026-03-17 14:17:00,106100,106300,106000,106000,915
2026-03-17 14:18:00,106000,106200,105900,106200,629
2026-03-17 14:19:00,106200,106300,106000,106100,376
2026-03-17 14:20:00,106100,106200,106000,106100,536
2026-03-17 14:21:00,106100,106100,105900,106000,618
2026-03-17 14:22:00,105900,106200,105900,106100,374
2026-03-17 14:23:00,106100,106200,106000,106000,340
2026-03-17 14:24:00,106100,106200,106000,106000,538
2026-03-17 14:25:00,106000,106200,105900,106000,784
2026-03-17 14:26:00,106100,106200,105900,106100,386
2026-03-17 14:27:00,106100,106100,105900,106000,790
2026-03-17 14:28:00,106000,106300,105900,106000,1454
2026-03-17 14:29:00,106000,106100,105900,106100,344
2026-03-17 14:30:00,106100,106100,105900,106000,386
2026-03-17 14:31:00,105900,106200,105900,106000,783
2026-03-17 14:32:00,105900,106000,105900,106000,237
2026-03-17 14:33:00,105900,106000,105800,105800,504
2026-03-17 14:34:00,105900,105900,105700,105700,811
2026-03-17 14:35:00,105700,105700,105500,105500,711
2026-03-17 14:36:00,105500,105600,105500,105500,350
2026-03-17 14:37:00,105600,105600,105300,105300,1177
2026-03-17 14:38:00,105400,105400,105200,105200,501
2026-03-17 14:39:00,105200,105300,105200,105200,466
2026-03-17 14:40:00,105200,105600,105200,105300,1035
2026-03-17 14:41:00,105250,105700,105200,105400,1529
2026-03-17 14:42:00,105500,105900,105400,105700,531
2026-03-17 14:43:00,105700,106000,105600,105800,666
2026-03-17 14:44:00,105700,106000,105500,105800,320
2026-03-17 14:45:00,105700,106000,105600,105600,679
2026-03-17 14:46:00,105600,106200,105600,106100,641
2026-03-17 14:47:00,106100,106300,105900,106000,634
2026-03-17 14:48:00,106000,106300,105900,106200,383
2026-03-17 14:49:00,106200,106300,105800,106000,685
2026-03-17 14:50:00,106000,106200,106000,106000,450
2026-03-17 14:51:00,106000,106200,105800,105800,593
2026-03-17 14:52:00,105800,106000,105700,105800,1050
2026-03-17 14:53:00,105800,105800,105500,105600,681
2026-03-17 14:54:00,105500,105700,105400,105600,678
2026-03-17 14:55:00,105600,105700,105500,105600,410
2026-03-17 14:56:00,105500,105800,105400,105700,913
2026-03-17 14:57:00,105700,105700,105300,105400,862
2026-03-17 14:58:00,105300,105500,105300,105300,343
2026-03-17 14:59:00,105300,105400,105100,105100,1117
2026-03-17 15:00:00,105100,105200,105000,105100,831
2026-03-17 15:01:00,105000,105100,104900,105100,1754
2026-03-17 15:02:00,105100,105100,104700,104900,744
2026-03-17 15:03:00,104900,105000,104800,104800,541
2026-03-17 15:04:00,104700,104800,104500,104600,817
2026-03-17 15:05:00,104600,104900,104600,104600,466
2026-03-17 15:06:00,104700,104700,104500,104500,1023
2026-03-17 15:07:00,104500,104700,104500,104600,500
2026-03-17 15:08:00,104600,104700,104500,104600,374
2026-03-17 15:09:00,104600,104700,104500,104600,781
2026-03-17 15:10:00,104500,104700,104300,104500,1019
2026-03-17 15:11:00,104500,104700,104300,104700,1202
2026-03-17 15:12:00,104700,104900,104400,104600,464
2026-03-17 15:13:00,104600,105100,104600,104700,285
2026-03-17 15:14:00,104700,105000,104300,104400,567
2026-03-17 15:15:00,104400,104500,104300,104400,917
2026-03-17 15:16:00,104300,104500,104200,104300,814
2026-03-17 15:17:00,104300,104400,104100,104100,362
2026-03-17 15:18:00,104100,104400,104000,104100,434
2026-03-17 15:19:00,104100,104200,103900,103900,651
2026-03-17 15:30:00,103700,103700,103700,103700,3455
2026-03-17 15:35:00,103700,103700,103700,103700,126
2026-03-18 09:00:00,107500,107500,106200,106500,1889
2026-03-18 09:01:00,106500,107200,105600,105600,1195
2026-03-18 09:02:00,105600,106200,105600,105800,657
2026-03-18 09:03:00,105800,106300,105800,106000,683
2026-03-18 09:04:00,105800,106200,105800,106100,160
2026-03-18 09:05:00,106000,106000,105600,105800,440
2026-03-18 09:06:00,105800,106800,105700,106400,666
2026-03-18 09:07:00,106600,107300,106300,107200,740
2026-03-18 09:08:00,106800,106800,106500,106600,484
2026-03-18 09:09:00,106500,107600,106500,107500,1486
2026-03-18 09:10:00,107500,107500,107100,107100,867
2026-03-18 09:11:00,107300,107500,107100,107300,806
2026-03-18 09:12:00,107300,107300,107000,107100,551
2026-03-18 09:13:00,107100,107300,107000,107200,395
2026-03-18 09:14:00,107300,108100,107300,108000,725
2026-03-18 09:15:00,108000,108300,107900,108300,808
2026-03-18 09:16:00,108300,109200,108300,109100,2063
2026-03-18 09:17:00,109100,109300,109000,109300,1440
2026-03-18 09:18:00,109250,109400,108800,108900,1422
2026-03-18 09:19:00,108800,108800,108400,108400,696
2026-03-18 09:20:00,108300,108300,107000,108300,1029
2026-03-18 09:21:00,108000,108800,108000,108700,369
2026-03-18 09:22:00,108700,108700,108500,108600,408
2026-03-18 09:23:00,108600,108600,108400,108400,446
2026-03-18 09:24:00,108400,108500,108000,108200,900
2026-03-18 09:25:00,108200,108400,108200,108300,148
2026-03-18 09:26:00,108300,108500,108200,108400,335
2026-03-18 09:27:00,108300,108800,108100,108800,911
2026-03-18 09:28:00,108900,109100,108800,108800,1033
2026-03-18 09:29:00,108800,109200,108800,109000,789
2026-03-18 09:30:00,109000,109100,109000,109100,797
2026-03-18 09:31:00,109100,109600,109100,109500,3663
2026-03-18 09:32:00,109500,109700,109500,109600,867
2026-03-18 09:33:00,109600,109600,109400,109400,351
2026-03-18 09:34:00,109300,109600,109200,109500,1415
2026-03-18 09:35:00,109300,109800,109200,109300,694
2026-03-18 09:36:00,109400,110000,109400,109900,1515
2026-03-18 09:37:00,109900,110500,109900,110400,3993
2026-03-18 09:38:00,110300,110500,109500,109500,1663
2026-03-18 09:39:00,109500,109900,109500,109600,900
2026-03-18 09:40:00,109700,109700,108500,108500,971
2026-03-18 09:41:00,108800,108900,107800,108000,936
2026-03-18 09:42:00,107900,108000,107000,107100,1005
2026-03-18 09:43:00,107100,107600,107100,107500,570
2026-03-18 09:44:00,107500,107500,106900,106900,952
2026-03-18 09:45:00,107000,107500,106600,107400,1033
2026-03-18 09:46:00,107400,107600,107400,107600,269
2026-03-18 09:47:00,107700,107700,107500,107700,87
2026-03-18 09:48:00,107600,107600,107200,107200,541
2026-03-18 09:49:00,107200,107500,107100,107200,564
2026-03-18 09:50:00,107200,107200,106900,106900,437
2026-03-18 09:51:00,107100,107100,106600,106600,779
2026-03-18 09:52:00,106600,106700,106400,106400,1018
2026-03-18 09:53:00,106300,106500,106200,106400,611
2026-03-18 09:54:00,106400,106900,106300,106400,560
2026-03-18 09:55:00,106600,107000,106600,106700,257
2026-03-18 09:56:00,106900,107200,106800,107100,503
2026-03-18 09:57:00,107200,107200,106800,106800,335
2026-03-18 09:58:00,106900,106900,106600,106700,508
2026-03-18 09:59:00,106700,106700,106300,106300,1036
2026-03-18 10:00:00,106300,106800,106300,106500,655
2026-03-18 10:01:00,106500,107100,106300,106700,400
2026-03-18 10:02:00,106800,107100,106700,106700,331
2026-03-18 10:03:00,106800,107400,106700,107100,720
2026-03-18 10:04:00,107100,107400,107000,107300,181
2026-03-18 10:05:00,107200,107600,107000,107100,993
2026-03-18 10:06:00,107000,107300,106900,107000,496
2026-03-18 10:07:00,107000,107100,106700,106800,1793
2026-03-18 10:08:00,106800,107000,106600,107000,355
2026-03-18 10:09:00,106600,106800,106600,106800,332
2026-03-18 10:10:00,106800,107000,106600,106600,804
2026-03-18 10:11:00,106700,106800,106600,106700,201
2026-03-18 10:12:00,106800,107100,106700,106900,193
2026-03-18 10:13:00,107000,107200,107000,107000,531
2026-03-18 10:14:00,107100,107200,106900,107000,439
2026-03-18 10:15:00,107200,107300,107000,107300,667
2026-03-18 10:16:00,107300,107300,107000,107000,176
2026-03-18 10:17:00,107000,107200,106700,106800,407
2026-03-18 10:18:00,106800,106900,106700,106700,149
2026-03-18 10:19:00,106700,106800,106500,106600,395
2026-03-18 10:20:00,106500,106600,106200,106600,636
2026-03-18 10:21:00,106600,106800,106300,106300,761
2026-03-18 10:22:00,106500,106700,106300,106300,158
2026-03-18 10:23:00,106300,106500,106200,106400,336
2026-03-18 10:24:00,106300,106600,106200,106300,193
2026-03-18 10:25:00,106300,107100,106300,107000,580
2026-03-18 10:26:00,106900,106900,106500,106800,143
2026-03-18 10:27:00,106700,107800,106600,107500,2234
2026-03-18 10:28:00,107600,107600,107400,107400,590
2026-03-18 10:29:00,107300,107700,107300,107600,200
2026-03-18 10:30:00,107500,107500,107300,107400,191
2026-03-18 10:31:00,107500,107900,107300,107500,644
2026-03-18 10:32:00,107300,108000,107300,108000,846
2026-03-18 10:33:00,108100,108400,107900,108100,409
2026-03-18 10:34:00,108000,108000,107600,107800,314
2026-03-18 10:35:00,107900,107900,107600,107600,265
2026-03-18 10:36:00,107700,108500,107600,108100,869
2026-03-18 10:37:00,108100,108600,107900,107900,408
2026-03-18 10:38:00,107900,108500,107900,108500,339
2026-03-18 10:39:00,108400,108500,108200,108300,201
2026-03-18 10:40:00,108400,108700,108400,108700,702
2026-03-18 10:41:00,108500,108900,108500,108900,408
2026-03-18 10:42:00,108900,108900,108400,108500,242
2026-03-18 10:43:00,108500,108600,108200,108300,698
2026-03-18 10:44:00,108600,108700,108300,108500,178
2026-03-18 10:45:00,108500,108600,108500,108500,79
2026-03-18 10:46:00,108500,108900,108500,108700,276
2026-03-18 10:47:00,108600,108800,108600,108600,314
2026-03-18 10:48:00,108600,108700,108400,108500,238
2026-03-18 10:49:00,108500,108500,108400,108500,208
2026-03-18 10:50:00,108400,108700,108300,108600,95
2026-03-18 10:51:00,108500,108700,108500,108700,514
2026-03-18 10:52:00,108600,108900,108500,108600,389
2026-03-18 10:53:00,108800,109100,108700,108900,1309
2026-03-18 10:54:00,108900,108900,108700,108800,244
2026-03-18 10:55:00,108800,108800,108500,108700,133
2026-03-18 10:56:00,108700,108900,108700,108900,409
2026-03-18 10:57:00,109000,109000,108900,109000,483
2026-03-18 10:58:00,109000,109000,108700,108700,367
2026-03-18 10:59:00,108700,109000,108700,109000,615
2026-03-18 11:00:00,108700,109000,108700,109000,111
2026-03-18 11:01:00,109000,109100,108900,109000,474
2026-03-18 11:02:00,109000,109000,108900,109000,74
2026-03-18 11:03:00,109000,109000,108800,108800,225
2026-03-18 11:04:00,108800,108900,108700,108700,315
2026-03-18 11:05:00,108700,108800,108600,108600,556
2026-03-18 11:06:00,108600,108800,108400,108800,1417
2026-03-18 11:07:00,108800,109300,108800,109000,973
2026-03-18 11:08:00,109100,109200,108900,109200,312
2026-03-18 11:09:00,109200,109400,109100,109400,528
2026-03-18 11:10:00,109400,109400,109300,109400,206
2026-03-18 11:11:00,109400,109400,109200,109300,177
2026-03-18 11:12:00,109300,109500,109100,109400,564
2026-03-18 11:13:00,109500,109600,109200,109600,1045
2026-03-18 11:14:00,109600,109800,109500,109700,942
2026-03-18 11:15:00,109800,109800,109600,109700,491
2026-03-18 11:16:00,109700,109900,109700,109800,459
2026-03-18 11:17:00,109800,109800,109700,109800,385
2026-03-18 11:18:00,109600,109800,109500,109800,296
2026-03-18 11:19:00,109800,109900,109700,109800,634
2026-03-18 11:20:00,109700,110000,109700,109900,895
2026-03-18 11:21:00,110000,110000,109900,109900,494
2026-03-18 11:22:00,110000,110000,109900,109900,460
2026-03-18 11:23:00,109900,110000,109600,109700,1097
2026-03-18 11:24:00,109700,110000,109600,110000,486
2026-03-18 11:25:00,109900,110000,109600,109800,592
2026-03-18 11:26:00,109900,110000,109600,110000,496
2026-03-18 11:27:00,110000,110900,109800,110900,5357
2026-03-18 11:28:00,110900,111300,110200,111100,2034
2026-03-18 11:29:00,110800,111100,110800,110900,482
2026-03-18 11:30:00,110800,110900,110500,110800,610
2026-03-18 11:31:00,110700,111100,110700,110800,682
2026-03-18 11:32:00,110900,111300,110900,111300,980
2026-03-18 11:33:00,111200,111300,107700,110200,3251
2026-03-18 11:34:00,110100,110900,110100,110800,690
2026-03-18 11:35:00,110800,111300,110600,110900,540
2026-03-18 11:36:00,111100,111200,110600,110700,382
2026-03-18 11:37:00,110800,111000,110700,110900,189
2026-03-18 11:38:00,110900,110900,110800,110900,414
2026-03-18 11:39:00,110900,111000,110700,110700,500
2026-03-18 11:40:00,110800,110800,110300,110300,412
2026-03-18 11:41:00,110200,110200,109700,109800,691
2026-03-18 11:42:00,109700,109800,109700,109700,126
2026-03-18 11:43:00,109700,109800,109600,109600,279
2026-03-18 11:44:00,109700,109700,109300,109600,575
2026-03-18 11:45:00,109600,109600,109300,109400,195
2026-03-18 11:46:00,109400,109500,109400,109400,232
2026-03-18 11:47:00,109400,109400,109300,109300,225
2026-03-18 11:48:00,109300,109300,109200,109300,222
2026-03-18 11:49:00,109300,109300,109100,109100,311
2026-03-18 11:50:00,109100,109200,109100,109100,95
2026-03-18 11:51:00,109200,109200,109100,109200,235
2026-03-18 11:52:00,109200,109200,109100,109100,110
2026-03-18 11:53:00,109100,109200,109100,109200,106
2026-03-18 11:54:00,109200,109200,109100,109200,196
2026-03-18 11:55:00,109100,109200,108800,108800,378
2026-03-18 11:56:00,108900,109000,108700,108900,513
2026-03-18 11:57:00,109000,109200,109000,109100,497
2026-03-18 11:58:00,109100,109100,109000,109100,62
2026-03-18 11:59:00,109100,109100,108800,108900,292
2026-03-18 12:00:00,108900,108900,108800,108800,106
2026-03-18 12:01:00,109100,109100,108800,108900,73
2026-03-18 12:02:00,108900,109000,108700,108800,291
2026-03-18 12:03:00,108700,108800,108500,108500,339
2026-03-18 12:04:00,108500,108700,108300,108400,380
2026-03-18 12:05:00,108500,108500,108400,108400,88
2026-03-18 12:06:00,108400,108500,108400,108400,76
2026-03-18 12:07:00,108500,108500,108400,108500,132
2026-03-18 12:08:00,108400,108500,108400,108500,151
2026-03-18 12:09:00,108450,108500,108400,108400,413
2026-03-18 12:10:00,108500,108500,108400,108500,71
2026-03-18 12:11:00,108400,108600,108400,108500,596
2026-03-18 12:12:00,108500,108900,108500,108900,386
2026-03-18 12:13:00,109000,109000,108800,108900,199
2026-03-18 12:14:00,108900,109000,108800,108900,172
2026-03-18 12:15:00,109000,109100,109000,109100,50
2026-03-18 12:16:00,109000,109100,108900,109100,99
2026-03-18 12:17:00,109100,109100,108800,108900,472
2026-03-18 12:18:00,108900,108900,108600,108700,171
2026-03-18 12:19:00,108700,108700,108600,108600,181
2026-03-18 12:20:00,108700,108700,108600,108700,159
2026-03-18 12:21:00,108600,108700,108600,108600,202
2026-03-18 12:22:00,108600,108600,108500,108600,218
2026-03-18 12:23:00,108600,109000,108500,108600,273
2026-03-18 12:24:00,108600,109000,108600,108800,200
2026-03-18 12:25:00,108800,108900,108800,108900,40
2026-03-18 12:26:00,108800,108900,108800,108900,111
2026-03-18 12:27:00,108900,109000,108800,108900,333
2026-03-18 12:28:00,108900,109000,108800,108800,177
2026-03-18 12:29:00,108900,108900,108800,108900,80
2026-03-18 12:30:00,108900,109000,108800,108900,136
2026-03-18 12:31:00,108800,108900,108800,108900,46
2026-03-18 12:32:00,108900,108900,108700,108700,282
2026-03-18 12:33:00,108600,108700,108600,108600,131
2026-03-18 12:34:00,108600,109000,108600,108600,486
2026-03-18 12:35:00,108800,108800,108600,108800,291
2026-03-18 12:36:00,108600,108800,108600,108600,69
2026-03-18 12:37:00,108600,109000,108500,109000,447
2026-03-18 12:38:00,109000,109000,108900,108900,65
2026-03-18 12:39:00,108800,108800,108700,108700,139
2026-03-18 12:40:00,108700,108900,108600,108900,195
2026-03-18 12:41:00,108900,109100,108700,109000,177
2026-03-18 12:42:00,109000,109000,108700,108700,20
2026-03-18 12:43:00,108800,108800,108700,108800,212
2026-03-18 12:44:00,108700,109000,108500,109000,345
2026-03-18 12:45:00,108600,108700,108600,108600,40
2026-03-18 12:46:00,108700,108700,108500,108600,295
2026-03-18 12:47:00,108600,108600,108500,108600,136
2026-03-18 12:48:00,108500,108600,108500,108600,85
2026-03-18 12:49:00,108600,108700,108500,108500,415
2026-03-18 12:50:00,109000,109400,108700,109400,188
2026-03-18 12:51:00,108900,109400,108900,109000,117
2026-03-18 12:52:00,109000,109400,109000,109400,74
2026-03-18 12:53:00,109100,109400,109100,109300,90
2026-03-18 12:54:00,109300,109300,109100,109300,326
2026-03-18 12:55:00,109100,109200,109100,109200,116
2026-03-18 12:56:00,109200,109200,109000,109000,133
2026-03-18 12:57:00,108900,109400,108900,109000,1435
2026-03-18 12:58:00,109400,109400,109000,109400,85
2026-03-18 12:59:00,109200,109400,109000,109100,245
2026-03-18 13:00:00,109100,109500,109000,109500,431
2026-03-18 13:01:00,109500,109500,109300,109300,417
2026-03-18 13:02:00,109200,109400,109000,109200,196
2026-03-18 13:03:00,109100,109200,109000,109200,64
2026-03-18 13:04:00,109000,109200,109000,109200,529
2026-03-18 13:05:00,109100,109100,108800,108900,497
2026-03-18 13:06:00,108800,108800,108700,108800,121
2026-03-18 13:07:00,108700,108800,108700,108700,221
2026-03-18 13:08:00,108700,108800,108600,108600,190
2026-03-18 13:09:00,108600,108700,108600,108650,148
2026-03-18 13:10:00,108650,108650,108500,108500,198
2026-03-18 13:11:00,108550,108700,108500,108650,309
2026-03-18 13:12:00,108600,108700,108600,108700,304
2026-03-18 13:13:00,108600,108700,108500,108500,413
2026-03-18 13:14:00,108600,108900,108600,108900,354
2026-03-18 13:15:00,108900,108900,108700,108800,72
2026-03-18 13:16:00,108800,108900,108700,108800,361
2026-03-18 13:17:00,108800,108800,108600,108700,83
2026-03-18 13:18:00,108700,108800,108600,108700,91
2026-03-18 13:19:00,108600,108800,108600,108800,132
2026-03-18 13:20:00,108800,108800,108300,108800,1214
2026-03-18 13:21:00,108800,108900,108500,108600,293
2026-03-18 13:22:00,108900,108900,108500,108700,366
2026-03-18 13:23:00,108800,109000,108600,108900,78
2026-03-18 13:24:00,109000,109100,108900,109000,167
2026-03-18 13:25:00,109100,109300,109000,109100,219
2026-03-18 13:26:00,109100,109300,109000,109000,306
2026-03-18 13:27:00,109000,109300,109000,109000,111
2026-03-18 13:28:00,109000,109000,108700,108800,281
2026-03-18 13:29:00,108700,108800,108700,108800,48
2026-03-18 13:30:00,108800,109200,108700,109100,272
2026-03-18 13:31:00,109100,109200,108900,109000,182
2026-03-18 13:32:00,109000,109100,108900,109100,89
2026-03-18 13:33:00,109100,109100,108700,108700,479
2026-03-18 13:34:00,109100,109200,109000,109000,108
2026-03-18 13:35:00,109000,109200,108900,109100,272
2026-03-18 13:36:00,109200,109200,109100,109100,36
2026-03-18 13:37:00,109100,109200,109000,109100,107
2026-03-18 13:38:00,109100,109100,109000,109000,43
2026-03-18 13:39:00,109000,109100,108700,108800,474
2026-03-18 13:40:00,108800,108800,108700,108800,69
2026-03-18 13:41:00,108700,108800,108700,108800,451
2026-03-18 13:42:00,108700,108800,108700,108700,51
2026-03-18 13:43:00,108700,108800,108600,108600,141
2026-03-18 13:44:00,108600,108700,108500,108600,233
2026-03-18 13:45:00,108600,109000,108600,108700,450
2026-03-18 13:46:00,108700,109000,108700,108800,71
2026-03-18 13:47:00,108800,109000,108800,108900,106
2026-03-18 13:48:00,108800,108900,108800,108800,111
2026-03-18 13:49:00,108800,108900,108800,108900,129
2026-03-18 13:50:00,108900,109300,108800,109300,180
2026-03-18 13:51:00,109200,109200,108800,108900,326
2026-03-18 13:52:00,108800,109100,108800,109000,99
2026-03-18 13:53:00,109000,109000,108800,108900,137
2026-03-18 13:54:00,108900,108900,108600,108700,219
2026-03-18 13:55:00,108600,108600,108500,108600,263
2026-03-18 13:56:00,108600,108900,108500,108700,594
2026-03-18 13:57:00,108600,108700,108500,108600,93
2026-03-18 13:58:00,108700,108900,108600,108600,640
2026-03-18 13:59:00,108600,109000,108600,108900,105
2026-03-18 14:00:00,108950,108950,108700,108700,63
2026-03-18 14:01:00,108700,108800,108700,108800,173
2026-03-18 14:02:00,108800,108800,108600,108700,145
2026-03-18 14:03:00,108700,108700,108600,108700,176
2026-03-18 14:04:00,108700,108700,108600,108700,610
2026-03-18 14:05:00,108600,108800,108600,108700,188
2026-03-18 14:06:00,108600,108800,108600,108700,311
2026-03-18 14:07:00,108800,108900,108800,108800,98
2026-03-18 14:08:00,108800,108900,108800,108900,139
2026-03-18 14:09:00,108800,108900,108700,108700,146
2026-03-18 14:10:00,108800,108800,108600,108600,451
2026-03-18 14:11:00,108700,108700,108600,108700,296
2026-03-18 14:12:00,108600,108700,108600,108700,118
2026-03-18 14:13:00,108700,108700,108600,108700,68
2026-03-18 14:14:00,108600,108700,108600,108700,134
2026-03-18 14:15:00,108700,108700,108600,108700,174
2026-03-18 14:16:00,108700,108700,108600,108700,550
2026-03-18 14:17:00,108600,108700,108600,108600,126
2026-03-18 14:18:00,108600,108700,108500,108600,771
2026-03-18 14:19:00,108500,108600,108300,108300,877
2026-03-18 14:20:00,108300,108400,108200,108200,671
2026-03-18 14:21:00,108200,108200,108100,108100,136
2026-03-18 14:22:00,108200,108200,108100,108200,164
2026-03-18 14:23:00,108100,108300,108100,108200,519
2026-03-18 14:24:00,108200,108200,108100,108200,336
2026-03-18 14:25:00,108200,108500,108200,108300,126
2026-03-18 14:26:00,108300,108300,108200,108300,74
2026-03-18 14:27:00,108200,108300,108200,108300,126
2026-03-18 14:28:00,108200,108300,108200,108300,44
2026-03-18 14:29:00,108200,108300,108100,108200,339
2026-03-18 14:30:00,108200,108200,108100,108200,395
2026-03-18 14:31:00,108200,108200,108100,108200,195
2026-03-18 14:32:00,108100,108200,107500,107500,1329
2026-03-18 14:33:00,107500,107500,107100,107200,1748
2026-03-18 14:34:00,107200,107300,107100,107100,299
2026-03-18 14:35:00,107200,107400,107100,107300,825
2026-03-18 14:36:00,107200,107500,107200,107500,675
2026-03-18 14:37:00,107500,107500,107300,107500,606
2026-03-18 14:38:00,107500,107500,107300,107400,190
2026-03-18 14:39:00,107300,107500,107200,107300,1096
2026-03-18 14:40:00,107400,108200,107300,107600,855
2026-03-18 14:41:00,107800,107800,107500,107500,804
2026-03-18 14:42:00,107400,107900,107400,107800,343
2026-03-18 14:43:00,107900,108300,107400,108000,1389
2026-03-18 14:44:00,108000,108000,107700,107800,464
2026-03-18 14:45:00,107700,107800,107400,107700,1444
2026-03-18 14:46:00,107500,108000,107500,107800,628
2026-03-18 14:47:00,107800,107900,107800,107800,407
2026-03-18 14:48:00,107800,107900,107600,107900,713
2026-03-18 14:49:00,107900,107900,107600,107600,532
2026-03-18 14:50:00,107700,107700,107300,107500,1180
2026-03-18 14:51:00,107500,107500,107400,107500,400
2026-03-18 14:52:00,107500,107500,107400,107400,219
2026-03-18 14:53:00,107500,107800,107400,107600,929
2026-03-18 14:54:00,107700,107800,107600,107800,378
2026-03-18 14:55:00,107800,107900,107700,107700,459
2026-03-18 14:56:00,107900,107900,107700,107800,343
2026-03-18 14:57:00,107800,107900,107700,107900,682
2026-03-18 14:58:00,107800,108100,107800,108100,471
2026-03-18 14:59:00,108000,108000,107900,107900,319
2026-03-18 15:00:00,107900,108000,107800,107900,1087
2026-03-18 15:01:00,107900,107900,107800,107900,246
2026-03-18 15:02:00,107800,107800,107400,107400,1669
2026-03-18 15:03:00,107500,107700,107300,107600,1050
2026-03-18 15:04:00,107600,107600,107400,107500,750
2026-03-18 15:05:00,107500,107900,107400,107600,1204
2026-03-18 15:06:00,107600,107800,107400,107500,1079
2026-03-18 15:07:00,107400,107700,107300,107700,1135
2026-03-18 15:08:00,107700,108000,107700,107700,1281
2026-03-18 15:09:00,107700,108000,107700,107800,460
2026-03-18 15:10:00,107900,108000,107700,107700,655
2026-03-18 15:11:00,107700,108300,107700,108100,1057
2026-03-18 15:12:00,108200,108400,108000,108000,924
2026-03-18 15:13:00,108100,108100,107800,108100,715
2026-03-18 15:14:00,108100,108500,107900,108100,1015
2026-03-18 15:15:00,108200,108300,107900,107900,1459
2026-03-18 15:16:00,108000,108400,107900,108300,947
2026-03-18 15:17:00,108300,109000,108200,108400,1156
2026-03-18 15:18:00,108400,108800,108200,108700,1200
2026-03-18 15:19:00,108400,108600,108200,108200,499
2026-03-18 15:30:00,108200,108200,108200,108200,2692
2026-03-18 15:35:00,108200,108200,108200,108200,3
2026-03-19 09:00:00,104400,104900,103800,104900,3239
2026-03-19 09:01:00,104900,105800,104900,105200,640
2026-03-19 09:02:00,105200,105400,105000,105200,329
2026-03-19 09:03:00,105300,105500,105000,105400,450
2026-03-19 09:04:00,105800,106800,105800,106300,656
2026-03-19 09:05:00,106300,106300,105400,105800,329
2026-03-19 09:06:00,105800,106300,105800,105800,637
2026-03-19 09:07:00,105800,105800,105200,105300,856
2026-03-19 09:08:00,105400,105800,105300,105600,125
2026-03-19 09:09:00,105700,106100,105400,105400,207
2026-03-19 09:10:00,105500,106500,105500,106100,856
2026-03-19 09:11:00,106100,106100,105500,105500,106
2026-03-19 09:12:00,105600,106000,105600,105800,218
2026-03-19 09:13:00,105800,106500,105800,106300,731
2026-03-19 09:14:00,106300,106600,106300,106500,1096
2026-03-19 09:15:00,106500,107200,106300,106900,1120
2026-03-19 09:16:00,107200,107600,107000,107100,540
2026-03-19 09:17:00,107100,107200,106400,106400,218
2026-03-19 09:18:00,106300,106600,106100,106100,757
2026-03-19 09:19:00,106100,106200,106000,106100,140
2026-03-19 09:20:00,106100,106100,105700,105900,486
2026-03-19 09:21:00,105900,106200,105700,105700,1276
2026-03-19 09:22:00,106000,106000,105400,105700,837
2026-03-19 09:23:00,105700,106100,105400,105900,1215
2026-03-19 09:24:00,105900,106500,105400,106400,906
2026-03-19 09:25:00,106400,106600,106300,106500,1103
2026-03-19 09:26:00,106500,106500,105800,106000,313
2026-03-19 09:27:00,105800,106200,105800,106200,382
2026-03-19 09:28:00,106100,106400,106100,106200,556
2026-03-19 09:29:00,106400,106400,106200,106200,24
2026-03-19 09:30:00,106300,106400,106300,106400,219
2026-03-19 09:31:00,106300,106400,106300,106300,322
2026-03-19 09:32:00,106300,106300,105900,105900,251
2026-03-19 09:33:00,105800,105900,105800,105900,68
2026-03-19 09:34:00,105800,105800,105700,105700,134
2026-03-19 09:35:00,105700,105800,105500,105700,329
2026-03-19 09:36:00,105600,106300,105600,106300,124
2026-03-19 09:37:00,106000,106400,106000,106400,25
2026-03-19 09:38:00,106100,106400,105700,105700,1008
2026-03-19 09:39:00,106300,106400,105700,105800,1090
2026-03-19 09:40:00,106000,108400,106000,108400,1879
2026-03-19 09:41:00,108200,108400,107200,107800,350
2026-03-19 09:42:00,107700,107700,107100,107300,250
2026-03-19 09:43:00,107300,107700,107300,107700,92
2026-03-19 09:44:00,107400,108000,107400,108000,59
2026-03-19 09:45:00,108000,108200,107800,108200,170
2026-03-19 09:46:00,108200,108800,108200,108700,747
2026-03-19 09:47:00,108800,108900,108300,108500,768
2026-03-19 09:48:00,108500,109200,108500,109100,682
2026-03-19 09:49:00,109200,109900,109200,109200,2303
2026-03-19 09:50:00,109200,109400,109000,109300,350
2026-03-19 09:51:00,109300,109600,109100,109500,278
2026-03-19 09:52:00,109600,110400,109600,110200,2300
2026-03-19 09:53:00,110200,110700,110100,110600,630
2026-03-19 09:54:00,110500,110600,109900,109900,1206
2026-03-19 09:55:00,109900,110000,109600,109900,316
2026-03-19 09:56:00,109800,110000,109500,110000,824
2026-03-19 09:57:00,109700,110000,109500,109600,288
2026-03-19 09:58:00,109700,109700,109000,109000,658
2026-03-19 09:59:00,109100,109400,109000,109400,509
2026-03-19 10:00:00,109200,109400,109000,109000,255
2026-03-19 10:01:00,109000,109100,108800,108900,1018
2026-03-19 10:02:00,108900,109000,108800,108900,990
2026-03-19 10:03:00,109000,109000,108800,108800,117
2026-03-19 10:04:00,108800,109000,108800,109000,215
2026-03-19 10:05:00,108900,109000,108900,108900,118
2026-03-19 10:06:00,108950,109050,108900,109000,299
2026-03-19 10:07:00,109000,109200,109000,109100,140
2026-03-19 10:08:00,109200,109500,109200,109500,432
2026-03-19 10:09:00,109500,109600,109500,109500,34
2026-03-19 10:10:00,109600,109700,109600,109700,182
2026-03-19 10:11:00,109600,109900,109600,109900,326
2026-03-19 10:12:00,109700,109900,109700,109800,55
2026-03-19 10:13:00,109800,109900,109800,109800,166
2026-03-19 10:14:00,109900,109900,109600,109800,408
2026-03-19 10:15:00,109700,109800,109500,109500,210
2026-03-19 10:16:00,109500,109500,109100,109200,452
2026-03-19 10:17:00,109200,109200,109100,109100,143
2026-03-19 10:18:00,109100,109300,109000,109200,238
2026-03-19 10:19:00,109200,109200,109100,109100,63
2026-03-19 10:20:00,109200,109400,109200,109200,415
2026-03-19 10:21:00,109200,109300,109200,109200,63
2026-03-19 10:22:00,109200,109200,109000,109000,348
2026-03-19 10:23:00,109100,109200,109100,109200,93
2026-03-19 10:24:00,109200,109400,109100,109300,275
2026-03-19 10:25:00,109300,109300,109200,109300,62
2026-03-19 10:26:00,109200,109300,109100,109100,124
2026-03-19 10:27:00,109200,109300,109100,109300,190
2026-03-19 10:28:00,109200,109400,109200,109400,264
2026-03-19 10:29:00,109400,109400,109200,109300,774
2026-03-19 10:30:00,109300,109500,109200,109500,204
2026-03-19 10:31:00,109300,109500,109200,109300,80
2026-03-19 10:32:00,109300,109400,109100,109200,464
2026-03-19 10:33:00,109300,109300,109100,109100,262
2026-03-19 10:34:00,109300,109300,109000,109300,251
2026-03-19 10:35:00,109100,109300,108900,109100,641
2026-03-19 10:36:00,109000,109200,109000,109100,78
2026-03-19 10:37:00,109200,109500,109200,109500,455
2026-03-19 10:38:00,109400,109500,109400,109500,1140
2026-03-19 10:39:00,109500,109900,109500,109700,3437
2026-03-19 10:40:00,109500,109700,109100,109100,1681
2026-03-19 10:41:00,109200,109200,108900,109000,372
2026-03-19 10:42:00,109100,109100,108900,108900,117
2026-03-19 10:43:00,109000,109000,108900,108900,704
2026-03-19 10:44:00,108900,108900,108500,108500,4360
2026-03-19 10:45:00,108600,108600,108500,108500,717
2026-03-19 10:46:00,108500,108700,108500,108600,304
2026-03-19 10:47:00,108600,108700,108500,108700,84
2026-03-19 10:48:00,108700,108700,108600,108700,225
2026-03-19 10:49:00,108800,109000,108800,108900,125
2026-03-19 10:50:00,108900,109000,108800,108800,274
2026-03-19 10:51:00,108800,108900,108700,108900,98
2026-03-19 10:52:00,108900,108900,108800,108800,46
2026-03-19 10:53:00,108800,108900,108500,108800,974
2026-03-19 10:54:00,108800,109000,108700,108700,142
2026-03-19 10:55:00,109000,109000,108500,108600,323
2026-03-19 10:56:00,108600,109100,108600,109100,257
2026-03-19 10:57:00,109100,109500,109000,109500,185
2026-03-19 10:58:00,109500,109600,109400,109600,393
2026-03-19 10:59:00,109500,109600,109200,109500,1137
2026-03-19 11:00:00,109500,109500,108900,109000,654
2026-03-19 11:01:00,108900,108900,108500,108700,493
2026-03-19 11:02:00,108600,108900,108600,108900,36
2026-03-19 11:03:00,108900,108900,108500,108600,177
2026-03-19 11:04:00,108600,108900,108600,108800,76
2026-03-19 11:05:00,108800,108900,108600,108600,344
2026-03-19 11:06:00,108700,108800,108600,108700,38
2026-03-19 11:07:00,108900,108900,108700,108900,92
2026-03-19 11:08:00,108900,108900,108700,108700,214
2026-03-19 11:09:00,108800,109500,108700,108800,155
2026-03-19 11:10:00,108900,109000,108800,109000,132
2026-03-19 11:11:00,108800,109200,108700,109200,98
2026-03-19 11:12:00,108800,108800,108600,108600,286
2026-03-19 11:13:00,108600,108600,108200,108300,1014
2026-03-19 11:14:00,108200,108300,108000,108000,653
2026-03-19 11:15:00,107900,108000,107800,107800,809
2026-03-19 11:16:00,107900,107900,107800,107800,236
2026-03-19 11:17:00,107800,108100,107800,107900,330
2026-03-19 11:18:00,107900,108400,107900,108200,31
2026-03-19 11:19:00,108100,108800,108100,108500,992
2026-03-19 11:20:00,108600,108900,108600,108600,100
2026-03-19 11:21:00,108600,108800,108600,108700,142
2026-03-19 11:22:00,108600,108700,108600,108700,155
2026-03-19 11:23:00,108700,108700,108600,108700,175
2026-03-19 11:24:00,108700,109100,108600,109100,80
2026-03-19 11:25:00,109000,109100,108600,108600,114
2026-03-19 11:26:00,108600,108700,108600,108600,236
2026-03-19 11:27:00,108600,109100,108600,108700,240
2026-03-19 11:28:00,108700,108700,108600,108700,133
2026-03-19 11:29:00,108600,108800,108600,108600,121
2026-03-19 11:30:00,108600,108600,108300,108600,485
2026-03-19 11:31:00,108500,108600,108400,108600,166
2026-03-19 11:32:00,108600,108600,108300,108500,120
2026-03-19 11:33:00,108400,108600,108400,108600,174
2026-03-19 11:34:00,108600,108900,108500,108900,246
2026-03-19 11:35:00,108800,108900,108700,108700,236
2026-03-19 11:36:00,108700,108700,108600,108700,210
2026-03-19 11:37:00,108600,108600,108500,108600,150
2026-03-19 11:38:00,108600,108700,108600,108600,210
2026-03-19 11:39:00,108600,108700,108400,108400,227
2026-03-19 11:40:00,108500,108700,108400,108600,227
2026-03-19 11:41:00,108700,108900,108500,108900,257
2026-03-19 11:42:00,108800,108800,108600,108600,63
2026-03-19 11:43:00,108700,108900,108500,108500,168
2026-03-19 11:44:00,108500,108600,108400,108400,257
2026-03-19 11:45:00,108500,109000,108400,108400,217
2026-03-19 11:46:00,108400,108500,108300,108300,172
2026-03-19 11:47:00,108300,108300,108200,108200,74
2026-03-19 11:48:00,108200,108300,108200,108200,230
2026-03-19 11:49:00,108200,108200,108000,108100,206
2026-03-19 11:50:00,108000,108100,108000,108100,211
2026-03-19 11:51:00,108000,108100,107900,108000,371
2026-03-19 11:52:00,108000,108300,107900,108300,375
2026-03-19 11:53:00,108300,108500,108300,108500,196
2026-03-19 11:54:00,108300,108600,108300,108600,248
2026-03-19 11:55:00,108500,108700,108300,108300,223
2026-03-19 11:56:00,108300,108400,108300,108300,215
2026-03-19 11:57:00,108300,108300,108200,108200,173
2026-03-19 11:58:00,108200,108300,108200,108200,149
2026-03-19 11:59:00,108200,108300,108100,108300,830
2026-03-19 12:00:00,108300,108700,108100,108300,231
2026-03-19 12:01:00,108400,108400,108200,108200,141
2026-03-19 12:02:00,108200,108300,108200,108300,260
2026-03-19 12:03:00,108200,108300,108200,108300,169
2026-03-19 12:04:00,108400,108700,108100,108100,157
2026-03-19 12:05:00,108300,108500,108100,108100,190
2026-03-19 12:06:00,108400,108400,108100,108200,605
2026-03-19 12:07:00,108200,108200,108100,108200,148
2026-03-19 12:08:00,108100,108300,108000,108200,161
2026-03-19 12:09:00,108300,108400,108200,108400,170
2026-03-19 12:10:00,108200,108600,108200,108300,85
2026-03-19 12:11:00,108400,108400,108300,108300,79
2026-03-19 12:12:00,108200,108300,108100,108200,103
2026-03-19 12:13:00,108200,108300,108100,108200,54
2026-03-19 12:14:00,108200,108300,108100,108300,99
2026-03-19 12:15:00,108200,108300,108100,108200,151
2026-03-19 12:16:00,108300,108600,108300,108600,118
2026-03-19 12:17:00,108600,108900,108500,108600,467
2026-03-19 12:18:00,108700,108900,108600,108600,461
2026-03-19 12:19:00,108800,108800,108600,108600,104
2026-03-19 12:20:00,108600,108700,108500,108500,415
2026-03-19 12:21:00,108900,108900,108500,108700,126
2026-03-19 12:22:00,108700,108700,108500,108500,123
2026-03-19 12:23:00,108500,108700,108400,108600,328
2026-03-19 12:24:00,108500,108600,108400,108500,283
2026-03-19 12:25:00,108400,108500,108300,108300,100
2026-03-19 12:26:00,108400,108600,108400,108500,187
2026-03-19 12:27:00,108500,108600,108400,108400,232
2026-03-19 12:28:00,108400,108800,108400,108400,160
2026-03-19 12:29:00,108400,108500,108300,108400,160
2026-03-19 12:30:00,108400,108500,108300,108400,208
2026-03-19 12:31:00,108300,108300,108100,108200,222
2026-03-19 12:32:00,108100,108100,108000,108100,123
2026-03-19 12:33:00,108000,108100,107900,107900,550
2026-03-19 12:34:00,107900,108000,107600,107700,971
2026-03-19 12:35:00,107800,107900,107700,107700,158
2026-03-19 12:36:00,107800,108100,107700,107700,226
2026-03-19 12:37:00,107800,108000,107600,107600,271
2026-03-19 12:38:00,107700,107700,107600,107700,104
2026-03-19 12:39:00,107800,107800,107600,107800,125
2026-03-19 12:40:00,108000,108000,107700,107700,174
2026-03-19 12:41:00,107800,108000,107700,108000,113
2026-03-19 12:42:00,107900,108000,107800,108000,48
2026-03-19 12:43:00,108100,108200,108000,108200,92
2026-03-19 12:44:00,108200,108200,108100,108100,47
2026-03-19 12:45:00,108100,108200,107900,108200,206
2026-03-19 12:46:00,107900,108100,107900,108000,17
2026-03-19 12:47:00,107900,108200,107900,107900,180
2026-03-19 12:48:00,107900,108000,107800,108000,59
2026-03-19 12:49:00,108000,108100,107800,107900,99
2026-03-19 12:50:00,107900,108000,107900,108000,77
2026-03-19 12:51:00,107900,108000,107900,108000,111
2026-03-19 12:52:00,108000,108000,107900,107900,70
2026-03-19 12:53:00,107900,108000,107900,107900,60
2026-03-19 12:54:00,107900,107900,107800,107800,87
2026-03-19 12:55:00,107800,108000,107800,107900,81
2026-03-19 12:56:00,108000,108000,107700,107900,188
2026-03-19 12:57:00,107800,108000,107700,107800,282
2026-03-19 12:58:00,107800,108000,107700,107700,106
2026-03-19 12:59:00,107800,107800,107700,107700,91
2026-03-19 13:00:00,107700,107800,107600,107700,147
2026-03-19 13:01:00,107700,107800,107700,107700,151
2026-03-19 13:02:00,107600,107700,107500,107600,236
2026-03-19 13:03:00,107500,107800,107500,107800,176
2026-03-19 13:04:00,107600,107600,107500,107600,195
2026-03-19 13:05:00,107600,107600,107500,107500,275
2026-03-19 13:06:00,107500,107600,107500,107500,55
2026-03-19 13:07:00,107400,107500,107400,107500,133
2026-03-19 13:08:00,107300,107400,107300,107400,144
2026-03-19 13:09:00,107400,107400,107200,107400,83
2026-03-19 13:10:00,107400,108100,107300,107700,285
2026-03-19 13:11:00,107600,107700,107400,107700,35
2026-03-19 13:12:00,107500,107600,107300,107400,136
2026-03-19 13:13:00,107400,107600,107300,107500,116
2026-03-19 13:14:00,107500,107600,107300,107600,189
2026-03-19 13:15:00,107600,107600,107400,107500,76
2026-03-19 13:16:00,107500,107700,107500,107500,204
2026-03-19 13:17:00,107700,107800,107500,107800,148
2026-03-19 13:18:00,107800,108300,107800,107900,120
2026-03-19 13:19:00,108200,108200,107800,107800,65
2026-03-19 13:20:00,108100,108100,107700,108000,82
2026-03-19 13:21:00,108000,108000,107800,107800,33
2026-03-19 13:22:00,107900,107900,107700,107800,134
2026-03-19 13:23:00,107800,108100,107800,108000,82
2026-03-19 13:24:00,108100,108100,107600,107700,218
2026-03-19 13:25:00,107700,107900,107700,107700,112
2026-03-19 13:26:00,107800,108000,107800,107900,71
2026-03-19 13:27:00,108000,108000,107600,107600,383
2026-03-19 13:28:00,107700,108000,107600,108000,69
2026-03-19 13:29:00,107900,108000,107700,107800,111
2026-03-19 13:30:00,107900,108000,107800,107900,94
2026-03-19 13:31:00,107800,108000,107700,108000,170
2026-03-19 13:32:00,108000,108000,107700,108000,103
2026-03-19 13:33:00,108000,108000,107800,107800,77
2026-03-19 13:34:00,107900,108000,107800,107800,98
2026-03-19 13:35:00,107900,108100,107800,107900,186
2026-03-19 13:36:00,108100,108100,107900,107900,56
2026-03-19 13:37:00,107900,107900,107700,107700,535
2026-03-19 13:38:00,107700,107800,107600,107600,73
2026-03-19 13:39:00,107700,107800,107600,107700,476
2026-03-19 13:40:00,107800,108000,107700,107800,160
2026-03-19 13:41:00,107800,107900,107600,107700,149
2026-03-19 13:42:00,107700,107900,107600,107700,158
2026-03-19 13:43:00,107600,107700,107600,107600,159
2026-03-19 13:44:00,107600,107800,107600,107800,87
2026-03-19 13:45:00,107800,107800,107700,107700,69
2026-03-19 13:46:00,107800,107800,107700,107700,206
2026-03-19 13:47:00,107800,107800,107600,107700,116
2026-03-19 13:48:00,107600,107700,107400,107600,2379
2026-03-19 13:49:00,107400,107600,107400,107600,227
2026-03-19 13:50:00,107600,108000,107500,108000,602
2026-03-19 13:51:00,107800,107800,107600,107800,179
2026-03-19 13:52:00,107700,107800,107700,107800,115
2026-03-19 13:53:00,107800,107900,107800,107800,74
2026-03-19 13:54:00,107800,107800,107500,107500,197
2026-03-19 13:55:00,107600,107600,107500,107600,158
2026-03-19 13:56:00,107600,107700,107500,107600,131
2026-03-19 13:57:00,107600,107800,107400,107400,693
2026-03-19 13:58:00,107400,107600,107400,107500,112
2026-03-19 13:59:00,107600,107700,107400,107700,205
2026-03-19 14:00:00,107600,107800,107500,107500,218
2026-03-19 14:01:00,107500,107500,107400,107500,178
2026-03-19 14:02:00,107500,107500,107400,107400,148
2026-03-19 14:03:00,107400,107500,107400,107500,139
2026-03-19 14:04:00,107400,107500,107400,107400,67
2026-03-19 14:05:00,107500,107500,107200,107200,525
2026-03-19 14:06:00,107200,107300,107200,107200,203
2026-03-19 14:07:00,107300,107300,107100,107100,475
2026-03-19 14:08:00,107200,107400,107000,107100,716
2026-03-19 14:09:00,107200,107300,107100,107300,182
2026-03-19 14:10:00,107300,107300,107200,107200,207
2026-03-19 14:11:00,107300,107300,107200,107300,112
2026-03-19 14:12:00,107300,107300,107200,107300,189
2026-03-19 14:13:00,107200,107300,107100,107300,326
2026-03-19 14:14:00,107100,107200,107100,107100,81
2026-03-19 14:15:00,107200,107200,107000,107000,200
2026-03-19 14:16:00,107100,107200,106900,106900,576
2026-03-19 14:17:00,106900,107000,106800,106800,392
2026-03-19 14:18:00,106900,107100,106900,106900,383
2026-03-19 14:19:00,107000,107200,106900,107200,145
2026-03-19 14:20:00,107100,107300,107000,107300,274
2026-03-19 14:21:00,107300,107600,107100,107100,346
2026-03-19 14:22:00,107200,107200,107000,107200,71
2026-03-19 14:23:00,107100,107200,107000,107100,195
2026-03-19 14:24:00,107100,107200,107000,107200,66
2026-03-19 14:25:00,107100,107200,107000,107000,194
2026-03-19 14:26:00,107200,107200,107100,107100,69
2026-03-19 14:27:00,107200,107500,107100,107500,198
2026-03-19 14:28:00,107300,107400,107100,107200,297
2026-03-19 14:29:00,107200,107200,107100,107200,116
2026-03-19 14:30:00,107100,107100,107000,107100,113
2026-03-19 14:31:00,107000,107100,106900,106950,189
2026-03-19 14:32:00,106950,107000,106800,106900,210
2026-03-19 14:33:00,106900,107000,106900,107000,72
2026-03-19 14:34:00,106900,107000,106900,106900,172
2026-03-19 14:35:00,107000,107000,106800,106800,299
2026-03-19 14:36:00,106800,107000,106700,106800,264
2026-03-19 14:37:00,106800,106900,106700,106800,376
2026-03-19 14:38:00,106800,106900,106800,106800,151
2026-03-19 14:39:00,106800,106900,106800,106900,221
2026-03-19 14:40:00,106900,106900,106700,106800,320
2026-03-19 14:41:00,106800,106900,106600,106600,215
2026-03-19 14:42:00,106700,106800,106500,106700,192
2026-03-19 14:43:00,106700,106900,106600,106900,416
2026-03-19 14:44:00,106900,106900,106700,106800,114
2026-03-19 14:45:00,106800,106900,106800,106900,166
2026-03-19 14:46:00,106900,107100,106700,107100,330
2026-03-19 14:47:00,107000,107100,107000,107100,245
2026-03-19 14:48:00,107100,107600,107100,107200,490
2026-03-19 14:49:00,107300,107600,107000,107200,328
2026-03-19 14:50:00,107200,107200,106900,107000,242
2026-03-19 14:51:00,106900,107100,106800,107100,291
2026-03-19 14:52:00,107100,107100,106900,107000,244
2026-03-19 14:53:00,107000,107000,106700,107000,241
2026-03-19 14:54:00,106900,107300,106700,107200,373
2026-03-19 14:55:00,107200,107200,106800,107000,354
2026-03-19 14:56:00,107000,107200,106800,106800,247
2026-03-19 14:57:00,106900,107100,106800,106900,287
2026-03-19 14:58:00,106900,107000,106700,107000,300
2026-03-19 14:59:00,106900,107000,106800,106900,449
2026-03-19 15:00:00,106900,107300,106700,107100,264
2026-03-19 15:01:00,106800,106900,106700,106800,351
2026-03-19 15:02:00,106700,106800,106700,106700,191
2026-03-19 15:03:00,106700,106800,106700,106800,122
2026-03-19 15:04:00,106700,106800,106600,106600,289
2026-03-19 15:05:00,106600,106800,106600,106800,159
2026-03-19 15:06:00,106900,107200,106700,106700,276
2026-03-19 15:07:00,106700,106800,106600,106600,129
2026-03-19 15:08:00,106700,107000,106600,106900,700
2026-03-19 15:09:00,106800,106900,106700,106800,287
2026-03-19 15:10:00,106700,106800,106500,106700,496
2026-03-19 15:11:00,106700,106800,106500,106700,273
2026-03-19 15:12:00,106700,106800,106700,106800,134
2026-03-19 15:13:00,106700,106800,106600,106700,313
2026-03-19 15:14:00,106700,107300,106700,106700,198
2026-03-19 15:15:00,106800,107300,106700,106700,585
2026-03-19 15:16:00,106700,107000,106600,106600,532
2026-03-19 15:17:00,106600,106900,106400,106900,530
2026-03-19 15:18:00,106700,107000,106600,106700,450
2026-03-19 15:19:00,106700,106900,106700,106800,356
2026-03-19 15:30:00,106800,106800,106800,106800,2576
2026-03-20 09:00:00,106800,107700,106100,106500,6416
2026-03-20 09:01:00,106500,106700,104400,105600,2801
2026-03-20 09:02:00,105500,105600,104300,104600,2206
2026-03-20 09:03:00,104600,105400,104400,104500,1013
2026-03-20 09:04:00,104500,105600,104500,105500,1173
2026-03-20 09:05:00,105500,105500,104900,105000,840
2026-03-20 09:06:00,105000,106100,105000,105700,351
2026-03-20 09:07:00,105500,105700,105100,105200,343
2026-03-20 09:08:00,105200,106300,105200,106300,200
2026-03-20 09:09:00,106300,106300,105500,105500,134
2026-03-20 09:10:00,105800,106400,105400,105500,730
2026-03-20 09:11:00,105500,106600,105500,106400,154
2026-03-20 09:12:00,106600,106700,105900,106300,366
2026-03-20 09:13:00,106000,106600,105900,106300,810
2026-03-20 09:14:00,106300,106800,106000,106100,553
2026-03-20 09:15:00,106600,106900,106100,106900,2366
2026-03-20 09:16:00,106900,107100,106800,106900,309
2026-03-20 09:17:00,106900,107400,106400,106600,398
2026-03-20 09:18:00,106800,107200,106800,106800,237
2026-03-20 09:19:00,106700,106900,106500,106600,256
2026-03-20 09:20:00,106500,106500,105900,106100,818
2026-03-20 09:21:00,106200,106200,105900,106000,200
2026-03-20 09:22:00,106100,106200,106000,106000,328
2026-03-20 09:23:00,106000,106600,106000,106400,442
2026-03-20 09:24:00,106300,106500,106000,106500,343
2026-03-20 09:25:00,106500,106800,106000,106600,4347
2026-03-20 09:26:00,106600,106800,106200,106200,221
2026-03-20 09:27:00,106200,106500,106200,106300,3316
2026-03-20 09:28:00,106400,106400,105900,105900,836
2026-03-20 09:29:00,106000,106100,105900,106100,650
2026-03-20 09:30:00,106000,106000,105800,105900,1007
2026-03-20 09:31:00,105900,106400,105800,106400,552
2026-03-20 09:32:00,106400,106400,105800,106000,218
2026-03-20 09:33:00,106000,106000,105900,105900,51
2026-03-20 09:34:00,105900,106000,105900,105900,149
2026-03-20 09:35:00,105900,105900,105900,105900,162
2026-03-20 09:36:00,105900,105900,105800,105800,82
2026-03-20 09:37:00,105900,106300,105900,106000,350
2026-03-20 09:38:00,106000,106400,106000,106100,247
2026-03-20 09:39:00,106100,106200,106100,106200,198
2026-03-20 09:40:00,106200,106500,106100,106400,163
2026-03-20 09:41:00,106400,106400,106300,106300,139
2026-03-20 09:42:00,106400,106400,106100,106300,132
2026-03-20 09:43:00,106300,106500,106200,106300,166
2026-03-20 09:44:00,106300,106400,106000,106100,432
2026-03-20 09:45:00,106100,106200,105600,105600,751
2026-03-20 09:46:00,105600,105700,105500,105500,483
2026-03-20 09:47:00,105700,105700,105600,105700,47
2026-03-20 09:48:00,105700,105900,105700,105900,227
2026-03-20 09:49:00,106000,106000,105900,106000,72
2026-03-20 09:50:00,106000,106000,105600,105800,237
2026-03-20 09:51:00,105800,105800,105400,105400,420
2026-03-20 09:52:00,105500,105700,105300,105300,222
2026-03-20 09:53:00,105300,105700,105300,105700,232
2026-03-20 09:54:00,105600,105800,105400,105800,447
2026-03-20 09:55:00,105800,105800,105400,105700,304
2026-03-20 09:56:00,105700,105800,105500,105800,251
2026-03-20 09:57:00,105700,105800,105600,105600,299
2026-03-20 09:58:00,105800,105800,105600,105700,268
2026-03-20 09:59:00,105700,105900,105700,105800,440
2026-03-20 10:00:00,105700,106000,105700,105800,247
2026-03-20 10:01:00,105800,105900,105700,105900,16
2026-03-20 10:02:00,105800,106200,105800,106200,186
2026-03-20 10:03:00,105900,106300,105900,106300,34
2026-03-20 10:04:00,106300,106800,106300,106800,461
2026-03-20 10:05:00,106800,107400,106800,107300,1558
2026-03-20 10:06:00,107300,107300,106900,106900,171
2026-03-20 10:07:00,106900,106900,106700,106700,107
2026-03-20 10:08:00,106800,106800,106700,106700,37
2026-03-20 10:09:00,106700,106700,106400,106700,198
2026-03-20 10:10:00,106600,106700,106400,106600,108
2026-03-20 10:11:00,106700,106800,106600,106700,314
2026-03-20 10:12:00,106600,106700,106600,106700,98
2026-03-20 10:13:00,107000,107200,107000,107100,306
2026-03-20 10:14:00,107000,107000,106800,106900,57
2026-03-20 10:15:00,107000,107000,106100,106200,306
2026-03-20 10:16:00,106200,106600,106200,106400,124
2026-03-20 10:17:00,106500,106500,106100,106100,211
2026-03-20 10:18:00,106100,106200,106100,106200,145
2026-03-20 10:19:00,106100,106700,106000,106300,482
2026-03-20 10:20:00,106300,106700,106100,106200,205
2026-03-20 10:21:00,106200,106400,106200,106400,79
2026-03-20 10:22:00,106300,106500,106300,106400,49
2026-03-20 10:23:00,106400,106400,105900,105900,627
2026-03-20 10:24:00,106200,106200,106000,106000,18
2026-03-20 10:25:00,106000,106100,106000,106100,80
2026-03-20 10:26:00,106000,106400,106000,106000,251
2026-03-20 10:27:00,106000,106000,105900,106000,93
2026-03-20 10:28:00,105900,106000,105900,105900,259
2026-03-20 10:29:00,105900,105900,105700,105700,317
2026-03-20 10:30:00,105700,105900,105700,105700,200
2026-03-20 10:31:00,105900,106500,105900,106000,192
2026-03-20 10:32:00,106000,106200,105900,106000,200
2026-03-20 10:33:00,106300,106400,106100,106100,110
2026-03-20 10:34:00,106200,106500,106200,106400,77
2026-03-20 10:35:00,106400,106600,106400,106600,97
2026-03-20 10:36:00,106800,106800,106600,106700,284
2026-03-20 10:37:00,106700,106700,106500,106600,135
2026-03-20 10:38:00,106700,106700,106600,106700,113
2026-03-20 10:39:00,106800,106800,106700,106800,88
2026-03-20 10:40:00,106800,106900,106700,106800,263
2026-03-20 10:41:00,106900,106900,106800,106900,41
2026-03-20 10:42:00,106800,107000,106800,107000,190
2026-03-20 10:43:00,106900,107100,106900,107100,1130
2026-03-20 10:44:00,107100,107100,107000,107100,282
2026-03-20 10:45:00,107100,107400,107100,107400,371
2026-03-20 10:46:00,107300,107400,107200,107200,343
2026-03-20 10:47:00,107200,107200,107100,107100,504
2026-03-20 10:48:00,107100,107250,107000,107200,166
2026-03-20 10:49:00,107200,107200,107100,107100,274
2026-03-20 10:50:00,107100,107200,107100,107100,323
2026-03-20 10:51:00,107100,107200,107100,107200,40
2026-03-20 10:52:00,107200,107200,107000,107000,150
2026-03-20 10:53:00,107000,107000,106700,106700,811
2026-03-20 10:54:00,106700,107300,106700,107100,813
2026-03-20 10:55:00,107300,107400,107200,107200,198
2026-03-20 10:56:00,107300,107300,107200,107200,43
2026-03-20 10:57:00,107300,107600,107300,107400,331
2026-03-20 10:58:00,107400,108000,107400,108000,1346
2026-03-20 10:59:00,108100,108400,108000,108200,295
2026-03-20 11:00:00,108300,108500,108300,108400,805
2026-03-20 11:01:00,108400,108500,108300,108400,168
2026-03-20 11:02:00,108400,108400,108000,108200,330
2026-03-20 11:03:00,108000,108500,108000,108400,279
2026-03-20 11:04:00,108400,108500,108400,108400,256
2026-03-20 11:05:00,108400,108800,108400,108500,699
2026-03-20 11:06:00,108600,109000,108600,109000,1428
2026-03-20 11:07:00,109000,109000,108800,108800,348
2026-03-20 11:08:00,108900,108900,108700,108900,581
2026-03-20 11:09:00,109000,109300,109000,109300,389
2026-03-20 11:10:00,109300,109500,109100,109400,548
2026-03-20 11:11:00,109300,109450,109300,109300,183
2026-03-20 11:12:00,109200,109500,109200,109500,452
2026-03-20 11:13:00,109400,109500,109400,109500,162
2026-03-20 11:14:00,109500,109900,109400,109700,1187
2026-03-20 11:15:00,109700,109900,109600,109800,1080
2026-03-20 11:16:00,109500,109500,109300,109500,580
2026-03-20 11:17:00,109600,109900,109600,109800,420
2026-03-20 11:18:00,109900,110000,109900,110000,767
2026-03-20 11:19:00,109900,110000,109600,109600,442
2026-03-20 11:20:00,109600,109600,109400,109400,219
2026-03-20 11:21:00,109500,109500,108400,108900,382
2026-03-20 11:22:00,109000,109100,108800,109000,147
2026-03-20 11:23:00,109100,109600,108800,109600,241
2026-03-20 11:24:00,109600,109800,109100,109200,742
2026-03-20 11:25:00,109200,109500,108900,109400,357
2026-03-20 11:26:00,109600,109800,109400,109700,286
2026-03-20 11:27:00,109700,110000,109500,109900,814
2026-03-20 11:28:00,110000,110400,109900,110400,992
2026-03-20 11:29:00,110400,110400,110200,110400,410
2026-03-20 11:30:00,110000,110300,110000,110100,421
2026-03-20 11:31:00,110000,110200,110000,110200,243
2026-03-20 11:32:00,110200,110200,109700,109800,339
2026-03-20 11:33:00,109800,110400,109800,110400,424
2026-03-20 11:34:00,110400,110700,110400,110600,587
2026-03-20 11:35:00,110600,111200,110600,111100,1328
2026-03-20 11:36:00,111150,112000,111100,111800,3983
2026-03-20 11:37:00,111800,111900,111400,111500,1031
2026-03-20 11:38:00,111400,111800,111400,111700,1046
2026-03-20 11:39:00,111800,111800,111500,111600,3702
2026-03-20 11:40:00,111600,111800,111600,111700,1005
2026-03-20 11:41:00,111700,111800,111700,111800,624
2026-03-20 11:42:00,111750,112000,111700,112000,1252
2026-03-20 11:43:00,111900,112000,111600,111600,608
2026-03-20 11:44:00,111600,111700,111200,111600,353
2026-03-20 11:45:00,111500,111600,111300,111300,292
2026-03-20 11:46:00,111400,111800,111300,111800,505
2026-03-20 11:47:00,111600,112000,111600,111900,225
2026-03-20 11:48:00,112000,112000,111800,111800,417
2026-03-20 11:49:00,111800,111900,111600,111600,306
2026-03-20 11:50:00,111700,111900,111700,111700,396
2026-03-20 11:51:00,111700,111800,111700,111700,353
2026-03-20 11:52:00,111700,111700,111600,111600,403
2026-03-20 11:53:00,111600,111600,111500,111600,310
2026-03-20 11:54:00,111600,111700,111200,111200,415
2026-03-20 11:55:00,111300,111500,111300,111500,262
2026-03-20 11:56:00,111400,111700,111400,111700,248
2026-03-20 11:57:00,111600,111800,111600,111800,288
2026-03-20 11:58:00,111700,111800,111600,111800,169
2026-03-20 11:59:00,111800,111800,111500,111600,372
2026-03-20 12:00:00,111600,111600,111300,111400,280
2026-03-20 12:01:00,111300,111500,111300,111500,166
2026-03-20 12:02:00,111500,111900,111200,111200,1130
2026-03-20 12:03:00,111300,111300,110200,111100,361
2026-03-20 12:04:00,110800,111000,110800,110800,80
2026-03-20 12:05:00,110800,110900,110600,110900,411
2026-03-20 12:06:00,110600,111500,110600,111400,393
2026-03-20 12:07:00,111300,111400,111100,111400,265
2026-03-20 12:08:00,111200,111400,111200,111300,168
2026-03-20 12:09:00,111200,111300,110800,110900,374
2026-03-20 12:10:00,110900,111200,110800,111100,241
2026-03-20 12:11:00,111100,111300,111100,111300,198
2026-03-20 12:12:00,111200,111300,111200,111200,161
2026-03-20 12:13:00,111200,111400,111100,111400,227
2026-03-20 12:14:00,111300,111400,111200,111300,199
2026-03-20 12:15:00,111200,111300,111200,111200,164
2026-03-20 12:16:00,111300,111400,111300,111300,100
2026-03-20 12:17:00,111400,111400,111200,111300,489
2026-03-20 12:18:00,111300,111400,111200,111400,493
2026-03-20 12:19:00,111300,111400,111300,111300,431
2026-03-20 12:20:00,111400,111400,111300,111400,184
2026-03-20 12:21:00,111300,111400,111300,111400,521
2026-03-20 12:22:00,111300,111400,111200,111200,240
2026-03-20 12:23:00,111300,111400,111200,111200,165
2026-03-20 12:24:00,111200,111300,111100,111200,235
2026-03-20 12:25:00,111200,111300,111200,111200,87
2026-03-20 12:26:00,111200,111300,111000,111100,292
2026-03-20 12:27:00,111100,111200,111100,111100,235
2026-03-20 12:28:00,111000,111200,110800,111200,490
2026-03-20 12:29:00,111200,111200,111100,111100,302
2026-03-20 12:30:00,111100,111200,111000,111100,316
2026-03-20 12:31:00,111100,111200,111000,111200,86
2026-03-20 12:32:00,111100,111200,110900,111100,522
2026-03-20 12:33:00,111100,111100,110900,111100,185
2026-03-20 12:34:00,111000,111100,111000,111000,135
2026-03-20 12:35:00,111100,111100,110900,110900,210
2026-03-20 12:36:00,110900,111200,110900,111200,337
2026-03-20 12:37:00,111100,111100,110600,110600,251
2026-03-20 12:38:00,110700,111000,110700,110900,142
2026-03-20 12:39:00,110900,111000,110800,110900,172
2026-03-20 12:40:00,110900,111000,110900,111000,24
2026-03-20 12:41:00,111000,111000,110900,111000,136
2026-03-20 12:42:00,110900,111300,110900,111300,1076
2026-03-20 12:43:00,111200,111300,111200,111200,189
2026-03-20 12:44:00,111300,111300,111000,111100,578
2026-03-20 12:45:00,111000,111100,110900,111100,275
2026-03-20 12:46:00,111100,111100,110800,110900,129
2026-03-20 12:47:00,110800,111000,110800,110900,174
2026-03-20 12:48:00,111000,111000,110900,110900,182
2026-03-20 12:49:00,111000,111000,110700,110700,329
2026-03-20 12:50:00,110700,110700,110600,110600,151
2026-03-20 12:51:00,110600,110600,110400,110400,618
2026-03-20 12:52:00,110400,110500,110400,110500,256
2026-03-20 12:53:00,110300,110600,110300,110600,491
2026-03-20 12:54:00,110700,110900,110700,110900,291
2026-03-20 12:55:00,110900,110900,110700,110700,222
2026-03-20 12:56:00,110700,110900,110700,110800,224
2026-03-20 12:57:00,110700,110800,110500,110700,225
2026-03-20 12:58:00,110700,110800,110500,110800,306
2026-03-20 12:59:00,110800,110900,110700,110900,241
2026-03-20 13:00:00,110900,110900,110800,110800,124
2026-03-20 13:01:00,110800,111000,110800,111000,232
2026-03-20 13:02:00,111000,111000,110900,110900,257
2026-03-20 13:03:00,110900,111100,110900,111100,457
2026-03-20 13:04:00,111000,111300,111000,111300,490
2026-03-20 13:05:00,111300,111400,111200,111400,284
2026-03-20 13:06:00,111300,111400,111100,111300,271
2026-03-20 13:07:00,111400,111400,111300,111300,227
2026-03-20 13:08:00,111400,111400,111200,111300,324
2026-03-20 13:09:00,111200,111400,111200,111300,244
2026-03-20 13:10:00,111200,111300,111200,111200,233
2026-03-20 13:11:00,111200,111400,111200,111300,405
2026-03-20 13:12:00,111400,111400,111200,111400,137
2026-03-20 13:13:00,111300,111400,111300,111300,93
2026-03-20 13:14:00,111300,111400,111300,111400,272
2026-03-20 13:15:00,111300,111400,111300,111400,167
2026-03-20 13:16:00,111300,111400,111300,111300,374
2026-03-20 13:17:00,111300,111400,111300,111400,282
2026-03-20 13:18:00,111300,111400,111200,111200,452
2026-03-20 13:19:00,111300,111300,111000,111000,409
2026-03-20 13:20:00,111000,111300,111000,111200,317
2026-03-20 13:21:00,111200,111200,111100,111200,523
2026-03-20 13:22:00,111200,111400,111100,111400,623
2026-03-20 13:23:00,111400,111700,111400,111600,1538
2026-03-20 13:24:00,111800,111900,111600,111800,500
2026-03-20 13:25:00,111700,111800,111700,111800,316
2026-03-20 13:26:00,111900,111900,111800,111900,308
2026-03-20 13:27:00,111800,112000,111800,112000,479
2026-03-20 13:28:00,111900,112000,111800,111800,307
2026-03-20 13:29:00,111800,112900,111800,112800,3837
2026-03-20 13:30:00,112800,113000,112800,112900,1038
2026-03-20 13:31:00,112900,113000,112600,112800,3486
2026-03-20 13:32:00,112700,112900,112700,112900,633
2026-03-20 13:33:00,112900,113000,112800,112900,672
2026-03-20 13:34:00,112900,113100,112900,113000,1004
2026-03-20 13:35:00,113000,113100,113000,113000,375
2026-03-20 13:36:00,113100,113100,112900,112900,325
2026-03-20 13:37:00,112900,113000,112900,113000,518
2026-03-20 13:38:00,113000,113000,112900,112900,329
2026-03-20 13:39:00,112900,113000,112800,112900,680
2026-03-20 13:40:00,113000,113100,112900,113000,478
2026-03-20 13:41:00,113000,113000,112900,113000,573
2026-03-20 13:42:00,113000,113000,112900,112900,218
2026-03-20 13:43:00,112900,113000,112900,112900,224
2026-03-20 13:44:00,112900,113000,112900,112900,626
2026-03-20 13:45:00,113000,113400,113000,113400,854
2026-03-20 13:46:00,113300,113400,113200,113200,502
2026-03-20 13:47:00,113300,113500,113100,113300,491
2026-03-20 13:48:00,113200,113400,112900,113400,804
2026-03-20 13:49:00,113300,113300,113000,113200,392
2026-03-20 13:50:00,113100,113200,112900,113000,376
2026-03-20 13:51:00,112900,113000,112800,112800,589
2026-03-20 13:52:00,112750,112900,112600,112900,518
2026-03-20 13:53:00,112800,112900,112500,112600,756
2026-03-20 13:54:00,112600,112600,112000,112100,1500
2026-03-20 13:55:00,112100,112300,111900,111900,537
2026-03-20 13:56:00,112000,112300,112000,112300,523
2026-03-20 13:57:00,112300,112500,112200,112500,386
2026-03-20 13:58:00,112500,112500,112400,112500,185
2026-03-20 13:59:00,112500,112700,112400,112700,531
2026-03-20 14:00:00,112500,112600,112000,112000,735
2026-03-20 14:01:00,112100,112700,112000,112200,516
2026-03-20 14:02:00,112200,112400,112200,112300,451
2026-03-20 14:03:00,112300,112600,112200,112200,582
2026-03-20 14:04:00,112300,112500,112200,112400,276
2026-03-20 14:05:00,112300,112400,111800,111900,866
2026-03-20 14:06:00,112000,112000,111500,111500,2296
2026-03-20 14:07:00,111500,111700,111300,111400,901
2026-03-20 14:08:00,111300,111900,111300,111600,800
2026-03-20 14:09:00,111500,111600,111300,111300,430
2026-03-20 14:10:00,111400,111600,111200,111500,307
2026-03-20 14:11:00,111500,111700,111400,111600,326
2026-03-20 14:12:00,111500,111800,111400,111500,333
2026-03-20 14:13:00,111500,111500,111200,111500,526
2026-03-20 14:14:00,111300,111800,111300,111800,603
2026-03-20 14:15:00,111700,112000,111700,112000,672
2026-03-20 14:16:00,111900,112100,111800,112000,419
2026-03-20 14:17:00,111800,112000,111600,111700,502
2026-03-20 14:18:00,111700,111900,111600,111600,367
2026-03-20 14:19:00,111700,111900,111600,111700,130
2026-03-20 14:20:00,111700,112000,111600,112000,573
2026-03-20 14:21:00,111900,112000,111700,111800,507
2026-03-20 14:22:00,111800,111900,111600,111800,261
2026-03-20 14:23:00,111800,111800,111500,111700,431
2026-03-20 14:24:00,111700,111900,111700,111800,303
2026-03-20 14:25:00,111900,112200,111800,111900,557
2026-03-20 14:26:00,111900,112200,111900,112200,290
2026-03-20 14:27:00,112100,112200,112000,112200,335
2026-03-20 14:28:00,112200,112300,111900,112200,364
2026-03-20 14:29:00,112200,112200,111900,112000,246
2026-03-20 14:30:00,112100,112200,111900,112000,577
2026-03-20 14:31:00,112000,112300,111800,111900,389
2026-03-20 14:32:00,112000,112100,111800,112100,457
2026-03-20 14:33:00,112100,112400,111900,111900,553
2026-03-20 14:34:00,111900,111900,111800,111900,217
2026-03-20 14:35:00,111800,111900,111500,111800,560
2026-03-20 14:36:00,111800,111900,111700,111800,383
2026-03-20 14:37:00,111800,111900,111800,111800,750
2026-03-20 14:38:00,111900,112000,111800,112000,219
2026-03-20 14:39:00,111950,112000,111800,111800,434
2026-03-20 14:40:00,111900,112000,111800,112000,262
2026-03-20 14:41:00,111700,112000,111500,111900,528
2026-03-20 14:42:00,111800,112000,111800,111900,224
2026-03-20 14:43:00,111800,112000,111800,111900,530
2026-03-20 14:44:00,111900,112000,111500,111900,492
2026-03-20 14:45:00,111900,112200,111800,111900,410
2026-03-20 14:46:00,111800,112000,111600,111900,237
2026-03-20 14:47:00,112000,112000,111900,111900,457
2026-03-20 14:48:00,111900,112000,111800,112000,411
2026-03-20 14:49:00,111900,112100,111700,112000,394
2026-03-20 14:50:00,112000,112000,111700,112000,544
2026-03-20 14:51:00,112000,112100,111900,111900,316
2026-03-20 14:52:00,112000,112100,111800,111900,355
2026-03-20 14:53:00,111900,111900,111600,111800,452
2026-03-20 14:54:00,111900,112100,111700,112000,495
2026-03-20 14:55:00,111900,112300,111800,111900,425
2026-03-20 14:56:00,111800,112000,111500,111700,490
2026-03-20 14:57:00,111600,111800,111400,111600,518
2026-03-20 14:58:00,111700,111700,111400,111400,548
2026-03-20 14:59:00,111400,111700,111300,111300,394
2026-03-20 15:00:00,111400,111600,111300,111500,621
2026-03-20 15:01:00,111500,111500,111200,111300,354
2026-03-20 15:02:00,111300,111300,111200,111200,466
2026-03-20 15:03:00,111200,111500,111200,111300,526
2026-03-20 15:04:00,111300,111600,111200,111600,379
2026-03-20 15:05:00,111500,111600,111300,111300,532
2026-03-20 15:06:00,111500,111600,111300,111500,443
2026-03-20 15:07:00,111500,111500,111200,111200,364
2026-03-20 15:08:00,111200,111500,111200,111500,373
2026-03-20 15:09:00,111500,111600,111400,111600,341
2026-03-20 15:10:00,111600,111700,111300,111400,610
2026-03-20 15:11:00,111400,111500,111300,111300,460
2026-03-20 15:12:00,111300,111500,111200,111500,391
2026-03-20 15:13:00,111300,111500,111300,111500,315
2026-03-20 15:14:00,111500,111600,111300,111500,300
2026-03-20 15:15:00,111400,111600,111300,111500,538
2026-03-20 15:16:00,111500,111700,111400,111700,513
2026-03-20 15:17:00,111700,111700,111400,111500,549
2026-03-20 15:18:00,111500,111600,111400,111600,261
2026-03-20 15:19:00,111600,111600,111400,111600,178
2026-03-20 15:30:00,111400,111400,111400,111400,1872
2026-03-20 15:35:00,111400,111400,111400,111400,20
2026-03-23 09:00:00,107600,108900,107000,108200,3321
2026-03-23 09:01:00,108300,110600,108300,109800,2185
2026-03-23 09:02:00,109300,110800,109300,110200,2057
2026-03-23 09:03:00,110200,110500,109700,110200,775
2026-03-23 09:04:00,110300,111700,110100,111200,3494
2026-03-23 09:05:00,111000,111000,110200,110200,1561
2026-03-23 09:06:00,110200,110400,108200,109000,1838
2026-03-23 09:07:00,108400,109800,107800,109500,972
2026-03-23 09:08:00,109600,109600,108300,108500,728
2026-03-23 09:09:00,108300,109300,107700,108600,649
2026-03-23 09:10:00,108500,109300,108400,108700,158
2026-03-23 09:11:00,108600,109500,108600,109100,435
2026-03-23 09:12:00,109100,109300,108700,109200,363
2026-03-23 09:13:00,109200,109800,108800,109600,1214
2026-03-23 09:14:00,109800,109800,108700,108900,1029
2026-03-23 09:15:00,108800,108900,108700,108800,304
2026-03-23 09:16:00,108900,109100,108500,108500,234
2026-03-23 09:17:00,108500,109400,108500,109000,640
2026-03-23 09:18:00,109000,109400,108500,109400,1437
2026-03-23 09:19:00,109800,109800,109300,109600,359
2026-03-23 09:20:00,109800,109800,109600,109600,640
2026-03-23 09:21:00,109550,109600,109300,109300,667
2026-03-23 09:22:00,109300,109400,109000,109000,710
2026-03-23 09:23:00,109000,109100,108300,108300,767
2026-03-23 09:24:00,108500,108700,108200,108300,202
2026-03-23 09:25:00,108200,108400,108100,108100,178
2026-03-23 09:26:00,108200,108300,108100,108100,100
2026-03-23 09:27:00,108200,108200,108000,108100,433
2026-03-23 09:28:00,108100,108100,108100,108100,185
2026-03-23 09:29:00,108000,108100,107800,107800,494
2026-03-23 09:30:00,107800,108000,107800,107900,64
2026-03-23 09:31:00,107900,108200,107900,108000,277
2026-03-23 09:32:00,108000,108100,107800,108000,148
2026-03-23 09:33:00,108000,108000,107600,107600,487
2026-03-23 09:34:00,107600,107800,107600,107700,108
2026-03-23 09:35:00,107700,107800,107000,107400,2642
2026-03-23 09:36:00,107100,107400,106600,106700,921
2026-03-23 09:37:00,106800,107500,106700,106700,383
2026-03-23 09:38:00,106800,107300,106500,106500,423
2026-03-23 09:39:00,106500,107100,106500,106700,328
2026-03-23 09:40:00,106700,106900,106200,106900,2543
2026-03-23 09:41:00,106800,106900,106400,106900,643
2026-03-23 09:42:00,106900,106900,106300,106400,99
2026-03-23 09:43:00,106300,106500,105700,105800,1926
2026-03-23 09:44:00,105800,106300,105800,106200,258
2026-03-23 09:45:00,106200,106200,105500,105700,1349
2026-03-23 09:46:00,105700,105700,105300,105600,305
2026-03-23 09:47:00,105700,105700,105200,105300,440
2026-03-23 09:48:00,105300,105500,104900,105000,1090
2026-03-23 09:49:00,104900,105200,104900,105100,667
2026-03-23 09:50:00,105100,105400,105000,105200,3596
2026-03-23 09:51:00,105100,105400,105000,105100,897
2026-03-23 09:52:00,105100,105100,104600,104600,771
2026-03-23 09:53:00,104500,105000,104300,105000,1981
2026-03-23 09:54:00,104800,104800,104000,104000,631
2026-03-23 09:55:00,104100,104600,103700,103900,2746
2026-03-23 09:56:00,104000,104400,103900,104400,486
2026-03-23 09:57:00,104400,104400,104100,104200,683
2026-03-23 09:58:00,104200,104600,104100,104500,660
2026-03-23 09:59:00,104300,104400,104100,104100,316
2026-03-23 10:00:00,104100,104300,104100,104100,673
2026-03-23 10:01:00,104300,104500,104000,104300,2857
2026-03-23 10:02:00,104300,104400,104000,104300,382
2026-03-23 10:03:00,104300,104600,104200,104300,300
2026-03-23 10:04:00,104300,104800,104300,104700,293
2026-03-23 10:05:00,104700,105000,104100,105000,769
2026-03-23 10:06:00,104600,104800,104300,104600,584
2026-03-23 10:07:00,104600,105100,104300,105000,379
2026-03-23 10:08:00,105100,105500,105100,105300,397
2026-03-23 10:09:00,105400,105500,105200,105400,548
2026-03-23 10:10:00,105300,106100,105300,106100,1809
2026-03-23 10:11:00,106100,106500,106000,106400,619
2026-03-23 10:12:00,106300,106500,106000,106000,391
2026-03-23 10:13:00,105900,105900,105500,105800,323
2026-03-23 10:14:00,105800,105900,105200,105200,285
2026-03-23 10:15:00,105600,105700,105400,105600,404
2026-03-23 10:16:00,105700,106400,105700,106200,334
2026-03-23 10:17:00,106200,106300,106000,106200,321
2026-03-23 10:18:00,106100,106100,105800,106100,560
2026-03-23 10:19:00,106100,106900,106000,106900,765
2026-03-23 10:20:00,106900,107100,106200,107000,357
2026-03-23 10:21:00,107100,107300,106800,107100,406
2026-03-23 10:22:00,106900,107400,106500,106900,535
2026-03-23 10:23:00,107000,107400,106600,107100,435
2026-03-23 10:24:00,107000,107300,106500,107100,806
2026-03-23 10:25:00,107100,107800,106900,107600,806
2026-03-23 10:26:00,107500,107700,107400,107600,528
2026-03-23 10:27:00,107700,107800,107500,107700,392
2026-03-23 10:28:00,107700,107700,107100,107100,591
2026-03-23 10:29:00,107200,107200,107000,107100,450
2026-03-23 10:30:00,107100,107200,107000,107100,168
2026-03-23 10:31:00,107100,107600,106900,107300,695
2026-03-23 10:32:00,107300,107500,107000,107000,290
2026-03-23 10:33:00,106900,107200,106400,106500,876
2026-03-23 10:34:00,106400,106500,106100,106200,390
2026-03-23 10:35:00,106200,106300,106100,106200,111
2026-03-23 10:36:00,106200,106400,106000,106300,412
2026-03-23 10:37:00,106200,106900,106100,106900,476
2026-03-23 10:38:00,106800,106900,106600,106700,146
2026-03-23 10:39:00,106600,106700,106500,106600,97
2026-03-23 10:40:00,106700,106900,106600,106800,135
2026-03-23 10:41:00,106900,107100,106900,106900,96
2026-03-23 10:42:00,107200,107300,106800,106900,318
2026-03-23 10:43:00,107000,107100,106500,106700,369
2026-03-23 10:44:00,106600,106700,106400,106600,284
2026-03-23 10:45:00,106600,106800,106500,106500,142
2026-03-23 10:46:00,106500,106600,106300,106300,346
2026-03-23 10:47:00,106400,106800,106300,106300,380
2026-03-23 10:48:00,106400,106500,106300,106400,117
2026-03-23 10:49:00,106400,106500,106300,106400,168
2026-03-23 10:50:00,106300,106500,106300,106300,124
2026-03-23 10:51:00,106400,106500,106300,106400,120
2026-03-23 10:52:00,106400,106600,106400,106600,71
2026-03-23 10:53:00,106500,106500,106100,106200,491
2026-03-23 10:54:00,106200,106200,106100,106200,120
2026-03-23 10:55:00,106200,106600,106200,106600,199
2026-03-23 10:56:00,106600,106600,106200,106200,105
2026-03-23 10:57:00,106300,106500,106200,106500,220
2026-03-23 10:58:00,106500,106500,106200,106200,260
2026-03-23 10:59:00,106200,106300,106200,106300,100
2026-03-23 11:00:00,106300,106300,106200,106300,94
2026-03-23 11:01:00,106200,106600,106100,106600,233
2026-03-23 11:02:00,106400,106600,106300,106600,58
2026-03-23 11:03:00,106400,106500,106200,106200,595
2026-03-23 11:04:00,106300,106300,106100,106300,81
2026-03-23 11:05:00,106300,106300,106200,106300,64
2026-03-23 11:06:00,106300,106400,106200,106200,104
2026-03-23 11:07:00,106200,106900,106200,106800,295
2026-03-23 11:08:00,106700,106900,106600,106800,125
2026-03-23 11:09:00,106800,106800,106500,106600,454
2026-03-23 11:10:00,106600,106800,106400,106500,329
2026-03-23 11:11:00,106500,106600,106300,106400,427
2026-03-23 11:12:00,106300,106500,106300,106300,349
2026-03-23 11:13:00,106300,106400,106100,106100,500
2026-03-23 11:14:00,106000,106300,106000,106100,752
2026-03-23 11:15:00,106000,106200,106000,106100,149
2026-03-23 11:16:00,106100,106200,105900,106100,294
2026-03-23 11:17:00,106100,106300,106000,106300,319
2026-03-23 11:18:00,106200,106300,106000,106200,347
2026-03-23 11:19:00,106100,106300,105900,106100,554
2026-03-23 11:20:00,106100,106100,105900,106000,381
2026-03-23 11:21:00,106100,106300,106000,106300,215
2026-03-23 11:22:00,106300,106400,106300,106300,229
2026-03-23 11:23:00,106300,106400,106100,106200,168
2026-03-23 11:24:00,106300,106400,106100,106100,250
2026-03-23 11:25:00,106100,106100,106000,106100,233
2026-03-23 11:26:00,106100,106300,106000,106300,170
2026-03-23 11:27:00,106300,106300,105800,105800,1616
2026-03-23 11:28:00,105800,105800,105500,105600,261
2026-03-23 11:29:00,105600,105600,105500,105600,239
2026-03-23 11:30:00,105500,105600,105200,105400,1047
2026-03-23 11:31:00,105500,105500,105200,105500,376
2026-03-23 11:32:00,105500,105600,105200,105500,536
2026-03-23 11:33:00,105500,105600,105500,105500,94
2026-03-23 11:34:00,105600,105600,105400,105400,253
2026-03-23 11:35:00,105500,105600,105400,105600,256
2026-03-23 11:36:00,105500,105700,105300,105300,539
2026-03-23 11:37:00,105300,105500,105300,105400,192
2026-03-23 11:38:00,105400,105500,105200,105300,135
2026-03-23 11:39:00,105300,105500,105200,105200,368
2026-03-23 11:40:00,105400,105400,105100,105100,305
2026-03-23 11:41:00,105400,105500,105300,105500,162
2026-03-23 11:42:00,105300,105500,105100,105400,216
2026-03-23 11:43:00,105400,105500,105300,105300,129
2026-03-23 11:44:00,105400,105500,105200,105200,277
2026-03-23 11:45:00,105200,105300,105200,105200,70
2026-03-23 11:46:00,105300,105300,105100,105100,199
2026-03-23 11:47:00,105200,105300,105000,105300,388
2026-03-23 11:48:00,105200,105500,105200,105400,70
2026-03-23 11:49:00,105400,105500,105200,105300,197
2026-03-23 11:50:00,105300,105400,105200,105300,73
2026-03-23 11:51:00,105300,105400,105300,105400,137
2026-03-23 11:52:00,105500,105500,105100,105300,210
2026-03-23 11:53:00,105400,105400,105000,105100,513
2026-03-23 11:54:00,105100,105100,105000,105000,86
2026-03-23 11:55:00,105100,105100,105000,105100,153
2026-03-23 11:56:00,105100,105300,105100,105300,78
2026-03-23 11:57:00,105200,105300,105200,105200,208
2026-03-23 11:58:00,105400,105400,105200,105300,83
2026-03-23 11:59:00,105400,105500,105300,105500,83
2026-03-23 12:00:00,105400,105500,105200,105200,135
2026-03-23 12:01:00,105500,105600,105200,105600,191
2026-03-23 12:02:00,105400,105700,105200,105700,116
2026-03-23 12:03:00,105600,105800,105500,105600,82
2026-03-23 12:04:00,105600,105600,105100,105400,265
2026-03-23 12:05:00,105400,105400,104900,104900,210
2026-03-23 12:06:00,105000,105200,104900,105200,289
2026-03-23 12:07:00,105300,105400,105200,105300,107
2026-03-23 12:08:00,105400,105400,105300,105400,67
2026-03-23 12:09:00,105400,105500,105300,105400,94
2026-03-23 12:10:00,105400,105500,105400,105400,118
2026-03-23 12:11:00,105500,105600,105200,105400,470
2026-03-23 12:12:00,105300,105500,105200,105400,192
2026-03-23 12:13:00,105300,105400,105300,105400,87
2026-03-23 12:14:00,105300,105500,105100,105500,219
2026-03-23 12:15:00,105300,105500,105100,105200,266
2026-03-23 12:16:00,105200,105500,105100,105200,139
2026-03-23 12:17:00,105100,105300,105100,105300,226
2026-03-23 12:18:00,105400,105400,105100,105200,103
2026-03-23 12:19:00,105100,105400,105100,105300,204
2026-03-23 12:20:00,105200,105300,105100,105200,96
2026-03-23 12:21:00,105200,105600,105200,105400,266
2026-03-23 12:22:00,105300,105700,105200,105700,272
2026-03-23 12:23:00,105600,105600,105200,105400,363
2026-03-23 12:24:00,105300,105400,105200,105300,129
2026-03-23 12:25:00,105400,105400,105300,105400,117
2026-03-23 12:26:00,105300,105500,105100,105400,166
2026-03-23 12:27:00,105400,105600,105400,105500,153
2026-03-23 12:28:00,105500,105600,105100,105100,241
2026-03-23 12:29:00,105100,105500,105100,105200,638
2026-03-23 12:30:00,105100,105300,105000,105100,298
2026-03-23 12:31:00,105300,105500,105100,105400,298
2026-03-23 12:32:00,105400,105500,105300,105400,122
2026-03-23 12:33:00,105400,105500,105100,105400,154
2026-03-23 12:34:00,105300,105300,105100,105200,145
2026-03-23 12:35:00,105300,105300,105100,105200,327
2026-03-23 12:36:00,105200,105300,105100,105200,65
2026-03-23 12:37:00,105200,105400,105200,105400,246
2026-03-23 12:38:00,105400,105400,105300,105400,90
2026-03-23 12:39:00,105400,105500,105200,105500,116
2026-03-23 12:40:00,105500,105500,105300,105300,191
2026-03-23 12:41:00,105300,105400,105100,105200,321
2026-03-23 12:42:00,105100,105200,104900,105200,539
2026-03-23 12:43:00,105200,105400,104900,105400,578
2026-03-23 12:44:00,105300,105400,105200,105300,160
2026-03-23 12:45:00,105300,105400,105200,105300,105
2026-03-23 12:46:00,105400,105600,105300,105600,258
2026-03-23 12:47:00,105500,105600,105500,105600,102
2026-03-23 12:48:00,105600,105600,105300,105300,293
2026-03-23 12:49:00,105200,105300,105000,105200,181
2026-03-23 12:50:00,105200,105200,104900,105100,99
2026-03-23 12:51:00,105000,105300,104900,105100,131
2026-03-23 12:52:00,105100,105200,104900,104900,234
2026-03-23 12:53:00,105000,105000,104900,105000,197
2026-03-23 12:54:00,104900,105000,104800,104900,347
2026-03-23 12:55:00,104900,105000,104900,104900,255
2026-03-23 12:56:00,104900,105000,104900,104900,239
2026-03-23 12:57:00,104900,105000,104900,104900,60
2026-03-23 12:58:00,104900,105000,104900,105000,206
2026-03-23 12:59:00,104900,105200,104900,105100,182
2026-03-23 13:00:00,105100,105200,105000,105100,107
2026-03-23 13:01:00,105000,105100,104900,105000,120
2026-03-23 13:02:00,105000,105200,105000,105100,152
2026-03-23 13:03:00,105200,105300,105000,105000,192
2026-03-23 13:04:00,105100,105100,104900,105000,107
2026-03-23 13:05:00,105000,105100,104900,105000,159
2026-03-23 13:06:00,105000,105200,104700,104700,589
2026-03-23 13:07:00,104600,104700,104000,104600,815
2026-03-23 13:08:00,104700,104800,104000,104400,254
2026-03-23 13:09:00,104400,105000,104400,104600,359
2026-03-23 13:10:00,104700,104900,104700,104900,145
2026-03-23 13:11:00,104700,105400,104700,105200,120
2026-03-23 13:12:00,105100,105200,105000,105200,214
2026-03-23 13:13:00,105100,105200,105100,105100,120
2026-03-23 13:14:00,105100,105300,105100,105200,319
2026-03-23 13:15:00,105200,105300,104800,105300,203
2026-03-23 13:16:00,105300,105300,104900,105000,282
2026-03-23 13:17:00,105100,105100,104800,104900,1071
2026-03-23 13:18:00,105000,105300,105000,105300,158
2026-03-23 13:19:00,105200,105300,104800,105200,288
2026-03-23 13:20:00,105200,105300,105100,105200,184
2026-03-23 13:21:00,105200,105800,105200,105700,227
2026-03-23 13:22:00,105800,105800,105700,105800,166
2026-03-23 13:23:00,105800,105800,105700,105800,390
2026-03-23 13:24:00,105800,106200,105700,106100,566
2026-03-23 13:25:00,106100,106300,106000,106000,167
2026-03-23 13:26:00,106100,106400,105800,105900,735
2026-03-23 13:27:00,106000,106000,105800,105800,185
2026-03-23 13:28:00,105700,105800,105600,105700,156
2026-03-23 13:29:00,105800,105900,105700,105900,208
2026-03-23 13:30:00,105800,105900,105600,105600,227
2026-03-23 13:31:00,105700,105700,105300,105400,327
2026-03-23 13:32:00,105400,105600,105100,105400,195
2026-03-23 13:33:00,105500,105600,105100,105400,266
2026-03-23 13:34:00,105400,105400,105200,105300,167
2026-03-23 13:35:00,105400,105600,105400,105400,132
2026-03-23 13:36:00,105500,105500,105100,105400,276
2026-03-23 13:37:00,105400,105500,105300,105400,174
2026-03-23 13:38:00,105300,105500,105300,105300,236
2026-03-23 13:39:00,105300,105500,105300,105500,172
2026-03-23 13:40:00,105500,105500,105400,105500,213
2026-03-23 13:41:00,105400,105500,105400,105500,193
2026-03-23 13:42:00,105500,105600,105400,105500,147
2026-03-23 13:43:00,105600,105800,105500,105600,279
2026-03-23 13:44:00,105600,105600,105500,105600,168
2026-03-23 13:45:00,105700,105700,105500,105500,333
2026-03-23 13:46:00,105500,105600,105400,105400,300
2026-03-23 13:47:00,105400,105500,105300,105400,277
2026-03-23 13:48:00,105300,105500,105300,105500,320
2026-03-23 13:49:00,105500,105500,105300,105500,154
2026-03-23 13:50:00,105400,105500,105300,105500,279
2026-03-23 13:51:00,105500,105700,105400,105700,359
2026-03-23 13:52:00,105500,105700,105500,105700,162
2026-03-23 13:53:00,105700,105700,105400,105600,284
2026-03-23 13:54:00,105600,105600,105300,105500,367
2026-03-23 13:55:00,105500,105500,105300,105400,289
2026-03-23 13:56:00,105400,105600,105200,105500,239
2026-03-23 13:57:00,105400,105500,105300,105400,223
2026-03-23 13:58:00,105500,105500,105400,105500,190
2026-03-23 13:59:00,105500,105500,105400,105400,311
2026-03-23 14:00:00,105400,105500,105400,105500,118
2026-03-23 14:01:00,105600,105900,105500,105900,707
2026-03-23 14:02:00,105900,106100,105800,106100,691
2026-03-23 14:03:00,106100,106200,105900,106000,402
2026-03-23 14:04:00,105900,106000,105800,105900,257
2026-03-23 14:05:00,106000,106000,105900,106000,237
2026-03-23 14:06:00,106000,106000,105900,106000,269
2026-03-23 14:07:00,106000,106000,105700,105900,255
2026-03-23 14:08:00,105900,106200,105900,106100,319
2026-03-23 14:09:00,106100,106200,105900,106000,548
2026-03-23 14:10:00,105900,106100,105700,105800,269
2026-03-23 14:11:00,105700,105900,105600,105800,323
2026-03-23 14:12:00,105800,106000,105800,105900,153
2026-03-23 14:13:00,105900,106000,105800,105900,180
2026-03-23 14:14:00,106100,106100,105800,105800,203
2026-03-23 14:15:00,105800,106000,105700,105700,329
2026-03-23 14:16:00,105600,105800,105500,105700,296
2026-03-23 14:17:00,105700,105800,105600,105700,168
2026-03-23 14:18:00,105600,105900,105500,105700,417
2026-03-23 14:19:00,105600,105600,105400,105500,206
2026-03-23 14:20:00,105600,106000,105200,105300,511
2026-03-23 14:21:00,105300,105600,105100,105400,313
2026-03-23 14:22:00,105400,105400,105300,105300,331
2026-03-23 14:23:00,105300,105300,105100,105300,518
2026-03-23 14:24:00,105200,105400,105100,105200,177
2026-03-23 14:25:00,105300,105300,105000,105100,287
2026-03-23 14:26:00,105100,105500,105000,105500,424
2026-03-23 14:27:00,105400,105400,105000,105400,127
2026-03-23 14:28:00,105300,105400,105200,105300,288
2026-03-23 14:29:00,105300,105500,105200,105300,257
2026-03-23 14:30:00,105200,105400,105000,105000,426
2026-03-23 14:31:00,105200,105300,105100,105200,285
2026-03-23 14:32:00,105200,105300,105100,105200,130
2026-03-23 14:33:00,105100,105300,105100,105200,283
2026-03-23 14:34:00,105300,105300,105100,105100,206
2026-03-23 14:35:00,105100,105300,105000,105200,230
2026-03-23 14:36:00,105000,105300,105000,105200,241
2026-03-23 14:37:00,105400,105500,105200,105500,274
2026-03-23 14:38:00,105500,105500,105200,105400,525
2026-03-23 14:39:00,105300,105400,105100,105300,153
2026-03-23 14:40:00,105300,105600,105100,105100,293
2026-03-23 14:41:00,105300,105300,105100,105200,170
2026-03-23 14:42:00,105300,105400,105100,105200,257
2026-03-23 14:43:00,105100,105200,105000,105100,637
2026-03-23 14:44:00,105000,105200,104800,104900,351
2026-03-23 14:45:00,104900,104900,104500,104600,572
2026-03-23 14:46:00,104600,104900,104500,104800,686
2026-03-23 14:47:00,104900,105100,104900,105000,606
2026-03-23 14:48:00,104900,105000,104850,104900,628
2026-03-23 14:49:00,105000,105000,104500,104900,545
2026-03-23 14:50:00,104800,105000,104700,104800,601
2026-03-23 14:51:00,104800,105100,104700,105100,821
2026-03-23 14:52:00,105100,105100,104800,104900,506
2026-03-23 14:53:00,104900,105000,104600,105000,475
2026-03-23 14:54:00,105000,105400,104900,104900,1010
2026-03-23 14:55:00,105000,105100,104400,104900,1809
2026-03-23 14:56:00,104800,104900,104500,104500,662
2026-03-23 14:57:00,104800,104800,104600,104700,470
2026-03-23 14:58:00,104700,104700,104500,104500,776
2026-03-23 14:59:00,104400,105200,104400,105200,2060
2026-03-23 15:00:00,105300,105300,104500,104700,703
2026-03-23 15:01:00,104600,104800,104500,104700,542
2026-03-23 15:02:00,104800,104800,104000,104600,1609
2026-03-23 15:03:00,104600,104600,104400,104600,899
2026-03-23 15:04:00,104600,104700,104500,104700,489
2026-03-23 15:05:00,104700,104900,104600,104700,592
2026-03-23 15:06:00,104600,104800,104600,104800,581
2026-03-23 15:07:00,104700,104900,104700,104800,660
2026-03-23 15:08:00,104800,104900,104700,104900,555
2026-03-23 15:09:00,104800,105000,104800,104900,955
2026-03-23 15:10:00,104900,104900,104600,104700,630
2026-03-23 15:11:00,104700,104700,104600,104700,518
2026-03-23 15:12:00,104800,104800,104500,104600,972
2026-03-23 15:13:00,104600,104700,104500,104700,665
2026-03-23 15:14:00,104700,104800,104600,104700,549
2026-03-23 15:15:00,104700,104700,104300,104400,987
2026-03-23 15:16:00,104400,104500,104100,104200,1092
2026-03-23 15:17:00,104200,104400,104100,104200,984
2026-03-23 15:18:00,104200,104600,103900,104100,1199
2026-03-23 15:19:00,104100,104600,104000,104500,388
2026-03-23 15:30:00,104500,104500,104500,104500,2883
2026-03-23 15:35:00,104500,104500,104500,104500,35
2026-03-24 09:00:00,109300,109300,107000,107000,2555
2026-03-24 09:01:00,106900,107300,106700,107100,494
2026-03-24 09:02:00,107200,107700,107200,107300,878
2026-03-24 09:03:00,107300,107600,106500,106900,1121
2026-03-24 09:04:00,106800,107100,106400,106500,595
2026-03-24 09:05:00,106600,106800,106100,106700,572
2026-03-24 09:06:00,106550,107100,106100,107100,1252
2026-03-24 09:07:00,107100,107200,106700,107100,473
2026-03-24 09:08:00,106900,107200,106600,107200,775
2026-03-24 09:09:00,107200,107200,106800,107000,532
2026-03-24 09:10:00,107000,108200,106750,108100,1351
2026-03-24 09:11:00,107800,108700,107100,108300,727
2026-03-24 09:12:00,108700,109000,108100,108600,2773
2026-03-24 09:13:00,108900,108900,108300,108800,266
2026-03-24 09:14:00,108300,108700,107600,107600,672
2026-03-24 09:15:00,107600,107800,107300,107500,402
2026-03-24 09:16:00,107700,107700,107300,107400,656
2026-03-24 09:17:00,107300,107300,106800,106900,383
2026-03-24 09:18:00,106900,107000,106500,107000,417
2026-03-24 09:19:00,107000,107600,106700,107400,587
2026-03-24 09:20:00,107400,107400,106800,107200,407
2026-03-24 09:21:00,107200,107700,107200,107700,704
2026-03-24 09:22:00,107700,107700,107300,107500,404
2026-03-24 09:23:00,107500,107500,107200,107300,178
2026-03-24 09:24:00,107200,107500,107000,107500,191
2026-03-24 09:25:00,107500,107500,106900,107100,189
2026-03-24 09:26:00,107500,107500,106900,106900,471
2026-03-24 09:27:00,106900,107200,106700,106800,376
2026-03-24 09:28:00,106700,106900,106300,106400,819
2026-03-24 09:29:00,106400,106400,106300,106400,374
2026-03-24 09:30:00,106400,107000,106300,107000,383
2026-03-24 09:31:00,106900,107100,106600,106700,265
2026-03-24 09:32:00,106700,106700,106200,106200,702
2026-03-24 09:33:00,106200,106200,105600,105900,500
2026-03-24 09:34:00,106000,106800,106000,106800,657
2026-03-24 09:35:00,106800,106800,106000,106000,768
2026-03-24 09:36:00,106100,106500,106100,106300,150
2026-03-24 09:37:00,106300,106600,105700,105800,1077
2026-03-24 09:38:00,105900,106000,105400,105600,970
2026-03-24 09:39:00,105500,105600,104500,104700,1033
2026-03-24 09:40:00,104900,105500,104900,105500,382
2026-03-24 09:41:00,105600,106000,105500,105900,670
2026-03-24 09:42:00,105900,106200,105400,105500,1181
2026-03-24 09:43:00,105600,105600,105100,105200,188
2026-03-24 09:44:00,105500,105700,105100,105700,580
2026-03-24 09:45:00,105700,106000,105100,105100,541
2026-03-24 09:46:00,105500,105500,104500,104500,560
2026-03-24 09:47:00,104900,104900,104200,104500,627
2026-03-24 09:48:00,104400,104450,104200,104200,627
2026-03-24 09:49:00,104300,104300,103700,103700,1967
2026-03-24 09:50:00,104100,104600,103800,104100,650
2026-03-24 09:51:00,104100,104100,103500,103500,615
2026-03-24 09:52:00,103500,103900,103300,103900,1519
2026-03-24 09:53:00,103900,103900,103500,103900,540
2026-03-24 09:54:00,103900,103900,103400,103500,583
2026-03-24 09:55:00,103500,103600,103200,103400,483
2026-03-24 09:56:00,103300,103300,103000,103100,849
2026-03-24 09:57:00,103100,103300,103100,103200,425
2026-03-24 09:58:00,103200,103500,103000,103400,921
2026-03-24 09:59:00,103400,103500,103100,103100,365
2026-03-24 10:00:00,103400,103500,103100,103200,348
2026-03-24 10:01:00,103200,103400,103000,103400,1359
2026-03-24 10:02:00,103100,103400,102800,102800,1887
2026-03-24 10:03:00,102850,102900,102300,102300,861
2026-03-24 10:04:00,102200,102700,102100,102200,801
2026-03-24 10:05:00,102200,102700,101100,101400,3719
2026-03-24 10:06:00,101400,101800,100600,101200,1484
2026-03-24 10:07:00,101200,101800,100900,101200,605
2026-03-24 10:08:00,101200,101800,100200,101400,2145
2026-03-24 10:09:00,101000,101700,100700,101400,625
2026-03-24 10:10:00,101250,101400,100100,100600,1498
2026-03-24 10:11:00,101300,101400,100500,101000,481
2026-03-24 10:12:00,101000,101100,100500,100500,1269
2026-03-24 10:13:00,100500,101000,100300,100900,612
2026-03-24 10:14:00,100900,100900,99100,99700,3399
2026-03-24 10:15:00,99500,99800,98400,98400,1037
2026-03-24 10:17:00,98500,100000,98500,99600,2491
2026-03-24 10:18:00,99800,100500,99500,99700,1370
2026-03-24 10:19:00,99600,100600,99500,100500,1164
2026-03-24 10:20:00,100500,101200,100200,100600,747
2026-03-24 10:21:00,100600,101300,100600,100800,787
2026-03-24 10:22:00,100800,101000,100600,100900,501
2026-03-24 10:23:00,101000,101200,100900,101000,923
2026-03-24 10:24:00,101000,101300,100900,101000,594
2026-03-24 10:25:00,101000,101100,100600,100700,263
2026-03-24 10:26:00,100700,101000,100400,100900,340
2026-03-24 10:27:00,100900,101300,100600,100900,612
2026-03-24 10:28:00,101300,101400,101100,101100,732
2026-03-24 10:29:00,101200,101300,100900,101000,948
2026-03-24 10:30:00,101300,101300,100500,100700,770
2026-03-24 10:31:00,100700,100800,100000,100100,579
2026-03-24 10:32:00,100100,100500,99900,100000,430
2026-03-24 10:33:00,100000,100400,100000,100000,340
2026-03-24 10:34:00,100300,101200,100000,100500,968
2026-03-24 10:35:00,100600,101100,100400,100600,1022
2026-03-24 10:36:00,101000,101000,100000,100100,424
2026-03-24 10:37:00,100100,100200,99900,99900,915
2026-03-24 10:38:00,99800,100100,99300,99400,540
2026-03-24 10:39:00,99500,99500,99200,99300,620
2026-03-24 10:40:00,99300,100000,99200,99200,486
2026-03-24 10:41:00,99200,100000,98900,99200,640
2026-03-24 10:42:00,99300,99900,99000,99900,552
2026-03-24 10:43:00,99900,99900,99200,99300,193
2026-03-24 10:44:00,99200,99700,99000,99000,524
2026-03-24 10:45:00,99400,99400,98700,99400,652
2026-03-24 10:46:00,99000,99300,98900,98900,642
2026-03-24 10:47:00,99000,99000,98600,98900,1578
2026-03-24 10:48:00,98900,99200,98600,98700,844
2026-03-24 10:49:00,98700,99000,98600,98800,461
2026-03-24 10:50:00,98800,99800,98600,99600,1263
2026-03-24 10:51:00,98900,99400,98500,99000,972
2026-03-24 10:52:00,99200,99400,98600,99000,1142
2026-03-24 10:53:00,99300,99400,98800,99000,575
2026-03-24 10:54:00,99000,99000,98600,98800,410
2026-03-24 10:55:00,98800,99200,98400,98500,1404
2026-03-24 10:56:00,98700,98900,98500,98600,349
2026-03-24 10:57:00,98600,98900,98400,98400,975
2026-03-24 10:58:00,98400,98800,98000,98400,1474
2026-03-24 10:59:00,98400,99400,98400,99300,958
2026-03-24 11:00:00,99300,99300,98600,98600,360
2026-03-24 11:01:00,98700,99700,98600,99400,1244
2026-03-24 11:02:00,99300,99900,98600,99900,914
2026-03-24 11:03:00,99300,99700,98900,99400,688
2026-03-24 11:04:00,99200,100000,99100,99700,591
2026-03-24 11:05:00,99600,99900,98900,99200,1163
2026-03-24 11:06:00,99100,99800,99000,99500,714
2026-03-24 11:07:00,99500,99900,99200,99300,589
2026-03-24 11:08:00,99700,99700,99100,99100,961
2026-03-24 11:09:00,99100,99400,99000,99300,601
2026-03-24 11:10:00,99300,99300,98500,98700,725
2026-03-24 11:11:00,98500,98700,97900,98000,2325
2026-03-24 11:12:00,98000,98500,97600,98200,1242
2026-03-24 11:13:00,98200,98900,98000,98600,576
2026-03-24 11:14:00,98500,98800,98000,98300,438
2026-03-24 11:15:00,98300,98800,98100,98700,490
2026-03-24 11:16:00,98600,98900,98100,98800,562
2026-03-24 11:17:00,98700,98900,98500,98800,362
2026-03-24 11:18:00,98800,98900,98500,98600,367
2026-03-24 11:19:00,98500,99400,98500,99300,681
2026-03-24 11:20:00,99000,99400,98700,99300,404
2026-03-24 11:21:00,99300,99300,98800,99300,491
2026-03-24 11:22:00,99300,99500,99000,99500,527
2026-03-24 11:23:00,99200,99500,99000,99300,217
2026-03-24 11:24:00,99400,99800,99200,99600,426
2026-03-24 11:25:00,99600,99800,99600,99700,429
2026-03-24 11:26:00,99600,99700,99400,99500,1009
2026-03-24 11:27:00,99400,99600,99000,99100,558
2026-03-24 11:28:00,99100,99700,99100,99600,410
2026-03-24 11:29:00,99500,99600,99300,99500,281
2026-03-24 11:30:00,99500,100000,99400,99600,444
2026-03-24 11:31:00,99700,100000,99400,99900,425
2026-03-24 11:32:00,99900,100400,99900,100400,861
2026-03-24 11:33:00,100350,100600,100100,100500,577
2026-03-24 11:34:00,100500,100700,100300,100600,347
2026-03-24 11:35:00,100600,100800,100400,100800,371
2026-03-24 11:36:00,100600,101000,100400,100800,335
2026-03-24 11:37:00,100900,101000,100600,100900,519
2026-03-24 11:38:00,101000,101000,100600,100900,369
2026-03-24 11:39:00,100900,100900,100600,100600,487
2026-03-24 11:40:00,100600,100800,100500,100500,668
2026-03-24 11:41:00,100600,100800,100400,100600,303
2026-03-24 11:42:00,100700,100700,100200,100200,388
2026-03-24 11:43:00,100300,100700,100200,100500,469
2026-03-24 11:44:00,100500,100500,100300,100300,205
2026-03-24 11:45:00,100300,100500,100100,100500,276
2026-03-24 11:46:00,100600,100700,100200,100400,449
2026-03-24 11:47:00,100400,100700,100300,100300,247
2026-03-24 11:48:00,100400,100600,100300,100600,260
2026-03-24 11:49:00,100500,100800,100500,100600,367
2026-03-24 11:50:00,100500,100700,100200,100200,1570
2026-03-24 11:51:00,100300,100800,100000,100400,529
2026-03-24 11:52:00,100400,100400,100000,100400,231
2026-03-24 11:53:00,100500,100500,100100,100300,598
2026-03-24 11:54:00,100300,101000,100300,100700,524
2026-03-24 11:55:00,100600,100700,100200,100600,298
2026-03-24 11:56:00,100600,100700,100200,100300,355
2026-03-24 11:57:00,100600,100600,100200,100300,253
2026-03-24 11:58:00,100300,100600,100300,100500,375
2026-03-24 11:59:00,100600,100600,100400,100500,396
2026-03-24 12:00:00,100500,100500,100200,100400,216
2026-03-24 12:01:00,100400,100400,100100,100300,229
2026-03-24 12:02:00,100300,100300,100000,100200,274
2026-03-24 12:03:00,100300,100300,99800,100200,305
2026-03-24 12:04:00,100200,100200,99800,100100,349
2026-03-24 12:05:00,100100,100100,99900,100100,665
2026-03-24 12:06:00,100100,100600,99900,100500,690
2026-03-24 12:07:00,100500,100600,100200,100200,705
2026-03-24 12:08:00,100300,100500,100000,100400,261
2026-03-24 12:09:00,100400,100400,99800,99800,355
2026-03-24 12:10:00,99900,100400,99900,100300,405
2026-03-24 12:11:00,100300,100500,100200,100400,289
2026-03-24 12:12:00,100400,100400,100200,100300,246
2026-03-24 12:13:00,100300,100300,100200,100300,366
2026-03-24 12:14:00,100200,100500,100200,100500,440
2026-03-24 12:15:00,100600,100600,100200,100300,249
2026-03-24 12:16:00,100300,100900,100300,100700,440
2026-03-24 12:17:00,100800,100800,100700,100800,324
2026-03-24 12:18:00,100700,100900,100700,100900,354
2026-03-24 12:19:00,100900,101200,100700,100900,1303
2026-03-24 12:20:00,100800,100800,100500,100500,243
2026-03-24 12:21:00,100600,101100,100600,100800,467
2026-03-24 12:22:00,100800,100900,100600,100600,244
2026-03-24 12:23:00,100800,101000,100700,101000,334
2026-03-24 12:24:00,100900,101100,100700,100700,301
2026-03-24 12:25:00,100900,101000,100600,100900,213
2026-03-24 12:26:00,100700,101000,100700,101000,422
2026-03-24 12:27:00,101200,101200,100900,101200,309
2026-03-24 12:28:00,101200,101200,100500,101100,343
2026-03-24 12:29:00,101200,101400,101200,101200,762
2026-03-24 12:30:00,101200,101300,100500,100900,351
2026-03-24 12:31:00,100900,101300,100800,101000,316
2026-03-24 12:32:00,100900,101100,100800,100900,669
2026-03-24 12:33:00,100900,101000,100800,100800,331
2026-03-24 12:34:00,100800,101200,100600,100800,158
2026-03-24 12:35:00,100700,100800,100700,100800,391
2026-03-24 12:36:00,100800,100900,100600,100800,395
2026-03-24 12:37:00,100800,100800,100600,100700,237
2026-03-24 12:38:00,100700,101100,100600,100700,287
2026-03-24 12:39:00,100700,101100,100700,101100,361
2026-03-24 12:40:00,100800,101000,100700,100800,370
2026-03-24 12:41:00,101000,101200,100900,101000,254
2026-03-24 12:42:00,101000,101000,100800,101000,312
2026-03-24 12:43:00,100900,101200,100800,101200,298
2026-03-24 12:44:00,101000,101100,100600,100900,351
2026-03-24 12:45:00,100900,101200,100700,101100,409
2026-03-24 12:46:00,101300,101300,101000,101100,91
2026-03-24 12:47:00,101000,101300,100800,101200,362
2026-03-24 12:48:00,101200,101300,101000,101000,364
2026-03-24 12:49:00,101100,101100,100600,101000,254
2026-03-24 12:50:00,101100,101100,101000,101100,322
2026-03-24 12:51:00,101000,101100,100600,100900,812
2026-03-24 12:52:00,100900,100900,100500,100500,365
2026-03-24 12:53:00,100600,100800,100400,100700,588
2026-03-24 12:54:00,100800,100900,100400,100900,786
2026-03-24 12:55:00,100800,100900,100400,100600,293
2026-03-24 12:56:00,100500,100800,100500,100700,173
2026-03-24 12:57:00,100700,100800,100500,100700,540
2026-03-24 12:58:00,100800,100900,100700,100700,315
2026-03-24 12:59:00,100800,101100,100700,100900,249
2026-03-24 13:00:00,100800,101100,100700,101000,397
2026-03-24 13:01:00,101100,101100,100800,101100,487
2026-03-24 13:02:00,101000,101000,100500,100700,308
2026-03-24 13:03:00,100700,100800,100300,100600,528
2026-03-24 13:04:00,100600,100800,100300,100600,183
2026-03-24 13:05:00,100700,101000,100300,100900,302
2026-03-24 13:06:00,100700,100800,100300,100300,467
2026-03-24 13:07:00,100400,100800,100100,100500,368
2026-03-24 13:08:00,100600,100600,100400,100400,417
2026-03-24 13:09:00,100400,100600,100200,100300,391
2026-03-24 13:10:00,100300,100600,100200,100300,462
2026-03-24 13:11:00,100300,100500,100200,100400,287
2026-03-24 13:12:00,100100,100400,100000,100000,573
2026-03-24 13:13:00,100100,100200,100100,100200,275
2026-03-24 13:14:00,100200,100300,100100,100300,521
2026-03-24 13:15:00,100200,100500,100100,100200,606
2026-03-24 13:16:00,100500,100500,100100,100200,567
2026-03-24 13:17:00,100200,100400,100000,100400,457
2026-03-24 13:18:00,100200,100300,100000,100300,463
2026-03-24 13:19:00,100100,100300,100000,100200,326
2026-03-24 13:20:00,100100,100500,100000,100100,655
2026-03-24 13:21:00,100100,100500,99900,99900,630
2026-03-24 13:22:00,100100,100100,99500,100000,2036
2026-03-24 13:23:00,99700,99800,99400,99800,278
2026-03-24 13:24:00,99800,100200,99600,99800,760
2026-03-24 13:25:00,99800,99900,99500,99700,453
2026-03-24 13:26:00,99600,100000,99300,100000,687
2026-03-24 13:27:00,99800,99800,99300,99500,357
2026-03-24 13:28:00,99500,99700,99400,99600,511
2026-03-24 13:29:00,99500,99700,99400,99500,499
2026-03-24 13:30:00,99700,99900,99400,99600,433
2026-03-24 13:31:00,99800,99800,99300,99300,648
2026-03-24 13:32:00,99300,99500,99200,99400,333
2026-03-24 13:33:00,99400,99800,99100,99300,823
2026-03-24 13:34:00,99300,99600,99200,99600,302
2026-03-24 13:35:00,99500,99700,99100,99600,392
2026-03-24 13:36:00,99700,99800,99200,99500,467
2026-03-24 13:37:00,99600,100000,99300,99700,697
2026-03-24 13:38:00,99700,100100,99600,100000,563
2026-03-24 13:39:00,100000,100000,99600,99600,325
2026-03-24 13:40:00,99700,99800,99600,99800,404
2026-03-24 13:41:00,99700,100000,99500,100000,588
2026-03-24 13:42:00,99800,100000,99500,99700,514
2026-03-24 13:43:00,99600,99800,99400,99600,262
2026-03-24 13:44:00,99500,99900,99300,99400,410
2026-03-24 13:45:00,99500,99900,99400,99600,584
2026-03-24 13:46:00,99800,99800,99500,99700,421
2026-03-24 13:47:00,99700,100100,99500,100100,586
2026-03-24 13:48:00,100100,100100,99500,99900,347
2026-03-24 13:49:00,99500,99800,99500,99700,414
2026-03-24 13:50:00,99700,99900,99400,99400,495
2026-03-24 13:51:00,99900,100100,99300,100100,917
2026-03-24 13:52:00,99900,100200,99700,100200,818
2026-03-24 13:53:00,100200,100400,100100,100300,362
2026-03-24 13:54:00,100200,100400,100100,100400,421
2026-03-24 13:55:00,100300,100900,100200,100900,620
2026-03-24 13:56:00,100900,100900,100400,100500,741
2026-03-24 13:57:00,100800,100900,100600,100700,372
2026-03-24 13:58:00,100800,100800,100100,100600,274
2026-03-24 13:59:00,100600,100600,100200,100400,399
2026-03-24 14:00:00,100500,100700,100200,100200,595
2026-03-24 14:01:00,100200,100200,99800,99800,541
2026-03-24 14:02:00,99800,100100,99600,99800,382
2026-03-24 14:03:00,99800,100000,99500,99600,402
2026-03-24 14:04:00,99500,99800,99400,99800,565
2026-03-24 14:05:00,99800,99800,99600,99600,159
2026-03-24 14:06:00,99700,99700,99500,99600,345
2026-03-24 14:07:00,99600,100400,99500,100400,900
2026-03-24 14:08:00,100300,100500,99700,99700,175
2026-03-24 14:09:00,99700,100200,99600,99700,535
2026-03-24 14:10:00,99700,100100,99600,99800,1020
2026-03-24 14:11:00,100000,100500,99600,99600,286
2026-03-24 14:12:00,99600,100400,99600,100400,371
2026-03-24 14:13:00,100400,100400,99900,100200,662
2026-03-24 14:14:00,100200,100400,99900,100300,407
2026-03-24 14:15:00,100300,100400,99700,100100,456
2026-03-24 14:16:00,100100,100200,100000,100100,486
2026-03-24 14:17:00,100100,100400,99900,100400,563
2026-03-24 14:18:00,100200,100600,100000,100600,624
2026-03-24 14:19:00,100700,101200,100500,100500,975
2026-03-24 14:20:00,100500,100700,100000,100300,391
2026-03-24 14:21:00,100500,100500,100300,100300,288
2026-03-24 14:22:00,100300,100500,99900,100000,763
2026-03-24 14:23:00,100000,100400,100000,100100,245
2026-03-24 14:24:00,100100,100200,99700,99900,357
2026-03-24 14:25:00,99900,99900,99600,99800,458
2026-03-24 14:26:00,99800,99900,99600,99700,227
2026-03-24 14:27:00,99600,100400,99500,100400,1477
2026-03-24 14:28:00,100100,100400,99500,99500,577
2026-03-24 14:29:00,99600,99700,99500,99500,353
2026-03-24 14:30:00,99400,99800,99400,99800,418
2026-03-24 14:31:00,99800,99800,99400,99400,410
2026-03-24 14:32:00,99700,99800,99600,99600,317
2026-03-24 14:33:00,99600,100300,99500,100300,286
2026-03-24 14:34:00,99700,100200,99600,99900,633
2026-03-24 14:35:00,99800,99800,99500,99800,246
2026-03-24 14:36:00,99600,99800,99500,99600,309
2026-03-24 14:37:00,99700,100100,99600,99900,392
2026-03-24 14:38:00,99900,100000,99500,99900,504
2026-03-24 14:39:00,99900,100100,99600,100000,408
2026-03-24 14:40:00,100000,100100,99900,99900,623
2026-03-24 14:41:00,100000,100100,99900,100000,317
2026-03-24 14:42:00,100000,100200,99900,100200,323
2026-03-24 14:43:00,100200,100500,99900,99900,435
2026-03-24 14:44:00,100000,100300,100000,100000,164
2026-03-24 14:45:00,100000,100100,99800,100100,558
2026-03-24 14:46:00,99900,100300,99800,99900,503
2026-03-24 14:47:00,99900,100300,99800,100000,388
2026-03-24 14:48:00,100300,100300,100100,100200,229
2026-03-24 14:49:00,100300,100500,100100,100100,560
2026-03-24 14:50:00,100000,100600,100000,100100,550
2026-03-24 14:51:00,100500,100600,100100,100600,254
2026-03-24 14:52:00,100600,100800,100100,100300,420
2026-03-24 14:53:00,100600,100900,100300,100900,676
2026-03-24 14:54:00,100800,101000,100400,100900,562
2026-03-24 14:55:00,100900,101000,100600,100800,273
2026-03-24 14:56:00,100700,100900,100600,100900,386
2026-03-24 14:57:00,100900,100900,100600,100900,372
2026-03-24 14:58:00,101000,101100,100800,100900,196
2026-03-24 14:59:00,100900,101000,100900,101000,366
2026-03-24 15:00:00,101000,101100,100800,100900,341
2026-03-24 15:01:00,100900,100900,100500,100800,475
2026-03-24 15:02:00,100900,101200,100800,101200,325
2026-03-24 15:03:00,101200,101300,101000,101300,599
2026-03-24 15:04:00,101100,101200,100900,101200,550
2026-03-24 15:05:00,101100,101200,101000,101200,280
2026-03-24 15:06:00,101200,101300,101000,101200,322
2026-03-24 15:07:00,101200,101400,101000,101100,208
2026-03-24 15:08:00,101100,101100,101000,101100,282
2026-03-24 15:09:00,101100,101100,101000,101100,245
2026-03-24 15:10:00,100900,101200,100800,101100,541
2026-03-24 15:11:00,101100,101100,100900,101100,389
2026-03-24 15:12:00,101000,101200,100900,101000,364
2026-03-24 15:13:00,101000,101200,100900,101100,339
2026-03-24 15:14:00,101200,101300,101000,101300,328
2026-03-24 15:15:00,101300,101600,101100,101600,821
2026-03-24 15:16:00,101500,101700,101200,101400,984
2026-03-24 15:17:00,101400,101700,101300,101600,679
2026-03-24 15:18:00,101600,101700,101300,101500,642
2026-03-24 15:19:00,101600,101600,101500,101500,192
2026-03-24 15:30:00,101500,101500,101500,101500,1981
2026-03-24 15:35:00,101500,101500,101500,101500,98
2026-03-25 09:00:00,104100,104200,103500,104100,2870
2026-03-25 09:01:00,103800,105900,103700,105200,961
2026-03-25 09:02:00,105200,107200,105100,106600,1421
2026-03-25 09:03:00,106100,107900,106100,107400,2000
2026-03-25 09:04:00,107300,108300,107100,108100,3069
2026-03-25 09:05:00,108000,108200,106700,106700,830
2026-03-25 09:06:00,106800,107400,106300,107000,1825
2026-03-25 09:07:00,107000,107900,107000,107600,1523
2026-03-25 09:08:00,107600,107900,107300,107400,602
2026-03-25 09:09:00,107500,108100,106800,108100,1548
2026-03-25 09:10:00,108000,108000,107100,107800,394
2026-03-25 09:11:00,107800,107900,107200,107900,1233
2026-03-25 09:12:00,107800,107900,107100,107300,615
2026-03-25 09:13:00,107300,108600,107100,108600,2599
2026-03-25 09:14:00,108500,108750,108400,108400,1894
2026-03-25 09:15:00,108600,108600,107700,108000,1107
2026-03-25 09:16:00,108200,108300,106900,106900,1383
2026-03-25 09:17:00,107000,107200,106800,107000,861
2026-03-25 09:18:00,107000,107000,106300,106500,1115
2026-03-25 09:19:00,106500,106700,106000,106000,742
2026-03-25 09:20:00,106400,106600,106100,106400,264
2026-03-25 09:21:00,106400,106600,105600,105700,862
2026-03-25 09:22:00,105700,106400,105600,105800,809
2026-03-25 09:23:00,106300,106300,105900,106100,241
2026-03-25 09:24:00,106300,106500,105900,106200,432
2026-03-25 09:25:00,106100,106300,105500,106100,630
2026-03-25 09:26:00,106200,106500,106100,106100,413
2026-03-25 09:27:00,106100,106400,105900,106400,436
2026-03-25 09:28:00,106100,106500,105800,105900,492
2026-03-25 09:29:00,105900,106200,105400,105400,600
2026-03-25 09:30:00,105550,106000,105500,105500,866
2026-03-25 09:31:00,105400,105800,105300,105800,628
2026-03-25 09:32:00,105800,105800,105500,105600,421
2026-03-25 09:33:00,105600,105700,105100,105200,819
2026-03-25 09:34:00,105200,105800,105200,105800,408
2026-03-25 09:35:00,106000,106300,105700,105800,307
2026-03-25 09:36:00,105800,105800,105600,105700,498
2026-03-25 09:37:00,105600,105700,105400,105500,675
2026-03-25 09:38:00,105600,105900,105200,105800,604
2026-03-25 09:39:00,105800,106100,105400,105800,333
2026-03-25 09:40:00,105600,105600,105300,105300,173
2026-03-25 09:41:00,105300,105600,105200,105300,220
2026-03-25 09:42:00,105300,105500,105200,105300,190
2026-03-25 09:43:00,105500,105700,105100,105200,310
2026-03-25 09:44:00,105200,105300,105100,105200,150
2026-03-25 09:45:00,105200,105400,105100,105400,231
2026-03-25 09:46:00,105400,105500,105200,105300,228
2026-03-25 09:47:00,105300,105300,105000,105300,255
2026-03-25 09:48:00,105300,105400,105100,105100,145
2026-03-25 09:49:00,105300,105400,105200,105300,181
2026-03-25 09:50:00,105400,105400,105100,105200,189
2026-03-25 09:51:00,105400,105400,105000,105100,204
2026-03-25 09:52:00,105100,105200,105000,105000,148
2026-03-25 09:53:00,105000,105300,104900,105100,243
2026-03-25 09:54:00,105100,105300,105000,105200,260
2026-03-25 09:55:00,105200,105300,105100,105300,740
2026-03-25 09:56:00,105300,105400,105200,105400,88
2026-03-25 09:57:00,105300,105400,105200,105300,305
2026-03-25 09:58:00,105200,105400,105000,105100,202
2026-03-25 09:59:00,105100,105300,105000,105200,199
2026-03-25 10:00:00,105300,105400,105100,105200,251
2026-03-25 10:01:00,105200,105400,105100,105300,151
2026-03-25 10:02:00,105300,105300,105100,105300,222
2026-03-25 10:03:00,105300,105300,105100,105100,322
2026-03-25 10:04:00,105100,105400,105100,105300,147
2026-03-25 10:05:00,105200,106500,105200,106200,1458
2026-03-25 10:06:00,106200,106400,105700,105700,247
2026-03-25 10:07:00,105800,105900,105600,105900,245
2026-03-25 10:08:00,105900,106400,105900,106100,222
2026-03-25 10:09:00,106100,106200,106000,106200,101
2026-03-25 10:10:00,106300,106300,105800,105900,265
2026-03-25 10:11:00,106000,106000,105900,105900,96
2026-03-25 10:12:00,105900,105900,105400,105700,129
2026-03-25 10:13:00,105700,105700,104900,105100,1097
2026-03-25 10:14:00,105000,105200,105000,105100,184
2026-03-25 10:15:00,105100,105300,105000,105100,169
2026-03-25 10:16:00,105100,105100,105000,105000,128
2026-03-25 10:17:00,105000,105100,104800,104900,262
2026-03-25 10:18:00,104900,105300,104800,104900,248
2026-03-25 10:19:00,105000,105000,104800,104800,292
2026-03-25 10:20:00,105000,105200,104800,104900,307
2026-03-25 10:21:00,105000,105000,104700,104700,337
2026-03-25 10:22:00,104900,104900,104500,104500,435
2026-03-25 10:23:00,104500,105000,104400,104700,241
2026-03-25 10:24:00,104700,104800,104500,104700,409
2026-03-25 10:25:00,104700,104800,104500,104700,223
2026-03-25 10:26:00,104600,104700,104400,104600,121
2026-03-25 10:27:00,104800,105000,104500,104900,146
2026-03-25 10:28:00,104900,105400,104900,105400,200
2026-03-25 10:29:00,105400,105500,105300,105300,522
2026-03-25 10:30:00,105300,105500,105000,105500,134
2026-03-25 10:31:00,105500,105600,105400,105500,232
2026-03-25 10:32:00,105500,105500,105000,105300,189
2026-03-25 10:33:00,105200,105900,105000,105500,347
2026-03-25 10:34:00,105500,105800,105300,105500,275
2026-03-25 10:35:00,105500,105700,105500,105700,358
2026-03-25 10:36:00,105700,105800,105600,105800,178
2026-03-25 10:37:00,105800,105900,105500,105900,741
2026-03-25 10:38:00,105700,105800,105600,105700,512
2026-03-25 10:39:00,105800,105800,105600,105600,139
2026-03-25 10:40:00,105700,105900,105700,105800,167
2026-03-25 10:41:00,105900,106400,105800,106400,636
2026-03-25 10:42:00,106200,106500,106000,106300,273
2026-03-25 10:43:00,106400,106400,106000,106300,108
2026-03-25 10:44:00,106200,106300,106000,106200,679
2026-03-25 10:45:00,106200,106400,106000,106200,159
2026-03-25 10:46:00,106200,106200,105900,106100,291
2026-03-25 10:47:00,106000,106200,106000,106100,112
2026-03-25 10:48:00,106100,106100,105800,106000,364
2026-03-25 10:49:00,105900,106000,105600,105700,409
2026-03-25 10:50:00,105800,105800,105600,105800,143
2026-03-25 10:51:00,105800,106200,105700,105800,206
2026-03-25 10:52:00,105900,106000,105700,105800,76
2026-03-25 10:53:00,105800,105800,105600,105700,143
2026-03-25 10:54:00,105600,105700,105600,105600,102
2026-03-25 10:55:00,105700,105800,105400,105400,1043
2026-03-25 10:56:00,105500,105500,105400,105500,92
2026-03-25 10:57:00,105400,105500,105200,105200,531
2026-03-25 10:58:00,105100,105400,105100,105200,110
2026-03-25 10:59:00,105200,105300,104900,105200,414
2026-03-25 11:00:00,105200,105300,104500,104600,316
2026-03-25 11:01:00,104800,105000,104500,104500,239
2026-03-25 11:02:00,104600,105000,104500,104500,280
2026-03-25 11:03:00,104700,104800,104500,104700,292
2026-03-25 11:04:00,104600,104700,104500,104600,42
2026-03-25 11:05:00,104700,105000,104600,104600,439
2026-03-25 11:06:00,104500,104800,104500,104600,214
2026-03-25 11:07:00,104400,104900,104400,104800,90
2026-03-25 11:08:00,104800,105000,104600,104600,103
2026-03-25 11:09:00,104700,104800,104500,104500,124
2026-03-25 11:10:00,104500,104700,104400,104500,168
2026-03-25 11:11:00,104400,104500,104400,104500,92
2026-03-25 11:12:00,104400,104500,104300,104300,355
2026-03-25 11:13:00,104200,104200,104000,104100,434
2026-03-25 11:14:00,104100,104600,104100,104500,279
2026-03-25 11:15:00,104500,104500,104200,104500,160
2026-03-25 11:16:00,104400,104500,104200,104300,162
2026-03-25 11:17:00,104300,104400,104100,104100,491
2026-03-25 11:18:00,104200,104700,104100,104600,225
2026-03-25 11:19:00,104400,104700,104400,104700,129
2026-03-25 11:20:00,104500,104800,104300,104800,182
2026-03-25 11:21:00,104700,104900,104500,104900,74
2026-03-25 11:22:00,104900,105000,104500,104700,261
2026-03-25 11:23:00,104700,104800,104500,104700,338
2026-03-25 11:24:00,104700,104700,104400,104400,232
2026-03-25 11:25:00,104700,105000,104700,104800,37
2026-03-25 11:26:00,104900,104900,104800,104900,117
2026-03-25 11:27:00,104600,104900,104600,104800,117
2026-03-25 11:28:00,104700,105200,104700,104900,186
2026-03-25 11:29:00,104800,105000,104800,104900,110
2026-03-25 11:30:00,105000,105000,104600,104600,141
2026-03-25 11:31:00,104600,104900,104600,104800,75
2026-03-25 11:32:00,104800,104800,104600,104700,102
2026-03-25 11:33:00,104700,104700,104600,104700,95
2026-03-25 11:34:00,104700,104700,104600,104600,119
2026-03-25 11:35:00,104600,105100,104600,104900,91
2026-03-25 11:36:00,104600,104800,104600,104700,38
2026-03-25 11:37:00,104600,104800,104600,104800,708
2026-03-25 11:38:00,104700,105100,104700,104900,90
2026-03-25 11:39:00,104900,104900,104700,104700,79
2026-03-25 11:40:00,104700,105000,104700,104700,111
2026-03-25 11:41:00,104900,105000,104700,104800,106
2026-03-25 11:42:00,104900,105000,104700,105000,117
2026-03-25 11:43:00,105000,105000,104700,104700,75
2026-03-25 11:44:00,104700,104800,104600,104700,110
2026-03-25 11:45:00,104800,104800,104600,104600,153
2026-03-25 11:46:00,104600,105100,104600,104900,139
2026-03-25 11:47:00,104600,104900,104600,104700,194
2026-03-25 11:48:00,104900,105000,104600,104600,43
2026-03-25 11:49:00,104600,104800,104500,104500,563
2026-03-25 11:50:00,104800,104800,104500,104700,132
2026-03-25 11:51:00,104700,104700,104300,104600,346
2026-03-25 11:52:00,104300,104600,104300,104300,84
2026-03-25 11:53:00,104500,104500,104000,104000,231
2026-03-25 11:54:00,104200,104500,104100,104300,252
2026-03-25 11:55:00,104100,104500,104100,104500,141
2026-03-25 11:56:00,104500,104500,104300,104500,158
2026-03-25 11:57:00,104500,104500,104100,104100,408
2026-03-25 11:58:00,104200,104500,104000,104000,138
2026-03-25 11:59:00,104300,104400,104000,104400,141
2026-03-25 12:00:00,104000,104400,104000,104100,118
2026-03-25 12:01:00,104100,104400,104000,104200,134
2026-03-25 12:02:00,104000,104200,103800,104100,216
2026-03-25 12:03:00,103800,104200,103800,104100,107
2026-03-25 12:04:00,104100,104300,103800,104300,454
2026-03-25 12:05:00,104300,104500,103900,103900,56
2026-03-25 12:06:00,104200,104200,103900,104200,462
2026-03-25 12:07:00,104200,104300,104000,104200,146
2026-03-25 12:08:00,104200,104800,103900,103900,396
2026-03-25 12:09:00,104300,104300,103800,103900,191
2026-03-25 12:10:00,103900,103900,103800,103900,112
2026-03-25 12:11:00,103900,104000,103700,103700,408
2026-03-25 12:12:00,103800,103800,103400,103500,817
2026-03-25 12:13:00,103500,103500,103200,103200,456
2026-03-25 12:14:00,103100,103300,102900,102900,717
2026-03-25 12:15:00,103000,103200,102700,102800,331
2026-03-25 12:16:00,102900,103000,102600,102600,311
2026-03-25 12:17:00,102600,102800,102600,102700,218
2026-03-25 12:18:00,102700,103100,102700,103100,356
2026-03-25 12:19:00,103100,103100,102700,103000,124
2026-03-25 12:20:00,102800,103000,102700,102700,245
2026-03-25 12:21:00,102800,102900,102700,102700,206
2026-03-25 12:22:00,102700,102800,102600,102700,206
2026-03-25 12:23:00,102700,102900,102700,102900,161
2026-03-25 12:24:00,102900,102900,102700,102800,166
2026-03-25 12:25:00,102800,102900,102700,102700,271
2026-03-25 12:26:00,102700,103000,102600,102800,111
2026-03-25 12:27:00,102800,102800,102600,102700,308
2026-03-25 12:28:00,103000,103100,102500,103000,325
2026-03-25 12:29:00,102800,103200,102700,103000,248
2026-03-25 12:30:00,103000,103000,102800,103000,179
2026-03-25 12:31:00,102800,103100,102700,102900,203
2026-03-25 12:32:00,102800,103000,102800,103000,258
2026-03-25 12:33:00,102900,102900,102700,102800,123
2026-03-25 12:34:00,102800,103000,102700,102900,341
2026-03-25 12:35:00,102900,103000,102700,103000,230
2026-03-25 12:36:00,103100,103100,102800,102800,200
2026-03-25 12:37:00,102900,102900,102800,102900,150
2026-03-25 12:38:00,102800,103100,102800,102800,268
2026-03-25 12:39:00,102800,102900,102800,102900,232
2026-03-25 12:40:00,102800,103100,102800,102900,182
2026-03-25 12:41:00,102900,103000,102900,102900,185
2026-03-25 12:42:00,102900,103000,102800,102800,160
2026-03-25 12:43:00,102900,103100,102800,102800,242
2026-03-25 12:44:00,102900,102900,102800,102800,152
2026-03-25 12:45:00,102800,103000,102800,102900,233
2026-03-25 12:46:00,102900,102900,102800,102800,216
2026-03-25 12:47:00,102800,102900,102800,102800,143
2026-03-25 12:48:00,102800,103000,102800,102900,247
2026-03-25 12:49:00,102900,103000,102800,102900,247
2026-03-25 12:50:00,102800,103100,102800,102800,253
2026-03-25 12:51:00,102900,103200,102800,102900,186
2026-03-25 12:52:00,103100,103300,103000,103100,290
2026-03-25 12:53:00,103100,103200,103000,103000,170
2026-03-25 12:54:00,103000,103400,103000,103300,375
2026-03-25 12:55:00,103300,103300,103000,103200,309
2026-03-25 12:56:00,103200,103300,102900,102900,231
2026-03-25 12:57:00,102900,103500,102900,103000,215
2026-03-25 12:58:00,103100,103500,102900,103500,193
2026-03-25 12:59:00,103400,103500,103000,103100,287
2026-03-25 13:00:00,103200,103700,103100,103300,170
2026-03-25 13:01:00,103100,103600,103100,103200,235
2026-03-25 13:02:00,103100,103200,102900,103000,183
2026-03-25 13:03:00,102900,103300,102900,103200,716
2026-03-25 13:04:00,103000,103400,103000,103400,270
2026-03-25 13:05:00,103500,103500,103100,103200,131
2026-03-25 13:06:00,103300,103300,103100,103300,672
2026-03-25 13:07:00,103300,103300,103100,103100,491
2026-03-25 13:08:00,103100,103400,102900,102900,297
2026-03-25 13:09:00,103000,103400,102900,103100,178
2026-03-25 13:10:00,103200,103200,103000,103000,258
2026-03-25 13:11:00,103200,103200,103000,103000,225
2026-03-25 13:12:00,103200,103200,103000,103000,189
2026-03-25 13:13:00,103000,103100,102900,103100,264
2026-03-25 13:14:00,103000,103100,103000,103000,189
2026-03-25 13:15:00,103000,103100,102900,103100,267
2026-03-25 13:16:00,103000,103100,102900,103000,319
2026-03-25 13:17:00,102900,103200,102900,103200,289
2026-03-25 13:18:00,103100,103500,102900,103500,392
2026-03-25 13:19:00,103100,103400,103000,103000,160
2026-03-25 13:20:00,103100,103400,103000,103100,204
2026-03-25 13:21:00,103200,103300,103000,103000,166
2026-03-25 13:22:00,103100,103500,103100,103200,295
2026-03-25 13:23:00,103300,103700,103300,103500,323
2026-03-25 13:24:00,103400,103500,103200,103300,134
2026-03-25 13:25:00,103400,103500,103200,103200,524
2026-03-25 13:26:00,103400,103400,103200,103300,142
2026-03-25 13:27:00,103200,103500,103200,103200,319
2026-03-25 13:28:00,103300,103300,103100,103300,161
2026-03-25 13:29:00,103300,103400,103200,103400,164
2026-03-25 13:30:00,103300,103500,103200,103500,613
2026-03-25 13:31:00,103400,103400,103100,103100,99
2026-03-25 13:32:00,103200,103300,103100,103100,211
2026-03-25 13:33:00,103100,103200,103000,103200,540
2026-03-25 13:34:00,103100,103400,103100,103300,305
2026-03-25 13:35:00,103200,103400,103200,103200,174
2026-03-25 13:36:00,103200,103300,103100,103200,218
2026-03-25 13:37:00,103200,103300,103100,103100,222
2026-03-25 13:38:00,103300,103700,103200,103700,377
2026-03-25 13:39:00,103400,103800,103400,103400,344
2026-03-25 13:40:00,103650,103650,103400,103500,143
2026-03-25 13:41:00,103600,103600,103300,103300,415
2026-03-25 13:42:00,103400,103500,103400,103400,150
2026-03-25 13:43:00,103400,103500,103300,103400,325
2026-03-25 13:44:00,103500,103500,103300,103400,241
2026-03-25 13:45:00,103400,103500,103200,103500,171
2026-03-25 13:46:00,103400,103800,103400,103500,263
2026-03-25 13:47:00,103500,103900,103500,103700,506
2026-03-25 13:48:00,103600,103600,103500,103600,453
2026-03-25 13:49:00,103500,103700,103300,103300,274
2026-03-25 13:50:00,103300,103500,103200,103400,504
2026-03-25 13:51:00,103300,103400,103200,103200,285
2026-03-25 13:52:00,103200,103200,103100,103100,170
2026-03-25 13:53:00,103100,103400,103100,103100,244
2026-03-25 13:54:00,103100,103300,103100,103100,156
2026-03-25 13:55:00,103100,103400,103000,103300,293
2026-03-25 13:56:00,103400,103500,103300,103300,243
2026-03-25 13:57:00,103300,103500,103200,103200,168
2026-03-25 13:58:00,103200,103600,103100,103600,422
2026-03-25 13:59:00,103100,103700,103100,103400,154
2026-03-25 14:00:00,103300,103500,103200,103300,179
2026-03-25 14:01:00,103200,103400,103200,103400,158
2026-03-25 14:02:00,103200,103400,103100,103200,243
2026-03-25 14:03:00,103200,103400,103200,103300,167
2026-03-25 14:04:00,103400,103500,103300,103300,239
2026-03-25 14:05:00,103300,103400,103300,103300,308
2026-03-25 14:06:00,103300,103500,103300,103400,854
2026-03-25 14:07:00,103400,103500,103300,103400,241
2026-03-25 14:08:00,103300,103500,103300,103300,449
2026-03-25 14:09:00,103300,103400,103100,103100,384
2026-03-25 14:10:00,103200,103400,103100,103300,221
2026-03-25 14:11:00,103200,103300,103200,103200,138
2026-03-25 14:12:00,103200,103200,103100,103200,260
2026-03-25 14:13:00,103200,103300,103100,103200,388
2026-03-25 14:14:00,103100,103200,103100,103200,210
2026-03-25 14:15:00,103100,103100,103000,103000,370
2026-03-25 14:16:00,103000,103200,103000,103100,429
2026-03-25 14:17:00,103000,103200,102900,103200,1276
2026-03-25 14:18:00,103100,103200,102800,102900,366
2026-03-25 14:19:00,102900,103000,102800,102800,214
2026-03-25 14:20:00,102800,103400,102700,103400,763
2026-03-25 14:21:00,103100,103100,102700,102900,228
2026-03-25 14:22:00,102800,103200,102800,102800,1060
2026-03-25 14:23:00,102800,103200,102800,102900,151
2026-03-25 14:24:00,102900,103100,102900,103100,172
2026-03-25 14:25:00,103100,103100,102700,102700,854
2026-03-25 14:26:00,102700,103000,102600,102900,963
2026-03-25 14:27:00,102900,103000,102800,102800,326
2026-03-25 14:28:00,102700,102700,102600,102700,230
2026-03-25 14:29:00,102600,102700,102500,102600,607
2026-03-25 14:30:00,102600,102900,102500,102600,510
2026-03-25 14:31:00,102600,102600,102500,102500,190
2026-03-25 14:32:00,102500,103000,102500,102700,397
2026-03-25 14:33:00,102700,102900,102500,102900,196
2026-03-25 14:34:00,102600,102800,102500,102700,323
2026-03-25 14:35:00,102600,102800,102600,102600,159
2026-03-25 14:36:00,102700,102700,102400,102400,843
2026-03-25 14:37:00,102600,102900,102400,102600,2503
2026-03-25 14:38:00,102600,102700,102500,102500,231
2026-03-25 14:39:00,102700,102800,102400,102500,1186
2026-03-25 14:40:00,102400,102500,102300,102400,1043
2026-03-25 14:41:00,102500,102500,102400,102500,213
2026-03-25 14:42:00,102600,102700,102300,102500,586
2026-03-25 14:43:00,102400,102700,102400,102500,194
2026-03-25 14:44:00,102500,102700,102400,102400,378
2026-03-25 14:45:00,102700,102900,102500,102600,182
2026-03-25 14:46:00,102800,102900,102600,102800,326
2026-03-25 14:47:00,102900,103600,102800,103100,396
2026-03-25 14:48:00,103300,103300,103100,103300,381
2026-03-25 14:49:00,103300,103400,103100,103100,362
2026-03-25 14:50:00,103100,103400,102900,103100,336
2026-03-25 14:51:00,103100,103400,103000,103100,234
2026-03-25 14:52:00,103100,103700,103100,103700,586
2026-03-25 14:53:00,103500,103700,103300,103500,266
2026-03-25 14:54:00,103500,103600,103300,103500,187
2026-03-25 14:55:00,103400,103500,103300,103400,288
2026-03-25 14:56:00,103300,103400,103000,103000,340
2026-03-25 14:57:00,103000,103500,103000,103400,304
2026-03-25 14:58:00,103400,103400,103000,103300,372
2026-03-25 14:59:00,103100,103400,103100,103400,201
2026-03-25 15:00:00,103200,103400,103100,103200,267
2026-03-25 15:01:00,103300,103400,103200,103300,206
2026-03-25 15:02:00,103400,103400,103300,103400,245
2026-03-25 15:03:00,103200,103500,103200,103300,307
2026-03-25 15:04:00,103300,103600,103200,103400,265
2026-03-25 15:05:00,103300,103400,103000,103300,475
2026-03-25 15:06:00,103100,103500,103000,103500,325
2026-03-25 15:07:00,103100,103600,103100,103400,425
2026-03-25 15:08:00,103300,103700,103300,103700,236
2026-03-25 15:09:00,103300,103600,103100,103300,262
2026-03-25 15:10:00,103600,103700,103300,103500,346
2026-03-25 15:11:00,103400,103400,102900,103000,765
2026-03-25 15:12:00,103000,103400,103000,103400,373
2026-03-25 15:13:00,103300,103500,103200,103300,317
2026-03-25 15:14:00,103400,103500,103000,103400,619
2026-03-25 15:15:00,103100,103500,103100,103400,252
2026-03-25 15:16:00,103300,103300,103000,103300,480
2026-03-25 15:17:00,103300,103500,103100,103200,503
2026-03-25 15:18:00,103200,103600,103000,103600,281
2026-03-25 15:19:00,103600,103600,103000,103100,138
2026-03-25 15:30:00,103100,103100,103100,103100,1368
2026-03-25 15:35:00,103100,103100,103100,103100,1
2026-03-26 09:00:00,101400,102200,101200,101200,4595
2026-03-26 09:01:00,101100,102000,101000,101400,782
2026-03-26 09:02:00,101400,102200,101100,102000,1125
2026-03-26 09:03:00,101800,102900,101700,102600,376
2026-03-26 09:04:00,102600,102600,101900,102100,307
2026-03-26 09:05:00,102100,102600,101900,102400,683
2026-03-26 09:06:00,102400,102400,101200,101300,669
2026-03-26 09:07:00,101300,101800,101200,101300,479
2026-03-26 09:08:00,101300,101700,101100,101500,458
2026-03-26 09:09:00,101500,102000,101400,101400,530
2026-03-26 09:10:00,101900,102100,101400,101900,526
2026-03-26 09:11:00,102100,102100,101500,101600,302
2026-03-26 09:12:00,101700,102000,101400,101700,284
2026-03-26 09:13:00,101700,101700,101500,101700,394
2026-03-26 09:14:00,101700,101700,101200,101700,549
2026-03-26 09:15:00,101700,101800,101300,101600,541
2026-03-26 09:16:00,101700,102400,101600,102000,705
2026-03-26 09:17:00,102400,103000,102400,102800,650
2026-03-26 09:18:00,102800,103000,102500,102700,435
2026-03-26 09:19:00,102800,103000,102600,103000,306
2026-03-26 09:20:00,102900,103000,102600,102700,391
2026-03-26 09:21:00,102800,102800,102400,102600,280
2026-03-26 09:22:00,102600,103100,102300,103100,385
2026-03-26 09:23:00,103100,104400,103100,103800,1868
2026-03-26 09:24:00,103800,103800,103300,103600,413
2026-03-26 09:25:00,103400,103400,102800,102900,486
2026-03-26 09:26:00,102900,103700,102900,103500,399
2026-03-26 09:27:00,103000,103500,103000,103300,297
2026-03-26 09:28:00,103300,103300,102900,103000,404
2026-03-26 09:29:00,103100,103100,102900,102900,230
2026-03-26 09:30:00,102800,104000,102600,103700,567
2026-03-26 09:31:00,104000,104200,103600,103600,565
2026-03-26 09:32:00,103800,103800,103400,103500,77
2026-03-26 09:33:00,103600,103600,103300,103300,141
2026-03-26 09:34:00,103200,103800,103100,103100,225
2026-03-26 09:35:00,103000,103600,103000,103400,76
2026-03-26 09:36:00,103400,103800,103200,103800,181
2026-03-26 09:37:00,103900,104100,103600,103600,260
2026-03-26 09:38:00,103600,103700,103500,103500,34
2026-03-26 09:39:00,103400,103500,103000,103000,283
2026-03-26 09:40:00,103000,104700,102800,104500,1588
2026-03-26 09:41:00,104500,104600,103800,104400,315
2026-03-26 09:42:00,104400,104700,104000,104700,697
2026-03-26 09:43:00,104600,104800,104300,104300,285
2026-03-26 09:44:00,104300,104400,104100,104200,156
2026-03-26 09:45:00,104200,104400,104000,104100,235
2026-03-26 09:46:00,104200,104200,103900,103900,272
2026-03-26 09:47:00,103900,104600,103900,104500,564
2026-03-26 09:48:00,104500,104600,104100,104600,295
2026-03-26 09:49:00,104500,104700,104500,104600,276
2026-03-26 09:50:00,104600,104600,104300,104600,184
2026-03-26 09:51:00,104600,104700,104000,104300,203
2026-03-26 09:52:00,104200,104450,104200,104200,234
2026-03-26 09:53:00,104100,104400,104100,104300,182
2026-03-26 09:54:00,104400,104400,104100,104100,358
2026-03-26 09:55:00,104100,104400,104000,104100,305
2026-03-26 09:56:00,104100,104300,104000,104100,319
2026-03-26 09:57:00,104200,104400,104100,104300,161
2026-03-26 09:58:00,104200,104400,104200,104300,200
2026-03-26 09:59:00,104300,104400,104100,104100,287
2026-03-26 10:00:00,104300,104400,104100,104300,194
2026-03-26 10:01:00,104400,104500,104300,104400,376
2026-03-26 10:02:00,104400,104600,104400,104400,173
2026-03-26 10:03:00,104300,104600,104300,104600,287
2026-03-26 10:04:00,104600,104600,104000,104300,608
2026-03-26 10:05:00,104300,104300,103500,103800,263
2026-03-26 10:06:00,103800,104000,103600,104000,123
2026-03-26 10:07:00,104000,104000,103600,103600,363
2026-03-26 10:08:00,103700,103900,103500,103700,241
2026-03-26 10:09:00,103700,104000,103500,103700,146
2026-03-26 10:10:00,103600,103700,103500,103600,376
2026-03-26 10:11:00,103600,103600,103400,103500,105
2026-03-26 10:12:00,103500,103900,103400,103600,253
2026-03-26 10:13:00,103600,103800,103300,103300,216
2026-03-26 10:14:00,103800,103900,103300,103400,166
2026-03-26 10:15:00,103400,103800,103400,103500,202
2026-03-26 10:16:00,103500,103700,103400,103500,175
2026-03-26 10:17:00,103700,103700,103300,103300,305
2026-03-26 10:18:00,103300,103500,102700,103100,2767
2026-03-26 10:19:00,103100,103400,102800,102900,135
2026-03-26 10:20:00,102800,103300,102800,103100,329
2026-03-26 10:21:00,103100,103500,103000,103400,307
2026-03-26 10:22:00,103500,103500,103300,103500,214
2026-03-26 10:23:00,103500,103700,103300,103700,135
2026-03-26 10:24:00,103700,103700,103300,103600,222
2026-03-26 10:25:00,103600,103600,103200,103600,175
2026-03-26 10:26:00,103600,103700,103300,103400,199
2026-03-26 10:27:00,103400,103600,103100,103200,265
2026-03-26 10:28:00,103200,103600,103000,103200,151
2026-03-26 10:29:00,103200,103700,103000,103500,448
2026-03-26 10:30:00,103400,103500,102700,103300,474
2026-03-26 10:31:00,103500,103500,103300,103500,166
2026-03-26 10:32:00,103500,103700,103400,103700,88
2026-03-26 10:33:00,103700,103700,103300,103600,253
2026-03-26 10:34:00,103600,103700,103600,103700,141
2026-03-26 10:35:00,103800,103900,103600,103600,278
2026-03-26 10:36:00,103700,103900,103400,103400,226
2026-03-26 10:37:00,103900,103900,103300,103600,278
2026-03-26 10:38:00,103400,103700,103400,103700,218
2026-03-26 10:39:00,103600,103800,103400,103500,130
2026-03-26 10:40:00,103500,103800,103400,103400,295
2026-03-26 10:41:00,103400,103900,103400,103800,142
2026-03-26 10:42:00,103700,103800,103500,103700,129
2026-03-26 10:43:00,103700,103800,103300,103700,293
2026-03-26 10:44:00,103800,103900,103400,103600,169
2026-03-26 10:45:00,103800,103800,103400,103600,248
2026-03-26 10:46:00,103600,103600,103300,103300,173
2026-03-26 10:47:00,103600,103700,103000,103600,378
2026-03-26 10:48:00,103000,103500,102800,102800,238
2026-03-26 10:49:00,103300,103300,102900,103200,26
2026-03-26 10:50:00,102900,103300,102900,103300,236
2026-03-26 10:51:00,103000,103100,102900,103100,123
2026-03-26 10:52:00,103000,103200,102800,103200,194
2026-03-26 10:53:00,103000,103200,102900,102900,214
2026-03-26 10:54:00,102900,103100,102300,102700,535
2026-03-26 10:55:00,102700,103200,102700,102800,629
2026-03-26 10:56:00,103100,103300,102900,103200,100
2026-03-26 10:57:00,103100,103300,102800,102800,249
2026-03-26 10:58:00,103000,103000,102700,102800,165
2026-03-26 10:59:00,102700,103100,102700,102900,178
2026-03-26 11:00:00,102900,103300,102800,103100,412
2026-03-26 11:01:00,103100,103500,103100,103500,405
2026-03-26 11:02:00,103500,103600,103400,103500,206
2026-03-26 11:03:00,103400,103500,103300,103500,328
2026-03-26 11:04:00,103400,103400,102900,103100,151
2026-03-26 11:05:00,103400,103600,102900,102900,271
2026-03-26 11:06:00,102900,103300,102900,103200,238
2026-03-26 11:07:00,103200,103200,102700,102700,224
2026-03-26 11:08:00,102600,102900,102500,102800,255
2026-03-26 11:09:00,102600,102700,102400,102500,270
2026-03-26 11:10:00,102500,102500,102000,102100,985
2026-03-26 11:11:00,102000,102400,102000,102300,326
2026-03-26 11:12:00,102300,102400,101900,101900,866
2026-03-26 11:13:00,101900,102200,101800,101900,248
2026-03-26 11:14:00,101800,102200,101700,101800,198
2026-03-26 11:15:00,101800,101800,101600,101600,256
2026-03-26 11:16:00,101700,101900,101600,101800,494
2026-03-26 11:17:00,101900,101900,101500,101600,276
2026-03-26 11:18:00,101700,101700,101500,101500,244
2026-03-26 11:19:00,101500,101700,101500,101700,330
2026-03-26 11:20:00,101700,102000,101600,101900,505
2026-03-26 11:21:00,101900,102000,101600,101600,402
2026-03-26 11:22:00,101600,101600,101400,101600,538
2026-03-26 11:23:00,101400,101600,101300,101500,353
2026-03-26 11:24:00,101600,102000,101500,101600,377
2026-03-26 11:25:00,101900,102000,101600,101600,174
2026-03-26 11:26:00,101900,102000,101700,101700,198
2026-03-26 11:27:00,102000,102000,101500,101700,177
2026-03-26 11:28:00,101600,101700,101400,101500,257
2026-03-26 11:29:00,101500,101500,101000,101200,524
2026-03-26 11:30:00,101200,101400,101000,101300,372
2026-03-26 11:31:00,101000,101400,101000,101300,407
2026-03-26 11:32:00,101200,101400,101200,101200,254
2026-03-26 11:33:00,101000,101200,100800,100800,431
2026-03-26 11:34:00,100800,101000,100700,100900,387
2026-03-26 11:35:00,100900,101000,100600,100700,325
2026-03-26 11:36:00,100900,101500,100600,101400,442
2026-03-26 11:37:00,101400,101400,100700,101000,366
2026-03-26 11:38:00,101000,101400,100900,101000,218
2026-03-26 11:39:00,100900,101200,100900,101200,212
2026-03-26 11:40:00,101200,101300,101000,101000,424
2026-03-26 11:41:00,100900,101300,100900,101000,373
2026-03-26 11:42:00,101000,101300,101000,101300,153
2026-03-26 11:43:00,101300,101500,101200,101300,377
2026-03-26 11:44:00,101400,101400,101000,101400,456
2026-03-26 11:45:00,101300,101400,101200,101400,162
2026-03-26 11:46:00,101400,101900,101400,101700,225
2026-03-26 11:47:00,101700,101700,101100,101200,360
2026-03-26 11:48:00,101200,101400,101200,101200,206
2026-03-26 11:49:00,101400,101500,101200,101500,171
2026-03-26 11:50:00,101500,101500,101300,101400,138
2026-03-26 11:51:00,101300,101400,101100,101200,169
2026-03-26 11:52:00,101200,101400,101100,101200,155
2026-03-26 11:53:00,101200,101400,101200,101300,122
2026-03-26 11:54:00,101400,101400,101000,101000,255
2026-03-26 11:55:00,101100,101300,101100,101300,101
2026-03-26 11:56:00,101400,101400,101100,101300,183
2026-03-26 11:57:00,101200,101200,100800,100800,229
2026-03-26 11:58:00,101100,101100,100900,101100,123
2026-03-26 11:59:00,101100,101100,100900,100900,270
2026-03-26 12:00:00,101000,101000,100800,100800,130
2026-03-26 12:01:00,100800,101300,100700,101200,483
2026-03-26 12:02:00,101200,101600,100900,101200,279
2026-03-26 12:03:00,101200,101500,101000,101500,216
2026-03-26 12:04:00,101400,101400,100900,101100,280
2026-03-26 12:05:00,101100,101400,100700,100800,228
2026-03-26 12:06:00,100800,101400,100700,100700,153
2026-03-26 12:07:00,100800,101200,100700,101000,262
2026-03-26 12:08:00,100900,101100,100700,101100,299
2026-03-26 12:09:00,100900,101100,100700,100800,183
2026-03-26 12:10:00,100800,100800,100500,100800,374
2026-03-26 12:11:00,100800,100800,100600,100800,212
2026-03-26 12:12:00,100800,100800,100700,100800,191
2026-03-26 12:13:00,100800,101200,100800,100800,478
2026-03-26 12:14:00,101000,101200,100600,101200,241
2026-03-26 12:15:00,101200,101300,101000,101200,217
2026-03-26 12:16:00,101200,101200,100700,101200,371
2026-03-26 12:17:00,100800,101200,100700,101200,213
2026-03-26 12:18:00,101200,101200,100900,100900,130
2026-03-26 12:19:00,100900,101300,100800,101000,294
2026-03-26 12:20:00,101100,101200,100700,101200,472
2026-03-26 12:21:00,101200,101500,100900,101400,310
2026-03-26 12:22:00,101400,101700,101100,101200,194
2026-03-26 12:23:00,101200,101400,101000,101300,190
2026-03-26 12:24:00,101300,101300,101200,101300,153
2026-03-26 12:25:00,101300,101500,101200,101300,282
2026-03-26 12:26:00,101300,101500,101000,101200,432
2026-03-26 12:27:00,101200,101700,101200,101700,236
2026-03-26 12:28:00,101400,101600,100900,101600,122
2026-03-26 12:29:00,101500,101600,101300,101300,272
2026-03-26 12:30:00,101000,101900,101000,101900,364
2026-03-26 12:31:00,102000,102200,101700,102100,231
2026-03-26 12:32:00,102100,102300,101900,102300,291
2026-03-26 12:33:00,102300,102500,102100,102500,354
2026-03-26 12:34:00,102500,102600,102400,102600,490
2026-03-26 12:35:00,102700,102900,102600,102900,349
2026-03-26 12:36:00,103000,103300,103000,103100,420
2026-03-26 12:37:00,103200,103200,102900,103000,264
2026-03-26 12:38:00,103000,103300,103000,103300,180
2026-03-26 12:39:00,103300,103300,102900,103000,265
2026-03-26 12:40:00,103000,103000,102900,103000,89
2026-03-26 12:41:00,102900,103200,102900,103100,285
2026-03-26 12:42:00,103100,103100,102800,103000,160
2026-03-26 12:43:00,103000,103000,102600,102700,331
2026-03-26 12:44:00,102700,103000,102700,103000,188
2026-03-26 12:45:00,102700,103200,102700,103200,581
2026-03-26 12:46:00,103200,103200,103000,103100,298
2026-03-26 12:47:00,103100,103300,103100,103300,339
2026-03-26 12:48:00,103300,103400,103000,103000,449
2026-03-26 12:49:00,103000,103400,103000,103300,141
2026-03-26 12:50:00,103400,103400,103100,103300,218
2026-03-26 12:51:00,103100,103200,102900,103000,199
2026-03-26 12:52:00,103000,103100,102900,102900,290
2026-03-26 12:53:00,102900,102900,102700,102700,118
2026-03-26 12:54:00,102700,103000,102700,102800,292
2026-03-26 12:55:00,102700,102900,102700,102900,134
2026-03-26 12:56:00,102900,103000,102800,102800,192
2026-03-26 12:57:00,102800,102900,102800,102900,207
2026-03-26 12:58:00,102900,103000,102600,102800,132
2026-03-26 12:59:00,103000,103100,102500,103000,518
2026-03-26 13:00:00,102900,102900,102700,102900,203
2026-03-26 13:01:00,102900,103000,102700,102700,227
2026-03-26 13:02:00,102700,103100,102600,103000,195
2026-03-26 13:03:00,103000,103000,102700,102800,169
2026-03-26 13:04:00,102800,103000,102700,102900,152
2026-03-26 13:05:00,102900,102900,102700,102900,261
2026-03-26 13:06:00,103000,103100,102600,102900,236
2026-03-26 13:07:00,102900,103100,102700,102700,768
2026-03-26 13:08:00,102700,103000,102700,103000,264
2026-03-26 13:09:00,102900,103100,102800,103100,708
2026-03-26 13:10:00,103100,103400,103100,103400,250
2026-03-26 13:11:00,103400,103400,103100,103300,383
2026-03-26 13:12:00,103300,103400,103100,103100,303
2026-03-26 13:13:00,103100,103300,102800,103200,146
2026-03-26 13:14:00,103200,103300,103100,103100,288
2026-03-26 13:15:00,103100,103100,103000,103100,234
2026-03-26 13:16:00,103000,103100,103000,103000,121
2026-03-26 13:17:00,102900,103000,102700,102900,392
2026-03-26 13:18:00,102900,102900,102400,102500,287
2026-03-26 13:19:00,102500,102700,102400,102400,278
2026-03-26 13:20:00,102300,102800,102100,102800,565
2026-03-26 13:21:00,102700,102700,102500,102600,200
2026-03-26 13:22:00,102900,103000,102700,102900,286
2026-03-26 13:23:00,102900,103000,102700,102800,128
2026-03-26 13:24:00,102900,103000,102700,102800,270
2026-03-26 13:25:00,102900,103100,102800,103100,274
2026-03-26 13:26:00,103100,103100,102800,103000,69
2026-03-26 13:27:00,103000,103100,102700,102800,311
2026-03-26 13:28:00,102700,103100,102700,103100,153
2026-03-26 13:29:00,103100,103100,102900,103000,205
2026-03-26 13:30:00,103000,103100,102900,103000,200
2026-03-26 13:31:00,103100,103100,102900,103000,99
2026-03-26 13:32:00,103000,103100,102800,102900,512
2026-03-26 13:33:00,102900,102900,102600,102900,210
2026-03-26 13:34:00,102900,102900,102600,102700,147
2026-03-26 13:35:00,102600,102800,102500,102800,151
2026-03-26 13:36:00,102700,102900,102400,102700,160
2026-03-26 13:37:00,102800,102800,102300,102800,250
2026-03-26 13:38:00,102500,102800,102500,102800,124
2026-03-26 13:39:00,102900,102900,102500,102600,109
2026-03-26 13:40:00,102600,102700,102500,102700,270
2026-03-26 13:41:00,102500,102700,102500,102500,92
2026-03-26 13:42:00,102400,102500,102400,102500,288
2026-03-26 13:43:00,102500,102500,102400,102500,154
2026-03-26 13:44:00,102500,102500,102400,102500,95
2026-03-26 13:45:00,102500,102600,102300,102600,142
2026-03-26 13:46:00,102500,102500,102300,102500,191
2026-03-26 13:47:00,102500,102600,102300,102400,676
2026-03-26 13:48:00,102400,102700,102300,102600,239
2026-03-26 13:49:00,102700,102700,102300,102400,84
2026-03-26 13:50:00,102400,102600,102200,102200,304
2026-03-26 13:51:00,102200,102200,102000,102000,158
2026-03-26 13:52:00,102100,102200,101500,101500,555
2026-03-26 13:53:00,101500,101900,101500,101600,331
2026-03-26 13:54:00,101600,101600,101500,101500,113
2026-03-26 13:55:00,101400,101600,101300,101300,198
2026-03-26 13:56:00,101300,101600,101300,101300,251
2026-03-26 13:57:00,101600,101800,101200,101300,205
2026-03-26 13:58:00,101300,101300,101200,101300,141
2026-03-26 13:59:00,101200,101500,101200,101500,351
2026-03-26 14:00:00,101300,101500,101200,101300,331
2026-03-26 14:01:00,101100,101400,101100,101400,129
2026-03-26 14:02:00,101200,101400,101100,101300,401
2026-03-26 14:03:00,101200,101300,101000,101200,302
2026-03-26 14:04:00,101300,101400,101100,101300,273
2026-03-26 14:05:00,101300,101500,101100,101100,288
2026-03-26 14:06:00,101100,101200,100900,101100,763
2026-03-26 14:07:00,101100,101100,100800,100900,190
2026-03-26 14:08:00,100900,101000,100700,101000,304
2026-03-26 14:09:00,100800,100900,100600,100800,948
2026-03-26 14:10:00,100700,100900,100700,100800,425
2026-03-26 14:11:00,100800,100900,100700,100900,213
2026-03-26 14:12:00,100900,100900,100700,100900,290
2026-03-26 14:13:00,100900,100900,100700,100800,190
2026-03-26 14:14:00,100800,100900,100700,100700,395
2026-03-26 14:15:00,100700,100800,100600,100700,417
2026-03-26 14:16:00,100800,100900,100800,100900,165
2026-03-26 14:17:00,100900,100900,100600,100800,226
2026-03-26 14:18:00,100800,100900,100600,100900,220
2026-03-26 14:19:00,100900,101000,100700,100800,275
2026-03-26 14:20:00,100700,101100,100700,100900,228
2026-03-26 14:21:00,100900,100900,100700,100700,219
2026-03-26 14:22:00,100700,100900,100500,100700,688
2026-03-26 14:23:00,100700,100800,100600,100800,308
2026-03-26 14:24:00,100800,100800,100600,100700,84
2026-03-26 14:25:00,100700,100700,100500,100600,555
2026-03-26 14:26:00,100600,100800,100500,100700,487
2026-03-26 14:27:00,100700,100700,100500,100600,430
2026-03-26 14:28:00,100600,100900,100500,100800,479
2026-03-26 14:29:00,100800,100800,100600,100800,222
2026-03-26 14:30:00,100800,100900,100800,100800,335
2026-03-26 14:31:00,100800,101000,100600,100800,348
2026-03-26 14:32:00,100800,100900,100700,100800,257
2026-03-26 14:33:00,100800,101100,100800,100900,369
2026-03-26 14:34:00,100900,101100,100800,100800,476
2026-03-26 14:35:00,101100,101200,100700,100700,481
2026-03-26 14:36:00,100900,101200,100700,101000,336
2026-03-26 14:37:00,101000,101000,100700,100700,259
2026-03-26 14:38:00,100700,101000,100600,100800,445
2026-03-26 14:39:00,100800,100900,100700,100900,217
2026-03-26 14:40:00,100700,101000,100700,100900,165
2026-03-26 14:41:00,100900,101100,100700,101100,338
2026-03-26 14:42:00,101100,101100,100800,101100,336
2026-03-26 14:43:00,101100,101400,100700,101000,428
2026-03-26 14:44:00,101000,101100,100800,100900,197
2026-03-26 14:45:00,100800,101000,100700,100900,328
2026-03-26 14:46:00,100700,101100,100600,100900,391
2026-03-26 14:47:00,100900,100900,100600,100900,496
2026-03-26 14:48:00,100700,101000,100600,100600,592
2026-03-26 14:49:00,100600,100800,100600,100600,409
2026-03-26 14:50:00,100600,100800,100600,100700,574
2026-03-26 14:51:00,100800,100800,100600,100700,497
2026-03-26 14:52:00,100700,100800,100500,100600,732
2026-03-26 14:53:00,100700,100900,100500,100900,1107
2026-03-26 14:54:00,100900,100900,100600,100900,1113
2026-03-26 14:55:00,100900,101100,100600,100700,765
2026-03-26 14:56:00,101000,101100,100700,100900,605
2026-03-26 14:57:00,100900,100900,100600,100900,424
2026-03-26 14:58:00,100800,101000,100600,100800,1408
2026-03-26 14:59:00,100800,101000,100600,100700,576
2026-03-26 15:00:00,100500,101000,100500,100600,531
2026-03-26 15:01:00,100500,100900,100400,100800,650
2026-03-26 15:02:00,100800,100900,100400,100900,775
2026-03-26 15:03:00,100900,100900,100400,100800,504
2026-03-26 15:04:00,100800,100900,100400,100800,671
2026-03-26 15:05:00,100800,100800,100600,100600,483
2026-03-26 15:06:00,100600,101200,100500,100900,682
2026-03-26 15:07:00,100700,101200,100500,101100,484
2026-03-26 15:08:00,101100,101200,100600,100600,1112
2026-03-26 15:09:00,100800,100800,100500,100800,653
2026-03-26 15:10:00,100500,100800,100500,100600,478
2026-03-26 15:11:00,100600,100800,100400,100600,828
2026-03-26 15:12:00,100900,100900,100300,100700,497
2026-03-26 15:13:00,100700,100800,100400,100800,439
2026-03-26 15:14:00,100800,100800,100300,100500,432
2026-03-26 15:15:00,100600,100700,100400,100500,844
2026-03-26 15:16:00,100500,100800,100400,100500,1100
2026-03-26 15:17:00,100400,100800,100400,100800,908
2026-03-26 15:18:00,100500,100800,100300,100300,597
2026-03-26 15:19:00,100500,100800,100400,100800,913
2026-03-26 15:30:00,100800,100800,100800,100800,4264
2026-03-26 15:35:00,100800,100800,100800,100800,137
2026-03-27 09:00:00,97000,97900,96600,97500,2747
2026-03-27 09:01:00,97600,98600,97300,98200,2073
2026-03-27 09:02:00,98200,98800,97500,98600,729
2026-03-27 09:03:00,98400,99700,98400,99400,1384
2026-03-27 09:04:00,99400,99900,99300,99500,868
2026-03-27 09:05:00,99500,99700,99000,99100,388
2026-03-27 09:06:00,99000,99900,99000,99600,583
2026-03-27 09:07:00,99700,99700,99200,99200,275
2026-03-27 09:08:00,99300,99300,98800,98900,129
2026-03-27 09:09:00,99000,99200,98600,98800,188
2026-03-27 09:10:00,98700,99000,98600,98800,133
2026-03-27 09:11:00,98800,98900,98000,98200,452
2026-03-27 09:12:00,98200,98900,98000,98200,593
2026-03-27 09:13:00,98800,98800,98100,98600,201
2026-03-27 09:14:00,98500,98600,98200,98400,139
2026-03-27 09:15:00,98400,98600,98300,98500,237
2026-03-27 09:16:00,98500,98800,98300,98800,252
2026-03-27 09:17:00,98800,98800,98500,98600,288
2026-03-27 09:18:00,98600,99000,98500,99000,618
2026-03-27 09:19:00,99000,99100,98700,99000,235
2026-03-27 09:20:00,99000,99000,98300,98400,492
2026-03-27 09:21:00,98500,99100,98400,99000,387
2026-03-27 09:22:00,99000,99000,98100,98400,381
2026-03-27 09:23:00,98300,98500,97900,98300,535
2026-03-27 09:24:00,98000,98300,97700,98200,568
2026-03-27 09:25:00,98200,98300,97700,97800,333
2026-03-27 09:26:00,97800,97900,97500,97700,606
2026-03-27 09:27:00,97700,97800,97500,97600,274
2026-03-27 09:28:00,97600,98300,97600,98000,373
2026-03-27 09:29:00,98000,98000,97700,97700,343
2026-03-27 09:30:00,97800,99000,97000,98600,992
2026-03-27 09:31:00,98600,98900,98300,98300,264
2026-03-27 09:32:00,98400,98600,97900,98100,208
2026-03-27 09:33:00,98100,98300,97800,98000,299
2026-03-27 09:34:00,97800,98000,97400,97700,536
2026-03-27 09:35:00,97900,98000,97400,97500,542
2026-03-27 09:36:00,97500,97500,97300,97400,591
2026-03-27 09:37:00,97400,97600,97100,97300,764
2026-03-27 09:38:00,97400,97500,97200,97300,276
2026-03-27 09:39:00,97300,97500,97200,97400,361
2026-03-27 09:40:00,97300,97400,97200,97400,385
2026-03-27 09:41:00,97400,97400,97100,97300,355
2026-03-27 09:42:00,97300,97400,97100,97100,527
2026-03-27 09:43:00,97200,97300,96700,96700,882
2026-03-27 09:44:00,96700,96900,96500,96800,339
2026-03-27 09:45:00,96800,96900,96300,96800,550
2026-03-27 09:46:00,96800,97300,96300,96700,1590
2026-03-27 09:47:00,96700,97400,96400,96800,474
2026-03-27 09:48:00,96900,97000,96500,96500,632
2026-03-27 09:49:00,96600,96600,96300,96300,230
2026-03-27 09:50:00,96300,96800,96300,96500,391
2026-03-27 09:51:00,96600,96700,96300,96400,510
2026-03-27 09:52:00,96400,96700,96200,96700,341
2026-03-27 09:53:00,96600,96700,96300,96300,415
2026-03-27 09:54:00,96300,96300,96100,96300,266
2026-03-27 09:55:00,96300,96900,96200,96800,887
2026-03-27 09:56:00,96600,96600,96200,96300,537
2026-03-27 09:57:00,96200,96600,96200,96300,283
2026-03-27 09:58:00,96300,96500,96300,96500,226
2026-03-27 09:59:00,96500,96500,96100,96500,474
2026-03-27 10:00:00,96400,97400,96300,97100,745
2026-03-27 10:01:00,97100,97500,96800,97200,405
2026-03-27 10:02:00,97200,97500,97200,97400,166
2026-03-27 10:03:00,97300,97400,97000,97400,209
2026-03-27 10:04:00,97300,97300,96900,96900,124
2026-03-27 10:05:00,96900,97200,96900,97200,442
2026-03-27 10:06:00,97100,97100,96300,96700,262
2026-03-27 10:07:00,96600,97000,96600,96700,134
2026-03-27 10:08:00,96600,96800,96500,96700,178
2026-03-27 10:09:00,96700,97000,96500,97000,327
2026-03-27 10:10:00,97000,97400,96900,97300,103
2026-03-27 10:11:00,97400,97600,97300,97300,369
2026-03-27 10:12:00,97400,97400,97000,97300,209
2026-03-27 10:13:00,97100,97200,97000,97000,50
2026-03-27 10:14:00,97100,97100,96800,97100,230
2026-03-27 10:15:00,97000,97500,97000,97300,309
2026-03-27 10:16:00,97000,97300,97000,97200,194
2026-03-27 10:17:00,97200,97400,97000,97400,310
2026-03-27 10:18:00,97200,97200,96800,96800,130
2026-03-27 10:19:00,97000,97100,96800,97100,116
2026-03-27 10:20:00,97100,97100,96700,96800,117
2026-03-27 10:21:00,96800,96900,96700,96900,240
2026-03-27 10:22:00,96900,97100,96700,96800,168
2026-03-27 10:23:00,96900,97100,96800,97000,218
2026-03-27 10:24:00,97100,97100,96900,96900,134
2026-03-27 10:25:00,97000,97000,96700,96800,448
2026-03-27 10:26:00,96700,96900,96600,96700,171
2026-03-27 10:27:00,96700,96900,96600,96900,279
2026-03-27 10:28:00,96900,96900,96700,96900,218
2026-03-27 10:29:00,97000,97000,96700,96900,293
2026-03-27 10:30:00,96900,97300,96700,96700,689
2026-03-27 10:31:00,96800,97100,96700,96700,347
2026-03-27 10:32:00,96700,96700,96600,96700,741
2026-03-27 10:33:00,96700,96800,96600,96700,218
2026-03-27 10:34:00,96700,96800,96600,96700,281
2026-03-27 10:35:00,96700,97000,96700,96700,218
2026-03-27 10:36:00,96700,96700,96300,96700,1027
2026-03-27 10:37:00,96500,96500,96400,96400,165
2026-03-27 10:38:00,96500,96500,96400,96400,258
2026-03-27 10:39:00,96500,96900,96400,96500,674
2026-03-27 10:40:00,96600,96600,96400,96500,461
2026-03-27 10:41:00,96500,96800,96400,96500,430
2026-03-27 10:42:00,96600,97000,96500,96800,126
2026-03-27 10:43:00,96900,96900,96300,96300,478
2026-03-27 10:44:00,96400,96500,96200,96300,346
2026-03-27 10:45:00,96300,96300,96100,96300,699
2026-03-27 10:46:00,96100,96200,95900,96000,1063
2026-03-27 10:47:00,95900,96200,95800,95800,350
2026-03-27 10:48:00,95800,96100,95800,95900,313
2026-03-27 10:49:00,95900,96300,95900,95900,339
2026-03-27 10:50:00,96000,96200,95900,96200,228
2026-03-27 10:51:00,96200,96200,95900,96000,308
2026-03-27 10:52:00,96000,96000,95800,95800,241
2026-03-27 10:53:00,95800,95900,95700,95700,332
2026-03-27 10:54:00,95700,95900,95700,95800,272
2026-03-27 10:55:00,95800,95900,95700,95700,224
2026-03-27 10:56:00,95700,95800,95600,95700,318
2026-03-27 10:57:00,95800,95800,95600,95800,233
2026-03-27 10:58:00,95600,95900,95600,95900,438
2026-03-27 10:59:00,96000,96100,95700,95800,449
2026-03-27 11:00:00,95900,96100,95700,96000,163
2026-03-27 11:01:00,96100,96100,95800,96000,297
2026-03-27 11:02:00,96000,96000,95900,95900,381
2026-03-27 11:03:00,95800,96000,95800,96000,230
2026-03-27 11:04:00,95800,96100,95700,95900,539
2026-03-27 11:05:00,95900,96000,95700,95800,706
2026-03-27 11:06:00,95700,95900,95500,95500,554
2026-03-27 11:07:00,95600,95800,95400,95400,1345
2026-03-27 11:08:00,95600,95600,95300,95300,313
2026-03-27 11:09:00,95400,95400,95000,95300,2493
2026-03-27 11:10:00,95300,95400,95200,95300,253
2026-03-27 11:11:00,95100,95700,94900,95300,849
2026-03-27 11:12:00,95300,95300,94900,95100,288
2026-03-27 11:13:00,95200,95300,94900,94900,369
2026-03-27 11:14:00,95300,95300,94800,94900,211
2026-03-27 11:15:00,95100,95200,94900,95100,419
2026-03-27 11:16:00,95100,95300,95000,95300,405
2026-03-27 11:17:00,95300,95300,94600,94700,615
2026-03-27 11:18:00,94700,94800,94200,94500,1191
2026-03-27 11:19:00,94600,94700,94000,94400,1243
2026-03-27 11:20:00,94400,94700,94200,94500,597
2026-03-27 11:21:00,94500,95400,94500,94900,326
2026-03-27 11:22:00,94800,94800,94400,94500,394
2026-03-27 11:23:00,94400,94700,94400,94600,214
2026-03-27 11:24:00,94600,94900,94400,94900,440
2026-03-27 11:25:00,94900,94900,94400,94600,356
2026-03-27 11:26:00,94600,94700,94300,94600,337
2026-03-27 11:27:00,94600,94800,94300,94800,336
2026-03-27 11:28:00,94900,95200,94700,94700,351
2026-03-27 11:29:00,94800,94900,94600,94700,418
2026-03-27 11:30:00,94700,94800,94500,94700,294
2026-03-27 11:31:00,94600,94700,94400,94400,454
2026-03-27 11:32:00,94600,94800,94400,94500,216
2026-03-27 11:33:00,94600,94800,94200,94700,416
2026-03-27 11:34:00,94700,95100,94700,94800,476
2026-03-27 11:35:00,94900,95000,94700,94900,170
2026-03-27 11:36:00,94900,95000,94700,94900,195
2026-03-27 11:37:00,94900,95100,94700,94900,323
2026-03-27 11:38:00,94900,94900,94700,94900,304
2026-03-27 11:39:00,94900,95200,94700,95200,344
2026-03-27 11:40:00,95300,95400,95000,95100,380
2026-03-27 11:41:00,95100,95100,94900,94900,385
2026-03-27 11:42:00,94900,95100,94800,95100,259
2026-03-27 11:43:00,95100,95100,94800,94800,304
2026-03-27 11:44:00,94800,95100,94800,94900,534
2026-03-27 11:45:00,94800,94900,94500,94800,247
2026-03-27 11:46:00,94600,94900,94300,94900,248
2026-03-27 11:47:00,94700,95000,94600,94900,426
2026-03-27 11:48:00,94800,95000,94700,94800,313
2026-03-27 11:49:00,94800,94800,94600,94700,406
2026-03-27 11:50:00,94600,94800,94500,94700,321
2026-03-27 11:51:00,94600,94900,94400,94700,642
2026-03-27 11:52:00,94700,94900,94500,94600,208
2026-03-27 11:53:00,94600,94800,94500,94600,221
2026-03-27 11:54:00,94500,94600,94400,94600,415
2026-03-27 11:55:00,94800,94800,94300,94800,208
2026-03-27 11:56:00,94700,94700,94400,94400,415
2026-03-27 11:57:00,94500,94600,94300,94600,328
2026-03-27 11:58:00,94600,94900,94400,94600,490
2026-03-27 11:59:00,94600,94600,94500,94500,592
2026-03-27 12:00:00,94600,94700,94500,94600,261
2026-03-27 12:01:00,94600,94700,94500,94700,429
2026-03-27 12:02:00,94600,94700,94500,94700,287
2026-03-27 12:03:00,94700,94900,94500,94900,397
2026-03-27 12:04:00,94900,94900,94500,94500,250
2026-03-27 12:05:00,94500,94700,94400,94500,223
2026-03-27 12:06:00,94500,94600,94400,94400,333
2026-03-27 12:07:00,94400,94500,94400,94400,229
2026-03-27 12:08:00,94400,94600,94400,94500,407
2026-03-27 12:09:00,94400,94500,94400,94400,138
2026-03-27 12:10:00,94500,94800,94400,94500,449
2026-03-27 12:11:00,94400,94600,94400,94500,525
2026-03-27 12:12:00,94500,94900,94400,94900,396
2026-03-27 12:13:00,94700,94700,94400,94500,237
2026-03-27 12:14:00,94500,94500,94400,94500,148
2026-03-27 12:15:00,94400,94500,94300,94400,291
2026-03-27 12:16:00,94400,94500,94200,94400,295
2026-03-27 12:17:00,94200,94500,93900,94000,1382
2026-03-27 12:18:00,94000,94500,94000,94400,140
2026-03-27 12:19:00,94400,94600,94000,94400,393
2026-03-27 12:20:00,94400,94500,94300,94400,242
2026-03-27 12:21:00,94400,94600,94100,94400,285
2026-03-27 12:22:00,94500,94500,94300,94500,384
2026-03-27 12:23:00,94400,94500,94300,94400,203
2026-03-27 12:24:00,94400,94500,94100,94500,205
2026-03-27 12:25:00,94400,94600,94300,94400,257
2026-03-27 12:26:00,94500,94700,94100,94200,393
2026-03-27 12:27:00,94100,94600,94100,94100,275
2026-03-27 12:28:00,94400,94700,94100,94700,430
2026-03-27 12:29:00,94600,94900,94500,94700,162
2026-03-27 12:30:00,94600,94700,94500,94600,266
2026-03-27 12:31:00,94600,94800,94200,94800,271
2026-03-27 12:32:00,94700,94900,94400,94500,250
2026-03-27 12:33:00,94500,94600,94300,94500,220
2026-03-27 12:34:00,94600,94800,94200,94800,438
2026-03-27 12:35:00,94700,94800,94300,94800,266
2026-03-27 12:36:00,94700,94700,94400,94500,276
2026-03-27 12:37:00,94500,94700,94400,94700,219
2026-03-27 12:38:00,94700,94700,94400,94700,221
2026-03-27 12:39:00,94700,94700,94400,94700,194
2026-03-27 12:40:00,94800,94900,94500,94900,443
2026-03-27 12:41:00,94900,94900,94600,94600,142
2026-03-27 12:42:00,94900,95000,94600,95000,321
2026-03-27 12:43:00,95000,95000,94600,94900,269
2026-03-27 12:44:00,94800,94900,94600,94800,884
2026-03-27 12:45:00,94600,94900,94600,94900,589
2026-03-27 12:46:00,94800,95100,94700,94700,291
2026-03-27 12:47:00,95000,95100,94700,95000,360
2026-03-27 12:48:00,95000,95000,94700,94900,211
2026-03-27 12:49:00,94900,95200,94700,95000,399
2026-03-27 12:50:00,95000,95000,94600,94800,264
2026-03-27 12:51:00,94800,94900,94700,94800,317
2026-03-27 12:52:00,94800,95300,94800,95300,568
2026-03-27 12:53:00,95200,95400,95100,95300,181
2026-03-27 12:54:00,95200,95300,95100,95300,200
2026-03-27 12:55:00,95300,95400,95200,95400,178
2026-03-27 12:56:00,95400,95700,95200,95700,266
2026-03-27 12:57:00,95700,96100,95700,96100,447
2026-03-27 12:58:00,96100,96100,95900,95900,188
2026-03-27 12:59:00,96000,96100,95900,96000,292
2026-03-27 13:00:00,96000,96100,95800,95800,416
2026-03-27 13:01:00,95800,95800,95700,95700,373
2026-03-27 13:02:00,95800,96100,95700,96100,289
2026-03-27 13:03:00,96000,96000,95700,95900,154
2026-03-27 13:04:00,95900,96100,95700,95800,111
2026-03-27 13:05:00,95800,96000,95700,96000,192
2026-03-27 13:06:00,96000,96000,95800,95800,138
2026-03-27 13:07:00,95800,96000,95600,95900,140
2026-03-27 13:08:00,95900,95900,95800,95900,139
2026-03-27 13:09:00,95800,95900,95700,95700,234
2026-03-27 13:10:00,95800,95900,95700,95900,296
2026-03-27 13:11:00,95900,96300,95700,96200,749
2026-03-27 13:12:00,96200,96400,96100,96200,397
2026-03-27 13:13:00,96100,96600,96100,96600,570
2026-03-27 13:14:00,96500,96600,96200,96500,713
2026-03-27 13:15:00,96200,96700,95900,96300,592
2026-03-27 13:16:00,96400,96400,95900,95900,441
2026-03-27 13:17:00,95900,96300,95800,96100,360
2026-03-27 13:18:00,96100,96400,96100,96200,358
2026-03-27 13:19:00,96100,96600,96100,96500,614
2026-03-27 13:20:00,96500,96600,96400,96400,410
2026-03-27 13:21:00,96400,96400,96100,96400,428
2026-03-27 13:22:00,96200,96400,96000,96100,333
2026-03-27 13:23:00,96200,96400,96100,96300,310
2026-03-27 13:24:00,96300,96800,96200,96300,474
2026-03-27 13:25:00,96600,97000,96200,96300,677
2026-03-27 13:26:00,96500,97200,96400,96600,296
2026-03-27 13:27:00,96400,96600,96300,96600,397
2026-03-27 13:28:00,96600,96600,96300,96400,282
2026-03-27 13:29:00,96500,96500,96200,96200,432
2026-03-27 13:30:00,96500,96800,96200,96700,440
2026-03-27 13:31:00,96700,96700,96200,96400,224
2026-03-27 13:32:00,96700,97000,96300,96700,279
2026-03-27 13:33:00,96600,97200,96400,97200,585
2026-03-27 13:34:00,97100,97700,97000,97700,1595
2026-03-27 13:35:00,97700,97700,97300,97500,517
2026-03-27 13:36:00,97400,97500,97100,97200,432
2026-03-27 13:37:00,97200,97500,96800,97500,703
2026-03-27 13:38:00,97500,97500,97200,97400,343
2026-03-27 13:39:00,97400,97900,97300,97700,769
2026-03-27 13:40:00,97900,97900,97500,97800,557
2026-03-27 13:41:00,97600,97700,97400,97500,260
2026-03-27 13:42:00,97700,97700,97300,97600,571
2026-03-27 13:43:00,97600,97900,97400,97800,401
2026-03-27 13:44:00,97800,98000,97700,97900,469
2026-03-27 13:45:00,97800,98000,97500,97800,246
2026-03-27 13:46:00,97900,98000,97500,97700,385
2026-03-27 13:47:00,97700,97800,97500,97700,217
2026-03-27 13:48:00,97700,97900,97500,97700,324
2026-03-27 13:49:00,97800,98000,97700,97800,494
2026-03-27 13:50:00,98000,98100,97800,98000,399
2026-03-27 13:51:00,98100,98100,97800,97900,278
2026-03-27 13:52:00,97900,98100,97600,97800,457
2026-03-27 13:53:00,97700,97900,97600,97600,655
2026-03-27 13:54:00,97600,97700,97500,97600,348
2026-03-27 13:55:00,97500,97800,97500,97700,532
2026-03-27 13:56:00,97800,98300,97800,98300,1681
2026-03-27 13:57:00,98200,98600,98100,98600,1069
2026-03-27 13:58:00,98600,98600,98400,98600,430
2026-03-27 13:59:00,98500,98700,98500,98700,802
2026-03-27 14:00:00,98600,98700,98500,98600,589
2026-03-27 14:01:00,98700,99000,98700,98800,604
2026-03-27 14:02:00,98800,98900,98600,98700,330
2026-03-27 14:03:00,98700,99100,98700,99000,971
2026-03-27 14:04:00,99000,99300,99000,99200,538
2026-03-27 14:05:00,99100,99400,99000,99200,559
2026-03-27 14:06:00,99300,99300,99200,99300,270
2026-03-27 14:07:00,99300,99400,99100,99200,431
2026-03-27 14:08:00,99200,99500,99100,99300,295
2026-03-27 14:09:00,99300,99300,99100,99100,482
2026-03-27 14:10:00,99200,99300,99000,99200,399
2026-03-27 14:11:00,99200,99300,98900,98900,593
2026-03-27 14:12:00,98900,99100,98700,98800,379
2026-03-27 14:13:00,98800,99100,98700,98900,482
2026-03-27 14:14:00,99000,99300,99000,99300,201
2026-03-27 14:15:00,99200,99300,99000,99300,502
2026-03-27 14:16:00,99200,99300,99100,99100,329
2026-03-27 14:17:00,99200,99400,99100,99300,301
2026-03-27 14:18:00,99400,99400,99100,99100,451
2026-03-27 14:19:00,99200,99400,99100,99100,341
2026-03-27 14:20:00,99200,99300,98700,98800,883
2026-03-27 14:21:00,98700,98800,98600,98800,386
2026-03-27 14:22:00,98700,99200,98600,99000,369
2026-03-27 14:23:00,98800,99300,98800,99200,388
2026-03-27 14:24:00,99200,99200,98600,98800,301
2026-03-27 14:25:00,98800,98800,98500,98600,400
2026-03-27 14:26:00,98700,98700,98400,98400,268
2026-03-27 14:27:00,98500,98600,98100,98400,457
2026-03-27 14:28:00,98500,98600,98300,98500,607
2026-03-27 14:29:00,98500,98500,98400,98500,288
2026-03-27 14:30:00,98400,99100,98400,99100,434
2026-03-27 14:31:00,98700,99100,98700,98700,247
2026-03-27 14:32:00,98700,98800,98400,98600,421
2026-03-27 14:33:00,98700,98900,98600,98600,405
2026-03-27 14:34:00,98600,99000,98500,99000,410
2026-03-27 14:35:00,98900,99000,98500,98600,294
2026-03-27 14:36:00,98600,98700,98500,98600,346
2026-03-27 14:37:00,98500,99000,98500,99000,294
2026-03-27 14:38:00,99000,99000,98600,98800,331
2026-03-27 14:39:00,99000,99100,98800,98900,283
2026-03-27 14:40:00,99000,99100,98900,99000,270
2026-03-27 14:41:00,99100,99100,98800,99100,217
2026-03-27 14:42:00,99100,99100,98600,99000,407
2026-03-27 14:43:00,98800,99000,98600,98800,214
2026-03-27 14:44:00,98700,98900,98500,98600,296
2026-03-27 14:45:00,98500,98900,98500,98900,244
2026-03-27 14:46:00,98800,98800,98700,98800,175
2026-03-27 14:47:00,98700,98700,98500,98700,575
2026-03-27 14:48:00,98600,98700,98600,98600,274
2026-03-27 14:49:00,98600,98700,98500,98600,281
2026-03-27 14:50:00,98700,98900,98600,98900,447
2026-03-27 14:51:00,98800,99000,98700,99000,262
2026-03-27 14:52:00,99000,99000,98700,98800,414
2026-03-27 14:53:00,98700,98900,98700,98900,587
2026-03-27 14:54:00,98800,98900,98700,98700,489
2026-03-27 14:55:00,98800,98900,98700,98800,282
2026-03-27 14:56:00,98800,98800,98600,98800,397
2026-03-27 14:57:00,98700,98800,98600,98700,688
2026-03-27 14:58:00,98600,98700,98500,98600,648
2026-03-27 14:59:00,98600,98700,98600,98700,346
2026-03-27 15:00:00,98700,98800,98500,98700,516
2026-03-27 15:01:00,98500,98600,98300,98400,715
2026-03-27 15:02:00,98200,98400,98000,98000,656
2026-03-27 15:03:00,98100,98300,98000,98300,511
2026-03-27 15:04:00,98300,98400,97800,98100,363
2026-03-27 15:05:00,98000,98100,97900,98000,473
2026-03-27 15:06:00,98000,98000,97800,98000,194
2026-03-27 15:07:00,98000,98200,97900,98000,342
2026-03-27 15:08:00,97900,98000,97800,98000,169
2026-03-27 15:09:00,97900,97900,97700,97800,635
2026-03-27 15:10:00,97800,98200,97700,98100,822
2026-03-27 15:11:00,98100,98200,97800,98000,269
2026-03-27 15:12:00,98000,98200,97900,97900,358
2026-03-27 15:13:00,98200,98300,97900,98100,184
2026-03-27 15:14:00,98100,98200,98000,98200,428
2026-03-27 15:15:00,98200,98300,98100,98200,355
2026-03-27 15:16:00,98200,98200,98000,98100,214
2026-03-27 15:17:00,98200,98300,97900,98100,469
2026-03-27 15:18:00,98000,98500,98000,98100,258
2026-03-27 15:19:00,98600,99000,98100,98900,699
2026-03-27 15:30:00,99700,99700,99700,99700,7674
2026-03-27 15:35:00,99700,99700,99700,99700,7
2026-03-30 09:00:00,92800,93500,92600,93100,2075
2026-03-30 09:01:00,93100,93500,92200,92400,1641
2026-03-30 09:02:00,92300,92900,92200,92300,435
2026-03-30 09:03:00,92700,92700,92300,92400,798
2026-03-30 09:04:00,92400,92400,91400,91400,1048
2026-03-30 09:05:00,91700,92800,91500,92700,1384
2026-03-30 09:06:00,92700,92800,91900,92000,600
2026-03-30 09:07:00,91800,92800,91700,92500,222
2026-03-30 09:08:00,92500,93000,92500,92800,562
2026-03-30 09:09:00,92800,93500,92800,93500,683
2026-03-30 09:10:00,93100,93600,93100,93400,362
2026-03-30 09:11:00,93600,93800,93300,93800,138
2026-03-30 09:12:00,93500,94200,93400,93900,412
2026-03-30 09:13:00,93900,94000,93600,93900,171
2026-03-30 09:14:00,94000,94300,93300,93700,580
2026-03-30 09:15:00,93600,93900,93500,93700,227
2026-03-30 09:16:00,93500,93800,93500,93700,171
2026-03-30 09:17:00,93700,94300,93600,94100,833
2026-03-30 09:18:00,94100,94400,94000,94400,953
2026-03-30 09:19:00,94200,95600,94200,95100,1484
2026-03-30 09:20:00,95200,95200,93800,95100,402
2026-03-30 09:21:00,95100,95200,94600,94600,462
2026-03-30 09:22:00,94700,94800,94200,94400,168
2026-03-30 09:23:00,94400,94500,93800,94300,233
2026-03-30 09:24:00,94100,94500,93700,93700,345
2026-03-30 09:25:00,94100,94500,93800,94500,267
2026-03-30 09:26:00,94500,95100,94000,95000,752
2026-03-30 09:27:00,94300,95100,94300,95100,400
2026-03-30 09:28:00,94600,95000,94200,95000,250
2026-03-30 09:29:00,94400,94900,94200,94500,247
2026-03-30 09:30:00,94400,94500,94000,94500,614
2026-03-30 09:31:00,94500,95000,94100,95000,1598
2026-03-30 09:32:00,95000,95100,94700,94700,544
2026-03-30 09:33:00,94700,94900,94400,94400,464
2026-03-30 09:34:00,94800,94900,94000,94400,268
2026-03-30 09:35:00,94500,94500,94000,94500,258
2026-03-30 09:36:00,94500,94500,93800,93800,359
2026-03-30 09:37:00,94200,94300,93800,94300,274
2026-03-30 09:38:00,94300,94600,93900,93900,387
2026-03-30 09:39:00,93900,94200,93600,93900,264
2026-03-30 09:40:00,93900,94100,93600,93700,421
2026-03-30 09:41:00,93800,93800,93200,93700,338
2026-03-30 09:42:00,93700,94100,93600,93600,361
2026-03-30 09:43:00,93600,94300,93500,94300,426
2026-03-30 09:44:00,94200,94200,93500,94000,162
2026-03-30 09:45:00,93800,93900,93500,93800,228
2026-03-30 09:46:00,93800,94000,93700,94000,523
2026-03-30 09:47:00,94000,94400,93800,94300,605
2026-03-30 09:48:00,94400,94400,93700,93700,370
2026-03-30 09:49:00,93800,93800,93300,93400,328
2026-03-30 09:50:00,93400,93500,93100,93300,815
2026-03-30 09:51:00,93300,93400,93100,93300,548
2026-03-30 09:52:00,93300,93500,93000,93200,215
2026-03-30 09:53:00,93100,93400,92800,93400,603
2026-03-30 09:54:00,93400,93900,93400,93800,150
2026-03-30 09:55:00,93700,93700,93500,93600,104
2026-03-30 09:56:00,93600,93900,93400,93900,291
2026-03-30 09:57:00,93900,94000,93300,93900,306
2026-03-30 09:58:00,93300,93700,93300,93600,52
2026-03-30 09:59:00,93600,93600,93300,93500,161
2026-03-30 10:00:00,93600,94000,93500,93900,356
2026-03-30 10:01:00,93900,94200,93400,94000,763
2026-03-30 10:02:00,93900,94000,93700,94000,293
2026-03-30 10:03:00,93800,93800,93500,93800,345
2026-03-30 10:04:00,93700,93900,93500,93700,277
2026-03-30 10:05:00,93700,93800,93500,93700,488
2026-03-30 10:06:00,93700,93900,93500,93900,367
2026-03-30 10:07:00,93900,94000,93600,93700,407
2026-03-30 10:08:00,93700,93800,93500,93800,277
2026-03-30 10:09:00,93600,94000,93600,93700,299
2026-03-30 10:10:00,93700,94000,93600,93900,297
2026-03-30 10:11:00,93800,94400,93700,94300,320
2026-03-30 10:12:00,94300,94400,94300,94300,102
2026-03-30 10:13:00,94200,94300,94000,94300,295
2026-03-30 10:14:00,94300,94300,94000,94000,202
2026-03-30 10:15:00,94100,94100,93900,94000,78
2026-03-30 10:16:00,94000,94200,93800,93900,302
2026-03-30 10:17:00,93900,94100,93700,93800,93
2026-03-30 10:18:00,93800,93900,93500,93500,171
2026-03-30 10:19:00,93500,93800,93300,93600,214
2026-03-30 10:20:00,93400,93700,93400,93700,112
2026-03-30 10:21:00,93600,93900,93400,93900,390
2026-03-30 10:22:00,93800,93800,93400,93400,240
2026-03-30 10:23:00,93600,93800,93200,93700,295
2026-03-30 10:24:00,93700,93700,93100,93200,170
2026-03-30 10:25:00,93500,93700,93200,93500,401
2026-03-30 10:26:00,93400,93800,93200,93200,221
2026-03-30 10:27:00,93600,93600,93200,93400,118
2026-03-30 10:28:00,93400,93700,93300,93700,343
2026-03-30 10:29:00,93700,93700,93400,93700,200
2026-03-30 10:30:00,93500,93800,93400,93800,202
2026-03-30 10:31:00,93800,93800,93500,93800,279
2026-03-30 10:32:00,93800,94100,93800,94000,458
2026-03-30 10:33:00,94100,94300,94100,94200,295
2026-03-30 10:34:00,94200,94500,94200,94500,575
2026-03-30 10:35:00,94500,94500,94300,94400,154
2026-03-30 10:36:00,94400,94400,94000,94400,164
2026-03-30 10:37:00,94500,94500,94300,94400,217
2026-03-30 10:38:00,94400,94400,94100,94400,142
2026-03-30 10:39:00,94400,94400,94300,94400,62
2026-03-30 10:40:00,94400,94500,94300,94400,417
2026-03-30 10:41:00,94400,94500,94300,94500,100
2026-03-30 10:42:00,94300,94600,94300,94600,220
2026-03-30 10:43:00,94600,94700,94500,94700,274
2026-03-30 10:44:00,94700,94900,94500,94900,88
2026-03-30 10:45:00,94900,95000,94900,94900,226
2026-03-30 10:46:00,94900,95000,94800,94950,91
2026-03-30 10:47:00,94900,95300,94850,95200,1897
2026-03-30 10:48:00,95200,95300,95100,95200,105
2026-03-30 10:49:00,95200,95300,95200,95300,67
2026-03-30 10:50:00,95300,95300,95100,95100,409
2026-03-30 10:51:00,95200,95200,95000,95000,107
2026-03-30 10:52:00,95100,95300,95000,95000,172
2026-03-30 10:53:00,95100,95100,94600,94600,273
2026-03-30 10:54:00,94900,94900,94700,94900,166
2026-03-30 10:55:00,94900,95200,94900,95000,114
2026-03-30 10:56:00,95000,95000,94700,94900,214
2026-03-30 10:57:00,94900,95100,94900,95100,105
2026-03-30 10:58:00,95200,95200,94800,94800,245
2026-03-30 10:59:00,94800,94800,94600,94700,245
2026-03-30 11:00:00,94800,95000,94800,95000,93
2026-03-30 11:01:00,94900,95000,94600,94800,685
2026-03-30 11:02:00,94700,94800,94400,94400,204
2026-03-30 11:03:00,94400,94700,94200,94200,632
2026-03-30 11:04:00,94200,94400,94000,94400,253
2026-03-30 11:05:00,94300,94300,94000,94300,326
2026-03-30 11:06:00,94200,94300,94200,94300,60
2026-03-30 11:07:00,94100,94600,94100,94600,4227
2026-03-30 11:08:00,94600,94600,94400,94400,187
2026-03-30 11:09:00,94400,94400,94100,94100,236
2026-03-30 11:10:00,94200,94400,94200,94300,134
2026-03-30 11:11:00,94200,94600,94100,94300,286
2026-03-30 11:12:00,94500,94500,94300,94300,93
2026-03-30 11:13:00,94400,94500,94300,94400,133
2026-03-30 11:14:00,94400,94400,94000,94000,300
2026-03-30 11:15:00,94100,94400,94000,94300,136
2026-03-30 11:16:00,94300,94300,94100,94200,152
2026-03-30 11:17:00,94300,94300,94000,94100,116
2026-03-30 11:18:00,94000,94100,93900,94100,417
2026-03-30 11:19:00,94000,94100,93900,94000,171
2026-03-30 11:20:00,94000,94100,93800,94000,275
2026-03-30 11:21:00,93900,94200,93900,94200,201
2026-03-30 11:22:00,94100,94400,93900,93900,136
2026-03-30 11:23:00,93900,94200,93800,94200,133
2026-03-30 11:24:00,94200,94200,93900,94000,154
2026-03-30 11:25:00,94000,94200,93900,94200,213
2026-03-30 11:26:00,94200,94200,93900,94000,158
2026-03-30 11:27:00,94000,94000,93800,93900,179
2026-03-30 11:28:00,93900,94200,93800,94100,267
2026-03-30 11:29:00,94200,94200,94000,94000,219
2026-03-30 11:30:00,94000,94100,93800,94000,280
2026-03-30 11:31:00,94000,94200,94000,94200,180
2026-03-30 11:32:00,94100,94200,94000,94000,89
2026-03-30 11:33:00,94000,94200,93800,94000,335
2026-03-30 11:34:00,94000,94000,93900,94000,66
2026-03-30 11:35:00,94000,94200,93900,94000,125
2026-03-30 11:36:00,94100,94200,94000,94200,273
2026-03-30 11:37:00,94200,94300,94100,94300,240
2026-03-30 11:38:00,94300,94300,94000,94200,134
2026-03-30 11:39:00,94200,94300,94200,94300,217
2026-03-30 11:40:00,94200,94400,94100,94300,275
2026-03-30 11:41:00,94400,94400,94200,94300,66
2026-03-30 11:42:00,94300,94400,94300,94400,197
2026-03-30 11:43:00,94400,94500,94200,94400,155
2026-03-30 11:44:00,94400,94500,94300,94500,102
2026-03-30 11:45:00,94500,94500,94400,94500,209
2026-03-30 11:46:00,94500,94600,94400,94600,280
2026-03-30 11:47:00,94600,94600,94400,94600,176
2026-03-30 11:48:00,94600,94600,94300,94500,284
2026-03-30 11:49:00,94400,94600,94200,94600,652
2026-03-30 11:50:00,94700,94700,94200,94300,183
2026-03-30 11:51:00,94300,94800,94300,94800,627
2026-03-30 11:52:00,94500,94500,94300,94500,220
2026-03-30 11:53:00,94500,94700,94500,94500,85
2026-03-30 11:54:00,94500,94500,94300,94400,51
2026-03-30 11:55:00,94300,94600,94300,94600,295
2026-03-30 11:56:00,94600,94700,94300,94300,101
2026-03-30 11:57:00,94300,94600,94300,94600,69
2026-03-30 11:58:00,94600,94900,94300,94900,241
2026-03-30 11:59:00,94700,94900,94400,94900,92
2026-03-30 12:00:00,94600,94900,94600,94700,51
2026-03-30 12:01:00,94700,94700,94400,94700,187
2026-03-30 12:02:00,94700,94800,94600,94700,59
2026-03-30 12:03:00,94700,94700,94500,94700,70
2026-03-30 12:04:00,94700,94700,94500,94700,275
2026-03-30 12:05:00,94700,94700,94500,94600,106
2026-03-30 12:06:00,94600,95000,94500,95000,115
2026-03-30 12:07:00,95000,95100,94700,94700,512
2026-03-30 12:08:00,94800,94800,94700,94800,218
2026-03-30 12:09:00,95100,95200,94800,95200,176
2026-03-30 12:10:00,95200,95400,95100,95300,119
2026-03-30 12:11:00,95300,95500,95300,95400,244
2026-03-30 12:12:00,95500,95500,95300,95400,132
2026-03-30 12:13:00,95400,95400,95300,95300,104
2026-03-30 12:14:00,95200,95300,95100,95200,245
2026-03-30 12:15:00,95200,95200,95000,95200,57
2026-03-30 12:16:00,95300,95300,95000,95200,197
2026-03-30 12:17:00,95200,95500,95200,95500,514
2026-03-30 12:18:00,95500,95600,95400,95600,292
2026-03-30 12:19:00,95600,95800,95500,95500,182
2026-03-30 12:20:00,95500,95800,95500,95800,217
2026-03-30 12:21:00,95700,95800,95500,95700,169
2026-03-30 12:22:00,95800,95800,95400,95700,88
2026-03-30 12:23:00,95700,95700,95400,95500,226
2026-03-30 12:24:00,95600,95800,95600,95800,108
2026-03-30 12:25:00,95800,96100,95700,96100,247
2026-03-30 12:26:00,96100,96100,95700,95700,255
2026-03-30 12:27:00,95700,95900,95700,95900,98
2026-03-30 12:28:00,95800,96000,95800,95900,200
2026-03-30 12:29:00,95800,95900,95700,95800,251
2026-03-30 12:30:00,95700,95800,95500,95600,144
2026-03-30 12:31:00,95500,95700,95500,95500,138
2026-03-30 12:32:00,95600,95800,95600,95600,277
2026-03-30 12:33:00,95600,95800,95600,95600,74
2026-03-30 12:34:00,95600,95700,95600,95700,45
2026-03-30 12:35:00,95800,95800,95600,95600,84
2026-03-30 12:36:00,95600,95700,95400,95400,196
2026-03-30 12:37:00,95400,95600,95300,95600,142
2026-03-30 12:38:00,95600,95600,95400,95500,274
2026-03-30 12:39:00,95500,95700,95400,95700,121
2026-03-30 12:40:00,95700,95700,95600,95600,92
2026-03-30 12:41:00,95600,95700,95500,95700,243
2026-03-30 12:42:00,95700,95900,95700,95900,120
2026-03-30 12:43:00,95900,96000,95800,96000,178
2026-03-30 12:44:00,96000,96000,95800,95800,89
2026-03-30 12:45:00,95900,96000,95700,95700,304
2026-03-30 12:46:00,95800,96000,95800,95900,75
2026-03-30 12:47:00,95900,95900,95700,95700,156
2026-03-30 12:48:00,95800,95900,95700,95800,156
2026-03-30 12:49:00,95700,95800,95700,95700,67
2026-03-30 12:50:00,95800,95900,95700,95800,129
2026-03-30 12:51:00,95600,95800,95600,95800,233
2026-03-30 12:52:00,95800,95800,95600,95600,151
2026-03-30 12:53:00,95800,95900,95600,95600,69
2026-03-30 12:54:00,95600,95900,95400,95800,253
2026-03-30 12:55:00,95500,95800,95500,95500,145
2026-03-30 12:56:00,95400,95700,95300,95400,301
2026-03-30 12:57:00,95300,95600,95200,95400,260
2026-03-30 12:58:00,95400,95400,95300,95400,90
2026-03-30 12:59:00,95400,95400,95100,95300,89
2026-03-30 13:00:00,95300,95300,95100,95300,266
2026-03-30 13:01:00,95300,95300,95100,95300,125
2026-03-30 13:02:00,95300,95300,95200,95200,145
2026-03-30 13:03:00,95300,95300,95000,95000,234
2026-03-30 13:04:00,95200,95400,95100,95400,214
2026-03-30 13:05:00,95300,95400,95300,95400,57
2026-03-30 13:06:00,95400,95400,95000,95400,255
2026-03-30 13:07:00,95400,95700,95300,95700,414
2026-03-30 13:08:00,95700,95900,95700,95900,218
2026-03-30 13:09:00,95900,96000,95900,96000,185
2026-03-30 13:10:00,96000,96100,95900,96100,354
2026-03-30 13:11:00,96100,96800,95900,96600,1797
2026-03-30 13:12:00,96400,96600,96300,96400,255
2026-03-30 13:13:00,96500,96700,96300,96700,201
2026-03-30 13:14:00,96600,96700,96100,96600,309
2026-03-30 13:15:00,96600,96800,96400,96800,274
2026-03-30 13:16:00,96800,97100,96700,97000,419
2026-03-30 13:17:00,97100,97100,96900,97100,251
2026-03-30 13:18:00,97100,97300,96900,97100,552
2026-03-30 13:19:00,97100,97300,97000,97100,408
2026-03-30 13:20:00,97300,97400,97200,97400,110
2026-03-30 13:21:00,97300,97400,97200,97200,482
2026-03-30 13:22:00,97100,97100,96900,96900,194
2026-03-30 13:23:00,97000,97400,97000,97100,522
2026-03-30 13:24:00,97300,97400,97300,97300,150
2026-03-30 13:25:00,97200,97500,97000,97500,303
2026-03-30 13:26:00,97300,97700,97300,97700,411
2026-03-30 13:27:00,97600,97600,97500,97500,265
2026-03-30 13:28:00,97500,97600,97300,97500,386
2026-03-30 13:29:00,97500,97500,97200,97200,416
2026-03-30 13:30:00,97300,97300,97100,97100,328
2026-03-30 13:31:00,97000,97500,96900,97400,530
2026-03-30 13:32:00,97400,97600,97400,97500,136
2026-03-30 13:33:00,97600,97700,97500,97700,356
2026-03-30 13:34:00,97700,97900,97500,97800,532
2026-03-30 13:35:00,97800,97800,97400,97500,336
2026-03-30 13:36:00,97400,97500,97100,97500,582
2026-03-30 13:37:00,97500,97500,97300,97300,271
2026-03-30 13:38:00,97400,98000,97400,98000,565
2026-03-30 13:39:00,97900,98100,97900,98000,427
2026-03-30 13:40:00,97800,97900,97400,97500,351
2026-03-30 13:41:00,97700,97900,97600,97600,539
2026-03-30 13:42:00,97600,97900,97600,97800,95
2026-03-30 13:43:00,97800,97900,97700,97700,389
2026-03-30 13:44:00,97800,98000,97700,97900,550
2026-03-30 13:45:00,98000,98100,97800,98100,485
2026-03-30 13:46:00,97900,98000,97900,97900,245
2026-03-30 13:47:00,97900,98000,97800,98000,504
2026-03-30 13:48:00,98000,98000,97800,98000,235
2026-03-30 13:49:00,97900,98000,97900,98000,556
2026-03-30 13:50:00,98000,98400,98000,98200,1122
2026-03-30 13:51:00,98200,98400,98100,98400,317
2026-03-30 13:52:00,98350,98400,98200,98300,547
2026-03-30 13:53:00,98300,98700,98300,98700,613
2026-03-30 13:54:00,98700,99000,98700,98800,518
2026-03-30 13:55:00,98900,99200,98700,99000,889
2026-03-30 13:56:00,98900,98900,98400,98800,324
2026-03-30 13:57:00,98800,99200,98800,98900,716
2026-03-30 13:58:00,99000,99000,98700,98700,222
2026-03-30 13:59:00,98700,98800,98600,98700,388
2026-03-30 14:00:00,98900,99000,98100,98100,999
2026-03-30 14:01:00,98900,99000,98700,98900,283
2026-03-30 14:02:00,99000,99000,98600,98600,567
2026-03-30 14:03:00,98600,98800,98300,98400,370
2026-03-30 14:04:00,98300,98600,98300,98600,271
2026-03-30 14:05:00,98600,98900,98600,98800,627
2026-03-30 14:06:00,98800,98800,98700,98800,179
2026-03-30 14:07:00,98800,98800,98500,98700,750
2026-03-30 14:08:00,98600,98800,98500,98800,553
2026-03-30 14:09:00,98800,99100,98700,99100,441
2026-03-30 14:10:00,99100,99200,99000,99000,490
2026-03-30 14:11:00,99000,99200,99000,99200,810
2026-03-30 14:12:00,99300,99300,99200,99200,247
2026-03-30 14:13:00,99200,99400,99100,99100,674
2026-03-30 14:14:00,99100,99400,98900,98900,645
2026-03-30 14:15:00,99000,99100,98900,98900,350
2026-03-30 14:16:00,99000,99200,99000,99000,466
2026-03-30 14:17:00,99100,99200,98800,98900,472
2026-03-30 14:18:00,98900,99100,98800,99100,508
2026-03-30 14:19:00,99100,99100,98800,99000,595
2026-03-30 14:20:00,98900,99100,98800,98900,325
2026-03-30 14:21:00,99000,99000,98700,98700,415
2026-03-30 14:22:00,98900,98900,98400,98500,294
2026-03-30 14:23:00,98400,99000,98300,98400,517
2026-03-30 14:24:00,98400,98400,98300,98400,262
2026-03-30 14:25:00,98500,98600,98300,98600,142
2026-03-30 14:26:00,98600,98600,98400,98500,561
2026-03-30 14:27:00,98500,98800,98400,98700,310
2026-03-30 14:28:00,98700,98800,98500,98600,238
2026-03-30 14:29:00,98800,98800,98600,98600,383
2026-03-30 14:30:00,98600,98700,98400,98600,452
2026-03-30 14:31:00,98700,98900,98700,98800,334
2026-03-30 14:32:00,98800,99100,98800,99100,204
2026-03-30 14:33:00,99100,99300,98900,99200,640
2026-03-30 14:34:00,99200,99300,99200,99300,317
2026-03-30 14:35:00,99200,99400,99200,99400,416
2026-03-30 14:36:00,99400,99400,99100,99300,632
2026-03-30 14:37:00,99300,99500,99200,99300,555
2026-03-30 14:38:00,99300,99300,99000,99100,490
2026-03-30 14:39:00,99000,99300,98900,99300,389
2026-03-30 14:40:00,99000,99400,98800,98800,467
2026-03-30 14:41:00,98900,99100,98800,99100,405
2026-03-30 14:42:00,98900,99000,98800,98900,248
2026-03-30 14:43:00,98900,99300,98900,99200,486
2026-03-30 14:44:00,99300,99300,99000,99000,458
2026-03-30 14:45:00,99000,99100,98800,99100,551
2026-03-30 14:46:00,99200,99300,99000,99000,409
2026-03-30 14:47:00,99000,99200,98900,98900,969
2026-03-30 14:48:00,99000,99100,98800,99000,531
2026-03-30 14:49:00,99000,99100,98900,98900,347
2026-03-30 14:50:00,99000,99200,98600,98700,785
2026-03-30 14:51:00,98700,98700,98500,98700,531
2026-03-30 14:52:00,98600,98700,98500,98700,282
2026-03-30 14:53:00,98700,99000,98500,98800,505
2026-03-30 14:54:00,98700,98700,98500,98500,471
2026-03-30 14:55:00,98500,98600,98500,98500,467
2026-03-30 14:56:00,98600,98900,98400,98600,557
2026-03-30 14:57:00,98500,98600,98300,98400,576
2026-03-30 14:58:00,98400,98600,98300,98300,360
2026-03-30 14:59:00,98300,98600,98300,98600,317
2026-03-30 15:00:00,98500,98700,98400,98700,869
2026-03-30 15:01:00,98500,98500,98300,98500,301
2026-03-30 15:02:00,98500,98500,98200,98500,643
2026-03-30 15:03:00,98400,98500,98200,98500,324
2026-03-30 15:04:00,98400,98700,98300,98500,467
2026-03-30 15:05:00,98600,98700,98500,98600,316
2026-03-30 15:06:00,98600,98600,98300,98500,469
2026-03-30 15:07:00,98500,98500,98300,98500,526
2026-03-30 15:08:00,98500,98600,98400,98600,321
2026-03-30 15:09:00,98600,98600,98200,98200,663
2026-03-30 15:10:00,98400,98400,98100,98200,484
2026-03-30 15:11:00,98300,98400,98200,98200,249
2026-03-30 15:12:00,98300,98400,98200,98200,415
2026-03-30 15:13:00,98200,98300,97800,97800,566
2026-03-30 15:14:00,97800,98100,97800,98100,363
2026-03-30 15:15:00,98200,98200,97700,97900,449
2026-03-30 15:16:00,97900,97900,97500,97600,839
2026-03-30 15:17:00,97500,98000,97400,97400,268
2026-03-30 15:18:00,97400,98000,97300,97800,380
2026-03-30 15:19:00,97900,97900,97700,97700,74
2026-03-30 15:30:00,97800,97800,97800,97800,985
2026-03-30 15:35:00,97800,97800,97800,97800,25
2026-03-31 09:00:00,94200,96100,94100,95400,567
2026-03-31 09:01:00,95700,96000,95600,95900,820
2026-03-31 09:02:00,95800,96100,94400,95800,495
2026-03-31 09:03:00,95700,95900,95400,95400,185
2026-03-31 09:04:00,95400,95600,94400,95200,442
2026-03-31 09:05:00,95300,95300,94500,94700,161
2026-03-31 09:06:00,94700,94900,94100,94600,130
2026-03-31 09:07:00,94500,94800,94100,94800,410
2026-03-31 09:08:00,94500,94500,93800,94000,508
2026-03-31 09:09:00,94100,94500,94100,94100,236
2026-03-31 09:10:00,94200,94800,94000,94500,584
2026-03-31 09:11:00,94700,95000,94100,94800,434
2026-03-31 09:12:00,94900,95300,94000,95200,566
2026-03-31 09:13:00,95000,95000,93800,94900,651
2026-03-31 09:14:00,94900,95200,94700,94800,668
2026-03-31 09:15:00,94600,95000,94400,94600,1237
2026-03-31 09:16:00,94400,94400,94000,94000,1582
2026-03-31 09:17:00,94000,94300,93800,93900,1364
2026-03-31 09:18:00,93900,94000,93300,93300,982
2026-03-31 09:19:00,93300,94200,93300,94000,2179
2026-03-31 09:20:00,94300,95000,94100,94100,2404
2026-03-31 09:21:00,94100,94300,93500,93600,516
2026-03-31 09:22:00,93700,93700,93100,93100,1473
2026-03-31 09:23:00,93300,93400,92800,93300,1290
2026-03-31 09:24:00,93300,93500,93200,93500,450
2026-03-31 09:25:00,93300,93500,93200,93200,123
2026-03-31 09:26:00,93400,94000,93400,94000,553
2026-03-31 09:27:00,94000,94400,93900,94400,1231
2026-03-31 09:28:00,94300,94300,94000,94300,243
2026-03-31 09:29:00,94300,94800,94200,94600,1176
2026-03-31 09:30:00,94600,94700,93800,94500,850
2026-03-31 09:31:00,93900,94200,93900,94000,327
2026-03-31 09:32:00,94000,94500,93900,94400,1703
2026-03-31 09:33:00,94400,94600,93900,94100,889
2026-03-31 09:34:00,94100,94700,94000,94400,900
2026-03-31 09:35:00,94400,94800,94200,94800,455
2026-03-31 09:36:00,94500,95000,94300,95000,1189
2026-03-31 09:37:00,95000,95100,94700,94900,390
2026-03-31 09:38:00,95000,95400,95000,95400,1245
2026-03-31 09:39:00,95400,95400,95300,95300,133
2026-03-31 09:40:00,95300,95500,95300,95300,257
2026-03-31 09:41:00,95200,95500,95100,95400,373
2026-03-31 09:42:00,95400,96000,95400,96000,1016
2026-03-31 09:43:00,96000,96500,96000,96500,530
2026-03-31 09:44:00,96500,97700,96500,97400,444
2026-03-31 09:45:00,97400,97400,96800,97200,324
2026-03-31 09:46:00,97100,97800,97000,97700,511
2026-03-31 09:47:00,97800,97900,97700,97800,438
2026-03-31 09:48:00,97800,98500,97800,98100,1342
2026-03-31 09:49:00,98300,98600,98000,98100,266
2026-03-31 09:50:00,98100,98200,98000,98100,330
2026-03-31 09:51:00,98100,98100,97000,97300,1880
2026-03-31 09:52:00,97500,97500,96700,97000,209
2026-03-31 09:53:00,97000,97100,96700,96900,225
2026-03-31 09:54:00,96900,97100,96700,96800,123
2026-03-31 09:55:00,96800,96900,96600,96800,218
2026-03-31 09:56:00,96800,96900,96600,96800,182
2026-03-31 09:57:00,96800,96800,96200,96600,108
2026-03-31 09:58:00,96600,96700,96200,96600,274
2026-03-31 09:59:00,96600,96700,96100,96500,142
2026-03-31 10:00:00,96500,96500,96100,96200,163
2026-03-31 10:01:00,96200,97000,96100,96300,294
2026-03-31 10:02:00,96200,97100,96100,96800,439
2026-03-31 10:03:00,96900,96900,96100,96200,341
2026-03-31 10:04:00,96300,96400,96000,96300,574
2026-03-31 10:05:00,96400,96400,96100,96300,230
2026-03-31 10:06:00,96300,96400,95900,95900,521
2026-03-31 10:07:00,95900,96200,95600,96000,566
2026-03-31 10:08:00,96100,96200,96000,96100,212
2026-03-31 10:09:00,96000,96100,95800,95900,350
2026-03-31 10:10:00,95800,96100,95700,96100,311
2026-03-31 10:11:00,96000,96300,96000,96000,249
2026-03-31 10:12:00,96100,96200,95900,96000,320
2026-03-31 10:13:00,96000,96200,95800,95800,167
2026-03-31 10:14:00,95800,95900,95600,95800,120
2026-03-31 10:15:00,95800,96300,95600,96000,353
2026-03-31 10:16:00,96000,96300,95700,95700,446
2026-03-31 10:17:00,95700,95900,95500,95700,220
2026-03-31 10:18:00,95500,95800,95500,95600,259
2026-03-31 10:19:00,95400,95600,95400,95400,346
2026-03-31 10:20:00,95600,96500,95600,96500,1660
2026-03-31 10:21:00,96100,96300,95800,96300,197
2026-03-31 10:22:00,96000,96300,95700,95900,161
2026-03-31 10:23:00,96000,96200,95700,95900,132
2026-03-31 10:24:00,95800,96200,95700,96200,87
2026-03-31 10:25:00,96000,96200,96000,96000,29
2026-03-31 10:26:00,96100,96900,96000,96400,175
2026-03-31 10:27:00,96400,96700,96300,96500,49
2026-03-31 10:28:00,96400,96900,96400,96900,59
2026-03-31 10:29:00,96600,97200,96600,97200,130
2026-03-31 10:30:00,97100,97500,96800,97500,228
2026-03-31 10:31:00,97100,97600,97100,97400,120
2026-03-31 10:32:00,97400,97700,97300,97700,292
2026-03-31 10:33:00,97700,97800,97600,97700,254
2026-03-31 10:34:00,97700,97700,97600,97600,75
2026-03-31 10:35:00,97600,97700,97400,97600,56
2026-03-31 10:36:00,97600,97600,97500,97600,138
2026-03-31 10:37:00,97600,97900,97600,97900,1194
2026-03-31 10:38:00,97800,98000,97600,97700,73
2026-03-31 10:39:00,97800,98000,97800,98000,207
2026-03-31 10:40:00,98100,98100,97800,97800,216
2026-03-31 10:41:00,98000,98300,97800,97800,272
2026-03-31 10:42:00,98050,98500,98050,98500,208
2026-03-31 10:43:00,98500,98800,98500,98500,317
2026-03-31 10:44:00,98700,98700,98400,98400,167
2026-03-31 10:45:00,98500,98700,98400,98400,87
2026-03-31 10:46:00,98500,98700,98400,98400,398
2026-03-31 10:47:00,98400,98600,98300,98300,106
2026-03-31 10:48:00,98300,98700,98300,98700,396
2026-03-31 10:49:00,98500,98800,98400,98600,789
2026-03-31 10:50:00,98500,98600,98000,98000,276
2026-03-31 10:51:00,98400,99700,98100,99300,1878
2026-03-31 10:52:00,99300,99600,99000,99500,496
2026-03-31 10:53:00,99600,99900,99600,99700,515
2026-03-31 10:54:00,99700,99700,99300,99500,363
2026-03-31 10:55:00,99400,99800,99400,99400,377
2026-03-31 10:56:00,99400,99700,98700,98800,482
2026-03-31 10:57:00,98700,98800,98400,98600,160
2026-03-31 10:58:00,98600,99200,98600,98700,345
2026-03-31 10:59:00,98700,99000,98600,98600,838
2026-03-31 11:00:00,98600,98800,98400,98700,332
2026-03-31 11:01:00,98700,98800,98100,98200,385
2026-03-31 11:02:00,98200,98800,98200,98200,194
2026-03-31 11:03:00,98100,98200,98000,98000,145
2026-03-31 11:04:00,98100,98100,97700,98000,291
2026-03-31 11:05:00,97800,98200,97800,98000,354
2026-03-31 11:06:00,98300,98500,98000,98300,193
2026-03-31 11:07:00,98300,98500,98000,98000,308
2026-03-31 11:08:00,98000,98400,98000,98100,104
2026-03-31 11:09:00,98200,98200,98100,98200,201
2026-03-31 11:10:00,98300,98300,98100,98200,133
2026-03-31 11:11:00,98100,98200,98000,98200,146
2026-03-31 11:12:00,98200,98200,97900,97900,360
2026-03-31 11:13:00,97900,98000,97800,98000,133
2026-03-31 11:14:00,98000,98000,97800,97800,116
2026-03-31 11:15:00,97900,98200,97800,97900,265
2026-03-31 11:16:00,97900,98100,97800,98000,88
2026-03-31 11:17:00,98000,98000,97900,98000,87
2026-03-31 11:18:00,98000,98200,97900,98200,169
2026-03-31 11:19:00,98100,98300,98000,98200,94
2026-03-31 11:20:00,98200,98300,97800,97900,109
2026-03-31 11:21:00,97900,98000,97800,97900,63
2026-03-31 11:22:00,98100,98400,97900,98300,120
2026-03-31 11:23:00,98300,98500,98200,98400,89
2026-03-31 11:24:00,98400,98500,97900,98000,134
2026-03-31 11:25:00,98200,98200,98000,98000,50
2026-03-31 11:26:00,98000,98200,97900,98100,127
2026-03-31 11:27:00,98100,98100,98000,98100,171
2026-03-31 11:28:00,98200,98200,98000,98200,33
2026-03-31 11:29:00,98200,98300,98100,98100,231
2026-03-31 11:30:00,98100,98200,98000,98100,146
2026-03-31 11:31:00,98000,98000,97800,97900,184
2026-03-31 11:32:00,97900,98000,97800,98000,131
2026-03-31 11:33:00,97800,98100,97800,98000,87
2026-03-31 11:34:00,98000,98100,98000,98100,79
2026-03-31 11:35:00,98000,98300,98000,98300,144
2026-03-31 11:36:00,98400,98500,98200,98400,150
2026-03-31 11:37:00,98300,98400,98200,98300,73
2026-03-31 11:38:00,98300,98500,98100,98100,160
2026-03-31 11:39:00,98400,98700,98100,98100,49
2026-03-31 11:40:00,98300,98400,98200,98200,93
2026-03-31 11:41:00,98100,98100,97800,97900,418
2026-03-31 11:42:00,97900,98000,97800,97900,41
2026-03-31 11:43:00,97900,98000,97700,97800,323
2026-03-31 11:44:00,97800,97800,97700,97800,72
2026-03-31 11:45:00,97800,97800,97700,97800,81
2026-03-31 11:46:00,97700,98000,97700,98000,116
2026-03-31 11:47:00,97900,98000,97700,97700,134
2026-03-31 11:48:00,97700,98100,97700,98000,370
2026-03-31 11:49:00,97900,97900,97700,97800,200
2026-03-31 11:50:00,98000,98200,97800,97900,132
2026-03-31 11:51:00,98100,98200,98000,98000,102
2026-03-31 11:52:00,98000,98200,97800,97800,130
2026-03-31 11:53:00,98100,98200,98000,98200,70
2026-03-31 11:54:00,98200,98300,98000,98000,47
2026-03-31 11:55:00,97700,98000,97700,97800,70
2026-03-31 11:56:00,97800,98200,97800,97900,135
2026-03-31 11:57:00,98100,98100,97900,97900,67
2026-03-31 11:58:00,97900,97900,97800,97800,111
2026-03-31 11:59:00,97900,97900,97700,97800,31
2026-03-31 12:00:00,97700,97800,97700,97700,137
2026-03-31 12:01:00,97700,98000,97700,97900,108
2026-03-31 12:02:00,97900,98000,97900,98000,86
2026-03-31 12:03:00,97900,98000,97900,97900,112
2026-03-31 12:04:00,97800,97900,97800,97900,79
2026-03-31 12:05:00,97800,98000,97800,98000,47
2026-03-31 12:06:00,98000,98100,97900,98100,158
2026-03-31 12:07:00,98100,98400,98000,98400,122
2026-03-31 12:08:00,98400,98500,98200,98200,60
2026-03-31 12:09:00,98100,98300,98100,98100,102
2026-03-31 12:10:00,98100,98100,98000,98100,28
2026-03-31 12:11:00,98200,98200,98000,98000,125
2026-03-31 12:12:00,98050,98400,98000,98000,124
2026-03-31 12:13:00,98300,98300,98100,98200,69
2026-03-31 12:14:00,98200,98300,98000,98000,93
2026-03-31 12:15:00,98000,98300,98000,98000,102
2026-03-31 12:16:00,98000,98100,97800,97900,96
2026-03-31 12:17:00,97900,98000,97800,97900,104
2026-03-31 12:18:00,97900,97900,97600,97700,176
2026-03-31 12:19:00,97700,97800,97700,97700,81
2026-03-31 12:20:00,97700,97800,97600,97700,91
2026-03-31 12:21:00,97700,97700,97600,97700,50
2026-03-31 12:22:00,97600,97700,97500,97500,133
2026-03-31 12:23:00,97500,97600,97500,97500,196
2026-03-31 12:24:00,97600,97700,97400,97500,236
2026-03-31 12:25:00,97500,97600,97100,97300,790
2026-03-31 12:26:00,97300,97700,97300,97600,165
2026-03-31 12:27:00,97500,97600,97400,97400,105
2026-03-31 12:28:00,97500,97500,97200,97200,108
2026-03-31 12:29:00,97300,97500,97200,97300,118
2026-03-31 12:30:00,97300,97500,97300,97400,158
2026-03-31 12:31:00,97300,97500,97300,97500,1109
2026-03-31 12:32:00,97200,97300,97200,97300,153
2026-03-31 12:33:00,97300,97500,97200,97200,94
2026-03-31 12:34:00,97300,97400,97200,97200,130
2026-03-31 12:35:00,97400,97400,97100,97100,216
2026-03-31 12:36:00,97100,97200,97000,97000,121
2026-03-31 12:37:00,97000,97100,96800,97100,76
2026-03-31 12:38:00,97000,97100,96900,97000,99
2026-03-31 12:39:00,97000,97100,96800,96800,146
2026-03-31 12:40:00,97000,97100,96900,97000,103
2026-03-31 12:41:00,97000,97100,96900,97000,160
2026-03-31 12:42:00,97000,97000,96800,96900,240
2026-03-31 12:43:00,96800,97000,96800,96800,92
2026-03-31 12:44:00,96800,97000,96800,96800,295
2026-03-31 12:45:00,96800,96900,96600,96600,197
2026-03-31 12:46:00,96500,97000,96500,96800,310
2026-03-31 12:47:00,96800,97000,96800,96900,94
2026-03-31 12:48:00,97000,97000,96800,96900,82
2026-03-31 12:49:00,96800,96800,96400,96500,88
2026-03-31 12:50:00,96500,97400,96500,97100,379
2026-03-31 12:51:00,97100,97300,96500,96500,162
2026-03-31 12:52:00,96500,96900,96500,96700,67
2026-03-31 12:53:00,96700,97000,96700,97000,209
2026-03-31 12:54:00,97000,97200,96700,96700,186
2026-03-31 12:55:00,96700,96900,96700,96800,80
2026-03-31 12:56:00,96800,96900,96700,96900,83
2026-03-31 12:57:00,96800,97000,96700,96700,112
2026-03-31 12:58:00,96800,96800,96700,96800,61
2026-03-31 12:59:00,96800,96900,96500,96500,230
2026-03-31 13:00:00,96600,96800,96400,96500,375
2026-03-31 13:01:00,96500,96700,96500,96700,138
2026-03-31 13:02:00,96500,96600,96400,96600,122
2026-03-31 13:03:00,96500,97000,96500,96600,403
2026-03-31 13:04:00,96800,96800,96500,96500,180
2026-03-31 13:05:00,96500,96800,96400,96500,62
2026-03-31 13:06:00,96700,96700,96400,96400,208
2026-03-31 13:07:00,96400,96800,96200,96400,259
2026-03-31 13:08:00,96400,97000,96300,96500,360
2026-03-31 13:09:00,96500,96500,96100,96200,517
2026-03-31 13:10:00,96200,96700,96200,96700,207
2026-03-31 13:11:00,96600,96800,96500,96500,101
2026-03-31 13:12:00,96500,96600,96300,96400,169
2026-03-31 13:13:00,96100,96500,96100,96400,91
2026-03-31 13:14:00,96200,96400,96100,96300,99
2026-03-31 13:15:00,96300,96400,96300,96300,179
2026-03-31 13:16:00,96300,96300,96000,96000,156
2026-03-31 13:17:00,96100,96200,95900,96000,281
2026-03-31 13:18:00,96100,96300,96100,96200,216
2026-03-31 13:19:00,96100,96300,96100,96300,107
2026-03-31 13:20:00,96300,96900,96300,96900,559
2026-03-31 13:21:00,96700,96700,96600,96600,342
2026-03-31 13:22:00,96400,96600,96200,96400,37
2026-03-31 13:23:00,96500,96500,96100,96100,569
2026-03-31 13:24:00,96100,96100,96000,96100,117
2026-03-31 13:25:00,96200,96200,95800,95800,99
2026-03-31 13:26:00,95800,96300,95800,96100,773
2026-03-31 13:27:00,96000,96300,96000,96300,260
2026-03-31 13:28:00,96200,96400,96100,96200,120
2026-03-31 13:29:00,96200,96400,96200,96400,69
2026-03-31 13:30:00,96200,96500,96200,96500,127
2026-03-31 13:31:00,96500,96600,96200,96500,120
2026-03-31 13:32:00,96600,96600,96100,96300,1282
2026-03-31 13:33:00,96300,96700,96000,96700,321
2026-03-31 13:34:00,96700,97000,96300,97000,133
2026-03-31 13:35:00,97000,97100,96500,96900,407
2026-03-31 13:36:00,97000,97300,97000,97200,208
2026-03-31 13:37:00,97200,97200,96400,96500,314
2026-03-31 13:38:00,96600,96900,96600,96800,172
2026-03-31 13:39:00,96800,96900,96600,96600,116
2026-03-31 13:40:00,96600,96700,96400,96600,480
2026-03-31 13:41:00,96600,96700,96400,96500,134
2026-03-31 13:42:00,96500,96700,96500,96600,221
2026-03-31 13:43:00,96600,97000,96500,96700,495
2026-03-31 13:44:00,96700,96900,96600,96800,231
2026-03-31 13:45:00,96900,97100,96700,96800,385
2026-03-31 13:46:00,96800,96800,96500,96500,349
2026-03-31 13:47:00,96500,96500,96200,96400,200
2026-03-31 13:48:00,96400,96600,96400,96500,160
2026-03-31 13:49:00,96400,96400,96000,96100,251
2026-03-31 13:50:00,96000,96400,96000,96300,324
2026-03-31 13:51:00,96400,96400,96300,96300,139
2026-03-31 13:52:00,96300,96300,96000,96000,633
2026-03-31 13:53:00,95900,96100,95700,95900,248
2026-03-31 13:54:00,95800,96000,95800,96000,282
2026-03-31 13:55:00,96000,96100,95800,95800,433
2026-03-31 13:56:00,95900,95900,95600,95700,266
2026-03-31 13:57:00,95700,96000,95600,95600,473
2026-03-31 13:58:00,95500,95600,95200,95500,1206
2026-03-31 13:59:00,95500,95800,95500,95800,213
2026-03-31 14:00:00,95900,96300,95900,96200,465
2026-03-31 14:01:00,96300,96300,95900,95900,308
2026-03-31 14:02:00,95900,96000,95800,95900,240
2026-03-31 14:03:00,96000,96100,95800,95800,213
2026-03-31 14:04:00,95900,96000,95800,95800,99
2026-03-31 14:05:00,95900,95900,95800,95800,165
2026-03-31 14:06:00,95800,95900,95400,95400,429
2026-03-31 14:07:00,95500,95600,95300,95600,334
2026-03-31 14:08:00,95500,95600,95300,95500,385
2026-03-31 14:09:00,95400,95700,95300,95400,352
2026-03-31 14:10:00,95400,95700,95400,95600,206
2026-03-31 14:11:00,95600,95700,95500,95600,237
2026-03-31 14:12:00,95700,95700,95600,95700,150
2026-03-31 14:13:00,95700,95700,95500,95600,281
2026-03-31 14:14:00,95500,95600,95300,95300,296
2026-03-31 14:15:00,95300,95400,95300,95300,229
2026-03-31 14:16:00,95300,95300,95100,95100,365
2026-03-31 14:17:00,95100,95200,95000,95100,856
2026-03-31 14:18:00,95100,95400,95100,95200,281
2026-03-31 14:19:00,95200,95300,94900,94900,136
2026-03-31 14:20:00,95000,95400,94900,95300,349
2026-03-31 14:21:00,95400,95700,95400,95700,306
2026-03-31 14:22:00,95600,95800,95400,95400,292
2026-03-31 14:23:00,95400,95600,95400,95500,237
2026-03-31 14:24:00,95500,95800,95500,95600,283
2026-03-31 14:25:00,95600,95900,95600,95600,502
2026-03-31 14:26:00,95700,95900,95600,95600,547
2026-03-31 14:27:00,95600,95800,95600,95600,118
2026-03-31 14:28:00,95600,95900,95500,95800,209
2026-03-31 14:29:00,95800,95900,95500,95700,159
2026-03-31 14:30:00,95600,95900,95500,95500,463
2026-03-31 14:31:00,95500,95700,95500,95600,482
2026-03-31 14:32:00,95700,95700,95400,95500,193
2026-03-31 14:33:00,95400,95600,95400,95600,132
2026-03-31 14:34:00,95600,95800,95600,95800,334
2026-03-31 14:35:00,95800,95900,95800,95800,188
2026-03-31 14:36:00,95700,95900,95700,95900,457
2026-03-31 14:37:00,95900,96000,95800,95800,285
2026-03-31 14:38:00,95800,95900,95700,95900,450
2026-03-31 14:39:00,95800,96100,95700,96000,230
2026-03-31 14:40:00,96000,96100,95800,96000,288
2026-03-31 14:41:00,96100,96100,95900,95900,227
2026-03-31 14:42:00,96000,96200,95900,96100,518
2026-03-31 14:43:00,96100,96300,96100,96100,300
2026-03-31 14:44:00,96100,96200,95900,95900,611
2026-03-31 14:45:00,95900,96400,95900,96000,701
2026-03-31 14:46:00,96100,96300,96000,96200,371
2026-03-31 14:47:00,96100,96300,96100,96300,279
2026-03-31 14:48:00,96200,96200,96000,96000,371
2026-03-31 14:49:00,96000,96200,95900,95900,454
2026-03-31 14:50:00,95900,96000,95800,95900,334
2026-03-31 14:51:00,96000,96100,95900,95900,377
2026-03-31 14:52:00,95900,96000,95700,95800,548
2026-03-31 14:53:00,95800,95900,95500,95700,541
2026-03-31 14:54:00,95700,95700,95400,95600,546
2026-03-31 14:55:00,95600,95900,95500,95800,413
2026-03-31 14:56:00,95800,95900,95400,95600,290
2026-03-31 14:57:00,95500,95700,95500,95500,454
2026-03-31 14:58:00,95400,95700,95400,95500,326
2026-03-31 14:59:00,95500,95800,95500,95600,592
2026-03-31 15:00:00,95600,96200,95500,96100,522
2026-03-31 15:01:00,96200,96200,95900,95900,892
2026-03-31 15:02:00,96000,96200,95800,95900,873
2026-03-31 15:03:00,95900,95900,95600,95700,597
2026-03-31 15:04:00,95700,95800,95500,95600,525
2026-03-31 15:05:00,95700,95700,95300,95600,667
2026-03-31 15:06:00,95700,95700,95400,95400,937
2026-03-31 15:07:00,95400,95500,95300,95400,505
2026-03-31 15:08:00,95500,95500,95300,95300,540
2026-03-31 15:09:00,95300,95500,95300,95400,1032
2026-03-31 15:10:00,95400,95800,95300,95800,1344
2026-03-31 15:11:00,95800,96100,95700,96100,908
2026-03-31 15:12:00,96100,96100,95900,96100,622
2026-03-31 15:13:00,96100,96400,95800,96400,1101
2026-03-31 15:14:00,96100,96400,95800,96300,676
2026-03-31 15:15:00,96100,96300,95700,95900,1156
2026-03-31 15:16:00,95700,95900,95500,95900,706
2026-03-31 15:17:00,95900,96300,95600,96200,1668
2026-03-31 15:18:00,96200,96600,95600,96100,1082
2026-03-31 15:19:00,96100,96200,95500,95800,247
2026-03-31 15:30:00,95200,95200,95200,95200,5194
2026-03-31 15:35:00,95200,95200,95200,95200,4
2026-04-01 09:00:00,100000,102600,100000,102500,3191
2026-04-01 09:01:00,102500,103300,102000,102700,2174
2026-04-01 09:02:00,102800,103100,101400,101900,874
2026-04-01 09:03:00,101900,103100,101000,102500,1269
2026-04-01 09:04:00,102500,103000,102500,102800,888
2026-04-01 09:05:00,102800,105000,102500,103600,4776
2026-04-01 09:06:00,103800,104400,103600,104000,1071
2026-04-01 09:07:00,104000,104600,104000,104100,1350
2026-04-01 09:08:00,104100,105500,103900,105400,4784
2026-04-01 09:09:00,105000,105400,104500,105000,3079
2026-04-01 09:10:00,104900,105700,104700,105200,4842
2026-04-01 09:11:00,105300,105500,104600,104600,1961
2026-04-01 09:12:00,104600,105300,104300,105300,3226
2026-04-01 09:13:00,105200,105400,104400,104600,6496
2026-04-01 09:14:00,104600,105200,103800,104400,1372
2026-04-01 09:15:00,104800,105800,104700,105500,3657
2026-04-01 09:16:00,105500,105500,105100,105200,1130
2026-04-01 09:17:00,105200,105600,104900,105000,1165
2026-04-01 09:18:00,105000,105200,104700,104700,758
2026-04-01 09:19:00,104700,105000,104600,104800,1018
2026-04-01 09:20:00,104800,105300,104500,105000,1443
2026-04-01 09:21:00,105000,105300,104700,105100,1429
2026-04-01 09:22:00,105100,105400,104700,105200,686
2026-04-01 09:23:00,105200,105400,105000,105300,846
2026-04-01 09:24:00,105200,105300,104700,105100,419
2026-04-01 09:25:00,105100,106600,105000,106200,4415
2026-04-01 09:26:00,106200,106800,106100,106700,2853
2026-04-01 09:27:00,106700,107100,106200,106800,2460
2026-04-01 09:28:00,106900,107300,106400,107000,1531
2026-04-01 09:29:00,106900,107800,106200,106500,2793
2026-04-01 09:30:00,106400,107500,105800,107000,3541
2026-04-01 09:31:00,106600,106600,106200,106300,1771
2026-04-01 09:32:00,106300,106500,106000,106400,2026
2026-04-01 09:33:00,106300,106300,106000,106300,1687
2026-04-01 09:34:00,106300,106400,106100,106200,948
2026-04-01 09:35:00,106300,106900,106100,106900,1280
2026-04-01 09:36:00,106900,108000,106700,108000,4152
2026-04-01 09:37:00,107900,108400,107900,108300,1763
2026-04-01 09:38:00,108300,108300,108000,108200,1856
2026-04-01 09:39:00,108200,109000,107900,109000,2399
2026-04-01 09:40:00,108800,108800,107900,108300,1733
2026-04-01 09:41:00,108300,108500,107900,108100,1615
2026-04-01 09:42:00,108000,108500,107700,107700,1753
2026-04-01 09:43:00,107800,108000,107300,107700,1484
2026-04-01 09:44:00,107700,108100,107700,107900,923
2026-04-01 09:45:00,107900,108200,107700,107800,912
2026-04-01 09:46:00,107800,108000,107700,107700,889
2026-04-01 09:47:00,107900,108000,107500,107600,1836
2026-04-01 09:48:00,107800,108200,107300,107400,2167
2026-04-01 09:49:00,107400,108100,107100,107400,2070
2026-04-01 09:50:00,107400,107400,107000,107200,1221
2026-04-01 09:51:00,107200,107500,107100,107100,1426
2026-04-01 09:52:00,107100,107500,106700,107400,3774
2026-04-01 09:53:00,107400,107400,106800,107000,1143
2026-04-01 09:54:00,107000,107800,107000,107800,1339
2026-04-01 09:55:00,107700,107800,107500,107500,1160
2026-04-01 09:56:00,107700,107800,107000,107100,1248
2026-04-01 09:57:00,107100,107200,106600,107200,1274
2026-04-01 09:58:00,107200,107700,105800,107300,2583
2026-04-01 09:59:00,107300,107500,107300,107500,720
2026-04-01 10:00:00,107500,108100,106600,108000,1166
2026-04-01 10:01:00,108000,108600,107700,108400,2099
2026-04-01 10:02:00,108400,108400,108000,108100,419
2026-04-01 10:03:00,108100,108600,107900,107900,1011
2026-04-01 10:04:00,107900,107900,107100,107100,298
2026-04-01 10:05:00,107100,107500,106800,106800,751
2026-04-01 10:06:00,107200,107500,106000,107000,933
2026-04-01 10:07:00,107000,107000,106100,107000,353
2026-04-01 10:08:00,106900,107400,106800,107300,538
2026-04-01 10:09:00,107300,107400,107000,107000,514
2026-04-01 10:10:00,107000,108100,107000,107700,1215
2026-04-01 10:11:00,107800,107900,107200,107500,322
2026-04-01 10:12:00,107500,107600,107200,107600,992
2026-04-01 10:13:00,107700,107900,107600,107700,351
2026-04-01 10:14:00,107700,107900,107300,107300,278
2026-04-01 10:15:00,107400,107900,107200,107400,533
2026-04-01 10:16:00,107500,107800,107500,107600,284
2026-04-01 10:17:00,107600,108000,107500,107900,733
2026-04-01 10:18:00,107900,108000,107800,107800,365
2026-04-01 10:19:00,107900,107900,107700,107900,647
2026-04-01 10:20:00,107900,107900,107600,107800,427
2026-04-01 10:21:00,107800,107800,107500,107800,268
2026-04-01 10:22:00,107800,108000,107600,107600,733
2026-04-01 10:23:00,107800,108000,107500,107900,406
2026-04-01 10:24:00,107900,108300,107700,107800,734
2026-04-01 10:25:00,107800,108000,107700,107700,400
2026-04-01 10:26:00,107700,108000,107700,107800,670
2026-04-01 10:27:00,108000,108100,107700,108000,559
2026-04-01 10:28:00,108000,108100,107700,107800,549
2026-04-01 10:29:00,107800,108000,107600,108000,279
2026-04-01 10:30:00,108000,108000,107600,107800,391
2026-04-01 10:31:00,107700,108000,107300,107400,841
2026-04-01 10:32:00,107500,107700,107400,107700,306
2026-04-01 10:33:00,107700,107700,107300,107300,322
2026-04-01 10:34:00,107300,107600,107300,107400,285
2026-04-01 10:35:00,107400,107600,107200,107400,598
2026-04-01 10:36:00,107400,107500,107200,107300,373
2026-04-01 10:37:00,107300,107500,107300,107300,277
2026-04-01 10:38:00,107400,107500,107100,107100,552
2026-04-01 10:39:00,107100,107400,107100,107300,259
2026-04-01 10:40:00,107300,107600,107200,107400,383
2026-04-01 10:41:00,107200,107600,107100,107100,564
2026-04-01 10:42:00,107000,107300,107000,107200,180
2026-04-01 10:43:00,107200,107400,107200,107300,311
2026-04-01 10:44:00,107200,107300,106900,107300,365
2026-04-01 10:45:00,107300,107600,107200,107400,814
2026-04-01 10:46:00,107300,107400,107100,107200,270
2026-04-01 10:47:00,107200,107700,107100,107500,463
2026-04-01 10:48:00,107500,108000,107500,107900,717
2026-04-01 10:49:00,108000,108000,107800,108000,762
2026-04-01 10:50:00,107800,108200,107800,108200,531
2026-04-01 10:51:00,108100,108300,108000,108200,309
2026-04-01 10:52:00,108300,108300,108100,108300,930
2026-04-01 10:53:00,108300,108300,108100,108200,286
2026-04-01 10:54:00,108200,108400,108200,108200,523
2026-04-01 10:55:00,108300,108300,108100,108200,466
2026-04-01 10:56:00,108400,108500,108200,108300,249
2026-04-01 10:57:00,108300,108500,108100,108400,413
2026-04-01 10:58:00,108300,108500,108000,108200,498
2026-04-01 10:59:00,108300,108500,108100,108400,609
2026-04-01 11:00:00,108500,108500,108300,108400,489
2026-04-01 11:01:00,108400,108500,108300,108400,604
2026-04-01 11:02:00,108400,108400,108200,108300,376
2026-04-01 11:03:00,108300,108400,108200,108300,434
2026-04-01 11:04:00,108200,108500,108200,108400,369
2026-04-01 11:05:00,108400,108500,108200,108500,449
2026-04-01 11:06:00,108400,108500,108300,108400,321
2026-04-01 11:07:00,108500,108700,108400,108600,763
2026-04-01 11:08:00,108500,108600,108200,108400,722
2026-04-01 11:09:00,108400,108500,108100,108200,645
2026-04-01 11:10:00,108300,108500,108200,108400,430
2026-04-01 11:11:00,108400,108500,108200,108300,531
2026-04-01 11:12:00,108300,108400,108200,108300,260
2026-04-01 11:13:00,108300,108400,108000,108300,353
2026-04-01 11:14:00,108300,108500,108100,108400,396
2026-04-01 11:15:00,108400,108400,108200,108300,449
2026-04-01 11:16:00,108300,108500,108200,108400,357
2026-04-01 11:17:00,108500,108700,108300,108300,253
2026-04-01 11:18:00,108300,108600,108300,108300,440
2026-04-01 11:19:00,108500,108600,108300,108500,391
2026-04-01 11:20:00,108500,108700,108400,108600,598
2026-04-01 11:21:00,108600,108700,108500,108600,496
2026-04-01 11:22:00,108600,108800,108600,108700,1069
2026-04-01 11:23:00,108700,108900,108500,108500,731
2026-04-01 11:24:00,108700,109000,108700,108900,1059
2026-04-01 11:25:00,108900,109000,108800,108900,713
2026-04-01 11:26:00,108900,109000,108700,108800,493
2026-04-01 11:27:00,108800,109000,108800,108800,396
2026-04-01 11:28:00,108900,108900,108700,108900,675
2026-04-01 11:29:00,108900,109200,108800,109100,1417
2026-04-01 11:30:00,109100,109400,109000,109400,543
2026-04-01 11:31:00,109300,109400,109200,109400,413
2026-04-01 11:32:00,109400,109500,108700,108900,694
2026-04-01 11:33:00,108900,109100,108600,108800,339
2026-04-01 11:34:00,108600,108800,108400,108400,437
2026-04-01 11:35:00,108500,108700,108200,108600,347
2026-04-01 11:36:00,108600,108900,108600,108900,368
2026-04-01 11:37:00,108900,109100,108700,108700,377
2026-04-01 11:38:00,108800,108900,108600,108700,257
2026-04-01 11:39:00,108700,108900,108300,108500,497
2026-04-01 11:40:00,108500,108900,108400,108600,343
2026-04-01 11:41:00,108400,108700,108300,108500,233
2026-04-01 11:42:00,108400,108700,108300,108400,476
2026-04-01 11:43:00,108400,108600,108400,108500,224
2026-04-01 11:44:00,108600,108900,108400,108600,247
2026-04-01 11:45:00,108600,108700,108400,108600,506
2026-04-01 11:46:00,108500,108800,108500,108600,461
2026-04-01 11:47:00,108500,108600,108300,108300,364
2026-04-01 11:48:00,108400,108400,108200,108200,216
2026-04-01 11:49:00,108200,108600,108100,108100,287
2026-04-01 11:50:00,108100,108500,107900,107900,881
2026-04-01 11:51:00,108100,108600,108000,108300,243
2026-04-01 11:52:00,108400,108400,108200,108400,215
2026-04-01 11:53:00,108400,108400,108100,108300,349
2026-04-01 11:54:00,108300,108300,107900,108200,355
2026-04-01 11:55:00,108300,108500,108100,108300,288
2026-04-01 11:56:00,108200,108400,107900,108200,360
2026-04-01 11:57:00,108200,108400,108200,108300,266
2026-04-01 11:58:00,108400,108600,108200,108300,485
2026-04-01 11:59:00,108200,108300,107800,107800,181
2026-04-01 12:00:00,107800,108000,107200,107900,629
2026-04-01 12:01:00,107800,107900,107700,107700,393
2026-04-01 12:02:00,107800,107900,107600,107800,291
2026-04-01 12:03:00,107900,107900,107600,107600,362
2026-04-01 12:04:00,107700,107900,107600,107600,326
2026-04-01 12:05:00,107600,108300,107500,108000,619
2026-04-01 12:06:00,108000,108100,107800,107800,964
2026-04-01 12:07:00,107700,108100,107600,108000,231
2026-04-01 12:08:00,108100,108300,107900,108100,213
2026-04-01 12:09:00,108100,108200,108000,108150,347
2026-04-01 12:10:00,108200,108200,107900,108100,234
2026-04-01 12:11:00,108200,108400,107900,108100,583
2026-04-01 12:12:00,108200,108400,108100,108300,230
2026-04-01 12:13:00,108200,108600,108200,108600,295
2026-04-01 12:14:00,108500,108600,108300,108500,229
2026-04-01 12:15:00,108400,108600,108400,108500,410
2026-04-01 12:16:00,108400,108600,108300,108300,405
2026-04-01 12:17:00,108300,108500,108100,108400,205
2026-04-01 12:18:00,108400,108500,108200,108400,300
2026-04-01 12:19:00,108500,108600,108400,108500,353
2026-04-01 12:20:00,108500,108600,108200,108600,296
2026-04-01 12:21:00,108200,108600,108100,108300,263
2026-04-01 12:22:00,108200,108600,108200,108600,334
2026-04-01 12:23:00,108500,108900,108400,108700,442
2026-04-01 12:24:00,108700,108900,108500,108600,292
2026-04-01 12:25:00,108600,108800,108400,108800,392
2026-04-01 12:26:00,108800,108900,108400,108400,236
2026-04-01 12:27:00,108400,108600,108200,108400,286
2026-04-01 12:28:00,108400,108900,108400,108600,257
2026-04-01 12:29:00,108600,108900,108500,108700,331
2026-04-01 12:30:00,108700,108800,108500,108700,412
2026-04-01 12:31:00,108700,108800,108600,108700,194
2026-04-01 12:32:00,108600,108800,108600,108600,298
2026-04-01 12:33:00,108600,109000,108600,108600,481
2026-04-01 12:34:00,108800,109000,108300,108300,305
2026-04-01 12:35:00,108800,109000,108600,108700,335
2026-04-01 12:36:00,108600,108800,108400,108700,250
2026-04-01 12:37:00,108800,109000,108600,109000,341
2026-04-01 12:38:00,109000,109000,108500,108600,258
2026-04-01 12:39:00,108600,108700,108500,108500,201
2026-04-01 12:40:00,108700,108900,108500,108500,544
2026-04-01 12:41:00,108500,108700,108500,108600,243
2026-04-01 12:42:00,108600,109000,108500,108700,344
2026-04-01 12:43:00,108700,108700,108400,108700,384
2026-04-01 12:44:00,108600,108800,108500,108700,281
2026-04-01 12:45:00,108700,108800,108500,108500,326
2026-04-01 12:46:00,108600,108700,108400,108400,371
2026-04-01 12:47:00,108400,108700,108300,108500,303
2026-04-01 12:48:00,108500,108800,108400,108500,222
2026-04-01 12:49:00,108400,108700,108400,108500,337
2026-04-01 12:50:00,108500,109000,108500,108900,326
2026-04-01 12:51:00,108800,108900,108600,108800,452
2026-04-01 12:52:00,108700,109000,108700,108800,174
2026-04-01 12:53:00,108900,109000,108800,108800,256
2026-04-01 12:54:00,109000,109100,108900,109100,523
2026-04-01 12:55:00,109000,109300,109000,109100,1205
2026-04-01 12:56:00,109100,109300,109000,109200,601
2026-04-01 12:57:00,109200,109300,109000,109200,121
2026-04-01 12:58:00,109000,109300,109000,109200,292
2026-04-01 12:59:00,109000,109300,108900,109000,355
2026-04-01 13:00:00,109000,109400,108900,109400,699
2026-04-01 13:01:00,109400,109500,109300,109400,328
2026-04-01 13:02:00,109400,109500,109400,109400,288
2026-04-01 13:03:00,109500,109800,109400,109700,993
2026-04-01 13:04:00,109800,109900,109700,109800,811
2026-04-01 13:05:00,109800,109900,109700,109900,729
2026-04-01 13:06:00,109800,109900,109800,109900,240
2026-04-01 13:08:00,110000,110300,110000,110300,3508
2026-04-01 13:09:00,110400,110600,110300,110600,549
2026-04-01 13:10:00,110600,111000,110500,110800,2174
2026-04-01 13:11:00,110800,110800,110200,110600,556
2026-04-01 13:12:00,110600,110800,110600,110800,290
2026-04-01 13:13:00,110900,111000,110700,110900,540
2026-04-01 13:14:00,110900,111000,110800,110800,615
2026-04-01 13:15:00,110900,111500,110700,111300,1050
2026-04-01 13:16:00,111300,111500,110800,111400,530
2026-04-01 13:17:00,111200,111300,111000,111300,877
2026-04-01 13:18:00,111200,111300,110700,110800,416
2026-04-01 13:19:00,110800,110800,110700,110700,439
2026-04-01 13:20:00,110700,111100,110600,111000,1083
2026-04-01 13:21:00,111000,111100,110900,111000,447
2026-04-01 13:22:00,110900,111100,110900,111000,191
2026-04-01 13:23:00,110900,111000,110900,111000,177
2026-04-01 13:24:00,110900,111000,110800,110800,480
2026-04-01 13:25:00,110900,111000,110600,110800,423
2026-04-01 13:26:00,110800,111000,110700,111000,217
2026-04-01 13:27:00,111000,111000,110800,110800,220
2026-04-01 13:28:00,110900,111000,110800,111000,617
2026-04-01 13:29:00,111000,111100,110900,111100,471
2026-04-01 13:30:00,111100,111300,111000,111300,267
2026-04-01 13:31:00,111300,111400,111100,111300,501
2026-04-01 13:32:00,111200,111400,111100,111100,429
2026-04-01 13:33:00,111200,111400,111100,111300,340
2026-04-01 13:34:00,111300,111400,110500,110500,876
2026-04-01 13:35:00,110700,111100,110600,111100,522
2026-04-01 13:36:00,110800,111000,110600,110700,254
2026-04-01 13:37:00,110700,111100,110700,111100,191
2026-04-01 13:38:00,110800,111000,110600,111000,307
2026-04-01 13:39:00,110900,111000,110600,110700,401
2026-04-01 13:40:00,110700,111200,110600,111000,363
2026-04-01 13:41:00,111200,111200,110500,110700,311
2026-04-01 13:42:00,110800,110900,110600,110700,467
2026-04-01 13:43:00,110700,110900,110600,110800,249
2026-04-01 13:44:00,110800,110900,110600,110600,237
2026-04-01 13:45:00,110700,111000,110600,110800,443
2026-04-01 13:46:00,110900,111100,110400,111100,352
2026-04-01 13:47:00,110900,111100,110900,110900,239
2026-04-01 13:48:00,111000,111000,110700,111000,374
2026-04-01 13:49:00,111000,111000,110700,110900,272
2026-04-01 13:50:00,111000,111200,110600,110700,727
2026-04-01 13:51:00,111100,111200,110900,110900,247
2026-04-01 13:52:00,110900,111100,110700,111000,227
2026-04-01 13:53:00,110900,111000,110700,111000,323
2026-04-01 13:54:00,111100,111100,110700,110800,306
2026-04-01 13:55:00,110700,111000,110100,110100,790
2026-04-01 13:56:00,110100,110500,109900,110100,385
2026-04-01 13:57:00,110200,110800,110200,110700,416
2026-04-01 13:58:00,110800,110900,110500,110500,289
2026-04-01 13:59:00,110600,110900,110400,110900,313
2026-04-01 14:00:00,110600,110900,110300,110600,352
2026-04-01 14:01:00,110600,110800,110400,110500,394
2026-04-01 14:02:00,110500,110600,110400,110600,218
2026-04-01 14:03:00,110600,110600,110200,110200,596
2026-04-01 14:04:00,110200,110600,110100,110400,375
2026-04-01 14:05:00,110500,110700,110400,110400,261
2026-04-01 14:06:00,110400,110700,110200,110600,303
2026-04-01 14:07:00,110600,110600,110500,110600,224
2026-04-01 14:08:00,110600,110800,110600,110700,845
2026-04-01 14:09:00,110700,110800,110500,110500,159
2026-04-01 14:10:00,110550,110700,110200,110300,413
2026-04-01 14:11:00,110600,110600,110200,110200,390
2026-04-01 14:12:00,110200,110700,110200,110500,540
2026-04-01 14:13:00,110400,110900,110100,110900,1109
2026-04-01 14:14:00,110800,111000,110600,110600,645
2026-04-01 14:15:00,110800,110800,110400,110800,543
2026-04-01 14:16:00,110700,110800,110500,110600,333
2026-04-01 14:17:00,110600,110800,110500,110600,1713
2026-04-01 14:18:00,110600,110800,110500,110600,178
2026-04-01 14:19:00,110600,110900,110600,110800,241
2026-04-01 14:20:00,110800,111000,110800,110800,389
2026-04-01 14:21:00,111000,111000,110600,110600,302
2026-04-01 14:22:00,110700,110800,110400,110700,238
2026-04-01 14:23:00,110800,110900,110700,110700,279
2026-04-01 14:24:00,110600,110900,110600,110800,113
2026-04-01 14:25:00,110800,111000,110700,110900,367
2026-04-01 14:26:00,110900,111000,110700,110800,383
2026-04-01 14:27:00,110900,111000,110600,110600,376
2026-04-01 14:28:00,110700,110700,110400,110400,191
2026-04-01 14:29:00,110500,110700,110400,110500,265
2026-04-01 14:30:00,110500,110700,110500,110700,321
2026-04-01 14:31:00,110700,110800,110500,110800,260
2026-04-01 14:32:00,110800,110900,110500,110700,225
2026-04-01 14:33:00,110700,110900,110700,110800,253
2026-04-01 14:34:00,110900,111000,110800,110800,353
2026-04-01 14:35:00,110800,111000,110800,110900,322
2026-04-01 14:36:00,110900,111000,110800,110800,215
2026-04-01 14:37:00,110800,110900,110700,110900,468
2026-04-01 14:38:00,110900,111000,110800,110800,510
2026-04-01 14:39:00,110900,111200,110800,110800,928
2026-04-01 14:40:00,110800,111300,110800,111100,761
2026-04-01 14:41:00,111100,111200,110900,111100,458
2026-04-01 14:42:00,111100,111300,111100,111200,819
2026-04-01 14:43:00,111200,111400,111200,111400,533
2026-04-01 14:44:00,111200,111600,111200,111600,1392
2026-04-01 14:45:00,111600,111700,111400,111600,638
2026-04-01 14:46:00,111600,111700,111500,111600,1035
2026-04-01 14:47:00,111700,111800,111500,111600,1067
2026-04-01 14:48:00,111600,111700,111300,111500,8524
2026-04-01 14:49:00,111600,111700,111400,111500,653
2026-04-01 14:50:00,111400,111500,111300,111400,1128
2026-04-01 14:51:00,111400,111500,111400,111500,1058
2026-04-01 14:52:00,111500,111700,111400,111700,1490
2026-04-01 14:53:00,111700,111700,111300,111500,1022
2026-04-01 14:54:00,111300,111400,111100,111400,1355
2026-04-01 14:55:00,111300,111500,111100,111100,1996
2026-04-01 14:56:00,111100,111200,110800,110800,881
2026-04-01 14:57:00,111000,111000,110200,110300,1213
2026-04-01 14:58:00,110600,110800,110300,110300,350
2026-04-01 14:59:00,110400,111000,110300,110600,976
2026-04-01 15:00:00,110600,110900,110400,110900,1085
2026-04-01 15:01:00,110900,111100,110800,110900,533
2026-04-01 15:02:00,110900,111300,110900,111200,407
2026-04-01 15:03:00,111300,111300,110800,110800,1213
2026-04-01 15:04:00,110500,110900,110000,110200,552
2026-04-01 15:05:00,110300,111100,110100,110200,1131
2026-04-01 15:06:00,110700,111000,110200,110700,140
2026-04-01 15:07:00,110600,110900,110600,110800,183
2026-04-01 15:08:00,110800,111000,110700,111000,850
2026-04-01 15:09:00,110900,111000,110500,110800,540
2026-04-01 15:10:00,110600,110600,110400,110400,448
2026-04-01 15:11:00,110400,110800,110400,110700,471
2026-04-01 15:12:00,110800,110900,110600,110700,914
2026-04-01 15:13:00,110600,110700,110300,110600,231
2026-04-01 15:14:00,110500,110700,110300,110600,249
2026-04-01 15:15:00,110700,110900,110700,110900,785
2026-04-01 15:16:00,110900,111000,110600,111000,1225
2026-04-01 15:17:00,110900,111000,110600,110700,738
2026-04-01 15:18:00,110700,111100,110600,110600,642
2026-04-01 15:19:00,110600,111000,110500,111000,266
2026-04-01 15:30:00,110600,110600,110600,110600,3356
2026-04-01 15:35:00,110600,110600,110600,110600,47
2026-04-02 09:00:00,110000,110100,109500,109700,2742
2026-04-02 09:01:00,109700,110000,109500,109600,599
2026-04-02 09:02:00,109600,109900,109200,109300,639
2026-04-02 09:03:00,109300,109500,108100,108200,2423
2026-04-02 09:04:00,108200,108600,107800,107800,1784
2026-04-02 09:05:00,107900,108100,107500,107700,1129
2026-04-02 09:06:00,108000,108000,107200,107200,780
2026-04-02 09:07:00,107200,107300,106000,106400,2252
2026-04-02 09:08:00,106500,106700,106000,106100,1066
2026-04-02 09:09:00,106300,106800,106000,106700,1228
2026-04-02 09:10:00,106700,107000,106200,106600,1614
2026-04-02 09:11:00,106500,107200,106400,107000,2653
2026-04-02 09:12:00,106950,107000,106600,106700,1497
2026-04-02 09:13:00,106700,107000,106600,106700,950
2026-04-02 09:14:00,106700,106700,105900,106100,2881
2026-04-02 09:15:00,106100,106400,105900,106000,942
2026-04-02 09:16:00,106000,106600,106000,106500,697
2026-04-02 09:17:00,106400,106500,105800,106000,2009
2026-04-02 09:18:00,106100,106800,105900,106300,792
2026-04-02 09:19:00,106300,107100,106200,107100,886
2026-04-02 09:20:00,106800,106800,106100,106300,1224
2026-04-02 09:21:00,106300,106300,106000,106000,604
2026-04-02 09:22:00,106000,106300,105900,106100,1176
2026-04-02 09:23:00,106100,106300,106100,106300,592
2026-04-02 09:24:00,106300,106800,106200,106800,1111
2026-04-02 09:25:00,106700,106700,106200,106400,225
2026-04-02 09:26:00,106400,106500,106100,106100,849
2026-04-02 09:27:00,106100,106200,105700,105700,959
2026-04-02 09:28:00,105700,105800,105700,105800,166
2026-04-02 09:29:00,105800,106100,105800,106000,239
2026-04-02 09:30:00,105900,106100,105700,105900,257
2026-04-02 09:31:00,105700,105800,105600,105700,858
2026-04-02 09:32:00,105500,106000,105500,105800,2978
2026-04-02 09:33:00,105800,106000,105600,105800,160
2026-04-02 09:34:00,105800,105800,105700,105700,137
2026-04-02 09:35:00,105700,105800,105600,105600,165
2026-04-02 09:36:00,105600,105600,105100,105100,900
2026-04-02 09:37:00,105100,105200,105000,105200,1249
2026-04-02 09:38:00,105100,105200,104600,104800,1170
2026-04-02 09:39:00,104800,105000,104500,104600,1035
2026-04-02 09:40:00,104900,104900,104600,104900,934
2026-04-02 09:41:00,104800,105000,104500,104900,1181
2026-04-02 09:42:00,104800,105300,104600,105200,824
2026-04-02 09:43:00,105300,106000,105200,105800,908
2026-04-02 09:44:00,105800,105800,105400,105500,1000
2026-04-02 09:45:00,105500,105700,105200,105400,741
2026-04-02 09:46:00,105300,105400,105100,105100,714
2026-04-02 09:47:00,105200,105500,105100,105500,748
2026-04-02 09:48:00,105500,105500,105300,105400,732
2026-04-02 09:49:00,105400,106000,105200,105800,871
2026-04-02 09:50:00,105600,106000,105300,105600,652
2026-04-02 09:51:00,105600,106000,105600,105800,423
2026-04-02 09:52:00,105700,106000,105700,105800,320
2026-04-02 09:53:00,105700,105800,105600,105600,131
2026-04-02 09:54:00,105600,105700,105300,105500,516
2026-04-02 09:55:00,105500,105900,105500,105600,161
2026-04-02 09:56:00,105600,105800,105500,105600,144
2026-04-02 09:57:00,105600,106000,105600,105900,225
2026-04-02 09:58:00,105900,106100,105700,106000,1238
2026-04-02 09:59:00,106000,106700,106000,106700,462
2026-04-02 10:00:00,106800,107100,106600,106800,632
2026-04-02 10:01:00,106700,107000,106600,107000,360
2026-04-02 10:02:00,107000,107200,106900,107000,504
2026-04-02 10:03:00,106900,107100,105800,106000,896
2026-04-02 10:04:00,105900,106100,105600,105600,378
2026-04-02 10:05:00,105600,105800,105400,105500,492
2026-04-02 10:06:00,105400,105400,104900,104900,1285
2026-04-02 10:07:00,104900,105100,104600,104800,407
2026-04-02 10:08:00,104900,105600,104800,105600,460
2026-04-02 10:09:00,105300,106400,105300,106400,675
2026-04-02 10:10:00,106400,106700,105900,106500,228
2026-04-02 10:11:00,106700,106900,106200,106400,310
2026-04-02 10:12:00,106500,107000,106000,106100,434
2026-04-02 10:13:00,106200,106200,105800,106000,319
2026-04-02 10:14:00,106000,106100,105900,105900,124
2026-04-02 10:15:00,106000,106000,105000,105200,286
2026-04-02 10:16:00,105200,105200,105000,105100,315
2026-04-02 10:17:00,105100,105100,104400,104400,1484
2026-04-02 10:18:00,104400,104400,103900,103900,1678
2026-04-02 10:19:00,103900,104000,103300,103400,2198
2026-04-02 10:20:00,103300,104100,103300,103800,531
2026-04-02 10:21:00,104000,104600,103800,103900,836
2026-04-02 10:22:00,103900,104000,103700,103700,496
2026-04-02 10:23:00,103700,103700,103400,103400,902
2026-04-02 10:24:00,103500,103600,103000,103400,1160
2026-04-02 10:25:00,103000,103400,102700,102700,938
2026-04-02 10:26:00,102800,102900,102200,102500,1197
2026-04-02 10:27:00,102900,102900,102300,102600,706
2026-04-02 10:28:00,102800,103400,102500,103000,909
2026-04-02 10:29:00,103000,104500,103000,103600,219
2026-04-02 10:30:00,103900,103900,102600,102800,676
2026-04-02 10:31:00,102800,102900,102200,102200,830
2026-04-02 10:32:00,102300,102500,102100,102400,464
2026-04-02 10:33:00,102200,102700,102200,102600,244
2026-04-02 10:34:00,102600,102800,102300,102800,404
2026-04-02 10:35:00,102900,103500,102900,103200,422
2026-04-02 10:36:00,103400,103600,103000,103600,390
2026-04-02 10:37:00,103400,103500,103000,103200,493
2026-04-02 10:38:00,103200,103600,103000,103200,231
2026-04-02 10:39:00,103000,103000,102600,102900,271
2026-04-02 10:40:00,102900,102900,102300,102400,287
2026-04-02 10:41:00,102400,102600,102300,102400,346
2026-04-02 10:42:00,102400,102400,102200,102200,645
2026-04-02 10:43:00,102200,102300,102100,102300,423
2026-04-02 10:44:00,102100,102300,101800,101900,766
2026-04-02 10:45:00,101800,101800,101600,101700,451
2026-04-02 10:46:00,101600,101700,101500,101600,1099
2026-04-02 10:47:00,101500,101500,101300,101300,851
2026-04-02 10:48:00,101400,101500,101300,101500,644
2026-04-02 10:49:00,101600,104500,101500,102000,1373
2026-04-02 10:50:00,102300,104500,102200,102700,432
2026-04-02 10:51:00,102300,103300,102100,102800,529
2026-04-02 10:52:00,102800,103200,102300,102800,724
2026-04-02 10:53:00,102800,103000,102500,102800,121
2026-04-02 10:54:00,102900,102900,102400,102400,1018
2026-04-02 10:55:00,102400,102900,102400,102900,153
2026-04-02 10:56:00,102900,103100,102800,103100,179
2026-04-02 10:57:00,103100,103400,102500,103000,254
2026-04-02 10:58:00,103300,103300,103100,103200,225
2026-04-02 10:59:00,103200,103700,103200,103300,262
2026-04-02 11:00:00,103400,103600,103200,103300,206
2026-04-02 11:01:00,103400,103400,102600,102700,1257
2026-04-02 11:02:00,102700,102700,102300,102700,1350
2026-04-02 11:03:00,102300,102700,102200,102300,183
2026-04-02 11:04:00,102200,102300,102100,102100,341
2026-04-02 11:05:00,102100,102200,102000,102000,491
2026-04-02 11:06:00,102100,102100,101800,101900,235
2026-04-02 11:07:00,101900,102600,101900,102100,539
2026-04-02 11:08:00,102100,102100,101400,101400,641
2026-04-02 11:09:00,101600,101600,100900,101000,1169
2026-04-02 11:10:00,100900,101200,100800,101100,409
2026-04-02 11:11:00,101200,101200,100900,100900,188
2026-04-02 11:12:00,100900,101100,100300,100600,930
2026-04-02 11:13:00,100600,101000,100600,100700,204
2026-04-02 11:14:00,100700,100700,100500,100600,597
2026-04-02 11:15:00,100600,101200,100600,100700,567
2026-04-02 11:16:00,100700,101100,100500,100600,474
2026-04-02 11:17:00,100900,101000,100500,101000,532
2026-04-02 11:18:00,100900,101100,100600,101000,250
2026-04-02 11:19:00,101100,101400,100800,100900,229
2026-04-02 11:20:00,100900,101300,100800,100900,787
2026-04-02 11:21:00,101000,101000,100500,100800,451
2026-04-02 11:22:00,101000,101000,100700,100700,146
2026-04-02 11:23:00,100600,100600,100400,100500,252
2026-04-02 11:24:00,100500,100600,100100,100400,706
2026-04-02 11:25:00,100300,101100,100300,100700,405
2026-04-02 11:26:00,101100,101100,100400,100700,223
2026-04-02 11:27:00,100600,101400,100500,101300,446
2026-04-02 11:28:00,100700,101100,100300,100700,479
2026-04-02 11:29:00,100700,100800,100600,100600,121
2026-04-02 11:30:00,100800,100900,100500,100500,455
2026-04-02 11:31:00,100700,100700,100500,100700,123
2026-04-02 11:32:00,100600,100700,100500,100500,689
2026-04-02 11:33:00,100600,100700,100500,100700,477
2026-04-02 11:34:00,100700,101200,100600,101200,195
2026-04-02 11:35:00,101200,101300,100900,101100,448
2026-04-02 11:36:00,101100,101200,100600,100800,312
2026-04-02 11:37:00,100700,100700,100400,100400,644
2026-04-02 11:38:00,100500,100500,100300,100400,265
2026-04-02 11:39:00,100400,100500,100300,100400,104
2026-04-02 11:40:00,100400,101200,100400,101200,529
2026-04-02 11:41:00,100800,101200,100600,100900,333
2026-04-02 11:42:00,100900,101100,100900,101000,172
2026-04-02 11:43:00,101000,101100,100800,101000,313
2026-04-02 11:44:00,101000,101300,100800,100900,215
2026-04-02 11:45:00,100900,101300,100800,101000,530
2026-04-02 11:46:00,101200,101200,101000,101200,157
2026-04-02 11:47:00,101100,101200,101000,101200,393
2026-04-02 11:48:00,101200,101200,101000,101000,134
2026-04-02 11:49:00,101000,101200,101000,101100,442
2026-04-02 11:50:00,101100,101500,101000,101500,398
2026-04-02 11:51:00,101400,101400,101200,101200,225
2026-04-02 11:52:00,101300,101500,101200,101500,404
2026-04-02 11:53:00,101500,101700,101100,101500,182
2026-04-02 11:54:00,101500,101500,101400,101500,274
2026-04-02 11:55:00,101500,101500,101400,101500,117
2026-04-02 11:56:00,101500,101500,101100,101200,338
2026-04-02 11:57:00,101200,101200,101100,101200,240
2026-04-02 11:58:00,101200,101500,101200,101300,317
2026-04-02 11:59:00,101300,101400,101100,101200,577
2026-04-02 12:00:00,101200,101200,101100,101200,218
2026-04-02 12:01:00,101100,101200,101000,101200,609
2026-04-02 12:02:00,101100,101100,100600,100600,743
2026-04-02 12:03:00,100700,101200,100600,100700,473
2026-04-02 12:04:00,100700,100800,100500,100600,191
2026-04-02 12:05:00,100600,100800,100500,100800,286
2026-04-02 12:06:00,100600,101200,100600,100900,288
2026-04-02 12:07:00,101100,101100,100900,100900,396
2026-04-02 12:08:00,100700,100900,100700,100800,59
2026-04-02 12:09:00,100800,100800,100600,100600,551
2026-04-02 12:10:00,100800,101100,100600,101100,151
2026-04-02 12:11:00,101000,101000,100800,100800,115
2026-04-02 12:12:00,100800,100900,100600,100600,161
2026-04-02 12:13:00,100600,100900,100600,100800,434
2026-04-02 12:14:00,100700,100900,100700,100800,116
2026-04-02 12:15:00,100800,100800,100500,100800,528
2026-04-02 12:16:00,100800,100800,100500,100700,138
2026-04-02 12:17:00,100700,100700,100500,100600,401
2026-04-02 12:18:00,100700,100900,100500,100900,90
2026-04-02 12:19:00,100700,100800,100500,100600,212
2026-04-02 12:20:00,100600,100700,100500,100600,209
2026-04-02 12:21:00,100600,100600,100400,100600,252
2026-04-02 12:22:00,100600,100800,100500,100700,371
2026-04-02 12:23:00,100700,100900,100600,100800,89
2026-04-02 12:24:00,100800,101000,100700,100700,200
2026-04-02 12:25:00,100700,101000,100700,100900,205
2026-04-02 12:26:00,100800,100900,100700,100900,144
2026-04-02 12:27:00,100900,100900,100800,100800,143
2026-04-02 12:28:00,100800,100800,100500,100600,344
2026-04-02 12:29:00,100500,100600,100500,100500,102
2026-04-02 12:30:00,100600,100600,100400,100500,165
2026-04-02 12:31:00,100500,100600,100400,100400,339
2026-04-02 12:32:00,100400,100600,100400,100500,88
2026-04-02 12:33:00,100600,100600,100400,100500,244
2026-04-02 12:34:00,100400,100500,100400,100400,101
2026-04-02 12:35:00,100500,100500,100400,100400,277
2026-04-02 12:36:00,100500,100500,100300,100300,172
2026-04-02 12:37:00,100400,100400,100300,100300,426
2026-04-02 12:38:00,100400,100500,100300,100300,928
2026-04-02 12:39:00,100300,100400,100300,100400,235
2026-04-02 12:40:00,100300,100400,100300,100400,123
2026-04-02 12:41:00,100400,100400,100300,100400,373
2026-04-02 12:42:00,100300,100400,100300,100400,187
2026-04-02 12:43:00,100400,100900,100400,100400,563
2026-04-02 12:44:00,100400,100500,100300,100300,121
2026-04-02 12:45:00,100400,100400,100200,100200,200
2026-04-02 12:46:00,100300,100300,100100,100300,396
2026-04-02 12:47:00,100300,100400,100100,100100,70
2026-04-02 12:48:00,100100,100200,100100,100200,261
2026-04-02 12:49:00,100200,100200,100100,100200,520
2026-04-02 12:50:00,100100,100200,100100,100100,171
2026-04-02 12:51:00,100100,100400,100100,100200,119
2026-04-02 12:52:00,100200,100200,100100,100200,221
2026-04-02 12:53:00,100200,100200,100100,100200,235
2026-04-02 12:54:00,100200,100200,100000,100100,1026
2026-04-02 12:55:00,100100,100100,100000,100100,106
2026-04-02 12:56:00,100100,100200,100000,100000,484
2026-04-02 12:57:00,100000,100100,100000,100000,91
2026-04-02 12:58:00,100100,100100,100000,100000,133
2026-04-02 12:59:00,100100,100100,99900,99900,419
2026-04-02 13:00:00,99900,100200,99900,100200,685
2026-04-02 13:01:00,100200,100400,100100,100300,265
2026-04-02 13:02:00,100200,100200,100000,100100,137
2026-04-02 13:03:00,100100,100100,100000,100100,176
2026-04-02 13:04:00,100000,100000,99900,99900,228
2026-04-02 13:05:00,100000,100000,99800,99900,207
2026-04-02 13:06:00,99900,99900,99800,99800,70
2026-04-02 13:07:00,99900,100000,99700,100000,565
2026-04-02 13:08:00,99900,100100,99800,100100,179
2026-04-02 13:09:00,99900,100200,99900,100100,246
2026-04-02 13:10:00,100100,100100,100000,100100,194
2026-04-02 13:11:00,100100,100300,100100,100100,96
2026-04-02 13:12:00,100200,100200,100000,100000,365
2026-04-02 13:13:00,100100,100300,100000,100300,150
2026-04-02 13:14:00,100200,100600,100000,100600,271
2026-04-02 13:15:00,100400,100900,100400,100400,597
2026-04-02 13:16:00,100900,100900,100400,100800,258
2026-04-02 13:17:00,100900,101000,100600,100800,449
2026-04-02 13:18:00,100800,101200,100800,100800,239
2026-04-02 13:19:00,100900,100900,100800,100900,210
2026-04-02 13:20:00,100850,100900,100700,100800,315
2026-04-02 13:21:00,100800,100800,100600,100700,206
2026-04-02 13:22:00,100700,100700,100500,100500,363
2026-04-02 13:23:00,100700,100700,100500,100600,117
2026-04-02 13:24:00,100600,100600,100500,100600,232
2026-04-02 13:25:00,100600,100600,100400,100500,411
2026-04-02 13:26:00,100500,100500,100400,100500,434
2026-04-02 13:27:00,100500,100600,100500,100600,111
2026-04-02 13:28:00,100500,100600,100500,100500,340
2026-04-02 13:29:00,100500,100600,100300,100300,252
2026-04-02 13:30:00,100400,100400,100100,100300,637
2026-04-02 13:31:00,100400,100400,100200,100300,215
2026-04-02 13:32:00,100200,100400,100200,100300,148
2026-04-02 13:33:00,100300,100400,100300,100400,256
2026-04-02 13:34:00,100300,100400,100300,100300,46
2026-04-02 13:35:00,100300,100400,100200,100200,549
2026-04-02 13:36:00,100200,100300,100200,100200,184
2026-04-02 13:37:00,100300,100900,100200,100500,588
2026-04-02 13:38:00,100400,100500,100200,100300,159
2026-04-02 13:39:00,100300,100300,100200,100300,129
2026-04-02 13:40:00,100200,100400,100200,100200,435
2026-04-02 13:41:00,100300,100300,100100,100300,270
2026-04-02 13:42:00,100200,100200,100100,100200,144
2026-04-02 13:43:00,100100,100200,100000,100100,406
2026-04-02 13:44:00,100100,100200,100100,100200,146
2026-04-02 13:45:00,100100,100100,100000,100100,215
2026-04-02 13:46:00,100000,100100,100000,100100,270
2026-04-02 13:47:00,100100,100400,100100,100100,233
2026-04-02 13:48:00,100150,100200,100100,100200,321
2026-04-02 13:49:00,100100,100300,100100,100300,286
2026-04-02 13:50:00,100300,100600,100200,100500,284
2026-04-02 13:51:00,100600,100800,100300,100400,302
2026-04-02 13:52:00,100400,100400,100300,100300,107
2026-04-02 13:53:00,100300,100400,100100,100300,158
2026-04-02 13:54:00,100200,100200,100100,100200,305
2026-04-02 13:55:00,100100,100200,100100,100200,97
2026-04-02 13:56:00,100100,100200,100100,100100,315
2026-04-02 13:57:00,100200,100600,100100,100300,781
2026-04-02 13:58:00,100500,100500,100300,100300,317
2026-04-02 13:59:00,100400,100500,100200,100300,142
2026-04-02 14:00:00,100300,100500,100300,100500,319
2026-04-02 14:01:00,100600,100600,100300,100400,293
2026-04-02 14:02:00,100400,100500,100300,100300,198
2026-04-02 14:03:00,100300,100400,100200,100200,210
2026-04-02 14:04:00,100200,100300,100200,100300,232
2026-04-02 14:05:00,100200,100300,100100,100200,196
2026-04-02 14:06:00,100100,100300,100100,100100,220
2026-04-02 14:07:00,100100,100200,100100,100200,195
2026-04-02 14:08:00,100200,100300,100100,100300,406
2026-04-02 14:09:00,100300,100300,100200,100300,155
2026-04-02 14:10:00,100300,100300,100200,100200,377
2026-04-02 14:11:00,100200,100300,100200,100300,175
2026-04-02 14:12:00,100200,100300,100200,100300,196
2026-04-02 14:13:00,100200,100400,100000,100000,2230
2026-04-02 14:14:00,100000,100100,100000,100000,177
2026-04-02 14:15:00,100000,100100,100000,100100,152
2026-04-02 14:16:00,100100,100100,100000,100100,112
2026-04-02 14:17:00,100000,100100,100000,100000,232
2026-04-02 14:18:00,100100,100100,100000,100100,89
2026-04-02 14:19:00,100000,100100,100000,100100,212
2026-04-02 14:20:00,100100,100100,100000,100100,497
2026-04-02 14:21:00,100100,100100,100000,100000,75
2026-04-02 14:22:00,100100,100100,100000,100100,411
2026-04-02 14:23:00,100100,100100,100000,100100,249
2026-04-02 14:24:00,100000,100500,100000,100300,669
2026-04-02 14:25:00,100200,100200,100000,100000,145
2026-04-02 14:26:00,100100,100100,100000,100100,191
2026-04-02 14:27:00,100100,100100,100000,100000,277
2026-04-02 14:28:00,100000,100100,100000,100100,147
2026-04-02 14:29:00,100100,100100,99700,100100,1097
2026-04-02 14:30:00,100100,100100,100000,100100,335
2026-04-02 14:31:00,100000,100100,99700,99900,142
2026-04-02 14:32:00,99800,99900,99800,99800,83
2026-04-02 14:33:00,99900,99900,99800,99800,416
2026-04-02 14:34:00,99900,100000,99800,99800,748
2026-04-02 14:35:00,100000,100100,99900,100100,231
2026-04-02 14:36:00,100000,100100,100000,100000,154
2026-04-02 14:37:00,100100,100100,99900,100000,102
2026-04-02 14:38:00,99900,100000,99800,100000,119
2026-04-02 14:39:00,100000,100000,99700,99700,661
2026-04-02 14:40:00,99700,99800,99600,99700,189
2026-04-02 14:41:00,99650,99700,99600,99600,482
2026-04-02 14:42:00,99700,99700,99500,99500,686
2026-04-02 14:43:00,99600,99600,99100,99100,1886
2026-04-02 14:45:00,98700,98700,98100,98100,1978
2026-04-02 14:46:00,98200,98400,97300,97300,4608
2026-04-02 14:47:00,97400,97500,97000,97300,2173
2026-04-02 14:48:00,97100,97400,96500,96800,1991
2026-04-02 14:49:00,96800,97000,96700,96900,2360
2026-04-02 14:50:00,96900,97100,96900,97000,2166
2026-04-02 14:51:00,97000,97400,96900,97400,1835
2026-04-02 14:52:00,97600,97600,96800,97100,1586
2026-04-02 14:53:00,97100,97500,96800,97100,1721
2026-04-02 14:54:00,97100,97100,96500,96900,1741
2026-04-02 14:55:00,96800,96800,96400,96600,1887
2026-04-02 14:56:00,96600,97200,96600,96900,2101
2026-04-02 14:57:00,96700,97000,96500,96800,2651
2026-04-02 14:58:00,97000,97100,96700,96800,1241
2026-04-02 14:59:00,96800,97100,96500,96700,1560
2026-04-02 15:00:00,96800,97300,96500,97100,2849
2026-04-02 15:01:00,97000,97000,96400,96400,1586
2026-04-02 15:02:00,96500,96800,96400,96700,2417
2026-04-02 15:03:00,96700,97100,96600,96800,2659
2026-04-02 15:04:00,96900,97000,96500,96800,1884
2026-04-02 15:05:00,96600,97100,96400,96800,2845
2026-04-02 15:06:00,97100,97100,96600,97000,1972
2026-04-02 15:07:00,96600,97400,96600,97300,3231
2026-04-02 15:08:00,97300,97900,97100,97800,2462
2026-04-02 15:09:00,97900,98000,97200,97400,1488
2026-04-02 15:10:00,97300,97400,96800,97000,2499
2026-04-02 15:11:00,97100,97200,96800,96900,2221
2026-04-02 15:12:00,97100,97300,96900,97300,2616
2026-04-02 15:13:00,97600,97600,96800,96900,1740
2026-04-02 15:14:00,97300,97400,96900,96900,1845
2026-04-02 15:15:00,97000,97300,96800,97100,2629
2026-04-02 15:16:00,97200,97800,97000,97700,2084
2026-04-02 15:17:00,97700,97700,96900,97700,2153
2026-04-02 15:18:00,97800,98000,97000,98000,1937
2026-04-02 15:19:00,98000,98200,98000,98100,152
2026-04-02 15:30:00,99000,99000,99000,99000,3424
2026-04-02 15:35:00,99000,99000,99000,99000,23
2026-04-03 09:00:00,101400,102600,101400,102400,1637
2026-04-03 09:01:00,101800,102900,100900,102200,2378
2026-04-03 09:02:00,102000,102200,101300,101500,747
2026-04-03 09:03:00,101500,101600,100800,101100,1217
2026-04-03 09:04:00,101200,101200,100600,100600,891
2026-04-03 09:05:00,100800,100900,100600,100700,350
2026-04-03 09:06:00,100700,102100,100600,100900,747
2026-04-03 09:07:00,101400,101600,101000,101100,832
2026-04-03 09:08:00,101100,101650,100900,101600,467
2026-04-03 09:09:00,101100,101700,100300,100400,1250
2026-04-03 09:10:00,100400,100500,99800,100100,1073
2026-04-03 09:11:00,100000,100800,99800,99800,1225
2026-04-03 09:12:00,99800,100000,99100,99200,1880
2026-04-03 09:13:00,99200,99800,99200,99500,1459
2026-04-03 09:14:00,99800,99900,99400,99700,287
2026-04-03 09:15:00,99700,99700,99300,99300,502
2026-04-03 09:16:00,99300,99400,99200,99400,476
2026-04-03 09:17:00,99500,99600,99400,99600,367
2026-04-03 09:18:00,99600,99900,99600,99900,548
2026-04-03 09:19:00,99900,99900,99100,99200,909
2026-04-03 09:20:00,99100,99100,98500,98600,737
2026-04-03 09:21:00,98600,98700,98500,98700,346
2026-04-03 09:22:00,98700,98700,98200,98300,639
2026-04-03 09:23:00,98400,98400,98200,98200,648
2026-04-03 09:24:00,98300,99000,98300,98700,339
2026-04-03 09:25:00,98800,99300,98700,99300,339
2026-04-03 09:26:00,99100,99300,98800,99200,130
2026-04-03 09:27:00,99100,99300,99000,99100,424
2026-04-03 09:28:00,99100,99100,98300,98950,408
2026-04-03 09:29:00,98900,98900,98700,98900,178
2026-04-03 09:30:00,98900,98900,98100,98200,1227
2026-04-03 09:31:00,98200,98200,97600,97700,2590
2026-04-03 09:32:00,97700,97800,97100,97600,497
2026-04-03 09:33:00,97500,97600,97200,97200,578
2026-04-03 09:34:00,97200,97200,97000,97100,294
2026-04-03 09:35:00,97100,97200,97000,97100,190
2026-04-03 09:36:00,97100,97200,96600,96700,1017
2026-04-03 09:37:00,96700,96800,96500,96800,367
2026-04-03 09:38:00,96900,97700,96700,97200,359
2026-04-03 09:39:00,97500,97500,96800,96900,166
2026-04-03 09:40:00,96900,97200,96500,96600,744
2026-04-03 09:41:00,96500,96800,96500,96500,858
2026-04-03 09:42:00,97000,97100,96600,97100,314
2026-04-03 09:43:00,97000,97200,96900,97100,64
2026-04-03 09:44:00,97100,97400,96800,97100,256
2026-04-03 09:45:00,97200,97500,97100,97100,224
2026-04-03 09:46:00,97500,97500,97100,97100,221
2026-04-03 09:47:00,97400,98100,97400,97600,341
2026-04-03 09:48:00,97600,97800,97500,97700,383
2026-04-03 09:49:00,97600,97700,97000,97000,771
2026-04-03 09:50:00,97300,97700,97300,97700,234
2026-04-03 09:51:00,97800,97800,97600,97700,87
2026-04-03 09:52:00,97700,98000,97600,97900,392
2026-04-03 09:53:00,98000,98000,97700,97900,503
2026-04-03 09:54:00,97700,97700,96800,96900,1529
2026-04-03 09:55:00,96800,96900,96500,96600,1377
2026-04-03 09:56:00,96500,96600,96400,96600,1566
2026-04-03 09:57:00,96550,97400,96550,97100,560
2026-04-03 09:58:00,97100,97400,96800,97100,812
2026-04-03 09:59:00,97400,97600,97100,97600,336
2026-04-03 10:00:00,97500,97600,97000,97200,452
2026-04-03 10:01:00,97100,97100,97000,97100,266
2026-04-03 10:02:00,97100,97600,97000,97500,1469
2026-04-03 10:03:00,97200,97200,97100,97100,315
2026-04-03 10:04:00,97100,97100,96900,97000,406
2026-04-03 10:05:00,96800,96800,96300,96400,1702
2026-04-03 10:06:00,96400,96400,96100,96200,768
2026-04-03 10:07:00,96200,96200,96100,96200,275
2026-04-03 10:08:00,96200,97000,96200,96700,2210
2026-04-03 10:09:00,96700,96800,96500,96500,263
2026-04-03 10:10:00,96600,96600,96400,96500,229
2026-04-03 10:11:00,96500,96500,96400,96500,144
2026-04-03 10:12:00,96500,96600,96300,96300,1278
2026-04-03 10:13:00,96400,96400,96100,96200,917
2026-04-03 10:14:00,96200,96800,96200,96500,1008
2026-04-03 10:15:00,96700,96800,96300,96500,133
2026-04-03 10:16:00,96500,96700,96400,96400,115
2026-04-03 10:17:00,96600,96600,96500,96600,31
2026-04-03 10:18:00,96600,96700,96600,96700,47
2026-04-03 10:19:00,96700,96700,96500,96700,209
2026-04-03 10:20:00,96700,96700,96700,96700,112
2026-04-03 10:21:00,96700,97200,96700,96900,990
2026-04-03 10:22:00,97000,97300,96900,97300,78
2026-04-03 10:23:00,97400,97400,96900,97100,76
2026-04-03 10:24:00,97000,97100,96900,96900,67
2026-04-03 10:25:00,97000,97000,96800,96900,170
2026-04-03 10:26:00,96900,97000,96700,96900,92
2026-04-03 10:27:00,96900,96900,96900,96900,29
2026-04-03 10:28:00,96900,96900,96700,96700,346
2026-04-03 10:29:00,96700,97000,96700,97000,248
2026-04-03 10:30:00,97000,97000,96600,96600,323
2026-04-03 10:31:00,96600,96900,96600,96800,40
2026-04-03 10:32:00,96900,96900,96700,96700,875
2026-04-03 10:33:00,96800,96800,96300,96300,574
2026-04-03 10:34:00,96300,96400,96100,96400,558
2026-04-03 10:35:00,96400,96400,96200,96200,404
2026-04-03 10:36:00,96300,96400,96200,96400,107
2026-04-03 10:37:00,96200,96400,96200,96300,145
2026-04-03 10:38:00,96300,96300,96200,96300,84
2026-04-03 10:39:00,96200,96300,96200,96200,214
2026-04-03 10:40:00,96300,96300,96200,96300,240
2026-04-03 10:41:00,96200,96300,96000,96100,1078
2026-04-03 10:42:00,96100,96100,96000,96100,202
2026-04-03 10:43:00,96100,96200,96000,96200,149
2026-04-03 10:44:00,96200,96300,96100,96100,249
2026-04-03 10:45:00,96200,96200,95700,95800,1727
2026-04-03 10:46:00,95700,95800,95600,95700,1008
2026-04-03 10:47:00,95700,95700,95500,95500,973
2026-04-03 10:48:00,95600,95800,95500,95600,108
2026-04-03 10:49:00,95800,95800,95600,95700,48
2026-04-03 10:50:00,95800,95800,95700,95700,232
2026-04-03 10:51:00,95700,95800,95700,95700,286
2026-04-03 10:52:00,95700,95800,95600,95700,256
2026-04-03 10:53:00,95700,95900,95700,95900,202
2026-04-03 10:54:00,95800,95900,95800,95900,72
2026-04-03 10:55:00,95900,95900,95700,95900,190
2026-04-03 10:56:00,95800,95800,95600,95700,359
2026-04-03 10:57:00,95700,95800,95600,95600,128
2026-04-03 10:58:00,95800,95900,95600,95700,346
2026-04-03 10:59:00,95700,95900,95700,95900,14
2026-04-03 11:00:00,95700,95800,95300,95300,1480
2026-04-03 11:01:00,95300,95400,95000,95000,746
2026-04-03 11:02:00,95100,95300,95000,95100,229
2026-04-03 11:03:00,95100,95600,95100,95400,147
2026-04-03 11:04:00,95400,95400,95300,95400,117
2026-04-03 11:05:00,95400,95400,95000,95100,450
2026-04-03 11:06:00,95200,95200,95000,95000,190
2026-04-03 11:07:00,95000,95100,94800,94800,702
2026-04-03 11:08:00,94800,95000,94800,95000,246
2026-04-03 11:09:00,95000,95100,94900,95100,60
2026-04-03 11:10:00,95100,95300,94900,95300,277
2026-04-03 11:11:00,95300,95300,94900,95000,82
2026-04-03 11:12:00,95100,95300,95000,95000,381
2026-04-03 11:13:00,95000,95100,94800,95100,185
2026-04-03 11:14:00,95000,95000,94700,94700,315
2026-04-03 11:15:00,95000,95000,94600,94600,309
2026-04-03 11:16:00,94900,94900,94600,94900,113
2026-04-03 11:17:00,94800,95000,94700,94800,176
2026-04-03 11:18:00,95000,95000,94800,94900,77
2026-04-03 11:19:00,94900,95000,94800,94900,51
2026-04-03 11:20:00,94900,95100,94700,94700,322
2026-04-03 11:21:00,95000,95200,95000,95100,61
2026-04-03 11:22:00,95000,95100,94900,95000,146
2026-04-03 11:23:00,94950,95000,94900,95000,27
2026-04-03 11:24:00,94900,95000,94900,94900,82
2026-04-03 11:25:00,94900,95000,94700,94700,303
2026-04-03 11:26:00,94900,94900,94700,94700,101
2026-04-03 11:27:00,94700,94700,94600,94700,141
2026-04-03 11:28:00,94800,94800,94700,94700,68
2026-04-03 11:29:00,94700,94800,94700,94700,166
2026-04-03 11:30:00,94800,94800,94600,94800,343
2026-04-03 11:31:00,94800,94800,94500,94600,181
2026-04-03 11:32:00,94600,94600,94400,94400,656
2026-04-03 11:33:00,94400,94400,94300,94300,64
2026-04-03 11:34:00,94300,94300,94100,94200,259
2026-04-03 11:35:00,94200,94200,94000,94000,575
2026-04-03 11:36:00,94000,94200,94000,94200,94
2026-04-03 11:37:00,94200,94300,94100,94200,130
2026-04-03 11:38:00,94200,94200,94000,94100,590
2026-04-03 11:39:00,94100,94200,94100,94100,128
2026-04-03 11:40:00,94100,94400,94000,94000,810
2026-04-03 11:41:00,94100,94300,94000,94000,215
2026-04-03 11:42:00,94300,94300,93900,93900,217
2026-04-03 11:43:00,93900,94200,93700,94200,737
2026-04-03 11:44:00,94300,94300,94000,94000,218
2026-04-03 11:45:00,94000,94000,93500,93500,288
2026-04-03 11:46:00,93500,94000,93500,93600,244
2026-04-03 11:47:00,93600,94200,93600,94000,154
2026-04-03 11:48:00,94000,94000,93500,93500,277
2026-04-03 11:49:00,93500,94200,93500,94200,247
2026-04-03 11:50:00,93600,94400,93600,94200,297
2026-04-03 11:51:00,94200,94400,93800,94400,173
2026-04-03 11:52:00,94400,94800,94300,94400,238
2026-04-03 11:53:00,94400,94900,94200,94900,323
2026-04-03 11:54:00,94700,94800,94500,94800,76
2026-04-03 11:55:00,94700,94800,94200,94200,262
2026-04-03 11:56:00,94400,94700,94400,94600,46
2026-04-03 11:57:00,94300,94700,94200,94600,93
2026-04-03 11:58:00,94600,94600,94400,94500,50
2026-04-03 11:59:00,94500,94700,94300,94300,30
2026-04-03 12:00:00,94500,94700,94200,94200,200
2026-04-03 12:01:00,94200,94600,94100,94300,220
2026-04-03 12:02:00,94700,94700,94600,94700,92
2026-04-03 12:03:00,94700,94800,94500,94700,198
2026-04-03 12:04:00,94500,94500,94400,94500,69
2026-04-03 12:05:00,94500,94600,94100,94100,273
2026-04-03 12:06:00,94600,94600,94100,94200,34
2026-04-03 12:07:00,94400,94700,94100,94700,203
2026-04-03 12:08:00,94700,94700,94500,94500,96
2026-04-03 12:09:00,94400,94700,94400,94500,77
2026-04-03 12:10:00,94500,94500,94000,94100,238
2026-04-03 12:11:00,94100,94400,94100,94100,96
2026-04-03 12:12:00,94500,94600,94400,94600,107
2026-04-03 12:13:00,94400,94700,94300,94700,140
2026-04-03 12:14:00,94700,94700,94300,94600,53
2026-04-03 12:15:00,94600,94600,94100,94100,309
2026-04-03 12:16:00,94300,94500,94300,94300,46
2026-04-03 12:17:00,94300,94300,94200,94200,36
2026-04-03 12:18:00,94100,94300,94100,94300,126
2026-04-03 12:19:00,94300,94300,94200,94300,100
2026-04-03 12:20:00,94300,94600,94200,94300,282
2026-04-03 12:21:00,94300,94500,94100,94100,174
2026-04-03 12:22:00,94300,94500,94100,94500,110
2026-04-03 12:23:00,94500,94500,94500,94500,12
2026-04-03 12:24:00,94500,94500,94300,94400,65
2026-04-03 12:25:00,94300,94400,94100,94100,291
2026-04-03 12:26:00,94100,94500,94100,94300,91
2026-04-03 12:27:00,94200,94300,94100,94300,64
2026-04-03 12:28:00,94300,94300,94100,94200,91
2026-04-03 12:29:00,94200,94500,94100,94100,365
2026-04-03 12:30:00,94100,94100,94000,94000,139
2026-04-03 12:31:00,94000,94300,93900,94000,276
2026-04-03 12:32:00,94000,94400,94000,94200,57
2026-04-03 12:33:00,94200,94500,94200,94500,41
2026-04-03 12:34:00,94300,94600,94300,94300,125
2026-04-03 12:35:00,94600,94600,94100,94100,89
2026-04-03 12:36:00,94300,94600,94000,94100,301
2026-04-03 12:37:00,94400,94400,94100,94300,87
2026-04-03 12:38:00,94300,94300,94200,94300,40
2026-04-03 12:39:00,94200,94300,94100,94300,116
2026-04-03 12:40:00,94300,94400,94000,94000,205
2026-04-03 12:41:00,94000,94400,94000,94100,349
2026-04-03 12:42:00,94000,94100,94000,94100,191
2026-04-03 12:43:00,94100,94100,93900,94100,98
2026-04-03 12:44:00,93900,94100,93900,94100,65
2026-04-03 12:45:00,94100,94400,93800,93900,278
2026-04-03 12:46:00,93900,94400,93800,94300,351
2026-04-03 12:47:00,94100,94100,94100,94100,19
2026-04-03 12:48:00,94100,94200,94000,94100,72
2026-04-03 12:49:00,94100,94200,94000,94200,65
2026-04-03 12:50:00,94200,94200,93900,94100,220
2026-04-03 12:51:00,94100,94300,94100,94200,208
2026-04-03 12:52:00,94250,94400,94200,94350,152
2026-04-03 12:53:00,94300,94600,94300,94500,166
2026-04-03 12:54:00,94500,94900,94500,94700,203
2026-04-03 12:55:00,94700,94900,94200,94200,509
2026-04-03 12:56:00,94500,94800,94200,94500,168
2026-04-03 12:57:00,94700,94800,94500,94700,86
2026-04-03 12:58:00,94800,94800,94500,94700,94
2026-04-03 12:59:00,94800,94900,94600,94600,295
2026-04-03 13:00:00,94500,94700,94300,94400,232
2026-04-03 13:01:00,94400,94600,94200,94200,667
2026-04-03 13:02:00,94500,94600,94300,94500,151
2026-04-03 13:03:00,94500,94700,94400,94400,76
2026-04-03 13:04:00,94400,94400,94200,94300,120
2026-04-03 13:05:00,94300,94300,94200,94200,146
2026-04-03 13:06:00,94300,94400,94000,94400,479
2026-04-03 13:07:00,94500,94500,94300,94300,144
2026-04-03 13:08:00,94400,94500,94300,94500,183
2026-04-03 13:09:00,94400,94500,94400,94400,23
2026-04-03 13:10:00,94300,94400,94200,94200,204
2026-04-03 13:11:00,94200,94400,94100,94400,425
2026-04-03 13:12:00,94400,94400,94200,94300,190
2026-04-03 13:13:00,94300,94400,94200,94200,86
2026-04-03 13:14:00,94200,94200,94100,94100,131
2026-04-03 13:15:00,94200,94400,94000,94000,531
2026-04-03 13:16:00,94000,94400,94000,94200,183
2026-04-03 13:17:00,94200,94300,94100,94200,159
2026-04-03 13:18:00,94100,94200,94000,94100,224
2026-04-03 13:19:00,94000,94300,94000,94300,153
2026-04-03 13:20:00,94200,94400,94100,94100,414
2026-04-03 13:21:00,94100,94200,94000,94200,382
2026-04-03 13:22:00,94200,94300,94100,94300,238
2026-04-03 13:23:00,94200,94500,94100,94200,417
2026-04-03 13:24:00,94200,94200,94000,94000,826
2026-04-03 13:25:00,93900,94100,93800,93800,834
2026-04-03 13:26:00,93700,94100,93700,93800,427
2026-04-03 13:27:00,93900,94000,93800,93900,495
2026-04-03 13:28:00,93800,94000,93700,93800,542
2026-04-03 13:29:00,93800,93900,93600,93700,606
2026-04-03 13:30:00,93700,93700,93500,93600,1367
2026-04-03 13:31:00,93500,93500,93200,93500,824
2026-04-03 13:32:00,93500,93600,93300,93600,457
2026-04-03 13:33:00,93700,93800,93300,93400,624
2026-04-03 13:34:00,93500,93700,93400,93500,371
2026-04-03 13:35:00,93400,93700,93300,93600,608
2026-04-03 13:36:00,93300,93700,93300,93400,376
2026-04-03 13:37:00,93400,93500,93300,93300,616
2026-04-03 13:38:00,93300,93400,93200,93200,399
2026-04-03 13:39:00,93300,93300,93200,93200,383
2026-04-03 13:40:00,93200,93300,93100,93200,719
2026-04-03 13:41:00,93150,93300,93100,93200,453
2026-04-03 13:42:00,93100,93400,93000,93100,424
2026-04-03 13:43:00,93000,93100,92900,93000,824
2026-04-03 13:44:00,93000,93100,92900,93100,679
2026-04-03 13:45:00,93000,93100,92700,92800,3037
2026-04-03 13:46:00,92800,92900,92700,92900,908
2026-04-03 13:47:00,92900,92900,92600,92600,635
2026-04-03 13:48:00,92600,92600,92400,92500,803
2026-04-03 13:49:00,92600,92700,92500,92700,467
2026-04-03 13:50:00,92600,92700,92500,92600,552
2026-04-03 13:51:00,92600,92800,92300,92700,1105
2026-04-03 13:52:00,92500,92700,92300,92300,604
2026-04-03 13:53:00,92300,92700,92200,92700,2665
2026-04-03 13:54:00,92800,92800,92200,92200,943
2026-04-03 13:55:00,92200,92350,92100,92100,801
2026-04-03 13:56:00,92100,92200,92000,92100,1247
2026-04-03 13:57:00,92000,92100,91800,91900,1340
2026-04-03 13:58:00,91900,92400,91800,92200,765
2026-04-03 13:59:00,92200,92400,91900,92100,746
2026-04-03 14:00:00,92100,92400,92000,92000,798
2026-04-03 14:01:00,92000,92600,91900,92600,1325
2026-04-03 14:02:00,92600,92600,92300,92500,647
2026-04-03 14:03:00,92500,92700,92300,92500,778
2026-04-03 14:04:00,92500,92700,92400,92600,702
2026-04-03 14:05:00,92700,93000,92500,92600,1007
2026-04-03 14:06:00,92800,93300,92600,93200,1043
2026-04-03 14:07:00,93300,93600,93200,93400,1239
2026-04-03 14:08:00,93400,93400,93000,93300,1164
2026-04-03 14:09:00,93200,93200,92900,93100,539
2026-04-03 14:10:00,93000,93100,92600,92600,872
2026-04-03 14:11:00,92700,93000,92500,92700,738
2026-04-03 14:12:00,92600,92700,92500,92600,754
2026-04-03 14:13:00,92600,92700,92300,92300,701
2026-04-03 14:14:00,92300,92400,92100,92400,1060
2026-04-03 14:15:00,92300,92500,92100,92300,1044
2026-04-03 14:16:00,92300,92500,92000,92400,932
2026-04-03 14:17:00,92400,92400,92300,92400,899
2026-04-03 14:18:00,92300,92400,92000,92000,1074
2026-04-03 14:19:00,92200,92500,92000,92500,998
2026-04-03 14:20:00,92200,92700,92100,92500,945
2026-04-03 14:21:00,92400,92800,92300,92500,890
2026-04-03 14:22:00,92500,92700,92300,92700,611
2026-04-03 14:23:00,92600,92700,92400,92500,718
2026-04-03 14:24:00,92500,92600,92300,92400,1133
2026-04-03 14:25:00,92400,92500,92300,92300,1223
2026-04-03 14:26:00,92300,92400,92300,92400,1204
2026-04-03 14:27:00,92300,92300,92100,92200,757
2026-04-03 14:28:00,92100,92200,92000,92200,653
2026-04-03 14:29:00,92200,92400,92100,92200,878
2026-04-03 14:30:00,92100,92500,92100,92400,645
2026-04-03 14:31:00,92300,92800,92200,92800,786
2026-04-03 14:32:00,92800,92900,92300,92800,790
2026-04-03 14:33:00,92400,92700,92400,92600,432
2026-04-03 14:34:00,92700,93000,92500,92800,510
2026-04-03 14:35:00,92700,92700,92300,92400,856
2026-04-03 14:36:00,92700,92700,92300,92600,405
2026-04-03 14:37:00,92600,92800,92400,92700,676
2026-04-03 14:38:00,92500,92700,92400,92500,442
2026-04-03 14:39:00,92500,92800,92500,92700,406
2026-04-03 14:40:00,92700,93000,92600,92800,1098
2026-04-03 14:41:00,92700,92800,92400,92500,893
2026-04-03 14:42:00,92500,92700,92400,92700,473
2026-04-03 14:43:00,92800,93500,92800,93400,827
2026-04-03 14:44:00,93100,93200,93100,93100,350
2026-04-03 14:45:00,93000,93200,93000,93100,933
2026-04-03 14:46:00,93100,93100,92800,93000,1164
2026-04-03 14:47:00,92900,93100,92700,93000,569
2026-04-03 14:48:00,93000,93000,92800,93000,250
2026-04-03 14:49:00,93000,93000,92700,92900,377
2026-04-03 14:50:00,92900,93100,92800,92900,593
2026-04-03 14:51:00,92900,93900,92700,93900,1095
2026-04-03 14:52:00,93900,94100,93900,94100,655
2026-04-03 14:53:00,94100,94200,94000,94200,820
2026-04-03 14:54:00,94000,94400,93900,94100,506
2026-04-03 14:55:00,94100,94300,94000,94000,802
2026-04-03 14:56:00,94000,94100,93700,94000,728
2026-04-03 14:57:00,94000,94100,93800,94000,284
2026-04-03 14:58:00,94000,94200,93900,94200,275
2026-04-03 14:59:00,94200,94300,94000,94100,410
2026-04-03 15:00:00,94300,94300,94000,94000,372
2026-04-03 15:01:00,94000,94300,93800,94100,602
2026-04-03 15:02:00,94400,94400,94000,94400,448
2026-04-03 15:03:00,94200,94500,94000,94400,317
2026-04-03 15:04:00,94300,94400,94100,94300,256
2026-04-03 15:05:00,94100,94400,94000,94000,722
2026-04-03 15:06:00,94000,94500,94000,94200,561
2026-04-03 15:07:00,94500,94600,94200,94200,869
2026-04-03 15:08:00,94300,94500,94200,94200,619
2026-04-03 15:09:00,94300,94400,94100,94100,579
2026-04-03 15:10:00,94200,94200,93900,94000,724
2026-04-03 15:11:00,93900,94100,93900,94000,535
2026-04-03 15:12:00,94000,94100,93900,94100,348
2026-04-03 15:13:00,94100,94100,94000,94000,264
2026-04-03 15:14:00,94000,94100,93900,93900,810
2026-04-03 15:15:00,94000,94000,93200,93400,3791
2026-04-03 15:16:00,93400,93800,93200,93300,2102
2026-04-03 15:17:00,93300,94000,93000,94000,2652
2026-04-03 15:18:00,93400,94000,93200,93600,534
2026-04-03 15:19:00,93600,93900,93500,93600,1176
2026-04-03 15:30:00,93500,93500,93500,93500,1930
2026-04-03 15:35:00,93500,93500,93500,93500,5
2026-04-06 09:00:00,94400,94700,93200,93600,1774
2026-04-06 09:01:00,93700,94900,93600,94900,478
2026-04-06 09:02:00,94900,95100,94200,94700,656
2026-04-06 09:03:00,94500,94800,94500,94600,235
2026-04-06 09:04:00,94700,95200,94700,95200,284
2026-04-06 09:05:00,95200,95300,94500,94700,177
2026-04-06 09:06:00,95000,95100,94800,95100,295
2026-04-06 09:07:00,95200,95400,95100,95200,246
2026-04-06 09:08:00,95300,95300,94900,94900,946
2026-04-06 09:09:00,94800,95100,94800,95000,288
2026-04-06 09:10:00,95000,95400,94700,94800,704
2026-04-06 09:11:00,94800,95100,94800,94800,120
2026-04-06 09:12:00,95100,95500,95100,95500,323
2026-04-06 09:13:00,95500,95500,95300,95300,74
2026-04-06 09:14:00,95400,95400,95000,95200,150
2026-04-06 09:15:00,95200,95300,95100,95300,156
2026-04-06 09:16:00,95300,95300,94800,95000,180
2026-04-06 09:17:00,95200,95500,94800,95500,652
2026-04-06 09:18:00,95000,95500,94900,95400,60
2026-04-06 09:19:00,95400,95400,95300,95300,147
2026-04-06 09:20:00,95300,95400,95000,95300,217
2026-04-06 09:21:00,95100,95400,95000,95000,539
2026-04-06 09:22:00,94900,95000,94300,94400,743
2026-04-06 09:23:00,94400,94700,94400,94700,185
2026-04-06 09:24:00,94800,94800,94100,94300,260
2026-04-06 09:25:00,94400,94400,93900,93900,318
2026-04-06 09:26:00,93900,94000,93700,93700,489
2026-04-06 09:27:00,93900,94000,93600,93800,172
2026-04-06 09:28:00,93700,93800,93600,93600,52
2026-04-06 09:29:00,93600,93600,93300,93300,652
2026-04-06 09:30:00,93400,93800,93300,93600,395
2026-04-06 09:31:00,93600,93600,93000,93300,684
2026-04-06 09:32:00,93300,93400,93100,93100,511
2026-04-06 09:33:00,93200,93400,93100,93100,681
2026-04-06 09:34:00,93200,93300,93100,93300,208
2026-04-06 09:35:00,93400,93400,93100,93100,130
2026-04-06 09:36:00,93200,93200,92700,92700,946
2026-04-06 09:37:00,92800,93000,92700,92700,375
2026-04-06 09:38:00,92700,92800,92600,92700,434
2026-04-06 09:39:00,92600,92700,92400,92500,413
2026-04-06 09:40:00,92300,92900,92300,92900,724
2026-04-06 09:41:00,92900,93400,92700,92800,609
2026-04-06 09:42:00,92900,92900,92600,92800,329
2026-04-06 09:43:00,92900,93600,92900,93600,314
2026-04-06 09:44:00,93700,93800,93500,93600,197
2026-04-06 09:45:00,93600,93700,93500,93600,240
2026-04-06 09:46:00,93600,93700,93500,93700,251
2026-04-06 09:47:00,93700,93700,93600,93700,173
2026-04-06 09:48:00,93700,93700,93500,93500,241
2026-04-06 09:49:00,93550,93550,93300,93300,257
2026-04-06 09:50:00,93300,93300,93200,93300,399
2026-04-06 09:51:00,93200,93300,93000,93100,352
2026-04-06 09:52:00,93200,93400,93200,93300,158
2026-04-06 09:53:00,93300,93700,93200,93700,405
2026-04-06 09:54:00,93700,93700,93400,93400,102
2026-04-06 09:55:00,93400,93400,93300,93300,197
2026-04-06 09:56:00,93300,93500,93200,93400,411
2026-04-06 09:57:00,93500,93800,93400,93500,205
2026-04-06 09:58:00,93600,93700,93400,93500,318
2026-04-06 09:59:00,93400,93700,93400,93500,165
2026-04-06 10:00:00,93400,93800,93400,93600,241
2026-04-06 10:01:00,93600,93700,93500,93600,205
2026-04-06 10:02:00,93600,93600,93400,93600,224
2026-04-06 10:03:00,93600,93700,93500,93500,509
2026-04-06 10:04:00,93400,93400,93200,93400,254
2026-04-06 10:05:00,93200,93300,93000,93300,556
2026-04-06 10:06:00,93300,93300,93100,93200,273
2026-04-06 10:07:00,93200,93200,92800,93000,1109
2026-04-06 10:08:00,92800,93000,92800,93000,252
2026-04-06 10:09:00,93000,93000,92800,92800,455
2026-04-06 10:10:00,92800,93000,92800,92900,378
2026-04-06 10:11:00,92900,93000,92800,92800,211
2026-04-06 10:12:00,92700,93000,92700,92700,319
2026-04-06 10:13:00,92800,93000,92700,93000,399
2026-04-06 10:14:00,93000,93100,92800,93000,877
2026-04-06 10:15:00,93000,93000,92700,92700,279
2026-04-06 10:16:00,92800,92900,92500,92600,862
2026-04-06 10:17:00,92600,92600,92400,92400,414
2026-04-06 10:18:00,92400,92700,92300,92600,287
2026-04-06 10:19:00,92600,92600,92300,92600,424
2026-04-06 10:20:00,92600,92700,92200,92200,614
2026-04-06 10:21:00,92200,92400,92200,92400,329
2026-04-06 10:22:00,92300,92700,92200,92700,1199
2026-04-06 10:23:00,92600,92700,92500,92600,263
2026-04-06 10:24:00,92500,92800,92500,92700,385
2026-04-06 10:25:00,92800,92800,92500,92600,89
2026-04-06 10:26:00,92500,92700,92400,92500,235
2026-04-06 10:27:00,92600,92600,92400,92500,148
2026-04-06 10:28:00,92400,92400,92300,92400,388
2026-04-06 10:29:00,92500,92600,92300,92600,447
2026-04-06 10:30:00,92600,92700,92400,92500,147
2026-04-06 10:31:00,92500,92600,92400,92400,230
2026-04-06 10:32:00,92400,92500,92400,92400,143
2026-04-06 10:33:00,92400,92600,92300,92400,375
2026-04-06 10:34:00,92400,92400,92300,92300,182
2026-04-06 10:35:00,92300,92300,92200,92300,158
2026-04-06 10:36:00,92300,92400,92200,92300,276
2026-04-06 10:37:00,92300,92500,92300,92400,599
2026-04-06 10:38:00,92400,92400,92100,92200,409
2026-04-06 10:39:00,92300,92300,92100,92300,242
2026-04-06 10:40:00,92200,92300,92100,92200,229
2026-04-06 10:41:00,92300,92300,92100,92200,269
2026-04-06 10:42:00,92300,92400,92200,92400,445
2026-04-06 10:43:00,92400,92400,92200,92300,166
2026-04-06 10:44:00,92300,92400,92200,92200,154
2026-04-06 10:45:00,92200,92200,92000,92000,311
2026-04-06 10:46:00,92000,92300,92000,92200,496
2026-04-06 10:47:00,92200,92200,92000,92100,394
2026-04-06 10:48:00,92050,92100,92000,92100,120
2026-04-06 10:49:00,92100,92200,92000,92000,801
2026-04-06 10:50:00,91900,92100,91900,92100,172
2026-04-06 10:51:00,92000,92200,91900,92000,373
2026-04-06 10:52:00,92100,92200,92000,92000,208
2026-04-06 10:53:00,92100,92200,91900,92000,202
2026-04-06 10:54:00,91900,92100,91900,92000,462
2026-04-06 10:55:00,92000,92200,91800,91900,1640
2026-04-06 10:56:00,91900,92100,91800,92000,257
2026-04-06 10:57:00,92000,92000,91600,91800,1342
2026-04-06 10:58:00,91800,92100,91800,92100,477
2026-04-06 10:59:00,92100,92400,92000,92100,274
2026-04-06 11:00:00,92000,92500,92000,92300,450
2026-04-06 11:01:00,92300,92300,91900,92000,215
2026-04-06 11:02:00,92000,92100,91700,92000,309
2026-04-06 11:03:00,92000,92000,91800,92000,295
2026-04-06 11:04:00,92000,92100,91800,91900,777
2026-04-06 11:05:00,92000,92000,91900,91900,225
2026-04-06 11:06:00,92000,92300,91900,92300,509
2026-04-06 11:07:00,92400,92500,92200,92200,207
2026-04-06 11:08:00,92200,92700,92200,92500,375
2026-04-06 11:09:00,92500,92800,92400,92700,361
2026-04-06 11:10:00,92700,93000,92700,92800,235
2026-04-06 11:11:00,92800,93100,92800,93000,399
2026-04-06 11:12:00,93000,93100,92900,92900,384
2026-04-06 11:13:00,92900,93100,92900,93100,236
2026-04-06 11:14:00,93000,93000,92800,93000,253
2026-04-06 11:15:00,93000,93000,92900,93000,203
2026-04-06 11:16:00,92900,93000,92700,93000,265
2026-04-06 11:17:00,93000,93100,92800,92900,195
2026-04-06 11:18:00,92900,93000,92900,93000,143
2026-04-06 11:19:00,93000,93300,92900,93300,565
2026-04-06 11:20:00,93200,93500,93200,93200,305
2026-04-06 11:21:00,93200,93400,93100,93400,234
2026-04-06 11:22:00,93400,93500,93300,93400,337
2026-04-06 11:23:00,93400,93700,93400,93600,299
2026-04-06 11:24:00,93700,93900,93600,93800,610
2026-04-06 11:25:00,93800,93900,93600,93600,202
2026-04-06 11:26:00,93600,93800,93600,93600,349
2026-04-06 11:27:00,93700,93800,93600,93600,140
2026-04-06 11:28:00,93600,93700,93600,93700,193
2026-04-06 11:29:00,93700,93900,93600,93900,463
2026-04-06 11:30:00,94000,94000,93500,93600,218
2026-04-06 11:31:00,93500,93900,93500,93900,268
2026-04-06 11:32:00,93700,93900,93500,93600,434
2026-04-06 11:33:00,93600,93600,93400,93500,108
2026-04-06 11:34:00,93500,93600,93400,93400,148
2026-04-06 11:35:00,93400,93500,93300,93500,221
2026-04-06 11:36:00,93400,93400,93100,93300,113
2026-04-06 11:37:00,93400,93400,93100,93100,265
2026-04-06 11:38:00,93100,93200,93000,93100,162
2026-04-06 11:39:00,93100,93200,92900,93100,277
2026-04-06 11:40:00,93100,93100,92800,92900,229
2026-04-06 11:41:00,92900,92900,92800,92900,186
2026-04-06 11:42:00,92900,92900,92600,92700,374
2026-04-06 11:43:00,92700,92900,92600,92700,324
2026-04-06 11:44:00,92700,93400,92600,93100,312
2026-04-06 11:45:00,93100,93200,92800,92900,220
2026-04-06 11:46:00,93000,93000,92600,92600,168
2026-04-06 11:47:00,92600,92800,92500,92700,296
2026-04-06 11:48:00,92700,93000,92600,93000,272
2026-04-06 11:49:00,92900,92900,92700,92700,176
2026-04-06 11:50:00,92700,93000,92500,92600,394
2026-04-06 11:51:00,92900,93000,92700,93000,197
2026-04-06 11:52:00,93000,93300,92900,92900,200
2026-04-06 11:53:00,92900,93000,92600,92600,428
2026-04-06 11:54:00,92700,92800,92600,92600,148
2026-04-06 11:55:00,92600,92800,92500,92800,381
2026-04-06 11:56:00,92700,92700,92400,92400,184
2026-04-06 11:57:00,92500,92700,92500,92600,286
2026-04-06 11:58:00,92600,92800,92400,92700,323
2026-04-06 11:59:00,92600,92600,92500,92600,36
2026-04-06 12:00:00,92600,92700,92200,92300,393
2026-04-06 12:01:00,92600,92700,92400,92500,155
2026-04-06 12:02:00,92600,92700,92400,92700,281
2026-04-06 12:03:00,92700,92700,92400,92400,391
2026-04-06 12:04:00,92500,92700,92400,92700,490
2026-04-06 12:05:00,92700,92800,92300,92300,245
2026-04-06 12:06:00,92300,92700,92300,92600,188
2026-04-06 12:07:00,92500,92700,92300,92700,177
2026-04-06 12:08:00,92700,92900,92600,92600,143
2026-04-06 12:09:00,92600,92600,92400,92500,268
2026-04-06 12:10:00,92400,92500,92300,92300,385
2026-04-06 12:11:00,92500,92700,92400,92700,358
2026-04-06 12:12:00,92600,92700,92300,92700,223
2026-04-06 12:13:00,92700,92700,92300,92400,330
2026-04-06 12:14:00,92400,92700,92300,92700,248
2026-04-06 12:15:00,92700,92900,92200,92300,247
2026-04-06 12:16:00,92300,92500,92300,92500,114
2026-04-06 12:17:00,92400,92400,92200,92300,286
2026-04-06 12:18:00,92300,92600,92200,92400,299
2026-04-06 12:19:00,92400,92500,92200,92300,229
2026-04-06 12:20:00,92200,92200,92000,92100,549
2026-04-06 12:21:00,92100,92400,92000,92300,310
2026-04-06 12:22:00,92300,92300,92000,92100,209
2026-04-06 12:23:00,92100,92200,92000,92100,198
2026-04-06 12:24:00,92100,92300,92100,92200,222
2026-04-06 12:25:00,92300,92400,92000,92300,804
2026-04-06 12:26:00,92300,92800,92100,92500,228
2026-04-06 12:27:00,92500,92500,92000,92000,237
2026-04-06 12:28:00,92100,92500,92100,92200,192
2026-04-06 12:29:00,92300,92400,92100,92200,188
2026-04-06 12:30:00,92100,92300,91900,92200,370
2026-04-06 12:31:00,92200,92500,92200,92300,290
2026-04-06 12:32:00,92200,92200,92100,92100,108
2026-04-06 12:33:00,92000,92200,92000,92000,258
2026-04-06 12:34:00,92000,92100,92000,92100,185
2026-04-06 12:35:00,92200,92200,91900,92000,272
2026-04-06 12:36:00,92000,92100,91900,92000,211
2026-04-06 12:37:00,92100,92100,91900,92000,104
2026-04-06 12:38:00,92100,92100,91800,92100,256
2026-04-06 12:39:00,92100,92100,91800,91900,215
2026-04-06 12:40:00,91900,91900,91700,91800,409
2026-04-06 12:41:00,91800,92000,91700,91800,657
2026-04-06 12:42:00,91800,92100,91800,91900,191
2026-04-06 12:43:00,91800,92200,91800,92200,336
2026-04-06 12:44:00,92100,92100,91900,92100,225
2026-04-06 12:45:00,92000,92000,91800,91900,401
2026-04-06 12:46:00,91900,91900,91700,91800,267
2026-04-06 12:47:00,91800,91900,91800,91800,144
2026-04-06 12:48:00,91800,91900,91700,91900,431
2026-04-06 12:49:00,91900,91900,91800,91800,93
2026-04-06 12:50:00,91900,92100,91800,91900,513
2026-04-06 12:51:00,91900,92100,91400,91800,2457
2026-04-06 12:52:00,91700,91800,91200,91700,554
2026-04-06 12:53:00,91700,92000,91500,91900,279
2026-04-06 12:54:00,91800,91800,91400,91700,249
2026-04-06 12:55:00,91700,91700,91200,91500,490
2026-04-06 12:56:00,91500,91500,91300,91400,392
2026-04-06 12:57:00,91300,91400,91200,91300,457
2026-04-06 12:58:00,91300,91700,91300,91400,282
2026-04-06 12:59:00,91400,91600,91400,91600,379
2026-04-06 13:00:00,91500,91800,91400,91600,537
2026-04-06 13:01:00,91700,92000,91600,92000,497
2026-04-06 13:02:00,91900,92000,91600,91600,197
2026-04-06 13:03:00,91700,91800,91600,91700,400
2026-04-06 13:04:00,91800,92000,91700,91900,333
2026-04-06 13:05:00,91900,91900,91400,91500,794
2026-04-06 13:06:00,91600,91600,91100,91300,1739
2026-04-06 13:07:00,91300,91300,90400,90800,4604
2026-04-06 13:08:00,90800,90900,90700,90700,1012
2026-04-06 13:09:00,90800,91100,90700,91100,1647
2026-04-06 13:10:00,90900,90900,90600,90600,775
2026-04-06 13:11:00,90500,90700,90400,90500,1078
2026-04-06 13:12:00,90400,90600,90400,90400,894
2026-04-06 13:13:00,90400,90400,90200,90200,778
2026-04-06 13:14:00,90300,90400,90100,90300,1407
2026-04-06 13:15:00,90200,90900,90100,90900,1551
2026-04-06 13:16:00,90700,91000,90500,90800,629
2026-04-06 13:17:00,90800,90900,90500,90500,412
2026-04-06 13:18:00,90600,90700,90500,90600,969
2026-04-06 13:19:00,90500,90500,90300,90300,310
2026-04-06 13:20:00,90300,90500,90200,90400,1666
2026-04-06 13:21:00,90300,90500,90200,90400,663
2026-04-06 13:22:00,90400,90600,90300,90400,936
2026-04-06 13:23:00,90400,90500,90200,90300,1103
2026-04-06 13:24:00,90200,90400,90000,90200,2559
2026-04-06 13:25:00,90200,90200,90000,90000,1622
2026-04-06 13:26:00,89900,90200,89600,89900,1433
2026-04-06 13:27:00,89900,90100,89700,90100,989
2026-04-06 13:28:00,90100,90200,90000,90000,177
2026-04-06 13:29:00,90000,90100,89900,90000,629
2026-04-06 13:30:00,90000,90200,89900,90200,1014
2026-04-06 13:31:00,90300,90400,90000,90200,380
2026-04-06 13:32:00,90300,90500,90200,90500,419
2026-04-06 13:33:00,90600,90700,90400,90700,362
2026-04-06 13:34:00,90600,90900,90600,90800,243
2026-04-06 13:35:00,90900,91000,90800,91000,533
2026-04-06 13:36:00,91000,91100,90900,91000,264
2026-04-06 13:37:00,91100,91500,91000,91200,341
2026-04-06 13:38:00,91300,91500,91200,91300,488
2026-04-06 13:39:00,91500,91500,91200,91300,212
2026-04-06 13:40:00,91300,91400,91000,91300,336
2026-04-06 13:41:00,91000,91300,90900,91000,372
2026-04-06 13:42:00,91100,91200,91000,91100,279
2026-04-06 13:43:00,91100,91300,91000,91100,341
2026-04-06 13:44:00,91100,91400,90900,91100,336
2026-04-06 13:45:00,91200,91400,90900,91100,332
2026-04-06 13:46:00,91100,91200,90900,91000,745
2026-04-06 13:47:00,91000,91200,90900,91000,185
2026-04-06 13:48:00,91100,91200,91000,91100,196
2026-04-06 13:49:00,91000,91200,90900,91200,498
2026-04-06 13:50:00,91300,91300,90800,90800,296
2026-04-06 13:51:00,91100,91100,90800,90800,344
2026-04-06 13:52:00,90800,91000,90800,90800,257
2026-04-06 13:53:00,90800,91100,90700,90900,369
2026-04-06 13:54:00,91000,91100,90700,90700,316
2026-04-06 13:55:00,90700,90900,90600,90600,444
2026-04-06 13:56:00,90600,91000,90600,90600,458
2026-04-06 13:57:00,90900,91100,90600,90900,299
2026-04-06 13:58:00,90900,90900,90700,90900,298
2026-04-06 13:59:00,90900,91100,90800,91000,227
2026-04-06 14:00:00,91000,91100,90700,91000,244
2026-04-06 14:01:00,91000,91000,90600,91000,583
2026-04-06 14:02:00,90800,91000,90700,91000,323
2026-04-06 14:03:00,91000,91200,91000,91200,229
2026-04-06 14:04:00,91200,91300,90900,91000,278
2026-04-06 14:05:00,91000,91300,90900,90900,298
2026-04-06 14:06:00,91200,91600,91200,91600,367
2026-04-06 14:07:00,91600,91800,91400,91400,361
2026-04-06 14:08:00,91400,91600,91300,91500,520
2026-04-06 14:09:00,91500,91900,91400,91600,654
2026-04-06 14:10:00,91800,92000,91400,91600,369
2026-04-06 14:11:00,91400,91600,91300,91400,159
2026-04-06 14:12:00,91300,91400,91200,91200,273
2026-04-06 14:13:00,91200,91300,91200,91300,311
2026-04-06 14:14:00,91200,91200,91000,91000,220
2026-04-06 14:15:00,91100,91300,90700,90800,485
2026-04-06 14:16:00,91000,91200,91000,91100,287
2026-04-06 14:17:00,91200,91400,91200,91400,212
2026-04-06 14:18:00,91400,91500,91400,91400,223
2026-04-06 14:19:00,91400,91600,91100,91300,383
2026-04-06 14:20:00,91100,91700,91100,91500,329
2026-04-06 14:21:00,91500,91600,91100,91100,272
2026-04-06 14:22:00,91100,91400,91100,91300,217
2026-04-06 14:23:00,91300,91500,91200,91400,416
2026-04-06 14:24:00,91400,91500,91200,91300,244
2026-04-06 14:25:00,91300,91500,91200,91300,374
2026-04-06 14:26:00,91300,91500,91100,91500,220
2026-04-06 14:27:00,91400,91700,91200,91300,221
2026-04-06 14:28:00,91300,91600,91300,91400,231
2026-04-06 14:29:00,91400,91600,91400,91500,247
2026-04-06 14:30:00,91400,91700,91400,91400,305
2026-04-06 14:31:00,91300,91500,91200,91500,419
2026-04-06 14:32:00,91400,91900,91200,91900,698
2026-04-06 14:33:00,91900,92400,91800,92300,1340
2026-04-06 14:34:00,92400,92500,92100,92200,390
2026-04-06 14:35:00,92200,92500,92000,92000,543
2026-04-06 14:36:00,92100,92500,92100,92500,460
2026-04-06 14:37:00,92500,92500,92100,92300,699
2026-04-06 14:38:00,92300,92500,92200,92400,368
2026-04-06 14:39:00,92400,92500,92100,92300,750
2026-04-06 14:40:00,92300,92500,92200,92300,755
2026-04-06 14:41:00,92300,92400,92000,92400,465
2026-04-06 14:42:00,92300,92300,91300,92200,859
2026-04-06 14:43:00,92200,92400,92200,92300,548
2026-04-06 14:44:00,92300,92400,92200,92400,506
2026-04-06 14:45:00,92300,92400,92200,92200,560
2026-04-06 14:46:00,92200,92300,92000,92200,604
2026-04-06 14:47:00,92200,92200,92000,92200,411
2026-04-06 14:48:00,92200,92400,92200,92300,672
2026-04-06 14:49:00,92300,92400,91500,91900,749
2026-04-06 14:50:00,91900,92300,91900,92200,638
2026-04-06 14:51:00,92300,92300,92000,92200,520
2026-04-06 14:52:00,92200,92300,92000,92000,602
2026-04-06 14:53:00,92200,92300,91900,92000,771
2026-04-06 14:54:00,92000,92200,91900,92200,399
2026-04-06 14:55:00,92200,92300,92200,92300,582
2026-04-06 14:56:00,92200,92300,92000,92100,614
2026-04-06 14:57:00,92100,92300,92000,92100,608
2026-04-06 14:58:00,92000,92200,91900,92100,357
2026-04-06 14:59:00,92100,92300,92100,92300,686
2026-04-06 15:00:00,92200,92200,91800,91800,628
2026-04-06 15:01:00,91900,92100,91900,92000,597
2026-04-06 15:02:00,91900,92100,91700,91900,494
2026-04-06 15:03:00,91700,92100,91700,92100,520
2026-04-06 15:04:00,91900,92200,91900,92100,459
2026-04-06 15:05:00,92100,92300,92100,92300,558
2026-04-06 15:06:00,92200,92300,92100,92300,422
2026-04-06 15:07:00,92200,92500,92200,92300,630
2026-04-06 15:08:00,92200,92400,92200,92400,534
2026-04-06 15:09:00,92300,92400,92200,92200,648
2026-04-06 15:10:00,92200,92400,92200,92400,402
2026-04-06 15:11:00,92300,92500,92300,92300,736
2026-04-06 15:12:00,92300,92500,92300,92400,597
2026-04-06 15:13:00,92500,92500,92300,92400,727
2026-04-06 15:14:00,92500,92600,92400,92500,701
2026-04-06 15:15:00,92500,92600,92400,92400,514
2026-04-06 15:16:00,92500,92600,92400,92500,311
2026-04-06 15:17:00,92500,92600,92400,92600,448
2026-04-06 15:18:00,92500,92800,92400,92800,517
2026-04-06 15:19:00,92700,92800,92600,92600,182
2026-04-06 15:30:00,92100,92100,92100,92100,3191
2026-04-06 15:35:00,92100,92100,92100,92100,5
2026-04-07 09:00:00,95000,96100,95000,96000,2194
2026-04-07 09:01:00,95700,95900,94300,94300,1402
2026-04-07 09:02:00,94400,94900,94000,94000,1395
2026-04-07 09:03:00,94000,94300,93000,93200,1089
2026-04-07 09:04:00,93700,94000,93600,93800,284
2026-04-07 09:05:00,93800,94200,93800,93900,418
2026-04-07 09:06:00,93800,94000,93500,93600,525
2026-04-07 09:07:00,93500,93600,93200,93500,437
2026-04-07 09:08:00,93600,93900,93300,93800,520
2026-04-07 09:09:00,93800,93800,93400,93600,276
2026-04-07 09:10:00,93600,94200,93500,94200,208
2026-04-07 09:11:00,94300,94600,93900,94000,290
2026-04-07 09:12:00,94500,94500,93800,93800,262
2026-04-07 09:13:00,94200,94600,94200,94600,530
2026-04-07 09:14:00,94600,95300,94500,94600,674
2026-04-07 09:15:00,95100,95600,95000,95500,453
2026-04-07 09:16:00,95600,95700,94900,95200,910
2026-04-07 09:17:00,95400,95600,95000,95200,357
2026-04-07 09:18:00,95100,95200,94600,95100,379
2026-04-07 09:19:00,95100,95100,94500,94600,814
2026-04-07 09:20:00,94400,94400,93900,93900,373
2026-04-07 09:21:00,94100,94200,93900,94100,239
2026-04-07 09:22:00,94000,94100,93900,94000,333
2026-04-07 09:23:00,94000,94100,93600,93700,765
2026-04-07 09:24:00,93800,94500,93800,94400,223
2026-04-07 09:25:00,94100,94600,93900,94200,422
2026-04-07 09:26:00,94400,94700,94200,94500,215
2026-04-07 09:27:00,94500,94900,94400,94600,244
2026-04-07 09:28:00,94600,95000,94400,94900,333
2026-04-07 09:29:00,94900,96300,94700,96300,2578
2026-04-07 09:30:00,96300,96400,95700,95700,710
2026-04-07 09:31:00,95600,95600,95400,95500,496
2026-04-07 09:32:00,95600,95600,95200,95200,419
2026-04-07 09:33:00,95200,95700,95200,95600,422
2026-04-07 09:34:00,95600,95600,95300,95300,465
2026-04-07 09:35:00,95200,95300,95000,95200,218
2026-04-07 09:36:00,94900,95200,94800,94900,212
2026-04-07 09:37:00,95000,95100,94900,94900,230
2026-04-07 09:38:00,94900,95000,94900,94900,86
2026-04-07 09:39:00,94900,95300,94900,95000,354
2026-04-07 09:40:00,95300,95400,95000,95300,97
2026-04-07 09:41:00,95200,95300,95100,95200,243
2026-04-07 09:42:00,95200,95300,95200,95200,150
2026-04-07 09:43:00,95300,95500,95200,95500,349
2026-04-07 09:44:00,95500,95700,95400,95600,746
2026-04-07 09:45:00,95500,95600,95500,95600,124
2026-04-07 09:46:00,95500,95700,95400,95500,299
2026-04-07 09:47:00,95500,95800,95400,95800,616
2026-04-07 09:48:00,95800,95800,95700,95700,171
2026-04-07 09:49:00,95700,95700,95700,95700,79
2026-04-07 09:50:00,95600,95600,95100,95100,288
2026-04-07 09:51:00,95100,95500,95100,95400,199
2026-04-07 09:52:00,95300,95300,95000,95100,1035
2026-04-07 09:53:00,95100,95100,95000,95000,119
2026-04-07 09:54:00,95100,95100,95000,95000,324
2026-04-07 09:55:00,95000,95000,94800,94800,155
2026-04-07 09:56:00,94700,94700,94500,94600,569
2026-04-07 09:57:00,94600,94700,94400,94600,179
2026-04-07 09:58:00,94600,94700,94400,94500,549
2026-04-07 09:59:00,94500,94600,94500,94600,199
2026-04-07 10:00:00,94600,94600,94400,94500,276
2026-04-07 10:01:00,94500,94600,94200,94600,883
2026-04-07 10:02:00,94500,94800,94500,94500,153
2026-04-07 10:03:00,94700,94700,94500,94700,269
2026-04-07 10:04:00,94600,95000,94500,94700,446
2026-04-07 10:05:00,94700,95000,94500,94700,178
2026-04-07 10:06:00,94600,95000,94500,94700,77
2026-04-07 10:07:00,94900,94900,94500,94600,101
2026-04-07 10:08:00,94600,95000,94600,94900,195
2026-04-07 10:09:00,94900,94900,94400,94500,309
2026-04-07 10:10:00,94700,94700,94200,94400,929
2026-04-07 10:11:00,94300,94400,94200,94200,58
2026-04-07 10:12:00,94300,94400,94100,94200,231
2026-04-07 10:13:00,94200,94200,94000,94100,111
2026-04-07 10:14:00,94100,94200,94000,94100,190
2026-04-07 10:15:00,94000,94100,94000,94100,94
2026-04-07 10:16:00,94000,94100,94000,94000,189
2026-04-07 10:17:00,94000,94100,94000,94000,267
2026-04-07 10:18:00,94000,94100,93950,94100,180
2026-04-07 10:19:00,94000,94500,94000,94300,444
2026-04-07 10:20:00,94400,94500,94400,94500,168
2026-04-07 10:21:00,94500,94700,94400,94700,66
2026-04-07 10:22:00,94700,94700,94600,94600,80
2026-04-07 10:23:00,94500,94600,94100,94200,252
2026-04-07 10:24:00,94200,94200,94000,94100,62
2026-04-07 10:25:00,94100,94100,94000,94100,80
2026-04-07 10:26:00,94000,94000,93700,93900,468
2026-04-07 10:27:00,94000,94000,93800,94000,189
2026-04-07 10:28:00,94000,94400,94000,94400,85
2026-04-07 10:29:00,94400,94400,93600,93600,213
2026-04-07 10:30:00,93900,94400,93800,94300,227
2026-04-07 10:31:00,94300,94400,94200,94300,94
2026-04-07 10:32:00,94300,94400,94200,94300,55
2026-04-07 10:33:00,94400,94400,94100,94100,130
2026-04-07 10:34:00,94200,94500,94200,94300,149
2026-04-07 10:35:00,94300,94500,94300,94300,55
2026-04-07 10:36:00,94400,94500,94300,94300,60
2026-04-07 10:37:00,94300,94300,94000,94000,96
2026-04-07 10:38:00,94000,94100,93700,93800,277
2026-04-07 10:39:00,93800,93800,93500,93500,155
2026-04-07 10:40:00,93500,93600,93400,93400,293
2026-04-07 10:41:00,93500,94200,93500,93800,164
2026-04-07 10:42:00,93800,94200,93700,93900,1064
2026-04-07 10:43:00,93900,94000,93700,93900,149
2026-04-07 10:44:00,93700,94300,93700,94100,132
2026-04-07 10:45:00,93800,94400,93800,94300,156
2026-04-07 10:46:00,94200,95200,94200,94900,1566
2026-04-07 10:47:00,94700,95400,94700,95400,1122
2026-04-07 10:48:00,95100,95400,95000,95400,158
2026-04-07 10:49:00,95300,95300,94900,95100,214
2026-04-07 10:50:00,95000,95600,95000,95500,2349
2026-04-07 10:51:00,95200,95500,94800,94800,95
2026-04-07 10:52:00,94800,94800,94500,94600,352
2026-04-07 10:53:00,95000,95000,94500,94800,151
2026-04-07 10:54:00,94800,94800,94500,94500,69
2026-04-07 10:55:00,94500,94600,94300,94300,155
2026-04-07 10:56:00,94300,94900,94200,94700,3592
2026-04-07 10:57:00,94600,95000,94300,95000,4143
2026-04-07 10:58:00,94900,95000,94500,94700,589
2026-04-07 10:59:00,94700,95200,94700,95100,85
2026-04-07 11:00:00,94800,95500,94800,95200,520
2026-04-07 11:01:00,95400,95400,95200,95300,394
2026-04-07 11:02:00,95300,95800,95200,95700,3106
2026-04-07 11:03:00,95700,95800,95500,95500,515
2026-04-07 11:04:00,95500,95700,95200,95200,335
2026-04-07 11:05:00,95300,95500,95100,95400,337
2026-04-07 11:06:00,95300,95500,95100,95400,290
2026-04-07 11:07:00,95400,95400,94800,94900,229
2026-04-07 11:08:00,94900,95000,94800,94900,219
2026-04-07 11:09:00,94900,95300,94800,95200,235
2026-04-07 11:10:00,95300,96100,95200,95900,3009
2026-04-07 11:11:00,96000,96000,95700,95800,442
2026-04-07 11:12:00,95700,95700,95200,95200,6367
2026-04-07 11:13:00,95200,95700,95200,95300,436
2026-04-07 11:14:00,95300,97000,95200,96600,10850
2026-04-07 11:15:00,96300,97500,96100,96900,13690
2026-04-07 11:16:00,96900,97000,96500,96600,457
2026-04-07 11:17:00,96600,96700,96400,96500,1475
2026-04-07 11:18:00,96400,96700,96400,96500,424
2026-04-07 11:19:00,96500,96500,96400,96500,679
2026-04-07 11:20:00,96400,96500,96400,96500,590
2026-04-07 11:21:00,96500,96700,96400,96500,353
2026-04-07 11:22:00,96500,96500,96400,96400,542
2026-04-07 11:23:00,96400,96500,96400,96400,104
2026-04-07 11:24:00,96400,96800,96400,96700,1172
2026-04-07 11:25:00,96600,96800,96600,96600,266
2026-04-07 11:26:00,96600,96700,96600,96700,288
2026-04-07 11:27:00,96500,96600,96400,96400,336
2026-04-07 11:28:00,96500,96600,96500,96500,455
2026-04-07 11:29:00,96600,96700,96600,96700,323
2026-04-07 11:30:00,96700,96700,96500,96600,81
2026-04-07 11:31:00,96550,96600,96500,96600,36
2026-04-07 11:32:00,96600,96600,96500,96600,169
2026-04-07 11:33:00,96600,96600,96500,96600,60
2026-04-07 11:34:00,96600,96600,96500,96600,52
2026-04-07 11:35:00,96500,96600,96500,96600,373
2026-04-07 11:36:00,96600,96600,96500,96600,176
2026-04-07 11:37:00,96600,96600,96400,96600,374
2026-04-07 11:38:00,96600,96600,96500,96600,58
2026-04-07 11:39:00,96500,96600,96500,96600,134
2026-04-07 11:40:00,96600,96600,96500,96600,146
2026-04-07 11:41:00,96500,96500,96300,96400,1383
2026-04-07 11:42:00,96300,96400,96300,96400,1791
2026-04-07 11:43:00,96300,96400,96300,96400,972
2026-04-07 11:44:00,96400,96400,96300,96300,139
2026-04-07 11:45:00,96300,96400,96300,96400,409
2026-04-07 11:46:00,96300,96300,96200,96300,176
2026-04-07 11:47:00,96300,96400,96200,96300,190
2026-04-07 11:48:00,96200,96500,96200,96500,179
2026-04-07 11:49:00,96500,96500,96300,96300,59
2026-04-07 11:50:00,96300,96300,96100,96200,190
2026-04-07 11:51:00,96100,96100,96000,96000,67
2026-04-07 11:52:00,95900,95900,95600,95600,223
2026-04-07 11:53:00,95700,96000,95600,96000,53
2026-04-07 11:54:00,95800,95900,95600,95600,141
2026-04-07 11:55:00,95500,96000,95500,95800,61
2026-04-07 11:56:00,95700,95800,95400,95400,116
2026-04-07 11:57:00,95400,95700,95400,95700,110
2026-04-07 11:58:00,95700,96000,95500,95600,171
2026-04-07 11:59:00,95600,95700,95600,95700,34
2026-04-07 12:00:00,95900,96000,95600,95800,52
2026-04-07 12:01:00,95800,95900,95500,95900,197
2026-04-07 12:02:00,95900,96000,95600,95600,48
2026-04-07 12:03:00,96000,96000,95600,95800,80
2026-04-07 12:04:00,95800,95900,95600,95800,36
2026-04-07 12:05:00,95900,95900,95600,95900,147
2026-04-07 12:06:00,95800,95900,95700,95900,72
2026-04-07 12:07:00,95800,95900,95700,95700,12
2026-04-07 12:08:00,95900,95900,95400,95700,266
2026-04-07 12:09:00,95700,95900,95600,95900,102
2026-04-07 12:10:00,95800,96000,95700,95900,295
2026-04-07 12:11:00,95900,95900,95900,95900,20
2026-04-07 12:12:00,95800,95900,95700,95900,134
2026-04-07 12:13:00,95800,95900,95600,95900,40
2026-04-07 12:14:00,95800,96000,95800,95900,103
2026-04-07 12:15:00,96000,96000,95900,96000,101
2026-04-07 12:16:00,96000,96200,95800,96100,346
2026-04-07 12:17:00,96100,96200,96100,96100,65
2026-04-07 12:18:00,96200,96200,96150,96200,51
2026-04-07 12:19:00,96200,96200,95900,95900,265
2026-04-07 12:20:00,96000,96100,95800,95800,91
2026-04-07 12:21:00,95800,95800,95500,95800,450
2026-04-07 12:22:00,95800,96000,95700,96000,636
2026-04-07 12:23:00,96000,96200,96000,96000,142
2026-04-07 12:24:00,96000,96200,96000,96200,77
2026-04-07 12:25:00,96200,96200,96000,96100,54
2026-04-07 12:26:00,96100,96200,96100,96200,166
2026-04-07 12:27:00,96100,96300,96000,96300,158
2026-04-07 12:28:00,96300,96300,96100,96100,99
2026-04-07 12:29:00,96100,96100,96000,96100,77
2026-04-07 12:30:00,96000,96100,96000,96100,161
2026-04-07 12:31:00,96100,96300,96000,96300,108
2026-04-07 12:32:00,96200,96300,96200,96300,29
2026-04-07 12:33:00,96200,96300,96200,96200,75
2026-04-07 12:34:00,96300,96300,96100,96200,173
2026-04-07 12:35:00,96200,96300,96100,96100,58
2026-04-07 12:36:00,96200,96200,96000,96100,49
2026-04-07 12:37:00,96100,96100,96000,96100,96
2026-04-07 12:38:00,96100,96100,96000,96000,104
2026-04-07 12:39:00,96000,96000,95800,95800,90
2026-04-07 12:40:00,95700,95900,95700,95800,111
2026-04-07 12:41:00,95800,96000,95700,95900,92
2026-04-07 12:42:00,95900,96000,95900,95900,63
2026-04-07 12:43:00,95900,95900,95800,95900,38
2026-04-07 12:44:00,95900,95900,95700,95700,115
2026-04-07 12:45:00,95800,95800,95700,95700,100
2026-04-07 12:46:00,95800,95800,95600,95600,88
2026-04-07 12:47:00,95700,95700,95400,95500,209
2026-04-07 12:48:00,95500,95700,95500,95700,83
2026-04-07 12:49:00,95500,95700,95400,95600,92
2026-04-07 12:50:00,95500,95500,95300,95400,104
2026-04-07 12:51:00,95300,95600,95300,95600,46
2026-04-07 12:52:00,95400,95600,95200,95500,174
2026-04-07 12:53:00,95200,95500,95200,95300,70
2026-04-07 12:54:00,95200,95300,95200,95300,150
2026-04-07 12:55:00,95300,95400,95100,95400,116
2026-04-07 12:56:00,95500,95500,95100,95400,112
2026-04-07 12:57:00,95300,95300,95000,95200,153
2026-04-07 12:58:00,95200,95400,95000,95400,166
2026-04-07 12:59:00,95000,95400,95000,95000,95
2026-04-07 13:00:00,95300,95300,95100,95200,70
2026-04-07 13:01:00,95200,95400,95200,95400,84
2026-04-07 13:02:00,95400,95500,95300,95300,72
2026-04-07 13:03:00,95300,95500,95000,95000,179
2026-04-07 13:04:00,95200,95400,95000,95000,61
2026-04-07 13:05:00,95200,95200,94400,95100,322
2026-04-07 13:06:00,94800,95300,94100,95000,400
2026-04-07 13:07:00,94900,95000,94700,94700,113
2026-04-07 13:08:00,94700,94900,94700,94900,139
2026-04-07 13:09:00,94900,95000,94800,94900,749
2026-04-07 13:10:00,94900,95000,94800,94900,254
2026-04-07 13:11:00,94900,95200,94800,94900,90
2026-04-07 13:12:00,94900,94900,94800,94900,220
2026-04-07 13:13:00,94900,94900,94800,94900,123
2026-04-07 13:14:00,94800,94900,94800,94900,229
2026-04-07 13:15:00,95000,95000,94900,95000,66
2026-04-07 13:16:00,95000,95000,94800,95000,217
2026-04-07 13:17:00,95000,95000,94900,95000,145
2026-04-07 13:18:00,95000,95000,94800,94900,148
2026-04-07 13:19:00,94800,94900,94600,94600,881
2026-04-07 13:20:00,94700,95000,94500,95000,195
2026-04-07 13:21:00,95000,95100,94700,95000,145
2026-04-07 13:22:00,95000,95100,94800,94800,170
2026-04-07 13:23:00,95100,95200,95000,95200,47
2026-04-07 13:24:00,95200,95200,94900,95200,107
2026-04-07 13:25:00,95100,95200,94900,95200,183
2026-04-07 13:26:00,95200,95200,94900,95100,43
2026-04-07 13:27:00,95100,95200,94900,95150,45
2026-04-07 13:28:00,95200,95200,94900,95200,62
2026-04-07 13:29:00,95200,95200,94900,94900,95
2026-04-07 13:30:00,94900,95000,94800,95000,139
2026-04-07 13:31:00,95100,95100,94700,95100,77
2026-04-07 13:32:00,94900,95200,94900,95100,267
2026-04-07 13:33:00,95000,95200,95000,95100,60
2026-04-07 13:34:00,95200,95300,95200,95300,94
2026-04-07 13:35:00,95200,95400,95100,95300,298
2026-04-07 13:36:00,95300,95400,95200,95200,79
2026-04-07 13:37:00,95300,95400,95200,95400,65
2026-04-07 13:38:00,95300,95400,95100,95200,70
2026-04-07 13:39:00,95300,95300,95100,95200,164
2026-04-07 13:40:00,95200,95400,95100,95300,85
2026-04-07 13:41:00,95200,95400,95200,95400,55
2026-04-07 13:42:00,95400,95500,95200,95400,61
2026-04-07 13:43:00,95500,95600,95200,95600,120
2026-04-07 13:44:00,95400,95500,95200,95500,46
2026-04-07 13:45:00,95400,95900,95400,95900,80
2026-04-07 13:46:00,95600,95600,95300,95500,122
2026-04-07 13:47:00,95500,95800,95500,95700,76
2026-04-07 13:48:00,95800,95900,95400,95500,94
2026-04-07 13:49:00,95600,95800,95600,95600,72
2026-04-07 13:50:00,95600,95800,95600,95700,167
2026-04-07 13:51:00,95600,95700,95500,95600,335
2026-04-07 13:52:00,95400,95600,95200,95500,127
2026-04-07 13:53:00,95600,95600,95000,95100,153
2026-04-07 13:54:00,95000,95500,95000,95300,96
2026-04-07 13:55:00,95300,95300,95200,95300,135
2026-04-07 13:56:00,95300,95300,95000,95300,220
2026-04-07 13:57:00,95400,95400,95000,95100,102
2026-04-07 13:58:00,95100,95400,95100,95200,52
2026-04-07 13:59:00,95200,95600,95000,95000,138
2026-04-07 14:00:00,95300,95300,94900,95100,225
2026-04-07 14:01:00,95300,95400,94900,95200,94
2026-04-07 14:02:00,95200,95300,94800,94900,94
2026-04-07 14:03:00,95200,95300,94800,95100,100
2026-04-07 14:04:00,95100,95100,94700,94800,220
2026-04-07 14:05:00,94700,94900,94600,94600,144
2026-04-07 14:06:00,94600,94600,94400,94600,172
2026-04-07 14:07:00,94600,94700,94500,94600,109
2026-04-07 14:08:00,94400,94700,94400,94600,108
2026-04-07 14:09:00,94600,94700,94400,94500,141
2026-04-07 14:10:00,94500,94700,94400,94700,227
2026-04-07 14:11:00,94600,94700,94500,94600,139
2026-04-07 14:12:00,94600,94900,94600,94900,344
2026-04-07 14:13:00,94800,95200,94800,95100,183
2026-04-07 14:14:00,95100,95300,95000,95000,107
2026-04-07 14:15:00,94900,95100,94600,95000,146
2026-04-07 14:16:00,95000,95100,94900,94900,53
2026-04-07 14:17:00,94800,95100,94800,94900,33
2026-04-07 14:18:00,95000,95000,94900,95000,45
2026-04-07 14:19:00,95000,95100,94900,94900,123
2026-04-07 14:20:00,95000,95200,94900,95200,60
2026-04-07 14:21:00,95100,95200,94900,94900,126
2026-04-07 14:22:00,95000,95200,95000,95000,319
2026-04-07 14:23:00,95100,95200,94700,95200,147
2026-04-07 14:24:00,94800,95000,94800,94900,55
2026-04-07 14:25:00,94800,94900,94700,94700,60
2026-04-07 14:26:00,94700,94800,94400,94500,265
2026-04-07 14:27:00,94500,94800,94500,94600,80
2026-04-07 14:28:00,94500,94600,94300,94400,259
2026-04-07 14:29:00,94400,94500,94300,94400,81
2026-04-07 14:30:00,94400,94500,94200,94200,143
2026-04-07 14:31:00,94200,94500,94200,94300,249
2026-04-07 14:32:00,94200,94500,94200,94500,115
2026-04-07 14:33:00,94500,94700,94300,94400,75
2026-04-07 14:34:00,94700,94700,94500,94700,95
2026-04-07 14:35:00,94600,94600,94400,94600,110
2026-04-07 14:36:00,94500,94700,94500,94500,56
2026-04-07 14:37:00,94600,94600,94400,94500,105
2026-04-07 14:38:00,94400,94700,94400,94500,85
2026-04-07 14:39:00,94500,94500,94400,94400,71
2026-04-07 14:40:00,94400,94700,94300,94400,152
2026-04-07 14:41:00,94500,94800,94400,94600,103
2026-04-07 14:42:00,94600,94700,94500,94500,24
2026-04-07 14:43:00,94500,94500,94400,94500,114
2026-04-07 14:44:00,94500,94600,94400,94500,96
2026-04-07 14:45:00,94600,94700,94400,94700,69
2026-04-07 14:46:00,94600,94700,93800,94300,299
2026-04-07 14:47:00,94400,94700,94200,94700,164
2026-04-07 14:48:00,94600,94800,94400,94400,91
2026-04-07 14:49:00,94500,94600,94300,94400,233
2026-04-07 14:50:00,94300,94700,94300,94600,67
2026-04-07 14:51:00,94600,95000,94600,94900,163
2026-04-07 14:52:00,94900,95000,94600,94900,177
2026-04-07 14:53:00,95000,95000,94800,94900,175
2026-04-07 14:54:00,94800,95100,94700,95100,409
2026-04-07 14:55:00,95100,95100,94900,95000,190
2026-04-07 14:56:00,95000,95000,94900,95000,142
2026-04-07 14:57:00,95000,95200,94900,95200,1098
2026-04-07 14:58:00,95100,95200,95100,95200,113
2026-04-07 14:59:00,95200,95300,95100,95300,142
2026-04-07 15:00:00,95200,95300,94900,95100,217
2026-04-07 15:01:00,95100,95300,95100,95100,103
2026-04-07 15:02:00,95300,95300,95100,95200,122
2026-04-07 15:03:00,95300,95400,95000,95000,406
2026-04-07 15:04:00,95100,95300,95000,95300,114
2026-04-07 15:05:00,95200,95400,95100,95400,232
2026-04-07 15:06:00,95400,95500,95300,95500,289
2026-04-07 15:07:00,95400,95500,95400,95500,240
2026-04-07 15:08:00,95500,95500,95400,95400,219
2026-04-07 15:09:00,95400,95600,95400,95600,338
2026-04-07 15:10:00,95600,95600,95500,95600,257
2026-04-07 15:11:00,95600,95600,95300,95400,114
2026-04-07 15:12:00,95400,95500,95400,95500,111
2026-04-07 15:13:00,95400,95500,95400,95400,151
2026-04-07 15:14:00,95500,95500,95200,95200,269
2026-04-07 15:15:00,95100,95400,95100,95300,279
2026-04-07 15:16:00,95300,95500,95200,95500,163
2026-04-07 15:17:00,95500,95500,95400,95500,416
2026-04-07 15:18:00,95500,95600,95400,95600,615
2026-04-07 15:19:00,95600,95600,95500,95500,285
2026-04-07 15:30:00,95500,95500,95500,95500,1203
2026-04-07 15:35:00,95500,95500,95500,95500,1
2026-04-08 09:00:00,101500,104400,101500,104200,8115
2026-04-08 09:01:00,104400,104500,103100,103300,1401
2026-04-08 09:02:00,103300,103800,102900,103500,1071
2026-04-08 09:03:00,103800,103900,103200,103500,1216
2026-04-08 09:04:00,103500,104700,103200,104200,1825
2026-04-08 09:05:00,104200,104300,103200,103800,914
2026-04-08 09:06:00,103300,103300,102800,103200,1062
2026-04-08 09:07:00,103200,103700,102400,102400,1309
2026-04-08 09:08:00,103000,103000,102300,102800,681
2026-04-08 09:09:00,103000,103000,102300,102600,754
2026-04-08 09:10:00,102800,104000,102600,103300,2997
2026-04-08 09:11:00,103400,103900,103300,103800,2158
2026-04-08 09:12:00,103800,104000,103100,103700,1184
2026-04-08 09:13:00,103600,104000,103400,103400,695
2026-04-08 09:14:00,103500,104000,103400,104000,909
2026-04-08 09:15:00,104100,104100,103200,103200,1197
2026-04-08 09:16:00,103200,104000,103200,103900,656
2026-04-08 09:17:00,103900,104100,103600,103900,802
2026-04-08 09:18:00,103900,104400,103900,104300,1010
2026-04-08 09:19:00,104300,104300,103500,104000,1032
2026-04-08 09:20:00,104100,104200,103000,103200,1069
2026-04-08 09:21:00,103200,104100,103200,103600,617
2026-04-08 09:22:00,103300,103900,103300,103600,365
2026-04-08 09:23:00,103700,104000,103700,104000,266
2026-04-08 09:24:00,104000,104000,103300,103900,405
2026-04-08 09:25:00,103600,103900,103300,103800,581
2026-04-08 09:26:00,103800,103800,103200,103400,628
2026-04-08 09:27:00,103400,103400,103000,103200,906
2026-04-08 09:28:00,103100,103500,102700,102700,1227
2026-04-08 09:29:00,102800,103400,102700,103400,917
2026-04-08 09:30:00,103400,103600,102900,103200,917
2026-04-08 09:31:00,103200,103200,102400,102400,1600
2026-04-08 09:32:00,102400,102800,102300,102800,1186
2026-04-08 09:33:00,102900,103100,102300,102300,713
2026-04-08 09:34:00,102500,102700,102100,102300,1241
2026-04-08 09:35:00,102400,102700,102200,102700,312
2026-04-08 09:36:00,102500,102700,102200,102300,371
2026-04-08 09:37:00,102200,102800,102200,102700,380
2026-04-08 09:38:00,102400,102600,102300,102400,818
2026-04-08 09:39:00,102400,102400,102000,102200,361
2026-04-08 09:40:00,102300,102600,102200,102400,1018
2026-04-08 09:41:00,102400,102400,102000,102200,328
2026-04-08 09:42:00,102200,102300,102000,102200,247
2026-04-08 09:43:00,102100,102800,102000,102500,485
2026-04-08 09:44:00,102700,102700,102300,102500,160
2026-04-08 09:45:00,102600,103000,102600,102900,462
2026-04-08 09:46:00,102900,102900,102400,102600,188
2026-04-08 09:47:00,102600,102800,102500,102500,329
2026-04-08 09:48:00,102500,102900,102500,102800,149
2026-04-08 09:49:00,102800,102900,102500,102800,223
2026-04-08 09:50:00,102900,103200,102600,103100,1360
2026-04-08 09:51:00,103200,103300,103100,103300,877
2026-04-08 09:52:00,103300,103500,103100,103400,925
2026-04-08 09:53:00,103400,103500,103300,103500,428
2026-04-08 09:54:00,103500,103700,103400,103500,439
2026-04-08 09:55:00,103700,103700,103300,103400,729
2026-04-08 09:56:00,103300,103800,103000,103300,870
2026-04-08 09:57:00,103300,103400,102900,103300,237
2026-04-08 09:58:00,103300,103600,103300,103300,789
2026-04-08 09:59:00,103300,103300,103200,103200,264
2026-04-08 10:00:00,103300,103300,103100,103200,209
2026-04-08 10:01:00,103200,103500,103200,103500,485
2026-04-08 10:02:00,103500,103700,103500,103600,280
2026-04-08 10:03:00,103700,104000,103700,104000,1905
2026-04-08 10:04:00,103900,104200,103800,104100,503
2026-04-08 10:05:00,104100,104100,103800,103800,374
2026-04-08 10:06:00,103900,104100,103800,104000,464
2026-04-08 10:07:00,103900,104100,103800,104000,286
2026-04-08 10:08:00,104000,104400,104000,104300,985
2026-04-08 10:09:00,104300,104400,104000,104000,284
2026-04-08 10:10:00,104100,104100,103800,104000,204
2026-04-08 10:11:00,104000,104300,104000,104200,556
2026-04-08 10:12:00,104200,104400,104200,104400,253
2026-04-08 10:13:00,104300,104400,104200,104300,661
2026-04-08 10:14:00,104300,104400,104200,104400,850
2026-04-08 10:15:00,104400,104400,104300,104300,363
2026-04-08 10:16:00,104400,104400,104000,104200,1782
2026-04-08 10:17:00,104300,104400,104200,104300,117
2026-04-08 10:18:00,104400,104600,104300,104600,726
2026-04-08 10:19:00,104500,105800,104500,105800,6096
2026-04-08 10:20:00,105800,106000,105700,105700,2534
2026-04-08 10:21:00,105700,105800,105700,105700,188
2026-04-08 10:22:00,105700,106100,105500,106100,1333
2026-04-08 10:23:00,106100,106200,105600,106000,897
2026-04-08 10:24:00,105700,106000,105600,105600,496
2026-04-08 10:25:00,105700,106750,105600,106600,2572
2026-04-08 10:26:00,106700,106900,106500,106700,1718
2026-04-08 10:27:00,106800,107100,106500,107000,2787
2026-04-08 10:28:00,107100,107100,106600,106800,869
2026-04-08 10:29:00,106900,106900,106500,106500,1010
2026-04-08 10:30:00,106600,106600,106000,106400,2309
2026-04-08 10:31:00,106400,106800,106400,106700,1566
2026-04-08 10:32:00,106700,106800,106400,106400,2286
2026-04-08 10:33:00,106400,106700,106400,106600,439
2026-04-08 10:34:00,106700,106800,106500,106800,384
2026-04-08 10:35:00,106800,106800,106400,106400,1129
2026-04-08 10:36:00,106500,106600,106000,106300,1919
2026-04-08 10:37:00,106300,106500,106200,106400,608
2026-04-08 10:38:00,106300,106700,106300,106700,548
2026-04-08 10:39:00,106700,106700,106500,106500,124
2026-04-08 10:40:00,106600,106600,106000,106300,171
2026-04-08 10:41:00,106300,106300,105900,106000,808
2026-04-08 10:42:00,106000,106100,105600,105700,602
2026-04-08 10:43:00,106000,106100,105600,106000,419
2026-04-08 10:44:00,105700,105800,105600,105600,180
2026-04-08 10:45:00,105800,105800,105500,105600,884
2026-04-08 10:46:00,105600,105800,105500,105700,670
2026-04-08 10:47:00,105700,106000,105700,105700,310
2026-04-08 10:48:00,105700,105900,105600,105700,644
2026-04-08 10:49:00,105700,106000,105700,105700,251
2026-04-08 10:50:00,105900,105900,105400,105600,326
2026-04-08 10:51:00,105600,105700,105400,105400,227
2026-04-08 10:52:00,105400,105600,105400,105600,510
2026-04-08 10:53:00,105700,105800,105500,105600,790
2026-04-08 10:54:00,105600,105800,105500,105600,569
2026-04-08 10:55:00,105600,106100,105600,106000,422
2026-04-08 10:56:00,106100,106100,105800,105800,388
2026-04-08 10:57:00,105900,106000,105600,105800,200
2026-04-08 10:58:00,105700,105900,105600,105900,147
2026-04-08 10:59:00,105700,105900,105700,105900,263
2026-04-08 11:00:00,105900,106200,105800,106100,301
2026-04-08 11:01:00,106200,106300,106000,106000,304
2026-04-08 11:02:00,106000,106400,106000,106200,116
2026-04-08 11:03:00,106400,106600,106300,106400,377
2026-04-08 11:04:00,106400,106600,106300,106400,189
2026-04-08 11:05:00,106500,106600,106500,106500,241
2026-04-08 11:06:00,106600,106600,106400,106500,316
2026-04-08 11:07:00,106500,106600,106400,106400,450
2026-04-08 11:08:00,106500,106500,106300,106300,157
2026-04-08 11:09:00,106400,106400,106200,106300,85
2026-04-08 11:10:00,106400,106500,106200,106400,284
2026-04-08 11:11:00,106400,106600,106400,106600,194
2026-04-08 11:12:00,106500,106700,106500,106600,450
2026-04-08 11:13:00,106600,106700,106500,106500,211
2026-04-08 11:14:00,106500,106700,106500,106600,369
2026-04-08 11:15:00,106700,106800,106600,106800,439
2026-04-08 11:16:00,106800,106900,106700,106900,415
2026-04-08 11:17:00,106800,106900,106700,106800,343
2026-04-08 11:18:00,106900,107100,106800,107000,2031
2026-04-08 11:19:00,107000,107000,106900,106900,497
2026-04-08 11:20:00,107000,107000,106900,107000,135
2026-04-08 11:21:00,107000,107000,106900,106900,487
2026-04-08 11:22:00,107000,107000,106900,107000,87
2026-04-08 11:23:00,107000,107000,106900,107000,123
2026-04-08 11:24:00,107000,107000,106900,106900,107
2026-04-08 11:25:00,107000,107000,106900,106900,524
2026-04-08 11:26:00,106900,107000,106800,106900,297
2026-04-08 11:27:00,106900,107000,106800,106800,125
2026-04-08 11:28:00,106900,107100,106800,107100,951
2026-04-08 11:29:00,107100,107100,107000,107000,296
2026-04-08 11:30:00,107000,107400,106900,107200,1073
2026-04-08 11:31:00,107300,107400,107200,107400,121
2026-04-08 11:32:00,107400,107400,107300,107400,329
2026-04-08 11:33:00,107400,107600,107300,107500,790
2026-04-08 11:34:00,107400,107500,107300,107400,92
2026-04-08 11:35:00,107400,107400,107100,107200,243
2026-04-08 11:36:00,107100,107200,106900,107200,399
2026-04-08 11:37:00,107200,107200,106900,106900,414
2026-04-08 11:38:00,106900,107000,106800,106900,151
2026-04-08 11:39:00,106900,107300,106800,107300,408
2026-04-08 11:40:00,107300,107400,107100,107200,398
2026-04-08 11:41:00,107200,107300,107100,107300,388
2026-04-08 11:42:00,107300,107300,107100,107200,221
2026-04-08 11:43:00,107200,107400,107200,107200,284
2026-04-08 11:44:00,107200,107600,107200,107500,1465
2026-04-08 11:45:00,107600,107600,107500,107500,245
2026-04-08 11:46:00,107500,107600,107500,107600,313
2026-04-08 11:47:00,107500,107600,107400,107500,636
2026-04-08 11:48:00,107400,107500,107400,107500,303
2026-04-08 11:49:00,107500,107500,107400,107500,330
2026-04-08 11:50:00,107500,107500,107100,107200,1697
2026-04-08 11:51:00,107200,107300,107200,107300,99
2026-04-08 11:52:00,107300,107300,107200,107300,179
2026-04-08 11:53:00,107400,107500,107300,107500,363
2026-04-08 11:54:00,107400,107500,107400,107400,280
2026-04-08 11:55:00,107500,107600,107400,107500,271
2026-04-08 11:56:00,107600,107600,107200,107200,131
2026-04-08 11:57:00,107200,107300,107000,107000,141
2026-04-08 11:58:00,107100,107200,106900,107100,287
2026-04-08 11:59:00,107000,107200,106900,107000,311
2026-04-08 12:00:00,107100,107100,106700,107100,158
2026-04-08 12:01:00,107100,107100,107000,107100,134
2026-04-08 12:02:00,107000,107100,107000,107100,118
2026-04-08 12:03:00,107100,107100,107000,107100,388
2026-04-08 12:04:00,107100,107100,106900,106900,169
2026-04-08 12:05:00,107000,107500,107000,107000,536
2026-04-08 12:06:00,107000,107100,106900,106900,173
2026-04-08 12:07:00,106900,107000,106000,106900,2103
2026-04-08 12:08:00,106800,106800,106000,106700,1492
2026-04-08 12:09:00,106600,107000,106600,106800,228
2026-04-08 12:10:00,107000,107000,106000,106700,247
2026-04-08 12:11:00,106900,106900,106400,106600,212
2026-04-08 12:12:00,106400,106800,106400,106600,251
2026-04-08 12:13:00,106700,106800,106300,106400,199
2026-04-08 12:14:00,106300,106600,106300,106500,214
2026-04-08 12:15:00,106500,106800,106200,106600,366
2026-04-08 12:16:00,106600,107100,106600,107100,444
2026-04-08 12:17:00,107100,107100,106500,106500,110
2026-04-08 12:18:00,106300,106900,106300,106900,367
2026-04-08 12:19:00,106600,106800,106200,106600,196
2026-04-08 12:20:00,106700,107000,106600,106800,186
2026-04-08 12:21:00,106800,106900,106500,106700,185
2026-04-08 12:22:00,106700,106900,106700,106800,80
2026-04-08 12:23:00,106800,106800,106400,106800,382
2026-04-08 12:24:00,106700,107100,106700,107100,302
2026-04-08 12:25:00,107100,107200,106800,107200,208
2026-04-08 12:26:00,107200,107200,106800,107000,113
2026-04-08 12:27:00,106900,107000,106600,106700,225
2026-04-08 12:28:00,106700,107300,106700,107300,329
2026-04-08 12:29:00,107300,107300,106800,106900,268
2026-04-08 12:30:00,107100,107300,107000,107000,294
2026-04-08 12:31:00,107000,107200,106900,106900,271
2026-04-08 12:32:00,106900,107000,106800,106900,92
2026-04-08 12:33:00,106800,106900,106600,106700,140
2026-04-08 12:34:00,106800,106900,106600,106800,216
2026-04-08 12:35:00,106900,107100,106800,106800,235
2026-04-08 12:36:00,106900,106900,106700,106700,136
2026-04-08 12:37:00,106800,106900,106700,106800,80
2026-04-08 12:38:00,106800,106900,106500,106700,355
2026-04-08 12:39:00,106700,106800,105500,106300,280
2026-04-08 12:40:00,106300,106700,106200,106500,549
2026-04-08 12:41:00,106600,106700,106500,106700,364
2026-04-08 12:42:00,106700,106900,106600,106700,191
2026-04-08 12:43:00,106600,106700,106600,106600,77
2026-04-08 12:44:00,106500,106900,106500,106500,335
2026-04-08 12:45:00,106700,106700,106200,106400,248
2026-04-08 12:46:00,106400,106700,106300,106500,128
2026-04-08 12:47:00,106700,106900,106600,106900,214
2026-04-08 12:48:00,106900,107000,106700,106700,347
2026-04-08 12:49:00,106900,107000,106700,106900,122
2026-04-08 12:50:00,106900,107000,106800,106800,333
2026-04-08 12:51:00,106900,107000,106700,106900,309
2026-04-08 12:52:00,106700,107000,106700,107000,237
2026-04-08 12:53:00,106900,107000,106600,106800,107
2026-04-08 12:54:00,106800,107000,106700,107000,187
2026-04-08 12:55:00,107000,107100,106800,106800,290
2026-04-08 12:56:00,107000,107000,106700,106800,152
2026-04-08 12:57:00,106900,107000,106700,106900,231
2026-04-08 12:58:00,106800,106800,106400,106700,135
2026-04-08 12:59:00,106500,106800,106300,106400,212
2026-04-08 13:00:00,106800,107000,106400,107000,1500
2026-04-08 13:01:00,106900,107000,106700,106700,3117
2026-04-08 13:02:00,106700,106900,106700,106800,229
2026-04-08 13:03:00,106800,107000,106700,106900,389
2026-04-08 13:04:00,106900,107000,106900,107000,160
2026-04-08 13:05:00,107000,107000,106800,106900,419
2026-04-08 13:06:00,106900,107000,106800,106900,161
2026-04-08 13:07:00,107000,107000,106700,106800,512
2026-04-08 13:08:00,106800,106800,106500,106500,1545
2026-04-08 13:09:00,106500,106700,106500,106600,418
2026-04-08 13:10:00,106600,106900,106600,106900,346
2026-04-08 13:11:00,106900,106900,106700,106700,244
2026-04-08 13:12:00,106800,106900,106700,106800,373
2026-04-08 13:13:00,106700,106800,106600,106800,468
2026-04-08 13:14:00,106800,106800,106600,106700,300
2026-04-08 13:15:00,106800,106900,106700,106800,672
2026-04-08 13:16:00,107000,107000,106700,106900,245
2026-04-08 13:17:00,107000,107100,106900,107100,317
2026-04-08 13:18:00,107100,107100,107000,107100,195
2026-04-08 13:19:00,107100,107400,107100,107200,412
2026-04-08 13:20:00,107400,107400,106800,107400,228
2026-04-08 13:21:00,107400,107400,106900,107200,262
2026-04-08 13:22:00,107200,107400,107200,107300,198
2026-04-08 13:23:00,107300,107500,106900,107500,664
2026-04-08 13:24:00,107500,107700,107500,107700,886
2026-04-08 13:25:00,107700,108000,107600,107900,1097
2026-04-08 13:26:00,108000,108000,107900,108000,392
2026-04-08 13:27:00,108000,108000,107900,108000,297
2026-04-08 13:28:00,107900,108300,107900,108300,3899
2026-04-08 13:29:00,108400,108400,108100,108300,733
2026-04-08 13:30:00,108400,108600,108100,108100,799
2026-04-08 13:31:00,108200,108300,108000,108300,949
2026-04-08 13:32:00,108300,108300,108200,108300,349
2026-04-08 13:33:00,108300,108500,108300,108400,349
2026-04-08 13:34:00,108300,108400,108000,108200,203
2026-04-08 13:35:00,108200,108400,108100,108300,308
2026-04-08 13:36:00,108400,108400,108300,108400,340
2026-04-08 13:37:00,108400,108400,108300,108400,152
2026-04-08 13:38:00,108400,108500,108400,108400,382
2026-04-08 13:39:00,108400,108600,108300,108300,462
2026-04-08 13:40:00,108500,108700,108300,108700,1078
2026-04-08 13:41:00,108700,108800,108300,108700,427
2026-04-08 13:42:00,108700,108700,108300,108700,279
2026-04-08 13:43:00,108600,109300,108600,109300,2625
2026-04-08 13:44:00,109300,109500,109200,109300,1149
2026-04-08 13:45:00,109400,109400,109100,109400,585
2026-04-08 13:46:00,109200,109200,109000,109000,443
2026-04-08 13:47:00,109000,109200,109000,109000,610
2026-04-08 13:48:00,109100,109100,108800,108900,530
2026-04-08 13:49:00,108900,109000,108800,108900,280
2026-04-08 13:50:00,109000,109200,108900,109200,525
2026-04-08 13:51:00,109200,109300,109000,109000,236
2026-04-08 13:52:00,109000,109200,109000,109100,244
2026-04-08 13:53:00,109100,109200,109100,109200,211
2026-04-08 13:54:00,109100,109200,108800,108800,447
2026-04-08 13:55:00,109000,109200,108600,108600,952
2026-04-08 13:56:00,108600,109000,108600,108900,697
2026-04-08 13:57:00,108900,109000,108800,109000,236
2026-04-08 13:58:00,109000,109200,108900,109200,304
2026-04-08 13:59:00,109100,109200,109100,109100,122
2026-04-08 14:00:00,109200,109200,108800,108800,406
2026-04-08 14:01:00,108800,108900,108300,108400,1015
2026-04-08 14:02:00,108400,108500,108100,108100,307
2026-04-08 14:03:00,108100,108500,108100,108300,339
2026-04-08 14:04:00,108300,108500,108000,108500,437
2026-04-08 14:05:00,108500,108900,108400,108800,410
2026-04-08 14:06:00,108800,109200,108500,109200,988
2026-04-08 14:07:00,109200,109200,108600,108700,1064
2026-04-08 14:08:00,108700,108900,108500,108600,419
2026-04-08 14:09:00,108500,108600,108000,108000,2244
2026-04-08 14:10:00,108100,108200,108000,108200,338
2026-04-08 14:11:00,108100,108500,108100,108100,220
2026-04-08 14:12:00,108100,108400,108100,108300,368
2026-04-08 14:13:00,108300,108600,108000,108600,399
2026-04-08 14:14:00,108200,108700,108200,108200,384
2026-04-08 14:15:00,108200,108300,108000,108300,141
2026-04-08 14:16:00,108300,108500,108100,108200,432
2026-04-08 14:17:00,108300,108300,108000,108000,338
2026-04-08 14:18:00,108000,108000,107800,107800,555
2026-04-08 14:19:00,107800,107900,107600,107800,332
2026-04-08 14:20:00,107800,108200,107600,108100,978
2026-04-08 14:21:00,107900,108300,107900,108100,425
2026-04-08 14:22:00,108100,108100,108000,108000,245
2026-04-08 14:23:00,108000,108100,107900,107900,399
2026-04-08 14:24:00,108000,108100,107600,107800,1008
2026-04-08 14:25:00,107900,108400,107600,108200,354
2026-04-08 14:26:00,107700,107800,106800,107700,429
2026-04-08 14:27:00,107700,107900,107600,107700,480
2026-04-08 14:28:00,107600,107800,107300,107800,135
2026-04-08 14:29:00,107800,107800,107300,107300,379
2026-04-08 14:30:00,107300,107600,107300,107400,511
2026-04-08 14:31:00,107500,107500,107300,107500,251
2026-04-08 14:32:00,107500,107500,107300,107400,262
2026-04-08 14:33:00,107500,107700,107400,107700,365
2026-04-08 14:34:00,107700,107900,107400,107800,363
2026-04-08 14:35:00,107800,107900,107600,107700,177
2026-04-08 14:36:00,107800,108000,107700,108000,365
2026-04-08 14:37:00,107900,108000,107200,107300,3296
2026-04-08 14:38:00,107300,107300,107000,107000,388
2026-04-08 14:39:00,107000,107200,106800,107200,706
2026-04-08 14:40:00,107200,107500,107100,107400,219
2026-04-08 14:41:00,107400,107500,107400,107400,561
2026-04-08 14:42:00,107400,108000,107400,107800,614
2026-04-08 14:43:00,107800,108100,107600,108000,504
2026-04-08 14:44:00,108000,108100,108000,108000,329
2026-04-08 14:45:00,108100,108200,107900,108000,757
2026-04-08 14:46:00,108000,108300,108000,108100,769
2026-04-08 14:47:00,108100,108200,107900,107900,799
2026-04-08 14:48:00,108000,108100,107600,107700,634
2026-04-08 14:49:00,107700,108000,107300,107900,441
2026-04-08 14:50:00,108000,108300,107800,107900,807
2026-04-08 14:51:00,108000,108300,107800,107800,698
2026-04-08 14:52:00,107900,108300,107900,108300,529
2026-04-08 14:53:00,108200,108300,107800,108000,594
2026-04-08 14:54:00,108000,108200,107800,108200,585
2026-04-08 14:55:00,108200,108300,107800,107900,592
2026-04-08 14:56:00,108000,108400,107900,108000,655
2026-04-08 14:57:00,108000,108100,107500,107900,549
2026-04-08 14:58:00,107900,108100,107500,107800,552
2026-04-08 14:59:00,107800,108000,107700,108000,653
2026-04-08 15:00:00,108000,108100,107600,107800,613
2026-04-08 15:01:00,107800,107800,107500,107800,327
2026-04-08 15:02:00,107800,108000,107800,108000,494
2026-04-08 15:03:00,108000,108000,107900,108000,465
2026-04-08 15:04:00,107900,108000,107900,107900,286
2026-04-08 15:05:00,108000,108000,107600,108000,625
2026-04-08 15:06:00,107800,108000,107500,107900,450
2026-04-08 15:07:00,107800,107900,107500,107800,358
2026-04-08 15:08:00,107800,108000,107400,107700,326
2026-04-08 15:09:00,107700,107900,107400,107600,658
2026-04-08 15:10:00,107600,108000,107600,107900,404
2026-04-08 15:11:00,107800,108000,107800,107800,553
2026-04-08 15:12:00,107800,108300,107800,108100,2851
2026-04-08 15:13:00,108100,108300,108000,108000,896
2026-04-08 15:14:00,108100,108100,108000,108000,720
2026-04-08 15:15:00,108000,108300,107500,107800,1160
2026-04-08 15:16:00,107900,107900,107600,107800,979
2026-04-08 15:17:00,107800,108300,107500,108300,887
2026-04-08 15:18:00,108300,108300,107300,108300,969
2026-04-08 15:19:00,108000,108000,107300,107800,392
2026-04-08 15:30:00,107400,107400,107400,107400,3033
2026-04-09 09:00:00,104500,105300,103900,104500,1972
2026-04-09 09:01:00,104800,105800,104000,104100,853
2026-04-09 09:02:00,104500,105100,104300,105000,822
2026-04-09 09:03:00,104500,105700,104400,105400,577
2026-04-09 09:04:00,105500,105800,105000,105500,655
2026-04-09 09:05:00,105500,106000,105000,105900,808
2026-04-09 09:06:00,105900,105900,105250,105400,91
2026-04-09 09:07:00,106000,106000,104900,105500,420
2026-04-09 09:08:00,105500,106300,104600,105300,758
2026-04-09 09:09:00,105200,105200,104700,105000,251
2026-04-09 09:10:00,105000,105200,103800,104500,1143
2026-04-09 09:11:00,104100,104300,103500,103900,416
2026-04-09 09:12:00,103900,105300,103900,104100,607
2026-04-09 09:13:00,104600,104900,104200,104600,546
2026-04-09 09:14:00,104600,104700,103500,103800,1465
2026-04-09 09:15:00,103700,105700,103500,103800,798
2026-04-09 09:16:00,103800,104400,103800,103900,560
2026-04-09 09:17:00,104600,106000,104000,105300,839
2026-04-09 09:18:00,105200,105300,104400,105300,426
2026-04-09 09:19:00,105200,105200,104400,104500,391
2026-04-09 09:20:00,105000,105000,104300,104500,466
2026-04-09 09:21:00,104900,104900,104400,104600,287
2026-04-09 09:22:00,104600,105700,104500,105700,714
2026-04-09 09:23:00,105700,106000,105000,105500,257
2026-04-09 09:24:00,105500,105600,105000,105100,323
2026-04-09 09:25:00,105100,105400,104900,105000,466
2026-04-09 09:26:00,105000,105100,104200,104200,544
2026-04-09 09:27:00,104300,104500,104000,104000,588
2026-04-09 09:28:00,104000,104100,103900,104000,350
2026-04-09 09:29:00,104000,104400,103700,103800,543
2026-04-09 09:30:00,103800,103800,103400,103700,688
2026-04-09 09:31:00,103700,103800,103600,103600,515
2026-04-09 09:32:00,103600,103700,103500,103500,650
2026-04-09 09:33:00,103500,103600,103200,103300,776
2026-04-09 09:34:00,103300,103400,102900,103400,998
2026-04-09 09:35:00,103400,103400,103000,103000,313
2026-04-09 09:36:00,103100,103300,102900,103300,431
2026-04-09 09:37:00,103000,103200,102900,102900,289
2026-04-09 09:38:00,103000,103200,102900,103100,388
2026-04-09 09:39:00,103100,103600,103000,103200,502
2026-04-09 09:40:00,103300,103500,103000,103500,340
2026-04-09 09:41:00,103500,103600,103000,103300,447
2026-04-09 09:42:00,103400,103400,103000,103100,361
2026-04-09 09:43:00,103100,103200,103000,103100,404
2026-04-09 09:44:00,103100,103300,103100,103200,350
2026-04-09 09:45:00,103300,103300,103000,103000,490
2026-04-09 09:46:00,103100,103100,102800,102900,591
2026-04-09 09:47:00,102800,103000,102700,103000,283
2026-04-09 09:48:00,103000,103200,102900,102900,306
2026-04-09 09:49:00,103100,103100,102700,103100,377
2026-04-09 09:50:00,103200,103300,102500,102500,759
2026-04-09 09:51:00,102500,102700,102400,102500,801
2026-04-09 09:52:00,102600,102800,102500,102500,342
2026-04-09 09:53:00,102700,102800,102400,102800,331
2026-04-09 09:54:00,102800,102900,102800,102900,149
2026-04-09 09:55:00,102900,103200,102800,103200,303
2026-04-09 09:56:00,103200,103500,102900,103000,150
2026-04-09 09:57:00,103100,103400,103100,103200,128
2026-04-09 09:58:00,103100,103200,103100,103100,140
2026-04-09 09:59:00,103100,103200,102800,103000,387
2026-04-09 10:00:00,103000,103300,102900,103100,231
2026-04-09 10:01:00,103100,103300,102800,102800,231
2026-04-09 10:02:00,102900,103100,102700,103000,392
2026-04-09 10:03:00,102900,103000,102600,102800,291
2026-04-09 10:04:00,103000,103000,102500,102500,216
2026-04-09 10:05:00,102600,102600,102400,102500,345
2026-04-09 10:06:00,102500,102600,102400,102400,294
2026-04-09 10:07:00,102300,102400,102000,102100,629
2026-04-09 10:08:00,102100,102300,102000,102000,255
2026-04-09 10:09:00,101900,101900,101500,101700,1213
2026-04-09 10:10:00,101700,101700,101000,101600,461
2026-04-09 10:11:00,101400,101800,101400,101800,137
2026-04-09 10:12:00,101800,101800,101300,101400,300
2026-04-09 10:13:00,101500,101900,101000,101400,742
2026-04-09 10:14:00,101300,101900,101300,101700,485
2026-04-09 10:15:00,101400,101700,101400,101700,147
2026-04-09 10:16:00,101700,101800,101400,101400,332
2026-04-09 10:17:00,101400,101400,101100,101100,281
2026-04-09 10:18:00,101200,101300,101100,101100,284
2026-04-09 10:19:00,101200,101300,101100,101100,389
2026-04-09 10:20:00,101000,101100,100800,101000,561
2026-04-09 10:21:00,100900,101500,100900,100900,835
2026-04-09 10:22:00,100900,101100,100800,101100,536
2026-04-09 10:23:00,101000,101000,100600,100700,611
2026-04-09 10:24:00,100800,101000,100600,100900,291
2026-04-09 10:25:00,101000,101000,100700,100700,192
2026-04-09 10:26:00,101000,101100,100700,101100,355
2026-04-09 10:27:00,101100,101300,101100,101100,155
2026-04-09 10:28:00,101100,101100,100700,100800,369
2026-04-09 10:29:00,100900,101000,100700,100900,304
2026-04-09 10:30:00,100800,101000,100800,100800,403
2026-04-09 10:31:00,100900,101000,100800,101000,215
2026-04-09 10:32:00,101100,101500,101000,101500,153
2026-04-09 10:33:00,101500,102100,101500,102100,346
2026-04-09 10:34:00,102100,102400,101900,102400,265
2026-04-09 10:35:00,102400,102600,102300,102600,124
2026-04-09 10:36:00,102500,103000,102400,102500,439
2026-04-09 10:37:00,102400,102700,102200,102200,272
2026-04-09 10:38:00,102200,102500,102100,102500,145
2026-04-09 10:39:00,102500,102700,102400,102400,354
2026-04-09 10:40:00,102200,102400,102200,102400,237
2026-04-09 10:41:00,102300,102400,102200,102300,557
2026-04-09 10:42:00,102300,102400,102100,102200,138
2026-04-09 10:43:00,102200,102200,102100,102200,118
2026-04-09 10:44:00,102200,102400,102100,102200,376
2026-04-09 10:45:00,102200,102500,102200,102200,162
2026-04-09 10:46:00,102200,102300,102200,102200,59
2026-04-09 10:47:00,102300,102400,102100,102100,303
2026-04-09 10:48:00,102200,102400,102100,102400,115
2026-04-09 10:49:00,102500,102500,102300,102300,99
2026-04-09 10:50:00,102300,102900,102300,102600,359
2026-04-09 10:51:00,102400,102600,102200,102300,156
2026-04-09 10:52:00,102300,102900,102300,102700,147
2026-04-09 10:53:00,102500,102800,102400,102800,88
2026-04-09 10:54:00,102600,102800,102300,102300,156
2026-04-09 10:55:00,102400,102700,102200,102600,71
2026-04-09 10:56:00,102600,102900,102600,102900,192
2026-04-09 10:57:00,102900,103000,102700,102900,279
2026-04-09 10:58:00,102700,103100,102700,103100,161
2026-04-09 10:59:00,103100,104000,102900,103400,4449
2026-04-09 11:00:00,103400,103400,103100,103200,255
2026-04-09 11:01:00,103300,104100,103100,104000,756
2026-04-09 11:02:00,104000,104300,104000,104200,484
2026-04-09 11:03:00,104200,104300,104100,104100,361
2026-04-09 11:04:00,104100,104200,104000,104000,281
2026-04-09 11:05:00,104000,104200,104000,104200,336
2026-04-09 11:06:00,104100,104400,104100,104200,338
2026-04-09 11:07:00,104200,104400,104200,104300,234
2026-04-09 11:08:00,104200,104400,104100,104400,269
2026-04-09 11:09:00,104200,104300,104100,104100,184
2026-04-09 11:10:00,104200,104300,104000,104300,103
2026-04-09 11:11:00,104200,104700,104200,104600,229
2026-04-09 11:12:00,104500,104700,104400,104400,92
2026-04-09 11:13:00,104500,104700,104300,104300,281
2026-04-09 11:14:00,104400,104700,104300,104600,200
2026-04-09 11:15:00,104500,104600,104400,104600,80
2026-04-09 11:16:00,104600,104600,104300,104400,145
2026-04-09 11:17:00,104500,104800,104300,104500,176
2026-04-09 11:18:00,104500,104900,104500,104700,142
2026-04-09 11:19:00,104700,105500,104600,105500,973
2026-04-09 11:20:00,105500,105700,105200,105600,393
2026-04-09 11:21:00,105600,105600,105000,105500,535
2026-04-09 11:22:00,105500,105500,104700,105100,383
2026-04-09 11:23:00,105100,105100,104700,104800,329
2026-04-09 11:24:00,104900,104900,104300,104600,196
2026-04-09 11:25:00,104700,104700,104300,104500,380
2026-04-09 11:26:00,104500,104600,104200,104600,155
2026-04-09 11:27:00,104600,104600,104200,104400,121
2026-04-09 11:28:00,104500,104600,104300,104600,477
2026-04-09 11:29:00,104600,105000,104400,104600,374
2026-04-09 11:30:00,104700,104800,104400,104500,201
2026-04-09 11:31:00,104400,104800,104400,104500,81
2026-04-09 11:32:00,104400,104500,104300,104400,79
2026-04-09 11:33:00,104400,104900,104300,104600,465
2026-04-09 11:34:00,104700,104700,104100,104200,185
2026-04-09 11:35:00,104100,104400,104100,104100,277
2026-04-09 11:36:00,104100,104300,104100,104100,137
2026-04-09 11:37:00,104100,104500,104100,104300,145
2026-04-09 11:38:00,104300,104400,104200,104200,123
2026-04-09 11:39:00,104300,104600,104200,104200,173
2026-04-09 11:40:00,104300,104500,104000,104000,176
2026-04-09 11:41:00,104000,104300,104000,104000,213
2026-04-09 11:42:00,104100,104300,104000,104100,92
2026-04-09 11:43:00,104100,104100,104000,104000,47
2026-04-09 11:44:00,104000,104200,104000,104100,271
2026-04-09 11:45:00,104100,104300,104000,104100,113
2026-04-09 11:46:00,104100,104500,104100,104100,257
2026-04-09 11:47:00,104200,104500,104100,104200,117
2026-04-09 11:48:00,104200,104200,104000,104000,110
2026-04-09 11:49:00,104100,104100,104000,104000,53
2026-04-09 11:50:00,104100,104500,104000,104100,308
2026-04-09 11:51:00,104400,104700,104100,104500,288
2026-04-09 11:52:00,104500,104500,104100,104100,67
2026-04-09 11:53:00,104100,104800,104100,104500,247
2026-04-09 11:54:00,104400,104500,104300,104400,171
2026-04-09 11:55:00,104400,104400,104300,104400,37
2026-04-09 11:56:00,104400,104700,104100,104100,146
2026-04-09 11:57:00,104200,104500,104200,104500,123
2026-04-09 11:58:00,104100,104500,104100,104300,144
2026-04-09 11:59:00,104300,104500,104100,104300,135
2026-04-09 12:00:00,104200,104300,104200,104200,139
2026-04-09 12:01:00,104100,104300,104100,104300,89
2026-04-09 12:02:00,104100,104600,104100,104500,110
2026-04-09 12:03:00,104600,104700,104100,104200,213
2026-04-09 12:04:00,104100,104400,104100,104100,100
2026-04-09 12:05:00,104400,104500,104000,104100,146
2026-04-09 12:06:00,104100,104100,104000,104100,95
2026-04-09 12:07:00,104100,104100,104000,104000,70
2026-04-09 12:08:00,104100,104300,104000,104100,150
2026-04-09 12:09:00,104200,104400,104200,104200,120
2026-04-09 12:10:00,104200,104200,104000,104000,496
2026-04-09 12:11:00,104000,104300,104000,104000,178
2026-04-09 12:12:00,104000,104200,104000,104000,88
2026-04-09 12:13:00,104100,104100,104000,104000,257
2026-04-09 12:14:00,104000,104100,104000,104000,173
2026-04-09 12:15:00,104000,104000,103800,103800,406
2026-04-09 12:16:00,103800,103900,103800,103800,416
2026-04-09 12:17:00,103800,103900,103800,103800,200
2026-04-09 12:18:00,103900,104000,103800,103800,35
2026-04-09 12:19:00,103800,103900,103700,103700,102
2026-04-09 12:20:00,103700,103800,103600,103600,705
2026-04-09 12:21:00,103600,103700,103300,103300,162
2026-04-09 12:22:00,103400,103600,103200,103300,289
2026-04-09 12:23:00,103400,103800,103300,103400,165
2026-04-09 12:24:00,103400,103800,103200,103500,73
2026-04-09 12:25:00,103500,103600,103300,103300,55
2026-04-09 12:26:00,103400,104100,103300,104000,308
2026-04-09 12:27:00,103700,104000,103700,104000,89
2026-04-09 12:28:00,103900,104100,103600,104100,95
2026-04-09 12:29:00,104100,104100,103900,103900,102
2026-04-09 12:30:00,103900,104000,103800,103900,43
2026-04-09 12:31:00,104000,104000,103800,103800,38
2026-04-09 12:32:00,104000,104200,103700,103900,121
2026-04-09 12:33:00,104000,104200,103800,104100,286
2026-04-09 12:34:00,104100,104100,103900,104000,60
2026-04-09 12:35:00,103900,104200,103900,103900,125
2026-04-09 12:36:00,103900,104000,103800,103800,77
2026-04-09 12:37:00,103900,104000,103800,104000,47
2026-04-09 12:38:00,104000,104100,103700,103900,266
2026-04-09 12:39:00,103800,104000,103800,104000,50
2026-04-09 12:40:00,104000,104100,103800,103900,48
2026-04-09 12:41:00,104000,104200,103800,103800,100
2026-04-09 12:42:00,103900,104000,103800,103900,95
2026-04-09 12:43:00,104000,104100,104000,104000,33
2026-04-09 12:44:00,104100,104100,104000,104000,77
2026-04-09 12:45:00,104000,104000,103900,103900,170
2026-04-09 12:46:00,103900,104100,103900,103900,153
2026-04-09 12:47:00,103800,103900,103800,103900,95
2026-04-09 12:48:00,103800,103800,103500,103600,209
2026-04-09 12:49:00,103500,103800,103400,103800,252
2026-04-09 12:50:00,103800,103800,103500,103500,82
2026-04-09 12:51:00,103400,103800,103300,103400,204
2026-04-09 12:52:00,103400,104100,103200,104100,175
2026-04-09 12:53:00,103700,104100,103400,104000,125
2026-04-09 12:54:00,103400,104000,103400,103700,74
2026-04-09 12:55:00,103700,103800,103300,103800,257
2026-04-09 12:56:00,103300,103900,103300,103700,66
2026-04-09 12:57:00,103400,103900,103400,103600,193
2026-04-09 12:58:00,103700,103800,103600,103700,90
2026-04-09 12:59:00,103700,103900,103700,103700,103
2026-04-09 13:00:00,103800,103900,103700,103800,97
2026-04-09 13:01:00,103800,104300,103700,103900,686
2026-04-09 13:02:00,104200,105100,103800,105100,4599
2026-04-09 13:03:00,104300,105400,104100,104100,2877
2026-04-09 13:04:00,104100,104500,103800,103900,458
2026-04-09 13:05:00,103900,103900,103600,103600,349
2026-04-09 13:06:00,103600,103600,103200,103600,637
2026-04-09 13:07:00,103300,103600,103200,103300,201
2026-04-09 13:08:00,103300,103400,103100,103400,253
2026-04-09 13:09:00,103200,103400,103200,103200,101
2026-04-09 13:10:00,103300,103300,103100,103300,219
2026-04-09 13:11:00,103300,103300,103100,103100,131
2026-04-09 13:12:00,103200,103400,103100,103300,85
2026-04-09 13:13:00,103200,103400,103100,103100,208
2026-04-09 13:14:00,103100,103300,103100,103100,111
2026-04-09 13:15:00,103100,103300,103000,103300,116
2026-04-09 13:16:00,103300,103300,103100,103100,106
2026-04-09 13:17:00,103200,103200,103000,103000,90
2026-04-09 13:18:00,103100,103100,103000,103100,57
2026-04-09 13:19:00,103000,103100,102800,102800,253
2026-04-09 13:20:00,102800,103000,102800,103000,49
2026-04-09 13:21:00,102900,103200,102800,102900,211
2026-04-09 13:22:00,103200,103300,102800,103200,203
2026-04-09 13:23:00,103200,103300,102900,103000,184
2026-04-09 13:24:00,103000,103200,102800,102900,190
2026-04-09 13:25:00,102900,103100,102700,102900,237
2026-04-09 13:26:00,102900,103200,102700,103000,44
2026-04-09 13:27:00,103200,103400,102900,103000,370
2026-04-09 13:28:00,102800,103100,102800,103100,55
2026-04-09 13:29:00,103200,103300,102900,102900,90
2026-04-09 13:30:00,103000,103100,102900,102900,137
2026-04-09 13:31:00,103000,103400,102900,103200,257
2026-04-09 13:32:00,103300,103300,102900,103100,73
2026-04-09 13:33:00,103000,103100,102900,103100,146
2026-04-09 13:34:00,103000,103200,102900,103000,151
2026-04-09 13:35:00,102900,103100,102900,103000,54
2026-04-09 13:36:00,103100,103200,102900,103100,171
2026-04-09 13:37:00,103000,103200,102900,102900,122
2026-04-09 13:38:00,102900,103300,102900,103300,45
2026-04-09 13:39:00,103300,103300,103100,103100,60
2026-04-09 13:40:00,103100,103100,103000,103000,81
2026-04-09 13:41:00,103100,103200,103100,103200,116
2026-04-09 13:42:00,103200,103300,103000,103000,130
2026-04-09 13:43:00,103000,103100,103000,103000,61
2026-04-09 13:44:00,103100,103300,103000,103300,131
2026-04-09 13:45:00,103300,103500,103100,103400,99
2026-04-09 13:46:00,103400,103500,103200,103200,140
2026-04-09 13:47:00,103200,103300,103000,103200,133
2026-04-09 13:48:00,103300,103500,103200,103500,166
2026-04-09 13:49:00,103200,103500,103200,103400,175
2026-04-09 13:50:00,103400,103500,103200,103300,99
2026-04-09 13:51:00,103200,103500,103100,103400,63
2026-04-09 13:52:00,103400,103400,103200,103300,88
2026-04-09 13:53:00,103400,103400,103200,103400,88
2026-04-09 13:54:00,103400,103500,103200,103400,126
2026-04-09 13:55:00,103400,103400,103100,103100,182
2026-04-09 13:56:00,103300,103300,103100,103300,98
2026-04-09 13:57:00,103400,103400,103100,103100,29
2026-04-09 13:58:00,103100,103300,103000,103100,151
2026-04-09 13:59:00,103000,103100,103000,103000,47
2026-04-09 14:00:00,103000,103100,102800,102800,347
2026-04-09 14:01:00,102900,103100,102900,102900,105
2026-04-09 14:02:00,102900,103100,102800,102800,144
2026-04-09 14:03:00,102900,103000,102900,103000,46
2026-04-09 14:04:00,103100,103200,102900,102900,115
2026-04-09 14:05:00,102900,103300,102900,103100,199
2026-04-09 14:06:00,103100,103100,102600,103100,232
2026-04-09 14:07:00,102600,103000,102600,102600,201
2026-04-09 14:08:00,102900,102900,102500,102500,262
2026-04-09 14:09:00,102500,103000,102400,102500,187
2026-04-09 14:10:00,102700,103000,102500,102900,169
2026-04-09 14:11:00,102900,103000,102600,102800,164
2026-04-09 14:12:00,102800,103200,102800,103000,106
2026-04-09 14:13:00,103100,103200,102900,102900,136
2026-04-09 14:14:00,102900,103000,102800,103000,186
2026-04-09 14:15:00,102800,103200,102800,103100,100
2026-04-09 14:16:00,102900,103300,102900,103100,153
2026-04-09 14:17:00,103000,103400,103000,103000,205
2026-04-09 14:18:00,103000,103100,102900,103000,218
2026-04-09 14:19:00,103000,103300,102700,102700,269
2026-04-09 14:20:00,102700,103200,102500,102500,170
2026-04-09 14:21:00,102500,102900,102500,102600,239
2026-04-09 14:22:00,102700,102800,102400,102600,318
2026-04-09 14:23:00,102600,102600,102400,102500,268
2026-04-09 14:24:00,102500,102800,102500,102600,87
2026-04-09 14:25:00,102500,103100,102500,102600,256
2026-04-09 14:26:00,102600,103100,102500,103000,97
2026-04-09 14:27:00,103000,103000,102600,103000,77
2026-04-09 14:28:00,103000,103000,102700,102700,222
2026-04-09 14:29:00,102700,103100,102700,103000,77
2026-04-09 14:30:00,103100,104200,103100,103600,318
2026-04-09 14:31:00,103900,104200,103700,104200,299
2026-04-09 14:32:00,103800,104100,103800,104100,201
2026-04-09 14:33:00,104200,104500,104100,104400,271
2026-04-09 14:34:00,104300,104600,104300,104300,317
2026-04-09 14:35:00,104300,104400,104300,104300,246
2026-04-09 14:36:00,104300,104500,104200,104300,194
2026-04-09 14:37:00,104300,104300,104200,104200,141
2026-04-09 14:38:00,104200,104500,104200,104400,197
2026-04-09 14:39:00,104500,104600,104300,104400,131
2026-04-09 14:40:00,104400,104500,104000,104100,273
2026-04-09 14:41:00,104100,104200,104000,104000,227
2026-04-09 14:42:00,104000,104100,103800,104000,317
2026-04-09 14:43:00,103900,104200,103700,103900,227
2026-04-09 14:44:00,103800,103900,103800,103900,212
2026-04-09 14:45:00,103900,104000,103700,103700,156
2026-04-09 14:46:00,103800,103900,103500,103600,220
2026-04-09 14:47:00,103600,103700,103500,103600,170
2026-04-09 14:48:00,103600,103800,103500,103800,132
2026-04-09 14:49:00,103900,103900,103400,103400,391
2026-04-09 14:50:00,103400,103600,103100,103100,404
2026-04-09 14:51:00,103200,103500,103000,103100,335
2026-04-09 14:52:00,103100,103600,103000,103000,267
2026-04-09 14:53:00,103000,103500,103000,103100,432
2026-04-09 14:54:00,103000,103400,103000,103200,186
2026-04-09 14:55:00,103200,103500,103200,103400,283
2026-04-09 14:56:00,103200,103400,103100,103300,370
2026-04-09 14:57:00,103200,103500,102900,103000,290
2026-04-09 14:58:00,102900,103400,102900,103000,303
2026-04-09 14:59:00,103300,103500,102900,103400,390
2026-04-09 15:00:00,103100,103800,103000,103100,423
2026-04-09 15:01:00,103200,103400,103100,103300,482
2026-04-09 15:02:00,103300,103400,103200,103300,446
2026-04-09 15:03:00,103400,103400,103100,103200,278
2026-04-09 15:04:00,103200,103400,103100,103400,391
2026-04-09 15:05:00,103200,103200,103000,103100,410
2026-04-09 15:06:00,103200,103400,102900,103000,1027
2026-04-09 15:07:00,102900,103200,102800,103100,549
2026-04-09 15:08:00,102900,103400,102800,103000,267
2026-04-09 15:09:00,103000,103100,102800,102900,316
2026-04-09 15:10:00,102900,103400,102800,103300,308
2026-04-09 15:11:00,103300,103400,103000,103200,268
2026-04-09 15:12:00,103100,103400,103100,103200,145
2026-04-09 15:13:00,103300,103400,102700,102800,368
2026-04-09 15:14:00,102800,103400,102800,103100,308
2026-04-09 15:15:00,103100,103300,102800,102900,469
2026-04-09 15:16:00,102900,103000,102700,102700,517
2026-04-09 15:17:00,103000,103000,102600,102700,331
2026-04-09 15:18:00,102900,103100,102700,102700,355
2026-04-09 15:19:00,102700,103000,102700,102800,124
2026-04-09 15:30:00,102900,102900,102900,102900,2647
2026-04-10 09:00:00,106100,106100,104300,104500,2633
2026-04-10 09:01:00,104500,105400,104400,104600,822
2026-04-10 09:02:00,104500,105300,104500,105200,488
2026-04-10 09:03:00,105000,105000,104600,105000,483
2026-04-10 09:04:00,105100,105200,104800,105100,69
2026-04-10 09:05:00,105100,105500,105000,105500,259
2026-04-10 09:06:00,105800,106800,105800,106600,348
2026-04-10 09:07:00,106600,106800,106100,106700,543
2026-04-10 09:08:00,106800,107500,106500,106900,1075
2026-04-10 09:09:00,106900,107000,106000,106100,904
2026-04-10 09:10:00,106000,106800,106000,106200,616
2026-04-10 09:11:00,106200,106900,106200,106200,308
2026-04-10 09:12:00,106800,107800,106700,107300,1175
2026-04-10 09:13:00,107800,108500,107300,108000,1055
2026-04-10 09:14:00,108300,108600,108000,108400,607
2026-04-10 09:15:00,108100,108600,108100,108500,730
2026-04-10 09:16:00,108400,109300,108200,108400,804
2026-04-10 09:17:00,108500,108900,108400,108700,622
2026-04-10 09:18:00,108700,108700,108200,108400,504
2026-04-10 09:19:00,108700,109200,108400,109100,653
2026-04-10 09:20:00,108900,109200,108000,108000,3569
2026-04-10 09:21:00,108100,108700,108000,108700,1513
2026-04-10 09:22:00,108600,109700,108600,109300,1096
2026-04-10 09:23:00,109300,109800,109300,109600,1388
2026-04-10 09:24:00,109600,109700,109400,109500,1069
2026-04-10 09:25:00,109500,110200,109500,110100,3958
2026-04-10 09:26:00,110000,110200,109900,110000,488
2026-04-10 09:27:00,110100,110300,109800,110100,1009
2026-04-10 09:28:00,110100,110100,109700,109800,908
2026-04-10 09:29:00,109900,109900,109600,109700,213
2026-04-10 09:30:00,109800,109900,109300,109800,1223
2026-04-10 09:31:00,109500,110100,109400,110000,2088
2026-04-10 09:32:00,110000,110200,109800,110200,538
2026-04-10 09:33:00,110100,110200,109800,109900,258
2026-04-10 09:34:00,109800,109800,109200,109300,347
2026-04-10 09:35:00,109200,109200,108800,109000,448
2026-04-10 09:36:00,109000,109000,108700,108700,563
2026-04-10 09:37:00,108800,108800,108400,108500,822
2026-04-10 09:38:00,108500,108600,108300,108500,1009
2026-04-10 09:39:00,108600,108700,108200,108200,771
2026-04-10 09:40:00,108100,108200,107800,107900,829
2026-04-10 09:41:00,107800,107800,106900,107300,1313
2026-04-10 09:42:00,107300,107600,106900,107400,437
2026-04-10 09:43:00,107100,107200,106900,107000,348
2026-04-10 09:44:00,107000,107000,106500,107000,1112
2026-04-10 09:45:00,107100,107400,106200,107400,853
2026-04-10 09:46:00,107000,107400,107000,107200,358
2026-04-10 09:47:00,107200,107400,106900,107100,344
2026-04-10 09:48:00,107300,107300,106900,107200,487
2026-04-10 09:49:00,107000,107300,107000,107200,364
2026-04-10 09:50:00,107200,107400,106900,107000,584
2026-04-10 09:51:00,107000,107200,106600,107200,732
2026-04-10 09:52:00,106700,107200,106500,106500,576
2026-04-10 09:53:00,106900,107200,106600,106800,384
2026-04-10 09:54:00,107200,107200,106800,107100,123
2026-04-10 09:55:00,107200,107400,106900,107300,128
2026-04-10 09:56:00,107300,107500,107000,107400,278
2026-04-10 09:57:00,107400,107600,107200,107600,473
2026-04-10 09:58:00,107600,107800,107300,107700,122
2026-04-10 09:59:00,107800,107900,107600,107900,186
2026-04-10 10:00:00,107900,108900,107800,108900,1899
2026-04-10 10:01:00,108900,109000,106900,108100,1532
2026-04-10 10:02:00,108200,108600,108200,108600,448
2026-04-10 10:03:00,108800,109200,108600,109200,552
2026-04-10 10:04:00,109200,109200,108800,109100,398
2026-04-10 10:05:00,109100,109100,108000,108000,435
2026-04-10 10:06:00,108800,108800,108300,108800,183
2026-04-10 10:07:00,108800,108900,108300,108900,530
2026-04-10 10:08:00,108900,109000,108500,109000,523
2026-04-10 10:09:00,109000,109000,108600,109000,202
2026-04-10 10:10:00,109000,109100,108800,109000,498
2026-04-10 10:11:00,109000,109000,108700,108700,88
2026-04-10 10:12:00,108800,108800,108600,108700,712
2026-04-10 10:13:00,108700,108700,108500,108500,410
2026-04-10 10:14:00,108500,108700,108400,108700,273
2026-04-10 10:15:00,108800,108900,108800,108800,115
2026-04-10 10:16:00,108900,108900,108700,108900,459
2026-04-10 10:17:00,108900,109000,108700,108700,330
2026-04-10 10:18:00,108700,108700,108500,108600,133
2026-04-10 10:19:00,108600,108700,108500,108500,518
2026-04-10 10:20:00,108500,108600,108400,108400,200
2026-04-10 10:21:00,108400,108400,108100,108200,528
2026-04-10 10:22:00,108000,108100,107400,107700,526
2026-04-10 10:23:00,107800,108200,107700,107900,242
2026-04-10 10:24:00,107900,107900,107800,107900,243
2026-04-10 10:25:00,107900,108300,107800,108000,549
2026-04-10 10:26:00,108000,108000,107800,107800,110
2026-04-10 10:27:00,107800,107900,107500,107600,452
2026-04-10 10:28:00,107600,107700,107300,107700,181
2026-04-10 10:29:00,107500,107600,107400,107600,455
2026-04-10 10:30:00,107600,107800,107400,107400,334
2026-04-10 10:31:00,107300,107700,107300,107700,194
2026-04-10 10:32:00,107600,108000,107500,107500,431
2026-04-10 10:33:00,107600,107900,107600,107900,212
2026-04-10 10:34:00,107800,108000,107600,107700,455
2026-04-10 10:35:00,107600,107900,107600,107900,128
2026-04-10 10:36:00,107900,108200,107900,108200,194
2026-04-10 10:37:00,108100,108300,107900,108000,1272
2026-04-10 10:38:00,108000,108100,107900,107900,865
2026-04-10 10:39:00,107900,108200,107800,108200,223
2026-04-10 10:40:00,108300,108500,108200,108500,436
2026-04-10 10:41:00,108200,108300,107800,107800,831
2026-04-10 10:42:00,107900,107900,107600,107800,159
2026-04-10 10:43:00,107800,108100,107700,108000,214
2026-04-10 10:44:00,107900,108000,107700,107800,820
2026-04-10 10:45:00,107800,107900,107400,107500,273
2026-04-10 10:46:00,107500,107800,107400,107700,62
2026-04-10 10:47:00,107800,107900,107600,107600,652
2026-04-10 10:48:00,107900,107900,107500,107600,129
2026-04-10 10:49:00,107600,107700,107500,107600,223
2026-04-10 10:50:00,107600,107800,107600,107600,661
2026-04-10 10:51:00,107700,107700,107400,107500,130
2026-04-10 10:52:00,107500,107800,107500,107600,110
2026-04-10 10:53:00,107700,107700,107400,107400,490
2026-04-10 10:54:00,107500,107800,107500,107700,360
2026-04-10 10:55:00,107700,108000,107600,107800,463
2026-04-10 10:56:00,107800,108000,107600,107700,197
2026-04-10 10:57:00,107800,107800,107500,107500,528
2026-04-10 10:58:00,107500,107700,107400,107600,217
2026-04-10 10:59:00,107600,107800,107500,107500,287
2026-04-10 11:00:00,107600,107600,107400,107600,271
2026-04-10 11:01:00,107500,107800,107500,107600,448
2026-04-10 11:02:00,107600,107700,107500,107600,253
2026-04-10 11:03:00,107600,107700,107400,107700,579
2026-04-10 11:04:00,107600,107600,107100,107100,412
2026-04-10 11:05:00,107200,107700,107200,107600,388
2026-04-10 11:06:00,107700,107700,107400,107500,252
2026-04-10 11:07:00,107500,107700,107300,107600,302
2026-04-10 11:08:00,107600,107700,107600,107700,493
2026-04-10 11:09:00,107700,107700,107200,107500,606
2026-04-10 11:10:00,107200,107500,107100,107300,139
2026-04-10 11:11:00,107100,107500,107100,107400,203
2026-04-10 11:12:00,107600,107700,107400,107600,407
2026-04-10 11:13:00,107500,107700,107500,107500,393
2026-04-10 11:14:00,107500,107700,107500,107700,394
2026-04-10 11:15:00,107700,107700,107300,107400,164
2026-04-10 11:16:00,107400,107600,107300,107400,571
2026-04-10 11:17:00,107400,107500,107400,107400,146
2026-04-10 11:18:00,107500,107500,107400,107400,367
2026-04-10 11:19:00,107400,107600,107400,107600,520
2026-04-10 11:20:00,107600,107700,107600,107600,551
2026-04-10 11:21:00,107700,107800,107700,107700,773
2026-04-10 11:22:00,107800,107900,107800,107800,251
2026-04-10 11:23:00,107800,107900,107800,107800,529
2026-04-10 11:24:00,107900,108000,107800,108000,306
2026-04-10 11:25:00,108000,108400,108000,108400,341
2026-04-10 11:26:00,108300,108400,108100,108200,509
2026-04-10 11:27:00,108300,108600,108200,108200,435
2026-04-10 11:28:00,108200,108400,108000,108300,177
2026-04-10 11:29:00,108000,108300,107900,108300,392
2026-04-10 11:30:00,107800,108300,107800,108300,134
2026-04-10 11:31:00,108200,108300,108200,108200,389
2026-04-10 11:32:00,108200,108300,107900,108000,478
2026-04-10 11:33:00,108100,108300,108100,108300,239
2026-04-10 11:34:00,108400,108400,108000,108300,88
2026-04-10 11:35:00,108200,108400,108200,108300,189
2026-04-10 11:36:00,108300,108400,108000,108000,470
2026-04-10 11:37:00,108200,108400,108200,108400,242
2026-04-10 11:38:00,108300,108500,108000,108400,362
2026-04-10 11:39:00,108500,108600,108400,108500,229
2026-04-10 11:40:00,108500,108500,108100,108300,96
2026-04-10 11:41:00,108300,108500,108200,108500,312
2026-04-10 11:42:00,108300,108500,108200,108300,114
2026-04-10 11:43:00,108300,108500,108200,108400,256
2026-04-10 11:44:00,108400,108400,108200,108300,281
2026-04-10 11:45:00,108300,108300,108200,108200,123
2026-04-10 11:46:00,108300,108500,108300,108400,283
2026-04-10 11:47:00,108400,108500,108400,108400,113
2026-04-10 11:48:00,108400,108600,108400,108600,482
2026-04-10 11:49:00,108500,108700,108500,108500,255
2026-04-10 11:50:00,108500,108700,108500,108600,179
2026-04-10 11:51:00,108700,108700,108600,108700,496
2026-04-10 11:52:00,108700,108700,108500,108600,299
2026-04-10 11:53:00,108500,108600,108300,108400,682
2026-04-10 11:54:00,108200,108500,108200,108300,80
2026-04-10 11:55:00,108500,108500,108200,108300,377
2026-04-10 11:56:00,108400,108500,108300,108400,329
2026-04-10 11:57:00,108300,108500,108300,108500,128
2026-04-10 11:58:00,108600,108700,108500,108700,526
2026-04-10 11:59:00,108700,108800,108400,108500,317
2026-04-10 12:00:00,108500,108500,108400,108500,679
2026-04-10 12:01:00,108600,108800,108200,108200,262
2026-04-10 12:02:00,108400,108700,108400,108600,90
2026-04-10 12:03:00,108700,108800,108700,108800,250
2026-04-10 12:04:00,108600,108800,108600,108700,246
2026-04-10 12:05:00,108800,108900,108700,108800,134
2026-04-10 12:06:00,108900,108900,108800,108800,326
2026-04-10 12:07:00,108800,109000,108800,108800,761
2026-04-10 12:08:00,108800,109000,108800,108900,245
2026-04-10 12:09:00,108800,109000,108800,109000,474
2026-04-10 12:10:00,109000,109000,108800,108900,250
2026-04-10 12:11:00,108900,109000,108800,109000,322
2026-04-10 12:12:00,109000,109000,108800,108900,140
2026-04-10 12:13:00,108900,109000,108800,109000,210
2026-04-10 12:14:00,108900,109000,108800,108900,363
2026-04-10 12:15:00,108800,109000,108800,109000,352
2026-04-10 12:16:00,108800,109000,108800,108900,132
2026-04-10 12:17:00,109000,109100,108900,109100,322
2026-04-10 12:18:00,109100,109100,108800,108800,593
2026-04-10 12:19:00,108900,108900,108700,108700,1144
2026-04-10 12:20:00,108700,108800,108500,108700,577
2026-04-10 12:21:00,108700,108700,108400,108400,468
2026-04-10 12:22:00,108400,108400,108000,108100,991
2026-04-10 12:23:00,108100,108100,108000,108000,592
2026-04-10 12:24:00,108100,108400,107900,108100,441
2026-04-10 12:25:00,107900,108100,107900,107900,373
2026-04-10 12:26:00,107900,108300,107500,107800,629
2026-04-10 12:27:00,107800,108300,107800,108000,66
2026-04-10 12:28:00,107900,108300,107900,108300,496
2026-04-10 12:29:00,108300,108500,107800,108300,335
2026-04-10 12:30:00,107600,108100,107200,107800,354
2026-04-10 12:31:00,107900,107900,107800,107900,218
2026-04-10 12:32:00,108100,108600,107700,108000,768
2026-04-10 12:33:00,108400,108400,107700,107700,67
2026-04-10 12:34:00,108400,108400,107800,108300,405
2026-04-10 12:35:00,107900,108400,107900,108400,596
2026-04-10 12:36:00,108400,108400,107900,108200,192
2026-04-10 12:37:00,108200,108400,108100,108400,198
2026-04-10 12:38:00,108200,108300,107900,108300,218
2026-04-10 12:39:00,108200,108500,108200,108300,624
2026-04-10 12:40:00,108400,108500,108100,108500,257
2026-04-10 12:41:00,108200,108400,108000,108000,303
2026-04-10 12:42:00,108100,108500,107900,107900,275
2026-04-10 12:43:00,108300,108400,107900,108400,351
2026-04-10 12:44:00,108400,108600,108400,108600,205
2026-04-10 12:45:00,108000,108500,107900,108500,465
2026-04-10 12:46:00,107800,108500,107800,107800,113
2026-04-10 12:47:00,108100,108200,107900,108000,308
2026-04-10 12:48:00,108200,108200,108000,108000,446
2026-04-10 12:49:00,107900,108200,107700,107900,186
2026-04-10 12:50:00,108100,108200,108000,108200,256
2026-04-10 12:51:00,108100,108300,108100,108300,598
2026-04-10 12:52:00,108200,108200,107900,108200,157
2026-04-10 12:53:00,108200,108500,108200,108500,328
2026-04-10 12:54:00,108400,108400,108100,108200,178
2026-04-10 12:55:00,108200,108200,108100,108200,60
2026-04-10 12:56:00,108200,108200,108100,108100,380
2026-04-10 12:57:00,108100,108200,108100,108200,68
2026-04-10 12:58:00,108200,108300,108000,108000,776
2026-04-10 12:59:00,108100,108300,108000,108000,355
2026-04-10 13:00:00,108300,108300,108000,108200,102
2026-04-10 13:01:00,108200,108400,108200,108300,490
2026-04-10 13:02:00,108400,108400,108000,108000,219
2026-04-10 13:03:00,108100,108100,108000,108000,119
2026-04-10 13:04:00,108100,108300,108100,108300,691
2026-04-10 13:05:00,108000,108100,108000,108100,80
2026-04-10 13:06:00,108000,108200,107900,107900,414
2026-04-10 13:07:00,108100,108100,108100,108100,121
2026-04-10 13:08:00,108200,108300,107800,108200,455
2026-04-10 13:09:00,108200,108400,107900,107900,321
2026-04-10 13:10:00,108000,108100,107800,108000,335
2026-04-10 13:11:00,108100,108200,108000,108200,341
2026-04-10 13:12:00,108300,108400,107900,107900,304
2026-04-10 13:13:00,107900,108000,107900,108000,117
2026-04-10 13:14:00,108100,108100,107800,107800,453
2026-04-10 13:15:00,108000,108200,108000,108200,322
2026-04-10 13:16:00,108200,108200,108000,108200,215
2026-04-10 13:17:00,108300,108300,108000,108200,447
2026-04-10 13:18:00,107800,108000,107800,108000,280
2026-04-10 13:19:00,108000,108200,107900,108200,335
2026-04-10 13:20:00,108200,108300,107900,107900,435
2026-04-10 13:21:00,107900,108300,107800,107800,268
2026-04-10 13:22:00,107800,108400,107800,108100,240
2026-04-10 13:23:00,108000,108400,108000,108400,430
2026-04-10 13:24:00,108400,108400,108000,108400,435
2026-04-10 13:25:00,108400,108500,108400,108500,405
2026-04-10 13:26:00,108400,108500,108000,108500,349
2026-04-10 13:27:00,108500,108500,108100,108100,281
2026-04-10 13:28:00,108600,108700,108300,108600,414
2026-04-10 13:29:00,108100,108600,108100,108600,160
2026-04-10 13:30:00,108100,108600,108100,108500,498
2026-04-10 13:31:00,108400,108500,108400,108400,174
2026-04-10 13:32:00,108500,108600,108400,108500,542
2026-04-10 13:33:00,108500,108600,108400,108500,455
2026-04-10 13:34:00,108400,108700,108400,108600,194
2026-04-10 13:35:00,108600,108800,108400,108800,464
2026-04-10 13:36:00,108800,108800,108700,108800,525
2026-04-10 13:37:00,108400,108800,108400,108600,276
2026-04-10 13:38:00,108600,108800,108600,108700,244
2026-04-10 13:39:00,108700,108800,108600,108700,432
2026-04-10 13:40:00,108800,108900,108600,108900,305
2026-04-10 13:41:00,108800,108900,108500,108500,1587
2026-04-10 13:42:00,108400,108900,108400,108900,540
2026-04-10 13:43:00,108900,109000,108800,108800,274
2026-04-10 13:44:00,108900,109000,108900,109000,517
2026-04-10 13:45:00,109000,109500,108900,109300,1245
2026-04-10 13:46:00,109200,109600,108800,109600,1178
2026-04-10 13:47:00,109300,109800,109100,109100,1326
2026-04-10 13:48:00,109600,109700,109100,109400,357
2026-04-10 13:49:00,109500,109700,109300,109700,328
2026-04-10 13:50:00,109600,109600,109300,109400,522
2026-04-10 13:51:00,109400,109500,109300,109300,396
2026-04-10 13:52:00,109400,109500,109200,109300,1170
2026-04-10 13:53:00,109200,109400,109100,109300,555
2026-04-10 13:54:00,109400,109500,109300,109500,677
2026-04-10 13:55:00,109200,109700,109200,109500,456
2026-04-10 13:56:00,109600,109700,109300,109500,212
2026-04-10 13:57:00,109500,109600,109200,109300,420
2026-04-10 13:58:00,109200,109300,109100,109200,442
2026-04-10 13:59:00,109100,109300,108900,109200,501
2026-04-10 14:00:00,109200,109300,109100,109200,446
2026-04-10 14:01:00,109200,109400,109100,109400,978
2026-04-10 14:02:00,109400,109400,108500,108900,435
2026-04-10 14:03:00,108900,109300,108600,109000,394
2026-04-10 14:04:00,109300,109300,108800,109100,289
2026-04-10 14:05:00,109100,109300,108900,108900,408
2026-04-10 14:06:00,109000,109300,108700,108900,433
2026-04-10 14:07:00,108900,109000,108300,108400,591
2026-04-10 14:08:00,108400,108900,108400,108400,922
2026-04-10 14:09:00,108400,108900,108300,108600,486
2026-04-10 14:10:00,108600,108800,108400,108600,248
2026-04-10 14:11:00,108700,108900,108400,108700,369
2026-04-10 14:12:00,108800,108900,108500,108600,552
2026-04-10 14:13:00,108500,108600,108000,108000,560
2026-04-10 14:14:00,108000,108600,108000,108000,611
2026-04-10 14:15:00,108300,108400,108000,108000,117
2026-04-10 14:16:00,108300,108700,108300,108300,500
2026-04-10 14:17:00,108300,108600,108300,108300,415
2026-04-10 14:18:00,108300,108300,108200,108300,148
2026-04-10 14:19:00,108400,108700,108300,108500,382
2026-04-10 14:20:00,108500,108900,108400,108400,520
2026-04-10 14:21:00,108400,108400,107900,108100,284
2026-04-10 14:22:00,108500,108600,107900,108400,415
2026-04-10 14:23:00,108300,108400,107900,107900,261
2026-04-10 14:24:00,108100,108300,108100,108200,323
2026-04-10 14:25:00,108200,108300,108200,108300,404
2026-04-10 14:26:00,108300,108400,108300,108400,127
2026-04-10 14:27:00,108300,108500,108100,108200,739
2026-04-10 14:28:00,108300,108300,108000,108200,533
2026-04-10 14:29:00,108100,108500,108000,108100,471
2026-04-10 14:30:00,108000,108100,107900,107900,409
2026-04-10 14:31:00,107900,108100,107900,108100,412
2026-04-10 14:32:00,108100,108200,107800,107800,285
2026-04-10 14:33:00,107900,108200,107700,107900,585
2026-04-10 14:34:00,107800,108100,107800,108100,121
2026-04-10 14:35:00,108100,108300,107900,107900,489
2026-04-10 14:36:00,108100,108200,107900,108200,352
2026-04-10 14:37:00,108200,108300,107900,108100,409
2026-04-10 14:38:00,108100,108300,108000,108200,221
2026-04-10 14:39:00,108200,108300,108000,108200,721
2026-04-10 14:40:00,108200,108300,107900,107900,264
2026-04-10 14:41:00,107800,108100,107800,107800,347
2026-04-10 14:42:00,107900,108100,107800,107800,308
2026-04-10 14:43:00,107800,108100,107800,107800,322
2026-04-10 14:44:00,108000,108200,107600,107700,762
2026-04-10 14:45:00,107700,108200,107700,107900,114
2026-04-10 14:46:00,108100,108100,107600,107600,477
2026-04-10 14:47:00,107800,108100,107600,107600,299
2026-04-10 14:48:00,107700,108200,107600,108000,517
2026-04-10 14:49:00,107900,108200,107800,107900,548
2026-04-10 14:50:00,107900,108100,107900,108000,358
2026-04-10 14:51:00,108000,108300,108000,108200,586
2026-04-10 14:52:00,108300,108300,107900,108100,490
2026-04-10 14:53:00,108100,108100,107900,108100,315
2026-04-10 14:54:00,108100,108300,108000,108000,564
2026-04-10 14:55:00,108000,108200,108000,108200,389
2026-04-10 14:56:00,108300,108300,108000,108100,463
2026-04-10 14:57:00,108200,108200,107900,107900,403
2026-04-10 14:58:00,107900,108100,107900,108100,228
2026-04-10 14:59:00,108100,108300,108000,108100,667
2026-04-10 15:00:00,108100,108200,107700,108200,410
2026-04-10 15:01:00,108200,108300,107700,108000,331
2026-04-10 15:02:00,108000,108100,107900,108100,358
2026-04-10 15:03:00,108000,108200,107900,107900,520
2026-04-10 15:04:00,108000,108000,107700,107700,287
2026-04-10 15:05:00,107900,108000,107600,107600,634
2026-04-10 15:06:00,107600,107800,107600,107600,353
2026-04-10 15:07:00,107600,107900,107500,107500,1080
2026-04-10 15:08:00,107500,107900,107300,107300,815
2026-04-10 15:09:00,107300,107900,107300,107500,430
2026-04-10 15:10:00,107500,107700,107400,107500,493
2026-04-10 15:11:00,107400,107900,107400,107500,703
2026-04-10 15:12:00,107600,107900,107400,107400,477
2026-04-10 15:13:00,107400,107900,107300,107800,820
2026-04-10 15:14:00,107800,107800,107300,107700,567
2026-04-10 15:15:00,107700,107900,107700,107800,181
2026-04-10 15:16:00,107800,107900,107300,107600,644
2026-04-10 15:17:00,107600,107900,107200,107800,507
2026-04-10 15:18:00,107300,107900,107100,107100,694
2026-04-10 15:19:00,107600,107700,107000,107200,583
2026-04-10 15:30:00,106100,106100,106100,106100,11005
2026-04-10 15:35:00,106100,106100,106100,106100,155
2026-04-13 09:00:00,102900,103200,102000,103200,1349
2026-04-13 09:01:00,103200,103900,103100,103400,1243
2026-04-13 09:02:00,103700,104000,103000,104000,629
2026-04-13 09:03:00,104100,104200,103300,103700,305
2026-04-13 09:04:00,103600,104100,103600,103700,544
2026-04-13 09:05:00,103600,104100,103500,103900,479
2026-04-13 09:06:00,103900,104400,103800,104200,194
2026-04-13 09:07:00,104200,104300,102700,103900,745
2026-04-13 09:08:00,103900,104500,103800,104200,388
2026-04-13 09:09:00,104000,104400,103800,104400,562
2026-04-13 09:10:00,104600,105600,104600,105100,270
2026-04-13 09:11:00,105100,105800,105100,105800,378
2026-04-13 09:12:00,105700,106300,105300,106300,405
2026-04-13 09:13:00,106300,106900,106300,106800,221
2026-04-13 09:14:00,106800,107800,106800,107700,788
2026-04-13 09:15:00,107700,107700,107000,107400,1046
2026-04-13 09:16:00,107500,107500,107200,107200,209
2026-04-13 09:17:00,107200,107900,107100,107200,619
2026-04-13 09:18:00,107800,108500,107500,108500,516
2026-04-13 09:19:00,108300,108500,108100,108300,304
2026-04-13 09:20:00,108300,108400,107400,107500,1203
2026-04-13 09:21:00,107500,107500,107200,107300,248
2026-04-13 09:22:00,107300,108200,107300,107600,858
2026-04-13 09:23:00,107600,108100,107200,107500,341
2026-04-13 09:24:00,107500,108200,106900,107100,1011
2026-04-13 09:25:00,107200,107300,106900,107200,216
2026-04-13 09:26:00,107200,107400,106900,107400,365
2026-04-13 09:27:00,107300,107800,107300,107800,312
2026-04-13 09:28:00,107700,108700,107700,108700,1489
2026-04-13 09:29:00,108700,108900,108200,108800,828
2026-04-13 09:30:00,108900,109200,108900,108900,593
2026-04-13 09:31:00,109300,109700,108800,109200,1183
2026-04-13 09:32:00,109500,110400,109200,109700,11609
2026-04-13 09:33:00,109800,110400,109700,110100,2400
2026-04-13 09:34:00,110100,110300,109100,109600,455
2026-04-13 09:35:00,109800,109800,109200,109300,850
2026-04-13 09:36:00,109400,110300,109300,110100,2717
2026-04-13 09:37:00,110000,110100,109100,109700,285
2026-04-13 09:38:00,109800,111500,109300,111200,4981
2026-04-13 09:39:00,111300,112000,111100,111800,2509
2026-04-13 09:40:00,111800,111900,111300,111500,444
2026-04-13 09:41:00,111500,111600,110800,110900,1344
2026-04-13 09:42:00,110800,110900,110100,110600,637
2026-04-13 09:43:00,110600,110600,109900,110000,718
2026-04-13 09:44:00,110000,110600,109900,110600,231
2026-04-13 09:45:00,110600,111600,110600,111100,1604
2026-04-13 09:46:00,111100,111200,110900,111000,388
2026-04-13 09:47:00,111000,112100,111000,112000,1960
2026-04-13 09:48:00,112000,112300,111900,112000,935
2026-04-13 09:49:00,112000,112300,111700,112300,388
2026-04-13 09:50:00,112100,112400,112100,112100,387
2026-04-13 09:51:00,112300,112900,112300,112500,2343
2026-04-13 09:52:00,112500,112600,112200,112400,699
2026-04-13 09:53:00,112400,112700,112200,112200,1969
2026-04-13 09:54:00,112300,112500,112000,112400,726
2026-04-13 09:55:00,112500,112500,112200,112300,451
2026-04-13 09:56:00,112300,112400,111700,111800,528
2026-04-13 09:57:00,111800,112200,111800,112200,614
2026-04-13 09:58:00,112200,112400,111900,112100,416
2026-04-13 09:59:00,112100,112200,111500,111500,730
2026-04-13 10:00:00,111700,111800,111400,111600,433
2026-04-13 10:01:00,111600,111700,111100,111100,337
2026-04-13 10:02:00,111200,111300,110700,110700,320
2026-04-13 10:03:00,110600,111400,110600,111400,987
2026-04-13 10:04:00,111200,111300,111000,111000,562
2026-04-13 10:05:00,110900,110900,110200,110400,218
2026-04-13 10:06:00,110400,110500,110000,110300,865
2026-04-13 10:07:00,110400,110500,110200,110400,157
2026-04-13 10:08:00,110300,110500,110200,110200,397
2026-04-13 10:09:00,110200,110700,110200,110200,214
2026-04-13 10:10:00,110200,111000,110200,111000,450
2026-04-13 10:11:00,111000,111200,110900,111100,211
2026-04-13 10:12:00,111200,111200,110800,110900,285
2026-04-13 10:13:00,110900,111200,110400,110600,1465
2026-04-13 10:14:00,110600,110900,110600,110700,265
2026-04-13 10:15:00,110800,110800,110300,110500,788
2026-04-13 10:16:00,110500,110800,110300,110400,131
2026-04-13 10:17:00,110400,110500,110200,110200,145
2026-04-13 10:18:00,110400,110500,110200,110500,702
2026-04-13 10:19:00,110500,110900,110200,110800,289
2026-04-13 10:20:00,110900,111300,110800,111200,2496
2026-04-13 10:21:00,111200,111400,111200,111400,669
2026-04-13 10:22:00,111100,111500,110900,111100,549
2026-04-13 10:23:00,111400,111500,111000,111000,103
2026-04-13 10:24:00,111100,111400,111000,111250,316
2026-04-13 10:25:00,111250,111700,111250,111700,193
2026-04-13 10:26:00,111600,111900,111600,111700,359
2026-04-13 10:27:00,111800,111900,111800,111900,1002
2026-04-13 10:28:00,111900,112100,111700,111900,477
2026-04-13 10:29:00,112000,112050,111800,111800,174
2026-04-13 10:30:00,111800,112500,111700,111800,1408
2026-04-13 10:31:00,111800,112500,111800,112000,261
2026-04-13 10:32:00,111900,112600,111900,112100,526
2026-04-13 10:33:00,112300,112300,111500,111500,1119
2026-04-13 10:34:00,111600,111600,111400,111400,152
2026-04-13 10:35:00,111400,111600,111300,111500,325
2026-04-13 10:36:00,111500,111600,111300,111400,265
2026-04-13 10:37:00,111400,111500,111100,111200,250
2026-04-13 10:38:00,111400,111700,111200,111500,192
2026-04-13 10:39:00,111400,112000,111400,112000,461
2026-04-13 10:40:00,111700,112300,111700,112000,787
2026-04-13 10:41:00,112000,112000,111600,111600,643
2026-04-13 10:42:00,111600,111900,111600,111900,123
2026-04-13 10:43:00,111900,112000,111700,111800,76
2026-04-13 10:44:00,111900,111900,111700,111700,95
2026-04-13 10:45:00,111700,111700,111400,111400,235
2026-04-13 10:46:00,111450,111500,111400,111400,136
2026-04-13 10:47:00,111400,111400,111200,111200,100
2026-04-13 10:48:00,111300,111700,111300,111400,172
2026-04-13 10:49:00,111500,111800,111400,111800,70
2026-04-13 10:50:00,111700,111800,111500,111800,362
2026-04-13 10:51:00,111700,111800,111700,111700,300
2026-04-13 10:52:00,111800,111800,111500,111600,152
2026-04-13 10:53:00,111600,111600,111500,111500,605
2026-04-13 10:54:00,111400,111500,111300,111300,169
2026-04-13 10:55:00,111300,111400,111300,111300,193
2026-04-13 10:56:00,111400,111500,111300,111400,176
2026-04-13 10:57:00,111300,111400,111300,111300,105
2026-04-13 10:58:00,111400,111500,111400,111400,273
2026-04-13 10:59:00,111300,111500,111300,111300,317
2026-04-13 11:00:00,111300,111700,111300,111600,187
2026-04-13 11:01:00,111500,111600,111400,111500,122
2026-04-13 11:02:00,111600,111600,111200,111500,206
2026-04-13 11:03:00,111200,111200,110900,110900,1168
2026-04-13 11:04:00,110900,111000,110600,110900,271
2026-04-13 11:05:00,110900,110900,110500,110500,183
2026-04-13 11:06:00,110700,110800,110300,110400,175
2026-04-13 11:07:00,110300,110800,110300,110400,293
2026-04-13 11:08:00,110500,110600,110100,110500,294
2026-04-13 11:09:00,110500,110800,110300,110800,130
2026-04-13 11:10:00,110800,110900,110100,110700,399
2026-04-13 11:11:00,110700,110700,110100,110100,1071
2026-04-13 11:12:00,110400,110700,110200,110600,233
2026-04-13 11:13:00,110600,110600,110200,110200,331
2026-04-13 11:14:00,110400,110400,110200,110200,159
2026-04-13 11:15:00,110300,110600,110000,110400,288
2026-04-13 11:16:00,110400,110800,110100,110500,529
2026-04-13 11:17:00,110500,110500,110200,110200,44
2026-04-13 11:18:00,110200,110500,110000,110200,252
2026-04-13 11:19:00,110200,110400,110200,110300,75
2026-04-13 11:20:00,110300,110500,110100,110500,322
2026-04-13 11:21:00,110400,110500,110300,110400,72
2026-04-13 11:22:00,110400,110500,110100,110300,134
2026-04-13 11:23:00,110400,110500,110100,110100,73
2026-04-13 11:24:00,110100,110200,110000,110000,781
2026-04-13 11:25:00,110100,110200,109900,110200,292
2026-04-13 11:26:00,110200,110200,109900,110000,333
2026-04-13 11:27:00,110000,110100,110000,110100,88
2026-04-13 11:28:00,110000,110100,109900,110000,316
2026-04-13 11:29:00,110000,110100,109600,109600,189
2026-04-13 11:30:00,109700,109800,109500,109500,1187
2026-04-13 11:31:00,109500,109700,109500,109500,368
2026-04-13 11:32:00,109600,109700,109500,109600,219
2026-04-13 11:33:00,109700,109700,109300,109500,224
2026-04-13 11:34:00,109500,109700,109300,109600,438
2026-04-13 11:35:00,109400,109600,109400,109600,81
2026-04-13 11:36:00,109600,109800,109400,109600,612
2026-04-13 11:37:00,109500,109600,109400,109500,414
2026-04-13 11:38:00,109500,109600,109500,109500,120
2026-04-13 11:39:00,109600,109600,109400,109400,128
2026-04-13 11:40:00,109400,109500,109300,109400,195
2026-04-13 11:41:00,109400,109500,109300,109500,183
2026-04-13 11:42:00,109500,109500,109400,109500,164
2026-04-13 11:43:00,109500,109500,109200,109500,221
2026-04-13 11:44:00,109300,109500,109300,109400,254
2026-04-13 11:45:00,109400,109700,109400,109500,223
2026-04-13 11:46:00,109500,109600,109400,109400,272
2026-04-13 11:47:00,109400,109500,109300,109500,166
2026-04-13 11:48:00,109400,109600,109400,109500,272
2026-04-13 11:49:00,109500,109500,109200,109400,793
2026-04-13 11:50:00,109400,109400,109300,109300,222
2026-04-13 11:51:00,109300,109400,109300,109300,127
2026-04-13 11:52:00,109300,109400,109300,109300,147
2026-04-13 11:53:00,109300,109400,109200,109300,262
2026-04-13 11:54:00,109300,109300,109100,109200,384
2026-04-13 11:55:00,109200,109400,109100,109100,492
2026-04-13 11:56:00,109100,109400,109000,109100,94
2026-04-13 11:57:00,109000,109300,109000,109300,324
2026-04-13 11:58:00,109300,109600,109200,109200,838
2026-04-13 11:59:00,109400,109500,109400,109400,113
2026-04-13 12:00:00,109400,109800,109400,109700,724
2026-04-13 12:01:00,109700,109800,109400,109400,310
2026-04-13 12:02:00,109400,109700,109400,109400,514
2026-04-13 12:03:00,109500,109500,109300,109300,58
2026-04-13 12:04:00,109200,109300,109200,109300,67
2026-04-13 12:05:00,109200,109300,109200,109300,109
2026-04-13 12:06:00,109200,109300,109100,109200,218
2026-04-13 12:07:00,109200,109200,109100,109100,190
2026-04-13 12:08:00,109100,109200,109100,109100,522
2026-04-13 12:09:00,109000,109200,109000,109100,70
2026-04-13 12:10:00,109100,109100,108900,108900,127
2026-04-13 12:11:00,108900,108900,108800,108800,108
2026-04-13 12:12:00,108800,109000,108700,108800,534
2026-04-13 12:13:00,108800,108900,108700,108800,113
2026-04-13 12:14:00,108700,108800,108600,108800,109
2026-04-13 12:15:00,108800,109000,108700,108900,106
2026-04-13 12:16:00,108700,108800,108500,108700,63
2026-04-13 12:17:00,108600,108600,108400,108400,463
2026-04-13 12:18:00,108400,108800,108300,108500,168
2026-04-13 12:19:00,108500,108500,108300,108400,50
2026-04-13 12:20:00,108300,108500,108200,108400,248
2026-04-13 12:21:00,108400,108400,108100,108200,1241
2026-04-13 12:22:00,108200,108600,108200,108500,203
2026-04-13 12:23:00,108600,108700,108500,108700,158
2026-04-13 12:24:00,108500,108600,108100,108600,80
2026-04-13 12:25:00,108600,108700,108400,108500,54
2026-04-13 12:26:00,108500,108600,108400,108600,62
2026-04-13 12:27:00,108500,108700,108500,108600,186
2026-04-13 12:28:00,108600,108900,108600,108600,139
2026-04-13 12:29:00,108900,108900,108500,108600,342
2026-04-13 12:30:00,108600,108700,108400,108400,88
2026-04-13 12:31:00,108500,108600,108400,108600,120
2026-04-13 12:32:00,108500,108700,108500,108700,45
2026-04-13 12:33:00,108700,108700,108400,108500,79
2026-04-13 12:34:00,108500,108500,108300,108500,250
2026-04-13 12:35:00,108500,108700,108100,108600,1208
2026-04-13 12:36:00,108400,108700,108300,108500,656
2026-04-13 12:37:00,108500,108500,108300,108500,99
2026-04-13 12:38:00,108500,108800,108300,108700,145
2026-04-13 12:39:00,108600,108600,108400,108500,83
2026-04-13 12:40:00,108600,108700,108500,108500,25
2026-04-13 12:41:00,108600,108600,108500,108600,128
2026-04-13 12:42:00,108700,108900,108600,108900,169
2026-04-13 12:43:00,108900,108900,108600,108600,192
2026-04-13 12:44:00,108700,108700,108600,108700,523
2026-04-13 12:45:00,108800,109000,108700,109000,61
2026-04-13 12:46:00,108900,109000,108900,109000,219
2026-04-13 12:47:00,109000,109000,108800,109000,561
2026-04-13 12:48:00,109000,109000,108900,109000,132
2026-04-13 12:49:00,109000,109000,108900,109000,98
2026-04-13 12:50:00,109000,109000,108900,108900,120
2026-04-13 12:51:00,108900,108900,108800,108800,74
2026-04-13 12:52:00,108900,108900,108800,108900,68
2026-04-13 12:53:00,108900,109000,108800,108900,89
2026-04-13 12:54:00,108900,108900,108800,108800,52
2026-04-13 12:55:00,108900,108900,108800,108900,29
2026-04-13 12:56:00,108900,109000,108800,108800,170
2026-04-13 12:57:00,108800,108900,108700,108900,342
2026-04-13 12:58:00,108800,109000,108800,109000,61
2026-04-13 12:59:00,108900,108900,108800,108800,72
2026-04-13 13:00:00,108800,109000,108700,108700,267
2026-04-13 13:01:00,108800,108900,108700,108700,274
2026-04-13 13:02:00,108900,108900,108700,108700,218
2026-04-13 13:03:00,108800,108900,108700,108700,281
2026-04-13 13:04:00,108700,108800,108400,108500,675
2026-04-13 13:05:00,108500,108500,108400,108400,233
2026-04-13 13:06:00,108400,108500,108000,108100,147
2026-04-13 13:07:00,108100,108100,107600,107800,205
2026-04-13 13:08:00,107700,108300,107700,108200,656
2026-04-13 13:09:00,108200,108200,108000,108100,42
2026-04-13 13:10:00,108000,108000,107600,107600,155
2026-04-13 13:11:00,107700,107800,107600,107800,206
2026-04-13 13:12:00,107800,107900,107700,107900,94
2026-04-13 13:13:00,107800,108600,107800,108600,632
2026-04-13 13:14:00,108500,108600,108300,108600,268
2026-04-13 13:15:00,108600,108600,108500,108600,275
2026-04-13 13:16:00,108600,108700,108500,108600,103
2026-04-13 13:17:00,108600,108700,108400,108400,142
2026-04-13 13:18:00,108400,108600,108300,108600,253
2026-04-13 13:19:00,108600,108700,108600,108600,180
2026-04-13 13:20:00,108600,109000,108500,108800,532
2026-04-13 13:21:00,108900,108900,108700,108700,129
2026-04-13 13:22:00,108600,108900,108500,108700,187
2026-04-13 13:23:00,108800,108800,108500,108600,137
2026-04-13 13:24:00,108700,108700,108400,108400,256
2026-04-13 13:25:00,108400,108500,108300,108500,617
2026-04-13 13:26:00,108500,108700,108500,108700,260
2026-04-13 13:27:00,108600,108700,108500,108500,366
2026-04-13 13:28:00,108500,108900,108300,108400,215
2026-04-13 13:29:00,108800,108900,108400,108800,132
2026-04-13 13:30:00,108900,108900,108700,108700,137
2026-04-13 13:31:00,108800,108800,108500,108700,188
2026-04-13 13:32:00,108700,108700,108500,108600,202
2026-04-13 13:33:00,108500,108600,108300,108300,136
2026-04-13 13:34:00,108300,108400,108300,108300,354
2026-04-13 13:35:00,108300,108400,108300,108300,155
2026-04-13 13:36:00,108400,108700,108300,108700,319
2026-04-13 13:37:00,108500,108600,108300,108400,208
2026-04-13 13:38:00,108400,108400,108200,108200,317
2026-04-13 13:39:00,108300,108700,108200,108600,390
2026-04-13 13:40:00,108700,108900,108700,108800,204
2026-04-13 13:41:00,108700,108800,108600,108600,93
2026-04-13 13:42:00,108700,108700,108400,108600,258
2026-04-13 13:43:00,108600,108700,108400,108500,201
2026-04-13 13:44:00,108500,108800,108400,108700,331
2026-04-13 13:45:00,108800,108800,108600,108700,198
2026-04-13 13:46:00,108700,108900,108700,108700,124
2026-04-13 13:47:00,108800,108900,108600,108700,223
2026-04-13 13:48:00,108800,108800,108700,108800,146
2026-04-13 13:49:00,108800,108900,108800,108800,238
2026-04-13 13:50:00,108800,108900,108500,108500,376
2026-04-13 13:51:00,108600,108800,107300,107600,1644
2026-04-13 13:52:00,107600,107600,107100,107200,500
2026-04-13 13:53:00,107200,107400,107100,107300,585
2026-04-13 13:54:00,107200,107400,107000,107100,557
2026-04-13 13:55:00,107100,107600,107000,107200,542
2026-04-13 13:56:00,107400,107400,107200,107300,492
2026-04-13 13:57:00,107200,107500,107000,107000,956
2026-04-13 13:58:00,107100,107300,107000,107200,553
2026-04-13 13:59:00,107100,107300,107000,107100,469
2026-04-13 14:00:00,107200,107300,107000,107300,704
2026-04-13 14:01:00,107300,107400,107200,107300,698
2026-04-13 14:02:00,107300,108300,107300,107900,514
2026-04-13 14:03:00,107900,108100,107600,107700,529
2026-04-13 14:04:00,107900,108100,107700,108000,783
2026-04-13 14:05:00,107900,108300,107800,108000,608
2026-04-13 14:06:00,108000,108200,107800,108100,547
2026-04-13 14:07:00,108100,108100,107800,107800,583
2026-04-13 14:08:00,107800,108000,107700,107800,398
2026-04-13 14:09:00,107800,107900,107600,107800,849
2026-04-13 14:10:00,107800,107800,107500,107700,354
2026-04-13 14:11:00,107600,107800,107500,107600,863
2026-04-13 14:12:00,107600,107700,107500,107600,566
2026-04-13 14:13:00,107600,107700,107500,107600,496
2026-04-13 14:14:00,107600,107800,107500,107800,768
2026-04-13 14:15:00,107800,108200,107700,108200,1234
2026-04-13 14:16:00,108300,108300,107700,107900,381
2026-04-13 14:17:00,108000,108300,107800,108100,948
2026-04-13 14:18:00,108000,108200,107900,108100,699
2026-04-13 14:19:00,108100,108200,107800,107900,510
2026-04-13 14:20:00,108100,108400,107900,108400,766
2026-04-13 14:21:00,108400,108500,108100,108300,626
2026-04-13 14:22:00,108200,108500,108200,108300,534
2026-04-13 14:23:00,108300,108400,107700,108100,589
2026-04-13 14:24:00,108200,108200,107700,108000,607
2026-04-13 14:25:00,107900,108200,107900,108100,582
2026-04-13 14:26:00,108000,108200,107900,108000,657
2026-04-13 14:27:00,108000,108200,107600,108000,681
2026-04-13 14:28:00,108100,108700,107900,108700,946
2026-04-13 14:29:00,108600,108700,108100,108500,653
2026-04-13 14:30:00,108500,108800,108200,108300,421
2026-04-13 14:31:00,108300,108500,107800,108300,822
2026-04-13 14:32:00,108400,108600,108000,108600,734
2026-04-13 14:33:00,108800,108900,108500,108500,483
2026-04-13 14:34:00,108500,108700,108100,108600,580
2026-04-13 14:35:00,108400,109000,108100,108800,835
2026-04-13 14:36:00,108600,108700,108100,108500,552
2026-04-13 14:37:00,108600,108600,108300,108400,443
2026-04-13 14:38:00,108400,108700,108200,108500,841
2026-04-13 14:39:00,108500,108900,108500,108600,506
2026-04-13 14:40:00,108600,108900,108500,108500,778
2026-04-13 14:41:00,108600,108800,108500,108500,662
2026-04-13 14:42:00,108500,108800,108300,108800,2677
2026-04-13 14:43:00,108800,109100,108600,109000,747
2026-04-13 14:44:00,108800,108800,108500,108500,535
2026-04-13 14:45:00,108400,108900,108200,108800,869
2026-04-13 14:46:00,108400,108800,108200,108600,644
2026-04-13 14:47:00,108600,108900,108200,108800,878
2026-04-13 14:48:00,108800,109000,108500,109000,892
2026-04-13 14:49:00,109100,109300,108500,109200,1044
2026-04-13 14:50:00,109200,109300,108600,109100,534
2026-04-13 14:51:00,109100,109200,108700,109000,664
2026-04-13 14:52:00,108800,109300,108700,109300,870
2026-04-13 14:53:00,109000,109400,108900,109300,567
2026-04-13 14:54:00,108900,109300,108800,109100,711
2026-04-13 14:55:00,109100,109300,108900,108900,618
2026-04-13 14:56:00,109000,109300,108900,109100,463
2026-04-13 14:57:00,109200,109200,109000,109000,540
2026-04-13 14:58:00,109000,109100,108500,108600,892
2026-04-13 14:59:00,108600,109100,108500,108700,873
2026-04-13 15:00:00,108700,109500,108400,109200,545
2026-04-13 15:01:00,109200,109500,109100,109200,479
2026-04-13 15:02:00,109200,109400,109000,109300,470
2026-04-13 15:03:00,109200,109400,108500,109300,493
2026-04-13 15:04:00,109300,109300,108500,109200,474
2026-04-13 15:05:00,109200,109200,109000,109100,211
2026-04-13 15:06:00,109000,109100,109000,109000,275
2026-04-13 15:07:00,109000,109100,108800,108800,533
2026-04-13 15:08:00,108900,108900,108700,108700,201
2026-04-13 15:09:00,108700,108800,108600,108700,262
2026-04-13 15:10:00,108800,109200,108800,109100,565
2026-04-13 15:11:00,109100,109200,108900,109100,257
2026-04-13 15:12:00,109100,109100,108800,108800,422
2026-04-13 15:13:00,108800,109000,108700,109000,436
2026-04-13 15:14:00,109000,109000,108500,108500,308
2026-04-13 15:15:00,108400,108600,108300,108400,410
2026-04-13 15:16:00,108400,108600,108400,108400,347
2026-04-13 15:17:00,108400,109000,108400,108800,500
2026-04-13 15:18:00,108700,108900,108100,108700,702
2026-04-13 15:19:00,108900,108900,107700,108600,363
2026-04-13 15:30:00,108600,108600,108600,108600,2817
