date_idx,open,high,low,close,volume
2026-03-11 11:24:00,30850,30850,30800,30800,714
2026-03-11 11:25:00,30800,30850,30800,30850,60
2026-03-11 11:26:00,30850,30850,30800,30850,186
2026-03-11 11:27:00,30850,30850,30750,30800,261
2026-03-11 11:28:00,30800,30800,30750,30800,220
2026-03-11 11:29:00,30800,30800,30750,30750,487
2026-03-11 11:30:00,30750,30750,30700,30750,2215
2026-03-11 11:31:00,30775,30850,30750,30800,4907
2026-03-11 11:32:00,30750,30850,30750,30800,820
2026-03-11 11:33:00,30850,30850,30750,30850,205
2026-03-11 11:34:00,30800,30900,30800,30900,287
2026-03-11 11:35:00,30900,30900,30750,30750,95
2026-03-11 11:36:00,30750,30800,30750,30800,63
2026-03-11 11:37:00,30800,30800,30750,30750,957
2026-03-11 11:38:00,30750,30800,30750,30800,527
2026-03-11 11:39:00,30800,30800,30750,30800,209
2026-03-11 11:40:00,30800,30800,30750,30800,332
2026-03-11 11:41:00,30800,30800,30750,30750,128
2026-03-11 11:42:00,30750,30800,30750,30750,114
2026-03-11 11:43:00,30800,30800,30750,30750,540
2026-03-11 11:44:00,30800,30800,30700,30750,1821
2026-03-11 11:45:00,30750,30750,30700,30700,798
2026-03-11 11:46:00,30750,30750,30700,30700,1191
2026-03-11 11:47:00,30700,30750,30700,30750,2357
2026-03-11 11:48:00,30750,30750,30700,30750,189
2026-03-11 11:49:00,30700,30700,30700,30700,539
2026-03-11 11:50:00,30700,30700,30700,30700,177
2026-03-11 11:51:00,30750,30750,30750,30750,6
2026-03-11 11:52:00,30750,30750,30650,30700,646
2026-03-11 11:53:00,30700,30700,30650,30650,460
2026-03-11 11:54:00,30700,30700,30650,30700,535
2026-03-11 11:55:00,30700,30700,30650,30650,239
2026-03-11 11:56:00,30700,30700,30700,30700,294
2026-03-11 11:57:00,30700,30750,30700,30750,341
2026-03-11 11:58:00,30750,30750,30700,30700,517
2026-03-11 11:59:00,30750,30800,30750,30750,188
2026-03-11 12:00:00,30750,30750,30700,30750,761
2026-03-11 12:01:00,30750,30750,30700,30750,879
2026-03-11 12:02:00,30750,30750,30700,30700,147
2026-03-11 12:03:00,30700,30750,30700,30750,25
2026-03-11 12:04:00,30750,30750,30700,30750,751
2026-03-11 12:05:00,30750,30750,30700,30700,175
2026-03-11 12:06:00,30750,30750,30700,30750,352
2026-03-11 12:07:00,30750,30750,30750,30750,255
2026-03-11 12:08:00,30750,30750,30700,30700,766
2026-03-11 12:09:00,30750,30750,30750,30750,193
2026-03-11 12:10:00,30750,30750,30700,30750,549
2026-03-11 12:11:00,30700,30750,30700,30750,145
2026-03-11 12:12:00,30750,30750,30700,30700,322
2026-03-11 12:13:00,30700,30700,30700,30700,487
2026-03-11 12:14:00,30700,30800,30700,30700,2159
2026-03-11 12:15:00,30700,30800,30700,30800,501
2026-03-11 12:16:00,30800,30800,30700,30750,665
2026-03-11 12:17:00,30750,30800,30725,30750,654
2026-03-11 12:18:00,30750,30750,30700,30700,38
2026-03-11 12:19:00,30750,30800,30750,30800,187
2026-03-11 12:20:00,30800,30850,30800,30800,866
2026-03-11 12:21:00,30850,30850,30850,30850,98
2026-03-11 12:22:00,30850,30850,30800,30850,767
2026-03-11 12:23:00,30850,30850,30800,30800,612
2026-03-11 12:24:00,30800,30850,30800,30800,94
2026-03-11 12:25:00,30850,30850,30800,30800,253
2026-03-11 12:26:00,30800,30850,30800,30850,845
2026-03-11 12:27:00,30850,30900,30850,30900,1033
2026-03-11 12:28:00,30900,30900,30850,30850,393
2026-03-11 12:29:00,30850,30900,30850,30850,183
2026-03-11 12:30:00,30850,30900,30800,30850,523
2026-03-11 12:31:00,30850,30850,30800,30800,314
2026-03-11 12:32:00,30800,30850,30800,30800,169
2026-03-11 12:33:00,30800,30850,30800,30850,335
2026-03-11 12:34:00,30800,30850,30800,30800,209
2026-03-11 12:35:00,30800,30850,30800,30850,395
2026-03-11 12:36:00,30850,30900,30800,30800,464
2026-03-11 12:37:00,30800,31000,30800,30950,2812
2026-03-11 12:38:00,31000,31000,30950,31000,1595
2026-03-11 12:39:00,30950,31000,30950,30950,458
2026-03-11 12:40:00,30950,30950,30800,30800,766
2026-03-11 12:41:00,30850,30850,30800,30800,265
2026-03-11 12:42:00,30800,30850,30800,30850,606
2026-03-11 12:43:00,30850,30850,30800,30800,522
2026-03-11 12:44:00,30850,30850,30800,30800,249
2026-03-11 12:45:00,30800,30850,30750,30800,1603
2026-03-11 12:46:00,30750,30800,30700,30700,1145
2026-03-11 12:47:00,30750,30750,30700,30750,411
2026-03-11 12:48:00,30750,30750,30750,30750,90
2026-03-11 12:49:00,30750,30750,30700,30750,778
2026-03-11 12:50:00,30750,30750,30700,30700,1366
2026-03-11 12:51:00,30700,30700,30700,30700,169
2026-03-11 12:52:00,30700,30700,30650,30700,299
2026-03-11 12:53:00,30700,30700,30650,30650,339
2026-03-11 12:54:00,30650,30750,30650,30700,716
2026-03-11 12:55:00,30750,30750,30700,30700,206
2026-03-11 12:56:00,30750,30750,30700,30750,244
2026-03-11 12:57:00,30750,30750,30700,30700,243
2026-03-11 12:58:00,30750,30800,30700,30700,125
2026-03-11 12:59:00,30750,30800,30750,30800,751
2026-03-11 13:00:00,30800,30800,30700,30700,584
2026-03-11 13:01:00,30700,30700,30650,30700,123
2026-03-11 13:02:00,30700,30700,30650,30700,362
2026-03-11 13:03:00,30675,30700,30650,30700,48
2026-03-11 13:04:00,30700,30700,30700,30700,849
2026-03-11 13:05:00,30700,30700,30650,30700,529
2026-03-11 13:06:00,30700,30700,30650,30650,121
2026-03-11 13:07:00,30675,30750,30675,30750,220
2026-03-11 13:08:00,30750,30750,30700,30750,147
2026-03-11 13:09:00,30700,30700,30700,30700,300
2026-03-11 13:10:00,30750,30750,30700,30750,763
2026-03-11 13:11:00,30750,30750,30750,30750,22
2026-03-11 13:12:00,30750,30750,30750,30750,48
2026-03-11 13:13:00,30700,30750,30700,30700,145
2026-03-11 13:14:00,30700,30700,30700,30700,153
2026-03-11 13:15:00,30750,30750,30700,30750,1585
2026-03-11 13:16:00,30750,30800,30700,30700,1463
2026-03-11 13:17:00,30750,30750,30650,30700,2461
2026-03-11 13:18:00,30700,30750,30700,30750,1673
2026-03-11 13:19:00,30700,30750,30700,30700,551
2026-03-11 13:20:00,30700,30750,30650,30700,1030
2026-03-11 13:21:00,30700,30750,30700,30750,124
2026-03-11 13:22:00,30700,30750,30700,30750,98
2026-03-11 13:23:00,30750,30800,30750,30750,335
2026-03-11 13:24:00,30800,30800,30750,30800,458
2026-03-11 13:25:00,30800,30800,30750,30750,550
2026-03-11 13:26:00,30750,30750,30700,30700,195
2026-03-11 13:27:00,30750,30750,30700,30750,309
2026-03-11 13:28:00,30750,30750,30700,30700,90
2026-03-11 13:29:00,30750,30750,30700,30700,269
2026-03-11 13:30:00,30700,30700,30700,30700,45
2026-03-11 13:31:00,30750,30750,30700,30700,156
2026-03-11 13:32:00,30750,30750,30700,30700,163
2026-03-11 13:33:00,30750,30750,30700,30700,474
2026-03-11 13:34:00,30750,30750,30700,30700,3656
2026-03-11 13:35:00,30700,30700,30650,30700,72
2026-03-11 13:36:00,30650,30700,30650,30650,82
2026-03-11 13:37:00,30650,30700,30650,30650,673
2026-03-11 13:38:00,30650,30650,30650,30650,55
2026-03-11 13:39:00,30650,30700,30500,30550,15615
2026-03-11 13:40:00,30600,30600,30550,30550,222
2026-03-11 13:41:00,30550,30600,30550,30600,1028
2026-03-11 13:42:00,30600,30600,30500,30500,1041
2026-03-11 13:43:00,30550,30550,30500,30550,409
2026-03-11 13:44:00,30550,30550,30500,30550,396
2026-03-11 13:45:00,30550,30550,30500,30550,4999
2026-03-11 13:46:00,30500,30550,30450,30500,627
2026-03-11 13:47:00,30550,30600,30500,30500,837
2026-03-11 13:48:00,30500,30550,30500,30550,112
2026-03-11 13:49:00,30550,30600,30550,30550,685
2026-03-11 13:50:00,30550,30550,30500,30500,94
2026-03-11 13:51:00,30500,30550,30500,30500,186
2026-03-11 13:52:00,30500,30550,30500,30550,773
2026-03-11 13:53:00,30500,30550,30450,30500,1342
2026-03-11 13:54:00,30500,30500,30450,30450,445
2026-03-11 13:55:00,30500,30500,30450,30450,1188
2026-03-11 13:56:00,30450,30450,30400,30400,883
2026-03-11 13:57:00,30450,30450,30350,30350,1473
2026-03-11 13:58:00,30400,30450,30400,30450,741
2026-03-11 13:59:00,30450,30450,30400,30400,734
2026-03-11 14:00:00,30400,30450,30400,30450,1103
2026-03-11 14:01:00,30450,30500,30450,30500,607
2026-03-11 14:02:00,30500,30500,30500,30500,526
2026-03-11 14:03:00,30450,30500,30400,30500,926
2026-03-11 14:04:00,30500,30500,30450,30450,30
2026-03-11 14:05:00,30475,30500,30450,30500,640
2026-03-11 14:06:00,30500,30500,30500,30500,151
2026-03-11 14:07:00,30500,30500,30450,30500,448
2026-03-11 14:08:00,30500,30500,30450,30500,206
2026-03-11 14:09:00,30500,30500,30450,30450,667
2026-03-11 14:10:00,30450,30450,30400,30400,847
2026-03-11 14:11:00,30400,30450,30350,30350,2173
2026-03-11 14:12:00,30400,30400,30350,30350,1225
2026-03-11 14:13:00,30375,30400,30350,30400,197
2026-03-11 14:14:00,30350,30400,30350,30350,2877
2026-03-11 14:15:00,30350,30350,30250,30350,3164
2026-03-11 14:16:00,30300,30350,30300,30300,379
2026-03-11 14:17:00,30350,30400,30250,30350,1062
2026-03-11 14:18:00,30350,30350,30300,30300,534
2026-03-11 14:19:00,30300,30300,30250,30250,659
2026-03-11 14:20:00,30250,30250,30200,30250,6189
2026-03-11 14:21:00,30250,30300,30200,30250,676
2026-03-11 14:22:00,30300,30300,30200,30200,873
2026-03-11 14:23:00,30200,30200,30150,30200,801
2026-03-11 14:24:00,30200,30200,30150,30200,3636
2026-03-11 14:25:00,30150,30250,30150,30250,515
2026-03-11 14:26:00,30250,30250,30150,30200,89
2026-03-11 14:27:00,30200,30200,30100,30150,967
2026-03-11 14:28:00,30150,30250,30150,30250,1272
2026-03-11 14:29:00,30250,30250,30150,30150,555
2026-03-11 14:30:00,30150,30175,30100,30100,1718
2026-03-11 14:31:00,30150,30150,30100,30150,579
2026-03-11 14:32:00,30150,30150,30100,30150,857
2026-03-11 14:33:00,30150,30150,30100,30150,367
2026-03-11 14:34:00,30150,30150,30100,30100,1051
2026-03-11 14:35:00,30100,30150,30050,30050,6089
2026-03-11 14:36:00,30050,30100,30000,30000,4717
2026-03-11 14:37:00,30000,30000,29800,29850,7545
2026-03-11 14:38:00,29900,30050,29900,30050,1256
2026-03-11 14:39:00,30050,30050,30025,30025,145
2026-03-11 14:40:00,30000,30050,29925,29950,1213
2026-03-11 14:41:00,30000,30000,29850,29900,1426
2026-03-11 14:42:00,29850,29900,29850,29850,402
2026-03-11 14:43:00,29850,29850,29800,29800,845
2026-03-11 14:44:00,29800,29850,29750,29750,3348
2026-03-11 14:45:00,29800,29800,29650,29700,4920
2026-03-11 14:46:00,29700,29700,29600,29600,2254
2026-03-11 14:47:00,29650,29850,29600,29750,3288
2026-03-11 14:48:00,29800,29800,29650,29700,1413
2026-03-11 14:49:00,29700,29750,29650,29700,583
2026-03-11 14:50:00,29750,29950,29700,29850,4760
2026-03-11 14:51:00,29800,29850,29800,29800,617
2026-03-11 14:52:00,29800,29850,29700,29800,2394
2026-03-11 14:53:00,29700,29800,29700,29800,557
2026-03-11 14:54:00,29800,29800,29600,29600,1408
2026-03-11 14:55:00,29650,29650,29550,29550,4448
2026-03-11 14:56:00,29500,29700,29500,29550,2718
2026-03-11 14:57:00,29550,29600,29550,29550,213
2026-03-11 14:58:00,29550,29600,29500,29600,1624
2026-03-11 14:59:00,29550,29600,29400,29400,5026
2026-03-11 15:00:00,29450,29500,29275,29275,3912
2026-03-11 15:01:00,29275,29450,29275,29350,4628
2026-03-11 15:02:00,29300,29500,29150,29200,4954
2026-03-11 15:03:00,29250,29300,29150,29250,1676
2026-03-11 15:04:00,29250,29500,29200,29500,1721
2026-03-11 15:05:00,29500,29500,29350,29350,1428
2026-03-11 15:06:00,29400,29650,29400,29600,3848
2026-03-11 15:07:00,29600,29700,29600,29700,1084
2026-03-11 15:08:00,29700,29850,29650,29800,1805
2026-03-11 15:09:00,29800,29950,29750,29850,1864
2026-03-11 15:10:00,29850,29900,29650,29750,2473
2026-03-11 15:11:00,29700,29900,29700,29900,1288
2026-03-11 15:12:00,29850,29900,29800,29850,2457
2026-03-11 15:13:00,29800,30000,29800,30000,2348
2026-03-11 15:14:00,29950,30000,29900,29950,1225
2026-03-11 15:15:00,29950,29975,29900,29950,1266
2026-03-11 15:16:00,29950,30000,29900,30000,2616
2026-03-11 15:17:00,30000,30050,29950,30000,1607
2026-03-11 15:18:00,30000,30050,29900,29900,2280
2026-03-11 15:19:00,29900,30000,29850,29850,1113
2026-03-11 15:30:00,30350,30350,30350,30350,22992
2026-03-11 15:35:00,30350,30350,30350,30350,833
2026-03-12 09:00:00,29850,30100,29700,29850,7679
2026-03-12 09:01:00,29850,29950,29700,29800,4733
2026-03-12 09:02:00,29800,30200,29750,30000,9241
2026-03-12 09:03:00,30000,30000,29700,29750,3481
2026-03-12 09:04:00,29750,29850,29700,29750,4342
2026-03-12 09:05:00,29750,29800,29700,29750,3357
2026-03-12 09:06:00,29700,29800,29700,29750,4049
2026-03-12 09:07:00,29800,29800,29550,29550,7452
2026-03-12 09:08:00,29550,29600,29500,29550,7311
2026-03-12 09:09:00,29550,29650,29350,29350,4497
2026-03-12 09:10:00,29400,29500,29350,29450,4749
2026-03-12 09:11:00,29450,29600,29450,29500,970
2026-03-12 09:12:00,29600,29600,29450,29450,1392
2026-03-12 09:13:00,29450,29500,29400,29500,1393
2026-03-12 09:14:00,29500,29550,29450,29500,1566
2026-03-12 09:15:00,29550,29750,29500,29600,1496
2026-03-12 09:16:00,29550,29750,29550,29700,1728
2026-03-12 09:17:00,29700,29750,29700,29750,1732
2026-03-12 09:18:00,29750,29900,29650,29750,1452
2026-03-12 09:19:00,29750,29800,29750,29800,408
2026-03-12 09:20:00,29800,29800,29750,29800,747
2026-03-12 09:21:00,29800,29850,29750,29850,2009
2026-03-12 09:22:00,29850,29850,29650,29650,2775
2026-03-12 09:23:00,29650,29650,29600,29650,1298
2026-03-12 09:24:00,29600,29700,29600,29650,1087
2026-03-12 09:25:00,29700,29750,29650,29650,1529
2026-03-12 09:26:00,29600,29700,29600,29650,730
2026-03-12 09:27:00,29650,29700,29650,29700,726
2026-03-12 09:28:00,29700,29700,29650,29650,1244
2026-03-12 09:29:00,29650,29700,29650,29650,1066
2026-03-12 09:30:00,29700,29900,29600,29850,4136
2026-03-12 09:31:00,29850,29900,29850,29900,1095
2026-03-12 09:32:00,29900,30100,29850,30000,5997
2026-03-12 09:33:00,30000,30025,29950,29950,893
2026-03-12 09:34:00,30000,30100,30000,30000,500
2026-03-12 09:35:00,30050,30100,29900,29950,1982
2026-03-12 09:36:00,29950,29950,29900,29900,1491
2026-03-12 09:37:00,29950,30000,29950,29950,533
2026-03-12 09:38:00,30000,30100,30000,30000,2123
2026-03-12 09:39:00,30000,30100,30000,30050,305
2026-03-12 09:40:00,30100,30100,29850,29900,7502
2026-03-12 09:41:00,29850,29900,29850,29850,1442
2026-03-12 09:42:00,29850,29850,29750,29750,1047
2026-03-12 09:43:00,29750,29750,29700,29700,437
2026-03-12 09:44:00,29750,29950,29700,29950,2366
2026-03-12 09:45:00,29850,29850,29800,29800,977
2026-03-12 09:46:00,29800,29850,29800,29800,946
2026-03-12 09:47:00,29800,29850,29750,29800,1175
2026-03-12 09:48:00,29800,29800,29750,29750,1165
2026-03-12 09:49:00,29750,29750,29700,29750,1384
2026-03-12 09:50:00,29800,29800,29750,29750,1833
2026-03-12 09:51:00,29750,29800,29700,29750,616
2026-03-12 09:52:00,29750,29750,29600,29600,3975
2026-03-12 09:53:00,29650,29700,29600,29650,1237
2026-03-12 09:54:00,29650,29700,29600,29650,976
2026-03-12 09:55:00,29650,29700,29650,29675,665
2026-03-12 09:56:00,29675,29750,29600,29750,3706
2026-03-12 09:57:00,29700,29700,29650,29700,230
2026-03-12 09:58:00,29700,29700,29650,29700,406
2026-03-12 09:59:00,29700,29700,29650,29650,1298
2026-03-12 10:00:00,29650,29650,29600,29650,2358
2026-03-12 10:01:00,29650,29650,29550,29550,287
2026-03-12 10:02:00,29600,29600,29500,29500,2968
2026-03-12 10:03:00,29550,29550,29500,29500,272
2026-03-12 10:04:00,29500,29550,29500,29550,2803
2026-03-12 10:05:00,29550,29600,29500,29500,861
2026-03-12 10:06:00,29550,29550,29500,29550,315
2026-03-12 10:07:00,29500,29550,29500,29500,750
2026-03-12 10:08:00,29550,29575,29500,29550,494
2026-03-12 10:09:00,29550,29550,29450,29450,3221
2026-03-12 10:10:00,29550,29550,29450,29500,250
2026-03-12 10:11:00,29500,29550,29450,29500,606
2026-03-12 10:12:00,29500,29500,29450,29500,651
2026-03-12 10:13:00,29500,29550,29500,29500,457
2026-03-12 10:14:00,29500,29550,29500,29550,430
2026-03-12 10:15:00,29550,29550,29500,29550,370
2026-03-12 10:16:00,29550,29600,29550,29600,172
2026-03-12 10:17:00,29600,29600,29550,29550,309
2026-03-12 10:18:00,29550,29600,29550,29550,412
2026-03-12 10:19:00,29550,29600,29550,29550,469
2026-03-12 10:20:00,29550,29600,29550,29600,156
2026-03-12 10:21:00,29550,29600,29550,29600,612
2026-03-12 10:22:00,29600,29600,29600,29600,786
2026-03-12 10:23:00,29600,29600,29550,29600,3253
2026-03-12 10:24:00,29600,29650,29600,29650,49
2026-03-12 10:25:00,29650,29650,29600,29650,461
2026-03-12 10:26:00,29600,29650,29600,29650,1227
2026-03-12 10:27:00,29600,29650,29600,29600,170
2026-03-12 10:28:00,29650,29650,29600,29600,53
2026-03-12 10:29:00,29600,29650,29600,29600,53
2026-03-12 10:30:00,29650,29650,29550,29550,666
2026-03-12 10:31:00,29600,29600,29500,29550,2425
2026-03-12 10:32:00,29500,29550,29500,29550,690
2026-03-12 10:33:00,29550,29600,29500,29600,940
2026-03-12 10:34:00,29600,29600,29550,29600,168
2026-03-12 10:35:00,29550,29600,29550,29550,609
2026-03-12 10:36:00,29600,29700,29500,29700,3566
2026-03-12 10:37:00,29700,29700,29600,29700,179
2026-03-12 10:38:00,29700,29700,29650,29650,772
2026-03-12 10:39:00,29700,29750,29650,29700,983
2026-03-12 10:40:00,29700,29800,29700,29700,530
2026-03-12 10:41:00,29750,29800,29700,29750,400
2026-03-12 10:42:00,29750,29800,29750,29800,379
2026-03-12 10:43:00,29800,29800,29750,29750,282
2026-03-12 10:44:00,29800,29800,29775,29800,205
2026-03-12 10:45:00,29800,29850,29750,29800,357
2026-03-12 10:46:00,29800,29800,29750,29800,221
2026-03-12 10:47:00,29800,29800,29650,29700,1717
2026-03-12 10:48:00,29700,29750,29700,29700,137
2026-03-12 10:49:00,29700,29750,29550,29650,2068
2026-03-12 10:50:00,29600,29600,29550,29600,556
2026-03-12 10:51:00,29600,29600,29600,29600,5
2026-03-12 10:52:00,29600,29600,29550,29550,145
2026-03-12 10:53:00,29600,29600,29500,29500,1998
2026-03-12 10:54:00,29500,29550,29450,29450,3142
2026-03-12 10:55:00,29450,29500,29450,29500,308
2026-03-12 10:56:00,29500,29500,29450,29500,1694
2026-03-12 10:57:00,29500,29500,29450,29450,3910
2026-03-12 10:58:00,29450,29500,29450,29500,221
2026-03-12 10:59:00,29500,29650,29450,29650,2267
2026-03-12 11:00:00,29650,29650,29450,29550,922
2026-03-12 11:01:00,29550,29550,29500,29500,373
2026-03-12 11:02:00,29500,29500,29450,29450,388
2026-03-12 11:03:00,29500,29500,29450,29500,1266
2026-03-12 11:04:00,29450,29500,29450,29450,186
2026-03-12 11:05:00,29500,29550,29450,29500,1100
2026-03-12 11:06:00,29500,29500,29500,29500,62
2026-03-12 11:07:00,29500,29500,29450,29450,615
2026-03-12 11:08:00,29500,29500,29450,29500,359
2026-03-12 11:09:00,29500,29500,29450,29450,55
2026-03-12 11:10:00,29450,29500,29450,29475,218
2026-03-12 11:11:00,29450,29450,29350,29350,7602
2026-03-12 11:12:00,29350,29400,29350,29400,220
2026-03-12 11:13:00,29400,29400,29350,29400,560
2026-03-12 11:14:00,29400,29400,29350,29400,3319
2026-03-12 11:15:00,29400,29400,29300,29350,3550
2026-03-12 11:16:00,29350,29350,29300,29300,617
2026-03-12 11:17:00,29350,29350,29350,29350,1371
2026-03-12 11:18:00,29350,29350,29300,29300,567
2026-03-12 11:19:00,29350,29350,29350,29350,268
2026-03-12 11:20:00,29350,29350,29300,29350,260
2026-03-12 11:21:00,29350,29350,29350,29350,543
2026-03-12 11:22:00,29350,29350,29300,29300,850
2026-03-12 11:23:00,29300,29300,29250,29250,4515
2026-03-12 11:24:00,29300,29300,29250,29250,72
2026-03-12 11:25:00,29250,29300,29250,29300,354
2026-03-12 11:26:00,29300,29300,29250,29250,760
2026-03-12 11:27:00,29250,29300,29250,29300,209
2026-03-12 11:28:00,29300,29300,29250,29250,30
2026-03-12 11:29:00,29300,29300,29250,29300,104
2026-03-12 11:30:00,29300,29300,29250,29300,930
2026-03-12 11:31:00,29300,29300,29250,29300,463
2026-03-12 11:32:00,29300,29300,29250,29300,148
2026-03-12 11:33:00,29250,29300,29250,29300,372
2026-03-12 11:34:00,29300,29300,29250,29250,286
2026-03-12 11:35:00,29300,29300,29250,29300,55
2026-03-12 11:36:00,29300,29300,29200,29250,5830
2026-03-12 11:37:00,29250,29250,29100,29150,3777
2026-03-12 11:38:00,29100,29100,29050,29100,2323
2026-03-12 11:39:00,29100,29150,29050,29150,1285
2026-03-12 11:40:00,29150,29250,29100,29250,439
2026-03-12 11:41:00,29250,29300,29250,29250,361
2026-03-12 11:42:00,29250,29275,29250,29275,234
2026-03-12 11:43:00,29250,29275,29250,29275,56
2026-03-12 11:44:00,29275,29275,29250,29250,43
2026-03-12 11:45:00,29250,29250,29250,29250,347
2026-03-12 11:46:00,29275,29275,29150,29200,403
2026-03-12 11:47:00,29200,29200,29100,29150,668
2026-03-12 11:48:00,29150,29150,29100,29150,172
2026-03-12 11:49:00,29100,29150,29100,29150,260
2026-03-12 11:50:00,29150,29150,29100,29100,446
2026-03-12 11:51:00,29100,29150,29050,29100,1724
2026-03-12 11:52:00,29100,29100,29050,29100,652
2026-03-12 11:53:00,29100,29100,29050,29100,861
2026-03-12 11:54:00,29150,29150,29100,29150,205
2026-03-12 11:55:00,29150,29200,29100,29150,428
2026-03-12 11:56:00,29150,29150,29100,29150,132
2026-03-12 11:57:00,29150,29250,29150,29250,685
2026-03-12 11:58:00,29225,29225,29200,29225,59
2026-03-12 11:59:00,29200,29250,29200,29250,752
2026-03-12 12:00:00,29250,29250,29200,29200,192
2026-03-12 12:01:00,29200,29250,29200,29200,68
2026-03-12 12:02:00,29200,29250,29200,29250,323
2026-03-12 12:03:00,29200,29250,29150,29150,403
2026-03-12 12:04:00,29150,29200,29150,29150,329
2026-03-12 12:05:00,29150,29200,29150,29150,1121
2026-03-12 12:06:00,29150,29200,29150,29150,311
2026-03-12 12:07:00,29200,29200,29150,29150,693
2026-03-12 12:08:00,29150,29200,29150,29150,111
2026-03-12 12:09:00,29150,29150,29100,29150,267
2026-03-12 12:10:00,29150,29150,29150,29150,271
2026-03-12 12:11:00,29150,29150,29100,29100,1998
2026-03-12 12:12:00,29150,29150,29050,29050,1246
2026-03-12 12:13:00,29100,29100,29050,29100,82
2026-03-12 12:14:00,29100,29100,29050,29050,396
2026-03-12 12:15:00,29050,29100,29050,29100,64
2026-03-12 12:16:00,29100,29100,29050,29100,400
2026-03-12 12:17:00,29100,29100,29050,29050,348
2026-03-12 12:18:00,29050,29100,29050,29100,60
2026-03-12 12:19:00,29050,29100,29050,29100,440
2026-03-12 12:20:00,29100,29200,29050,29100,3200
2026-03-12 12:21:00,29100,29200,29100,29200,854
2026-03-12 12:22:00,29200,29200,29150,29150,46
2026-03-12 12:23:00,29150,29200,29100,29100,177
2026-03-12 12:24:00,29100,29200,29100,29200,496
2026-03-12 12:25:00,29200,29200,29100,29100,297
2026-03-12 12:26:00,29100,29150,29100,29150,656
2026-03-12 12:27:00,29150,29150,29050,29100,345
2026-03-12 12:28:00,29100,29150,29100,29100,444
2026-03-12 12:29:00,29100,29150,29100,29100,427
2026-03-12 12:30:00,29100,29150,29100,29100,344
2026-03-12 12:31:00,29100,29150,29100,29150,371
2026-03-12 12:32:00,29100,29150,29100,29100,218
2026-03-12 12:33:00,29150,29150,29050,29150,1400
2026-03-12 12:34:00,29100,29150,29100,29150,280
2026-03-12 12:35:00,29150,29150,29100,29100,265
2026-03-12 12:36:00,29100,29100,29050,29100,767
2026-03-12 12:37:00,29100,29100,29050,29100,362
2026-03-12 12:38:00,29050,29100,29050,29050,1064
2026-03-12 12:39:00,29100,29100,29050,29100,1104
2026-03-12 12:40:00,29050,29050,29000,29050,4355
2026-03-12 12:41:00,29050,29050,29000,29050,516
2026-03-12 12:42:00,29050,29050,29000,29050,435
2026-03-12 12:43:00,29050,29050,29000,29000,113
2026-03-12 12:44:00,29025,29050,29000,29050,697
2026-03-12 12:45:00,29050,29050,29000,29050,293
2026-03-12 12:46:00,29050,29050,29000,29000,269
2026-03-12 12:47:00,29050,29050,29000,29000,1220
2026-03-12 12:48:00,29000,29050,29000,29000,1578
2026-03-12 12:49:00,29000,29050,29000,29000,592
2026-03-12 12:50:00,29050,29100,29000,29100,4963
2026-03-12 12:51:00,29100,29200,29100,29100,672
2026-03-12 12:52:00,29100,29200,29100,29200,57
2026-03-12 12:53:00,29200,29200,29100,29100,167
2026-03-12 12:54:00,29100,29150,29100,29150,187
2026-03-12 12:55:00,29150,29150,29150,29150,256
2026-03-12 12:56:00,29150,29150,29100,29150,158
2026-03-12 12:57:00,29150,29200,29100,29200,724
2026-03-12 12:58:00,29200,29200,29100,29150,71
2026-03-12 12:59:00,29150,29150,29150,29150,833
2026-03-12 13:00:00,29100,29200,29100,29150,478
2026-03-12 13:01:00,29100,29150,29100,29100,685
2026-03-12 13:02:00,29150,29150,29100,29150,315
2026-03-12 13:03:00,29150,29150,29100,29150,237
2026-03-12 13:04:00,29150,29150,29100,29150,507
2026-03-12 13:05:00,29150,29150,29100,29150,485
2026-03-12 13:06:00,29150,29150,29100,29100,108
2026-03-12 13:07:00,29150,29150,29150,29150,64
2026-03-12 13:08:00,29150,29150,29100,29100,69
2026-03-12 13:09:00,29125,29125,29050,29100,3437
2026-03-12 13:10:00,29050,29100,29050,29100,118
2026-03-12 13:11:00,29100,29100,29050,29050,139
2026-03-12 13:12:00,29100,29100,29050,29050,221
2026-03-12 13:13:00,29050,29100,29050,29100,2494
2026-03-12 13:14:00,29100,29100,29050,29050,1726
2026-03-12 13:15:00,29100,29100,29050,29100,483
2026-03-12 13:16:00,29100,29250,29100,29200,1510
2026-03-12 13:17:00,29200,29200,29150,29200,76
2026-03-12 13:18:00,29200,29200,29050,29200,2887
2026-03-12 13:19:00,29200,29200,29150,29150,293
2026-03-12 13:20:00,29150,29150,29150,29150,57
2026-03-12 13:21:00,29150,29150,29100,29150,459
2026-03-12 13:22:00,29150,29150,29100,29150,146
2026-03-12 13:23:00,29100,29200,29100,29200,409
2026-03-12 13:24:00,29150,29150,29150,29150,439
2026-03-12 13:25:00,29100,29150,29100,29150,1287
2026-03-12 13:26:00,29150,29150,29100,29100,763
2026-03-12 13:27:00,29100,29150,29100,29100,214
2026-03-12 13:28:00,29150,29150,29100,29100,297
2026-03-12 13:29:00,29150,29150,29100,29150,594
2026-03-12 13:30:00,29200,29200,29100,29200,536
2026-03-12 13:31:00,29200,29250,29150,29200,213
2026-03-12 13:32:00,29200,29200,29150,29200,80
2026-03-12 13:33:00,29150,29200,29150,29200,354
2026-03-12 13:34:00,29200,29200,29150,29150,91
2026-03-12 13:35:00,29150,29150,29100,29100,2112
2026-03-12 13:36:00,29100,29100,29050,29100,2590
2026-03-12 13:37:00,29075,29100,29050,29100,381
2026-03-12 13:38:00,29100,29100,29050,29100,62
2026-03-12 13:39:00,29100,29100,29050,29050,284
2026-03-12 13:40:00,29100,29100,29050,29050,805
2026-03-12 13:41:00,29100,29100,29050,29050,695
2026-03-12 13:42:00,29050,29150,29050,29150,748
2026-03-12 13:43:00,29150,29150,29100,29150,144
2026-03-12 13:44:00,29125,29150,29100,29100,65
2026-03-12 13:45:00,29100,29150,29100,29150,262
2026-03-12 13:46:00,29150,29150,29150,29150,440
2026-03-12 13:47:00,29150,29200,29100,29100,646
2026-03-12 13:48:00,29100,29150,29100,29150,242
2026-03-12 13:49:00,29150,29150,29100,29100,443
2026-03-12 13:50:00,29100,29150,29100,29150,890
2026-03-12 13:51:00,29150,29150,29100,29100,28
2026-03-12 13:52:00,29100,29150,29100,29100,81
2026-03-12 13:53:00,29100,29100,29100,29100,520
2026-03-12 13:54:00,29150,29150,29100,29100,161
2026-03-12 13:55:00,29100,29150,29100,29100,69
2026-03-12 13:56:00,29100,29100,29100,29100,211
2026-03-12 13:57:00,29100,29100,29100,29100,199
2026-03-12 13:58:00,29100,29100,29100,29100,106
2026-03-12 13:59:00,29100,29100,29050,29050,1710
2026-03-12 14:00:00,29075,29100,29050,29100,290
2026-03-12 14:01:00,29050,29100,29050,29050,225
2026-03-12 14:02:00,29100,29200,29050,29200,2779
2026-03-12 14:03:00,29200,29250,29100,29200,964
2026-03-12 14:04:00,29200,29200,29100,29100,584
2026-03-12 14:05:00,29100,29200,29100,29150,111
2026-03-12 14:06:00,29125,29200,29100,29150,574
2026-03-12 14:07:00,29150,29250,29150,29200,678
2026-03-12 14:08:00,29200,29200,29150,29200,137
2026-03-12 14:09:00,29200,29250,29150,29200,614
2026-03-12 14:10:00,29150,29200,29150,29200,748
2026-03-12 14:11:00,29200,29250,29150,29250,433
2026-03-12 14:12:00,29250,29250,29200,29200,143
2026-03-12 14:13:00,29250,29250,29200,29200,100
2026-03-12 14:14:00,29250,29250,29200,29250,238
2026-03-12 14:15:00,29200,29250,29200,29200,466
2026-03-12 14:16:00,29250,29250,29200,29250,348
2026-03-12 14:17:00,29250,29250,29200,29200,94
2026-03-12 14:18:00,29200,29250,29200,29200,105
2026-03-12 14:19:00,29250,29250,29150,29200,1027
2026-03-12 14:20:00,29200,29200,29150,29150,377
2026-03-12 14:21:00,29150,29250,29150,29150,918
2026-03-12 14:22:00,29150,29200,29150,29200,552
2026-03-12 14:23:00,29200,29200,29150,29200,616
2026-03-12 14:24:00,29200,29200,29150,29150,119
2026-03-12 14:25:00,29150,29200,29150,29150,152
2026-03-12 14:26:00,29150,29200,29150,29200,257
2026-03-12 14:27:00,29200,29200,29150,29150,65
2026-03-12 14:28:00,29150,29200,29150,29200,365
2026-03-12 14:29:00,29200,29200,29150,29150,617
2026-03-12 14:30:00,29200,29200,29150,29150,500
2026-03-12 14:31:00,29150,29200,29150,29200,201
2026-03-12 14:32:00,29150,29200,29150,29150,48
2026-03-12 14:33:00,29150,29200,29150,29200,90
2026-03-12 14:34:00,29200,29200,29150,29150,1352
2026-03-12 14:35:00,29150,29200,29150,29200,105
2026-03-12 14:36:00,29150,29200,29150,29150,48
2026-03-12 14:37:00,29150,29200,29150,29150,162
2026-03-12 14:38:00,29150,29200,29150,29200,162
2026-03-12 14:39:00,29150,29200,29150,29200,268
2026-03-12 14:40:00,29150,29200,29150,29200,142
2026-03-12 14:41:00,29150,29250,29150,29200,1902
2026-03-12 14:42:00,29250,29250,29200,29200,251
2026-03-12 14:43:00,29250,29250,29200,29200,624
2026-03-12 14:44:00,29200,29250,29200,29200,356
2026-03-12 14:45:00,29200,29300,29200,29250,313
2026-03-12 14:46:00,29250,29250,29200,29200,252
2026-03-12 14:47:00,29200,29250,29200,29200,187
2026-03-12 14:48:00,29200,29250,29200,29200,678
2026-03-12 14:49:00,29200,29250,29200,29200,118
2026-03-12 14:50:00,29200,29200,29150,29200,519
2026-03-12 14:51:00,29200,29200,29150,29200,538
2026-03-12 14:52:00,29200,29200,29150,29200,361
2026-03-12 14:53:00,29200,29200,29200,29200,76
2026-03-12 14:54:00,29200,29250,29200,29250,413
2026-03-12 14:55:00,29250,29250,29200,29200,81
2026-03-12 14:56:00,29200,29200,29150,29150,1706
2026-03-12 14:57:00,29150,29175,29150,29175,658
2026-03-12 14:58:00,29150,29175,29150,29150,894
2026-03-12 14:59:00,29175,29200,29150,29150,1580
2026-03-12 15:00:00,29200,29200,29150,29200,629
2026-03-12 15:01:00,29200,29200,29150,29150,697
2026-03-12 15:02:00,29150,29200,29150,29200,713
2026-03-12 15:03:00,29150,29200,29100,29150,5060
2026-03-12 15:04:00,29150,29150,29100,29150,176
2026-03-12 15:05:00,29150,29150,29100,29100,613
2026-03-12 15:06:00,29100,29150,29100,29150,961
2026-03-12 15:07:00,29150,29150,29000,29000,27725
2026-03-12 15:08:00,29050,29050,29000,29000,1855
2026-03-12 15:09:00,29050,29050,29000,29000,887
2026-03-12 15:10:00,29050,29050,29000,29050,260
2026-03-12 15:11:00,29000,29050,29000,29050,700
2026-03-12 15:12:00,29050,29050,29000,29000,315
2026-03-12 15:13:00,29000,29050,29000,29050,444
2026-03-12 15:14:00,29050,29050,29000,29050,5822
2026-03-12 15:15:00,29050,29100,29000,29050,2872
2026-03-12 15:16:00,29000,29100,29000,29050,1569
2026-03-12 15:17:00,29050,29100,29050,29100,1257
2026-03-12 15:18:00,29050,29100,29050,29100,599
2026-03-12 15:19:00,29100,29150,29050,29100,3308
2026-03-12 15:30:00,29050,29050,29050,29050,30976
2026-03-12 15:35:00,29050,29050,29050,29050,326
2026-03-13 09:00:00,28200,28300,27750,27950,22137
2026-03-13 09:01:00,27900,28200,27800,28050,6366
2026-03-13 09:02:00,28050,28150,27950,28000,5110
2026-03-13 09:03:00,28100,28200,28050,28100,5182
2026-03-13 09:04:00,28100,28200,28100,28200,999
2026-03-13 09:05:00,28200,28200,28100,28200,4023
2026-03-13 09:06:00,28200,28300,28150,28300,2739
2026-03-13 09:07:00,28300,28400,28200,28200,2910
2026-03-13 09:08:00,28200,28250,28150,28150,1916
2026-03-13 09:09:00,28150,28200,28050,28100,1972
2026-03-13 09:10:00,28100,28250,28100,28100,2701
2026-03-13 09:11:00,28100,28150,28000,28000,8256
2026-03-13 09:12:00,28000,28050,27900,27900,3177
2026-03-13 09:13:00,28050,28150,27950,28000,2327
2026-03-13 09:14:00,28000,28050,27950,28000,940
2026-03-13 09:15:00,28050,28200,28050,28200,2361
2026-03-13 09:16:00,28250,28550,28100,28400,4028
2026-03-13 09:17:00,28450,28500,28350,28450,714
2026-03-13 09:18:00,28400,28400,28250,28350,509
2026-03-13 09:19:00,28350,28400,28300,28350,418
2026-03-13 09:20:00,28350,28400,28300,28350,1046
2026-03-13 09:21:00,28400,28400,28300,28350,1070
2026-03-13 09:22:00,28350,28350,28150,28150,4475
2026-03-13 09:23:00,28150,28250,28050,28100,2317
2026-03-13 09:24:00,28100,28250,28100,28250,495
2026-03-13 09:25:00,28200,28450,28150,28400,3461
2026-03-13 09:26:00,28400,28400,28300,28400,776
2026-03-13 09:27:00,28450,28550,28450,28500,1073
2026-03-13 09:28:00,28550,28600,28500,28500,828
2026-03-13 09:29:00,28500,28500,28300,28300,1213
2026-03-13 09:30:00,28300,28500,28300,28350,615
2026-03-13 09:31:00,28400,28450,28350,28450,323
2026-03-13 09:32:00,28450,28600,28400,28600,1662
2026-03-13 09:33:00,28600,28700,28600,28650,1065
2026-03-13 09:34:00,28650,28850,28600,28800,5786
2026-03-13 09:35:00,28800,28850,28600,28600,1547
2026-03-13 09:36:00,28650,28650,28500,28500,1555
2026-03-13 09:37:00,28550,28600,28450,28500,1675
2026-03-13 09:38:00,28550,28650,28500,28550,379
2026-03-13 09:39:00,28600,28600,28350,28350,1399
2026-03-13 09:40:00,28450,28450,28350,28425,996
2026-03-13 09:41:00,28400,28400,28250,28250,2078
2026-03-13 09:42:00,28250,28300,28200,28300,430
2026-03-13 09:43:00,28300,28300,28300,28300,358
2026-03-13 09:44:00,28300,28350,28250,28300,470
2026-03-13 09:45:00,28350,28350,28300,28300,573
2026-03-13 09:46:00,28300,28350,28250,28350,1127
2026-03-13 09:47:00,28300,28400,28300,28400,875
2026-03-13 09:48:00,28400,28500,28400,28400,684
2026-03-13 09:49:00,28400,28450,28350,28350,825
2026-03-13 09:50:00,28350,28400,28300,28350,522
2026-03-13 09:51:00,28350,28400,28300,28300,1342
2026-03-13 09:52:00,28300,28350,28300,28300,1582
2026-03-13 09:53:00,28300,28300,28300,28300,164
2026-03-13 09:54:00,28300,28350,28300,28350,194
2026-03-13 09:55:00,28350,28400,28300,28350,735
2026-03-13 09:56:00,28400,28450,28350,28350,1637
2026-03-13 09:57:00,28400,28450,28400,28400,205
2026-03-13 09:58:00,28400,28500,28400,28500,215
2026-03-13 09:59:00,28450,28600,28450,28500,297
2026-03-13 10:00:00,28550,28550,28450,28450,779
2026-03-13 10:01:00,28500,28500,28400,28450,825
2026-03-13 10:02:00,28400,28450,28300,28300,1776
2026-03-13 10:03:00,28300,28375,28300,28350,2454
2026-03-13 10:04:00,28350,28350,28250,28300,805
2026-03-13 10:05:00,28300,28350,28250,28350,1070
2026-03-13 10:06:00,28350,28400,28300,28400,970
2026-03-13 10:07:00,28400,28400,28350,28350,653
2026-03-13 10:08:00,28400,28400,28300,28300,452
2026-03-13 10:09:00,28300,28450,28300,28400,1072
2026-03-13 10:10:00,28400,28450,28350,28350,895
2026-03-13 10:11:00,28350,28350,28250,28300,1175
2026-03-13 10:12:00,28300,28300,28250,28300,1173
2026-03-13 10:13:00,28300,28300,28250,28250,740
2026-03-13 10:14:00,28300,28300,28250,28300,802
2026-03-13 10:15:00,28300,28350,28250,28250,681
2026-03-13 10:16:00,28250,28300,28250,28250,662
2026-03-13 10:17:00,28250,28350,28250,28300,1362
2026-03-13 10:18:00,28350,28400,28300,28350,1119
2026-03-13 10:19:00,28350,28450,28350,28450,649
2026-03-13 10:20:00,28450,28450,28400,28450,537
2026-03-13 10:21:00,28450,28500,28400,28450,872
2026-03-13 10:22:00,28450,28550,28300,28550,9222
2026-03-13 10:23:00,28550,28550,28350,28400,1340
2026-03-13 10:24:00,28400,28450,28350,28400,1069
2026-03-13 10:25:00,28400,28500,28400,28400,642
2026-03-13 10:26:00,28400,28400,28200,28300,12708
2026-03-13 10:27:00,28300,28400,28000,28400,11734
2026-03-13 10:28:00,28400,28500,28350,28350,901
2026-03-13 10:29:00,28350,28400,28350,28400,543
2026-03-13 10:30:00,28400,28550,28350,28500,1618
2026-03-13 10:31:00,28500,28600,28400,28600,1502
2026-03-13 10:32:00,28600,28650,28550,28650,1132
2026-03-13 10:33:00,28650,28700,28550,28550,978
2026-03-13 10:34:00,28600,28750,28550,28650,1588
2026-03-13 10:35:00,28650,28700,28550,28550,865
2026-03-13 10:36:00,28600,28650,28500,28650,1084
2026-03-13 10:37:00,28650,28750,28600,28700,935
2026-03-13 10:38:00,28700,28750,28650,28750,767
2026-03-13 10:39:00,28700,28750,28650,28650,934
2026-03-13 10:40:00,28650,28700,28600,28650,1252
2026-03-13 10:41:00,28700,28700,28600,28650,760
2026-03-13 10:42:00,28600,28650,28500,28500,1661
2026-03-13 10:43:00,28500,28550,28500,28500,506
2026-03-13 10:44:00,28500,28600,28500,28550,1049
2026-03-13 10:45:00,28550,28600,28500,28500,681
2026-03-13 10:46:00,28500,28500,28400,28450,1937
2026-03-13 10:47:00,28450,28500,28400,28450,1311
2026-03-13 10:48:00,28425,28500,28400,28400,404
2026-03-13 10:49:00,28450,28450,28400,28400,453
2026-03-13 10:50:00,28400,28450,28350,28400,1580
2026-03-13 10:51:00,28400,28400,28350,28350,1039
2026-03-13 10:52:00,28400,28450,28400,28450,966
2026-03-13 10:53:00,28450,28450,28400,28400,842
2026-03-13 10:54:00,28400,28400,28350,28400,1185
2026-03-13 10:55:00,28350,28400,28350,28400,1366
2026-03-13 10:56:00,28400,28400,28350,28350,898
2026-03-13 10:57:00,28400,28400,28300,28350,7921
2026-03-13 10:58:00,28350,28450,28350,28450,1166
2026-03-13 10:59:00,28400,28400,28350,28350,1155
2026-03-13 11:00:00,28300,28400,28300,28350,961
2026-03-13 11:01:00,28350,28400,28350,28400,955
2026-03-13 11:02:00,28400,28400,28350,28400,373
2026-03-13 11:03:00,28400,28400,28350,28400,717
2026-03-13 11:04:00,28350,28450,28350,28400,2196
2026-03-13 11:05:00,28450,28450,28400,28400,696
2026-03-13 11:06:00,28400,28400,28350,28400,1097
2026-03-13 11:07:00,28350,28400,28350,28350,664
2026-03-13 11:08:00,28350,28400,28350,28350,689
2026-03-13 11:09:00,28350,28400,28350,28350,408
2026-03-13 11:10:00,28400,28450,28350,28450,5511
2026-03-13 11:11:00,28450,28450,28400,28400,464
2026-03-13 11:12:00,28450,28450,28400,28450,468
2026-03-13 11:13:00,28450,28450,28350,28400,1015
2026-03-13 11:14:00,28350,28350,28300,28300,1285
2026-03-13 11:15:00,28350,28350,28200,28250,2967
2026-03-13 11:16:00,28200,28250,28200,28200,412
2026-03-13 11:17:00,28225,28300,28200,28250,849
2026-03-13 11:18:00,28250,28300,28250,28250,378
2026-03-13 11:19:00,28250,28250,28250,28250,428
2026-03-13 11:20:00,28250,28300,28250,28250,624
2026-03-13 11:21:00,28250,28250,28200,28200,330
2026-03-13 11:22:00,28250,28250,28200,28250,538
2026-03-13 11:23:00,28250,28250,28150,28150,1816
2026-03-13 11:24:00,28150,28250,28150,28200,1472
2026-03-13 11:25:00,28250,28300,28200,28200,1032
2026-03-13 11:26:00,28250,28250,28150,28200,793
2026-03-13 11:27:00,28150,28300,28150,28250,752
2026-03-13 11:28:00,28250,28300,28250,28300,582
2026-03-13 11:29:00,28300,28300,28250,28250,1159
2026-03-13 11:30:00,28250,28250,28250,28250,303
2026-03-13 11:31:00,28250,28300,28250,28300,1193
2026-03-13 11:32:00,28300,28300,28250,28300,395
2026-03-13 11:33:00,28300,28300,28200,28200,851
2026-03-13 11:34:00,28200,28250,28200,28250,800
2026-03-13 11:35:00,28250,28350,28200,28250,559
2026-03-13 11:36:00,28200,28250,28200,28250,648
2026-03-13 11:37:00,28250,28250,28200,28200,357
2026-03-13 11:38:00,28200,28250,28200,28250,605
2026-03-13 11:39:00,28200,28250,28150,28200,1394
2026-03-13 11:40:00,28200,28200,28100,28150,677
2026-03-13 11:41:00,28150,28150,28100,28150,597
2026-03-13 11:42:00,28150,28150,28100,28100,890
2026-03-13 11:43:00,28150,28150,28050,28050,650
2026-03-13 11:44:00,28100,28100,28050,28050,1016
2026-03-13 11:45:00,28100,28150,28100,28100,1143
2026-03-13 11:46:00,28100,28100,28100,28100,463
2026-03-13 11:47:00,28100,28150,28100,28100,231
2026-03-13 11:48:00,28100,28150,28050,28050,1396
2026-03-13 11:49:00,28150,28150,28050,28050,857
2026-03-13 11:50:00,28050,28100,28050,28100,1372
2026-03-13 11:51:00,28100,28150,28100,28100,408
2026-03-13 11:52:00,28100,28150,28100,28100,374
2026-03-13 11:53:00,28100,28150,28100,28150,312
2026-03-13 11:54:00,28150,28150,28100,28100,376
2026-03-13 11:55:00,28100,28100,28100,28100,335
2026-03-13 11:56:00,28150,28200,28100,28150,1888
2026-03-13 11:57:00,28150,28250,28100,28100,694
2026-03-13 11:58:00,28100,28150,28100,28150,353
2026-03-13 11:59:00,28100,28150,28100,28100,419
2026-03-13 12:00:00,28100,28150,28100,28150,761
2026-03-13 12:01:00,28100,28150,28100,28150,457
2026-03-13 12:02:00,28150,28150,28100,28150,369
2026-03-13 12:03:00,28100,28150,28100,28100,537
2026-03-13 12:04:00,28150,28150,28050,28100,1153
2026-03-13 12:05:00,28050,28100,28050,28050,317
2026-03-13 12:06:00,28100,28100,28050,28100,924
2026-03-13 12:07:00,28050,28100,28050,28050,519
2026-03-13 12:08:00,28050,28100,28050,28100,767
2026-03-13 12:09:00,28100,28200,28100,28100,2012
2026-03-13 12:10:00,28175,28175,28100,28150,1409
2026-03-13 12:11:00,28150,28150,28100,28150,928
2026-03-13 12:12:00,28150,28150,28100,28100,512
2026-03-13 12:13:00,28150,28150,28100,28150,1271
2026-03-13 12:14:00,28150,28150,28100,28100,560
2026-03-13 12:15:00,28150,28150,28100,28100,1013
2026-03-13 12:16:00,28100,28100,28050,28100,367
2026-03-13 12:17:00,28100,28100,28050,28050,777
2026-03-13 12:18:00,28100,28100,28050,28050,793
2026-03-13 12:19:00,28050,28075,28050,28050,374
2026-03-13 12:20:00,28100,28100,28050,28100,369
2026-03-13 12:21:00,28050,28100,28050,28100,404
2026-03-13 12:22:00,28100,28100,28050,28050,527
2026-03-13 12:23:00,28050,28100,28000,28050,5400
2026-03-13 12:24:00,28000,28050,28000,28050,655
2026-03-13 12:25:00,28000,28050,28000,28050,534
2026-03-13 12:26:00,28000,28050,28000,28000,766
2026-03-13 12:27:00,28050,28050,28000,28050,1365
2026-03-13 12:28:00,28000,28050,28000,28000,2108
2026-03-13 12:29:00,28000,28100,28000,28050,1026
2026-03-13 12:30:00,28050,28050,28050,28050,1706
2026-03-13 12:31:00,28050,28100,28000,28100,923
2026-03-13 12:32:00,28100,28100,28050,28050,415
2026-03-13 12:33:00,28100,28100,28000,28000,1052
2026-03-13 12:34:00,28050,28100,28000,28100,6359
2026-03-13 12:35:00,28100,28100,28050,28050,558
2026-03-13 12:36:00,28050,28075,28050,28050,353
2026-03-13 12:37:00,28050,28050,28000,28000,2248
2026-03-13 12:38:00,28050,28050,28000,28050,343
2026-03-13 12:39:00,28050,28050,28000,28000,345
2026-03-13 12:40:00,28050,28100,28000,28100,1499
2026-03-13 12:41:00,28050,28050,28000,28050,474
2026-03-13 12:42:00,28050,28100,28000,28000,1245
2026-03-13 12:43:00,28050,28050,28000,28050,758
2026-03-13 12:44:00,28050,28100,28050,28050,552
2026-03-13 12:45:00,28050,28200,28050,28150,4193
2026-03-13 12:46:00,28150,28200,28100,28100,480
2026-03-13 12:47:00,28100,28100,28050,28050,763
2026-03-13 12:48:00,28150,28200,28050,28150,375
2026-03-13 12:49:00,28150,28150,28050,28150,624
2026-03-13 12:50:00,28200,28200,28100,28150,443
2026-03-13 12:51:00,28200,28200,28150,28150,384
2026-03-13 12:52:00,28150,28150,28100,28100,217
2026-03-13 12:53:00,28100,28150,28100,28100,874
2026-03-13 12:54:00,28100,28250,28100,28250,1315
2026-03-13 12:55:00,28200,28250,28150,28250,1620
2026-03-13 12:56:00,28150,28250,28150,28200,281
2026-03-13 12:57:00,28200,28200,28150,28200,663
2026-03-13 12:58:00,28200,28200,28100,28150,462
2026-03-13 12:59:00,28150,28200,28100,28200,758
2026-03-13 13:00:00,28200,28250,28150,28200,457
2026-03-13 13:01:00,28200,28200,28150,28150,356
2026-03-13 13:02:00,28150,28200,28150,28150,412
2026-03-13 13:03:00,28200,28200,28125,28150,760
2026-03-13 13:04:00,28150,28200,28100,28150,715
2026-03-13 13:05:00,28175,28200,28100,28150,686
2026-03-13 13:06:00,28150,28150,28100,28100,314
2026-03-13 13:07:00,28150,28150,28100,28100,613
2026-03-13 13:08:00,28100,28100,28100,28100,474
2026-03-13 13:09:00,28100,28150,28100,28100,348
2026-03-13 13:10:00,28150,28150,28100,28100,368
2026-03-13 13:11:00,28150,28150,28100,28100,114
2026-03-13 13:12:00,28100,28150,28100,28100,310
2026-03-13 13:13:00,28100,28100,28050,28100,1118
2026-03-13 13:14:00,28100,28100,28050,28100,880
2026-03-13 13:15:00,28050,28150,28050,28100,3311
2026-03-13 13:16:00,28100,28150,28100,28100,401
2026-03-13 13:17:00,28100,28150,28100,28150,388
2026-03-13 13:18:00,28150,28150,28100,28100,372
2026-03-13 13:19:00,28100,28150,28050,28050,3092
2026-03-13 13:20:00,28100,28100,28050,28050,1658
2026-03-13 13:21:00,28050,28100,28050,28050,372
2026-03-13 13:22:00,28050,28100,28050,28050,2958
2026-03-13 13:23:00,28000,28050,28000,28050,1542
2026-03-13 13:24:00,28050,28050,28000,28000,3781
2026-03-13 13:25:00,28000,28050,28000,28000,5694
2026-03-13 13:26:00,28000,28050,28000,28050,1159
2026-03-13 13:27:00,28050,28050,28000,28050,477
2026-03-13 13:28:00,28050,28050,28000,28000,416
2026-03-13 13:29:00,28000,28050,28000,28000,275
2026-03-13 13:30:00,28050,28050,27950,27950,3332
2026-03-13 13:31:00,27950,28000,27900,27900,4607
2026-03-13 13:32:00,27900,27950,27900,27900,591
2026-03-13 13:33:00,27950,27950,27850,27900,5214
2026-03-13 13:34:00,27900,27950,27850,27900,964
2026-03-13 13:35:00,27900,27900,27850,27850,692
2026-03-13 13:36:00,27900,27900,27850,27850,1383
2026-03-13 13:37:00,27900,27900,27850,27900,686
2026-03-13 13:38:00,27850,27900,27850,27850,958
2026-03-13 13:39:00,27900,27900,27850,27900,1693
2026-03-13 13:40:00,27900,28000,27900,27950,2274
2026-03-13 13:41:00,27900,28050,27900,28000,914
2026-03-13 13:42:00,27950,28000,27950,27950,468
2026-03-13 13:43:00,27950,27950,27850,27950,2629
2026-03-13 13:44:00,27950,28000,27900,27950,1724
2026-03-13 13:45:00,28000,28000,27900,27900,1030
2026-03-13 13:46:00,27900,27950,27850,27900,923
2026-03-13 13:47:00,27950,27950,27900,27900,885
2026-03-13 13:48:00,27950,28000,27900,28000,318
2026-03-13 13:49:00,27950,28000,27950,28000,662
2026-03-13 13:50:00,28000,28050,28000,28050,546
2026-03-13 13:51:00,28000,28050,28000,28000,1015
2026-03-13 13:52:00,28000,28050,28000,28000,425
2026-03-13 13:53:00,28050,28050,28000,28000,384
2026-03-13 13:54:00,28000,28050,28000,28000,604
2026-03-13 13:55:00,28000,28050,28000,28050,415
2026-03-13 13:56:00,28000,28000,27900,28000,2187
2026-03-13 13:57:00,28000,28000,27900,27950,790
2026-03-13 13:58:00,27950,27950,27900,27900,815
2026-03-13 13:59:00,27950,27950,27900,27900,991
2026-03-13 14:00:00,27950,28000,27900,27950,1938
2026-03-13 14:01:00,27950,28000,27900,27950,757
2026-03-13 14:02:00,27950,28000,27900,28000,963
2026-03-13 14:03:00,28000,28000,27950,27950,331
2026-03-13 14:04:00,27950,28000,27950,27950,431
2026-03-13 14:05:00,27950,28000,27900,27950,1012
2026-03-13 14:06:00,28000,28000,27950,28000,878
2026-03-13 14:07:00,28000,28050,27950,28000,739
2026-03-13 14:08:00,28000,28000,27950,28000,540
2026-03-13 14:09:00,28000,28100,27950,27950,3377
2026-03-13 14:10:00,28000,28100,28000,28000,532
2026-03-13 14:11:00,28000,28050,28000,28050,689
2026-03-13 14:12:00,28000,28050,28000,28050,333
2026-03-13 14:13:00,28000,28050,28000,28000,521
2026-03-13 14:14:00,28000,28050,28000,28000,997
2026-03-13 14:15:00,28000,28050,28000,28050,429
2026-03-13 14:16:00,28000,28000,28000,28000,358
2026-03-13 14:17:00,28050,28050,28000,28000,397
2026-03-13 14:18:00,28000,28050,28000,28050,1916
2026-03-13 14:19:00,28100,28100,28050,28050,694
2026-03-13 14:20:00,28050,28100,28000,28000,935
2026-03-13 14:21:00,28000,28050,28000,28000,619
2026-03-13 14:22:00,28050,28150,28050,28050,838
2026-03-13 14:23:00,28050,28050,28050,28050,355
2026-03-13 14:24:00,28050,28100,28050,28100,435
2026-03-13 14:25:00,28100,28100,28050,28050,422
2026-03-13 14:26:00,28050,28100,28050,28050,880
2026-03-13 14:27:00,28050,28100,28050,28050,379
2026-03-13 14:28:00,28050,28100,28050,28100,1038
2026-03-13 14:29:00,28050,28100,28050,28050,672
2026-03-13 14:30:00,28100,28250,28100,28250,2608
2026-03-13 14:31:00,28250,28250,28200,28250,938
2026-03-13 14:32:00,28250,28250,28200,28200,470
2026-03-13 14:33:00,28200,28250,28100,28250,832
2026-03-13 14:34:00,28250,28250,28100,28100,1050
2026-03-13 14:35:00,28100,28200,28100,28200,3161
2026-03-13 14:36:00,28200,28200,28100,28100,419
2026-03-13 14:37:00,28150,28250,28100,28250,1084
2026-03-13 14:38:00,28200,28250,28150,28250,822
2026-03-13 14:39:00,28150,28200,28150,28150,212
2026-03-13 14:40:00,28150,28250,28150,28200,487
2026-03-13 14:41:00,28200,28200,28100,28150,1410
2026-03-13 14:42:00,28100,28150,28100,28150,962
2026-03-13 14:43:00,28150,28150,28150,28150,835
2026-03-13 14:44:00,28150,28150,28100,28150,815
2026-03-13 14:45:00,28150,28150,28100,28100,414
2026-03-13 14:46:00,28100,28100,28050,28050,1420
2026-03-13 14:47:00,28050,28100,28050,28100,657
2026-03-13 14:48:00,28050,28100,28050,28050,438
2026-03-13 14:49:00,28050,28150,28050,28100,1788
2026-03-13 14:50:00,28100,28150,28050,28100,547
2026-03-13 14:51:00,28100,28100,28050,28100,666
2026-03-13 14:52:00,28100,28150,28050,28150,966
2026-03-13 14:53:00,28100,28150,28100,28100,1053
2026-03-13 14:54:00,28100,28200,28100,28150,817
2026-03-13 14:55:00,28150,28150,28100,28150,650
2026-03-13 14:56:00,28150,28150,28100,28100,664
2026-03-13 14:57:00,28100,28200,28100,28150,1379
2026-03-13 14:58:00,28150,28200,28100,28200,1223
2026-03-13 14:59:00,28200,28250,28100,28250,620
2026-03-13 15:00:00,28100,28150,28100,28100,662
2026-03-13 15:01:00,28100,28150,28100,28150,863
2026-03-13 15:02:00,28150,28150,28100,28100,757
2026-03-13 15:03:00,28100,28150,28100,28100,2691
2026-03-13 15:04:00,28100,28100,28050,28050,1668
2026-03-13 15:05:00,28050,28100,28050,28050,915
2026-03-13 15:06:00,28100,28100,28000,28050,1336
2026-03-13 15:07:00,28050,28050,28000,28050,2126
2026-03-13 15:08:00,28000,28100,28000,28100,2040
2026-03-13 15:09:00,28050,28100,28050,28050,1144
2026-03-13 15:10:00,28050,28100,28000,28000,1008
2026-03-13 15:11:00,28050,28100,28000,28050,1368
2026-03-13 15:12:00,28050,28100,28000,28100,933
2026-03-13 15:13:00,28050,28150,28000,28100,1359
2026-03-13 15:14:00,28100,28150,28050,28100,2254
2026-03-13 15:15:00,28050,28100,28050,28100,1241
2026-03-13 15:16:00,28100,28150,28050,28100,779
2026-03-13 15:17:00,28100,28150,28050,28100,790
2026-03-13 15:18:00,28050,28150,28050,28150,920
2026-03-13 15:19:00,28150,28150,28100,28150,2416
2026-03-13 15:30:00,28250,28250,28250,28250,8700
2026-03-13 15:35:00,28250,28250,28250,28250,693
2026-03-16 09:00:00,28000,28000,27600,27650,13233
2026-03-16 09:01:00,27650,28150,27600,28000,8941
2026-03-16 09:02:00,27950,28000,27800,27950,3503
2026-03-16 09:03:00,27950,28150,27800,28050,3084
2026-03-16 09:04:00,28100,28150,27950,28000,2451
2026-03-16 09:05:00,28000,28000,27850,27900,2915
2026-03-16 09:06:00,27850,27900,27800,27800,2836
2026-03-16 09:07:00,27800,27850,27650,27750,3886
2026-03-16 09:08:00,27750,28000,27650,27800,8906
2026-03-16 09:09:00,27850,28050,27750,27850,3677
2026-03-16 09:10:00,27900,28050,27900,28000,1707
2026-03-16 09:11:00,27950,27950,27850,27900,1243
2026-03-16 09:12:00,27900,27950,27850,27950,2535
2026-03-16 09:13:00,27900,28100,27850,28050,2926
2026-03-16 09:14:00,27950,28150,27950,28050,1197
2026-03-16 09:15:00,28050,28050,27950,27975,461
2026-03-16 09:16:00,27975,28250,27950,28200,5258
2026-03-16 09:17:00,28200,28200,28050,28200,466
2026-03-16 09:18:00,28200,28200,28000,28000,1961
2026-03-16 09:19:00,28000,28100,28000,28000,334
2026-03-16 09:20:00,28000,28050,27950,27950,1333
2026-03-16 09:21:00,27950,28000,27950,27950,505
2026-03-16 09:22:00,27950,28000,27950,28000,714
2026-03-16 09:23:00,27950,27950,27850,27900,3288
2026-03-16 09:24:00,27900,27950,27800,27900,2407
2026-03-16 09:25:00,27900,27950,27850,27850,3532
2026-03-16 09:26:00,27850,27900,27800,27800,844
2026-03-16 09:27:00,27850,27850,27750,27750,359
2026-03-16 09:28:00,27800,27800,27750,27800,1225
2026-03-16 09:29:00,27800,27800,27750,27800,675
2026-03-16 09:30:00,27800,27900,27750,27850,4037
2026-03-16 09:31:00,27900,27900,27800,27900,1479
2026-03-16 09:32:00,27800,27900,27700,27700,2426
2026-03-16 09:33:00,27750,27900,27700,27900,1778
2026-03-16 09:34:00,27850,27850,27800,27850,335
2026-03-16 09:35:00,27800,27850,27750,27850,2537
2026-03-16 09:36:00,27850,27900,27850,27900,1242
2026-03-16 09:37:00,27900,28000,27900,28000,2967
2026-03-16 09:38:00,28000,28050,28000,28050,548
2026-03-16 09:39:00,28000,28100,28000,28050,1215
2026-03-16 09:40:00,28050,28050,28000,28050,343
2026-03-16 09:41:00,28050,28050,27800,28000,2025
2026-03-16 09:42:00,27950,28000,27900,28000,418
2026-03-16 09:43:00,28000,28000,27850,27900,447
2026-03-16 09:44:00,27850,27900,27750,27850,2059
2026-03-16 09:45:00,27850,27850,27800,27800,486
2026-03-16 09:46:00,27800,27850,27800,27800,1075
2026-03-16 09:47:00,27800,27900,27800,27900,1894
2026-03-16 09:48:00,27800,27900,27800,27850,273
2026-03-16 09:49:00,27850,27900,27850,27850,170
2026-03-16 09:50:00,27850,27900,27850,27900,1254
2026-03-16 09:51:00,27900,27900,27900,27900,1016
2026-03-16 09:52:00,27900,27950,27850,27850,739
2026-03-16 09:53:00,27850,27850,27800,27800,1033
2026-03-16 09:54:00,27800,27850,27800,27850,537
2026-03-16 09:55:00,27850,27850,27850,27850,57
2026-03-16 09:56:00,27850,27850,27800,27850,135
2026-03-16 09:57:00,27800,27850,27800,27850,413
2026-03-16 09:58:00,27850,27900,27800,27900,1734
2026-03-16 09:59:00,27850,27900,27850,27900,402
2026-03-16 10:00:00,27900,27900,27850,27850,895
2026-03-16 10:01:00,27900,27900,27850,27850,495
2026-03-16 10:02:00,27850,27850,27750,27800,3350
2026-03-16 10:03:00,27800,27800,27750,27750,732
2026-03-16 10:04:00,27750,27750,27700,27700,4908
2026-03-16 10:05:00,27700,27800,27650,27800,1487
2026-03-16 10:06:00,27850,27900,27750,27750,161
2026-03-16 10:07:00,27850,27900,27750,27850,747
2026-03-16 10:08:00,27750,27850,27750,27850,332
2026-03-16 10:09:00,27750,27950,27750,27950,1984
2026-03-16 10:10:00,27950,28000,27850,27850,532
2026-03-16 10:11:00,27850,27850,27850,27850,82
2026-03-16 10:12:00,27850,27850,27800,27850,373
2026-03-16 10:13:00,27850,27850,27700,27750,2184
2026-03-16 10:14:00,27750,27750,27650,27750,3123
2026-03-16 10:15:00,27750,27750,27700,27750,676
2026-03-16 10:16:00,27750,27850,27750,27850,668
2026-03-16 10:17:00,27850,27850,27750,27750,324
2026-03-16 10:18:00,27750,27800,27750,27800,517
2026-03-16 10:19:00,27800,27800,27750,27800,536
2026-03-16 10:20:00,27800,27800,27750,27800,769
2026-03-16 10:21:00,27800,27900,27750,27900,847
2026-03-16 10:22:00,27900,27900,27850,27900,333
2026-03-16 10:23:00,27900,27900,27850,27900,293
2026-03-16 10:24:00,27900,27900,27800,27850,330
2026-03-16 10:25:00,27850,27850,27800,27850,311
2026-03-16 10:26:00,27850,27850,27750,27750,1940
2026-03-16 10:27:00,27750,27800,27750,27800,322
2026-03-16 10:28:00,27750,27800,27700,27750,338
2026-03-16 10:29:00,27700,27750,27700,27750,1679
2026-03-16 10:30:00,27750,27750,27650,27700,680
2026-03-16 10:31:00,27700,27700,27650,27650,1152
2026-03-16 10:32:00,27700,27700,27600,27600,1512
2026-03-16 10:33:00,27650,27700,27650,27700,4743
2026-03-16 10:34:00,27700,27700,27650,27700,1531
2026-03-16 10:35:00,27700,27800,27650,27800,2021
2026-03-16 10:36:00,27750,27850,27750,27800,1141
2026-03-16 10:37:00,27800,27800,27750,27800,470
2026-03-16 10:38:00,27800,27800,27750,27800,807
2026-03-16 10:39:00,27800,27800,27700,27750,1269
2026-03-16 10:40:00,27700,27750,27650,27700,1199
2026-03-16 10:41:00,27700,27700,27650,27700,223
2026-03-16 10:42:00,27650,27700,27600,27650,1895
2026-03-16 10:43:00,27650,27700,27600,27700,641
2026-03-16 10:44:00,27700,27700,27600,27600,710
2026-03-16 10:45:00,27650,27700,27600,27650,1129
2026-03-16 10:46:00,27700,27700,27600,27700,116
2026-03-16 10:47:00,27600,27650,27600,27650,592
2026-03-16 10:48:00,27650,27650,27650,27650,226
2026-03-16 10:49:00,27650,27700,27650,27700,1355
2026-03-16 10:50:00,27700,27750,27650,27750,1380
2026-03-16 10:51:00,27700,27750,27650,27700,240
2026-03-16 10:52:00,27650,27700,27650,27700,30
2026-03-16 10:53:00,27700,27750,27650,27700,1016
2026-03-16 10:54:00,27750,27750,27750,27750,15
2026-03-16 10:55:00,27750,27750,27700,27700,132
2026-03-16 10:56:00,27700,27750,27700,27750,397
2026-03-16 10:57:00,27700,27750,27650,27650,857
2026-03-16 10:58:00,27700,27750,27650,27750,800
2026-03-16 10:59:00,27750,27750,27650,27750,119
2026-03-16 11:00:00,27750,27750,27700,27700,147
2026-03-16 11:01:00,27700,27700,27650,27650,688
2026-03-16 11:02:00,27700,27700,27650,27700,616
2026-03-16 11:03:00,27700,27700,27650,27700,309
2026-03-16 11:04:00,27700,27700,27650,27650,608
2026-03-16 11:05:00,27650,27700,27650,27675,689
2026-03-16 11:06:00,27650,27700,27600,27650,1741
2026-03-16 11:07:00,27650,27650,27600,27650,203
2026-03-16 11:08:00,27650,27650,27600,27600,459
2026-03-16 11:09:00,27650,27700,27600,27700,1418
2026-03-16 11:10:00,27700,27700,27700,27700,69
2026-03-16 11:11:00,27650,27700,27650,27700,434
2026-03-16 11:12:00,27700,27700,27650,27700,689
2026-03-16 11:13:00,27700,27700,27600,27650,130
2026-03-16 11:14:00,27650,27650,27600,27650,506
2026-03-16 11:15:00,27600,27650,27600,27650,649
2026-03-16 11:16:00,27650,27650,27600,27650,98
2026-03-16 11:17:00,27600,27600,27550,27600,5014
2026-03-16 11:18:00,27600,27600,27550,27600,2296
2026-03-16 11:19:00,27600,27600,27600,27600,48
2026-03-16 11:20:00,27600,27600,27550,27550,119
2026-03-16 11:21:00,27600,27600,27500,27550,1089
2026-03-16 11:22:00,27500,27500,27450,27500,6257
2026-03-16 11:23:00,27500,27500,27450,27500,1453
2026-03-16 11:24:00,27500,27500,27450,27500,1368
2026-03-16 11:25:00,27500,27550,27450,27550,6511
2026-03-16 11:26:00,27550,27550,27400,27500,712
2026-03-16 11:27:00,27400,27500,27400,27450,138
2026-03-16 11:28:00,27450,27500,27400,27400,440
2026-03-16 11:29:00,27400,27450,27400,27450,424
2026-03-16 11:30:00,27450,27450,27400,27450,295
2026-03-16 11:31:00,27450,27450,27400,27450,720
2026-03-16 11:32:00,27450,27550,27450,27550,1525
2026-03-16 11:33:00,27500,27550,27500,27500,273
2026-03-16 11:34:00,27500,27500,27450,27500,277
2026-03-16 11:35:00,27500,27500,27450,27450,1899
2026-03-16 11:36:00,27500,27500,27400,27450,562
2026-03-16 11:37:00,27450,27500,27450,27500,462
2026-03-16 11:38:00,27450,27500,27450,27450,113
2026-03-16 11:39:00,27450,27500,27400,27450,398
2026-03-16 11:40:00,27450,27450,27400,27450,317
2026-03-16 11:41:00,27400,27500,27400,27500,900
2026-03-16 11:42:00,27450,27500,27450,27500,146
2026-03-16 11:43:00,27500,27500,27450,27450,250
2026-03-16 11:44:00,27450,27500,27400,27400,357
2026-03-16 11:45:00,27450,27450,27400,27400,141
2026-03-16 11:46:00,27450,27450,27400,27450,157
2026-03-16 11:47:00,27450,27450,27400,27450,713
2026-03-16 11:48:00,27450,27450,27400,27400,284
2026-03-16 11:49:00,27450,27450,27400,27450,426
2026-03-16 11:50:00,27450,27450,27400,27450,738
2026-03-16 11:51:00,27450,27500,27450,27500,1792
2026-03-16 11:52:00,27500,27600,27450,27600,1050
2026-03-16 11:53:00,27550,27600,27500,27600,118
2026-03-16 11:54:00,27600,27600,27500,27550,249
2026-03-16 11:55:00,27550,27600,27550,27600,250
2026-03-16 11:56:00,27550,27600,27550,27600,117
2026-03-16 11:57:00,27600,27600,27550,27600,813
2026-03-16 11:58:00,27550,27600,27550,27600,301
2026-03-16 11:59:00,27600,27600,27550,27600,126
2026-03-16 12:00:00,27600,27650,27550,27650,2010
2026-03-16 12:01:00,27600,27650,27600,27600,637
2026-03-16 12:02:00,27650,27650,27600,27650,132
2026-03-16 12:03:00,27650,27700,27650,27700,1117
2026-03-16 12:04:00,27700,27700,27700,27700,324
2026-03-16 12:05:00,27700,27700,27650,27650,543
2026-03-16 12:06:00,27650,27650,27650,27650,182
2026-03-16 12:07:00,27650,27650,27600,27650,1337
2026-03-16 12:08:00,27650,27650,27600,27650,30
2026-03-16 12:09:00,27650,27650,27600,27600,113
2026-03-16 12:10:00,27600,27650,27600,27650,1047
2026-03-16 12:11:00,27650,27650,27600,27650,128
2026-03-16 12:12:00,27600,27650,27600,27650,1829
2026-03-16 12:13:00,27625,27650,27600,27650,29
2026-03-16 12:14:00,27650,27650,27600,27600,307
2026-03-16 12:15:00,27650,27650,27650,27650,29
2026-03-16 12:16:00,27650,27650,27600,27650,43
2026-03-16 12:17:00,27650,27650,27550,27600,653
2026-03-16 12:18:00,27600,27600,27550,27550,292
2026-03-16 12:19:00,27550,27600,27500,27550,746
2026-03-16 12:20:00,27525,27550,27500,27550,1635
2026-03-16 12:21:00,27550,27550,27500,27500,245
2026-03-16 12:22:00,27500,27500,27450,27500,173
2026-03-16 12:23:00,27450,27500,27450,27500,673
2026-03-16 12:24:00,27500,27550,27450,27550,1840
2026-03-16 12:25:00,27550,27550,27500,27550,133
2026-03-16 12:26:00,27550,27550,27500,27500,68
2026-03-16 12:27:00,27500,27550,27500,27550,112
2026-03-16 12:28:00,27550,27600,27550,27600,970
2026-03-16 12:29:00,27600,27650,27550,27650,1923
2026-03-16 12:30:00,27650,27650,27600,27650,54
2026-03-16 12:31:00,27600,27700,27600,27700,660
2026-03-16 12:32:00,27650,27700,27650,27700,215
2026-03-16 12:33:00,27700,27700,27650,27700,148
2026-03-16 12:34:00,27700,27700,27650,27700,452
2026-03-16 12:35:00,27700,27700,27600,27700,113
2026-03-16 12:36:00,27700,27700,27650,27650,76
2026-03-16 12:37:00,27650,27700,27650,27700,184
2026-03-16 12:38:00,27700,27700,27650,27700,14
2026-03-16 12:39:00,27700,27800,27700,27800,2546
2026-03-16 12:40:00,27800,27800,27750,27800,118
2026-03-16 12:41:00,27800,27800,27750,27750,197
2026-03-16 12:42:00,27750,27750,27750,27750,120
2026-03-16 12:43:00,27800,27800,27750,27800,56
2026-03-16 12:44:00,27750,27800,27700,27800,553
2026-03-16 12:45:00,27800,27800,27800,27800,85
2026-03-16 12:46:00,27700,27750,27700,27750,237
2026-03-16 12:47:00,27700,27750,27700,27700,445
2026-03-16 12:48:00,27700,27700,27650,27700,105
2026-03-16 12:49:00,27700,27700,27700,27700,119
2026-03-16 12:50:00,27700,27700,27700,27700,18
2026-03-16 12:51:00,27700,27700,27650,27675,302
2026-03-16 12:52:00,27675,27700,27650,27700,169
2026-03-16 12:53:00,27700,27700,27650,27700,158
2026-03-16 12:54:00,27700,27700,27650,27700,67
2026-03-16 12:55:00,27650,27700,27600,27650,320
2026-03-16 12:56:00,27650,27650,27600,27600,141
2026-03-16 12:57:00,27600,27650,27600,27650,29
2026-03-16 12:58:00,27650,27700,27600,27700,2511
2026-03-16 12:59:00,27650,27750,27650,27750,678
2026-03-16 13:00:00,27750,27750,27700,27750,90
2026-03-16 13:01:00,27750,27750,27700,27750,35
2026-03-16 13:02:00,27750,27750,27700,27750,288
2026-03-16 13:03:00,27700,27700,27650,27700,1114
2026-03-16 13:04:00,27700,27700,27650,27650,116
2026-03-16 13:05:00,27650,27700,27650,27700,46
2026-03-16 13:06:00,27700,27700,27650,27650,357
2026-03-16 13:07:00,27700,27700,27650,27700,74
2026-03-16 13:08:00,27650,27700,27650,27700,315
2026-03-16 13:09:00,27700,27700,27650,27700,376
2026-03-16 13:10:00,27700,27700,27650,27650,655
2026-03-16 13:11:00,27650,27650,27600,27600,166
2026-03-16 13:12:00,27650,27650,27600,27650,489
2026-03-16 13:13:00,27650,27650,27650,27650,32
2026-03-16 13:14:00,27650,27650,27600,27650,54
2026-03-16 13:15:00,27650,27650,27600,27650,145
2026-03-16 13:16:00,27650,27650,27600,27600,184
2026-03-16 13:17:00,27650,27650,27600,27650,149
2026-03-16 13:18:00,27650,27650,27600,27650,201
2026-03-16 13:19:00,27650,27650,27600,27600,1790
2026-03-16 13:20:00,27600,27600,27550,27600,162
2026-03-16 13:21:00,27600,27600,27550,27600,599
2026-03-16 13:22:00,27550,27600,27550,27600,741
2026-03-16 13:23:00,27600,27600,27550,27600,433
2026-03-16 13:24:00,27550,27600,27550,27600,190
2026-03-16 13:25:00,27600,27600,27550,27550,1100
2026-03-16 13:26:00,27550,27600,27550,27600,914
2026-03-16 13:27:00,27600,27600,27550,27550,224
2026-03-16 13:28:00,27550,27600,27500,27550,637
2026-03-16 13:29:00,27550,27550,27500,27500,422
2026-03-16 13:30:00,27550,27550,27500,27500,531
2026-03-16 13:31:00,27550,27550,27500,27550,100
2026-03-16 13:32:00,27500,27550,27500,27550,23
2026-03-16 13:33:00,27550,27550,27500,27500,1267
2026-03-16 13:34:00,27550,27550,27500,27550,198
2026-03-16 13:35:00,27500,27550,27500,27550,3
2026-03-16 13:36:00,27550,27550,27500,27550,776
2026-03-16 13:37:00,27500,27550,27500,27550,149
2026-03-16 13:38:00,27550,27550,27500,27550,171
2026-03-16 13:39:00,27550,27550,27500,27500,713
2026-03-16 13:40:00,27500,27550,27500,27500,1807
2026-03-16 13:41:00,27500,27500,27450,27500,329
2026-03-16 13:42:00,27500,27500,27400,27400,2139
2026-03-16 13:43:00,27450,27450,27400,27450,508
2026-03-16 13:44:00,27450,27450,27400,27450,318
2026-03-16 13:45:00,27400,27450,27400,27400,223
2026-03-16 13:46:00,27450,27450,27400,27450,330
2026-03-16 13:47:00,27450,27450,27425,27450,730
2026-03-16 13:48:00,27450,27450,27400,27450,785
2026-03-16 13:49:00,27450,27450,27450,27450,63
2026-03-16 13:50:00,27450,27450,27400,27400,159
2026-03-16 13:51:00,27400,27450,27400,27450,106
2026-03-16 13:52:00,27450,27450,27400,27450,283
2026-03-16 13:53:00,27450,27500,27400,27450,3581
2026-03-16 13:54:00,27500,27500,27450,27450,265
2026-03-16 13:55:00,27500,27500,27500,27500,87
2026-03-16 13:56:00,27500,27500,27450,27500,89
2026-03-16 13:57:00,27500,27500,27450,27500,295
2026-03-16 13:58:00,27500,27500,27450,27500,185
2026-03-16 13:59:00,27450,27500,27450,27450,710
2026-03-16 14:00:00,27450,27500,27450,27450,824
2026-03-16 14:01:00,27450,27450,27400,27450,139
2026-03-16 14:02:00,27450,27450,27450,27450,327
2026-03-16 14:03:00,27450,27450,27425,27450,97
2026-03-16 14:04:00,27450,27450,27425,27450,33
2026-03-16 14:05:00,27450,27450,27425,27450,517
2026-03-16 14:06:00,27450,27450,27400,27450,45
2026-03-16 14:07:00,27450,27450,27450,27450,259
2026-03-16 14:08:00,27450,27450,27400,27450,848
2026-03-16 14:09:00,27450,27450,27400,27450,916
2026-03-16 14:10:00,27450,27450,27400,27450,275
2026-03-16 14:11:00,27450,27450,27450,27450,102
2026-03-16 14:12:00,27450,27450,27450,27450,166
2026-03-16 14:13:00,27425,27450,27400,27450,174
2026-03-16 14:14:00,27450,27450,27400,27400,175
2026-03-16 14:15:00,27450,27450,27400,27400,646
2026-03-16 14:16:00,27450,27450,27400,27450,1554
2026-03-16 14:17:00,27450,27500,27400,27500,981
2026-03-16 14:18:00,27500,27500,27450,27500,282
2026-03-16 14:19:00,27450,27450,27400,27450,575
2026-03-16 14:20:00,27450,27450,27400,27450,105
2026-03-16 14:21:00,27450,27450,27400,27450,178
2026-03-16 14:22:00,27450,27450,27400,27450,454
2026-03-16 14:23:00,27450,27450,27400,27450,594
2026-03-16 14:24:00,27450,27450,27400,27400,553
2026-03-16 14:25:00,27450,27450,27450,27450,129
2026-03-16 14:26:00,27400,27450,27400,27450,345
2026-03-16 14:27:00,27450,27450,27400,27450,3149
2026-03-16 14:28:00,27450,27450,27450,27450,428
2026-03-16 14:29:00,27450,27500,27450,27500,242
2026-03-16 14:30:00,27450,27500,27450,27500,857
2026-03-16 14:31:00,27500,27500,27400,27450,315
2026-03-16 14:32:00,27450,27450,27450,27450,124
2026-03-16 14:33:00,27450,27450,27450,27450,128
2026-03-16 14:34:00,27450,27450,27400,27450,651
2026-03-16 14:35:00,27450,27450,27450,27450,121
2026-03-16 14:36:00,27450,27450,27400,27450,174
2026-03-16 14:37:00,27450,27450,27400,27450,1102
2026-03-16 14:38:00,27450,27450,27400,27400,190
2026-03-16 14:39:00,27450,27450,27400,27450,368
2026-03-16 14:40:00,27400,27450,27400,27400,503
2026-03-16 14:41:00,27450,27450,27400,27450,959
2026-03-16 14:42:00,27450,27450,27400,27400,660
2026-03-16 14:43:00,27450,27450,27400,27400,243
2026-03-16 14:44:00,27400,27450,27400,27450,197
2026-03-16 14:45:00,27450,27450,27400,27450,368
2026-03-16 14:46:00,27400,27450,27400,27450,715
2026-03-16 14:47:00,27450,27450,27400,27450,1736
2026-03-16 14:48:00,27450,27450,27400,27450,208
2026-03-16 14:49:00,27450,27500,27450,27500,1483
2026-03-16 14:50:00,27500,27500,27450,27500,376
2026-03-16 14:51:00,27450,27500,27450,27500,274
2026-03-16 14:52:00,27450,27500,27450,27500,600
2026-03-16 14:53:00,27500,27500,27450,27450,344
2026-03-16 14:54:00,27500,27500,27450,27500,1365
2026-03-16 14:55:00,27500,27550,27450,27550,5067
2026-03-16 14:56:00,27550,27550,27500,27550,402
2026-03-16 14:57:00,27550,27600,27500,27600,3322
2026-03-16 14:58:00,27550,27550,27500,27550,829
2026-03-16 14:59:00,27550,27550,27500,27500,269
2026-03-16 15:00:00,27550,27550,27500,27500,701
2026-03-16 15:01:00,27550,27600,27500,27600,1829
2026-03-16 15:02:00,27550,27600,27550,27600,619
2026-03-16 15:03:00,27550,27600,27550,27550,239
2026-03-16 15:04:00,27550,27550,27550,27550,136
2026-03-16 15:05:00,27600,27650,27600,27650,2188
2026-03-16 15:06:00,27650,27650,27600,27650,576
2026-03-16 15:07:00,27650,27650,27600,27650,490
2026-03-16 15:08:00,27650,27650,27600,27650,264
2026-03-16 15:09:00,27650,27700,27600,27700,2457
2026-03-16 15:10:00,27700,27700,27650,27700,1938
2026-03-16 15:11:00,27700,27700,27650,27700,343
2026-03-16 15:12:00,27700,27700,27650,27650,519
2026-03-16 15:13:00,27700,27700,27650,27700,1385
2026-03-16 15:14:00,27700,27750,27650,27750,597
2026-03-16 15:15:00,27700,27750,27700,27750,1277
2026-03-16 15:16:00,27750,27750,27700,27700,1987
2026-03-16 15:17:00,27700,27700,27650,27700,205
2026-03-16 15:18:00,27700,27700,27650,27700,562
2026-03-16 15:19:00,27700,27700,27650,27700,1448
2026-03-16 15:30:00,27700,27700,27700,27700,7995
2026-03-16 15:35:00,27700,27700,27700,27700,297
2026-03-17 09:00:00,28300,28300,28000,28000,11860
2026-03-17 09:01:00,28050,28150,27950,28050,5597
2026-03-17 09:02:00,28150,28450,28150,28200,7743
2026-03-17 09:03:00,28200,28350,28200,28250,1269
2026-03-17 09:04:00,28200,28350,28000,28250,9800
2026-03-17 09:05:00,28300,28400,28150,28300,3897
2026-03-17 09:06:00,28300,28300,28250,28300,1005
2026-03-17 09:07:00,28300,28700,28250,28650,10870
2026-03-17 09:08:00,28650,28675,28250,28300,4437
2026-03-17 09:09:00,28300,28400,28250,28350,3097
2026-03-17 09:10:00,28350,28550,28350,28500,2751
2026-03-17 09:11:00,28500,28850,28500,28750,9778
2026-03-17 09:12:00,28700,29000,28700,28850,9663
2026-03-17 09:13:00,28850,29050,28850,28950,12537
2026-03-17 09:14:00,28900,29000,28700,28850,5424
2026-03-17 09:15:00,28850,28900,28650,28900,5813
2026-03-17 09:16:00,28900,28900,28700,28800,3537
2026-03-17 09:17:00,28800,29000,28800,29000,7378
2026-03-17 09:18:00,29000,29050,28850,28950,6366
2026-03-17 09:19:00,28950,29050,28750,28800,6646
2026-03-17 09:20:00,28850,28850,28650,28650,4479
2026-03-17 09:21:00,28650,28700,28500,28550,2348
2026-03-17 09:22:00,28550,28550,28500,28500,2018
2026-03-17 09:23:00,28500,28500,28300,28400,3281
2026-03-17 09:24:00,28400,28450,28350,28400,558
2026-03-17 09:25:00,28400,28400,28350,28350,2844
2026-03-17 09:26:00,28400,28400,28300,28350,1061
2026-03-17 09:27:00,28350,28450,28350,28450,1915
2026-03-17 09:28:00,28450,28550,28450,28550,1544
2026-03-17 09:29:00,28600,28600,28450,28500,1106
2026-03-17 09:30:00,28550,28750,28550,28700,1647
2026-03-17 09:31:00,28750,28950,28750,28850,4013
2026-03-17 09:32:00,28850,28850,28650,28700,1643
2026-03-17 09:33:00,28700,28750,28700,28750,1398
2026-03-17 09:34:00,28700,28850,28700,28850,630
2026-03-17 09:35:00,28800,28950,28800,28900,2737
2026-03-17 09:36:00,28900,28950,28850,28950,1334
2026-03-17 09:37:00,28900,28950,28850,28900,823
2026-03-17 09:38:00,28900,28900,28200,28800,12470
2026-03-17 09:39:00,28850,29050,28800,29050,8127
2026-03-17 09:40:00,29050,29300,29050,29300,14119
2026-03-17 09:41:00,29300,29500,29250,29500,13413
2026-03-17 09:42:00,29500,29800,29400,29800,25798
2026-03-17 09:43:00,29750,29950,29600,29650,24093
2026-03-17 09:44:00,29650,29700,29500,29650,8808
2026-03-17 09:45:00,29650,29700,29400,29450,9584
2026-03-17 09:46:00,29400,29450,29300,29400,3894
2026-03-17 09:47:00,29450,29450,29200,29200,7004
2026-03-17 09:48:00,29300,29400,29200,29400,3646
2026-03-17 09:49:00,29350,29400,29250,29300,3836
2026-03-17 09:50:00,29300,29450,29275,29400,2586
2026-03-17 09:51:00,29400,29400,29100,29100,6656
2026-03-17 09:52:00,29200,29200,29100,29150,2136
2026-03-17 09:53:00,29150,29300,29100,29300,3266
2026-03-17 09:54:00,29200,29300,29100,29100,2769
2026-03-17 09:55:00,29100,29100,29000,29000,6278
2026-03-17 09:56:00,29000,29100,29000,29050,1502
2026-03-17 09:57:00,29050,29150,29050,29150,3995
2026-03-17 09:58:00,29150,29300,28900,29300,8135
2026-03-17 09:59:00,29300,29350,29200,29250,1401
2026-03-17 10:00:00,29300,29600,29300,29600,5789
2026-03-17 10:01:00,29650,29700,29600,29650,8573
2026-03-17 10:02:00,29650,29700,29400,29500,6895
2026-03-17 10:03:00,29500,29600,29200,29500,5145
2026-03-17 10:04:00,29500,29600,29450,29600,4593
2026-03-17 10:05:00,29600,29650,29500,29550,3843
2026-03-17 10:06:00,29550,29600,29550,29550,1213
2026-03-17 10:07:00,29550,29900,29550,29900,11931
2026-03-17 10:08:00,29850,30250,29850,30200,35792
2026-03-17 10:09:00,30200,30450,30000,30000,27545
2026-03-17 10:10:00,30150,30150,29700,29850,14973
2026-03-17 10:11:00,29850,29900,29600,29650,6345
2026-03-17 10:12:00,29600,29650,29450,29500,7626
2026-03-17 10:13:00,29500,29500,29400,29400,3689
2026-03-17 10:14:00,29400,29525,29400,29450,5453
2026-03-17 10:15:00,29400,29450,29200,29200,7135
2026-03-17 10:16:00,29200,29325,29200,29300,2875
2026-03-17 10:17:00,29300,29400,29250,29300,2444
2026-03-17 10:18:00,29250,29300,29150,29200,3730
2026-03-17 10:19:00,29200,29300,29200,29250,3103
2026-03-17 10:20:00,29250,29300,29150,29200,3266
2026-03-17 10:21:00,29150,29200,29100,29150,2707
2026-03-17 10:22:00,29100,29150,29050,29100,2372
2026-03-17 10:23:00,29050,29100,29050,29050,1933
2026-03-17 10:24:00,29050,29100,29050,29100,1001
2026-03-17 10:25:00,29050,29150,29050,29150,4397
2026-03-17 10:26:00,29200,29200,29100,29200,799
2026-03-17 10:27:00,29200,29200,29100,29200,583
2026-03-17 10:28:00,29150,29250,29150,29200,849
2026-03-17 10:29:00,29250,29250,29200,29250,1580
2026-03-17 10:30:00,29250,29250,29100,29250,2817
2026-03-17 10:31:00,29200,29200,29100,29100,756
2026-03-17 10:32:00,29100,29150,29100,29100,751
2026-03-17 10:33:00,29100,29200,29100,29200,1094
2026-03-17 10:34:00,29200,29250,29200,29200,1433
2026-03-17 10:35:00,29200,29250,29150,29250,583
2026-03-17 10:36:00,29250,29250,29200,29200,1442
2026-03-17 10:37:00,29150,29200,29100,29150,1226
2026-03-17 10:38:00,29150,29150,29000,29050,4226
2026-03-17 10:39:00,29000,29050,29000,29050,3225
2026-03-17 10:40:00,29050,29100,29050,29100,1432
2026-03-17 10:41:00,29050,29050,29000,29000,590
2026-03-17 10:42:00,29050,29050,29000,29000,1346
2026-03-17 10:43:00,29000,29050,29000,29050,3015
2026-03-17 10:44:00,29000,29050,28850,29000,8895
2026-03-17 10:45:00,28950,29000,28850,28950,456
2026-03-17 10:46:00,28900,29000,28900,28900,2722
2026-03-17 10:47:00,28900,29050,28850,29050,584
2026-03-17 10:48:00,29000,29050,28950,29050,2623
2026-03-17 10:49:00,29000,29000,29000,29000,249
2026-03-17 10:50:00,28950,29000,28950,28950,1207
2026-03-17 10:51:00,28950,28950,28900,28900,194
2026-03-17 10:52:00,28900,28950,28850,28850,2196
2026-03-17 10:53:00,28850,29000,28850,28950,1469
2026-03-17 10:54:00,28900,29050,28900,29050,2375
2026-03-17 10:55:00,29050,29050,29000,29050,1174
2026-03-17 10:56:00,29050,29050,28950,29000,1845
2026-03-17 10:57:00,29000,29000,28950,29000,931
2026-03-17 10:58:00,29000,29000,28950,29000,588
2026-03-17 10:59:00,28950,29000,28950,29000,214
2026-03-17 11:00:00,29000,29100,29000,29100,1518
2026-03-17 11:01:00,29100,29100,29000,29000,393
2026-03-17 11:02:00,29000,29100,29000,29050,1108
2026-03-17 11:03:00,29050,29100,29050,29100,281
2026-03-17 11:04:00,29100,29150,29100,29150,706
2026-03-17 11:05:00,29150,29150,29100,29100,466
2026-03-17 11:06:00,29100,29100,29100,29100,122
2026-03-17 11:07:00,29100,29100,29050,29050,1227
2026-03-17 11:08:00,29000,29050,29000,29000,581
2026-03-17 11:09:00,29050,29050,29000,29050,938
2026-03-17 11:10:00,29050,29050,29000,29000,552
2026-03-17 11:11:00,29000,29050,29000,29050,583
2026-03-17 11:12:00,29050,29050,29000,29000,342
2026-03-17 11:13:00,29000,29050,29000,29050,548
2026-03-17 11:14:00,29050,29050,29000,29000,671
2026-03-17 11:15:00,29000,29050,28950,29000,918
2026-03-17 11:16:00,29000,29000,28950,28950,405
2026-03-17 11:17:00,28950,29000,28950,28950,521
2026-03-17 11:18:00,28950,28950,28900,28950,368
2026-03-17 11:19:00,28950,28950,28925,28950,25
2026-03-17 11:20:00,28950,28950,28850,28950,2467
2026-03-17 11:21:00,28950,29000,28900,29000,2177
2026-03-17 11:22:00,29000,29000,29000,29000,88
2026-03-17 11:23:00,29000,29150,29000,29100,1198
2026-03-17 11:24:00,29100,29100,29000,29100,332
2026-03-17 11:25:00,29100,29100,29000,29050,612
2026-03-17 11:26:00,29050,29100,29050,29100,240
2026-03-17 11:27:00,29100,29100,29050,29100,251
2026-03-17 11:28:00,29100,29100,29100,29100,45
2026-03-17 11:29:00,29100,29100,29050,29100,221
2026-03-17 11:30:00,29100,29100,29050,29100,1188
2026-03-17 11:31:00,29100,29100,29100,29100,633
2026-03-17 11:32:00,29100,29100,29000,29000,266
2026-03-17 11:33:00,29000,29050,29000,29050,61
2026-03-17 11:34:00,29050,29100,29000,29100,351
2026-03-17 11:35:00,29100,29150,29100,29150,210
2026-03-17 11:36:00,29150,29300,29150,29300,2759
2026-03-17 11:37:00,29250,29300,29150,29200,155
2026-03-17 11:38:00,29200,29200,29200,29200,169
2026-03-17 11:39:00,29200,29200,29100,29200,122
2026-03-17 11:40:00,29200,29200,29150,29200,196
2026-03-17 11:41:00,29200,29200,29100,29150,471
2026-03-17 11:42:00,29150,29200,29150,29150,270
2026-03-17 11:43:00,29100,29150,29100,29100,92
2026-03-17 11:44:00,29100,29150,29100,29150,128
2026-03-17 11:45:00,29150,29150,29100,29100,339
2026-03-17 11:46:00,29100,29150,29050,29150,401
2026-03-17 11:47:00,29150,29200,29100,29200,378
2026-03-17 11:48:00,29150,29150,29100,29150,224
2026-03-17 11:49:00,29150,29150,29125,29150,109
2026-03-17 11:50:00,29125,29150,29100,29150,311
2026-03-17 11:51:00,29150,29150,29100,29150,230
2026-03-17 11:52:00,29100,29150,29100,29100,128
2026-03-17 11:53:00,29100,29100,29050,29050,1050
2026-03-17 11:54:00,29075,29100,29075,29100,196
2026-03-17 11:55:00,29100,29150,29100,29150,650
2026-03-17 11:56:00,29150,29150,29125,29150,105
2026-03-17 11:57:00,29125,29200,29125,29150,671
2026-03-17 11:58:00,29150,29200,29150,29200,880
2026-03-17 11:59:00,29200,29250,29150,29250,974
2026-03-17 12:00:00,29250,29250,29250,29250,740
2026-03-17 12:01:00,29250,29250,29250,29250,160
2026-03-17 12:02:00,29300,29300,29250,29300,172
2026-03-17 12:03:00,29300,29300,29250,29250,36
2026-03-17 12:04:00,29250,29300,29250,29250,1387
2026-03-17 12:05:00,29225,29250,29200,29250,935
2026-03-17 12:06:00,29250,29250,29200,29200,116
2026-03-17 12:07:00,29200,29200,29150,29200,948
2026-03-17 12:08:00,29200,29250,29200,29250,445
2026-03-17 12:09:00,29150,29250,29150,29250,1225
2026-03-17 12:10:00,29300,29300,29250,29250,311
2026-03-17 12:11:00,29250,29250,29200,29200,72
2026-03-17 12:12:00,29200,29200,29200,29200,619
2026-03-17 12:13:00,29200,29200,29200,29200,271
2026-03-17 12:14:00,29200,29250,29150,29250,456
2026-03-17 12:15:00,29250,29250,29200,29250,969
2026-03-17 12:16:00,29250,29250,29200,29200,98
2026-03-17 12:17:00,29200,29250,29200,29250,57
2026-03-17 12:18:00,29200,29250,29200,29200,175
2026-03-17 12:19:00,29250,29250,29150,29200,872
2026-03-17 12:20:00,29200,29200,29200,29200,33
2026-03-17 12:21:00,29150,29200,29150,29150,138
2026-03-17 12:22:00,29150,29250,29150,29250,762
2026-03-17 12:23:00,29250,29250,29200,29250,60
2026-03-17 12:24:00,29250,29300,29250,29250,991
2026-03-17 12:25:00,29250,29250,29200,29200,2603
2026-03-17 12:26:00,29200,29250,29200,29200,508
2026-03-17 12:27:00,29200,29200,29100,29100,1604
2026-03-17 12:28:00,29100,29150,29100,29150,3122
2026-03-17 12:29:00,29150,29150,29100,29100,468
2026-03-17 12:30:00,29150,29200,29100,29200,1781
2026-03-17 12:31:00,29200,29300,29200,29300,2838
2026-03-17 12:32:00,29300,29300,29250,29250,540
2026-03-17 12:33:00,29250,29250,29200,29250,145
2026-03-17 12:34:00,29300,29300,29250,29250,89
2026-03-17 12:35:00,29250,29300,29250,29300,207
2026-03-17 12:36:00,29300,29300,29300,29300,727
2026-03-17 12:37:00,29300,29300,29250,29250,116
2026-03-17 12:38:00,29250,29250,29250,29250,594
2026-03-17 12:39:00,29250,29250,29200,29200,488
2026-03-17 12:40:00,29200,29200,29200,29200,176
2026-03-17 12:41:00,29200,29200,29150,29200,116
2026-03-17 12:42:00,29200,29200,29150,29150,222
2026-03-17 12:43:00,29200,29200,29150,29150,489
2026-03-17 12:44:00,29150,29150,29100,29150,214
2026-03-17 12:45:00,29150,29150,29100,29100,59
2026-03-17 12:46:00,29100,29150,29100,29150,103
2026-03-17 12:47:00,29150,29150,29100,29100,344
2026-03-17 12:48:00,29150,29200,29150,29200,707
2026-03-17 12:49:00,29200,29200,29150,29200,261
2026-03-17 12:50:00,29200,29250,29200,29200,369
2026-03-17 12:51:00,29150,29250,29150,29200,387
2026-03-17 12:52:00,29200,29250,29200,29250,98
2026-03-17 12:53:00,29250,29250,29200,29250,138
2026-03-17 12:54:00,29250,29250,29225,29250,171
2026-03-17 12:55:00,29250,29250,29200,29250,37
2026-03-17 12:56:00,29200,29250,29200,29200,124
2026-03-17 12:57:00,29250,29250,29200,29250,390
2026-03-17 12:58:00,29200,29250,29150,29150,116
2026-03-17 12:59:00,29200,29200,29150,29200,189
2026-03-17 13:00:00,29200,29200,29150,29200,479
2026-03-17 13:01:00,29200,29200,29200,29200,12
2026-03-17 13:02:00,29200,29200,29200,29200,73
2026-03-17 13:03:00,29200,29200,29150,29200,145
2026-03-17 13:04:00,29200,29200,29150,29150,281
2026-03-17 13:05:00,29150,29150,29150,29150,14
2026-03-17 13:06:00,29100,29150,29100,29100,473
2026-03-17 13:07:00,29100,29150,29100,29150,24
2026-03-17 13:08:00,29150,29150,29150,29150,238
2026-03-17 13:09:00,29125,29125,29050,29050,657
2026-03-17 13:10:00,29050,29150,29050,29100,863
2026-03-17 13:11:00,29100,29150,29100,29150,13
2026-03-17 13:12:00,29150,29150,29100,29100,682
2026-03-17 13:13:00,29100,29100,29000,29100,1044
2026-03-17 13:14:00,29050,29050,29000,29050,587
2026-03-17 13:15:00,29000,29050,29000,29050,58
2026-03-17 13:16:00,29050,29050,29000,29050,433
2026-03-17 13:17:00,29050,29050,29000,29050,1962
2026-03-17 13:18:00,29050,29100,29050,29100,192
2026-03-17 13:19:00,29050,29050,29050,29050,262
2026-03-17 13:20:00,29075,29075,29075,29075,1
2026-03-17 13:21:00,29050,29100,29050,29050,301
2026-03-17 13:22:00,29100,29100,29100,29100,946
2026-03-17 13:23:00,29150,29150,29100,29100,54
2026-03-17 13:24:00,29150,29150,29100,29125,346
2026-03-17 13:26:00,29150,29150,29050,29050,1699
2026-03-17 13:27:00,29050,29100,29050,29050,339
2026-03-17 13:28:00,29050,29050,29050,29050,300
2026-03-17 13:29:00,29050,29100,29050,29050,506
2026-03-17 13:30:00,29050,29100,29050,29050,289
2026-03-17 13:31:00,29100,29150,29050,29150,541
2026-03-17 13:32:00,29100,29150,29100,29150,170
2026-03-17 13:33:00,29150,29250,29150,29250,1313
2026-03-17 13:34:00,29250,29250,29200,29200,684
2026-03-17 13:35:00,29250,29300,29200,29300,990
2026-03-17 13:36:00,29300,29350,29250,29300,1416
2026-03-17 13:37:00,29300,29300,29250,29300,742
2026-03-17 13:38:00,29250,29250,29250,29250,352
2026-03-17 13:39:00,29250,29250,29250,29250,7
2026-03-17 13:40:00,29250,29300,29250,29300,477
2026-03-17 13:41:00,29300,29350,29300,29350,327
2026-03-17 13:42:00,29300,29350,29300,29300,1091
2026-03-17 13:43:00,29300,29350,29300,29350,1129
2026-03-17 13:44:00,29300,29350,29300,29350,219
2026-03-17 13:45:00,29350,29350,29300,29300,224
2026-03-17 13:46:00,29300,29350,29300,29350,74
2026-03-17 13:47:00,29350,29350,29350,29350,140
2026-03-17 13:48:00,29300,29350,29300,29300,125
2026-03-17 13:49:00,29300,29350,29300,29300,348
2026-03-17 13:50:00,29300,29300,29300,29300,747
2026-03-17 13:51:00,29300,29300,29250,29300,437
2026-03-17 13:52:00,29300,29300,29250,29300,532
2026-03-17 13:53:00,29300,29300,29250,29250,693
2026-03-17 13:54:00,29300,29300,29250,29250,1819
2026-03-17 13:55:00,29250,29250,29200,29200,353
2026-03-17 13:56:00,29200,29200,29150,29200,321
2026-03-17 13:57:00,29150,29150,29100,29125,490
2026-03-17 13:58:00,29100,29150,29100,29150,223
2026-03-17 13:59:00,29100,29250,29100,29250,1577
2026-03-17 14:00:00,29250,29250,29200,29200,98
2026-03-17 14:01:00,29200,29200,29200,29200,87
2026-03-17 14:02:00,29200,29200,29200,29200,294
2026-03-17 14:03:00,29200,29200,29200,29200,312
2026-03-17 14:04:00,29200,29250,29200,29200,173
2026-03-17 14:05:00,29250,29250,29200,29200,105
2026-03-17 14:06:00,29250,29250,29250,29250,685
2026-03-17 14:07:00,29250,29300,29250,29300,451
2026-03-17 14:08:00,29300,29300,29250,29300,85
2026-03-17 14:09:00,29300,29300,29250,29250,847
2026-03-17 14:10:00,29250,29250,29200,29200,280
2026-03-17 14:11:00,29250,29250,29250,29250,271
2026-03-17 14:12:00,29250,29250,29250,29250,178
2026-03-17 14:13:00,29250,29250,29250,29250,637
2026-03-17 14:14:00,29250,29300,29250,29250,3449
2026-03-17 14:15:00,29250,29250,29250,29250,277
2026-03-17 14:16:00,29250,29300,29250,29300,510
2026-03-17 14:17:00,29300,29300,29250,29250,562
2026-03-17 14:18:00,29250,29250,29200,29250,620
2026-03-17 14:19:00,29200,29250,29200,29250,241
2026-03-17 14:20:00,29200,29250,29200,29200,801
2026-03-17 14:21:00,29200,29200,29200,29200,65
2026-03-17 14:22:00,29200,29300,29200,29300,1460
2026-03-17 14:23:00,29300,29300,29250,29300,455
2026-03-17 14:24:00,29300,29300,29300,29300,541
2026-03-17 14:25:00,29300,29300,29250,29300,1269
2026-03-17 14:26:00,29300,29350,29300,29300,746
2026-03-17 14:27:00,29300,29350,29250,29300,505
2026-03-17 14:28:00,29300,29350,29250,29300,235
2026-03-17 14:29:00,29300,29300,29200,29250,576
2026-03-17 14:30:00,29250,29250,29200,29250,291
2026-03-17 14:31:00,29250,29250,29200,29200,154
2026-03-17 14:32:00,29200,29200,29200,29200,639
2026-03-17 14:33:00,29200,29250,29200,29200,640
2026-03-17 14:34:00,29150,29150,29150,29150,501
2026-03-17 14:35:00,29150,29200,29150,29150,307
2026-03-17 14:36:00,29150,29200,29150,29150,471
2026-03-17 14:37:00,29150,29150,29150,29150,30
2026-03-17 14:38:00,29150,29150,29150,29150,454
2026-03-17 14:39:00,29150,29200,29150,29150,204
2026-03-17 14:40:00,29150,29150,29100,29150,74
2026-03-17 14:41:00,29150,29150,29100,29150,191
2026-03-17 14:42:00,29150,29200,29100,29200,495
2026-03-17 14:43:00,29150,29200,29100,29100,311
2026-03-17 14:44:00,29150,29150,29100,29100,133
2026-03-17 14:45:00,29150,29150,29100,29100,1418
2026-03-17 14:46:00,29050,29100,29050,29050,310
2026-03-17 14:47:00,29050,29100,29000,29050,1641
2026-03-17 14:48:00,29050,29150,29050,29050,687
2026-03-17 14:49:00,29100,29150,29000,29050,549
2026-03-17 14:50:00,29050,29100,29000,29050,751
2026-03-17 14:51:00,29050,29050,29025,29025,583
2026-03-17 14:52:00,29000,29050,29000,29050,111
2026-03-17 14:53:00,29000,29000,29000,29000,636
2026-03-17 14:54:00,29000,29200,29000,29050,2040
2026-03-17 14:55:00,29200,29200,29050,29100,266
2026-03-17 14:56:00,29100,29100,29050,29100,982
2026-03-17 14:57:00,29100,29200,29100,29100,2373
2026-03-17 14:58:00,29100,29150,29050,29100,2634
2026-03-17 14:59:00,29050,29050,29000,29050,2080
2026-03-17 15:00:00,29050,29050,29000,29000,3364
2026-03-17 15:01:00,28950,29000,28950,28950,1327
2026-03-17 15:02:00,28900,28950,28900,28900,1495
2026-03-17 15:03:00,28900,28950,28850,28850,734
2026-03-17 15:04:00,28850,28900,28850,28900,604
2026-03-17 15:05:00,28900,28900,28850,28850,1491
2026-03-17 15:06:00,28850,28900,28800,28800,4080
2026-03-17 15:07:00,28800,28850,28700,28750,4357
2026-03-17 15:08:00,28700,28750,28700,28700,1811
2026-03-17 15:09:00,28700,28700,28650,28650,1070
2026-03-17 15:10:00,28700,28700,28650,28700,615
2026-03-17 15:11:00,28700,28800,28650,28800,1510
2026-03-17 15:12:00,28800,28850,28800,28800,1279
2026-03-17 15:13:00,28800,28850,28650,28750,1613
2026-03-17 15:14:00,28700,28750,28700,28700,753
2026-03-17 15:15:00,28700,28750,28650,28650,2076
2026-03-17 15:16:00,28650,28750,28600,28750,760
2026-03-17 15:17:00,28650,28800,28600,28800,569
2026-03-17 15:18:00,28650,28700,28600,28700,653
2026-03-17 15:19:00,28700,28750,28650,28650,764
2026-03-17 15:30:00,28650,28650,28650,28650,5935
2026-03-17 15:35:00,28650,28650,28650,28650,666
2026-03-18 09:00:00,29100,29500,29100,29125,9033
2026-03-18 09:01:00,29125,29400,29100,29350,3202
2026-03-18 09:02:00,29300,29700,29300,29700,6621
2026-03-18 09:03:00,29700,29700,29150,29250,7193
2026-03-18 09:04:00,29250,29400,29200,29400,2030
2026-03-18 09:05:00,29350,29450,29300,29300,1846
2026-03-18 09:06:00,29300,29450,29100,29250,4138
2026-03-18 09:07:00,29250,29600,29200,29550,4252
2026-03-18 09:08:00,29600,29950,29600,29700,17405
2026-03-18 09:09:00,29850,29850,29600,29800,5653
2026-03-18 09:10:00,29800,29800,29500,29550,7687
2026-03-18 09:11:00,29550,29650,29350,29450,8645
2026-03-18 09:12:00,29400,29500,29400,29400,1542
2026-03-18 09:13:00,29400,29600,29400,29550,1939
2026-03-18 09:14:00,29600,29650,29400,29550,2449
2026-03-18 09:15:00,29450,30150,29450,30050,19869
2026-03-18 09:16:00,30050,30100,29850,30000,5807
2026-03-18 09:17:00,30000,30050,29900,30000,11154
2026-03-18 09:18:00,30000,30150,29900,30100,8208
2026-03-18 09:19:00,30150,30300,30100,30250,13758
2026-03-18 09:20:00,30250,30350,30250,30300,9604
2026-03-18 09:21:00,30350,30350,30100,30100,10276
2026-03-18 09:22:00,30100,30200,30000,30100,8738
2026-03-18 09:23:00,30000,30100,29800,29850,8795
2026-03-18 09:24:00,29950,29950,29650,29800,5190
2026-03-18 09:25:00,29800,29950,29750,29750,5014
2026-03-18 09:26:00,29750,30000,29700,30000,5020
2026-03-18 09:27:00,30000,30100,29900,29950,5856
2026-03-18 09:28:00,29950,30100,29900,30100,2068
2026-03-18 09:29:00,30100,30100,29900,29950,3487
2026-03-18 09:30:00,29950,29950,29800,29800,4049
2026-03-18 09:31:00,29850,29900,29750,29900,2726
2026-03-18 09:32:00,29850,29900,29650,29750,4581
2026-03-18 09:33:00,29750,29750,29650,29650,2041
2026-03-18 09:34:00,29700,29750,29650,29700,2632
2026-03-18 09:35:00,29700,29800,29600,29800,4467
2026-03-18 09:36:00,29750,30000,29750,29900,2890
2026-03-18 09:37:00,29950,30000,29900,29950,2319
2026-03-18 09:38:00,29950,30000,29900,29925,1236
2026-03-18 09:39:00,29925,30050,29925,30000,6435
2026-03-18 09:40:00,30000,30050,29950,30000,3587
2026-03-18 09:41:00,30000,30050,29950,29950,3029
2026-03-18 09:42:00,30000,30000,29950,30000,1928
2026-03-18 09:43:00,29950,29950,29900,29950,2638
2026-03-18 09:44:00,29950,29950,29950,29950,1084
2026-03-18 09:45:00,29950,30100,29950,30100,9551
2026-03-18 09:46:00,30050,30100,30050,30050,1831
2026-03-18 09:47:00,30050,30150,30050,30150,3851
2026-03-18 09:48:00,30150,30200,30050,30100,4857
2026-03-18 09:49:00,30100,30100,29950,30050,4578
2026-03-18 09:50:00,30050,30200,30000,30150,2376
2026-03-18 09:51:00,30150,30200,30050,30200,2074
2026-03-18 09:52:00,30200,30250,30150,30200,5080
2026-03-18 09:53:00,30200,30250,30100,30100,1910
2026-03-18 09:54:00,30100,30100,30050,30100,876
2026-03-18 09:55:00,30100,30100,30050,30050,1144
2026-03-18 09:56:00,30050,30100,30000,30050,2172
2026-03-18 09:57:00,30000,30050,30000,30000,2675
2026-03-18 09:58:00,30000,30050,30000,30050,464
2026-03-18 09:59:00,30050,30050,30000,30050,604
2026-03-18 10:00:00,30050,30050,30000,30000,948
2026-03-18 10:01:00,30000,30050,30000,30000,1709
2026-03-18 10:02:00,30050,30050,30000,30050,2728
2026-03-18 10:03:00,30050,30050,29950,30000,1069
2026-03-18 10:04:00,29975,30100,29950,30100,3537
2026-03-18 10:05:00,30000,30100,29950,30100,2054
2026-03-18 10:06:00,30100,30100,29950,30000,983
2026-03-18 10:07:00,29950,30050,29950,30000,2600
2026-03-18 10:08:00,30050,30050,30000,30000,787
2026-03-18 10:09:00,30050,30050,30000,30050,1118
2026-03-18 10:10:00,30050,30050,30000,30050,772
2026-03-18 10:11:00,30050,30050,30000,30050,2439
2026-03-18 10:12:00,30000,30050,29750,29800,12024
2026-03-18 10:13:00,29800,29800,29700,29750,1945
2026-03-18 10:14:00,29750,29750,29700,29750,1344
2026-03-18 10:15:00,29750,29750,29650,29650,2350
2026-03-18 10:16:00,29700,29700,29650,29650,1892
2026-03-18 10:17:00,29650,29800,29650,29750,3533
2026-03-18 10:18:00,29750,29750,29700,29750,211
2026-03-18 10:19:00,29750,29850,29750,29850,1210
2026-03-18 10:20:00,29850,29850,29700,29800,1989
2026-03-18 10:21:00,29800,29800,29700,29750,127
2026-03-18 10:22:00,29750,29750,29700,29700,559
2026-03-18 10:23:00,29700,29800,29700,29800,1229
2026-03-18 10:24:00,29800,29900,29800,29900,1064
2026-03-18 10:25:00,29900,30000,29900,30000,1399
2026-03-18 10:26:00,30000,30000,29850,29950,1263
2026-03-18 10:27:00,29900,29900,29800,29800,777
2026-03-18 10:28:00,29800,29800,29750,29750,397
2026-03-18 10:29:00,29700,29750,29700,29700,913
2026-03-18 10:30:00,29700,29750,29700,29700,817
2026-03-18 10:31:00,29700,29750,29700,29750,720
2026-03-18 10:32:00,29750,29850,29700,29850,992
2026-03-18 10:33:00,29850,29850,29750,29750,669
2026-03-18 10:34:00,29725,29900,29725,29850,720
2026-03-18 10:35:00,29850,29850,29750,29850,352
2026-03-18 10:36:00,29800,29900,29750,29850,1357
2026-03-18 10:37:00,29850,29850,29800,29850,238
2026-03-18 10:38:00,29850,29900,29850,29900,2280
2026-03-18 10:39:00,29900,29950,29850,29900,1260
2026-03-18 10:40:00,29900,29950,29850,29950,1679
2026-03-18 10:41:00,29950,29950,29900,29950,546
2026-03-18 10:42:00,29900,29900,29850,29900,726
2026-03-18 10:43:00,29900,29900,29850,29850,931
2026-03-18 10:44:00,29850,29900,29850,29900,290
2026-03-18 10:45:00,29900,29900,29850,29850,433
2026-03-18 10:46:00,29850,29900,29850,29900,1845
2026-03-18 10:47:00,29950,29950,29900,29950,589
2026-03-18 10:48:00,29950,29950,29900,29950,344
2026-03-18 10:49:00,29950,29950,29900,29900,750
2026-03-18 10:50:00,29900,30050,29900,29900,7834
2026-03-18 10:51:00,29950,30050,29950,30000,1842
2026-03-18 10:52:00,30000,30000,30000,30000,453
2026-03-18 10:53:00,30000,30000,29950,29950,828
2026-03-18 10:54:00,30000,30000,29900,29900,664
2026-03-18 10:55:00,29900,29950,29900,29950,953
2026-03-18 10:56:00,29950,30000,29950,30000,813
2026-03-18 10:57:00,29950,30000,29900,30000,815
2026-03-18 10:58:00,29950,30000,29950,30000,170
2026-03-18 10:59:00,29950,30000,29900,30000,253
2026-03-18 11:00:00,30000,30000,29800,29850,2241
2026-03-18 11:01:00,29850,29950,29850,29950,1126
2026-03-18 11:02:00,29950,30000,29900,29950,1422
2026-03-18 11:03:00,29950,29950,29900,29950,663
2026-03-18 11:04:00,29950,29950,29900,29950,650
2026-03-18 11:05:00,29950,29950,29900,29950,272
2026-03-18 11:06:00,29950,30000,29900,29950,575
2026-03-18 11:07:00,29950,30000,29950,30000,828
2026-03-18 11:08:00,30000,30000,29850,29900,725
2026-03-18 11:09:00,29900,29925,29850,29850,1082
2026-03-18 11:10:00,29900,29950,29900,29900,605
2026-03-18 11:11:00,29900,29900,29850,29900,118
2026-03-18 11:12:00,29900,29900,29850,29900,238
2026-03-18 11:13:00,29900,29900,29850,29900,345
2026-03-18 11:14:00,29900,29950,29850,29900,1331
2026-03-18 11:15:00,29850,29900,29850,29850,447
2026-03-18 11:16:00,29900,29900,29850,29850,138
2026-03-18 11:17:00,29900,29900,29850,29900,2116
2026-03-18 11:18:00,29850,29900,29850,29850,5163
2026-03-18 11:19:00,29900,29900,29850,29900,958
2026-03-18 11:20:00,29850,29900,29800,29800,235
2026-03-18 11:21:00,29800,29850,29800,29800,245
2026-03-18 11:22:00,29850,29900,29800,29900,866
2026-03-18 11:23:00,29900,29900,29850,29850,134
2026-03-18 11:24:00,29850,29900,29850,29850,32
2026-03-18 11:25:00,29850,29900,29800,29850,655
2026-03-18 11:26:00,29850,29850,29800,29850,395
2026-03-18 11:27:00,29850,29900,29850,29900,448
2026-03-18 11:28:00,29900,29900,29850,29900,463
2026-03-18 11:29:00,29900,29900,29850,29900,246
2026-03-18 11:30:00,29900,29900,29850,29900,53
2026-03-18 11:31:00,29900,29900,29850,29900,719
2026-03-18 11:32:00,29900,29900,29850,29850,491
2026-03-18 11:33:00,29850,29900,29850,29900,460
2026-03-18 11:34:00,29850,29900,29850,29900,353
2026-03-18 11:35:00,29950,29950,29850,29900,482
2026-03-18 11:36:00,29900,29900,29850,29850,209
2026-03-18 11:37:00,29900,29900,29875,29900,744
2026-03-18 11:38:00,29875,29900,29850,29850,1128
2026-03-18 11:39:00,29850,29900,29850,29900,1098
2026-03-18 11:40:00,29900,29900,29850,29900,272
2026-03-18 11:41:00,29900,29900,29850,29850,933
2026-03-18 11:42:00,29850,29900,29850,29900,619
2026-03-18 11:43:00,29900,29900,29850,29900,466
2026-03-18 11:44:00,29875,29900,29850,29850,2176
2026-03-18 11:45:00,29850,29850,29750,29800,3341
2026-03-18 11:46:00,29800,29800,29700,29700,3583
2026-03-18 11:47:00,29700,29700,29675,29700,2336
2026-03-18 11:48:00,29700,29700,29675,29675,66
2026-03-18 11:49:00,29675,29700,29650,29650,1303
2026-03-18 11:50:00,29650,29650,29600,29600,1502
2026-03-18 11:51:00,29600,29650,29600,29650,1296
2026-03-18 11:52:00,29650,29650,29600,29650,887
2026-03-18 11:53:00,29650,29650,29600,29600,353
2026-03-18 11:54:00,29600,29650,29600,29600,930
2026-03-18 11:55:00,29600,29650,29600,29650,469
2026-03-18 11:56:00,29650,29650,29600,29600,1158
2026-03-18 11:57:00,29600,29700,29600,29650,1516
2026-03-18 11:58:00,29700,29750,29650,29700,430
2026-03-18 11:59:00,29700,29700,29650,29700,139
2026-03-18 12:00:00,29700,29700,29700,29700,743
2026-03-18 12:01:00,29700,29750,29700,29750,290
2026-03-18 12:02:00,29750,29800,29700,29750,247
2026-03-18 12:03:00,29700,29750,29650,29700,1092
2026-03-18 12:04:00,29700,29700,29675,29700,313
2026-03-18 12:05:00,29700,29725,29700,29700,152
2026-03-18 12:06:00,29700,29750,29700,29750,369
2026-03-18 12:07:00,29750,29750,29700,29700,22
2026-03-18 12:08:00,29750,29750,29700,29750,319
2026-03-18 12:09:00,29750,29750,29700,29700,724
2026-03-18 12:10:00,29700,29750,29700,29750,865
2026-03-18 12:11:00,29750,29750,29700,29700,332
2026-03-18 12:12:00,29700,29750,29700,29750,95
2026-03-18 12:13:00,29750,29750,29700,29750,209
2026-03-18 12:14:00,29750,29750,29700,29700,627
2026-03-18 12:15:00,29750,29750,29700,29750,504
2026-03-18 12:16:00,29750,29750,29700,29700,613
2026-03-18 12:17:00,29700,29700,29700,29700,350
2026-03-18 12:18:00,29700,29750,29700,29700,263
2026-03-18 12:19:00,29700,29700,29700,29700,36
2026-03-18 12:20:00,29700,29700,29650,29650,628
2026-03-18 12:21:00,29650,29700,29600,29600,1625
2026-03-18 12:22:00,29600,29650,29600,29650,1027
2026-03-18 12:23:00,29600,29600,29500,29500,5316
2026-03-18 12:24:00,29500,29600,29500,29550,1036
2026-03-18 12:25:00,29550,29550,29500,29550,1000
2026-03-18 12:26:00,29500,29550,29500,29550,428
2026-03-18 12:27:00,29550,29550,29500,29500,823
2026-03-18 12:28:00,29550,29600,29550,29600,2001
2026-03-18 12:29:00,29550,29600,29500,29600,518
2026-03-18 12:30:00,29600,29600,29600,29600,13
2026-03-18 12:31:00,29575,29600,29500,29500,688
2026-03-18 12:32:00,29500,29550,29500,29500,298
2026-03-18 12:33:00,29500,29550,29500,29550,527
2026-03-18 12:34:00,29550,29600,29550,29550,1236
2026-03-18 12:35:00,29550,29650,29550,29650,677
2026-03-18 12:36:00,29650,29650,29550,29650,978
2026-03-18 12:37:00,29600,29650,29600,29650,151
2026-03-18 12:38:00,29650,29650,29600,29600,494
2026-03-18 12:39:00,29600,29650,29600,29650,151
2026-03-18 12:40:00,29650,29700,29650,29700,2911
2026-03-18 12:41:00,29700,29750,29650,29750,685
2026-03-18 12:42:00,29750,29750,29650,29700,1192
2026-03-18 12:43:00,29700,29750,29700,29750,263
2026-03-18 12:44:00,29700,29700,29650,29700,618
2026-03-18 12:45:00,29700,29700,29650,29650,846
2026-03-18 12:46:00,29650,29700,29650,29700,50
2026-03-18 12:47:00,29700,29700,29600,29600,1713
2026-03-18 12:48:00,29600,29650,29600,29650,273
2026-03-18 12:49:00,29650,29650,29600,29600,242
2026-03-18 12:50:00,29650,29650,29600,29650,271
2026-03-18 12:51:00,29650,29650,29600,29650,261
2026-03-18 12:52:00,29650,29700,29600,29700,1094
2026-03-18 12:53:00,29700,29700,29600,29700,130
2026-03-18 12:54:00,29700,29700,29650,29700,336
2026-03-18 12:55:00,29650,29750,29600,29650,439
2026-03-18 12:56:00,29700,29700,29600,29600,639
2026-03-18 12:57:00,29600,29700,29600,29700,301
2026-03-18 12:58:00,29700,29700,29650,29650,211
2026-03-18 12:59:00,29650,29650,29650,29650,108
2026-03-18 13:00:00,29650,29650,29600,29650,239
2026-03-18 13:01:00,29600,29700,29600,29700,1491
2026-03-18 13:02:00,29700,29700,29650,29700,1002
2026-03-18 13:03:00,29700,29700,29650,29700,228
2026-03-18 13:04:00,29700,29700,29650,29650,394
2026-03-18 13:05:00,29650,29700,29650,29700,156
2026-03-18 13:06:00,29700,29700,29650,29650,1414
2026-03-18 13:07:00,29650,29650,29650,29650,330
2026-03-18 13:08:00,29600,29650,29600,29650,182
2026-03-18 13:09:00,29650,29650,29600,29650,625
2026-03-18 13:10:00,29650,29650,29650,29650,49
2026-03-18 13:11:00,29650,29700,29650,29700,804
2026-03-18 13:12:00,29700,29700,29650,29700,1037
2026-03-18 13:13:00,29700,29700,29650,29700,689
2026-03-18 13:14:00,29700,29750,29700,29750,550
2026-03-18 13:15:00,29750,29750,29700,29700,747
2026-03-18 13:16:00,29700,29750,29650,29750,1575
2026-03-18 13:17:00,29700,29750,29700,29700,362
2026-03-18 13:18:00,29750,29750,29700,29750,504
2026-03-18 13:19:00,29700,29750,29700,29750,339
2026-03-18 13:20:00,29750,29750,29750,29750,196
2026-03-18 13:21:00,29750,29750,29700,29750,672
2026-03-18 13:22:00,29750,29750,29700,29750,197
2026-03-18 13:23:00,29750,29750,29700,29750,399
2026-03-18 13:24:00,29700,29750,29700,29750,176
2026-03-18 13:25:00,29750,29750,29700,29700,192
2026-03-18 13:26:00,29700,29800,29700,29800,1241
2026-03-18 13:27:00,29750,29800,29700,29750,920
2026-03-18 13:28:00,29700,29750,29700,29750,27
2026-03-18 13:29:00,29700,29750,29650,29650,6487
2026-03-18 13:30:00,29650,29700,29650,29700,505
2026-03-18 13:31:00,29700,29700,29600,29600,3665
2026-03-18 13:32:00,29650,29650,29550,29650,1713
2026-03-18 13:33:00,29650,29650,29600,29600,233
2026-03-18 13:34:00,29600,29650,29600,29600,629
2026-03-18 13:35:00,29650,29650,29550,29550,5060
2026-03-18 13:36:00,29550,29550,29500,29500,205
2026-03-18 13:37:00,29550,29550,29500,29550,758
2026-03-18 13:38:00,29600,29600,29500,29500,331
2026-03-18 13:39:00,29550,29600,29500,29600,529
2026-03-18 13:40:00,29500,29600,29500,29600,238
2026-03-18 13:41:00,29600,29600,29550,29600,75
2026-03-18 13:42:00,29600,29600,29550,29550,226
2026-03-18 13:43:00,29550,29600,29550,29550,491
2026-03-18 13:44:00,29550,29600,29550,29550,1334
2026-03-18 13:45:00,29550,29650,29500,29600,2826
2026-03-18 13:46:00,29600,29650,29550,29650,925
2026-03-18 13:47:00,29650,29650,29550,29650,127
2026-03-18 13:48:00,29650,29700,29650,29700,58
2026-03-18 13:49:00,29700,29700,29600,29700,27
2026-03-18 13:50:00,29700,29700,29650,29700,77
2026-03-18 13:51:00,29650,29700,29600,29650,107
2026-03-18 13:52:00,29650,29650,29650,29650,451
2026-03-18 13:53:00,29700,29700,29600,29650,394
2026-03-18 13:54:00,29650,29700,29650,29650,2503
2026-03-18 13:55:00,29650,29700,29650,29700,2038
2026-03-18 13:56:00,29700,29700,29700,29700,590
2026-03-18 13:57:00,29700,29700,29700,29700,234
2026-03-18 13:58:00,29700,29700,29700,29700,265
2026-03-18 13:59:00,29700,29700,29650,29700,564
2026-03-18 14:00:00,29700,29700,29650,29700,847
2026-03-18 14:01:00,29650,29700,29650,29700,993
2026-03-18 14:02:00,29700,29700,29650,29650,533
2026-03-18 14:03:00,29650,29700,29650,29650,914
2026-03-18 14:04:00,29700,29700,29650,29650,506
2026-03-18 14:05:00,29650,29700,29650,29700,145
2026-03-18 14:06:00,29700,29700,29650,29650,646
2026-03-18 14:07:00,29700,29700,29650,29700,548
2026-03-18 14:08:00,29700,29700,29650,29700,468
2026-03-18 14:09:00,29700,29700,29650,29650,670
2026-03-18 14:10:00,29650,29700,29650,29700,1075
2026-03-18 14:11:00,29700,29700,29650,29700,751
2026-03-18 14:12:00,29700,29700,29650,29700,667
2026-03-18 14:13:00,29650,29700,29650,29700,770
2026-03-18 14:14:00,29700,29750,29650,29700,1085
2026-03-18 14:15:00,29700,29750,29700,29750,634
2026-03-18 14:16:00,29750,29750,29700,29700,384
2026-03-18 14:17:00,29700,29800,29700,29700,1258
2026-03-18 14:18:00,29750,29750,29700,29700,1422
2026-03-18 14:19:00,29700,29750,29700,29700,837
2026-03-18 14:20:00,29750,29750,29700,29750,615
2026-03-18 14:21:00,29750,29750,29750,29750,834
2026-03-18 14:22:00,29750,29800,29750,29800,873
2026-03-18 14:23:00,29750,29800,29750,29750,791
2026-03-18 14:24:00,29750,29800,29750,29750,260
2026-03-18 14:25:00,29750,29850,29750,29800,2232
2026-03-18 14:26:00,29800,29850,29800,29800,174
2026-03-18 14:27:00,29800,29850,29800,29850,355
2026-03-18 14:28:00,29850,29850,29800,29800,280
2026-03-18 14:29:00,29800,29875,29800,29850,921
2026-03-18 14:30:00,29900,29900,29850,29850,1098
2026-03-18 14:31:00,29850,29900,29850,29900,348
2026-03-18 14:32:00,29900,29900,29800,29900,653
2026-03-18 14:33:00,29900,29900,29850,29850,1746
2026-03-18 14:34:00,29850,29900,29850,29850,1243
2026-03-18 14:35:00,29850,29900,29850,29850,452
2026-03-18 14:36:00,29850,29875,29850,29850,101
2026-03-18 14:37:00,29850,29850,29800,29850,1734
2026-03-18 14:38:00,29850,29850,29800,29850,658
2026-03-18 14:39:00,29850,29850,29800,29850,578
2026-03-18 14:40:00,29900,29900,29850,29900,270
2026-03-18 14:41:00,29900,29900,29850,29850,1720
2026-03-18 14:42:00,29850,29900,29850,29900,378
2026-03-18 14:43:00,29850,29950,29850,29950,2441
2026-03-18 14:44:00,29950,29950,29900,29950,541
2026-03-18 14:45:00,29950,29950,29900,29950,718
2026-03-18 14:46:00,29900,29950,29900,29900,2885
2026-03-18 14:47:00,29900,29950,29900,29900,549
2026-03-18 14:48:00,29900,29950,29900,29950,838
2026-03-18 14:49:00,29950,29950,29900,29900,1640
2026-03-18 14:50:00,29950,29950,29900,29950,500
2026-03-18 14:51:00,29900,29950,29850,29900,1601
2026-03-18 14:52:00,29900,29900,29900,29900,43
2026-03-18 14:53:00,29850,29900,29850,29900,272
2026-03-18 14:54:00,29900,29900,29850,29850,147
2026-03-18 14:55:00,29900,29900,29850,29900,1071
2026-03-18 14:56:00,29900,29900,29850,29850,660
2026-03-18 14:57:00,29900,29900,29850,29900,281
2026-03-18 14:58:00,29900,29900,29900,29900,613
2026-03-18 14:59:00,29900,29900,29850,29900,432
2026-03-18 15:00:00,29900,29950,29850,29850,2138
2026-03-18 15:01:00,29850,29950,29800,29850,1163
2026-03-18 15:02:00,29850,29850,29850,29850,233
2026-03-18 15:03:00,29850,29900,29850,29850,733
2026-03-18 15:04:00,29850,29900,29800,29850,546
2026-03-18 15:05:00,29850,29850,29800,29800,611
2026-03-18 15:06:00,29850,29850,29800,29850,341
2026-03-18 15:07:00,29800,29900,29800,29800,614
2026-03-18 15:08:00,29850,29900,29800,29850,592
2026-03-18 15:09:00,29800,29850,29800,29800,1456
2026-03-18 15:10:00,29850,29850,29800,29850,962
2026-03-18 15:11:00,29850,29900,29800,29900,1815
2026-03-18 15:12:00,29900,29900,29850,29900,1782
2026-03-18 15:13:00,29900,29900,29850,29850,843
2026-03-18 15:14:00,29900,29900,29850,29850,479
2026-03-18 15:15:00,29900,29900,29800,29800,3771
2026-03-18 15:16:00,29850,29900,29800,29900,2157
2026-03-18 15:17:00,29900,29900,29850,29850,3261
2026-03-18 15:18:00,29850,29900,29850,29850,724
2026-03-18 15:19:00,29900,29900,29850,29850,1288
2026-03-18 15:30:00,29850,29850,29850,29850,6738
2026-03-18 15:35:00,29850,29850,29850,29850,1548
2026-03-19 09:00:00,28800,29000,28400,28900,18190
2026-03-19 09:01:00,28900,28950,28600,28850,8496
2026-03-19 09:02:00,28900,28950,28700,28900,5473
2026-03-19 09:03:00,28800,29000,28700,28750,5104
2026-03-19 09:04:00,28750,29300,28700,28950,4934
2026-03-19 09:05:00,29000,29000,28850,28900,2070
2026-03-19 09:06:00,28950,29000,28850,28900,1758
2026-03-19 09:07:00,28900,29100,28850,29000,4286
2026-03-19 09:08:00,29000,29150,29000,29000,4543
2026-03-19 09:09:00,29000,29100,28950,29100,2298
2026-03-19 09:10:00,29100,29350,29000,29350,4176
2026-03-19 09:11:00,29300,29400,29100,29100,1632
2026-03-19 09:12:00,29150,29150,28800,28950,6424
2026-03-19 09:13:00,28900,28950,28850,28950,1256
2026-03-19 09:14:00,28950,29050,28800,28950,3715
2026-03-19 09:15:00,29000,29150,29000,29050,1755
2026-03-19 09:16:00,29100,29200,29050,29050,1618
2026-03-19 09:17:00,29100,29150,29050,29050,2050
2026-03-19 09:18:00,29050,29100,29050,29100,827
2026-03-19 09:19:00,29050,29150,29050,29100,800
2026-03-19 09:20:00,29100,29100,28900,28900,4432
2026-03-19 09:21:00,28950,28950,28800,28800,2130
2026-03-19 09:22:00,28800,28800,28600,28650,7759
2026-03-19 09:23:00,28650,28650,28600,28650,1213
2026-03-19 09:24:00,28650,28700,28600,28650,2316
2026-03-19 09:25:00,28650,28650,28550,28600,3317
2026-03-19 09:26:00,28600,28600,28550,28600,1411
2026-03-19 09:27:00,28600,28600,28500,28550,1552
2026-03-19 09:28:00,28550,28750,28550,28750,3092
2026-03-19 09:29:00,28750,28800,28700,28750,1665
2026-03-19 09:30:00,28750,28800,28700,28750,1390
2026-03-19 09:31:00,28800,28800,28700,28750,1312
2026-03-19 09:32:00,28750,28800,28700,28750,587
2026-03-19 09:33:00,28750,28750,28650,28700,2599
2026-03-19 09:34:00,28700,28750,28650,28650,709
2026-03-19 09:35:00,28700,28700,28600,28650,1183
2026-03-19 09:36:00,28650,28700,28650,28650,561
2026-03-19 09:37:00,28650,28700,28650,28700,942
2026-03-19 09:38:00,28700,28700,28650,28650,1104
2026-03-19 09:39:00,28650,28650,28600,28600,1137
2026-03-19 09:40:00,28600,28700,28600,28650,1080
2026-03-19 09:41:00,28700,28700,28650,28650,965
2026-03-19 09:42:00,28650,28650,28600,28650,617
2026-03-19 09:43:00,28650,28650,28600,28650,1176
2026-03-19 09:44:00,28650,28650,28600,28650,1304
2026-03-19 09:45:00,28650,28650,28500,28500,6926
2026-03-19 09:46:00,28500,28600,28500,28550,2220
2026-03-19 09:47:00,28550,28650,28500,28650,2190
2026-03-19 09:48:00,28650,28700,28550,28550,1600
2026-03-19 09:49:00,28550,28700,28550,28700,1191
2026-03-19 09:50:00,28650,28650,28600,28650,640
2026-03-19 09:51:00,28650,28650,28550,28600,1065
2026-03-19 09:52:00,28600,28600,28550,28600,99
2026-03-19 09:53:00,28600,28600,28500,28500,3072
2026-03-19 09:54:00,28500,28600,28500,28550,972
2026-03-19 09:55:00,28550,28600,28500,28600,334
2026-03-19 09:56:00,28600,28600,28500,28550,876
2026-03-19 09:57:00,28550,28600,28500,28550,1073
2026-03-19 09:58:00,28500,28550,28500,28500,1853
2026-03-19 09:59:00,28500,28550,28500,28550,1009
2026-03-19 10:00:00,28600,28600,28550,28550,508
2026-03-19 10:01:00,28600,28600,28550,28600,635
2026-03-19 10:02:00,28600,28600,28550,28550,251
2026-03-19 10:03:00,28550,28600,28550,28550,1024
2026-03-19 10:04:00,28550,28600,28450,28500,13767
2026-03-19 10:05:00,28500,28500,28450,28450,1299
2026-03-19 10:06:00,28500,28500,28450,28450,829
2026-03-19 10:07:00,28500,28500,28450,28450,2007
2026-03-19 10:08:00,28450,28550,28450,28500,1196
2026-03-19 10:09:00,28550,28550,28500,28550,354
2026-03-19 10:10:00,28600,28600,28550,28550,139
2026-03-19 10:11:00,28600,28600,28550,28550,829
2026-03-19 10:12:00,28550,28550,28500,28500,455
2026-03-19 10:13:00,28550,28550,28500,28550,85
2026-03-19 10:14:00,28550,28550,28500,28500,1292
2026-03-19 10:15:00,28500,28500,28450,28450,730
2026-03-19 10:16:00,28500,28500,28450,28500,338
2026-03-19 10:17:00,28500,28500,28450,28500,635
2026-03-19 10:18:00,28500,28550,28450,28500,512
2026-03-19 10:19:00,28500,28500,28450,28500,285
2026-03-19 10:20:00,28500,28500,28450,28500,133
2026-03-19 10:21:00,28500,28500,28450,28500,225
2026-03-19 10:22:00,28500,28500,28400,28450,4834
2026-03-19 10:23:00,28450,28450,28400,28400,3515
2026-03-19 10:24:00,28400,28550,28400,28500,1556
2026-03-19 10:25:00,28500,28550,28450,28500,294
2026-03-19 10:26:00,28500,28500,28450,28500,231
2026-03-19 10:27:00,28500,28500,28450,28500,191
2026-03-19 10:28:00,28500,28500,28450,28500,290
2026-03-19 10:29:00,28500,28500,28450,28500,169
2026-03-19 10:30:00,28500,28500,28450,28500,1037
2026-03-19 10:31:00,28500,28550,28450,28500,855
2026-03-19 10:32:00,28500,28550,28500,28550,108
2026-03-19 10:33:00,28500,28550,28500,28500,506
2026-03-19 10:34:00,28500,28550,28500,28550,225
2026-03-19 10:35:00,28550,28550,28500,28550,313
2026-03-19 10:36:00,28550,28550,28500,28550,431
2026-03-19 10:37:00,28550,28550,28500,28550,1206
2026-03-19 10:38:00,28600,28600,28500,28550,1134
2026-03-19 10:39:00,28550,28550,28550,28550,44
2026-03-19 10:40:00,28550,28550,28500,28500,388
2026-03-19 10:41:00,28500,28550,28500,28550,692
2026-03-19 10:42:00,28550,28600,28500,28550,1412
2026-03-19 10:43:00,28600,28600,28550,28550,402
2026-03-19 10:44:00,28550,28650,28550,28600,1111
2026-03-19 10:45:00,28600,28650,28550,28600,256
2026-03-19 10:46:00,28550,28650,28550,28600,362
2026-03-19 10:47:00,28600,28650,28600,28650,242
2026-03-19 10:48:00,28650,28650,28600,28650,129
2026-03-19 10:49:00,28650,28700,28600,28700,711
2026-03-19 10:50:00,28700,28700,28625,28650,271
2026-03-19 10:51:00,28650,28675,28650,28650,910
2026-03-19 10:52:00,28650,28700,28650,28700,210
2026-03-19 10:53:00,28700,28750,28600,28700,1720
2026-03-19 10:54:00,28650,28700,28600,28700,833
2026-03-19 10:55:00,28700,28750,28700,28750,566
2026-03-19 10:56:00,28750,28800,28700,28750,1098
2026-03-19 10:57:00,28750,28800,28650,28800,1239
2026-03-19 10:58:00,28800,28800,28750,28800,404
2026-03-19 10:59:00,28800,28850,28800,28850,449
2026-03-19 11:00:00,28800,28850,28750,28800,594
2026-03-19 11:01:00,28750,28800,28650,28750,1135
2026-03-19 11:02:00,28750,28800,28750,28750,238
2026-03-19 11:03:00,28750,28750,28750,28750,77
2026-03-19 11:04:00,28750,28750,28700,28750,394
2026-03-19 11:05:00,28750,28800,28700,28750,374
2026-03-19 11:06:00,28800,28800,28750,28750,460
2026-03-19 11:07:00,28750,28800,28750,28800,127
2026-03-19 11:08:00,28800,28800,28800,28800,122
2026-03-19 11:09:00,28800,28850,28800,28850,366
2026-03-19 11:10:00,28850,28850,28800,28800,564
2026-03-19 11:11:00,28800,28850,28750,28750,1366
2026-03-19 11:12:00,28750,28800,28750,28750,389
2026-03-19 11:13:00,28750,28750,28700,28750,589
2026-03-19 11:14:00,28700,28750,28600,28650,3021
2026-03-19 11:15:00,28700,28700,28650,28650,622
2026-03-19 11:16:00,28650,28650,28600,28650,47
2026-03-19 11:17:00,28650,28650,28600,28650,79
2026-03-19 11:18:00,28650,28650,28600,28600,59
2026-03-19 11:19:00,28600,28650,28600,28650,244
2026-03-19 11:20:00,28650,28700,28650,28700,141
2026-03-19 11:21:00,28700,28700,28650,28650,125
2026-03-19 11:22:00,28700,28750,28650,28700,572
2026-03-19 11:23:00,28700,28750,28650,28750,451
2026-03-19 11:24:00,28750,29050,28700,28950,6067
2026-03-19 11:25:00,28900,28950,28900,28950,677
2026-03-19 11:26:00,28950,28950,28900,28900,426
2026-03-19 11:27:00,28900,28900,28850,28850,722
2026-03-19 11:28:00,28850,28900,28850,28900,286
2026-03-19 11:29:00,28900,28900,28850,28850,215
2026-03-19 11:30:00,28900,28900,28850,28900,262
2026-03-19 11:31:00,28850,28900,28800,28900,2386
2026-03-19 11:32:00,28900,28900,28750,28750,175
2026-03-19 11:33:00,28750,28800,28750,28800,168
2026-03-19 11:34:00,28800,28800,28750,28750,215
2026-03-19 11:35:00,28750,28800,28750,28800,63
2026-03-19 11:36:00,28800,28800,28800,28800,375
2026-03-19 11:37:00,28800,28850,28800,28800,287
2026-03-19 11:38:00,28850,28850,28800,28800,213
2026-03-19 11:39:00,28800,28900,28800,28900,403
2026-03-19 11:40:00,28900,28900,28800,28850,84
2026-03-19 11:41:00,28900,28900,28850,28900,317
2026-03-19 11:42:00,28850,28900,28800,28850,426
2026-03-19 11:43:00,28850,28900,28800,28850,835
2026-03-19 11:44:00,28850,28900,28800,28800,1275
2026-03-19 11:45:00,28850,28900,28850,28900,213
2026-03-19 11:46:00,28900,28900,28850,28900,275
2026-03-19 11:47:00,28900,28900,28850,28850,1530
2026-03-19 11:48:00,28850,28850,28800,28800,154
2026-03-19 11:49:00,28800,28850,28800,28850,431
2026-03-19 11:50:00,28850,28900,28850,28900,958
2026-03-19 11:51:00,28900,28900,28850,28850,30
2026-03-19 11:52:00,28900,28900,28850,28900,107
2026-03-19 11:53:00,28900,28950,28850,28950,272
2026-03-19 11:54:00,28950,28950,28900,28950,36
2026-03-19 11:55:00,28950,29000,28900,29000,975
2026-03-19 11:56:00,28950,28950,28950,28950,131
2026-03-19 11:57:00,28950,28950,28900,28900,321
2026-03-19 11:58:00,28900,28950,28900,28900,1169
2026-03-19 11:59:00,28850,28900,28850,28900,354
2026-03-19 12:00:00,28900,28900,28850,28900,446
2026-03-19 12:01:00,28900,28900,28900,28900,36
2026-03-19 12:02:00,28900,28900,28800,28850,1084
2026-03-19 12:03:00,28850,28850,28850,28850,67
2026-03-19 12:04:00,28900,28900,28900,28900,1
2026-03-19 12:05:00,28900,28900,28900,28900,55
2026-03-19 12:06:00,28900,28900,28850,28900,148
2026-03-19 12:07:00,28900,28900,28900,28900,107
2026-03-19 12:08:00,28850,28850,28800,28800,1547
2026-03-19 12:09:00,28800,28850,28800,28850,641
2026-03-19 12:10:00,28850,28900,28800,28900,175
2026-03-19 12:11:00,28800,28900,28800,28900,133
2026-03-19 12:12:00,28850,28900,28800,28900,873
2026-03-19 12:13:00,28900,28900,28900,28900,136
2026-03-19 12:14:00,28900,28950,28850,28850,69
2026-03-19 12:15:00,28850,28950,28850,28950,389
2026-03-19 12:16:00,28950,28950,28900,28900,44
2026-03-19 12:17:00,28900,28950,28900,28900,112
2026-03-19 12:18:00,28900,28950,28900,28950,84
2026-03-19 12:19:00,28950,29100,28950,29050,9313
2026-03-19 12:20:00,29050,29050,28950,29000,157
2026-03-19 12:21:00,28950,29000,28900,28900,969
2026-03-19 12:22:00,28900,29000,28900,28950,195
2026-03-19 12:23:00,28950,29000,28950,29000,128
2026-03-19 12:24:00,29000,29050,28975,29050,692
2026-03-19 12:25:00,29050,29050,29050,29050,154
2026-03-19 12:26:00,29025,29050,29000,29050,261
2026-03-19 12:27:00,29000,29050,29000,29000,732
2026-03-19 12:28:00,29000,29050,29000,29000,944
2026-03-19 12:29:00,29000,29050,28950,28950,258
2026-03-19 12:30:00,29000,29000,28950,29000,708
2026-03-19 12:31:00,29000,29000,28900,28900,2740
2026-03-19 12:32:00,28900,28900,28850,28850,308
2026-03-19 12:33:00,28850,28900,28850,28900,373
2026-03-19 12:34:00,28850,28900,28850,28900,124
2026-03-19 12:35:00,28900,28900,28900,28900,125
2026-03-19 12:36:00,28850,28900,28850,28900,413
2026-03-19 12:37:00,28900,28900,28800,28900,1930
2026-03-19 12:38:00,28850,28850,28800,28850,1444
2026-03-19 12:39:00,28800,28825,28800,28800,370
2026-03-19 12:40:00,28850,28850,28800,28850,362
2026-03-19 12:41:00,28850,28850,28750,28800,978
2026-03-19 12:42:00,28800,28800,28750,28800,11
2026-03-19 12:43:00,28800,28800,28750,28800,45
2026-03-19 12:44:00,28800,28800,28800,28800,349
2026-03-19 12:45:00,28800,28800,28750,28750,155
2026-03-19 12:46:00,28750,28750,28750,28750,408
2026-03-19 12:47:00,28800,28800,28750,28800,51
2026-03-19 12:48:00,28750,28800,28750,28800,1128
2026-03-19 12:49:00,28800,28800,28750,28800,221
2026-03-19 12:50:00,28800,28800,28750,28750,104
2026-03-19 12:51:00,28750,28800,28750,28750,474
2026-03-19 12:52:00,28750,28800,28750,28750,267
2026-03-19 12:53:00,28750,28750,28750,28750,631
2026-03-19 12:54:00,28750,28750,28700,28750,243
2026-03-19 12:55:00,28700,28750,28700,28750,3992
2026-03-19 12:56:00,28750,28750,28700,28700,668
2026-03-19 12:57:00,28700,28700,28700,28700,529
2026-03-19 12:58:00,28700,28700,28650,28650,9
2026-03-19 12:59:00,28700,28700,28650,28700,57
2026-03-19 13:00:00,28700,28700,28650,28650,113
2026-03-19 13:01:00,28700,28700,28650,28650,111
2026-03-19 13:02:00,28650,28700,28650,28700,16
2026-03-19 13:03:00,28700,28700,28650,28700,137
2026-03-19 13:04:00,28650,28650,28650,28650,684
2026-03-19 13:05:00,28650,28650,28650,28650,618
2026-03-19 13:06:00,28650,28650,28650,28650,79
2026-03-19 13:07:00,28650,28700,28650,28650,2079
2026-03-19 13:08:00,28650,28650,28600,28650,626
2026-03-19 13:09:00,28600,28600,28550,28600,6671
2026-03-19 13:10:00,28600,28600,28550,28550,1182
2026-03-19 13:11:00,28550,28575,28525,28550,911
2026-03-19 13:12:00,28550,28550,28500,28550,129
2026-03-19 13:13:00,28550,28550,28500,28550,1136
2026-03-19 13:14:00,28550,28550,28550,28550,307
2026-03-19 13:15:00,28550,28600,28500,28600,3324
2026-03-19 13:16:00,28550,28600,28550,28550,234
2026-03-19 13:17:00,28600,28600,28550,28600,55
2026-03-19 13:18:00,28600,28600,28550,28600,412
2026-03-19 13:19:00,28600,28600,28600,28600,145
2026-03-19 13:20:00,28600,28600,28600,28600,165
2026-03-19 13:21:00,28600,28600,28550,28600,246
2026-03-19 13:22:00,28600,28600,28600,28600,114
2026-03-19 13:23:00,28550,28600,28550,28600,207
2026-03-19 13:24:00,28600,28625,28600,28600,707
2026-03-19 13:25:00,28600,28600,28600,28600,685
2026-03-19 13:26:00,28550,28550,28550,28550,3285
2026-03-19 13:27:00,28500,28550,28500,28550,3955
2026-03-19 13:28:00,28550,28550,28550,28550,1167
2026-03-19 13:29:00,28550,28550,28500,28500,251
2026-03-19 13:30:00,28500,28550,28500,28550,1747
2026-03-19 13:31:00,28550,28550,28500,28550,64
2026-03-19 13:32:00,28550,28550,28500,28550,162
2026-03-19 13:33:00,28550,28550,28550,28550,247
2026-03-19 13:34:00,28550,28550,28500,28550,59
2026-03-19 13:35:00,28550,28550,28500,28500,237
2026-03-19 13:36:00,28500,28550,28500,28500,130
2026-03-19 13:37:00,28500,28550,28500,28550,266
2026-03-19 13:38:00,28500,28550,28500,28550,145
2026-03-19 13:39:00,28550,28550,28500,28550,400
2026-03-19 13:40:00,28550,28550,28500,28550,182
2026-03-19 13:41:00,28550,28650,28550,28600,650
2026-03-19 13:42:00,28550,28600,28500,28500,988
2026-03-19 13:43:00,28500,28500,28500,28500,2840
2026-03-19 13:44:00,28500,28550,28500,28550,431
2026-03-19 13:45:00,28550,28550,28500,28550,222
2026-03-19 13:46:00,28550,28550,28550,28550,52
2026-03-19 13:47:00,28550,28550,28550,28550,147
2026-03-19 13:48:00,28550,28550,28500,28550,80
2026-03-19 13:49:00,28550,28575,28550,28550,383
2026-03-19 13:50:00,28550,28600,28500,28550,703
2026-03-19 13:51:00,28550,28550,28500,28550,336
2026-03-19 13:52:00,28500,28600,28500,28600,1000
2026-03-19 13:53:00,28600,28600,28500,28550,263
2026-03-19 13:54:00,28550,28650,28550,28600,476
2026-03-19 13:55:00,28600,28600,28600,28600,109
2026-03-19 13:56:00,28600,28650,28600,28600,162
2026-03-19 13:57:00,28625,28625,28600,28625,875
2026-03-19 13:58:00,28600,28625,28600,28625,112
2026-03-19 13:59:00,28600,28625,28600,28600,435
2026-03-19 14:00:00,28600,28600,28550,28550,101
2026-03-19 14:01:00,28550,28600,28550,28600,881
2026-03-19 14:02:00,28600,28650,28600,28650,367
2026-03-19 14:03:00,28600,28600,28550,28550,252
2026-03-19 14:04:00,28550,28550,28500,28550,742
2026-03-19 14:05:00,28550,28550,28500,28550,513
2026-03-19 14:06:00,28550,28550,28500,28500,34
2026-03-19 14:07:00,28550,28550,28500,28550,137
2026-03-19 14:08:00,28550,28550,28500,28500,147
2026-03-19 14:09:00,28500,28550,28500,28550,259
2026-03-19 14:10:00,28550,28550,28550,28550,117
2026-03-19 14:11:00,28550,28550,28500,28550,517
2026-03-19 14:12:00,28600,28600,28550,28550,429
2026-03-19 14:13:00,28550,28550,28550,28550,142
2026-03-19 14:14:00,28550,28600,28500,28600,423
2026-03-19 14:15:00,28600,28600,28550,28550,706
2026-03-19 14:16:00,28600,28600,28550,28550,422
2026-03-19 14:17:00,28550,28550,28500,28500,222
2026-03-19 14:18:00,28550,28550,28500,28550,108
2026-03-19 14:19:00,28550,28600,28500,28550,1046
2026-03-19 14:20:00,28550,28600,28550,28550,31
2026-03-19 14:21:00,28550,28550,28550,28550,19
2026-03-19 14:22:00,28550,28600,28550,28600,95
2026-03-19 14:23:00,28600,28600,28550,28600,275
2026-03-19 14:24:00,28600,28600,28550,28550,201
2026-03-19 14:25:00,28600,28600,28550,28550,951
2026-03-19 14:26:00,28550,28550,28550,28550,726
2026-03-19 14:27:00,28600,28600,28550,28550,202
2026-03-19 14:28:00,28550,28600,28550,28550,189
2026-03-19 14:29:00,28600,28600,28550,28550,150
2026-03-19 14:30:00,28550,28600,28500,28550,2270
2026-03-19 14:31:00,28500,28550,28500,28550,176
2026-03-19 14:32:00,28550,28550,28550,28550,291
2026-03-19 14:33:00,28550,28550,28550,28550,35
2026-03-19 14:34:00,28550,28550,28500,28500,1154
2026-03-19 14:35:00,28500,28550,28500,28550,113
2026-03-19 14:36:00,28550,28550,28500,28500,1248
2026-03-19 14:37:00,28550,28550,28500,28550,60
2026-03-19 14:38:00,28550,28550,28500,28550,826
2026-03-19 14:39:00,28550,28550,28500,28550,198
2026-03-19 14:40:00,28550,28550,28500,28550,169
2026-03-19 14:41:00,28550,28550,28500,28525,240
2026-03-19 14:42:00,28550,28550,28450,28500,7467
2026-03-19 14:43:00,28500,28500,28450,28500,83
2026-03-19 14:44:00,28500,28525,28500,28500,682
2026-03-19 14:45:00,28500,28500,28450,28450,805
2026-03-19 14:46:00,28500,28500,28450,28475,1503
2026-03-19 14:47:00,28475,28500,28450,28500,463
2026-03-19 14:48:00,28500,28500,28450,28450,368
2026-03-19 14:49:00,28450,28500,28450,28500,2811
2026-03-19 14:50:00,28500,28500,28450,28450,735
2026-03-19 14:51:00,28450,28500,28450,28450,1372
2026-03-19 14:52:00,28500,28500,28500,28500,153
2026-03-19 14:53:00,28550,28550,28500,28500,92
2026-03-19 14:54:00,28550,28550,28550,28550,53
2026-03-19 14:55:00,28550,28550,28550,28550,922
2026-03-19 14:56:00,28550,28550,28550,28550,460
2026-03-19 14:57:00,28550,28550,28500,28500,559
2026-03-19 14:58:00,28500,28500,28500,28500,555
2026-03-19 14:59:00,28500,28550,28500,28550,39
2026-03-19 15:00:00,28550,28550,28500,28550,113
2026-03-19 15:01:00,28550,28550,28500,28550,301
2026-03-19 15:02:00,28550,28550,28550,28550,441
2026-03-19 15:03:00,28550,28550,28500,28550,466
2026-03-19 15:04:00,28550,28550,28500,28550,1171
2026-03-19 15:05:00,28550,28600,28550,28600,1428
2026-03-19 15:06:00,28600,28600,28550,28550,456
2026-03-19 15:07:00,28550,28550,28550,28550,185
2026-03-19 15:08:00,28550,28550,28550,28550,53
2026-03-19 15:09:00,28550,28600,28550,28550,115
2026-03-19 15:10:00,28550,28550,28550,28550,490
2026-03-19 15:11:00,28550,28600,28550,28600,288
2026-03-19 15:12:00,28600,28600,28550,28600,1216
2026-03-19 15:13:00,28600,28650,28550,28600,3617
2026-03-19 15:14:00,28600,28625,28550,28625,1280
2026-03-19 15:15:00,28650,28650,28600,28600,795
2026-03-19 15:16:00,28650,28650,28600,28625,302
2026-03-19 15:17:00,28625,28650,28600,28650,521
2026-03-19 15:18:00,28650,28700,28600,28700,2410
2026-03-19 15:19:00,28650,28700,28600,28650,568
2026-03-19 15:30:00,28600,28600,28600,28600,5276
2026-03-19 15:35:00,28600,28600,28600,28600,1616
2026-03-20 09:00:00,28700,28850,28650,28700,5896
2026-03-20 09:01:00,28700,29000,28600,28900,6937
2026-03-20 09:02:00,28900,29100,28800,29000,2562
2026-03-20 09:03:00,29000,29000,28700,28700,2398
2026-03-20 09:04:00,28700,28750,28650,28700,1264
2026-03-20 09:05:00,28750,28850,28700,28850,1677
2026-03-20 09:06:00,28800,28900,28800,28900,1035
2026-03-20 09:07:00,28800,28800,28725,28750,677
2026-03-20 09:08:00,28750,29000,28700,28900,2876
2026-03-20 09:09:00,28900,29000,28800,28950,2430
2026-03-20 09:10:00,28950,29200,28950,29150,6668
2026-03-20 09:11:00,29150,29200,29100,29150,1631
2026-03-20 09:12:00,29150,29150,29050,29100,1834
2026-03-20 09:13:00,29100,29100,29000,29000,4076
2026-03-20 09:14:00,29000,29050,28950,28950,1837
2026-03-20 09:15:00,28950,29000,28800,28850,2063
2026-03-20 09:16:00,28800,28850,28650,28700,4080
2026-03-20 09:17:00,28700,28800,28650,28700,1465
2026-03-20 09:18:00,28750,28800,28700,28800,1869
2026-03-20 09:19:00,28800,28800,28600,28700,3721
2026-03-20 09:20:00,28750,28750,28700,28700,448
2026-03-20 09:21:00,28700,28750,28700,28750,666
2026-03-20 09:22:00,28700,28750,28600,28600,2698
2026-03-20 09:23:00,28650,28650,28600,28650,1487
2026-03-20 09:24:00,28600,28650,28500,28550,2451
2026-03-20 09:25:00,28550,28600,28400,28550,2963
2026-03-20 09:26:00,28550,28550,28250,28500,3220
2026-03-20 09:27:00,28450,28500,28250,28500,3178
2026-03-20 09:28:00,28500,28500,28350,28350,2037
2026-03-20 09:29:00,28350,28500,28300,28300,1900
2026-03-20 09:30:00,28300,28550,28300,28550,3380
2026-03-20 09:31:00,28550,28650,28400,28600,2198
2026-03-20 09:32:00,28600,28750,28600,28700,1869
2026-03-20 09:33:00,28700,28700,28600,28600,293
2026-03-20 09:34:00,28600,28750,28600,28650,1467
2026-03-20 09:35:00,28650,28650,28550,28550,811
2026-03-20 09:36:00,28600,28650,28600,28600,95
2026-03-20 09:37:00,28650,28650,28600,28650,125
2026-03-20 09:38:00,28650,28650,28400,28450,2894
2026-03-20 09:39:00,28450,28500,28400,28500,925
2026-03-20 09:40:00,28500,28550,28450,28450,1418
2026-03-20 09:41:00,28450,28600,28400,28500,936
2026-03-20 09:42:00,28500,28500,28400,28450,495
2026-03-20 09:43:00,28450,28500,28450,28500,325
2026-03-20 09:44:00,28450,28600,28450,28600,508
2026-03-20 09:45:00,28450,28600,28450,28500,823
2026-03-20 09:46:00,28450,28450,28400,28450,534
2026-03-20 09:47:00,28400,28450,28400,28400,1362
2026-03-20 09:48:00,28400,28475,28400,28475,1767
2026-03-20 09:49:00,28500,28600,28450,28500,927
2026-03-20 09:50:00,28500,28600,28500,28550,607
2026-03-20 09:51:00,28550,28600,28550,28550,1325
2026-03-20 09:52:00,28550,28600,28550,28600,346
2026-03-20 09:53:00,28600,28600,28550,28550,770
2026-03-20 09:54:00,28600,28650,28600,28600,1909
2026-03-20 09:55:00,28600,28700,28600,28700,1211
2026-03-20 09:56:00,28700,28700,28650,28700,552
2026-03-20 09:57:00,28700,28800,28700,28800,404
2026-03-20 09:58:00,28800,28800,28750,28800,1329
2026-03-20 09:59:00,28800,28850,28750,28850,520
2026-03-20 10:00:00,28850,28900,28800,28850,1731
2026-03-20 10:01:00,28850,29000,28850,29000,3569
2026-03-20 10:02:00,29000,29000,28950,29000,2543
2026-03-20 10:03:00,29000,29050,28950,28950,894
2026-03-20 10:04:00,28950,29000,28950,28950,1666
2026-03-20 10:05:00,28950,29000,28950,29000,1187
2026-03-20 10:06:00,29000,29050,28850,28850,638
2026-03-20 10:07:00,28850,29000,28850,28950,513
2026-03-20 10:08:00,28950,28950,28900,28950,1285
2026-03-20 10:09:00,28950,29050,28950,29050,1841
2026-03-20 10:10:00,29050,29300,29000,29100,10259
2026-03-20 10:11:00,29300,29400,29150,29300,3511
2026-03-20 10:12:00,29350,29350,29150,29150,1239
2026-03-20 10:13:00,29150,29200,29100,29150,728
2026-03-20 10:14:00,29150,29200,29050,29150,1666
2026-03-20 10:15:00,29150,29150,29000,29000,369
2026-03-20 10:16:00,29100,29100,29000,29100,823
2026-03-20 10:17:00,29100,29150,29000,29000,188
2026-03-20 10:18:00,29000,29050,29000,29000,373
2026-03-20 10:19:00,29000,29100,28950,29050,446
2026-03-20 10:20:00,29050,29050,28950,29000,391
2026-03-20 10:21:00,28950,29000,28950,28950,981
2026-03-20 10:22:00,28950,29000,28950,28950,1539
2026-03-20 10:23:00,28950,28950,28900,28900,469
2026-03-20 10:24:00,28900,28950,28850,28850,339
2026-03-20 10:25:00,28850,28900,28850,28900,30
2026-03-20 10:26:00,28900,28900,28700,28850,3630
2026-03-20 10:27:00,28850,28850,28850,28850,49
2026-03-20 10:28:00,28850,28850,28800,28800,309
2026-03-20 10:29:00,28850,28850,28750,28750,656
2026-03-20 10:30:00,28750,28800,28700,28800,596
2026-03-20 10:31:00,28800,28800,28800,28800,1
2026-03-20 10:32:00,28800,28800,28700,28700,572
2026-03-20 10:33:00,28700,28750,28700,28750,1382
2026-03-20 10:34:00,28750,28750,28750,28750,27
2026-03-20 10:35:00,28700,28700,28650,28650,931
2026-03-20 10:36:00,28650,28700,28650,28700,395
2026-03-20 10:37:00,28700,28700,28650,28650,296
2026-03-20 10:38:00,28650,28750,28650,28750,784
2026-03-20 10:39:00,28750,28800,28750,28800,2222
2026-03-20 10:40:00,28800,28800,28750,28800,178
2026-03-20 10:41:00,28775,28800,28750,28800,274
2026-03-20 10:42:00,28750,28800,28750,28800,575
2026-03-20 10:43:00,28800,28800,28750,28750,117
2026-03-20 10:44:00,28750,28850,28750,28850,1475
2026-03-20 10:45:00,28900,28900,28850,28850,905
2026-03-20 10:46:00,28850,28900,28800,28850,794
2026-03-20 10:47:00,28900,28900,28800,28800,117
2026-03-20 10:48:00,28850,28900,28800,28800,271
2026-03-20 10:49:00,28900,28900,28800,28900,123
2026-03-20 10:50:00,28850,28900,28850,28850,243
2026-03-20 10:51:00,28850,28900,28750,28800,752
2026-03-20 10:52:00,28850,28850,28750,28800,136
2026-03-20 10:53:00,28800,28800,28800,28800,3
2026-03-20 10:54:00,28800,28850,28800,28800,189
2026-03-20 10:55:00,28750,28750,28700,28700,234
2026-03-20 10:56:00,28750,28750,28650,28700,643
2026-03-20 10:57:00,28700,28850,28700,28800,932
2026-03-20 10:58:00,28800,28800,28750,28750,154
2026-03-20 10:59:00,28800,28800,28750,28750,164
2026-03-20 11:00:00,28800,28800,28750,28750,397
2026-03-20 11:01:00,28750,28800,28700,28750,449
2026-03-20 11:02:00,28700,28750,28700,28700,168
2026-03-20 11:03:00,28700,28750,28700,28700,363
2026-03-20 11:04:00,28700,28700,28600,28700,4050
2026-03-20 11:05:00,28650,28700,28650,28700,2524
2026-03-20 11:06:00,28700,28700,28650,28700,182
2026-03-20 11:07:00,28700,28700,28700,28700,97
2026-03-20 11:08:00,28700,28700,28650,28700,176
2026-03-20 11:09:00,28700,28700,28700,28700,738
2026-03-20 11:10:00,28700,28750,28700,28700,485
2026-03-20 11:11:00,28700,28700,28700,28700,24
2026-03-20 11:12:00,28700,28700,28650,28700,312
2026-03-20 11:13:00,28650,28750,28650,28750,472
2026-03-20 11:14:00,28700,28700,28700,28700,321
2026-03-20 11:15:00,28750,28750,28650,28700,558
2026-03-20 11:16:00,28700,28700,28650,28650,234
2026-03-20 11:17:00,28650,28700,28650,28700,174
2026-03-20 11:18:00,28700,28700,28650,28650,1519
2026-03-20 11:19:00,28600,28650,28600,28600,192
2026-03-20 11:20:00,28600,28650,28600,28650,346
2026-03-20 11:21:00,28600,28650,28600,28650,250
2026-03-20 11:22:00,28650,28650,28600,28650,126
2026-03-20 11:23:00,28650,28700,28650,28650,156
2026-03-20 11:24:00,28650,28700,28650,28700,313
2026-03-20 11:25:00,28700,28700,28650,28700,50
2026-03-20 11:26:00,28700,28700,28650,28650,188
2026-03-20 11:27:00,28650,28700,28650,28700,22
2026-03-20 11:28:00,28700,28700,28650,28700,279
2026-03-20 11:29:00,28700,28700,28650,28700,287
2026-03-20 11:30:00,28700,28700,28650,28650,250
2026-03-20 11:31:00,28650,28650,28600,28600,1822
2026-03-20 11:32:00,28600,28600,28600,28600,96
2026-03-20 11:33:00,28600,28650,28600,28600,1116
2026-03-20 11:34:00,28650,28650,28650,28650,93
2026-03-20 11:35:00,28650,28650,28650,28650,23
2026-03-20 11:36:00,28650,28650,28600,28650,101
2026-03-20 11:37:00,28650,28650,28600,28650,142
2026-03-20 11:38:00,28600,28650,28600,28650,199
2026-03-20 11:39:00,28650,28650,28600,28600,1228
2026-03-20 11:40:00,28600,28650,28600,28650,121
2026-03-20 11:41:00,28650,28650,28650,28650,23
2026-03-20 11:42:00,28650,28650,28600,28650,310
2026-03-20 11:43:00,28600,28650,28600,28600,239
2026-03-20 11:44:00,28600,28600,28550,28550,329
2026-03-20 11:45:00,28600,28600,28550,28600,121
2026-03-20 11:46:00,28600,28600,28550,28600,63
2026-03-20 11:47:00,28575,28600,28575,28575,229
2026-03-20 11:48:00,28600,28600,28550,28550,777
2026-03-20 11:49:00,28600,28600,28600,28600,129
2026-03-20 11:50:00,28600,28600,28600,28600,130
2026-03-20 11:51:00,28575,28600,28550,28550,160
2026-03-20 11:52:00,28550,28600,28550,28600,589
2026-03-20 11:53:00,28600,28600,28550,28550,204
2026-03-20 11:54:00,28600,28600,28600,28600,303
2026-03-20 11:55:00,28600,28650,28600,28650,4
2026-03-20 11:56:00,28650,28650,28600,28600,578
2026-03-20 11:57:00,28600,28650,28600,28650,204
2026-03-20 11:58:00,28600,28650,28550,28650,215
2026-03-20 11:59:00,28650,28650,28650,28650,24
2026-03-20 12:00:00,28650,28650,28600,28600,552
2026-03-20 12:01:00,28650,28650,28600,28600,119
2026-03-20 12:02:00,28600,28600,28550,28600,1344
2026-03-20 12:03:00,28650,28650,28600,28600,173
2026-03-20 12:04:00,28650,28650,28650,28650,97
2026-03-20 12:05:00,28650,28700,28650,28700,613
2026-03-20 12:06:00,28650,28700,28650,28700,128
2026-03-20 12:07:00,28700,28750,28700,28750,1910
2026-03-20 12:08:00,28750,28750,28750,28750,65
2026-03-20 12:09:00,28750,28750,28700,28700,211
2026-03-20 12:10:00,28750,28750,28700,28750,243
2026-03-20 12:11:00,28750,28750,28750,28750,503
2026-03-20 12:12:00,28750,28750,28750,28750,166
2026-03-20 12:13:00,28700,28750,28700,28750,678
2026-03-20 12:14:00,28750,28750,28750,28750,41
2026-03-20 12:15:00,28750,28750,28700,28700,823
2026-03-20 12:16:00,28700,28700,28650,28700,286
2026-03-20 12:17:00,28650,28650,28600,28650,607
2026-03-20 12:18:00,28600,28650,28600,28650,346
2026-03-20 12:19:00,28650,28700,28650,28650,107
2026-03-20 12:20:00,28650,28700,28650,28650,584
2026-03-20 12:21:00,28650,28700,28650,28650,5
2026-03-20 12:22:00,28650,28650,28600,28600,243
2026-03-20 12:23:00,28600,28650,28600,28650,37
2026-03-20 12:24:00,28700,28700,28650,28650,109
2026-03-20 12:25:00,28650,28650,28650,28650,161
2026-03-20 12:26:00,28700,28700,28650,28700,495
2026-03-20 12:27:00,28700,28700,28650,28700,389
2026-03-20 12:28:00,28700,28700,28650,28650,64
2026-03-20 12:29:00,28700,28700,28650,28700,228
2026-03-20 12:30:00,28700,28700,28700,28700,40
2026-03-20 12:31:00,28700,28700,28650,28650,293
2026-03-20 12:32:00,28700,28700,28650,28650,947
2026-03-20 12:33:00,28650,28650,28600,28650,1908
2026-03-20 12:34:00,28600,28650,28600,28600,146
2026-03-20 12:35:00,28650,28650,28650,28650,358
2026-03-20 12:36:00,28650,28650,28650,28650,164
2026-03-20 12:37:00,28650,28650,28600,28600,80
2026-03-20 12:38:00,28600,28650,28600,28650,115
2026-03-20 12:39:00,28650,28650,28600,28650,2930
2026-03-20 12:40:00,28600,28600,28600,28600,1409
2026-03-20 12:41:00,28600,28600,28600,28600,342
2026-03-20 12:42:00,28600,28650,28600,28600,846
2026-03-20 12:43:00,28600,28650,28600,28650,822
2026-03-20 12:44:00,28600,28600,28550,28550,701
2026-03-20 12:45:00,28550,28550,28500,28550,1666
2026-03-20 12:46:00,28550,28600,28550,28550,271
2026-03-20 12:47:00,28550,28550,28500,28550,1169
2026-03-20 12:48:00,28550,28600,28550,28600,97
2026-03-20 12:49:00,28550,28600,28550,28600,406
2026-03-20 12:50:00,28550,28550,28550,28550,206
2026-03-20 12:51:00,28550,28550,28500,28550,1391
2026-03-20 12:52:00,28550,28550,28500,28500,204
2026-03-20 12:53:00,28500,28550,28500,28550,756
2026-03-20 12:54:00,28500,28500,28500,28500,68
2026-03-20 12:55:00,28500,28500,28500,28500,28
2026-03-20 12:56:00,28500,28550,28500,28550,1064
2026-03-20 12:57:00,28550,28550,28450,28500,4305
2026-03-20 12:58:00,28500,28500,28475,28475,213
2026-03-20 12:59:00,28500,28500,28450,28500,385
2026-03-20 13:00:00,28500,28500,28450,28450,858
2026-03-20 13:01:00,28450,28500,28450,28500,877
2026-03-20 13:02:00,28500,28500,28450,28500,47
2026-03-20 13:03:00,28500,28500,28450,28500,158
2026-03-20 13:04:00,28450,28500,28450,28500,794
2026-03-20 13:05:00,28550,28550,28550,28550,172
2026-03-20 13:06:00,28600,28650,28550,28550,1297
2026-03-20 13:07:00,28600,28600,28600,28600,162
2026-03-20 13:08:00,28600,28600,28550,28550,87
2026-03-20 13:09:00,28550,28600,28550,28600,503
2026-03-20 13:10:00,28600,28600,28550,28550,610
2026-03-20 13:11:00,28550,28600,28550,28600,394
2026-03-20 13:12:00,28600,28650,28550,28550,653
2026-03-20 13:13:00,28550,28600,28500,28500,576
2026-03-20 13:14:00,28500,28500,28500,28500,97
2026-03-20 13:15:00,28600,28600,28500,28600,190
2026-03-20 13:16:00,28600,28600,28500,28500,213
2026-03-20 13:17:00,28550,28550,28500,28500,138
2026-03-20 13:18:00,28550,28550,28500,28500,52
2026-03-20 13:19:00,28550,28600,28550,28600,201
2026-03-20 13:20:00,28550,28550,28550,28550,218
2026-03-20 13:21:00,28550,28550,28500,28500,183
2026-03-20 13:22:00,28500,28550,28500,28550,560
2026-03-20 13:23:00,28550,28550,28550,28550,98
2026-03-20 13:24:00,28550,28550,28500,28550,1073
2026-03-20 13:25:00,28550,28600,28550,28600,438
2026-03-20 13:26:00,28600,28600,28600,28600,51
2026-03-20 13:27:00,28600,28625,28600,28600,6
2026-03-20 13:28:00,28650,28700,28650,28700,2267
2026-03-20 13:29:00,28700,28700,28700,28700,357
2026-03-20 13:30:00,28700,28750,28700,28750,442
2026-03-20 13:31:00,28750,28750,28750,28750,111
2026-03-20 13:32:00,28750,28800,28700,28800,545
2026-03-20 13:33:00,28800,28800,28750,28800,87
2026-03-20 13:34:00,28750,28750,28700,28700,1273
2026-03-20 13:35:00,28700,28750,28700,28750,5
2026-03-20 13:36:00,28750,28750,28650,28700,229
2026-03-20 13:37:00,28650,28700,28650,28700,164
2026-03-20 13:38:00,28700,28700,28700,28700,21
2026-03-20 13:39:00,28700,28750,28700,28700,57
2026-03-20 13:40:00,28700,28750,28650,28650,510
2026-03-20 13:41:00,28650,28700,28650,28700,57
2026-03-20 13:42:00,28650,28650,28650,28650,52
2026-03-20 13:43:00,28650,28650,28650,28650,64
2026-03-20 13:44:00,28600,28600,28600,28600,5
2026-03-20 13:45:00,28600,28650,28600,28650,169
2026-03-20 13:46:00,28650,28650,28600,28600,34
2026-03-20 13:47:00,28600,28650,28600,28600,1123
2026-03-20 13:48:00,28650,28650,28650,28650,21
2026-03-20 13:49:00,28600,28650,28600,28600,1697
2026-03-20 13:50:00,28600,28625,28600,28600,251
2026-03-20 13:51:00,28600,28600,28600,28600,394
2026-03-20 13:52:00,28625,28650,28600,28600,626
2026-03-20 13:53:00,28600,28650,28600,28600,438
2026-03-20 13:54:00,28650,28650,28600,28650,145
2026-03-20 13:55:00,28650,28650,28600,28600,641
2026-03-20 13:56:00,28625,28625,28600,28600,35
2026-03-20 13:57:00,28600,28600,28600,28600,50
2026-03-20 13:58:00,28600,28650,28600,28650,162
2026-03-20 13:59:00,28650,28650,28600,28650,82
2026-03-20 14:00:00,28650,28650,28600,28650,573
2026-03-20 14:01:00,28650,28650,28600,28600,727
2026-03-20 14:02:00,28600,28650,28600,28650,7031
2026-03-20 14:03:00,28650,28700,28650,28700,1251
2026-03-20 14:04:00,28700,28800,28700,28750,1750
2026-03-20 14:05:00,28750,28750,28700,28750,126
2026-03-20 14:06:00,28750,28800,28750,28750,1690
2026-03-20 14:07:00,28750,28750,28750,28750,349
2026-03-20 14:08:00,28750,28800,28750,28750,1323
2026-03-20 14:09:00,28800,28800,28700,28700,110
2026-03-20 14:10:00,28700,28750,28700,28750,148
2026-03-20 14:11:00,28750,28750,28700,28700,605
2026-03-20 14:12:00,28700,28700,28650,28650,1387
2026-03-20 14:13:00,28700,28700,28600,28700,3196
2026-03-20 14:14:00,28700,28700,28650,28700,408
2026-03-20 14:15:00,28650,28700,28650,28700,52
2026-03-20 14:16:00,28700,28700,28700,28700,825
2026-03-20 14:17:00,28700,28700,28700,28700,249
2026-03-20 14:18:00,28700,28700,28650,28650,248
2026-03-20 14:19:00,28650,28700,28650,28650,372
2026-03-20 14:20:00,28650,28700,28650,28650,608
2026-03-20 14:21:00,28650,28650,28650,28650,83
2026-03-20 14:22:00,28650,28650,28650,28650,42
2026-03-20 14:23:00,28700,28700,28650,28700,423
2026-03-20 14:24:00,28600,28650,28600,28600,715
2026-03-20 14:25:00,28600,28700,28600,28700,847
2026-03-20 14:26:00,28700,28700,28700,28700,53
2026-03-20 14:27:00,28650,28700,28650,28700,92
2026-03-20 14:28:00,28700,28700,28700,28700,33
2026-03-20 14:29:00,28700,28700,28700,28700,90
2026-03-20 14:30:00,28650,28700,28650,28650,1122
2026-03-20 14:31:00,28650,28700,28650,28700,326
2026-03-20 14:32:00,28750,28750,28700,28750,78
2026-03-20 14:33:00,28750,28800,28750,28750,611
2026-03-20 14:34:00,28750,28800,28750,28800,21
2026-03-20 14:35:00,28750,28750,28700,28700,677
2026-03-20 14:36:00,28700,28800,28700,28800,95
2026-03-20 14:37:00,28800,28825,28800,28825,653
2026-03-20 14:38:00,28800,28850,28750,28800,46
2026-03-20 14:39:00,28800,28850,28750,28750,232
2026-03-20 14:40:00,28750,28775,28750,28750,80
2026-03-20 14:41:00,28775,28800,28750,28750,907
2026-03-20 14:42:00,28750,28800,28750,28800,126
2026-03-20 14:43:00,28800,28800,28750,28750,226
2026-03-20 14:44:00,28750,28800,28750,28750,22
2026-03-20 14:45:00,28750,28750,28750,28750,183
2026-03-20 14:46:00,28750,28750,28750,28750,398
2026-03-20 14:47:00,28750,28750,28750,28750,227
2026-03-20 14:48:00,28700,28700,28700,28700,1141
2026-03-20 14:49:00,28700,28750,28700,28750,212
2026-03-20 14:50:00,28750,28750,28700,28700,124
2026-03-20 14:51:00,28700,28750,28650,28650,901
2026-03-20 14:52:00,28700,28700,28650,28650,337
2026-03-20 14:53:00,28650,28700,28600,28650,1341
2026-03-20 14:54:00,28600,28600,28600,28600,538
2026-03-20 14:55:00,28600,28600,28600,28600,234
2026-03-20 14:56:00,28600,28650,28600,28650,425
2026-03-20 14:57:00,28650,28650,28600,28650,1294
2026-03-20 14:58:00,28650,28650,28650,28650,114
2026-03-20 14:59:00,28650,28700,28650,28650,417
2026-03-20 15:00:00,28650,28650,28600,28600,1572
2026-03-20 15:01:00,28600,28600,28550,28600,143
2026-03-20 15:02:00,28550,28600,28550,28600,139
2026-03-20 15:03:00,28600,28600,28550,28600,1411
2026-03-20 15:04:00,28600,28600,28550,28600,511
2026-03-20 15:05:00,28550,28600,28550,28600,343
2026-03-20 15:06:00,28600,28600,28575,28575,65
2026-03-20 15:07:00,28575,28600,28550,28600,630
2026-03-20 15:08:00,28550,28600,28550,28550,678
2026-03-20 15:09:00,28550,28550,28500,28550,2314
2026-03-20 15:10:00,28550,28550,28550,28550,788
2026-03-20 15:11:00,28550,28600,28550,28600,668
2026-03-20 15:12:00,28550,28600,28550,28600,263
2026-03-20 15:13:00,28600,28600,28550,28550,882
2026-03-20 15:14:00,28550,28600,28500,28550,1618
2026-03-20 15:15:00,28550,28600,28550,28600,1184
2026-03-20 15:16:00,28550,28700,28550,28700,2953
2026-03-20 15:17:00,28700,28700,28600,28600,965
2026-03-20 15:18:00,28600,28650,28550,28650,330
2026-03-20 15:19:00,28650,28850,28600,28800,2635
2026-03-20 15:30:00,28900,28900,28900,28900,3725
2026-03-20 15:35:00,28900,28900,28900,28900,784
2026-03-23 09:00:00,27850,28150,27600,27650,14702
2026-03-23 09:01:00,27550,27900,27550,27650,5316
2026-03-23 09:02:00,27700,27750,27350,27350,7689
2026-03-23 09:03:00,27400,27550,27350,27450,2888
2026-03-23 09:04:00,27400,27450,27300,27300,3005
2026-03-23 09:05:00,27300,27350,27200,27300,3608
2026-03-23 09:06:00,27200,27300,27200,27200,2204
2026-03-23 09:07:00,27250,27400,27200,27200,5014
2026-03-23 09:08:00,27250,27250,27150,27150,5250
2026-03-23 09:09:00,27150,27250,27100,27100,2786
2026-03-23 09:10:00,27100,27200,27050,27100,2707
2026-03-23 09:11:00,27100,27150,27050,27100,1634
2026-03-23 09:12:00,27050,27150,27050,27100,2078
2026-03-23 09:13:00,27150,27200,27100,27200,1753
2026-03-23 09:14:00,27200,27300,27150,27250,2656
2026-03-23 09:15:00,27250,27250,27150,27200,1406
2026-03-23 09:16:00,27150,27200,27050,27200,4770
2026-03-23 09:17:00,27100,27200,27100,27100,1946
2026-03-23 09:18:00,27100,27200,27050,27200,3897
2026-03-23 09:19:00,27200,27300,27150,27200,1868
2026-03-23 09:20:00,27200,27300,27200,27300,644
2026-03-23 09:21:00,27250,27300,27200,27300,810
2026-03-23 09:22:00,27250,27300,27250,27300,375
2026-03-23 09:23:00,27300,27350,27200,27300,1524
2026-03-23 09:24:00,27300,27300,27200,27200,1458
2026-03-23 09:25:00,27200,27250,27100,27200,2675
2026-03-23 09:26:00,27100,27100,27050,27100,1980
2026-03-23 09:27:00,27100,27100,27000,27050,3822
2026-03-23 09:28:00,27050,27100,26900,26950,10339
2026-03-23 09:29:00,26900,26950,26850,26850,3784
2026-03-23 09:30:00,26850,26950,26800,26800,2367
2026-03-23 09:31:00,26850,26850,26800,26850,764
2026-03-23 09:32:00,26850,26850,26800,26850,1267
2026-03-23 09:33:00,26850,26850,26800,26800,592
2026-03-23 09:34:00,26850,26900,26750,26750,5554
2026-03-23 09:35:00,26800,26900,26800,26800,1443
2026-03-23 09:36:00,26850,26900,26850,26850,765
2026-03-23 09:37:00,26900,27000,26900,26950,1641
2026-03-23 09:38:00,27000,27000,26950,26950,464
2026-03-23 09:39:00,27000,27000,26950,26950,407
2026-03-23 09:40:00,26950,26950,26900,26900,1223
2026-03-23 09:41:00,26900,27000,26900,27000,1613
2026-03-23 09:42:00,26950,27000,26950,26950,724
2026-03-23 09:43:00,26950,26950,26850,26850,1849
2026-03-23 09:44:00,26850,26900,26750,26850,2004
2026-03-23 09:45:00,26850,26900,26800,26850,802
2026-03-23 09:46:00,26850,26900,26800,26800,918
2026-03-23 09:47:00,26800,26800,26750,26800,1002
2026-03-23 09:48:00,26800,26800,26700,26700,2843
2026-03-23 09:49:00,26750,26750,26700,26750,1030
2026-03-23 09:50:00,26700,26750,26700,26750,978
2026-03-23 09:51:00,26750,26750,26650,26700,2941
2026-03-23 09:52:00,26700,26750,26650,26650,895
2026-03-23 09:53:00,26650,26700,26650,26700,1152
2026-03-23 09:54:00,26700,26800,26650,26650,859
2026-03-23 09:55:00,26700,26700,26600,26650,2292
2026-03-23 09:56:00,26600,26650,26450,26550,10375
2026-03-23 09:57:00,26550,26550,26500,26500,670
2026-03-23 09:58:00,26500,26700,26500,26700,3740
2026-03-23 09:59:00,26700,26700,26600,26600,474
2026-03-23 10:00:00,26600,26650,26550,26600,2044
2026-03-23 10:01:00,26550,26650,26450,26600,2681
2026-03-23 10:02:00,26550,26600,26500,26550,631
2026-03-23 10:03:00,26550,26600,26450,26450,2893
2026-03-23 10:04:00,26450,26650,26450,26550,1175
2026-03-23 10:05:00,26600,26650,26500,26550,970
2026-03-23 10:06:00,26550,26650,26500,26650,1209
2026-03-23 10:07:00,26650,26800,26550,26800,2423
2026-03-23 10:08:00,26800,26800,26700,26750,640
2026-03-23 10:09:00,26800,26800,26700,26800,436
2026-03-23 10:10:00,26800,26850,26700,26850,1397
2026-03-23 10:11:00,26850,26850,26700,26800,337
2026-03-23 10:12:00,26800,26850,26700,26850,596
2026-03-23 10:13:00,26750,26850,26700,26850,684
2026-03-23 10:14:00,26800,26900,26800,26900,676
2026-03-23 10:15:00,26850,26850,26825,26850,274
2026-03-23 10:16:00,26825,26850,26800,26800,753
2026-03-23 10:17:00,26850,26850,26750,26800,447
2026-03-23 10:18:00,26800,26850,26800,26800,258
2026-03-23 10:19:00,26850,26850,26800,26850,696
2026-03-23 10:20:00,26850,27050,26850,27000,3453
2026-03-23 10:21:00,27000,27000,26950,27000,595
2026-03-23 10:22:00,27000,27050,27000,27050,691
2026-03-23 10:23:00,27000,27100,26900,27050,2459
2026-03-23 10:24:00,27050,27050,26900,26950,564
2026-03-23 10:25:00,27000,27000,26900,26900,605
2026-03-23 10:26:00,26900,26950,26900,26950,630
2026-03-23 10:27:00,26950,26950,26850,26900,583
2026-03-23 10:28:00,26900,26900,26850,26850,538
2026-03-23 10:29:00,26850,26900,26800,26800,926
2026-03-23 10:30:00,26800,26850,26800,26800,260
2026-03-23 10:31:00,26800,26900,26750,26850,1661
2026-03-23 10:32:00,26900,27000,26900,26900,2109
2026-03-23 10:33:00,26900,26950,26900,26950,247
2026-03-23 10:34:00,26900,26950,26900,26950,770
2026-03-23 10:35:00,27000,27000,26850,26850,1581
2026-03-23 10:36:00,26850,27150,26800,27150,1493
2026-03-23 10:37:00,27150,27150,27000,27100,1408
2026-03-23 10:38:00,27100,27100,27050,27100,188
2026-03-23 10:39:00,27100,27100,27050,27100,865
2026-03-23 10:40:00,27100,27200,27100,27150,7294
2026-03-23 10:41:00,27150,27250,27150,27250,1556
2026-03-23 10:42:00,27250,27300,27200,27300,1465
2026-03-23 10:43:00,27250,27300,27150,27250,1666
2026-03-23 10:44:00,27200,27200,27050,27050,729
2026-03-23 10:45:00,27100,27150,27000,27100,2480
2026-03-23 10:46:00,27050,27150,27050,27150,394
2026-03-23 10:47:00,27150,27200,27100,27100,847
2026-03-23 10:48:00,27100,27200,27100,27150,345
2026-03-23 10:49:00,27150,27150,26900,27050,2473
2026-03-23 10:50:00,27100,27100,26950,27050,1469
2026-03-23 10:51:00,27150,27150,27050,27050,3
2026-03-23 10:52:00,27050,27100,27050,27100,11
2026-03-23 10:53:00,27100,27100,27050,27100,707
2026-03-23 10:54:00,27100,27100,27050,27050,93
2026-03-23 10:55:00,27050,27100,27050,27100,76
2026-03-23 10:56:00,27050,27100,27050,27050,244
2026-03-23 10:57:00,27100,27100,26950,26950,1510
2026-03-23 10:58:00,26950,26950,26900,26950,619
2026-03-23 10:59:00,27000,27000,27000,27000,4
2026-03-23 11:00:00,26950,26950,26900,26950,408
2026-03-23 11:01:00,26950,26950,26900,26950,1771
2026-03-23 11:02:00,27000,27050,26950,26950,407
2026-03-23 11:03:00,27000,27000,26950,26950,235
2026-03-23 11:04:00,27000,27000,26950,27000,59
2026-03-23 11:05:00,27000,27050,26950,27050,176
2026-03-23 11:06:00,27050,27050,26950,27000,512
2026-03-23 11:07:00,27000,27000,26950,27000,222
2026-03-23 11:08:00,27000,27050,27000,27050,659
2026-03-23 11:09:00,27050,27100,27000,27050,310
2026-03-23 11:10:00,27050,27100,27050,27050,715
2026-03-23 11:11:00,27050,27100,27000,27000,484
2026-03-23 11:12:00,27050,27050,27000,27000,2905
2026-03-23 11:13:00,27000,27000,26950,27000,389
2026-03-23 11:14:00,27000,27000,26950,26950,919
2026-03-23 11:15:00,26900,26950,26900,26900,491
2026-03-23 11:16:00,26900,26900,26850,26850,635
2026-03-23 11:17:00,26950,26950,26850,26950,146
2026-03-23 11:18:00,26950,26950,26900,26900,114
2026-03-23 11:19:00,26900,26900,26850,26900,140
2026-03-23 11:20:00,26850,26900,26850,26900,106
2026-03-23 11:21:00,26900,26900,26900,26900,424
2026-03-23 11:22:00,26950,26950,26900,26950,646
2026-03-23 11:23:00,26950,27000,26950,26950,34
2026-03-23 11:24:00,26950,26950,26900,26950,260
2026-03-23 11:25:00,26900,26950,26900,26900,247
2026-03-23 11:26:00,26900,26950,26900,26950,235
2026-03-23 11:27:00,26950,27000,26900,27000,72
2026-03-23 11:28:00,26900,27000,26850,26850,541
2026-03-23 11:29:00,26850,26900,26850,26900,155
2026-03-23 11:30:00,26900,26900,26850,26900,24
2026-03-23 11:31:00,26850,26900,26850,26900,221
2026-03-23 11:32:00,26900,26900,26850,26850,275
2026-03-23 11:33:00,26900,26900,26850,26850,133
2026-03-23 11:34:00,26850,26900,26850,26850,7
2026-03-23 11:35:00,26850,26900,26850,26900,150
2026-03-23 11:36:00,26850,26900,26800,26850,3353
2026-03-23 11:37:00,26800,26850,26800,26800,2484
2026-03-23 11:38:00,26800,26800,26750,26800,184
2026-03-23 11:39:00,26750,26750,26700,26750,1588
2026-03-23 11:40:00,26750,26800,26750,26750,142
2026-03-23 11:41:00,26800,26800,26750,26750,162
2026-03-23 11:42:00,26750,26750,26750,26750,110
2026-03-23 11:43:00,26750,26800,26700,26700,131
2026-03-23 11:44:00,26750,26750,26700,26700,240
2026-03-23 11:45:00,26750,26750,26700,26725,19
2026-03-23 11:46:00,26725,26725,26700,26725,389
2026-03-23 11:47:00,26700,26750,26700,26700,734
2026-03-23 11:48:00,26700,26700,26700,26700,8
2026-03-23 11:49:00,26700,26750,26700,26750,76
2026-03-23 11:50:00,26750,26750,26700,26750,1991
2026-03-23 11:51:00,26700,26750,26650,26700,1003
2026-03-23 11:52:00,26700,26700,26700,26700,141
2026-03-23 11:53:00,26700,26700,26650,26700,122
2026-03-23 11:54:00,26650,26700,26650,26700,91
2026-03-23 11:55:00,26650,26700,26650,26650,791
2026-03-23 11:56:00,26650,26700,26650,26700,269
2026-03-23 11:57:00,26700,26700,26650,26700,305
2026-03-23 11:58:00,26700,26700,26650,26650,75
2026-03-23 11:59:00,26650,26700,26650,26700,198
2026-03-23 12:00:00,26700,26700,26650,26650,171
2026-03-23 12:01:00,26650,26700,26650,26700,141
2026-03-23 12:02:00,26700,26700,26700,26700,678
2026-03-23 12:03:00,26700,26700,26650,26650,406
2026-03-23 12:04:00,26650,26700,26650,26700,306
2026-03-23 12:05:00,26700,26700,26650,26700,137
2026-03-23 12:06:00,26700,26700,26650,26700,1022
2026-03-23 12:07:00,26700,26700,26600,26700,628
2026-03-23 12:08:00,26700,26700,26650,26700,133
2026-03-23 12:09:00,26700,26700,26650,26650,122
2026-03-23 12:10:00,26700,26700,26600,26650,294
2026-03-23 12:11:00,26625,26650,26625,26650,103
2026-03-23 12:12:00,26650,26650,26600,26650,132
2026-03-23 12:13:00,26650,26650,26600,26650,193
2026-03-23 12:14:00,26650,26700,26600,26700,209
2026-03-23 12:15:00,26650,26700,26650,26650,257
2026-03-23 12:16:00,26650,26650,26600,26600,4464
2026-03-23 12:17:00,26600,26600,26550,26600,301
2026-03-23 12:18:00,26550,26600,26550,26550,283
2026-03-23 12:19:00,26600,26600,26500,26550,3033
2026-03-23 12:20:00,26550,26600,26550,26600,476
2026-03-23 12:21:00,26600,26600,26550,26600,113
2026-03-23 12:22:00,26600,26700,26600,26700,307
2026-03-23 12:23:00,26700,26700,26600,26600,634
2026-03-23 12:24:00,26650,26650,26650,26650,508
2026-03-23 12:25:00,26650,26650,26650,26650,981
2026-03-23 12:26:00,26650,26700,26650,26700,236
2026-03-23 12:27:00,26700,26750,26650,26750,108
2026-03-23 12:28:00,26750,26750,26650,26700,163
2026-03-23 12:29:00,26650,26700,26650,26700,114
2026-03-23 12:30:00,26700,26700,26700,26700,212
2026-03-23 12:31:00,26700,26750,26650,26750,459
2026-03-23 12:32:00,26700,26700,26700,26700,157
2026-03-23 12:33:00,26700,26750,26650,26650,943
2026-03-23 12:34:00,26650,26650,26650,26650,100
2026-03-23 12:35:00,26700,26700,26600,26600,203
2026-03-23 12:36:00,26650,26650,26600,26600,324
2026-03-23 12:37:00,26600,26700,26600,26700,317
2026-03-23 12:38:00,26700,26700,26650,26650,200
2026-03-23 12:39:00,26650,26700,26650,26700,110
2026-03-23 12:40:00,26650,26700,26600,26600,250
2026-03-23 12:41:00,26600,26600,26600,26600,488
2026-03-23 12:42:00,26600,26700,26600,26700,26
2026-03-23 12:43:00,26600,26650,26600,26650,55
2026-03-23 12:44:00,26675,26700,26650,26650,273
2026-03-23 12:45:00,26650,26700,26650,26700,68
2026-03-23 12:46:00,26650,26700,26650,26700,21
2026-03-23 12:47:00,26700,26700,26700,26700,60
2026-03-23 12:48:00,26650,26700,26650,26700,318
2026-03-23 12:49:00,26700,26700,26650,26700,443
2026-03-23 12:50:00,26700,26700,26650,26650,85
2026-03-23 12:51:00,26650,26700,26650,26650,156
2026-03-23 12:52:00,26650,26650,26600,26600,42
2026-03-23 12:53:00,26650,26650,26600,26600,52
2026-03-23 12:54:00,26600,26650,26600,26600,459
2026-03-23 12:55:00,26600,26650,26600,26600,400
2026-03-23 12:56:00,26600,26650,26600,26650,383
2026-03-23 12:57:00,26650,26650,26600,26600,96
2026-03-23 12:58:00,26600,26650,26600,26650,215
2026-03-23 12:59:00,26650,26650,26600,26650,792
2026-03-23 13:00:00,26650,26650,26600,26600,502
2026-03-23 13:01:00,26650,26650,26600,26650,149
2026-03-23 13:02:00,26650,26650,26600,26600,140
2026-03-23 13:03:00,26600,26600,26600,26600,161
2026-03-23 13:04:00,26600,26650,26600,26600,771
2026-03-23 13:05:00,26550,26600,26550,26600,126
2026-03-23 13:06:00,26600,26600,26550,26550,201
2026-03-23 13:07:00,26550,26600,26550,26550,456
2026-03-23 13:08:00,26550,26600,26550,26600,227
2026-03-23 13:09:00,26550,26600,26550,26550,254
2026-03-23 13:10:00,26550,26600,26550,26600,786
2026-03-23 13:11:00,26550,26600,26550,26600,243
2026-03-23 13:12:00,26550,26600,26500,26500,1714
2026-03-23 13:13:00,26550,26550,26500,26550,641
2026-03-23 13:14:00,26550,26600,26550,26600,128
2026-03-23 13:15:00,26550,26600,26550,26550,145
2026-03-23 13:16:00,26600,26600,26500,26500,632
2026-03-23 13:17:00,26500,26600,26500,26550,80
2026-03-23 13:18:00,26550,26550,26550,26550,57
2026-03-23 13:19:00,26550,26600,26550,26550,145
2026-03-23 13:20:00,26550,26550,26550,26550,290
2026-03-23 13:21:00,26600,26750,26550,26700,1448
2026-03-23 13:22:00,26700,26800,26700,26750,764
2026-03-23 13:23:00,26750,26800,26650,26750,774
2026-03-23 13:24:00,26750,26750,26650,26750,188
2026-03-23 13:25:00,26650,26750,26650,26750,461
2026-03-23 13:26:00,26750,26750,26650,26750,312
2026-03-23 13:27:00,26800,26800,26750,26750,262
2026-03-23 13:28:00,26750,26800,26750,26750,61
2026-03-23 13:29:00,26800,26800,26700,26750,167
2026-03-23 13:30:00,26700,26750,26700,26700,413
2026-03-23 13:31:00,26700,26700,26650,26650,65
2026-03-23 13:32:00,26700,26700,26650,26700,218
2026-03-23 13:33:00,26700,26700,26600,26650,463
2026-03-23 13:34:00,26600,26650,26600,26600,757
2026-03-23 13:35:00,26600,26650,26600,26650,235
2026-03-23 13:36:00,26650,26650,26600,26600,131
2026-03-23 13:37:00,26550,26600,26550,26550,1129
2026-03-23 13:38:00,26550,26600,26550,26550,57
2026-03-23 13:39:00,26550,26600,26550,26600,226
2026-03-23 13:40:00,26550,26600,26550,26600,94
2026-03-23 13:41:00,26600,26600,26550,26550,64
2026-03-23 13:42:00,26550,26600,26550,26600,433
2026-03-23 13:43:00,26600,26600,26550,26550,603
2026-03-23 13:44:00,26600,26600,26550,26550,308
2026-03-23 13:45:00,26575,26600,26550,26550,254
2026-03-23 13:46:00,26550,26550,26550,26550,152
2026-03-23 13:47:00,26550,26550,26550,26550,90
2026-03-23 13:48:00,26550,26550,26500,26500,912
2026-03-23 13:49:00,26550,26600,26550,26600,74
2026-03-23 13:50:00,26600,26600,26550,26550,71
2026-03-23 13:51:00,26600,26600,26550,26600,1781
2026-03-23 13:52:00,26600,26700,26600,26700,1160
2026-03-23 13:53:00,26700,26700,26550,26650,470
2026-03-23 13:54:00,26700,26750,26650,26650,600
2026-03-23 13:55:00,26700,26750,26700,26750,91
2026-03-23 13:56:00,26700,26750,26650,26750,373
2026-03-23 13:57:00,26700,26750,26700,26700,116
2026-03-23 13:58:00,26700,26750,26650,26750,417
2026-03-23 13:59:00,26725,26750,26700,26750,96
2026-03-23 14:00:00,26700,26800,26700,26800,480
2026-03-23 14:01:00,26800,26800,26700,26750,387
2026-03-23 14:02:00,26750,26800,26750,26750,151
2026-03-23 14:03:00,26750,26800,26750,26800,414
2026-03-23 14:04:00,26750,26850,26700,26800,512
2026-03-23 14:05:00,26750,26850,26750,26800,650
2026-03-23 14:06:00,26800,26800,26800,26800,151
2026-03-23 14:07:00,26900,26900,26800,26850,364
2026-03-23 14:08:00,26900,26900,26850,26850,101
2026-03-23 14:09:00,26850,26850,26850,26850,131
2026-03-23 14:10:00,26850,26850,26800,26800,1428
2026-03-23 14:11:00,26800,26850,26800,26850,385
2026-03-23 14:12:00,26850,26850,26800,26800,218
2026-03-23 14:13:00,26800,26850,26800,26850,176
2026-03-23 14:14:00,26850,26850,26800,26800,176
2026-03-23 14:15:00,26850,26900,26850,26850,812
2026-03-23 14:16:00,26850,26900,26850,26900,248
2026-03-23 14:17:00,26900,26950,26800,26800,967
2026-03-23 14:18:00,26850,26850,26800,26850,158
2026-03-23 14:19:00,26850,26850,26800,26800,173
2026-03-23 14:20:00,26850,26850,26750,26800,1748
2026-03-23 14:21:00,26800,26800,26800,26800,174
2026-03-23 14:22:00,26800,26850,26750,26800,489
2026-03-23 14:23:00,26800,26800,26750,26800,2433
2026-03-23 14:24:00,26800,26800,26700,26700,2221
2026-03-23 14:25:00,26750,26750,26700,26750,317
2026-03-23 14:26:00,26700,26800,26700,26800,293
2026-03-23 14:27:00,26800,26800,26750,26750,200
2026-03-23 14:28:00,26750,26750,26700,26750,356
2026-03-23 14:29:00,26750,26750,26700,26700,506
2026-03-23 14:30:00,26750,26800,26700,26800,271
2026-03-23 14:31:00,26750,26750,26650,26750,659
2026-03-23 14:32:00,26750,26800,26700,26750,797
2026-03-23 14:33:00,26800,26800,26750,26750,236
2026-03-23 14:34:00,26800,26800,26750,26750,58
2026-03-23 14:35:00,26750,26800,26750,26800,409
2026-03-23 14:36:00,26800,26800,26800,26800,537
2026-03-23 14:37:00,26800,26850,26800,26800,152
2026-03-23 14:38:00,26800,26825,26800,26800,144
2026-03-23 14:39:00,26800,26800,26750,26800,2031
2026-03-23 14:40:00,26800,26800,26800,26800,411
2026-03-23 14:41:00,26800,26850,26800,26800,2760
2026-03-23 14:42:00,26850,26850,26800,26800,152
2026-03-23 14:43:00,26800,26850,26800,26850,215
2026-03-23 14:44:00,26850,26850,26800,26800,94
2026-03-23 14:45:00,26850,26850,26800,26850,111
2026-03-23 14:46:00,26800,26850,26750,26750,1565
2026-03-23 14:47:00,26750,26800,26750,26750,394
2026-03-23 14:48:00,26800,26800,26750,26750,1124
2026-03-23 14:49:00,26750,26750,26650,26650,4013
2026-03-23 14:50:00,26650,26700,26600,26650,2036
2026-03-23 14:51:00,26650,26700,26650,26700,1445
2026-03-23 14:52:00,26750,26800,26750,26750,499
2026-03-23 14:53:00,26750,26750,26650,26650,3257
2026-03-23 14:54:00,26650,26650,26650,26650,278
2026-03-23 14:55:00,26700,26700,26600,26600,3599
2026-03-23 14:56:00,26650,26700,26600,26650,2185
2026-03-23 14:57:00,26650,26700,26650,26650,907
2026-03-23 14:58:00,26650,26650,26600,26600,503
2026-03-23 14:59:00,26650,26700,26600,26700,1345
2026-03-23 15:00:00,26700,26750,26600,26650,667
2026-03-23 15:01:00,26650,26650,26600,26600,510
2026-03-23 15:02:00,26600,26600,26600,26600,356
2026-03-23 15:03:00,26600,26650,26600,26650,1320
2026-03-23 15:04:00,26625,26650,26600,26600,1698
2026-03-23 15:05:00,26600,26650,26600,26600,972
2026-03-23 15:06:00,26600,26650,26550,26600,933
2026-03-23 15:07:00,26550,26600,26550,26575,995
2026-03-23 15:08:00,26550,26600,26550,26550,862
2026-03-23 15:09:00,26550,26650,26550,26600,792
2026-03-23 15:10:00,26600,26600,26550,26600,2529
2026-03-23 15:11:00,26600,26650,26600,26650,845
2026-03-23 15:12:00,26600,26650,26600,26600,891
2026-03-23 15:13:00,26600,26650,26600,26600,993
2026-03-23 15:14:00,26600,26600,26550,26600,2506
2026-03-23 15:15:00,26600,26600,26550,26550,528
2026-03-23 15:16:00,26575,26600,26550,26600,974
2026-03-23 15:17:00,26600,26600,26550,26600,1570
2026-03-23 15:18:00,26600,26650,26500,26550,4300
2026-03-23 15:19:00,26550,26600,26500,26550,598
2026-03-23 15:30:00,26550,26550,26550,26550,5801
2026-03-23 15:35:00,26550,26550,26550,26550,314
2026-03-24 09:00:00,27700,27700,27250,27450,7722
2026-03-24 09:01:00,27350,27450,27250,27350,3466
2026-03-24 09:02:00,27350,27500,27250,27300,4131
2026-03-24 09:03:00,27300,27450,27100,27200,3322
2026-03-24 09:04:00,27150,27350,27100,27200,1704
2026-03-24 09:05:00,27150,27200,27000,27150,2833
2026-03-24 09:06:00,27150,27350,27100,27350,1139
2026-03-24 09:07:00,27350,27450,27300,27350,1954
2026-03-24 09:08:00,27350,27450,27350,27400,1208
2026-03-24 09:09:00,27400,27450,27300,27350,1484
2026-03-24 09:10:00,27400,27400,27300,27300,1007
2026-03-24 09:11:00,27300,27400,27200,27400,2232
2026-03-24 09:12:00,27400,27400,27200,27400,1198
2026-03-24 09:13:00,27350,27650,27300,27550,2871
2026-03-24 09:14:00,27550,27550,27450,27500,329
2026-03-24 09:15:00,27500,27500,27250,27300,1241
2026-03-24 09:16:00,27350,27450,27300,27350,889
2026-03-24 09:17:00,27300,27400,27300,27300,406
2026-03-24 09:18:00,27350,27350,27200,27200,653
2026-03-24 09:19:00,27200,27500,27200,27450,1342
2026-03-24 09:20:00,27450,27450,27300,27400,1223
2026-03-24 09:21:00,27450,27600,27400,27600,1499
2026-03-24 09:22:00,27600,27650,27500,27550,2141
2026-03-24 09:23:00,27550,27550,27350,27550,551
2026-03-24 09:24:00,27550,27550,27400,27450,620
2026-03-24 09:25:00,27450,27450,27400,27400,347
2026-03-24 09:26:00,27450,27450,27350,27350,133
2026-03-24 09:27:00,27300,27400,27300,27300,1336
2026-03-24 09:28:00,27350,27450,27300,27300,389
2026-03-24 09:29:00,27400,27400,27250,27350,442
2026-03-24 09:30:00,27300,27500,27300,27450,1451
2026-03-24 09:31:00,27500,27500,27350,27350,113
2026-03-24 09:32:00,27400,27400,27250,27300,456
2026-03-24 09:33:00,27250,27300,27200,27250,1437
2026-03-24 09:34:00,27250,27300,27200,27200,395
2026-03-24 09:35:00,27200,27300,27200,27200,1747
2026-03-24 09:36:00,27175,27250,27175,27200,811
2026-03-24 09:37:00,27200,27200,27050,27150,1659
2026-03-24 09:38:00,27200,27250,27150,27200,750
2026-03-24 09:39:00,27150,27150,27050,27100,1008
2026-03-24 09:40:00,27100,27150,27050,27150,1928
2026-03-24 09:41:00,27150,27250,27150,27200,716
2026-03-24 09:42:00,27200,27250,27100,27100,1897
2026-03-24 09:43:00,27100,27200,27100,27100,1182
2026-03-24 09:44:00,27100,27150,27100,27100,375
2026-03-24 09:45:00,27100,27150,27000,27000,4977
2026-03-24 09:46:00,27100,27150,27000,27000,1910
2026-03-24 09:47:00,27150,27200,27050,27050,289
2026-03-24 09:48:00,27050,27150,27050,27150,208
2026-03-24 09:49:00,27100,27150,27100,27100,193
2026-03-24 09:50:00,27100,27150,27050,27150,363
2026-03-24 09:51:00,27100,27150,27050,27100,76
2026-03-24 09:52:00,27100,27200,27050,27150,1259
2026-03-24 09:53:00,27150,27300,27150,27300,1296
2026-03-24 09:54:00,27300,27300,27200,27200,124
2026-03-24 09:55:00,27150,27200,27150,27150,629
2026-03-24 09:56:00,27150,27200,27100,27100,539
2026-03-24 09:57:00,27100,27200,27000,27200,2439
2026-03-24 09:58:00,27150,27200,27050,27100,3187
2026-03-24 09:59:00,27050,27100,26900,27000,3716
2026-03-24 10:00:00,27000,27100,26800,27100,2620
2026-03-24 10:01:00,26850,27000,26750,27000,1185
2026-03-24 10:02:00,27000,27050,26950,26950,657
2026-03-24 10:03:00,26950,27000,26900,26950,289
2026-03-24 10:04:00,27000,27000,26900,27000,1316
2026-03-24 10:05:00,27000,27100,27000,27050,423
2026-03-24 10:06:00,27050,27050,26900,27000,211
2026-03-24 10:07:00,27000,27000,26850,26850,295
2026-03-24 10:08:00,26950,27000,26850,27000,1567
2026-03-24 10:09:00,27050,27100,27000,27100,744
2026-03-24 10:10:00,27050,27100,27050,27100,68
2026-03-24 10:11:00,27100,27100,27050,27100,277
2026-03-24 10:12:00,27050,27050,26950,27000,345
2026-03-24 10:13:00,27000,27100,27000,27100,179
2026-03-24 10:14:00,27050,27100,27000,27000,189
2026-03-24 10:15:00,27000,27050,26800,26800,1418
2026-03-24 10:16:00,26800,26950,26800,26850,380
2026-03-24 10:17:00,26950,26950,26750,26800,691
2026-03-24 10:18:00,26800,26850,26700,26800,760
2026-03-24 10:19:00,26800,26900,26700,26850,662
2026-03-24 10:20:00,26900,27050,26850,26850,397
2026-03-24 10:21:00,27000,27050,26900,27050,277
2026-03-24 10:22:00,27050,27200,27000,27200,1897
2026-03-24 10:23:00,27200,27200,26950,26950,385
2026-03-24 10:24:00,26950,27050,26950,27050,355
2026-03-24 10:25:00,27050,27050,27050,27050,183
2026-03-24 10:26:00,27050,27050,26950,27000,243
2026-03-24 10:27:00,27000,27050,26950,27050,145
2026-03-24 10:28:00,27000,27100,27000,27100,308
2026-03-24 10:29:00,27100,27100,27000,27100,10
2026-03-24 10:30:00,27100,27100,27000,27050,18
2026-03-24 10:31:00,27050,27050,27000,27050,611
2026-03-24 10:32:00,27050,27050,26900,26900,297
2026-03-24 10:33:00,27000,27000,26900,26900,166
2026-03-24 10:34:00,27000,27000,26900,26900,270
2026-03-24 10:35:00,27000,27000,26950,27000,140
2026-03-24 10:36:00,26950,26950,26900,26900,4
2026-03-24 10:37:00,26900,26900,26800,26800,268
2026-03-24 10:38:00,26800,26800,26750,26750,527
2026-03-24 10:39:00,26750,26800,26700,26800,1987
2026-03-24 10:40:00,26800,26800,26700,26750,210
2026-03-24 10:41:00,26700,26700,26650,26650,1019
2026-03-24 10:42:00,26650,26700,26650,26700,713
2026-03-24 10:43:00,26700,26700,26650,26650,485
2026-03-24 10:44:00,26650,26650,26500,26550,6774
2026-03-24 10:45:00,26500,26600,26500,26500,681
2026-03-24 10:46:00,26500,26550,26500,26500,268
2026-03-24 10:47:00,26600,26600,26450,26550,1490
2026-03-24 10:48:00,26500,26550,26450,26550,731
2026-03-24 10:49:00,26550,26550,26500,26550,184
2026-03-24 10:50:00,26550,26600,26550,26550,339
2026-03-24 10:51:00,26550,26600,26450,26550,2139
2026-03-24 10:52:00,26500,26600,26500,26550,278
2026-03-24 10:53:00,26500,26600,26500,26500,572
2026-03-24 10:54:00,26500,26600,26500,26500,1283
2026-03-24 10:55:00,26500,26550,26500,26550,629
2026-03-24 10:56:00,26550,26600,26500,26600,477
2026-03-24 10:57:00,26550,26650,26450,26600,1503
2026-03-24 10:58:00,26500,26600,26400,26550,4091
2026-03-24 10:59:00,26550,26550,26425,26550,2811
2026-03-24 11:00:00,26550,26650,26500,26550,324
2026-03-24 11:01:00,26550,26850,26550,26850,771
2026-03-24 11:02:00,26750,26800,26750,26800,260
2026-03-24 11:03:00,26750,26750,26700,26700,36
2026-03-24 11:04:00,26700,26700,26700,26700,53
2026-03-24 11:05:00,26700,26700,26650,26700,201
2026-03-24 11:06:00,26700,26700,26650,26700,384
2026-03-24 11:07:00,26750,26750,26750,26750,207
2026-03-24 11:08:00,26750,26750,26600,26600,170
2026-03-24 11:09:00,26700,26700,26600,26600,67
2026-03-24 11:10:00,26600,26750,26600,26600,247
2026-03-24 11:11:00,26600,26600,26550,26550,296
2026-03-24 11:12:00,26500,26550,26500,26550,188
2026-03-24 11:13:00,26550,26600,26500,26600,315
2026-03-24 11:14:00,26550,26600,26500,26550,79
2026-03-24 11:15:00,26550,26550,26500,26500,119
2026-03-24 11:16:00,26550,26650,26550,26550,1082
2026-03-24 11:17:00,26650,26700,26600,26600,84
2026-03-24 11:18:00,26700,26700,26650,26700,55
2026-03-24 11:19:00,26700,26700,26700,26700,324
2026-03-24 11:20:00,26700,26800,26700,26750,285
2026-03-24 11:21:00,26750,26800,26750,26800,297
2026-03-24 11:22:00,26800,26800,26750,26800,598
2026-03-24 11:23:00,26800,26800,26750,26750,26
2026-03-24 11:24:00,26800,26800,26800,26800,24
2026-03-24 11:25:00,26800,26800,26750,26800,42
2026-03-24 11:26:00,26750,26850,26700,26850,314
2026-03-24 11:27:00,26850,26850,26850,26850,3
2026-03-24 11:28:00,26850,26850,26750,26800,35
2026-03-24 11:29:00,26750,26850,26750,26750,270
2026-03-24 11:30:00,26750,26800,26750,26800,175
2026-03-24 11:31:00,26800,26850,26750,26750,104
2026-03-24 11:32:00,26750,26850,26750,26850,264
2026-03-24 11:33:00,26850,26900,26850,26900,750
2026-03-24 11:34:00,26900,26900,26750,26800,278
2026-03-24 11:35:00,26800,26900,26800,26800,167
2026-03-24 11:36:00,26900,26900,26800,26850,223
2026-03-24 11:37:00,26850,26950,26850,26950,159
2026-03-24 11:38:00,26950,26950,26900,26950,15
2026-03-24 11:39:00,26950,26950,26900,26950,784
2026-03-24 11:40:00,26850,26850,26800,26800,112
2026-03-24 11:41:00,26850,26850,26800,26850,292
2026-03-24 11:42:00,26850,26850,26800,26800,29
2026-03-24 11:43:00,26800,26900,26800,26850,266
2026-03-24 11:44:00,26900,26950,26900,26950,52
2026-03-24 11:45:00,26800,26900,26800,26800,37
2026-03-24 11:46:00,26850,26850,26850,26850,115
2026-03-24 11:47:00,26850,26850,26850,26850,102
2026-03-24 11:48:00,26850,26850,26850,26850,56
2026-03-24 11:49:00,26850,26900,26800,26800,87
2026-03-24 11:50:00,26800,26800,26750,26800,108
2026-03-24 11:51:00,26750,26750,26750,26750,709
2026-03-24 11:52:00,26750,26750,26700,26750,77
2026-03-24 11:53:00,26700,26750,26700,26750,74
2026-03-24 11:54:00,26750,26800,26750,26800,40
2026-03-24 11:55:00,26800,26800,26800,26800,8
2026-03-24 11:56:00,26800,26800,26700,26700,2012
2026-03-24 11:57:00,26800,26800,26800,26800,11
2026-03-24 11:58:00,26800,26800,26650,26650,196
2026-03-24 11:59:00,26750,26750,26650,26650,89
2026-03-24 12:00:00,26700,26750,26700,26750,25
2026-03-24 12:01:00,26750,26800,26650,26800,146
2026-03-24 12:02:00,26800,26800,26800,26800,4
2026-03-24 12:03:00,26750,26750,26750,26750,72
2026-03-24 12:04:00,26750,26750,26700,26700,173
2026-03-24 12:05:00,26700,26750,26700,26750,772
2026-03-24 12:06:00,26750,26750,26750,26750,182
2026-03-24 12:07:00,26750,26750,26750,26750,117
2026-03-24 12:08:00,26750,26750,26750,26750,44
2026-03-24 12:09:00,26700,26700,26700,26700,73
2026-03-24 12:10:00,26750,26800,26750,26800,266
2026-03-24 12:11:00,26800,26800,26750,26800,143
2026-03-24 12:12:00,26750,26750,26750,26750,35
2026-03-24 12:13:00,26750,26750,26750,26750,77
2026-03-24 12:14:00,26700,26750,26700,26750,59
2026-03-24 12:15:00,26750,26750,26750,26750,13
2026-03-24 12:16:00,26750,26750,26750,26750,20
2026-03-24 12:17:00,26750,26750,26750,26750,30
2026-03-24 12:18:00,26750,26750,26700,26700,455
2026-03-24 12:19:00,26700,26800,26700,26800,372
2026-03-24 12:20:00,26850,26900,26850,26900,115
2026-03-24 12:21:00,26900,26900,26750,26900,120
2026-03-24 12:22:00,26900,26900,26900,26900,29
2026-03-24 12:23:00,26850,26850,26800,26850,282
2026-03-24 12:24:00,26850,26900,26800,26800,119
2026-03-24 12:25:00,26800,26800,26800,26800,53
2026-03-24 12:26:00,26800,26900,26800,26900,18
2026-03-24 12:27:00,26900,26900,26850,26850,67
2026-03-24 12:28:00,26850,26900,26850,26850,103
2026-03-24 12:29:00,26900,26900,26900,26900,188
2026-03-24 12:30:00,26875,26875,26800,26800,76
2026-03-24 12:31:00,26800,26900,26800,26850,257
2026-03-24 12:32:00,26850,26850,26850,26850,16
2026-03-24 12:33:00,26850,26850,26800,26800,106
2026-03-24 12:34:00,26850,26850,26850,26850,10
2026-03-24 12:35:00,26850,26850,26850,26850,4
2026-03-24 12:36:00,26750,26750,26700,26700,478
2026-03-24 12:37:00,26650,26650,26650,26650,131
2026-03-24 12:38:00,26700,26700,26600,26600,749
2026-03-24 12:39:00,26700,26700,26600,26600,63
2026-03-24 12:40:00,26650,26750,26650,26750,592
2026-03-24 12:41:00,26700,26850,26700,26850,120
2026-03-24 12:42:00,26850,26850,26800,26800,24
2026-03-24 12:43:00,26800,26800,26800,26800,49
2026-03-24 12:44:00,26800,26800,26800,26800,43
2026-03-24 12:45:00,26800,26800,26800,26800,114
2026-03-24 12:46:00,26800,26850,26800,26800,25
2026-03-24 12:47:00,26800,26800,26800,26800,4
2026-03-24 12:48:00,26800,26800,26750,26750,44
2026-03-24 12:49:00,26750,26800,26750,26800,47
2026-03-24 12:50:00,26800,26800,26750,26800,15
2026-03-24 12:51:00,26800,26800,26750,26800,83
2026-03-24 12:52:00,26800,26800,26800,26800,3
2026-03-24 12:53:00,26750,26800,26750,26750,60
2026-03-24 12:54:00,26750,26750,26750,26750,24
2026-03-24 12:56:00,26750,26850,26750,26800,714
2026-03-24 12:57:00,26800,26800,26750,26750,95
2026-03-24 12:58:00,26750,26750,26750,26750,32
2026-03-24 12:59:00,26750,26850,26750,26850,569
2026-03-24 13:00:00,26850,26900,26850,26850,598
2026-03-24 13:01:00,26850,26950,26850,26950,609
2026-03-24 13:02:00,26850,26950,26850,26850,78
2026-03-24 13:03:00,26850,26950,26850,26950,39
2026-03-24 13:04:00,26900,26950,26850,26950,706
2026-03-24 13:05:00,26950,27050,26950,27050,1181
2026-03-24 13:06:00,27050,27050,26950,27050,363
2026-03-24 13:07:00,27050,27050,27000,27050,161
2026-03-24 13:08:00,27000,27000,26950,27000,273
2026-03-24 13:09:00,27000,27050,27000,27050,47
2026-03-24 13:10:00,27050,27050,27050,27050,548
2026-03-24 13:11:00,27050,27100,27050,27050,220
2026-03-24 13:12:00,27050,27050,27000,27000,363
2026-03-24 13:13:00,27000,27050,27000,27050,154
2026-03-24 13:14:00,27050,27050,27050,27050,117
2026-03-24 13:15:00,27050,27050,27050,27050,44
2026-03-24 13:16:00,27050,27050,26950,27000,886
2026-03-24 13:17:00,26950,26950,26900,26950,220
2026-03-24 13:18:00,26900,26950,26900,26950,51
2026-03-24 13:19:00,26900,26925,26900,26925,30
2026-03-24 13:20:00,26925,26950,26925,26950,101
2026-03-24 13:21:00,26950,27000,26950,26950,687
2026-03-24 13:22:00,26950,26950,26900,26950,1028
2026-03-24 13:23:00,26950,26950,26900,26900,136
2026-03-24 13:24:00,26950,26950,26950,26950,100
2026-03-24 13:25:00,26950,26950,26900,26900,313
2026-03-24 13:26:00,26900,26950,26900,26950,156
2026-03-24 13:27:00,26950,26950,26950,26950,1
2026-03-24 13:28:00,26900,26900,26900,26900,2
2026-03-24 13:29:00,26950,26950,26900,26950,77
2026-03-24 13:30:00,26950,26950,26900,26950,92
2026-03-24 13:31:00,26900,26950,26900,26900,1249
2026-03-24 13:33:00,26900,27000,26900,27000,678
2026-03-24 13:34:00,26950,27050,26950,27050,1113
2026-03-24 13:35:00,27000,27100,27000,27100,1426
2026-03-24 13:36:00,27100,27100,27100,27100,52
2026-03-24 13:37:00,27050,27100,27050,27100,11
2026-03-24 13:38:00,27100,27100,27100,27100,12
2026-03-24 13:39:00,27100,27100,27050,27050,28
2026-03-24 13:40:00,27100,27100,27000,27000,212
2026-03-24 13:41:00,27050,27100,27000,27000,13
2026-03-24 13:42:00,27050,27050,27000,27000,7
2026-03-24 13:43:00,27000,27000,27000,27000,91
2026-03-24 13:44:00,27000,27050,27000,27050,515
2026-03-24 13:45:00,27050,27050,27050,27050,3
2026-03-24 13:46:00,27050,27100,27050,27100,17
2026-03-24 13:47:00,27100,27100,27000,27000,22
2026-03-24 13:48:00,27000,27050,27000,27050,63
2026-03-24 13:49:00,27050,27100,27050,27050,77
2026-03-24 13:50:00,27050,27050,26950,26950,150
2026-03-24 13:51:00,26950,27000,26950,27000,936
2026-03-24 13:52:00,27000,27100,27000,27100,152
2026-03-24 13:53:00,27100,27100,27050,27050,203
2026-03-24 13:54:00,27050,27050,27000,27050,312
2026-03-24 13:55:00,27000,27100,27000,27100,27
2026-03-24 13:56:00,27050,27100,27000,27000,120
2026-03-24 13:57:00,27000,27000,27000,27000,6
2026-03-24 13:58:00,27000,27000,27000,27000,58
2026-03-24 13:59:00,26950,26950,26950,26950,13
2026-03-24 14:00:00,27000,27000,27000,27000,78
2026-03-24 14:01:00,27000,27000,26950,26950,483
2026-03-24 14:02:00,27000,27000,26900,27000,26
2026-03-24 14:03:00,26900,27000,26900,26900,62
2026-03-24 14:04:00,26950,27000,26950,27000,131
2026-03-24 14:05:00,27000,27000,26950,27000,17
2026-03-24 14:06:00,26950,26950,26950,26950,19
2026-03-24 14:07:00,26950,26950,26900,26950,116
2026-03-24 14:08:00,26950,26950,26850,26900,1242
2026-03-24 14:09:00,26850,26850,26800,26800,635
2026-03-24 14:10:00,26800,26800,26750,26750,2393
2026-03-24 14:11:00,26750,26800,26650,26800,1120
2026-03-24 14:12:00,26800,26800,26750,26750,64
2026-03-24 14:13:00,26700,26700,26700,26700,390
2026-03-24 14:14:00,26700,26800,26700,26800,214
2026-03-24 14:15:00,26800,26800,26700,26750,356
2026-03-24 14:16:00,26750,26800,26700,26800,131
2026-03-24 14:17:00,26800,26800,26800,26800,21
2026-03-24 14:18:00,26800,27000,26650,27000,3291
2026-03-24 14:19:00,26950,26950,26950,26950,192
2026-03-24 14:20:00,26950,27000,26850,26850,178
2026-03-24 14:22:00,26950,26950,26850,26850,301
2026-03-24 14:23:00,26900,26950,26800,26800,33
2026-03-24 14:24:00,26950,26950,26950,26950,5
2026-03-24 14:25:00,26950,26950,26900,26900,200
2026-03-24 14:26:00,26900,26900,26850,26850,23
2026-03-24 14:27:00,26850,26850,26850,26850,15
2026-03-24 14:28:00,26875,26875,26800,26800,904
2026-03-24 14:29:00,26800,26850,26800,26850,309
2026-03-24 14:30:00,26850,26850,26700,26800,172
2026-03-24 14:31:00,26750,26850,26750,26800,30
2026-03-24 14:32:00,26800,26800,26750,26750,176
2026-03-24 14:33:00,26775,26800,26750,26750,20
2026-03-24 14:34:00,26800,26850,26800,26850,88
2026-03-24 14:35:00,26850,26900,26800,26800,163
2026-03-24 14:36:00,26850,26850,26850,26850,243
2026-03-24 14:37:00,26850,26900,26850,26900,3
2026-03-24 14:38:00,26900,27000,26900,27000,585
2026-03-24 14:39:00,26900,27000,26900,27000,317
2026-03-24 14:40:00,27000,27000,26950,27000,342
2026-03-24 14:41:00,26950,26950,26900,26950,515
2026-03-24 14:42:00,26950,27000,26900,26900,1046
2026-03-24 14:43:00,26950,26950,26950,26950,30
2026-03-24 14:44:00,27000,27000,26950,26950,66
2026-03-24 14:45:00,26950,27000,26900,27000,248
2026-03-24 14:46:00,27000,27050,26950,26950,1138
2026-03-24 14:47:00,26950,27000,26900,26950,56
2026-03-24 14:48:00,26950,27000,26950,27000,67
2026-03-24 14:49:00,27000,27000,26900,26900,2002
2026-03-24 14:50:00,26950,26950,26900,26900,13
2026-03-24 14:51:00,26950,26950,26900,26950,259
2026-03-24 14:52:00,27000,27000,26900,27000,354
2026-03-24 14:53:00,27000,27050,27000,27050,62
2026-03-24 14:54:00,27050,27100,27000,27050,862
2026-03-24 14:55:00,27000,27050,27000,27050,57
2026-03-24 14:56:00,27050,27050,27050,27050,235
2026-03-24 14:57:00,27050,27050,27050,27050,51
2026-03-24 14:58:00,27050,27050,27000,27000,194
2026-03-24 14:59:00,27000,27100,27000,27100,348
2026-03-24 15:00:00,27100,27100,27050,27050,180
2026-03-24 15:01:00,27100,27100,27050,27050,193
2026-03-24 15:02:00,27100,27400,26750,27400,5591
2026-03-24 15:03:00,27200,27350,27150,27300,141
2026-03-24 15:04:00,27350,27400,27150,27300,1416
2026-03-24 15:05:00,27300,27300,27200,27250,552
2026-03-24 15:06:00,27250,27250,26850,27200,1452
2026-03-24 15:07:00,27200,27200,27100,27100,167
2026-03-24 15:08:00,27100,27200,27100,27200,261
2026-03-24 15:09:00,27200,27250,27200,27250,185
2026-03-24 15:10:00,27250,27250,27200,27250,294
2026-03-24 15:11:00,27250,27300,27150,27250,1894
2026-03-24 15:12:00,27250,27250,27150,27200,581
2026-03-24 15:13:00,27150,27250,27150,27250,373
2026-03-24 15:14:00,27250,27250,27250,27250,275
2026-03-24 15:15:00,27250,27300,27200,27250,655
2026-03-24 15:16:00,27250,27250,27200,27250,537
2026-03-24 15:17:00,27200,27200,27200,27200,162
2026-03-24 15:18:00,27200,27200,27200,27200,445
2026-03-24 15:19:00,27250,27250,27050,27050,856
2026-03-24 15:30:00,27200,27200,27200,27200,3765
2026-03-24 15:35:00,27200,27200,27200,27200,467
2026-03-25 09:00:00,27350,27600,27350,27400,3582
2026-03-25 09:01:00,27350,27350,27200,27250,2833
2026-03-25 09:02:00,27250,27500,27200,27350,1878
2026-03-25 09:03:00,27300,27300,27000,27050,8559
2026-03-25 09:04:00,27050,27050,26600,27000,2260
2026-03-25 09:05:00,27000,27000,26800,26800,1870
2026-03-25 09:06:00,26850,27150,26800,27150,1563
2026-03-25 09:07:00,26950,27150,26950,27050,696
2026-03-25 09:08:00,27050,27050,26850,26900,3842
2026-03-25 09:09:00,27000,27000,26800,26800,1547
2026-03-25 09:10:00,26900,26900,26700,26900,3363
2026-03-25 09:11:00,26800,26900,26750,26850,2061
2026-03-25 09:12:00,26850,27050,26825,27050,2110
2026-03-25 09:13:00,27000,27100,27000,27100,584
2026-03-25 09:14:00,27100,27150,27000,27050,426
2026-03-25 09:15:00,27050,27150,26900,27100,9131
2026-03-25 09:16:00,27100,27200,27100,27200,391
2026-03-25 09:17:00,27150,27200,27100,27150,861
2026-03-25 09:18:00,27150,27150,27100,27100,272
2026-03-25 09:19:00,27100,27150,26950,26950,2426
2026-03-25 09:20:00,27000,27000,26950,27000,381
2026-03-25 09:21:00,26975,27000,26950,26950,330
2026-03-25 09:22:00,27000,27150,26950,27150,612
2026-03-25 09:23:00,27150,27150,27050,27100,360
2026-03-25 09:24:00,27150,27200,27100,27150,962
2026-03-25 09:25:00,27150,27200,27100,27150,318
2026-03-25 09:26:00,27150,27150,27100,27150,293
2026-03-25 09:27:00,27150,27200,27150,27150,285
2026-03-25 09:28:00,27200,27250,27150,27250,1748
2026-03-25 09:29:00,27250,27350,27200,27350,1182
2026-03-25 09:30:00,27350,27450,27350,27450,720
2026-03-25 09:31:00,27450,27800,27400,27750,8977
2026-03-25 09:32:00,27750,27800,27600,27600,1703
2026-03-25 09:33:00,27650,27800,27600,27800,2110
2026-03-25 09:34:00,27800,27900,27650,27700,5723
2026-03-25 09:35:00,27700,27800,27700,27700,922
2026-03-25 09:36:00,27700,27700,27650,27650,660
2026-03-25 09:37:00,27600,27650,27550,27550,894
2026-03-25 09:38:00,27550,27650,27500,27550,2363
2026-03-25 09:39:00,27500,27550,27450,27550,688
2026-03-25 09:40:00,27550,27550,27450,27550,152
2026-03-25 09:41:00,27550,27550,27500,27550,172
2026-03-25 09:42:00,27550,27550,27500,27500,218
2026-03-25 09:43:00,27450,27550,27450,27500,488
2026-03-25 09:44:00,27500,27550,27500,27550,243
2026-03-25 09:45:00,27550,27750,27550,27750,810
2026-03-25 09:46:00,27750,27750,27650,27700,425
2026-03-25 09:47:00,27700,27700,27650,27700,457
2026-03-25 09:48:00,27650,27700,27650,27650,263
2026-03-25 09:49:00,27650,27700,27650,27700,481
2026-03-25 09:50:00,27650,27700,27650,27700,1434
2026-03-25 09:51:00,27650,27700,27600,27600,2016
2026-03-25 09:52:00,27600,27650,27500,27550,1099
2026-03-25 09:53:00,27500,27550,27500,27500,265
2026-03-25 09:54:00,27550,27550,27500,27500,68
2026-03-25 09:55:00,27500,27600,27500,27600,745
2026-03-25 09:56:00,27600,27600,27550,27600,737
2026-03-25 09:57:00,27600,27650,27550,27650,2059
2026-03-25 09:58:00,27650,27700,27600,27650,592
2026-03-25 09:59:00,27700,27700,27650,27700,465
2026-03-25 10:00:00,27700,27700,27650,27700,545
2026-03-25 10:01:00,27650,27700,27650,27650,192
2026-03-25 10:02:00,27650,27700,27650,27650,387
2026-03-25 10:03:00,27700,27700,27600,27650,729
2026-03-25 10:04:00,27650,27650,27650,27650,279
2026-03-25 10:05:00,27650,27650,27600,27600,281
2026-03-25 10:06:00,27650,27650,27550,27550,621
2026-03-25 10:07:00,27550,27600,27550,27550,248
2026-03-25 10:08:00,27600,27600,27600,27600,61
2026-03-25 10:09:00,27600,27600,27550,27550,675
2026-03-25 10:10:00,27550,27550,27500,27550,361
2026-03-25 10:11:00,27550,27600,27550,27600,213
2026-03-25 10:12:00,27600,27650,27600,27650,606
2026-03-25 10:13:00,27650,27700,27650,27650,189
2026-03-25 10:14:00,27650,27650,27650,27650,149
2026-03-25 10:15:00,27650,27650,27600,27650,407
2026-03-25 10:16:00,27650,27650,27600,27600,52
2026-03-25 10:17:00,27650,27700,27650,27700,38
2026-03-25 10:18:00,27700,27700,27650,27650,332
2026-03-25 10:19:00,27600,27700,27600,27650,312
2026-03-25 10:20:00,27650,27700,27650,27700,149
2026-03-25 10:21:00,27650,27650,27600,27650,281
2026-03-25 10:22:00,27650,27650,27600,27650,115
2026-03-25 10:23:00,27650,27650,27600,27600,189
2026-03-25 10:24:00,27600,27600,27550,27600,1211
2026-03-25 10:25:00,27600,27600,27600,27600,127
2026-03-25 10:26:00,27600,27650,27600,27650,1404
2026-03-25 10:27:00,27650,27650,27600,27650,193
2026-03-25 10:28:00,27650,27700,27600,27650,1064
2026-03-25 10:29:00,27650,27650,27500,27650,2238
2026-03-25 10:30:00,27550,27700,27450,27700,1300
2026-03-25 10:31:00,27550,27700,27500,27700,488
2026-03-25 10:32:00,27650,27700,27600,27700,222
2026-03-25 10:33:00,27700,27700,27600,27600,291
2026-03-25 10:34:00,27650,27650,27600,27650,41
2026-03-25 10:35:00,27650,27700,27650,27650,211
2026-03-25 10:36:00,27650,27650,27650,27650,30
2026-03-25 10:37:00,27650,27650,27650,27650,88
2026-03-25 10:38:00,27650,27650,27600,27650,509
2026-03-25 10:39:00,27650,27700,27650,27650,21
2026-03-25 10:40:00,27600,27650,27600,27650,216
2026-03-25 10:41:00,27600,27650,27600,27650,101
2026-03-25 10:42:00,27650,27650,27600,27600,284
2026-03-25 10:43:00,27650,27650,27300,27650,6123
2026-03-25 10:44:00,27650,27650,27600,27600,13
2026-03-25 10:45:00,27600,27600,27600,27600,78
2026-03-25 10:46:00,27600,27600,27550,27550,227
2026-03-25 10:47:00,27600,27600,27550,27600,415
2026-03-25 10:48:00,27550,27550,27550,27550,198
2026-03-25 10:49:00,27550,27600,27550,27600,292
2026-03-25 10:50:00,27550,27600,27550,27600,63
2026-03-25 10:51:00,27600,27600,27550,27550,393
2026-03-25 10:52:00,27550,27600,27550,27550,673
2026-03-25 10:53:00,27550,27650,27500,27500,2319
2026-03-25 10:54:00,27500,27550,27500,27550,138
2026-03-25 10:55:00,27550,27550,27450,27550,1202
2026-03-25 10:56:00,27500,27550,27500,27550,48
2026-03-25 10:57:00,27550,27600,27500,27550,333
2026-03-25 10:58:00,27600,27600,27600,27600,67
2026-03-25 10:59:00,27575,27600,27550,27550,403
2026-03-25 11:00:00,27600,27600,27300,27450,4160
2026-03-25 11:01:00,27400,27550,27350,27450,1110
2026-03-25 11:02:00,27450,27500,27400,27400,361
2026-03-25 11:03:00,27400,27450,27400,27450,178
2026-03-25 11:04:00,27450,27450,27400,27400,410
2026-03-25 11:05:00,27450,27450,27400,27400,150
2026-03-25 11:06:00,27400,27450,27350,27400,167
2026-03-25 11:07:00,27400,27400,27350,27350,83
2026-03-25 11:08:00,27350,27400,27350,27350,143
2026-03-25 11:09:00,27350,27400,27350,27400,182
2026-03-25 11:10:00,27400,27400,27250,27250,1168
2026-03-25 11:11:00,27250,27300,27100,27200,2736
2026-03-25 11:12:00,27200,27250,27200,27250,474
2026-03-25 11:13:00,27200,27250,27150,27150,83
2026-03-25 11:14:00,27250,27300,27250,27250,134
2026-03-25 11:15:00,27250,27300,27250,27300,2234
2026-03-25 11:16:00,27300,27300,27200,27200,178
2026-03-25 11:17:00,27200,27250,27200,27250,159
2026-03-25 11:18:00,27200,27300,27200,27300,429
2026-03-25 11:19:00,27300,27300,27250,27300,183
2026-03-25 11:20:00,27250,27300,27250,27250,301
2026-03-25 11:21:00,27250,27300,27200,27300,1805
2026-03-25 11:22:00,27300,27400,27300,27400,1262
2026-03-25 11:23:00,27400,27400,27350,27350,247
2026-03-25 11:24:00,27400,27400,27350,27400,703
2026-03-25 11:25:00,27400,27450,27400,27450,302
2026-03-25 11:26:00,27450,27450,27400,27450,69
2026-03-25 11:27:00,27450,27500,27450,27500,246
2026-03-25 11:28:00,27500,27500,27500,27500,384
2026-03-25 11:29:00,27500,27500,27500,27500,194
2026-03-25 11:30:00,27550,27550,27400,27400,451
2026-03-25 11:31:00,27500,27500,27400,27450,58
2026-03-25 11:32:00,27450,27450,27400,27450,36
2026-03-25 11:33:00,27450,27500,27400,27500,246
2026-03-25 11:34:00,27550,27550,27400,27450,150
2026-03-25 11:35:00,27500,27500,27450,27450,36
2026-03-25 11:36:00,27500,27500,27400,27400,888
2026-03-25 11:37:00,27400,27500,27400,27500,848
2026-03-25 11:38:00,27500,27500,27400,27500,333
2026-03-25 11:39:00,27500,27500,27400,27400,84
2026-03-25 11:40:00,27400,27500,27300,27500,1512
2026-03-25 11:41:00,27350,27500,27350,27500,22
2026-03-25 11:42:00,27500,27500,27500,27500,3
2026-03-25 11:43:00,27350,27400,27350,27400,47
2026-03-25 11:44:00,27400,27400,27350,27350,322
2026-03-25 11:45:00,27350,27350,27250,27300,279
2026-03-25 11:46:00,27300,27300,27300,27300,104
2026-03-25 11:47:00,27300,27300,27250,27300,374
2026-03-25 11:48:00,27250,27250,27250,27250,84
2026-03-25 11:49:00,27250,27250,27250,27250,38
2026-03-25 11:50:00,27300,27300,27250,27300,226
2026-03-25 11:51:00,27300,27300,27250,27250,621
2026-03-25 11:52:00,27250,27250,27200,27200,635
2026-03-25 11:53:00,27250,27250,27150,27200,600
2026-03-25 11:54:00,27150,27300,27150,27150,1251
2026-03-25 11:55:00,27150,27250,27150,27200,159
2026-03-25 11:56:00,27250,27250,27250,27250,196
2026-03-25 11:57:00,27300,27300,27200,27200,305
2026-03-25 11:58:00,27250,27250,27150,27150,194
2026-03-25 11:59:00,27150,27250,27150,27150,749
2026-03-25 12:00:00,27150,27250,27150,27250,164
2026-03-25 12:01:00,27250,27250,27200,27200,105
2026-03-25 12:02:00,27225,27250,27200,27200,1871
2026-03-25 12:03:00,27150,27250,27150,27200,79
2026-03-25 12:04:00,27200,27250,27200,27250,87
2026-03-25 12:05:00,27200,27250,27200,27200,390
2026-03-25 12:06:00,27200,27300,27200,27300,2320
2026-03-25 12:07:00,27300,27300,27300,27300,15
2026-03-25 12:08:00,27300,27300,27250,27300,263
2026-03-25 12:09:00,27300,27300,27200,27200,150
2026-03-25 12:10:00,27200,27300,27150,27300,213
2026-03-25 12:11:00,27250,27250,27250,27250,68
2026-03-25 12:12:00,27250,27275,27150,27200,249
2026-03-25 12:13:00,27200,27300,27150,27250,117
2026-03-25 12:14:00,27150,27300,27150,27150,937
2026-03-25 12:15:00,27150,27150,27150,27150,19
2026-03-25 12:16:00,27150,27200,27150,27200,73
2026-03-25 12:17:00,27200,27200,27150,27150,282
2026-03-25 12:18:00,27150,27300,27150,27200,841
2026-03-25 12:19:00,27200,27300,27200,27200,100
2026-03-25 12:20:00,27250,27300,27200,27300,421
2026-03-25 12:21:00,27200,27300,27200,27200,884
2026-03-25 12:22:00,27200,27250,27150,27175,191
2026-03-25 12:23:00,27200,27250,27200,27250,68
2026-03-25 12:24:00,27200,27250,27200,27250,72
2026-03-25 12:25:00,27250,27300,27250,27250,81
2026-03-25 12:26:00,27250,27300,27250,27250,195
2026-03-25 12:27:00,27250,27250,27250,27250,240
2026-03-25 12:28:00,27250,27300,27250,27300,104
2026-03-25 12:29:00,27300,27300,27250,27300,58
2026-03-25 12:30:00,27250,27300,27250,27300,101
2026-03-25 12:31:00,27300,27300,27250,27250,178
2026-03-25 12:32:00,27300,27300,27250,27250,41
2026-03-25 12:33:00,27250,27300,27250,27250,214
2026-03-25 12:34:00,27300,27300,27300,27300,5
2026-03-25 12:35:00,27300,27300,27250,27250,450
2026-03-25 12:36:00,27300,27300,27250,27250,166
2026-03-25 12:37:00,27250,27250,27250,27250,19
2026-03-25 12:38:00,27250,27300,27250,27300,285
2026-03-25 12:39:00,27300,27300,27300,27300,183
2026-03-25 12:40:00,27300,27300,27300,27300,60
2026-03-25 12:41:00,27300,27300,27300,27300,121
2026-03-25 12:42:00,27300,27300,27275,27275,41
2026-03-25 12:43:00,27250,27300,27250,27300,197
2026-03-25 12:44:00,27300,27350,27300,27350,1604
2026-03-25 12:45:00,27350,27350,27350,27350,16
2026-03-25 12:46:00,27350,27350,27350,27350,52
2026-03-25 12:47:00,27300,27300,27300,27300,195
2026-03-25 12:48:00,27300,27350,27300,27350,188
2026-03-25 12:49:00,27350,27350,27250,27300,416
2026-03-25 12:50:00,27300,27350,27250,27300,1233
2026-03-25 12:51:00,27300,27350,27300,27300,895
2026-03-25 12:52:00,27300,27350,27300,27300,2030
2026-03-25 12:53:00,27300,27300,27250,27250,264
2026-03-25 12:54:00,27300,27350,27300,27350,42
2026-03-25 12:55:00,27350,27350,27350,27350,1
2026-03-25 12:56:00,27300,27350,27300,27350,78
2026-03-25 12:57:00,27350,27350,27350,27350,1
2026-03-25 12:58:00,27350,27350,27350,27350,20
2026-03-25 12:59:00,27350,27350,27350,27350,656
2026-03-25 13:00:00,27350,27350,27350,27350,333
2026-03-25 13:01:00,27350,27350,27300,27300,122
2026-03-25 13:02:00,27300,27350,27300,27350,73
2026-03-25 13:03:00,27350,27350,27300,27350,88
2026-03-25 13:04:00,27350,27350,27300,27300,184
2026-03-25 13:05:00,27300,27350,27300,27300,24
2026-03-25 13:06:00,27300,27350,27300,27300,202
2026-03-25 13:07:00,27300,27350,27300,27350,81
2026-03-25 13:08:00,27300,27300,27300,27300,104
2026-03-25 13:09:00,27300,27350,27300,27300,383
2026-03-25 13:10:00,27350,27350,27300,27300,251
2026-03-25 13:11:00,27350,27350,27300,27300,248
2026-03-25 13:12:00,27350,27350,27350,27350,64
2026-03-25 13:13:00,27350,27350,27300,27300,303
2026-03-25 13:14:00,27350,27350,27300,27300,7
2026-03-25 13:15:00,27350,27350,27300,27300,110
2026-03-25 13:16:00,27350,27400,27350,27400,1897
2026-03-25 13:17:00,27400,27400,27350,27400,258
2026-03-25 13:18:00,27350,27400,27300,27400,379
2026-03-25 13:19:00,27350,27400,27350,27400,1178
2026-03-25 13:20:00,27400,27400,27350,27400,432
2026-03-25 13:21:00,27350,27400,27300,27300,1266
2026-03-25 13:22:00,27400,27450,27350,27450,448
2026-03-25 13:23:00,27450,27450,27450,27450,232
2026-03-25 13:24:00,27450,27450,27450,27450,7
2026-03-25 13:25:00,27450,27450,27400,27400,283
2026-03-25 13:26:00,27400,27450,27400,27400,400
2026-03-25 13:27:00,27400,27450,27400,27400,364
2026-03-25 13:29:00,27400,27450,27400,27450,273
2026-03-25 13:30:00,27450,27500,27400,27400,644
2026-03-25 13:31:00,27450,27450,27450,27450,829
2026-03-25 13:32:00,27450,27500,27450,27450,57
2026-03-25 13:33:00,27450,27500,27450,27450,303
2026-03-25 13:34:00,27450,27450,27400,27400,374
2026-03-25 13:35:00,27400,27400,27350,27400,170
2026-03-25 13:36:00,27400,27400,27400,27400,111
2026-03-25 13:37:00,27450,27450,27450,27450,22
2026-03-25 13:38:00,27400,27450,27400,27400,94
2026-03-25 13:39:00,27350,27450,27350,27450,30
2026-03-25 13:40:00,27400,27450,27350,27350,384
2026-03-25 13:41:00,27350,27400,27350,27400,145
2026-03-25 13:42:00,27450,27500,27400,27400,268
2026-03-25 13:43:00,27400,27400,27400,27400,119
2026-03-25 13:44:00,27400,27500,27400,27500,590
2026-03-25 13:45:00,27500,27500,27350,27350,181
2026-03-25 13:46:00,27400,27400,27350,27400,27
2026-03-25 13:47:00,27400,27400,27350,27400,154
2026-03-25 13:48:00,27350,27400,27350,27400,308
2026-03-25 13:49:00,27400,27400,27350,27350,88
2026-03-25 13:50:00,27400,27400,27400,27400,20
2026-03-25 13:51:00,27350,27350,27350,27350,322
2026-03-25 13:52:00,27350,27350,27350,27350,1271
2026-03-25 13:53:00,27400,27400,27400,27400,85
2026-03-25 13:54:00,27350,27400,27350,27400,198
2026-03-25 13:55:00,27350,27400,27350,27350,437
2026-03-25 13:56:00,27400,27400,27350,27400,226
2026-03-25 13:57:00,27400,27400,27350,27400,339
2026-03-25 13:58:00,27400,27450,27350,27400,504
2026-03-25 13:59:00,27450,27450,27400,27400,196
2026-03-25 14:00:00,27450,27450,27450,27450,34
2026-03-25 14:01:00,27400,27450,27400,27450,440
2026-03-25 14:02:00,27450,27450,27400,27450,171
2026-03-25 14:03:00,27450,27450,27450,27450,11
2026-03-25 14:04:00,27450,27450,27400,27450,25
2026-03-25 14:05:00,27400,27450,27400,27400,252
2026-03-25 14:06:00,27350,27450,27350,27450,1013
2026-03-25 14:07:00,27350,27450,27350,27450,128
2026-03-25 14:08:00,27400,27450,27350,27450,130
2026-03-25 14:09:00,27450,27450,27400,27400,164
2026-03-25 14:10:00,27400,27450,27400,27450,66
2026-03-25 14:11:00,27450,27450,27400,27400,213
2026-03-25 14:12:00,27400,27400,27350,27400,323
2026-03-25 14:13:00,27350,27400,27350,27400,225
2026-03-25 14:14:00,27400,27400,27400,27400,36
2026-03-25 14:15:00,27400,27400,27350,27350,63
2026-03-25 14:16:00,27350,27400,27350,27400,84
2026-03-25 14:17:00,27350,27400,27350,27400,11
2026-03-25 14:18:00,27400,27400,27350,27400,268
2026-03-25 14:19:00,27400,27400,27350,27400,800
2026-03-25 14:20:00,27400,27400,27350,27350,201
2026-03-25 14:21:00,27400,27400,27400,27400,74
2026-03-25 14:22:00,27400,27400,27350,27400,343
2026-03-25 14:23:00,27400,27400,27400,27400,102
2026-03-25 14:24:00,27350,27400,27350,27400,159
2026-03-25 14:25:00,27350,27400,27350,27400,364
2026-03-25 14:26:00,27400,27400,27350,27350,254
2026-03-25 14:27:00,27350,27400,27350,27400,198
2026-03-25 14:28:00,27400,27400,27350,27400,511
2026-03-25 14:29:00,27400,27400,27350,27400,2722
2026-03-25 14:30:00,27350,27400,27350,27350,377
2026-03-25 14:31:00,27350,27350,27300,27350,440
2026-03-25 14:32:00,27300,27350,27300,27300,342
2026-03-25 14:33:00,27300,27400,27300,27350,517
2026-03-25 14:34:00,27350,27400,27350,27350,355
2026-03-25 14:35:00,27350,27400,27350,27400,1523
2026-03-25 14:36:00,27400,27400,27400,27400,314
2026-03-25 14:37:00,27350,27350,27300,27350,569
2026-03-25 14:38:00,27350,27350,27300,27300,1099
2026-03-25 14:39:00,27250,27350,27250,27300,546
2026-03-25 14:40:00,27350,27350,27300,27350,51
2026-03-25 14:41:00,27350,27350,27300,27350,354
2026-03-25 14:42:00,27350,27400,27300,27350,120
2026-03-25 14:43:00,27350,27400,27350,27400,26
2026-03-25 14:44:00,27400,27400,27350,27350,22
2026-03-25 14:45:00,27400,27400,27350,27350,148
2026-03-25 14:46:00,27350,27400,27300,27400,399
2026-03-25 14:47:00,27350,27400,27300,27300,247
2026-03-25 14:48:00,27350,27350,27300,27350,120
2026-03-25 14:49:00,27350,27400,27300,27350,121
2026-03-25 14:50:00,27400,27400,27300,27350,218
2026-03-25 14:51:00,27350,27350,27350,27350,198
2026-03-25 14:52:00,27300,27350,27300,27300,498
2026-03-25 14:53:00,27300,27300,27250,27300,442
2026-03-25 14:54:00,27300,27300,27300,27300,122
2026-03-25 14:55:00,27300,27300,27300,27300,95
2026-03-25 14:56:00,27300,27300,27250,27300,134
2026-03-25 14:57:00,27300,27300,27250,27300,391
2026-03-25 14:58:00,27300,27350,27250,27250,310
2026-03-25 14:59:00,27350,27350,27250,27350,129
2026-03-25 15:00:00,27300,27300,27300,27300,20
2026-03-25 15:01:00,27300,27300,27250,27300,1223
2026-03-25 15:02:00,27250,27300,27250,27300,337
2026-03-25 15:03:00,27250,27300,27250,27250,110
2026-03-25 15:04:00,27250,27300,27250,27250,384
2026-03-25 15:05:00,27250,27300,27250,27300,458
2026-03-25 15:06:00,27300,27300,27250,27300,569
2026-03-25 15:07:00,27300,27300,27250,27250,75
2026-03-25 15:08:00,27250,27300,27250,27250,1306
2026-03-25 15:09:00,27250,27300,27250,27250,785
2026-03-25 15:10:00,27300,27300,27250,27250,407
2026-03-25 15:11:00,27250,27300,27200,27250,763
2026-03-25 15:12:00,27200,27250,27200,27200,785
2026-03-25 15:13:00,27250,27250,27200,27200,3487
2026-03-25 15:14:00,27250,27300,27200,27250,1823
2026-03-25 15:15:00,27250,27250,27250,27250,334
2026-03-25 15:16:00,27250,27250,27200,27200,561
2026-03-25 15:17:00,27200,27300,27200,27200,3635
2026-03-25 15:18:00,27250,27250,27200,27250,359
2026-03-25 15:19:00,27200,27250,27150,27250,1585
2026-03-25 15:30:00,27250,27250,27250,27250,3898
2026-03-25 15:35:00,27250,27250,27250,27250,829
2026-03-26 09:00:00,27000,27050,26650,26650,4747
2026-03-26 09:01:00,26650,26900,26650,26700,3987
2026-03-26 09:02:00,26700,26700,26600,26700,4998
2026-03-26 09:03:00,26700,26700,26600,26650,4222
2026-03-26 09:04:00,26600,26650,26500,26550,1768
2026-03-26 09:05:00,26550,26600,26450,26500,2757
2026-03-26 09:06:00,26550,26550,26500,26550,969
2026-03-26 09:07:00,26550,26650,26500,26650,1861
2026-03-26 09:08:00,26650,26800,26550,26800,3476
2026-03-26 09:09:00,26800,26950,26650,26900,1022
2026-03-26 09:10:00,26750,26750,26600,26650,1763
2026-03-26 09:11:00,26650,26650,26550,26550,1694
2026-03-26 09:12:00,26600,26650,26500,26600,873
2026-03-26 09:13:00,26600,26600,26550,26550,207
2026-03-26 09:14:00,26550,26700,26550,26550,1373
2026-03-26 09:15:00,26600,26650,26550,26650,450
2026-03-26 09:16:00,26600,26700,26600,26650,456
2026-03-26 09:17:00,26650,26750,26600,26750,457
2026-03-26 09:18:00,26700,26750,26650,26700,539
2026-03-26 09:19:00,26700,26800,26700,26800,1028
2026-03-26 09:20:00,26800,26850,26650,26700,722
2026-03-26 09:21:00,26750,26800,26700,26700,927
2026-03-26 09:22:00,26750,26850,26750,26750,1212
2026-03-26 09:23:00,26750,26850,26750,26750,960
2026-03-26 09:24:00,26800,26800,26750,26750,439
2026-03-26 09:25:00,26800,26800,26750,26750,756
2026-03-26 09:26:00,26800,26800,26750,26750,401
2026-03-26 09:27:00,26750,26750,26725,26725,348
2026-03-26 09:28:00,26725,26800,26700,26750,261
2026-03-26 09:29:00,26750,26800,26750,26750,304
2026-03-26 09:30:00,26750,26800,26750,26800,40
2026-03-26 09:31:00,26800,27000,26800,26900,3249
2026-03-26 09:32:00,26950,26950,26850,26850,218
2026-03-26 09:33:00,26850,26850,26750,26800,356
2026-03-26 09:34:00,26750,26800,26750,26800,393
2026-03-26 09:35:00,26800,26850,26800,26800,544
2026-03-26 09:36:00,26800,26850,26775,26850,621
2026-03-26 09:37:00,26800,26800,26750,26800,110
2026-03-26 09:38:00,26800,26800,26750,26750,1154
2026-03-26 09:39:00,26800,26800,26650,26750,1255
2026-03-26 09:40:00,26700,26800,26650,26700,1525
2026-03-26 09:41:00,26700,26750,26650,26750,3035
2026-03-26 09:42:00,26750,26750,26650,26650,190
2026-03-26 09:43:00,26650,26700,26600,26700,1167
2026-03-26 09:44:00,26700,26700,26600,26650,308
2026-03-26 09:45:00,26650,26650,26600,26600,156
2026-03-26 09:46:00,26600,26700,26600,26700,509
2026-03-26 09:47:00,26650,26750,26600,26750,2900
2026-03-26 09:48:00,26700,26700,26650,26650,318
2026-03-26 09:49:00,26700,26750,26650,26750,534
2026-03-26 09:50:00,26750,26800,26700,26700,249
2026-03-26 09:51:00,26700,26700,26650,26700,72
2026-03-26 09:52:00,26700,26700,26650,26650,236
2026-03-26 09:53:00,26675,26700,26675,26700,14
2026-03-26 09:54:00,26700,26700,26650,26650,262
2026-03-26 09:55:00,26650,26700,26600,26700,1092
2026-03-26 09:56:00,26700,26700,26600,26650,287
2026-03-26 09:57:00,26650,26700,26600,26600,350
2026-03-26 09:58:00,26600,26650,26600,26650,630
2026-03-26 09:59:00,26600,26650,26600,26650,104
2026-03-26 10:00:00,26600,26650,26600,26650,29
2026-03-26 10:01:00,26650,26650,26550,26600,895
2026-03-26 10:02:00,26650,26650,26650,26650,884
2026-03-26 10:03:00,26650,26650,26650,26650,466
2026-03-26 10:04:00,26650,26650,26650,26650,277
2026-03-26 10:05:00,26650,26700,26600,26650,429
2026-03-26 10:06:00,26650,26650,26600,26650,475
2026-03-26 10:07:00,26650,26650,26600,26600,387
2026-03-26 10:08:00,26625,26650,26550,26650,2185
2026-03-26 10:09:00,26650,26650,26650,26650,359
2026-03-26 10:10:00,26650,26650,26650,26650,15
2026-03-26 10:11:00,26625,26650,26600,26600,245
2026-03-26 10:12:00,26600,26600,26550,26600,938
2026-03-26 10:13:00,26600,26600,26500,26600,442
2026-03-26 10:14:00,26550,26550,26500,26550,631
2026-03-26 10:15:00,26550,26550,26500,26500,1127
2026-03-26 10:16:00,26550,26550,26500,26550,151
2026-03-26 10:17:00,26550,26550,26500,26550,1368
2026-03-26 10:18:00,26500,26550,26500,26550,2672
2026-03-26 10:19:00,26500,26500,26350,26400,7484
2026-03-26 10:20:00,26400,26450,26350,26450,603
2026-03-26 10:21:00,26450,26500,26400,26450,1233
2026-03-26 10:22:00,26500,26600,26450,26450,2623
2026-03-26 10:23:00,26500,26500,26450,26500,32
2026-03-26 10:24:00,26450,26500,26450,26450,83
2026-03-26 10:25:00,26450,26500,26450,26500,679
2026-03-26 10:26:00,26500,26550,26450,26450,214
2026-03-26 10:27:00,26450,26500,26450,26500,540
2026-03-26 10:28:00,26500,26500,26450,26500,135
2026-03-26 10:29:00,26500,26550,26500,26500,165
2026-03-26 10:30:00,26500,26550,26500,26550,352
2026-03-26 10:31:00,26550,26550,26550,26550,119
2026-03-26 10:32:00,26500,26600,26500,26600,817
2026-03-26 10:33:00,26600,26650,26550,26650,1784
2026-03-26 10:34:00,26600,26650,26550,26650,134
2026-03-26 10:35:00,26650,26650,26600,26600,26
2026-03-26 10:36:00,26600,26600,26500,26550,125
2026-03-26 10:37:00,26550,26550,26500,26550,76
2026-03-26 10:38:00,26550,26550,26500,26500,377
2026-03-26 10:39:00,26550,26550,26500,26550,274
2026-03-26 10:40:00,26500,26550,26450,26450,512
2026-03-26 10:41:00,26450,26550,26450,26500,112
2026-03-26 10:42:00,26550,26550,26500,26550,168
2026-03-26 10:43:00,26500,26550,26500,26550,380
2026-03-26 10:44:00,26500,26550,26500,26550,51
2026-03-26 10:45:00,26500,26500,26450,26500,208
2026-03-26 10:46:00,26500,26550,26500,26550,264
2026-03-26 10:47:00,26550,26550,26550,26550,33
2026-03-26 10:48:00,26500,26550,26500,26550,1225
2026-03-26 10:49:00,26550,26650,26500,26650,1986
2026-03-26 10:50:00,26650,26650,26500,26600,980
2026-03-26 10:51:00,26600,26600,26500,26550,286
2026-03-26 10:52:00,26550,26550,26400,26550,1022
2026-03-26 10:53:00,26550,26550,26400,26450,202
2026-03-26 10:54:00,26450,26500,26450,26450,104
2026-03-26 10:55:00,26500,26500,26350,26450,2898
2026-03-26 10:56:00,26400,26400,26350,26400,52
2026-03-26 10:57:00,26400,26450,26375,26450,453
2026-03-26 10:58:00,26450,26450,26350,26400,2587
2026-03-26 10:59:00,26450,26500,26350,26400,1461
2026-03-26 11:00:00,26450,26500,26450,26500,46
2026-03-26 11:01:00,26500,26500,26400,26400,266
2026-03-26 11:02:00,26400,26450,26350,26350,461
2026-03-26 11:03:00,26400,26400,26300,26400,1330
2026-03-26 11:04:00,26350,26400,26350,26400,356
2026-03-26 11:05:00,26400,26400,26350,26400,177
2026-03-26 11:06:00,26400,26400,26350,26350,183
2026-03-26 11:07:00,26350,26350,26300,26350,216
2026-03-26 11:08:00,26350,26350,26300,26300,2773
2026-03-26 11:09:00,26300,26350,26250,26300,148
2026-03-26 11:10:00,26300,26350,26250,26300,518
2026-03-26 11:11:00,26250,26300,26250,26300,981
2026-03-26 11:12:00,26300,26300,26300,26300,33
2026-03-26 11:13:00,26300,26300,26250,26300,650
2026-03-26 11:14:00,26250,26300,26200,26250,1271
2026-03-26 11:15:00,26250,26250,26250,26250,41
2026-03-26 11:16:00,26200,26250,26200,26250,731
2026-03-26 11:17:00,26250,26300,26250,26250,583
2026-03-26 11:18:00,26250,26300,26150,26250,2721
2026-03-26 11:19:00,26250,26250,26200,26250,72
2026-03-26 11:20:00,26250,26250,26150,26250,1386
2026-03-26 11:21:00,26250,26250,26200,26200,286
2026-03-26 11:22:00,26200,26200,26150,26150,170
2026-03-26 11:23:00,26200,26200,26150,26200,1277
2026-03-26 11:24:00,26200,26200,26150,26150,1150
2026-03-26 11:25:00,26150,26150,26100,26100,1187
2026-03-26 11:26:00,26150,26150,26100,26150,796
2026-03-26 11:27:00,26150,26200,26150,26150,198
2026-03-26 11:28:00,26150,26150,26100,26150,293
2026-03-26 11:29:00,26150,26150,26050,26100,2311
2026-03-26 11:30:00,26100,26150,26050,26150,2018
2026-03-26 11:31:00,26100,26150,26100,26150,316
2026-03-26 11:32:00,26150,26150,26100,26100,90
2026-03-26 11:33:00,26150,26150,26100,26100,1287
2026-03-26 11:34:00,26100,26100,26050,26100,1739
2026-03-26 11:35:00,26100,26100,26025,26100,2104
2026-03-26 11:36:00,26100,26100,26000,26050,1126
2026-03-26 11:37:00,26050,26050,26000,26050,869
2026-03-26 11:38:00,26050,26050,26000,26000,684
2026-03-26 11:39:00,26000,26050,26000,26050,222
2026-03-26 11:40:00,26050,26100,26000,26100,2265
2026-03-26 11:41:00,26100,26100,26050,26050,44
2026-03-26 11:42:00,26100,26150,26100,26150,1766
2026-03-26 11:43:00,26150,26200,26100,26200,289
2026-03-26 11:44:00,26150,26200,26150,26200,180
2026-03-26 11:45:00,26200,26200,26200,26200,250
2026-03-26 11:46:00,26200,26200,26150,26150,908
2026-03-26 11:47:00,26200,26200,26150,26200,185
2026-03-26 11:48:00,26200,26200,26200,26200,151
2026-03-26 11:49:00,26200,26200,26150,26150,52
2026-03-26 11:50:00,26150,26200,26150,26200,340
2026-03-26 11:51:00,26200,26250,26200,26200,1168
2026-03-26 11:52:00,26150,26200,26150,26150,417
2026-03-26 11:53:00,26150,26200,26150,26200,404
2026-03-26 11:54:00,26200,26200,26200,26200,236
2026-03-26 11:55:00,26200,26200,26150,26200,204
2026-03-26 11:56:00,26200,26200,26200,26200,30
2026-03-26 11:57:00,26200,26200,26150,26200,340
2026-03-26 11:58:00,26200,26200,26150,26150,471
2026-03-26 11:59:00,26150,26150,26100,26150,79
2026-03-26 12:00:00,26150,26150,26000,26100,13697
2026-03-26 12:01:00,26100,26150,26100,26150,122
2026-03-26 12:02:00,26150,26150,26000,26050,358
2026-03-26 12:03:00,26150,26150,26000,26050,70
2026-03-26 12:04:00,26050,26150,25950,26100,1086
2026-03-26 12:05:00,26050,26150,26000,26150,555
2026-03-26 12:06:00,26150,26150,26050,26050,103
2026-03-26 12:07:00,26050,26050,25950,26000,701
2026-03-26 12:08:00,26000,26000,25950,25950,500
2026-03-26 12:09:00,25950,26000,25950,26000,548
2026-03-26 12:10:00,26000,26000,25950,26000,329
2026-03-26 12:11:00,26000,26000,25950,26000,451
2026-03-26 12:12:00,26000,26000,25950,26000,646
2026-03-26 12:13:00,26000,26150,26000,26150,755
2026-03-26 12:14:00,26075,26150,26075,26150,122
2026-03-26 12:15:00,26150,26150,26050,26100,321
2026-03-26 12:16:00,26100,26100,26050,26100,72
2026-03-26 12:17:00,26100,26100,26100,26100,11
2026-03-26 12:18:00,26100,26100,26050,26100,41
2026-03-26 12:19:00,26100,26100,26050,26050,20
2026-03-26 12:20:00,26100,26100,26050,26100,351
2026-03-26 12:21:00,26100,26100,26050,26050,136
2026-03-26 12:22:00,26050,26150,26050,26100,366
2026-03-26 12:23:00,26100,26150,26100,26150,133
2026-03-26 12:24:00,26150,26150,26150,26150,8
2026-03-26 12:25:00,26150,26150,26150,26150,184
2026-03-26 12:26:00,26150,26150,26100,26150,173
2026-03-26 12:27:00,26150,26150,26150,26150,22
2026-03-26 12:28:00,26150,26150,26100,26150,90
2026-03-26 12:29:00,26150,26150,26150,26150,29
2026-03-26 12:30:00,26100,26300,26100,26300,3521
2026-03-26 12:31:00,26300,26300,26300,26300,99
2026-03-26 12:32:00,26300,26300,26250,26300,110
2026-03-26 12:33:00,26300,26300,26250,26300,105
2026-03-26 12:34:00,26300,26300,26250,26250,530
2026-03-26 12:35:00,26300,26350,26250,26300,569
2026-03-26 12:36:00,26300,26350,26300,26300,238
2026-03-26 12:37:00,26300,26300,26300,26300,254
2026-03-26 12:38:00,26300,26350,26300,26350,400
2026-03-26 12:39:00,26350,26400,26350,26400,262
2026-03-26 12:40:00,26400,26400,26350,26400,304
2026-03-26 12:41:00,26400,26400,26350,26350,241
2026-03-26 12:42:00,26350,26400,26350,26350,363
2026-03-26 12:43:00,26350,26350,26250,26300,343
2026-03-26 12:44:00,26300,26300,26250,26300,75
2026-03-26 12:45:00,26300,26400,26300,26400,447
2026-03-26 12:46:00,26400,26400,26300,26300,77
2026-03-26 12:47:00,26300,26300,26300,26300,55
2026-03-26 12:48:00,26300,26300,26250,26250,175
2026-03-26 12:49:00,26300,26300,26250,26300,1212
2026-03-26 12:50:00,26300,26300,26200,26250,430
2026-03-26 12:51:00,26250,26250,26200,26250,176
2026-03-26 12:52:00,26250,26250,26250,26250,21
2026-03-26 12:53:00,26250,26250,26200,26250,204
2026-03-26 12:54:00,26250,26300,26250,26250,582
2026-03-26 12:55:00,26200,26250,26200,26200,374
2026-03-26 12:56:00,26250,26250,26200,26200,221
2026-03-26 12:57:00,26200,26300,26200,26300,228
2026-03-26 12:58:00,26300,26300,26300,26300,7
2026-03-26 12:59:00,26300,26300,26200,26300,134
2026-03-26 13:00:00,26300,26300,26250,26300,284
2026-03-26 13:01:00,26300,26300,26250,26300,180
2026-03-26 13:02:00,26300,26300,26250,26250,73
2026-03-26 13:03:00,26300,26400,26250,26300,1737
2026-03-26 13:04:00,26300,26300,26300,26300,10
2026-03-26 13:05:00,26300,26300,26250,26300,232
2026-03-26 13:06:00,26300,26300,26300,26300,67
2026-03-26 13:07:00,26300,26300,26250,26300,168
2026-03-26 13:08:00,26300,26300,26250,26300,1058
2026-03-26 13:09:00,26300,26300,26300,26300,7
2026-03-26 13:10:00,26300,26300,26250,26300,307
2026-03-26 13:11:00,26250,26300,26225,26250,225
2026-03-26 13:12:00,26250,26300,26250,26300,230
2026-03-26 13:13:00,26250,26300,26200,26200,66
2026-03-26 13:14:00,26250,26300,26250,26250,85
2026-03-26 13:15:00,26250,26300,26250,26300,398
2026-03-26 13:16:00,26300,26300,26300,26300,115
2026-03-26 13:17:00,26250,26250,26200,26250,392
2026-03-26 13:18:00,26250,26250,26250,26250,94
2026-03-26 13:19:00,26250,26250,26250,26250,124
2026-03-26 13:20:00,26250,26300,26250,26300,729
2026-03-26 13:21:00,26300,26300,26300,26300,12
2026-03-26 13:22:00,26300,26300,26300,26300,53
2026-03-26 13:23:00,26300,26300,26250,26250,26
2026-03-26 13:24:00,26300,26300,26250,26250,252
2026-03-26 13:25:00,26300,26300,26250,26300,235
2026-03-26 13:26:00,26300,26350,26300,26350,116
2026-03-26 13:27:00,26350,26350,26300,26300,376
2026-03-26 13:28:00,26250,26350,26250,26350,267
2026-03-26 13:29:00,26350,26350,26300,26350,131
2026-03-26 13:30:00,26350,26350,26350,26350,367
2026-03-26 13:31:00,26350,26400,26350,26400,522
2026-03-26 13:32:00,26400,26400,26350,26400,272
2026-03-26 13:33:00,26400,26400,26350,26350,241
2026-03-26 13:34:00,26350,26350,26300,26300,2176
2026-03-26 13:35:00,26300,26300,26250,26300,291
2026-03-26 13:36:00,26300,26350,26250,26350,164
2026-03-26 13:37:00,26300,26350,26250,26250,25
2026-03-26 13:38:00,26300,26350,26300,26350,71
2026-03-26 13:39:00,26350,26350,26250,26300,118
2026-03-26 13:40:00,26300,26350,26250,26350,440
2026-03-26 13:41:00,26350,26350,26250,26250,10
2026-03-26 13:42:00,26300,26300,26200,26250,677
2026-03-26 13:43:00,26250,26250,26200,26250,20
2026-03-26 13:44:00,26250,26250,26200,26250,52
2026-03-26 13:45:00,26250,26350,26250,26350,301
2026-03-26 13:46:00,26350,26350,26350,26350,69
2026-03-26 13:47:00,26350,26350,26350,26350,6
2026-03-26 13:48:00,26300,26350,26200,26200,246
2026-03-26 13:49:00,26200,26400,26200,26400,311
2026-03-26 13:50:00,26400,26400,26200,26350,209
2026-03-26 13:51:00,26350,26350,26200,26300,1048
2026-03-26 13:52:00,26300,26300,26200,26250,101
2026-03-26 13:53:00,26250,26250,26200,26200,785
2026-03-26 13:54:00,26200,26200,26150,26150,422
2026-03-26 13:55:00,26150,26350,26150,26350,292
2026-03-26 13:56:00,26200,26350,26200,26300,32
2026-03-26 13:57:00,26250,26300,26150,26150,101
2026-03-26 13:58:00,26200,26200,26150,26200,32
2026-03-26 13:59:00,26200,26200,26150,26150,37
2026-03-26 14:00:00,26200,26200,26150,26200,216
2026-03-26 14:01:00,26150,26200,26150,26200,32
2026-03-26 14:02:00,26200,26200,26150,26200,29
2026-03-26 14:03:00,26200,26200,26150,26200,310
2026-03-26 14:04:00,26200,26200,26150,26200,537
2026-03-26 14:05:00,26200,26200,26100,26200,1307
2026-03-26 14:06:00,26200,26200,26100,26100,155
2026-03-26 14:07:00,26150,26150,26100,26150,9
2026-03-26 14:08:00,26150,26150,26100,26150,9
2026-03-26 14:09:00,26150,26150,26050,26150,2518
2026-03-26 14:10:00,26150,26200,26100,26200,220
2026-03-26 14:11:00,26200,26200,26150,26150,94
2026-03-26 14:12:00,26100,26150,26050,26100,514
2026-03-26 14:13:00,26100,26100,26050,26100,72
2026-03-26 14:14:00,26100,26150,26100,26150,92
2026-03-26 14:15:00,26150,26150,26150,26150,183
2026-03-26 14:16:00,26150,26200,26100,26150,253
2026-03-26 14:17:00,26150,26200,26150,26200,120
2026-03-26 14:18:00,26200,26200,26150,26200,100
2026-03-26 14:19:00,26200,26200,26150,26150,225
2026-03-26 14:20:00,26150,26200,26100,26200,342
2026-03-26 14:21:00,26200,26200,26100,26200,249
2026-03-26 14:22:00,26100,26200,26100,26150,1173
2026-03-26 14:23:00,26100,26150,26050,26100,323
2026-03-26 14:24:00,26100,26150,26100,26150,113
2026-03-26 14:25:00,26150,26150,26100,26150,419
2026-03-26 14:26:00,26050,26150,26050,26150,93
2026-03-26 14:27:00,26150,26150,26050,26150,195
2026-03-26 14:28:00,26150,26150,25950,26100,6091
2026-03-26 14:29:00,26050,26100,26050,26050,36
2026-03-26 14:30:00,26100,26150,26100,26150,573
2026-03-26 14:31:00,26150,26150,26100,26100,247
2026-03-26 14:32:00,26150,26150,26100,26100,141
2026-03-26 14:33:00,26100,26150,26100,26150,34
2026-03-26 14:34:00,26150,26150,26050,26050,2384
2026-03-26 14:35:00,26050,26200,26050,26100,1809
2026-03-26 14:36:00,26100,26200,26100,26200,373
2026-03-26 14:37:00,26200,26200,26050,26200,127
2026-03-26 14:38:00,26050,26200,26050,26150,69
2026-03-26 14:39:00,26150,26150,26050,26100,304
2026-03-26 14:40:00,26100,26150,26000,26150,465
2026-03-26 14:41:00,26150,26150,26100,26100,153
2026-03-26 14:42:00,26100,26100,26100,26100,146
2026-03-26 14:43:00,26100,26100,26050,26100,504
2026-03-26 14:44:00,26100,26150,26100,26150,72
2026-03-26 14:45:00,26150,26200,26000,26000,1708
2026-03-26 14:46:00,26200,26200,26100,26150,9
2026-03-26 14:47:00,26150,26150,26000,26150,359
2026-03-26 14:48:00,26050,26150,26000,26050,225
2026-03-26 14:49:00,26050,26100,26050,26100,133
2026-03-26 14:50:00,26050,26100,26050,26100,597
2026-03-26 14:51:00,26000,26100,26000,26100,39
2026-03-26 14:52:00,26100,26100,26000,26050,368
2026-03-26 14:53:00,26050,26100,26000,26050,544
2026-03-26 14:54:00,26100,26100,26050,26050,84
2026-03-26 14:55:00,26050,26100,26050,26100,382
2026-03-26 14:56:00,26100,26100,26000,26050,563
2026-03-26 14:57:00,26050,26100,26000,26050,683
2026-03-26 14:58:00,26100,26100,26000,26050,247
2026-03-26 14:59:00,26050,26100,26000,26000,1042
2026-03-26 15:00:00,26000,26100,26000,26100,211
2026-03-26 15:01:00,26100,26100,26000,26050,245
2026-03-26 15:02:00,26000,26050,26000,26050,346
2026-03-26 15:03:00,26050,26050,26000,26050,293
2026-03-26 15:04:00,26050,26050,26000,26050,655
2026-03-26 15:05:00,26050,26050,26000,26000,583
2026-03-26 15:06:00,26000,26050,25950,25950,819
2026-03-26 15:07:00,25950,26050,25950,26050,1382
2026-03-26 15:08:00,26050,26050,26000,26000,457
2026-03-26 15:09:00,26050,26050,26000,26050,242
2026-03-26 15:10:00,26050,26050,26000,26050,255
2026-03-26 15:11:00,26000,26050,26000,26050,795
2026-03-26 15:12:00,26050,26050,26000,26000,315
2026-03-26 15:13:00,26000,26050,26000,26000,1530
2026-03-26 15:14:00,26050,26050,26000,26000,1406
2026-03-26 15:15:00,26050,26050,26000,26000,989
2026-03-26 15:16:00,26050,26050,26000,26050,466
2026-03-26 15:17:00,26000,26050,26000,26050,581
2026-03-26 15:18:00,26050,26100,26050,26100,1563
2026-03-26 15:19:00,26050,26100,26050,26100,1641
2026-03-26 15:30:00,26050,26050,26050,26050,7233
2026-03-26 15:35:00,26050,26050,26050,26050,225
2026-03-27 09:00:00,25500,25800,25400,25750,13167
2026-03-27 09:01:00,25600,25850,25500,25750,4917
2026-03-27 09:02:00,25750,25750,25450,25500,4630
2026-03-27 09:03:00,25550,25600,25450,25500,3163
2026-03-27 09:04:00,25450,25600,25450,25550,2998
2026-03-27 09:05:00,25550,25600,25400,25450,1482
2026-03-27 09:06:00,25450,25550,25400,25400,2423
2026-03-27 09:07:00,25400,25450,25250,25250,2177
2026-03-27 09:08:00,25300,25300,25200,25250,2415
2026-03-27 09:09:00,25300,25350,25250,25275,1484
2026-03-27 09:10:00,25300,25300,25150,25300,1553
2026-03-27 09:11:00,25250,25250,25150,25150,1326
2026-03-27 09:12:00,25150,25150,25050,25150,2023
2026-03-27 09:13:00,25100,25200,25000,25100,3274
2026-03-27 09:14:00,25100,25125,25000,25000,3323
2026-03-27 09:15:00,25000,25100,24950,25000,2974
2026-03-27 09:16:00,24950,25000,24900,24900,3230
2026-03-27 09:17:00,25000,25150,24850,25150,6683
2026-03-27 09:18:00,25150,25200,25000,25000,1048
2026-03-27 09:19:00,25000,25200,25000,25050,788
2026-03-27 09:20:00,25150,25150,24900,25100,5341
2026-03-27 09:21:00,25150,25250,25150,25250,5184
2026-03-27 09:22:00,25250,25300,25100,25100,1188
2026-03-27 09:23:00,25100,25100,25000,25050,389
2026-03-27 09:24:00,25050,25050,25000,25000,886
2026-03-27 09:25:00,25000,25050,24900,24950,1591
2026-03-27 09:26:00,24900,25000,24900,24900,447
2026-03-27 09:27:00,24950,25100,24950,24950,2517
2026-03-27 09:28:00,24950,25000,24950,24950,867
2026-03-27 09:29:00,24950,25000,24950,25000,522
2026-03-27 09:30:00,25050,25200,25000,25200,3490
2026-03-27 09:31:00,25200,25200,25100,25150,913
2026-03-27 09:32:00,25150,25200,25150,25150,909
2026-03-27 09:33:00,25200,25200,25100,25100,899
2026-03-27 09:34:00,25100,25100,25000,25000,553
2026-03-27 09:35:00,25000,25200,24950,24950,795
2026-03-27 09:36:00,24950,24950,24950,24950,598
2026-03-27 09:37:00,25000,25000,24950,25000,199
2026-03-27 09:38:00,25000,25000,24950,25000,518
2026-03-27 09:39:00,24975,25000,24950,25000,944
2026-03-27 09:40:00,25050,25100,25000,25100,675
2026-03-27 09:41:00,25100,25100,25000,25050,1195
2026-03-27 09:42:00,25000,25050,24950,24950,818
2026-03-27 09:43:00,24950,25000,24950,25000,30
2026-03-27 09:44:00,25000,25000,24950,25000,831
2026-03-27 09:45:00,25000,25000,24900,24900,2219
2026-03-27 09:46:00,24950,25000,24900,24900,1001
2026-03-27 09:47:00,24950,24950,24900,24900,244
2026-03-27 09:48:00,24950,24950,24900,24950,294
2026-03-27 09:49:00,24950,25000,24900,25000,1088
2026-03-27 09:50:00,25000,25000,24900,24950,710
2026-03-27 09:51:00,24950,25000,24900,24950,261
2026-03-27 09:52:00,24950,25000,24900,25000,1485
2026-03-27 09:53:00,25000,25000,24950,24950,178
2026-03-27 09:54:00,24950,24950,24900,24900,298
2026-03-27 09:55:00,24900,25050,24900,24900,1123
2026-03-27 09:56:00,25000,25000,24950,24950,415
2026-03-27 09:57:00,25000,25100,24900,25100,1032
2026-03-27 09:58:00,25000,25100,24950,25100,97
2026-03-27 09:59:00,25100,25100,24950,24950,246
2026-03-27 10:00:00,24950,25100,24850,25000,1910
2026-03-27 10:01:00,25000,25050,24950,25050,823
2026-03-27 10:02:00,25050,25050,25000,25000,29
2026-03-27 10:03:00,25000,25100,25000,25050,1435
2026-03-27 10:04:00,25050,25050,25000,25000,298
2026-03-27 10:05:00,25000,25100,24800,25100,10421
2026-03-27 10:06:00,25000,25100,25000,25100,155
2026-03-27 10:07:00,25050,25100,25050,25050,27
2026-03-27 10:08:00,25100,25100,25075,25100,157
2026-03-27 10:09:00,25100,25175,25100,25150,1453
2026-03-27 10:10:00,25150,25250,25100,25250,1947
2026-03-27 10:11:00,25250,25300,25250,25300,723
2026-03-27 10:12:00,25300,25300,25150,25200,599
2026-03-27 10:13:00,25150,25200,25050,25100,1007
2026-03-27 10:14:00,25100,25200,25100,25200,408
2026-03-27 10:15:00,25200,25250,25200,25250,648
2026-03-27 10:16:00,25250,25300,25150,25300,1029
2026-03-27 10:17:00,25250,25250,25200,25200,1020
2026-03-27 10:18:00,25200,25250,25150,25150,787
2026-03-27 10:19:00,25300,25300,25300,25300,1
2026-03-27 10:20:00,25200,25300,25200,25250,268
2026-03-27 10:21:00,25200,25350,25200,25350,2303
2026-03-27 10:22:00,25350,25400,25300,25400,1745
2026-03-27 10:23:00,25400,25400,25300,25300,596
2026-03-27 10:24:00,25300,25350,25300,25350,124
2026-03-27 10:25:00,25300,25300,25250,25300,462
2026-03-27 10:26:00,25250,25300,25250,25250,708
2026-03-27 10:27:00,25250,25300,25200,25300,74
2026-03-27 10:28:00,25300,25300,25250,25250,142
2026-03-27 10:29:00,25250,25300,25250,25300,170
2026-03-27 10:30:00,25300,25350,25200,25200,679
2026-03-27 10:31:00,25250,25300,25200,25200,853
2026-03-27 10:32:00,25300,25300,25250,25300,202
2026-03-27 10:33:00,25300,25350,25300,25300,579
2026-03-27 10:34:00,25300,25350,25300,25300,162
2026-03-27 10:35:00,25300,25300,25250,25275,361
2026-03-27 10:36:00,25250,25300,25250,25250,299
2026-03-27 10:37:00,25250,25250,25250,25250,671
2026-03-27 10:38:00,25250,25250,25200,25250,824
2026-03-27 10:39:00,25300,25350,25250,25300,423
2026-03-27 10:40:00,25250,25250,25200,25225,86
2026-03-27 10:41:00,25250,25350,25200,25350,1778
2026-03-27 10:42:00,25350,25350,25300,25300,436
2026-03-27 10:43:00,25250,25250,25250,25250,124
2026-03-27 10:44:00,25250,25300,25250,25250,338
2026-03-27 10:45:00,25250,25300,25250,25250,470
2026-03-27 10:46:00,25250,25250,25200,25200,1211
2026-03-27 10:47:00,25200,25250,25200,25250,112
2026-03-27 10:48:00,25250,25250,25250,25250,114
2026-03-27 10:49:00,25250,25250,25250,25250,32
2026-03-27 10:50:00,25250,25250,25200,25250,152
2026-03-27 10:51:00,25250,25250,25150,25200,1161
2026-03-27 10:52:00,25200,25200,25150,25200,520
2026-03-27 10:53:00,25200,25200,25150,25150,109
2026-03-27 10:54:00,25200,25200,25150,25150,1083
2026-03-27 10:55:00,25100,25200,25100,25200,173
2026-03-27 10:56:00,25200,25250,25150,25200,562
2026-03-27 10:57:00,25200,25250,25200,25200,34
2026-03-27 10:58:00,25200,25250,25200,25250,116
2026-03-27 10:59:00,25250,25300,25200,25300,474
2026-03-27 11:00:00,25300,25350,25200,25350,1732
2026-03-27 11:01:00,25400,25400,25350,25400,131
2026-03-27 11:02:00,25400,25400,25350,25350,81
2026-03-27 11:03:00,25300,25500,25300,25300,1945
2026-03-27 11:04:00,25300,25350,25300,25350,19
2026-03-27 11:05:00,25350,25400,25350,25400,225
2026-03-27 11:06:00,25350,25400,25350,25400,77
2026-03-27 11:07:00,25400,25450,25400,25400,359
2026-03-27 11:08:00,25400,25450,25350,25400,477
2026-03-27 11:09:00,25400,25400,25350,25400,40
2026-03-27 11:10:00,25400,25450,25400,25450,351
2026-03-27 11:11:00,25400,25450,25350,25350,703
2026-03-27 11:12:00,25350,25350,25300,25300,282
2026-03-27 11:13:00,25300,25300,25200,25250,293
2026-03-27 11:14:00,25250,25250,25250,25250,38
2026-03-27 11:15:00,25250,25250,25250,25250,143
2026-03-27 11:16:00,25250,25250,25250,25250,212
2026-03-27 11:17:00,25200,25200,25200,25200,199
2026-03-27 11:18:00,25200,25250,25200,25250,877
2026-03-27 11:19:00,25250,25250,25150,25200,231
2026-03-27 11:20:00,25150,25250,25150,25250,209
2026-03-27 11:21:00,25200,25250,25150,25200,90
2026-03-27 11:22:00,25200,25200,25150,25200,214
2026-03-27 11:23:00,25150,25200,25150,25150,834
2026-03-27 11:24:00,25150,25200,25100,25200,268
2026-03-27 11:25:00,25200,25200,25200,25200,14
2026-03-27 11:26:00,25150,25250,25150,25250,196
2026-03-27 11:27:00,25250,25300,25250,25300,543
2026-03-27 11:28:00,25350,25350,25300,25350,68
2026-03-27 11:29:00,25300,25350,25100,25200,1872
2026-03-27 11:30:00,25150,25250,25150,25250,332
2026-03-27 11:31:00,25250,25250,25150,25250,78
2026-03-27 11:32:00,25200,25250,25150,25250,427
2026-03-27 11:33:00,25150,25200,25150,25150,314
2026-03-27 11:34:00,25250,25250,25150,25150,109
2026-03-27 11:35:00,25150,25350,25150,25350,386
2026-03-27 11:36:00,25250,25350,25250,25350,26
2026-03-27 11:37:00,25350,25350,25300,25300,67
2026-03-27 11:38:00,25300,25350,25300,25350,35
2026-03-27 11:39:00,25300,25350,25250,25350,637
2026-03-27 11:40:00,25350,25350,25200,25350,930
2026-03-27 11:41:00,25350,25350,25350,25350,19
2026-03-27 11:42:00,25300,25300,25250,25250,31
2026-03-27 11:43:00,25250,25300,25150,25200,771
2026-03-27 11:44:00,25200,25250,25200,25250,81
2026-03-27 11:45:00,25250,25250,25200,25250,111
2026-03-27 11:46:00,25200,25300,25200,25200,153
2026-03-27 11:47:00,25300,25300,25300,25300,87
2026-03-27 11:48:00,25300,25350,25250,25350,438
2026-03-27 11:49:00,25350,25350,25200,25200,9
2026-03-27 11:50:00,25200,25250,25200,25250,55
2026-03-27 11:51:00,25250,25300,25200,25300,189
2026-03-27 11:52:00,25300,25350,25250,25300,283
2026-03-27 11:53:00,25300,25350,25300,25300,145
2026-03-27 11:54:00,25300,25350,25300,25350,67
2026-03-27 11:55:00,25300,25400,25300,25400,541
2026-03-27 11:56:00,25400,25400,25350,25350,15
2026-03-27 11:57:00,25350,25350,25350,25350,116
2026-03-27 11:58:00,25300,25350,25300,25300,20
2026-03-27 11:59:00,25300,25350,25300,25300,341
2026-03-27 12:00:00,25300,25350,25300,25300,176
2026-03-27 12:01:00,25300,25300,25300,25300,50
2026-03-27 12:02:00,25300,25300,25300,25300,129
2026-03-27 12:03:00,25350,25450,25350,25450,2502
2026-03-27 12:04:00,25400,25450,25400,25400,254
2026-03-27 12:05:00,25400,25400,25350,25400,138
2026-03-27 12:06:00,25300,25400,25300,25400,223
2026-03-27 12:07:00,25350,25350,25300,25300,64
2026-03-27 12:08:00,25350,25350,25300,25350,915
2026-03-27 12:09:00,25300,25300,25300,25300,600
2026-03-27 12:10:00,25300,25350,25300,25350,464
2026-03-27 12:11:00,25300,25300,25300,25300,10
2026-03-27 12:12:00,25350,25400,25350,25400,383
2026-03-27 12:13:00,25400,25400,25400,25400,143
2026-03-27 12:14:00,25350,25400,25350,25400,135
2026-03-27 12:15:00,25400,25400,25300,25300,69
2026-03-27 12:16:00,25350,25350,25350,25350,84
2026-03-27 12:17:00,25325,25350,25325,25350,16
2026-03-27 12:18:00,25350,25350,25350,25350,18
2026-03-27 12:19:00,25350,25350,25350,25350,121
2026-03-27 12:20:00,25350,25350,25350,25350,4
2026-03-27 12:21:00,25300,25350,25250,25350,788
2026-03-27 12:22:00,25250,25250,25250,25250,1
2026-03-27 12:23:00,25250,25250,25250,25250,50
2026-03-27 12:25:00,25250,25250,25250,25250,207
2026-03-27 12:26:00,25300,25300,25300,25300,200
2026-03-27 12:27:00,25300,25300,25300,25300,11
2026-03-27 12:28:00,25300,25350,25300,25350,1697
2026-03-27 12:29:00,25350,25400,25350,25350,1258
2026-03-27 12:30:00,25400,25450,25300,25400,2309
2026-03-27 12:31:00,25400,25400,25250,25400,181
2026-03-27 12:32:00,25400,25400,25300,25350,21
2026-03-27 12:33:00,25400,25400,25300,25400,110
2026-03-27 12:34:00,25400,25450,25400,25450,715
2026-03-27 12:35:00,25450,25450,25400,25450,112
2026-03-27 12:36:00,25450,25450,25400,25450,147
2026-03-27 12:37:00,25450,25600,25450,25600,2832
2026-03-27 12:38:00,25550,25600,25550,25600,89
2026-03-27 12:39:00,25600,25800,25600,25750,1118
2026-03-27 12:40:00,25750,25950,25700,25900,2416
2026-03-27 12:41:00,25900,25900,25750,25750,782
2026-03-27 12:42:00,25800,25800,25750,25800,84
2026-03-27 12:43:00,25750,25800,25750,25750,267
2026-03-27 12:44:00,25700,25700,25600,25600,783
2026-03-27 12:45:00,25600,25600,25550,25550,328
2026-03-27 12:46:00,25550,25600,25500,25600,473
2026-03-27 12:47:00,25600,25600,25550,25600,48
2026-03-27 12:48:00,25600,25600,25600,25600,382
2026-03-27 12:49:00,25550,25850,25550,25650,1300
2026-03-27 12:50:00,25700,25800,25650,25800,301
2026-03-27 12:51:00,25700,25750,25650,25750,616
2026-03-27 12:52:00,25750,25750,25700,25700,227
2026-03-27 12:53:00,25750,25900,25750,25825,479
2026-03-27 12:54:00,25900,25900,25800,25850,291
2026-03-27 12:55:00,25800,25850,25800,25850,23
2026-03-27 12:56:00,25850,25850,25850,25850,15
2026-03-27 12:57:00,25800,25850,25750,25750,68
2026-03-27 12:58:00,25750,25750,25750,25750,160
2026-03-27 12:59:00,25750,25850,25750,25800,304
2026-03-27 13:00:00,25850,25850,25750,25850,699
2026-03-27 13:01:00,25850,25900,25800,25850,388
2026-03-27 13:02:00,25800,25850,25700,25850,246
2026-03-27 13:03:00,25850,25950,25800,25900,1479
2026-03-27 13:04:00,25900,25900,25900,25900,135
2026-03-27 13:05:00,25900,26000,25900,25950,1116
2026-03-27 13:06:00,25950,25950,25900,25950,285
2026-03-27 13:07:00,25900,25900,25800,25850,2179
2026-03-27 13:08:00,25850,25850,25850,25850,4
2026-03-27 13:09:00,25850,25850,25850,25850,57
2026-03-27 13:10:00,25850,25850,25800,25800,222
2026-03-27 13:11:00,25850,25900,25800,25900,562
2026-03-27 13:12:00,25900,25900,25850,25900,379
2026-03-27 13:13:00,25900,25900,25750,25750,230
2026-03-27 13:14:00,25750,25800,25750,25750,30
2026-03-27 13:15:00,25800,25900,25800,25900,287
2026-03-27 13:16:00,25900,25900,25800,25850,302
2026-03-27 13:17:00,25900,25900,25850,25875,262
2026-03-27 13:18:00,25900,25900,25850,25850,141
2026-03-27 13:19:00,25900,25900,25900,25900,46
2026-03-27 13:20:00,25900,25950,25900,25950,428
2026-03-27 13:21:00,25900,25950,25900,25900,546
2026-03-27 13:22:00,25850,25900,25850,25900,25
2026-03-27 13:23:00,25900,26050,25900,26050,2312
2026-03-27 13:24:00,26050,26050,25950,25950,305
2026-03-27 13:25:00,25950,25950,25900,25950,186
2026-03-27 13:26:00,25950,25950,25925,25950,52
2026-03-27 13:27:00,25925,25950,25900,25900,1084
2026-03-27 13:28:00,25950,25950,25850,25950,43
2026-03-27 13:29:00,25950,26000,25950,25950,1778
2026-03-27 13:30:00,25950,26000,25950,26000,290
2026-03-27 13:31:00,26000,26000,25900,25950,141
2026-03-27 13:32:00,25950,26000,25950,26000,227
2026-03-27 13:33:00,26000,26050,25950,26050,1741
2026-03-27 13:34:00,26050,26250,26050,26200,3885
2026-03-27 13:35:00,26250,26250,26050,26200,1063
2026-03-27 13:36:00,26200,26300,26100,26100,2488
2026-03-27 13:37:00,26150,26200,26100,26200,847
2026-03-27 13:38:00,26200,26250,26100,26250,793
2026-03-27 13:39:00,26100,26250,26100,26250,81
2026-03-27 13:40:00,26150,26200,26150,26200,57
2026-03-27 13:41:00,26200,26250,26200,26200,446
2026-03-27 13:42:00,26200,26200,26150,26150,141
2026-03-27 13:43:00,26150,26200,26150,26200,216
2026-03-27 13:44:00,26200,26200,26150,26200,1083
2026-03-27 13:45:00,26200,26300,26200,26300,323
2026-03-27 13:46:00,26300,26300,26200,26250,400
2026-03-27 13:47:00,26200,26300,26200,26300,294
2026-03-27 13:48:00,26300,26300,26150,26250,1511
2026-03-27 13:49:00,26150,26150,26100,26150,833
2026-03-27 13:50:00,26100,26150,26100,26100,809
2026-03-27 13:51:00,26150,26150,26150,26150,42
2026-03-27 13:52:00,26150,26150,26150,26150,201
2026-03-27 13:53:00,26150,26150,26100,26150,753
2026-03-27 13:54:00,26050,26100,26000,26000,499
2026-03-27 13:55:00,26050,26100,26000,26100,310
2026-03-27 13:56:00,26100,26200,26100,26150,528
2026-03-27 13:57:00,26150,26200,26150,26200,381
2026-03-27 13:58:00,26150,26200,26150,26200,165
2026-03-27 13:59:00,26200,26250,26200,26250,128
2026-03-27 14:00:00,26200,26300,26200,26300,629
2026-03-27 14:01:00,26250,26300,26250,26300,42
2026-03-27 14:02:00,26300,26300,26250,26250,114
2026-03-27 14:03:00,26250,26300,26250,26250,198
2026-03-27 14:04:00,26250,26300,26250,26300,1174
2026-03-27 14:05:00,26250,26300,26250,26250,296
2026-03-27 14:06:00,26250,26300,26250,26300,306
2026-03-27 14:07:00,26300,26300,26300,26300,222
2026-03-27 14:08:00,26300,26450,26250,26450,5396
2026-03-27 14:09:00,26450,26500,26350,26500,1567
2026-03-27 14:10:00,26500,26500,26400,26500,1077
2026-03-27 14:11:00,26450,26550,26350,26450,1237
2026-03-27 14:12:00,26450,26450,26450,26450,124
2026-03-27 14:13:00,26450,26450,26400,26450,893
2026-03-27 14:14:00,26450,26450,26400,26400,314
2026-03-27 14:15:00,26400,26400,26300,26400,1095
2026-03-27 14:16:00,26400,26400,26300,26350,236
2026-03-27 14:17:00,26300,26400,26300,26350,628
2026-03-27 14:18:00,26350,26350,26250,26250,439
2026-03-27 14:19:00,26350,26350,26250,26300,306
2026-03-27 14:20:00,26300,26400,26250,26300,2945
2026-03-27 14:21:00,26400,26400,26250,26300,101
2026-03-27 14:22:00,26300,26450,26300,26450,764
2026-03-27 14:23:00,26450,26450,26350,26350,463
2026-03-27 14:24:00,26400,26450,26300,26350,1221
2026-03-27 14:25:00,26300,26450,26250,26300,691
2026-03-27 14:26:00,26250,26300,26200,26200,607
2026-03-27 14:27:00,26300,26300,26200,26200,41
2026-03-27 14:28:00,26250,26400,26250,26400,1272
2026-03-27 14:29:00,26350,26450,26300,26400,644
2026-03-27 14:30:00,26350,26450,26350,26400,392
2026-03-27 14:31:00,26400,26400,26300,26300,330
2026-03-27 14:32:00,26300,26300,26250,26250,453
2026-03-27 14:33:00,26250,26400,26150,26150,632
2026-03-27 14:34:00,26150,26200,26150,26200,31
2026-03-27 14:35:00,26200,26250,26150,26250,612
2026-03-27 14:36:00,26350,26350,26150,26350,1565
2026-03-27 14:37:00,26350,26350,26350,26350,87
2026-03-27 14:38:00,26350,26350,26250,26250,173
2026-03-27 14:39:00,26250,26300,26200,26250,452
2026-03-27 14:40:00,26250,26250,26200,26200,26
2026-03-27 14:41:00,26250,26350,26250,26250,870
2026-03-27 14:42:00,26300,26350,26300,26350,157
2026-03-27 14:43:00,26350,26350,26300,26350,418
2026-03-27 14:44:00,26300,26350,26200,26350,2193
2026-03-27 14:45:00,26250,26300,26250,26250,100
2026-03-27 14:46:00,26300,26350,26300,26350,813
2026-03-27 14:47:00,26300,26350,26200,26350,159
2026-03-27 14:48:00,26350,26350,26200,26350,240
2026-03-27 14:49:00,26350,26350,26300,26300,44
2026-03-27 14:50:00,26200,26300,26150,26200,1095
2026-03-27 14:51:00,26250,26300,26200,26200,378
2026-03-27 14:52:00,26200,26200,26150,26200,676
2026-03-27 14:53:00,26200,26250,26100,26150,181
2026-03-27 14:54:00,26150,26150,26100,26150,322
2026-03-27 14:55:00,26100,26250,26100,26250,996
2026-03-27 14:56:00,26250,26300,26200,26200,267
2026-03-27 14:57:00,26200,26250,26150,26150,1062
2026-03-27 14:58:00,26150,26150,26150,26150,871
2026-03-27 14:59:00,26150,26150,26100,26100,763
2026-03-27 15:00:00,26150,26150,26150,26150,93
2026-03-27 15:01:00,26150,26150,26100,26100,524
2026-03-27 15:02:00,26150,26200,26100,26100,430
2026-03-27 15:03:00,26100,26250,26100,26200,1562
2026-03-27 15:04:00,26200,26250,26200,26200,295
2026-03-27 15:05:00,26150,26150,26150,26150,120
2026-03-27 15:06:00,26100,26150,26100,26100,971
2026-03-27 15:07:00,26100,26150,26100,26150,138
2026-03-27 15:08:00,26100,26150,26050,26150,1030
2026-03-27 15:09:00,26150,26150,26100,26150,307
2026-03-27 15:10:00,26100,26200,26100,26200,1157
2026-03-27 15:11:00,26100,26200,26100,26200,618
2026-03-27 15:12:00,26100,26150,26050,26050,1199
2026-03-27 15:13:00,26150,26150,26100,26150,1827
2026-03-27 15:14:00,26150,26200,26150,26200,1492
2026-03-27 15:15:00,26200,26200,26100,26200,823
2026-03-27 15:16:00,26150,26200,26100,26100,1057
2026-03-27 15:17:00,26150,26200,26100,26200,652
2026-03-27 15:18:00,26100,26200,26050,26150,1442
2026-03-27 15:19:00,26200,26200,26100,26200,723
2026-03-27 15:30:00,26200,26200,26200,26200,4655
2026-03-27 15:35:00,26200,26200,26200,26200,214
2026-03-30 09:00:00,24750,24950,24750,24750,7636
2026-03-30 09:01:00,24900,24900,24600,24650,4718
2026-03-30 09:02:00,24650,24750,24500,24750,3440
2026-03-30 09:03:00,24750,24750,24550,24600,2661
2026-03-30 09:04:00,24550,24700,24550,24600,1659
2026-03-30 09:05:00,24550,24800,24550,24800,3002
2026-03-30 09:06:00,24750,24800,24700,24800,1115
2026-03-30 09:07:00,24700,24800,24700,24750,285
2026-03-30 09:08:00,24750,24800,24700,24750,1269
2026-03-30 09:09:00,24750,24900,24700,24850,4616
2026-03-30 09:10:00,24800,24950,24800,24950,1768
2026-03-30 09:11:00,24950,25050,24850,25050,2311
2026-03-30 09:12:00,25050,25050,24900,25000,2697
2026-03-30 09:13:00,25000,25100,25000,25050,807
2026-03-30 09:14:00,25050,25050,25000,25000,1153
2026-03-30 09:15:00,25000,25100,25000,25000,1610
2026-03-30 09:16:00,25000,25100,25000,25100,941
2026-03-30 09:17:00,25100,25250,25100,25150,1932
2026-03-30 09:18:00,25250,25350,25150,25350,1329
2026-03-30 09:19:00,25350,25600,25350,25600,1764
2026-03-30 09:20:00,25550,25600,25250,25450,3344
2026-03-30 09:21:00,25300,25400,25300,25300,267
2026-03-30 09:22:00,25300,25300,25100,25150,803
2026-03-30 09:23:00,25150,25150,25000,25000,492
2026-03-30 09:24:00,25050,25150,25000,25050,1366
2026-03-30 09:25:00,25100,25150,25050,25100,536
2026-03-30 09:26:00,25100,25150,25050,25100,245
2026-03-30 09:27:00,25100,25250,25050,25150,344
2026-03-30 09:28:00,25150,25300,25150,25200,1027
2026-03-30 09:29:00,25200,25350,25200,25200,829
2026-03-30 09:30:00,25150,25250,25150,25250,935
2026-03-30 09:31:00,25250,25250,25150,25200,1563
2026-03-30 09:32:00,25200,25250,25150,25200,720
2026-03-30 09:33:00,25200,25200,25150,25200,59
2026-03-30 09:34:00,25200,25200,25150,25200,330
2026-03-30 09:35:00,25200,25200,25150,25200,1063
2026-03-30 09:36:00,25200,25250,25150,25250,5403
2026-03-30 09:37:00,25250,25250,25150,25150,567
2026-03-30 09:38:00,25150,25150,25100,25100,144
2026-03-30 09:39:00,25100,25150,25000,25150,1138
2026-03-30 09:40:00,25100,25150,25050,25150,989
2026-03-30 09:41:00,25050,25100,25050,25100,639
2026-03-30 09:42:00,25050,25200,25000,25100,4833
2026-03-30 09:43:00,25100,25250,25100,25250,682
2026-03-30 09:44:00,25250,25250,25100,25250,993
2026-03-30 09:45:00,25250,25500,25250,25500,1819
2026-03-30 09:46:00,25450,25500,25400,25400,453
2026-03-30 09:47:00,25450,25500,25400,25400,787
2026-03-30 09:48:00,25400,25450,25350,25400,159
2026-03-30 09:49:00,25400,25400,25300,25300,2187
2026-03-30 09:50:00,25300,25400,25250,25400,265
2026-03-30 09:51:00,25400,25400,25200,25400,151
2026-03-30 09:52:00,25300,25400,25250,25400,259
2026-03-30 09:53:00,25250,25400,25250,25350,401
2026-03-30 09:54:00,25350,25400,25300,25300,168
2026-03-30 09:55:00,25300,25350,25300,25350,345
2026-03-30 09:56:00,25300,25350,25250,25350,771
2026-03-30 09:57:00,25250,25400,25250,25250,357
2026-03-30 09:58:00,25300,25300,25300,25300,68
2026-03-30 09:59:00,25300,25350,25250,25350,189
2026-03-30 10:00:00,25350,25500,25350,25500,2615
2026-03-30 10:01:00,25500,25500,25400,25400,79
2026-03-30 10:02:00,25400,25500,25400,25500,18
2026-03-30 10:03:00,25500,25500,25350,25400,452
2026-03-30 10:04:00,25400,25400,25200,25200,395
2026-03-30 10:05:00,25200,25350,25200,25350,421
2026-03-30 10:06:00,25300,25300,25250,25300,48
2026-03-30 10:07:00,25300,25300,25300,25300,39
2026-03-30 10:08:00,25300,25300,25200,25200,70
2026-03-30 10:09:00,25200,25300,25150,25300,1392
2026-03-30 10:10:00,25300,25300,25250,25300,240
2026-03-30 10:11:00,25250,25350,25200,25200,988
2026-03-30 10:12:00,25300,25300,25300,25300,27
2026-03-30 10:13:00,25250,25300,25200,25200,74
2026-03-30 10:14:00,25200,25300,25200,25300,220
2026-03-30 10:15:00,25300,25350,25150,25200,416
2026-03-30 10:16:00,25200,25250,25200,25250,66
2026-03-30 10:17:00,25250,25250,25250,25250,134
2026-03-30 10:18:00,25250,25300,25150,25150,320
2026-03-30 10:19:00,25150,25200,25150,25150,631
2026-03-30 10:20:00,25150,25300,25150,25300,245
2026-03-30 10:21:00,25300,25350,25200,25250,486
2026-03-30 10:22:00,25250,25250,25200,25200,66
2026-03-30 10:23:00,25250,25250,25250,25250,134
2026-03-30 10:24:00,25250,25350,25200,25350,209
2026-03-30 10:25:00,25250,25350,25200,25350,342
2026-03-30 10:26:00,25350,25350,25200,25200,94
2026-03-30 10:27:00,25200,25200,25200,25200,272
2026-03-30 10:28:00,25200,25250,25200,25200,37
2026-03-30 10:29:00,25200,25250,25100,25250,591
2026-03-30 10:30:00,25100,25250,25100,25250,259
2026-03-30 10:31:00,25250,25250,25100,25100,159
2026-03-30 10:32:00,25250,25250,25100,25250,233
2026-03-30 10:33:00,25250,25300,25200,25300,252
2026-03-30 10:34:00,25300,25400,25300,25400,385
2026-03-30 10:35:00,25400,25500,25400,25450,447
2026-03-30 10:36:00,25450,25450,25300,25300,211
2026-03-30 10:37:00,25300,25300,25250,25300,69
2026-03-30 10:38:00,25300,25400,25300,25400,194
2026-03-30 10:39:00,25250,25400,25250,25400,63
2026-03-30 10:40:00,25400,25400,25400,25400,240
2026-03-30 10:41:00,25400,25400,25400,25400,72
2026-03-30 10:42:00,25350,25450,25350,25350,400
2026-03-30 10:43:00,25400,25400,25250,25350,548
2026-03-30 10:44:00,25350,25400,25250,25400,381
2026-03-30 10:45:00,25350,25500,25250,25450,6438
2026-03-30 10:46:00,25350,25400,25300,25400,570
2026-03-30 10:47:00,25400,25400,25300,25300,129
2026-03-30 10:48:00,25350,25400,25350,25400,197
2026-03-30 10:49:00,25400,25450,25400,25450,359
2026-03-30 10:50:00,25400,25450,25400,25450,533
2026-03-30 10:51:00,25450,25450,25350,25450,56
2026-03-30 10:52:00,25450,25450,25300,25450,910
2026-03-30 10:53:00,25350,25350,25300,25350,209
2026-03-30 10:54:00,25450,25450,25300,25350,617
2026-03-30 10:55:00,25350,25350,25250,25300,408
2026-03-30 10:56:00,25300,25350,25300,25300,193
2026-03-30 10:57:00,25350,25400,25350,25400,735
2026-03-30 10:58:00,25400,25450,25400,25450,613
2026-03-30 10:59:00,25450,25450,25325,25400,101
2026-03-30 11:00:00,25400,25450,25350,25450,725
2026-03-30 11:01:00,25450,25450,25400,25400,84
2026-03-30 11:02:00,25350,25400,25300,25350,206
2026-03-30 11:03:00,25350,25400,25350,25350,167
2026-03-30 11:04:00,25300,25400,25300,25400,349
2026-03-30 11:05:00,25300,25450,25300,25450,660
2026-03-30 11:06:00,25450,25450,25400,25400,22
2026-03-30 11:07:00,25300,25400,25300,25400,156
2026-03-30 11:08:00,25350,25400,25350,25400,5
2026-03-30 11:09:00,25400,25400,25250,25250,745
2026-03-30 11:10:00,25250,25500,25250,25500,1072
2026-03-30 11:11:00,25500,25500,25300,25500,103
2026-03-30 11:12:00,25500,25500,25450,25450,129
2026-03-30 11:13:00,25500,25500,25500,25500,42
2026-03-30 11:14:00,25500,25500,25450,25500,68
2026-03-30 11:15:00,25400,25500,25400,25450,410
2026-03-30 11:16:00,25450,25450,25400,25400,64
2026-03-30 11:17:00,25400,25400,25350,25350,35
2026-03-30 11:18:00,25350,25350,25300,25350,414
2026-03-30 11:19:00,25300,25350,25250,25350,237
2026-03-30 11:20:00,25300,25350,25250,25350,395
2026-03-30 11:21:00,25350,25350,25250,25350,294
2026-03-30 11:22:00,25350,25350,25350,25350,1
2026-03-30 11:23:00,25300,25300,25250,25250,18
2026-03-30 11:24:00,25300,25300,25250,25300,71
2026-03-30 11:25:00,25300,25350,25250,25350,252
2026-03-30 11:26:00,25300,25300,25300,25300,128
2026-03-30 11:27:00,25300,25300,25250,25300,166
2026-03-30 11:28:00,25250,25250,25250,25250,170
2026-03-30 11:29:00,25300,25300,25300,25300,59
2026-03-30 11:30:00,25250,25350,25200,25350,748
2026-03-30 11:31:00,25350,25350,25200,25350,26
2026-03-30 11:32:00,25200,25350,25200,25350,4
2026-03-30 11:33:00,25350,25350,25200,25250,17
2026-03-30 11:34:00,25250,25250,25250,25250,136
2026-03-30 11:35:00,25200,25400,25200,25400,1204
2026-03-30 11:37:00,25250,25250,25200,25200,55
2026-03-30 11:38:00,25400,25400,25200,25200,428
2026-03-30 11:39:00,25200,25200,25200,25200,40
2026-03-30 11:40:00,25250,25350,25250,25350,222
2026-03-30 11:41:00,25350,25350,25200,25250,90
2026-03-30 11:42:00,25300,25300,25250,25250,270
2026-03-30 11:43:00,25350,25350,25350,25350,5
2026-03-30 11:44:00,25350,25350,25200,25200,18
2026-03-30 11:45:00,25200,25350,25200,25350,293
2026-03-30 11:46:00,25300,25300,25300,25300,52
2026-03-30 11:47:00,25200,25350,25200,25350,6
2026-03-30 11:48:00,25350,25350,25200,25300,15
2026-03-30 11:49:00,25300,25350,25150,25350,687
2026-03-30 11:50:00,25300,25400,25300,25400,226
2026-03-30 11:51:00,25400,25400,25200,25200,158
2026-03-30 11:53:00,25275,25275,25275,25275,1
2026-03-30 11:54:00,25250,25350,25200,25200,85
2026-03-30 11:55:00,25300,25400,25300,25350,223
2026-03-30 11:56:00,25350,25350,25350,25350,18
2026-03-30 11:57:00,25350,25350,25250,25350,64
2026-03-30 11:58:00,25350,25400,25350,25400,75
2026-03-30 11:59:00,25350,25400,25300,25400,35
2026-03-30 12:00:00,25400,25400,25350,25400,262
2026-03-30 12:01:00,25300,25400,25300,25400,16
2026-03-30 12:02:00,25400,25400,25300,25300,339
2026-03-30 12:03:00,25300,25350,25250,25250,239
2026-03-30 12:04:00,25250,25350,25250,25350,440
2026-03-30 12:05:00,25350,25350,25350,25350,221
2026-03-30 12:06:00,25350,25400,25350,25400,142
2026-03-30 12:07:00,25350,25450,25350,25450,650
2026-03-30 12:08:00,25400,25400,25400,25400,55
2026-03-30 12:09:00,25400,25400,25350,25400,115
2026-03-30 12:10:00,25400,25600,25400,25600,1782
2026-03-30 12:11:00,25600,25650,25600,25650,825
2026-03-30 12:12:00,25600,25650,25500,25550,281
2026-03-30 12:13:00,25550,25600,25550,25600,27
2026-03-30 12:14:00,25550,25550,25350,25500,488
2026-03-30 12:15:00,25500,25500,25500,25500,434
2026-03-30 12:16:00,25500,25500,25400,25450,223
2026-03-30 12:17:00,25450,25500,25450,25500,18
2026-03-30 12:18:00,25500,25500,25500,25500,16
2026-03-30 12:19:00,25500,25500,25500,25500,10
2026-03-30 12:20:00,25500,25600,25500,25600,597
2026-03-30 12:21:00,25600,25600,25450,25450,154
2026-03-30 12:22:00,25450,25450,25450,25450,148
2026-03-30 12:23:00,25450,25550,25450,25550,122
2026-03-30 12:24:00,25550,25550,25450,25500,26
2026-03-30 12:25:00,25500,25650,25500,25650,540
2026-03-30 12:26:00,25500,25500,25450,25500,213
2026-03-30 12:27:00,25500,25500,25500,25500,28
2026-03-30 12:28:00,25500,25550,25500,25550,86
2026-03-30 12:29:00,25550,25550,25500,25500,27
2026-03-30 12:30:00,25450,25500,25450,25500,264
2026-03-30 12:31:00,25500,25600,25450,25550,319
2026-03-30 12:32:00,25550,25550,25500,25550,192
2026-03-30 12:33:00,25450,25500,25450,25500,23
2026-03-30 12:34:00,25500,25500,25500,25500,50
2026-03-30 12:35:00,25500,25600,25450,25600,412
2026-03-30 12:36:00,25600,25600,25400,25400,690
2026-03-30 12:37:00,25400,25450,25400,25450,268
2026-03-30 12:38:00,25450,25450,25450,25450,13
2026-03-30 12:39:00,25400,25450,25400,25450,100
2026-03-30 12:40:00,25450,25500,25450,25500,346
2026-03-30 12:41:00,25500,25500,25500,25500,40
2026-03-30 12:42:00,25500,25500,25400,25400,71
2026-03-30 12:43:00,25400,25550,25400,25550,132
2026-03-30 12:44:00,25550,25550,25450,25450,49
2026-03-30 12:45:00,25500,25550,25450,25550,492
2026-03-30 12:46:00,25550,25550,25450,25450,47
2026-03-30 12:47:00,25450,25450,25400,25400,186
2026-03-30 12:48:00,25400,25450,25400,25450,407
2026-03-30 12:49:00,25400,25400,25350,25400,396
2026-03-30 12:50:00,25400,25500,25400,25500,385
2026-03-30 12:51:00,25550,25550,25350,25350,177
2026-03-30 12:52:00,25450,25450,25350,25400,53
2026-03-30 12:53:00,25400,25400,25400,25400,21
2026-03-30 12:54:00,25400,25400,25350,25350,405
2026-03-30 12:55:00,25350,25500,25300,25500,1034
2026-03-30 12:56:00,25350,25350,25300,25350,106
2026-03-30 12:57:00,25300,25350,25300,25350,70
2026-03-30 12:58:00,25350,25350,25350,25350,5
2026-03-30 12:59:00,25350,25350,25300,25300,59
2026-03-30 13:00:00,25350,25500,25300,25450,277
2026-03-30 13:01:00,25500,25500,25300,25450,95
2026-03-30 13:02:00,25350,25400,25350,25400,177
2026-03-30 13:03:00,25350,25350,25350,25350,204
2026-03-30 13:04:00,25350,25350,25350,25350,28
2026-03-30 13:05:00,25350,25500,25300,25450,523
2026-03-30 13:06:00,25500,25500,25500,25500,7
2026-03-30 13:07:00,25450,25450,25450,25450,19
2026-03-30 13:08:00,25350,25350,25300,25350,297
2026-03-30 13:09:00,25350,25350,25350,25350,4
2026-03-30 13:10:00,25350,25350,25300,25300,8
2026-03-30 13:11:00,25350,25500,25350,25400,753
2026-03-30 13:12:00,25400,25400,25350,25350,163
2026-03-30 13:13:00,25350,25350,25350,25350,29
2026-03-30 13:14:00,25300,25300,25250,25250,1657
2026-03-30 13:15:00,25250,25450,25250,25450,311
2026-03-30 13:16:00,25450,25450,25350,25350,165
2026-03-30 13:17:00,25350,25350,25300,25300,6
2026-03-30 13:18:00,25250,25250,25250,25250,49
2026-03-30 13:19:00,25250,25300,25250,25250,208
2026-03-30 13:20:00,25350,25450,25350,25450,436
2026-03-30 13:21:00,25450,25450,25400,25400,272
2026-03-30 13:22:00,25400,25400,25400,25400,1
2026-03-30 13:23:00,25350,25400,25350,25400,61
2026-03-30 13:24:00,25400,25400,25400,25400,220
2026-03-30 13:25:00,25400,25500,25350,25500,415
2026-03-30 13:26:00,25500,25550,25350,25450,284
2026-03-30 13:27:00,25400,25400,25400,25400,17
2026-03-30 13:28:00,25400,25400,25400,25400,20
2026-03-30 13:29:00,25400,25400,25300,25300,540
2026-03-30 13:30:00,25300,25300,25250,25250,419
2026-03-30 13:31:00,25300,25400,25300,25350,461
2026-03-30 13:32:00,25350,25350,25350,25350,3
2026-03-30 13:33:00,25400,25400,25400,25400,17
2026-03-30 13:34:00,25400,25400,25350,25400,129
2026-03-30 13:35:00,25400,25400,25350,25400,375
2026-03-30 13:36:00,25400,25400,25400,25400,9
2026-03-30 13:37:00,25400,25400,25350,25350,21
2026-03-30 13:38:00,25350,25400,25350,25400,13
2026-03-30 13:39:00,25400,25400,25350,25400,25
2026-03-30 13:40:00,25350,25400,25300,25350,1265
2026-03-30 13:41:00,25350,25350,25350,25350,48
2026-03-30 13:42:00,25350,25350,25300,25300,316
2026-03-30 13:44:00,25300,25300,25250,25250,103
2026-03-30 13:45:00,25250,25300,25250,25300,488
2026-03-30 13:46:00,25300,25300,25250,25300,48
2026-03-30 13:47:00,25300,25300,25250,25300,102
2026-03-30 13:48:00,25250,25300,25250,25300,132
2026-03-30 13:49:00,25300,25300,25300,25300,56
2026-03-30 13:50:00,25250,25300,25250,25300,1267
2026-03-30 13:51:00,25300,25300,25200,25300,162
2026-03-30 13:52:00,25300,25300,25300,25300,1
2026-03-30 13:53:00,25300,25300,25250,25250,430
2026-03-30 13:54:00,25250,25250,25200,25200,937
2026-03-30 13:55:00,25300,25300,25200,25300,762
2026-03-30 13:56:00,25300,25300,25200,25200,200
2026-03-30 13:57:00,25200,25200,25200,25200,4
2026-03-30 13:58:00,25250,25250,25250,25250,2
2026-03-30 13:59:00,25300,25300,25250,25250,111
2026-03-30 14:00:00,25300,25450,25300,25450,3364
2026-03-30 14:01:00,25450,25450,25350,25350,132
2026-03-30 14:02:00,25350,25450,25350,25350,95
2026-03-30 14:03:00,25450,25500,25350,25350,154
2026-03-30 14:04:00,25500,25500,25300,25400,594
2026-03-30 14:05:00,25400,25450,25400,25450,69
2026-03-30 14:06:00,25450,25500,25400,25450,650
2026-03-30 14:07:00,25450,25450,25450,25450,107
2026-03-30 14:08:00,25450,25450,25450,25450,58
2026-03-30 14:09:00,25400,25400,25300,25400,480
2026-03-30 14:10:00,25400,25400,25250,25400,85
2026-03-30 14:11:00,25450,25550,25250,25300,2192
2026-03-30 14:12:00,25350,25350,25300,25300,208
2026-03-30 14:13:00,25300,25350,25300,25350,95
2026-03-30 14:14:00,25250,25300,25250,25300,102
2026-03-30 14:15:00,25250,25400,25250,25400,307
2026-03-30 14:16:00,25400,25450,25300,25300,181
2026-03-30 14:17:00,25300,25400,25300,25350,162
2026-03-30 14:18:00,25350,25450,25300,25450,151
2026-03-30 14:19:00,25450,25450,25300,25450,70
2026-03-30 14:20:00,25450,25450,25300,25350,110
2026-03-30 14:21:00,25350,25500,25350,25450,1293
2026-03-30 14:22:00,25300,25400,25300,25300,257
2026-03-30 14:23:00,25300,25400,25300,25400,342
2026-03-30 14:24:00,25400,25400,25400,25400,9
2026-03-30 14:25:00,25400,25400,25300,25300,115
2026-03-30 14:26:00,25250,25400,25250,25300,574
2026-03-30 14:27:00,25300,25300,25300,25300,524
2026-03-30 14:28:00,25300,25400,25250,25400,167
2026-03-30 14:29:00,25300,25300,25150,25200,4035
2026-03-30 14:30:00,25200,25300,25150,25300,430
2026-03-30 14:31:00,25300,25400,25300,25400,332
2026-03-30 14:32:00,25250,25400,25250,25400,25
2026-03-30 14:33:00,25400,25400,25400,25400,86
2026-03-30 14:35:00,25400,25400,25300,25400,308
2026-03-30 14:36:00,25400,25400,25400,25400,130
2026-03-30 14:37:00,25400,25400,25350,25350,61
2026-03-30 14:38:00,25350,25350,25350,25350,13
2026-03-30 14:39:00,25300,25350,25250,25250,1198
2026-03-30 14:40:00,25300,25300,25300,25300,53
2026-03-30 14:41:00,25300,25400,25300,25300,425
2026-03-30 14:42:00,25250,25300,25250,25250,139
2026-03-30 14:43:00,25400,25400,25250,25400,94
2026-03-30 14:44:00,25400,25400,25350,25400,21
2026-03-30 14:45:00,25350,25400,25300,25400,848
2026-03-30 14:46:00,25400,25400,25325,25375,147
2026-03-30 14:47:00,25350,25350,25200,25250,1269
2026-03-30 14:48:00,25250,25250,25200,25250,182
2026-03-30 14:49:00,25250,25250,25250,25250,149
2026-03-30 14:50:00,25250,25300,25200,25300,285
2026-03-30 14:51:00,25300,25300,25300,25300,111
2026-03-30 14:52:00,25300,25300,25250,25250,413
2026-03-30 14:53:00,25250,25250,25200,25200,371
2026-03-30 14:54:00,25200,25250,25200,25250,24
2026-03-30 14:55:00,25250,25300,25200,25300,329
2026-03-30 14:56:00,25300,25300,25250,25300,400
2026-03-30 14:57:00,25250,25250,25250,25250,123
2026-03-30 14:58:00,25250,25250,25200,25250,381
2026-03-30 14:59:00,25250,25250,25250,25250,324
2026-03-30 15:00:00,25250,25250,25225,25225,123
2026-03-30 15:01:00,25225,25300,25200,25300,665
2026-03-30 15:02:00,25300,25300,25200,25300,192
2026-03-30 15:03:00,25300,25300,25300,25300,62
2026-03-30 15:04:00,25300,25300,25250,25250,162
2026-03-30 15:05:00,25250,25300,25150,25300,3862
2026-03-30 15:06:00,25300,25300,25250,25250,90
2026-03-30 15:07:00,25250,25250,25250,25250,540
2026-03-30 15:08:00,25200,25250,25200,25250,31
2026-03-30 15:09:00,25250,25250,25200,25200,177
2026-03-30 15:10:00,25250,25250,25150,25150,982
2026-03-30 15:11:00,25200,25200,25150,25150,138
2026-03-30 15:12:00,25150,25200,25150,25200,1452
2026-03-30 15:13:00,25200,25200,25150,25200,591
2026-03-30 15:14:00,25200,25200,25150,25200,182
2026-03-30 15:15:00,25200,25200,25150,25150,536
2026-03-30 15:16:00,25150,25150,25100,25100,1111
2026-03-30 15:17:00,25150,25150,25100,25150,507
2026-03-30 15:18:00,25150,25150,25100,25150,830
2026-03-30 15:19:00,25100,25200,25100,25200,435
2026-03-30 15:30:00,25300,25300,25300,25300,6022
2026-03-30 15:35:00,25300,25300,25300,25300,278
2026-03-31 09:00:00,25250,25450,25200,25450,4246
2026-03-31 09:01:00,25450,25750,25400,25700,2928
2026-03-31 09:02:00,25650,25800,25500,25600,6977
2026-03-31 09:03:00,25500,25600,25150,25300,1862
2026-03-31 09:04:00,25200,25300,25000,25000,1515
2026-03-31 09:05:00,25050,25250,25000,25150,2040
2026-03-31 09:06:00,25100,25150,25000,25150,543
2026-03-31 09:07:00,25050,25100,24900,24900,2452
2026-03-31 09:08:00,24900,25000,24800,24950,1175
2026-03-31 09:09:00,24950,24950,24750,24750,1945
2026-03-31 09:10:00,24750,24900,24700,24800,4026
2026-03-31 09:11:00,24800,24850,24700,24750,2606
2026-03-31 09:12:00,24750,24800,24700,24750,1573
2026-03-31 09:13:00,24800,24800,24700,24800,1360
2026-03-31 09:14:00,24850,24850,24800,24850,619
2026-03-31 09:15:00,24800,24900,24700,24800,1521
2026-03-31 09:16:00,24700,24800,24700,24800,697
2026-03-31 09:17:00,24800,24800,24700,24800,469
2026-03-31 09:18:00,24800,24800,24600,24650,2251
2026-03-31 09:19:00,24650,24800,24600,24800,1489
2026-03-31 09:20:00,24800,24850,24650,24650,1861
2026-03-31 09:21:00,24650,24650,24600,24600,1080
2026-03-31 09:22:00,24550,24600,24500,24600,1097
2026-03-31 09:23:00,24500,24600,24450,24450,3106
2026-03-31 09:24:00,24450,24700,24450,24700,2039
2026-03-31 09:25:00,24700,24750,24600,24600,807
2026-03-31 09:26:00,24700,24900,24700,24900,1809
2026-03-31 09:27:00,24850,24900,24650,24700,1267
2026-03-31 09:28:00,24750,24750,24600,24600,601
2026-03-31 09:29:00,24650,24750,24600,24700,1400
2026-03-31 09:30:00,24700,24700,24600,24700,970
2026-03-31 09:31:00,24700,24700,24600,24600,471
2026-03-31 09:32:00,24600,24700,24550,24600,1342
2026-03-31 09:33:00,24600,24600,24500,24500,142
2026-03-31 09:34:00,24550,24550,24500,24550,315
2026-03-31 09:35:00,24550,24550,24450,24500,4387
2026-03-31 09:36:00,24550,24550,24450,24550,484
2026-03-31 09:37:00,24550,24550,24400,24400,817
2026-03-31 09:38:00,24450,24650,24450,24600,2322
2026-03-31 09:39:00,24650,24650,24425,24500,508
2026-03-31 09:40:00,24450,24650,24450,24650,541
2026-03-31 09:41:00,24600,24700,24550,24700,421
2026-03-31 09:42:00,24700,24700,24600,24650,340
2026-03-31 09:43:00,24650,24650,24550,24600,790
2026-03-31 09:44:00,24650,24825,24600,24800,3826
2026-03-31 09:45:00,24800,25050,24750,25000,3189
2026-03-31 09:46:00,25000,25100,25000,25100,307
2026-03-31 09:47:00,25100,25100,25000,25100,539
2026-03-31 09:48:00,25100,25200,25100,25150,1107
2026-03-31 09:49:00,25150,25200,25150,25150,216
2026-03-31 09:50:00,25150,25200,25100,25150,472
2026-03-31 09:51:00,25100,25150,25000,25000,251
2026-03-31 09:52:00,25000,25000,24900,24950,548
2026-03-31 09:53:00,24950,25100,24850,25100,1394
2026-03-31 09:54:00,25100,25100,24900,25000,576
2026-03-31 09:55:00,25000,25050,24850,25000,427
2026-03-31 09:56:00,25000,25000,24900,24900,76
2026-03-31 09:57:00,24900,24900,24800,24900,509
2026-03-31 09:58:00,24900,24900,24800,24850,207
2026-03-31 09:59:00,24850,24850,24850,24850,31
2026-03-31 10:00:00,24825,24850,24800,24850,240
2026-03-31 10:01:00,24850,25000,24750,25000,2498
2026-03-31 10:02:00,25050,25050,24850,25000,197
2026-03-31 10:03:00,25000,25000,24850,24900,87
2026-03-31 10:04:00,24850,24900,24750,24900,290
2026-03-31 10:05:00,24750,24900,24750,24900,119
2026-03-31 10:06:00,24700,24700,24650,24650,685
2026-03-31 10:07:00,24600,24700,24600,24700,919
2026-03-31 10:08:00,24850,24850,24700,24700,97
2026-03-31 10:09:00,24750,24750,24700,24750,72
2026-03-31 10:10:00,24750,24900,24700,24900,419
2026-03-31 10:11:00,24900,24900,24800,24850,146
2026-03-31 10:12:00,24800,24850,24800,24800,294
2026-03-31 10:13:00,24800,24800,24750,24750,144
2026-03-31 10:14:00,24700,24750,24700,24700,192
2026-03-31 10:15:00,24750,24950,24750,24950,804
2026-03-31 10:16:00,24950,24950,24650,24850,319
2026-03-31 10:17:00,24850,24850,24700,24800,133
2026-03-31 10:18:00,24800,24800,24750,24800,208
2026-03-31 10:19:00,24800,24800,24750,24750,161
2026-03-31 10:20:00,24800,24900,24800,24900,1047
2026-03-31 10:21:00,24850,24900,24800,24850,222
2026-03-31 10:22:00,24850,24900,24800,24850,478
2026-03-31 10:23:00,24800,24800,24650,24750,856
2026-03-31 10:24:00,24750,24800,24750,24800,54
2026-03-31 10:25:00,24750,24850,24700,24700,556
2026-03-31 10:26:00,24700,24850,24700,24850,235
2026-03-31 10:27:00,24850,24850,24850,24850,93
2026-03-31 10:28:00,24850,24850,24700,24850,67
2026-03-31 10:29:00,24850,24900,24750,24900,581
2026-03-31 10:30:00,24900,24950,24850,24950,403
2026-03-31 10:31:00,24950,25000,24950,25000,547
2026-03-31 10:32:00,25000,25075,24975,25075,2063
2026-03-31 10:33:00,25050,25100,25050,25050,117
2026-03-31 10:34:00,25100,25100,25100,25100,87
2026-03-31 10:35:00,25050,25150,25050,25100,980
2026-03-31 10:36:00,25150,25150,25100,25100,19
2026-03-31 10:37:00,25100,25150,25050,25150,388
2026-03-31 10:38:00,25100,25100,25100,25100,241
2026-03-31 10:39:00,25100,25150,25050,25100,738
2026-03-31 10:40:00,25150,25300,25150,25250,4104
2026-03-31 10:41:00,25250,25250,25250,25250,252
2026-03-31 10:42:00,25250,25250,25200,25200,947
2026-03-31 10:43:00,25200,25200,25050,25200,84
2026-03-31 10:44:00,25200,25200,25050,25050,151
2026-03-31 10:45:00,25100,25200,25050,25050,132
2026-03-31 10:46:00,25200,25200,25000,25050,171
2026-03-31 10:47:00,25000,25000,25000,25000,180
2026-03-31 10:48:00,25000,25150,24950,25000,520
2026-03-31 10:49:00,25150,25150,24950,24950,181
2026-03-31 10:50:00,24950,25050,24900,24950,682
2026-03-31 10:51:00,24950,25150,24950,25050,74
2026-03-31 10:52:00,25050,25150,25000,25000,335
2026-03-31 10:53:00,25000,25250,25000,25200,789
2026-03-31 10:54:00,25150,25250,25100,25150,335
2026-03-31 10:55:00,25150,25250,25150,25150,273
2026-03-31 10:56:00,25200,25200,25100,25150,751
2026-03-31 10:57:00,25100,25200,25100,25100,164
2026-03-31 10:58:00,25150,25150,25000,25150,307
2026-03-31 10:59:00,25000,25150,25000,25150,41
2026-03-31 11:00:00,25150,25150,25000,25100,728
2026-03-31 11:01:00,25050,25050,24900,24900,1878
2026-03-31 11:02:00,24900,25050,24900,25000,1476
2026-03-31 11:03:00,24950,25100,24950,24950,31
2026-03-31 11:04:00,25100,25100,24950,24950,88
2026-03-31 11:05:00,24950,25050,24950,24950,136
2026-03-31 11:06:00,24950,25100,24950,24950,92
2026-03-31 11:07:00,25050,25100,24950,24950,182
2026-03-31 11:08:00,25000,25050,24950,25000,328
2026-03-31 11:09:00,25000,25000,24950,25000,328
2026-03-31 11:10:00,24950,25000,24900,24950,702
2026-03-31 11:11:00,24950,25000,24900,25000,214
2026-03-31 11:12:00,24950,25000,24900,24900,668
2026-03-31 11:13:00,24900,24900,24900,24900,59
2026-03-31 11:14:00,24900,24900,24850,24850,1935
2026-03-31 11:15:00,24850,25050,24850,25050,523
2026-03-31 11:16:00,24900,24900,24900,24900,44
2026-03-31 11:17:00,24900,24900,24900,24900,121
2026-03-31 11:18:00,24900,25050,24900,24950,295
2026-03-31 11:19:00,25000,25050,24950,24950,36
2026-03-31 11:20:00,24950,25000,24900,25000,257
2026-03-31 11:21:00,25000,25000,25000,25000,7
2026-03-31 11:22:00,25000,25000,24950,24950,55
2026-03-31 11:23:00,24950,24950,24850,24850,768
2026-03-31 11:24:00,24850,24900,24850,24900,33
2026-03-31 11:25:00,24850,24900,24800,24800,739
2026-03-31 11:26:00,24800,24850,24800,24800,57
2026-03-31 11:27:00,24800,24900,24800,24800,266
2026-03-31 11:28:00,24800,24900,24800,24850,1154
2026-03-31 11:29:00,24800,24850,24800,24850,68
2026-03-31 11:30:00,24850,24950,24800,24850,523
2026-03-31 11:31:00,24800,24950,24800,24900,2484
2026-03-31 11:32:00,24800,24800,24750,24750,89
2026-03-31 11:33:00,24800,24800,24750,24750,4
2026-03-31 11:34:00,24800,24800,24750,24750,251
2026-03-31 11:35:00,24750,24800,24750,24750,353
2026-03-31 11:36:00,24800,24800,24750,24750,207
2026-03-31 11:37:00,24800,24850,24750,24850,50
2026-03-31 11:38:00,24850,24900,24850,24850,130
2026-03-31 11:39:00,24850,24900,24850,24850,162
2026-03-31 11:40:00,24850,24900,24750,24750,242
2026-03-31 11:41:00,24750,24900,24750,24750,282
2026-03-31 11:42:00,24800,24850,24750,24800,17
2026-03-31 11:43:00,24750,24750,24750,24750,31
2026-03-31 11:44:00,24750,24800,24750,24750,75
2026-03-31 11:45:00,24750,24800,24700,24700,352
2026-03-31 11:46:00,24750,24775,24750,24775,103
2026-03-31 11:47:00,24775,24850,24700,24800,604
2026-03-31 11:48:00,24700,24800,24700,24800,512
2026-03-31 11:49:00,24800,24800,24700,24800,125
2026-03-31 11:50:00,24750,24850,24750,24800,649
2026-03-31 11:51:00,24800,24900,24750,24850,603
2026-03-31 11:52:00,24900,24900,24850,24900,167
2026-03-31 11:53:00,24900,24900,24850,24900,9
2026-03-31 11:54:00,24900,24950,24800,24800,52
2026-03-31 11:55:00,24800,24950,24800,24900,78
2026-03-31 11:56:00,24950,25000,24900,25000,153
2026-03-31 11:57:00,24950,24950,24950,24950,33
2026-03-31 11:58:00,24900,24950,24900,24950,3
2026-03-31 11:59:00,24950,24950,24800,24800,34
2026-03-31 12:00:00,24800,24950,24800,24850,263
2026-03-31 12:01:00,24850,24850,24850,24850,7
2026-03-31 12:02:00,24850,24850,24850,24850,1
2026-03-31 12:03:00,24850,24850,24850,24850,25
2026-03-31 12:04:00,24850,24900,24850,24875,28
2026-03-31 12:05:00,24900,24950,24850,24850,350
2026-03-31 12:06:00,24850,24950,24850,24900,66
2026-03-31 12:07:00,24900,25100,24850,24950,1072
2026-03-31 12:08:00,24950,25050,24950,25050,44
2026-03-31 12:09:00,25050,25050,25000,25000,31
2026-03-31 12:10:00,25000,25050,24950,24950,245
2026-03-31 12:11:00,24950,25050,24950,25050,11
2026-03-31 12:12:00,25050,25050,24950,24950,119
2026-03-31 12:13:00,24950,25000,24950,25000,714
2026-03-31 12:14:00,25000,25000,25000,25000,1
2026-03-31 12:15:00,24900,25000,24900,24900,366
2026-03-31 12:16:00,24900,24950,24850,24900,897
2026-03-31 12:17:00,24900,24900,24850,24850,75
2026-03-31 12:18:00,24850,24850,24750,24800,435
2026-03-31 12:19:00,24800,24800,24750,24750,129
2026-03-31 12:20:00,24750,25000,24750,24800,255
2026-03-31 12:21:00,24800,24800,24750,24750,102
2026-03-31 12:22:00,24800,24800,24750,24800,200
2026-03-31 12:23:00,24800,24800,24800,24800,22
2026-03-31 12:24:00,24800,24850,24800,24850,115
2026-03-31 12:25:00,24800,24900,24750,24750,487
2026-03-31 12:26:00,24750,24800,24750,24750,360
2026-03-31 12:27:00,24750,24750,24750,24750,117
2026-03-31 12:28:00,24750,24800,24700,24700,17
2026-03-31 12:29:00,24700,24700,24700,24700,116
2026-03-31 12:30:00,24700,24950,24700,24750,226
2026-03-31 12:31:00,24750,24750,24750,24750,46
2026-03-31 12:32:00,24750,24750,24650,24650,1224
2026-03-31 12:33:00,24650,24750,24650,24750,201
2026-03-31 12:34:00,24700,24750,24650,24650,321
2026-03-31 12:35:00,24650,24650,24400,24650,11510
2026-03-31 12:36:00,24650,24650,24450,24500,142
2026-03-31 12:37:00,24450,24550,24400,24450,2086
2026-03-31 12:38:00,24400,24500,24400,24450,46
2026-03-31 12:39:00,24500,24650,24450,24500,2614
2026-03-31 12:40:00,24500,24750,24500,24600,343
2026-03-31 12:41:00,24800,24800,24600,24650,102
2026-03-31 12:42:00,24600,24600,24500,24550,26
2026-03-31 12:43:00,24650,24650,24650,24650,11
2026-03-31 12:44:00,24550,24550,24500,24500,112
2026-03-31 12:45:00,24500,24650,24450,24650,429
2026-03-31 12:46:00,24700,24700,24600,24600,289
2026-03-31 12:47:00,24600,24600,24500,24500,129
2026-03-31 12:48:00,24550,24550,24450,24450,138
2026-03-31 12:49:00,24450,24500,24450,24450,219
2026-03-31 12:50:00,24450,24700,24450,24500,921
2026-03-31 12:51:00,24500,24600,24500,24600,263
2026-03-31 12:52:00,24600,24600,24500,24500,22
2026-03-31 12:53:00,24550,24600,24500,24500,177
2026-03-31 12:54:00,24500,24650,24500,24550,4045
2026-03-31 12:55:00,24550,24700,24550,24550,256
2026-03-31 12:56:00,24550,24700,24550,24600,149
2026-03-31 12:57:00,24600,24700,24600,24600,40
2026-03-31 12:58:00,24600,24650,24600,24600,249
2026-03-31 12:59:00,24650,24650,24550,24550,192
2026-03-31 13:00:00,24650,24650,24550,24650,520
2026-03-31 13:01:00,24700,24700,24500,24600,414
2026-03-31 13:02:00,24600,24600,24500,24500,540
2026-03-31 13:03:00,24500,24650,24500,24650,914
2026-03-31 13:04:00,24600,24600,24600,24600,47
2026-03-31 13:05:00,24625,24700,24550,24550,545
2026-03-31 13:06:00,24550,24650,24500,24550,2793
2026-03-31 13:07:00,24550,24550,24550,24550,323
2026-03-31 13:08:00,24600,24650,24500,24600,246
2026-03-31 13:09:00,24600,24600,24450,24600,915
2026-03-31 13:10:00,24450,24650,24450,24650,1177
2026-03-31 13:11:00,24500,24600,24500,24550,198
2026-03-31 13:12:00,24550,24550,24500,24500,772
2026-03-31 13:13:00,24550,24550,24450,24450,290
2026-03-31 13:14:00,24500,24500,24450,24450,113
2026-03-31 13:15:00,24450,24550,24450,24550,1077
2026-03-31 13:16:00,24500,24500,24500,24500,98
2026-03-31 13:17:00,24500,24650,24450,24450,94
2026-03-31 13:18:00,24450,24600,24450,24450,417
2026-03-31 13:19:00,24600,24600,24450,24550,379
2026-03-31 13:20:00,24550,24650,24550,24650,877
2026-03-31 13:21:00,24650,24650,24450,24450,468
2026-03-31 13:22:00,24450,24500,24450,24450,586
2026-03-31 13:23:00,24450,24550,24450,24450,402
2026-03-31 13:24:00,24450,24450,24400,24400,143
2026-03-31 13:25:00,24400,24600,24400,24600,401
2026-03-31 13:26:00,24600,24600,24500,24500,61
2026-03-31 13:27:00,24500,24600,24500,24500,35
2026-03-31 13:28:00,24500,24500,24450,24450,205
2026-03-31 13:29:00,24450,24450,24400,24400,80
2026-03-31 13:30:00,24500,24600,24450,24600,1918
2026-03-31 13:31:00,24600,24600,24450,24450,465
2026-03-31 13:32:00,24500,24550,24450,24450,227
2026-03-31 13:33:00,24450,24600,24450,24550,561
2026-03-31 13:34:00,24500,24550,24500,24500,266
2026-03-31 13:35:00,24500,24600,24450,24500,888
2026-03-31 13:36:00,24450,24600,24450,24600,835
2026-03-31 13:37:00,24500,24550,24500,24500,83
2026-03-31 13:38:00,24550,24600,24500,24600,203
2026-03-31 13:39:00,24500,24600,24500,24500,249
2026-03-31 13:40:00,24500,24500,24450,24500,489
2026-03-31 13:41:00,24500,24500,24450,24450,347
2026-03-31 13:42:00,24450,24450,24450,24450,6
2026-03-31 13:43:00,24450,24550,24450,24500,301
2026-03-31 13:44:00,24500,24550,24500,24500,89
2026-03-31 13:45:00,24500,24650,24500,24650,726
2026-03-31 13:46:00,24650,24650,24500,24500,267
2026-03-31 13:47:00,24500,24600,24500,24500,38
2026-03-31 13:48:00,24500,24600,24500,24500,117
2026-03-31 13:49:00,24500,24650,24500,24500,98
2026-03-31 13:50:00,24650,24650,24450,24600,2743
2026-03-31 13:51:00,24600,24600,24500,24500,184
2026-03-31 13:52:00,24500,24650,24500,24500,137
2026-03-31 13:53:00,24500,24650,24500,24500,467
2026-03-31 13:54:00,24600,24600,24500,24500,235
2026-03-31 13:55:00,24500,24650,24500,24650,1160
2026-03-31 13:56:00,24550,24650,24450,24500,1356
2026-03-31 13:57:00,24500,24550,24400,24400,2797
2026-03-31 13:58:00,24400,24500,24400,24450,275
2026-03-31 13:59:00,24450,24550,24400,24400,1343
2026-03-31 14:00:00,24400,24650,24400,24650,728
2026-03-31 14:01:00,24650,24650,24450,24450,1594
2026-03-31 14:02:00,24550,24550,24450,24450,182
2026-03-31 14:03:00,24500,24550,24500,24550,83
2026-03-31 14:04:00,24550,24600,24500,24500,729
2026-03-31 14:05:00,24500,24550,24450,24500,1548
2026-03-31 14:06:00,24500,24550,24500,24500,349
2026-03-31 14:07:00,24500,24550,24500,24550,134
2026-03-31 14:08:00,24550,24600,24500,24500,276
2026-03-31 14:09:00,24550,24550,24500,24550,613
2026-03-31 14:10:00,24550,24600,24500,24500,942
2026-03-31 14:11:00,24600,24600,24500,24600,162
2026-03-31 14:12:00,24550,24550,24500,24500,752
2026-03-31 14:13:00,24450,24550,24400,24400,620
2026-03-31 14:14:00,24400,24500,24350,24350,1576
2026-03-31 14:15:00,24350,24500,24350,24500,2023
2026-03-31 14:16:00,24450,24450,24350,24350,288
2026-03-31 14:17:00,24350,24500,24300,24300,1117
2026-03-31 14:18:00,24300,24450,24300,24350,271
2026-03-31 14:19:00,24350,24350,24300,24300,285
2026-03-31 14:20:00,24300,24450,24300,24450,719
2026-03-31 14:21:00,24450,24450,24400,24400,2448
2026-03-31 14:22:00,24400,24450,24400,24400,379
2026-03-31 14:23:00,24450,24500,24400,24400,315
2026-03-31 14:24:00,24400,24400,24400,24400,104
2026-03-31 14:25:00,24400,24600,24350,24600,2018
2026-03-31 14:26:00,24450,24600,24450,24450,373
2026-03-31 14:27:00,24450,24550,24450,24550,21
2026-03-31 14:28:00,24500,24550,24350,24550,2448
2026-03-31 14:29:00,24400,24550,24350,24350,1388
2026-03-31 14:30:00,24350,24450,24350,24450,338
2026-03-31 14:31:00,24450,24500,24400,24450,337
2026-03-31 14:32:00,24450,24450,24400,24400,93
2026-03-31 14:33:00,24400,24500,24400,24500,10
2026-03-31 14:34:00,24450,24500,24450,24450,628
2026-03-31 14:35:00,24450,24500,24400,24500,294
2026-03-31 14:36:00,24450,24500,24400,24500,642
2026-03-31 14:37:00,24450,24450,24400,24400,46
2026-03-31 14:38:00,24450,24450,24400,24450,209
2026-03-31 14:39:00,24450,24550,24400,24450,520
2026-03-31 14:40:00,24400,24550,24400,24550,171
2026-03-31 14:41:00,24500,24550,24400,24550,410
2026-03-31 14:42:00,24500,24500,24450,24450,11
2026-03-31 14:43:00,24500,24550,24400,24500,222
2026-03-31 14:44:00,24400,24550,24400,24450,353
2026-03-31 14:45:00,24500,24600,24450,24550,828
2026-03-31 14:46:00,24550,24600,24450,24600,520
2026-03-31 14:47:00,24600,24600,24450,24450,802
2026-03-31 14:48:00,24450,24600,24450,24600,224
2026-03-31 14:49:00,24550,24600,24550,24550,1059
2026-03-31 14:50:00,24550,24650,24550,24650,1530
2026-03-31 14:51:00,24550,24750,24550,24600,2509
2026-03-31 14:52:00,24750,24750,24600,24600,629
2026-03-31 14:53:00,24600,24700,24600,24600,236
2026-03-31 14:54:00,24650,24650,24500,24500,1559
2026-03-31 14:55:00,24550,24650,24500,24650,805
2026-03-31 14:56:00,24650,24650,24500,24550,310
2026-03-31 14:57:00,24550,24550,24450,24500,936
2026-03-31 14:58:00,24500,24500,24450,24450,304
2026-03-31 14:59:00,24500,24600,24450,24500,653
2026-03-31 15:00:00,24500,24600,24500,24600,332
2026-03-31 15:01:00,24600,24650,24450,24450,690
2026-03-31 15:02:00,24400,24450,24300,24400,4125
2026-03-31 15:03:00,24300,24350,24250,24300,1476
2026-03-31 15:04:00,24300,24350,24250,24250,585
2026-03-31 15:05:00,24250,24350,24250,24350,930
2026-03-31 15:06:00,24250,24400,24250,24300,473
2026-03-31 15:07:00,24300,24350,24250,24250,1438
2026-03-31 15:08:00,24250,24350,24250,24300,866
2026-03-31 15:09:00,24250,24250,24200,24200,2402
2026-03-31 15:10:00,24200,24300,24200,24250,2135
2026-03-31 15:11:00,24200,24250,24200,24200,238
2026-03-31 15:12:00,24200,24250,24200,24250,679
2026-03-31 15:13:00,24200,24300,24200,24250,160
2026-03-31 15:14:00,24250,24250,24200,24200,1286
2026-03-31 15:15:00,24200,24250,24200,24200,972
2026-03-31 15:16:00,24200,24200,24150,24200,1735
2026-03-31 15:17:00,24200,24250,24150,24200,460
2026-03-31 15:18:00,24200,24300,24150,24200,1535
2026-03-31 15:19:00,24200,24250,24150,24200,1478
2026-03-31 15:30:00,24300,24300,24300,24300,5489
2026-03-31 15:35:00,24300,24300,24300,24300,114
2026-04-01 09:00:00,25550,25650,25300,25500,15243
2026-04-01 09:01:00,25500,25500,25100,25400,6093
2026-04-01 09:02:00,25300,25350,25150,25300,5206
2026-04-01 09:03:00,25200,25300,25200,25300,710
2026-04-01 09:04:00,25250,25350,25150,25350,3236
2026-04-01 09:05:00,25350,25350,25250,25250,2084
2026-04-01 09:06:00,25250,25350,25150,25350,2957
2026-04-01 09:07:00,25350,25350,25300,25350,938
2026-04-01 09:08:00,25350,25350,25300,25300,337
2026-04-01 09:09:00,25300,25500,25250,25450,4915
2026-04-01 09:10:00,25450,25500,25400,25450,1264
2026-04-01 09:11:00,25450,25550,25350,25500,10126
2026-04-01 09:12:00,25500,25600,25450,25600,3326
2026-04-01 09:13:00,25550,25600,25550,25600,441
2026-04-01 09:14:00,25600,25600,25500,25600,2124
2026-04-01 09:15:00,25600,25600,25500,25500,462
2026-04-01 09:16:00,25500,25500,25350,25450,3729
2026-04-01 09:17:00,25450,25500,25400,25500,547
2026-04-01 09:18:00,25450,25500,25300,25400,351
2026-04-01 09:19:00,25350,25650,25300,25600,7288
2026-04-01 09:20:00,25600,25650,25600,25600,317
2026-04-01 09:21:00,25600,25600,25550,25550,1319
2026-04-01 09:22:00,25600,25600,25550,25600,62
2026-04-01 09:23:00,25550,25600,25500,25500,765
2026-04-01 09:24:00,25500,25550,25500,25500,600
2026-04-01 09:25:00,25500,25550,25500,25500,108
2026-04-01 09:26:00,25500,25550,25500,25550,686
2026-04-01 09:27:00,25550,25700,25550,25700,4623
2026-04-01 09:28:00,25700,25750,25650,25700,3013
2026-04-01 09:29:00,25750,25850,25750,25850,2587
2026-04-01 09:30:00,25850,26000,25850,25950,4362
2026-04-01 09:31:00,25950,26000,25950,25950,985
2026-04-01 09:32:00,26000,26000,25850,25950,2140
2026-04-01 09:33:00,25900,25950,25850,25900,405
2026-04-01 09:34:00,25900,25900,25850,25850,499
2026-04-01 09:35:00,25800,25950,25800,25900,1319
2026-04-01 09:36:00,25900,26100,25900,26050,4304
2026-04-01 09:37:00,26050,26200,26050,26100,4548
2026-04-01 09:38:00,26100,26150,25950,25950,1253
2026-04-01 09:39:00,26100,26100,25950,26050,820
2026-04-01 09:40:00,26100,26100,26000,26100,1533
2026-04-01 09:41:00,26100,26100,26000,26000,638
2026-04-01 09:42:00,26050,26100,26000,26050,642
2026-04-01 09:43:00,26000,26150,26000,26000,633
2026-04-01 09:44:00,26000,26100,26000,26100,268
2026-04-01 09:45:00,26050,26150,26050,26150,883
2026-04-01 09:46:00,26100,26150,26050,26100,364
2026-04-01 09:47:00,26100,26150,26050,26050,739
2026-04-01 09:48:00,26000,26100,26000,26100,1174
2026-04-01 09:49:00,26100,26150,26100,26150,553
2026-04-01 09:50:00,26150,26150,26100,26150,261
2026-04-01 09:51:00,26150,26150,26050,26100,727
2026-04-01 09:52:00,26100,26100,26050,26100,694
2026-04-01 09:53:00,26050,26100,26050,26050,549
2026-04-01 09:54:00,26050,26150,26050,26050,547
2026-04-01 09:55:00,26100,26150,26100,26150,1584
2026-04-01 09:56:00,26150,26200,26150,26200,227
2026-04-01 09:57:00,26200,26200,26150,26150,1255
2026-04-01 09:58:00,26150,26150,26100,26150,424
2026-04-01 09:59:00,26150,26200,26100,26150,201
2026-04-01 10:00:00,26150,26200,26150,26150,201
2026-04-01 10:01:00,26200,26200,26150,26200,430
2026-04-01 10:02:00,26150,26150,26050,26100,1674
2026-04-01 10:03:00,26050,26050,26000,26050,440
2026-04-01 10:04:00,26000,26000,25900,25950,485
2026-04-01 10:05:00,25900,26100,25900,25950,675
2026-04-01 10:06:00,25900,26000,25900,25900,460
2026-04-01 10:07:00,25850,25900,25800,25900,487
2026-04-01 10:08:00,25900,26000,25850,25950,593
2026-04-01 10:09:00,25900,26000,25900,26000,323
2026-04-01 10:10:00,25950,26050,25950,26000,1844
2026-04-01 10:11:00,26000,26050,26000,26000,154
2026-04-01 10:12:00,26000,26000,25950,26000,845
2026-04-01 10:13:00,26000,26100,26000,26050,380
2026-04-01 10:14:00,26050,26050,25900,25900,535
2026-04-01 10:15:00,26050,26100,26000,26000,119
2026-04-01 10:16:00,26000,26100,26000,26050,113
2026-04-01 10:17:00,26050,26100,26000,26100,610
2026-04-01 10:18:00,26100,26100,26100,26100,102
2026-04-01 10:19:00,26100,26100,26100,26100,234
2026-04-01 10:20:00,26100,26100,25800,26100,629
2026-04-01 10:21:00,26100,26100,25900,25900,745
2026-04-01 10:22:00,26050,26050,25900,25900,67
2026-04-01 10:23:00,25900,26050,25900,26050,99
2026-04-01 10:24:00,25950,26050,25950,26050,49
2026-04-01 10:25:00,26000,26050,25950,26000,186
2026-04-01 10:26:00,26000,26000,25950,26000,350
2026-04-01 10:27:00,26000,26000,26000,26000,135
2026-04-01 10:28:00,26000,26000,25950,25950,500
2026-04-01 10:29:00,25950,26000,25950,26000,559
2026-04-01 10:30:00,25950,25950,25950,25950,135
2026-04-01 10:31:00,25950,26000,25950,25950,277
2026-04-01 10:32:00,26000,26050,26000,26050,280
2026-04-01 10:33:00,26050,26100,26050,26100,342
2026-04-01 10:34:00,26100,26150,26100,26100,2353
2026-04-01 10:35:00,26100,26150,26050,26050,297
2026-04-01 10:36:00,26100,26100,26000,26000,333
2026-04-01 10:37:00,26100,26100,26000,26100,412
2026-04-01 10:38:00,26100,26100,26000,26000,127
2026-04-01 10:39:00,26000,26050,26000,26050,205
2026-04-01 10:40:00,26050,26050,26000,26050,263
2026-04-01 10:41:00,26050,26050,26050,26050,359
2026-04-01 10:42:00,26050,26050,26000,26000,210
2026-04-01 10:43:00,26050,26050,26000,26050,97
2026-04-01 10:44:00,26050,26050,26050,26050,89
2026-04-01 10:45:00,26000,26050,26000,26000,281
2026-04-01 10:46:00,26000,26050,25950,26050,537
2026-04-01 10:47:00,26000,26050,26000,26000,63
2026-04-01 10:48:00,26050,26100,26000,26100,371
2026-04-01 10:49:00,26100,26100,26000,26100,421
2026-04-01 10:50:00,26100,26100,26050,26100,165
2026-04-01 10:51:00,26100,26100,26100,26100,68
2026-04-01 10:52:00,26100,26100,26000,26000,1023
2026-04-01 10:53:00,26050,26100,26050,26100,21
2026-04-01 10:54:00,26100,26100,26000,26050,362
2026-04-01 10:55:00,26000,26050,26000,26000,163
2026-04-01 10:56:00,26000,26000,26000,26000,31
2026-04-01 10:57:00,26000,26000,26000,26000,19
2026-04-01 10:58:00,26000,26050,25950,26000,576
2026-04-01 10:59:00,26000,26000,25950,25950,107
2026-04-01 11:00:00,26000,26000,25950,26000,25
2026-04-01 11:01:00,26000,26000,26000,26000,381
2026-04-01 11:02:00,25950,25950,25950,25950,16
2026-04-01 11:03:00,26000,26000,25950,26000,418
2026-04-01 11:04:00,26000,26050,25950,26050,1342
2026-04-01 11:05:00,25950,26050,25950,26050,152
2026-04-01 11:06:00,26000,26050,26000,26050,294
2026-04-01 11:07:00,26050,26100,26050,26100,101
2026-04-01 11:08:00,26050,26100,26050,26050,574
2026-04-01 11:09:00,26100,26100,26100,26100,12
2026-04-01 11:10:00,26100,26100,26000,26100,1082
2026-04-01 11:11:00,26100,26100,26000,26000,102
2026-04-01 11:12:00,26000,26050,26000,26050,94
2026-04-01 11:13:00,26000,26000,26000,26000,36
2026-04-01 11:14:00,26000,26050,25950,26000,704
2026-04-01 11:15:00,26000,26000,25900,25900,195
2026-04-01 11:16:00,25900,25950,25900,25950,277
2026-04-01 11:17:00,25950,25950,25950,25950,168
2026-04-01 11:18:00,25950,26000,25900,26000,212
2026-04-01 11:19:00,26000,26000,25900,25900,2264
2026-04-01 11:20:00,25900,25900,25850,25850,126
2026-04-01 11:21:00,25850,25950,25850,25900,330
2026-04-01 11:22:00,25900,25950,25850,25950,168
2026-04-01 11:23:00,25950,25950,25900,25900,162
2026-04-01 11:24:00,25900,25950,25850,25950,1187
2026-04-01 11:25:00,25900,25950,25850,25900,418
2026-04-01 11:26:00,25850,25950,25850,25900,303
2026-04-01 11:27:00,25900,25950,25900,25900,70
2026-04-01 11:28:00,25900,25950,25900,25900,82
2026-04-01 11:29:00,25900,25950,25900,25950,251
2026-04-01 11:30:00,25950,25950,25950,25950,60
2026-04-01 11:31:00,25950,25950,25950,25950,681
2026-04-01 11:32:00,25950,26000,25900,26000,74
2026-04-01 11:33:00,25950,26000,25950,26000,91
2026-04-01 11:34:00,26000,26000,25950,26000,139
2026-04-01 11:35:00,26000,26000,25900,25900,282
2026-04-01 11:36:00,25950,26000,25950,26000,253
2026-04-01 11:37:00,25950,25950,25950,25950,121
2026-04-01 11:38:00,25950,25950,25950,25950,566
2026-04-01 11:39:00,26000,26000,26000,26000,94
2026-04-01 11:40:00,26000,26000,26000,26000,1
2026-04-01 11:41:00,26000,26000,26000,26000,251
2026-04-01 11:42:00,26000,26000,25950,26000,234
2026-04-01 11:43:00,26000,26000,25950,26000,435
2026-04-01 11:44:00,26000,26000,25950,26000,129
2026-04-01 11:45:00,25950,26000,25950,26000,73
2026-04-01 11:46:00,26000,26050,26000,26050,822
2026-04-01 11:47:00,26050,26050,26000,26000,271
2026-04-01 11:48:00,26000,26000,26000,26000,116
2026-04-01 11:49:00,26050,26050,26000,26000,41
2026-04-01 11:50:00,26000,26050,26000,26000,177
2026-04-01 11:51:00,26000,26050,26000,26000,61
2026-04-01 11:52:00,26050,26050,26000,26000,181
2026-04-01 11:53:00,26000,26000,26000,26000,313
2026-04-01 11:54:00,25950,26000,25950,26000,189
2026-04-01 11:55:00,26000,26000,26000,26000,222
2026-04-01 11:56:00,25950,25950,25950,25950,193
2026-04-01 11:57:00,26000,26000,25950,26000,206
2026-04-01 11:58:00,26000,26000,26000,26000,60
2026-04-01 11:59:00,26000,26000,25950,25950,202
2026-04-01 12:00:00,25950,26000,25950,25950,451
2026-04-01 12:01:00,26000,26000,25950,25950,93
2026-04-01 12:02:00,25950,26000,25950,26000,275
2026-04-01 12:03:00,26000,26000,26000,26000,46
2026-04-01 12:04:00,26000,26050,26000,26050,283
2026-04-01 12:05:00,26000,26000,25950,25950,380
2026-04-01 12:06:00,25950,25950,25900,25950,2031
2026-04-01 12:07:00,25950,25950,25950,25950,325
2026-04-01 12:08:00,25950,25950,25950,25950,21
2026-04-01 12:09:00,25950,25950,25900,25900,20
2026-04-01 12:10:00,25900,25950,25900,25950,82
2026-04-01 12:11:00,25950,25950,25900,25950,354
2026-04-01 12:12:00,25950,25950,25900,25950,67
2026-04-01 12:13:00,25950,25950,25950,25950,95
2026-04-01 12:14:00,25900,25900,25900,25900,21
2026-04-01 12:15:00,25950,25950,25950,25950,1207
2026-04-01 12:16:00,25950,26000,25950,25950,296
2026-04-01 12:17:00,25900,26000,25900,26000,18
2026-04-01 12:18:00,25950,26000,25900,25950,203
2026-04-01 12:19:00,25950,25975,25950,25950,558
2026-04-01 12:20:00,26000,26000,25950,26000,137
2026-04-01 12:21:00,26000,26000,25950,25950,53
2026-04-01 12:22:00,25950,26000,25950,26000,115
2026-04-01 12:23:00,26000,26000,26000,26000,635
2026-04-01 12:24:00,26000,26000,25950,25950,209
2026-04-01 12:25:00,25950,26000,25950,26000,484
2026-04-01 12:26:00,26000,26000,26000,26000,10
2026-04-01 12:27:00,26000,26000,26000,26000,93
2026-04-01 12:28:00,26000,26000,25950,26000,91
2026-04-01 12:29:00,26000,26000,26000,26000,97
2026-04-01 12:30:00,26000,26050,25950,26050,1264
2026-04-01 12:31:00,26050,26050,26050,26050,132
2026-04-01 12:32:00,26050,26050,26050,26050,314
2026-04-01 12:33:00,26050,26050,26050,26050,27
2026-04-01 12:34:00,26050,26050,26000,26000,330
2026-04-01 12:35:00,26000,26000,25950,25950,121
2026-04-01 12:36:00,25950,26000,25950,25950,429
2026-04-01 12:37:00,25950,26000,25950,26000,230
2026-04-01 12:38:00,26000,26000,26000,26000,236
2026-04-01 12:39:00,26000,26000,26000,26000,38
2026-04-01 12:40:00,26000,26050,26000,26050,256
2026-04-01 12:41:00,26000,26000,26000,26000,3
2026-04-01 12:42:00,26050,26100,26000,26000,218
2026-04-01 12:43:00,26000,26100,26000,26100,118
2026-04-01 12:44:00,26100,26100,26000,26000,368
2026-04-01 12:45:00,26000,26100,26000,26050,510
2026-04-01 12:46:00,26100,26100,26100,26100,1059
2026-04-01 12:47:00,26100,26100,26100,26100,178
2026-04-01 12:48:00,26100,26200,26050,26100,1077
2026-04-01 12:49:00,26150,26150,26150,26150,141
2026-04-01 12:50:00,26150,26200,26000,26200,1873
2026-04-01 12:51:00,26200,26200,26150,26200,22
2026-04-01 12:52:00,26200,26200,26050,26200,2091
2026-04-01 12:53:00,26200,26200,26150,26200,243
2026-04-01 12:54:00,26200,26200,26150,26200,433
2026-04-01 12:55:00,26150,26200,26050,26050,214
2026-04-01 12:56:00,26100,26100,26050,26050,244
2026-04-01 12:57:00,26050,26100,26050,26100,166
2026-04-01 12:58:00,26075,26100,26050,26050,518
2026-04-01 12:59:00,26050,26100,26050,26050,147
2026-04-01 13:00:00,26100,26100,26000,26050,787
2026-04-01 13:01:00,26050,26050,26000,26000,40
2026-04-01 13:02:00,26050,26050,26000,26000,46
2026-04-01 13:03:00,26000,26050,26000,26000,223
2026-04-01 13:04:00,26050,26100,26000,26100,744
2026-04-01 13:05:00,26000,26100,26000,26100,76
2026-04-01 13:06:00,26100,26100,26050,26050,116
2026-04-01 13:07:00,26050,26050,26050,26050,183
2026-04-01 13:08:00,26100,26100,26050,26050,282
2026-04-01 13:09:00,26050,26100,26050,26050,354
2026-04-01 13:10:00,26050,26050,26050,26050,61
2026-04-01 13:11:00,26100,26100,26100,26100,132
2026-04-01 13:12:00,26100,26100,26100,26100,99
2026-04-01 13:13:00,26100,26100,26050,26100,166
2026-04-01 13:14:00,26100,26100,26100,26100,653
2026-04-01 13:15:00,26100,26150,26100,26100,382
2026-04-01 13:16:00,26100,26100,26100,26100,240
2026-04-01 13:17:00,26100,26100,26100,26100,142
2026-04-01 13:18:00,26100,26100,26050,26100,108
2026-04-01 13:19:00,26100,26150,26050,26050,182
2026-04-01 13:20:00,26100,26100,26100,26100,220
2026-04-01 13:21:00,26100,26150,26050,26100,777
2026-04-01 13:22:00,26050,26100,26050,26100,623
2026-04-01 13:23:00,26100,26150,26100,26100,112
2026-04-01 13:24:00,26100,26100,26100,26100,1
2026-04-01 13:25:00,26100,26100,26100,26100,24
2026-04-01 13:26:00,26100,26150,26100,26150,1082
2026-04-01 13:27:00,26150,26150,26050,26050,12
2026-04-01 13:28:00,26050,26050,26050,26050,100
2026-04-01 13:29:00,26050,26100,26050,26100,579
2026-04-01 13:30:00,26100,26150,26100,26100,186
2026-04-01 13:31:00,26100,26150,26100,26150,432
2026-04-01 13:32:00,26150,26150,26100,26100,221
2026-04-01 13:33:00,26100,26150,26100,26150,88
2026-04-01 13:34:00,26100,26100,26100,26100,200
2026-04-01 13:35:00,26100,26150,26100,26150,211
2026-04-01 13:36:00,26100,26150,26100,26150,279
2026-04-01 13:37:00,26150,26150,26100,26100,327
2026-04-01 13:38:00,26100,26100,26100,26100,120
2026-04-01 13:39:00,26100,26100,26100,26100,269
2026-04-01 13:40:00,26150,26150,26150,26150,84
2026-04-01 13:41:00,26150,26150,26100,26100,246
2026-04-01 13:42:00,26100,26100,26100,26100,850
2026-04-01 13:43:00,26100,26100,26100,26100,1
2026-04-01 13:44:00,26100,26100,26050,26050,546
2026-04-01 13:45:00,26050,26100,26050,26100,616
2026-04-01 13:46:00,26100,26100,26000,26050,559
2026-04-01 13:47:00,26000,26050,26000,26050,3687
2026-04-01 13:48:00,26050,26050,26000,26000,293
2026-04-01 13:49:00,26000,26000,25950,26000,1093
2026-04-01 13:50:00,26000,26000,26000,26000,134
2026-04-01 13:51:00,26000,26050,26000,26000,120
2026-04-01 13:52:00,26100,26100,26050,26100,114
2026-04-01 13:53:00,26050,26100,26050,26100,329
2026-04-01 13:54:00,26100,26100,26100,26100,52
2026-04-01 13:55:00,26050,26050,26050,26050,202
2026-04-01 13:56:00,26100,26100,26000,26000,692
2026-04-01 13:57:00,26000,26050,26000,26050,378
2026-04-01 13:58:00,26000,26050,26000,26050,234
2026-04-01 13:59:00,26050,26050,26000,26050,83
2026-04-01 14:00:00,26050,26050,26050,26050,107
2026-04-01 14:01:00,26050,26050,26000,26050,408
2026-04-01 14:02:00,26050,26050,26050,26050,187
2026-04-01 14:03:00,26050,26050,26050,26050,66
2026-04-01 14:04:00,26050,26050,26050,26050,20
2026-04-01 14:05:00,26050,26100,26050,26050,511
2026-04-01 14:06:00,26100,26100,26050,26050,129
2026-04-01 14:07:00,26100,26100,26050,26100,468
2026-04-01 14:08:00,26100,26100,26050,26050,222
2026-04-01 14:09:00,26050,26050,26050,26050,32
2026-04-01 14:10:00,26100,26100,26050,26100,299
2026-04-01 14:11:00,26100,26100,26050,26050,406
2026-04-01 14:12:00,26100,26100,26050,26100,419
2026-04-01 14:13:00,26100,26200,26050,26200,5230
2026-04-01 14:14:00,26150,26300,26150,26300,5101
2026-04-01 14:15:00,26300,26300,26200,26300,1012
2026-04-01 14:16:00,26250,26250,26250,26250,215
2026-04-01 14:17:00,26250,26250,26200,26200,169
2026-04-01 14:18:00,26200,26250,26200,26200,894
2026-04-01 14:19:00,26200,26250,26200,26200,830
2026-04-01 14:20:00,26200,26200,26150,26150,574
2026-04-01 14:21:00,26200,26250,26200,26250,142
2026-04-01 14:22:00,26250,26250,26200,26250,64
2026-04-01 14:23:00,26250,26250,26250,26250,108
2026-04-01 14:24:00,26250,26250,26250,26250,252
2026-04-01 14:25:00,26200,26250,26200,26250,609
2026-04-01 14:26:00,26250,26250,26200,26200,475
2026-04-01 14:27:00,26200,26250,26200,26250,502
2026-04-01 14:28:00,26250,26250,26200,26200,293
2026-04-01 14:29:00,26250,26250,26200,26200,343
2026-04-01 14:30:00,26250,26250,26200,26200,428
2026-04-01 14:31:00,26200,26250,26200,26200,181
2026-04-01 14:32:00,26250,26250,26200,26200,292
2026-04-01 14:33:00,26200,26250,26200,26250,94
2026-04-01 14:34:00,26250,26250,26200,26250,476
2026-04-01 14:35:00,26250,26250,26225,26225,184
2026-04-01 14:36:00,26200,26250,26200,26200,2600
2026-04-01 14:37:00,26200,26200,26200,26200,433
2026-04-01 14:38:00,26250,26300,26150,26150,1391
2026-04-01 14:39:00,26200,26200,26200,26200,169
2026-04-01 14:40:00,26200,26250,26200,26250,162
2026-04-01 14:41:00,26250,26250,26250,26250,293
2026-04-01 14:42:00,26250,26300,26250,26300,1767
2026-04-01 14:43:00,26300,26300,26300,26300,273
2026-04-01 14:44:00,26200,26250,26200,26250,87
2026-04-01 14:45:00,26200,26250,26200,26250,300
2026-04-01 14:46:00,26250,26300,26250,26300,222
2026-04-01 14:47:00,26300,26350,26300,26350,2091
2026-04-01 14:48:00,26400,26400,26300,26400,516
2026-04-01 14:49:00,26350,26400,26300,26350,1383
2026-04-01 14:50:00,26350,26400,26300,26350,555
2026-04-01 14:51:00,26400,26400,26350,26350,1645
2026-04-01 14:52:00,26350,26400,26300,26350,1008
2026-04-01 14:53:00,26350,26400,26250,26250,1558
2026-04-01 14:54:00,26350,26350,26250,26350,729
2026-04-01 14:55:00,26300,26300,26150,26150,2014
2026-04-01 14:56:00,26150,26250,26050,26100,2703
2026-04-01 14:57:00,26100,26100,26050,26100,779
2026-04-01 14:58:00,26050,26100,26050,26100,206
2026-04-01 14:59:00,26100,26350,26050,26125,1553
2026-04-01 15:00:00,26150,26300,26050,26150,1383
2026-04-01 15:01:00,26100,26200,26100,26200,454
2026-04-01 15:02:00,26200,26250,26150,26150,1259
2026-04-01 15:03:00,26150,26150,26150,26150,742
2026-04-01 15:04:00,26200,26200,26050,26050,764
2026-04-01 15:05:00,26050,26100,26050,26050,226
2026-04-01 15:06:00,26050,26050,26000,26000,618
2026-04-01 15:07:00,26000,26050,26000,26000,232
2026-04-01 15:08:00,26050,26050,25950,26000,2405
2026-04-01 15:09:00,25950,26050,25950,26050,1044
2026-04-01 15:10:00,26000,26050,25950,26000,921
2026-04-01 15:11:00,25950,26000,25950,26000,640
2026-04-01 15:12:00,26000,26000,25950,26000,721
2026-04-01 15:13:00,26000,26050,26000,26050,327
2026-04-01 15:14:00,26050,26050,26000,26050,501
2026-04-01 15:15:00,26000,26050,25950,26000,750
2026-04-01 15:16:00,26000,26050,26000,26050,1334
2026-04-01 15:17:00,26050,26150,25950,26000,781
2026-04-01 15:18:00,25950,26050,25950,26000,4645
2026-04-01 15:19:00,26000,26000,25950,26000,233
2026-04-01 15:30:00,26000,26000,26000,26000,6287
2026-04-01 15:35:00,26000,26000,26000,26000,662
2026-04-02 09:00:00,27950,27950,27200,27450,49597
2026-04-02 09:01:00,27600,27600,27050,27150,23866
2026-04-02 09:02:00,27150,27400,26900,27050,31079
2026-04-02 09:03:00,27050,27100,26750,26800,11379
2026-04-02 09:04:00,26750,27000,26750,26900,6880
2026-04-02 09:05:00,26950,27000,26650,26650,10252
2026-04-02 09:06:00,26600,26750,26550,26650,5995
2026-04-02 09:07:00,26650,26650,26300,26300,13307
2026-04-02 09:08:00,26300,26600,26300,26500,2724
2026-04-02 09:09:00,26500,27100,26500,27100,7134
2026-04-02 09:10:00,27050,27150,26750,26900,7581
2026-04-02 09:11:00,26850,27000,26800,26950,3167
2026-04-02 09:12:00,26950,26950,26750,26800,10746
2026-04-02 09:13:00,26800,27150,26800,27100,9787
2026-04-02 09:14:00,27050,27050,26700,26850,10400
2026-04-02 09:15:00,26850,26950,26700,26800,4704
2026-04-02 09:16:00,26800,26800,26600,26650,5959
2026-04-02 09:17:00,26650,26700,26350,26450,6442
2026-04-02 09:18:00,26450,26600,26400,26550,1463
2026-04-02 09:19:00,26550,26600,26400,26450,3643
2026-04-02 09:20:00,26450,26600,26450,26500,1332
2026-04-02 09:21:00,26500,26500,26400,26450,2723
2026-04-02 09:22:00,26500,26500,26450,26500,1977
2026-04-02 09:23:00,26500,26600,26450,26500,4626
2026-04-02 09:24:00,26500,26500,26350,26400,5487
2026-04-02 09:25:00,26400,26400,26300,26350,3657
2026-04-02 09:26:00,26350,26350,26300,26350,1290
2026-04-02 09:27:00,26300,26350,26300,26300,2298
2026-04-02 09:28:00,26350,26350,26300,26350,1418
2026-04-02 09:29:00,26350,26450,26300,26450,5121
2026-04-02 09:30:00,26450,26450,26400,26450,1312
2026-04-02 09:31:00,26450,26450,26200,26200,2946
2026-04-02 09:32:00,26200,26250,26050,26050,5368
2026-04-02 09:33:00,26100,26150,26050,26150,2199
2026-04-02 09:34:00,26150,26200,26100,26150,4824
2026-04-02 09:35:00,26150,26150,26050,26100,1840
2026-04-02 09:36:00,26100,26100,26050,26100,2213
2026-04-02 09:37:00,26100,26200,26000,26100,11222
2026-04-02 09:38:00,26150,26200,26000,26050,2061
2026-04-02 09:39:00,26000,26050,26000,26050,1691
2026-04-02 09:40:00,26050,26050,26000,26050,2054
2026-04-02 09:41:00,26000,26100,26000,26100,1880
2026-04-02 09:42:00,26050,26350,26000,26250,7113
2026-04-02 09:43:00,26250,26250,26200,26250,743
2026-04-02 09:44:00,26250,26250,26100,26100,1192
2026-04-02 09:45:00,26100,26100,26000,26050,2672
2026-04-02 09:46:00,26000,26100,26000,26100,788
2026-04-02 09:47:00,26050,26200,26050,26200,2281
2026-04-02 09:48:00,26200,26225,26150,26200,1432
2026-04-02 09:49:00,26200,26250,26150,26200,626
2026-04-02 09:50:00,26200,26250,26200,26250,677
2026-04-02 09:51:00,26250,26250,26150,26200,982
2026-04-02 09:52:00,26200,26200,26100,26100,621
2026-04-02 09:53:00,26100,26150,26100,26100,359
2026-04-02 09:54:00,26100,26150,26100,26150,114
2026-04-02 09:55:00,26100,26150,26100,26150,624
2026-04-02 09:56:00,26150,26150,26100,26100,1621
2026-04-02 09:57:00,26150,26150,26100,26100,228
2026-04-02 09:58:00,26100,26300,26100,26250,2502
2026-04-02 09:59:00,26250,26250,26150,26200,1042
2026-04-02 10:00:00,26200,26300,26150,26250,1797
2026-04-02 10:01:00,26250,26300,26200,26250,513
2026-04-02 10:02:00,26250,26300,26250,26300,462
2026-04-02 10:03:00,26300,26300,26150,26200,2502
2026-04-02 10:04:00,26200,26250,26050,26100,2648
2026-04-02 10:05:00,26050,26100,25900,25950,6078
2026-04-02 10:06:00,25900,25950,25700,25750,6047
2026-04-02 10:07:00,25750,25800,25650,25700,4490
2026-04-02 10:08:00,25750,26050,25650,26000,2161
2026-04-02 10:09:00,26050,26100,26000,26050,2911
2026-04-02 10:10:00,26050,26250,26050,26250,3013
2026-04-02 10:11:00,26250,26300,26100,26150,1902
2026-04-02 10:12:00,26150,26150,26000,26000,1546
2026-04-02 10:13:00,26000,26000,25900,26000,1501
2026-04-02 10:14:00,26000,26100,26000,26050,573
2026-04-02 10:15:00,26050,26100,25950,26000,783
2026-04-02 10:16:00,26000,26000,25900,25950,207
2026-04-02 10:17:00,25925,25950,25800,25850,2002
2026-04-02 10:18:00,25750,25850,25550,25550,4561
2026-04-02 10:19:00,25550,25800,25400,25500,3559
2026-04-02 10:20:00,25500,25750,25450,25700,3159
2026-04-02 10:21:00,25700,25750,25600,25650,909
2026-04-02 10:22:00,25600,25650,25450,25500,1729
2026-04-02 10:23:00,25450,25500,25400,25400,3462
2026-04-02 10:24:00,25450,25500,25400,25450,2197
2026-04-02 10:25:00,25450,25450,25250,25400,1613
2026-04-02 10:26:00,25400,25400,25200,25200,547
2026-04-02 10:28:00,25200,25400,25150,25350,8800
2026-04-02 10:29:00,25400,25550,25200,25400,3089
2026-04-02 10:30:00,25400,25400,25100,25100,2586
2026-04-02 10:31:00,25150,25250,25000,25050,3954
2026-04-02 10:32:00,25050,25050,24850,24900,1931
2026-04-02 10:33:00,24900,25150,24900,24950,2364
2026-04-02 10:34:00,24950,25400,24900,25400,3823
2026-04-02 10:35:00,25400,25400,25050,25050,909
2026-04-02 10:36:00,25250,25450,25150,25400,2950
2026-04-02 10:37:00,25400,25450,25300,25350,766
2026-04-02 10:38:00,25350,25450,25200,25200,289
2026-04-02 10:39:00,25250,25250,25100,25100,408
2026-04-02 10:40:00,25150,25200,25050,25100,818
2026-04-02 10:41:00,25100,25400,25100,25100,526
2026-04-02 10:42:00,25100,25150,25100,25150,68
2026-04-02 10:43:00,25100,25150,25100,25100,952
2026-04-02 10:44:00,25050,25100,25000,25000,1126
2026-04-02 10:45:00,25050,25050,24900,24900,1327
2026-04-02 10:46:00,24950,24950,24850,24850,1611
2026-04-02 10:47:00,24850,24850,24700,24750,1870
2026-04-02 10:48:00,24750,25000,24700,25000,5114
2026-04-02 10:49:00,24900,24950,24900,24950,739
2026-04-02 10:50:00,24950,25150,24900,25000,1433
2026-04-02 10:51:00,25100,25200,24950,25050,2931
2026-04-02 10:52:00,25100,25100,25000,25100,792
2026-04-02 10:53:00,25100,25250,25050,25100,527
2026-04-02 10:54:00,25250,25250,24900,24900,3158
2026-04-02 10:55:00,25000,25000,24950,25000,690
2026-04-02 10:56:00,25000,25200,24950,25100,2090
2026-04-02 10:57:00,25000,25100,25000,25050,236
2026-04-02 10:58:00,25050,25100,25000,25050,466
2026-04-02 10:59:00,25000,25100,25000,25050,286
2026-04-02 11:00:00,25050,25050,24950,25000,514
2026-04-02 11:01:00,25050,25050,24850,24850,1335
2026-04-02 11:02:00,24850,24900,24850,24900,152
2026-04-02 11:03:00,24900,24900,24800,24900,884
2026-04-02 11:04:00,24900,24900,24750,24800,828
2026-04-02 11:05:00,24800,24800,24750,24800,450
2026-04-02 11:06:00,24800,24800,24700,24800,1355
2026-04-02 11:07:00,24800,24950,24750,24900,727
2026-04-02 11:08:00,24900,24900,24800,24800,789
2026-04-02 11:09:00,24800,24850,24700,24700,1699
2026-04-02 11:10:00,24800,24800,24700,24750,1222
2026-04-02 11:11:00,24750,24750,24700,24700,295
2026-04-02 11:12:00,24700,24700,24650,24650,432
2026-04-02 11:13:00,24650,24700,24650,24700,254
2026-04-02 11:14:00,24650,24700,24600,24600,1146
2026-04-02 11:15:00,24650,24750,24600,24750,1864
2026-04-02 11:16:00,24750,24800,24700,24700,662
2026-04-02 11:17:00,24750,24750,24700,24700,214
2026-04-02 11:18:00,24700,24750,24700,24750,160
2026-04-02 11:19:00,24750,24800,24700,24800,1340
2026-04-02 11:20:00,24800,24800,24750,24750,316
2026-04-02 11:21:00,24800,24800,24700,24750,680
2026-04-02 11:22:00,24700,24700,24650,24700,583
2026-04-02 11:23:00,24650,24700,24600,24600,1700
2026-04-02 11:24:00,24600,24650,24600,24650,44
2026-04-02 11:25:00,24650,24650,24550,24600,1161
2026-04-02 11:26:00,24600,24650,24550,24600,1872
2026-04-02 11:27:00,24600,24600,24500,24550,1565
2026-04-02 11:28:00,24550,24550,24500,24550,722
2026-04-02 11:29:00,24500,24550,24500,24500,444
2026-04-02 11:30:00,24500,24600,24500,24500,2246
2026-04-02 11:31:00,24550,24600,24500,24500,208
2026-04-02 11:32:00,24550,24550,24450,24500,1731
2026-04-02 11:33:00,24500,24600,24400,24600,2467
2026-04-02 11:34:00,24600,24600,24500,24550,1419
2026-04-02 11:35:00,24600,24750,24550,24750,10456
2026-04-02 11:36:00,24600,24750,24550,24600,734
2026-04-02 11:37:00,24600,24600,24500,24500,749
2026-04-02 11:38:00,24500,24600,24450,24450,434
2026-04-02 11:39:00,24450,24500,24450,24500,492
2026-04-02 11:40:00,24500,24550,24500,24550,153
2026-04-02 11:41:00,24550,24650,24450,24500,1030
2026-04-02 11:42:00,24500,24500,24500,24500,100
2026-04-02 11:43:00,24500,24600,24500,24600,518
2026-04-02 11:44:00,24600,24600,24500,24600,247
2026-04-02 11:45:00,24500,24550,24500,24550,1053
2026-04-02 11:46:00,24600,24700,24550,24600,486
2026-04-02 11:47:00,24600,24600,24550,24550,101
2026-04-02 11:48:00,24500,24600,24500,24600,169
2026-04-02 11:49:00,24600,24600,24550,24550,239
2026-04-02 11:50:00,24600,24600,24550,24550,215
2026-04-02 11:51:00,24600,24600,24550,24550,155
2026-04-02 11:52:00,24550,24600,24550,24600,34
2026-04-02 11:53:00,24600,24850,24600,24700,2648
2026-04-02 11:54:00,24750,24800,24700,24800,228
2026-04-02 11:55:00,24800,24800,24700,24750,354
2026-04-02 11:56:00,24750,24800,24700,24750,818
2026-04-02 11:57:00,24750,24750,24700,24750,181
2026-04-02 11:58:00,24750,24800,24750,24750,262
2026-04-02 11:59:00,24750,24750,24700,24700,759
2026-04-02 12:00:00,24700,24700,24600,24650,591
2026-04-02 12:01:00,24650,24700,24600,24600,468
2026-04-02 12:02:00,24600,24650,24600,24600,1058
2026-04-02 12:03:00,24600,24600,24550,24550,319
2026-04-02 12:04:00,24550,24550,24500,24550,304
2026-04-02 12:05:00,24550,24550,24500,24550,688
2026-04-02 12:06:00,24600,24650,24600,24650,406
2026-04-02 12:07:00,24700,24700,24650,24650,242
2026-04-02 12:08:00,24600,24650,24600,24650,67
2026-04-02 12:09:00,24650,24650,24500,24650,438
2026-04-02 12:10:00,24650,24650,24600,24600,130
2026-04-02 12:11:00,24600,24700,24600,24650,183
2026-04-02 12:12:00,24650,24650,24650,24650,5
2026-04-02 12:13:00,24700,24700,24550,24600,186
2026-04-02 12:14:00,24600,24600,24550,24550,459
2026-04-02 12:15:00,24550,24600,24550,24550,339
2026-04-02 12:16:00,24700,24700,24700,24700,392
2026-04-02 12:17:00,24650,24700,24600,24650,326
2026-04-02 12:18:00,24600,24650,24550,24600,110
2026-04-02 12:19:00,24600,24600,24550,24550,42
2026-04-02 12:20:00,24600,24600,24450,24450,3844
2026-04-02 12:21:00,24500,24550,24500,24500,116
2026-04-02 12:22:00,24500,24600,24400,24500,2707
2026-04-02 12:23:00,24500,24600,24450,24600,307
2026-04-02 12:24:00,24600,24600,24500,24600,59
2026-04-02 12:25:00,24600,24600,24550,24550,138
2026-04-02 12:26:00,24600,24650,24550,24550,187
2026-04-02 12:27:00,24550,24550,24550,24550,18
2026-04-02 12:28:00,24550,24650,24500,24500,845
2026-04-02 12:29:00,24500,24500,24500,24500,86
2026-04-02 12:30:00,24500,24500,24500,24500,65
2026-04-02 12:31:00,24550,24550,24550,24550,120
2026-04-02 12:32:00,24550,24550,24500,24500,118
2026-04-02 12:33:00,24500,24500,24500,24500,105
2026-04-02 12:34:00,24450,24500,24400,24400,1150
2026-04-02 12:35:00,24400,24400,24350,24350,1394
2026-04-02 12:36:00,24400,24400,24350,24400,336
2026-04-02 12:37:00,24350,24400,24300,24350,966
2026-04-02 12:38:00,24350,24350,24300,24300,553
2026-04-02 12:39:00,24350,24350,24300,24300,161
2026-04-02 12:40:00,24300,24350,24300,24300,262
2026-04-02 12:41:00,24300,24350,24250,24250,1480
2026-04-02 12:42:00,24250,24300,24250,24250,344
2026-04-02 12:43:00,24250,24450,24250,24450,7346
2026-04-02 12:44:00,24350,24450,24250,24350,156
2026-04-02 12:45:00,24300,24350,24250,24250,588
2026-04-02 12:46:00,24300,24400,24300,24400,2276
2026-04-02 12:47:00,24450,24450,24300,24300,441
2026-04-02 12:48:00,24300,24350,24250,24300,2356
2026-04-02 12:49:00,24300,24300,24250,24250,292
2026-04-02 12:50:00,24300,24300,24250,24300,85
2026-04-02 12:51:00,24250,24350,24250,24300,222
2026-04-02 12:52:00,24300,24300,24250,24300,590
2026-04-02 12:53:00,24300,24300,24250,24250,123
2026-04-02 12:54:00,24300,24300,24250,24250,613
2026-04-02 12:55:00,24250,24300,24250,24300,502
2026-04-02 12:56:00,24250,24300,24250,24250,367
2026-04-02 12:57:00,24250,24300,24200,24250,1249
2026-04-02 12:58:00,24250,24250,24200,24200,100
2026-04-02 12:59:00,24200,24250,24200,24200,527
2026-04-02 13:00:00,24200,24250,24200,24200,6562
2026-04-02 13:01:00,24250,24350,24200,24200,2149
2026-04-02 13:02:00,24200,24300,24200,24200,260
2026-04-02 13:03:00,24200,24200,24150,24200,1713
2026-04-02 13:04:00,24200,24200,24150,24200,263
2026-04-02 13:05:00,24225,24250,24150,24200,207
2026-04-02 13:06:00,24200,24250,24150,24150,915
2026-04-02 13:07:00,24150,24250,24150,24250,640
2026-04-02 13:08:00,24250,24250,24200,24250,220
2026-04-02 13:09:00,24250,24300,24250,24300,20
2026-04-02 13:10:00,24250,24300,24200,24300,116
2026-04-02 13:11:00,24300,24350,24250,24300,411
2026-04-02 13:12:00,24300,24300,24300,24300,106
2026-04-02 13:13:00,24300,24350,24250,24300,292
2026-04-02 13:14:00,24300,24350,24300,24350,53
2026-04-02 13:15:00,24350,24400,24300,24400,772
2026-04-02 13:16:00,24350,24450,24350,24350,553
2026-04-02 13:17:00,24450,24450,24300,24350,778
2026-04-02 13:18:00,24350,24350,24300,24350,72
2026-04-02 13:19:00,24350,24350,24300,24300,184
2026-04-02 13:20:00,24350,24350,24300,24300,238
2026-04-02 13:21:00,24300,24350,24250,24300,1792
2026-04-02 13:22:00,24300,24300,24300,24300,132
2026-04-02 13:23:00,24300,24300,24250,24300,71
2026-04-02 13:24:00,24300,24300,24250,24300,931
2026-04-02 13:25:00,24300,24300,24300,24300,88
2026-04-02 13:26:00,24300,24300,24250,24300,288
2026-04-02 13:27:00,24300,24300,24250,24300,56
2026-04-02 13:28:00,24300,24300,24250,24300,175
2026-04-02 13:29:00,24300,24300,24300,24300,90
2026-04-02 13:30:00,24300,24300,24300,24300,67
2026-04-02 13:31:00,24300,24300,24250,24300,182
2026-04-02 13:32:00,24300,24300,24250,24250,23
2026-04-02 13:33:00,24300,24300,24250,24250,194
2026-04-02 13:34:00,24250,24300,24250,24300,542
2026-04-02 13:35:00,24300,24400,24250,24350,535
2026-04-02 13:36:00,24350,24350,24250,24300,859
2026-04-02 13:37:00,24300,24300,24300,24300,529
2026-04-02 13:38:00,24300,24300,24300,24300,173
2026-04-02 13:39:00,24300,24350,24300,24300,139
2026-04-02 13:40:00,24300,24350,24250,24300,272
2026-04-02 13:41:00,24300,24350,24300,24300,178
2026-04-02 13:42:00,24300,24300,24250,24300,62
2026-04-02 13:43:00,24300,24300,24250,24250,353
2026-04-02 13:44:00,24250,24250,24250,24250,118
2026-04-02 13:45:00,24250,24250,24250,24250,18
2026-04-02 13:46:00,24250,24300,24250,24300,264
2026-04-02 13:47:00,24300,24300,24250,24250,138
2026-04-02 13:48:00,24250,24250,24250,24250,73
2026-04-02 13:49:00,24250,24250,24200,24250,1116
2026-04-02 13:50:00,24250,24250,24250,24250,120
2026-04-02 13:51:00,24300,24300,24250,24300,140
2026-04-02 13:52:00,24250,24250,24250,24250,23
2026-04-02 13:53:00,24250,24250,24200,24250,627
2026-04-02 13:54:00,24250,24250,24250,24250,40
2026-04-02 13:55:00,24250,24250,24200,24250,67
2026-04-02 13:56:00,24250,24300,24200,24250,182
2026-04-02 13:57:00,24250,24250,24250,24250,45
2026-04-02 13:58:00,24300,24300,24250,24250,433
2026-04-02 13:59:00,24300,24300,24250,24250,96
2026-04-02 14:00:00,24250,24250,24250,24250,23
2026-04-02 14:01:00,24250,24300,24250,24250,305
2026-04-02 14:02:00,24300,24300,24250,24250,1408
2026-04-02 14:03:00,24250,24300,24250,24250,735
2026-04-02 14:04:00,24250,24250,24250,24250,25
2026-04-02 14:05:00,24250,24300,24250,24250,720
2026-04-02 14:06:00,24250,24300,24250,24250,335
2026-04-02 14:07:00,24300,24300,24250,24250,354
2026-04-02 14:08:00,24250,24300,24250,24250,1472
2026-04-02 14:09:00,24200,24250,24200,24250,424
2026-04-02 14:10:00,24300,24300,24250,24250,365
2026-04-02 14:11:00,24300,24300,24250,24250,210
2026-04-02 14:12:00,24250,24250,24250,24250,23
2026-04-02 14:13:00,24275,24300,24250,24300,58
2026-04-02 14:14:00,24250,24250,24250,24250,682
2026-04-02 14:15:00,24250,24250,24200,24250,404
2026-04-02 14:16:00,24250,24250,24200,24250,202
2026-04-02 14:17:00,24250,24250,24200,24200,1624
2026-04-02 14:18:00,24200,24200,24200,24200,475
2026-04-02 14:19:00,24200,24250,24200,24200,111
2026-04-02 14:20:00,24250,24250,24200,24200,80
2026-04-02 14:21:00,24200,24250,24200,24250,3207
2026-04-02 14:22:00,24250,24250,24150,24200,744
2026-04-02 14:23:00,24200,24200,24200,24200,372
2026-04-02 14:24:00,24250,24250,24200,24250,318
2026-04-02 14:25:00,24200,24250,24200,24250,229
2026-04-02 14:26:00,24250,24300,24200,24300,1083
2026-04-02 14:27:00,24300,24300,24250,24250,282
2026-04-02 14:28:00,24250,24300,24250,24250,337
2026-04-02 14:29:00,24250,24300,24250,24300,265
2026-04-02 14:30:00,24300,24300,24300,24300,2049
2026-04-02 14:31:00,24350,24350,24300,24300,250
2026-04-02 14:32:00,24300,24350,24300,24300,519
2026-04-02 14:33:00,24300,24350,24300,24300,135
2026-04-02 14:34:00,24350,24450,24300,24450,2736
2026-04-02 14:35:00,24400,24500,24400,24500,274
2026-04-02 14:36:00,24500,24500,24450,24500,423
2026-04-02 14:37:00,24450,24500,24450,24500,255
2026-04-02 14:38:00,24500,24500,24450,24450,752
2026-04-02 14:39:00,24450,24500,24350,24350,1364
2026-04-02 14:40:00,24350,24450,24300,24400,1806
2026-04-02 14:41:00,24400,24500,24300,24400,996
2026-04-02 14:42:00,24400,24400,24400,24400,660
2026-04-02 14:43:00,24400,24400,24350,24350,859
2026-04-02 14:44:00,24350,24400,24300,24350,386
2026-04-02 14:45:00,24350,24400,24250,24250,2889
2026-04-02 14:46:00,24250,24300,24250,24250,1108
2026-04-02 14:47:00,24250,24250,24200,24250,318
2026-04-02 14:48:00,24200,24200,24200,24200,33
2026-04-02 14:49:00,24250,24250,24200,24200,106
2026-04-02 14:50:00,24200,24250,24200,24200,984
2026-04-02 14:51:00,24200,24250,24200,24200,410
2026-04-02 14:52:00,24250,24250,24200,24200,486
2026-04-02 14:53:00,24150,24200,24150,24150,2304
2026-04-02 14:54:00,24150,24200,24100,24100,3580
2026-04-02 14:55:00,24100,24150,24050,24100,2271
2026-04-02 14:56:00,24100,24100,24050,24050,1168
2026-04-02 14:57:00,24050,24100,24050,24100,563
2026-04-02 14:58:00,24100,24100,24050,24100,2292
2026-04-02 14:59:00,24100,24100,24050,24050,922
2026-04-02 15:00:00,24050,24100,24000,24000,7111
2026-04-02 15:01:00,24050,24050,23900,23950,8162
2026-04-02 15:02:00,23950,23950,23850,23900,1513
2026-04-02 15:03:00,23850,23850,23700,23700,4305
2026-04-02 15:04:00,23800,24100,23650,23950,7273
2026-04-02 15:05:00,23950,23950,23550,23900,4098
2026-04-02 15:06:00,23900,24000,23900,23950,1033
2026-04-02 15:07:00,23950,24000,23900,23900,2249
2026-04-02 15:08:00,23950,24100,23900,24100,1202
2026-04-02 15:09:00,24050,24050,23900,23900,1017
2026-04-02 15:10:00,23950,24000,23900,23900,530
2026-04-02 15:11:00,23950,23950,23850,23850,1243
2026-04-02 15:12:00,23900,23950,23900,23950,937
2026-04-02 15:13:00,23900,24000,23900,24000,1390
2026-04-02 15:14:00,24050,24050,23900,23950,716
2026-04-02 15:15:00,24000,24050,24000,24050,434
2026-04-02 15:16:00,24050,24200,24000,24150,2851
2026-04-02 15:17:00,24150,24200,24150,24150,526
2026-04-02 15:18:00,24150,24200,24150,24200,893
2026-04-02 15:19:00,24200,24250,24150,24200,1220
2026-04-02 15:30:00,24250,24250,24250,24250,5271
2026-04-02 15:35:00,24250,24250,24250,24250,750
2026-04-03 09:00:00,24800,24950,24800,24800,8370
2026-04-03 09:01:00,24800,25150,24800,25050,3936
2026-04-03 09:02:00,25000,25000,24900,24900,2318
2026-04-03 09:03:00,24900,24925,24800,24800,1790
2026-04-03 09:04:00,24850,24950,24750,24900,1465
2026-04-03 09:05:00,24900,24900,24750,24800,1508
2026-04-03 09:06:00,24800,24850,24650,24700,502
2026-04-03 09:07:00,24750,24900,24750,24850,3002
2026-04-03 09:08:00,24850,24900,24850,24850,725
2026-04-03 09:09:00,24850,24850,24700,24700,368
2026-04-03 09:10:00,24650,24700,24600,24600,1624
2026-04-03 09:11:00,24600,24600,24500,24550,4032
2026-04-03 09:12:00,24500,24550,24400,24550,3044
2026-04-03 09:13:00,24450,24700,24350,24550,2294
2026-04-03 09:14:00,24600,24700,24550,24600,503
2026-04-03 09:15:00,24600,24700,24550,24550,290
2026-04-03 09:16:00,24600,24600,24550,24600,189
2026-04-03 09:17:00,24600,24600,24550,24550,158
2026-04-03 09:18:00,24550,24550,24450,24450,1812
2026-04-03 09:19:00,24500,24500,24450,24450,533
2026-04-03 09:20:00,24450,24450,24350,24350,1592
2026-04-03 09:21:00,24350,24400,24300,24300,6132
2026-04-03 09:22:00,24300,24300,24250,24300,1631
2026-04-03 09:23:00,24350,24350,24250,24350,1235
2026-04-03 09:24:00,24350,24350,24300,24350,239
2026-04-03 09:25:00,24300,24600,24300,24550,2094
2026-04-03 09:26:00,24600,24600,24500,24550,185
2026-04-03 09:27:00,24550,24550,24550,24550,395
2026-04-03 09:28:00,24550,24600,24550,24600,1207
2026-04-03 09:29:00,24600,24625,24600,24600,664
2026-04-03 09:30:00,24600,24600,24550,24550,278
2026-04-03 09:31:00,24550,24550,24500,24550,90
2026-04-03 09:32:00,24500,24600,24500,24600,1240
2026-04-03 09:33:00,24600,24600,24600,24600,59
2026-04-03 09:34:00,24550,24600,24500,24500,137
2026-04-03 09:35:00,24500,24500,24450,24500,670
2026-04-03 09:36:00,24450,24500,24400,24450,545
2026-04-03 09:37:00,24400,24400,24300,24300,1318
2026-04-03 09:38:00,24300,24400,24250,24400,915
2026-04-03 09:39:00,24450,24550,24350,24400,1737
2026-04-03 09:40:00,24400,24400,24400,24400,57
2026-04-03 09:41:00,24400,24500,24400,24400,108
2026-04-03 09:42:00,24400,24500,24400,24450,301
2026-04-03 09:43:00,24450,24500,24450,24500,174
2026-04-03 09:44:00,24500,24500,24450,24450,221
2026-04-03 09:45:00,24450,24450,24450,24450,315
2026-04-03 09:46:00,24450,24500,24300,24500,467
2026-04-03 09:47:00,24500,24550,24500,24550,802
2026-04-03 09:48:00,24550,24550,24500,24500,1049
2026-04-03 09:49:00,24500,24500,24500,24500,55
2026-04-03 09:50:00,24500,24600,24500,24550,1337
2026-04-03 09:51:00,24550,24550,24550,24550,58
2026-04-03 09:52:00,24550,24550,24500,24500,500
2026-04-03 09:53:00,24450,24500,24450,24500,40
2026-04-03 09:54:00,24450,24450,24450,24450,32
2026-04-03 09:55:00,24450,24500,24400,24500,596
2026-04-03 09:56:00,24500,24600,24500,24600,1567
2026-04-03 09:57:00,24600,24750,24600,24750,566
2026-04-03 09:58:00,24750,24750,24650,24700,394
2026-04-03 09:59:00,24700,24700,24650,24700,221
2026-04-03 10:00:00,24650,24700,24650,24700,234
2026-04-03 10:01:00,24700,24700,24550,24550,154
2026-04-03 10:02:00,24550,24650,24550,24650,143
2026-04-03 10:03:00,24650,24650,24600,24600,23
2026-04-03 10:04:00,24600,24600,24550,24550,124
2026-04-03 10:05:00,24500,24550,24500,24550,256
2026-04-03 10:06:00,24500,24550,24500,24500,593
2026-04-03 10:07:00,24550,24600,24500,24600,1233
2026-04-03 10:08:00,24600,24600,24600,24600,27
2026-04-03 10:09:00,24550,24550,24500,24500,171
2026-04-03 10:10:00,24500,24600,24500,24550,443
2026-04-03 10:11:00,24600,24600,24550,24550,193
2026-04-03 10:12:00,24550,24600,24550,24550,1803
2026-04-03 10:13:00,24550,24600,24500,24500,1841
2026-04-03 10:14:00,24550,24550,24500,24500,384
2026-04-03 10:15:00,24450,24600,24450,24600,3683
2026-04-03 10:16:00,24600,24600,24500,24600,114
2026-04-03 10:17:00,24600,24600,24500,24550,298
2026-04-03 10:18:00,24550,24600,24550,24600,73
2026-04-03 10:19:00,24600,24600,24550,24600,219
2026-04-03 10:20:00,24550,24600,24550,24550,47
2026-04-03 10:21:00,24550,24650,24550,24650,433
2026-04-03 10:22:00,24650,24850,24650,24850,1815
2026-04-03 10:23:00,24850,24850,24800,24850,113
2026-04-03 10:24:00,24850,24850,24750,24750,2324
2026-04-03 10:25:00,24700,24750,24700,24750,768
2026-04-03 10:26:00,24750,24800,24750,24800,150
2026-04-03 10:27:00,24800,24800,24750,24750,497
2026-04-03 10:28:00,24750,24750,24700,24700,82
2026-04-03 10:29:00,24700,24700,24600,24650,198
2026-04-03 10:30:00,24650,24700,24650,24650,16
2026-04-03 10:31:00,24650,24700,24650,24650,196
2026-04-03 10:32:00,24600,24700,24600,24650,142
2026-04-03 10:33:00,24700,24700,24600,24700,543
2026-04-03 10:34:00,24550,24600,24550,24550,245
2026-04-03 10:35:00,24500,24600,24500,24600,259
2026-04-03 10:36:00,24550,24550,24450,24550,340
2026-04-03 10:37:00,24500,24500,24450,24500,1261
2026-04-03 10:38:00,24500,24500,24500,24500,210
2026-04-03 10:39:00,24500,24600,24450,24500,2064
2026-04-03 10:40:00,24450,24450,24450,24450,717
2026-04-03 10:41:00,24450,24500,24400,24400,913
2026-04-03 10:42:00,24500,24500,24400,24500,108
2026-04-03 10:43:00,24500,24500,24450,24450,96
2026-04-03 10:44:00,24500,24500,24500,24500,43
2026-04-03 10:45:00,24450,24500,24450,24450,680
2026-04-03 10:46:00,24450,24450,24400,24400,13
2026-04-03 10:47:00,24450,24500,24450,24500,239
2026-04-03 10:48:00,24450,24500,24400,24500,172
2026-04-03 10:49:00,24450,24500,24450,24500,103
2026-04-03 10:50:00,24500,24500,24450,24450,229
2026-04-03 10:51:00,24450,24500,24450,24450,77
2026-04-03 10:52:00,24450,24500,24450,24450,233
2026-04-03 10:53:00,24450,24450,24400,24400,161
2026-04-03 10:54:00,24450,24450,24450,24450,201
2026-04-03 10:55:00,24400,24450,24400,24400,358
2026-04-03 10:56:00,24400,24450,24400,24450,195
2026-04-03 10:57:00,24450,24450,24350,24400,2771
2026-04-03 10:58:00,24400,24400,24300,24350,36
2026-04-03 10:59:00,24350,24350,24300,24300,105
2026-04-03 11:00:00,24300,24350,24300,24300,1842
2026-04-03 11:01:00,24300,24300,24150,24200,3117
2026-04-03 11:02:00,24200,24200,24150,24150,732
2026-04-03 11:03:00,24150,24200,24150,24200,466
2026-04-03 11:04:00,24250,24250,24200,24250,525
2026-04-03 11:05:00,24200,24250,24100,24250,509
2026-04-03 11:06:00,24250,24250,24150,24200,172
2026-04-03 11:07:00,24150,24250,24100,24100,1019
2026-04-03 11:08:00,24150,24250,24100,24250,245
2026-04-03 11:09:00,24250,24250,24100,24150,131
2026-04-03 11:10:00,24150,24200,24150,24150,211
2026-04-03 11:11:00,24150,24200,24150,24150,401
2026-04-03 11:12:00,24200,24250,24200,24200,1137
2026-04-03 11:13:00,24200,24200,24150,24200,234
2026-04-03 11:14:00,24250,24250,24250,24250,357
2026-04-03 11:15:00,24200,24250,24200,24250,69
2026-04-03 11:16:00,24250,24300,24250,24250,161
2026-04-03 11:17:00,24300,24300,24300,24300,795
2026-04-03 11:18:00,24350,24350,24350,24350,482
2026-04-03 11:19:00,24350,24400,24350,24400,119
2026-04-03 11:20:00,24350,24400,24350,24400,247
2026-04-03 11:21:00,24400,24400,24400,24400,294
2026-04-03 11:22:00,24400,24450,24400,24400,835
2026-04-03 11:23:00,24400,24400,24400,24400,122
2026-04-03 11:24:00,24400,24400,24400,24400,33
2026-04-03 11:25:00,24350,24400,24350,24400,122
2026-04-03 11:26:00,24400,24400,24400,24400,116
2026-04-03 11:27:00,24350,24400,24300,24300,880
2026-04-03 11:28:00,24350,24350,24300,24300,66
2026-04-03 11:29:00,24300,24350,24300,24350,152
2026-04-03 11:30:00,24350,24350,24300,24300,261
2026-04-03 11:31:00,24300,24300,24300,24300,266
2026-04-03 11:32:00,24300,24350,24300,24300,854
2026-04-03 11:33:00,24250,24300,24250,24300,523
2026-04-03 11:34:00,24250,24300,24250,24250,54
2026-04-03 11:35:00,24200,24250,24200,24200,695
2026-04-03 11:36:00,24200,24200,24150,24200,970
2026-04-03 11:37:00,24200,24200,24100,24100,519
2026-04-03 11:38:00,24150,24250,24150,24200,416
2026-04-03 11:39:00,24250,24250,24200,24250,476
2026-04-03 11:40:00,24200,24300,24200,24300,182
2026-04-03 11:41:00,24250,24300,24250,24300,5
2026-04-03 11:42:00,24300,24300,24200,24200,37
2026-04-03 11:43:00,24200,24250,24200,24250,30
2026-04-03 11:44:00,24250,24300,24200,24200,124
2026-04-03 11:45:00,24200,24300,24200,24300,139
2026-04-03 11:46:00,24300,24300,24200,24200,222
2026-04-03 11:47:00,24200,24250,24200,24200,352
2026-04-03 11:48:00,24200,24250,24200,24200,62
2026-04-03 11:49:00,24200,24250,24200,24250,191
2026-04-03 11:50:00,24300,24300,24150,24150,767
2026-04-03 11:51:00,24150,24150,24150,24150,22
2026-04-03 11:52:00,24250,24300,24250,24300,637
2026-04-03 11:53:00,24300,24400,24300,24400,347
2026-04-03 11:54:00,24350,24400,24350,24350,139
2026-04-03 11:55:00,24350,24450,24350,24450,269
2026-04-03 11:56:00,24450,24450,24400,24450,448
2026-04-03 11:57:00,24400,24400,24350,24350,85
2026-04-03 11:58:00,24400,24400,24350,24400,78
2026-04-03 11:59:00,24400,24400,24400,24400,104
2026-04-03 12:00:00,24350,24400,24350,24400,15
2026-04-03 12:01:00,24400,24400,24400,24400,44
2026-04-03 12:02:00,24400,24400,24350,24400,44
2026-04-03 12:03:00,24400,24400,24400,24400,23
2026-04-03 12:04:00,24400,24400,24350,24350,35
2026-04-03 12:05:00,24350,24400,24350,24400,104
2026-04-03 12:06:00,24400,24400,24300,24300,351
2026-04-03 12:07:00,24300,24300,24300,24300,35
2026-04-03 12:08:00,24300,24300,24300,24300,110
2026-04-03 12:09:00,24300,24350,24200,24250,198
2026-04-03 12:10:00,24250,24250,24250,24250,36
2026-04-03 12:11:00,24250,24250,24250,24250,149
2026-04-03 12:12:00,24250,24250,24250,24250,44
2026-04-03 12:13:00,24300,24300,24250,24300,310
2026-04-03 12:14:00,24300,24400,24300,24300,159
2026-04-03 12:15:00,24300,24350,24300,24300,53
2026-04-03 12:16:00,24300,24350,24300,24350,98
2026-04-03 12:17:00,24350,24350,24350,24350,50
2026-04-03 12:18:00,24350,24400,24350,24400,100
2026-04-03 12:19:00,24400,24400,24400,24400,2
2026-04-03 12:20:00,24300,24400,24200,24250,428
2026-04-03 12:21:00,24250,24250,24250,24250,230
2026-04-03 12:22:00,24250,24350,24250,24350,56
2026-04-03 12:23:00,24350,24350,24350,24350,4
2026-04-03 12:24:00,24350,24350,24350,24350,46
2026-04-03 12:25:00,24350,24350,24300,24300,13
2026-04-03 12:26:00,24300,24350,24300,24350,117
2026-04-03 12:27:00,24400,24400,24400,24400,321
2026-04-03 12:28:00,24400,24400,24350,24350,300
2026-04-03 12:29:00,24350,24450,24350,24400,184
2026-04-03 12:30:00,24400,24450,24400,24400,48
2026-04-03 12:31:00,24400,24450,24400,24450,19
2026-04-03 12:32:00,24450,24500,24450,24500,272
2026-04-03 12:33:00,24500,24500,24400,24400,172
2026-04-03 12:34:00,24400,24450,24400,24450,52
2026-04-03 12:35:00,24450,24500,24450,24500,129
2026-04-03 12:36:00,24450,24450,24450,24450,24
2026-04-03 12:37:00,24450,24500,24400,24450,577
2026-04-03 12:38:00,24400,24400,24400,24400,48
2026-04-03 12:39:00,24400,24400,24350,24400,93
2026-04-03 12:40:00,24350,24350,24300,24350,227
2026-04-03 12:41:00,24350,24350,24300,24350,41
2026-04-03 12:42:00,24350,24350,24300,24350,115
2026-04-03 12:43:00,24350,24350,24300,24350,24
2026-04-03 12:44:00,24350,24350,24300,24300,49
2026-04-03 12:45:00,24300,24300,24300,24300,9
2026-04-03 12:46:00,24350,24350,24300,24350,37
2026-04-03 12:47:00,24350,24350,24300,24300,58
2026-04-03 12:48:00,24300,24300,24300,24300,1
2026-04-03 12:49:00,24300,24300,24300,24300,50
2026-04-03 12:50:00,24300,24350,24300,24350,223
2026-04-03 12:51:00,24400,24400,24400,24400,71
2026-04-03 12:52:00,24350,24350,24350,24350,31
2026-04-03 12:53:00,24350,24400,24350,24350,491
2026-04-03 12:54:00,24400,24400,24350,24350,173
2026-04-03 12:55:00,24350,24400,24350,24350,92
2026-04-03 12:56:00,24400,24400,24400,24400,4
2026-04-03 12:57:00,24400,24400,24400,24400,6
2026-04-03 12:58:00,24350,24350,24350,24350,32
2026-04-03 12:59:00,24350,24400,24350,24350,387
2026-04-03 13:00:00,24350,24450,24350,24450,1062
2026-04-03 13:01:00,24450,24450,24450,24450,140
2026-04-03 13:02:00,24450,24500,24450,24500,132
2026-04-03 13:03:00,24450,24450,24450,24450,58
2026-04-03 13:04:00,24450,24450,24450,24450,112
2026-04-03 13:05:00,24450,24500,24450,24500,48
2026-04-03 13:07:00,24450,24500,24450,24500,26
2026-04-03 13:08:00,24450,24450,24450,24450,282
2026-04-03 13:09:00,24400,24450,24350,24450,477
2026-04-03 13:10:00,24450,24450,24450,24450,79
2026-04-03 13:12:00,24450,24500,24450,24500,5
2026-04-03 13:13:00,24450,24500,24450,24500,126
2026-04-03 13:14:00,24500,24500,24450,24450,163
2026-04-03 13:15:00,24450,24450,24450,24450,101
2026-04-03 13:17:00,24450,24450,24450,24450,708
2026-04-03 13:18:00,24450,24500,24450,24500,379
2026-04-03 13:19:00,24500,24550,24500,24500,268
2026-04-03 13:20:00,24450,24500,24450,24450,236
2026-04-03 13:21:00,24500,24550,24450,24550,247
2026-04-03 13:22:00,24550,24550,24500,24500,113
2026-04-03 13:23:00,24500,24500,24450,24450,85
2026-04-03 13:24:00,24450,24450,24450,24450,33
2026-04-03 13:25:00,24450,24500,24450,24500,961
2026-04-03 13:26:00,24500,24500,24450,24450,96
2026-04-03 13:27:00,24450,24450,24400,24450,45
2026-04-03 13:28:00,24450,24450,24400,24450,233
2026-04-03 13:29:00,24450,24450,24450,24450,44
2026-04-03 13:30:00,24450,24500,24400,24450,209
2026-04-03 13:31:00,24450,24450,24450,24450,48
2026-04-03 13:32:00,24500,24500,24450,24500,45
2026-04-03 13:33:00,24500,24600,24500,24500,515
2026-04-03 13:34:00,24600,24600,24500,24550,29
2026-04-03 13:35:00,24500,24550,24500,24550,346
2026-04-03 13:36:00,24500,24550,24450,24500,380
2026-04-03 13:37:00,24500,24500,24450,24500,183
2026-04-03 13:38:00,24500,24500,24500,24500,32
2026-04-03 13:39:00,24500,24500,24450,24450,242
2026-04-03 13:40:00,24400,24450,24400,24450,53
2026-04-03 13:41:00,24450,24500,24450,24450,569
2026-04-03 13:42:00,24450,24450,24400,24400,85
2026-04-03 13:43:00,24400,24450,24400,24450,1045
2026-04-03 13:44:00,24400,24400,24350,24400,85
2026-04-03 13:45:00,24350,24400,24350,24400,323
2026-04-03 13:46:00,24450,24450,24450,24450,30
2026-04-03 13:47:00,24450,24500,24400,24500,120
2026-04-03 13:48:00,24500,24550,24500,24550,113
2026-04-03 13:49:00,24550,24550,24400,24500,168
2026-04-03 13:50:00,24500,24500,24500,24500,6
2026-04-03 13:51:00,24500,24500,24500,24500,5
2026-04-03 13:52:00,24500,24500,24450,24500,158
2026-04-03 13:54:00,24500,24500,24450,24500,82
2026-04-03 13:55:00,24450,24500,24450,24500,69
2026-04-03 13:56:00,24500,24500,24500,24500,3
2026-04-03 13:57:00,24450,24450,24450,24450,609
2026-04-03 13:58:00,24450,24450,24400,24400,42
2026-04-03 13:59:00,24400,24400,24400,24400,301
2026-04-03 14:00:00,24350,24400,24350,24350,303
2026-04-03 14:01:00,24350,24450,24350,24450,88
2026-04-03 14:02:00,24450,24450,24450,24450,5
2026-04-03 14:03:00,24400,24400,24350,24400,122
2026-04-03 14:04:00,24450,24450,24450,24450,35
2026-04-03 14:05:00,24450,24450,24450,24450,10
2026-04-03 14:06:00,24450,24450,24450,24450,50
2026-04-03 14:07:00,24450,24450,24450,24450,37
2026-04-03 14:08:00,24450,24450,24450,24450,217
2026-04-03 14:09:00,24450,24450,24450,24450,204
2026-04-03 14:10:00,24450,24450,24450,24450,21
2026-04-03 14:11:00,24450,24450,24450,24450,354
2026-04-03 14:12:00,24450,24450,24400,24400,409
2026-04-03 14:13:00,24400,24450,24400,24450,168
2026-04-03 14:14:00,24450,24450,24450,24450,20
2026-04-03 14:15:00,24400,24400,24400,24400,82
2026-04-03 14:16:00,24400,24400,24350,24350,4
2026-04-03 14:17:00,24350,24350,24350,24350,1453
2026-04-03 14:18:00,24350,24400,24350,24350,215
2026-04-03 14:19:00,24350,24350,24350,24350,107
2026-04-03 14:20:00,24350,24400,24350,24400,301
2026-04-03 14:21:00,24425,24425,24425,24425,68
2026-04-03 14:22:00,24425,24450,24400,24450,139
2026-04-03 14:23:00,24450,24450,24400,24425,24
2026-04-03 14:24:00,24425,24425,24425,24425,1
2026-04-03 14:25:00,24400,24400,24350,24350,631
2026-04-03 14:26:00,24400,24400,24400,24400,91
2026-04-03 14:27:00,24450,24450,24400,24450,9
2026-04-03 14:28:00,24400,24400,24400,24400,6
2026-04-03 14:29:00,24400,24400,24400,24400,101
2026-04-03 14:30:00,24400,24450,24400,24450,30
2026-04-03 14:31:00,24450,24450,24450,24450,14
2026-04-03 14:33:00,24400,24450,24400,24450,14
2026-04-03 14:34:00,24450,24450,24450,24450,767
2026-04-03 14:35:00,24450,24500,24450,24500,100
2026-04-03 14:36:00,24500,24500,24450,24450,414
2026-04-03 14:37:00,24500,24500,24500,24500,15
2026-04-03 14:38:00,24450,24450,24450,24450,417
2026-04-03 14:39:00,24450,24500,24450,24500,1167
2026-04-03 14:40:00,24500,24550,24500,24550,81
2026-04-03 14:41:00,24500,24550,24500,24550,682
2026-04-03 14:42:00,24550,24550,24500,24500,179
2026-04-03 14:43:00,24500,24500,24450,24450,19
2026-04-03 14:44:00,24450,24450,24450,24450,10
2026-04-03 14:45:00,24450,24450,24450,24450,412
2026-04-03 14:46:00,24450,24450,24450,24450,160
2026-04-03 14:47:00,24450,24500,24400,24500,556
2026-04-03 14:48:00,24500,24500,24400,24450,54
2026-04-03 14:49:00,24450,24450,24450,24450,213
2026-04-03 14:50:00,24450,24500,24450,24500,506
2026-04-03 14:51:00,24500,24500,24500,24500,184
2026-04-03 14:52:00,24500,24600,24500,24600,2497
2026-04-03 14:53:00,24600,24600,24600,24600,51
2026-04-03 14:54:00,24500,24500,24450,24500,305
2026-04-03 14:55:00,24500,24500,24450,24500,317
2026-04-03 14:56:00,24500,24500,24500,24500,87
2026-04-03 14:57:00,24500,24500,24500,24500,22
2026-04-03 14:58:00,24500,24500,24500,24500,194
2026-04-03 14:59:00,24500,24500,24500,24500,151
2026-04-03 15:00:00,24500,24550,24500,24550,374
2026-04-03 15:01:00,24550,24550,24550,24550,346
2026-04-03 15:02:00,24500,24500,24500,24500,103
2026-04-03 15:03:00,24550,24550,24500,24500,962
2026-04-03 15:04:00,24500,24550,24500,24500,207
2026-04-03 15:05:00,24500,24500,24500,24500,6
2026-04-03 15:06:00,24525,24550,24500,24550,338
2026-04-03 15:07:00,24550,24550,24550,24550,295
2026-04-03 15:08:00,24550,24550,24550,24550,143
2026-04-03 15:09:00,24600,24600,24550,24600,154
2026-04-03 15:10:00,24600,24600,24550,24600,491
2026-04-03 15:11:00,24600,24600,24550,24600,192
2026-04-03 15:12:00,24600,24600,24550,24600,230
2026-04-03 15:13:00,24600,24650,24575,24600,796
2026-04-03 15:14:00,24600,24650,24600,24650,539
2026-04-03 15:15:00,24650,24650,24600,24600,538
2026-04-03 15:16:00,24600,24650,24600,24600,936
2026-04-03 15:17:00,24600,24650,24600,24600,539
2026-04-03 15:18:00,24650,24650,24600,24650,358
2026-04-03 15:19:00,24650,24650,24600,24650,887
2026-04-03 15:30:00,24650,24650,24650,24650,5917
2026-04-03 15:35:00,24650,24650,24650,24650,457
2026-04-06 09:00:00,24650,24650,24100,24250,4924
2026-04-06 09:01:00,24250,24350,24050,24300,3032
2026-04-06 09:02:00,24300,24350,24150,24175,1875
2026-04-06 09:03:00,24175,24650,24175,24400,2993
2026-04-06 09:04:00,24400,24450,24250,24350,1165
2026-04-06 09:05:00,24350,24450,24350,24400,793
2026-04-06 09:06:00,24400,24600,24350,24550,962
2026-04-06 09:07:00,24550,24600,24500,24550,617
2026-04-06 09:08:00,24550,24600,24400,24450,1012
2026-04-06 09:09:00,24450,24500,24400,24450,431
2026-04-06 09:10:00,24450,24450,24400,24400,302
2026-04-06 09:11:00,24400,24550,24400,24500,471
2026-04-06 09:12:00,24500,24600,24450,24500,1107
2026-04-06 09:13:00,24500,24600,24500,24600,921
2026-04-06 09:14:00,24650,24650,24400,24400,1008
2026-04-06 09:15:00,24350,24350,24300,24350,507
2026-04-06 09:16:00,24350,24400,24250,24250,1940
2026-04-06 09:17:00,24250,24350,24250,24250,2054
2026-04-06 09:18:00,24300,24350,24250,24300,848
2026-04-06 09:19:00,24300,24350,24300,24300,676
2026-04-06 09:20:00,24300,24300,24200,24250,921
2026-04-06 09:21:00,24200,24300,24200,24250,1372
2026-04-06 09:22:00,24200,24250,24200,24250,441
2026-04-06 09:23:00,24250,24250,24100,24150,2517
2026-04-06 09:24:00,24150,24250,24100,24100,1398
2026-04-06 09:25:00,24100,24150,24050,24100,3612
2026-04-06 09:26:00,24100,24100,24050,24050,1026
2026-04-06 09:27:00,24050,24050,23950,24000,4629
2026-04-06 09:28:00,24000,24150,23950,23950,2777
2026-04-06 09:29:00,23950,24150,23900,24050,4774
2026-04-06 09:30:00,24000,24200,24000,24050,757
2026-04-06 09:31:00,24050,24100,24050,24100,415
2026-04-06 09:32:00,24100,24100,24050,24100,132
2026-04-06 09:33:00,24100,24100,24050,24075,83
2026-04-06 09:34:00,24075,24100,24050,24050,322
2026-04-06 09:35:00,24100,24100,24000,24000,1528
2026-04-06 09:36:00,24000,24050,23900,23950,592
2026-04-06 09:37:00,23950,23950,23850,23850,1929
2026-04-06 09:38:00,23850,23900,23800,23850,1209
2026-04-06 09:39:00,23850,23850,23800,23850,674
2026-04-06 09:40:00,23850,23950,23800,23950,1277
2026-04-06 09:41:00,23950,24050,23900,23950,571
2026-04-06 09:42:00,23950,24000,23950,23950,510
2026-04-06 09:43:00,24000,24000,23950,23950,166
2026-04-06 09:44:00,23950,23950,23950,23950,363
2026-04-06 09:45:00,23950,23950,23950,23950,480
2026-04-06 09:46:00,23950,24000,23950,23950,180
2026-04-06 09:47:00,23950,23950,23950,23950,210
2026-04-06 09:48:00,24000,24000,23900,23900,645
2026-04-06 09:49:00,23950,23950,23900,23900,491
2026-04-06 09:50:00,23950,24000,23900,24000,840
2026-04-06 09:51:00,24000,24050,23900,24050,1676
2026-04-06 09:52:00,24050,24050,24050,24050,223
2026-04-06 09:53:00,24050,24050,24000,24050,186
2026-04-06 09:54:00,24050,24050,23950,24000,158
2026-04-06 09:55:00,23950,24050,23950,24000,819
2026-04-06 09:56:00,24000,24050,24000,24000,103
2026-04-06 09:57:00,24000,24050,23950,24000,371
2026-04-06 09:58:00,23950,24050,23950,24050,577
2026-04-06 09:59:00,24050,24050,23950,24000,211
2026-04-06 10:00:00,24000,24100,23950,24000,734
2026-04-06 10:01:00,23950,23950,23950,23950,411
2026-04-06 10:02:00,24000,24000,23950,24000,361
2026-04-06 10:03:00,24000,24000,24000,24000,309
2026-04-06 10:04:00,24000,24050,24000,24000,109
2026-04-06 10:05:00,24000,24050,23950,24000,607
2026-04-06 10:06:00,24000,24000,23950,24000,283
2026-04-06 10:07:00,24000,24000,23950,23950,919
2026-04-06 10:08:00,23950,24000,23900,24000,1003
2026-04-06 10:09:00,24000,24000,23950,24000,647
2026-04-06 10:10:00,24000,24000,23950,24000,30
2026-04-06 10:11:00,23950,24000,23950,24000,539
2026-04-06 10:12:00,24000,24000,23950,24000,32
2026-04-06 10:13:00,24000,24000,23950,24000,531
2026-04-06 10:14:00,24000,24000,23950,24000,734
2026-04-06 10:15:00,24000,24050,23950,23950,2220
2026-04-06 10:16:00,23900,24000,23900,23950,306
2026-04-06 10:17:00,23950,23950,23900,23950,607
2026-04-06 10:18:00,23950,23950,23900,23950,248
2026-04-06 10:19:00,23950,24000,23950,24000,152
2026-04-06 10:20:00,23950,24000,23850,23900,3651
2026-04-06 10:21:00,23900,23900,23850,23850,1142
2026-04-06 10:22:00,23850,23900,23850,23900,433
2026-04-06 10:23:00,23900,23950,23850,23950,203
2026-04-06 10:24:00,23950,23950,23900,23950,14
2026-04-06 10:25:00,23950,23950,23950,23950,67
2026-04-06 10:26:00,23950,24000,23950,24000,537
2026-04-06 10:27:00,24000,24000,24000,24000,84
2026-04-06 10:28:00,23950,24050,23950,24050,112
2026-04-06 10:29:00,24000,24050,24000,24050,78
2026-04-06 10:30:00,24050,24050,24000,24050,239
2026-04-06 10:31:00,24050,24050,23850,23900,3567
2026-04-06 10:32:00,23900,23900,23800,23850,1978
2026-04-06 10:33:00,23850,23850,23800,23850,489
2026-04-06 10:34:00,23800,23850,23750,23800,2370
2026-04-06 10:35:00,23750,23800,23750,23750,652
2026-04-06 10:36:00,23800,23800,23750,23750,416
2026-04-06 10:37:00,23800,23800,23750,23800,31
2026-04-06 10:38:00,23800,23800,23750,23800,497
2026-04-06 10:39:00,23800,23850,23800,23850,782
2026-04-06 10:40:00,23850,23850,23750,23750,1034
2026-04-06 10:41:00,23800,23850,23750,23800,812
2026-04-06 10:42:00,23800,23850,23750,23800,716
2026-04-06 10:43:00,23800,23800,23800,23800,174
2026-04-06 10:44:00,23800,23850,23800,23800,1135
2026-04-06 10:45:00,23850,23900,23750,23850,851
2026-04-06 10:46:00,23800,23800,23750,23800,558
2026-04-06 10:47:00,23750,23800,23750,23750,319
2026-04-06 10:48:00,23750,23800,23750,23800,514
2026-04-06 10:49:00,23800,23800,23750,23750,272
2026-04-06 10:50:00,23750,23800,23750,23800,74
2026-04-06 10:51:00,23800,23800,23775,23800,12
2026-04-06 10:52:00,23800,23800,23750,23750,230
2026-04-06 10:53:00,23750,23750,23700,23750,4652
2026-04-06 10:54:00,23750,23750,23700,23700,2905
2026-04-06 10:55:00,23700,23700,23650,23700,1560
2026-04-06 10:56:00,23700,23700,23650,23700,295
2026-04-06 10:57:00,23700,23700,23650,23650,523
2026-04-06 10:58:00,23700,23700,23650,23700,255
2026-04-06 10:59:00,23700,23750,23700,23750,665
2026-04-06 11:00:00,23750,23750,23700,23750,307
2026-04-06 11:01:00,23750,23750,23650,23700,485
2026-04-06 11:02:00,23700,23750,23700,23700,208
2026-04-06 11:03:00,23750,23750,23700,23700,262
2026-04-06 11:04:00,23650,23700,23650,23700,338
2026-04-06 11:05:00,23700,23700,23700,23700,300
2026-04-06 11:06:00,23700,23700,23650,23700,1014
2026-04-06 11:07:00,23750,23750,23750,23750,254
2026-04-06 11:08:00,23750,23800,23750,23800,160
2026-04-06 11:09:00,23800,23850,23750,23850,1352
2026-04-06 11:10:00,23850,23850,23800,23800,63
2026-04-06 11:11:00,23850,23950,23850,23900,1237
2026-04-06 11:12:00,23950,23950,23900,23950,173
2026-04-06 11:13:00,23950,24000,23950,24000,603
2026-04-06 11:14:00,23975,24000,23900,23950,470
2026-04-06 11:15:00,24000,24000,23950,24000,63
2026-04-06 11:16:00,24000,24050,23900,24050,562
2026-04-06 11:17:00,24050,24050,24050,24050,38
2026-04-06 11:18:00,24000,24050,24000,24000,1294
2026-04-06 11:19:00,24050,24050,24000,24050,229
2026-04-06 11:20:00,24050,24050,24000,24000,207
2026-04-06 11:21:00,24000,24050,24000,24000,105
2026-04-06 11:22:00,24000,24050,23950,24050,251
2026-04-06 11:23:00,24000,24000,23950,24000,116
2026-04-06 11:24:00,24000,24000,23950,23950,57
2026-04-06 11:25:00,23950,24000,23900,23950,630
2026-04-06 11:26:00,23950,24000,23900,23900,317
2026-04-06 11:27:00,24000,24000,23900,23950,26
2026-04-06 11:28:00,23950,23950,23900,23950,98
2026-04-06 11:29:00,23950,23950,23900,23950,390
2026-04-06 11:30:00,23950,23950,23900,23900,82
2026-04-06 11:31:00,23900,23950,23900,23950,152
2026-04-06 11:32:00,23950,23950,23900,23900,288
2026-04-06 11:33:00,23950,23950,23950,23950,68
2026-04-06 11:34:00,23900,23950,23900,23900,218
2026-04-06 11:35:00,23950,23950,23850,23950,406
2026-04-06 11:36:00,23900,23900,23850,23900,514
2026-04-06 11:37:00,23800,23900,23800,23900,201
2026-04-06 11:38:00,23900,23900,23850,23900,403
2026-04-06 11:39:00,23900,23900,23800,23850,80
2026-04-06 11:40:00,23850,23850,23800,23850,26
2026-04-06 11:41:00,23850,23850,23800,23850,125
2026-04-06 11:42:00,23800,23850,23800,23850,143
2026-04-06 11:43:00,23850,23850,23800,23850,101
2026-04-06 11:44:00,23800,23850,23800,23825,108
2026-04-06 11:45:00,23825,23850,23800,23800,208
2026-04-06 11:46:00,23800,23800,23800,23800,282
2026-04-06 11:47:00,23825,23825,23750,23800,406
2026-04-06 11:48:00,23800,23800,23750,23750,65
2026-04-06 11:49:00,23750,23800,23750,23800,201
2026-04-06 11:50:00,23800,23800,23750,23800,62
2026-04-06 11:51:00,23800,23800,23750,23750,150
2026-04-06 11:52:00,23750,23750,23750,23750,151
2026-04-06 11:53:00,23750,23750,23750,23750,111
2026-04-06 11:54:00,23750,23800,23750,23800,747
2026-04-06 11:55:00,23800,23800,23800,23800,36
2026-04-06 11:56:00,23800,23800,23750,23800,468
2026-04-06 11:57:00,23800,23800,23800,23800,253
2026-04-06 11:58:00,23800,23800,23750,23750,50
2026-04-06 11:59:00,23800,23800,23750,23800,131
2026-04-06 12:00:00,23800,23800,23750,23750,140
2026-04-06 12:01:00,23750,23800,23750,23800,37
2026-04-06 12:02:00,23800,23800,23750,23750,180
2026-04-06 12:03:00,23750,23800,23750,23750,765
2026-04-06 12:04:00,23800,23800,23750,23800,248
2026-04-06 12:05:00,23800,23800,23800,23800,85
2026-04-06 12:06:00,23750,23800,23700,23750,784
2026-04-06 12:07:00,23750,23800,23750,23800,133
2026-04-06 12:08:00,23800,23800,23750,23800,104
2026-04-06 12:09:00,23750,23750,23750,23750,53
2026-04-06 12:10:00,23750,23800,23750,23800,145
2026-04-06 12:11:00,23800,23800,23750,23750,345
2026-04-06 12:12:00,23800,23800,23800,23800,289
2026-04-06 12:13:00,23800,23800,23800,23800,363
2026-04-06 12:14:00,23800,23800,23750,23800,37
2026-04-06 12:15:00,23800,23800,23750,23800,430
2026-04-06 12:16:00,23800,23800,23750,23750,92
2026-04-06 12:17:00,23750,23850,23750,23800,205
2026-04-06 12:18:00,23800,23800,23800,23800,18
2026-04-06 12:19:00,23750,23800,23750,23800,136
2026-04-06 12:20:00,23800,23800,23750,23800,108
2026-04-06 12:21:00,23750,23800,23750,23800,1384
2026-04-06 12:22:00,23750,23800,23750,23800,162
2026-04-06 12:23:00,23800,23800,23750,23750,33
2026-04-06 12:24:00,23800,23800,23750,23750,456
2026-04-06 12:25:00,23750,23800,23750,23800,57
2026-04-06 12:26:00,23800,23800,23750,23750,251
2026-04-06 12:27:00,23750,23800,23750,23800,312
2026-04-06 12:28:00,23800,23800,23750,23750,139
2026-04-06 12:29:00,23750,23750,23750,23750,85
2026-04-06 12:30:00,23750,23750,23750,23750,33
2026-04-06 12:31:00,23775,23775,23750,23750,98
2026-04-06 12:32:00,23750,23750,23750,23750,36
2026-04-06 12:33:00,23750,23750,23750,23750,400
2026-04-06 12:34:00,23750,23750,23700,23700,769
2026-04-06 12:35:00,23750,23750,23700,23700,76
2026-04-06 12:36:00,23700,23750,23700,23700,72
2026-04-06 12:37:00,23750,23750,23750,23750,127
2026-04-06 12:38:00,23700,23750,23700,23750,54
2026-04-06 12:39:00,23750,23750,23700,23750,173
2026-04-06 12:40:00,23750,23750,23700,23750,1555
2026-04-06 12:41:00,23750,23750,23700,23750,249
2026-04-06 12:42:00,23750,23750,23700,23700,67
2026-04-06 12:43:00,23700,23750,23700,23750,68
2026-04-06 12:44:00,23700,23750,23700,23750,392
2026-04-06 12:45:00,23700,23750,23700,23750,152
2026-04-06 12:46:00,23700,23750,23700,23700,747
2026-04-06 12:47:00,23750,23750,23700,23700,105
2026-04-06 12:48:00,23700,23750,23700,23700,55
2026-04-06 12:49:00,23700,23700,23700,23700,197
2026-04-06 12:50:00,23700,23700,23700,23700,205
2026-04-06 12:51:00,23700,23700,23700,23700,400
2026-04-06 12:52:00,23700,23700,23650,23700,382
2026-04-06 12:53:00,23700,23700,23650,23650,155
2026-04-06 12:54:00,23650,23700,23650,23700,229
2026-04-06 12:55:00,23700,23700,23650,23650,35
2026-04-06 12:56:00,23650,23700,23650,23650,238
2026-04-06 12:57:00,23700,23700,23650,23700,149
2026-04-06 12:58:00,23700,23700,23650,23650,351
2026-04-06 12:59:00,23700,23700,23650,23650,159
2026-04-06 13:00:00,23650,23700,23650,23650,44
2026-04-06 13:01:00,23650,23800,23650,23800,3181
2026-04-06 13:02:00,23800,23800,23700,23700,771
2026-04-06 13:03:00,23700,23750,23700,23750,25
2026-04-06 13:04:00,23750,23750,23700,23700,197
2026-04-06 13:05:00,23750,23750,23700,23700,174
2026-04-06 13:06:00,23700,23700,23700,23700,132
2026-04-06 13:07:00,23700,23750,23700,23700,75
2026-04-06 13:08:00,23750,23750,23700,23750,62
2026-04-06 13:09:00,23750,23750,23750,23750,109
2026-04-06 13:10:00,23700,23750,23700,23750,86
2026-04-06 13:11:00,23700,23700,23700,23700,631
2026-04-06 13:12:00,23700,23700,23700,23700,52
2026-04-06 13:13:00,23700,23700,23650,23700,32
2026-04-06 13:14:00,23700,23700,23650,23650,294
2026-04-06 13:15:00,23700,23700,23650,23700,58
2026-04-06 13:16:00,23700,23700,23650,23700,154
2026-04-06 13:17:00,23650,23650,23650,23650,30
2026-04-06 13:18:00,23700,23700,23700,23700,513
2026-04-06 13:19:00,23650,23700,23650,23700,878
2026-04-06 13:20:00,23700,23750,23650,23700,182
2026-04-06 13:21:00,23650,23700,23650,23650,1543
2026-04-06 13:22:00,23650,23650,23650,23650,620
2026-04-06 13:23:00,23650,23700,23650,23650,243
2026-04-06 13:24:00,23650,23700,23600,23650,1010
2026-04-06 13:25:00,23650,23700,23650,23650,601
2026-04-06 13:26:00,23600,23600,23600,23600,146
2026-04-06 13:27:00,23650,23650,23600,23650,50
2026-04-06 13:28:00,23650,23650,23650,23650,138
2026-04-06 13:29:00,23600,23600,23600,23600,339
2026-04-06 13:30:00,23600,23650,23600,23650,232
2026-04-06 13:31:00,23600,23650,23600,23600,102
2026-04-06 13:32:00,23650,23650,23600,23600,90
2026-04-06 13:33:00,23650,23650,23600,23650,72
2026-04-06 13:34:00,23600,23650,23600,23650,1178
2026-04-06 13:35:00,23650,23700,23650,23700,1151
2026-04-06 13:36:00,23650,23650,23650,23650,51
2026-04-06 13:37:00,23650,23700,23650,23700,228
2026-04-06 13:38:00,23650,23650,23650,23650,182
2026-04-06 13:39:00,23650,23700,23650,23650,356
2026-04-06 13:40:00,23700,23700,23650,23650,57
2026-04-06 13:41:00,23650,23650,23600,23650,1179
2026-04-06 13:42:00,23650,23650,23650,23650,116
2026-04-06 13:43:00,23650,23700,23650,23700,39
2026-04-06 13:44:00,23700,23700,23650,23700,384
2026-04-06 13:45:00,23700,23700,23650,23700,91
2026-04-06 13:46:00,23700,23750,23700,23750,140
2026-04-06 13:47:00,23750,23750,23700,23700,190
2026-04-06 13:48:00,23700,23750,23700,23750,378
2026-04-06 13:49:00,23700,23750,23700,23750,301
2026-04-06 13:50:00,23700,23750,23700,23700,232
2026-04-06 13:51:00,23750,23750,23700,23700,101
2026-04-06 13:52:00,23700,23700,23700,23700,67
2026-04-06 13:53:00,23750,23750,23700,23700,102
2026-04-06 13:54:00,23750,23750,23750,23750,54
2026-04-06 13:55:00,23750,23750,23700,23700,251
2026-04-06 13:56:00,23750,23750,23700,23750,421
2026-04-06 13:57:00,23750,23750,23700,23750,162
2026-04-06 13:58:00,23750,23750,23700,23700,339
2026-04-06 13:59:00,23750,23750,23700,23700,66
2026-04-06 14:00:00,23750,23750,23700,23700,52
2026-04-06 14:01:00,23700,23750,23700,23700,1279
2026-04-06 14:02:00,23700,23700,23650,23700,544
2026-04-06 14:03:00,23700,23700,23650,23700,52
2026-04-06 14:04:00,23700,23700,23650,23700,115
2026-04-06 14:05:00,23700,23700,23650,23700,122
2026-04-06 14:06:00,23700,23700,23700,23700,234
2026-04-06 14:07:00,23700,23700,23700,23700,94
2026-04-06 14:08:00,23700,23700,23700,23700,117
2026-04-06 14:09:00,23700,23750,23700,23750,221
2026-04-06 14:10:00,23700,23700,23650,23700,127
2026-04-06 14:11:00,23700,23750,23650,23700,569
2026-04-06 14:12:00,23700,23700,23700,23700,77
2026-04-06 14:13:00,23750,23800,23750,23800,564
2026-04-06 14:14:00,23750,23750,23750,23750,31
2026-04-06 14:15:00,23800,23850,23800,23800,873
2026-04-06 14:16:00,23800,23800,23800,23800,53
2026-04-06 14:17:00,23800,23850,23800,23850,307
2026-04-06 14:18:00,23850,23850,23800,23800,574
2026-04-06 14:19:00,23800,23825,23800,23825,14
2026-04-06 14:20:00,23825,23850,23800,23800,435
2026-04-06 14:21:00,23800,23850,23800,23800,639
2026-04-06 14:22:00,23850,23850,23800,23850,278
2026-04-06 14:23:00,23850,23850,23800,23850,273
2026-04-06 14:24:00,23850,23850,23800,23850,60
2026-04-06 14:25:00,23800,23800,23800,23800,180
2026-04-06 14:26:00,23800,23850,23800,23850,190
2026-04-06 14:27:00,23850,23850,23800,23850,313
2026-04-06 14:28:00,23800,23850,23800,23800,268
2026-04-06 14:29:00,23800,23850,23800,23800,45
2026-04-06 14:30:00,23850,23850,23800,23800,121
2026-04-06 14:31:00,23850,23850,23800,23800,205
2026-04-06 14:32:00,23850,23850,23800,23800,2439
2026-04-06 14:33:00,23800,23800,23800,23800,30
2026-04-06 14:34:00,23800,23800,23750,23800,446
2026-04-06 14:35:00,23750,23750,23750,23750,36
2026-04-06 14:36:00,23750,23800,23750,23800,116
2026-04-06 14:37:00,23750,23750,23750,23750,31
2026-04-06 14:38:00,23750,23750,23750,23750,288
2026-04-06 14:39:00,23750,23800,23750,23800,225
2026-04-06 14:40:00,23800,23850,23800,23850,2654
2026-04-06 14:41:00,23850,23850,23750,23800,656
2026-04-06 14:42:00,23750,23800,23750,23800,239
2026-04-06 14:43:00,23800,23800,23750,23750,339
2026-04-06 14:44:00,23750,23800,23750,23750,121
2026-04-06 14:45:00,23750,23750,23750,23750,124
2026-04-06 14:46:00,23750,23750,23700,23700,1146
2026-04-06 14:47:00,23700,23750,23700,23750,230
2026-04-06 14:48:00,23750,23750,23700,23700,51
2026-04-06 14:49:00,23700,23700,23700,23700,31
2026-04-06 14:50:00,23700,23700,23700,23700,112
2026-04-06 14:51:00,23700,23700,23700,23700,131
2026-04-06 14:52:00,23700,23750,23700,23750,134
2026-04-06 14:53:00,23750,23750,23700,23750,155
2026-04-06 14:54:00,23700,23750,23700,23750,102
2026-04-06 14:55:00,23700,23700,23700,23700,1393
2026-04-06 14:56:00,23700,23700,23650,23700,1447
2026-04-06 14:57:00,23700,23700,23700,23700,143
2026-04-06 14:58:00,23650,23700,23650,23700,152
2026-04-06 14:59:00,23650,23650,23650,23650,765
2026-04-06 15:00:00,23700,23700,23650,23650,285
2026-04-06 15:01:00,23700,23700,23650,23650,117
2026-04-06 15:02:00,23650,23700,23650,23700,743
2026-04-06 15:03:00,23650,23700,23650,23650,108
2026-04-06 15:04:00,23650,23700,23650,23700,1587
2026-04-06 15:05:00,23650,23700,23650,23700,79
2026-04-06 15:06:00,23650,23700,23650,23650,581
2026-04-06 15:07:00,23700,23700,23650,23700,41
2026-04-06 15:08:00,23700,23700,23650,23700,359
2026-04-06 15:09:00,23700,23700,23650,23700,3621
2026-04-06 15:10:00,23700,23700,23650,23700,312
2026-04-06 15:11:00,23700,23900,23700,23900,4215
2026-04-06 15:12:00,23800,23900,23750,23750,1362
2026-04-06 15:13:00,23750,23850,23750,23850,137
2026-04-06 15:14:00,23850,23900,23800,23900,281
2026-04-06 15:15:00,23900,23900,23800,23850,387
2026-04-06 15:16:00,23850,23900,23800,23800,360
2026-04-06 15:17:00,23800,23800,23800,23800,333
2026-04-06 15:18:00,23800,23850,23800,23850,156
2026-04-06 15:19:00,23800,23800,23750,23800,507
2026-04-06 15:30:00,23800,23800,23800,23800,4977
2026-04-06 15:35:00,23800,23800,23800,23800,153
2026-04-07 09:00:00,24050,24250,24050,24250,3750
2026-04-07 09:01:00,24200,24300,24050,24300,4428
2026-04-07 09:02:00,24300,24400,24050,24100,2645
2026-04-07 09:03:00,24100,24400,24050,24350,3126
2026-04-07 09:04:00,24350,24400,24250,24300,1484
2026-04-07 09:05:00,24300,24350,24150,24350,1167
2026-04-07 09:06:00,24350,24450,24300,24350,3520
2026-04-07 09:07:00,24350,24600,24350,24500,3396
2026-04-07 09:08:00,24550,24750,24500,24650,4025
2026-04-07 09:09:00,24650,24800,24650,24750,958
2026-04-07 09:10:00,24800,24800,24750,24750,2323
2026-04-07 09:11:00,24750,24750,24700,24700,1558
2026-04-07 09:12:00,24700,24700,24550,24550,1172
2026-04-07 09:13:00,24550,24750,24500,24750,1117
2026-04-07 09:14:00,24750,24800,24750,24800,820
2026-04-07 09:15:00,24800,24950,24750,24950,7167
2026-04-07 09:16:00,24900,25200,24900,25150,5470
2026-04-07 09:17:00,25200,25200,25050,25100,3199
2026-04-07 09:18:00,25100,25150,25100,25100,1561
2026-04-07 09:19:00,25150,25150,25025,25050,1982
2026-04-07 09:20:00,25050,25050,24850,24850,2700
2026-04-07 09:21:00,24850,24875,24750,24800,4171
2026-04-07 09:22:00,24850,24850,24800,24850,638
2026-04-07 09:23:00,24850,24850,24650,24650,1563
2026-04-07 09:24:00,24600,24700,24600,24650,1050
2026-04-07 09:25:00,24650,25000,24600,25000,6233
2026-04-07 09:26:00,24950,25000,24750,24900,820
2026-04-07 09:27:00,24850,24850,24750,24800,432
2026-04-07 09:28:00,24800,24850,24800,24800,1085
2026-04-07 09:29:00,24800,24850,24800,24800,632
2026-04-07 09:30:00,24800,24850,24800,24800,304
2026-04-07 09:31:00,24800,24800,24750,24750,440
2026-04-07 09:32:00,24800,24800,24750,24750,123
2026-04-07 09:33:00,24750,24750,24700,24700,494
2026-04-07 09:34:00,24650,24750,24650,24650,1604
2026-04-07 09:35:00,24700,24700,24650,24650,615
2026-04-07 09:36:00,24650,24700,24650,24700,561
2026-04-07 09:37:00,24650,24650,24600,24600,506
2026-04-07 09:38:00,24600,24650,24600,24600,436
2026-04-07 09:39:00,24600,24650,24600,24600,539
2026-04-07 09:40:00,24600,24650,24600,24650,178
2026-04-07 09:41:00,24650,24650,24500,24550,538
2026-04-07 09:42:00,24550,24650,24550,24650,1360
2026-04-07 09:43:00,24650,24650,24650,24650,151
2026-04-07 09:44:00,24600,24600,24600,24600,52
2026-04-07 09:45:00,24600,24600,24550,24600,556
2026-04-07 09:46:00,24600,24600,24550,24600,305
2026-04-07 09:47:00,24600,24600,24600,24600,313
2026-04-07 09:48:00,24600,24600,24600,24600,29
2026-04-07 09:49:00,24550,24550,24550,24550,238
2026-04-07 09:50:00,24600,24600,24550,24550,63
2026-04-07 09:51:00,24550,24550,24550,24550,111
2026-04-07 09:52:00,24550,24650,24550,24600,847
2026-04-07 09:53:00,24600,24600,24550,24550,104
2026-04-07 09:54:00,24550,24600,24550,24600,594
2026-04-07 09:55:00,24600,24600,24500,24550,164
2026-04-07 09:56:00,24550,24550,24500,24550,953
2026-04-07 09:57:00,24550,24550,24450,24550,818
2026-04-07 09:58:00,24450,24600,24450,24550,75
2026-04-07 09:59:00,24550,24650,24550,24650,1055
2026-04-07 10:00:00,24650,24650,24550,24550,548
2026-04-07 10:01:00,24500,24500,24450,24450,216
2026-04-07 10:02:00,24450,24650,24450,24500,1582
2026-04-07 10:03:00,24500,24550,24500,24500,350
2026-04-07 10:04:00,24500,24550,24400,24450,395
2026-04-07 10:05:00,24450,24500,24400,24450,134
2026-04-07 10:06:00,24450,24450,24400,24450,392
2026-04-07 10:07:00,24450,24450,24400,24400,69
2026-04-07 10:08:00,24400,24450,24400,24400,312
2026-04-07 10:09:00,24400,24400,24350,24400,115
2026-04-07 10:10:00,24400,24400,24250,24300,1252
2026-04-07 10:11:00,24300,24350,24250,24300,42
2026-04-07 10:12:00,24300,24500,24300,24350,430
2026-04-07 10:13:00,24300,24300,24300,24300,460
2026-04-07 10:14:00,24300,24300,24200,24250,193
2026-04-07 10:15:00,24250,24250,24250,24250,344
2026-04-07 10:16:00,24250,24300,24250,24300,51
2026-04-07 10:17:00,24300,24350,24250,24300,1967
2026-04-07 10:18:00,24350,24350,24250,24350,99
2026-04-07 10:19:00,24250,24350,24250,24350,322
2026-04-07 10:20:00,24350,24350,24300,24350,186
2026-04-07 10:21:00,24350,24350,24350,24350,901
2026-04-07 10:22:00,24300,24300,24300,24300,41
2026-04-07 10:23:00,24300,24300,24300,24300,211
2026-04-07 10:24:00,24300,24350,24250,24350,242
2026-04-07 10:25:00,24350,24350,24250,24300,537
2026-04-07 10:26:00,24300,24300,24250,24300,87
2026-04-07 10:27:00,24300,24300,24300,24300,73
2026-04-07 10:28:00,24300,24350,24200,24350,1638
2026-04-07 10:29:00,24350,24350,24250,24250,63
2026-04-07 10:30:00,24250,24250,24250,24250,36
2026-04-07 10:31:00,24250,24300,24250,24250,596
2026-04-07 10:32:00,24300,24300,24300,24300,43
2026-04-07 10:33:00,24350,24350,24300,24300,100
2026-04-07 10:34:00,24300,24350,24250,24250,286
2026-04-07 10:35:00,24250,24300,24250,24300,80
2026-04-07 10:36:00,24300,24300,24300,24300,74
2026-04-07 10:37:00,24300,24300,24250,24250,542
2026-04-07 10:38:00,24200,24200,24200,24200,517
2026-04-07 10:39:00,24200,24200,24150,24150,580
2026-04-07 10:40:00,24150,24150,24100,24150,815
2026-04-07 10:41:00,24150,24150,24100,24150,1249
2026-04-07 10:42:00,24150,24150,24050,24050,1058
2026-04-07 10:43:00,24050,24150,24000,24000,574
2026-04-07 10:44:00,24000,24150,24000,24150,273
2026-04-07 10:45:00,24200,24200,24150,24150,883
2026-04-07 10:46:00,24150,24250,24150,24250,70
2026-04-07 10:47:00,24250,24250,24250,24250,627
2026-04-07 10:48:00,24250,24375,24250,24350,71
2026-04-07 10:49:00,24250,24350,24250,24300,674
2026-04-07 10:50:00,24300,24300,24000,24100,1149
2026-04-07 10:51:00,24100,24200,24000,24000,148
2026-04-07 10:52:00,24000,24050,24000,24050,153
2026-04-07 10:53:00,24150,24150,24050,24150,54
2026-04-07 10:54:00,24050,24100,24050,24100,24
2026-04-07 10:55:00,24050,24100,23950,24000,881
2026-04-07 10:56:00,24000,24000,23950,23950,81
2026-04-07 10:57:00,23950,24000,23900,23950,947
2026-04-07 10:58:00,23950,24000,23900,23950,200
2026-04-07 10:59:00,24000,24050,23950,24050,552
2026-04-07 11:00:00,24050,24050,24000,24000,329
2026-04-07 11:01:00,24000,24000,23800,23950,3232
2026-04-07 11:02:00,23950,24000,23950,23950,255
2026-04-07 11:03:00,23950,24000,23950,23950,65
2026-04-07 11:04:00,23950,23950,23800,23900,128
2026-04-07 11:05:00,23900,23900,23800,23850,130
2026-04-07 11:06:00,23850,23900,23850,23850,321
2026-04-07 11:07:00,23850,23950,23800,23850,450
2026-04-07 11:08:00,23850,23850,23800,23800,776
2026-04-07 11:09:00,23850,23900,23800,23850,244
2026-04-07 11:10:00,23900,24000,23900,24000,637
2026-04-07 11:11:00,23950,23950,23850,23950,302
2026-04-07 11:12:00,23850,23950,23800,23850,337
2026-04-07 11:13:00,23850,24000,23850,23900,925
2026-04-07 11:14:00,23900,23950,23850,23900,608
2026-04-07 11:15:00,23900,23900,23850,23850,101
2026-04-07 11:16:00,23850,23850,23800,23850,561
2026-04-07 11:17:00,23850,23850,23850,23850,16
2026-04-07 11:18:00,23850,23900,23800,23900,479
2026-04-07 11:19:00,23900,23950,23900,23950,151
2026-04-07 11:20:00,23950,24000,23900,23950,74
2026-04-07 11:21:00,23950,23950,23950,23950,45
2026-04-07 11:22:00,23950,23950,23850,23950,144
2026-04-07 11:23:00,24000,24000,24000,24000,5
2026-04-07 11:24:00,24000,24050,24000,24050,199
2026-04-07 11:25:00,24050,24100,24000,24050,2109
2026-04-07 11:26:00,24050,24050,24050,24050,37
2026-04-07 11:27:00,24000,24050,23950,24050,49
2026-04-07 11:28:00,24050,24050,23900,24050,377
2026-04-07 11:29:00,23950,24100,23950,23950,106
2026-04-07 11:30:00,23950,24100,23950,24100,6
2026-04-07 11:31:00,24000,24000,24000,24000,68
2026-04-07 11:32:00,24050,24050,23950,24000,30
2026-04-07 11:34:00,24000,24000,23900,23900,312
2026-04-07 11:35:00,23950,23950,23950,23950,1
2026-04-07 11:36:00,23950,23950,23850,23900,116
2026-04-07 11:37:00,23950,23950,23900,23900,33
2026-04-07 11:38:00,23950,23950,23850,23850,54
2026-04-07 11:39:00,24000,24100,23850,23950,342
2026-04-07 11:40:00,23950,23950,23950,23950,3
2026-04-07 11:41:00,23950,24050,23900,24050,27
2026-04-07 11:42:00,24050,24050,23950,24000,1041
2026-04-07 11:43:00,24000,24000,23950,24000,415
2026-04-07 11:44:00,24000,24000,23900,23900,444
2026-04-07 11:45:00,23950,23950,23900,23950,66
2026-04-07 11:46:00,23950,23950,23950,23950,2
2026-04-07 11:47:00,23950,23950,23900,23950,29
2026-04-07 11:48:00,23900,23950,23800,23950,1150
2026-04-07 11:49:00,24000,24000,24000,24000,1
2026-04-07 11:50:00,23950,23950,23950,23950,9
2026-04-07 11:51:00,24000,24000,23850,23900,644
2026-04-07 11:52:00,23850,23900,23850,23850,157
2026-04-07 11:53:00,23850,23850,23850,23850,1
2026-04-07 11:54:00,23850,23900,23850,23900,259
2026-04-07 11:55:00,23900,23900,23900,23900,22
2026-04-07 11:56:00,23950,23950,23900,23900,72
2026-04-07 11:57:00,23900,23900,23850,23900,384
2026-04-07 11:58:00,23850,23850,23850,23850,72
2026-04-07 11:59:00,23900,23900,23850,23850,75
2026-04-07 12:00:00,23900,23900,23900,23900,6
2026-04-07 12:01:00,23950,23950,23900,23900,240
2026-04-07 12:02:00,23950,24000,23950,24000,5
2026-04-07 12:03:00,24000,24000,23900,23900,25
2026-04-07 12:04:00,23900,24000,23900,24000,76
2026-04-07 12:05:00,23900,24000,23900,23900,73
2026-04-07 12:06:00,23950,23950,23950,23950,2
2026-04-07 12:07:00,23950,23950,23900,23900,56
2026-04-07 12:08:00,23900,23900,23850,23850,783
2026-04-07 12:09:00,23900,23950,23800,23800,640
2026-04-07 12:10:00,23950,23950,23850,23900,58
2026-04-07 12:11:00,23900,23950,23800,23850,198
2026-04-07 12:12:00,23850,23900,23800,23900,109
2026-04-07 12:13:00,23900,23900,23900,23900,5
2026-04-07 12:14:00,23900,23900,23850,23850,35
2026-04-07 12:15:00,23875,23900,23875,23900,2
2026-04-07 12:16:00,23900,23900,23850,23850,55
2026-04-07 12:17:00,23900,23900,23850,23850,177
2026-04-07 12:18:00,23850,23850,23800,23850,168
2026-04-07 12:19:00,23850,23850,23700,23700,1663
2026-04-07 12:20:00,23750,23800,23700,23800,81
2026-04-07 12:21:00,23800,23800,23750,23750,86
2026-04-07 12:22:00,23750,23850,23750,23800,346
2026-04-07 12:23:00,23800,23850,23800,23800,192
2026-04-07 12:24:00,23900,23900,23900,23900,11
2026-04-07 12:25:00,23900,23900,23800,23850,96
2026-04-07 12:26:00,23850,23900,23800,23800,25
2026-04-07 12:27:00,23800,23900,23800,23900,130
2026-04-07 12:28:00,23900,23900,23800,23900,10
2026-04-07 12:29:00,23900,23900,23800,23850,68
2026-04-07 12:30:00,23800,23850,23800,23850,88
2026-04-07 12:31:00,23800,23950,23800,23850,517
2026-04-07 12:32:00,23900,23900,23900,23900,23
2026-04-07 12:33:00,23900,23950,23900,23900,35
2026-04-07 12:34:00,23900,23900,23800,23800,89
2026-04-07 12:35:00,23800,23950,23800,23950,209
2026-04-07 12:36:00,23950,23950,23900,23900,39
2026-04-07 12:37:00,23900,23900,23850,23850,29
2026-04-07 12:38:00,23850,23850,23850,23850,46
2026-04-07 12:39:00,23850,23850,23800,23800,116
2026-04-07 12:40:00,23850,23850,23800,23800,31
2026-04-07 12:41:00,23800,23850,23800,23850,29
2026-04-07 12:42:00,23850,23850,23850,23850,6
2026-04-07 12:43:00,23850,23850,23850,23850,51
2026-04-07 12:44:00,23850,23950,23850,23950,137
2026-04-07 12:45:00,23900,23950,23850,23950,142
2026-04-07 12:46:00,23950,23950,23850,23900,115
2026-04-07 12:47:00,23850,23900,23850,23900,31
2026-04-07 12:48:00,23900,23900,23850,23850,19
2026-04-07 12:49:00,23850,23850,23850,23850,12
2026-04-07 12:50:00,23850,23850,23800,23800,1157
2026-04-07 12:51:00,23850,23850,23850,23850,1
2026-04-07 12:52:00,23850,23850,23850,23850,1
2026-04-07 12:53:00,23800,23800,23800,23800,48
2026-04-07 12:54:00,23800,23850,23750,23800,674
2026-04-07 12:55:00,23800,23800,23750,23750,125
2026-04-07 12:56:00,23750,23850,23750,23800,264
2026-04-07 12:57:00,23750,23800,23750,23800,225
2026-04-07 12:58:00,23750,23750,23750,23750,65
2026-04-07 12:59:00,23750,23750,23750,23750,20
2026-04-07 13:00:00,23850,23850,23750,23750,68
2026-04-07 13:01:00,23750,23850,23750,23800,278
2026-04-07 13:02:00,23800,23800,23800,23800,88
2026-04-07 13:03:00,23800,23800,23750,23750,20
2026-04-07 13:04:00,23750,23750,23750,23750,46
2026-04-07 13:05:00,23750,23750,23750,23750,26
2026-04-07 13:06:00,23800,23800,23750,23750,78
2026-04-07 13:07:00,23750,23750,23750,23750,100
2026-04-07 13:08:00,23750,23800,23750,23800,246
2026-04-07 13:09:00,23750,23800,23700,23750,483
2026-04-07 13:10:00,23750,23750,23700,23750,118
2026-04-07 13:11:00,23750,23750,23750,23750,654
2026-04-07 13:12:00,23750,23750,23700,23700,658
2026-04-07 13:13:00,23700,23700,23700,23700,106
2026-04-07 13:14:00,23700,23750,23650,23650,1509
2026-04-07 13:15:00,23650,23650,23600,23650,1212
2026-04-07 13:16:00,23600,23650,23600,23600,577
2026-04-07 13:17:00,23600,23650,23600,23650,5
2026-04-07 13:18:00,23600,23600,23500,23550,5242
2026-04-07 13:19:00,23550,23550,23500,23500,381
2026-04-07 13:20:00,23600,23650,23500,23600,456
2026-04-07 13:21:00,23600,23700,23600,23700,550
2026-04-07 13:22:00,23650,23750,23650,23750,319
2026-04-07 13:23:00,23750,23750,23600,23650,724
2026-04-07 13:24:00,23600,23650,23550,23650,65
2026-04-07 13:25:00,23550,23750,23550,23750,319
2026-04-07 13:26:00,23600,23650,23600,23600,29
2026-04-07 13:27:00,23600,23600,23600,23600,14
2026-04-07 13:28:00,23700,23700,23600,23700,367
2026-04-07 13:29:00,23700,23700,23700,23700,61
2026-04-07 13:30:00,23700,23750,23700,23750,112
2026-04-07 13:31:00,23700,23750,23700,23750,181
2026-04-07 13:32:00,23700,23700,23700,23700,17
2026-04-07 13:33:00,23750,23750,23700,23700,186
2026-04-07 13:34:00,23700,23700,23650,23700,98
2026-04-07 13:35:00,23650,23700,23650,23700,142
2026-04-07 13:36:00,23700,23700,23700,23700,7
2026-04-07 13:37:00,23700,23750,23700,23700,57
2026-04-07 13:38:00,23700,23750,23700,23700,180
2026-04-07 13:39:00,23700,23700,23700,23700,352
2026-04-07 13:40:00,23700,23750,23700,23700,167
2026-04-07 13:41:00,23750,23750,23700,23700,13
2026-04-07 13:42:00,23700,23700,23650,23700,125
2026-04-07 13:43:00,23650,23700,23650,23650,46
2026-04-07 13:44:00,23700,23700,23650,23700,103
2026-04-07 13:45:00,23700,23700,23700,23700,83
2026-04-07 13:46:00,23750,23750,23700,23700,46
2026-04-07 13:47:00,23700,23700,23700,23700,100
2026-04-07 13:48:00,23750,23800,23700,23800,516
2026-04-07 13:49:00,23700,23800,23700,23750,29
2026-04-07 13:50:00,23800,23800,23750,23750,275
2026-04-07 13:51:00,23800,23800,23750,23750,117
2026-04-07 13:52:00,23750,23750,23700,23700,320
2026-04-07 13:53:00,23750,23750,23700,23750,74
2026-04-07 13:54:00,23750,23750,23700,23700,13
2026-04-07 13:55:00,23750,23750,23750,23750,7
2026-04-07 13:56:00,23750,23750,23700,23700,147
2026-04-07 13:59:00,23700,23700,23600,23600,1372
2026-04-07 14:00:00,23600,23650,23600,23600,43
2026-04-07 14:01:00,23650,23650,23600,23600,25
2026-04-07 14:02:00,23600,23650,23600,23600,169
2026-04-07 14:03:00,23650,23650,23550,23550,749
2026-04-07 14:04:00,23550,23600,23500,23500,682
2026-04-07 14:05:00,23500,23550,23500,23550,116
2026-04-07 14:06:00,23550,23550,23500,23550,73
2026-04-07 14:07:00,23550,23600,23550,23550,38
2026-04-07 14:08:00,23550,23550,23500,23550,517
2026-04-07 14:09:00,23550,23550,23500,23550,84
2026-04-07 14:10:00,23550,23600,23550,23600,67
2026-04-07 14:11:00,23550,23600,23550,23550,252
2026-04-07 14:12:00,23550,23600,23550,23600,315
2026-04-07 14:13:00,23600,23600,23550,23600,72
2026-04-07 14:14:00,23600,23600,23600,23600,7
2026-04-07 14:15:00,23600,23600,23550,23600,45
2026-04-07 14:16:00,23600,23600,23550,23600,149
2026-04-07 14:17:00,23600,23600,23550,23600,35
2026-04-07 14:18:00,23600,23600,23550,23600,258
2026-04-07 14:19:00,23550,23650,23550,23650,204
2026-04-07 14:20:00,23600,23700,23600,23700,20
2026-04-07 14:21:00,23650,23700,23650,23700,21
2026-04-07 14:22:00,23700,23700,23650,23650,25
2026-04-07 14:23:00,23650,23650,23600,23600,105
2026-04-07 14:24:00,23600,23600,23600,23600,86
2026-04-07 14:25:00,23600,23650,23600,23650,160
2026-04-07 14:26:00,23650,23650,23600,23650,72
2026-04-07 14:27:00,23650,23650,23600,23600,57
2026-04-07 14:28:00,23600,23600,23600,23600,25
2026-04-07 14:29:00,23600,23650,23600,23650,319
2026-04-07 14:30:00,23600,23600,23600,23600,10
2026-04-07 14:31:00,23600,23600,23550,23550,1071
2026-04-07 14:32:00,23550,23600,23550,23550,151
2026-04-07 14:33:00,23550,23600,23550,23550,140
2026-04-07 14:34:00,23550,23550,23550,23550,16
2026-04-07 14:35:00,23600,23600,23600,23600,3
2026-04-07 14:36:00,23600,23600,23550,23550,43
2026-04-07 14:37:00,23550,23550,23500,23500,1368
2026-04-07 14:38:00,23500,23600,23500,23600,93
2026-04-07 14:39:00,23600,23600,23500,23600,27
2026-04-07 14:40:00,23600,23600,23500,23500,80
2026-04-07 14:41:00,23550,23600,23500,23550,116
2026-04-07 14:42:00,23600,23600,23550,23600,229
2026-04-07 14:43:00,23600,23600,23550,23550,156
2026-04-07 14:44:00,23550,23650,23550,23550,118
2026-04-07 14:45:00,23600,23600,23550,23600,87
2026-04-07 14:46:00,23600,23600,23600,23600,23
2026-04-07 14:47:00,23600,23650,23600,23650,108
2026-04-07 14:48:00,23600,23650,23600,23600,179
2026-04-07 14:49:00,23600,23600,23550,23550,322
2026-04-07 14:50:00,23600,23650,23550,23600,127
2026-04-07 14:51:00,23650,23700,23650,23700,55
2026-04-07 14:52:00,23650,23650,23650,23650,85
2026-04-07 14:53:00,23700,23750,23700,23700,200
2026-04-07 14:54:00,23700,23750,23700,23750,2
2026-04-07 14:55:00,23700,23750,23700,23700,4
2026-04-07 14:56:00,23700,23700,23700,23700,7
2026-04-07 14:57:00,23750,23750,23700,23750,422
2026-04-07 14:58:00,23750,23800,23750,23750,1117
2026-04-07 14:59:00,23750,23850,23750,23800,367
2026-04-07 15:00:00,23800,23800,23750,23800,307
2026-04-07 15:01:00,23800,23850,23800,23800,87
2026-04-07 15:02:00,23850,23900,23800,23800,380
2026-04-07 15:03:00,23800,23900,23800,23850,58
2026-04-07 15:04:00,23800,23900,23800,23850,124
2026-04-07 15:05:00,23900,23950,23900,23900,497
2026-04-07 15:06:00,23900,23900,23800,23800,266
2026-04-07 15:07:00,23800,23900,23800,23850,295
2026-04-07 15:08:00,23800,23900,23800,23900,83
2026-04-07 15:09:00,23900,23900,23850,23900,20
2026-04-07 15:10:00,23850,23900,23850,23850,384
2026-04-07 15:11:00,23850,23900,23800,23800,163
2026-04-07 15:12:00,23800,23900,23800,23900,166
2026-04-07 15:13:00,23850,23850,23800,23850,283
2026-04-07 15:14:00,23850,23900,23800,23900,137
2026-04-07 15:15:00,23900,23900,23850,23850,92
2026-04-07 15:16:00,23900,23900,23800,23850,389
2026-04-07 15:17:00,23850,23850,23800,23850,106
2026-04-07 15:18:00,23800,23850,23800,23800,520
2026-04-07 15:19:00,23800,23850,23750,23800,1580
2026-04-07 15:30:00,23800,23800,23800,23800,2209
2026-04-07 15:35:00,23800,23800,23800,23800,286
2026-04-08 09:00:00,25100,25500,24950,25400,17636
2026-04-08 09:01:00,25400,25400,25100,25150,3162
2026-04-08 09:02:00,25150,25300,25050,25200,6522
2026-04-08 09:03:00,25200,25300,25150,25250,4600
2026-04-08 09:04:00,25250,25300,25150,25200,3522
2026-04-08 09:05:00,25200,25250,25150,25200,2102
2026-04-08 09:06:00,25200,25250,25100,25150,2796
2026-04-08 09:07:00,25150,25200,25100,25150,1548
2026-04-08 09:08:00,25150,25200,25150,25200,2439
2026-04-08 09:09:00,25150,25250,25150,25250,4585
2026-04-08 09:10:00,25250,25450,25250,25400,9810
2026-04-08 09:11:00,25400,25450,25400,25450,3904
2026-04-08 09:12:00,25450,25600,25450,25600,9249
2026-04-08 09:13:00,25600,25600,25400,25500,3561
2026-04-08 09:14:00,25500,25500,25400,25400,2222
2026-04-08 09:15:00,25400,25450,25350,25400,2526
2026-04-08 09:16:00,25400,25500,25350,25450,2660
2026-04-08 09:17:00,25450,25500,25400,25450,2217
2026-04-08 09:18:00,25500,25600,25450,25600,2371
2026-04-08 09:19:00,25550,25600,25550,25600,3025
2026-04-08 09:20:00,25600,25600,25400,25400,2041
2026-04-08 09:21:00,25400,25450,25350,25350,820
2026-04-08 09:22:00,25350,25400,25300,25300,710
2026-04-08 09:23:00,25300,25350,25300,25300,697
2026-04-08 09:24:00,25300,25300,25200,25250,940
2026-04-08 09:25:00,25250,25250,25150,25150,2886
2026-04-08 09:26:00,25200,25200,25100,25100,1129
2026-04-08 09:27:00,25100,25125,25050,25050,733
2026-04-08 09:28:00,25050,25100,25000,25050,926
2026-04-08 09:29:00,25050,25250,25000,25250,3602
2026-04-08 09:30:00,25250,25250,25100,25100,1102
2026-04-08 09:31:00,25100,25200,25100,25100,295
2026-04-08 09:32:00,25150,25150,25100,25150,474
2026-04-08 09:33:00,25150,25150,25050,25100,1335
2026-04-08 09:34:00,25100,25100,25075,25100,330
2026-04-08 09:35:00,25100,25100,25075,25100,281
2026-04-08 09:36:00,25100,25200,25050,25150,2608
2026-04-08 09:37:00,25150,25150,25100,25100,94
2026-04-08 09:38:00,25100,25200,25100,25100,540
2026-04-08 09:39:00,25100,25200,25100,25100,448
2026-04-08 09:40:00,25100,25250,25100,25200,738
2026-04-08 09:41:00,25200,25250,25200,25200,1061
2026-04-08 09:42:00,25200,25250,25200,25200,149
2026-04-08 09:43:00,25250,25250,25200,25200,2197
2026-04-08 09:44:00,25250,25250,25200,25250,161
2026-04-08 09:45:00,25250,25300,25250,25300,1161
2026-04-08 09:46:00,25300,25500,25250,25500,3060
2026-04-08 09:47:00,25500,25500,25450,25450,876
2026-04-08 09:48:00,25450,25500,25450,25500,360
2026-04-08 09:49:00,25500,25550,25450,25500,3144
2026-04-08 09:50:00,25500,25550,25500,25500,213
2026-04-08 09:51:00,25500,25500,25450,25500,1567
2026-04-08 09:52:00,25450,25550,25450,25500,2010
2026-04-08 09:53:00,25500,25550,25500,25500,271
2026-04-08 09:54:00,25550,25550,25500,25500,560
2026-04-08 09:55:00,25550,25550,25350,25350,2031
2026-04-08 09:56:00,25400,25400,25350,25400,138
2026-04-08 09:57:00,25400,25450,25350,25450,1125
2026-04-08 09:58:00,25450,25450,25400,25400,317
2026-04-08 09:59:00,25400,25500,25400,25400,1046
2026-04-08 10:00:00,25400,25450,25400,25450,172
2026-04-08 10:01:00,25450,25450,25400,25450,346
2026-04-08 10:02:00,25450,25500,25450,25500,185
2026-04-08 10:03:00,25500,25500,25450,25500,206
2026-04-08 10:04:00,25500,25500,25450,25500,186
2026-04-08 10:05:00,25500,25500,25450,25450,698
2026-04-08 10:06:00,25500,25500,25400,25500,1075
2026-04-08 10:07:00,25450,25600,25450,25550,2932
2026-04-08 10:08:00,25550,25600,25550,25600,636
2026-04-08 10:09:00,25600,25600,25550,25550,210
2026-04-08 10:10:00,25550,25600,25550,25550,444
2026-04-08 10:11:00,25550,25600,25450,25550,712
2026-04-08 10:12:00,25550,25550,25450,25500,612
2026-04-08 10:13:00,25500,25500,25450,25500,468
2026-04-08 10:14:00,25500,25500,25450,25500,286
2026-04-08 10:15:00,25500,25500,25450,25450,387
2026-04-08 10:16:00,25450,25500,25450,25450,473
2026-04-08 10:17:00,25450,25500,25450,25500,177
2026-04-08 10:18:00,25500,25500,25450,25450,318
2026-04-08 10:19:00,25450,25450,25450,25450,653
2026-04-08 10:20:00,25450,25500,25450,25500,126
2026-04-08 10:21:00,25500,25500,25400,25400,590
2026-04-08 10:22:00,25450,25450,25400,25450,170
2026-04-08 10:23:00,25450,25500,25400,25500,1507
2026-04-08 10:24:00,25500,25650,25500,25600,6557
2026-04-08 10:25:00,25600,25650,25550,25650,1375
2026-04-08 10:26:00,25600,25700,25600,25600,4655
2026-04-08 10:27:00,25550,25600,25550,25550,136
2026-04-08 10:28:00,25600,25650,25550,25650,2113
2026-04-08 10:29:00,25650,25700,25650,25700,1430
2026-04-08 10:30:00,25700,25700,25600,25650,918
2026-04-08 10:31:00,25650,25700,25600,25700,480
2026-04-08 10:32:00,25700,25700,25650,25700,593
2026-04-08 10:33:00,25700,25700,25600,25650,554
2026-04-08 10:34:00,25650,25700,25650,25650,695
2026-04-08 10:35:00,25650,25700,25650,25650,308
2026-04-08 10:36:00,25650,25700,25650,25650,438
2026-04-08 10:37:00,25650,25700,25600,25600,1919
2026-04-08 10:38:00,25600,25600,25600,25600,703
2026-04-08 10:39:00,25600,25600,25600,25600,228
2026-04-08 10:40:00,25550,25600,25550,25600,353
2026-04-08 10:41:00,25600,25600,25550,25600,106
2026-04-08 10:42:00,25600,25600,25550,25550,95
2026-04-08 10:43:00,25550,25550,25550,25550,15
2026-04-08 10:44:00,25550,25600,25550,25550,604
2026-04-08 10:45:00,25550,25600,25550,25600,900
2026-04-08 10:46:00,25600,25600,25600,25600,11
2026-04-08 10:47:00,25550,25650,25550,25650,2184
2026-04-08 10:48:00,25600,25600,25600,25600,10
2026-04-08 10:49:00,25600,25600,25550,25600,535
2026-04-08 10:50:00,25600,25600,25600,25600,178
2026-04-08 10:51:00,25600,25600,25575,25600,91
2026-04-08 10:52:00,25550,25600,25550,25600,214
2026-04-08 10:53:00,25550,25600,25550,25600,143
2026-04-08 10:54:00,25600,25600,25550,25600,299
2026-04-08 10:55:00,25550,25750,25550,25750,9794
2026-04-08 10:56:00,25700,25750,25700,25750,175
2026-04-08 10:57:00,25750,25750,25650,25700,1856
2026-04-08 10:58:00,25700,25700,25650,25700,268
2026-04-08 10:59:00,25700,25750,25650,25650,112
2026-04-08 11:00:00,25700,25700,25650,25700,175
2026-04-08 11:01:00,25750,25750,25700,25750,10
2026-04-08 11:02:00,25750,25750,25700,25750,389
2026-04-08 11:03:00,25750,25750,25700,25700,202
2026-04-08 11:04:00,25700,25700,25650,25650,94
2026-04-08 11:05:00,25700,25700,25650,25650,661
2026-04-08 11:06:00,25700,25750,25650,25750,908
2026-04-08 11:07:00,25750,25750,25700,25750,1688
2026-04-08 11:08:00,25750,25750,25700,25750,2336
2026-04-08 11:09:00,25750,25750,25700,25750,308
2026-04-08 11:10:00,25750,25750,25700,25700,829
2026-04-08 11:11:00,25700,25700,25650,25650,266
2026-04-08 11:12:00,25650,25750,25650,25750,988
2026-04-08 11:13:00,25750,25800,25700,25800,2097
2026-04-08 11:14:00,25800,25800,25750,25800,1189
2026-04-08 11:15:00,25850,25850,25800,25800,86
2026-04-08 11:16:00,25800,25850,25800,25800,109
2026-04-08 11:17:00,25800,25850,25800,25850,404
2026-04-08 11:18:00,25850,25850,25800,25850,1253
2026-04-08 11:19:00,25850,25850,25800,25850,538
2026-04-08 11:20:00,25825,25875,25800,25850,589
2026-04-08 11:21:00,25800,25850,25800,25800,646
2026-04-08 11:22:00,25800,25850,25800,25800,726
2026-04-08 11:23:00,25850,25850,25800,25850,1023
2026-04-08 11:24:00,25900,25900,25850,25900,181
2026-04-08 11:25:00,25900,25900,25850,25850,418
2026-04-08 11:26:00,25850,25900,25850,25850,326
2026-04-08 11:27:00,25900,25900,25850,25900,286
2026-04-08 11:28:00,25900,25900,25800,25850,925
2026-04-08 11:29:00,25850,25850,25800,25850,36
2026-04-08 11:30:00,25850,25850,25800,25850,949
2026-04-08 11:31:00,25850,25900,25800,25850,249
2026-04-08 11:32:00,25850,25900,25800,25850,268
2026-04-08 11:33:00,25800,25900,25800,25800,169
2026-04-08 11:34:00,25800,25850,25800,25800,1029
2026-04-08 11:35:00,25800,25850,25750,25850,105
2026-04-08 11:36:00,25800,25850,25800,25850,264
2026-04-08 11:37:00,25850,25850,25800,25800,20
2026-04-08 11:38:00,25850,25850,25800,25800,243
2026-04-08 11:39:00,25800,25850,25800,25850,199
2026-04-08 11:40:00,25800,25850,25800,25800,341
2026-04-08 11:41:00,25800,25850,25800,25850,514
2026-04-08 11:42:00,25850,25850,25800,25850,279
2026-04-08 11:43:00,25850,25850,25800,25850,365
2026-04-08 11:44:00,25850,25850,25800,25850,816
2026-04-08 11:45:00,25850,25850,25850,25850,119
2026-04-08 11:46:00,25825,25850,25800,25800,173
2026-04-08 11:47:00,25800,25850,25800,25850,178
2026-04-08 11:48:00,25800,25800,25750,25750,518
2026-04-08 11:49:00,25750,25800,25750,25750,376
2026-04-08 11:50:00,25750,25800,25700,25800,437
2026-04-08 11:51:00,25800,25800,25750,25750,18
2026-04-08 11:52:00,25800,25850,25750,25800,412
2026-04-08 11:53:00,25850,25900,25850,25900,1139
2026-04-08 11:54:00,25900,25900,25850,25850,1320
2026-04-08 11:55:00,25850,25900,25850,25900,735
2026-04-08 11:56:00,25900,25900,25850,25900,567
2026-04-08 11:57:00,25900,25900,25850,25900,271
2026-04-08 11:58:00,25850,25900,25850,25850,205
2026-04-08 11:59:00,25850,25900,25850,25900,437
2026-04-08 12:00:00,25900,25900,25850,25850,212
2026-04-08 12:01:00,25900,25900,25850,25900,283
2026-04-08 12:02:00,25900,25900,25850,25900,281
2026-04-08 12:03:00,25900,25950,25850,25950,298
2026-04-08 12:04:00,25950,25950,25900,25950,145
2026-04-08 12:05:00,25950,25950,25900,25900,110
2026-04-08 12:06:00,25950,25950,25950,25950,829
2026-04-08 12:07:00,25950,26100,25900,26100,16996
2026-04-08 12:08:00,26100,26100,26050,26050,498
2026-04-08 12:09:00,26100,26100,26050,26100,2426
2026-04-08 12:10:00,26100,26100,26000,26100,1291
2026-04-08 12:11:00,26050,26100,26000,26050,670
2026-04-08 12:12:00,26050,26050,26000,26000,217
2026-04-08 12:13:00,26050,26050,26000,26050,471
2026-04-08 12:14:00,26000,26050,26000,26050,2500
2026-04-08 12:15:00,26050,26100,26000,26050,1357
2026-04-08 12:16:00,26100,26100,26000,26050,1196
2026-04-08 12:17:00,26050,26100,26050,26100,1107
2026-04-08 12:18:00,26100,26100,26050,26100,1131
2026-04-08 12:19:00,26050,26150,26050,26100,5419
2026-04-08 12:20:00,26100,26150,26050,26100,1459
2026-04-08 12:21:00,26100,26100,26050,26100,562
2026-04-08 12:22:00,26100,26100,26050,26050,1036
2026-04-08 12:23:00,26050,26050,26000,26050,67
2026-04-08 12:24:00,26050,26050,26050,26050,539
2026-04-08 12:25:00,26050,26100,26000,26050,396
2026-04-08 12:26:00,26050,26100,26050,26050,402
2026-04-08 12:27:00,26100,26150,26050,26150,1288
2026-04-08 12:28:00,26150,26150,26100,26150,392
2026-04-08 12:29:00,26100,26150,26100,26100,626
2026-04-08 12:30:00,26100,26150,26100,26100,571
2026-04-08 12:31:00,26150,26150,26150,26150,513
2026-04-08 12:32:00,26150,26250,26150,26250,5467
2026-04-08 12:33:00,26250,26300,26250,26300,1171
2026-04-08 12:34:00,26300,26300,26250,26300,1382
2026-04-08 12:35:00,26250,26300,26250,26300,786
2026-04-08 12:36:00,26300,26300,26250,26300,1915
2026-04-08 12:37:00,26300,26300,26200,26250,1912
2026-04-08 12:38:00,26250,26250,26100,26100,1134
2026-04-08 12:39:00,26200,26250,26100,26200,1050
2026-04-08 12:40:00,26200,26200,26100,26200,357
2026-04-08 12:41:00,26200,26200,26100,26100,251
2026-04-08 12:42:00,26100,26150,26100,26150,204
2026-04-08 12:43:00,26100,26150,26100,26100,307
2026-04-08 12:44:00,26100,26150,26100,26100,618
2026-04-08 12:45:00,26100,26100,26000,26000,979
2026-04-08 12:46:00,26000,26000,25950,25950,3533
2026-04-08 12:47:00,25950,26000,25900,25900,1363
2026-04-08 12:48:00,25900,25950,25850,25900,2968
2026-04-08 12:49:00,25950,25950,25900,25900,424
2026-04-08 12:50:00,25950,26000,25950,25950,156
2026-04-08 12:51:00,25950,25950,25950,25950,80
2026-04-08 12:52:00,26000,26000,25900,26000,919
2026-04-08 12:53:00,25900,26000,25900,26000,139
2026-04-08 12:54:00,26000,26000,25950,26000,147
2026-04-08 12:55:00,26000,26000,25950,25950,198
2026-04-08 12:56:00,25950,25950,25850,25850,4357
2026-04-08 12:57:00,25900,25950,25900,25900,945
2026-04-08 12:58:00,25900,26000,25900,25950,605
2026-04-08 12:59:00,25950,26000,25950,25950,273
2026-04-08 13:00:00,25950,26000,25950,25950,630
2026-04-08 13:01:00,25950,26000,25950,26000,4108
2026-04-08 13:02:00,26000,26050,26000,26050,839
2026-04-08 13:03:00,26050,26050,26000,26000,523
2026-04-08 13:04:00,25950,26000,25950,26000,348
2026-04-08 13:05:00,26000,26025,26000,26000,464
2026-04-08 13:06:00,26000,26050,26000,26050,487
2026-04-08 13:07:00,26050,26100,26000,26100,1261
2026-04-08 13:08:00,26050,26050,26000,26000,939
2026-04-08 13:09:00,26050,26050,26000,26000,46
2026-04-08 13:10:00,26000,26050,26000,26050,254
2026-04-08 13:11:00,26000,26050,26000,26000,598
2026-04-08 13:12:00,26000,26000,25950,25950,626
2026-04-08 13:13:00,25950,26000,25900,26000,369
2026-04-08 13:14:00,25950,26000,25900,26000,4634
2026-04-08 13:15:00,26000,26000,25900,25900,272
2026-04-08 13:16:00,25900,25925,25900,25925,81
2026-04-08 13:17:00,25925,26000,25900,25900,1197
2026-04-08 13:18:00,25900,26000,25900,25950,107
2026-04-08 13:19:00,25950,25950,25900,25950,293
2026-04-08 13:20:00,25950,25950,25900,25900,465
2026-04-08 13:21:00,25900,25950,25900,25950,390
2026-04-08 13:22:00,25950,25950,25850,25850,1229
2026-04-08 13:23:00,25850,25900,25850,25900,604
2026-04-08 13:24:00,25900,25900,25850,25900,773
2026-04-08 13:25:00,25900,25900,25850,25900,59
2026-04-08 13:26:00,25900,25900,25900,25900,349
2026-04-08 13:27:00,25900,25900,25850,25900,276
2026-04-08 13:28:00,25900,25900,25800,25800,670
2026-04-08 13:29:00,25800,25850,25800,25800,207
2026-04-08 13:30:00,25850,25900,25850,25900,835
2026-04-08 13:31:00,25900,26000,25900,26000,469
2026-04-08 13:32:00,26000,26000,26000,26000,808
2026-04-08 13:33:00,26000,26000,25950,25950,2460
2026-04-08 13:34:00,25950,25950,25900,25900,139
2026-04-08 13:35:00,25950,25950,25850,25900,176
2026-04-08 13:36:00,25950,25950,25850,25900,91
2026-04-08 13:37:00,25900,25900,25900,25900,166
2026-04-08 13:38:00,25900,25900,25850,25850,1447
2026-04-08 13:39:00,25850,25900,25850,25900,85
2026-04-08 13:40:00,25850,25900,25850,25900,66
2026-04-08 13:41:00,25900,25900,25850,25900,200
2026-04-08 13:42:00,25900,25900,25850,25900,1071
2026-04-08 13:43:00,25900,25950,25850,25900,2516
2026-04-08 13:44:00,25900,25950,25900,25950,456
2026-04-08 13:45:00,25950,26000,25950,26000,905
2026-04-08 13:46:00,26000,26000,25950,26000,248
2026-04-08 13:47:00,26000,26050,26000,26050,1295
2026-04-08 13:48:00,26050,26050,26000,26000,690
2026-04-08 13:49:00,26050,26050,26025,26050,62
2026-04-08 13:50:00,26050,26050,26025,26050,62
2026-04-08 13:51:00,26000,26050,26000,26050,56
2026-04-08 13:52:00,26050,26050,26000,26050,287
2026-04-08 13:53:00,26050,26050,26000,26050,68
2026-04-08 13:54:00,26050,26050,26000,26000,195
2026-04-08 13:55:00,26050,26050,26000,26000,925
2026-04-08 13:56:00,26050,26050,26000,26000,256
2026-04-08 13:57:00,26000,26050,26000,26000,77
2026-04-08 13:58:00,26000,26050,25950,26050,1198
2026-04-08 13:59:00,26000,26050,26000,26000,1652
2026-04-08 14:00:00,26000,26000,25950,25950,400
2026-04-08 14:01:00,25950,25950,25850,25900,454
2026-04-08 14:02:00,25900,25900,25900,25900,284
2026-04-08 14:03:00,25900,25900,25850,25850,1058
2026-04-08 14:04:00,25900,25900,25850,25900,177
2026-04-08 14:05:00,25900,25900,25900,25900,7
2026-04-08 14:06:00,25900,25900,25850,25850,358
2026-04-08 14:07:00,25850,25900,25850,25900,1055
2026-04-08 14:08:00,25900,25900,25850,25900,389
2026-04-08 14:09:00,25900,25900,25800,25825,910
2026-04-08 14:10:00,25800,25900,25800,25900,1275
2026-04-08 14:11:00,25900,25900,25900,25900,704
2026-04-08 14:12:00,25900,25900,25850,25900,1351
2026-04-08 14:13:00,25900,25900,25900,25900,510
2026-04-08 14:14:00,25900,25900,25850,25850,109
2026-04-08 14:15:00,25850,25900,25850,25900,565
2026-04-08 14:16:00,25900,25950,25900,25950,834
2026-04-08 14:17:00,25900,25900,25850,25900,201
2026-04-08 14:18:00,25850,25900,25850,25850,907
2026-04-08 14:19:00,25850,25850,25800,25850,645
2026-04-08 14:20:00,25900,25900,25850,25850,120
2026-04-08 14:21:00,25850,25850,25800,25800,420
2026-04-08 14:22:00,25850,25950,25800,25950,2173
2026-04-08 14:23:00,25900,25950,25850,25900,1485
2026-04-08 14:24:00,25850,25900,25800,25800,301
2026-04-08 14:25:00,25800,25850,25800,25850,100
2026-04-08 14:26:00,25850,25850,25800,25850,164
2026-04-08 14:27:00,25850,25850,25800,25850,590
2026-04-08 14:28:00,25850,25850,25800,25800,2021
2026-04-08 14:29:00,25750,25800,25700,25800,2199
2026-04-08 14:30:00,25750,25750,25700,25750,217
2026-04-08 14:31:00,25750,25800,25750,25800,645
2026-04-08 14:32:00,25800,25850,25750,25850,1074
2026-04-08 14:33:00,25850,25850,25800,25850,149
2026-04-08 14:34:00,25850,25900,25800,25800,937
2026-04-08 14:35:00,25850,25850,25800,25850,94
2026-04-08 14:36:00,25850,25850,25800,25850,251
2026-04-08 14:37:00,25850,25850,25850,25850,455
2026-04-08 14:38:00,25850,25850,25750,25750,2948
2026-04-08 14:39:00,25750,25800,25700,25750,808
2026-04-08 14:40:00,25700,25800,25700,25800,346
2026-04-08 14:41:00,25750,25800,25750,25800,266
2026-04-08 14:42:00,25800,25800,25750,25750,423
2026-04-08 14:43:00,25750,25800,25700,25750,675
2026-04-08 14:44:00,25750,25800,25700,25750,896
2026-04-08 14:45:00,25750,25800,25700,25750,195
2026-04-08 14:46:00,25800,25900,25750,25900,1573
2026-04-08 14:47:00,25900,25900,25850,25850,250
2026-04-08 14:48:00,25850,25900,25800,25850,1021
2026-04-08 14:49:00,25850,25850,25850,25850,604
2026-04-08 14:50:00,25850,25900,25850,25900,521
2026-04-08 14:51:00,25900,25950,25900,25950,1719
2026-04-08 14:52:00,25950,25950,25850,25900,523
2026-04-08 14:53:00,25950,26000,25950,26000,357
2026-04-08 14:54:00,26000,26000,25950,26000,267
2026-04-08 14:55:00,26000,26000,25950,26000,1150
2026-04-08 14:56:00,25950,26000,25950,26000,272
2026-04-08 14:57:00,25950,26000,25900,25900,713
2026-04-08 14:58:00,25900,25950,25900,25950,347
2026-04-08 14:59:00,25950,26000,25850,25850,840
2026-04-08 15:00:00,25900,25950,25900,25900,1018
2026-04-08 15:01:00,25950,25950,25900,25950,81
2026-04-08 15:02:00,25950,26000,25950,26000,1005
2026-04-08 15:03:00,26000,26000,25900,26000,242
2026-04-08 15:04:00,26000,26000,25950,25950,823
2026-04-08 15:05:00,26000,26100,26000,26050,2088
2026-04-08 15:06:00,26050,26050,26000,26050,612
2026-04-08 15:07:00,26050,26050,26000,26050,1225
2026-04-08 15:08:00,26050,26100,26000,26050,397
2026-04-08 15:09:00,26050,26050,26050,26050,151
2026-04-08 15:10:00,26000,26100,26000,26000,670
2026-04-08 15:11:00,26050,26050,26000,26000,107
2026-04-08 15:12:00,26000,26100,26000,26050,1129
2026-04-08 15:13:00,26050,26050,26050,26050,2049
2026-04-08 15:14:00,26050,26050,25950,25950,593
2026-04-08 15:15:00,25950,26000,25950,26000,503
2026-04-08 15:16:00,26000,26000,25950,26000,636
2026-04-08 15:17:00,26000,26000,25850,25850,1865
2026-04-08 15:18:00,25900,25950,25850,25950,703
2026-04-08 15:19:00,25950,26000,25900,26000,1342
2026-04-08 15:30:00,25850,25850,25850,25850,6736
2026-04-08 15:35:00,25850,25850,25850,25850,95
2026-04-09 09:00:00,25850,25900,25500,25500,22481
2026-04-09 09:01:00,25500,25600,25350,25500,6705
2026-04-09 09:02:00,25450,25900,25350,25450,2377
2026-04-09 09:03:00,25450,25750,25450,25650,752
2026-04-09 09:04:00,25650,25650,25300,25600,6922
2026-04-09 09:05:00,25600,25650,25450,25600,1690
2026-04-09 09:06:00,25500,25650,25500,25600,555
2026-04-09 09:07:00,25550,25650,25500,25500,2279
2026-04-09 09:08:00,25500,25650,25450,25550,821
2026-04-09 09:09:00,25550,25700,25500,25600,4903
2026-04-09 09:10:00,25700,25750,25650,25650,1404
2026-04-09 09:11:00,25650,25800,25650,25700,1124
2026-04-09 09:12:00,25750,25950,25750,25850,1644
2026-04-09 09:13:00,25850,25850,25700,25800,709
2026-04-09 09:14:00,25800,25800,25650,25700,2722
2026-04-09 09:15:00,25650,25700,25550,25600,1568
2026-04-09 09:16:00,25600,25700,25600,25700,528
2026-04-09 09:17:00,25650,25700,25600,25700,397
2026-04-09 09:18:00,25700,25700,25600,25650,577
2026-04-09 09:19:00,25600,25650,25500,25600,1648
2026-04-09 09:20:00,25500,25600,25500,25500,1896
2026-04-09 09:21:00,25500,25550,25500,25500,4364
2026-04-09 09:22:00,25500,25550,25400,25400,1011
2026-04-09 09:23:00,25400,25500,25350,25450,1083
2026-04-09 09:24:00,25450,25500,25350,25400,1805
2026-04-09 09:25:00,25400,25500,25350,25500,587
2026-04-09 09:26:00,25500,25500,25400,25500,660
2026-04-09 09:27:00,25500,25700,25450,25550,760
2026-04-09 09:28:00,25550,25700,25500,25550,785
2026-04-09 09:29:00,25550,25600,25450,25500,1065
2026-04-09 09:30:00,25500,25500,25400,25400,389
2026-04-09 09:31:00,25450,25500,25400,25450,566
2026-04-09 09:32:00,25450,25450,25350,25350,1384
2026-04-09 09:33:00,25400,25450,25350,25400,1084
2026-04-09 09:34:00,25400,25450,25350,25400,1290
2026-04-09 09:35:00,25400,25500,25350,25400,485
2026-04-09 09:36:00,25350,25400,25350,25400,530
2026-04-09 09:37:00,25400,25500,25400,25400,1172
2026-04-09 09:38:00,25400,25500,25350,25350,928
2026-04-09 09:39:00,25350,25500,25350,25500,749
2026-04-09 09:40:00,25500,25500,25300,25400,630
2026-04-09 09:41:00,25400,25400,25350,25400,229
2026-04-09 09:42:00,25350,25350,25300,25350,532
2026-04-09 09:43:00,25350,25350,25350,25350,142
2026-04-09 09:44:00,25350,25350,25300,25300,1145
2026-04-09 09:45:00,25350,25350,25300,25300,1572
2026-04-09 09:46:00,25250,25300,25150,25200,2662
2026-04-09 09:47:00,25200,25300,25150,25150,144
2026-04-09 09:48:00,25150,25300,25150,25150,1289
2026-04-09 09:49:00,25150,25250,25150,25200,898
2026-04-09 09:50:00,25200,25250,25200,25200,169
2026-04-09 09:51:00,25200,25200,25150,25200,400
2026-04-09 09:52:00,25200,25250,25150,25150,347
2026-04-09 09:53:00,25200,25200,25150,25150,268
2026-04-09 09:54:00,25150,25250,25150,25250,1086
2026-04-09 09:55:00,25250,25250,25100,25100,375
2026-04-09 09:56:00,25150,25200,25150,25200,195
2026-04-09 09:57:00,25150,25200,25150,25200,392
2026-04-09 09:58:00,25150,25200,25150,25150,271
2026-04-09 09:59:00,25150,25150,25100,25100,1289
2026-04-09 10:00:00,25100,25200,25100,25100,1221
2026-04-09 10:01:00,25100,25150,25100,25100,765
2026-04-09 10:02:00,25100,25150,25100,25100,383
2026-04-09 10:03:00,25100,25100,25000,25000,4158
2026-04-09 10:04:00,25000,25050,25000,25000,2599
2026-04-09 10:05:00,25000,25050,25000,25000,949
2026-04-09 10:06:00,25000,25000,25000,25000,611
2026-04-09 10:07:00,25000,25000,24950,24950,919
2026-04-09 10:08:00,25000,25000,24900,24950,1283
2026-04-09 10:09:00,24900,24950,24850,24950,1947
2026-04-09 10:10:00,24900,24900,24850,24900,837
2026-04-09 10:11:00,24900,24900,24850,24850,151
2026-04-09 10:12:00,24850,24900,24800,24850,1456
2026-04-09 10:13:00,24850,24950,24850,24950,654
2026-04-09 10:14:00,24950,24950,24900,24900,162
2026-04-09 10:15:00,24900,25000,24900,24900,292
2026-04-09 10:16:00,24900,24900,24800,24800,989
2026-04-09 10:17:00,24800,24900,24800,24900,2352
2026-04-09 10:18:00,24800,24900,24800,24850,378
2026-04-09 10:19:00,24800,24850,24750,24750,1021
2026-04-09 10:20:00,24750,24800,24700,24700,1364
2026-04-09 10:21:00,24800,24850,24750,24750,1475
2026-04-09 10:22:00,24700,24800,24700,24700,521
2026-04-09 10:23:00,24700,24700,24650,24650,1310
2026-04-09 10:24:00,24600,24700,24600,24600,1534
2026-04-09 10:25:00,24650,24700,24550,24625,1305
2026-04-09 10:26:00,24625,24700,24550,24650,868
2026-04-09 10:27:00,24700,24800,24650,24650,471
2026-04-09 10:28:00,24700,24900,24600,24900,1786
2026-04-09 10:29:00,24750,24900,24650,24650,1330
2026-04-09 10:30:00,24650,24750,24550,24700,921
2026-04-09 10:31:00,24700,24750,24600,24700,629
2026-04-09 10:32:00,24750,24750,24650,24700,853
2026-04-09 10:33:00,24700,24750,24600,24750,486
2026-04-09 10:34:00,24750,24850,24500,24800,3492
2026-04-09 10:35:00,24800,24850,24600,24750,480
2026-04-09 10:36:00,24700,24800,24700,24800,293
2026-04-09 10:37:00,24700,24850,24700,24850,1036
2026-04-09 10:38:00,24800,24850,24800,24800,326
2026-04-09 10:39:00,24800,24850,24750,24800,134
2026-04-09 10:40:00,24800,24900,24800,24900,192
2026-04-09 10:41:00,24800,24900,24750,24800,1071
2026-04-09 10:42:00,24800,24900,24750,24900,443
2026-04-09 10:43:00,24800,24900,24750,24750,808
2026-04-09 10:44:00,24750,24750,24700,24750,143
2026-04-09 10:45:00,24700,24750,24700,24750,421
2026-04-09 10:46:00,24750,24750,24600,24700,1272
2026-04-09 10:47:00,24650,24750,24550,24600,616
2026-04-09 10:48:00,24600,24750,24550,24750,304
2026-04-09 10:49:00,24700,24750,24650,24650,166
2026-04-09 10:50:00,24700,24750,24700,24750,165
2026-04-09 10:51:00,24750,24750,24700,24750,347
2026-04-09 10:52:00,24750,24800,24700,24800,878
2026-04-09 10:53:00,24800,24800,24650,24800,321
2026-04-09 10:54:00,24700,24800,24700,24800,224
2026-04-09 10:55:00,24750,24800,24700,24800,193
2026-04-09 10:56:00,24800,24850,24750,24850,1347
2026-04-09 10:57:00,24800,24850,24700,24800,642
2026-04-09 10:58:00,24800,24800,24800,24800,44
2026-04-09 10:59:00,24800,24850,24750,24750,150
2026-04-09 11:00:00,24750,24850,24600,24600,6960
2026-04-09 11:01:00,24650,24650,24550,24650,2927
2026-04-09 11:02:00,24650,24650,24350,24400,12782
2026-04-09 11:03:00,24400,24450,24300,24400,3977
2026-04-09 11:04:00,24400,24500,24350,24400,7777
2026-04-09 11:05:00,24400,24400,24100,24100,8484
2026-04-09 11:06:00,24150,24200,24050,24100,3536
2026-04-09 11:07:00,24100,24250,24100,24200,2770
2026-04-09 11:08:00,24200,24250,24150,24150,2116
2026-04-09 11:09:00,24150,24200,24100,24200,2142
2026-04-09 11:10:00,24150,24350,24150,24200,3566
2026-04-09 11:11:00,24200,24250,24150,24200,2528
2026-04-09 11:12:00,24200,24250,24200,24200,3168
2026-04-09 11:13:00,24200,24250,24150,24250,2379
2026-04-09 11:14:00,24250,24250,24200,24250,1700
2026-04-09 11:15:00,24250,24250,24050,24100,8672
2026-04-09 11:16:00,24100,24150,24050,24150,1803
2026-04-09 11:17:00,24100,24150,24100,24150,1661
2026-04-09 11:18:00,24150,24200,24050,24100,3709
2026-04-09 11:19:00,24100,24100,24050,24100,1747
2026-04-09 11:20:00,24100,24100,24050,24100,2289
2026-04-09 11:21:00,24100,24100,23950,24050,11897
2026-04-09 11:22:00,24050,24050,23950,23950,2210
2026-04-09 11:23:00,24000,24000,23950,23950,3867
2026-04-09 11:24:00,24000,24050,23950,24050,3399
2026-04-09 11:25:00,24050,24050,24000,24000,2022
2026-04-09 11:26:00,24000,24000,23900,23950,5076
2026-04-09 11:27:00,23950,24000,23900,24000,1407
2026-04-09 11:28:00,23975,24000,23900,23950,3721
2026-04-09 11:29:00,23950,24000,23900,24000,2600
2026-04-09 11:30:00,24000,24050,23900,24000,1738
2026-04-09 11:31:00,24000,24000,23900,23950,3125
2026-04-09 11:32:00,23950,24000,23950,23950,1556
2026-04-09 11:33:00,23950,24000,23950,23950,2385
2026-04-09 11:34:00,23950,23950,23850,23900,3419
2026-04-09 11:35:00,23900,23950,23850,23950,1898
2026-04-09 11:36:00,23900,23950,23850,23900,3877
2026-04-09 11:37:00,23900,23950,23900,23900,1472
2026-04-09 11:38:00,23900,23950,23850,23850,2059
2026-04-09 11:39:00,23850,23900,23800,23850,2722
2026-04-09 11:40:00,23850,23900,23800,23850,2360
2026-04-09 11:41:00,23850,23875,23800,23850,5468
2026-04-09 11:42:00,23850,23900,23800,23850,4207
2026-04-09 11:43:00,23900,23900,23850,23900,952
2026-04-09 11:44:00,23850,23900,23850,23900,4099
2026-04-09 11:45:00,23850,23900,23850,23900,1900
2026-04-09 11:46:00,23850,23900,23850,23850,2636
2026-04-09 11:47:00,23850,23900,23800,23850,2555
2026-04-09 11:48:00,23850,23900,23800,23900,3278
2026-04-09 11:49:00,23900,23900,23800,23900,4502
2026-04-09 11:50:00,23925,23925,23850,23900,1400
2026-04-09 11:51:00,23850,24000,23850,23850,2992
2026-04-09 11:52:00,23900,23900,23850,23900,2335
2026-04-09 11:53:00,23900,23950,23850,23900,912
2026-04-09 11:54:00,23900,23950,23850,23900,3370
2026-04-09 11:55:00,23950,23950,23850,23900,1371
2026-04-09 11:56:00,23900,23900,23850,23850,1596
2026-04-09 11:57:00,23900,23900,23800,23900,5365
2026-04-09 11:58:00,23850,23900,23800,23850,1226
2026-04-09 11:59:00,23850,23900,23800,23850,3123
2026-04-09 12:00:00,23850,23900,23800,23850,1482
2026-04-09 12:01:00,23850,23900,23800,23900,1894
2026-04-09 12:02:00,23900,23900,23850,23850,3710
2026-04-09 12:03:00,23850,23900,23850,23900,1291
2026-04-09 12:04:00,23850,23950,23800,23850,2035
2026-04-09 12:05:00,23850,24000,23800,23850,3625
2026-04-09 12:06:00,23850,23900,23800,23850,2038
2026-04-09 12:07:00,23850,23900,23750,23800,8710
2026-04-09 12:08:00,23800,23850,23750,23800,1598
2026-04-09 12:09:00,23800,23850,23750,23850,1948
2026-04-09 12:10:00,23850,23850,23750,23750,3228
2026-04-09 12:11:00,23800,23800,23750,23800,1649
2026-04-09 12:12:00,23800,23900,23750,23750,4300
2026-04-09 12:13:00,23800,23900,23750,23850,3767
2026-04-09 12:14:00,23850,23900,23800,23850,994
2026-04-09 12:15:00,23850,23900,23750,23750,4065
2026-04-09 12:16:00,23775,23800,23750,23800,1639
2026-04-09 12:17:00,23800,23800,23750,23750,3573
2026-04-09 12:18:00,23750,23800,23700,23800,1394
2026-04-09 12:19:00,23750,23800,23750,23800,2514
2026-04-09 12:20:00,23800,23800,23750,23750,2798
2026-04-09 12:21:00,23800,23850,23700,23800,2561
2026-04-09 12:22:00,23800,23850,23750,23800,2916
2026-04-09 12:23:00,23800,23850,23750,23800,3171
2026-04-09 12:24:00,23850,23850,23750,23825,1050
2026-04-09 12:25:00,23800,23850,23700,23750,5489
2026-04-09 12:26:00,23750,23800,23700,23800,1333
2026-04-09 12:27:00,23800,23800,23750,23800,1665
2026-04-09 12:28:00,23800,23800,23750,23800,3213
2026-04-09 12:29:00,23800,23800,23700,23800,1467
2026-04-09 12:30:00,23800,23800,23700,23750,4424
2026-04-09 12:31:00,23750,23800,23750,23800,1114
2026-04-09 12:32:00,23800,23850,23800,23800,2277
2026-04-09 12:33:00,23850,23850,23750,23800,3288
2026-04-09 12:34:00,23800,23850,23750,23800,1278
2026-04-09 12:35:00,23800,23800,23750,23750,2473
2026-04-09 12:36:00,23800,23800,23700,23700,2662
2026-04-09 12:37:00,23750,23800,23700,23800,2113
2026-04-09 12:38:00,23800,23850,23750,23800,4415
2026-04-09 12:39:00,23800,23850,23750,23800,1053
2026-04-09 12:40:00,23850,23850,23800,23850,1710
2026-04-09 12:41:00,23800,23850,23800,23850,3334
2026-04-09 12:42:00,23850,23850,23800,23850,1528
2026-04-09 12:43:00,23850,23850,23750,23750,3063
2026-04-09 12:44:00,23850,23850,23750,23800,1400
2026-04-09 12:45:00,23750,23825,23750,23800,1627
2026-04-09 12:46:00,23800,23800,23700,23750,4286
2026-04-09 12:47:00,23750,23750,23700,23700,1833
2026-04-09 12:48:00,23750,23800,23700,23750,6068
2026-04-09 12:49:00,23750,23750,23700,23750,1944
2026-04-09 12:50:00,23750,23800,23750,23750,1199
2026-04-09 12:51:00,23750,23850,23750,23800,3431
2026-04-09 12:52:00,23800,23825,23750,23825,1097
2026-04-09 12:53:00,23825,23825,23750,23800,1331
2026-04-09 12:54:00,23750,23800,23700,23750,3982
2026-04-09 12:55:00,23750,23750,23700,23750,1441
2026-04-09 12:56:00,23750,23750,23700,23750,3207
2026-04-09 12:57:00,23750,23800,23700,23750,1666
2026-04-09 12:58:00,23800,23800,23700,23750,1219
2026-04-09 12:59:00,23750,23750,23700,23750,7370
2026-04-09 13:00:00,23750,23750,23700,23700,2581
2026-04-09 13:01:00,23700,23700,23650,23700,2935
2026-04-09 13:02:00,23650,23700,23650,23700,2983
2026-04-09 13:03:00,23700,23700,23600,23650,6977
2026-04-09 13:04:00,23650,23750,23600,23650,6311
2026-04-09 13:05:00,23700,23700,23600,23600,1459
2026-04-09 13:06:00,23650,23650,23600,23650,3436
2026-04-09 13:07:00,23650,23650,23600,23650,1816
2026-04-09 13:08:00,23650,23650,23600,23650,1886
2026-04-09 13:09:00,23650,23650,23550,23550,4539
2026-04-09 13:10:00,23600,23650,23550,23600,3047
2026-04-09 13:11:00,23600,23650,23550,23600,2235
2026-04-09 13:12:00,23600,23600,23550,23600,3861
2026-04-09 13:13:00,23550,23700,23550,23650,3599
2026-04-09 13:14:00,23650,23700,23600,23650,2216
2026-04-09 13:15:00,23600,23650,23600,23650,2755
2026-04-09 13:16:00,23650,23750,23600,23700,4083
2026-04-09 13:17:00,23700,23750,23600,23700,3481
2026-04-09 13:18:00,23700,23750,23650,23700,1305
2026-04-09 13:19:00,23700,23700,23600,23650,2161
2026-04-09 13:20:00,23600,23700,23600,23650,3704
2026-04-09 13:21:00,23650,23650,23600,23600,770
2026-04-09 13:22:00,23600,23650,23600,23650,3130
2026-04-09 13:23:00,23650,23650,23600,23650,2540
2026-04-09 13:24:00,23625,23650,23550,23600,1632
2026-04-09 13:25:00,23600,23600,23550,23550,3486
2026-04-09 13:26:00,23600,23600,23550,23600,2480
2026-04-09 13:27:00,23600,23650,23550,23550,7238
2026-04-09 13:28:00,23600,23600,23550,23550,3466
2026-04-09 13:29:00,23600,23650,23500,23550,2235
2026-04-09 13:30:00,23550,23600,23550,23550,2124
2026-04-09 13:31:00,23550,23600,23550,23600,1416
2026-04-09 13:32:00,23550,23575,23500,23550,2649
2026-04-09 13:33:00,23550,23600,23500,23600,2624
2026-04-09 13:34:00,23600,23600,23550,23550,1516
2026-04-09 13:35:00,23600,23650,23550,23600,3336
2026-04-09 13:36:00,23600,23700,23550,23600,2381
2026-04-09 13:37:00,23600,23750,23550,23650,5876
2026-04-09 13:38:00,23650,23750,23650,23650,3292
2026-04-09 13:39:00,23650,23650,23600,23600,1432
2026-04-09 13:40:00,23650,23700,23550,23550,3044
2026-04-09 13:41:00,23650,23650,23600,23650,1300
2026-04-09 13:42:00,23650,23650,23550,23600,1372
2026-04-09 13:43:00,23600,23750,23550,23650,4106
2026-04-09 13:44:00,23650,23650,23550,23600,1100
2026-04-09 13:45:00,23650,23650,23550,23650,2126
2026-04-09 13:46:00,23600,23750,23550,23650,3306
2026-04-09 13:47:00,23700,23700,23600,23700,1626
2026-04-09 13:48:00,23700,23700,23600,23700,4206
2026-04-09 13:49:00,23700,23700,23600,23600,1590
2026-04-09 13:50:00,23600,23700,23600,23700,2008
2026-04-09 13:51:00,23700,23700,23600,23700,2970
2026-04-09 13:52:00,23700,23750,23650,23750,1517
2026-04-09 13:53:00,23750,23750,23650,23700,3068
2026-04-09 13:54:00,23700,23700,23650,23700,1297
2026-04-09 13:55:00,23700,23700,23600,23700,1357
2026-04-09 13:56:00,23700,23700,23650,23700,3014
2026-04-09 13:57:00,23700,23750,23600,23650,1834
2026-04-09 13:58:00,23750,23750,23600,23700,2263
2026-04-09 13:59:00,23700,23700,23650,23700,2458
2026-04-09 14:00:00,23650,23700,23600,23650,1862
2026-04-09 14:01:00,23600,23650,23600,23650,3248
2026-04-09 14:02:00,23650,23650,23600,23600,1608
2026-04-09 14:03:00,23650,23650,23600,23600,3737
2026-04-09 14:04:00,23600,23650,23600,23600,4394
2026-04-09 14:05:00,23650,23650,23550,23550,1543
2026-04-09 14:06:00,23600,23600,23550,23550,3495
2026-04-09 14:07:00,23600,23650,23550,23650,1305
2026-04-09 14:08:00,23650,23650,23550,23550,2170
2026-04-09 14:09:00,23550,23600,23550,23550,2755
2026-04-09 14:10:00,23650,23650,23550,23600,1344
2026-04-09 14:11:00,23600,23600,23550,23600,2840
2026-04-09 14:12:00,23550,23600,23500,23550,3109
2026-04-09 14:13:00,23550,23550,23500,23550,1551
2026-04-09 14:14:00,23550,23550,23500,23550,3301
2026-04-09 14:15:00,23550,23600,23500,23500,1957
2026-04-09 14:16:00,23550,23550,23500,23500,3459
2026-04-09 14:17:00,23500,23650,23500,23650,2734
2026-04-09 14:18:00,23650,23650,23500,23550,8811
2026-04-09 14:19:00,23550,23700,23550,23600,4045
2026-04-09 14:20:00,23550,23700,23550,23600,2195
2026-04-09 14:21:00,23600,23650,23550,23550,2807
2026-04-09 14:22:00,23600,23625,23550,23600,2993
2026-04-09 14:23:00,23550,23600,23550,23600,1708
2026-04-09 14:24:00,23600,23650,23550,23650,2395
2026-04-09 14:25:00,23600,23650,23550,23600,2610
2026-04-09 14:26:00,23550,23600,23550,23600,2209
2026-04-09 14:27:00,23650,23700,23550,23600,3075
2026-04-09 14:28:00,23650,23700,23550,23650,1519
2026-04-09 14:29:00,23600,23650,23550,23650,2521
2026-04-09 14:30:00,23650,23700,23550,23650,2333
2026-04-09 14:31:00,23650,23700,23600,23600,1985
2026-04-09 14:32:00,23600,23700,23600,23700,3703
2026-04-09 14:33:00,23600,23650,23600,23600,1324
2026-04-09 14:34:00,23600,23700,23600,23600,3661
2026-04-09 14:35:00,23600,23700,23600,23700,3083
2026-04-09 14:36:00,23700,23750,23650,23650,1726
2026-04-09 14:37:00,23700,23750,23650,23650,3498
2026-04-09 14:38:00,23650,23750,23600,23750,3739
2026-04-09 14:39:00,23750,23800,23650,23650,3380
2026-04-09 14:40:00,23650,23800,23650,23700,2149
2026-04-09 14:41:00,23700,23700,23650,23650,1676
2026-04-09 14:42:00,23700,23700,23650,23650,2775
2026-04-09 14:43:00,23650,23700,23600,23650,2281
2026-04-09 14:44:00,23650,23700,23600,23600,2333
2026-04-09 14:45:00,23650,23700,23600,23600,4244
2026-04-09 14:46:00,23650,23650,23600,23600,1904
2026-04-09 14:47:00,23600,23650,23600,23650,2659
2026-04-09 14:48:00,23600,23650,23600,23650,3790
2026-04-09 14:49:00,23650,23700,23600,23650,1478
2026-04-09 14:50:00,23600,23650,23600,23600,5578
2026-04-09 14:51:00,23600,23650,23550,23600,3602
2026-04-09 14:52:00,23600,23600,23550,23600,2815
2026-04-09 14:53:00,23550,23600,23550,23550,2198
2026-04-09 14:54:00,23550,23600,23550,23600,2322
2026-04-09 14:55:00,23600,23600,23550,23600,2699
2026-04-09 14:56:00,23550,23650,23550,23550,3152
2026-04-09 14:57:00,23600,23600,23550,23550,3374
2026-04-09 14:58:00,23550,23600,23550,23550,2201
2026-04-09 14:59:00,23550,23600,23550,23600,1967
2026-04-09 15:00:00,23600,23650,23550,23600,2216
2026-04-09 15:01:00,23600,23600,23550,23600,2438
2026-04-09 15:02:00,23600,23650,23550,23650,1181
2026-04-09 15:03:00,23600,23600,23550,23600,2211
2026-04-09 15:04:00,23550,23650,23550,23600,2904
2026-04-09 15:05:00,23600,23650,23550,23600,3025
2026-04-09 15:06:00,23600,23650,23550,23600,2121
2026-04-09 15:07:00,23600,23650,23550,23600,3000
2026-04-09 15:08:00,23550,23650,23550,23600,2714
2026-04-09 15:09:00,23600,23650,23550,23550,7896
2026-04-09 15:10:00,23550,23700,23550,23600,3383
2026-04-09 15:11:00,23650,23700,23550,23600,2898
2026-04-09 15:12:00,23600,23650,23600,23650,1223
2026-04-09 15:13:00,23650,23700,23600,23600,2556
2026-04-09 15:14:00,23650,23700,23600,23650,3097
2026-04-09 15:15:00,23650,23700,23650,23650,2342
2026-04-09 15:16:00,23650,23750,23600,23750,5348
2026-04-09 15:17:00,23650,23700,23650,23700,2466
2026-04-09 15:18:00,23700,23750,23650,23700,2586
2026-04-09 15:19:00,23700,23750,23650,23750,4288
2026-04-09 15:30:00,23600,23600,23600,23600,31270
2026-04-09 15:35:00,23600,23600,23600,23600,116
2026-04-10 09:00:00,24350,24350,23900,24000,16520
2026-04-10 09:01:00,23950,24300,23850,24050,9851
2026-04-10 09:02:00,24000,24050,23950,23950,9039
2026-04-10 09:03:00,24000,24000,23750,23850,5636
2026-04-10 09:04:00,23850,23950,23800,23850,2016
2026-04-10 09:05:00,23900,23950,23850,23850,1534
2026-04-10 09:06:00,23900,23950,23800,23850,3172
2026-04-10 09:07:00,23900,23900,23850,23850,1545
2026-04-10 09:08:00,23850,23950,23800,23950,5697
2026-04-10 09:09:00,23900,23950,23800,23900,2921
2026-04-10 09:10:00,23900,23900,23800,23800,2312
2026-04-10 09:11:00,23800,23850,23800,23800,2033
2026-04-10 09:12:00,23800,23850,23750,23750,1609
2026-04-10 09:13:00,23750,23750,23700,23700,2816
2026-04-10 09:14:00,23700,23750,23700,23750,2136
2026-04-10 09:15:00,23750,23800,23750,23800,795
2026-04-10 09:16:00,23800,23850,23750,23800,2733
2026-04-10 09:17:00,23800,23900,23800,23850,1326
2026-04-10 09:18:00,23850,23850,23850,23850,598
2026-04-10 09:19:00,23850,23900,23800,23850,1003
2026-04-10 09:20:00,23850,23850,23800,23850,422
2026-04-10 09:21:00,23850,23850,23750,23800,1284
2026-04-10 09:22:00,23800,23800,23700,23700,1718
2026-04-10 09:23:00,23750,23750,23650,23700,2416
2026-04-10 09:24:00,23725,23725,23650,23650,820
2026-04-10 09:25:00,23700,23700,23650,23650,1358
2026-04-10 09:26:00,23650,23650,23600,23650,1746
2026-04-10 09:27:00,23650,23650,23600,23650,14381
2026-04-10 09:28:00,23650,23650,23600,23650,151
2026-04-10 09:29:00,23600,23650,23400,23450,8452
2026-04-10 09:30:00,23400,23450,23350,23450,2805
2026-04-10 09:31:00,23400,23550,23350,23500,2806
2026-04-10 09:32:00,23500,23550,23450,23550,1314
2026-04-10 09:33:00,23550,23600,23500,23600,1078
2026-04-10 09:34:00,23600,23600,23550,23550,125
2026-04-10 09:35:00,23550,23600,23550,23600,905
2026-04-10 09:36:00,23600,23625,23550,23600,393
2026-04-10 09:37:00,23600,23600,23550,23550,1025
2026-04-10 09:38:00,23550,23650,23550,23600,2179
2026-04-10 09:39:00,23650,23650,23600,23600,322
2026-04-10 09:40:00,23600,23600,23600,23600,1053
2026-04-10 09:41:00,23600,23650,23550,23600,921
2026-04-10 09:42:00,23600,23650,23600,23650,294
2026-04-10 09:43:00,23675,23750,23650,23700,2501
2026-04-10 09:44:00,23700,23700,23700,23700,305
2026-04-10 09:45:00,23700,23750,23700,23700,530
2026-04-10 09:46:00,23750,23750,23650,23700,515
2026-04-10 09:47:00,23700,23700,23650,23650,611
2026-04-10 09:48:00,23700,23700,23650,23650,1239
2026-04-10 09:49:00,23650,23750,23650,23750,5633
2026-04-10 09:50:00,23750,23750,23700,23700,445
2026-04-10 09:51:00,23750,23750,23700,23750,352
2026-04-10 09:52:00,23750,23800,23750,23800,4537
2026-04-10 09:53:00,23800,23800,23750,23800,1088
2026-04-10 09:54:00,23800,23800,23750,23750,676
2026-04-10 09:55:00,23750,23850,23750,23800,342
2026-04-10 09:56:00,23800,23850,23800,23800,516
2026-04-10 09:57:00,23800,23850,23800,23850,314
2026-04-10 09:58:00,23850,23850,23800,23850,1105
2026-04-10 09:59:00,23850,23850,23800,23800,1994
2026-04-10 10:00:00,23850,23850,23800,23850,1353
2026-04-10 10:01:00,23850,23950,23800,23900,5106
2026-04-10 10:02:00,23900,23900,23850,23850,306
2026-04-10 10:03:00,23850,23850,23800,23800,737
2026-04-10 10:04:00,23800,23800,23700,23800,1290
2026-04-10 10:05:00,23800,23800,23700,23750,344
2026-04-10 10:06:00,23850,23850,23750,23800,126
2026-04-10 10:07:00,23800,23800,23700,23700,856
2026-04-10 10:08:00,23750,23800,23700,23700,616
2026-04-10 10:09:00,23750,23750,23750,23750,361
2026-04-10 10:10:00,23750,23800,23750,23750,98
2026-04-10 10:11:00,23750,23800,23750,23750,643
2026-04-10 10:12:00,23800,23800,23750,23750,248
2026-04-10 10:13:00,23750,23800,23750,23750,109
2026-04-10 10:14:00,23800,23800,23750,23750,1051
2026-04-10 10:15:00,23750,23800,23700,23750,920
2026-04-10 10:16:00,23700,23750,23700,23750,380
2026-04-10 10:17:00,23700,23800,23700,23800,5261
2026-04-10 10:18:00,23800,23800,23750,23800,939
2026-04-10 10:19:00,23800,23800,23750,23750,599
2026-04-10 10:20:00,23750,23750,23750,23750,374
2026-04-10 10:21:00,23750,23800,23750,23750,59
2026-04-10 10:22:00,23750,23750,23650,23700,3129
2026-04-10 10:23:00,23650,23700,23650,23700,543
2026-04-10 10:24:00,23700,23750,23700,23750,213
2026-04-10 10:25:00,23700,23750,23700,23700,305
2026-04-10 10:26:00,23700,23700,23700,23700,156
2026-04-10 10:27:00,23700,23750,23700,23700,590
2026-04-10 10:28:00,23750,23750,23700,23700,188
2026-04-10 10:29:00,23700,23700,23600,23650,3411
2026-04-10 10:30:00,23600,23650,23600,23650,3599
2026-04-10 10:31:00,23600,23700,23600,23650,783
2026-04-10 10:32:00,23700,23700,23600,23700,547
2026-04-10 10:33:00,23650,23650,23500,23550,7784
2026-04-10 10:34:00,23550,23550,23550,23550,176
2026-04-10 10:35:00,23550,23600,23550,23600,707
2026-04-10 10:36:00,23600,23600,23550,23600,196
2026-04-10 10:37:00,23600,23600,23550,23600,534
2026-04-10 10:38:00,23600,23600,23550,23600,377
2026-04-10 10:39:00,23600,23600,23550,23600,365
2026-04-10 10:40:00,23600,23600,23550,23600,263
2026-04-10 10:41:00,23550,23600,23550,23550,1712
2026-04-10 10:42:00,23600,23600,23550,23550,459
2026-04-10 10:43:00,23550,23550,23500,23500,4689
2026-04-10 10:44:00,23500,23500,23450,23500,937
2026-04-10 10:45:00,23500,23600,23500,23600,653
2026-04-10 10:46:00,23550,23600,23550,23550,1002
2026-04-10 10:47:00,23550,23600,23550,23575,458
2026-04-10 10:48:00,23575,23600,23550,23550,482
2026-04-10 10:49:00,23575,23600,23550,23600,133
2026-04-10 10:50:00,23575,23600,23550,23550,851
2026-04-10 10:51:00,23600,23600,23550,23550,601
2026-04-10 10:52:00,23550,23600,23550,23550,292
2026-04-10 10:53:00,23600,23600,23550,23600,106
2026-04-10 10:54:00,23600,23600,23550,23600,588
2026-04-10 10:55:00,23600,23600,23550,23600,110
2026-04-10 10:56:00,23600,23650,23550,23650,921
2026-04-10 10:57:00,23600,23650,23600,23600,852
2026-04-10 10:58:00,23600,23600,23600,23600,19
2026-04-10 10:59:00,23600,23650,23600,23600,58
2026-04-10 11:00:00,23600,23650,23600,23600,1096
2026-04-10 11:01:00,23650,23650,23550,23600,315
2026-04-10 11:02:00,23600,23600,23550,23550,499
2026-04-10 11:03:00,23550,23550,23550,23550,1854
2026-04-10 11:04:00,23550,23550,23550,23550,342
2026-04-10 11:05:00,23550,23550,23550,23550,79
2026-04-10 11:06:00,23550,23550,23550,23550,304
2026-04-10 11:07:00,23550,23550,23500,23550,189
2026-04-10 11:08:00,23500,23550,23500,23550,3215
2026-04-10 11:09:00,23550,23550,23500,23500,555
2026-04-10 11:10:00,23550,23600,23500,23600,391
2026-04-10 11:11:00,23600,23650,23600,23600,622
2026-04-10 11:12:00,23600,23600,23600,23600,363
2026-04-10 11:13:00,23600,23650,23600,23600,496
2026-04-10 11:14:00,23600,23650,23600,23650,152
2026-04-10 11:15:00,23650,23650,23650,23650,114
2026-04-10 11:16:00,23650,23650,23600,23600,79
2026-04-10 11:17:00,23600,23700,23600,23700,950
2026-04-10 11:18:00,23650,23650,23550,23600,1040
2026-04-10 11:19:00,23600,23600,23600,23600,349
2026-04-10 11:20:00,23600,23600,23550,23600,1095
2026-04-10 11:21:00,23600,23600,23550,23550,445
2026-04-10 11:22:00,23550,23550,23500,23550,144
2026-04-10 11:23:00,23550,23550,23500,23550,276
2026-04-10 11:24:00,23550,23550,23500,23550,136
2026-04-10 11:25:00,23550,23550,23500,23550,209
2026-04-10 11:26:00,23550,23550,23500,23500,433
2026-04-10 11:27:00,23550,23550,23500,23500,2540
2026-04-10 11:28:00,23500,23550,23500,23500,1081
2026-04-10 11:29:00,23500,23500,23475,23500,1035
2026-04-10 11:30:00,23500,23500,23450,23450,394
2026-04-10 11:31:00,23450,23500,23450,23500,225
2026-04-10 11:32:00,23500,23500,23450,23500,347
2026-04-10 11:33:00,23500,23500,23450,23500,439
2026-04-10 11:34:00,23450,23500,23450,23500,486
2026-04-10 11:35:00,23500,23500,23500,23500,906
2026-04-10 11:36:00,23500,23500,23450,23500,394
2026-04-10 11:37:00,23500,23500,23500,23500,218
2026-04-10 11:38:00,23500,23500,23450,23500,108
2026-04-10 11:39:00,23500,23500,23500,23500,141
2026-04-10 11:40:00,23500,23500,23450,23450,205
2026-04-10 11:41:00,23450,23500,23450,23500,1208
2026-04-10 11:42:00,23500,23500,23450,23500,216
2026-04-10 11:43:00,23500,23550,23500,23500,358
2026-04-10 11:44:00,23500,23550,23450,23500,414
2026-04-10 11:45:00,23500,23500,23450,23500,609
2026-04-10 11:46:00,23500,23550,23500,23500,299
2026-04-10 11:47:00,23550,23550,23500,23500,261
2026-04-10 11:48:00,23500,23550,23500,23550,13
2026-04-10 11:49:00,23500,23500,23500,23500,84
2026-04-10 11:50:00,23500,23550,23500,23550,72
2026-04-10 11:51:00,23550,23550,23500,23550,119
2026-04-10 11:52:00,23550,23550,23500,23550,407
2026-04-10 11:53:00,23550,23550,23500,23550,380
2026-04-10 11:54:00,23500,23550,23500,23550,449
2026-04-10 11:55:00,23550,23550,23500,23500,355
2026-04-10 11:56:00,23500,23550,23500,23550,54
2026-04-10 11:57:00,23550,23550,23500,23550,44
2026-04-10 11:58:00,23550,23550,23500,23500,9
2026-04-10 11:59:00,23500,23550,23500,23500,80
2026-04-10 12:00:00,23550,23550,23500,23500,403
2026-04-10 12:01:00,23500,23500,23500,23500,11
2026-04-10 12:02:00,23500,23550,23500,23550,202
2026-04-10 12:03:00,23550,23550,23500,23550,236
2026-04-10 12:04:00,23550,23550,23500,23550,651
2026-04-10 12:05:00,23550,23550,23500,23550,147
2026-04-10 12:06:00,23500,23550,23500,23500,46
2026-04-10 12:07:00,23500,23525,23500,23500,101
2026-04-10 12:08:00,23525,23550,23500,23500,195
2026-04-10 12:09:00,23550,23550,23500,23550,34
2026-04-10 12:10:00,23550,23550,23450,23500,2454
2026-04-10 12:11:00,23500,23500,23450,23450,1604
2026-04-10 12:12:00,23500,23500,23450,23500,105
2026-04-10 12:13:00,23450,23500,23450,23450,505
2026-04-10 12:14:00,23450,23500,23450,23450,489
2026-04-10 12:15:00,23500,23500,23450,23500,258
2026-04-10 12:16:00,23500,23500,23500,23500,60
2026-04-10 12:17:00,23500,23550,23500,23500,385
2026-04-10 12:18:00,23550,23550,23550,23550,202
2026-04-10 12:19:00,23550,23550,23550,23550,666
2026-04-10 12:20:00,23600,23600,23500,23550,347
2026-04-10 12:21:00,23500,23550,23500,23500,762
2026-04-10 12:22:00,23500,23500,23500,23500,47
2026-04-10 12:23:00,23500,23500,23450,23500,188
2026-04-10 12:24:00,23450,23500,23450,23500,248
2026-04-10 12:25:00,23500,23500,23500,23500,188
2026-04-10 12:26:00,23500,23500,23450,23500,676
2026-04-10 12:27:00,23500,23500,23500,23500,39
2026-04-10 12:28:00,23500,23500,23500,23500,510
2026-04-10 12:29:00,23500,23500,23450,23450,275
2026-04-10 12:30:00,23500,23500,23500,23500,450
2026-04-10 12:31:00,23500,23500,23500,23500,48
2026-04-10 12:32:00,23500,23500,23500,23500,213
2026-04-10 12:33:00,23500,23550,23500,23550,231
2026-04-10 12:34:00,23550,23550,23550,23550,97
2026-04-10 12:35:00,23550,23550,23500,23550,464
2026-04-10 12:36:00,23550,23550,23550,23550,17
2026-04-10 12:37:00,23500,23550,23500,23550,713
2026-04-10 12:38:00,23550,23550,23500,23500,186
2026-04-10 12:39:00,23550,23550,23500,23500,24
2026-04-10 12:40:00,23500,23550,23500,23500,248
2026-04-10 12:41:00,23500,23550,23500,23550,582
2026-04-10 12:42:00,23550,23550,23500,23500,372
2026-04-10 12:43:00,23500,23500,23450,23500,355
2026-04-10 12:44:00,23500,23500,23450,23450,537
2026-04-10 12:45:00,23500,23500,23500,23500,212
2026-04-10 12:46:00,23500,23500,23450,23500,100
2026-04-10 12:47:00,23500,23500,23450,23500,743
2026-04-10 12:48:00,23550,23550,23500,23550,202
2026-04-10 12:49:00,23550,23550,23450,23500,728
2026-04-10 12:50:00,23500,23500,23450,23450,167
2026-04-10 12:51:00,23450,23500,23450,23500,405
2026-04-10 12:52:00,23500,23500,23450,23500,270
2026-04-10 12:53:00,23500,23500,23450,23500,900
2026-04-10 12:54:00,23500,23500,23450,23500,271
2026-04-10 12:55:00,23500,23500,23500,23500,128
2026-04-10 12:56:00,23500,23500,23500,23500,41
2026-04-10 12:57:00,23500,23550,23500,23500,998
2026-04-10 12:58:00,23500,23500,23500,23500,280
2026-04-10 12:59:00,23500,23500,23500,23500,307
2026-04-10 13:00:00,23500,23500,23500,23500,495
2026-04-10 13:01:00,23500,23500,23450,23450,301
2026-04-10 13:02:00,23500,23500,23450,23500,203
2026-04-10 13:03:00,23500,23500,23500,23500,104
2026-04-10 13:04:00,23500,23550,23500,23550,291
2026-04-10 13:05:00,23550,23550,23500,23500,408
2026-04-10 13:06:00,23500,23500,23500,23500,304
2026-04-10 13:07:00,23500,23550,23500,23550,932
2026-04-10 13:08:00,23500,23550,23450,23450,440
2026-04-10 13:09:00,23550,23550,23500,23500,94
2026-04-10 13:10:00,23500,23550,23500,23500,269
2026-04-10 13:11:00,23500,23550,23500,23550,116
2026-04-10 13:12:00,23550,23550,23500,23500,663
2026-04-10 13:13:00,23525,23525,23500,23500,12
2026-04-10 13:14:00,23500,23500,23500,23500,637
2026-04-10 13:15:00,23550,23550,23500,23500,28
2026-04-10 13:16:00,23500,23500,23450,23500,994
2026-04-10 13:17:00,23500,23500,23500,23500,71
2026-04-10 13:18:00,23500,23550,23500,23550,913
2026-04-10 13:19:00,23550,23550,23500,23550,21
2026-04-10 13:20:00,23500,23550,23500,23500,1201
2026-04-10 13:21:00,23500,23525,23500,23500,283
2026-04-10 13:22:00,23550,23550,23500,23500,2077
2026-04-10 13:23:00,23500,23550,23450,23550,567
2026-04-10 13:24:00,23550,23550,23550,23550,223
2026-04-10 13:25:00,23550,23550,23550,23550,78
2026-04-10 13:26:00,23550,23550,23500,23500,685
2026-04-10 13:27:00,23500,23600,23500,23550,923
2026-04-10 13:28:00,23600,23600,23550,23550,120
2026-04-10 13:29:00,23550,23550,23500,23550,52
2026-04-10 13:30:00,23550,23550,23550,23550,125
2026-04-10 13:31:00,23550,23600,23550,23600,220
2026-04-10 13:32:00,23600,23600,23600,23600,82
2026-04-10 13:33:00,23550,23600,23550,23600,378
2026-04-10 13:34:00,23600,23600,23600,23600,1088
2026-04-10 13:35:00,23650,23650,23600,23650,399
2026-04-10 13:36:00,23650,23650,23600,23600,367
2026-04-10 13:37:00,23600,23650,23600,23600,247
2026-04-10 13:38:00,23600,23600,23600,23600,221
2026-04-10 13:39:00,23650,23650,23650,23650,1500
2026-04-10 13:40:00,23650,23650,23600,23600,125
2026-04-10 13:41:00,23600,23600,23600,23600,588
2026-04-10 13:42:00,23600,23600,23550,23600,642
2026-04-10 13:43:00,23650,23650,23600,23650,85
2026-04-10 13:44:00,23650,23650,23650,23650,289
2026-04-10 13:45:00,23600,23700,23600,23700,724
2026-04-10 13:46:00,23600,23700,23600,23650,127
2026-04-10 13:47:00,23700,23700,23650,23650,81
2026-04-10 13:48:00,23700,23700,23650,23700,346
2026-04-10 13:49:00,23650,23650,23600,23650,322
2026-04-10 13:50:00,23650,23650,23600,23650,145
2026-04-10 13:51:00,23650,23650,23650,23650,61
2026-04-10 13:52:00,23650,23650,23650,23650,398
2026-04-10 13:53:00,23675,23675,23650,23650,54
2026-04-10 13:54:00,23700,23700,23700,23700,541
2026-04-10 13:55:00,23700,23700,23700,23700,50
2026-04-10 13:56:00,23650,23650,23650,23650,116
2026-04-10 13:57:00,23700,23700,23650,23650,217
2026-04-10 13:58:00,23650,23700,23650,23700,270
2026-04-10 13:59:00,23650,23700,23650,23700,293
2026-04-10 14:00:00,23650,23700,23650,23700,47
2026-04-10 14:01:00,23700,23700,23700,23700,40
2026-04-10 14:02:00,23700,23700,23650,23650,117
2026-04-10 14:03:00,23650,23700,23650,23700,173
2026-04-10 14:04:00,23700,23700,23650,23650,704
2026-04-10 14:05:00,23700,23700,23700,23700,13
2026-04-10 14:06:00,23650,23700,23650,23650,293
2026-04-10 14:07:00,23700,23700,23700,23700,31
2026-04-10 14:08:00,23650,23700,23650,23700,619
2026-04-10 14:09:00,23700,23700,23700,23700,21
2026-04-10 14:10:00,23700,23700,23650,23650,150
2026-04-10 14:11:00,23650,23650,23650,23650,136
2026-04-10 14:12:00,23650,23650,23650,23650,33
2026-04-10 14:13:00,23650,23650,23650,23650,484
2026-04-10 14:14:00,23650,23650,23650,23650,307
2026-04-10 14:15:00,23700,23700,23700,23700,60
2026-04-10 14:16:00,23700,23700,23650,23650,189
2026-04-10 14:17:00,23675,23700,23650,23700,1053
2026-04-10 14:18:00,23700,23700,23650,23650,44
2026-04-10 14:19:00,23700,23700,23650,23650,811
2026-04-10 14:20:00,23700,23700,23650,23650,17
2026-04-10 14:21:00,23650,23700,23650,23650,772
2026-04-10 14:22:00,23650,23700,23650,23700,198
2026-04-10 14:23:00,23650,23650,23650,23650,290
2026-04-10 14:24:00,23650,23650,23650,23650,110
2026-04-10 14:25:00,23650,23700,23650,23650,1120
2026-04-10 14:26:00,23650,23700,23600,23700,2577
2026-04-10 14:27:00,23700,23700,23700,23700,305
2026-04-10 14:28:00,23700,23700,23700,23700,121
2026-04-10 14:29:00,23700,23700,23700,23700,30
2026-04-10 14:30:00,23700,23700,23700,23700,283
2026-04-10 14:31:00,23700,23725,23700,23700,1150
2026-04-10 14:32:00,23700,23750,23700,23700,125
2026-04-10 14:33:00,23750,23750,23750,23750,2
2026-04-10 14:34:00,23750,23750,23700,23700,11
2026-04-10 14:35:00,23700,23750,23650,23750,777
2026-04-10 14:36:00,23700,23750,23650,23650,1061
2026-04-10 14:37:00,23650,23700,23650,23700,321
2026-04-10 14:38:00,23700,23725,23700,23700,155
2026-04-10 14:39:00,23750,23750,23700,23700,285
2026-04-10 14:40:00,23700,23750,23700,23700,215
2026-04-10 14:41:00,23700,23750,23700,23700,99
2026-04-10 14:42:00,23700,23700,23700,23700,311
2026-04-10 14:43:00,23700,23700,23700,23700,49
2026-04-10 14:44:00,23700,23700,23700,23700,15
2026-04-10 14:45:00,23700,23700,23700,23700,1066
2026-04-10 14:46:00,23750,23750,23650,23700,489
2026-04-10 14:47:00,23700,23700,23700,23700,269
2026-04-10 14:48:00,23750,23750,23700,23700,215
2026-04-10 14:49:00,23700,23750,23700,23700,262
2026-04-10 14:50:00,23750,23750,23700,23700,196
2026-04-10 14:51:00,23700,23700,23700,23700,31
2026-04-10 14:52:00,23700,23750,23700,23700,951
2026-04-10 14:53:00,23700,23700,23650,23650,982
2026-04-10 14:54:00,23650,23650,23650,23650,175
2026-04-10 14:55:00,23650,23700,23650,23700,1374
2026-04-10 14:56:00,23700,23700,23600,23650,544
2026-04-10 14:57:00,23650,23700,23650,23700,107
2026-04-10 14:58:00,23700,23700,23650,23650,315
2026-04-10 14:59:00,23650,23650,23625,23625,190
2026-04-10 15:00:00,23625,23625,23600,23625,92
2026-04-10 15:01:00,23600,23625,23600,23625,212
2026-04-10 15:02:00,23625,23625,23600,23600,295
2026-04-10 15:03:00,23600,23625,23600,23600,238
2026-04-10 15:04:00,23600,23625,23600,23600,1001
2026-04-10 15:05:00,23600,23650,23600,23650,681
2026-04-10 15:06:00,23600,23600,23600,23600,2999
2026-04-10 15:07:00,23625,23650,23600,23600,995
2026-04-10 15:08:00,23600,23650,23600,23600,637
2026-04-10 15:09:00,23600,23600,23600,23600,462
2026-04-10 15:10:00,23600,23650,23600,23650,824
2026-04-10 15:11:00,23650,23650,23600,23650,626
2026-04-10 15:12:00,23650,23650,23600,23625,350
2026-04-10 15:13:00,23625,23625,23600,23625,392
2026-04-10 15:14:00,23625,23625,23600,23600,439
2026-04-10 15:15:00,23600,23650,23600,23650,1738
2026-04-10 15:16:00,23650,23650,23600,23600,931
2026-04-10 15:17:00,23650,23650,23600,23600,785
2026-04-10 15:18:00,23650,23650,23600,23650,1056
2026-04-10 15:19:00,23650,23650,23600,23650,3217
2026-04-10 15:30:00,23650,23650,23650,23650,8181
2026-04-10 15:35:00,23650,23650,23650,23650,569
2026-04-13 09:00:00,23300,23350,23000,23050,13089
2026-04-13 09:01:00,23050,23150,22850,22850,8834
2026-04-13 09:02:00,22900,23000,22850,22900,4564
2026-04-13 09:03:00,22950,23000,22850,22950,4980
2026-04-13 09:04:00,22950,23100,22950,23100,1648
2026-04-13 09:05:00,23100,23100,23000,23000,1605
2026-04-13 09:06:00,23000,23200,23000,23100,2139
2026-04-13 09:07:00,23100,23100,22950,23000,1179
2026-04-13 09:08:00,23000,23000,22950,23000,1644
2026-04-13 09:09:00,22950,22950,22900,22900,2471
2026-04-13 09:10:00,22900,23050,22900,23000,1151
2026-04-13 09:11:00,23000,23050,22950,23000,604
2026-04-13 09:12:00,22950,23000,22950,23000,1756
2026-04-13 09:13:00,23000,23050,22950,23000,819
2026-04-13 09:14:00,23000,23100,23000,23050,1249
2026-04-13 09:15:00,23000,23050,23000,23000,507
2026-04-13 09:16:00,23050,23100,23000,23050,2012
2026-04-13 09:17:00,23050,23100,23050,23050,436
2026-04-13 09:18:00,23100,23300,23050,23300,2975
2026-04-13 09:19:00,23300,23300,23150,23150,868
2026-04-13 09:20:00,23200,23200,23150,23200,164
2026-04-13 09:21:00,23200,23200,23000,23150,2699
2026-04-13 09:22:00,23150,23300,23150,23250,1932
2026-04-13 09:23:00,23250,23250,23150,23200,812
2026-04-13 09:24:00,23200,23200,23100,23100,507
2026-04-13 09:25:00,23150,23200,23100,23200,587
2026-04-13 09:26:00,23150,23175,23100,23100,671
2026-04-13 09:27:00,23125,23200,23100,23100,314
2026-04-13 09:28:00,23150,23150,23000,23150,2436
2026-04-13 09:29:00,23150,23150,23100,23150,338
2026-04-13 09:30:00,23150,23300,23100,23300,1501
2026-04-13 09:31:00,23300,23350,23250,23300,932
2026-04-13 09:32:00,23300,23350,23300,23350,743
2026-04-13 09:33:00,23350,23350,23300,23300,659
2026-04-13 09:34:00,23300,23350,23250,23300,1647
2026-04-13 09:35:00,23300,23300,23250,23250,145
2026-04-13 09:36:00,23250,23250,23200,23250,362
2026-04-13 09:37:00,23250,23250,23250,23250,318
2026-04-13 09:38:00,23200,23300,23200,23250,466
2026-04-13 09:39:00,23250,23300,23200,23250,751
2026-04-13 09:40:00,23250,23300,23250,23300,182
2026-04-13 09:41:00,23300,23300,23250,23250,62
2026-04-13 09:42:00,23250,23350,23250,23250,791
2026-04-13 09:43:00,23300,23300,23300,23300,6
2026-04-13 09:44:00,23300,23300,23250,23300,321
2026-04-13 09:45:00,23300,23550,23300,23550,6897
2026-04-13 09:46:00,23550,23550,23500,23500,433
2026-04-13 09:47:00,23550,23550,23500,23550,211
2026-04-13 09:48:00,23500,23550,23500,23550,1255
2026-04-13 09:49:00,23500,23500,23450,23500,431
2026-04-13 09:50:00,23500,23500,23450,23500,487
2026-04-13 09:51:00,23500,23550,23450,23550,232
2026-04-13 09:52:00,23550,23550,23500,23550,405
2026-04-13 09:53:00,23550,23600,23500,23600,757
2026-04-13 09:54:00,23600,23600,23450,23550,2181
2026-04-13 09:55:00,23550,23550,23500,23550,194
2026-04-13 09:56:00,23550,23550,23500,23500,463
2026-04-13 09:57:00,23500,23550,23450,23550,1191
2026-04-13 09:58:00,23500,23550,23500,23550,46
2026-04-13 09:59:00,23525,23550,23500,23550,498
2026-04-13 10:00:00,23600,23600,23550,23550,276
2026-04-13 10:01:00,23550,23600,23550,23550,118
2026-04-13 10:02:00,23550,23600,23500,23550,821
2026-04-13 10:03:00,23550,23550,23550,23550,142
2026-04-13 10:04:00,23550,23550,23500,23550,407
2026-04-13 10:05:00,23500,23550,23500,23550,458
2026-04-13 10:06:00,23500,23550,23450,23450,326
2026-04-13 10:07:00,23500,23550,23500,23550,467
2026-04-13 10:08:00,23550,23550,23500,23500,266
2026-04-13 10:09:00,23550,23550,23500,23550,1268
2026-04-13 10:10:00,23550,23550,23450,23550,334
2026-04-13 10:11:00,23550,23550,23550,23550,16
2026-04-13 10:12:00,23500,23550,23500,23550,308
2026-04-13 10:13:00,23500,23500,23450,23450,335
2026-04-13 10:14:00,23500,23500,23500,23500,273
2026-04-13 10:15:00,23550,23550,23450,23450,1527
2026-04-13 10:16:00,23450,23550,23400,23550,3267
2026-04-13 10:17:00,23550,23650,23550,23600,4398
2026-04-13 10:18:00,23600,23700,23600,23600,1026
2026-04-13 10:19:00,23650,23700,23600,23700,497
2026-04-13 10:20:00,23600,23750,23600,23700,1061
2026-04-13 10:21:00,23650,23700,23600,23650,1067
2026-04-13 10:22:00,23650,23700,23650,23700,222
2026-04-13 10:23:00,23650,23700,23650,23700,907
2026-04-13 10:24:00,23650,23650,23650,23650,357
2026-04-13 10:25:00,23650,23700,23650,23650,84
2026-04-13 10:26:00,23650,23700,23650,23650,889
2026-04-13 10:27:00,23600,23650,23600,23600,789
2026-04-13 10:28:00,23600,23600,23600,23600,234
2026-04-13 10:29:00,23600,23600,23550,23550,291
2026-04-13 10:30:00,23550,23600,23550,23600,173
2026-04-13 10:31:00,23600,23600,23550,23550,106
2026-04-13 10:32:00,23600,23600,23600,23600,18
2026-04-13 10:33:00,23600,23600,23600,23600,29
2026-04-13 10:34:00,23600,23600,23550,23550,209
2026-04-13 10:35:00,23550,23600,23550,23600,106
2026-04-13 10:36:00,23600,23600,23600,23600,348
2026-04-13 10:37:00,23600,23600,23550,23550,182
2026-04-13 10:38:00,23600,23600,23600,23600,437
2026-04-13 10:39:00,23600,23600,23500,23550,357
2026-04-13 10:40:00,23550,23600,23550,23600,87
2026-04-13 10:41:00,23550,23600,23500,23600,182
2026-04-13 10:42:00,23600,23600,23550,23550,243
2026-04-13 10:43:00,23550,23550,23500,23500,471
2026-04-13 10:44:00,23550,23600,23550,23550,157
2026-04-13 10:45:00,23550,23600,23550,23600,271
2026-04-13 10:46:00,23600,23650,23500,23650,1390
2026-04-13 10:47:00,23650,23700,23650,23650,300
2026-04-13 10:48:00,23650,23700,23600,23650,434
2026-04-13 10:49:00,23650,23800,23650,23750,1328
2026-04-13 10:50:00,23700,23700,23700,23700,115
2026-04-13 10:51:00,23700,23700,23650,23700,464
2026-04-13 10:52:00,23650,23700,23600,23700,1596
2026-04-13 10:53:00,23650,23650,23650,23650,750
2026-04-13 10:54:00,23650,23700,23650,23650,644
2026-04-13 10:55:00,23650,23650,23600,23600,1038
2026-04-13 10:56:00,23550,23700,23550,23700,1065
2026-04-13 10:57:00,23700,23700,23600,23600,2
2026-04-13 10:58:00,23600,23700,23600,23600,555
2026-04-13 10:59:00,23600,23700,23600,23700,22
2026-04-13 11:00:00,23650,23650,23650,23650,65
2026-04-13 11:01:00,23600,23650,23600,23600,75
2026-04-13 11:02:00,23600,23650,23600,23650,88
2026-04-13 11:03:00,23650,23650,23650,23650,28
2026-04-13 11:04:00,23650,23650,23600,23650,80
2026-04-13 11:05:00,23650,23650,23550,23600,517
2026-04-13 11:06:00,23600,23600,23600,23600,390
2026-04-13 11:07:00,23600,23650,23550,23550,128
2026-04-13 11:08:00,23600,23650,23600,23650,373
2026-04-13 11:09:00,23650,23650,23600,23600,188
2026-04-13 11:10:00,23600,23600,23600,23600,186
2026-04-13 11:11:00,23600,23600,23550,23550,745
2026-04-13 11:12:00,23550,23600,23550,23550,108
2026-04-13 11:13:00,23550,23550,23500,23500,250
2026-04-13 11:14:00,23500,23550,23500,23550,53
2026-04-13 11:15:00,23550,23600,23550,23600,105
2026-04-13 11:16:00,23600,23600,23600,23600,230
2026-04-13 11:17:00,23550,23600,23550,23550,126
2026-04-13 11:18:00,23600,23600,23600,23600,79
2026-04-13 11:19:00,23600,23650,23600,23650,114
2026-04-13 11:20:00,23600,23600,23600,23600,133
2026-04-13 11:21:00,23600,23600,23600,23600,13
2026-04-13 11:22:00,23600,23600,23600,23600,55
2026-04-13 11:23:00,23600,23600,23550,23600,199
2026-04-13 11:24:00,23600,23600,23550,23600,71
2026-04-13 11:25:00,23600,23600,23600,23600,112
2026-04-13 11:26:00,23600,23600,23550,23550,593
2026-04-13 11:27:00,23550,23550,23550,23550,364
2026-04-13 11:28:00,23550,23550,23500,23550,235
2026-04-13 11:29:00,23550,23550,23550,23550,161
2026-04-13 11:30:00,23550,23550,23550,23550,185
2026-04-13 11:31:00,23550,23550,23550,23550,98
2026-04-13 11:32:00,23550,23575,23550,23575,227
2026-04-13 11:33:00,23575,23575,23550,23550,144
2026-04-13 11:34:00,23550,23600,23550,23550,65
2026-04-13 11:35:00,23550,23550,23550,23550,45
2026-04-13 11:36:00,23550,23550,23500,23500,158
2026-04-13 11:37:00,23550,23550,23550,23550,82
2026-04-13 11:38:00,23550,23550,23500,23500,19
2026-04-13 11:39:00,23500,23550,23500,23550,16
2026-04-13 11:40:00,23550,23550,23500,23500,104
2026-04-13 11:41:00,23550,23550,23500,23500,2784
2026-04-13 11:42:00,23500,23550,23500,23550,90
2026-04-13 11:43:00,23450,23550,23450,23450,87
2026-04-13 11:44:00,23550,23550,23500,23500,66
2026-04-13 11:45:00,23550,23650,23500,23650,1142
2026-04-13 11:46:00,23650,23650,23500,23650,404
2026-04-13 11:47:00,23650,23650,23650,23650,5
2026-04-13 11:48:00,23500,23650,23500,23650,61
2026-04-13 11:49:00,23650,23650,23600,23600,120
2026-04-13 11:50:00,23600,23650,23600,23650,38
2026-04-13 11:51:00,23600,23650,23600,23600,122
2026-04-13 11:52:00,23650,23650,23600,23600,538
2026-04-13 11:54:00,23600,23600,23600,23600,4
2026-04-13 11:55:00,23550,23550,23550,23550,48
2026-04-13 11:56:00,23600,23600,23600,23600,2
2026-04-13 11:57:00,23600,23600,23600,23600,19
2026-04-13 11:58:00,23600,23650,23550,23650,670
2026-04-13 11:59:00,23650,23650,23650,23650,1
2026-04-13 12:00:00,23600,23650,23550,23600,518
2026-04-13 12:01:00,23600,23600,23550,23600,171
2026-04-13 12:02:00,23600,23600,23600,23600,1
2026-04-13 12:03:00,23600,23600,23600,23600,156
2026-04-13 12:04:00,23600,23600,23550,23550,44
2026-04-13 12:05:00,23600,23600,23550,23600,129
2026-04-13 12:06:00,23600,23600,23600,23600,308
2026-04-13 12:07:00,23600,23600,23600,23600,57
2026-04-13 12:08:00,23550,23600,23550,23550,41
2026-04-13 12:09:00,23600,23600,23600,23600,508
2026-04-13 12:10:00,23600,23600,23550,23550,15
2026-04-13 12:11:00,23550,23600,23550,23600,212
2026-04-13 12:12:00,23600,23600,23550,23550,1079
2026-04-13 12:13:00,23550,23550,23500,23550,71
2026-04-13 12:14:00,23500,23500,23500,23500,972
2026-04-13 12:15:00,23500,23550,23450,23450,1419
2026-04-13 12:16:00,23450,23500,23450,23450,518
2026-04-13 12:17:00,23450,23500,23400,23500,1314
2026-04-13 12:18:00,23500,23500,23450,23450,52
2026-04-13 12:19:00,23450,23450,23450,23450,98
2026-04-13 12:20:00,23450,23450,23450,23450,37
2026-04-13 12:21:00,23450,23450,23400,23400,808
2026-04-13 12:22:00,23450,23450,23400,23400,2270
2026-04-13 12:23:00,23450,23450,23350,23400,174
2026-04-13 12:24:00,23400,23400,23400,23400,372
2026-04-13 12:25:00,23400,23400,23350,23400,363
2026-04-13 12:26:00,23400,23400,23350,23350,897
2026-04-13 12:27:00,23400,23400,23350,23350,160
2026-04-13 12:28:00,23400,23400,23400,23400,45
2026-04-13 12:29:00,23400,23450,23400,23450,92
2026-04-13 12:30:00,23450,23450,23450,23450,280
2026-04-13 12:31:00,23450,23450,23400,23400,175
2026-04-13 12:32:00,23400,23450,23400,23450,106
2026-04-13 12:33:00,23450,23450,23400,23400,17
2026-04-13 12:34:00,23400,23400,23400,23400,272
2026-04-13 12:35:00,23450,23450,23450,23450,20
2026-04-13 12:36:00,23400,23400,23400,23400,377
2026-04-13 12:37:00,23450,23450,23400,23400,114
2026-04-13 12:38:00,23400,23400,23400,23400,98
2026-04-13 12:39:00,23450,23450,23400,23400,81
2026-04-13 12:40:00,23450,23450,23450,23450,223
2026-04-13 12:41:00,23450,23450,23400,23400,309
2026-04-13 12:42:00,23450,23500,23400,23400,471
2026-04-13 12:44:00,23400,23450,23400,23450,36
2026-04-13 12:45:00,23450,23450,23450,23450,78
2026-04-13 12:46:00,23450,23450,23425,23425,143
2026-04-13 12:47:00,23425,23425,23400,23400,38
2026-04-13 12:48:00,23425,23425,23400,23400,302
2026-04-13 12:49:00,23425,23425,23400,23425,16
2026-04-13 12:50:00,23400,23400,23400,23400,1
2026-04-13 12:52:00,23400,23425,23375,23400,1465
2026-04-13 12:53:00,23400,23400,23400,23400,158
2026-04-13 12:54:00,23400,23450,23400,23450,70
2026-04-13 12:55:00,23450,23450,23450,23450,398
2026-04-13 12:56:00,23450,23450,23400,23400,527
2026-04-13 12:57:00,23450,23450,23450,23450,187
2026-04-13 12:58:00,23400,23400,23400,23400,55
2026-04-13 12:59:00,23400,23450,23400,23450,692
2026-04-13 13:00:00,23450,23450,23400,23450,195
2026-04-13 13:01:00,23450,23500,23400,23400,98
2026-04-13 13:02:00,23500,23500,23400,23400,159
2026-04-13 13:03:00,23450,23450,23400,23400,138
2026-04-13 13:04:00,23400,23450,23400,23400,259
2026-04-13 13:05:00,23450,23450,23400,23400,298
2026-04-13 13:06:00,23400,23450,23400,23450,446
2026-04-13 13:07:00,23450,23450,23450,23450,29
2026-04-13 13:08:00,23400,23500,23400,23400,1341
2026-04-13 13:09:00,23400,23400,23400,23400,25
2026-04-13 13:10:00,23400,23400,23400,23400,495
2026-04-13 13:11:00,23400,23450,23400,23400,368
2026-04-13 13:12:00,23400,23400,23400,23400,96
2026-04-13 13:13:00,23450,23500,23400,23500,150
2026-04-13 13:14:00,23400,23450,23400,23450,73
2026-04-13 13:15:00,23450,23450,23450,23450,5
2026-04-13 13:16:00,23450,23450,23400,23400,115
2026-04-13 13:17:00,23400,23400,23400,23400,228
2026-04-13 13:18:00,23425,23425,23400,23400,28
2026-04-13 13:19:00,23450,23450,23450,23450,1387
2026-04-13 13:20:00,23450,23450,23450,23450,109
2026-04-13 13:21:00,23450,23450,23450,23450,170
2026-04-13 13:22:00,23450,23500,23450,23500,46
2026-04-13 13:23:00,23500,23500,23450,23450,1027
2026-04-13 13:24:00,23450,23500,23450,23450,348
2026-04-13 13:25:00,23450,23450,23450,23450,25
2026-04-13 13:26:00,23450,23450,23450,23450,162
2026-04-13 13:27:00,23450,23450,23450,23450,127
2026-04-13 13:28:00,23450,23500,23450,23450,3
2026-04-13 13:29:00,23450,23450,23450,23450,152
2026-04-13 13:30:00,23450,23450,23450,23450,17
2026-04-13 13:31:00,23450,23450,23450,23450,2
2026-04-13 13:32:00,23500,23550,23500,23550,181
2026-04-13 13:33:00,23550,23550,23450,23450,861
2026-04-13 13:34:00,23500,23500,23450,23450,10
2026-04-13 13:35:00,23450,23500,23450,23500,81
2026-04-13 13:36:00,23500,23500,23500,23500,7
2026-04-13 13:37:00,23500,23500,23500,23500,112
2026-04-13 13:38:00,23500,23500,23500,23500,105
2026-04-13 13:39:00,23500,23500,23500,23500,96
2026-04-13 13:40:00,23500,23550,23500,23550,225
2026-04-13 13:41:00,23550,23550,23550,23550,273
2026-04-13 13:42:00,23550,23550,23500,23500,633
2026-04-13 13:43:00,23500,23550,23500,23550,231
2026-04-13 13:44:00,23550,23600,23550,23600,14
2026-04-13 13:45:00,23550,23550,23500,23500,430
2026-04-13 13:46:00,23550,23550,23550,23550,62
2026-04-13 13:47:00,23500,23550,23500,23500,209
2026-04-13 13:48:00,23500,23500,23500,23500,54
2026-04-13 13:49:00,23500,23500,23500,23500,107
2026-04-13 13:50:00,23500,23500,23500,23500,5
2026-04-13 13:51:00,23550,23550,23500,23500,710
2026-04-13 13:52:00,23550,23550,23500,23500,147
2026-04-13 13:53:00,23500,23500,23500,23500,85
2026-04-13 13:54:00,23500,23550,23500,23500,284
2026-04-13 13:55:00,23550,23600,23550,23550,161
2026-04-13 13:56:00,23550,23600,23550,23600,64
2026-04-13 13:57:00,23600,23600,23550,23600,559
2026-04-13 13:58:00,23600,23600,23550,23550,61
2026-04-13 13:59:00,23600,23600,23550,23600,153
2026-04-13 14:00:00,23550,23550,23550,23550,57
2026-04-13 14:01:00,23550,23600,23550,23550,169
2026-04-13 14:02:00,23600,23600,23550,23600,473
2026-04-13 14:03:00,23550,23600,23550,23550,60
2026-04-13 14:05:00,23550,23600,23550,23600,50
2026-04-13 14:06:00,23550,23550,23550,23550,93
2026-04-13 14:07:00,23550,23600,23550,23600,151
2026-04-13 14:08:00,23600,23600,23550,23600,157
2026-04-13 14:09:00,23600,23600,23550,23550,212
2026-04-13 14:10:00,23600,23600,23600,23600,236
2026-04-13 14:11:00,23600,23600,23550,23600,425
2026-04-13 14:12:00,23600,23600,23600,23600,119
2026-04-13 14:13:00,23600,23650,23600,23650,716
2026-04-13 14:14:00,23650,23650,23600,23600,385
2026-04-13 14:15:00,23650,23650,23600,23600,229
2026-04-13 14:16:00,23650,23650,23550,23600,1693
2026-04-13 14:17:00,23550,23550,23500,23550,229
2026-04-13 14:18:00,23550,23600,23500,23600,251
2026-04-13 14:19:00,23600,23650,23600,23650,235
2026-04-13 14:20:00,23650,23650,23550,23550,28
2026-04-13 14:21:00,23650,23650,23550,23650,492
2026-04-13 14:22:00,23650,23650,23600,23650,158
2026-04-13 14:23:00,23650,23650,23600,23600,35
2026-04-13 14:24:00,23600,23650,23600,23600,169
2026-04-13 14:25:00,23600,23600,23600,23600,71
2026-04-13 14:26:00,23600,23650,23550,23600,11
2026-04-13 14:27:00,23600,23600,23550,23600,167
2026-04-13 14:28:00,23600,23600,23600,23600,268
2026-04-13 14:29:00,23600,23600,23600,23600,40
2026-04-13 14:30:00,23550,23550,23550,23550,125
2026-04-13 14:31:00,23550,23550,23550,23550,657
2026-04-13 14:32:00,23500,23550,23500,23550,170
2026-04-13 14:33:00,23550,23550,23500,23500,89
2026-04-13 14:34:00,23500,23500,23500,23500,81
2026-04-13 14:35:00,23500,23500,23500,23500,36
2026-04-13 14:36:00,23500,23500,23450,23450,1594
2026-04-13 14:37:00,23500,23550,23500,23500,39
2026-04-13 14:38:00,23550,23550,23550,23550,1
2026-04-13 14:39:00,23550,23550,23550,23550,501
2026-04-13 14:40:00,23600,23600,23500,23550,270
2026-04-13 14:41:00,23500,23550,23500,23550,98
2026-04-13 14:42:00,23550,23550,23500,23500,31
2026-04-13 14:43:00,23500,23500,23500,23500,96
2026-04-13 14:44:00,23500,23550,23500,23500,971
2026-04-13 14:45:00,23500,23500,23450,23500,188
2026-04-13 14:46:00,23500,23500,23500,23500,179
2026-04-13 14:47:00,23500,23550,23500,23550,303
2026-04-13 14:48:00,23550,23550,23500,23550,185
2026-04-13 14:49:00,23600,23600,23550,23550,42
2026-04-13 14:50:00,23575,23575,23500,23500,187
2026-04-13 14:51:00,23550,23550,23500,23550,18
2026-04-13 14:52:00,23550,23600,23550,23550,80
2026-04-13 14:53:00,23575,23575,23550,23550,225
2026-04-13 14:54:00,23550,23550,23550,23550,5
2026-04-13 14:55:00,23550,23600,23550,23600,188
2026-04-13 14:56:00,23600,23600,23550,23550,59
2026-04-13 14:57:00,23550,23600,23550,23550,545
2026-04-13 14:58:00,23550,23550,23550,23550,5
2026-04-13 14:59:00,23550,23550,23550,23550,184
2026-04-13 15:00:00,23600,23600,23550,23550,167
2026-04-13 15:01:00,23550,23600,23550,23550,280
2026-04-13 15:02:00,23550,23550,23500,23500,309
2026-04-13 15:03:00,23550,23600,23500,23550,377
2026-04-13 15:04:00,23550,23550,23500,23550,125
2026-04-13 15:05:00,23550,23600,23550,23600,394
2026-04-13 15:06:00,23600,23600,23550,23550,952
2026-04-13 15:07:00,23550,23600,23500,23550,948
2026-04-13 15:08:00,23550,23600,23500,23500,1702
2026-04-13 15:09:00,23500,23600,23500,23600,355
2026-04-13 15:10:00,23550,23600,23550,23550,657
2026-04-13 15:11:00,23550,23550,23500,23550,661
2026-04-13 15:12:00,23550,23600,23550,23550,222
2026-04-13 15:13:00,23550,23600,23500,23600,238
2026-04-13 15:14:00,23500,23600,23500,23500,281
2026-04-13 15:15:00,23500,23600,23500,23600,866
2026-04-13 15:16:00,23550,23600,23550,23600,1855
2026-04-13 15:17:00,23600,23650,23550,23650,586
2026-04-13 15:18:00,23550,23600,23550,23550,538
2026-04-13 15:19:00,23550,23650,23550,23550,443
2026-04-13 15:30:00,23500,23500,23500,23500,6440
