date_idx,open,high,low,close,volume
2026-03-11 11:47:00,116000,116000,115900,116000,982
2026-03-11 11:48:00,116000,116000,115900,115900,1035
2026-03-11 11:49:00,115900,116000,115900,116000,430
2026-03-11 11:50:00,116000,116000,115900,116000,2178
2026-03-11 11:51:00,116000,116100,115900,116000,1434
2026-03-11 11:52:00,116100,116100,116000,116000,986
2026-03-11 11:53:00,116000,116100,116000,116100,803
2026-03-11 11:54:00,116000,116100,116000,116100,864
2026-03-11 11:55:00,116100,116100,116000,116100,466
2026-03-11 11:56:00,116100,116200,116000,116200,809
2026-03-11 11:57:00,116100,116200,116100,116200,387
2026-03-11 11:58:00,116200,116200,116100,116200,632
2026-03-11 11:59:00,116100,116300,116100,116300,646
2026-03-11 12:00:00,116300,116400,116200,116400,783
2026-03-11 12:01:00,116400,116400,116300,116300,451
2026-03-11 12:02:00,116400,116500,116300,116400,492
2026-03-11 12:03:00,116300,116400,116300,116400,756
2026-03-11 12:04:00,116400,116400,116300,116400,633
2026-03-11 12:05:00,116400,116400,116300,116400,555
2026-03-11 12:06:00,116500,116500,116400,116500,371
2026-03-11 12:07:00,116400,116500,116300,116400,563
2026-03-11 12:08:00,116400,116500,116300,116500,833
2026-03-11 12:09:00,116450,116500,116400,116500,325
2026-03-11 12:10:00,116400,116500,116400,116400,1484
2026-03-11 12:11:00,116400,116500,116400,116400,606
2026-03-11 12:12:00,116500,116500,116400,116400,107
2026-03-11 12:13:00,116500,116600,116400,116600,2909
2026-03-11 12:14:00,116500,116600,116500,116600,238
2026-03-11 12:15:00,116600,116600,116500,116600,193
2026-03-11 12:16:00,116500,116600,116500,116600,206
2026-03-11 12:17:00,116600,116600,116500,116600,293
2026-03-11 12:18:00,116600,116600,116500,116600,360
2026-03-11 12:19:00,116550,116600,116500,116500,446
2026-03-11 12:20:00,116500,116600,116500,116600,283
2026-03-11 12:21:00,116600,116600,116500,116500,1524
2026-03-11 12:22:00,116600,116600,116500,116600,302
2026-03-11 12:23:00,116600,116600,116400,116500,1267
2026-03-11 12:24:00,116500,116500,116400,116500,403
2026-03-11 12:25:00,116400,116500,116300,116300,638
2026-03-11 12:26:00,116400,116400,116300,116400,751
2026-03-11 12:27:00,116300,116400,116200,116200,990
2026-03-11 12:28:00,116300,116400,116200,116400,1825
2026-03-11 12:29:00,116300,116400,116300,116400,122
2026-03-11 12:30:00,116300,116400,116300,116300,527
2026-03-11 12:31:00,116300,116400,116300,116400,278
2026-03-11 12:32:00,116300,116400,116300,116400,411
2026-03-11 12:33:00,116400,116700,116400,116600,2019
2026-03-11 12:34:00,116600,116700,116500,116600,253
2026-03-11 12:35:00,116600,116800,116500,116700,785
2026-03-11 12:36:00,116800,116800,116600,116800,1008
2026-03-11 12:37:00,116800,116950,116700,116900,1301
2026-03-11 12:38:00,116900,117000,116700,116800,2227
2026-03-11 12:39:00,116700,116800,116500,116600,2271
2026-03-11 12:40:00,116600,116700,116500,116600,916
2026-03-11 12:41:00,116600,116600,116500,116500,612
2026-03-11 12:42:00,116600,116600,116500,116600,1018
2026-03-11 12:43:00,116600,116700,116500,116600,853
2026-03-11 12:44:00,116600,116700,116500,116700,991
2026-03-11 12:45:00,116700,116700,116600,116600,778
2026-03-11 12:46:00,116600,116700,116500,116550,158
2026-03-11 12:47:00,116600,116700,116500,116600,1727
2026-03-11 12:48:00,116700,116700,116600,116700,886
2026-03-11 12:49:00,116600,116700,116500,116500,1836
2026-03-11 12:50:00,116500,116600,116500,116600,868
2026-03-11 12:51:00,116550,116600,116500,116600,404
2026-03-11 12:52:00,116500,116600,116400,116500,1499
2026-03-11 12:53:00,116500,116500,116400,116500,1031
2026-03-11 12:54:00,116500,116500,116400,116500,826
2026-03-11 12:55:00,116500,116800,116400,116700,964
2026-03-11 12:56:00,116700,116700,116600,116700,218
2026-03-11 12:57:00,116700,116700,116600,116700,98
2026-03-11 12:58:00,116700,116800,116600,116800,1339
2026-03-11 12:59:00,116800,116900,116700,116700,936
2026-03-11 13:00:00,116700,116800,116600,116600,1220
2026-03-11 13:01:00,116600,116700,116500,116500,914
2026-03-11 13:02:00,116500,116600,116500,116500,984
2026-03-11 13:03:00,116500,116500,116300,116400,3568
2026-03-11 13:04:00,116400,116400,116300,116400,1371
2026-03-11 13:05:00,116300,116400,116300,116400,345
2026-03-11 13:06:00,116400,116400,116300,116400,154
2026-03-11 13:07:00,116400,116400,116300,116400,229
2026-03-11 13:08:00,116300,116400,116300,116400,313
2026-03-11 13:09:00,116300,116400,116300,116300,284
2026-03-11 13:10:00,116350,116400,116300,116300,285
2026-03-11 13:11:00,116300,116400,116300,116300,579
2026-03-11 13:12:00,116300,116300,116200,116300,615
2026-03-11 13:13:00,116300,116300,116200,116200,1072
2026-03-11 13:14:00,116300,116300,116200,116200,449
2026-03-11 13:15:00,116300,116300,116200,116200,345
2026-03-11 13:16:00,116200,116300,116100,116100,1320
2026-03-11 13:17:00,116200,116200,116100,116200,434
2026-03-11 13:18:00,116200,116300,116100,116200,1803
2026-03-11 13:19:00,116200,116300,116200,116300,238
2026-03-11 13:20:00,116300,116300,116200,116200,474
2026-03-11 13:21:00,116200,116300,116200,116200,220
2026-03-11 13:22:00,116200,116300,116200,116300,346
2026-03-11 13:23:00,116300,116300,116200,116200,490
2026-03-11 13:24:00,116200,116300,116200,116200,245
2026-03-11 13:25:00,116200,116200,116100,116100,1308
2026-03-11 13:26:00,116200,116200,116100,116100,399
2026-03-11 13:27:00,116200,116200,116100,116200,612
2026-03-11 13:28:00,116100,116200,116100,116200,639
2026-03-11 13:29:00,116100,116200,116100,116200,572
2026-03-11 13:30:00,116200,116300,116100,116200,3082
2026-03-11 13:31:00,116300,116300,116200,116300,853
2026-03-11 13:32:00,116200,116500,116200,116400,1145
2026-03-11 13:33:00,116400,116500,116400,116500,515
2026-03-11 13:34:00,116400,116500,116400,116400,716
2026-03-11 13:35:00,116400,116500,116400,116500,862
2026-03-11 13:36:00,116400,116500,116400,116500,633
2026-03-11 13:37:00,116500,116500,116400,116400,619
2026-03-11 13:38:00,116400,116500,116300,116400,1050
2026-03-11 13:39:00,116300,116400,116300,116300,689
2026-03-11 13:40:00,116300,116400,116300,116400,311
2026-03-11 13:41:00,116300,116400,116300,116300,666
2026-03-11 13:42:00,116400,116400,116300,116400,709
2026-03-11 13:43:00,116400,116400,116300,116300,545
2026-03-11 13:44:00,116300,116400,116300,116300,1081
2026-03-11 13:45:00,116400,116400,116200,116200,1561
2026-03-11 13:46:00,116200,116300,116100,116200,1714
2026-03-11 13:47:00,116200,116200,116100,116200,710
2026-03-11 13:48:00,116100,116200,116100,116100,404
2026-03-11 13:49:00,116100,116200,116100,116200,579
2026-03-11 13:50:00,116100,116200,116100,116200,440
2026-03-11 13:51:00,116100,116200,116100,116100,471
2026-03-11 13:52:00,116200,116200,116100,116100,1562
2026-03-11 13:53:00,116100,116200,116100,116100,1716
2026-03-11 13:54:00,116200,116200,116100,116100,661
2026-03-11 13:55:00,116100,116200,116100,116200,714
2026-03-11 13:56:00,116100,116200,116100,116100,1176
2026-03-11 13:57:00,116200,116200,116000,116000,3959
2026-03-11 13:58:00,116000,116200,116000,116100,9015
2026-03-11 13:59:00,116200,116200,116100,116200,1001
2026-03-11 14:00:00,116100,116200,116100,116100,577
2026-03-11 14:01:00,116100,116200,116100,116100,1010
2026-03-11 14:02:00,116200,116200,116100,116100,1079
2026-03-11 14:03:00,116200,116300,116100,116300,2127
2026-03-11 14:04:00,116200,116500,116200,116300,975
2026-03-11 14:05:00,116300,116400,116200,116400,671
2026-03-11 14:06:00,116300,116400,116200,116300,871
2026-03-11 14:07:00,116300,116500,116200,116400,1369
2026-03-11 14:08:00,116300,116400,116300,116300,618
2026-03-11 14:09:00,116300,116400,116200,116300,1931
2026-03-11 14:10:00,116200,116300,116100,116100,2159
2026-03-11 14:11:00,116200,116200,116100,116100,1013
2026-03-11 14:12:00,116100,116200,116100,116100,899
2026-03-11 14:13:00,116200,116200,116100,116100,908
2026-03-11 14:14:00,116100,116200,116000,116000,4802
2026-03-11 14:15:00,116100,116100,116000,116000,1980
2026-03-11 14:16:00,116000,116100,116000,116000,1603
2026-03-11 14:17:00,116100,116100,115700,115800,16326
2026-03-11 14:18:00,115700,115800,115600,115600,3279
2026-03-11 14:19:00,115600,115700,115600,115600,1094
2026-03-11 14:20:00,115600,115700,115600,115600,1767
2026-03-11 14:21:00,115700,116000,115600,115900,6465
2026-03-11 14:22:00,115900,116000,115700,115700,2035
2026-03-11 14:23:00,115700,115800,115600,115600,1397
2026-03-11 14:24:00,115700,115800,115600,115700,1586
2026-03-11 14:25:00,115700,115800,115600,115700,1437
2026-03-11 14:26:00,115700,115800,115600,115600,2303
2026-03-11 14:27:00,115700,115800,115600,115700,3775
2026-03-11 14:28:00,115600,115800,115600,115600,2988
2026-03-11 14:29:00,115700,115700,115600,115700,1311
2026-03-11 14:30:00,115600,115700,115500,115500,5148
2026-03-11 14:31:00,115500,116000,115500,115700,5099
2026-03-11 14:32:00,115600,115700,115500,115500,1110
2026-03-11 14:33:00,115600,115600,115500,115600,1334
2026-03-11 14:34:00,115500,115600,115500,115500,1466
2026-03-11 14:35:00,115500,115600,115500,115500,1784
2026-03-11 14:36:00,115500,115500,115300,115300,7704
2026-03-11 14:37:00,115300,115400,115100,115100,4197
2026-03-11 14:38:00,115100,115300,115100,115200,4304
2026-03-11 14:39:00,115200,115200,115000,115000,2752
2026-03-11 14:40:00,115000,115100,115000,115100,5783
2026-03-11 14:41:00,115100,115100,114600,114600,12191
2026-03-11 14:42:00,114500,114700,114300,114300,4968
2026-03-11 14:43:00,114300,114400,114100,114200,5597
2026-03-11 14:44:00,114200,114800,114200,114300,4124
2026-03-11 14:45:00,114400,114400,114000,114000,5336
2026-03-11 14:46:00,114000,114100,113700,113800,7692
2026-03-11 14:47:00,113800,114300,113800,114300,4978
2026-03-11 14:48:00,114200,114300,114100,114200,2246
2026-03-11 14:49:00,114300,114500,114200,114400,2951
2026-03-11 14:50:00,114300,115500,114300,114600,7074
2026-03-11 14:51:00,114600,114700,114300,114400,3919
2026-03-11 14:52:00,114300,114500,114200,114300,3673
2026-03-11 14:53:00,114300,114300,114100,114100,2067
2026-03-11 14:54:00,114100,114200,113800,113900,4333
2026-03-11 14:55:00,113900,114400,113800,113800,6404
2026-03-11 14:56:00,113800,114000,113800,113800,3713
2026-03-11 14:57:00,113900,113900,113700,113700,2875
2026-03-11 14:58:00,113800,113800,113600,113700,1765
2026-03-11 14:59:00,113700,113700,113300,113300,4492
2026-03-11 15:00:00,113300,113400,113000,113100,8716
2026-03-11 15:01:00,113100,113400,113000,113050,3221
2026-03-11 15:02:00,113050,113700,113000,113000,5078
2026-03-11 15:03:00,113000,113100,112600,112700,5345
2026-03-11 15:04:00,112700,113300,112600,113100,7263
2026-03-11 15:05:00,113300,113300,113000,113000,2787
2026-03-11 15:06:00,113000,113800,113000,113800,6696
2026-03-11 15:07:00,113800,113900,113700,113900,3634
2026-03-11 15:08:00,113800,113900,113300,113700,5911
2026-03-11 15:09:00,113700,114000,113700,113800,3997
2026-03-11 15:10:00,113900,113900,113800,113900,2281
2026-03-11 15:11:00,113900,114000,113800,113900,5227
2026-03-11 15:12:00,113900,114100,113800,114000,3248
2026-03-11 15:13:00,114000,114200,113900,114200,2833
2026-03-11 15:14:00,114200,114500,114100,114500,1891
2026-03-11 15:15:00,114500,114500,114300,114300,3538
2026-03-11 15:16:00,114400,114700,114400,114700,1733
2026-03-11 15:17:00,114700,114800,114400,114600,2842
2026-03-11 15:18:00,114600,114700,114500,114600,771
2026-03-11 15:19:00,114600,114800,114500,114600,3213
2026-03-11 15:30:00,113700,113700,113700,113700,33339
2026-03-11 15:35:00,113700,113700,113700,113700,2135
2026-03-12 09:00:00,111500,114800,111400,113200,16591
2026-03-12 09:01:00,113100,113800,112200,113600,7414
2026-03-12 09:02:00,113500,114900,113200,114300,9493
2026-03-12 09:03:00,114200,114800,113500,114800,4054
2026-03-12 09:04:00,114700,114900,113700,114700,8292
2026-03-12 09:05:00,114700,114700,113800,114300,4148
2026-03-12 09:06:00,114100,114400,113600,113700,2662
2026-03-12 09:07:00,113600,114200,113600,113700,3466
2026-03-12 09:08:00,113700,114300,113100,114200,3421
2026-03-12 09:09:00,114200,115000,114050,114300,7298
2026-03-12 09:10:00,114200,114500,113500,114300,2828
2026-03-12 09:11:00,114000,114600,113800,114500,3432
2026-03-12 09:12:00,114500,114900,113700,114800,3919
2026-03-12 09:13:00,114900,115000,114600,114800,1895
2026-03-12 09:14:00,114900,115400,114900,115300,6491
2026-03-12 09:15:00,115300,115400,114700,114800,2635
2026-03-12 09:16:00,114900,115500,114500,115400,3469
2026-03-12 09:17:00,115400,116300,114900,116100,6153
2026-03-12 09:18:00,116200,116400,115500,115700,4360
2026-03-12 09:19:00,115700,115900,115300,115400,2657
2026-03-12 09:20:00,115400,116000,115200,115700,2893
2026-03-12 09:21:00,115700,116000,115500,115500,1790
2026-03-12 09:22:00,115500,115500,114800,115200,3327
2026-03-12 09:23:00,114900,115200,114600,115000,1694
2026-03-12 09:24:00,114800,115500,114800,115400,2719
2026-03-12 09:25:00,115400,115400,114700,114900,1481
2026-03-12 09:26:00,114900,114900,114600,114800,856
2026-03-12 09:27:00,114800,114800,114500,114600,1319
2026-03-12 09:28:00,114500,114700,113700,114300,5379
2026-03-12 09:29:00,114300,115300,114300,114900,3024
2026-03-12 09:30:00,114900,115300,114700,115200,4416
2026-03-12 09:31:00,115200,115300,114900,115200,1489
2026-03-12 09:32:00,115100,115200,114600,115000,1776
2026-03-12 09:33:00,115000,115100,114700,114800,547
2026-03-12 09:34:00,114800,115200,114700,114900,997
2026-03-12 09:35:00,115000,115400,114800,114800,2618
2026-03-12 09:36:00,114800,114900,114700,114700,1002
2026-03-12 09:37:00,114700,114900,114300,114900,2308
2026-03-12 09:38:00,115000,115100,114800,114800,811
2026-03-12 09:39:00,114700,114800,114600,114700,2419
2026-03-12 09:40:00,114700,114800,114400,114500,1877
2026-03-12 09:41:00,114500,114700,114000,114600,2121
2026-03-12 09:42:00,114600,115000,114600,114700,1435
2026-03-12 09:43:00,114600,115100,114400,114900,2703
2026-03-12 09:44:00,114800,115000,114500,114600,490
2026-03-12 09:45:00,114500,114500,114300,114400,1265
2026-03-12 09:46:00,114300,114400,114300,114400,1108
2026-03-12 09:47:00,114500,114900,114300,114600,2376
2026-03-12 09:48:00,114700,114700,114400,114400,929
2026-03-12 09:49:00,114400,114500,114100,114300,1093
2026-03-12 09:50:00,114200,114800,114100,114500,3301
2026-03-12 09:51:00,114500,114500,114100,114200,729
2026-03-12 09:52:00,114200,114200,113900,114100,2096
2026-03-12 09:53:00,114100,114100,113700,113800,1879
2026-03-12 09:54:00,113800,114400,113800,114400,1606
2026-03-12 09:55:00,114300,114400,114000,114200,998
2026-03-12 09:56:00,114200,114200,113900,114000,1495
2026-03-12 09:57:00,114000,114100,113900,114000,1584
2026-03-12 09:58:00,114000,114700,114000,114200,3384
2026-03-12 09:59:00,114200,114500,114200,114300,409
2026-03-12 10:00:00,114300,114300,114000,114000,711
2026-03-12 10:01:00,114100,114100,113900,113900,796
2026-03-12 10:02:00,113900,114000,113800,113900,1036
2026-03-12 10:03:00,113900,113900,113700,113700,1051
2026-03-12 10:04:00,113800,114200,113700,113900,3520
2026-03-12 10:05:00,114000,114200,113600,113700,2038
2026-03-12 10:06:00,113700,113800,113600,113700,1345
2026-03-12 10:07:00,113700,113700,113600,113700,323
2026-03-12 10:08:00,113600,113700,113600,113600,263
2026-03-12 10:09:00,113600,114000,113500,114000,4180
2026-03-12 10:10:00,113900,114100,113800,113900,1556
2026-03-12 10:11:00,114000,114100,113900,114100,636
2026-03-12 10:12:00,114100,114100,113900,113900,815
2026-03-12 10:13:00,114000,114200,113900,114100,865
2026-03-12 10:14:00,114200,114300,114100,114100,993
2026-03-12 10:15:00,114100,114200,113900,114200,1048
2026-03-12 10:16:00,114200,114200,114000,114100,324
2026-03-12 10:17:00,114100,114100,113900,113900,321
2026-03-12 10:18:00,113900,114000,113800,113800,175
2026-03-12 10:19:00,113900,113900,113700,113700,669
2026-03-12 10:20:00,113700,113800,113600,113700,1291
2026-03-12 10:21:00,113700,113800,113500,113700,1174
2026-03-12 10:22:00,113700,114000,113500,113900,1390
2026-03-12 10:23:00,113900,114200,113900,114100,1248
2026-03-12 10:24:00,114200,114400,114200,114300,980
2026-03-12 10:25:00,114300,114400,114200,114400,931
2026-03-12 10:26:00,114400,114500,114300,114300,625
2026-03-12 10:27:00,114200,114300,113800,114200,1613
2026-03-12 10:28:00,114300,114800,114200,114500,3112
2026-03-12 10:29:00,114600,114700,114600,114700,436
2026-03-12 10:30:00,114700,115000,114700,115000,1730
2026-03-12 10:31:00,114900,115000,114800,114900,160
2026-03-12 10:32:00,114900,115000,114700,114900,1343
2026-03-12 10:33:00,114900,114900,114800,114800,258
2026-03-12 10:34:00,114800,114900,114800,114800,340
2026-03-12 10:35:00,114900,114900,114800,114900,371
2026-03-12 10:36:00,114900,115000,114800,114900,1684
2026-03-12 10:37:00,114800,115000,114800,114900,1045
2026-03-12 10:38:00,114900,114900,114600,114700,1048
2026-03-12 10:39:00,114900,115000,114800,115000,516
2026-03-12 10:40:00,114900,115000,114700,114800,936
2026-03-12 10:41:00,114800,114900,114700,114900,586
2026-03-12 10:42:00,114900,114900,114800,114900,279
2026-03-12 10:43:00,114900,115000,114700,115000,1216
2026-03-12 10:44:00,115000,115200,114900,115200,1704
2026-03-12 10:45:00,115100,115200,115000,115000,778
2026-03-12 10:46:00,115000,115000,114800,114900,1671
2026-03-12 10:47:00,114900,114900,114500,114600,715
2026-03-12 10:48:00,114600,114600,114400,114400,744
2026-03-12 10:49:00,114400,114500,114300,114400,129
2026-03-12 10:50:00,114300,114400,114000,114100,1393
2026-03-12 10:51:00,114100,114200,114000,114000,961
2026-03-12 10:52:00,114100,114400,114000,114400,1171
2026-03-12 10:53:00,114200,114300,114000,114100,577
2026-03-12 10:54:00,114000,114300,114000,114300,949
2026-03-12 10:55:00,114200,114700,114200,114600,3648
2026-03-12 10:56:00,114600,114700,114300,114400,1562
2026-03-12 10:57:00,114400,114400,114100,114300,878
2026-03-12 10:58:00,114300,114300,114100,114200,1226
2026-03-12 10:59:00,114200,114600,114200,114600,1211
2026-03-12 11:00:00,114500,114500,114300,114400,476
2026-03-12 11:01:00,114400,114400,114300,114300,328
2026-03-12 11:02:00,114300,114400,113900,114000,2319
2026-03-12 11:03:00,114000,114100,114000,114100,318
2026-03-12 11:04:00,114100,114100,114000,114100,299
2026-03-12 11:05:00,114000,114100,114000,114100,518
2026-03-12 11:06:00,114000,114500,114000,114200,2570
2026-03-12 11:07:00,114100,114200,114100,114200,169
2026-03-12 11:08:00,114200,114300,114100,114100,1272
2026-03-12 11:09:00,114100,114500,114100,114400,1075
2026-03-12 11:10:00,114400,114400,114100,114200,787
2026-03-12 11:11:00,114200,114200,114100,114200,448
2026-03-12 11:12:00,114200,114200,114100,114100,205
2026-03-12 11:13:00,114200,114200,113900,114000,1768
2026-03-12 11:14:00,114000,114000,113900,114000,366
2026-03-12 11:15:00,114000,114000,113900,114000,476
2026-03-12 11:16:00,114000,114000,113800,113900,1008
2026-03-12 11:17:00,113900,113900,113800,113900,244
2026-03-12 11:18:00,113800,113900,113800,113800,240
2026-03-12 11:19:00,113900,113900,113600,113700,1419
2026-03-12 11:20:00,113600,113700,113500,113600,2090
2026-03-12 11:21:00,113650,113900,113600,113800,2184
2026-03-12 11:22:00,113800,113900,113500,113600,1800
2026-03-12 11:23:00,113600,113600,113400,113500,1787
2026-03-12 11:24:00,113600,114000,113600,113900,2770
2026-03-12 11:25:00,113900,114000,113900,113900,554
2026-03-12 11:26:00,114000,114100,113700,113700,2942
2026-03-12 11:27:00,113700,113800,113600,113600,528
2026-03-12 11:28:00,113700,113800,113600,113700,791
2026-03-12 11:29:00,113700,113800,113600,113800,1046
2026-03-12 11:30:00,113800,114000,113700,113900,1066
2026-03-12 11:31:00,113900,114200,113800,114100,2077
2026-03-12 11:32:00,114100,114200,113800,113900,638
2026-03-12 11:33:00,113900,114100,113700,113800,1085
2026-03-12 11:34:00,113800,113900,113600,113900,406
2026-03-12 11:35:00,113800,114000,113700,113800,812
2026-03-12 11:36:00,113700,113800,113600,113700,447
2026-03-12 11:37:00,113600,113700,113400,113500,1779
2026-03-12 11:38:00,113500,113600,113500,113500,769
2026-03-12 11:39:00,113600,113700,113400,113700,1062
2026-03-12 11:40:00,113700,114000,113600,113900,2532
2026-03-12 11:41:00,114000,114000,113600,113700,641
2026-03-12 11:42:00,113700,113700,113200,113500,1543
2026-03-12 11:43:00,113200,113500,113100,113300,142
2026-03-12 11:44:00,113400,113500,113300,113400,911
2026-03-12 11:45:00,113400,113500,113000,113400,2453
2026-03-12 11:46:00,113300,113400,113000,113200,1279
2026-03-12 11:47:00,113300,113300,112900,113100,1761
2026-03-12 11:48:00,113050,113200,113000,113100,450
2026-03-12 11:49:00,113100,113500,112900,113000,2868
2026-03-12 11:50:00,113100,113700,113000,113200,3327
2026-03-12 11:51:00,113200,113300,113100,113200,699
2026-03-12 11:52:00,113200,113300,113100,113200,470
2026-03-12 11:53:00,113200,113200,113100,113100,576
2026-03-12 11:54:00,113100,113200,112900,113100,1732
2026-03-12 11:55:00,113000,113400,112900,113000,2881
2026-03-12 11:56:00,113000,113200,113000,113000,243
2026-03-12 11:57:00,113100,113500,113000,113100,2599
2026-03-12 11:58:00,113000,113100,112800,112900,364
2026-03-12 11:59:00,113000,113000,112800,113000,1052
2026-03-12 12:00:00,112900,113000,112800,112900,375
2026-03-12 12:01:00,112900,112900,112800,112900,438
2026-03-12 12:02:00,112800,112900,112800,112900,349
2026-03-12 12:03:00,112800,112900,112600,112600,1062
2026-03-12 12:04:00,112600,112700,112600,112600,373
2026-03-12 12:05:00,112600,112700,112400,112600,2750
2026-03-12 12:06:00,112700,113000,112700,113000,1673
2026-03-12 12:07:00,112900,113300,112800,113300,1824
2026-03-12 12:08:00,113300,113300,112800,112800,692
2026-03-12 12:09:00,112800,113100,112800,112800,706
2026-03-12 12:10:00,112800,113100,112700,113100,1061
2026-03-12 12:11:00,113100,113100,113000,113100,97
2026-03-12 12:12:00,113000,113100,112900,113000,692
2026-03-12 12:13:00,112900,113000,112800,112900,71
2026-03-12 12:14:00,112900,112900,112700,112700,507
2026-03-12 12:15:00,112800,113000,112700,112900,1711
2026-03-12 12:16:00,113000,113000,112900,112900,261
2026-03-12 12:17:00,112900,113600,112900,113300,3842
2026-03-12 12:18:00,113300,113500,113000,113500,1358
2026-03-12 12:19:00,113000,113400,113000,113400,692
2026-03-12 12:20:00,113300,113600,113200,113500,943
2026-03-12 12:21:00,113500,113600,113400,113500,310
2026-03-12 12:22:00,113500,113700,113300,113600,1790
2026-03-12 12:23:00,113600,113700,113400,113400,624
2026-03-12 12:24:00,113400,113500,113400,113500,630
2026-03-12 12:25:00,113500,113600,113200,113400,2090
2026-03-12 12:26:00,113400,113500,113100,113300,788
2026-03-12 12:27:00,113400,113400,113100,113200,682
2026-03-12 12:28:00,113200,113200,113000,113100,685
2026-03-12 12:29:00,113100,113400,113000,113100,930
2026-03-12 12:30:00,113100,113200,112800,113200,1261
2026-03-12 12:31:00,113100,113400,113100,113200,986
2026-03-12 12:32:00,113100,113200,112800,113100,746
2026-03-12 12:33:00,113000,113300,112900,113200,1302
2026-03-12 12:34:00,113200,113200,112800,113100,664
2026-03-12 12:35:00,113100,113200,112900,112950,589
2026-03-12 12:36:00,113000,113700,113000,113300,3141
2026-03-12 12:37:00,113300,113300,113200,113200,309
2026-03-12 12:38:00,113200,113300,113200,113300,719
2026-03-12 12:39:00,113300,113300,112900,113000,1401
2026-03-12 12:40:00,113000,113000,112800,113000,313
2026-03-12 12:41:00,112900,113000,112700,112800,818
2026-03-12 12:42:00,112900,113200,112700,112900,1486
2026-03-12 12:43:00,112800,113000,112800,113000,699
2026-03-12 12:44:00,112900,113000,112900,112900,499
2026-03-12 12:45:00,112900,113400,112800,113300,3155
2026-03-12 12:46:00,113100,113300,113000,113000,368
2026-03-12 12:47:00,113000,113100,112800,112900,549
2026-03-12 12:48:00,112900,112900,112700,112800,1244
2026-03-12 12:49:00,112900,113100,112800,112800,1013
2026-03-12 12:50:00,113100,113300,112900,113100,963
2026-03-12 12:51:00,113200,113400,113100,113200,798
2026-03-12 12:52:00,113300,113400,113300,113300,624
2026-03-12 12:53:00,113300,113400,113200,113300,584
2026-03-12 12:54:00,113300,113300,113200,113200,414
2026-03-12 12:55:00,113300,113400,113200,113400,698
2026-03-12 12:56:00,113400,113700,113400,113500,1110
2026-03-12 12:57:00,113500,113600,113400,113600,630
2026-03-12 12:58:00,113600,113600,113400,113400,315
2026-03-12 12:59:00,113500,113600,113400,113600,441
2026-03-12 13:00:00,113500,113500,113300,113500,1098
2026-03-12 13:01:00,113500,113500,113200,113400,1571
2026-03-12 13:02:00,113400,113600,113400,113500,819
2026-03-12 13:03:00,113500,113500,113300,113400,1327
2026-03-12 13:04:00,113400,113400,113300,113300,628
2026-03-12 13:05:00,113300,113400,113200,113300,652
2026-03-12 13:06:00,113300,113400,113200,113300,1114
2026-03-12 13:07:00,113300,113500,113200,113400,553
2026-03-12 13:08:00,113400,113700,113400,113400,912
2026-03-12 13:09:00,113400,113500,113200,113200,1409
2026-03-12 13:10:00,113200,113300,113200,113300,251
2026-03-12 13:11:00,113200,113300,113000,113100,934
2026-03-12 13:12:00,113200,113200,113100,113200,188
2026-03-12 13:13:00,113100,113200,113100,113200,839
2026-03-12 13:14:00,113200,113400,113100,113400,1187
2026-03-12 13:15:00,113400,114000,113300,114000,2265
2026-03-12 13:16:00,114100,114100,113700,113900,640
2026-03-12 13:17:00,113800,113900,113700,113800,800
2026-03-12 13:18:00,113800,113800,113700,113700,458
2026-03-12 13:19:00,113800,114200,113700,114100,3262
2026-03-12 13:20:00,114200,114300,114100,114200,1485
2026-03-12 13:21:00,114200,114300,114200,114300,439
2026-03-12 13:22:00,114200,114200,113900,114000,1401
2026-03-12 13:23:00,114000,114000,113900,113900,282
2026-03-12 13:24:00,113900,114000,113800,113900,1966
2026-03-12 13:25:00,113800,114000,113800,114000,632
2026-03-12 13:26:00,113900,114000,113800,113800,607
2026-03-12 13:27:00,113800,114100,113300,114100,4178
2026-03-12 13:28:00,114100,114300,113900,114200,1860
2026-03-12 13:29:00,114200,114300,114000,114000,498
2026-03-12 13:30:00,114100,114100,114000,114100,234
2026-03-12 13:31:00,114000,114100,113800,113900,774
2026-03-12 13:32:00,113900,113900,113800,113800,609
2026-03-12 13:33:00,113900,113900,113800,113800,358
2026-03-12 13:34:00,113900,113900,113800,113900,1003
2026-03-12 13:35:00,113900,113900,113500,113900,3883
2026-03-12 13:36:00,113800,114100,113600,113800,980
2026-03-12 13:37:00,113800,114200,113700,114100,746
2026-03-12 13:38:00,114100,114100,113700,113900,445
2026-03-12 13:39:00,113900,113900,113800,113800,987
2026-03-12 13:40:00,113900,114000,113900,114000,610
2026-03-12 13:41:00,113900,114000,113700,113800,2037
2026-03-12 13:42:00,113800,114000,113600,113900,1957
2026-03-12 13:43:00,113900,114000,113800,114000,868
2026-03-12 13:44:00,113900,114000,113900,113900,689
2026-03-12 13:45:00,114000,114000,113800,113900,307
2026-03-12 13:46:00,113900,113900,113800,113800,414
2026-03-12 13:47:00,113900,113900,113800,113800,756
2026-03-12 13:48:00,113900,113900,113800,113800,224
2026-03-12 13:49:00,113800,113900,113800,113800,458
2026-03-12 13:50:00,113800,113900,113800,113800,427
2026-03-12 13:51:00,113800,114000,113800,114000,2617
2026-03-12 13:52:00,114000,114000,113900,113900,578
2026-03-12 13:53:00,114000,114000,113900,113900,1270
2026-03-12 13:54:00,114000,114300,113900,114200,1832
2026-03-12 13:55:00,114200,114400,114200,114400,1155
2026-03-12 13:56:00,114400,114400,114300,114400,295
2026-03-12 13:57:00,114400,114400,114100,114200,1822
2026-03-12 13:58:00,114100,114200,113900,114100,896
2026-03-12 13:59:00,114100,114200,114100,114100,469
2026-03-12 14:00:00,114200,114200,114100,114200,688
2026-03-12 14:01:00,114100,114200,114100,114100,272
2026-03-12 14:02:00,114200,114500,114100,114500,3217
2026-03-12 14:03:00,114500,115000,114400,114900,3926
2026-03-12 14:04:00,114900,114900,114600,114800,1827
2026-03-12 14:05:00,114800,114900,114600,114900,1225
2026-03-12 14:06:00,114800,115000,114800,114900,2126
2026-03-12 14:07:00,114900,115000,114700,114800,927
2026-03-12 14:08:00,114800,114800,114700,114800,433
2026-03-12 14:09:00,114700,114800,114600,114600,524
2026-03-12 14:10:00,114700,114800,114600,114800,1097
2026-03-12 14:11:00,114700,114900,114700,114900,1089
2026-03-12 14:12:00,114800,115000,114800,114900,830
2026-03-12 14:13:00,114800,115000,114800,114900,1006
2026-03-12 14:14:00,114900,115000,114800,115000,899
2026-03-12 14:15:00,115000,115100,114900,115000,2175
2026-03-12 14:16:00,115000,115200,115000,115200,1183
2026-03-12 14:17:00,115100,115100,115000,115000,896
2026-03-12 14:18:00,115100,115200,115000,115100,1008
2026-03-12 14:19:00,115100,115200,115000,115000,1893
2026-03-12 14:20:00,115100,115100,115000,115000,893
2026-03-12 14:21:00,115100,115200,115000,115100,1252
2026-03-12 14:22:00,115100,115200,115000,115200,986
2026-03-12 14:23:00,115200,115200,115000,115200,1147
2026-03-12 14:24:00,115200,115200,115100,115200,296
2026-03-12 14:25:00,115200,115200,115100,115200,1127
2026-03-12 14:26:00,115100,115200,115100,115100,359
2026-03-12 14:27:00,115200,115300,115100,115200,1917
2026-03-12 14:28:00,115300,115300,115200,115200,443
2026-03-12 14:29:00,115300,115300,115200,115300,417
2026-03-12 14:30:00,115200,115300,115200,115200,623
2026-03-12 14:31:00,115200,115300,115200,115300,1020
2026-03-12 14:32:00,115300,115300,115200,115300,954
2026-03-12 14:33:00,115300,115300,115200,115200,788
2026-03-12 14:34:00,115300,115500,115200,115400,1987
2026-03-12 14:35:00,115400,115500,115400,115400,363
2026-03-12 14:36:00,115400,115500,115100,115200,4190
2026-03-12 14:37:00,115100,115500,115000,115400,1604
2026-03-12 14:38:00,115500,115500,115400,115400,1627
2026-03-12 14:39:00,115400,115500,115400,115500,860
2026-03-12 14:40:00,115500,115800,115400,115700,3008
2026-03-12 14:41:00,115800,115900,115700,115800,1599
2026-03-12 14:42:00,115800,115900,115700,115800,1464
2026-03-12 14:43:00,115900,116000,115800,115900,2774
2026-03-12 14:44:00,116000,116000,115900,115900,439
2026-03-12 14:45:00,116000,116000,115900,116000,1515
2026-03-12 14:46:00,116000,116000,115500,115800,4383
2026-03-12 14:47:00,115800,115900,115700,115700,1005
2026-03-12 14:48:00,115700,115800,115500,115600,1817
2026-03-12 14:49:00,115600,115900,115400,115700,3824
2026-03-12 14:50:00,115600,115600,115500,115600,1558
2026-03-12 14:51:00,115600,115700,115600,115600,1839
2026-03-12 14:52:00,115600,115900,115500,115700,2224
2026-03-12 14:53:00,115700,115700,115500,115600,2475
2026-03-12 14:54:00,115600,115900,115500,115800,3434
2026-03-12 14:55:00,115800,115900,115400,115400,1709
2026-03-12 14:56:00,115500,115800,115400,115700,2226
2026-03-12 14:57:00,115700,115900,115600,115800,3546
2026-03-12 14:58:00,115800,115900,115800,115800,1822
2026-03-12 14:59:00,115900,115900,115700,115800,2220
2026-03-12 15:00:00,115900,116000,115800,116000,4363
2026-03-12 15:01:00,116000,116000,115700,115700,3823
2026-03-12 15:02:00,115700,116000,115600,115900,3784
2026-03-12 15:03:00,115900,116000,115800,115800,3151
2026-03-12 15:04:00,115800,116000,115800,116000,2445
2026-03-12 15:05:00,115900,116000,115700,115800,3424
2026-03-12 15:06:00,115700,115900,115600,115700,3174
2026-03-12 15:07:00,115800,115900,115600,115700,3188
2026-03-12 15:08:00,115700,115900,115600,115700,4723
2026-03-12 15:09:00,115800,115900,115600,115700,2802
2026-03-12 15:10:00,115700,115900,115200,115600,4161
2026-03-12 15:11:00,115500,115700,115400,115400,2947
2026-03-12 15:12:00,115400,115800,115400,115500,3808
2026-03-12 15:13:00,115600,115800,115500,115800,3187
2026-03-12 15:14:00,115700,115900,115500,115700,5526
2026-03-12 15:15:00,115800,116000,115700,115900,6505
2026-03-12 15:16:00,115900,116200,115800,116200,8511
2026-03-12 15:17:00,116200,116300,115600,116200,7555
2026-03-12 15:18:00,116200,116300,115900,116000,3861
2026-03-12 15:19:00,116100,116100,115800,115900,3152
2026-03-12 15:32:00,117800,117800,117800,117800,240210
2026-03-12 15:35:00,117800,117800,117800,117800,22831
2026-03-13 09:00:00,113400,114100,112900,114000,11407
2026-03-13 09:01:00,114000,114300,113000,113900,9976
2026-03-13 09:02:00,113900,114300,112900,114200,5638
2026-03-13 09:03:00,114200,114800,113100,113600,5258
2026-03-13 09:04:00,113600,113600,112900,113600,4736
2026-03-13 09:05:00,113500,113600,113200,113300,2829
2026-03-13 09:06:00,113300,114000,113000,113000,3836
2026-03-13 09:07:00,113000,113100,112600,113100,6568
2026-03-13 09:08:00,113100,113300,112500,112800,4817
2026-03-13 09:09:00,112600,113200,112600,112900,2147
2026-03-13 09:10:00,112900,113400,112800,113000,2455
2026-03-13 09:11:00,113000,113200,112700,112700,2970
2026-03-13 09:12:00,112900,112900,112700,112900,760
2026-03-13 09:13:00,112900,113700,112700,113500,5667
2026-03-13 09:14:00,113500,113600,113500,113600,701
2026-03-13 09:15:00,113600,113700,113500,113700,1726
2026-03-13 09:16:00,113700,114400,113500,114300,3974
2026-03-13 09:17:00,114300,114500,114100,114200,1627
2026-03-13 09:18:00,114200,114200,113800,113900,2390
2026-03-13 09:19:00,113800,114000,113500,113700,3117
2026-03-13 09:20:00,113700,113900,113500,113600,3076
2026-03-13 09:21:00,113700,113900,113200,113300,3567
2026-03-13 09:22:00,113400,113500,113100,113200,2170
2026-03-13 09:23:00,113200,113300,113200,113200,2603
2026-03-13 09:24:00,113300,113300,113100,113200,2441
2026-03-13 09:25:00,113100,113600,113000,113300,3128
2026-03-13 09:26:00,113300,114000,113200,113900,6039
2026-03-13 09:27:00,113900,114300,113600,114200,3464
2026-03-13 09:28:00,114300,114300,113900,113900,2762
2026-03-13 09:29:00,113900,114000,113600,113800,3089
2026-03-13 09:30:00,113800,114100,113700,113900,2454
2026-03-13 09:31:00,114000,114000,113900,113900,795
2026-03-13 09:32:00,113900,114500,113900,114300,3585
2026-03-13 09:33:00,114300,114400,113900,114100,2828
2026-03-13 09:34:00,114100,114200,114000,114000,973
2026-03-13 09:35:00,114000,114100,113700,113800,1638
2026-03-13 09:36:00,113800,113800,113600,113600,1535
2026-03-13 09:37:00,113700,113700,113500,113600,1098
2026-03-13 09:38:00,113600,113700,113500,113600,4641
2026-03-13 09:39:00,113500,113600,113200,113200,3052
2026-03-13 09:40:00,113300,113300,113200,113200,1902
2026-03-13 09:41:00,113300,113300,112900,112900,4472
2026-03-13 09:42:00,112900,113300,112700,113100,7746
2026-03-13 09:43:00,113000,113300,113000,113300,2959
2026-03-13 09:44:00,113300,113300,112900,112900,3058
2026-03-13 09:45:00,113000,113200,112800,112900,3154
2026-03-13 09:46:00,112900,112900,112700,112700,878
2026-03-13 09:47:00,112700,112800,112600,112700,1447
2026-03-13 09:48:00,112700,112800,112600,112700,5537
2026-03-13 09:49:00,112600,112700,112300,112400,3787
2026-03-13 09:50:00,112400,112400,112200,112300,2497
2026-03-13 09:51:00,112200,112300,111800,111900,6464
2026-03-13 09:52:00,111900,112100,111800,112100,4282
2026-03-13 09:53:00,112100,112100,112000,112000,890
2026-03-13 09:54:00,112100,112100,112000,112100,1191
2026-03-13 09:55:00,112100,112800,112000,112200,5040
2026-03-13 09:56:00,112200,112200,112100,112200,1426
2026-03-13 09:57:00,112200,112200,111800,112000,5269
2026-03-13 09:58:00,112000,112300,111900,112300,2799
2026-03-13 09:59:00,112300,112700,112200,112600,2089
2026-03-13 10:00:00,112700,112800,112600,112700,1780
2026-03-13 10:01:00,112700,112800,112500,112700,1403
2026-03-13 10:02:00,112700,113400,112700,112900,4390
2026-03-13 10:03:00,112800,113000,112800,113000,2947
2026-03-13 10:04:00,112900,113000,112800,112900,1476
2026-03-13 10:05:00,112900,113700,112800,113600,3678
2026-03-13 10:06:00,113700,113800,113200,113300,3905
2026-03-13 10:07:00,113400,113600,113300,113400,1080
2026-03-13 10:08:00,113400,113400,113200,113300,1342
2026-03-13 10:09:00,113300,113550,113250,113400,1482
2026-03-13 10:10:00,113400,113400,113100,113100,977
2026-03-13 10:11:00,113200,113200,113000,113100,1327
2026-03-13 10:12:00,113200,113200,113000,113000,1227
2026-03-13 10:13:00,113100,113100,113000,113000,1127
2026-03-13 10:14:00,113100,113100,112800,112900,1581
2026-03-13 10:15:00,113000,113100,113000,113000,951
2026-03-13 10:16:00,113100,113100,112900,113000,2187
2026-03-13 10:17:00,113000,113200,113000,113000,1317
2026-03-13 10:18:00,113000,113300,112900,113300,1633
2026-03-13 10:19:00,113300,113400,113100,113400,1234
2026-03-13 10:20:00,113400,113600,113200,113600,1494
2026-03-13 10:21:00,113600,113600,113100,113300,1005
2026-03-13 10:22:00,113300,113400,113100,113200,1477
2026-03-13 10:23:00,113200,113300,113000,113000,866
2026-03-13 10:24:00,113100,113100,112900,113000,1606
2026-03-13 10:25:00,113000,113600,112800,113100,5194
2026-03-13 10:26:00,113400,113400,112900,113000,596
2026-03-13 10:27:00,113000,113200,112900,113200,2777
2026-03-13 10:28:00,113100,113200,112900,113000,1950
2026-03-13 10:29:00,112900,113000,112900,112900,683
2026-03-13 10:30:00,113000,113900,113000,113600,3848
2026-03-13 10:31:00,113600,113900,113500,113700,1496
2026-03-13 10:32:00,113800,114000,113700,113900,2011
2026-03-13 10:33:00,113800,114000,113800,113900,2125
2026-03-13 10:34:00,113800,113900,113700,113800,818
2026-03-13 10:35:00,113800,114100,113800,114000,3381
2026-03-13 10:36:00,114000,114000,113800,113800,3395
2026-03-13 10:37:00,113800,114000,113800,113900,1218
2026-03-13 10:38:00,114000,114000,113900,113900,1101
2026-03-13 10:39:00,113900,114000,113700,113800,1657
2026-03-13 10:40:00,113800,114200,113600,114100,4580
2026-03-13 10:41:00,114000,114000,113500,113500,1788
2026-03-13 10:42:00,113600,113600,113100,113100,2090
2026-03-13 10:43:00,113100,113400,113000,113200,2128
2026-03-13 10:44:00,113200,113300,112900,113100,3023
2026-03-13 10:45:00,113100,113100,113000,113000,791
2026-03-13 10:46:00,113100,113100,112900,113100,1419
2026-03-13 10:47:00,113200,113200,113000,113100,1209
2026-03-13 10:48:00,113100,113500,113000,113500,2275
2026-03-13 10:49:00,113100,113600,113100,113200,1675
2026-03-13 10:50:00,113200,113300,112900,112900,1474
2026-03-13 10:51:00,112900,113500,112900,113100,1848
2026-03-13 10:52:00,113100,113100,112500,112600,5295
2026-03-13 10:53:00,112800,112800,112500,112700,1094
2026-03-13 10:54:00,112700,113100,112500,112700,1835
2026-03-13 10:55:00,112800,112900,112800,112800,867
2026-03-13 10:56:00,112900,113100,112800,112900,959
2026-03-13 10:57:00,112900,113000,112800,112800,660
2026-03-13 10:58:00,112800,113300,112800,113300,1431
2026-03-13 10:59:00,113300,113300,113200,113200,770
2026-03-13 11:00:00,113200,113300,113100,113200,889
2026-03-13 11:01:00,113200,113200,112900,113200,1589
2026-03-13 11:02:00,113100,113200,113000,113100,1349
2026-03-13 11:03:00,113100,113400,113100,113300,1238
2026-03-13 11:04:00,113400,113600,113300,113500,1048
2026-03-13 11:05:00,113500,113600,113300,113400,1170
2026-03-13 11:06:00,113500,113700,113400,113400,781
2026-03-13 11:07:00,113400,113500,113400,113500,997
2026-03-13 11:08:00,113500,113700,113400,113600,1125
2026-03-13 11:09:00,113600,113800,113600,113800,1693
2026-03-13 11:10:00,113800,113900,113800,113800,371
2026-03-13 11:11:00,113900,113900,113700,113700,894
2026-03-13 11:12:00,113800,113800,113600,113700,1698
2026-03-13 11:13:00,113700,113800,113700,113700,548
2026-03-13 11:14:00,113750,113800,113600,113600,835
2026-03-13 11:15:00,113600,113800,113400,113400,3911
2026-03-13 11:16:00,113400,113400,113200,113300,1753
2026-03-13 11:17:00,113400,113700,113300,113400,1298
2026-03-13 11:18:00,113400,113400,113200,113200,733
2026-03-13 11:19:00,113200,113300,113200,113200,629
2026-03-13 11:20:00,113300,113300,113100,113100,626
2026-03-13 11:21:00,113200,113200,113000,113000,524
2026-03-13 11:22:00,113000,113100,113000,113000,688
2026-03-13 11:23:00,113000,113100,112900,112900,1850
2026-03-13 11:24:00,112800,113000,112800,112900,1328
2026-03-13 11:25:00,113000,113100,112900,113100,1497
2026-03-13 11:26:00,113000,113100,112800,112900,503
2026-03-13 11:27:00,112800,112900,112800,112800,697
2026-03-13 11:28:00,112900,113000,112800,113000,1208
2026-03-13 11:29:00,113100,113100,113000,113000,570
2026-03-13 11:30:00,113000,113100,113000,113000,679
2026-03-13 11:31:00,113000,113300,112900,113200,1289
2026-03-13 11:32:00,113200,113300,113100,113200,798
2026-03-13 11:33:00,113200,113300,113100,113200,675
2026-03-13 11:34:00,113200,113200,112900,113000,1812
2026-03-13 11:35:00,113000,113000,112800,112900,1207
2026-03-13 11:36:00,113000,113000,112900,112900,372
2026-03-13 11:37:00,112900,113000,112800,112800,1115
2026-03-13 11:38:00,112800,112900,112800,112800,430
2026-03-13 11:39:00,112800,112900,112700,112700,1153
2026-03-13 11:40:00,112700,112800,112700,112700,864
2026-03-13 11:41:00,112800,113300,112700,113100,2531
2026-03-13 11:42:00,113000,113100,112700,112700,1158
2026-03-13 11:43:00,112700,112800,112700,112700,528
2026-03-13 11:44:00,112800,112800,112700,112700,469
2026-03-13 11:45:00,112800,112800,112700,112700,682
2026-03-13 11:46:00,112700,112800,112600,112700,1671
2026-03-13 11:47:00,112600,113000,112600,113000,569
2026-03-13 11:48:00,113000,113000,112900,112900,346
2026-03-13 11:49:00,112900,113000,112800,112900,463
2026-03-13 11:50:00,112900,113200,112800,113100,1413
2026-03-13 11:51:00,113100,113200,113000,113100,720
2026-03-13 11:52:00,113200,113400,113100,113200,468
2026-03-13 11:53:00,113100,113200,113100,113100,653
2026-03-13 11:54:00,113200,113200,113000,113000,923
2026-03-13 11:55:00,113100,113100,112900,112900,542
2026-03-13 11:56:00,112900,113000,112800,112900,566
2026-03-13 11:57:00,113000,113100,112800,112900,1619
2026-03-13 11:58:00,113000,113000,112900,112900,543
2026-03-13 11:59:00,112900,113400,112900,113200,1521
2026-03-13 12:00:00,113200,113300,113200,113300,419
2026-03-13 12:01:00,113200,113200,113100,113100,433
2026-03-13 12:02:00,113100,113300,113100,113200,845
2026-03-13 12:03:00,113300,113300,113100,113200,615
2026-03-13 12:04:00,113100,113300,113100,113100,1010
2026-03-13 12:05:00,113100,113200,113000,113100,1007
2026-03-13 12:06:00,113050,113100,112900,112900,831
2026-03-13 12:07:00,112900,113000,112900,112900,845
2026-03-13 12:08:00,113000,113400,112900,113300,2111
2026-03-13 12:09:00,113300,113600,113300,113500,2794
2026-03-13 12:10:00,113600,113700,113500,113700,900
2026-03-13 12:11:00,113700,113700,113200,113400,750
2026-03-13 12:12:00,113400,113600,113200,113600,1599
2026-03-13 12:13:00,113500,113600,113400,113400,393
2026-03-13 12:14:00,113500,113600,113400,113500,359
2026-03-13 12:15:00,113400,113500,113400,113450,689
2026-03-13 12:16:00,113500,113500,113200,113300,527
2026-03-13 12:17:00,113300,113400,113100,113100,1095
2026-03-13 12:18:00,113100,113600,113000,113500,2150
2026-03-13 12:19:00,113300,113500,113300,113400,208
2026-03-13 12:20:00,113400,113400,113100,113300,444
2026-03-13 12:21:00,113300,113300,113100,113200,486
2026-03-13 12:22:00,113100,113200,113100,113100,391
2026-03-13 12:23:00,113100,113400,113000,113400,2207
2026-03-13 12:24:00,113400,113400,113100,113200,559
2026-03-13 12:25:00,113200,113500,113000,113400,1677
2026-03-13 12:26:00,113400,113500,113200,113300,2281
2026-03-13 12:27:00,113300,113300,113100,113200,630
2026-03-13 12:28:00,113100,113200,113100,113200,1057
2026-03-13 12:29:00,113200,113200,113100,113100,486
2026-03-13 12:30:00,113100,113200,113000,113000,642
2026-03-13 12:31:00,113000,113400,113000,113300,2150
2026-03-13 12:32:00,113300,113400,113300,113300,415
2026-03-13 12:33:00,113300,113400,113000,113100,911
2026-03-13 12:34:00,113100,113400,113100,113200,1540
2026-03-13 12:35:00,113200,113300,113100,113100,459
2026-03-13 12:36:00,113200,113200,113000,113000,903
2026-03-13 12:37:00,113100,113100,112900,112900,1133
2026-03-13 12:38:00,113000,113000,112900,113000,492
2026-03-13 12:39:00,113000,113000,112800,112800,838
2026-03-13 12:40:00,112900,113000,112900,112900,552
2026-03-13 12:41:00,112900,113400,112900,113100,2282
2026-03-13 12:42:00,113100,113200,112900,113000,883
2026-03-13 12:43:00,113000,113100,112800,113000,1151
2026-03-13 12:44:00,112900,113100,112800,112900,842
2026-03-13 12:45:00,112900,113300,112800,113000,1510
2026-03-13 12:46:00,113000,113400,112900,113000,465
2026-03-13 12:47:00,113100,113100,113000,113100,675
2026-03-13 12:48:00,113100,113300,113000,113100,1080
2026-03-13 12:49:00,113100,113300,113100,113300,493
2026-03-13 12:50:00,113200,113300,113200,113300,540
2026-03-13 12:51:00,113300,113300,113200,113200,457
2026-03-13 12:52:00,113200,113300,113100,113100,494
2026-03-13 12:53:00,113100,113200,113100,113200,401
2026-03-13 12:54:00,113200,113400,113100,113400,1487
2026-03-13 12:55:00,113400,113400,113300,113300,338
2026-03-13 12:56:00,113300,113400,113300,113400,734
2026-03-13 12:57:00,113400,113400,113300,113400,393
2026-03-13 12:58:00,113400,113500,113200,113400,1746
2026-03-13 12:59:00,113400,113600,113400,113500,672
2026-03-13 13:00:00,113600,113600,113500,113500,614
2026-03-13 13:01:00,113500,113600,113500,113500,719
2026-03-13 13:02:00,113500,113500,113400,113400,973
2026-03-13 13:03:00,113450,113500,113400,113400,411
2026-03-13 13:04:00,113400,113500,113300,113300,770
2026-03-13 13:05:00,113400,113600,113300,113300,1245
2026-03-13 13:06:00,113300,113400,113200,113300,897
2026-03-13 13:07:00,113300,113500,113200,113500,986
2026-03-13 13:08:00,113300,113500,113300,113300,186
2026-03-13 13:09:00,113300,113600,113300,113400,1134
2026-03-13 13:10:00,113500,113500,113300,113300,385
2026-03-13 13:11:00,113400,113400,113300,113300,408
2026-03-13 13:12:00,113300,113400,113200,113300,405
2026-03-13 13:13:00,113200,113300,113100,113200,1104
2026-03-13 13:14:00,113200,113200,113100,113200,306
2026-03-13 13:15:00,113200,113400,113200,113300,1253
2026-03-13 13:16:00,113200,113600,113200,113500,1123
2026-03-13 13:17:00,113500,113600,113400,113500,827
2026-03-13 13:18:00,113400,113500,113400,113400,875
2026-03-13 13:19:00,113400,113700,113300,113500,1893
2026-03-13 13:20:00,113500,113800,113500,113600,1212
2026-03-13 13:21:00,113600,113700,113400,113600,789
2026-03-13 13:22:00,113600,113700,113400,113400,544
2026-03-13 13:23:00,113500,113500,113200,113200,962
2026-03-13 13:24:00,113300,113600,113300,113300,1209
2026-03-13 13:25:00,113400,113400,113200,113300,876
2026-03-13 13:26:00,113300,113500,113200,113200,1080
2026-03-13 13:27:00,113300,113300,113100,113200,788
2026-03-13 13:28:00,113100,113200,113100,113200,644
2026-03-13 13:29:00,113200,113500,113100,113300,1793
2026-03-13 13:30:00,113400,113400,113100,113100,1243
2026-03-13 13:31:00,113100,113300,113000,113200,1623
2026-03-13 13:32:00,113100,113300,113000,113200,1902
2026-03-13 13:33:00,113200,113400,113100,113200,1145
2026-03-13 13:34:00,113100,113200,113000,113000,899
2026-03-13 13:35:00,113000,113100,113000,113000,557
2026-03-13 13:36:00,113000,113100,113000,113000,691
2026-03-13 13:37:00,113100,113200,112900,113100,3149
2026-03-13 13:38:00,113100,113200,113100,113100,459
2026-03-13 13:39:00,113150,113400,113100,113300,2066
2026-03-13 13:40:00,113300,113500,113300,113400,796
2026-03-13 13:41:00,113400,113600,113400,113500,1278
2026-03-13 13:42:00,113500,113500,113300,113400,1192
2026-03-13 13:43:00,113400,113500,113200,113400,1724
2026-03-13 13:44:00,113500,113600,113400,113500,556
2026-03-13 13:45:00,113500,113600,113400,113600,1239
2026-03-13 13:46:00,113600,113600,113500,113500,638
2026-03-13 13:47:00,113500,113600,113400,113500,746
2026-03-13 13:48:00,113500,113600,113300,113600,1329
2026-03-13 13:49:00,113400,113500,113400,113500,220
2026-03-13 13:50:00,113400,113500,113300,113500,1098
2026-03-13 13:51:00,113500,113600,113200,113300,2522
2026-03-13 13:52:00,113300,113400,113200,113300,524
2026-03-13 13:53:00,113200,113300,113200,113200,685
2026-03-13 13:54:00,113300,113300,113100,113200,877
2026-03-13 13:55:00,113300,113300,113100,113100,674
2026-03-13 13:56:00,113100,113600,113000,113600,2195
2026-03-13 13:57:00,113600,113700,113300,113500,1525
2026-03-13 13:58:00,113500,113600,113400,113600,993
2026-03-13 13:59:00,113500,113600,113500,113500,944
2026-03-13 14:00:00,113500,113600,113400,113500,1369
2026-03-13 14:01:00,113500,113600,113400,113600,1175
2026-03-13 14:02:00,113500,113600,113400,113500,467
2026-03-13 14:03:00,113450,113500,113400,113500,601
2026-03-13 14:04:00,113400,113500,113300,113300,728
2026-03-13 14:05:00,113300,113400,113200,113400,804
2026-03-13 14:06:00,113400,113700,113300,113700,1700
2026-03-13 14:07:00,113600,113700,113500,113500,709
2026-03-13 14:08:00,113600,113900,113500,113800,3055
2026-03-13 14:09:00,113900,114000,113700,114000,2661
2026-03-13 14:10:00,114000,114100,113900,113900,995
2026-03-13 14:11:00,113900,114000,113800,113900,1127
2026-03-13 14:12:00,113850,114000,113800,113900,1659
2026-03-13 14:13:00,114000,114000,113600,113600,1473
2026-03-13 14:14:00,113600,113700,113500,113500,678
2026-03-13 14:15:00,113600,114100,113500,114000,2593
2026-03-13 14:16:00,113900,114000,113600,113800,818
2026-03-13 14:17:00,113800,113800,113600,113700,1020
2026-03-13 14:18:00,113700,113900,113600,113900,2114
2026-03-13 14:19:00,113800,114000,113800,113900,569
2026-03-13 14:20:00,113900,114000,113600,113900,1728
2026-03-13 14:21:00,113900,114000,113800,113900,776
2026-03-13 14:22:00,113800,114200,113800,114200,3826
2026-03-13 14:23:00,114200,114200,114000,114000,1401
2026-03-13 14:24:00,114000,114100,113900,114000,921
2026-03-13 14:25:00,114000,114000,113800,113800,1242
2026-03-13 14:26:00,113800,114200,113700,114100,2866
2026-03-13 14:27:00,114100,114100,113900,113900,1678
2026-03-13 14:28:00,113900,114000,113900,114000,1164
2026-03-13 14:29:00,113900,114000,113900,114000,1220
2026-03-13 14:30:00,113900,114200,113800,114000,1321
2026-03-13 14:31:00,114100,114200,114000,114000,1076
2026-03-13 14:32:00,114000,114100,113800,113800,1553
2026-03-13 14:33:00,113900,113900,113700,113900,1204
2026-03-13 14:34:00,113900,114200,113900,113900,1634
2026-03-13 14:35:00,114000,114000,113700,113800,1499
2026-03-13 14:36:00,113700,113900,113600,113700,1773
2026-03-13 14:37:00,113700,114200,113600,114200,4609
2026-03-13 14:38:00,113800,114100,113200,113800,3074
2026-03-13 14:39:00,113800,113800,113500,113800,1951
2026-03-13 14:40:00,113700,114200,113700,113800,1647
2026-03-13 14:41:00,113700,113800,113600,113700,1735
2026-03-13 14:42:00,113600,114100,113600,113800,2000
2026-03-13 14:43:00,113800,113900,113600,113700,786
2026-03-13 14:44:00,113700,113700,113500,113500,1613
2026-03-13 14:45:00,113500,113600,113400,113500,1268
2026-03-13 14:46:00,113500,113500,113300,113300,1341
2026-03-13 14:47:00,113300,113600,113300,113400,1690
2026-03-13 14:48:00,113400,113700,113300,113600,2185
2026-03-13 14:49:00,113500,113900,113400,113500,3261
2026-03-13 14:50:00,113500,113600,113300,113300,1389
2026-03-13 14:51:00,113300,113400,113100,113100,1967
2026-03-13 14:52:00,113100,113700,113100,113400,3034
2026-03-13 14:53:00,113300,113400,113100,113100,1009
2026-03-13 14:54:00,113100,113400,113100,113300,2809
2026-03-13 14:55:00,113300,113400,113100,113100,2350
2026-03-13 14:56:00,113100,113500,113100,113200,2668
2026-03-13 14:57:00,113200,113700,113000,113600,3979
2026-03-13 14:58:00,113300,113600,113100,113300,1176
2026-03-13 14:59:00,113300,113500,113100,113300,2717
2026-03-13 15:00:00,113300,113300,113100,113200,1225
2026-03-13 15:01:00,113200,113400,113000,113100,1648
2026-03-13 15:02:00,113100,113200,113000,113200,1486
2026-03-13 15:03:00,113100,113100,113000,113000,1569
2026-03-13 15:04:00,113100,113100,113000,113100,1694
2026-03-13 15:05:00,113100,113100,113000,113000,2045
2026-03-13 15:06:00,113100,113100,112900,113100,2321
2026-03-13 15:07:00,113000,113100,112900,112900,2814
2026-03-13 15:08:00,113000,113400,112900,113400,4631
2026-03-13 15:09:00,113300,113400,112900,113000,1751
2026-03-13 15:10:00,113000,113000,112900,112900,1835
2026-03-13 15:11:00,112900,113000,112800,112900,3850
2026-03-13 15:12:00,112900,113100,112800,112900,1885
2026-03-13 15:13:00,112800,113000,112800,112800,2194
2026-03-13 15:14:00,112900,113000,112800,113000,2128
2026-03-13 15:15:00,113000,113000,112800,112900,2809
2026-03-13 15:16:00,112900,113000,112800,112900,2734
2026-03-13 15:17:00,112900,113100,112800,113100,3385
2026-03-13 15:18:00,113100,113200,112700,112800,4395
2026-03-13 15:19:00,112900,113300,112700,113300,3344
2026-03-13 15:30:00,113500,113500,113500,113500,24799
2026-03-13 15:35:00,113500,113500,113500,113500,537
2026-03-16 09:00:00,112000,113800,112000,113400,11474
2026-03-16 09:01:00,113400,113700,111900,112700,5080
2026-03-16 09:02:00,112700,113100,112000,113000,4527
2026-03-16 09:03:00,113000,113300,112200,112600,4758
2026-03-16 09:04:00,112600,113200,112300,113100,2369
2026-03-16 09:05:00,113200,113600,113200,113500,4602
2026-03-16 09:06:00,113500,113700,112700,113200,7521
2026-03-16 09:07:00,113300,113700,113100,113300,4600
2026-03-16 09:08:00,113300,113400,113200,113300,1777
2026-03-16 09:09:00,113400,113500,113100,113300,2480
2026-03-16 09:10:00,113300,114000,113200,113900,5334
2026-03-16 09:11:00,114000,114200,113600,113600,6430
2026-03-16 09:12:00,113600,114200,113600,114100,4326
2026-03-16 09:13:00,114200,114600,114000,114100,5758
2026-03-16 09:14:00,113900,114000,113500,113500,2775
2026-03-16 09:15:00,113500,113500,113000,113200,4268
2026-03-16 09:16:00,113100,113900,113100,113700,4962
2026-03-16 09:17:00,113700,113800,113700,113700,2002
2026-03-16 09:18:00,113800,113900,113600,113600,1655
2026-03-16 09:19:00,113700,113900,113500,113700,2051
2026-03-16 09:20:00,113600,113800,113400,113400,2104
2026-03-16 09:21:00,113400,113500,113000,113000,3353
2026-03-16 09:22:00,113000,113100,112600,112600,2198
2026-03-16 09:23:00,112700,112700,112200,112200,2711
2026-03-16 09:24:00,112200,112500,112200,112400,2249
2026-03-16 09:25:00,112400,112400,112100,112100,2798
2026-03-16 09:26:00,112200,112200,112000,112100,2198
2026-03-16 09:27:00,112100,112100,111900,112000,3122
2026-03-16 09:28:00,112000,112100,111800,111800,2185
2026-03-16 09:29:00,111800,111800,111600,111700,2686
2026-03-16 09:30:00,111700,112000,111600,112000,6342
2026-03-16 09:31:00,112000,112000,111800,112000,4581
2026-03-16 09:32:00,111900,112000,111600,111600,2097
2026-03-16 09:33:00,111600,111700,111500,111500,2381
2026-03-16 09:34:00,111600,111600,111300,111300,4553
2026-03-16 09:35:00,111300,111600,111200,111400,3743
2026-03-16 09:36:00,111400,111700,111400,111600,3923
2026-03-16 09:37:00,111700,111800,111500,111600,2501
2026-03-16 09:38:00,111600,111600,111500,111600,1457
2026-03-16 09:39:00,111500,111900,111500,111800,2827
2026-03-16 09:40:00,111900,111900,111600,111800,2522
2026-03-16 09:41:00,111800,111800,111600,111600,703
2026-03-16 09:42:00,111600,111700,111600,111700,1685
2026-03-16 09:43:00,111700,112000,111700,111900,3374
2026-03-16 09:44:00,111800,112000,111700,111900,3230
2026-03-16 09:45:00,111900,111900,111800,111800,815
2026-03-16 09:46:00,111800,111800,111700,111800,918
2026-03-16 09:47:00,111700,111800,111600,111700,1251
2026-03-16 09:48:00,111600,112000,111600,111800,5156
2026-03-16 09:49:00,111700,111700,111600,111700,1368
2026-03-16 09:50:00,111700,111700,111600,111700,1545
2026-03-16 09:51:00,111600,112400,111600,112400,5260
2026-03-16 09:52:00,112400,112500,112300,112400,1785
2026-03-16 09:53:00,112300,112400,112200,112200,1437
2026-03-16 09:54:00,112200,112300,112200,112200,1790
2026-03-16 09:55:00,112100,112200,112000,112100,861
2026-03-16 09:56:00,112000,112100,111800,111900,2241
2026-03-16 09:57:00,111900,111900,111800,111800,621
2026-03-16 09:58:00,111800,111900,111800,111800,2099
2026-03-16 09:59:00,111800,112000,111800,111900,1392
2026-03-16 10:00:00,111800,112100,111700,112100,2693
2026-03-16 10:01:00,112100,112100,111900,111900,863
2026-03-16 10:02:00,111800,111900,111700,111700,1355
2026-03-16 10:03:00,111700,111900,111500,111600,1576
2026-03-16 10:04:00,111500,111600,111200,111300,7819
2026-03-16 10:05:00,111300,111500,111200,111300,3963
2026-03-16 10:06:00,111200,111300,111200,111300,1241
2026-03-16 10:07:00,111200,111500,111200,111500,2082
2026-03-16 10:08:00,111500,111700,111400,111700,1259
2026-03-16 10:09:00,111700,111700,111600,111700,1430
2026-03-16 10:10:00,111650,111700,111500,111500,626
2026-03-16 10:11:00,111500,111600,111500,111600,630
2026-03-16 10:12:00,111500,111600,111400,111400,1104
2026-03-16 10:13:00,111400,111400,111300,111400,2012
2026-03-16 10:14:00,111400,111500,111300,111400,1219
2026-03-16 10:15:00,111400,111400,111300,111400,268
2026-03-16 10:16:00,111300,111600,111300,111500,1940
2026-03-16 10:17:00,111500,111600,111400,111500,728
2026-03-16 10:18:00,111500,111500,111400,111500,1016
2026-03-16 10:19:00,111500,111500,111400,111500,657
2026-03-16 10:20:00,111400,111400,111200,111200,4445
2026-03-16 10:21:00,111300,111300,111200,111300,1593
2026-03-16 10:22:00,111300,111300,111200,111200,605
2026-03-16 10:23:00,111300,111300,111200,111300,242
2026-03-16 10:24:00,111200,111200,111000,111100,3950
2026-03-16 10:25:00,111000,111100,111000,111000,963
2026-03-16 10:26:00,111000,111100,110800,110900,3532
2026-03-16 10:27:00,110800,110900,110800,110800,932
2026-03-16 10:28:00,110800,110900,110700,110700,1227
2026-03-16 10:29:00,110800,110800,110600,110600,765
2026-03-16 10:30:00,110700,110700,110600,110600,1427
2026-03-16 10:31:00,110600,110600,110300,110400,3471
2026-03-16 10:32:00,110300,110400,110200,110200,1386
2026-03-16 10:33:00,110200,110200,110100,110100,2569
2026-03-16 10:34:00,110100,110300,110000,110100,2760
2026-03-16 10:35:00,110200,110800,110100,110700,3949
2026-03-16 10:36:00,110700,110900,110600,110700,2087
2026-03-16 10:37:00,110700,110700,110200,110600,3441
2026-03-16 10:38:00,110700,110800,110600,110600,981
2026-03-16 10:39:00,110700,110700,110200,110300,848
2026-03-16 10:40:00,110200,110400,110100,110300,1432
2026-03-16 10:41:00,110200,110300,110100,110200,1000
2026-03-16 10:42:00,110100,110600,110000,110400,3163
2026-03-16 10:43:00,110300,110400,110200,110200,856
2026-03-16 10:44:00,110200,110400,110100,110300,3698
2026-03-16 10:45:00,110300,110600,110100,110300,2335
2026-03-16 10:46:00,110300,110400,110200,110300,704
2026-03-16 10:47:00,110300,110300,110000,110100,1535
2026-03-16 10:48:00,110100,110100,110000,110100,1138
2026-03-16 10:49:00,110100,110200,110000,110200,2244
2026-03-16 10:50:00,110200,110400,110200,110300,1360
2026-03-16 10:51:00,110300,110300,110200,110200,691
2026-03-16 10:52:00,110300,110500,110200,110300,1289
2026-03-16 10:53:00,110300,110500,110300,110500,1446
2026-03-16 10:54:00,110500,110700,110500,110600,2210
2026-03-16 10:55:00,110700,110700,110600,110600,985
2026-03-16 10:56:00,110700,110800,110700,110800,1814
2026-03-16 10:57:00,110800,110800,110300,110400,2112
2026-03-16 10:58:00,110400,110400,110300,110300,747
2026-03-16 10:59:00,110300,110400,110200,110400,526
2026-03-16 11:00:00,110300,110400,110200,110200,1131
2026-03-16 11:01:00,110200,110300,110100,110200,1301
2026-03-16 11:02:00,110200,110300,110000,110000,2622
2026-03-16 11:03:00,110000,110100,110000,110100,457
2026-03-16 11:04:00,110100,110300,110000,110200,2182
2026-03-16 11:05:00,110100,110200,110100,110100,605
2026-03-16 11:06:00,110100,110200,110000,110000,1528
2026-03-16 11:07:00,110050,110100,110000,110100,178
2026-03-16 11:08:00,110000,110100,110000,110000,652
2026-03-16 11:09:00,110000,110200,110000,110100,1565
2026-03-16 11:10:00,110100,110200,110100,110200,147
2026-03-16 11:11:00,110100,110200,110000,110000,1238
2026-03-16 11:12:00,110000,110100,109900,110000,2521
2026-03-16 11:13:00,109900,110000,109900,109900,1107
2026-03-16 11:14:00,109900,110000,109800,109800,761
2026-03-16 11:15:00,109900,109900,109700,109700,2165
2026-03-16 11:16:00,109700,109700,109500,109500,1454
2026-03-16 11:17:00,109500,109700,109500,109600,2016
2026-03-16 11:18:00,109600,109600,109300,109500,2657
2026-03-16 11:19:00,109500,109700,109500,109600,776
2026-03-16 11:20:00,109600,109700,109500,109600,1273
2026-03-16 11:21:00,109700,109700,109500,109600,631
2026-03-16 11:22:00,109500,109600,109500,109600,217
2026-03-16 11:23:00,109600,109600,109200,109500,3280
2026-03-16 11:24:00,109400,109600,109400,109500,1441
2026-03-16 11:25:00,109500,109800,109500,109700,968
2026-03-16 11:26:00,109700,109700,109600,109700,708
2026-03-16 11:27:00,109700,109700,109600,109700,710
2026-03-16 11:28:00,109600,109700,109500,109500,1203
2026-03-16 11:29:00,109600,109700,109500,109700,2306
2026-03-16 11:30:00,109700,109800,109600,109700,1477
2026-03-16 11:31:00,109700,109800,109600,109700,1012
2026-03-16 11:32:00,109600,109700,109400,109500,516
2026-03-16 11:33:00,109500,109500,109400,109400,559
2026-03-16 11:34:00,109500,109500,109400,109400,640
2026-03-16 11:35:00,109500,109500,109200,109300,873
2026-03-16 11:36:00,109200,109300,109200,109300,1710
2026-03-16 11:37:00,109200,109300,109100,109200,2213
2026-03-16 11:38:00,109300,109300,109100,109250,1200
2026-03-16 11:39:00,109250,109400,109200,109200,1975
2026-03-16 11:40:00,109200,109300,109100,109200,3341
2026-03-16 11:41:00,109300,109400,109100,109400,2518
2026-03-16 11:42:00,109400,109400,109200,109300,553
2026-03-16 11:43:00,109300,109300,109100,109100,852
2026-03-16 11:44:00,109100,109200,109100,109200,1218
2026-03-16 11:45:00,109200,109300,109100,109200,717
2026-03-16 11:46:00,109200,109300,109100,109200,2166
2026-03-16 11:47:00,109300,109300,109200,109300,782
2026-03-16 11:48:00,109200,109300,109200,109300,456
2026-03-16 11:49:00,109300,109300,109100,109200,314
2026-03-16 11:50:00,109200,109200,109100,109100,376
2026-03-16 11:51:00,109100,109300,109000,109200,4872
2026-03-16 11:52:00,109100,109200,109100,109100,1418
2026-03-16 11:53:00,109100,109100,109000,109000,777
2026-03-16 11:54:00,109100,109100,109000,109100,800
2026-03-16 11:55:00,109100,109300,109000,109300,1759
2026-03-16 11:56:00,109200,109400,109100,109300,2617
2026-03-16 11:57:00,109300,109300,109200,109300,145
2026-03-16 11:58:00,109300,109300,109200,109200,442
2026-03-16 11:59:00,109300,109300,109200,109300,726
2026-03-16 12:00:00,109300,109300,109200,109200,137
2026-03-16 12:01:00,109300,109400,109200,109400,1764
2026-03-16 12:02:00,109400,109400,109300,109300,290
2026-03-16 12:03:00,109300,109400,109300,109400,1392
2026-03-16 12:04:00,109400,109400,109300,109400,328
2026-03-16 12:05:00,109400,109400,109300,109300,590
2026-03-16 12:06:00,109400,109400,109300,109400,236
2026-03-16 12:07:00,109400,109500,109300,109500,1405
2026-03-16 12:08:00,109500,109500,109400,109500,175
2026-03-16 12:09:00,109500,109500,109400,109500,557
2026-03-16 12:10:00,109400,109500,109300,109400,415
2026-03-16 12:11:00,109400,109400,109300,109400,635
2026-03-16 12:12:00,109400,109400,109200,109300,531
2026-03-16 12:13:00,109200,109300,109200,109200,704
2026-03-16 12:14:00,109200,109300,109200,109200,199
2026-03-16 12:15:00,109250,109250,109100,109100,3279
2026-03-16 12:16:00,109100,109200,109100,109200,351
2026-03-16 12:17:00,109200,109200,109100,109100,556
2026-03-16 12:18:00,109100,109100,109000,109000,1090
2026-03-16 12:19:00,109000,109100,109000,109050,274
2026-03-16 12:20:00,109050,109100,109000,109100,1721
2026-03-16 12:21:00,109100,109100,109000,109000,157
2026-03-16 12:22:00,109000,109100,109000,109100,337
2026-03-16 12:23:00,109000,109200,109000,109100,1515
2026-03-16 12:24:00,109100,109200,109000,109100,2964
2026-03-16 12:25:00,109200,109300,109200,109200,861
2026-03-16 12:26:00,109200,109300,109200,109200,429
2026-03-16 12:27:00,109200,109200,109100,109100,114
2026-03-16 12:28:00,109200,109400,109200,109300,1688
2026-03-16 12:29:00,109400,109400,109300,109300,211
2026-03-16 12:30:00,109400,109400,109300,109400,862
2026-03-16 12:31:00,109400,109500,109400,109500,1792
2026-03-16 12:32:00,109450,109500,109400,109400,1699
2026-03-16 12:33:00,109400,109500,109400,109500,2552
2026-03-16 12:34:00,109500,109500,109400,109400,253
2026-03-16 12:35:00,109500,109500,109400,109500,2234
2026-03-16 12:36:00,109500,109500,109400,109400,133
2026-03-16 12:37:00,109400,109400,109300,109350,970
2026-03-16 12:38:00,109300,109500,109300,109400,3035
2026-03-16 12:39:00,109500,109500,109400,109500,396
2026-03-16 12:40:00,109500,109600,109400,109600,3194
2026-03-16 12:41:00,109600,109600,109500,109600,1508
2026-03-16 12:42:00,109600,109800,109500,109800,3647
2026-03-16 12:43:00,109800,109900,109800,109900,1928
2026-03-16 12:44:00,109900,109900,109800,109800,758
2026-03-16 12:45:00,109900,109900,109700,109800,2510
2026-03-16 12:46:00,109800,109900,109700,109900,972
2026-03-16 12:47:00,109900,109900,109800,109800,281
2026-03-16 12:48:00,109800,109900,109800,109800,761
2026-03-16 12:49:00,109800,109900,109800,109900,1315
2026-03-16 12:50:00,109900,110000,109900,110000,1091
2026-03-16 12:51:00,110000,110000,109900,109950,357
2026-03-16 12:52:00,109950,110000,109900,109900,168
2026-03-16 12:53:00,109900,110000,109900,109900,320
2026-03-16 12:54:00,110000,110000,109900,109900,496
2026-03-16 12:55:00,109900,110000,109600,109700,2198
2026-03-16 12:56:00,109700,109700,109600,109700,431
2026-03-16 12:57:00,109700,109700,109600,109700,1222
2026-03-16 12:58:00,109700,109700,109600,109700,1046
2026-03-16 12:59:00,109700,109700,109600,109700,225
2026-03-16 13:00:00,109700,109700,109600,109600,628
2026-03-16 13:01:00,109700,109700,109600,109600,2920
2026-03-16 13:02:00,109700,109900,109700,109900,1350
2026-03-16 13:03:00,109900,110000,109800,110000,860
2026-03-16 13:04:00,110000,110200,110000,110100,1740
2026-03-16 13:05:00,110000,110200,110000,110100,1315
2026-03-16 13:06:00,110200,110200,110100,110200,1260
2026-03-16 13:07:00,110200,110200,110100,110200,1742
2026-03-16 13:08:00,110200,110400,110100,110400,3464
2026-03-16 13:09:00,110400,110400,110300,110300,1379
2026-03-16 13:10:00,110300,110300,110100,110300,3698
2026-03-16 13:11:00,110200,110300,110100,110200,806
2026-03-16 13:12:00,110200,110200,110100,110200,2800
2026-03-16 13:13:00,110200,110200,110100,110150,367
2026-03-16 13:14:00,110150,110150,109800,109800,2353
2026-03-16 13:15:00,109900,110000,109800,110000,2423
2026-03-16 13:16:00,109900,110300,109900,110200,1192
2026-03-16 13:17:00,110200,110200,110000,110000,1410
2026-03-16 13:18:00,110000,110200,110000,110200,2314
2026-03-16 13:19:00,110200,110300,110100,110300,2359
2026-03-16 13:20:00,110300,110400,110250,110400,2028
2026-03-16 13:21:00,110400,110400,110300,110400,315
2026-03-16 13:22:00,110300,110400,110200,110300,766
2026-03-16 13:23:00,110200,110300,110200,110200,503
2026-03-16 13:24:00,110200,110200,110000,110050,1590
2026-03-16 13:25:00,110000,110100,110000,110100,705
2026-03-16 13:26:00,110000,110100,109900,110000,4012
2026-03-16 13:27:00,110000,110000,109900,109900,2066
2026-03-16 13:28:00,109900,110000,109900,109900,1297
2026-03-16 13:29:00,110000,110100,110000,110000,1555
2026-03-16 13:30:00,110100,110100,110000,110100,817
2026-03-16 13:31:00,110100,110500,110000,110200,5861
2026-03-16 13:32:00,110100,110200,110000,110000,2092
2026-03-16 13:33:00,110100,110100,110000,110000,420
2026-03-16 13:34:00,110000,110100,110000,110100,3376
2026-03-16 13:35:00,110100,110100,110000,110000,681
2026-03-16 13:36:00,110100,110100,110000,110000,956
2026-03-16 13:37:00,110000,110100,109900,110000,1401
2026-03-16 13:38:00,110000,110100,109800,110000,2215
2026-03-16 13:39:00,110100,110100,109900,109900,605
2026-03-16 13:40:00,109900,110400,109900,110300,12269
2026-03-16 13:41:00,110200,110300,110100,110100,910
2026-03-16 13:42:00,110100,110200,109800,109800,967
2026-03-16 13:43:00,109900,109900,109800,109800,635
2026-03-16 13:44:00,109800,109900,109800,109800,845
2026-03-16 13:45:00,109900,109900,109800,109800,679
2026-03-16 13:46:00,109800,109900,109800,109800,377
2026-03-16 13:47:00,109800,109800,109700,109700,2447
2026-03-16 13:48:00,109700,109800,109700,109700,1789
2026-03-16 13:49:00,109600,109700,109600,109600,148
2026-03-16 13:50:00,109600,109700,109400,109600,4535
2026-03-16 13:51:00,109600,109800,109500,109800,1735
2026-03-16 13:52:00,109800,109800,109700,109700,152
2026-03-16 13:53:00,109800,110100,109800,109900,4493
2026-03-16 13:54:00,109900,109900,109800,109900,713
2026-03-16 13:55:00,109900,109900,109800,109800,264
2026-03-16 13:56:00,109800,109900,109800,109800,477
2026-03-16 13:57:00,109800,109900,109800,109900,1300
2026-03-16 13:58:00,109900,109900,109600,109600,2184
2026-03-16 13:59:00,109600,109700,109600,109600,576
2026-03-16 14:00:00,109600,109700,109600,109700,830
2026-03-16 14:01:00,109700,109700,109600,109600,522
2026-03-16 14:02:00,109700,109800,109700,109800,3427
2026-03-16 14:03:00,109800,109800,109700,109800,1904
2026-03-16 14:04:00,109700,109800,109700,109800,1159
2026-03-16 14:05:00,109800,109800,109700,109700,581
2026-03-16 14:06:00,109700,109800,109700,109800,2134
2026-03-16 14:07:00,109800,109800,109700,109800,63
2026-03-16 14:08:00,109700,109900,109700,109900,2813
2026-03-16 14:09:00,109900,109900,109800,109900,181
2026-03-16 14:10:00,109800,109900,109800,109900,395
2026-03-16 14:11:00,109800,109900,109800,109800,208
2026-03-16 14:12:00,109800,109900,109800,109800,149
2026-03-16 14:13:00,109800,109900,109800,109800,92
2026-03-16 14:14:00,109900,110200,109900,110100,7891
2026-03-16 14:15:00,110100,110100,110000,110000,727
2026-03-16 14:16:00,110000,110100,110000,110000,581
2026-03-16 14:17:00,110100,110100,110000,110000,262
2026-03-16 14:18:00,110000,110100,109900,109900,731
2026-03-16 14:19:00,109900,110000,109900,110000,171
2026-03-16 14:20:00,109900,110000,109800,109800,3409
2026-03-16 14:21:00,109800,109900,109800,109800,102
2026-03-16 14:22:00,109800,109900,109800,109800,136
2026-03-16 14:23:00,109800,110100,109800,110000,1343
2026-03-16 14:24:00,110100,110100,110000,110100,279
2026-03-16 14:25:00,110100,110100,110000,110100,311
2026-03-16 14:26:00,110100,110200,110000,110150,2577
2026-03-16 14:27:00,110200,110200,110000,110000,832
2026-03-16 14:28:00,110000,110100,109800,109800,1648
2026-03-16 14:29:00,109900,109900,109800,109900,3792
2026-03-16 14:30:00,109850,109900,109800,109900,386
2026-03-16 14:31:00,109800,109900,109800,109900,145
2026-03-16 14:32:00,109900,109900,109800,109800,1376
2026-03-16 14:33:00,109800,109800,109700,109700,141
2026-03-16 14:34:00,109800,109800,109700,109800,191
2026-03-16 14:35:00,109800,109800,109700,109800,474
2026-03-16 14:36:00,109700,109800,109700,109800,3021
2026-03-16 14:37:00,109800,109800,109700,109700,2633
2026-03-16 14:38:00,109600,109700,109600,109700,239
2026-03-16 14:39:00,109700,109700,109600,109700,343
2026-03-16 14:40:00,109600,109800,109600,109700,1712
2026-03-16 14:41:00,109800,109800,109700,109700,87
2026-03-16 14:42:00,109700,109800,109700,109800,154
2026-03-16 14:43:00,109700,109800,109700,109700,2380
2026-03-16 14:44:00,109700,109800,109700,109700,182
2026-03-16 14:45:00,109800,109800,109700,109800,7450
2026-03-16 14:46:00,109800,109800,109700,109700,3924
2026-03-16 14:47:00,109700,109800,109700,109800,2124
2026-03-16 14:48:00,109800,110200,109700,110200,9847
2026-03-16 14:49:00,110100,110600,110100,110600,4497
2026-03-16 14:50:00,110600,110800,110500,110600,4256
2026-03-16 14:51:00,110500,110600,110500,110600,1635
2026-03-16 14:52:00,110600,110600,110400,110500,2750
2026-03-16 14:53:00,110500,110600,110400,110600,1819
2026-03-16 14:54:00,110600,110700,110600,110700,1813
2026-03-16 14:55:00,110800,110900,110800,110900,2133
2026-03-16 14:56:00,110900,110900,110600,110700,3082
2026-03-16 14:57:00,110800,110900,110700,110900,979
2026-03-16 14:58:00,110800,110900,110800,110800,1016
2026-03-16 14:59:00,110900,110900,110600,110700,4021
2026-03-16 15:00:00,110800,110800,110700,110750,894
2026-03-16 15:01:00,110800,110800,110700,110750,1973
2026-03-16 15:02:00,110800,111000,110800,111000,2495
2026-03-16 15:03:00,111000,111100,110900,111100,3154
2026-03-16 15:04:00,111100,111300,111000,111100,2678
2026-03-16 15:05:00,111100,111100,111000,111000,1313
2026-03-16 15:06:00,111100,111500,111000,111300,5146
2026-03-16 15:07:00,111300,111500,111100,111400,1810
2026-03-16 15:08:00,111500,111800,111500,111700,2154
2026-03-16 15:09:00,111700,111800,111700,111800,3005
2026-03-16 15:10:00,111800,112100,111800,111900,3136
2026-03-16 15:11:00,111900,112200,111800,112100,2957
2026-03-16 15:12:00,112000,112200,111900,111900,3398
2026-03-16 15:13:00,111900,112400,111900,112300,3018
2026-03-16 15:14:00,112300,112400,112200,112400,2726
2026-03-16 15:15:00,112300,112400,112200,112300,3116
2026-03-16 15:16:00,112300,112500,112200,112400,3107
2026-03-16 15:17:00,112400,112500,112000,112100,3631
2026-03-16 15:18:00,112200,112300,111900,112100,4134
2026-03-16 15:19:00,112100,112100,111300,111800,5230
2026-03-16 15:30:00,112000,112000,112000,112000,16528
2026-03-16 15:35:00,112000,112000,112000,112000,741
2026-03-17 09:00:00,115000,115300,114100,114300,29698
2026-03-17 09:01:00,114700,115100,114300,114400,9856
2026-03-17 09:02:00,114400,115400,114000,115300,7141
2026-03-17 09:03:00,115300,115300,113600,113600,6681
2026-03-17 09:04:00,113700,114200,113500,113800,6186
2026-03-17 09:05:00,113800,114100,113700,114000,3087
2026-03-17 09:06:00,114000,114500,113900,114400,1761
2026-03-17 09:07:00,114300,114300,114000,114200,2146
2026-03-17 09:08:00,114200,114200,114000,114100,3031
2026-03-17 09:09:00,114000,114200,114000,114100,1997
2026-03-17 09:10:00,114100,114100,113200,113200,4948
2026-03-17 09:11:00,113200,113300,113100,113300,2421
2026-03-17 09:12:00,113300,113450,113200,113300,2102
2026-03-17 09:13:00,113400,113500,113200,113500,2331
2026-03-17 09:14:00,113400,113800,113100,113500,9160
2026-03-17 09:15:00,113500,113500,113300,113400,2319
2026-03-17 09:16:00,113400,113500,113200,113300,851
2026-03-17 09:17:00,113200,113400,113100,113100,2345
2026-03-17 09:18:00,113200,113200,113000,113000,2245
2026-03-17 09:19:00,113100,113100,112700,112800,4886
2026-03-17 09:20:00,112700,112900,112700,112700,3072
2026-03-17 09:21:00,112700,112700,112200,112200,5061
2026-03-17 09:22:00,112300,112500,112200,112300,3452
2026-03-17 09:23:00,112400,112600,111600,111800,10656
2026-03-17 09:24:00,111800,112100,111700,112000,2838
2026-03-17 09:25:00,112100,112200,112000,112100,1915
2026-03-17 09:26:00,112100,112500,112100,112400,1941
2026-03-17 09:27:00,112400,112500,112400,112400,1789
2026-03-17 09:28:00,112400,112600,112300,112400,1864
2026-03-17 09:29:00,112400,112500,112000,112200,2436
2026-03-17 09:30:00,112200,112400,112200,112400,1135
2026-03-17 09:31:00,112400,112400,112300,112400,730
2026-03-17 09:32:00,112300,112400,112100,112150,1283
2026-03-17 09:33:00,112100,112300,112100,112200,524
2026-03-17 09:34:00,112200,112300,112200,112300,875
2026-03-17 09:35:00,112300,112500,112100,112500,2173
2026-03-17 09:36:00,112400,112500,112400,112500,1020
2026-03-17 09:37:00,112500,112900,112500,112800,1045
2026-03-17 09:38:00,112900,113100,112900,113100,1759
2026-03-17 09:39:00,113100,113100,112200,112700,3056
2026-03-17 09:40:00,112700,112800,112400,112500,1378
2026-03-17 09:41:00,112500,112700,112500,112600,1941
2026-03-17 09:42:00,112700,112800,112600,112600,1105
2026-03-17 09:43:00,112600,112600,112400,112600,1151
2026-03-17 09:44:00,112500,112700,112500,112600,461
2026-03-17 09:45:00,112600,112900,112400,112900,3855
2026-03-17 09:46:00,113000,113100,112900,113050,1026
2026-03-17 09:47:00,113100,113200,113000,113100,975
2026-03-17 09:48:00,113100,113200,113000,113200,557
2026-03-17 09:49:00,113100,113400,113100,113300,3164
2026-03-17 09:50:00,113400,113500,113300,113400,614
2026-03-17 09:51:00,113300,113400,113300,113300,491
2026-03-17 09:52:00,113400,113500,113300,113400,1046
2026-03-17 09:53:00,113400,113500,113400,113500,424
2026-03-17 09:54:00,113400,113500,113200,113300,1463
2026-03-17 09:55:00,113300,113300,112800,112900,1791
2026-03-17 09:56:00,112900,112900,112700,112800,1211
2026-03-17 09:57:00,112800,113000,112600,112900,4280
2026-03-17 09:58:00,112900,113300,112800,113200,1878
2026-03-17 09:59:00,113200,113200,112900,113000,434
2026-03-17 10:00:00,113000,113000,112800,112800,191
2026-03-17 10:01:00,112800,112800,112700,112700,169
2026-03-17 10:02:00,112700,112800,112700,112700,532
2026-03-17 10:03:00,112700,112700,112600,112600,329
2026-03-17 10:04:00,112600,112700,112600,112600,556
2026-03-17 10:05:00,112600,112700,112400,112500,1213
2026-03-17 10:06:00,112400,112500,112300,112500,454
2026-03-17 10:07:00,112300,112500,112300,112500,554
2026-03-17 10:08:00,112500,112500,112400,112500,254
2026-03-17 10:09:00,112500,113200,112400,112900,2044
2026-03-17 10:10:00,112900,112900,112100,112800,2404
2026-03-17 10:11:00,112800,112900,112800,112800,735
2026-03-17 10:12:00,112700,113000,112700,112900,1406
2026-03-17 10:13:00,112900,112900,112500,112650,317
2026-03-17 10:14:00,112650,112700,112500,112600,233
2026-03-17 10:15:00,112600,112700,112200,112500,1457
2026-03-17 10:16:00,112400,112500,112100,112100,1338
2026-03-17 10:17:00,112200,112300,112100,112100,346
2026-03-17 10:18:00,112200,112500,112100,112400,1028
2026-03-17 10:19:00,112300,112400,112200,112300,120
2026-03-17 10:20:00,112200,112400,112200,112300,725
2026-03-17 10:21:00,112300,112700,112300,112600,1001
2026-03-17 10:22:00,112600,112700,112200,112400,396
2026-03-17 10:23:00,112400,112500,112200,112300,1312
2026-03-17 10:24:00,112300,112400,112100,112300,2312
2026-03-17 10:25:00,112400,112400,112200,112300,672
2026-03-17 10:26:00,112200,112300,112200,112300,88
2026-03-17 10:27:00,112200,112300,112200,112200,156
2026-03-17 10:28:00,112300,112300,112200,112200,154
2026-03-17 10:29:00,112200,112300,112200,112300,191
2026-03-17 10:30:00,112200,112700,112200,112700,1937
2026-03-17 10:31:00,112600,112700,112600,112700,634
2026-03-17 10:32:00,112700,112700,112600,112700,126
2026-03-17 10:33:00,112700,112800,112300,112800,1852
2026-03-17 10:34:00,112800,112900,112700,112700,573
2026-03-17 10:35:00,112700,113000,112700,112900,523
2026-03-17 10:36:00,113000,113200,113000,113000,895
2026-03-17 10:37:00,113100,113100,112900,112900,728
2026-03-17 10:38:00,112900,112900,112700,112800,576
2026-03-17 10:39:00,112700,112800,112600,112700,254
2026-03-17 10:40:00,112700,112800,112700,112700,408
2026-03-17 10:41:00,112700,112700,112600,112600,306
2026-03-17 10:42:00,112700,112700,112600,112600,84
2026-03-17 10:43:00,112600,112700,112500,112600,669
2026-03-17 10:44:00,112700,112700,112500,112600,188
2026-03-17 10:45:00,112500,112600,112300,112300,480
2026-03-17 10:46:00,112400,112500,112200,112400,1196
2026-03-17 10:47:00,112400,112700,112400,112700,1218
2026-03-17 10:48:00,112700,112700,112600,112600,269
2026-03-17 10:49:00,112600,112700,112600,112600,240
2026-03-17 10:50:00,112700,112700,112600,112700,429
2026-03-17 10:51:00,112600,112700,112200,112500,1929
2026-03-17 10:52:00,112600,112700,112300,112700,1205
2026-03-17 10:53:00,112600,112700,112600,112700,887
2026-03-17 10:54:00,112800,112900,112800,112900,1094
2026-03-17 10:55:00,112900,113000,112900,113000,534
2026-03-17 10:56:00,112900,113000,112800,112800,600
2026-03-17 10:57:00,112800,112900,112700,112700,672
2026-03-17 10:58:00,112700,112800,112600,112700,318
2026-03-17 10:59:00,112700,112900,112700,112900,357
2026-03-17 11:00:00,112900,113000,112600,112900,953
2026-03-17 11:01:00,112900,113000,112800,112900,64
2026-03-17 11:02:00,112900,112900,112800,112900,225
2026-03-17 11:03:00,112800,112900,112700,112800,368
2026-03-17 11:04:00,112700,112800,112700,112700,165
2026-03-17 11:05:00,112700,112900,112700,112700,550
2026-03-17 11:06:00,112800,113000,112800,112900,1086
2026-03-17 11:07:00,113000,113000,112800,112800,608
2026-03-17 11:08:00,112700,112900,112700,112900,1137
2026-03-17 11:09:00,112900,113000,112600,112600,1230
2026-03-17 11:10:00,113000,113000,112800,112900,183
2026-03-17 11:11:00,112900,113000,112900,112900,191
2026-03-17 11:12:00,113000,113000,112900,112900,375
2026-03-17 11:13:00,112900,113000,112900,112900,736
2026-03-17 11:14:00,113000,113000,112900,112900,954
2026-03-17 11:15:00,112900,113300,112900,113300,2018
2026-03-17 11:16:00,113300,113300,113000,113100,850
2026-03-17 11:17:00,113100,113200,113000,113200,798
2026-03-17 11:18:00,113100,113200,113000,113000,771
2026-03-17 11:19:00,113100,113200,113000,113100,425
2026-03-17 11:20:00,113100,113200,113000,113200,371
2026-03-17 11:21:00,113100,113400,113000,113400,1442
2026-03-17 11:22:00,113400,113600,113300,113500,2509
2026-03-17 11:23:00,113500,113700,113500,113600,1137
2026-03-17 11:24:00,113600,113700,113500,113600,1405
2026-03-17 11:25:00,113700,113700,113600,113700,209
2026-03-17 11:26:00,113600,113700,113200,113400,3032
2026-03-17 11:27:00,113400,113500,113100,113500,1338
2026-03-17 11:28:00,113500,113500,113400,113500,159
2026-03-17 11:29:00,113400,113500,113300,113400,1085
2026-03-17 11:30:00,113400,113500,113300,113300,220
2026-03-17 11:31:00,113400,113500,113300,113400,405
2026-03-17 11:32:00,113400,113400,113300,113300,687
2026-03-17 11:33:00,113300,113350,113100,113200,1601
2026-03-17 11:34:00,113200,113200,113100,113100,604
2026-03-17 11:35:00,113200,113300,113100,113300,667
2026-03-17 11:36:00,113200,113300,113200,113200,44
2026-03-17 11:37:00,113300,113300,113200,113300,194
2026-03-17 11:38:00,113200,113300,113200,113200,442
2026-03-17 11:39:00,113200,113300,113200,113300,408
2026-03-17 11:40:00,113300,113300,113200,113200,283
2026-03-17 11:41:00,113200,113300,113200,113200,566
2026-03-17 11:42:00,113200,113200,113100,113100,711
2026-03-17 11:43:00,113100,113200,113100,113200,64
2026-03-17 11:44:00,113100,113200,113100,113100,264
2026-03-17 11:45:00,113100,113200,113000,113100,991
2026-03-17 11:46:00,113200,113200,113100,113200,528
2026-03-17 11:47:00,113100,113300,113100,113200,153
2026-03-17 11:48:00,113200,113200,113100,113200,74
2026-03-17 11:49:00,113100,113200,113100,113200,350
2026-03-17 11:50:00,113100,113200,113100,113100,1127
2026-03-17 11:51:00,113100,113100,113000,113100,158
2026-03-17 11:52:00,113100,113100,113000,113100,391
2026-03-17 11:53:00,113100,113100,112900,112900,1119
2026-03-17 11:54:00,112900,113100,112900,112900,1080
2026-03-17 11:55:00,113100,113100,112600,112700,1421
2026-03-17 11:56:00,112700,112900,112700,112800,231
2026-03-17 11:57:00,112900,113100,112900,113000,589
2026-03-17 11:58:00,113000,113100,112800,112800,215
2026-03-17 11:59:00,112900,113000,112700,112700,350
2026-03-17 12:00:00,112700,113000,112700,113000,1033
2026-03-17 12:01:00,113000,113000,112700,112700,818
2026-03-17 12:02:00,112700,112800,112600,112700,384
2026-03-17 12:03:00,112800,113000,112500,112700,2390
2026-03-17 12:04:00,112700,113000,112600,113000,861
2026-03-17 12:05:00,112800,113000,112800,112900,329
2026-03-17 12:06:00,112900,113000,112900,112900,67
2026-03-17 12:07:00,112900,113050,112900,113000,1189
2026-03-17 12:08:00,113000,113100,112900,113100,798
2026-03-17 12:09:00,113100,113300,113000,113100,1092
2026-03-17 12:10:00,113050,113500,113050,113300,1108
2026-03-17 12:11:00,113300,113400,113300,113300,169
2026-03-17 12:12:00,113300,113400,113300,113300,1030
2026-03-17 12:13:00,113350,113500,113300,113400,1035
2026-03-17 12:14:00,113400,113600,113300,113600,1697
2026-03-17 12:15:00,113600,113700,113400,113400,1945
2026-03-17 12:16:00,113500,113600,113400,113400,183
2026-03-17 12:17:00,113500,113500,113400,113500,161
2026-03-17 12:18:00,113500,113600,113500,113600,211
2026-03-17 12:19:00,113600,113600,113400,113400,293
2026-03-17 12:20:00,113400,113500,113400,113500,43
2026-03-17 12:21:00,113500,113500,113000,113200,1483
2026-03-17 12:22:00,113200,113300,113000,113300,473
2026-03-17 12:23:00,113200,113600,113200,113500,428
2026-03-17 12:24:00,113500,113500,113200,113500,715
2026-03-17 12:25:00,113500,113500,113300,113400,73
2026-03-17 12:26:00,113300,113400,113200,113200,567
2026-03-17 12:27:00,113200,113300,113100,113200,433
2026-03-17 12:28:00,113100,113200,113100,113100,45
2026-03-17 12:29:00,113100,113200,113100,113200,907
2026-03-17 12:30:00,113200,113200,113100,113200,222
2026-03-17 12:31:00,113200,113200,113100,113100,292
2026-03-17 12:32:00,113150,113200,113100,113200,104
2026-03-17 12:33:00,113200,113200,113000,113150,861
2026-03-17 12:34:00,113100,113200,113100,113200,435
2026-03-17 12:35:00,113100,113300,113000,113000,1326
2026-03-17 12:36:00,113000,113200,113000,113100,908
2026-03-17 12:37:00,113100,113200,113000,113100,536
2026-03-17 12:38:00,113100,113200,113000,113000,819
2026-03-17 12:39:00,113100,113200,113000,113000,824
2026-03-17 12:40:00,113100,113100,113000,113100,90
2026-03-17 12:41:00,113100,113100,113000,113000,142
2026-03-17 12:42:00,113100,113200,113000,113100,1001
2026-03-17 12:43:00,113100,113400,113100,113200,1557
2026-03-17 12:44:00,113200,113400,113100,113300,2787
2026-03-17 12:45:00,113300,113400,113300,113300,165
2026-03-17 12:46:00,113400,113500,113300,113500,711
2026-03-17 12:47:00,113500,113600,113400,113500,1546
2026-03-17 12:48:00,113500,113500,113200,113300,427
2026-03-17 12:49:00,113200,113500,113000,113200,853
2026-03-17 12:50:00,113200,113400,113100,113300,1509
2026-03-17 12:51:00,113300,113400,113200,113400,1224
2026-03-17 12:52:00,113400,113450,113400,113400,98
2026-03-17 12:53:00,113400,113450,113400,113450,239
2026-03-17 12:54:00,113400,113450,113250,113250,796
2026-03-17 12:55:00,113250,113400,113200,113400,207
2026-03-17 12:56:00,113400,113400,113200,113200,491
2026-03-17 12:57:00,113200,113300,113000,113300,940
2026-03-17 12:58:00,113300,113300,113100,113200,340
2026-03-17 12:59:00,113100,113400,113100,113300,769
2026-03-17 13:00:00,113300,113400,113300,113350,361
2026-03-17 13:01:00,113300,113400,113300,113300,149
2026-03-17 13:02:00,113300,113400,113300,113300,649
2026-03-17 13:03:00,113300,113400,113100,113300,845
2026-03-17 13:04:00,113300,113300,113200,113300,703
2026-03-17 13:05:00,113200,113300,113200,113300,437
2026-03-17 13:06:00,113200,113300,113200,113200,240
2026-03-17 13:07:00,113200,113300,113200,113300,744
2026-03-17 13:08:00,113200,113250,113200,113200,31
2026-03-17 13:09:00,113250,113300,113100,113100,569
2026-03-17 13:10:00,113100,113200,113100,113100,569
2026-03-17 13:11:00,113200,113400,113100,113100,651
2026-03-17 13:12:00,113100,113200,113100,113100,46
2026-03-17 13:13:00,113100,113200,113100,113100,183
2026-03-17 13:14:00,113100,113100,113000,113000,872
2026-03-17 13:15:00,113050,113050,112900,113000,783
2026-03-17 13:16:00,113000,113500,113000,113500,1534
2026-03-17 13:17:00,113500,113500,113050,113100,322
2026-03-17 13:18:00,113100,113400,113000,113300,1337
2026-03-17 13:19:00,113300,113400,113300,113400,121
2026-03-17 13:20:00,113300,113400,113300,113300,138
2026-03-17 13:21:00,113400,113700,113300,113550,1817
2026-03-17 13:22:00,113550,113600,113500,113600,787
2026-03-17 13:23:00,113600,113600,113500,113600,115
2026-03-17 13:24:00,113600,113600,113300,113400,1195
2026-03-17 13:25:00,113300,113400,113200,113200,292
2026-03-17 13:26:00,113300,113300,113200,113300,193
2026-03-17 13:27:00,113300,113300,113200,113200,639
2026-03-17 13:28:00,113300,113300,113100,113200,476
2026-03-17 13:29:00,113200,113300,113200,113300,104
2026-03-17 13:30:00,113200,113300,113100,113150,320
2026-03-17 13:31:00,113150,113300,113150,113200,1190
2026-03-17 13:32:00,113200,113300,113200,113300,156
2026-03-17 13:33:00,113300,113300,113000,113200,893
2026-03-17 13:34:00,113200,113300,113100,113100,361
2026-03-17 13:35:00,113200,113200,113100,113100,360
2026-03-17 13:36:00,113200,113300,112900,113200,1663
2026-03-17 13:37:00,113300,113300,113200,113200,420
2026-03-17 13:38:00,113100,113150,112900,112900,537
2026-03-17 13:39:00,113000,113000,112900,112900,243
2026-03-17 13:40:00,113000,113000,112900,113000,191
2026-03-17 13:41:00,113000,113100,112900,113100,638
2026-03-17 13:42:00,113100,113400,113100,113200,671
2026-03-17 13:43:00,113300,113300,113000,113100,1073
2026-03-17 13:44:00,113000,113100,113000,113000,209
2026-03-17 13:45:00,113100,113400,113000,113300,489
2026-03-17 13:46:00,113400,113400,113300,113300,264
2026-03-17 13:47:00,113300,113400,113300,113400,171
2026-03-17 13:48:00,113400,113500,113300,113400,762
2026-03-17 13:49:00,113500,113500,113400,113400,183
2026-03-17 13:50:00,113400,113500,113400,113500,149
2026-03-17 13:51:00,113400,113500,113400,113400,853
2026-03-17 13:52:00,113500,113500,113400,113400,210
2026-03-17 13:53:00,113500,113500,113300,113400,1091
2026-03-17 13:54:00,113400,113600,113300,113500,1364
2026-03-17 13:55:00,113500,113600,113300,113400,1366
2026-03-17 13:56:00,113500,113500,113300,113400,762
2026-03-17 13:57:00,113500,113500,113300,113400,282
2026-03-17 13:58:00,113300,113400,113200,113200,514
2026-03-17 13:59:00,113200,113200,113000,113050,471
2026-03-17 14:00:00,113000,113100,113000,113000,553
2026-03-17 14:01:00,113050,113050,113000,113050,189
2026-03-17 14:02:00,113050,113100,112900,113100,861
2026-03-17 14:03:00,113000,113100,112900,113000,761
2026-03-17 14:04:00,112900,113000,112900,113000,269
2026-03-17 14:05:00,113000,113000,112900,113000,423
2026-03-17 14:06:00,112900,113000,112900,113000,392
2026-03-17 14:07:00,113000,113000,112900,113000,261
2026-03-17 14:08:00,112900,113000,112900,113000,778
2026-03-17 14:09:00,113000,113000,112800,112800,1211
2026-03-17 14:10:00,112800,112900,112800,112800,369
2026-03-17 14:11:00,112900,112900,112800,112800,750
2026-03-17 14:12:00,112900,113100,112800,113000,1051
2026-03-17 14:13:00,113000,113200,113000,113200,1608
2026-03-17 14:14:00,113100,113200,113100,113100,216
2026-03-17 14:15:00,113100,113300,113100,113300,1107
2026-03-17 14:16:00,113300,113300,113100,113200,781
2026-03-17 14:17:00,113200,113200,113100,113200,798
2026-03-17 14:18:00,113200,113200,113000,113100,674
2026-03-17 14:19:00,113100,113100,113000,113000,229
2026-03-17 14:20:00,113100,113100,113000,113100,122
2026-03-17 14:21:00,113100,113100,113000,113100,146
2026-03-17 14:22:00,113000,113050,112800,112900,1231
2026-03-17 14:23:00,112900,112900,112800,112900,244
2026-03-17 14:24:00,112900,112900,112800,112900,452
2026-03-17 14:25:00,112900,112900,112800,112850,456
2026-03-17 14:26:00,112900,113000,112900,112900,215
2026-03-17 14:27:00,113000,113000,112800,112800,766
2026-03-17 14:28:00,112900,112900,112700,112800,1072
2026-03-17 14:29:00,112800,112800,112600,112600,1036
2026-03-17 14:30:00,112600,112700,112300,112300,2846
2026-03-17 14:31:00,112300,112400,112200,112200,875
2026-03-17 14:32:00,112300,112300,112200,112300,710
2026-03-17 14:33:00,112300,112450,112100,112400,1863
2026-03-17 14:34:00,112300,112400,112200,112200,776
2026-03-17 14:35:00,112300,112300,112200,112300,370
2026-03-17 14:36:00,112300,112400,112200,112200,1564
2026-03-17 14:37:00,112200,112400,112200,112400,1131
2026-03-17 14:38:00,112400,112500,112200,112400,1161
2026-03-17 14:39:00,112400,112500,112200,112300,532
2026-03-17 14:40:00,112400,112500,112300,112400,761
2026-03-17 14:41:00,112400,112400,112300,112400,532
2026-03-17 14:42:00,112300,112500,112300,112400,1590
2026-03-17 14:43:00,112500,112500,112400,112400,418
2026-03-17 14:44:00,112500,112500,112300,112300,610
2026-03-17 14:45:00,112400,112500,112200,112500,1498
2026-03-17 14:46:00,112500,112500,112400,112500,781
2026-03-17 14:47:00,112500,112500,112300,112300,1440
2026-03-17 14:48:00,112400,112800,112300,112800,2513
2026-03-17 14:49:00,112800,112900,112600,112600,1308
2026-03-17 14:50:00,112600,112900,112600,112700,1677
2026-03-17 14:51:00,112700,112900,112600,112800,1320
2026-03-17 14:52:00,112900,113000,112800,112800,1986
2026-03-17 14:53:00,112850,112900,112600,112700,1449
2026-03-17 14:54:00,112700,112700,112400,112400,1220
2026-03-17 14:55:00,112400,112600,112400,112500,1809
2026-03-17 14:56:00,112400,112500,112300,112400,1017
2026-03-17 14:57:00,112400,112400,112300,112300,787
2026-03-17 14:58:00,112300,112400,112300,112300,1615
2026-03-17 14:59:00,112300,112300,112000,112200,5614
2026-03-17 15:00:00,112100,112200,111600,111700,5309
2026-03-17 15:01:00,111600,111700,111500,111600,2562
2026-03-17 15:02:00,111600,111600,111500,111500,1513
2026-03-17 15:03:00,111600,111800,111400,111600,3521
2026-03-17 15:04:00,111600,111600,111300,111300,2202
2026-03-17 15:05:00,111400,111900,111300,111600,2360
2026-03-17 15:06:00,111700,111800,111400,111600,4301
2026-03-17 15:07:00,111550,111800,111500,111500,3363
2026-03-17 15:08:00,111600,111700,111500,111600,1078
2026-03-17 15:09:00,111500,111700,111500,111600,1868
2026-03-17 15:10:00,111600,111700,111400,111500,2884
2026-03-17 15:11:00,111500,111600,111400,111400,1964
2026-03-17 15:12:00,111400,111500,111400,111400,1419
2026-03-17 15:13:00,111400,111500,111400,111500,2553
2026-03-17 15:14:00,111400,111500,111300,111400,1876
2026-03-17 15:15:00,111400,111400,111200,111200,2815
2026-03-17 15:16:00,111200,111200,111100,111200,2495
2026-03-17 15:17:00,111200,111400,111100,111200,2736
2026-03-17 15:18:00,111300,111400,111100,111200,1399
2026-03-17 15:19:00,111200,111200,110700,111000,7662
2026-03-17 15:30:00,110000,110000,110000,110000,26717
2026-03-17 15:35:00,110000,110000,110000,110000,294
2026-03-18 09:00:00,113600,114000,113200,113400,14416
2026-03-18 09:01:00,113400,113500,112700,112900,8628
2026-03-18 09:02:00,113000,113200,112800,112800,3229
2026-03-18 09:03:00,112900,112900,112200,112200,4554
2026-03-18 09:04:00,112200,112400,112000,112100,5450
2026-03-18 09:05:00,112100,112600,112000,112400,5812
2026-03-18 09:06:00,112400,112800,112100,112300,5312
2026-03-18 09:07:00,112200,112300,112000,112200,3504
2026-03-18 09:08:00,112200,112300,112100,112300,1242
2026-03-18 09:09:00,112300,112300,112000,112100,2962
2026-03-18 09:10:00,112100,112500,112000,112200,2709
2026-03-18 09:11:00,112300,112600,112200,112600,3386
2026-03-18 09:12:00,112700,113200,112600,113100,2627
2026-03-18 09:13:00,113000,113200,112900,113000,3954
2026-03-18 09:14:00,113000,113700,112900,113650,4175
2026-03-18 09:15:00,113600,114100,113400,114100,10136
2026-03-18 09:16:00,114100,114200,113800,113900,6975
2026-03-18 09:17:00,113900,114000,113800,113800,4271
2026-03-18 09:18:00,113900,114100,113500,113600,9402
2026-03-18 09:19:00,113600,113600,113000,113600,4144
2026-03-18 09:20:00,113500,113600,113200,113300,1838
2026-03-18 09:21:00,113300,113400,113300,113300,1046
2026-03-18 09:22:00,113300,113600,113300,113500,1844
2026-03-18 09:23:00,113400,113500,113400,113400,1504
2026-03-18 09:24:00,113500,113900,113400,113800,2967
2026-03-18 09:25:00,113900,114000,113800,114000,2144
2026-03-18 09:26:00,113900,114000,113900,114000,1744
2026-03-18 09:27:00,114000,114000,113800,113800,1992
2026-03-18 09:28:00,113900,114100,113900,114000,1650
2026-03-18 09:29:00,114000,114400,114000,114100,5937
2026-03-18 09:30:00,114100,114300,114000,114200,1842
2026-03-18 09:31:00,114200,114200,113800,113800,1870
2026-03-18 09:32:00,113900,113900,113500,113500,2740
2026-03-18 09:33:00,113600,113600,113300,113300,1462
2026-03-18 09:34:00,113300,113500,113000,113300,3168
2026-03-18 09:35:00,113400,113800,113200,113700,1523
2026-03-18 09:36:00,113700,113700,113200,113600,1805
2026-03-18 09:37:00,113700,113800,113600,113600,1082
2026-03-18 09:38:00,113600,113600,113400,113500,1248
2026-03-18 09:39:00,113600,114000,113500,113800,4654
2026-03-18 09:40:00,113900,114000,113800,113900,1218
2026-03-18 09:41:00,113900,113900,113400,113500,1745
2026-03-18 09:42:00,113500,113700,113300,113400,590
2026-03-18 09:43:00,113300,113400,113000,113000,2843
2026-03-18 09:44:00,113000,113100,113000,113100,539
2026-03-18 09:45:00,113100,113300,113000,113300,1196
2026-03-18 09:46:00,113200,113300,113100,113200,764
2026-03-18 09:47:00,113100,113200,113000,113100,1062
2026-03-18 09:48:00,113100,113200,113000,113200,891
2026-03-18 09:49:00,113200,113300,113100,113300,1240
2026-03-18 09:50:00,113300,113400,113200,113400,1230
2026-03-18 09:51:00,113300,113400,113200,113300,651
2026-03-18 09:52:00,113300,113500,113300,113400,415
2026-03-18 09:53:00,113400,113400,113200,113400,1349
2026-03-18 09:54:00,113300,113300,113000,113200,8116
2026-03-18 09:55:00,113200,113500,113000,113400,1611
2026-03-18 09:56:00,113400,113500,113300,113500,528
2026-03-18 09:57:00,113500,113500,113400,113500,248
2026-03-18 09:58:00,113400,113500,113400,113400,393
2026-03-18 09:59:00,113500,113700,113200,113400,5105
2026-03-18 10:00:00,113400,113500,113300,113500,809
2026-03-18 10:01:00,113400,113400,113200,113300,2413
2026-03-18 10:02:00,113300,113300,112900,113000,4860
2026-03-18 10:03:00,112900,113300,112900,113300,1431
2026-03-18 10:04:00,113200,113300,113200,113300,528
2026-03-18 10:05:00,113300,113300,113200,113200,791
2026-03-18 10:06:00,113200,113200,112900,113000,1239
2026-03-18 10:07:00,113000,113200,112900,113100,1338
2026-03-18 10:08:00,113100,113200,113000,113100,430
2026-03-18 10:09:00,113150,113400,113100,113400,1226
2026-03-18 10:10:00,113400,113500,113400,113400,2197
2026-03-18 10:11:00,113400,113600,113400,113500,1725
2026-03-18 10:12:00,113600,113600,113400,113500,832
2026-03-18 10:13:00,113500,113600,113500,113500,693
2026-03-18 10:14:00,113600,113600,113500,113600,144
2026-03-18 10:15:00,113600,114000,113600,113900,4414
2026-03-18 10:16:00,113900,114200,113900,114200,4508
2026-03-18 10:17:00,114200,114200,113400,113800,2721
2026-03-18 10:18:00,113800,113900,113600,113800,970
2026-03-18 10:19:00,113800,113800,113400,113600,1687
2026-03-18 10:20:00,113500,113600,113400,113500,1025
2026-03-18 10:21:00,113500,113700,113500,113600,1209
2026-03-18 10:22:00,113700,113700,113500,113500,512
2026-03-18 10:23:00,113600,113600,113300,113500,1608
2026-03-18 10:24:00,113500,113700,113400,113500,2217
2026-03-18 10:25:00,113500,113700,113400,113600,1213
2026-03-18 10:26:00,113500,113500,113300,113400,486
2026-03-18 10:27:00,113300,113400,113200,113400,1222
2026-03-18 10:28:00,113300,113500,113300,113400,238
2026-03-18 10:29:00,113400,113400,113200,113300,529
2026-03-18 10:30:00,113300,113400,113200,113300,319
2026-03-18 10:31:00,113300,113500,113200,113400,1376
2026-03-18 10:32:00,113400,113600,113300,113600,950
2026-03-18 10:33:00,113500,113800,113200,113700,1701
2026-03-18 10:34:00,113800,113800,113600,113600,534
2026-03-18 10:35:00,113600,113700,113600,113700,162
2026-03-18 10:36:00,113700,113800,113600,113700,1400
2026-03-18 10:37:00,113800,113800,113700,113700,210
2026-03-18 10:38:00,113700,113800,113600,113600,498
2026-03-18 10:39:00,113700,113800,113300,113600,2458
2026-03-18 10:40:00,113700,113900,113600,113800,1438
2026-03-18 10:41:00,113800,114000,113500,113800,3860
2026-03-18 10:42:00,113700,114000,113600,113700,666
2026-03-18 10:43:00,113700,114000,113400,113700,1479
2026-03-18 10:44:00,113800,114000,113700,113800,588
2026-03-18 10:45:00,113800,113800,113400,113400,1680
2026-03-18 10:46:00,113400,113600,113100,113500,3958
2026-03-18 10:47:00,113500,113600,113300,113300,921
2026-03-18 10:48:00,113300,113400,113200,113400,1339
2026-03-18 10:49:00,113300,113600,113300,113300,552
2026-03-18 10:50:00,113300,113500,113200,113300,700
2026-03-18 10:51:00,113300,113400,113200,113300,552
2026-03-18 10:52:00,113300,113300,113200,113300,837
2026-03-18 10:53:00,113300,113300,113200,113200,129
2026-03-18 10:54:00,113300,113300,113200,113300,290
2026-03-18 10:55:00,113200,113300,113200,113200,916
2026-03-18 10:56:00,113200,113500,113200,113500,1141
2026-03-18 10:57:00,113400,113700,113300,113600,943
2026-03-18 10:58:00,113500,113800,113500,113600,563
2026-03-18 10:59:00,113600,113600,113400,113500,941
2026-03-18 11:00:00,113600,113700,113500,113500,412
2026-03-18 11:01:00,113700,113700,113400,113500,1203
2026-03-18 11:02:00,113500,113700,113500,113500,715
2026-03-18 11:03:00,113400,113600,113300,113600,2088
2026-03-18 11:04:00,113400,113500,113300,113400,704
2026-03-18 11:05:00,113400,113600,113400,113500,769
2026-03-18 11:06:00,113450,113600,113400,113600,1501
2026-03-18 11:07:00,113600,113700,113400,113600,676
2026-03-18 11:08:00,113600,113700,113500,113600,301
2026-03-18 11:09:00,113700,113900,113600,113900,1641
2026-03-18 11:10:00,113900,113900,113700,113800,1197
2026-03-18 11:11:00,113800,113900,113700,113900,907
2026-03-18 11:12:00,113800,113900,113700,113800,2123
2026-03-18 11:13:00,113800,113900,113700,113900,1150
2026-03-18 11:14:00,113900,113900,113800,113850,223
2026-03-18 11:15:00,113900,113900,113700,113800,974
2026-03-18 11:16:00,113800,113800,113500,113600,1925
2026-03-18 11:17:00,113600,113600,113500,113500,281
2026-03-18 11:18:00,113600,113700,113500,113700,609
2026-03-18 11:19:00,113600,113700,113500,113700,555
2026-03-18 11:20:00,113600,113700,113600,113700,98
2026-03-18 11:21:00,113600,113700,113500,113600,247
2026-03-18 11:22:00,113500,113800,113500,113600,1510
2026-03-18 11:23:00,113700,113700,113600,113700,141
2026-03-18 11:24:00,113700,113700,113600,113700,488
2026-03-18 11:25:00,113600,113600,113500,113500,186
2026-03-18 11:26:00,113600,113600,113500,113600,168
2026-03-18 11:27:00,113600,113700,113500,113600,1150
2026-03-18 11:28:00,113600,113700,113600,113600,240
2026-03-18 11:29:00,113700,113700,113600,113600,301
2026-03-18 11:30:00,113600,113800,113600,113700,941
2026-03-18 11:31:00,113600,113800,113500,113800,1007
2026-03-18 11:32:00,113800,113800,113700,113800,354
2026-03-18 11:33:00,113700,113800,113700,113800,149
2026-03-18 11:34:00,113800,113800,113600,113600,492
2026-03-18 11:35:00,113700,113800,113600,113700,644
2026-03-18 11:36:00,113800,113800,113700,113800,226
2026-03-18 11:37:00,113800,113800,113700,113700,188
2026-03-18 11:38:00,113700,113900,113700,113800,1199
2026-03-18 11:39:00,113800,113900,113600,113900,653
2026-03-18 11:40:00,113900,113900,113700,113800,375
2026-03-18 11:41:00,113800,113900,113800,113800,123
2026-03-18 11:42:00,113900,113900,113800,113800,398
2026-03-18 11:43:00,113800,113900,113800,113800,1836
2026-03-18 11:44:00,113900,113900,113800,113800,211
2026-03-18 11:45:00,113900,114000,113800,114000,1792
2026-03-18 11:46:00,113900,114000,113800,114000,244
2026-03-18 11:47:00,113900,114000,113900,113900,316
2026-03-18 11:48:00,114000,114000,113900,114000,89
2026-03-18 11:49:00,114000,114000,113900,113900,353
2026-03-18 11:50:00,113900,114200,113900,114100,3569
2026-03-18 11:51:00,114100,114300,114000,114300,1990
2026-03-18 11:52:00,114300,114500,114000,114400,3460
2026-03-18 11:53:00,114400,114500,114300,114500,782
2026-03-18 11:54:00,114400,114500,114300,114400,897
2026-03-18 11:55:00,114300,114400,114200,114200,995
2026-03-18 11:56:00,114200,114900,114200,114900,6938
2026-03-18 11:57:00,114800,114900,114800,114900,567
2026-03-18 11:58:00,114800,114900,114400,114700,2949
2026-03-18 11:59:00,114800,114900,114800,114900,262
2026-03-18 12:00:00,114900,114900,114800,114900,1196
2026-03-18 12:01:00,114900,115400,114900,115400,7994
2026-03-18 12:02:00,115300,115600,115100,115500,3400
2026-03-18 12:03:00,115500,115700,115200,115700,4515
2026-03-18 12:04:00,115600,115800,115600,115800,3073
2026-03-18 12:05:00,115700,115800,115400,115400,4908
2026-03-18 12:06:00,115500,115500,115100,115100,1296
2026-03-18 12:07:00,115100,115200,115000,115200,1830
2026-03-18 12:08:00,115200,115200,115100,115200,428
2026-03-18 12:09:00,115200,115200,114800,114800,1808
2026-03-18 12:10:00,114800,114900,114600,114800,1262
2026-03-18 12:11:00,114800,114900,114700,114900,632
2026-03-18 12:12:00,114800,115000,114800,115000,1336
2026-03-18 12:13:00,115000,115000,114900,114900,658
2026-03-18 12:14:00,114900,114900,114700,114700,968
2026-03-18 12:15:00,114800,114800,114600,114600,1067
2026-03-18 12:16:00,114600,114700,114500,114600,985
2026-03-18 12:17:00,114700,114700,114600,114700,691
2026-03-18 12:18:00,114650,114800,114600,114700,562
2026-03-18 12:19:00,114700,114800,114600,114700,754
2026-03-18 12:20:00,114600,114800,114300,114400,2498
2026-03-18 12:21:00,114300,114400,114000,114400,2098
2026-03-18 12:22:00,114300,114400,114300,114400,175
2026-03-18 12:23:00,114400,114400,114300,114400,204
2026-03-18 12:24:00,114350,114800,114300,114500,1330
2026-03-18 12:25:00,114500,114600,114500,114500,186
2026-03-18 12:26:00,114500,114600,114400,114500,1426
2026-03-18 12:27:00,114500,114700,114500,114700,659
2026-03-18 12:28:00,114800,115000,114700,115000,753
2026-03-18 12:29:00,115000,115200,114500,114700,3455
2026-03-18 12:30:00,114700,114700,114600,114700,290
2026-03-18 12:31:00,114600,114700,114600,114700,403
2026-03-18 12:32:00,114600,114600,114300,114500,687
2026-03-18 12:33:00,114500,114900,114400,114900,2135
2026-03-18 12:34:00,114800,115100,114800,115000,1125
2026-03-18 12:35:00,114950,115100,114900,114900,633
2026-03-18 12:36:00,115000,115100,114900,115000,783
2026-03-18 12:37:00,114900,115200,114900,115200,711
2026-03-18 12:38:00,115100,115200,115100,115100,322
2026-03-18 12:39:00,115100,115100,114700,115000,1021
2026-03-18 12:40:00,114900,115200,114900,115100,628
2026-03-18 12:41:00,115100,115100,115000,115000,478
2026-03-18 12:42:00,115100,115200,115100,115200,610
2026-03-18 12:43:00,115200,115200,115100,115200,719
2026-03-18 12:44:00,115100,115300,115100,115300,1238
2026-03-18 12:45:00,115200,115300,115100,115200,408
2026-03-18 12:46:00,115200,115300,115100,115200,832
2026-03-18 12:47:00,115200,115300,115100,115200,529
2026-03-18 12:48:00,115200,115200,115100,115200,156
2026-03-18 12:49:00,115100,115200,115000,115100,2168
2026-03-18 12:50:00,115100,115200,115000,115100,992
2026-03-18 12:51:00,115100,115200,115100,115100,500
2026-03-18 12:52:00,115100,115200,114900,115000,2053
2026-03-18 12:53:00,115000,115100,114900,115100,348
2026-03-18 12:54:00,115000,115100,115000,115100,622
2026-03-18 12:55:00,115100,115500,115000,115400,6194
2026-03-18 12:56:00,115400,115700,115300,115300,2035
2026-03-18 12:57:00,115300,115300,115000,115300,724
2026-03-18 12:58:00,115300,115300,115200,115300,735
2026-03-18 12:59:00,115300,115400,115000,115100,1650
2026-03-18 13:00:00,115100,115300,115000,115200,1373
2026-03-18 13:01:00,115200,115600,115100,115600,1530
2026-03-18 13:02:00,115500,115600,115500,115600,917
2026-03-18 13:03:00,115500,115600,115100,115500,1132
2026-03-18 13:04:00,115500,115700,115500,115600,1474
2026-03-18 13:05:00,115600,115700,115400,115700,2298
2026-03-18 13:06:00,115700,115700,115600,115600,590
2026-03-18 13:07:00,115600,116200,115600,115900,10288
2026-03-18 13:08:00,116000,116000,115400,115400,2970
2026-03-18 13:09:00,115600,115900,115400,115600,2016
2026-03-18 13:10:00,115600,116000,115500,115700,1083
2026-03-18 13:11:00,115700,115800,115600,115700,946
2026-03-18 13:12:00,115600,115900,115600,115800,877
2026-03-18 13:13:00,115800,116000,115800,116000,1072
2026-03-18 13:14:00,116000,116000,115900,116000,360
2026-03-18 13:15:00,116000,116000,115500,115800,2092
2026-03-18 13:16:00,115800,115800,115700,115800,740
2026-03-18 13:17:00,115900,115900,115700,115800,822
2026-03-18 13:18:00,115800,115900,115800,115800,979
2026-03-18 13:19:00,115800,115900,115800,115800,568
2026-03-18 13:20:00,115900,115900,115800,115900,503
2026-03-18 13:21:00,115800,115900,115700,115700,2008
2026-03-18 13:22:00,115800,115800,115700,115800,623
2026-03-18 13:23:00,115700,115900,115500,115700,2021
2026-03-18 13:24:00,115700,115700,115600,115700,1121
2026-03-18 13:25:00,115700,115900,115700,115800,1275
2026-03-18 13:26:00,115900,115900,115800,115800,886
2026-03-18 13:27:00,115900,115900,115700,115800,1964
2026-03-18 13:28:00,115800,115800,115700,115700,1342
2026-03-18 13:29:00,115700,115800,115600,115600,1114
2026-03-18 13:30:00,115700,115800,115600,115800,754
2026-03-18 13:31:00,115800,115900,115700,115900,1067
2026-03-18 13:32:00,115800,115900,115800,115900,737
2026-03-18 13:33:00,115900,116100,115900,116000,3413
2026-03-18 13:34:00,116000,116100,116000,116000,1302
2026-03-18 13:35:00,116000,116100,115900,115900,856
2026-03-18 13:36:00,116000,116100,115900,116000,984
2026-03-18 13:37:00,116000,116000,115800,115800,915
2026-03-18 13:38:00,115900,115900,115700,115800,969
2026-03-18 13:39:00,115700,115800,115300,115500,2070
2026-03-18 13:40:00,115500,115800,115500,115600,805
2026-03-18 13:41:00,115700,115900,115700,115800,654
2026-03-18 13:42:00,115800,115800,115700,115700,375
2026-03-18 13:43:00,115800,115900,115700,115800,870
2026-03-18 13:44:00,115700,115800,115700,115800,842
2026-03-18 13:45:00,115800,115900,115700,115800,841
2026-03-18 13:46:00,115700,115800,115700,115800,709
2026-03-18 13:47:00,115800,115800,115600,115600,1268
2026-03-18 13:48:00,115600,115800,115600,115800,1037
2026-03-18 13:49:00,115800,115900,115700,115700,575
2026-03-18 13:50:00,115800,115800,115600,115700,789
2026-03-18 13:51:00,115800,115800,115500,115800,768
2026-03-18 13:52:00,115800,115800,115600,115700,1028
2026-03-18 13:53:00,115700,115800,115600,115700,1149
2026-03-18 13:54:00,115800,115800,115500,115800,1510
2026-03-18 13:55:00,115800,115800,115600,115800,1072
2026-03-18 13:56:00,115800,115800,115700,115800,680
2026-03-18 13:57:00,115800,115800,115700,115800,881
2026-03-18 13:58:00,115800,115900,115700,115800,1263
2026-03-18 13:59:00,115900,115900,115800,115800,667
2026-03-18 14:00:00,115900,116500,115800,116500,9683
2026-03-18 14:01:00,116500,116500,116300,116300,2401
2026-03-18 14:02:00,116300,116400,116200,116400,2056
2026-03-18 14:03:00,116300,116500,116200,116400,1889
2026-03-18 14:04:00,116400,116400,116300,116300,834
2026-03-18 14:05:00,116300,116400,116200,116400,1851
2026-03-18 14:06:00,116300,116500,116300,116500,1160
2026-03-18 14:07:00,116500,116500,116300,116500,1409
2026-03-18 14:08:00,116400,116500,116000,116100,2406
2026-03-18 14:09:00,116100,116200,115700,115800,3474
2026-03-18 14:10:00,115800,115900,115700,115900,1294
2026-03-18 14:11:00,115900,116000,115800,115900,862
2026-03-18 14:12:00,115800,116000,115800,116000,978
2026-03-18 14:13:00,115900,116000,115800,115900,1040
2026-03-18 14:14:00,116000,116000,115900,115900,911
2026-03-18 14:15:00,116000,116100,115800,116000,2154
2026-03-18 14:16:00,116000,116000,115700,115700,2736
2026-03-18 14:17:00,115700,115800,115600,115800,1189
2026-03-18 14:18:00,115800,115800,115600,115700,2337
2026-03-18 14:19:00,115700,115700,115100,115300,3082
2026-03-18 14:20:00,115300,115500,115200,115300,2275
2026-03-18 14:21:00,115300,115500,115200,115500,1839
2026-03-18 14:22:00,115400,115600,115400,115600,944
2026-03-18 14:23:00,115600,116000,115500,115900,1744
2026-03-18 14:24:00,115800,115900,115800,115900,955
2026-03-18 14:25:00,115900,116000,115700,116000,547
2026-03-18 14:26:00,115900,116000,115800,115900,904
2026-03-18 14:27:00,115800,116000,115700,116000,756
2026-03-18 14:28:00,115900,116000,115800,115900,937
2026-03-18 14:29:00,115800,115900,115500,115600,3093
2026-03-18 14:30:00,115600,115700,115400,115600,1665
2026-03-18 14:31:00,115600,115700,115500,115500,1223
2026-03-18 14:32:00,115500,115600,115400,115500,1220
2026-03-18 14:33:00,115500,115600,115400,115500,2627
2026-03-18 14:34:00,115500,115600,115200,115500,3141
2026-03-18 14:35:00,115400,115600,115300,115500,1122
2026-03-18 14:36:00,115400,115700,115300,115700,1339
2026-03-18 14:37:00,115600,115700,115500,115600,1050
2026-03-18 14:38:00,115600,115700,115600,115700,728
2026-03-18 14:39:00,115600,115900,115500,115600,3456
2026-03-18 14:40:00,115700,116000,115700,115900,2551
2026-03-18 14:41:00,115900,115900,115800,115900,976
2026-03-18 14:42:00,115900,116200,115800,116200,6879
2026-03-18 14:43:00,115900,116300,115900,116200,5119
2026-03-18 14:44:00,116200,116400,116100,116100,4404
2026-03-18 14:45:00,116100,116100,116000,116100,1906
2026-03-18 14:46:00,116100,116200,115800,116000,4027
2026-03-18 14:47:00,116000,116200,116000,116200,935
2026-03-18 14:48:00,116200,116200,115800,116000,2511
2026-03-18 14:49:00,116000,116000,115500,115500,2929
2026-03-18 14:50:00,115600,115700,115500,115700,3853
2026-03-18 14:51:00,115600,115700,115400,115700,2313
2026-03-18 14:52:00,115600,115900,115500,115900,1351
2026-03-18 14:53:00,115800,115900,115600,115600,3625
2026-03-18 14:54:00,115500,115800,115500,115600,2866
2026-03-18 14:55:00,115600,115700,115500,115600,1841
2026-03-18 14:56:00,115600,115600,115300,115500,3645
2026-03-18 14:57:00,115400,115700,115400,115700,2047
2026-03-18 14:58:00,115500,115600,115300,115400,2621
2026-03-18 14:59:00,115400,115500,115300,115400,3343
2026-03-18 15:00:00,115400,115500,115300,115400,2009
2026-03-18 15:01:00,115400,115500,115300,115400,3407
2026-03-18 15:02:00,115500,115700,115300,115600,1460
2026-03-18 15:03:00,115600,115700,115600,115600,1129
2026-03-18 15:04:00,115700,115800,115500,115500,2861
2026-03-18 15:05:00,115600,115700,115400,115400,2886
2026-03-18 15:06:00,115500,115600,115400,115500,1933
2026-03-18 15:07:00,115450,115800,115400,115700,1624
2026-03-18 15:08:00,115800,116000,115700,116000,3366
2026-03-18 15:09:00,116000,116200,115900,116100,3336
2026-03-18 15:10:00,116050,116050,115500,115700,6745
2026-03-18 15:11:00,115800,116000,115700,115800,4405
2026-03-18 15:12:00,115800,115900,115700,115900,3585
2026-03-18 15:13:00,115900,115900,115500,115500,4562
2026-03-18 15:14:00,115600,116000,115500,115800,5820
2026-03-18 15:15:00,115800,115900,115600,115900,7423
2026-03-18 15:16:00,115900,116200,115700,116000,5719
2026-03-18 15:17:00,116000,116400,116000,116300,8381
2026-03-18 15:18:00,116400,116500,116200,116300,7484
2026-03-18 15:19:00,116300,116400,115900,116100,4117
2026-03-18 15:30:00,116600,116600,116600,116600,38764
2026-03-18 15:35:00,116600,116600,116600,116600,468
2026-03-19 09:00:00,114600,115000,112700,114600,18284
2026-03-19 09:01:00,114700,114900,113800,114300,5641
2026-03-19 09:02:00,114400,115300,114000,114500,6915
2026-03-19 09:03:00,114500,115500,114400,115100,3670
2026-03-19 09:04:00,115300,117100,115200,117100,9119
2026-03-19 09:05:00,117100,117300,115700,116000,8921
2026-03-19 09:06:00,115900,116400,115600,115800,5987
2026-03-19 09:07:00,115800,116500,115600,116500,4802
2026-03-19 09:08:00,116500,117100,116300,116600,6604
2026-03-19 09:09:00,116500,116800,116500,116600,3561
2026-03-19 09:10:00,116600,117300,116500,116700,8788
2026-03-19 09:11:00,116800,116800,116200,116600,7138
2026-03-19 09:12:00,116600,117000,116500,116800,4536
2026-03-19 09:13:00,116900,118000,116900,117900,13043
2026-03-19 09:14:00,117900,118000,117500,117700,4014
2026-03-19 09:15:00,117700,117700,116600,117200,9146
2026-03-19 09:16:00,117200,117300,116400,116500,3774
2026-03-19 09:17:00,116400,116600,116200,116200,3001
2026-03-19 09:18:00,116200,116700,116000,116600,5088
2026-03-19 09:19:00,116700,116800,116200,116300,3082
2026-03-19 09:20:00,116400,116800,116200,116300,7470
2026-03-19 09:21:00,116300,116600,116000,116100,7117
2026-03-19 09:22:00,116100,116700,115900,116200,5378
2026-03-19 09:23:00,116200,116400,115500,115500,3944
2026-03-19 09:24:00,115500,116000,115400,115600,5299
2026-03-19 09:25:00,115600,115900,115600,115700,3553
2026-03-19 09:26:00,115600,115700,115100,115200,3225
2026-03-19 09:27:00,115200,115300,114900,115200,2720
2026-03-19 09:28:00,115200,115300,114800,115300,3647
2026-03-19 09:29:00,115200,115300,114900,115200,2424
2026-03-19 09:30:00,115100,116000,115100,115900,7459
2026-03-19 09:31:00,115900,115900,115600,115700,769
2026-03-19 09:32:00,115700,115700,115200,115400,3213
2026-03-19 09:33:00,115400,115400,115100,115200,711
2026-03-19 09:34:00,115200,115400,115100,115400,1377
2026-03-19 09:35:00,115500,115800,115100,115400,3649
2026-03-19 09:36:00,115400,115800,115300,115500,1296
2026-03-19 09:37:00,115900,116300,115600,115700,3494
2026-03-19 09:38:00,115800,115800,115700,115800,273
2026-03-19 09:39:00,115800,115900,115300,115600,2769
2026-03-19 09:40:00,115700,116100,115600,115800,1671
2026-03-19 09:41:00,115800,116100,115600,115900,1141
2026-03-19 09:42:00,115800,115900,115500,115600,3410
2026-03-19 09:43:00,115600,115600,115400,115400,993
2026-03-19 09:44:00,115500,115700,115400,115500,1300
2026-03-19 09:45:00,115600,115700,115500,115700,1470
2026-03-19 09:46:00,115700,116600,115700,116500,3402
2026-03-19 09:47:00,116400,117300,116400,117300,4884
2026-03-19 09:48:00,117300,117700,117200,117500,5412
2026-03-19 09:49:00,117500,117500,116800,116800,4047
2026-03-19 09:50:00,116800,117200,116000,117100,4863
2026-03-19 09:51:00,116900,117100,116800,116900,608
2026-03-19 09:52:00,116800,117200,116700,116900,2108
2026-03-19 09:53:00,116800,116900,116600,116700,2365
2026-03-19 09:54:00,116700,117200,116700,117000,13447
2026-03-19 09:55:00,116800,117500,116600,117400,3225
2026-03-19 09:56:00,117300,117500,117100,117200,3071
2026-03-19 09:57:00,117300,117300,116700,116900,4575
2026-03-19 09:58:00,116700,116900,116200,116200,2732
2026-03-19 09:59:00,116300,116600,116000,116500,2547
2026-03-19 10:00:00,116700,116700,116100,116500,1711
2026-03-19 10:01:00,116500,116600,116000,116400,2762
2026-03-19 10:02:00,116400,116400,116300,116300,614
2026-03-19 10:03:00,116200,116300,116000,116000,1202
2026-03-19 10:04:00,116100,116100,116000,116000,1070
2026-03-19 10:05:00,116100,116500,116000,116200,2964
2026-03-19 10:06:00,116300,116500,116200,116300,995
2026-03-19 10:07:00,116300,116900,116200,116600,1504
2026-03-19 10:08:00,116700,116800,116500,116500,1077
2026-03-19 10:09:00,116600,116700,116500,116700,992
2026-03-19 10:10:00,116600,117200,116600,117200,1975
2026-03-19 10:11:00,117100,117300,116600,116700,2152
2026-03-19 10:12:00,116800,117100,116500,117100,1042
2026-03-19 10:13:00,117100,117200,117000,117100,452
2026-03-19 10:14:00,117100,117100,116700,116700,1486
2026-03-19 10:15:00,116700,116900,116600,116700,1183
2026-03-19 10:16:00,116700,116700,116500,116600,948
2026-03-19 10:17:00,116600,116700,116300,116600,2229
2026-03-19 10:18:00,116600,116700,116300,116400,1573
2026-03-19 10:19:00,116400,116500,116300,116400,438
2026-03-19 10:20:00,116400,116600,116300,116600,1246
2026-03-19 10:21:00,116600,116600,116300,116400,1469
2026-03-19 10:22:00,116400,116500,116300,116300,1450
2026-03-19 10:23:00,116300,116600,116100,116500,3688
2026-03-19 10:24:00,116500,116800,116300,116700,1519
2026-03-19 10:25:00,116700,116700,116300,116700,1526
2026-03-19 10:26:00,116700,116900,116600,116800,1000
2026-03-19 10:27:00,116800,117000,116800,117000,849
2026-03-19 10:28:00,117000,117000,116900,117000,323
2026-03-19 10:29:00,117000,117000,116800,116950,2003
2026-03-19 10:30:00,116950,117000,116800,116900,1606
2026-03-19 10:31:00,117000,117200,116900,117100,2505
2026-03-19 10:32:00,117000,117000,116800,116800,1055
2026-03-19 10:33:00,116850,116900,116600,116700,1454
2026-03-19 10:34:00,116700,116700,116500,116700,831
2026-03-19 10:35:00,116600,116900,116600,116800,650
2026-03-19 10:36:00,116800,117200,116700,117100,2356
2026-03-19 10:37:00,117100,117700,117100,117600,6686
2026-03-19 10:38:00,117600,117700,117550,117700,2479
2026-03-19 10:39:00,117650,117700,117200,117200,790
2026-03-19 10:40:00,117300,117300,117000,117200,1093
2026-03-19 10:41:00,117200,117200,116900,117200,1200
2026-03-19 10:42:00,117200,117300,117100,117100,550
2026-03-19 10:43:00,117100,117100,117000,117050,290
2026-03-19 10:44:00,117100,117200,117100,117200,511
2026-03-19 10:45:00,117200,117300,116900,117100,1737
2026-03-19 10:46:00,117100,117400,117000,117300,1181
2026-03-19 10:47:00,117400,117400,117100,117100,402
2026-03-19 10:48:00,117100,117300,116900,117200,821
2026-03-19 10:49:00,117200,117200,117100,117200,185
2026-03-19 10:50:00,117200,117200,116900,116900,1077
2026-03-19 10:51:00,116900,116900,116700,116800,1447
2026-03-19 10:52:00,116900,117100,116900,117000,764
2026-03-19 10:53:00,116950,117100,116900,117100,1375
2026-03-19 10:54:00,117100,117400,116900,117300,1485
2026-03-19 10:55:00,117300,117500,117000,117400,643
2026-03-19 10:56:00,117400,117400,116900,117300,620
2026-03-19 10:57:00,117300,117400,117200,117400,575
2026-03-19 10:58:00,117400,117400,117300,117300,195
2026-03-19 10:59:00,117300,117400,117000,117300,1881
2026-03-19 11:00:00,117100,117200,116900,117000,445
2026-03-19 11:01:00,116900,117000,116600,116600,2058
2026-03-19 11:02:00,116500,117000,116500,117000,939
2026-03-19 11:03:00,116900,117100,116700,116900,1481
2026-03-19 11:04:00,116800,117300,116800,117100,1743
2026-03-19 11:05:00,117100,117300,117100,117300,1021
2026-03-19 11:06:00,117200,117400,117200,117300,945
2026-03-19 11:07:00,117300,117400,117000,117300,2258
2026-03-19 11:08:00,117300,117600,117300,117500,1942
2026-03-19 11:09:00,117500,117600,117200,117200,1669
2026-03-19 11:10:00,117300,117600,117200,117600,998
2026-03-19 11:11:00,117500,117800,117500,117800,6917
2026-03-19 11:12:00,117800,117900,117700,117700,1256
2026-03-19 11:13:00,117800,117900,117700,117800,8702
2026-03-19 11:14:00,117800,117900,117800,117900,490
2026-03-19 11:15:00,117900,117900,117800,117800,600
2026-03-19 11:16:00,117800,117900,117800,117900,1669
2026-03-19 11:17:00,117900,117900,117600,117800,2109
2026-03-19 11:18:00,117800,118000,117700,117900,8487
2026-03-19 11:19:00,118000,118200,117900,118200,3540
2026-03-19 11:20:00,118200,118500,118200,118400,3663
2026-03-19 11:21:00,118400,118500,118400,118450,458
2026-03-19 11:22:00,118400,118550,118200,118200,4295
2026-03-19 11:23:00,118200,118400,118000,118400,1814
2026-03-19 11:24:00,118400,118600,118300,118600,1823
2026-03-19 11:25:00,118600,118700,118400,118600,2478
2026-03-19 11:26:00,118600,118800,118500,118700,2125
2026-03-19 11:27:00,118600,118800,118500,118600,2235
2026-03-19 11:28:00,118600,118700,118500,118600,1755
2026-03-19 11:29:00,118600,118700,118200,118500,1748
2026-03-19 11:30:00,118500,118700,118300,118700,1047
2026-03-19 11:31:00,118700,119000,118600,118900,4801
2026-03-19 11:32:00,118900,119000,118900,118900,1318
2026-03-19 11:33:00,119000,119000,118900,118900,703
2026-03-19 11:34:00,119000,119000,118700,118800,1664
2026-03-19 11:35:00,118900,118900,118700,118800,1466
2026-03-19 11:36:00,118800,119000,118800,118900,3100
2026-03-19 11:37:00,118900,119000,118800,118900,1890
2026-03-19 11:38:00,118900,119000,118900,118900,1160
2026-03-19 11:39:00,118900,119200,118900,119000,4634
2026-03-19 11:40:00,118900,119000,118800,118900,1358
2026-03-19 11:41:00,118900,119000,118800,118900,1034
2026-03-19 11:42:00,118800,118900,118800,118900,946
2026-03-19 11:43:00,118900,119000,118800,118900,4772
2026-03-19 11:44:00,118800,119200,118800,119200,2287
2026-03-19 11:45:00,119200,119200,119100,119200,974
2026-03-19 11:46:00,119100,119300,119000,119100,3987
2026-03-19 11:47:00,119100,119300,119100,119300,1401
2026-03-19 11:48:00,119300,119300,119000,119100,1440
2026-03-19 11:49:00,119100,119200,118900,119000,1793
2026-03-19 11:50:00,118900,119000,118800,118900,961
2026-03-19 11:51:00,118900,118900,118300,118700,4074
2026-03-19 11:52:00,118800,119000,118600,119000,2452
2026-03-19 11:53:00,119000,119000,118900,118900,361
2026-03-19 11:54:00,119000,119000,118900,119000,370
2026-03-19 11:55:00,119000,119000,118900,118900,502
2026-03-19 11:56:00,118900,119000,118700,118900,2180
2026-03-19 11:57:00,118900,118900,118700,118800,1121
2026-03-19 11:58:00,118800,118900,118600,118700,1196
2026-03-19 11:59:00,118800,119000,118500,118800,1372
2026-03-19 12:00:00,118800,118800,118600,118800,849
2026-03-19 12:01:00,118800,118800,118600,118600,1384
2026-03-19 12:02:00,118600,118700,118500,118500,912
2026-03-19 12:03:00,118500,118600,118400,118600,1289
2026-03-19 12:04:00,118400,118500,118100,118300,1747
2026-03-19 12:05:00,118400,118400,118200,118200,947
2026-03-19 12:06:00,118200,118700,118200,118400,1846
2026-03-19 12:07:00,118300,118800,118300,118700,1652
2026-03-19 12:08:00,118600,118800,118300,118400,1934
2026-03-19 12:09:00,118500,118900,118500,118900,1650
2026-03-19 12:10:00,118900,119100,118700,119000,2111
2026-03-19 12:11:00,119000,119000,118800,118900,787
2026-03-19 12:12:00,118800,118900,118800,118900,297
2026-03-19 12:13:00,118800,119200,118800,119100,2358
2026-03-19 12:14:00,119100,119300,119100,119250,1383
2026-03-19 12:15:00,119250,119250,119000,119000,991
2026-03-19 12:16:00,119100,119300,119000,119200,1256
2026-03-19 12:17:00,119200,119300,119200,119300,766
2026-03-19 12:18:00,119300,119300,119100,119300,954
2026-03-19 12:19:00,119200,119300,119000,119200,1107
2026-03-19 12:20:00,119200,119200,119100,119200,143
2026-03-19 12:21:00,119100,119200,119000,119100,749
2026-03-19 12:22:00,119100,119200,119000,119200,308
2026-03-19 12:23:00,119100,119200,119100,119100,442
2026-03-19 12:24:00,119100,119200,119000,119200,685
2026-03-19 12:25:00,119100,119200,119000,119100,510
2026-03-19 12:26:00,119100,119200,118900,119100,2244
2026-03-19 12:27:00,119100,119200,119000,119100,1064
2026-03-19 12:28:00,119000,119200,119000,119100,918
2026-03-19 12:29:00,119100,119200,118900,118900,1822
2026-03-19 12:30:00,118950,119200,118800,118900,1189
2026-03-19 12:31:00,118800,118900,118300,118300,1864
2026-03-19 12:32:00,118300,118700,118200,118200,1746
2026-03-19 12:33:00,118400,118900,118400,118700,2077
2026-03-19 12:34:00,118800,118800,118500,118700,614
2026-03-19 12:35:00,118500,118700,118300,118500,1427
2026-03-19 12:36:00,118500,118500,118300,118400,970
2026-03-19 12:37:00,118400,118600,118300,118600,666
2026-03-19 12:38:00,118500,118600,118200,118400,1870
2026-03-19 12:39:00,118300,118400,118300,118300,790
2026-03-19 12:40:00,118300,118500,118300,118300,957
2026-03-19 12:41:00,118400,118600,118300,118400,908
2026-03-19 12:42:00,118400,118600,118300,118400,662
2026-03-19 12:43:00,118400,118600,118300,118500,639
2026-03-19 12:44:00,118600,118700,118500,118700,544
2026-03-19 12:45:00,118600,118700,118600,118600,478
2026-03-19 12:46:00,118700,118900,118300,118600,2397
2026-03-19 12:47:00,118600,118600,118300,118400,1035
2026-03-19 12:48:00,118300,118500,118100,118400,1642
2026-03-19 12:49:00,118400,118500,118200,118400,2063
2026-03-19 12:50:00,118500,118600,118400,118600,557
2026-03-19 12:51:00,118500,118900,118500,118800,1531
2026-03-19 12:52:00,118800,118900,118500,118800,563
2026-03-19 12:53:00,118800,118900,118800,118800,626
2026-03-19 12:54:00,118800,118900,118800,118800,139
2026-03-19 12:55:00,118900,118900,118800,118900,544
2026-03-19 12:56:00,118900,118900,118700,118700,1743
2026-03-19 12:57:00,118700,118800,118500,118500,1292
2026-03-19 12:58:00,118500,118700,118500,118600,665
2026-03-19 12:59:00,118550,118700,118400,118400,1100
2026-03-19 13:00:00,118400,118500,118300,118300,1077
2026-03-19 13:01:00,118300,118600,118300,118400,1202
2026-03-19 13:02:00,118300,118300,118200,118300,1242
2026-03-19 13:03:00,118300,118300,118100,118100,420
2026-03-19 13:04:00,118200,118300,117900,117900,2453
2026-03-19 13:05:00,117900,118000,117800,118000,1989
2026-03-19 13:06:00,118000,118200,117800,118000,2492
2026-03-19 13:07:00,118100,118100,117700,117800,1858
2026-03-19 13:08:00,117700,117900,117500,117800,2824
2026-03-19 13:09:00,117600,117900,117500,117600,2572
2026-03-19 13:10:00,117600,117800,117500,117700,1502
2026-03-19 13:11:00,117700,117800,117400,117400,1269
2026-03-19 13:12:00,117400,117800,117300,117700,1831
2026-03-19 13:13:00,117600,117800,117400,117500,1281
2026-03-19 13:14:00,117600,117700,117400,117600,1520
2026-03-19 13:15:00,117600,117700,117500,117500,757
2026-03-19 13:16:00,117600,117700,117400,117600,2396
2026-03-19 13:17:00,117600,117600,117500,117500,846
2026-03-19 13:18:00,117500,117700,117500,117600,758
2026-03-19 13:19:00,117600,117800,117400,117600,968
2026-03-19 13:20:00,117600,117900,117500,117600,889
2026-03-19 13:21:00,117700,117900,117600,117900,1104
2026-03-19 13:22:00,117800,118000,117800,117900,1875
2026-03-19 13:23:00,117900,118000,117800,118000,293
2026-03-19 13:24:00,118000,118000,117800,117900,701
2026-03-19 13:25:00,117800,117900,117600,117800,1658
2026-03-19 13:26:00,117800,118000,117700,117900,551
2026-03-19 13:27:00,117900,117900,117700,117800,1107
2026-03-19 13:28:00,117800,117800,117700,117800,327
2026-03-19 13:29:00,117750,117800,117700,117800,645
2026-03-19 13:30:00,117850,117900,117600,117600,1243
2026-03-19 13:31:00,117500,117800,117500,117700,996
2026-03-19 13:32:00,117700,117700,117500,117500,271
2026-03-19 13:33:00,117500,117600,117500,117600,149
2026-03-19 13:34:00,117600,117700,117600,117700,1558
2026-03-19 13:35:00,117600,117700,117500,117700,1524
2026-03-19 13:36:00,117600,117700,117600,117700,1062
2026-03-19 13:37:00,117600,117700,117500,117600,1314
2026-03-19 13:38:00,117600,117800,117500,117700,761
2026-03-19 13:39:00,117700,117900,117700,117800,1497
2026-03-19 13:40:00,117800,117900,117600,117700,1329
2026-03-19 13:41:00,117700,117800,117500,117700,997
2026-03-19 13:42:00,117700,117700,117500,117600,509
2026-03-19 13:43:00,117600,117600,117300,117600,3351
2026-03-19 13:44:00,117500,117800,117500,117600,2110
2026-03-19 13:45:00,117600,117700,117400,117500,1960
2026-03-19 13:46:00,117400,117700,117200,117400,2045
2026-03-19 13:47:00,117400,117500,117200,117300,605
2026-03-19 13:48:00,117300,117400,117200,117400,930
2026-03-19 13:49:00,117400,117700,117300,117600,2185
2026-03-19 13:50:00,117500,117700,117200,117600,1345
2026-03-19 13:51:00,117600,117800,117500,117500,2930
2026-03-19 13:52:00,117600,117700,117200,117600,1285
2026-03-19 13:53:00,117600,117700,117600,117600,614
2026-03-19 13:54:00,117600,117700,117600,117700,281
2026-03-19 13:55:00,117700,117900,117500,117900,2688
2026-03-19 13:56:00,117800,118400,117800,118100,3178
2026-03-19 13:57:00,118100,118300,118000,118000,1285
2026-03-19 13:58:00,118100,118200,118000,118100,721
2026-03-19 13:59:00,118100,118200,118000,118100,327
2026-03-19 14:00:00,118000,118200,118000,118100,676
2026-03-19 14:01:00,118100,118200,118000,118100,739
2026-03-19 14:02:00,118100,118200,117800,118000,801
2026-03-19 14:03:00,117900,117900,117700,117900,403
2026-03-19 14:04:00,117800,117900,117600,117800,658
2026-03-19 14:05:00,117800,117900,117600,117600,994
2026-03-19 14:06:00,117600,117800,117600,117600,579
2026-03-19 14:07:00,117700,117800,117500,117600,437
2026-03-19 14:08:00,117600,117800,117600,117700,491
2026-03-19 14:09:00,117600,117800,117600,117600,814
2026-03-19 14:10:00,117600,117900,117600,117800,1232
2026-03-19 14:11:00,117900,117900,117700,117700,192
2026-03-19 14:12:00,117800,117800,117600,117600,498
2026-03-19 14:13:00,117700,117700,117600,117700,235
2026-03-19 14:14:00,117600,117700,117500,117600,575
2026-03-19 14:15:00,117700,117800,117600,117700,1042
2026-03-19 14:16:00,117700,117800,117600,117700,287
2026-03-19 14:17:00,117700,117900,117700,117900,490
2026-03-19 14:18:00,117800,117900,117800,117800,421
2026-03-19 14:19:00,117900,118200,117800,117900,2172
2026-03-19 14:20:00,118000,118300,118000,118200,1316
2026-03-19 14:21:00,118200,118250,118000,118100,1959
2026-03-19 14:22:00,118100,118200,117800,118000,1038
2026-03-19 14:23:00,118000,118100,117900,118000,559
2026-03-19 14:24:00,118000,118100,117900,118000,765
2026-03-19 14:25:00,118000,118000,117700,117900,960
2026-03-19 14:26:00,117800,118000,117700,118000,868
2026-03-19 14:27:00,117900,118200,117900,118100,1174
2026-03-19 14:28:00,118100,118100,117800,117900,2414
2026-03-19 14:29:00,117800,118100,117800,117800,860
2026-03-19 14:30:00,117800,118000,117700,117900,1404
2026-03-19 14:31:00,117800,117900,117800,117900,1732
2026-03-19 14:32:00,117800,118000,117800,117900,636
2026-03-19 14:33:00,117900,118000,117900,117900,638
2026-03-19 14:34:00,118000,118000,117800,117800,1772
2026-03-19 14:35:00,117800,118100,117800,117900,1931
2026-03-19 14:36:00,117900,117900,117700,117700,1954
2026-03-19 14:37:00,117700,117900,117600,117800,1540
2026-03-19 14:38:00,117800,117800,117600,117700,1024
2026-03-19 14:39:00,117600,117900,117600,117700,987
2026-03-19 14:40:00,117700,117900,117600,117700,2650
2026-03-19 14:41:00,117700,117800,117600,117600,829
2026-03-19 14:42:00,117700,117800,117600,117700,774
2026-03-19 14:43:00,117800,117800,117700,117800,1078
2026-03-19 14:44:00,117900,117900,117800,117800,378
2026-03-19 14:45:00,117900,117900,117700,117900,1843
2026-03-19 14:46:00,117800,118100,117800,118000,2360
2026-03-19 14:47:00,118000,118200,117900,118100,1832
2026-03-19 14:48:00,118100,118500,118000,118400,2646
2026-03-19 14:49:00,118400,118500,118200,118400,3592
2026-03-19 14:50:00,118400,118500,118000,118000,1889
2026-03-19 14:51:00,117900,118300,117900,118200,2080
2026-03-19 14:52:00,118100,118200,118100,118100,1375
2026-03-19 14:53:00,118100,118100,118000,118100,1760
2026-03-19 14:54:00,118000,118300,117800,118000,2768
2026-03-19 14:55:00,118000,118100,118000,118100,1562
2026-03-19 14:56:00,118000,118000,117700,117700,1778
2026-03-19 14:57:00,117700,118000,117600,117700,2493
2026-03-19 14:58:00,117800,118100,117500,117800,3286
2026-03-19 14:59:00,117800,118000,117600,118000,3100
2026-03-19 15:00:00,118000,118000,117600,117900,1991
2026-03-19 15:01:00,117900,118100,117700,117800,2226
2026-03-19 15:02:00,117800,117800,117600,117600,1794
2026-03-19 15:03:00,117600,117800,117600,117700,2996
2026-03-19 15:04:00,117600,117900,117600,117800,2083
2026-03-19 15:05:00,117800,117900,117800,117900,1670
2026-03-19 15:06:00,117800,118000,117800,117900,2230
2026-03-19 15:07:00,117900,118000,117700,117800,1281
2026-03-19 15:08:00,117700,117900,117500,117700,2769
2026-03-19 15:09:00,117800,118000,117600,117700,1321
2026-03-19 15:10:00,117600,117900,117500,117800,1774
2026-03-19 15:11:00,117700,117700,117500,117500,1549
2026-03-19 15:12:00,117600,117800,117600,117800,2095
2026-03-19 15:13:00,117800,117800,117600,117700,1394
2026-03-19 15:14:00,117700,117800,117600,117800,1423
2026-03-19 15:15:00,117800,117800,117500,117700,3178
2026-03-19 15:16:00,117700,117900,117400,117700,3937
2026-03-19 15:17:00,117600,117900,117400,117600,2919
2026-03-19 15:18:00,117700,117900,117400,117500,3481
2026-03-19 15:19:00,117500,117900,117400,117800,1466
2026-03-19 15:30:00,117100,117100,117100,117100,26463
2026-03-19 15:35:00,117100,117100,117100,117100,857
2026-03-20 09:00:00,117500,117500,116000,116600,16208
2026-03-20 09:01:00,116700,117300,115900,117200,12460
2026-03-20 09:02:00,116800,117400,115500,115700,13880
2026-03-20 09:03:00,115800,115800,113700,114200,16633
2026-03-20 09:04:00,114100,115300,113400,114800,8427
2026-03-20 09:05:00,114800,114800,113200,113200,11609
2026-03-20 09:06:00,113200,113600,112100,112500,21442
2026-03-20 09:07:00,112400,113000,112300,112900,11417
2026-03-20 09:08:00,112900,112900,112100,112600,18027
2026-03-20 09:09:00,112700,113600,112200,112900,20063
2026-03-20 09:10:00,113000,113200,112000,112100,22285
2026-03-20 09:11:00,112100,112300,111800,111800,19391
2026-03-20 09:12:00,112000,112100,111800,111900,14691
2026-03-20 09:13:00,111900,112600,111800,112600,8786
2026-03-20 09:14:00,112600,113300,112500,113000,9553
2026-03-20 09:15:00,113000,113000,112300,112600,11049
2026-03-20 09:16:00,112600,112800,112500,112500,4488
2026-03-20 09:17:00,112600,113300,112500,113100,6583
2026-03-20 09:18:00,113100,113200,112900,113000,3443
2026-03-20 09:19:00,113100,113100,112700,112900,4775
2026-03-20 09:20:00,112800,113200,112300,112400,9752
2026-03-20 09:21:00,112500,112700,112400,112700,4128
2026-03-20 09:22:00,112600,113000,112600,112700,2983
2026-03-20 09:23:00,112900,112900,112500,112700,4944
2026-03-20 09:24:00,112700,112700,112200,112400,5934
2026-03-20 09:25:00,112400,112900,111800,112400,23191
2026-03-20 09:26:00,112300,112700,112300,112500,1680
2026-03-20 09:27:00,112500,112900,112500,112800,2542
2026-03-20 09:28:00,112800,112900,112500,112500,3306
2026-03-20 09:29:00,112600,112700,112400,112400,2337
2026-03-20 09:30:00,112300,112500,112100,112400,6504
2026-03-20 09:31:00,112400,112800,112300,112800,2491
2026-03-20 09:32:00,112800,112900,112700,112900,1090
2026-03-20 09:33:00,112800,113000,112800,112900,2173
2026-03-20 09:34:00,112900,113000,112800,112800,2462
2026-03-20 09:35:00,112800,112900,112400,112400,3954
2026-03-20 09:36:00,112400,112700,112400,112700,1868
2026-03-20 09:37:00,112600,113000,112500,112900,1928
2026-03-20 09:38:00,112900,113000,112400,112500,3997
2026-03-20 09:39:00,112500,112800,112400,112800,2913
2026-03-20 09:40:00,112700,113100,112600,112800,3166
2026-03-20 09:41:00,112900,113000,112800,112800,481
2026-03-20 09:42:00,112900,113000,112800,113000,1164
2026-03-20 09:43:00,112900,113000,112500,112600,2262
2026-03-20 09:44:00,112600,112600,112300,112500,5675
2026-03-20 09:45:00,112500,112700,112400,112600,3045
2026-03-20 09:46:00,112500,112600,112400,112500,3211
2026-03-20 09:47:00,112500,112600,112300,112500,1115
2026-03-20 09:48:00,112500,112500,112100,112500,8678
2026-03-20 09:49:00,112500,112600,112300,112400,2211
2026-03-20 09:50:00,112400,112400,112300,112300,2031
2026-03-20 09:51:00,112300,112400,112100,112200,2346
2026-03-20 09:52:00,112200,112200,111800,112000,14970
2026-03-20 09:53:00,112000,112500,111900,112200,10981
2026-03-20 09:54:00,112300,112300,112200,112300,769
2026-03-20 09:55:00,112200,112400,112200,112400,974
2026-03-20 09:56:00,112400,112400,112000,112100,3026
2026-03-20 09:57:00,112100,112300,112000,112000,2259
2026-03-20 09:58:00,112100,112400,112000,112200,1920
2026-03-20 09:59:00,112200,112500,112200,112300,1290
2026-03-20 10:00:00,112300,112400,112300,112300,854
2026-03-20 10:01:00,112400,112800,112300,112700,1505
2026-03-20 10:02:00,112700,113000,112700,112900,1521
2026-03-20 10:03:00,112900,113000,112800,112800,1733
2026-03-20 10:04:00,112800,113000,112800,113000,1039
2026-03-20 10:05:00,112900,113200,112900,113100,3305
2026-03-20 10:06:00,113200,113300,113100,113200,1413
2026-03-20 10:07:00,113100,113200,113000,113100,2007
2026-03-20 10:08:00,113200,113300,113100,113250,1446
2026-03-20 10:09:00,113200,113300,113200,113300,290
2026-03-20 10:10:00,113200,113300,113000,113100,4138
2026-03-20 10:11:00,113100,113200,113000,113100,1201
2026-03-20 10:12:00,113000,113100,112900,113000,1939
2026-03-20 10:13:00,113000,113000,112800,112850,2487
2026-03-20 10:14:00,112800,112900,112600,112800,2657
2026-03-20 10:15:00,112700,112700,112200,112300,5461
2026-03-20 10:16:00,112300,112500,112300,112400,970
2026-03-20 10:17:00,112400,112400,112000,112100,8231
2026-03-20 10:18:00,112100,112100,111900,111900,7126
2026-03-20 10:19:00,111900,112100,111900,112100,1554
2026-03-20 10:20:00,112100,112100,111900,111900,3020
2026-03-20 10:21:00,112000,112000,111900,111900,3418
2026-03-20 10:22:00,111900,111900,111600,111750,14382
2026-03-20 10:23:00,111750,111900,111500,111700,9170
2026-03-20 10:24:00,111700,111800,111400,111500,10191
2026-03-20 10:25:00,111500,111600,111100,111300,9104
2026-03-20 10:26:00,111300,111400,111200,111400,2795
2026-03-20 10:27:00,111400,111400,111200,111200,5651
2026-03-20 10:28:00,111300,111400,111200,111300,2849
2026-03-20 10:29:00,111300,111400,111000,111100,14200
2026-03-20 10:30:00,111100,111300,111000,111200,3987
2026-03-20 10:31:00,111200,111700,111200,111600,5208
2026-03-20 10:32:00,111700,112000,111600,111800,2602
2026-03-20 10:33:00,111800,111900,111700,111900,2702
2026-03-20 10:34:00,111800,111900,111800,111900,2087
2026-03-20 10:35:00,111900,111900,111800,111900,2310
2026-03-20 10:36:00,111800,111900,111800,111900,1633
2026-03-20 10:37:00,111800,112000,111800,111900,956
2026-03-20 10:38:00,111900,112200,111900,112200,3552
2026-03-20 10:39:00,112200,112300,112000,112000,3442
2026-03-20 10:40:00,112000,112200,112000,112100,4760
2026-03-20 10:41:00,112100,112200,112000,112100,4094
2026-03-20 10:42:00,112100,112200,112100,112100,1212
2026-03-20 10:43:00,112100,112200,112100,112100,878
2026-03-20 10:44:00,112200,112300,112100,112100,2958
2026-03-20 10:45:00,112200,112200,112000,112100,3467
2026-03-20 10:46:00,112100,112200,112000,112100,1927
2026-03-20 10:47:00,112100,112100,111700,111800,8334
2026-03-20 10:48:00,111800,112100,111600,111800,6907
2026-03-20 10:49:00,111700,111900,111600,111800,2470
2026-03-20 10:50:00,111900,111900,111700,111700,1751
2026-03-20 10:51:00,111700,111800,111500,111500,3702
2026-03-20 10:52:00,111500,111600,111200,111300,7266
2026-03-20 10:53:00,111300,111300,111100,111200,8940
2026-03-20 10:54:00,111100,111200,111000,111000,6398
2026-03-20 10:55:00,111100,111100,110600,110800,21479
2026-03-20 10:56:00,110800,111000,110700,110900,3297
2026-03-20 10:57:00,110950,111000,110900,111000,1206
2026-03-20 10:58:00,110900,111100,110900,111000,3403
2026-03-20 10:59:00,111000,111200,111000,111200,3755
2026-03-20 11:00:00,111200,111400,111100,111400,3245
2026-03-20 11:01:00,111500,111500,111300,111300,2514
2026-03-20 11:02:00,111350,111400,111100,111200,2192
2026-03-20 11:03:00,111200,111200,111100,111200,827
2026-03-20 11:04:00,111200,111250,111100,111200,1309
2026-03-20 11:05:00,111200,111400,111200,111200,1378
2026-03-20 11:06:00,111200,111300,111200,111200,629
2026-03-20 11:07:00,111300,111300,111200,111300,909
2026-03-20 11:08:00,111200,111500,111200,111400,1623
2026-03-20 11:09:00,111400,111500,111400,111500,812
2026-03-20 11:10:00,111400,111600,111400,111600,1367
2026-03-20 11:11:00,111600,111800,111500,111500,1464
2026-03-20 11:12:00,111600,111600,111500,111600,1635
2026-03-20 11:13:00,111600,111800,111600,111700,934
2026-03-20 11:14:00,111800,111800,111700,111700,1527
2026-03-20 11:15:00,111700,111800,111700,111700,1421
2026-03-20 11:16:00,111700,111800,111600,111700,1185
2026-03-20 11:17:00,111700,111900,111600,111800,1514
2026-03-20 11:18:00,111700,111800,111600,111700,1066
2026-03-20 11:19:00,111700,111800,111600,111600,1080
2026-03-20 11:20:00,111600,111800,111600,111600,1029
2026-03-20 11:21:00,111600,111700,111600,111600,688
2026-03-20 11:22:00,111600,111800,111600,111800,957
2026-03-20 11:23:00,111700,111800,111600,111700,1572
2026-03-20 11:24:00,111700,111800,111600,111800,1232
2026-03-20 11:25:00,111700,111800,111600,111800,664
2026-03-20 11:26:00,111800,111900,111700,111800,1152
2026-03-20 11:27:00,111800,111900,111700,111850,1151
2026-03-20 11:28:00,111800,112000,111800,112000,1653
2026-03-20 11:29:00,111900,112050,111900,112000,2590
2026-03-20 11:30:00,112000,112100,111800,111900,3674
2026-03-20 11:31:00,111800,111900,111800,111800,1135
2026-03-20 11:32:00,111800,112000,111800,111900,1964
2026-03-20 11:33:00,111900,112000,111900,112000,1588
2026-03-20 11:34:00,112000,112000,111900,112000,1002
2026-03-20 11:35:00,111950,112000,111900,112000,861
2026-03-20 11:36:00,112000,112000,111900,111900,1000
2026-03-20 11:37:00,111900,112000,111900,111900,604
2026-03-20 11:38:00,112000,112000,111900,111900,825
2026-03-20 11:39:00,112000,112000,111900,111900,557
2026-03-20 11:40:00,112000,112200,111900,112200,2583
2026-03-20 11:41:00,112000,112200,112000,112100,662
2026-03-20 11:42:00,112100,112200,112000,112100,858
2026-03-20 11:43:00,112100,112200,112100,112200,613
2026-03-20 11:44:00,112100,112200,112000,112200,1479
2026-03-20 11:45:00,112200,112200,112000,112100,1206
2026-03-20 11:46:00,112100,112100,112000,112100,662
2026-03-20 11:47:00,112000,112100,112000,112000,1334
2026-03-20 11:48:00,112100,112100,112000,112000,1148
2026-03-20 11:49:00,112100,112100,111900,111900,2349
2026-03-20 11:50:00,112000,112000,111900,112000,1490
2026-03-20 11:51:00,112000,112000,111800,111800,1906
2026-03-20 11:52:00,112000,112000,111800,111800,583
2026-03-20 11:53:00,111900,112000,111800,111900,638
2026-03-20 11:54:00,112000,112000,111800,111900,739
2026-03-20 11:55:00,111900,111900,111700,111800,2119
2026-03-20 11:56:00,111700,111800,111700,111700,644
2026-03-20 11:57:00,111700,111800,111700,111700,602
2026-03-20 11:58:00,111700,111800,111700,111700,608
2026-03-20 11:59:00,111700,111800,111700,111700,734
2026-03-20 12:00:00,111700,111800,111700,111800,1128
2026-03-20 12:01:00,111800,112100,111800,111900,2502
2026-03-20 12:02:00,111900,112100,111900,112100,721
2026-03-20 12:03:00,112100,112100,112000,112100,433
2026-03-20 12:04:00,112100,112100,112000,112100,334
2026-03-20 12:05:00,112050,112100,112000,112100,411
2026-03-20 12:06:00,112100,112100,112000,112000,977
2026-03-20 12:07:00,112100,112100,112000,112100,580
2026-03-20 12:08:00,112100,112200,112000,112100,580
2026-03-20 12:09:00,112100,112200,112100,112100,1155
2026-03-20 12:10:00,112100,112200,112100,112100,376
2026-03-20 12:11:00,112100,112200,112100,112200,669
2026-03-20 12:12:00,112100,112200,112100,112100,382
2026-03-20 12:13:00,112200,112200,112100,112200,444
2026-03-20 12:14:00,112200,112200,112100,112200,986
2026-03-20 12:15:00,112100,112200,112100,112200,552
2026-03-20 12:16:00,112200,112200,112100,112100,1272
2026-03-20 12:17:00,112200,112300,112100,112200,2786
2026-03-20 12:18:00,112300,112300,112200,112200,501
2026-03-20 12:19:00,112300,112300,112200,112300,854
2026-03-20 12:20:00,112200,112300,112200,112300,680
2026-03-20 12:21:00,112300,112400,112300,112300,418
2026-03-20 12:22:00,112400,112500,112300,112400,1129
2026-03-20 12:23:00,112400,112400,112200,112400,2359
2026-03-20 12:24:00,112300,112500,112300,112400,864
2026-03-20 12:25:00,112400,112500,112300,112300,877
2026-03-20 12:26:00,112300,112400,112100,112300,3361
2026-03-20 12:27:00,112300,112300,112000,112000,3062
2026-03-20 12:28:00,112000,112300,112000,112100,2393
2026-03-20 12:29:00,112100,112100,112000,112000,622
2026-03-20 12:30:00,112000,112200,112000,112200,1269
2026-03-20 12:31:00,112200,112300,112100,112200,996
2026-03-20 12:32:00,112200,112300,112200,112300,537
2026-03-20 12:33:00,112300,112300,112200,112200,554
2026-03-20 12:34:00,112200,112400,112200,112300,816
2026-03-20 12:35:00,112300,112400,112200,112200,906
2026-03-20 12:36:00,112200,112400,112200,112300,904
2026-03-20 12:37:00,112300,112300,112200,112200,415
2026-03-20 12:38:00,112200,112200,112100,112200,1779
2026-03-20 12:39:00,112200,112200,112100,112100,740
2026-03-20 12:40:00,112100,112300,112100,112200,1037
2026-03-20 12:41:00,112200,112300,112200,112300,355
2026-03-20 12:42:00,112250,112400,112200,112300,1126
2026-03-20 12:43:00,112300,112400,112200,112300,754
2026-03-20 12:44:00,112300,112300,112100,112200,1295
2026-03-20 12:45:00,112200,112300,112100,112200,1072
2026-03-20 12:46:00,112200,112300,112100,112100,595
2026-03-20 12:47:00,112200,112300,112100,112200,1180
2026-03-20 12:48:00,112300,112400,112200,112300,414
2026-03-20 12:49:00,112200,112300,112200,112300,299
2026-03-20 12:50:00,112200,112200,112000,112000,4984
2026-03-20 12:51:00,112100,112100,112000,112100,550
2026-03-20 12:52:00,112000,112200,112000,112100,1648
2026-03-20 12:53:00,112100,112200,112000,112100,1947
2026-03-20 12:54:00,112100,112200,112000,112100,1392
2026-03-20 12:55:00,112000,112300,112000,112100,1392
2026-03-20 12:56:00,112200,112200,112000,112000,633
2026-03-20 12:57:00,112100,112100,112000,112000,339
2026-03-20 12:58:00,112100,112200,112000,112000,1950
2026-03-20 12:59:00,112200,112200,112000,112100,1142
2026-03-20 13:00:00,112100,112100,112000,112000,342
2026-03-20 13:01:00,112000,112100,112000,112100,1950
2026-03-20 13:02:00,112100,112100,112000,112000,455
2026-03-20 13:03:00,112100,112100,112000,112000,665
2026-03-20 13:04:00,112000,112200,112000,112100,2480
2026-03-20 13:05:00,112200,112200,112100,112100,601
2026-03-20 13:06:00,112100,112200,112000,112000,1041
2026-03-20 13:07:00,112100,112200,112000,112100,1271
2026-03-20 13:08:00,112100,112200,112100,112200,528
2026-03-20 13:09:00,112100,112200,112100,112100,700
2026-03-20 13:10:00,112100,112200,112100,112100,321
2026-03-20 13:11:00,112100,112200,112000,112000,1687
2026-03-20 13:12:00,112100,112100,112000,112100,427
2026-03-20 13:13:00,112000,112100,112000,112100,1088
2026-03-20 13:14:00,112000,112200,112000,112200,662
2026-03-20 13:15:00,112200,112200,112100,112200,369
2026-03-20 13:16:00,112100,112200,112100,112100,405
2026-03-20 13:17:00,112100,112200,112000,112100,2469
2026-03-20 13:18:00,112100,112100,112000,112000,396
2026-03-20 13:19:00,112000,112200,112000,112100,1679
2026-03-20 13:20:00,112100,112200,112000,112000,800
2026-03-20 13:21:00,112100,112100,112000,112000,536
2026-03-20 13:22:00,112000,112000,111800,111800,7862
2026-03-20 13:23:00,111800,111900,111800,111900,980
2026-03-20 13:24:00,111900,112000,111800,111900,1549
2026-03-20 13:25:00,112000,112200,111900,112100,1625
2026-03-20 13:26:00,112000,112100,111900,111900,741
2026-03-20 13:27:00,112000,112000,111900,112000,421
2026-03-20 13:28:00,112000,112000,111900,112000,1260
2026-03-20 13:29:00,112000,112100,112000,112000,836
2026-03-20 13:30:00,112000,112100,111900,111900,1218
2026-03-20 13:31:00,112000,112000,111900,111900,768
2026-03-20 13:32:00,112000,112000,111900,111900,1670
2026-03-20 13:33:00,111900,112000,111900,112000,703
2026-03-20 13:34:00,112000,112250,111900,112200,1497
2026-03-20 13:35:00,112200,112300,112100,112100,1475
2026-03-20 13:36:00,112200,112200,112100,112100,542
2026-03-20 13:37:00,112100,112200,112100,112100,777
2026-03-20 13:38:00,112200,112200,112100,112100,508
2026-03-20 13:39:00,112100,112200,112100,112200,784
2026-03-20 13:40:00,112100,112300,112100,112100,654
2026-03-20 13:41:00,112200,112200,112100,112200,1511
2026-03-20 13:42:00,112100,112300,112100,112100,785
2026-03-20 13:43:00,112100,112200,112100,112200,1075
2026-03-20 13:44:00,112200,112200,112000,112000,2925
2026-03-20 13:45:00,112100,112100,112000,112000,930
2026-03-20 13:46:00,112000,112100,112000,112000,670
2026-03-20 13:47:00,112100,112100,111800,111900,4347
2026-03-20 13:48:00,111900,112000,111800,111900,573
2026-03-20 13:49:00,112000,112000,111900,111900,292
2026-03-20 13:50:00,111900,112000,111800,111800,2402
2026-03-20 13:51:00,111900,111900,111800,111900,374
2026-03-20 13:52:00,111800,111900,111800,111800,656
2026-03-20 13:53:00,111800,112000,111800,111900,1507
2026-03-20 13:54:00,111900,112000,111800,111800,1504
2026-03-20 13:55:00,111900,111900,111800,111900,1323
2026-03-20 13:56:00,111900,111900,111800,111800,946
2026-03-20 13:57:00,111800,111900,111800,111900,1907
2026-03-20 13:58:00,111800,112000,111800,112000,367
2026-03-20 13:59:00,111900,112000,111900,112000,495
2026-03-20 14:00:00,111900,112000,111700,111800,5217
2026-03-20 14:01:00,111800,111900,111700,111900,2418
2026-03-20 14:02:00,111900,111900,111700,111800,2083
2026-03-20 14:03:00,111800,112100,111800,112100,1484
2026-03-20 14:04:00,112000,112100,111900,111900,1599
2026-03-20 14:05:00,111900,112100,111800,111900,1995
2026-03-20 14:06:00,111900,112000,111800,112000,2076
2026-03-20 14:07:00,111900,112000,111800,112000,1764
2026-03-20 14:08:00,111800,112100,111800,112100,1326
2026-03-20 14:09:00,112000,112000,111800,111950,1872
2026-03-20 14:10:00,111900,112000,111800,112000,1308
2026-03-20 14:11:00,111900,112000,111800,111900,806
2026-03-20 14:12:00,111900,111900,111700,111700,2687
2026-03-20 14:13:00,111800,111800,111600,111700,4436
2026-03-20 14:14:00,111700,111700,111600,111700,808
2026-03-20 14:15:00,111700,112000,111600,112000,4203
2026-03-20 14:16:00,111900,111900,111800,111800,718
2026-03-20 14:17:00,111800,111900,111700,111800,1484
2026-03-20 14:18:00,111700,111900,111700,111800,1354
2026-03-20 14:19:00,111800,111800,111700,111700,356
2026-03-20 14:20:00,111800,111800,111600,111700,1358
2026-03-20 14:21:00,111600,111700,111600,111600,1116
2026-03-20 14:22:00,111600,111700,111600,111600,364
2026-03-20 14:23:00,111600,111700,111600,111700,817
2026-03-20 14:24:00,111600,111700,111600,111700,430
2026-03-20 14:25:00,111600,111900,111600,111800,2368
2026-03-20 14:26:00,111800,112000,111800,111900,748
2026-03-20 14:27:00,111900,112000,111800,111900,660
2026-03-20 14:28:00,111800,111900,111800,111900,520
2026-03-20 14:29:00,111900,111900,111700,111700,1447
2026-03-20 14:30:00,111700,112000,111700,112000,2559
2026-03-20 14:31:00,111900,112000,111800,111800,984
2026-03-20 14:32:00,111800,112000,111800,111800,910
2026-03-20 14:33:00,111800,111900,111800,111900,393
2026-03-20 14:34:00,111800,111900,111800,111800,1665
2026-03-20 14:35:00,111800,111900,111800,111900,1349
2026-03-20 14:36:00,111800,111900,111800,111800,690
2026-03-20 14:37:00,111800,111900,111800,111900,457
2026-03-20 14:38:00,111800,112100,111800,112000,3366
2026-03-20 14:39:00,112100,112100,111800,111900,1293
2026-03-20 14:40:00,112000,112000,111900,112000,722
2026-03-20 14:41:00,111950,112000,111900,112000,527
2026-03-20 14:42:00,111900,112000,111900,111900,357
2026-03-20 14:43:00,111900,112000,111900,111900,452
2026-03-20 14:44:00,111900,112000,111800,111900,2922
2026-03-20 14:45:00,111900,111900,111800,111900,585
2026-03-20 14:46:00,111800,111900,111800,111800,1546
2026-03-20 14:47:00,111900,111900,111700,111700,2602
2026-03-20 14:48:00,111700,111800,111700,111800,3262
2026-03-20 14:49:00,111800,111800,111700,111700,2402
2026-03-20 14:50:00,111750,111800,111700,111800,534
2026-03-20 14:51:00,111800,111800,111700,111700,1271
2026-03-20 14:52:00,111800,111800,111700,111800,2973
2026-03-20 14:53:00,111700,112000,111600,111700,5702
2026-03-20 14:54:00,111800,111900,111700,111800,1073
2026-03-20 14:55:00,111800,112000,111700,112000,1794
2026-03-20 14:56:00,111900,112000,111800,111900,2521
2026-03-20 14:57:00,111900,112000,111700,111800,3609
2026-03-20 14:58:00,111800,111800,111600,111600,4718
2026-03-20 14:59:00,111700,111700,111600,111700,3595
2026-03-20 15:00:00,111600,111900,111500,111700,5370
2026-03-20 15:01:00,111700,111700,111600,111700,1017
2026-03-20 15:02:00,111600,111700,111600,111600,683
2026-03-20 15:03:00,111700,111700,111600,111600,501
2026-03-20 15:04:00,111600,111700,111600,111600,2750
2026-03-20 15:05:00,111600,111700,111600,111600,826
2026-03-20 15:06:00,111600,111700,111600,111700,644
2026-03-20 15:07:00,111600,111700,111600,111600,1398
2026-03-20 15:08:00,111600,111700,111600,111700,1041
2026-03-20 15:09:00,111700,111700,111600,111600,1464
2026-03-20 15:10:00,111600,111700,111500,111600,5159
2026-03-20 15:11:00,111500,111600,111500,111600,1653
2026-03-20 15:12:00,111600,111600,111500,111600,1037
2026-03-20 15:13:00,111600,111600,111500,111500,771
2026-03-20 15:14:00,111500,111600,111500,111600,1298
2026-03-20 15:15:00,111600,111600,111500,111600,1761
2026-03-20 15:16:00,111600,111600,111500,111500,2906
2026-03-20 15:17:00,111600,111700,111500,111600,3478
2026-03-20 15:18:00,111600,111900,111500,111700,2117
2026-03-20 15:19:00,111600,111800,111600,111700,2100
2026-03-20 15:30:00,111700,111700,111700,111700,26649
2026-03-20 15:35:00,111700,111700,111700,111700,44
2026-03-23 09:00:00,109200,109300,107000,108900,21314
2026-03-23 09:01:00,108800,110700,106400,109400,18095
2026-03-23 09:02:00,109300,109800,108100,109100,6292
2026-03-23 09:03:00,109100,109900,108300,108800,5351
2026-03-23 09:04:00,108700,109000,108100,108500,3318
2026-03-23 09:05:00,108400,108900,108200,108700,6941
2026-03-23 09:06:00,108900,108900,108000,108100,3624
2026-03-23 09:07:00,108100,108300,107000,108000,6460
2026-03-23 09:08:00,107900,108100,107400,108000,3879
2026-03-23 09:09:00,108000,108500,108000,108100,4407
2026-03-23 09:10:00,108000,108000,107400,107500,1284
2026-03-23 09:11:00,107500,108400,107500,107600,2176
2026-03-23 09:12:00,107600,108000,107300,107700,6163
2026-03-23 09:13:00,107700,109400,107700,108900,13382
2026-03-23 09:14:00,109000,109200,108400,108600,2992
2026-03-23 09:15:00,108600,109500,108500,109400,5437
2026-03-23 09:16:00,109400,109500,108800,109000,2537
2026-03-23 09:17:00,109100,109700,109000,109400,2986
2026-03-23 09:18:00,109350,110000,109200,109900,4970
2026-03-23 09:19:00,109900,110400,109700,110200,3888
2026-03-23 09:20:00,110000,110700,110000,110600,5301
2026-03-23 09:21:00,110600,110600,110100,110100,1968
2026-03-23 09:22:00,110100,110500,109900,110400,3090
2026-03-23 09:23:00,110400,110500,110000,110200,2083
2026-03-23 09:24:00,110200,110400,110000,110100,962
2026-03-23 09:25:00,110000,110100,109800,109800,1838
2026-03-23 09:26:00,109900,110000,109400,110000,1346
2026-03-23 09:27:00,110000,110300,109900,110100,3000
2026-03-23 09:28:00,110100,110100,109800,109900,1121
2026-03-23 09:29:00,109900,110000,109600,109600,1913
2026-03-23 09:30:00,109600,109900,109400,109800,548
2026-03-23 09:31:00,109800,110000,109700,109700,1437
2026-03-23 09:32:00,109700,109700,109400,109600,846
2026-03-23 09:33:00,109600,109700,109500,109700,1067
2026-03-23 09:34:00,109700,110500,109500,109700,8402
2026-03-23 09:35:00,109600,110100,109400,109500,2645
2026-03-23 09:36:00,109500,109700,109300,109400,907
2026-03-23 09:37:00,109500,109700,108900,109100,2352
2026-03-23 09:38:00,108900,109500,108900,109100,1991
2026-03-23 09:39:00,109100,109600,108800,109300,2503
2026-03-23 09:40:00,109300,109300,108900,109200,888
2026-03-23 09:41:00,109300,109800,108900,109000,7987
2026-03-23 09:42:00,109200,109400,108950,109300,1182
2026-03-23 09:43:00,109300,109300,108900,109100,1822
2026-03-23 09:44:00,109100,109400,108600,109100,2495
2026-03-23 09:45:00,109100,109200,108500,108700,1580
2026-03-23 09:46:00,108600,108900,108500,108600,874
2026-03-23 09:47:00,108600,109000,108500,108700,1276
2026-03-23 09:48:00,108700,108800,108500,108500,798
2026-03-23 09:49:00,108500,108800,108300,108700,1805
2026-03-23 09:50:00,108800,109200,108500,108800,3883
2026-03-23 09:51:00,108800,108800,108400,108500,743
2026-03-23 09:52:00,108400,108600,108200,108200,2561
2026-03-23 09:53:00,108100,108600,108000,108600,2543
2026-03-23 09:54:00,108200,108600,108000,108000,830
2026-03-23 09:55:00,108000,108100,107700,107700,1583
2026-03-23 09:56:00,107700,108600,107300,108500,8926
2026-03-23 09:57:00,108300,108800,107900,108000,5155
2026-03-23 09:58:00,108000,108500,108000,108300,2901
2026-03-23 09:59:00,108300,108300,107700,107700,1455
2026-03-23 10:00:00,107700,108500,107700,108100,4525
2026-03-23 10:01:00,108000,108200,107800,108000,2656
2026-03-23 10:02:00,107900,108100,107500,108000,2279
2026-03-23 10:03:00,107900,108200,107600,108000,1901
2026-03-23 10:04:00,107900,108300,107700,108200,3395
2026-03-23 10:05:00,108200,108300,107700,108100,1653
2026-03-23 10:06:00,108100,108500,107900,108400,1799
2026-03-23 10:07:00,108400,108900,108300,108800,3218
2026-03-23 10:08:00,108800,108900,108700,108900,2222
2026-03-23 10:09:00,108900,108900,108300,108900,2062
2026-03-23 10:10:00,108900,109400,108800,109100,2025
2026-03-23 10:11:00,109100,109400,108000,109300,2862
2026-03-23 10:12:00,109200,109400,109100,109200,668
2026-03-23 10:13:00,109200,109400,109000,109200,1544
2026-03-23 10:14:00,109200,109300,109000,109000,755
2026-03-23 10:15:00,109100,109500,109000,109400,1487
2026-03-23 10:16:00,109500,109900,109200,109700,2535
2026-03-23 10:17:00,109700,109900,109500,109900,845
2026-03-23 10:18:00,109900,109900,109400,109600,1008
2026-03-23 10:19:00,109600,110000,109600,110000,1138
2026-03-23 10:20:00,110000,110000,109700,109700,1196
2026-03-23 10:21:00,109800,109800,109700,109700,377
2026-03-23 10:22:00,109700,109900,109400,109500,1601
2026-03-23 10:23:00,109500,109800,109200,109600,1658
2026-03-23 10:24:00,109300,109600,109000,109000,716
2026-03-23 10:25:00,109400,109400,108900,109200,2838
2026-03-23 10:26:00,109300,109600,109300,109500,1137
2026-03-23 10:27:00,109600,109600,109200,109300,924
2026-03-23 10:28:00,109400,109400,109000,109100,2118
2026-03-23 10:29:00,109100,109200,109000,109100,1621
2026-03-23 10:30:00,109000,109200,108700,108900,2362
2026-03-23 10:31:00,108900,109400,108500,109200,6592
2026-03-23 10:32:00,109200,109200,108500,108600,2628
2026-03-23 10:33:00,108600,108900,108300,108700,1760
2026-03-23 10:34:00,108600,108700,108200,108400,1395
2026-03-23 10:35:00,108400,108700,108200,108500,1277
2026-03-23 10:36:00,108400,108900,108300,108700,2589
2026-03-23 10:37:00,108700,109000,108500,108900,1521
2026-03-23 10:38:00,108800,109100,108600,108800,1921
2026-03-23 10:39:00,108700,109100,108600,109000,1897
2026-03-23 10:40:00,109000,109300,108900,109100,2633
2026-03-23 10:41:00,109200,109400,109000,109300,1605
2026-03-23 10:42:00,109300,109300,108900,108900,1066
2026-03-23 10:43:00,109000,109000,108500,108900,1384
2026-03-23 10:44:00,108800,109500,108600,109100,1433
2026-03-23 10:45:00,108800,109000,108600,108800,1032
2026-03-23 10:46:00,108800,109000,108500,108600,1426
2026-03-23 10:47:00,108600,109200,108600,108900,3338
2026-03-23 10:48:00,108700,109100,108700,108800,922
2026-03-23 10:49:00,108800,108800,108400,108500,1370
2026-03-23 10:50:00,108600,108800,108200,108300,2220
2026-03-23 10:51:00,108300,108400,108100,108100,937
2026-03-23 10:52:00,108400,108500,108200,108400,1377
2026-03-23 10:53:00,108400,108500,108100,108300,2338
2026-03-23 10:54:00,108300,108300,108000,108200,751
2026-03-23 10:55:00,108100,108600,108100,108300,1653
2026-03-23 10:56:00,108300,108500,108100,108500,1681
2026-03-23 10:57:00,108500,108900,108300,108800,1823
2026-03-23 10:58:00,108800,109000,108400,108900,1410
2026-03-23 10:59:00,108900,109100,108600,109000,2088
2026-03-23 11:00:00,109000,109000,108300,108700,2185
2026-03-23 11:01:00,108600,108900,108400,108900,925
2026-03-23 11:02:00,108600,108900,108600,108800,464
2026-03-23 11:03:00,108800,108800,108400,108700,1899
2026-03-23 11:04:00,108700,108700,108300,108600,740
2026-03-23 11:05:00,108600,108600,108400,108500,392
2026-03-23 11:06:00,108500,108700,108300,108300,1306
2026-03-23 11:07:00,108400,108900,108400,108600,1512
2026-03-23 11:08:00,108700,109000,108200,108800,1529
2026-03-23 11:09:00,108700,108900,108500,108700,657
2026-03-23 11:10:00,108700,108800,108400,108500,1107
2026-03-23 11:11:00,108600,108600,108100,108100,799
2026-03-23 11:12:00,108200,108200,107800,107900,4355
2026-03-23 11:13:00,107800,107900,107800,107900,445
2026-03-23 11:14:00,107800,108300,107800,107900,1998
2026-03-23 11:15:00,107900,108300,107700,108000,1934
2026-03-23 11:16:00,107700,108100,107700,108100,1429
2026-03-23 11:17:00,107900,108100,107700,107800,1144
2026-03-23 11:18:00,107700,108000,107500,108000,1167
2026-03-23 11:19:00,107900,108000,107800,107800,1193
2026-03-23 11:20:00,107800,107900,107500,107900,726
2026-03-23 11:21:00,107900,108000,107700,108000,1017
2026-03-23 11:22:00,107700,108000,107700,107900,858
2026-03-23 11:23:00,107900,108000,107800,108000,348
2026-03-23 11:24:00,107900,108000,107600,107800,673
2026-03-23 11:25:00,107800,107900,107700,107900,519
2026-03-23 11:26:00,107900,108600,107800,108200,3192
2026-03-23 11:27:00,108200,108300,107600,107800,914
2026-03-23 11:28:00,107800,107800,107500,107600,2174
2026-03-23 11:29:00,107500,107700,107400,107700,797
2026-03-23 11:30:00,107700,107800,107500,107800,1071
2026-03-23 11:31:00,107800,108100,107500,107600,1526
2026-03-23 11:32:00,107500,107900,107500,107600,966
2026-03-23 11:33:00,107500,107800,107500,107700,2442
2026-03-23 11:34:00,107700,107800,107600,107600,197
2026-03-23 11:35:00,107700,107700,107500,107600,457
2026-03-23 11:36:00,107600,107800,107500,107700,680
2026-03-23 11:37:00,107700,107800,107400,107400,656
2026-03-23 11:38:00,107400,107700,107200,107200,1174
2026-03-23 11:39:00,107400,107400,107200,107200,547
2026-03-23 11:40:00,107200,107700,107200,107500,1131
2026-03-23 11:41:00,107500,107600,107200,107400,837
2026-03-23 11:42:00,107300,107700,107200,107300,844
2026-03-23 11:43:00,107300,107500,107200,107300,659
2026-03-23 11:44:00,107200,107400,107200,107200,980
2026-03-23 11:45:00,107300,107300,107100,107100,717
2026-03-23 11:46:00,107100,107200,107100,107200,620
2026-03-23 11:47:00,107200,107200,107100,107200,710
2026-03-23 11:48:00,107200,107200,107000,107100,1332
2026-03-23 11:49:00,107100,107100,106900,107100,3261
2026-03-23 11:50:00,107000,107700,107000,107300,2099
2026-03-23 11:51:00,107200,107200,107000,107100,1551
2026-03-23 11:52:00,107100,107100,106900,107000,474
2026-03-23 11:53:00,107000,107100,106600,106900,3402
2026-03-23 11:54:00,106900,106900,106700,106800,408
2026-03-23 11:55:00,106900,107000,106800,107000,2014
2026-03-23 11:56:00,106900,107100,106900,107000,619
2026-03-23 11:57:00,106900,107100,106800,107000,808
2026-03-23 11:58:00,106900,107200,106900,107200,1537
2026-03-23 11:59:00,107100,107200,107000,107100,427
2026-03-23 12:00:00,106900,107400,106900,107100,1049
2026-03-23 12:01:00,107200,107200,106900,107000,397
2026-03-23 12:02:00,107100,107400,107000,107300,1428
2026-03-23 12:03:00,107300,107300,106800,106900,742
2026-03-23 12:04:00,106900,106900,106600,106800,986
2026-03-23 12:05:00,106800,106900,106600,106700,1211
2026-03-23 12:06:00,106700,107000,106600,106900,1423
2026-03-23 12:07:00,107000,107300,106800,107200,1973
2026-03-23 12:08:00,107100,107200,106900,107000,613
2026-03-23 12:09:00,106900,107000,106800,106900,266
2026-03-23 12:10:00,106800,107200,106800,106900,754
2026-03-23 12:11:00,106800,106900,106600,106600,687
2026-03-23 12:12:00,106700,106800,106600,106800,695
2026-03-23 12:13:00,106700,106700,106500,106600,924
2026-03-23 12:14:00,106600,106700,106500,106600,302
2026-03-23 12:15:00,106500,106900,106500,106800,2326
2026-03-23 12:16:00,106700,106800,106600,106700,334
2026-03-23 12:17:00,106800,106800,106700,106800,273
2026-03-23 12:18:00,106600,106800,106600,106700,659
2026-03-23 12:19:00,106700,107000,106700,106700,755
2026-03-23 12:20:00,106700,107200,106700,107100,1728
2026-03-23 12:21:00,106900,107000,106700,106800,766
2026-03-23 12:22:00,106800,107100,106800,107000,1266
2026-03-23 12:23:00,107000,107000,106800,106900,558
2026-03-23 12:24:00,106800,107000,106700,106700,623
2026-03-23 12:25:00,106700,107000,106600,106800,1050
2026-03-23 12:26:00,107000,107000,106700,106900,346
2026-03-23 12:27:00,106700,106900,106700,106800,498
2026-03-23 12:28:00,106800,106900,106500,106800,434
2026-03-23 12:29:00,106800,106800,106500,106700,465
2026-03-23 12:30:00,106700,107000,106600,106800,975
2026-03-23 12:31:00,106900,107100,106600,107100,1612
2026-03-23 12:32:00,107000,107100,106500,106800,1975
2026-03-23 12:33:00,106700,106800,106500,106700,439
2026-03-23 12:34:00,106700,106900,106500,106700,1990
2026-03-23 12:35:00,106700,107000,106600,106900,659
2026-03-23 12:36:00,106900,106900,106600,106700,336
2026-03-23 12:37:00,106600,107000,106500,106600,1353
2026-03-23 12:38:00,106700,106900,106600,106900,760
2026-03-23 12:39:00,106800,106900,106700,106700,1164
2026-03-23 12:40:00,106700,106900,106600,106700,816
2026-03-23 12:41:00,106700,106700,106500,106700,419
2026-03-23 12:42:00,106700,106700,106500,106600,1053
2026-03-23 12:43:00,106600,107000,106600,106700,2360
2026-03-23 12:44:00,106900,106900,106600,106700,534
2026-03-23 12:45:00,106700,106800,106700,106700,409
2026-03-23 12:46:00,106700,106800,106600,106800,1111
2026-03-23 12:47:00,106800,106800,106700,106700,331
2026-03-23 12:48:00,106700,106700,106500,106500,555
2026-03-23 12:49:00,106500,106600,106400,106500,1405
2026-03-23 12:50:00,106500,106600,106300,106300,829
2026-03-23 12:51:00,106400,106700,106400,106500,1219
2026-03-23 12:52:00,106600,106600,106400,106500,453
2026-03-23 12:53:00,106500,106600,106300,106400,464
2026-03-23 12:54:00,106400,106600,106300,106600,812
2026-03-23 12:55:00,106600,106600,106500,106500,387
2026-03-23 12:56:00,106500,106600,106500,106600,778
2026-03-23 12:57:00,106600,106700,106500,106600,1328
2026-03-23 12:58:00,106700,106700,106600,106600,540
2026-03-23 12:59:00,106600,106600,106400,106600,1332
2026-03-23 13:00:00,106500,106700,106400,106500,1187
2026-03-23 13:01:00,106600,106600,106200,106200,1265
2026-03-23 13:02:00,106300,106700,106300,106600,1009
2026-03-23 13:03:00,106600,106700,106400,106600,973
2026-03-23 13:04:00,106500,106600,106500,106500,1183
2026-03-23 13:05:00,106500,106600,106500,106500,1082
2026-03-23 13:06:00,106500,106900,106400,106400,2484
2026-03-23 13:07:00,106500,106800,106500,106800,952
2026-03-23 13:08:00,106700,107000,106500,107000,1608
2026-03-23 13:09:00,106900,107000,106700,106700,462
2026-03-23 13:10:00,106800,106800,106600,106600,501
2026-03-23 13:11:00,106700,107000,106400,106600,1393
2026-03-23 13:12:00,106600,106800,106500,106600,737
2026-03-23 13:13:00,106700,107100,106500,106700,781
2026-03-23 13:14:00,106700,107100,106500,107100,886
2026-03-23 13:15:00,107100,107100,106600,106900,976
2026-03-23 13:16:00,106800,107100,106800,106800,1486
2026-03-23 13:17:00,106800,107000,106700,107000,1695
2026-03-23 13:18:00,106900,107000,106800,106800,541
2026-03-23 13:19:00,106900,107100,106600,106800,1825
2026-03-23 13:20:00,106800,107000,106700,107000,915
2026-03-23 13:21:00,106800,107500,106800,107400,3125
2026-03-23 13:22:00,107300,107300,107100,107100,433
2026-03-23 13:23:00,107200,107200,107000,107000,368
2026-03-23 13:24:00,107100,107200,107000,107200,1170
2026-03-23 13:25:00,107100,107200,107000,107100,1001
2026-03-23 13:26:00,107100,107400,107100,107300,1776
2026-03-23 13:27:00,107300,107300,107000,107000,758
2026-03-23 13:28:00,107000,107400,106900,107100,2843
2026-03-23 13:29:00,107200,107200,106900,107000,1054
2026-03-23 13:30:00,107000,107300,106800,106900,820
2026-03-23 13:31:00,106900,107400,106800,106900,1153
2026-03-23 13:32:00,106900,106900,106800,106800,450
2026-03-23 13:33:00,106900,106900,106800,106900,681
2026-03-23 13:34:00,106800,106800,106700,106700,588
2026-03-23 13:35:00,106800,106800,106700,106700,371
2026-03-23 13:36:00,106800,107000,106700,106900,2152
2026-03-23 13:37:00,106800,106800,106700,106800,1273
2026-03-23 13:38:00,106800,106800,106700,106700,305
2026-03-23 13:39:00,106700,107000,106700,106900,2726
2026-03-23 13:40:00,106900,107000,106700,106900,1583
2026-03-23 13:41:00,106900,106900,106800,106800,738
2026-03-23 13:42:00,106900,107100,106800,107000,1149
2026-03-23 13:43:00,107000,107000,106800,107000,351
2026-03-23 13:44:00,106900,107200,106700,107200,2660
2026-03-23 13:45:00,107200,107300,106700,107100,1300
2026-03-23 13:46:00,107100,107100,106900,107000,345
2026-03-23 13:47:00,106900,107200,106800,107000,1352
2026-03-23 13:48:00,106900,107000,106900,106900,527
2026-03-23 13:49:00,106900,107200,106800,106900,659
2026-03-23 13:50:00,106900,107200,106800,107100,1089
2026-03-23 13:51:00,107100,107300,106900,107200,1479
2026-03-23 13:52:00,107400,107400,107200,107200,1244
2026-03-23 13:53:00,107200,107400,106800,107300,937
2026-03-23 13:54:00,107400,107400,107200,107250,1408
2026-03-23 13:55:00,107300,107500,107200,107500,2109
2026-03-23 13:56:00,107500,107500,107400,107500,1499
2026-03-23 13:57:00,107400,107500,107400,107400,603
2026-03-23 13:58:00,107400,107700,107400,107400,1640
2026-03-23 13:59:00,107500,107600,107400,107500,913
2026-03-23 14:00:00,107600,107800,107400,107600,1684
2026-03-23 14:01:00,107600,107700,107400,107600,1098
2026-03-23 14:02:00,107600,108000,107600,107700,1664
2026-03-23 14:03:00,107600,107700,107500,107700,722
2026-03-23 14:04:00,107700,107700,107500,107500,376
2026-03-23 14:05:00,107600,107900,107500,107700,896
2026-03-23 14:06:00,107700,107800,107500,107700,527
2026-03-23 14:07:00,107600,107900,107600,107800,629
2026-03-23 14:08:00,107800,108200,107700,108000,2724
2026-03-23 14:09:00,107800,108000,107700,107900,1337
2026-03-23 14:10:00,107900,108000,107600,107700,454
2026-03-23 14:11:00,107600,108000,107600,107800,2378
2026-03-23 14:12:00,107700,108200,107700,108100,1420
2026-03-23 14:13:00,108100,108300,107800,108000,2840
2026-03-23 14:14:00,108000,108100,107900,108100,736
2026-03-23 14:15:00,108200,108200,108000,108100,691
2026-03-23 14:16:00,108100,108200,108000,108200,1063
2026-03-23 14:17:00,108100,108200,108000,108100,735
2026-03-23 14:18:00,108000,108200,108000,108200,787
2026-03-23 14:19:00,108100,108100,107500,108100,2245
2026-03-23 14:20:00,108100,108100,107600,107800,1540
2026-03-23 14:21:00,107700,108100,107700,108000,789
2026-03-23 14:22:00,108000,108100,107700,108000,1308
2026-03-23 14:23:00,108000,108000,107500,107800,1554
2026-03-23 14:24:00,107800,107900,107600,107600,933
2026-03-23 14:25:00,107600,107700,107500,107600,917
2026-03-23 14:26:00,107600,108100,107500,108100,1454
2026-03-23 14:27:00,108000,108300,108000,108200,3341
2026-03-23 14:28:00,108100,108100,108000,108000,655
2026-03-23 14:29:00,108000,108100,107900,108000,471
2026-03-23 14:30:00,107900,108100,107700,108000,1326
2026-03-23 14:31:00,107900,108000,107700,107800,437
2026-03-23 14:32:00,107700,107800,107500,107500,651
2026-03-23 14:33:00,107500,107800,107400,107600,1233
2026-03-23 14:34:00,107600,107700,107600,107600,680
2026-03-23 14:35:00,107600,107700,107200,107400,918
2026-03-23 14:36:00,107400,107600,107200,107500,1328
2026-03-23 14:37:00,107500,107600,107400,107400,1091
2026-03-23 14:38:00,107500,107500,107100,107400,958
2026-03-23 14:39:00,107300,107500,107100,107400,929
2026-03-23 14:40:00,107300,107400,107200,107300,536
2026-03-23 14:41:00,107300,107300,107200,107300,711
2026-03-23 14:42:00,107300,107400,107200,107300,634
2026-03-23 14:43:00,107300,107300,107000,107000,1241
2026-03-23 14:44:00,107100,107200,106900,106900,1792
2026-03-23 14:45:00,107000,107000,106800,106900,3972
2026-03-23 14:46:00,106900,107000,106800,106900,734
2026-03-23 14:47:00,106800,106900,106600,106700,2677
2026-03-23 14:48:00,106600,106700,106600,106600,1282
2026-03-23 14:49:00,106700,106900,106700,106700,2848
2026-03-23 14:50:00,106700,106700,106500,106600,1708
2026-03-23 14:51:00,106500,106600,106400,106500,2797
2026-03-23 14:52:00,106500,106600,106300,106300,1734
2026-03-23 14:53:00,106400,106400,106300,106300,3150
2026-03-23 14:54:00,106300,107000,106200,106300,5774
2026-03-23 14:55:00,106200,106600,106100,106600,3580
2026-03-23 14:56:00,106600,106800,106200,106400,2963
2026-03-23 14:57:00,106400,106800,106200,106400,2917
2026-03-23 14:58:00,106400,106700,106200,106300,3760
2026-03-23 14:59:00,106300,106600,106200,106500,1889
2026-03-23 15:00:00,106500,106700,106300,106500,3621
2026-03-23 15:01:00,106400,106500,106200,106300,2595
2026-03-23 15:02:00,106300,106300,106000,106000,4300
2026-03-23 15:03:00,106100,106500,106000,106400,2815
2026-03-23 15:04:00,106400,106400,106200,106200,1738
2026-03-23 15:05:00,106200,106300,106000,106200,2870
2026-03-23 15:06:00,106200,106500,106100,106400,2109
2026-03-23 15:07:00,106400,106500,106200,106300,2781
2026-03-23 15:08:00,106300,106400,106200,106300,2040
2026-03-23 15:09:00,106300,106400,106000,106200,1883
2026-03-23 15:10:00,106100,106300,106000,106100,4239
2026-03-23 15:11:00,106200,106300,106000,106300,6006
2026-03-23 15:12:00,106400,106400,105900,106000,2432
2026-03-23 15:13:00,105900,106200,105900,105900,3353
2026-03-23 15:14:00,105900,106200,105800,105900,7144
2026-03-23 15:15:00,105900,106100,105700,105900,9282
2026-03-23 15:16:00,105900,106000,105600,105800,8947
2026-03-23 15:17:00,105700,106000,105400,105500,8830
2026-03-23 15:18:00,105500,106100,105400,105500,9211
2026-03-23 15:19:00,105700,106500,105500,106400,3133
2026-03-23 15:30:00,106100,106100,106100,106100,31852
2026-03-23 15:35:00,106100,106100,106100,106100,546
2026-03-24 09:00:00,111100,111600,110100,110200,16593
2026-03-24 09:01:00,110100,110700,109600,109700,10737
2026-03-24 09:02:00,109700,109900,109300,109400,4710
2026-03-24 09:03:00,109400,109600,108900,109000,5739
2026-03-24 09:04:00,109000,109300,108200,108600,3892
2026-03-24 09:05:00,108600,109200,108500,109200,5320
2026-03-24 09:06:00,109100,109300,108900,109200,3531
2026-03-24 09:07:00,109100,109500,109100,109200,1743
2026-03-24 09:08:00,109300,109350,109000,109100,5034
2026-03-24 09:09:00,109200,109600,109200,109300,4041
2026-03-24 09:10:00,109400,109800,109000,109600,2397
2026-03-24 09:11:00,109600,109900,109400,109600,2737
2026-03-24 09:12:00,109500,109800,109000,109200,4496
2026-03-24 09:13:00,109300,109300,109000,109200,3869
2026-03-24 09:14:00,109200,109400,108700,109300,5807
2026-03-24 09:15:00,109300,109500,109100,109300,2475
2026-03-24 09:16:00,109300,109800,109100,109800,5128
2026-03-24 09:17:00,109500,109700,109400,109600,1242
2026-03-24 09:18:00,109500,109700,109300,109500,2585
2026-03-24 09:19:00,109600,110200,109400,110000,4769
2026-03-24 09:20:00,110000,110000,109600,109900,3168
2026-03-24 09:21:00,109900,110400,109900,110300,2044
2026-03-24 09:22:00,110300,110300,110000,110000,1891
2026-03-24 09:23:00,110050,110200,109900,110000,2671
2026-03-24 09:24:00,110000,110000,109500,109700,2567
2026-03-24 09:25:00,109700,109900,109600,109800,519
2026-03-24 09:26:00,109800,110000,109400,109400,2453
2026-03-24 09:27:00,109500,109800,109400,109500,1405
2026-03-24 09:28:00,109500,109600,109300,109500,1225
2026-03-24 09:29:00,109400,109500,109300,109500,967
2026-03-24 09:30:00,109500,109600,109300,109400,1736
2026-03-24 09:31:00,109400,109500,109100,109100,2292
2026-03-24 09:32:00,109100,109200,108800,108900,2014
2026-03-24 09:33:00,108900,108900,108700,108800,2139
2026-03-24 09:34:00,108800,109400,108700,109100,2888
2026-03-24 09:35:00,108900,109100,108800,108900,862
2026-03-24 09:36:00,108900,109100,108800,109000,1446
2026-03-24 09:37:00,109000,109000,108500,108500,3512
2026-03-24 09:38:00,108800,108800,108400,108500,1558
2026-03-24 09:39:00,108500,108500,108000,108400,3222
2026-03-24 09:40:00,108400,108500,108200,108400,1957
2026-03-24 09:41:00,108500,108700,108200,108500,1607
2026-03-24 09:42:00,108600,108700,108000,108100,2434
2026-03-24 09:43:00,108100,108400,107800,108100,2514
2026-03-24 09:44:00,108100,108400,108000,108150,2553
2026-03-24 09:45:00,108150,108600,108100,108400,2080
2026-03-24 09:46:00,108400,108600,108100,108300,1596
2026-03-24 09:47:00,108400,108600,108300,108400,889
2026-03-24 09:48:00,108400,108600,108100,108150,1622
2026-03-24 09:49:00,108100,108400,108100,108300,715
2026-03-24 09:50:00,108200,108500,108200,108300,1516
2026-03-24 09:51:00,108300,108500,108200,108200,616
2026-03-24 09:52:00,108200,108500,108200,108200,1122
2026-03-24 09:53:00,108200,108500,108200,108500,545
2026-03-24 09:54:00,108300,108400,107800,108100,2431
2026-03-24 09:55:00,108100,108100,107900,108000,1601
2026-03-24 09:56:00,107900,107900,107200,107300,2610
2026-03-24 09:57:00,107300,107300,107000,107100,1646
2026-03-24 09:58:00,107100,107400,106900,107100,2817
2026-03-24 09:59:00,107200,107200,107000,107100,1115
2026-03-24 10:00:00,107200,107200,107000,107100,2937
2026-03-24 10:01:00,107000,107100,106900,107100,1772
2026-03-24 10:02:00,107000,107300,106700,106800,2416
2026-03-24 10:03:00,106700,106800,106200,106200,2108
2026-03-24 10:04:00,106300,106600,106200,106400,3649
2026-03-24 10:05:00,106400,106600,106300,106500,1985
2026-03-24 10:06:00,106500,106600,106300,106400,1752
2026-03-24 10:07:00,106400,106400,105900,106000,3795
2026-03-24 10:08:00,106000,106200,105800,106100,2861
2026-03-24 10:09:00,106100,106500,105900,106200,2114
2026-03-24 10:10:00,106100,106200,106000,106200,1791
2026-03-24 10:11:00,106200,106500,106100,106400,1735
2026-03-24 10:12:00,106400,106700,106100,106200,1750
2026-03-24 10:13:00,106300,106500,106100,106400,1869
2026-03-24 10:14:00,106300,106500,106100,106100,714
2026-03-24 10:15:00,106100,106300,105800,105900,2681
2026-03-24 10:16:00,105800,106000,105600,105800,3547
2026-03-24 10:17:00,105800,105900,105500,105700,2181
2026-03-24 10:18:00,105700,106100,105500,106000,3086
2026-03-24 10:19:00,106000,106300,105800,106200,2283
2026-03-24 10:20:00,106250,107000,106200,106900,3844
2026-03-24 10:21:00,106900,107000,106800,106900,1358
2026-03-24 10:22:00,106900,107400,106900,107300,1467
2026-03-24 10:23:00,107400,107500,106900,107100,1402
2026-03-24 10:24:00,107200,107200,106800,107100,1238
2026-03-24 10:25:00,107200,107300,106900,107000,1058
2026-03-24 10:26:00,106900,107200,106700,107000,933
2026-03-24 10:27:00,107100,107500,107000,107200,1534
2026-03-24 10:28:00,107200,107500,107200,107400,2010
2026-03-24 10:29:00,107300,107400,107000,107300,1645
2026-03-24 10:30:00,107300,107300,106700,106900,3086
2026-03-24 10:31:00,107000,107000,106800,106800,877
2026-03-24 10:32:00,106800,106900,106200,106400,1411
2026-03-24 10:33:00,106500,106700,106400,106500,1374
2026-03-24 10:34:00,106500,106800,106400,106500,1296
2026-03-24 10:35:00,106700,106900,106500,106900,1124
2026-03-24 10:36:00,106900,106900,106500,106600,514
2026-03-24 10:37:00,106500,106600,106200,106200,1097
2026-03-24 10:38:00,106400,106500,106100,106300,870
2026-03-24 10:39:00,106300,106400,106200,106200,924
2026-03-24 10:40:00,106200,106600,106200,106200,2115
2026-03-24 10:41:00,106200,106300,105700,106000,2415
2026-03-24 10:42:00,106000,106300,106000,106000,1748
2026-03-24 10:43:00,106100,106300,105900,106000,930
2026-03-24 10:44:00,106000,106100,105600,105800,2811
2026-03-24 10:45:00,105800,106000,105700,105800,811
2026-03-24 10:46:00,105800,105900,105700,105700,476
2026-03-24 10:47:00,105700,106000,105600,105900,1858
2026-03-24 10:48:00,105900,106000,105600,105600,1305
2026-03-24 10:49:00,105700,105900,105600,105700,1332
2026-03-24 10:50:00,105700,106000,105600,105800,1182
2026-03-24 10:51:00,105700,105800,105500,105500,2036
2026-03-24 10:52:00,105500,105700,105400,105600,2879
2026-03-24 10:53:00,105500,105700,105400,105600,916
2026-03-24 10:54:00,105600,105700,105100,105200,2922
2026-03-24 10:55:00,105200,105500,105200,105300,1675
2026-03-24 10:56:00,105400,105500,105200,105300,1416
2026-03-24 10:57:00,105300,105400,105100,105100,1032
2026-03-24 10:58:00,105100,105700,104900,105300,5159
2026-03-24 10:59:00,105400,105700,105000,105500,2999
2026-03-24 11:00:00,105400,105700,105100,105300,850
2026-03-24 11:01:00,105300,105900,105200,105800,1633
2026-03-24 11:02:00,105800,106300,105700,106200,2746
2026-03-24 11:03:00,106000,106400,106000,106200,1383
2026-03-24 11:04:00,106100,106300,105900,106100,1514
2026-03-24 11:05:00,106100,106300,105800,106000,820
2026-03-24 11:06:00,106000,106300,106000,106200,968
2026-03-24 11:07:00,106300,106300,106100,106200,601
2026-03-24 11:08:00,106100,106200,106000,106000,1277
2026-03-24 11:09:00,106000,106100,105900,106000,447
2026-03-24 11:10:00,106000,106100,105800,105900,1787
2026-03-24 11:11:00,105900,105900,105600,105600,1470
2026-03-24 11:12:00,105700,106000,105600,105600,1254
2026-03-24 11:13:00,105600,105900,105600,105800,867
2026-03-24 11:14:00,105700,106000,105600,106000,822
2026-03-24 11:15:00,106000,106400,105900,106100,2763
2026-03-24 11:16:00,106100,106400,105900,106400,1127
2026-03-24 11:17:00,106300,106400,106200,106200,900
2026-03-24 11:18:00,106200,106500,106100,106400,851
2026-03-24 11:19:00,106400,106900,106300,106900,1757
2026-03-24 11:20:00,106800,106900,106400,106400,1174
2026-03-24 11:21:00,106500,106700,106500,106500,941
2026-03-24 11:22:00,106700,106800,106600,106700,1099
2026-03-24 11:23:00,106700,106800,106600,106700,608
2026-03-24 11:24:00,106700,106900,106500,106900,1578
2026-03-24 11:25:00,106900,106900,106600,106900,1444
2026-03-24 11:26:00,106800,107000,106600,107000,1469
2026-03-24 11:27:00,106800,107000,106600,106800,870
2026-03-24 11:28:00,106800,107000,106700,106700,1093
2026-03-24 11:29:00,106700,106800,106600,106800,728
2026-03-24 11:30:00,106700,106800,106700,106700,785
2026-03-24 11:31:00,106700,106900,106700,106700,1123
2026-03-24 11:32:00,106700,107000,106600,107000,1951
2026-03-24 11:33:00,107000,107100,106800,107000,669
2026-03-24 11:34:00,107000,107100,106700,106900,766
2026-03-24 11:35:00,106900,107200,106800,107100,1244
2026-03-24 11:36:00,107200,107300,107000,107000,535
2026-03-24 11:37:00,107000,107300,107000,107300,1011
2026-03-24 11:38:00,107300,107300,107000,107100,1043
2026-03-24 11:39:00,107100,107100,106700,106900,709
2026-03-24 11:40:00,107000,107000,106600,106800,919
2026-03-24 11:41:00,106800,107200,106700,107200,1156
2026-03-24 11:42:00,107200,107200,106800,107000,539
2026-03-24 11:43:00,106900,107300,106900,107100,617
2026-03-24 11:44:00,107100,107100,107000,107100,218
2026-03-24 11:45:00,107100,107300,107000,107200,988
2026-03-24 11:46:00,107300,107500,107200,107400,594
2026-03-24 11:47:00,107300,107400,107200,107200,542
2026-03-24 11:48:00,107200,107300,107200,107200,243
2026-03-24 11:49:00,107300,107300,106900,107100,861
2026-03-24 11:50:00,106900,107000,106700,106800,700
2026-03-24 11:51:00,106700,106800,106700,106700,396
2026-03-24 11:52:00,106800,106800,106600,106600,207
2026-03-24 11:53:00,106700,106700,106500,106500,892
2026-03-24 11:54:00,106500,106800,106400,106700,1489
2026-03-24 11:55:00,106800,106800,106600,106800,376
2026-03-24 11:56:00,106800,106800,106700,106800,316
2026-03-24 11:57:00,106700,106800,106600,106700,494
2026-03-24 11:58:00,106700,106700,106600,106700,667
2026-03-24 11:59:00,106800,106800,106600,106700,417
2026-03-24 12:00:00,106600,106900,106500,106700,1258
2026-03-24 12:01:00,106400,106800,106400,106600,410
2026-03-24 12:02:00,106600,106600,106400,106400,689
2026-03-24 12:03:00,106400,106900,106400,106500,986
2026-03-24 12:04:00,106600,106600,106400,106500,277
2026-03-24 12:05:00,106400,106800,106400,106800,865
2026-03-24 12:06:00,106600,107000,106600,106800,991
2026-03-24 12:07:00,106700,106800,106600,106600,324
2026-03-24 12:08:00,106700,106700,106500,106500,296
2026-03-24 12:09:00,106600,106600,106300,106300,893
2026-03-24 12:10:00,106300,106600,106300,106600,1002
2026-03-24 12:11:00,106600,106600,106500,106600,260
2026-03-24 12:12:00,106500,106600,106400,106500,632
2026-03-24 12:13:00,106600,106600,106400,106500,432
2026-03-24 12:14:00,106400,106800,106400,106500,1096
2026-03-24 12:15:00,106600,106600,106500,106600,181
2026-03-24 12:16:00,106600,106700,106500,106700,324
2026-03-24 12:17:00,106600,106700,106600,106700,211
2026-03-24 12:18:00,106700,106800,106600,106800,482
2026-03-24 12:19:00,106800,106800,106700,106800,247
2026-03-24 12:20:00,106700,106800,106700,106700,330
2026-03-24 12:21:00,106800,106800,106700,106800,225
2026-03-24 12:22:00,106700,106900,106700,106900,626
2026-03-24 12:23:00,106800,106900,106800,106900,416
2026-03-24 12:24:00,106900,106900,106600,106800,934
2026-03-24 12:25:00,106800,106800,106700,106700,459
2026-03-24 12:26:00,106700,106800,106700,106800,235
2026-03-24 12:27:00,106700,106900,106700,106800,876
2026-03-24 12:28:00,106900,107000,106900,106900,627
2026-03-24 12:29:00,106900,107100,106900,106900,1048
2026-03-24 12:30:00,107000,107100,106800,106800,751
2026-03-24 12:31:00,106900,106900,106700,106800,647
2026-03-24 12:32:00,106800,106800,106600,106700,395
2026-03-24 12:33:00,106700,106700,106500,106500,725
2026-03-24 12:34:00,106500,106600,106400,106400,525
2026-03-24 12:35:00,106300,106300,106200,106300,365
2026-03-24 12:36:00,106300,106300,106100,106200,662
2026-03-24 12:37:00,106200,106200,106000,106100,1251
2026-03-24 12:38:00,106100,106300,106100,106200,1140
2026-03-24 12:39:00,106200,106300,106100,106200,1231
2026-03-24 12:40:00,106300,106500,106200,106400,603
2026-03-24 12:41:00,106500,106600,106400,106600,302
2026-03-24 12:42:00,106600,106600,106300,106300,334
2026-03-24 12:43:00,106300,106500,106200,106300,668
2026-03-24 12:44:00,106300,106400,106200,106400,306
2026-03-24 12:45:00,106400,106700,106300,106600,1444
2026-03-24 12:46:00,106600,106600,106300,106600,802
2026-03-24 12:47:00,106600,106600,106400,106400,214
2026-03-24 12:48:00,106400,106400,106300,106300,517
2026-03-24 12:49:00,106300,106400,106200,106300,703
2026-03-24 12:50:00,106300,106300,106200,106300,230
2026-03-24 12:51:00,106200,106250,106200,106200,323
2026-03-24 12:52:00,106200,106300,106200,106300,1082
2026-03-24 12:53:00,106400,106400,106200,106300,449
2026-03-24 12:54:00,106300,106300,106200,106300,315
2026-03-24 12:55:00,106300,106300,106100,106200,464
2026-03-24 12:56:00,106100,106300,106100,106300,849
2026-03-24 12:57:00,106200,106400,106200,106300,615
2026-03-24 12:58:00,106300,106300,106200,106300,155
2026-03-24 12:59:00,106300,106400,106300,106400,941
2026-03-24 13:00:00,106400,106600,106300,106500,1271
2026-03-24 13:01:00,106600,106700,106500,106700,531
2026-03-24 13:02:00,106500,106700,106500,106700,479
2026-03-24 13:03:00,106700,106700,106600,106600,335
2026-03-24 13:04:00,106700,107000,106600,106800,1104
2026-03-24 13:05:00,106700,106800,106700,106800,1175
2026-03-24 13:06:00,106700,106700,106500,106600,473
2026-03-24 13:07:00,106600,106700,106600,106600,722
2026-03-24 13:08:00,106700,106700,106400,106400,659
2026-03-24 13:09:00,106500,106600,106400,106500,542
2026-03-24 13:10:00,106500,106600,106400,106500,458
2026-03-24 13:11:00,106500,106600,106500,106500,337
2026-03-24 13:12:00,106500,106600,106500,106600,739
2026-03-24 13:13:00,106600,106600,106500,106600,333
2026-03-24 13:14:00,106600,106600,106500,106500,362
2026-03-24 13:15:00,106500,106600,106500,106500,246
2026-03-24 13:16:00,106600,106600,106300,106400,1221
2026-03-24 13:17:00,106300,106400,106200,106200,799
2026-03-24 13:18:00,106200,106300,106100,106200,891
2026-03-24 13:19:00,106200,106300,106100,106300,1013
2026-03-24 13:20:00,106200,106300,106100,106300,387
2026-03-24 13:21:00,106200,106200,106100,106200,476
2026-03-24 13:22:00,106200,106200,106100,106200,908
2026-03-24 13:23:00,106200,106200,106100,106100,453
2026-03-24 13:24:00,106100,106200,106100,106100,853
2026-03-24 13:25:00,106200,106200,106000,106100,675
2026-03-24 13:26:00,106100,106100,106000,106000,468
2026-03-24 13:27:00,106000,106100,106000,106100,687
2026-03-24 13:28:00,106100,106100,105900,105900,1951
2026-03-24 13:29:00,106000,106100,105800,106000,853
2026-03-24 13:30:00,105900,106000,105900,105900,585
2026-03-24 13:31:00,106000,106100,105800,106000,1025
2026-03-24 13:32:00,106000,106000,105800,105800,452
2026-03-24 13:33:00,106000,106000,105800,105900,421
2026-03-24 13:34:00,105900,106000,105900,106000,1048
2026-03-24 13:35:00,106000,106100,105800,106000,490
2026-03-24 13:36:00,106000,106100,105900,106000,812
2026-03-24 13:37:00,106100,106200,106000,106200,1174
2026-03-24 13:38:00,106200,106200,106000,106000,451
2026-03-24 13:39:00,106100,106200,106000,106100,573
2026-03-24 13:40:00,106200,106200,106000,106100,708
2026-03-24 13:41:00,106000,106400,106000,106200,981
2026-03-24 13:42:00,106300,106300,106100,106300,480
2026-03-24 13:43:00,106300,106300,106100,106200,603
2026-03-24 13:44:00,106300,106500,106200,106400,1219
2026-03-24 13:45:00,106400,106600,106400,106500,972
2026-03-24 13:46:00,106300,106500,106300,106500,230
2026-03-24 13:47:00,106500,106600,106400,106500,698
2026-03-24 13:48:00,106400,106500,106200,106300,1009
2026-03-24 13:49:00,106300,106500,106300,106400,362
2026-03-24 13:50:00,106400,106400,106200,106400,904
2026-03-24 13:51:00,106300,106600,106300,106600,509
2026-03-24 13:52:00,106600,106800,106400,106700,1320
2026-03-24 13:53:00,106700,106900,106600,106700,729
2026-03-24 13:54:00,106700,106900,106600,106800,1128
2026-03-24 13:55:00,106800,106900,106800,106900,832
2026-03-24 13:56:00,106900,107000,106800,106900,1283
2026-03-24 13:57:00,106800,107000,106800,107000,1145
2026-03-24 13:58:00,107000,107000,106900,107000,368
2026-03-24 13:59:00,106900,107000,106900,106900,535
2026-03-24 14:00:00,106900,107000,106500,106600,1943
2026-03-24 14:01:00,106500,106600,106300,106400,1383
2026-03-24 14:02:00,106400,106400,106300,106400,1174
2026-03-24 14:03:00,106400,106500,106300,106400,1001
2026-03-24 14:04:00,106500,106500,106200,106300,1021
2026-03-24 14:05:00,106300,106400,106200,106300,672
2026-03-24 14:06:00,106300,106400,106000,106200,3116
2026-03-24 14:07:00,106200,106700,106200,106500,2609
2026-03-24 14:08:00,106400,106800,106300,106300,1290
2026-03-24 14:09:00,106400,106500,106300,106400,985
2026-03-24 14:10:00,106400,106400,106100,106100,565
2026-03-24 14:11:00,106200,106200,106000,106100,1839
2026-03-24 14:12:00,106200,106400,106000,106300,2948
2026-03-24 14:13:00,106400,106500,106200,106300,670
2026-03-24 14:14:00,106300,106300,106100,106200,663
2026-03-24 14:15:00,106300,106300,106100,106100,803
2026-03-24 14:16:00,106100,106300,106100,106200,176
2026-03-24 14:17:00,106200,106300,106200,106200,972
2026-03-24 14:18:00,106200,106800,106100,106800,2417
2026-03-24 14:19:00,106700,106800,106300,106300,1304
2026-03-24 14:20:00,106300,106500,106200,106500,1035
2026-03-24 14:21:00,106400,106500,106100,106200,1261
2026-03-24 14:22:00,106200,106300,106000,106100,1307
2026-03-24 14:23:00,106200,106200,106000,106200,1798
2026-03-24 14:24:00,106100,106100,106000,106100,439
2026-03-24 14:25:00,106100,106100,106000,106000,651
2026-03-24 14:26:00,106100,106100,105900,106000,2377
2026-03-24 14:27:00,106000,106000,105800,105900,550
2026-03-24 14:28:00,105900,105900,105800,105900,837
2026-03-24 14:29:00,105800,105900,105800,105800,435
2026-03-24 14:30:00,105800,105900,105700,105800,1087
2026-03-24 14:31:00,105800,105900,105800,105800,812
2026-03-24 14:32:00,105900,106000,105500,105600,1746
2026-03-24 14:33:00,105600,105900,105500,105800,1101
2026-03-24 14:34:00,105800,105900,105700,105800,1389
2026-03-24 14:35:00,105700,105900,105700,105900,1205
2026-03-24 14:36:00,105900,105900,105700,105700,1042
2026-03-24 14:37:00,105800,106000,105700,105900,1439
2026-03-24 14:38:00,105900,106000,105800,105900,984
2026-03-24 14:39:00,105900,106000,105800,105900,843
2026-03-24 14:40:00,105900,106100,105900,106100,978
2026-03-24 14:41:00,106100,106100,105900,106100,1181
2026-03-24 14:42:00,106000,106100,105900,106000,606
2026-03-24 14:43:00,106000,106100,106000,106000,1817
2026-03-24 14:44:00,106100,106100,105800,105900,1898
2026-03-24 14:45:00,105800,106000,105700,105900,1496
2026-03-24 14:46:00,105900,106100,105900,106100,987
2026-03-24 14:47:00,106100,106200,106000,106200,1165
2026-03-24 14:48:00,106200,106200,106000,106200,2620
2026-03-24 14:49:00,106100,106200,106000,106100,1197
2026-03-24 14:50:00,106000,106200,106000,106200,1370
2026-03-24 14:51:00,106200,106200,105900,106000,1207
2026-03-24 14:52:00,106000,106100,105900,106100,1547
2026-03-24 14:53:00,106100,106200,106000,106200,2593
2026-03-24 14:54:00,106200,106200,106000,106000,1226
2026-03-24 14:55:00,106100,106100,106000,106100,826
2026-03-24 14:56:00,106100,106100,106000,106100,1374
2026-03-24 14:57:00,106100,106200,106000,106100,1774
2026-03-24 14:58:00,106100,106100,106000,106000,1880
2026-03-24 14:59:00,106100,106100,106000,106100,875
2026-03-24 15:00:00,106100,106100,106000,106100,2140
2026-03-24 15:01:00,106100,106100,106000,106100,938
2026-03-24 15:02:00,106100,106300,106100,106300,2341
2026-03-24 15:03:00,106300,106400,106200,106200,1041
2026-03-24 15:04:00,106300,106400,106200,106300,1191
2026-03-24 15:05:00,106300,106500,106300,106500,1316
2026-03-24 15:06:00,106500,106500,106400,106500,944
2026-03-24 15:07:00,106500,106500,106200,106500,2095
2026-03-24 15:08:00,106500,106500,106400,106500,1606
2026-03-24 15:09:00,106500,106500,106300,106400,3523
2026-03-24 15:10:00,106500,106500,106400,106400,2555
2026-03-24 15:11:00,106300,106500,106200,106300,3877
2026-03-24 15:12:00,106300,106500,106100,106300,3763
2026-03-24 15:13:00,106300,106400,106100,106200,2910
2026-03-24 15:14:00,106300,106500,106200,106400,3905
2026-03-24 15:15:00,106500,107000,106300,107000,8647
2026-03-24 15:16:00,106800,107000,106600,106700,6227
2026-03-24 15:17:00,106700,107200,106600,107000,5582
2026-03-24 15:18:00,107200,107500,106500,106900,7586
2026-03-24 15:19:00,106900,107000,106200,106800,3438
2026-03-24 15:30:00,107300,107300,107300,107300,21187
2026-03-24 15:35:00,107300,107300,107300,107300,1244
2026-03-25 09:00:00,109000,109200,108000,108400,13536
2026-03-25 09:01:00,108400,108800,108200,108300,3169
2026-03-25 09:02:00,108300,108400,108200,108200,2667
2026-03-25 09:03:00,108200,109000,108100,108700,3587
2026-03-25 09:04:00,108700,108800,108300,108500,3346
2026-03-25 09:05:00,108500,108600,108100,108300,4942
2026-03-25 09:06:00,108400,108700,108300,108400,2902
2026-03-25 09:07:00,108300,108600,108200,108500,4169
2026-03-25 09:08:00,108500,108600,108300,108600,1772
2026-03-25 09:09:00,108700,109500,108500,109100,4176
2026-03-25 09:10:00,109000,109200,108800,108900,1235
2026-03-25 09:11:00,108900,108900,108800,108900,709
2026-03-25 09:12:00,108900,109000,108800,108900,1964
2026-03-25 09:13:00,108900,109300,108700,109300,2453
2026-03-25 09:14:00,109300,109500,109200,109200,2650
2026-03-25 09:15:00,109200,109300,108900,108900,2765
2026-03-25 09:16:00,108900,108900,108500,108700,2783
2026-03-25 09:17:00,108700,108800,108500,108800,2659
2026-03-25 09:18:00,108800,108900,108600,108600,1584
2026-03-25 09:19:00,108600,108700,108400,108600,3825
2026-03-25 09:20:00,108500,108700,108500,108700,1113
2026-03-25 09:21:00,108700,108800,108600,108800,1385
2026-03-25 09:22:00,108800,108800,108700,108800,201
2026-03-25 09:23:00,108800,108800,108600,108700,1681
2026-03-25 09:24:00,108700,108800,108600,108600,2246
2026-03-25 09:25:00,108500,108700,108500,108700,2666
2026-03-25 09:26:00,108700,108800,108500,108600,1613
2026-03-25 09:27:00,108600,108700,108300,108400,4982
2026-03-25 09:28:00,108500,108700,108400,108600,2176
2026-03-25 09:29:00,108600,108600,108200,108300,2367
2026-03-25 09:30:00,108300,108400,108100,108300,8209
2026-03-25 09:31:00,108300,108500,108200,108500,1830
2026-03-25 09:32:00,108400,108700,108300,108600,1370
2026-03-25 09:33:00,108600,108700,108500,108600,1256
2026-03-25 09:34:00,108700,108800,108400,108500,3566
2026-03-25 09:35:00,108500,108700,108500,108600,1976
2026-03-25 09:36:00,108600,108600,108300,108400,3632
2026-03-25 09:37:00,108400,108500,108300,108500,1149
2026-03-25 09:38:00,108400,108600,108400,108600,632
2026-03-25 09:39:00,108600,108600,108400,108500,592
2026-03-25 09:40:00,108400,109200,108400,109000,4189
2026-03-25 09:41:00,109000,109100,108800,108900,2236
2026-03-25 09:42:00,108900,109200,108800,109200,1920
2026-03-25 09:43:00,109200,109200,108900,108900,1045
2026-03-25 09:44:00,109000,109100,108900,109000,734
2026-03-25 09:45:00,109100,109500,108900,109300,3428
2026-03-25 09:46:00,109300,109400,109000,109100,2785
2026-03-25 09:47:00,109100,109300,109000,109250,1800
2026-03-25 09:48:00,109300,109400,109100,109200,1329
2026-03-25 09:49:00,109200,109300,109100,109200,873
2026-03-25 09:50:00,109200,109600,109100,109500,2716
2026-03-25 09:51:00,109400,109500,109100,109200,1922
2026-03-25 09:52:00,109200,109300,109100,109200,955
2026-03-25 09:53:00,109100,109200,109100,109100,569
2026-03-25 09:54:00,109100,109200,109000,109100,1038
2026-03-25 09:55:00,109100,109800,109100,109700,4595
2026-03-25 09:56:00,109700,109900,109700,109700,1591
2026-03-25 09:57:00,109700,109900,109600,109800,1764
2026-03-25 09:58:00,109800,109800,109500,109600,2131
2026-03-25 09:59:00,109700,109700,109200,109500,2663
2026-03-25 10:00:00,109500,109500,109300,109300,828
2026-03-25 10:01:00,109200,109300,109100,109200,1464
2026-03-25 10:02:00,109200,109250,109100,109100,967
2026-03-25 10:03:00,109200,109200,109000,109050,1925
2026-03-25 10:04:00,109100,109400,109000,109400,1359
2026-03-25 10:05:00,109400,109500,109300,109400,1227
2026-03-25 10:06:00,109400,109500,109300,109300,718
2026-03-25 10:07:00,109300,109400,109200,109200,1172
2026-03-25 10:08:00,109300,109300,109100,109200,2407
2026-03-25 10:09:00,109200,109200,109000,109000,1643
2026-03-25 10:10:00,109000,109100,109000,109100,1331
2026-03-25 10:11:00,109000,109200,109000,109200,600
2026-03-25 10:12:00,109100,109200,108900,108900,1057
2026-03-25 10:13:00,108900,108900,108600,108800,3569
2026-03-25 10:14:00,108800,109000,108700,109000,2158
2026-03-25 10:15:00,109000,109000,108700,108700,581
2026-03-25 10:16:00,108800,109000,108700,108800,569
2026-03-25 10:17:00,108900,109000,108800,109000,642
2026-03-25 10:18:00,108900,109100,108900,109000,497
2026-03-25 10:19:00,109000,109100,108900,109000,829
2026-03-25 10:20:00,109000,109000,108800,108800,6240
2026-03-25 10:21:00,108800,108900,108500,108700,1627
2026-03-25 10:22:00,108700,108800,108400,108500,1633
2026-03-25 10:23:00,108500,108600,108300,108400,2281
2026-03-25 10:24:00,108400,108500,108300,108300,1613
2026-03-25 10:25:00,108300,108400,108300,108400,325
2026-03-25 10:26:00,108400,108400,108200,108200,771
2026-03-25 10:27:00,108300,108400,108200,108400,766
2026-03-25 10:28:00,108400,108600,108300,108500,855
2026-03-25 10:29:00,108500,108600,108300,108500,1331
2026-03-25 10:30:00,108400,108600,108400,108600,758
2026-03-25 10:31:00,108600,108700,108500,108700,1312
2026-03-25 10:32:00,108700,108800,108500,108700,931
2026-03-25 10:33:00,108600,108800,108500,108700,880
2026-03-25 10:34:00,108700,108700,108500,108700,353
2026-03-25 10:35:00,108600,108700,108300,108500,1651
2026-03-25 10:36:00,108400,108700,108300,108400,1414
2026-03-25 10:37:00,108500,108700,108200,108300,1999
2026-03-25 10:38:00,108300,108600,108300,108500,1064
2026-03-25 10:39:00,108600,108600,108300,108500,1981
2026-03-25 10:40:00,108500,108700,108400,108500,837
2026-03-25 10:41:00,108600,108600,108400,108500,583
2026-03-25 10:42:00,108500,108700,108400,108500,937
2026-03-25 10:43:00,108500,108700,108400,108600,552
2026-03-25 10:44:00,108600,108700,108400,108700,1725
2026-03-25 10:45:00,108700,108700,108600,108700,407
2026-03-25 10:46:00,108700,108700,108500,108500,828
2026-03-25 10:47:00,108500,108500,108400,108400,498
2026-03-25 10:48:00,108500,108500,108400,108500,237
2026-03-25 10:49:00,108500,108500,108400,108500,721
2026-03-25 10:50:00,108500,108600,108400,108400,579
2026-03-25 10:51:00,108500,108500,108400,108500,217
2026-03-25 10:52:00,108500,108500,108400,108500,757
2026-03-25 10:53:00,108500,108500,108400,108400,298
2026-03-25 10:54:00,108400,108500,108400,108500,277
2026-03-25 10:55:00,108400,108500,108400,108400,291
2026-03-25 10:56:00,108400,108500,108300,108300,3099
2026-03-25 10:57:00,108300,108400,108200,108400,1250
2026-03-25 10:58:00,108400,108400,108100,108300,4698
2026-03-25 10:59:00,108300,108300,108000,108200,2953
2026-03-25 11:00:00,108200,108200,107700,107800,4132
2026-03-25 11:01:00,107800,107800,107600,107700,1759
2026-03-25 11:02:00,107700,107750,107500,107600,1233
2026-03-25 11:03:00,107600,107600,107500,107500,939
2026-03-25 11:04:00,107600,107700,107600,107700,365
2026-03-25 11:05:00,107600,107700,107400,107500,2031
2026-03-25 11:06:00,107500,107500,107300,107300,1429
2026-03-25 11:07:00,107300,107400,107300,107300,1028
2026-03-25 11:08:00,107300,107400,107300,107300,830
2026-03-25 11:09:00,107300,107300,107100,107200,2664
2026-03-25 11:10:00,107200,107200,107000,107000,1689
2026-03-25 11:11:00,107000,107100,106800,106800,1682
2026-03-25 11:12:00,106750,106800,106500,106600,1708
2026-03-25 11:13:00,106600,106600,106500,106500,1121
2026-03-25 11:14:00,106500,107000,106500,106800,3324
2026-03-25 11:15:00,106800,107000,106800,107000,1131
2026-03-25 11:16:00,106950,107000,106500,106500,4758
2026-03-25 11:17:00,106600,106700,106200,106300,3194
2026-03-25 11:18:00,106400,106800,106400,106600,2044
2026-03-25 11:19:00,106600,106700,106500,106600,1754
2026-03-25 11:20:00,106700,106700,106300,106600,1586
2026-03-25 11:21:00,106600,106800,106500,106800,1658
2026-03-25 11:22:00,106800,107100,106700,107000,1426
2026-03-25 11:23:00,107000,107000,106700,106800,1552
2026-03-25 11:24:00,106800,106900,106700,106900,898
2026-03-25 11:25:00,106800,107000,106800,107000,688
2026-03-25 11:26:00,106900,107000,106900,107000,537
2026-03-25 11:27:00,106950,107000,106900,107000,738
2026-03-25 11:28:00,106900,107000,106700,106800,1797
2026-03-25 11:29:00,106800,107000,106800,107000,898
2026-03-25 11:30:00,107000,107000,106800,106900,984
2026-03-25 11:31:00,106800,106900,106800,106800,450
2026-03-25 11:32:00,106800,106900,106800,106900,372
2026-03-25 11:33:00,106800,106900,106700,106700,770
2026-03-25 11:34:00,106800,106800,106700,106700,567
2026-03-25 11:35:00,106800,106900,106700,106700,1154
2026-03-25 11:36:00,106700,106800,106700,106700,327
2026-03-25 11:37:00,106700,106700,106600,106700,891
2026-03-25 11:38:00,106600,106900,106600,106900,2999
2026-03-25 11:39:00,106800,106900,106700,106800,248
2026-03-25 11:40:00,106800,106800,106700,106700,528
2026-03-25 11:41:00,106700,106800,106700,106700,380
2026-03-25 11:42:00,106800,106800,106700,106700,256
2026-03-25 11:43:00,106700,106800,106600,106700,825
2026-03-25 11:44:00,106700,106700,106600,106600,2189
2026-03-25 11:45:00,106600,106700,106600,106700,335
2026-03-25 11:46:00,106700,106700,106600,106600,258
2026-03-25 11:47:00,106600,106700,106500,106600,933
2026-03-25 11:48:00,106500,106600,106500,106500,1864
2026-03-25 11:49:00,106500,106600,106500,106600,1215
2026-03-25 11:50:00,106600,106600,106500,106500,808
2026-03-25 11:51:00,106500,106600,106500,106600,559
2026-03-25 11:52:00,106500,106600,106400,106400,3744
2026-03-25 11:53:00,106400,106400,106300,106400,898
2026-03-25 11:54:00,106300,106400,106200,106300,1259
2026-03-25 11:55:00,106300,106300,106100,106200,2671
2026-03-25 11:56:00,106200,106300,106100,106250,1196
2026-03-25 11:57:00,106250,106300,106200,106200,264
2026-03-25 11:58:00,106200,106300,106100,106100,678
2026-03-25 11:59:00,106100,106200,106000,106000,2053
2026-03-25 12:00:00,106000,106500,106000,106300,3870
2026-03-25 12:01:00,106300,106400,106200,106300,908
2026-03-25 12:02:00,106200,106300,106100,106100,1196
2026-03-25 12:03:00,106100,106300,106100,106200,1015
2026-03-25 12:04:00,106300,106500,106200,106400,1406
2026-03-25 12:05:00,106500,106500,106400,106400,434
2026-03-25 12:06:00,106400,106600,106400,106500,944
2026-03-25 12:07:00,106500,106600,106400,106600,521
2026-03-25 12:08:00,106600,106600,106500,106600,564
2026-03-25 12:09:00,106600,106700,106600,106700,298
2026-03-25 12:10:00,106700,106700,106500,106500,670
2026-03-25 12:11:00,106500,106600,106500,106500,195
2026-03-25 12:12:00,106400,106500,106100,106200,2354
2026-03-25 12:13:00,106100,106200,106000,106100,1384
2026-03-25 12:14:00,106100,106100,106000,106100,443
2026-03-25 12:15:00,106100,106100,105900,106000,3092
2026-03-25 12:16:00,105900,106000,105900,106000,671
2026-03-25 12:17:00,105900,106000,105900,105900,398
2026-03-25 12:18:00,105900,106200,105900,106200,2224
2026-03-25 12:19:00,106100,106200,106000,106100,315
2026-03-25 12:20:00,106100,106100,105900,106000,801
2026-03-25 12:21:00,105900,106000,105800,106000,1473
2026-03-25 12:22:00,105900,106000,105900,106000,274
2026-03-25 12:23:00,106000,106100,105900,106100,1405
2026-03-25 12:24:00,106100,106100,106000,106100,213
2026-03-25 12:25:00,106100,106500,106000,106100,2362
2026-03-25 12:26:00,106100,106200,106000,106100,447
2026-03-25 12:27:00,106100,106100,106000,106000,595
2026-03-25 12:28:00,106100,106100,106000,106000,328
2026-03-25 12:29:00,106000,106100,105900,106000,799
2026-03-25 12:30:00,106000,106000,105900,106000,612
2026-03-25 12:31:00,105900,106000,105900,106000,1283
2026-03-25 12:32:00,106000,106100,105900,106100,1004
2026-03-25 12:33:00,106100,106200,106000,106100,844
2026-03-25 12:34:00,106100,106200,106000,106100,410
2026-03-25 12:35:00,106100,106200,106000,106200,725
2026-03-25 12:36:00,106200,106200,106100,106100,265
2026-03-25 12:37:00,106100,106200,106100,106100,475
2026-03-25 12:38:00,106100,106200,106100,106200,838
2026-03-25 12:39:00,106200,106400,106100,106200,1293
2026-03-25 12:40:00,106300,106300,106200,106300,443
2026-03-25 12:41:00,106250,106300,106200,106200,173
2026-03-25 12:42:00,106200,106300,106200,106300,185
2026-03-25 12:43:00,106300,106300,106200,106200,233
2026-03-25 12:44:00,106200,106300,106200,106200,241
2026-03-25 12:45:00,106200,106300,106200,106200,756
2026-03-25 12:46:00,106300,106400,106200,106300,2530
2026-03-25 12:47:00,106300,106500,106200,106200,1295
2026-03-25 12:48:00,106200,106300,106200,106300,1209
2026-03-25 12:49:00,106300,106300,106200,106200,499
2026-03-25 12:50:00,106300,106500,106100,106400,1593
2026-03-25 12:51:00,106400,106500,106400,106400,419
2026-03-25 12:52:00,106400,106800,106400,106600,2372
2026-03-25 12:53:00,106600,106700,106600,106700,1052
2026-03-25 12:54:00,106700,106800,106600,106800,218
2026-03-25 12:55:00,106800,106900,106700,106900,899
2026-03-25 12:56:00,106800,106800,106700,106700,539
2026-03-25 12:57:00,106700,106800,106700,106700,196
2026-03-25 12:58:00,106700,106800,106700,106800,151
2026-03-25 12:59:00,106800,107000,106700,106900,2884
2026-03-25 13:00:00,106900,107100,106900,107100,826
2026-03-25 13:01:00,107000,107100,106800,106800,1012
2026-03-25 13:02:00,106800,106800,106700,106800,1263
2026-03-25 13:03:00,106700,106800,106700,106700,170
2026-03-25 13:04:00,106700,106800,106700,106700,250
2026-03-25 13:05:00,106800,106800,106700,106700,319
2026-03-25 13:06:00,106700,106700,106600,106700,1203
2026-03-25 13:07:00,106700,106700,106200,106600,3389
2026-03-25 13:08:00,106700,106800,106650,106700,1666
2026-03-25 13:09:00,106700,106700,106600,106700,1144
2026-03-25 13:10:00,106700,106800,106700,106700,642
2026-03-25 13:11:00,106700,106800,106700,106800,774
2026-03-25 13:12:00,106700,106800,106700,106700,412
2026-03-25 13:13:00,106700,106800,106700,106700,1394
2026-03-25 13:14:00,106700,106800,106700,106700,501
2026-03-25 13:15:00,106750,106800,106600,106700,624
2026-03-25 13:16:00,106700,106700,106600,106700,178
2026-03-25 13:17:00,106600,106700,106600,106600,479
2026-03-25 13:18:00,106700,106800,106600,106800,4179
2026-03-25 13:19:00,106700,106800,106700,106700,122
2026-03-25 13:20:00,106700,106800,106700,106800,568
2026-03-25 13:21:00,106800,106800,106700,106800,2404
2026-03-25 13:22:00,106800,106900,106700,106900,1120
2026-03-25 13:23:00,106800,107000,106800,107000,1724
2026-03-25 13:24:00,107000,107100,106900,107100,387
2026-03-25 13:25:00,107050,107100,107000,107000,605
2026-03-25 13:26:00,107000,107100,107000,107000,555
2026-03-25 13:27:00,107100,107100,107000,107000,251
2026-03-25 13:28:00,107100,107100,107000,107000,1138
2026-03-25 13:29:00,107100,107100,107000,107100,1347
2026-03-25 13:30:00,107000,107100,107000,107000,740
2026-03-25 13:31:00,107000,107200,107000,107100,828
2026-03-25 13:32:00,107000,107100,106900,106900,658
2026-03-25 13:33:00,106900,107000,106800,106900,1043
2026-03-25 13:34:00,106900,106900,106800,106900,1817
2026-03-25 13:35:00,106900,107100,106800,107100,1876
2026-03-25 13:36:00,107000,107100,107000,107100,301
2026-03-25 13:37:00,107000,107000,106900,106900,1071
2026-03-25 13:38:00,106900,107150,106900,107000,2886
2026-03-25 13:39:00,107100,107100,106900,106900,1892
2026-03-25 13:40:00,106900,107000,106900,106900,584
2026-03-25 13:41:00,106900,107000,106900,107000,1179
2026-03-25 13:42:00,106900,107000,106800,106800,627
2026-03-25 13:43:00,106800,106800,106700,106800,2233
2026-03-25 13:44:00,106800,106900,106700,106800,1193
2026-03-25 13:45:00,106800,106800,106500,106500,1341
2026-03-25 13:46:00,106500,106600,106500,106500,916
2026-03-25 13:47:00,106600,106800,106500,106600,1980
2026-03-25 13:48:00,106600,106800,106600,106600,1075
2026-03-25 13:49:00,106600,106800,106500,106500,1581
2026-03-25 13:50:00,106500,106700,106500,106600,1777
2026-03-25 13:51:00,106600,106700,106600,106700,1308
2026-03-25 13:52:00,106700,106800,106600,106700,1545
2026-03-25 13:53:00,106700,106800,106600,106600,798
2026-03-25 13:54:00,106600,106700,106600,106600,1504
2026-03-25 13:55:00,106700,106800,106500,106700,2752
2026-03-25 13:56:00,106700,106800,106700,106700,693
2026-03-25 13:57:00,106800,106900,106600,106700,1698
2026-03-25 13:58:00,106700,106800,106700,106800,477
2026-03-25 13:59:00,106700,106800,106600,106700,258
2026-03-25 14:00:00,106700,106700,106600,106600,335
2026-03-25 14:01:00,106700,106900,106600,106700,2219
2026-03-25 14:02:00,106700,106800,106500,106700,1973
2026-03-25 14:03:00,106700,106750,106700,106700,250
2026-03-25 14:04:00,106700,106750,106650,106700,1239
2026-03-25 14:05:00,106700,106700,106600,106600,708
2026-03-25 14:06:00,106500,106800,106500,106700,1716
2026-03-25 14:07:00,106700,106750,106700,106700,408
2026-03-25 14:08:00,106700,107000,106700,107000,2541
2026-03-25 14:09:00,106900,107000,106700,106800,1039
2026-03-25 14:10:00,106700,106800,106700,106700,302
2026-03-25 14:11:00,106700,106800,106600,106700,1370
2026-03-25 14:12:00,106700,106800,106600,106700,2025
2026-03-25 14:13:00,106700,106800,106700,106800,1623
2026-03-25 14:14:00,106700,106800,106500,106600,1391
2026-03-25 14:15:00,106700,106700,106500,106700,338
2026-03-25 14:16:00,106600,106800,106600,106700,2098
2026-03-25 14:17:00,106700,106800,106600,106750,992
2026-03-25 14:18:00,106700,106800,106700,106800,279
2026-03-25 14:19:00,106700,106800,106500,106600,2139
2026-03-25 14:20:00,106600,106800,106600,106800,2520
2026-03-25 14:21:00,106800,106900,106700,106900,743
2026-03-25 14:22:00,106800,106900,106800,106800,456
2026-03-25 14:23:00,106800,106900,106800,106800,251
2026-03-25 14:24:00,106800,106900,106800,106800,178
2026-03-25 14:25:00,106900,106900,106800,106800,489
2026-03-25 14:26:00,106800,106900,106800,106800,407
2026-03-25 14:27:00,106800,106800,106600,106700,1287
2026-03-25 14:28:00,106600,106700,106600,106600,764
2026-03-25 14:29:00,106700,106700,106500,106600,1286
2026-03-25 14:30:00,106600,106600,106500,106500,1401
2026-03-25 14:31:00,106500,106550,106400,106450,1682
2026-03-25 14:32:00,106400,106500,106400,106400,1249
2026-03-25 14:33:00,106400,106500,106400,106400,342
2026-03-25 14:34:00,106400,106500,106400,106400,493
2026-03-25 14:35:00,106400,106400,106300,106300,954
2026-03-25 14:36:00,106300,106500,106300,106400,2450
2026-03-25 14:37:00,106400,106800,106400,106600,4271
2026-03-25 14:38:00,106700,106700,106500,106600,553
2026-03-25 14:39:00,106600,106700,106500,106700,1158
2026-03-25 14:40:00,106600,106700,106400,106600,2196
2026-03-25 14:41:00,106600,106600,106500,106500,849
2026-03-25 14:42:00,106500,106600,106500,106500,281
2026-03-25 14:43:00,106500,106700,106400,106400,1987
2026-03-25 14:44:00,106500,106600,106400,106600,1470
2026-03-25 14:45:00,106500,106600,106500,106500,974
2026-03-25 14:46:00,106500,106600,106500,106500,724
2026-03-25 14:47:00,106500,106800,106500,106700,3594
2026-03-25 14:48:00,106700,106800,106600,106700,2232
2026-03-25 14:49:00,106800,106900,106500,106800,2827
2026-03-25 14:50:00,106900,106900,106700,106700,2008
2026-03-25 14:51:00,106700,107000,106600,107000,2209
2026-03-25 14:52:00,107000,107000,106900,107000,1807
2026-03-25 14:53:00,107000,107000,106800,106900,2201
2026-03-25 14:54:00,106900,106900,106800,106900,1261
2026-03-25 14:55:00,106900,106900,106700,106800,2240
2026-03-25 14:56:00,106800,106800,106700,106800,2273
2026-03-25 14:57:00,106800,106900,106500,106900,3598
2026-03-25 14:58:00,106900,107000,106700,107000,2122
2026-03-25 14:59:00,107000,107000,106800,106900,1374
2026-03-25 15:00:00,106900,107100,106800,107000,2592
2026-03-25 15:01:00,107000,107100,106900,107000,3019
2026-03-25 15:02:00,107100,107200,106800,107000,3549
2026-03-25 15:03:00,107000,107200,106800,107000,3927
2026-03-25 15:04:00,107100,107200,107000,107200,1589
2026-03-25 15:05:00,107100,107300,107100,107300,2843
2026-03-25 15:06:00,107300,107300,107200,107300,1910
2026-03-25 15:07:00,107300,107300,107200,107300,1842
2026-03-25 15:08:00,107300,107300,107200,107300,1922
2026-03-25 15:09:00,107300,107300,107200,107300,1607
2026-03-25 15:10:00,107300,107300,107200,107300,1991
2026-03-25 15:11:00,107300,107400,107200,107400,2098
2026-03-25 15:12:00,107350,107400,107200,107300,2640
2026-03-25 15:13:00,107400,107400,107300,107400,2390
2026-03-25 15:14:00,107400,107400,107300,107400,2730
2026-03-25 15:15:00,107300,107600,107300,107500,2826
2026-03-25 15:16:00,107400,107600,107400,107600,2273
2026-03-25 15:17:00,107500,107700,107400,107600,2626
2026-03-25 15:18:00,107600,107600,107400,107600,2429
2026-03-25 15:19:00,107500,107600,107100,107500,2969
2026-03-25 15:30:00,107500,107500,107500,107500,28262
2026-03-25 15:35:00,107500,107500,107500,107500,41
2026-03-26 09:00:00,105700,106000,105100,105800,11719
2026-03-26 09:01:00,105800,106500,105700,106400,4281
2026-03-26 09:02:00,106400,107400,106000,106600,3563
2026-03-26 09:03:00,106700,107200,106300,106900,4714
2026-03-26 09:04:00,106900,107200,106100,106500,3411
2026-03-26 09:05:00,106500,107100,106200,106800,7315
2026-03-26 09:06:00,106900,107000,106100,106100,2101
2026-03-26 09:07:00,106200,106700,106100,106500,2382
2026-03-26 09:08:00,106500,106600,106100,106400,2287
2026-03-26 09:09:00,106200,107100,106200,106900,3571
2026-03-26 09:10:00,106700,107000,106400,106500,2856
2026-03-26 09:11:00,106500,106700,106400,106700,2169
2026-03-26 09:12:00,106700,106800,106600,106800,1305
2026-03-26 09:13:00,106800,107300,106700,107250,3172
2026-03-26 09:14:00,107200,107400,107000,107300,4193
2026-03-26 09:15:00,107300,107400,107100,107100,2306
2026-03-26 09:16:00,107100,107200,106600,106600,1484
2026-03-26 09:17:00,106900,106900,106600,106800,950
2026-03-26 09:18:00,106800,107000,106700,106700,1468
2026-03-26 09:19:00,106700,107200,106700,106900,2606
2026-03-26 09:20:00,106900,107100,106800,106900,2519
2026-03-26 09:21:00,106900,107100,106800,107000,1345
2026-03-26 09:22:00,107000,107600,106900,107500,3961
2026-03-26 09:23:00,107500,107500,107200,107400,1036
2026-03-26 09:24:00,107400,107500,106900,107100,3130
2026-03-26 09:25:00,107000,107100,106700,106900,3064
2026-03-26 09:26:00,106900,107400,106900,107000,1610
2026-03-26 09:27:00,107000,107100,106900,106900,860
2026-03-26 09:28:00,106900,106900,106700,106800,355
2026-03-26 09:29:00,106800,106800,106700,106800,1626
2026-03-26 09:30:00,106800,106900,106800,106900,1642
2026-03-26 09:31:00,107000,107000,106700,106700,2019
2026-03-26 09:32:00,106800,106800,106700,106750,255
2026-03-26 09:33:00,106800,106800,106700,106800,1227
2026-03-26 09:34:00,106800,107200,106700,107000,3322
2026-03-26 09:35:00,107000,107000,106900,107000,73
2026-03-26 09:36:00,106900,107700,106900,107400,6329
2026-03-26 09:37:00,107400,107500,107200,107300,1374
2026-03-26 09:38:00,107300,107700,107300,107700,886
2026-03-26 09:39:00,107600,107700,107300,107400,1935
2026-03-26 09:40:00,107400,107800,107200,107700,2760
2026-03-26 09:41:00,107600,107600,107300,107500,642
2026-03-26 09:42:00,107500,107500,107300,107400,411
2026-03-26 09:43:00,107300,107300,107100,107200,1249
2026-03-26 09:44:00,107100,107200,107000,107000,836
2026-03-26 09:45:00,107100,107100,106900,106900,1060
2026-03-26 09:46:00,106900,107000,106700,106900,1528
2026-03-26 09:47:00,106900,107200,106800,107200,4088
2026-03-26 09:48:00,107200,107400,107000,107000,1863
2026-03-26 09:49:00,107000,107200,107000,107100,1729
2026-03-26 09:50:00,107200,107200,107000,107000,560
2026-03-26 09:51:00,107100,107400,107000,107400,2968
2026-03-26 09:52:00,107400,107500,107400,107400,615
2026-03-26 09:53:00,107400,107500,107400,107500,225
2026-03-26 09:54:00,107500,107500,107000,107200,2209
2026-03-26 09:55:00,107200,107200,107000,107100,608
2026-03-26 09:56:00,107100,107600,107000,107000,4984
2026-03-26 09:57:00,107000,107100,106900,107100,247
2026-03-26 09:58:00,107100,107100,106800,106800,513
2026-03-26 09:59:00,106800,106900,106700,106700,895
2026-03-26 10:00:00,106800,106800,106700,106700,1020
2026-03-26 10:01:00,106700,107000,106600,106900,2566
2026-03-26 10:02:00,106900,106900,106700,106700,537
2026-03-26 10:03:00,106700,106800,106700,106700,430
2026-03-26 10:04:00,106700,106700,106600,106700,584
2026-03-26 10:05:00,106700,106700,106300,106400,2873
2026-03-26 10:06:00,106400,106400,106300,106400,661
2026-03-26 10:07:00,106400,107000,106400,106900,6084
2026-03-26 10:08:00,106900,106900,106700,106800,212
2026-03-26 10:09:00,106700,106800,106700,106800,312
2026-03-26 10:10:00,106800,106900,106750,106800,1526
2026-03-26 10:11:00,106900,106900,106800,106800,337
2026-03-26 10:12:00,106800,106900,106700,106700,259
2026-03-26 10:13:00,106700,106800,106700,106700,408
2026-03-26 10:14:00,106700,106800,106600,106700,715
2026-03-26 10:15:00,106700,107100,106600,106600,2350
2026-03-26 10:16:00,106800,106800,106600,106600,264
2026-03-26 10:17:00,106600,106700,106500,106600,2080
2026-03-26 10:18:00,106600,106700,106300,106500,1297
2026-03-26 10:19:00,106500,106500,106400,106500,338
2026-03-26 10:20:00,106400,106800,106300,106500,4428
2026-03-26 10:21:00,106500,107100,106300,106700,2516
2026-03-26 10:22:00,106900,106900,106500,106600,812
2026-03-26 10:23:00,106500,106500,106400,106500,394
2026-03-26 10:24:00,106500,106500,106300,106400,371
2026-03-26 10:25:00,106300,106800,106200,106400,2185
2026-03-26 10:26:00,106400,106600,106300,106300,347
2026-03-26 10:27:00,106300,106300,106200,106300,278
2026-03-26 10:28:00,106200,106300,106200,106200,486
2026-03-26 10:29:00,106200,106900,106200,106600,4281
2026-03-26 10:30:00,106500,106600,106200,106400,1624
2026-03-26 10:31:00,106400,106800,106250,106600,2072
2026-03-26 10:32:00,106800,106800,106400,106500,363
2026-03-26 10:33:00,106500,106500,106200,106300,524
2026-03-26 10:34:00,106300,106500,106200,106400,745
2026-03-26 10:35:00,106400,106500,106300,106300,306
2026-03-26 10:36:00,106300,106300,106200,106200,811
2026-03-26 10:37:00,106200,106300,106100,106100,500
2026-03-26 10:38:00,106200,106500,106100,106200,2010
2026-03-26 10:39:00,106400,106600,106300,106300,484
2026-03-26 10:40:00,106400,106400,106100,106300,580
2026-03-26 10:41:00,106200,106600,106200,106600,2244
2026-03-26 10:42:00,106500,106600,106300,106500,324
2026-03-26 10:43:00,106400,106500,106200,106500,559
2026-03-26 10:44:00,106400,106500,106400,106450,172
2026-03-26 10:45:00,106400,106400,106300,106300,457
2026-03-26 10:46:00,106300,106400,106300,106400,395
2026-03-26 10:47:00,106300,106400,106100,106100,1108
2026-03-26 10:48:00,106200,106200,106100,106100,635
2026-03-26 10:49:00,106100,106200,106100,106100,120
2026-03-26 10:50:00,106100,106200,106100,106100,616
2026-03-26 10:51:00,106100,106200,106100,106100,817
2026-03-26 10:52:00,106100,106200,106100,106200,2452
2026-03-26 10:53:00,106200,106200,106100,106100,759
2026-03-26 10:54:00,106100,106200,106000,106000,1758
2026-03-26 10:55:00,106000,106100,106000,106000,2108
2026-03-26 10:56:00,106000,106100,106000,106000,1124
2026-03-26 10:57:00,106100,106100,106000,106100,2296
2026-03-26 10:58:00,106000,106100,105900,105900,1145
2026-03-26 10:59:00,105900,106000,105700,106000,3043
2026-03-26 11:00:00,106000,106000,105900,106000,215
2026-03-26 11:01:00,106000,106400,105900,106400,1567
2026-03-26 11:02:00,106300,106300,106000,106000,399
2026-03-26 11:03:00,106000,106200,105900,106000,187
2026-03-26 11:04:00,105900,106100,105800,106100,1262
2026-03-26 11:05:00,106100,106100,106000,106000,352
2026-03-26 11:06:00,105900,106000,105700,105800,380
2026-03-26 11:07:00,105700,105800,105300,105500,3643
2026-03-26 11:08:00,105500,106000,105500,105900,5148
2026-03-26 11:09:00,105800,105900,105800,105800,1207
2026-03-26 11:10:00,105800,105900,105200,105300,2440
2026-03-26 11:11:00,105300,105700,105200,105400,3999
2026-03-26 11:12:00,105400,105700,105300,105400,487
2026-03-26 11:13:00,105400,105400,105300,105300,938
2026-03-26 11:14:00,105300,105400,105200,105300,1837
2026-03-26 11:15:00,105400,105400,105300,105300,1242
2026-03-26 11:16:00,105400,105400,105300,105300,678
2026-03-26 11:17:00,105400,105700,105200,105300,4192
2026-03-26 11:18:00,105200,105200,105100,105100,3496
2026-03-26 11:19:00,105100,105200,105100,105100,1188
2026-03-26 11:20:00,105100,105600,105100,105300,4655
2026-03-26 11:21:00,105400,105500,105000,105100,1533
2026-03-26 11:22:00,105100,105100,105000,105100,491
2026-03-26 11:23:00,105100,105100,105000,105000,1056
2026-03-26 11:24:00,105000,105600,105000,105100,4221
2026-03-26 11:25:00,105100,105600,105100,105200,3020
2026-03-26 11:26:00,105200,105200,105100,105200,127
2026-03-26 11:27:00,105100,105200,105000,105200,874
2026-03-26 11:28:00,105100,105200,105100,105100,1702
2026-03-26 11:29:00,105100,105100,104800,104800,7661
2026-03-26 11:30:00,104800,104900,104700,104700,2783
2026-03-26 11:31:00,104800,104800,104500,104500,3192
2026-03-26 11:32:00,104500,104500,104200,104400,2460
2026-03-26 11:33:00,104400,104500,104200,104300,5384
2026-03-26 11:34:00,104300,104400,104200,104300,1495
2026-03-26 11:35:00,104300,104800,104300,104500,3539
2026-03-26 11:36:00,104500,104700,104400,104400,1026
2026-03-26 11:37:00,104400,104500,104100,104500,1584
2026-03-26 11:38:00,104400,104500,104300,104400,1830
2026-03-26 11:39:00,104500,104500,104200,104500,691
2026-03-26 11:40:00,104500,104900,104400,104400,2312
2026-03-26 11:41:00,104400,104800,104300,104400,1237
2026-03-26 11:42:00,104400,104800,104400,104500,989
2026-03-26 11:43:00,104600,104800,104400,104400,1158
2026-03-26 11:44:00,104400,104800,104300,104600,1302
2026-03-26 11:45:00,104600,104600,104400,104600,668
2026-03-26 11:46:00,104600,104900,104600,104900,1339
2026-03-26 11:47:00,104900,104900,104300,104600,1058
2026-03-26 11:48:00,104600,105000,104500,105000,2475
2026-03-26 11:49:00,104900,105000,104600,104700,1244
2026-03-26 11:50:00,104700,105000,104500,104700,1581
2026-03-26 11:51:00,104900,105200,104600,104600,1749
2026-03-26 11:52:00,104700,104700,104600,104700,544
2026-03-26 11:53:00,104600,104700,104600,104600,440
2026-03-26 11:54:00,104600,104700,104500,104600,1092
2026-03-26 11:55:00,104600,104700,104300,104700,2458
2026-03-26 11:56:00,104600,104600,104400,104500,337
2026-03-26 11:57:00,104400,104500,104300,104400,590
2026-03-26 11:58:00,104400,104900,104300,104800,4171
2026-03-26 11:59:00,104600,104600,104500,104500,255
2026-03-26 12:00:00,104500,104600,104300,104500,1251
2026-03-26 12:01:00,104500,104900,104400,104900,2376
2026-03-26 12:02:00,104800,104800,104400,104400,800
2026-03-26 12:03:00,104500,104800,104400,104800,1963
2026-03-26 12:04:00,104700,104700,104600,104600,416
2026-03-26 12:05:00,104700,104900,104600,104800,1419
2026-03-26 12:06:00,104900,104900,104700,104800,439
2026-03-26 12:07:00,104700,104700,104500,104600,710
2026-03-26 12:08:00,104500,104600,104350,104400,1203
2026-03-26 12:09:00,104400,104700,104400,104500,1331
2026-03-26 12:10:00,104500,104500,104300,104500,560
2026-03-26 12:11:00,104500,104800,104400,104500,1961
2026-03-26 12:12:00,104500,104500,104400,104500,494
2026-03-26 12:13:00,104500,104900,104500,104800,2359
2026-03-26 12:14:00,104800,104800,104600,104700,431
2026-03-26 12:15:00,104600,104700,104500,104600,477
2026-03-26 12:16:00,104700,104800,104500,104700,1358
2026-03-26 12:17:00,104600,104600,104400,104500,1096
2026-03-26 12:18:00,104400,104500,104400,104500,509
2026-03-26 12:19:00,104500,104500,104400,104500,156
2026-03-26 12:20:00,104400,104500,104300,104400,581
2026-03-26 12:21:00,104400,104800,104200,104600,2977
2026-03-26 12:22:00,104500,104900,104300,104600,1009
2026-03-26 12:23:00,104500,104600,104200,104400,1158
2026-03-26 12:24:00,104400,104400,104300,104300,539
2026-03-26 12:25:00,104400,104600,104300,104600,1085
2026-03-26 12:26:00,104600,104600,104300,104500,588
2026-03-26 12:27:00,104500,104500,104300,104400,178
2026-03-26 12:28:00,104400,104400,104300,104300,954
2026-03-26 12:29:00,104400,104500,104300,104500,1245
2026-03-26 12:30:00,104500,105000,104500,105000,946
2026-03-26 12:31:00,104900,105000,104900,105000,817
2026-03-26 12:32:00,105000,105200,105000,105100,2543
2026-03-26 12:33:00,105100,105200,105000,105100,555
2026-03-26 12:34:00,105100,105400,105100,105100,1011
2026-03-26 12:35:00,105200,105300,105200,105300,913
2026-03-26 12:36:00,105300,105800,105300,105400,1972
2026-03-26 12:37:00,105500,105500,105100,105300,1048
2026-03-26 12:38:00,105400,105400,105300,105400,859
2026-03-26 12:39:00,105400,105400,105300,105300,584
2026-03-26 12:40:00,105300,105500,105300,105400,1307
2026-03-26 12:41:00,105400,105500,105300,105500,1344
2026-03-26 12:42:00,105500,105700,105400,105500,1041
2026-03-26 12:43:00,105600,105600,105200,105500,1069
2026-03-26 12:44:00,105500,106000,105400,105700,1881
2026-03-26 12:45:00,105600,106100,105600,105700,1379
2026-03-26 12:46:00,105700,105800,105300,105600,524
2026-03-26 12:47:00,105600,105600,105500,105500,217
2026-03-26 12:48:00,105500,105600,105100,105400,788
2026-03-26 12:49:00,105400,105500,105300,105300,519
2026-03-26 12:50:00,105300,105500,105300,105400,1904
2026-03-26 12:51:00,105300,105500,105300,105400,410
2026-03-26 12:52:00,105400,105400,105300,105300,273
2026-03-26 12:53:00,105300,105400,105200,105300,621
2026-03-26 12:54:00,105300,105300,105200,105200,260
2026-03-26 12:55:00,105300,105300,105200,105200,512
2026-03-26 12:56:00,105300,105300,105200,105300,480
2026-03-26 12:57:00,105200,105400,105200,105400,3937
2026-03-26 12:58:00,105400,105400,105200,105400,635
2026-03-26 12:59:00,105400,105400,105300,105400,293
2026-03-26 13:00:00,105300,105400,105200,105400,841
2026-03-26 13:01:00,105400,105400,105100,105200,864
2026-03-26 13:02:00,105300,105500,105300,105500,1468
2026-03-26 13:03:00,105500,105600,105300,105500,1016
2026-03-26 13:04:00,105400,105500,105300,105400,436
2026-03-26 13:05:00,105300,105400,105100,105100,1175
2026-03-26 13:06:00,105400,105500,105300,105400,1130
2026-03-26 13:07:00,105300,105600,105300,105600,911
2026-03-26 13:08:00,105600,105600,105300,105500,497
2026-03-26 13:09:00,105400,105600,105300,105500,1625
2026-03-26 13:10:00,105500,105600,105400,105600,1491
2026-03-26 13:11:00,105600,105600,105400,105500,1468
2026-03-26 13:12:00,105600,105600,105500,105600,227
2026-03-26 13:13:00,105600,105600,105300,105600,1396
2026-03-26 13:14:00,105600,105600,105300,105400,1174
2026-03-26 13:15:00,105400,105500,105300,105500,1818
2026-03-26 13:16:00,105500,105700,105400,105400,378
2026-03-26 13:17:00,105400,105400,105200,105400,1227
2026-03-26 13:18:00,105400,105500,105100,105200,1169
2026-03-26 13:19:00,105200,105300,105100,105300,1037
2026-03-26 13:20:00,105200,105300,105100,105300,663
2026-03-26 13:21:00,105250,105700,105200,105500,933
2026-03-26 13:22:00,105500,105500,105300,105300,835
2026-03-26 13:23:00,105400,105500,105400,105400,1064
2026-03-26 13:24:00,105400,105400,105300,105300,252
2026-03-26 13:25:00,105300,105700,105300,105600,1473
2026-03-26 13:26:00,105700,105700,105500,105500,444
2026-03-26 13:27:00,105550,105600,105200,105200,756
2026-03-26 13:28:00,105300,105400,105100,105300,1447
2026-03-26 13:29:00,105300,105500,105300,105400,793
2026-03-26 13:30:00,105500,105500,105300,105500,638
2026-03-26 13:31:00,105400,105400,105200,105300,746
2026-03-26 13:32:00,105400,105400,105200,105300,577
2026-03-26 13:33:00,105300,105300,105100,105200,1068
2026-03-26 13:34:00,105200,105300,105100,105100,600
2026-03-26 13:35:00,105100,105200,105000,105100,814
2026-03-26 13:36:00,105100,105200,105000,105100,1061
2026-03-26 13:37:00,105100,105200,105100,105200,1000
2026-03-26 13:38:00,105200,105200,105100,105100,351
2026-03-26 13:39:00,105100,105200,105100,105100,698
2026-03-26 13:40:00,105100,105400,105000,105300,3064
2026-03-26 13:41:00,105200,105300,105000,105100,604
2026-03-26 13:42:00,105100,105100,105000,105000,480
2026-03-26 13:43:00,105100,105100,105000,105000,854
2026-03-26 13:44:00,105000,105000,104900,104900,178
2026-03-26 13:45:00,105000,105000,104900,104900,2991
2026-03-26 13:46:00,105000,105000,104800,104900,285
2026-03-26 13:47:00,104900,104900,104800,104900,1590
2026-03-26 13:48:00,104900,105100,104900,105000,1020
2026-03-26 13:49:00,105100,105100,104900,105000,326
2026-03-26 13:50:00,104900,104900,104800,104800,388
2026-03-26 13:51:00,104900,104900,104800,104800,317
2026-03-26 13:52:00,104800,104900,104700,104700,557
2026-03-26 13:53:00,104700,104700,104600,104600,620
2026-03-26 13:54:00,104600,104700,104500,104700,1731
2026-03-26 13:55:00,104600,104600,104500,104600,304
2026-03-26 13:56:00,104600,104700,104500,104600,3087
2026-03-26 13:57:00,104700,104700,104500,104500,385
2026-03-26 13:58:00,104600,104600,104500,104600,313
2026-03-26 13:59:00,104600,104800,104500,104700,3372
2026-03-26 14:00:00,104700,104800,104600,104700,1036
2026-03-26 14:01:00,104800,104800,104600,104700,617
2026-03-26 14:02:00,104600,104700,104600,104600,430
2026-03-26 14:03:00,104700,104700,104600,104700,384
2026-03-26 14:04:00,104700,104700,104500,104500,1114
2026-03-26 14:05:00,104600,104600,104500,104600,739
2026-03-26 14:06:00,104500,104600,104300,104400,2040
2026-03-26 14:07:00,104400,104400,104300,104300,435
2026-03-26 14:08:00,104400,104400,104300,104300,1791
2026-03-26 14:09:00,104300,104300,104100,104200,1375
2026-03-26 14:10:00,104100,104300,104100,104200,2107
2026-03-26 14:11:00,104200,104200,104000,104100,3023
2026-03-26 14:12:00,104100,104200,104000,104000,682
2026-03-26 14:13:00,104000,104100,104000,104100,697
2026-03-26 14:14:00,104100,104100,103900,104000,2969
2026-03-26 14:15:00,104000,104100,103900,104100,5149
2026-03-26 14:16:00,104100,104100,104000,104000,249
2026-03-26 14:17:00,104000,104100,104000,104000,482
2026-03-26 14:18:00,104000,104100,104000,104000,404
2026-03-26 14:19:00,104100,104100,104000,104100,350
2026-03-26 14:20:00,104000,104100,104000,104100,444
2026-03-26 14:21:00,104100,104100,103900,103900,765
2026-03-26 14:22:00,104000,104000,103900,103900,1710
2026-03-26 14:23:00,103900,104000,103800,103800,870
2026-03-26 14:24:00,103800,103900,103700,103700,1279
2026-03-26 14:25:00,103700,103800,103500,103600,5997
2026-03-26 14:26:00,103600,103700,103300,103300,3438
2026-03-26 14:27:00,103300,103500,103200,103300,3459
2026-03-26 14:28:00,103400,103500,103200,103300,2353
2026-03-26 14:29:00,103300,103400,103100,103200,1858
2026-03-26 14:30:00,103100,103500,103000,103400,5648
2026-03-26 14:31:00,103400,103400,103200,103200,1754
2026-03-26 14:32:00,103200,103300,103100,103200,2268
2026-03-26 14:33:00,103200,103900,103100,103500,5105
2026-03-26 14:34:00,103600,103600,103300,103300,1457
2026-03-26 14:35:00,103400,103700,103200,103600,3546
2026-03-26 14:36:00,103600,103700,103400,103400,1682
2026-03-26 14:37:00,103400,103500,103200,103500,2411
2026-03-26 14:38:00,103400,103500,103300,103500,2762
2026-03-26 14:39:00,103400,103500,103300,103500,2598
2026-03-26 14:40:00,103400,103400,103300,103400,2240
2026-03-26 14:41:00,103400,103800,103300,103600,3214
2026-03-26 14:42:00,103700,103700,103600,103600,1316
2026-03-26 14:43:00,103600,103700,103500,103500,1664
2026-03-26 14:44:00,103500,103600,103300,103400,4527
2026-03-26 14:45:00,103400,103500,103200,103400,3277
2026-03-26 14:46:00,103400,103500,103200,103300,1908
2026-03-26 14:47:00,103300,103400,103200,103400,4171
2026-03-26 14:48:00,103400,103800,103300,103400,4837
2026-03-26 14:49:00,103500,103500,103100,103400,3761
2026-03-26 14:50:00,103300,103400,103200,103200,3501
2026-03-26 14:51:00,103300,103400,103200,103300,3386
2026-03-26 14:52:00,103300,103300,103100,103300,3150
2026-03-26 14:53:00,103100,103300,103000,103300,4707
2026-03-26 14:54:00,103300,103300,103000,103100,3756
2026-03-26 14:55:00,103100,103300,103000,103200,7982
2026-03-26 14:56:00,103200,103300,103000,103200,2669
2026-03-26 14:57:00,103200,103400,103100,103200,4025
2026-03-26 14:58:00,103200,103300,103000,103100,3358
2026-03-26 14:59:00,103000,103100,102800,102900,3590
2026-03-26 15:00:00,103000,103300,102900,103100,3225
2026-03-26 15:01:00,103200,103200,102800,103000,2638
2026-03-26 15:02:00,103000,103500,102800,103200,3564
2026-03-26 15:03:00,103200,103200,102900,103100,2207
2026-03-26 15:04:00,103000,103100,102900,102900,2990
2026-03-26 15:05:00,103100,103200,102700,102800,2313
2026-03-26 15:06:00,102800,102900,102600,102700,2954
2026-03-26 15:07:00,102700,102800,102500,102800,3728
2026-03-26 15:08:00,102700,102700,102500,102600,3314
2026-03-26 15:09:00,102400,102700,102400,102700,2345
2026-03-26 15:10:00,102700,102700,102400,102600,3700
2026-03-26 15:11:00,102500,102600,102400,102600,3658
2026-03-26 15:12:00,102600,102600,102200,102400,4479
2026-03-26 15:13:00,102300,102900,102300,102800,4020
2026-03-26 15:14:00,102800,102800,102400,102500,5092
2026-03-26 15:15:00,102400,102700,102300,102600,6407
2026-03-26 15:16:00,102500,102800,102300,102500,7412
2026-03-26 15:17:00,102600,103200,102300,102800,7542
2026-03-26 15:18:00,102800,102900,102600,102800,3807
2026-03-26 15:19:00,102800,103200,102200,103000,3452
2026-03-26 15:30:00,103200,103200,103200,103200,41766
2026-03-26 15:35:00,103200,103200,103200,103200,105
2026-03-27 09:00:00,100900,102000,100000,101200,24000
2026-03-27 09:01:00,101300,102800,101100,101500,7727
2026-03-27 09:02:00,101600,102100,100100,101600,5245
2026-03-27 09:03:00,101600,103200,101200,103000,5725
2026-03-27 09:04:00,103000,103100,102400,102900,2493
2026-03-27 09:05:00,102900,103000,101500,102300,4205
2026-03-27 09:06:00,102300,102900,102300,102300,4388
2026-03-27 09:07:00,102500,102500,101600,102200,2251
2026-03-27 09:08:00,102100,102200,101300,101500,3185
2026-03-27 09:09:00,101800,102100,101600,101900,1795
2026-03-27 09:10:00,101800,102000,101300,101900,3465
2026-03-27 09:11:00,102000,102000,101300,101300,3831
2026-03-27 09:12:00,101400,102000,101300,101700,3392
2026-03-27 09:13:00,101800,101800,101300,101300,1829
2026-03-27 09:14:00,101300,101700,101300,101500,1195
2026-03-27 09:15:00,101600,101600,101200,101200,976
2026-03-27 09:16:00,101200,101300,100500,100600,3371
2026-03-27 09:17:00,100600,100800,100200,100700,4338
2026-03-27 09:18:00,100700,101200,100600,100700,3302
2026-03-27 09:19:00,100700,100800,100300,100400,1911
2026-03-27 09:20:00,100400,101300,100300,101200,4628
2026-03-27 09:21:00,101000,101200,100800,100900,2862
2026-03-27 09:22:00,100900,100900,100300,100400,839
2026-03-27 09:23:00,100400,100800,100300,100300,1256
2026-03-27 09:24:00,100300,101000,100300,101000,2516
2026-03-27 09:25:00,100900,101000,100700,100800,1432
2026-03-27 09:26:00,100800,101200,100500,101100,2862
2026-03-27 09:27:00,101000,101100,100900,100900,1069
2026-03-27 09:28:00,100900,101000,100900,100900,954
2026-03-27 09:29:00,100900,101000,100600,100900,1965
2026-03-27 09:30:00,100950,101600,100950,101200,4065
2026-03-27 09:31:00,101200,101400,100900,101300,771
2026-03-27 09:32:00,101300,101600,101200,101300,1621
2026-03-27 09:33:00,101300,101700,101200,101400,2687
2026-03-27 09:34:00,101300,101400,101000,101300,2767
2026-03-27 09:35:00,101300,101400,100800,101100,2098
2026-03-27 09:36:00,101100,101300,101000,101200,1552
2026-03-27 09:37:00,101200,101200,100700,100700,2246
2026-03-27 09:38:00,101000,101100,100500,100700,3350
2026-03-27 09:39:00,100700,101100,100600,101000,2414
2026-03-27 09:40:00,100900,101000,100400,100400,3284
2026-03-27 09:41:00,100700,101000,100600,100900,1619
2026-03-27 09:42:00,100900,101000,100700,100700,1061
2026-03-27 09:43:00,100800,100900,100600,100700,1319
2026-03-27 09:44:00,100600,100800,100500,100600,3401
2026-03-27 09:45:00,100600,100600,100100,100500,1927
2026-03-27 09:46:00,100500,100700,100300,100400,2512
2026-03-27 09:47:00,100400,100500,100100,100200,623
2026-03-27 09:48:00,100100,100400,100100,100100,2335
2026-03-27 09:49:00,100100,100200,100000,100200,1534
2026-03-27 09:50:00,100200,100500,100100,100500,2056
2026-03-27 09:51:00,100400,100500,100000,100100,1289
2026-03-27 09:52:00,100300,100400,100000,100300,1279
2026-03-27 09:53:00,100300,100700,100100,100500,2997
2026-03-27 09:54:00,100400,100600,100300,100500,2651
2026-03-27 09:55:00,100600,100700,100200,100700,1337
2026-03-27 09:56:00,100600,100700,100500,100500,764
2026-03-27 09:57:00,100500,100600,100400,100600,383
2026-03-27 09:58:00,100600,100700,100300,100600,1558
2026-03-27 09:59:00,100600,100600,100400,100400,989
2026-03-27 10:00:00,100500,100900,100300,100900,3455
2026-03-27 10:01:00,100900,101200,100700,101000,2853
2026-03-27 10:02:00,100900,101400,100900,101400,1463
2026-03-27 10:03:00,101400,101600,101300,101300,1014
2026-03-27 10:04:00,101400,101400,100800,101200,3256
2026-03-27 10:05:00,101200,101700,101100,101500,1576
2026-03-27 10:06:00,101500,101500,101200,101500,831
2026-03-27 10:07:00,101500,101500,101200,101400,565
2026-03-27 10:08:00,101500,101500,101100,101200,1057
2026-03-27 10:09:00,101200,101500,101100,101400,697
2026-03-27 10:10:00,101200,101700,101100,101600,1223
2026-03-27 10:11:00,101700,101800,101300,101300,1110
2026-03-27 10:12:00,101500,101500,101100,101200,909
2026-03-27 10:13:00,101200,101300,101100,101300,1189
2026-03-27 10:14:00,101200,101300,101100,101200,498
2026-03-27 10:15:00,101300,101700,101200,101600,1964
2026-03-27 10:16:00,101500,101700,101400,101600,1418
2026-03-27 10:17:00,101600,101700,101500,101700,495
2026-03-27 10:18:00,101700,101700,101400,101500,803
2026-03-27 10:19:00,101500,101700,101300,101700,718
2026-03-27 10:20:00,101700,101700,101300,101700,895
2026-03-27 10:21:00,101700,101800,101600,101800,727
2026-03-27 10:22:00,101800,102000,101800,101900,1569
2026-03-27 10:23:00,101900,102000,101800,102000,451
2026-03-27 10:24:00,101900,102100,101900,102100,663
2026-03-27 10:25:00,102100,102100,101700,101800,1193
2026-03-27 10:26:00,101800,102000,101700,102000,346
2026-03-27 10:27:00,101900,102200,101700,101800,1296
2026-03-27 10:28:00,102100,102100,101800,101900,564
2026-03-27 10:29:00,102000,102300,101800,102200,794
2026-03-27 10:30:00,102100,102500,102100,102200,1616
2026-03-27 10:31:00,102300,102500,102200,102500,729
2026-03-27 10:32:00,102200,102600,102200,102400,1359
2026-03-27 10:33:00,102400,102400,102000,102000,701
2026-03-27 10:34:00,102200,102200,101800,102200,597
2026-03-27 10:35:00,102000,102400,102000,102400,909
2026-03-27 10:36:00,102400,102500,101900,102000,1941
2026-03-27 10:37:00,102100,102200,102000,102100,277
2026-03-27 10:38:00,102200,102500,102000,102300,1249
2026-03-27 10:39:00,102300,102600,102100,102400,1781
2026-03-27 10:40:00,102400,102500,102200,102500,370
2026-03-27 10:41:00,102500,102700,102200,102500,1219
2026-03-27 10:42:00,102500,102600,102500,102600,300
2026-03-27 10:43:00,102600,102600,102100,102200,1075
2026-03-27 10:44:00,102200,102500,102200,102300,506
2026-03-27 10:45:00,102300,102300,101700,102100,2005
2026-03-27 10:46:00,101900,102100,101400,101600,1851
2026-03-27 10:47:00,101700,102000,101700,101900,653
2026-03-27 10:48:00,101900,102000,101800,102000,420
2026-03-27 10:49:00,102000,102000,101500,101900,1314
2026-03-27 10:50:00,101900,101900,101800,101900,319
2026-03-27 10:51:00,101900,101900,101200,101500,1944
2026-03-27 10:52:00,101800,101950,101400,101700,1384
2026-03-27 10:53:00,101700,101700,101500,101600,818
2026-03-27 10:54:00,101700,101900,101600,101800,675
2026-03-27 10:55:00,101900,101900,101500,101600,1705
2026-03-27 10:56:00,101600,101700,101400,101500,1153
2026-03-27 10:57:00,101500,101500,101300,101400,740
2026-03-27 10:58:00,101400,101500,101300,101400,635
2026-03-27 10:59:00,101500,101800,101400,101700,1674
2026-03-27 11:00:00,101600,101800,101500,101800,720
2026-03-27 11:01:00,101700,101900,101700,101900,1016
2026-03-27 11:02:00,101900,102000,101800,102000,356
2026-03-27 11:03:00,102000,102100,101600,101600,1771
2026-03-27 11:04:00,101600,101900,101500,101900,449
2026-03-27 11:05:00,101900,102000,101700,102000,567
2026-03-27 11:06:00,101800,102000,101600,101800,2492
2026-03-27 11:07:00,101800,102000,101600,101600,1086
2026-03-27 11:08:00,101700,101700,101400,101500,2794
2026-03-27 11:09:00,101500,101600,101400,101500,882
2026-03-27 11:10:00,101500,101900,101500,101600,526
2026-03-27 11:11:00,101600,101900,101400,101700,1015
2026-03-27 11:12:00,101600,101800,101500,101600,443
2026-03-27 11:13:00,101500,101600,101400,101500,316
2026-03-27 11:14:00,101500,101600,101400,101600,737
2026-03-27 11:15:00,101600,101600,101500,101500,287
2026-03-27 11:16:00,101600,101600,101300,101300,1071
2026-03-27 11:17:00,101300,101400,101200,101300,714
2026-03-27 11:18:00,101300,101500,101200,101300,1580
2026-03-27 11:19:00,101300,101700,101300,101700,1037
2026-03-27 11:20:00,101600,101700,101400,101700,602
2026-03-27 11:21:00,101600,101600,101300,101400,329
2026-03-27 11:22:00,101400,101400,101200,101300,286
2026-03-27 11:23:00,101300,101300,101100,101300,930
2026-03-27 11:24:00,101000,101500,101000,101400,2132
2026-03-27 11:25:00,101500,101500,101200,101200,776
2026-03-27 11:26:00,101300,101400,101200,101300,134
2026-03-27 11:27:00,101200,101500,101200,101400,550
2026-03-27 11:28:00,101200,101800,101200,101300,1766
2026-03-27 11:29:00,101300,101600,101200,101400,1075
2026-03-27 11:30:00,101500,101500,101300,101400,359
2026-03-27 11:31:00,101300,101700,101200,101600,1735
2026-03-27 11:32:00,101600,101700,101200,101400,802
2026-03-27 11:33:00,101300,101800,101300,101500,576
2026-03-27 11:34:00,101500,101700,101400,101500,378
2026-03-27 11:35:00,101600,101700,101400,101400,485
2026-03-27 11:36:00,101400,101700,101400,101600,470
2026-03-27 11:37:00,101500,101600,101500,101500,225
2026-03-27 11:38:00,101600,101600,101400,101600,552
2026-03-27 11:39:00,101600,101800,101400,101600,1286
2026-03-27 11:40:00,101600,101700,101500,101600,313
2026-03-27 11:41:00,101600,101700,101500,101600,340
2026-03-27 11:42:00,101600,101700,101600,101600,169
2026-03-27 11:43:00,101700,101700,101500,101700,383
2026-03-27 11:44:00,101700,101700,101500,101600,443
2026-03-27 11:45:00,101600,101700,101500,101500,229
2026-03-27 11:46:00,101500,101700,101500,101600,906
2026-03-27 11:47:00,101500,101900,101500,101800,665
2026-03-27 11:48:00,101900,101900,101300,101500,2140
2026-03-27 11:49:00,101500,101800,101400,101800,785
2026-03-27 11:50:00,101700,101800,101400,101600,478
2026-03-27 11:51:00,101700,101900,101200,101900,1829
2026-03-27 11:52:00,101800,101800,101400,101500,411
2026-03-27 11:53:00,101500,101600,101500,101500,296
2026-03-27 11:54:00,101500,101600,101400,101600,637
2026-03-27 11:55:00,101500,101800,101400,101600,540
2026-03-27 11:56:00,101600,101700,101500,101600,353
2026-03-27 11:57:00,101600,101600,101500,101500,635
2026-03-27 11:58:00,101600,101800,101400,101400,802
2026-03-27 11:59:00,101500,101500,101400,101500,543
2026-03-27 12:00:00,101400,101900,101400,101600,1856
2026-03-27 12:01:00,101500,101600,101400,101400,246
2026-03-27 12:02:00,101400,101900,101400,101600,1611
2026-03-27 12:03:00,101700,101900,101600,101800,635
2026-03-27 12:04:00,101800,101900,101400,101700,1080
2026-03-27 12:05:00,101600,101600,101500,101600,216
2026-03-27 12:06:00,101600,101600,101500,101600,157
2026-03-27 12:07:00,101500,101600,101400,101500,823
2026-03-27 12:08:00,101500,101600,101400,101500,242
2026-03-27 12:09:00,101600,101600,101400,101600,759
2026-03-27 12:10:00,101600,101900,101600,101700,820
2026-03-27 12:11:00,101700,101700,101600,101700,102
2026-03-27 12:12:00,101600,101900,101600,101800,857
2026-03-27 12:13:00,101800,101900,101800,101900,112
2026-03-27 12:14:00,101900,101900,101600,101600,684
2026-03-27 12:15:00,101600,101600,101500,101600,412
2026-03-27 12:16:00,101500,101600,101400,101400,409
2026-03-27 12:17:00,101500,101600,101400,101500,779
2026-03-27 12:18:00,101500,101500,101500,101500,178
2026-03-27 12:19:00,101500,101600,101500,101500,243
2026-03-27 12:20:00,101600,101600,101400,101400,494
2026-03-27 12:21:00,101400,101500,101400,101500,472
2026-03-27 12:22:00,101400,101500,101400,101400,416
2026-03-27 12:23:00,101500,101500,101400,101400,304
2026-03-27 12:24:00,101500,101500,101400,101500,267
2026-03-27 12:25:00,101500,101500,101200,101300,1497
2026-03-27 12:26:00,101300,101400,101300,101300,104
2026-03-27 12:27:00,101300,101400,101300,101300,620
2026-03-27 12:28:00,101400,101700,101300,101700,2078
2026-03-27 12:29:00,101700,101700,101600,101600,477
2026-03-27 12:30:00,101700,101700,101600,101600,297
2026-03-27 12:31:00,101600,101800,101500,101700,723
2026-03-27 12:32:00,101700,101800,101500,101700,478
2026-03-27 12:33:00,101600,101600,101600,101600,232
2026-03-27 12:34:00,101600,102000,101600,102000,1223
2026-03-27 12:35:00,101900,102000,101900,101900,382
2026-03-27 12:36:00,101900,102000,101800,101900,2089
2026-03-27 12:37:00,101900,102000,101900,102000,181
2026-03-27 12:38:00,102000,102200,101900,102000,1166
2026-03-27 12:39:00,102000,102100,102000,102100,341
2026-03-27 12:40:00,102100,102100,102000,102000,411
2026-03-27 12:41:00,101900,102100,101900,102100,482
2026-03-27 12:42:00,102100,102300,101900,102000,1040
2026-03-27 12:43:00,102100,102100,102000,102000,248
2026-03-27 12:44:00,102000,102100,102000,102000,219
2026-03-27 12:45:00,102000,102000,101900,102000,734
2026-03-27 12:46:00,101900,102200,101900,102200,1034
2026-03-27 12:47:00,102100,102200,101900,102000,433
2026-03-27 12:48:00,102000,102100,101900,102100,422
2026-03-27 12:49:00,102100,102200,102100,102100,188
2026-03-27 12:50:00,102100,102100,101900,101900,427
2026-03-27 12:51:00,101900,102400,101900,102300,1990
2026-03-27 12:52:00,102300,102400,102200,102300,594
2026-03-27 12:53:00,102300,102400,102200,102400,588
2026-03-27 12:54:00,102400,102500,102300,102400,674
2026-03-27 12:55:00,102500,102600,102400,102500,793
2026-03-27 12:56:00,102500,102800,102500,102700,501
2026-03-27 12:57:00,102700,102800,102600,102600,757
2026-03-27 12:58:00,102600,102800,102600,102700,496
2026-03-27 12:59:00,102800,103000,102800,103000,975
2026-03-27 13:00:00,103000,103000,102900,102900,859
2026-03-27 13:01:00,102900,103000,102600,102700,1858
2026-03-27 13:02:00,102600,102900,102500,102800,2524
2026-03-27 13:03:00,102850,102900,102500,102800,778
2026-03-27 13:04:00,102800,102900,102700,102800,459
2026-03-27 13:05:00,102800,102800,102700,102700,143
2026-03-27 13:06:00,102700,102800,102700,102700,82
2026-03-27 13:07:00,102800,102800,102700,102700,451
2026-03-27 13:08:00,102700,102800,102700,102700,563
2026-03-27 13:09:00,102700,102800,102700,102700,319
2026-03-27 13:10:00,102800,102800,102700,102800,851
2026-03-27 13:11:00,102800,102900,102800,102800,374
2026-03-27 13:12:00,102900,102900,102800,102800,358
2026-03-27 13:13:00,102900,102900,102800,102800,297
2026-03-27 13:14:00,102800,102900,102700,102800,638
2026-03-27 13:15:00,102700,102800,102600,102800,824
2026-03-27 13:16:00,102700,102800,102700,102800,215
2026-03-27 13:17:00,102800,102800,102700,102700,255
2026-03-27 13:18:00,102700,102900,102700,102800,803
2026-03-27 13:19:00,102800,102900,102800,102900,499
2026-03-27 13:20:00,102800,103000,102800,102900,852
2026-03-27 13:21:00,102900,103200,102900,103200,1422
2026-03-27 13:22:00,103200,103200,103100,103200,183
2026-03-27 13:23:00,103200,103200,103100,103200,1051
2026-03-27 13:24:00,103200,103300,103200,103200,361
2026-03-27 13:25:00,103200,103200,102900,102900,1237
2026-03-27 13:26:00,102900,103200,102900,103000,640
2026-03-27 13:27:00,103000,103100,103000,103000,350
2026-03-27 13:28:00,103000,103100,102800,103000,573
2026-03-27 13:29:00,102900,103200,102800,103200,1540
2026-03-27 13:30:00,103100,103600,103100,103400,3351
2026-03-27 13:31:00,103300,103400,103200,103300,306
2026-03-27 13:32:00,103200,103500,103200,103500,633
2026-03-27 13:33:00,103500,103700,103400,103600,1162
2026-03-27 13:34:00,103700,104300,103600,104000,2625
2026-03-27 13:35:00,104050,104050,103700,103800,1010
2026-03-27 13:36:00,103800,103800,103600,103600,667
2026-03-27 13:37:00,103700,104100,103700,103800,1412
2026-03-27 13:38:00,103800,103900,103800,103900,541
2026-03-27 13:39:00,103800,104300,103800,104200,1397
2026-03-27 13:40:00,104300,104300,104000,104100,1347
2026-03-27 13:41:00,104100,104200,104100,104200,338
2026-03-27 13:42:00,104200,104300,104100,104200,1607
2026-03-27 13:43:00,104200,104500,104200,104500,1637
2026-03-27 13:44:00,104500,104500,104400,104500,244
2026-03-27 13:45:00,104500,104800,104400,104600,5213
2026-03-27 13:46:00,104600,104900,104400,104600,2726
2026-03-27 13:47:00,104600,104700,104500,104500,693
2026-03-27 13:48:00,104500,104600,104500,104500,834
2026-03-27 13:49:00,104600,104600,104400,104500,749
2026-03-27 13:50:00,104600,104600,104400,104400,1333
2026-03-27 13:51:00,104400,104600,104400,104600,741
2026-03-27 13:52:00,104600,104800,104400,104600,1755
2026-03-27 13:53:00,104600,104600,104400,104500,762
2026-03-27 13:54:00,104400,104500,104200,104400,1057
2026-03-27 13:55:00,104400,104900,104400,104800,3255
2026-03-27 13:56:00,104800,105000,104800,105000,1092
2026-03-27 13:57:00,104900,105500,104900,105400,5556
2026-03-27 13:58:00,105400,105400,105000,105100,1748
2026-03-27 13:59:00,105100,105500,105100,105400,1304
2026-03-27 14:00:00,105500,105600,105300,105400,2472
2026-03-27 14:01:00,105400,105800,105300,105700,3043
2026-03-27 14:02:00,105700,105900,105600,105800,1240
2026-03-27 14:03:00,105700,105900,105600,105800,1609
2026-03-27 14:04:00,105750,106200,105700,105950,2510
2026-03-27 14:05:00,105900,105900,105400,105400,2063
2026-03-27 14:06:00,105500,105700,105400,105600,2273
2026-03-27 14:07:00,105700,106000,105600,105900,1688
2026-03-27 14:08:00,105800,105900,105600,105700,695
2026-03-27 14:09:00,105700,105900,105600,105700,758
2026-03-27 14:10:00,105700,105800,105500,105700,1717
2026-03-27 14:11:00,105700,105800,105400,105500,1068
2026-03-27 14:12:00,105400,105900,105400,105850,819
2026-03-27 14:13:00,105900,105900,105500,105600,1116
2026-03-27 14:14:00,105600,106000,105600,105900,960
2026-03-27 14:15:00,105900,106200,105900,106000,1992
2026-03-27 14:16:00,106000,106100,105900,106100,765
2026-03-27 14:17:00,106100,106200,106000,106100,830
2026-03-27 14:18:00,106100,106100,105700,105700,2123
2026-03-27 14:19:00,105700,106100,105600,105800,1153
2026-03-27 14:20:00,106100,106100,105500,105600,2479
2026-03-27 14:21:00,105500,105800,105300,105600,3026
2026-03-27 14:22:00,105700,106000,105600,105600,2078
2026-03-27 14:23:00,105800,105800,105500,105500,1812
2026-03-27 14:24:00,105500,105600,105100,105100,1323
2026-03-27 14:25:00,105200,105200,105000,105100,2226
2026-03-27 14:26:00,105200,105200,104600,104800,1433
2026-03-27 14:27:00,104800,105400,104700,105000,1786
2026-03-27 14:28:00,105000,105300,104800,105100,1399
2026-03-27 14:29:00,105000,105100,104900,104900,670
2026-03-27 14:30:00,105000,105500,104900,105300,3080
2026-03-27 14:31:00,105400,105500,105200,105200,2815
2026-03-27 14:32:00,105200,105200,105100,105100,493
2026-03-27 14:33:00,105100,105200,104900,104900,1185
2026-03-27 14:34:00,104900,105300,104800,105200,1804
2026-03-27 14:35:00,105200,105200,104900,104900,947
2026-03-27 14:36:00,105000,105000,104900,105000,757
2026-03-27 14:37:00,104900,105400,104900,105100,1239
2026-03-27 14:38:00,105200,105200,105000,105000,417
2026-03-27 14:39:00,105100,105200,105000,105100,652
2026-03-27 14:40:00,105100,105300,105100,105200,589
2026-03-27 14:41:00,105200,105300,104800,104900,1222
2026-03-27 14:42:00,104900,105100,104900,104900,430
2026-03-27 14:43:00,105000,105100,104900,105000,628
2026-03-27 14:44:00,104900,105000,104600,104700,1693
2026-03-27 14:45:00,104600,104900,104500,104700,975
2026-03-27 14:46:00,104700,104700,104500,104500,1123
2026-03-27 14:47:00,104500,105000,104500,104700,1184
2026-03-27 14:48:00,104700,104900,104600,104700,508
2026-03-27 14:49:00,104700,104800,104600,104700,1197
2026-03-27 14:50:00,104600,105000,104500,104700,1125
2026-03-27 14:51:00,104700,104800,104700,104800,592
2026-03-27 14:52:00,104800,104900,104700,104800,1252
2026-03-27 14:53:00,104800,104900,104700,104700,700
2026-03-27 14:54:00,104800,105000,104800,104900,1182
2026-03-27 14:55:00,104900,105100,104900,105000,1147
2026-03-27 14:56:00,105000,105000,104900,104900,2074
2026-03-27 14:57:00,104900,105000,104600,104600,2600
2026-03-27 14:58:00,104600,104700,104400,104600,549
2026-03-27 14:59:00,104700,104800,104600,104800,821
2026-03-27 15:00:00,104700,105100,104700,104800,2022
2026-03-27 15:01:00,104700,105000,104700,104900,707
2026-03-27 15:02:00,104800,104800,104600,104600,1210
2026-03-27 15:03:00,104600,104800,104600,104700,1535
2026-03-27 15:04:00,104700,105000,104700,105000,1647
2026-03-27 15:05:00,105000,105000,104400,104600,1381
2026-03-27 15:06:00,104600,104800,104500,104600,620
2026-03-27 15:07:00,104600,104800,104500,104700,538
2026-03-27 15:08:00,104700,104800,104500,104500,1201
2026-03-27 15:09:00,104500,104600,104200,104300,2226
2026-03-27 15:10:00,104300,104500,104100,104300,2365
2026-03-27 15:11:00,104300,104300,104000,104000,1392
2026-03-27 15:12:00,104000,104100,103800,103800,2712
2026-03-27 15:13:00,103800,104200,103800,104000,1395
2026-03-27 15:14:00,104000,104200,104000,104000,1062
2026-03-27 15:15:00,104000,104100,103900,103900,1107
2026-03-27 15:16:00,103900,104100,103800,103900,1794
2026-03-27 15:17:00,103800,104000,103700,103900,1757
2026-03-27 15:18:00,103800,104000,103700,103900,1685
2026-03-27 15:19:00,103900,104300,103800,104200,922
2026-03-27 15:30:00,104900,104900,104900,104900,17578
2026-03-27 15:35:00,104900,104900,104900,104900,1292
2026-03-30 09:00:00,99000,99400,98500,98600,9247
2026-03-30 09:01:00,99000,99900,98500,98800,3942
2026-03-30 09:02:00,98600,99400,98100,99200,5915
2026-03-30 09:03:00,99200,99600,98400,98700,2956
2026-03-30 09:04:00,98700,98800,98400,98700,1884
2026-03-30 09:05:00,98600,99100,98600,99000,1130
2026-03-30 09:06:00,99000,99000,98200,98200,1907
2026-03-30 09:07:00,98200,98900,98200,98800,2594
2026-03-30 09:08:00,98800,99400,98700,99200,3613
2026-03-30 09:09:00,99200,99500,99000,99300,2229
2026-03-30 09:10:00,99300,99700,99200,99400,4696
2026-03-30 09:11:00,99350,99400,99100,99300,662
2026-03-30 09:12:00,99400,99700,99300,99500,1940
2026-03-30 09:13:00,99500,99700,99400,99400,3200
2026-03-30 09:14:00,99300,99700,99100,99500,3527
2026-03-30 09:15:00,99500,99600,99300,99400,2616
2026-03-30 09:16:00,99500,99500,99400,99400,1840
2026-03-30 09:17:00,99400,99750,99400,99700,4159
2026-03-30 09:18:00,99700,99900,99600,99900,1294
2026-03-30 09:19:00,99800,100500,99600,100200,5233
2026-03-30 09:20:00,100200,100600,100200,100500,513
2026-03-30 09:21:00,100500,100700,100200,100300,2533
2026-03-30 09:22:00,100200,100500,100100,100300,1600
2026-03-30 09:23:00,100300,100400,100100,100100,356
2026-03-30 09:24:00,100100,100200,100100,100100,618
2026-03-30 09:25:00,100150,100150,99900,100000,1047
2026-03-30 09:26:00,100000,100400,99900,100400,2409
2026-03-30 09:27:00,100300,100800,100300,100500,2555
2026-03-30 09:28:00,100600,100600,100200,100350,827
2026-03-30 09:29:00,100350,100400,100000,100100,785
2026-03-30 09:30:00,100100,100100,99500,99700,3649
2026-03-30 09:31:00,99600,100600,99600,100400,6168
2026-03-30 09:32:00,100500,100800,100400,100500,1900
2026-03-30 09:33:00,100500,100500,100200,100300,3214
2026-03-30 09:34:00,100400,100700,100200,100200,2670
2026-03-30 09:35:00,100200,100300,100100,100200,2083
2026-03-30 09:36:00,100200,100300,100000,100000,996
2026-03-30 09:37:00,100000,100200,99900,99900,1363
2026-03-30 09:38:00,99900,99900,99700,99700,1584
2026-03-30 09:39:00,99700,99900,99600,99900,743
2026-03-30 09:40:00,99800,100100,99700,99800,2292
2026-03-30 09:41:00,99900,100100,99800,100100,1052
2026-03-30 09:42:00,99900,100400,99900,100300,1766
2026-03-30 09:43:00,100300,100500,100000,100500,1691
2026-03-30 09:44:00,100600,100600,100000,100300,2988
2026-03-30 09:45:00,100200,100200,99900,99900,343
2026-03-30 09:46:00,99900,100100,99800,99900,431
2026-03-30 09:47:00,99900,100600,99900,100200,3430
2026-03-30 09:48:00,100200,100600,99800,100200,1769
2026-03-30 09:49:00,100300,100300,100000,100000,702
2026-03-30 09:50:00,100000,100000,99900,99900,300
2026-03-30 09:51:00,99900,100100,99800,99900,494
2026-03-30 09:52:00,99900,100000,99900,99900,195
2026-03-30 09:53:00,99900,100200,99900,100200,1515
2026-03-30 09:54:00,100000,100100,99800,99800,362
2026-03-30 09:55:00,99800,99900,99700,99700,362
2026-03-30 09:56:00,99700,100000,99600,99900,2040
2026-03-30 09:57:00,99900,100200,99600,99700,1385
2026-03-30 09:58:00,99700,100000,99600,99700,813
2026-03-30 09:59:00,99800,100000,99600,99700,402
2026-03-30 10:00:00,99800,100400,99800,100400,2675
2026-03-30 10:01:00,100400,100500,100100,100100,823
2026-03-30 10:02:00,100200,100200,100100,100100,780
2026-03-30 10:03:00,100200,100200,99800,100200,620
2026-03-30 10:04:00,100200,100200,99800,99900,809
2026-03-30 10:05:00,99900,100200,99700,100000,1469
2026-03-30 10:06:00,100000,100000,99700,99900,433
2026-03-30 10:07:00,99900,100000,99800,99900,590
2026-03-30 10:08:00,100000,100000,99800,99900,394
2026-03-30 10:09:00,99900,100000,99900,100000,148
2026-03-30 10:10:00,100000,100300,99800,100200,1892
2026-03-30 10:11:00,100200,100300,100000,100200,302
2026-03-30 10:12:00,100200,100300,100200,100300,70
2026-03-30 10:13:00,100200,100300,99900,100200,614
2026-03-30 10:14:00,100100,100200,99900,99900,390
2026-03-30 10:15:00,99900,99900,99800,99800,482
2026-03-30 10:16:00,99800,99900,99700,99900,684
2026-03-30 10:17:00,99800,99900,99800,99800,47
2026-03-30 10:18:00,99900,100200,99800,99900,1769
2026-03-30 10:19:00,99900,100000,99900,99900,174
2026-03-30 10:20:00,99900,100000,99700,99700,432
2026-03-30 10:21:00,99800,100200,99800,99800,1215
2026-03-30 10:22:00,99800,99800,99700,99700,182
2026-03-30 10:23:00,99700,99800,99500,99500,1009
2026-03-30 10:24:00,99600,99600,99300,99400,1376
2026-03-30 10:25:00,99400,100000,99400,99700,3252
2026-03-30 10:26:00,99700,100000,99500,99500,432
2026-03-30 10:27:00,99500,99600,99300,99600,527
2026-03-30 10:28:00,99400,99900,99300,99700,1176
2026-03-30 10:29:00,99600,100000,99500,99800,1049
2026-03-30 10:30:00,99800,99900,99400,99900,1287
2026-03-30 10:31:00,99900,100000,99600,99800,616
2026-03-30 10:32:00,99800,99900,99800,99800,791
2026-03-30 10:33:00,99800,99900,99700,99900,968
2026-03-30 10:34:00,99900,100300,99900,100200,1065
2026-03-30 10:35:00,100200,100400,100000,100100,1241
2026-03-30 10:36:00,100100,100100,99600,99900,757
2026-03-30 10:37:00,99900,100300,99900,100300,2192
2026-03-30 10:38:00,100200,100300,99800,99900,1257
2026-03-30 10:39:00,99900,100300,99800,100200,896
2026-03-30 10:40:00,100200,100300,100100,100200,205
2026-03-30 10:41:00,100200,100200,100100,100200,361
2026-03-30 10:42:00,100200,100500,100000,100300,1434
2026-03-30 10:43:00,100500,100700,100300,100400,1185
2026-03-30 10:44:00,100500,100700,100400,100700,313
2026-03-30 10:45:00,100600,100700,100400,100400,1139
2026-03-30 10:46:00,100400,100500,100300,100400,570
2026-03-30 10:47:00,100400,100500,100300,100300,766
2026-03-30 10:48:00,100400,100400,100200,100300,192
2026-03-30 10:49:00,100200,100300,100200,100200,281
2026-03-30 10:50:00,100200,100300,100000,100000,818
2026-03-30 10:51:00,100100,100500,100000,100200,782
2026-03-30 10:52:00,100200,100600,100200,100400,1131
2026-03-30 10:53:00,100400,100500,99900,100200,982
2026-03-30 10:54:00,100300,100500,100200,100300,961
2026-03-30 10:55:00,100300,100800,99900,100200,2221
2026-03-30 10:56:00,100300,100500,100300,100400,444
2026-03-30 10:57:00,100400,100500,100300,100300,603
2026-03-30 10:58:00,100300,100300,99900,100000,446
2026-03-30 10:59:00,100000,100100,99900,99900,314
2026-03-30 11:00:00,99900,100600,99900,100500,1789
2026-03-30 11:01:00,100400,100600,99900,100000,990
2026-03-30 11:02:00,100000,100000,99800,99900,307
2026-03-30 11:03:00,99900,99900,99600,99700,810
2026-03-30 11:04:00,99700,99800,99600,99700,667
2026-03-30 11:05:00,99800,99800,99700,99800,620
2026-03-30 11:06:00,99700,99800,99700,99700,436
2026-03-30 11:07:00,99700,99800,99600,99800,2873
2026-03-30 11:08:00,99800,99800,99700,99700,303
2026-03-30 11:09:00,99800,99800,99600,99600,804
2026-03-30 11:10:00,99600,99700,99600,99700,364
2026-03-30 11:11:00,99700,100300,99600,99800,3373
2026-03-30 11:12:00,99800,99800,99600,99800,360
2026-03-30 11:13:00,99700,99800,99600,99600,432
2026-03-30 11:14:00,99700,99700,99600,99700,803
2026-03-30 11:15:00,99600,99700,99500,99500,997
2026-03-30 11:16:00,99500,99500,99400,99400,432
2026-03-30 11:17:00,99500,99500,99400,99400,411
2026-03-30 11:18:00,99500,99500,99300,99400,1064
2026-03-30 11:19:00,99400,99400,99300,99300,958
2026-03-30 11:20:00,99400,99400,99100,99100,975
2026-03-30 11:21:00,99100,99100,99000,99100,152
2026-03-30 11:22:00,99000,99100,99000,99000,571
2026-03-30 11:23:00,99100,99100,99000,99100,753
2026-03-30 11:24:00,99100,99100,99000,99000,229
2026-03-30 11:25:00,99100,99200,99000,99100,1927
2026-03-30 11:26:00,99200,99200,99000,99000,699
2026-03-30 11:27:00,99100,99100,98900,99000,331
2026-03-30 11:28:00,98900,99000,98900,98900,190
2026-03-30 11:29:00,98900,99000,98800,98900,1012
2026-03-30 11:30:00,99000,99200,98800,99200,800
2026-03-30 11:31:00,99100,99200,98900,99100,814
2026-03-30 11:32:00,99100,99200,99100,99100,256
2026-03-30 11:33:00,99100,99100,98800,98800,734
2026-03-30 11:34:00,98700,98900,98700,98800,1211
2026-03-30 11:35:00,98900,98900,98800,98800,184
2026-03-30 11:36:00,98800,99300,98800,98800,1517
2026-03-30 11:37:00,98800,99100,98700,98800,445
2026-03-30 11:38:00,98800,98900,98800,98900,287
2026-03-30 11:39:00,99000,99100,98700,98900,617
2026-03-30 11:40:00,99000,99100,98700,98900,612
2026-03-30 11:41:00,98900,99000,98800,98900,490
2026-03-30 11:42:00,98900,99200,98900,99100,706
2026-03-30 11:43:00,99100,99200,98900,99200,372
2026-03-30 11:44:00,99200,99200,99000,99000,373
2026-03-30 11:45:00,99100,99400,99000,99400,775
2026-03-30 11:46:00,99400,99400,99200,99400,235
2026-03-30 11:47:00,99400,99400,99000,99300,704
2026-03-30 11:48:00,99300,99300,98900,99100,591
2026-03-30 11:49:00,99200,99500,99100,99300,738
2026-03-30 11:50:00,99300,99400,99100,99300,364
2026-03-30 11:51:00,99100,99600,99100,99400,560
2026-03-30 11:52:00,99300,99500,99200,99300,302
2026-03-30 11:53:00,99400,99400,99200,99200,229
2026-03-30 11:54:00,99200,99200,99100,99200,375
2026-03-30 11:55:00,99100,99200,99100,99100,295
2026-03-30 11:56:00,99200,99200,99000,99000,190
2026-03-30 11:57:00,99000,99100,98900,99100,436
2026-03-30 11:58:00,99000,99200,99000,99100,650
2026-03-30 11:59:00,99100,99100,98900,99100,515
2026-03-30 12:00:00,99100,99300,99000,99300,529
2026-03-30 12:01:00,99200,99300,99100,99200,582
2026-03-30 12:02:00,99200,99300,99100,99100,625
2026-03-30 12:03:00,99200,99200,99000,99000,152
2026-03-30 12:04:00,99100,99100,98900,99000,610
2026-03-30 12:05:00,99000,99300,99000,99200,653
2026-03-30 12:06:00,99200,99700,99100,99300,1883
2026-03-30 12:07:00,99300,99400,99100,99300,322
2026-03-30 12:08:00,99300,99400,99100,99400,328
2026-03-30 12:09:00,99300,99400,99200,99300,462
2026-03-30 12:10:00,99300,99700,99300,99700,906
2026-03-30 12:11:00,99600,99700,99400,99500,585
2026-03-30 12:12:00,99600,99700,99600,99600,362
2026-03-30 12:13:00,99700,99700,99500,99700,1011
2026-03-30 12:14:00,99600,99700,99200,99300,1008
2026-03-30 12:15:00,99400,99700,99300,99500,729
2026-03-30 12:16:00,99500,99600,99400,99500,124
2026-03-30 12:17:00,99400,99800,99400,99800,699
2026-03-30 12:18:00,99800,99800,99600,99700,404
2026-03-30 12:19:00,99700,99800,99600,99600,416
2026-03-30 12:20:00,99700,99900,99700,99900,849
2026-03-30 12:21:00,99900,99900,99600,99700,1017
2026-03-30 12:22:00,99700,99900,99600,99800,299
2026-03-30 12:23:00,99800,99800,99700,99800,219
2026-03-30 12:24:00,99800,99900,99700,99800,1154
2026-03-30 12:25:00,99800,99900,99700,99900,1638
2026-03-30 12:26:00,99900,100000,99800,99800,2372
2026-03-30 12:27:00,99900,99900,99700,99800,474
2026-03-30 12:28:00,99800,99900,99800,99800,1926
2026-03-30 12:29:00,99900,99900,99700,99700,182
2026-03-30 12:30:00,99700,99800,99600,99600,2160
2026-03-30 12:31:00,99600,99700,99500,99600,532
2026-03-30 12:32:00,99600,99900,99600,99900,837
2026-03-30 12:33:00,99800,99900,99800,99800,541
2026-03-30 12:34:00,99800,99800,99800,99800,705
2026-03-30 12:35:00,99800,99850,99600,99700,848
2026-03-30 12:36:00,99700,99800,99600,99700,970
2026-03-30 12:37:00,99800,99900,99800,99800,343
2026-03-30 12:38:00,99800,99900,99700,99700,564
2026-03-30 12:39:00,99700,99800,99500,99800,1219
2026-03-30 12:40:00,99700,99800,99600,99700,412
2026-03-30 12:41:00,99700,99700,99600,99600,272
2026-03-30 12:42:00,99700,99900,99700,99900,1810
2026-03-30 12:43:00,99900,100000,99800,99900,551
2026-03-30 12:44:00,100000,100000,99900,99950,635
2026-03-30 12:45:00,99900,100000,99600,99600,649
2026-03-30 12:46:00,99600,99700,99500,99700,391
2026-03-30 12:47:00,99600,99700,99600,99700,319
2026-03-30 12:48:00,99700,99900,99600,99800,1832
2026-03-30 12:49:00,99800,100000,99800,99900,450
2026-03-30 12:50:00,99900,100000,99800,99800,227
2026-03-30 12:51:00,99800,99900,99700,99700,324
2026-03-30 12:52:00,99700,99800,99600,99700,499
2026-03-30 12:53:00,99800,99800,99700,99800,242
2026-03-30 12:54:00,99800,99800,99500,99600,776
2026-03-30 12:55:00,99700,99700,99600,99700,464
2026-03-30 12:56:00,99650,99650,99400,99500,642
2026-03-30 12:57:00,99500,99500,99400,99500,731
2026-03-30 12:58:00,99500,99500,99400,99500,198
2026-03-30 12:59:00,99500,99500,99400,99500,399
2026-03-30 13:00:00,99500,99800,99500,99500,889
2026-03-30 13:01:00,99500,99600,99500,99500,469
2026-03-30 13:02:00,99600,99600,99400,99500,371
2026-03-30 13:03:00,99400,99500,99300,99300,422
2026-03-30 13:04:00,99400,99600,99300,99400,924
2026-03-30 13:05:00,99400,99400,99300,99400,329
2026-03-30 13:06:00,99400,99600,99300,99500,1096
2026-03-30 13:07:00,99500,99700,99500,99500,770
2026-03-30 13:08:00,99500,99600,99500,99500,413
2026-03-30 13:09:00,99500,99500,99400,99500,533
2026-03-30 13:10:00,99500,99500,99300,99400,387
2026-03-30 13:11:00,99400,99500,99300,99400,1068
2026-03-30 13:12:00,99300,99400,99300,99400,573
2026-03-30 13:13:00,99400,99500,99400,99500,602
2026-03-30 13:14:00,99400,99400,99300,99300,426
2026-03-30 13:15:00,99300,99400,99200,99200,407
2026-03-30 13:16:00,99200,99400,99200,99200,1232
2026-03-30 13:17:00,99200,99300,99200,99300,305
2026-03-30 13:18:00,99300,99300,99200,99200,460
2026-03-30 13:19:00,99200,99300,99100,99200,805
2026-03-30 13:20:00,99200,99300,99200,99200,346
2026-03-30 13:21:00,99200,99300,99100,99200,609
2026-03-30 13:22:00,99200,99400,99100,99300,1279
2026-03-30 13:23:00,99300,99600,99200,99550,794
2026-03-30 13:24:00,99550,99600,99300,99300,408
2026-03-30 13:25:00,99300,99500,99300,99400,804
2026-03-30 13:26:00,99400,99500,99300,99300,829
2026-03-30 13:27:00,99400,99600,99300,99400,626
2026-03-30 13:28:00,99400,99400,99400,99400,195
2026-03-30 13:29:00,99400,99500,99300,99300,769
2026-03-30 13:30:00,99300,99500,99200,99400,729
2026-03-30 13:31:00,99400,99500,99300,99400,531
2026-03-30 13:32:00,99300,99500,99300,99400,639
2026-03-30 13:33:00,99400,99500,99300,99400,600
2026-03-30 13:34:00,99400,99700,99400,99500,1927
2026-03-30 13:35:00,99500,99500,99300,99300,591
2026-03-30 13:36:00,99300,99400,99200,99300,732
2026-03-30 13:37:00,99300,99400,99200,99200,188
2026-03-30 13:38:00,99200,99300,99200,99300,419
2026-03-30 13:39:00,99200,99300,99100,99200,451
2026-03-30 13:40:00,99200,99300,99100,99200,1390
2026-03-30 13:41:00,99200,99300,99100,99100,245
2026-03-30 13:42:00,99100,99200,99100,99100,360
2026-03-30 13:43:00,99100,99200,99100,99150,397
2026-03-30 13:44:00,99100,99200,99100,99100,1275
2026-03-30 13:45:00,99100,99200,99000,99100,1553
2026-03-30 13:46:00,99100,99100,99000,99100,631
2026-03-30 13:47:00,99100,99100,99000,99100,270
2026-03-30 13:48:00,99000,99100,99000,99100,280
2026-03-30 13:49:00,99100,99600,99000,99200,1835
2026-03-30 13:50:00,99200,99200,99000,99100,784
2026-03-30 13:51:00,99100,99200,99000,99000,489
2026-03-30 13:52:00,99000,99100,99000,99100,288
2026-03-30 13:53:00,99100,99100,99000,99100,280
2026-03-30 13:54:00,99100,99100,99000,99000,464
2026-03-30 13:55:00,99000,99500,99000,99500,2040
2026-03-30 13:56:00,99300,99300,99100,99200,370
2026-03-30 13:57:00,99100,99200,99000,99100,601
2026-03-30 13:58:00,99100,99400,99000,99300,846
2026-03-30 13:59:00,99300,99300,99100,99100,240
2026-03-30 14:00:00,99200,99300,99100,99100,1067
2026-03-30 14:01:00,99100,99200,99000,99000,326
2026-03-30 14:02:00,99100,99200,99000,99100,751
2026-03-30 14:03:00,99000,99100,99000,99000,210
2026-03-30 14:04:00,99100,99100,99000,99100,435
2026-03-30 14:05:00,99000,99100,99000,99100,407
2026-03-30 14:06:00,99100,99300,99000,99100,1655
2026-03-30 14:07:00,99100,99200,99000,99100,713
2026-03-30 14:08:00,99100,99500,99000,99400,1085
2026-03-30 14:09:00,99400,99500,99100,99500,813
2026-03-30 14:10:00,99600,99600,99400,99400,183
2026-03-30 14:11:00,99400,99400,99200,99300,580
2026-03-30 14:12:00,99300,99500,99200,99200,704
2026-03-30 14:13:00,99200,99400,99100,99100,637
2026-03-30 14:14:00,99200,99200,99000,99100,920
2026-03-30 14:15:00,99100,99300,99100,99200,741
2026-03-30 14:16:00,99100,99300,99100,99100,921
2026-03-30 14:17:00,99100,99200,99000,99100,713
2026-03-30 14:18:00,99100,99400,99000,99300,1395
2026-03-30 14:19:00,99300,99400,99100,99200,630
2026-03-30 14:20:00,99200,99300,99200,99200,774
2026-03-30 14:21:00,99300,99300,99100,99200,904
2026-03-30 14:22:00,99300,99400,99000,99300,1507
2026-03-30 14:23:00,99200,99200,99100,99200,417
2026-03-30 14:24:00,99100,99200,99000,99100,806
2026-03-30 14:25:00,99100,99200,99000,99100,1326
2026-03-30 14:26:00,99100,99200,99000,99200,673
2026-03-30 14:27:00,99200,99300,99100,99100,1083
2026-03-30 14:28:00,99100,99200,99000,99200,1132
2026-03-30 14:29:00,99100,99200,99000,99100,866
2026-03-30 14:30:00,99100,99200,99000,99100,601
2026-03-30 14:31:00,99000,99100,98900,99000,1778
2026-03-30 14:32:00,99000,99400,99000,99300,1167
2026-03-30 14:33:00,99300,99400,99200,99300,633
2026-03-30 14:34:00,99300,99400,99200,99200,537
2026-03-30 14:35:00,99200,99400,99200,99300,1151
2026-03-30 14:36:00,99300,99400,99200,99300,207
2026-03-30 14:37:00,99400,99600,99300,99500,1353
2026-03-30 14:38:00,99500,99600,99400,99400,1631
2026-03-30 14:39:00,99400,99600,99400,99400,1035
2026-03-30 14:40:00,99400,99500,99300,99300,252
2026-03-30 14:41:00,99300,99400,99300,99300,400
2026-03-30 14:42:00,99300,99400,99300,99300,1024
2026-03-30 14:43:00,99300,99600,99300,99400,1363
2026-03-30 14:44:00,99300,99400,99200,99300,856
2026-03-30 14:45:00,99300,99600,99200,99600,1004
2026-03-30 14:46:00,99600,99600,99200,99200,656
2026-03-30 14:47:00,99200,99600,99200,99200,1204
2026-03-30 14:48:00,99200,99600,99200,99300,1650
2026-03-30 14:49:00,99300,99400,99200,99300,2006
2026-03-30 14:50:00,99300,99300,99000,99100,1635
2026-03-30 14:51:00,99100,99400,99100,99200,1147
2026-03-30 14:52:00,99200,99300,99000,99000,1845
2026-03-30 14:53:00,99100,99200,99000,99100,1666
2026-03-30 14:54:00,99000,99100,98900,99000,1886
2026-03-30 14:55:00,99100,99100,98800,98900,1925
2026-03-30 14:56:00,98900,99100,98800,99000,1802
2026-03-30 14:57:00,98900,99200,98900,99000,3880
2026-03-30 14:58:00,99100,99400,98900,99200,2593
2026-03-30 14:59:00,99400,99400,98900,99100,1414
2026-03-30 15:00:00,99100,99200,98800,98900,2206
2026-03-30 15:01:00,98900,99000,98800,98900,2441
2026-03-30 15:02:00,98900,99100,98800,98800,2950
2026-03-30 15:03:00,98800,99000,98700,98900,4745
2026-03-30 15:04:00,98900,99100,98800,98800,2959
2026-03-30 15:05:00,98900,99000,98700,98700,2125
2026-03-30 15:06:00,98800,99000,98600,98800,3189
2026-03-30 15:07:00,98900,99000,98600,98800,2811
2026-03-30 15:08:00,98800,99100,98500,98700,6075
2026-03-30 15:09:00,98700,99000,98500,98500,3234
2026-03-30 15:10:00,98600,98900,98400,98600,4453
2026-03-30 15:11:00,98600,98700,98300,98500,3021
2026-03-30 15:12:00,98500,98800,98400,98600,3148
2026-03-30 15:13:00,98600,98800,98300,98400,4292
2026-03-30 15:14:00,98500,98700,98300,98300,3718
2026-03-30 15:15:00,98300,98600,98200,98300,5465
2026-03-30 15:16:00,98300,98400,98100,98100,3750
2026-03-30 15:17:00,98100,98400,98100,98100,3550
2026-03-30 15:18:00,98300,98500,98000,98200,4664
2026-03-30 15:19:00,98500,98600,98100,98400,2085
2026-03-30 15:30:00,98400,98400,98400,98400,28839
2026-03-30 15:35:00,98400,98400,98400,98400,270
2026-03-31 09:00:00,96900,97200,95800,96500,11636
2026-03-31 09:01:00,96300,97500,96300,96600,4803
2026-03-31 09:02:00,96900,97400,96600,96800,3866
2026-03-31 09:03:00,96800,97000,96400,96400,1862
2026-03-31 09:04:00,96300,96800,96000,96700,4364
2026-03-31 09:05:00,96600,96600,95700,95800,2585
2026-03-31 09:06:00,95800,96200,95400,95500,2685
2026-03-31 09:07:00,95500,95600,94900,95000,3555
2026-03-31 09:08:00,94900,95000,94500,94700,6518
2026-03-31 09:09:00,94700,95000,94600,94600,4448
2026-03-31 09:10:00,94600,95300,94600,95200,4610
2026-03-31 09:11:00,95300,95400,94700,94900,4180
2026-03-31 09:12:00,95000,95400,94900,95000,3967
2026-03-31 09:13:00,95100,95200,94600,94900,7622
2026-03-31 09:14:00,94900,95300,94600,94700,4881
2026-03-31 09:15:00,94700,95200,94700,94800,2363
2026-03-31 09:16:00,94800,95200,94800,94900,3666
2026-03-31 09:17:00,94900,94900,94600,94700,2887
2026-03-31 09:18:00,94700,95000,94600,94900,3847
2026-03-31 09:19:00,95000,95800,94800,95800,6795
2026-03-31 09:20:00,95700,95800,95200,95300,2582
2026-03-31 09:21:00,95300,95800,95200,95400,3252
2026-03-31 09:22:00,95500,95700,95000,95400,2592
2026-03-31 09:23:00,95400,95400,95000,95000,1780
2026-03-31 09:24:00,95400,95500,95200,95500,1321
2026-03-31 09:25:00,95400,95600,94900,95000,2174
2026-03-31 09:26:00,95100,95500,94700,95400,3267
2026-03-31 09:27:00,95400,95500,95400,95400,421
2026-03-31 09:28:00,95500,95500,94800,95500,2371
2026-03-31 09:29:00,95400,95900,95400,95600,3649
2026-03-31 09:30:00,95600,96100,95500,95900,2965
2026-03-31 09:31:00,95900,95900,95500,95500,3700
2026-03-31 09:32:00,95500,95900,95400,95700,1926
2026-03-31 09:33:00,95600,95700,95400,95400,930
2026-03-31 09:34:00,95500,95700,95400,95500,2192
2026-03-31 09:35:00,95500,95900,95400,95700,3615
2026-03-31 09:36:00,95700,96000,95400,95900,2881
2026-03-31 09:37:00,96000,96000,95800,95800,350
2026-03-31 09:38:00,95800,96500,95800,96500,3022
2026-03-31 09:39:00,96600,96800,95700,95800,4397
2026-03-31 09:40:00,96000,96400,95900,96000,2687
2026-03-31 09:41:00,96100,96300,95900,96000,3578
2026-03-31 09:42:00,95900,96300,95700,96000,1722
2026-03-31 09:43:00,96200,96800,95900,96600,4713
2026-03-31 09:44:00,96500,97300,96500,97100,5411
2026-03-31 09:45:00,97000,97400,96800,97400,2414
2026-03-31 09:46:00,97400,97400,96900,97000,1953
2026-03-31 09:47:00,97100,97500,96900,97200,2999
2026-03-31 09:48:00,97300,97700,97100,97500,3506
2026-03-31 09:49:00,97400,97800,97300,97500,1884
2026-03-31 09:50:00,97500,97600,97100,97300,1486
2026-03-31 09:51:00,97300,97500,97000,97100,1314
2026-03-31 09:52:00,97100,97200,96800,97000,1402
2026-03-31 09:53:00,97000,97400,96800,97100,2269
2026-03-31 09:54:00,97100,97200,96700,96700,651
2026-03-31 09:55:00,96900,97100,96700,96800,1013
2026-03-31 09:56:00,96900,97600,96800,97100,2055
2026-03-31 09:57:00,97400,97800,96900,97800,3271
2026-03-31 09:58:00,97800,97900,97500,97800,1901
2026-03-31 09:59:00,97700,97900,97700,97900,1595
2026-03-31 10:00:00,97800,97900,97300,97300,1300
2026-03-31 10:01:00,97300,98200,97300,98000,2003
2026-03-31 10:02:00,98000,98000,97500,97500,1063
2026-03-31 10:03:00,97600,97600,97200,97200,674
2026-03-31 10:04:00,97300,97300,96900,97000,1005
2026-03-31 10:05:00,97000,97200,96600,97000,1200
2026-03-31 10:06:00,97000,97000,96200,96500,1262
2026-03-31 10:07:00,96600,96600,96400,96400,1219
2026-03-31 10:08:00,96400,96600,96300,96300,216
2026-03-31 10:09:00,96400,96600,96300,96600,513
2026-03-31 10:10:00,96600,96600,96400,96600,392
2026-03-31 10:11:00,96500,96800,96300,96300,1691
2026-03-31 10:12:00,96400,96900,96300,96600,1166
2026-03-31 10:13:00,96600,96900,96500,96500,1002
2026-03-31 10:14:00,96500,96800,96000,96400,1405
2026-03-31 10:15:00,96400,97200,96000,97200,3314
2026-03-31 10:16:00,97100,97300,96500,96500,1538
2026-03-31 10:17:00,96600,96800,96400,96600,637
2026-03-31 10:18:00,96400,96900,96100,96900,1235
2026-03-31 10:19:00,96800,96800,96300,96500,1168
2026-03-31 10:20:00,96400,96900,96400,96800,1523
2026-03-31 10:21:00,96800,97000,96600,96800,1854
2026-03-31 10:22:00,96800,96900,96500,96600,447
2026-03-31 10:23:00,96700,96800,96500,96700,572
2026-03-31 10:24:00,96700,96900,96600,96600,933
2026-03-31 10:25:00,96700,96900,96600,96800,449
2026-03-31 10:26:00,96800,97300,96400,97100,1556
2026-03-31 10:27:00,97100,97400,96900,97100,470
2026-03-31 10:28:00,97100,97200,96800,96900,881
2026-03-31 10:29:00,96900,97000,96700,96900,655
2026-03-31 10:30:00,97000,97500,96700,97300,4616
2026-03-31 10:31:00,97200,97700,97200,97300,1207
2026-03-31 10:32:00,97400,97700,97200,97500,605
2026-03-31 10:33:00,97200,97800,97100,97400,1558
2026-03-31 10:34:00,97500,97700,97100,97600,1158
2026-03-31 10:35:00,97600,97700,97200,97500,442
2026-03-31 10:36:00,97500,97700,97300,97600,765
2026-03-31 10:37:00,97500,97800,97400,97800,983
2026-03-31 10:38:00,97700,97800,97100,97500,948
2026-03-31 10:39:00,97600,97600,97200,97500,600
2026-03-31 10:40:00,97500,97600,97300,97500,551
2026-03-31 10:41:00,97500,97500,97400,97500,235
2026-03-31 10:42:00,97400,98000,97300,97800,2262
2026-03-31 10:43:00,97800,98000,97600,97900,630
2026-03-31 10:44:00,97900,98000,97400,97600,1998
2026-03-31 10:45:00,97600,98200,97600,97900,1114
2026-03-31 10:46:00,97900,98200,97600,97900,3271
2026-03-31 10:47:00,97900,98400,97800,98000,2567
2026-03-31 10:48:00,98000,98100,97800,97900,1154
2026-03-31 10:49:00,97900,98100,97600,97800,1665
2026-03-31 10:50:00,97800,98100,97800,98100,548
2026-03-31 10:51:00,98000,98600,98000,98500,1921
2026-03-31 10:52:00,98600,98800,98400,98600,1744
2026-03-31 10:53:00,98600,99000,98600,98600,1778
2026-03-31 10:54:00,98600,98900,98500,98600,455
2026-03-31 10:55:00,98700,98800,98100,98500,1347
2026-03-31 10:56:00,98500,98800,98100,98300,1205
2026-03-31 10:57:00,98300,98300,98000,98300,934
2026-03-31 10:58:00,98100,98400,98000,98400,640
2026-03-31 10:59:00,98300,98300,97900,98100,1782
2026-03-31 11:00:00,98200,98300,97700,98000,1347
2026-03-31 11:01:00,97900,98100,97700,97700,1008
2026-03-31 11:02:00,97600,98100,97600,97900,1538
2026-03-31 11:03:00,97900,98000,97800,97900,225
2026-03-31 11:04:00,97900,98000,97700,97800,638
2026-03-31 11:05:00,97900,98200,97800,98000,617
2026-03-31 11:06:00,98100,98400,97900,98100,1409
2026-03-31 11:07:00,98100,98300,97800,98000,1434
2026-03-31 11:08:00,97900,98200,97800,98100,712
2026-03-31 11:09:00,98100,98300,97800,98200,788
2026-03-31 11:10:00,98200,98200,97900,98000,464
2026-03-31 11:11:00,98000,98200,97700,98000,1121
2026-03-31 11:12:00,98000,98200,97800,98000,1164
2026-03-31 11:13:00,98000,98200,97600,97700,806
2026-03-31 11:14:00,97700,97800,97600,97700,825
2026-03-31 11:15:00,97700,98200,97700,97900,775
2026-03-31 11:16:00,97800,98000,97800,97900,185
2026-03-31 11:17:00,98000,98000,97700,97700,528
2026-03-31 11:18:00,97700,97900,97700,97800,290
2026-03-31 11:19:00,97800,97800,97600,97700,285
2026-03-31 11:20:00,97700,97700,97500,97700,599
2026-03-31 11:21:00,97600,97700,97500,97700,330
2026-03-31 11:22:00,97700,97800,97600,97800,507
2026-03-31 11:23:00,97800,97900,97600,97700,522
2026-03-31 11:24:00,97700,97700,97600,97700,420
2026-03-31 11:25:00,97700,97800,97600,97700,635
2026-03-31 11:26:00,97500,97700,97500,97500,171
2026-03-31 11:27:00,97700,97700,97500,97600,189
2026-03-31 11:28:00,97600,97600,97500,97600,113
2026-03-31 11:29:00,97500,97550,97150,97400,1487
2026-03-31 11:30:00,97400,97500,97300,97500,592
2026-03-31 11:31:00,97300,97300,97100,97200,417
2026-03-31 11:32:00,97200,97600,97100,97300,621
2026-03-31 11:33:00,97200,97400,97200,97300,182
2026-03-31 11:34:00,97300,97300,97200,97300,182
2026-03-31 11:35:00,97300,97700,97300,97700,2495
2026-03-31 11:36:00,97700,97700,97300,97400,603
2026-03-31 11:37:00,97500,97900,97400,97700,1417
2026-03-31 11:38:00,97800,97900,97400,97600,1110
2026-03-31 11:39:00,97600,97800,97500,97800,191
2026-03-31 11:40:00,97700,97800,97400,97600,651
2026-03-31 11:41:00,97600,97700,97300,97400,541
2026-03-31 11:42:00,97400,97400,97300,97400,122
2026-03-31 11:43:00,97400,97400,97200,97200,161
2026-03-31 11:44:00,97300,97400,97200,97300,607
2026-03-31 11:45:00,97400,97400,97200,97300,306
2026-03-31 11:46:00,97300,97300,97200,97200,409
2026-03-31 11:47:00,97300,97400,97200,97300,341
2026-03-31 11:48:00,97400,97400,97300,97400,150
2026-03-31 11:49:00,97400,97600,97300,97400,709
2026-03-31 11:50:00,97500,97700,97400,97600,1050
2026-03-31 11:51:00,97600,97700,97500,97700,190
2026-03-31 11:52:00,97700,97800,97500,97800,610
2026-03-31 11:53:00,97800,97800,97600,97800,455
2026-03-31 11:54:00,97800,97800,97600,97700,254
2026-03-31 11:55:00,97700,97800,97500,97700,292
2026-03-31 11:56:00,97600,97700,97600,97700,119
2026-03-31 11:57:00,97600,97700,97500,97500,239
2026-03-31 11:58:00,97600,97600,97500,97600,281
2026-03-31 11:59:00,97600,97600,97300,97400,278
2026-03-31 12:00:00,97500,97600,97300,97600,361
2026-03-31 12:01:00,97400,97600,97400,97500,475
2026-03-31 12:02:00,97500,97600,97400,97600,139
2026-03-31 12:03:00,97550,97700,97500,97700,607
2026-03-31 12:04:00,97700,97900,97600,97800,1169
2026-03-31 12:05:00,97900,98400,97800,98200,2973
2026-03-31 12:06:00,98100,98300,98100,98300,330
2026-03-31 12:07:00,98300,98500,98100,98400,521
2026-03-31 12:08:00,98500,98500,98400,98500,400
2026-03-31 12:09:00,98600,98700,98500,98700,437
2026-03-31 12:10:00,98700,98800,98500,98700,933
2026-03-31 12:11:00,98700,98800,98600,98800,291
2026-03-31 12:12:00,98800,98900,98700,98700,626
2026-03-31 12:13:00,98800,98800,98700,98800,352
2026-03-31 12:14:00,98800,98800,98500,98500,963
2026-03-31 12:15:00,98600,98700,98500,98500,362
2026-03-31 12:16:00,98500,98600,98400,98500,999
2026-03-31 12:17:00,98500,98500,98300,98300,773
2026-03-31 12:18:00,98400,98400,98050,98100,1124
2026-03-31 12:19:00,98200,98600,98100,98300,1447
2026-03-31 12:20:00,98200,98500,98200,98200,458
2026-03-31 12:21:00,98300,98300,98200,98300,240
2026-03-31 12:22:00,98300,98400,98000,98100,1023
2026-03-31 12:23:00,98000,98100,98000,98000,118
2026-03-31 12:24:00,98000,98200,98000,98100,679
2026-03-31 12:25:00,98200,98200,98100,98200,427
2026-03-31 12:26:00,98200,98200,98100,98200,173
2026-03-31 12:27:00,98100,98200,97800,97900,1605
2026-03-31 12:28:00,97900,97900,97600,97900,384
2026-03-31 12:29:00,97900,97900,97800,97800,231
2026-03-31 12:30:00,97800,97900,97800,97800,643
2026-03-31 12:31:00,97700,97900,97500,97700,1225
2026-03-31 12:32:00,97700,97700,97400,97400,869
2026-03-31 12:33:00,97500,97600,97400,97600,188
2026-03-31 12:34:00,97500,97800,97400,97400,1367
2026-03-31 12:35:00,97400,97500,97100,97300,852
2026-03-31 12:36:00,97200,97300,97100,97200,505
2026-03-31 12:37:00,97200,97300,97100,97200,1104
2026-03-31 12:38:00,97200,97300,97100,97200,536
2026-03-31 12:39:00,97200,97400,97200,97400,434
2026-03-31 12:40:00,97400,97400,97100,97200,1115
2026-03-31 12:41:00,97200,97200,97100,97200,955
2026-03-31 12:42:00,97100,97200,96900,96900,2961
2026-03-31 12:43:00,97000,97300,97000,97100,881
2026-03-31 12:44:00,97100,97300,97000,97000,658
2026-03-31 12:45:00,97100,97100,97000,97000,836
2026-03-31 12:46:00,97100,97200,97000,97100,1444
2026-03-31 12:47:00,97100,97100,97000,97000,599
2026-03-31 12:48:00,97100,97100,97000,97000,365
2026-03-31 12:49:00,97000,97100,96800,96800,1555
2026-03-31 12:50:00,96900,97300,96900,97300,1933
2026-03-31 12:51:00,97200,97200,97100,97100,339
2026-03-31 12:52:00,97200,97200,96900,97100,1772
2026-03-31 12:53:00,97100,97100,97000,97000,494
2026-03-31 12:54:00,97100,97200,97000,97000,666
2026-03-31 12:55:00,97000,97000,96900,97000,971
2026-03-31 12:56:00,97000,97200,96800,97100,834
2026-03-31 12:57:00,97100,97200,96900,97000,716
2026-03-31 12:58:00,96900,97000,96900,96900,504
2026-03-31 12:59:00,96900,97000,96700,96700,1031
2026-03-31 13:00:00,96800,97000,96700,97000,1226
2026-03-31 13:01:00,96900,97000,96700,96900,943
2026-03-31 13:02:00,96800,96900,96700,96800,1009
2026-03-31 13:03:00,96800,97100,96700,97000,1763
2026-03-31 13:04:00,97000,97000,96800,96900,1111
2026-03-31 13:05:00,96900,96900,96800,96900,732
2026-03-31 13:06:00,96900,97000,96800,96800,698
2026-03-31 13:07:00,96900,96900,96700,96700,750
2026-03-31 13:08:00,96800,96900,96700,96800,1449
2026-03-31 13:09:00,96800,96800,96600,96700,2085
2026-03-31 13:10:00,96700,96700,96400,96400,2166
2026-03-31 13:11:00,96500,96800,96500,96500,1072
2026-03-31 13:12:00,96600,96800,96600,96700,420
2026-03-31 13:13:00,96700,96700,96500,96500,672
2026-03-31 13:14:00,96500,96500,96200,96300,2218
2026-03-31 13:15:00,96300,96400,96200,96300,736
2026-03-31 13:16:00,96300,96400,96200,96400,1153
2026-03-31 13:17:00,96400,96600,96200,96400,1162
2026-03-31 13:18:00,96400,96800,96400,96400,1791
2026-03-31 13:19:00,96500,96800,96400,96700,1800
2026-03-31 13:20:00,96600,97000,96600,97000,2986
2026-03-31 13:21:00,97000,97000,96700,96700,833
2026-03-31 13:22:00,96700,96700,96400,96500,849
2026-03-31 13:23:00,96500,96600,96400,96500,1087
2026-03-31 13:24:00,96500,96600,96500,96600,372
2026-03-31 13:25:00,96600,96600,96300,96400,1162
2026-03-31 13:26:00,96400,96500,96400,96500,418
2026-03-31 13:27:00,96400,96600,96400,96600,1124
2026-03-31 13:28:00,96600,96700,96500,96500,649
2026-03-31 13:29:00,96500,96500,96300,96400,705
2026-03-31 13:30:00,96500,96800,96400,96800,1187
2026-03-31 13:31:00,96800,96800,96700,96800,437
2026-03-31 13:32:00,96700,96800,96600,96600,830
2026-03-31 13:33:00,96700,97000,96600,96800,1982
2026-03-31 13:34:00,96800,96800,96700,96800,384
2026-03-31 13:35:00,96800,96800,96600,96700,983
2026-03-31 13:36:00,96600,96800,96600,96700,878
2026-03-31 13:37:00,96800,96800,96500,96500,922
2026-03-31 13:38:00,96600,96700,96500,96500,802
2026-03-31 13:39:00,96600,96600,96400,96400,905
2026-03-31 13:40:00,96500,96500,96400,96500,744
2026-03-31 13:41:00,96500,96500,96400,96500,449
2026-03-31 13:42:00,96500,96600,96300,96400,2414
2026-03-31 13:43:00,96400,96800,96300,96600,1739
2026-03-31 13:44:00,96700,96700,96500,96500,804
2026-03-31 13:45:00,96600,96800,96500,96600,1304
2026-03-31 13:46:00,96700,96700,96500,96600,1485
2026-03-31 13:47:00,96500,96500,96300,96300,1090
2026-03-31 13:48:00,96300,96500,96300,96500,925
2026-03-31 13:49:00,96500,96600,96300,96400,618
2026-03-31 13:50:00,96400,96700,96400,96600,2299
2026-03-31 13:51:00,96600,96600,96400,96400,1106
2026-03-31 13:52:00,96400,96400,96200,96300,874
2026-03-31 13:53:00,96400,96400,96300,96300,794
2026-03-31 13:54:00,96350,96500,96300,96500,1291
2026-03-31 13:55:00,96400,96500,96300,96400,1507
2026-03-31 13:56:00,96300,96400,96100,96200,1578
2026-03-31 13:57:00,96100,96300,96000,96100,2395
2026-03-31 13:58:00,96100,96200,95900,96200,1844
2026-03-31 13:59:00,96100,96400,96100,96400,734
2026-03-31 14:00:00,96300,96600,96300,96500,2080
2026-03-31 14:01:00,96500,96500,96200,96300,594
2026-03-31 14:02:00,96300,96400,96000,96400,1031
2026-03-31 14:03:00,96400,96500,96100,96400,1607
2026-03-31 14:04:00,96300,96400,96300,96400,483
2026-03-31 14:05:00,96400,96400,96000,96200,968
2026-03-31 14:06:00,96200,96400,96000,96200,1214
2026-03-31 14:07:00,96300,96300,95900,95950,1087
2026-03-31 14:08:00,95900,96100,95800,96100,1872
2026-03-31 14:09:00,96100,96100,96000,96000,728
2026-03-31 14:10:00,96100,96100,96000,96000,756
2026-03-31 14:11:00,96100,96300,96000,96100,1410
2026-03-31 14:12:00,96200,96200,96000,96100,461
2026-03-31 14:13:00,96100,96200,95900,95900,1238
2026-03-31 14:14:00,96000,96000,95800,95900,1471
2026-03-31 14:15:00,95800,95900,95800,95900,1510
2026-03-31 14:16:00,95900,95900,95700,95800,860
2026-03-31 14:17:00,95800,96000,95700,95800,1785
2026-03-31 14:18:00,95800,95900,95700,95800,511
2026-03-31 14:19:00,95700,96000,95700,96000,2114
2026-03-31 14:20:00,96000,96300,95800,96300,2872
2026-03-31 14:21:00,96300,96300,96100,96200,967
2026-03-31 14:22:00,96200,96400,96100,96200,2927
2026-03-31 14:23:00,96200,96200,95800,96000,1085
2026-03-31 14:24:00,96000,96100,95900,96000,1228
2026-03-31 14:25:00,96000,96400,96000,96300,2616
2026-03-31 14:26:00,96300,96500,96100,96200,1967
2026-03-31 14:27:00,96200,96300,96100,96100,607
2026-03-31 14:28:00,96100,96300,96100,96200,794
2026-03-31 14:29:00,96200,96300,95800,95900,2547
2026-03-31 14:30:00,95800,96100,95700,96000,1875
2026-03-31 14:31:00,96000,96100,95900,95900,660
2026-03-31 14:32:00,95900,96000,95700,95700,1245
2026-03-31 14:33:00,95800,96000,95700,95900,1050
2026-03-31 14:34:00,96000,96300,95900,96100,1813
2026-03-31 14:35:00,96100,96300,96000,96200,1627
2026-03-31 14:36:00,96200,96300,96200,96200,887
2026-03-31 14:37:00,96300,96300,96000,96000,1706
2026-03-31 14:38:00,96100,96100,96000,96000,535
2026-03-31 14:39:00,96000,96300,96000,96100,1832
2026-03-31 14:40:00,96200,96500,96100,96400,6038
2026-03-31 14:41:00,96400,96500,96200,96300,1247
2026-03-31 14:42:00,96400,96400,96000,96000,1530
2026-03-31 14:43:00,96300,96300,95700,96100,1565
2026-03-31 14:44:00,96200,96300,95900,96300,1417
2026-03-31 14:45:00,96200,96500,96200,96300,1221
2026-03-31 14:46:00,96300,96500,96000,96500,3365
2026-03-31 14:47:00,96400,96400,96300,96300,1557
2026-03-31 14:48:00,96300,96400,96200,96200,1137
2026-03-31 14:49:00,96200,96300,96100,96200,2292
2026-03-31 14:50:00,96200,96200,96100,96200,2080
2026-03-31 14:51:00,96200,96300,96100,96200,1454
2026-03-31 14:52:00,96100,96200,96000,96100,2851
2026-03-31 14:53:00,96200,96200,95900,96000,2039
2026-03-31 14:54:00,96100,96100,95800,95900,2061
2026-03-31 14:55:00,95900,96200,95800,96100,3926
2026-03-31 14:56:00,96000,96100,95700,95900,2159
2026-03-31 14:57:00,95900,95900,95600,95700,2684
2026-03-31 14:58:00,95700,95900,95700,95700,2618
2026-03-31 14:59:00,95700,95800,95600,95600,842
2026-03-31 15:00:00,95600,95800,95500,95500,3146
2026-03-31 15:01:00,95600,95600,95200,95200,3078
2026-03-31 15:02:00,95200,95500,95100,95400,3029
2026-03-31 15:03:00,95300,95400,95000,95100,5010
2026-03-31 15:04:00,95100,95300,95000,95100,5495
2026-03-31 15:05:00,95200,95200,95000,95100,2254
2026-03-31 15:06:00,95100,95100,94600,94700,7767
2026-03-31 15:07:00,94700,94900,94600,94600,6188
2026-03-31 15:08:00,94600,94800,94500,94600,4225
2026-03-31 15:09:00,94600,94800,94500,94600,3671
2026-03-31 15:10:00,94500,94700,94500,94500,5774
2026-03-31 15:11:00,94500,94700,94400,94400,5747
2026-03-31 15:12:00,94400,94600,94400,94500,3013
2026-03-31 15:13:00,94500,94600,94300,94400,2606
2026-03-31 15:14:00,94400,94600,94300,94400,3962
2026-03-31 15:15:00,94300,94500,94200,94300,5389
2026-03-31 15:16:00,94300,94500,94200,94300,5658
2026-03-31 15:17:00,94400,94500,94200,94300,6770
2026-03-31 15:18:00,94300,94800,94200,94600,8716
2026-03-31 15:19:00,94700,94900,94300,94300,3733
2026-03-31 15:30:00,94400,94400,94400,94400,44544
2026-03-31 15:35:00,94400,94400,94400,94400,32
2026-04-01 09:00:00,99700,100000,98700,99200,17292
2026-04-01 09:01:00,99150,100400,99000,100300,4986
2026-04-01 09:02:00,100200,100300,99800,99850,3229
2026-04-01 09:03:00,99850,100200,99200,99400,4867
2026-04-01 09:04:00,99500,99800,99200,99200,3900
2026-04-01 09:05:00,99300,99800,99200,99250,3352
2026-04-01 09:06:00,99250,99800,99250,99800,3018
2026-04-01 09:07:00,99800,100200,99700,100100,1303
2026-04-01 09:08:00,100100,100300,100000,100100,1577
2026-04-01 09:09:00,100100,100500,99800,100000,3441
2026-04-01 09:10:00,100000,100150,99750,99900,2619
2026-04-01 09:11:00,99950,100000,99700,99750,1702
2026-04-01 09:12:00,99750,100200,99700,100000,3484
2026-04-01 09:13:00,100000,100100,99900,100100,871
2026-04-01 09:14:00,100000,100100,99700,99800,1727
2026-04-01 09:15:00,99800,99900,99600,99700,1060
2026-04-01 09:16:00,99700,100000,99700,100000,744
2026-04-01 09:17:00,99900,100000,99700,100000,1269
2026-04-01 09:18:00,99900,100100,99900,100000,594
2026-04-01 09:19:00,100100,100700,100000,100600,3553
2026-04-01 09:20:00,100600,100700,100000,100700,3706
2026-04-01 09:21:00,100600,100600,100300,100400,693
2026-04-01 09:22:00,100400,100400,100250,100300,759
2026-04-01 09:23:00,100300,100300,100000,100000,1069
2026-04-01 09:24:00,100100,100200,99800,99900,485
2026-04-01 09:25:00,99800,100300,99800,100200,796
2026-04-01 09:26:00,100200,100300,100000,100000,300
2026-04-01 09:27:00,100000,100100,99700,99800,1428
2026-04-01 09:28:00,100000,100100,99800,100100,587
2026-04-01 09:29:00,100000,100200,100000,100100,494
2026-04-01 09:30:00,100200,100200,99900,100000,1826
2026-04-01 09:31:00,100100,100200,100000,100100,1587
2026-04-01 09:32:00,100100,100200,99800,99900,2459
2026-04-01 09:33:00,99900,100200,99900,100000,469
2026-04-01 09:34:00,99900,100300,99900,100100,697
2026-04-01 09:35:00,100100,100300,99900,99900,726
2026-04-01 09:36:00,100000,100300,99900,100200,354
2026-04-01 09:37:00,100300,100300,100000,100000,416
2026-04-01 09:38:00,100100,100200,100100,100200,171
2026-04-01 09:39:00,100150,100200,100100,100200,311
2026-04-01 09:40:00,100200,100500,100100,100500,1393
2026-04-01 09:41:00,100400,100500,100400,100500,561
2026-04-01 09:42:00,100400,100600,100400,100600,792
2026-04-01 09:43:00,100600,100600,100500,100500,1287
2026-04-01 09:44:00,100400,100600,100400,100500,420
2026-04-01 09:45:00,100500,100700,100400,100400,985
2026-04-01 09:46:00,100500,100600,100100,100300,1039
2026-04-01 09:47:00,100400,100500,100200,100400,1478
2026-04-01 09:48:00,100400,100600,100400,100400,470
2026-04-01 09:49:00,100400,100600,100400,100400,844
2026-04-01 09:50:00,100400,100500,100200,100200,4238
2026-04-01 09:51:00,100250,100400,100100,100100,567
2026-04-01 09:52:00,100200,100300,100000,100200,460
2026-04-01 09:53:00,100200,100400,100200,100300,902
2026-04-01 09:54:00,100400,100600,100400,100600,849
2026-04-01 09:55:00,100600,100700,100400,100400,1098
2026-04-01 09:56:00,100400,100500,100300,100400,391
2026-04-01 09:57:00,100300,100300,100200,100200,634
2026-04-01 09:58:00,100200,100600,100200,100400,541
2026-04-01 09:59:00,100400,100400,100200,100400,308
2026-04-01 10:00:00,100400,100600,100300,100500,1478
2026-04-01 10:01:00,100400,100600,100400,100500,619
2026-04-01 10:02:00,100600,100700,100200,100600,1948
2026-04-01 10:03:00,100500,100600,100400,100500,548
2026-04-01 10:04:00,100600,100700,100500,100700,682
2026-04-01 10:05:00,100400,100700,100300,100400,1109
2026-04-01 10:06:00,100400,100500,100300,100300,708
2026-04-01 10:07:00,100300,100600,100100,100400,2081
2026-04-01 10:08:00,100300,100500,100200,100400,990
2026-04-01 10:09:00,100500,100700,100200,100600,1354
2026-04-01 10:10:00,100600,101000,100400,100900,2815
2026-04-01 10:11:00,100900,101100,100900,100900,2561
2026-04-01 10:12:00,100900,101000,100800,101000,516
2026-04-01 10:13:00,101000,101400,101000,101200,6366
2026-04-01 10:14:00,101200,101600,101200,101500,2494
2026-04-01 10:15:00,101500,101600,101300,101600,2369
2026-04-01 10:16:00,101600,101700,101500,101500,522
2026-04-01 10:17:00,101600,101600,101400,101500,1292
2026-04-01 10:18:00,101500,101600,101300,101400,1366
2026-04-01 10:19:00,101400,101600,101400,101500,1305
2026-04-01 10:20:00,101600,101700,101400,101600,2107
2026-04-01 10:21:00,101500,101700,101200,101400,3597
2026-04-01 10:22:00,101400,101500,101300,101500,1157
2026-04-01 10:23:00,101400,101700,101400,101600,1127
2026-04-01 10:24:00,101600,101600,101300,101600,1798
2026-04-01 10:25:00,101500,101600,101200,101400,1188
2026-04-01 10:26:00,101400,101500,101100,101200,1192
2026-04-01 10:27:00,101200,101500,101200,101300,1110
2026-04-01 10:28:00,101400,101500,101300,101300,1443
2026-04-01 10:29:00,101300,101500,101300,101450,509
2026-04-01 10:30:00,101400,101500,101300,101400,898
2026-04-01 10:31:00,101400,101500,101200,101300,746
2026-04-01 10:32:00,101300,101600,101200,101300,1394
2026-04-01 10:33:00,101300,101700,101300,101300,1407
2026-04-01 10:34:00,101300,101500,101200,101400,1133
2026-04-01 10:35:00,101400,101600,101200,101400,2172
2026-04-01 10:36:00,101400,101400,101200,101300,842
2026-04-01 10:37:00,101300,101600,101200,101300,1356
2026-04-01 10:38:00,101300,101600,101300,101600,904
2026-04-01 10:39:00,101500,101500,101300,101400,824
2026-04-01 10:40:00,101400,101400,101300,101400,448
2026-04-01 10:41:00,101400,101500,101300,101300,1288
2026-04-01 10:42:00,101300,101400,101200,101400,1020
2026-04-01 10:43:00,101300,101600,101200,101300,799
2026-04-01 10:44:00,101300,101700,101200,101300,1227
2026-04-01 10:45:00,101300,101300,101000,101100,1104
2026-04-01 10:46:00,101100,101300,101100,101200,932
2026-04-01 10:47:00,101300,101400,101300,101300,661
2026-04-01 10:48:00,101300,101400,101300,101300,893
2026-04-01 10:49:00,101400,101700,101400,101600,3024
2026-04-01 10:50:00,101500,101800,101500,101800,956
2026-04-01 10:51:00,101600,101700,101500,101600,737
2026-04-01 10:52:00,101700,101800,101500,101600,775
2026-04-01 10:53:00,101600,101600,101500,101500,686
2026-04-01 10:54:00,101500,101800,101500,101600,1284
2026-04-01 10:55:00,101700,101800,101500,101800,683
2026-04-01 10:56:00,101700,101700,101400,101500,1106
2026-04-01 10:57:00,101400,101500,101400,101500,292
2026-04-01 10:58:00,101500,101500,101000,101300,735
2026-04-01 10:59:00,101300,101300,101100,101200,599
2026-04-01 11:00:00,101100,101200,101000,101200,630
2026-04-01 11:01:00,101100,101300,101000,101100,484
2026-04-01 11:02:00,101100,101200,101000,101000,210
2026-04-01 11:03:00,101100,101100,100900,101100,672
2026-04-01 11:04:00,101100,101100,101000,101100,62
2026-04-01 11:05:00,101000,101300,100900,101100,481
2026-04-01 11:06:00,101100,101300,100900,101100,799
2026-04-01 11:07:00,101200,101300,101100,101200,824
2026-04-01 11:08:00,101200,101300,101100,101200,379
2026-04-01 11:09:00,101200,101200,101100,101200,225
2026-04-01 11:10:00,101200,101300,101100,101300,660
2026-04-01 11:11:00,101200,101300,101100,101200,627
2026-04-01 11:12:00,101100,101700,101100,101600,1224
2026-04-01 11:13:00,101700,101700,101200,101500,923
2026-04-01 11:14:00,101500,101600,101400,101500,916
2026-04-01 11:15:00,101400,101500,101400,101500,567
2026-04-01 11:16:00,101500,101700,101400,101600,563
2026-04-01 11:17:00,101600,101800,101600,101700,535
2026-04-01 11:18:00,101700,101900,101600,101800,1127
2026-04-01 11:19:00,101900,101900,101800,101900,782
2026-04-01 11:20:00,101900,102000,101800,102000,2320
2026-04-01 11:21:00,102000,102000,101800,101900,1021
2026-04-01 11:22:00,101900,102100,101900,102100,2171
2026-04-01 11:23:00,102100,102200,102000,102200,875
2026-04-01 11:24:00,102000,102400,102000,102300,2530
2026-04-01 11:25:00,102300,102500,102300,102400,1048
2026-04-01 11:26:00,102400,102500,102300,102500,963
2026-04-01 11:27:00,102400,102500,102200,102400,1171
2026-04-01 11:28:00,102400,102400,102200,102200,1947
2026-04-01 11:29:00,102200,102400,102100,102200,786
2026-04-01 11:30:00,102200,102400,102100,102400,653
2026-04-01 11:31:00,102300,102400,102100,102300,875
2026-04-01 11:32:00,102300,102300,101800,101900,1940
2026-04-01 11:33:00,101800,102200,101800,102100,846
2026-04-01 11:34:00,102200,102200,102000,102100,504
2026-04-01 11:35:00,102000,102300,102000,102200,813
2026-04-01 11:36:00,102200,102500,102200,102400,1669
2026-04-01 11:37:00,102500,102500,102400,102500,946
2026-04-01 11:38:00,102400,102500,102400,102500,1120
2026-04-01 11:39:00,102600,102600,102400,102500,951
2026-04-01 11:40:00,102400,102700,102400,102600,1006
2026-04-01 11:41:00,102600,102800,102500,102600,2116
2026-04-01 11:42:00,102600,102900,102600,102700,637
2026-04-01 11:43:00,102650,102700,102600,102600,701
2026-04-01 11:44:00,102600,102800,102600,102700,659
2026-04-01 11:45:00,102600,102900,102600,102800,1467
2026-04-01 11:46:00,102900,103000,102800,103000,2343
2026-04-01 11:47:00,103000,103100,102800,103000,2653
2026-04-01 11:48:00,103000,103000,102800,102900,1201
2026-04-01 11:49:00,102800,103000,102400,102400,2464
2026-04-01 11:50:00,102500,102500,102400,102500,801
2026-04-01 11:51:00,102500,102700,102500,102600,564
2026-04-01 11:52:00,102600,102700,102500,102600,936
2026-04-01 11:53:00,102600,102700,102400,102600,1299
2026-04-01 11:54:00,102600,102600,102400,102600,559
2026-04-01 11:55:00,102400,102600,102400,102600,926
2026-04-01 11:56:00,102400,102500,102200,102300,1375
2026-04-01 11:57:00,102300,102700,102300,102600,842
2026-04-01 11:58:00,102600,102600,102400,102500,260
2026-04-01 11:59:00,102600,102600,102400,102500,561
2026-04-01 12:00:00,102500,102700,102200,102300,3136
2026-04-01 12:01:00,102300,102500,102200,102500,542
2026-04-01 12:02:00,102300,102600,102300,102600,1878
2026-04-01 12:03:00,102600,102600,102300,102400,544
2026-04-01 12:04:00,102500,102600,102400,102600,687
2026-04-01 12:05:00,102400,102700,102300,102700,1173
2026-04-01 12:06:00,102400,102700,102300,102400,1093
2026-04-01 12:07:00,102400,102700,102200,102400,2034
2026-04-01 12:08:00,102300,102300,102100,102100,1416
2026-04-01 12:09:00,102100,102200,102100,102100,503
2026-04-01 12:10:00,102100,102300,102100,102300,1332
2026-04-01 12:11:00,102200,102400,102200,102300,436
2026-04-01 12:12:00,102400,102400,102300,102300,466
2026-04-01 12:13:00,102400,102700,102300,102600,768
2026-04-01 12:14:00,102500,102700,102300,102400,626
2026-04-01 12:15:00,102600,102700,102400,102400,633
2026-04-01 12:16:00,102700,102700,102100,102600,2894
2026-04-01 12:17:00,102300,102500,102200,102300,400
2026-04-01 12:18:00,102300,102500,102300,102400,758
2026-04-01 12:19:00,102300,102500,102300,102500,438
2026-04-01 12:20:00,102500,102600,102400,102600,842
2026-04-01 12:21:00,102600,102600,102400,102400,448
2026-04-01 12:22:00,102600,102800,102400,102800,945
2026-04-01 12:23:00,102400,102900,102400,102900,1406
2026-04-01 12:24:00,102900,102900,102500,102600,753
2026-04-01 12:25:00,102600,102900,102400,102500,1182
2026-04-01 12:26:00,102400,102900,102400,102400,1540
2026-04-01 12:27:00,102300,102400,102300,102400,663
2026-04-01 12:28:00,102400,102700,102300,102400,1115
2026-04-01 12:29:00,102500,102800,102400,102400,995
2026-04-01 12:30:00,102500,102800,102400,102600,759
2026-04-01 12:31:00,102500,102900,102500,102700,1749
2026-04-01 12:32:00,102700,102900,102600,102700,902
2026-04-01 12:33:00,102800,102900,102600,102900,718
2026-04-01 12:34:00,102800,103000,102600,102600,2006
2026-04-01 12:35:00,102600,102900,102500,102600,1201
2026-04-01 12:36:00,102600,102800,102500,102800,891
2026-04-01 12:37:00,102600,102900,102400,102400,1108
2026-04-01 12:38:00,102500,102900,102400,102900,920
2026-04-01 12:39:00,102600,102900,102500,102800,946
2026-04-01 12:40:00,102600,102900,102500,102800,1078
2026-04-01 12:41:00,102800,102800,102500,102500,609
2026-04-01 12:42:00,102600,102800,102500,102600,2603
2026-04-01 12:43:00,102500,102800,102500,102700,554
2026-04-01 12:44:00,102700,102900,102600,102700,676
2026-04-01 12:45:00,102700,102900,102600,102700,1153
2026-04-01 12:46:00,102700,102700,102600,102600,624
2026-04-01 12:47:00,102600,102900,102600,102900,1111
2026-04-01 12:48:00,102700,103000,102600,102700,707
2026-04-01 12:49:00,102700,103000,102600,102800,1371
2026-04-01 12:50:00,102800,102900,102700,102900,708
2026-04-01 12:51:00,102800,102900,102800,102900,1542
2026-04-01 12:52:00,102900,103000,102800,103000,939
2026-04-01 12:53:00,103000,103000,102900,103000,624
2026-04-01 12:54:00,103000,103000,102600,102600,2207
2026-04-01 12:55:00,102800,102900,102700,102900,670
2026-04-01 12:56:00,102900,102900,102800,102800,669
2026-04-01 12:57:00,102900,102900,102700,102900,918
2026-04-01 12:58:00,102800,102900,102600,102800,1081
2026-04-01 12:59:00,102700,102800,102500,102500,1607
2026-04-01 13:00:00,102600,102700,102500,102700,1220
2026-04-01 13:01:00,102700,102700,102500,102600,734
2026-04-01 13:02:00,102600,102800,102500,102700,598
2026-04-01 13:03:00,102600,102700,102600,102700,793
2026-04-01 13:04:00,102700,102900,102600,102900,1130
2026-04-01 13:05:00,102800,103000,102700,102900,691
2026-04-01 13:06:00,102900,103100,102800,102900,1112
2026-04-01 13:07:00,102800,103000,102800,102900,559
2026-04-01 13:08:00,102900,103000,102800,102900,1518
2026-04-01 13:09:00,102900,103100,102800,103100,1542
2026-04-01 13:10:00,103100,103200,103100,103200,670
2026-04-01 13:11:00,103100,103300,103100,103200,2126
2026-04-01 13:12:00,103300,103300,103100,103300,1232
2026-04-01 13:13:00,103300,103300,103150,103300,417
2026-04-01 13:14:00,103300,103400,103200,103400,907
2026-04-01 13:15:00,103300,103400,103300,103400,856
2026-04-01 13:16:00,103400,103500,103200,103400,1114
2026-04-01 13:17:00,103400,103400,103300,103400,875
2026-04-01 13:18:00,103400,103500,103300,103500,1177
2026-04-01 13:19:00,103400,103500,103200,103300,3059
2026-04-01 13:20:00,103300,103500,103300,103500,561
2026-04-01 13:21:00,103500,103500,103400,103500,625
2026-04-01 13:22:00,103500,103500,103200,103300,1908
2026-04-01 13:23:00,103200,103400,103200,103300,2826
2026-04-01 13:24:00,103300,103400,103200,103200,1521
2026-04-01 13:25:00,103200,103600,103200,103600,2768
2026-04-01 13:26:00,103600,103700,103400,103600,3757
2026-04-01 13:27:00,103400,103700,103400,103700,1095
2026-04-01 13:28:00,103700,104200,103700,104100,8303
2026-04-01 13:29:00,104100,104400,104000,104300,1733
2026-04-01 13:30:00,104400,104400,104000,104200,2649
2026-04-01 13:31:00,104100,104400,104100,104200,3164
2026-04-01 13:32:00,104200,104300,104100,104200,1161
2026-04-01 13:33:00,104100,104300,103900,103900,4245
2026-04-01 13:34:00,103900,104000,103700,103700,2020
2026-04-01 13:35:00,103700,104000,103700,103900,2170
2026-04-01 13:36:00,104000,104000,103500,103600,3178
2026-04-01 13:37:00,103600,103800,103600,103700,1653
2026-04-01 13:38:00,103800,103800,103300,103300,1555
2026-04-01 13:39:00,103300,103700,103300,103500,1250
2026-04-01 13:40:00,103600,103800,103500,103700,1111
2026-04-01 13:41:00,103700,103800,103500,103500,1837
2026-04-01 13:42:00,103500,103600,103400,103600,1434
2026-04-01 13:43:00,103400,103600,103400,103500,1313
2026-04-01 13:44:00,103400,103600,103400,103500,548
2026-04-01 13:45:00,103500,103600,103500,103600,353
2026-04-01 13:46:00,103600,103800,103500,103700,1605
2026-04-01 13:47:00,103600,103800,103400,103500,1690
2026-04-01 13:48:00,103600,103800,103500,103700,771
2026-04-01 13:49:00,103700,103800,103500,103600,912
2026-04-01 13:50:00,103600,103800,103400,103800,1911
2026-04-01 13:51:00,103600,103700,103400,103600,625
2026-04-01 13:52:00,103600,103800,103600,103700,839
2026-04-01 13:53:00,103600,103800,103500,103700,1532
2026-04-01 13:54:00,103800,103800,103500,103600,1189
2026-04-01 13:55:00,103500,103700,103200,103400,2224
2026-04-01 13:56:00,103500,103500,103200,103300,865
2026-04-01 13:57:00,103300,103400,103200,103400,694
2026-04-01 13:58:00,103400,103500,103300,103500,961
2026-04-01 13:59:00,103400,103700,103300,103300,1728
2026-04-01 14:00:00,103300,103500,103300,103500,1418
2026-04-01 14:01:00,103500,103700,103400,103700,1099
2026-04-01 14:02:00,103600,103900,103600,103600,1437
2026-04-01 14:03:00,103600,103800,103500,103700,937
2026-04-01 14:04:00,103700,103700,103300,103500,1489
2026-04-01 14:05:00,103400,103600,103100,103500,4934
2026-04-01 14:06:00,103500,103800,103400,103600,3010
2026-04-01 14:07:00,103600,103700,103600,103600,1060
2026-04-01 14:08:00,103700,103800,103600,103700,2747
2026-04-01 14:09:00,103700,103700,103300,103400,2049
2026-04-01 14:10:00,103300,103400,102900,102900,2266
2026-04-01 14:11:00,102800,103000,102700,102900,2722
2026-04-01 14:12:00,102800,103400,102800,103200,2490
2026-04-01 14:13:00,103200,103700,102900,103700,6314
2026-04-01 14:14:00,103500,103700,103200,103300,3782
2026-04-01 14:15:00,103300,103300,102900,103300,2450
2026-04-01 14:16:00,103300,103300,103100,103100,933
2026-04-01 14:17:00,103100,103200,103100,103200,463
2026-04-01 14:18:00,103100,103200,103000,103100,2343
2026-04-01 14:19:00,103000,103200,103000,103200,1403
2026-04-01 14:20:00,103200,103200,103000,103100,1351
2026-04-01 14:21:00,103100,103200,103000,103100,3235
2026-04-01 14:22:00,103100,103100,102900,102900,2340
2026-04-01 14:23:00,102900,103000,102900,103000,1101
2026-04-01 14:24:00,102900,103000,102900,102900,2095
2026-04-01 14:25:00,102900,103100,102900,103000,1518
2026-04-01 14:26:00,103000,103100,102900,103100,3138
2026-04-01 14:27:00,103000,103300,102900,103000,5101
2026-04-01 14:28:00,102900,103000,102900,103000,2965
2026-04-01 14:29:00,103000,103300,102900,102900,1624
2026-04-01 14:30:00,102900,103100,102900,103000,1559
2026-04-01 14:31:00,103000,103100,102900,103000,1910
2026-04-01 14:32:00,103000,103100,103000,103100,920
2026-04-01 14:33:00,103000,103100,103000,103100,1308
2026-04-01 14:34:00,103100,103100,103000,103000,1526
2026-04-01 14:35:00,103000,103100,103000,103100,1126
2026-04-01 14:36:00,103000,103200,103000,103200,2625
2026-04-01 14:37:00,103200,103200,103100,103100,759
2026-04-01 14:38:00,103100,103200,103100,103200,1325
2026-04-01 14:39:00,103100,103400,103100,103200,1567
2026-04-01 14:40:00,103200,103300,103100,103200,2413
2026-04-01 14:41:00,103200,103400,103100,103150,1447
2026-04-01 14:42:00,103100,103500,103100,103400,3471
2026-04-01 14:43:00,103400,103800,103400,103700,3996
2026-04-01 14:44:00,103600,103900,103500,103800,5397
2026-04-01 14:45:00,103800,103900,103700,103800,3108
2026-04-01 14:46:00,103700,103700,103400,103600,8131
2026-04-01 14:47:00,103500,103700,103300,103400,7998
2026-04-01 14:48:00,103300,103400,103300,103400,902
2026-04-01 14:49:00,103400,103500,103300,103400,5049
2026-04-01 14:50:00,103400,103600,103300,103500,2447
2026-04-01 14:51:00,103500,103700,103400,103500,8308
2026-04-01 14:52:00,103500,103700,103400,103600,2435
2026-04-01 14:53:00,103700,103700,103100,103200,7134
2026-04-01 14:54:00,103200,103400,103200,103300,1835
2026-04-01 14:55:00,103300,103600,103300,103400,4371
2026-04-01 14:56:00,103300,103400,103100,103100,4058
2026-04-01 14:57:00,103100,103100,102900,102900,5076
2026-04-01 14:58:00,103000,103000,102900,103000,1382
2026-04-01 14:59:00,103000,103300,102900,103200,6813
2026-04-01 15:00:00,103200,103400,103100,103300,6336
2026-04-01 15:01:00,103300,103600,103100,103400,5117
2026-04-01 15:02:00,103400,103400,103200,103200,3335
2026-04-01 15:03:00,103200,103300,102900,103000,3611
2026-04-01 15:04:00,103100,103400,103000,103200,3147
2026-04-01 15:05:00,103200,103200,103000,103100,4712
2026-04-01 15:06:00,103100,103200,103000,103100,4105
2026-04-01 15:07:00,103100,103300,103000,103200,4696
2026-04-01 15:08:00,103100,103400,103100,103300,2310
2026-04-01 15:09:00,103300,103400,103300,103300,6631
2026-04-01 15:10:00,103400,103600,103100,103300,8094
2026-04-01 15:11:00,103200,103600,103100,103600,1225
2026-04-01 15:12:00,103500,103700,103500,103500,3068
2026-04-01 15:13:00,103600,103800,103500,103700,7045
2026-04-01 15:14:00,103700,104100,103600,103900,3507
2026-04-01 15:15:00,104000,104300,103900,104100,6455
2026-04-01 15:16:00,104200,104300,103900,104100,9867
2026-04-01 15:17:00,104000,104200,103700,104100,8009
2026-04-01 15:18:00,104100,104100,103300,103800,8835
2026-04-01 15:19:00,103300,103800,103000,103600,2577
2026-04-01 15:30:00,104600,104600,104600,104600,49304
2026-04-01 15:35:00,104600,104600,104600,104600,328
2026-04-02 09:00:00,105000,105900,104800,105300,14979
2026-04-02 09:01:00,105400,105800,105200,105600,2512
2026-04-02 09:02:00,105500,105600,104800,105000,3817
2026-04-02 09:03:00,105000,105100,104000,104300,4477
2026-04-02 09:04:00,104300,104500,103600,103700,3849
2026-04-02 09:05:00,103800,104100,103500,103700,4327
2026-04-02 09:06:00,103700,103800,103000,103000,4628
2026-04-02 09:07:00,103000,103000,102500,102600,3175
2026-04-02 09:08:00,102600,102700,102300,102400,1582
2026-04-02 09:09:00,102400,103600,102300,103300,3454
2026-04-02 09:10:00,103300,103800,103200,103600,2872
2026-04-02 09:11:00,103600,103600,103200,103400,1207
2026-04-02 09:12:00,103400,103400,102700,102800,1589
2026-04-02 09:13:00,102900,103400,102900,103100,1494
2026-04-02 09:14:00,103000,103400,102700,103300,2150
2026-04-02 09:15:00,103100,103400,103000,103000,1750
2026-04-02 09:16:00,103000,103800,103000,103700,1299
2026-04-02 09:17:00,103700,103700,103200,103300,2613
2026-04-02 09:18:00,103300,103600,103200,103500,1253
2026-04-02 09:19:00,103400,103500,103300,103300,1248
2026-04-02 09:20:00,103300,103400,103200,103300,1613
2026-04-02 09:21:00,103300,103300,103100,103100,1197
2026-04-02 09:22:00,103200,103300,103100,103300,1105
2026-04-02 09:23:00,103300,103400,103100,103100,1253
2026-04-02 09:24:00,103100,103600,103100,103500,1624
2026-04-02 09:25:00,103500,103700,103300,103600,1041
2026-04-02 09:26:00,103400,104100,103300,103400,2042
2026-04-02 09:27:00,103400,103500,103300,103300,199
2026-04-02 09:28:00,103300,104100,103300,103900,3043
2026-04-02 09:29:00,103900,104000,103400,103400,727
2026-04-02 09:30:00,103500,103700,103300,103600,422
2026-04-02 09:31:00,103600,103800,103300,103500,1326
2026-04-02 09:32:00,103800,104200,103800,103900,3354
2026-04-02 09:33:00,103900,104200,103900,104100,1215
2026-04-02 09:34:00,104100,104100,103800,103800,555
2026-04-02 09:35:00,103800,103900,103600,103700,311
2026-04-02 09:36:00,103700,103800,103600,103800,706
2026-04-02 09:37:00,103800,104500,103700,104300,2573
2026-04-02 09:38:00,104300,104300,103700,103900,1422
2026-04-02 09:39:00,103900,104000,103700,103800,342
2026-04-02 09:40:00,103700,103900,103500,103700,2020
2026-04-02 09:41:00,103600,103700,103500,103600,963
2026-04-02 09:42:00,103600,104200,103600,104200,2806
2026-04-02 09:43:00,104100,104200,104000,104100,491
2026-04-02 09:44:00,104100,104200,104000,104100,416
2026-04-02 09:45:00,104200,104400,103900,104400,1367
2026-04-02 09:46:00,104400,104400,104200,104300,453
2026-04-02 09:47:00,104400,104400,104200,104300,819
2026-04-02 09:48:00,104300,104400,103900,104300,842
2026-04-02 09:49:00,104200,104400,104100,104400,667
2026-04-02 09:50:00,104300,104400,103900,104200,1356
2026-04-02 09:51:00,104100,104500,103800,104000,1666
2026-04-02 09:52:00,104100,104300,103900,104000,788
2026-04-02 09:53:00,104100,104200,104000,104200,299
2026-04-02 09:54:00,104200,104200,104100,104100,1030
2026-04-02 09:55:00,104100,104200,104000,104200,862
2026-04-02 09:56:00,104200,104600,104100,104600,876
2026-04-02 09:57:00,104600,104600,104500,104600,203
2026-04-02 09:58:00,104600,105000,104600,104600,2180
2026-04-02 09:59:00,104600,104700,104600,104650,537
2026-04-02 10:00:00,104650,104700,103700,103900,2639
2026-04-02 10:01:00,104000,104100,103900,104100,632
2026-04-02 10:02:00,104100,104100,103600,104000,1253
2026-04-02 10:03:00,104000,104000,103400,103500,1663
2026-04-02 10:04:00,103500,103600,103100,103400,1710
2026-04-02 10:05:00,103200,103400,103000,103100,1062
2026-04-02 10:06:00,103100,103100,102800,102800,3417
2026-04-02 10:07:00,102800,102900,102600,102700,1863
2026-04-02 10:08:00,102700,103400,102600,103200,2584
2026-04-02 10:09:00,103100,103700,103000,103500,2342
2026-04-02 10:10:00,103500,104300,103100,104200,2675
2026-04-02 10:11:00,104200,104600,103800,104400,3360
2026-04-02 10:12:00,104300,104400,103800,103800,1163
2026-04-02 10:13:00,103800,104300,103800,103900,479
2026-04-02 10:14:00,103900,104300,103700,104000,948
2026-04-02 10:15:00,104100,104100,103500,103500,1321
2026-04-02 10:16:00,103500,103500,103100,103300,2062
2026-04-02 10:17:00,103100,103500,102600,102900,3196
2026-04-02 10:18:00,102700,102800,101700,101800,4502
2026-04-02 10:19:00,101800,101900,101300,101700,6065
2026-04-02 10:20:00,101800,102200,101600,101800,3371
2026-04-02 10:21:00,101800,102200,101700,101700,2475
2026-04-02 10:22:00,101700,102000,101200,101200,4262
2026-04-02 10:23:00,101200,101600,101000,101000,4639
2026-04-02 10:24:00,101100,101400,100900,100900,4951
2026-04-02 10:25:00,100900,101000,100100,100200,5781
2026-04-02 10:26:00,100200,101000,99500,100800,6997
2026-04-02 10:27:00,100800,100800,100300,100500,2543
2026-04-02 10:28:00,100500,100800,100500,100800,1563
2026-04-02 10:29:00,100800,101100,100100,100800,2921
2026-04-02 10:30:00,100700,100700,99500,99800,3228
2026-04-02 10:31:00,99800,99900,99400,99400,3349
2026-04-02 10:32:00,99400,99800,99100,99600,5411
2026-04-02 10:33:00,99600,100100,99100,99600,1754
2026-04-02 10:34:00,99600,100400,99600,100400,2759
2026-04-02 10:35:00,100300,100600,100100,100400,2188
2026-04-02 10:36:00,100400,100800,100200,100700,1607
2026-04-02 10:37:00,100700,101000,100200,100700,3766
2026-04-02 10:38:00,100600,101200,100300,100400,2865
2026-04-02 10:39:00,100300,100700,100100,100600,1536
2026-04-02 10:40:00,100500,100500,100000,100100,1212
2026-04-02 10:41:00,100000,100200,99700,99700,2070
2026-04-02 10:42:00,99700,99800,99500,99600,1305
2026-04-02 10:43:00,99600,99800,99400,99400,1039
2026-04-02 10:44:00,99400,99500,99300,99400,446
2026-04-02 10:45:00,99300,99400,99000,99100,2060
2026-04-02 10:46:00,99100,99400,99100,99200,2427
2026-04-02 10:47:00,99200,99200,98900,98900,2669
2026-04-02 10:48:00,98900,99500,98800,99200,2450
2026-04-02 10:49:00,99300,99600,99100,99500,2020
2026-04-02 10:50:00,99600,100000,99500,99700,3252
2026-04-02 10:51:00,99700,100400,99500,100300,5562
2026-04-02 10:52:00,100300,100700,99600,100600,5298
2026-04-02 10:53:00,100200,100600,100200,100500,1178
2026-04-02 10:54:00,100400,100400,99800,100000,2387
2026-04-02 10:55:00,100100,100600,99900,100300,2042
2026-04-02 10:56:00,100300,100400,100100,100100,1540
2026-04-02 10:57:00,100200,100800,100200,100600,939
2026-04-02 10:58:00,100600,100800,100500,100500,958
2026-04-02 10:59:00,100600,100900,100500,100700,1224
2026-04-02 11:00:00,100800,100800,100400,100700,953
2026-04-02 11:01:00,100700,100800,99900,100000,3407
2026-04-02 11:02:00,100100,100500,100000,100300,1776
2026-04-02 11:03:00,100300,100300,99900,99900,1193
2026-04-02 11:04:00,100000,100000,99700,99800,1704
2026-04-02 11:05:00,99900,100000,99600,99700,1275
2026-04-02 11:06:00,99800,100100,99700,100000,1725
2026-04-02 11:07:00,100000,100600,100000,100200,2715
2026-04-02 11:08:00,100200,100200,99800,99900,1399
2026-04-02 11:09:00,99900,100100,99800,100000,457
2026-04-02 11:10:00,100000,100000,99900,100000,1221
2026-04-02 11:11:00,100100,100200,99900,100000,1394
2026-04-02 11:12:00,100000,100100,99900,100000,861
2026-04-02 11:13:00,100000,100000,99800,99900,1351
2026-04-02 11:14:00,99900,99900,99500,99500,1521
2026-04-02 11:15:00,99600,100200,99500,99900,3219
2026-04-02 11:16:00,99900,99900,99800,99800,701
2026-04-02 11:17:00,99900,100000,99800,99900,584
2026-04-02 11:18:00,99900,100400,99900,100200,1921
2026-04-02 11:19:00,100200,100300,100100,100100,500
2026-04-02 11:20:00,100100,100200,100000,100000,1061
2026-04-02 11:21:00,100000,100200,99900,100100,1571
2026-04-02 11:22:00,100200,100200,99900,99900,884
2026-04-02 11:23:00,99800,100000,99800,99800,458
2026-04-02 11:24:00,99800,99900,99600,99700,2139
2026-04-02 11:25:00,99750,99900,99700,99800,812
2026-04-02 11:26:00,99800,100000,99800,99800,1168
2026-04-02 11:27:00,99800,99900,99700,99700,529
2026-04-02 11:28:00,99800,100000,99700,99800,543
2026-04-02 11:29:00,99900,99900,99800,99900,721
2026-04-02 11:30:00,99800,100000,99800,99900,1418
2026-04-02 11:31:00,99900,99900,99800,99800,1285
2026-04-02 11:32:00,99800,99800,99500,99500,691
2026-04-02 11:33:00,99600,99900,99500,99900,1650
2026-04-02 11:34:00,99800,100200,99800,100200,2528
2026-04-02 11:35:00,100100,100500,99900,100100,948
2026-04-02 11:36:00,100100,100100,99700,99700,1349
2026-04-02 11:37:00,99700,99800,99500,99600,939
2026-04-02 11:38:00,99600,100100,99600,99900,1334
2026-04-02 11:39:00,100000,100000,99600,99600,1239
2026-04-02 11:40:00,99700,100200,99600,100100,1151
2026-04-02 11:41:00,100100,100400,100100,100200,368
2026-04-02 11:42:00,100200,100200,100000,100000,1672
2026-04-02 11:43:00,100000,100300,100000,100000,323
2026-04-02 11:44:00,100000,100300,100000,100300,355
2026-04-02 11:45:00,100300,100700,100000,100100,1672
2026-04-02 11:46:00,100100,100400,100000,100400,643
2026-04-02 11:47:00,100400,100400,100200,100200,577
2026-04-02 11:48:00,100100,100200,99800,100100,502
2026-04-02 11:49:00,100000,100200,100000,100000,551
2026-04-02 11:50:00,100000,100400,100000,100300,745
2026-04-02 11:51:00,100300,100300,100200,100200,604
2026-04-02 11:52:00,100200,100400,100100,100400,367
2026-04-02 11:53:00,100400,100700,100400,100500,840
2026-04-02 11:54:00,100600,100700,100500,100600,481
2026-04-02 11:55:00,100500,100800,100500,100600,860
2026-04-02 11:56:00,100700,100700,100400,100400,1053
2026-04-02 11:57:00,100400,100500,100300,100400,471
2026-04-02 11:58:00,100400,100600,100400,100500,571
2026-04-02 11:59:00,100400,100500,100300,100300,561
2026-04-02 12:00:00,100300,100500,100200,100200,1095
2026-04-02 12:01:00,100200,100200,100100,100200,617
2026-04-02 12:02:00,100200,100300,99900,100000,1265
2026-04-02 12:03:00,100100,100700,99900,99900,4840
2026-04-02 12:04:00,99900,100200,99900,100000,417
2026-04-02 12:05:00,99900,100400,99800,100100,1685
2026-04-02 12:06:00,100100,100300,100000,100200,530
2026-04-02 12:07:00,100200,100300,100100,100200,651
2026-04-02 12:08:00,100200,100200,100000,100100,440
2026-04-02 12:09:00,100100,100100,100000,100000,277
2026-04-02 12:10:00,100000,100100,100000,100000,77
2026-04-02 12:11:00,100000,100200,100000,100000,859
2026-04-02 12:12:00,100100,100200,100100,100200,175
2026-04-02 12:13:00,100200,100200,100100,100100,274
2026-04-02 12:14:00,100100,100200,100100,100100,274
2026-04-02 12:15:00,100100,100200,100100,100200,102
2026-04-02 12:16:00,100200,100200,100100,100200,265
2026-04-02 12:17:00,100100,100100,100000,100100,1022
2026-04-02 12:18:00,100100,100200,100100,100100,159
2026-04-02 12:19:00,100100,100200,100100,100200,246
2026-04-02 12:20:00,100100,100200,99900,99900,1353
2026-04-02 12:21:00,99900,100000,99900,99900,201
2026-04-02 12:22:00,100000,100100,100000,100100,847
2026-04-02 12:23:00,100100,100100,100000,100000,201
2026-04-02 12:24:00,100000,100200,100000,100100,713
2026-04-02 12:25:00,100100,100200,100100,100200,772
2026-04-02 12:26:00,100300,100300,100200,100200,245
2026-04-02 12:27:00,100200,100300,100200,100200,234
2026-04-02 12:28:00,100200,100200,100000,100000,484
2026-04-02 12:29:00,100100,100100,100000,100000,193
2026-04-02 12:30:00,100100,100100,100000,100000,45
2026-04-02 12:31:00,100000,100100,100000,100000,253
2026-04-02 12:32:00,100000,100000,99900,99900,1212
2026-04-02 12:33:00,99900,99900,99800,99900,596
2026-04-02 12:34:00,99900,99900,99800,99800,645
2026-04-02 12:35:00,99800,99900,99800,99800,162
2026-04-02 12:36:00,99800,99900,99800,99800,472
2026-04-02 12:37:00,99800,99800,99500,99500,1962
2026-04-02 12:38:00,99600,99900,99600,99600,1570
2026-04-02 12:39:00,99600,99700,99600,99600,522
2026-04-02 12:40:00,99600,99800,99500,99600,1133
2026-04-02 12:41:00,99600,99700,99500,99600,777
2026-04-02 12:42:00,99600,99600,99500,99600,459
2026-04-02 12:43:00,99600,99900,99500,99800,653
2026-04-02 12:44:00,99800,99800,99600,99700,762
2026-04-02 12:45:00,99700,99700,99500,99500,873
2026-04-02 12:46:00,99600,99600,99500,99600,537
2026-04-02 12:47:00,99600,99600,99500,99500,159
2026-04-02 12:48:00,99500,99600,99500,99600,846
2026-04-02 12:49:00,99600,99600,99300,99300,1048
2026-04-02 12:50:00,99300,99400,99300,99300,539
2026-04-02 12:51:00,99400,99500,99300,99300,990
2026-04-02 12:52:00,99300,99300,99100,99100,1437
2026-04-02 12:53:00,99100,99200,99000,99100,872
2026-04-02 12:54:00,99100,99200,99000,99000,508
2026-04-02 12:55:00,99000,99300,99000,99300,1475
2026-04-02 12:56:00,99300,99400,99200,99200,672
2026-04-02 12:57:00,99200,99300,99100,99200,329
2026-04-02 12:58:00,99100,99100,99000,99000,438
2026-04-02 12:59:00,99000,99100,99000,99000,1242
2026-04-02 13:00:00,99100,99400,99000,99300,1023
2026-04-02 13:01:00,99300,99600,99200,99200,2266
2026-04-02 13:02:00,99200,99200,99100,99150,272
2026-04-02 13:03:00,99100,99200,99000,99100,1380
2026-04-02 13:04:00,99100,99200,99000,99200,192
2026-04-02 13:05:00,99200,99200,99100,99100,701
2026-04-02 13:06:00,99200,99300,99100,99100,652
2026-04-02 13:07:00,99100,99400,99100,99400,1416
2026-04-02 13:08:00,99500,99700,99300,99600,576
2026-04-02 13:09:00,99600,99700,99600,99700,572
2026-04-02 13:10:00,99600,99700,99400,99600,369
2026-04-02 13:11:00,99700,99700,99600,99600,622
2026-04-02 13:12:00,99600,99700,99400,99400,864
2026-04-02 13:13:00,99500,99800,99400,99600,1297
2026-04-02 13:14:00,99600,99700,99600,99700,239
2026-04-02 13:15:00,99600,99900,99600,99900,881
2026-04-02 13:16:00,99900,100000,99800,99900,1039
2026-04-02 13:17:00,99900,99900,99600,99600,1225
2026-04-02 13:18:00,99600,99800,99500,99600,1285
2026-04-02 13:19:00,99500,99700,99500,99600,377
2026-04-02 13:20:00,99500,99700,99500,99600,389
2026-04-02 13:21:00,99500,99600,99500,99500,447
2026-04-02 13:22:00,99600,99600,99500,99600,395
2026-04-02 13:23:00,99600,99600,99500,99600,350
2026-04-02 13:24:00,99600,99600,99500,99600,575
2026-04-02 13:25:00,99500,99600,99300,99300,1977
2026-04-02 13:26:00,99400,99600,99400,99500,480
2026-04-02 13:27:00,99400,99600,99400,99500,483
2026-04-02 13:28:00,99600,99600,99500,99600,256
2026-04-02 13:29:00,99600,99900,99500,99800,2651
2026-04-02 13:30:00,99700,100100,99600,99800,926
2026-04-02 13:31:00,99800,100100,99800,99900,409
2026-04-02 13:32:00,99900,99900,99800,99800,191
2026-04-02 13:33:00,99900,99900,99800,99900,435
2026-04-02 13:34:00,99800,99900,99800,99800,291
2026-04-02 13:35:00,99900,99900,99800,99800,851
2026-04-02 13:36:00,99800,99900,99700,99900,1588
2026-04-02 13:37:00,99800,100000,99800,99900,782
2026-04-02 13:38:00,99900,99900,99800,99800,752
2026-04-02 13:39:00,99900,99900,99800,99800,302
2026-04-02 13:40:00,99800,99800,99700,99800,1085
2026-04-02 13:41:00,99700,99800,99700,99800,149
2026-04-02 13:42:00,99800,99800,99700,99800,120
2026-04-02 13:43:00,99800,100000,99700,99900,1179
2026-04-02 13:44:00,99900,100000,99900,99900,613
2026-04-02 13:45:00,100000,100000,99900,100000,798
2026-04-02 13:46:00,99900,100000,99900,100000,334
2026-04-02 13:47:00,99900,100000,99800,99900,604
2026-04-02 13:48:00,99800,99900,99800,99900,143
2026-04-02 13:49:00,99800,99900,99800,99900,463
2026-04-02 13:50:00,99800,100100,99800,100100,1264
2026-04-02 13:51:00,100000,100100,99900,100100,533
2026-04-02 13:52:00,100100,100200,100000,100100,554
2026-04-02 13:53:00,100000,100100,99900,100000,660
2026-04-02 13:54:00,100000,100000,99900,100000,761
2026-04-02 13:55:00,100000,100200,99900,100000,1274
2026-04-02 13:56:00,100100,100300,100000,100200,913
2026-04-02 13:57:00,100100,100200,100000,100100,653
2026-04-02 13:58:00,100100,100500,100100,100300,2037
2026-04-02 13:59:00,100300,100400,100100,100100,509
2026-04-02 14:00:00,100100,100500,100100,100200,480
2026-04-02 14:01:00,100300,100400,100100,100300,1222
2026-04-02 14:02:00,100200,100300,99800,99800,1071
2026-04-02 14:03:00,99800,100100,99800,99900,1313
2026-04-02 14:04:00,99900,100000,99800,99900,495
2026-04-02 14:05:00,99900,100000,99800,99900,1237
2026-04-02 14:06:00,99900,100000,99900,100000,553
2026-04-02 14:07:00,99900,100200,99900,100000,1866
2026-04-02 14:08:00,100100,100100,99900,100000,1294
2026-04-02 14:09:00,100000,100000,99900,100000,672
2026-04-02 14:10:00,100000,100100,99900,100100,668
2026-04-02 14:11:00,100100,100100,99900,100000,678
2026-04-02 14:12:00,99900,100100,99800,99900,1535
2026-04-02 14:13:00,99800,100000,99800,99800,869
2026-04-02 14:14:00,99900,100000,99800,99900,2057
2026-04-02 14:15:00,99900,100000,99800,99900,905
2026-04-02 14:16:00,100000,100000,99800,99800,543
2026-04-02 14:17:00,99900,100000,99800,99900,1131
2026-04-02 14:18:00,99900,99900,99700,99800,1086
2026-04-02 14:19:00,99800,100000,99700,99700,1084
2026-04-02 14:20:00,99700,99900,99600,99800,928
2026-04-02 14:21:00,99700,99900,99700,99900,1022
2026-04-02 14:22:00,99900,100100,99800,100000,1022
2026-04-02 14:23:00,99900,100100,99800,99900,752
2026-04-02 14:24:00,99900,100000,99500,99600,3106
2026-04-02 14:25:00,99600,100000,99600,99700,1442
2026-04-02 14:26:00,99700,100000,99500,99700,1131
2026-04-02 14:27:00,99700,99700,99600,99600,884
2026-04-02 14:28:00,99700,100000,99600,99900,2616
2026-04-02 14:29:00,99900,100000,99700,99800,1496
2026-04-02 14:30:00,99900,100100,99700,99800,1512
2026-04-02 14:31:00,99800,99900,99600,99600,1075
2026-04-02 14:32:00,99700,100000,99600,99800,1902
2026-04-02 14:33:00,99800,100000,99500,99700,2758
2026-04-02 14:34:00,99700,100100,99600,100000,2409
2026-04-02 14:35:00,99900,100000,99800,100000,1189
2026-04-02 14:36:00,100000,100000,99700,99800,1593
2026-04-02 14:37:00,99900,100000,99700,99800,1369
2026-04-02 14:38:00,99800,99800,99600,99600,1381
2026-04-02 14:39:00,99600,99800,99300,99400,3000
2026-04-02 14:40:00,99400,99700,99200,99500,2288
2026-04-02 14:41:00,99400,99600,99200,99400,2256
2026-04-02 14:42:00,99400,99500,99200,99200,1522
2026-04-02 14:43:00,99300,99400,99200,99400,667
2026-04-02 14:44:00,99300,99400,99100,99400,3911
2026-04-02 14:45:00,99300,99400,99100,99200,2749
2026-04-02 14:46:00,99200,99300,99000,99100,3954
2026-04-02 14:47:00,99100,99100,98800,98900,4474
2026-04-02 14:48:00,98900,99300,98900,99100,6920
2026-04-02 14:49:00,99100,99200,98700,99000,5662
2026-04-02 14:50:00,99000,99100,98800,99000,1873
2026-04-02 14:51:00,99000,99100,98800,99000,4854
2026-04-02 14:52:00,99100,99100,98900,99000,2861
2026-04-02 14:53:00,99000,99100,98900,98900,2012
2026-04-02 14:54:00,98900,99000,98700,98900,4017
2026-04-02 14:55:00,98800,98900,98300,98500,3814
2026-04-02 14:56:00,98500,98800,98500,98700,6032
2026-04-02 14:57:00,98700,98800,98500,98800,2516
2026-04-02 14:58:00,98800,98800,98600,98700,1343
2026-04-02 14:59:00,98600,98800,98300,98300,5594
2026-04-02 15:00:00,98400,98600,98300,98400,3607
2026-04-02 15:01:00,98400,98700,98000,98500,4861
2026-04-02 15:02:00,98500,98700,98300,98500,948
2026-04-02 15:03:00,98500,98500,98100,98200,2391
2026-04-02 15:04:00,98200,98700,98100,98400,5596
2026-04-02 15:05:00,98300,98700,98300,98600,3101
2026-04-02 15:06:00,98600,99000,98600,99000,3749
2026-04-02 15:07:00,98900,99000,98900,98900,2976
2026-04-02 15:08:00,99000,99400,98800,99300,5113
2026-04-02 15:09:00,99300,99300,98800,99000,2063
2026-04-02 15:10:00,98900,99000,98600,99000,5150
2026-04-02 15:11:00,99000,99500,99000,99400,4493
2026-04-02 15:12:00,99400,99500,99100,99300,1498
2026-04-02 15:13:00,99200,99300,99000,99200,2363
2026-04-02 15:14:00,99300,99300,99000,99300,3470
2026-04-02 15:15:00,99200,99500,99100,99400,6785
2026-04-02 15:16:00,99400,99700,99400,99400,4295
2026-04-02 15:17:00,99400,99700,98900,98900,7422
2026-04-02 15:18:00,99200,99400,98700,99200,6621
2026-04-02 15:19:00,99600,100400,98900,99200,7222
2026-04-02 15:30:00,99100,99100,99100,99100,40920
2026-04-02 15:35:00,99100,99100,99100,99100,814
2026-04-03 09:00:00,101300,101800,101200,101500,4899
2026-04-03 09:01:00,101500,102900,101500,102200,4101
2026-04-03 09:02:00,102200,102300,101800,102000,2278
2026-04-03 09:03:00,101900,102400,101700,101800,2716
2026-04-03 09:04:00,101900,102300,101700,101800,2977
2026-04-03 09:05:00,101900,102200,101900,102200,1714
2026-04-03 09:06:00,102100,102500,102000,102300,1489
2026-04-03 09:07:00,102300,102400,102100,102200,660
2026-04-03 09:08:00,102200,102300,102100,102200,715
2026-04-03 09:09:00,102200,102200,102000,102000,3035
2026-04-03 09:10:00,102000,102100,101200,101200,4199
2026-04-03 09:11:00,101400,101600,101400,101500,1482
2026-04-03 09:12:00,101500,101600,101200,101300,1797
2026-04-03 09:13:00,101200,101900,101200,101800,3212
2026-04-03 09:14:00,101800,102400,101800,102300,1431
2026-04-03 09:15:00,102400,102400,101800,101800,877
2026-04-03 09:16:00,101900,102000,101800,101900,473
2026-04-03 09:17:00,101900,102000,101800,101900,251
2026-04-03 09:18:00,101900,102000,101700,101800,1336
2026-04-03 09:19:00,101800,102000,101600,101800,1834
2026-04-03 09:20:00,101800,101900,101500,101600,1045
2026-04-03 09:21:00,101600,101700,101400,101600,1186
2026-04-03 09:22:00,101600,101600,101400,101500,1735
2026-04-03 09:23:00,101500,101700,101100,101400,3390
2026-04-03 09:24:00,101400,101600,101200,101400,1215
2026-04-03 09:25:00,101300,102200,101300,102200,3106
2026-04-03 09:26:00,102100,102500,101800,102400,3170
2026-04-03 09:27:00,102500,102500,102400,102400,1190
2026-04-03 09:28:00,102400,102500,102300,102500,1313
2026-04-03 09:29:00,102500,102500,102400,102400,947
2026-04-03 09:30:00,102500,102500,102200,102200,1598
2026-04-03 09:31:00,102300,102300,102100,102100,2169
2026-04-03 09:32:00,102100,102200,102000,102100,820
2026-04-03 09:33:00,102100,102100,101800,101800,650
2026-04-03 09:34:00,101800,101900,101500,101700,929
2026-04-03 09:35:00,101700,101700,101400,101600,652
2026-04-03 09:36:00,101550,101600,101200,101300,978
2026-04-03 09:37:00,101300,101300,101200,101200,760
2026-04-03 09:38:00,101200,101800,101200,101800,3056
2026-04-03 09:39:00,101500,101500,101400,101500,1100
2026-04-03 09:40:00,101400,101500,101300,101400,614
2026-04-03 09:41:00,101300,101600,101200,101600,1488
2026-04-03 09:42:00,101500,102000,101500,101600,1562
2026-04-03 09:43:00,101600,101700,101500,101600,879
2026-04-03 09:44:00,101700,101700,101600,101600,663
2026-04-03 09:45:00,101600,101700,101600,101700,913
2026-04-03 09:46:00,101800,101800,101500,101800,872
2026-04-03 09:47:00,101800,101800,101600,101600,169
2026-04-03 09:48:00,101600,101700,101600,101700,543
2026-04-03 09:49:00,101700,101700,101600,101700,578
2026-04-03 09:50:00,101700,102000,101700,101800,618
2026-04-03 09:51:00,101800,101900,101800,101900,242
2026-04-03 09:52:00,101900,102000,101800,102000,992
2026-04-03 09:53:00,102000,102000,101900,102000,160
2026-04-03 09:54:00,102000,102200,101900,102200,1891
2026-04-03 09:55:00,101900,102300,101900,102300,726
2026-04-03 09:56:00,102200,102200,102100,102200,485
2026-04-03 09:57:00,102200,102500,102200,102500,2373
2026-04-03 09:58:00,102500,102600,102400,102600,1965
2026-04-03 09:59:00,102600,102800,102500,102800,1941
2026-04-03 10:00:00,102700,102800,102300,102400,1891
2026-04-03 10:01:00,102300,102400,102300,102400,851
2026-04-03 10:02:00,102400,102700,102300,102500,705
2026-04-03 10:03:00,102500,102600,102400,102400,336
2026-04-03 10:04:00,102500,102500,102300,102400,942
2026-04-03 10:05:00,102300,102400,101800,101800,3224
2026-04-03 10:06:00,101800,101800,101700,101800,394
2026-04-03 10:07:00,101800,101900,101700,101800,1855
2026-04-03 10:08:00,101700,102000,101700,101900,1082
2026-04-03 10:09:00,101900,102000,101900,101900,261
2026-04-03 10:10:00,101900,102000,101900,102000,163
2026-04-03 10:11:00,102000,102000,101900,102000,455
2026-04-03 10:12:00,101900,102000,101800,101800,1197
2026-04-03 10:13:00,101900,101900,101700,101800,799
2026-04-03 10:14:00,101800,102500,101800,102500,1435
2026-04-03 10:15:00,102400,103300,102400,103000,5391
2026-04-03 10:16:00,103000,103000,102700,102800,2213
2026-04-03 10:17:00,102800,102900,102700,102900,1172
2026-04-03 10:18:00,102900,102900,102800,102800,1432
2026-04-03 10:19:00,102800,102800,102700,102800,667
2026-04-03 10:20:00,102700,102800,102600,102700,1495
2026-04-03 10:21:00,102750,103100,102700,103100,1581
2026-04-03 10:22:00,103100,103100,102900,102900,793
2026-04-03 10:23:00,102900,103000,102000,102300,2390
2026-04-03 10:24:00,102300,102300,102200,102200,551
2026-04-03 10:25:00,102100,102200,102100,102200,438
2026-04-03 10:26:00,102100,102200,102100,102200,344
2026-04-03 10:27:00,102200,102200,102100,102100,70
2026-04-03 10:28:00,102100,102200,102100,102100,160
2026-04-03 10:29:00,102200,102200,102100,102100,212
2026-04-03 10:30:00,102200,102200,102100,102200,271
2026-04-03 10:31:00,102200,102200,102100,102200,1065
2026-04-03 10:32:00,102100,102200,101700,101700,3791
2026-04-03 10:33:00,101700,101700,101300,101400,2282
2026-04-03 10:34:00,101400,101500,101400,101400,908
2026-04-03 10:35:00,101400,101500,101400,101500,1128
2026-04-03 10:36:00,101400,101800,101400,101500,1702
2026-04-03 10:37:00,101500,101500,101400,101500,420
2026-04-03 10:38:00,101500,101500,101400,101500,656
2026-04-03 10:39:00,101400,101500,101200,101200,1786
2026-04-03 10:40:00,101100,101200,101100,101200,893
2026-04-03 10:41:00,101200,101200,101100,101200,471
2026-04-03 10:42:00,101200,101400,101100,101400,1492
2026-04-03 10:43:00,101400,101400,101200,101300,1346
2026-04-03 10:44:00,101300,101500,101300,101500,1128
2026-04-03 10:45:00,101500,101600,101000,101200,1759
2026-04-03 10:46:00,101000,101100,101000,101100,886
2026-04-03 10:47:00,101100,101300,100900,101100,2098
2026-04-03 10:48:00,101000,101100,100900,101000,243
2026-04-03 10:49:00,101100,101300,101100,101300,841
2026-04-03 10:50:00,101200,101300,101200,101300,317
2026-04-03 10:51:00,101300,101300,100900,101000,3045
2026-04-03 10:52:00,101000,101000,100800,100900,751
2026-04-03 10:53:00,100800,101400,100800,100900,3312
2026-04-03 10:54:00,101000,101800,100800,101300,4634
2026-04-03 10:55:00,101200,101500,101000,101400,2847
2026-04-03 10:56:00,101000,101300,101000,101100,1527
2026-04-03 10:57:00,101000,101100,100900,100900,893
2026-04-03 10:58:00,100900,100900,100700,100700,1821
2026-04-03 10:59:00,100600,101200,100600,100600,2188
2026-04-03 11:00:00,100500,100900,100400,100600,1756
2026-04-03 11:01:00,100600,100700,100500,100600,1508
2026-04-03 11:02:00,100600,100900,100600,100700,460
2026-04-03 11:03:00,100800,101200,100700,101100,2355
2026-04-03 11:04:00,101100,101200,100900,101000,655
2026-04-03 11:05:00,100900,101000,100800,100900,930
2026-04-03 11:06:00,100900,101000,100700,100700,1378
2026-04-03 11:07:00,100800,101100,100700,100800,1953
2026-04-03 11:08:00,100800,101000,100800,100900,812
2026-04-03 11:09:00,101000,102200,100900,102000,3593
2026-04-03 11:10:00,101900,102100,101600,102000,1909
2026-04-03 11:11:00,102000,102200,101700,102000,1414
2026-04-03 11:12:00,102100,102200,101900,101900,595
2026-04-03 11:13:00,102000,102800,102000,102400,2997
2026-04-03 11:14:00,102500,102800,102200,102700,2547
2026-04-03 11:15:00,102700,102800,102100,102600,3410
2026-04-03 11:16:00,102600,102600,102000,102300,1697
2026-04-03 11:17:00,102300,103100,102300,103100,4570
2026-04-03 11:18:00,103100,103200,102800,103100,1903
2026-04-03 11:19:00,103100,103100,102800,103100,679
2026-04-03 11:20:00,103000,103600,103000,103500,2752
2026-04-03 11:21:00,103400,103600,103000,103400,2015
2026-04-03 11:22:00,103400,103400,103100,103100,1734
2026-04-03 11:23:00,103200,103200,103000,103000,1274
2026-04-03 11:24:00,103000,103300,103000,103200,1487
2026-04-03 11:25:00,103200,103300,103200,103300,1132
2026-04-03 11:26:00,103200,103300,102800,102800,1095
2026-04-03 11:27:00,102900,103200,102800,103100,1613
2026-04-03 11:28:00,103100,103100,102800,102900,812
2026-04-03 11:29:00,103000,103000,102800,102800,638
2026-04-03 11:30:00,102800,102900,102700,102800,934
2026-04-03 11:31:00,102800,102800,102500,102500,1110
2026-04-03 11:32:00,102600,102600,102400,102500,1305
2026-04-03 11:33:00,102400,102500,102200,102200,1703
2026-04-03 11:34:00,102300,102400,102000,102300,2131
2026-04-03 11:35:00,102100,102300,102000,102100,542
2026-04-03 11:36:00,102100,102300,102000,102200,1232
2026-04-03 11:37:00,102200,102300,101800,102300,2593
2026-04-03 11:38:00,102300,102300,101800,102000,1464
2026-04-03 11:39:00,101900,102000,101900,102000,770
2026-04-03 11:40:00,102000,102200,101900,102100,488
2026-04-03 11:41:00,102150,102200,102000,102100,724
2026-04-03 11:42:00,102000,102100,102000,102000,627
2026-04-03 11:43:00,102000,102100,102000,102000,75
2026-04-03 11:44:00,102100,102200,102000,102200,1405
2026-04-03 11:45:00,102000,102200,102000,102000,533
2026-04-03 11:46:00,102100,102100,102000,102100,942
2026-04-03 11:47:00,102100,102200,102000,102100,977
2026-04-03 11:48:00,102100,102200,101900,101900,511
2026-04-03 11:49:00,101900,102200,101900,102200,1573
2026-04-03 11:50:00,102200,102200,102000,102100,371
2026-04-03 11:51:00,102100,102200,102000,102100,794
2026-04-03 11:52:00,102100,102500,102100,102400,1592
2026-04-03 11:53:00,102300,102400,102300,102400,535
2026-04-03 11:54:00,102400,102700,102400,102500,853
2026-04-03 11:55:00,102300,102600,102100,102600,1263
2026-04-03 11:56:00,102600,102700,102500,102600,413
2026-04-03 11:57:00,102500,102900,102400,102500,985
2026-04-03 11:58:00,102500,102700,102500,102700,456
2026-04-03 11:59:00,102700,102700,102400,102400,534
2026-04-03 12:00:00,102400,102700,102400,102700,388
2026-04-03 12:01:00,102700,102900,102700,102800,347
2026-04-03 12:02:00,102900,102900,102800,102800,292
2026-04-03 12:03:00,102900,102900,102800,102800,846
2026-04-03 12:04:00,102900,102900,102500,102500,1147
2026-04-03 12:05:00,102500,102600,102500,102600,888
2026-04-03 12:06:00,102600,102600,102500,102500,245
2026-04-03 12:07:00,102600,102600,102500,102600,284
2026-04-03 12:08:00,102600,102700,102500,102600,559
2026-04-03 12:09:00,102600,102700,102600,102700,721
2026-04-03 12:10:00,102650,102700,102600,102700,467
2026-04-03 12:11:00,102700,102700,102500,102600,658
2026-04-03 12:12:00,102500,102600,102500,102600,365
2026-04-03 12:13:00,102600,102600,102500,102500,168
2026-04-03 12:14:00,102550,102600,102400,102400,992
2026-04-03 12:15:00,102400,102600,102400,102600,1133
2026-04-03 12:16:00,102600,102600,102500,102500,412
2026-04-03 12:17:00,102500,102600,102500,102500,509
2026-04-03 12:18:00,102600,102600,102400,102400,924
2026-04-03 12:19:00,102400,102400,102200,102300,741
2026-04-03 12:20:00,102200,102500,102200,102500,1010
2026-04-03 12:21:00,102500,102600,102400,102600,529
2026-04-03 12:22:00,102600,102700,102500,102600,670
2026-04-03 12:23:00,102500,102600,102500,102500,215
2026-04-03 12:24:00,102400,102500,102300,102300,853
2026-04-03 12:25:00,102300,102400,102300,102300,271
2026-04-03 12:26:00,102400,102400,102300,102400,278
2026-04-03 12:27:00,102400,102600,102300,102400,1290
2026-04-03 12:28:00,102400,102400,102100,102100,761
2026-04-03 12:29:00,102100,102400,102100,102400,1142
2026-04-03 12:30:00,102300,102400,102300,102300,70
2026-04-03 12:31:00,102400,102400,102300,102400,599
2026-04-03 12:32:00,102400,102400,102300,102400,107
2026-04-03 12:33:00,102300,102500,102300,102400,512
2026-04-03 12:34:00,102400,102400,102300,102300,344
2026-04-03 12:35:00,102300,102400,102300,102400,194
2026-04-03 12:36:00,102400,102500,102300,102400,967
2026-04-03 12:37:00,102400,102400,102000,102200,1702
2026-04-03 12:38:00,102100,102200,102000,102000,962
2026-04-03 12:39:00,101950,102000,101900,102000,683
2026-04-03 12:40:00,101900,102000,101800,101900,1412
2026-04-03 12:41:00,101800,101900,101800,101900,547
2026-04-03 12:42:00,101900,102200,101900,102000,717
2026-04-03 12:43:00,102100,102200,102000,102100,563
2026-04-03 12:44:00,102200,102200,102100,102100,502
2026-04-03 12:45:00,102100,102200,102100,102200,861
2026-04-03 12:46:00,102200,102200,102100,102200,230
2026-04-03 12:47:00,102200,102200,102100,102200,807
2026-04-03 12:48:00,102200,102200,102100,102200,200
2026-04-03 12:49:00,102200,102400,102100,102300,1071
2026-04-03 12:50:00,102100,102300,102100,102200,405
2026-04-03 12:51:00,102200,102300,102100,102200,657
2026-04-03 12:52:00,102200,102300,102200,102200,483
2026-04-03 12:53:00,102200,102300,102200,102300,314
2026-04-03 12:54:00,102200,102500,102100,102200,1720
2026-04-03 12:55:00,102100,102200,102100,102100,439
2026-04-03 12:56:00,102200,102200,102100,102200,400
2026-04-03 12:57:00,102200,102500,102100,102500,767
2026-04-03 12:58:00,102500,102500,102100,102200,707
2026-04-03 12:59:00,102200,102300,102100,102300,682
2026-04-03 13:00:00,102200,102300,102200,102300,117
2026-04-03 13:01:00,102300,102300,102100,102100,883
2026-04-03 13:02:00,102200,102500,102100,102300,1375
2026-04-03 13:03:00,102400,102500,102300,102500,829
2026-04-03 13:04:00,102500,102500,102300,102300,659
2026-04-03 13:05:00,102300,102300,102200,102300,734
2026-04-03 13:06:00,102300,102300,102200,102300,614
2026-04-03 13:07:00,102300,102500,102300,102400,61
2026-04-03 13:08:00,102500,102500,102300,102300,937
2026-04-03 13:09:00,102300,102500,102300,102300,574
2026-04-03 13:10:00,102400,102400,102300,102400,615
2026-04-03 13:11:00,102300,102400,102300,102400,866
2026-04-03 13:12:00,102400,102400,102300,102300,395
2026-04-03 13:13:00,102300,102500,102300,102400,597
2026-04-03 13:14:00,102500,102500,102300,102300,483
2026-04-03 13:15:00,102300,102400,102300,102400,803
2026-04-03 13:16:00,102400,102700,102400,102700,1021
2026-04-03 13:17:00,102700,102800,102600,102700,1038
2026-04-03 13:18:00,102800,103000,102700,103000,2046
2026-04-03 13:19:00,103000,103000,102800,102800,1079
2026-04-03 13:20:00,102700,102900,102700,102800,1020
2026-04-03 13:21:00,102800,103100,102800,102900,1559
2026-04-03 13:22:00,102900,102900,102800,102900,682
2026-04-03 13:23:00,102900,102900,102700,102800,1225
2026-04-03 13:24:00,102800,102800,102700,102700,656
2026-04-03 13:25:00,102700,102800,102700,102800,517
2026-04-03 13:26:00,102800,102800,102700,102800,295
2026-04-03 13:27:00,102800,102800,102700,102800,1076
2026-04-03 13:28:00,102800,102800,102700,102700,354
2026-04-03 13:29:00,102800,102800,102100,102200,13227
2026-04-03 13:30:00,102300,102500,102200,102300,1640
2026-04-03 13:31:00,102300,102300,102200,102300,377
2026-04-03 13:32:00,102300,102300,102200,102200,571
2026-04-03 13:33:00,102200,102300,102200,102200,630
2026-04-03 13:34:00,102300,102300,102200,102300,367
2026-04-03 13:35:00,102300,102300,102100,102200,1344
2026-04-03 13:36:00,102200,102200,102100,102200,362
2026-04-03 13:37:00,102100,102200,102100,102100,486
2026-04-03 13:38:00,102200,102700,102100,102600,2963
2026-04-03 13:39:00,102400,102600,102400,102600,1078
2026-04-03 13:40:00,102500,102700,102500,102700,1027
2026-04-03 13:41:00,102700,102700,102600,102700,642
2026-04-03 13:42:00,102700,102700,102400,102400,1742
2026-04-03 13:43:00,102500,102500,102300,102300,1506
2026-04-03 13:44:00,102500,102800,102400,102600,1324
2026-04-03 13:45:00,102600,102900,102500,102900,2261
2026-04-03 13:46:00,102900,103000,102800,103000,1389
2026-04-03 13:47:00,103000,103000,102900,103000,660
2026-04-03 13:48:00,103000,103000,102800,102900,1078
2026-04-03 13:49:00,102900,102900,102600,102700,1416
2026-04-03 13:50:00,102600,102700,102600,102700,672
2026-04-03 13:51:00,102700,103000,102700,103000,1236
2026-04-03 13:52:00,103000,103100,102900,103100,810
2026-04-03 13:53:00,103100,103300,102900,103200,1776
2026-04-03 13:54:00,103200,104600,103200,104600,11821
2026-04-03 13:55:00,104400,105000,103900,104800,9362
2026-04-03 13:56:00,104800,105500,104600,105300,15079
2026-04-03 13:57:00,105200,105700,105200,105300,3750
2026-04-03 13:58:00,105300,106000,105000,106000,6648
2026-04-03 13:59:00,105900,106000,105500,105600,3404
2026-04-03 14:00:00,105600,105800,105300,105600,4334
2026-04-03 14:01:00,105600,105700,105500,105500,1539
2026-04-03 14:02:00,105600,106500,105200,106400,7031
2026-04-03 14:03:00,106500,106700,105800,106200,6450
2026-04-03 14:04:00,106100,107500,106100,107400,10017
2026-04-03 14:05:00,107300,107800,107200,107800,6665
2026-04-03 14:06:00,107800,108300,107700,107800,13326
2026-04-03 14:07:00,107800,108700,107800,108200,10566
2026-04-03 14:08:00,108300,108700,108100,108200,4779
2026-04-03 14:09:00,108100,108200,107200,107800,4919
2026-04-03 14:10:00,107800,107800,107300,107500,5491
2026-04-03 14:11:00,107500,107600,107000,107100,3174
2026-04-03 14:12:00,107300,107300,106600,106800,3714
2026-04-03 14:13:00,106800,107800,106700,107500,6322
2026-04-03 14:14:00,107400,107800,107100,107800,8208
2026-04-03 14:15:00,107800,108800,107700,108300,12643
2026-04-03 14:16:00,108300,108400,107700,108000,2815
2026-04-03 14:17:00,107900,108400,107800,107900,6229
2026-04-03 14:18:00,107900,108500,107600,108400,6119
2026-04-03 14:19:00,108300,108800,108300,108600,7803
2026-04-03 14:20:00,108700,108800,107900,108700,9867
2026-04-03 14:21:00,108700,110000,108600,110000,27092
2026-04-03 14:22:00,110000,110000,109200,109200,7411
2026-04-03 14:23:00,109400,109400,108300,108400,5121
2026-04-03 14:24:00,108500,108600,107900,108200,5375
2026-04-03 14:25:00,108100,108800,108100,108700,3868
2026-04-03 14:26:00,108700,108900,108400,108400,4567
2026-04-03 14:27:00,108400,109100,108300,108700,5322
2026-04-03 14:28:00,108700,109000,108300,108800,4611
2026-04-03 14:29:00,108700,109300,108700,109300,3329
2026-04-03 14:30:00,109100,109200,108900,109000,4490
2026-04-03 14:31:00,109100,109400,109000,109200,6115
2026-04-03 14:32:00,109200,109200,108500,108500,4631
2026-04-03 14:33:00,108600,108800,108400,108800,2560
2026-04-03 14:34:00,108800,109000,108400,108600,3674
2026-04-03 14:35:00,108600,108900,108200,108500,5453
2026-04-03 14:36:00,108500,109400,108400,109200,7894
2026-04-03 14:37:00,109300,109300,108700,108900,4407
2026-04-03 14:38:00,108900,109200,108900,109100,4360
2026-04-03 14:39:00,109200,109300,109000,109300,3932
2026-04-03 14:40:00,109300,109500,109100,109400,5562
2026-04-03 14:41:00,109400,109400,109000,109300,3261
2026-04-03 14:42:00,109400,109500,108900,108900,5205
2026-04-03 14:43:00,109000,109100,108700,108700,3052
2026-04-03 14:44:00,108800,108800,108400,108400,4185
2026-04-03 14:45:00,108400,108700,108100,108500,4830
2026-04-03 14:46:00,108500,108900,108400,108700,3746
2026-04-03 14:47:00,108700,108900,108200,108800,5286
2026-04-03 14:48:00,108800,108900,108500,108800,3203
2026-04-03 14:49:00,108600,108900,108300,108600,6003
2026-04-03 14:50:00,108600,108900,108500,108900,2745
2026-04-03 14:51:00,108800,109000,108700,109000,4251
2026-04-03 14:52:00,109000,109200,108700,109000,4455
2026-04-03 14:53:00,109100,109200,108700,108700,4269
2026-04-03 14:54:00,108900,109000,108500,108700,5241
2026-04-03 14:55:00,108800,109000,108500,108500,5338
2026-04-03 14:56:00,108600,109100,108400,109100,4876
2026-04-03 14:57:00,109100,109100,108800,109100,4835
2026-04-03 14:58:00,109100,109200,108700,108800,4995
2026-04-03 14:59:00,108800,109000,108400,108600,4562
2026-04-03 15:00:00,108500,108700,108400,108700,4661
2026-04-03 15:01:00,108800,109000,108500,108900,4108
2026-04-03 15:02:00,108900,109100,108600,108900,7955
2026-04-03 15:03:00,108900,109100,108700,108900,4928
2026-04-03 15:04:00,109000,109500,108800,109400,9776
2026-04-03 15:05:00,109500,109800,109400,109700,9685
2026-04-03 15:06:00,109800,110900,109700,110400,26798
2026-04-03 15:07:00,110600,110600,109800,109800,6914
2026-04-03 15:08:00,109800,110100,109500,109700,6610
2026-04-03 15:09:00,109600,109700,109100,109100,6516
2026-04-03 15:10:00,109400,109600,108800,109300,6385
2026-04-03 15:11:00,109300,109500,109100,109400,4256
2026-04-03 15:12:00,109400,109500,109000,109400,3817
2026-04-03 15:13:00,109500,109700,109400,109600,4254
2026-04-03 15:14:00,109600,110000,109500,109900,5555
2026-04-03 15:15:00,109900,110500,109700,110400,8391
2026-04-03 15:16:00,110300,110500,110200,110500,5486
2026-04-03 15:17:00,110500,110700,110200,110300,7685
2026-04-03 15:18:00,110500,110700,109500,110100,9604
2026-04-03 15:19:00,110000,110500,109600,110400,5430
2026-04-03 15:30:00,110400,110400,110400,110400,32324
2026-04-03 15:35:00,110400,110400,110400,110400,102
2026-04-06 09:00:00,109200,110400,109000,110000,8906
2026-04-06 09:01:00,110000,111000,110000,110900,4793
2026-04-06 09:02:00,111000,111000,110400,110500,4187
2026-04-06 09:03:00,110600,111000,109800,109900,4661
2026-04-06 09:04:00,110000,110400,109700,110100,3247
2026-04-06 09:05:00,110400,110800,110000,110300,2341
2026-04-06 09:06:00,110300,111200,110200,111000,3429
2026-04-06 09:07:00,110900,111000,110600,110700,1454
2026-04-06 09:08:00,110700,110900,110600,110900,2057
2026-04-06 09:09:00,110700,110900,110500,110750,2543
2026-04-06 09:10:00,110700,110800,110400,110500,1809
2026-04-06 09:11:00,110500,110600,110300,110300,1874
2026-04-06 09:12:00,110300,110400,109600,109700,3359
2026-04-06 09:13:00,109800,110200,109700,109700,3766
2026-04-06 09:14:00,109800,110000,109600,109800,3120
2026-04-06 09:15:00,109900,110100,109700,109900,2189
2026-04-06 09:16:00,109600,109800,109200,109200,3789
2026-04-06 09:17:00,109200,109700,109200,109300,2042
2026-04-06 09:18:00,109300,109300,108500,108600,4448
2026-04-06 09:19:00,108600,108700,108000,108000,3840
2026-04-06 09:20:00,108100,108900,108000,108800,10466
2026-04-06 09:21:00,108900,108900,108500,108500,3188
2026-04-06 09:22:00,108500,108900,108500,108800,2240
2026-04-06 09:23:00,108800,109400,108800,109200,10268
2026-04-06 09:24:00,109300,109500,109000,109100,3010
2026-04-06 09:25:00,109200,109500,109100,109200,1482
2026-04-06 09:26:00,109200,109200,108800,108900,1900
2026-04-06 09:27:00,108900,109400,108700,109100,1470
2026-04-06 09:28:00,109100,109100,108400,108500,5196
2026-04-06 09:29:00,108500,109000,108200,108200,2706
2026-04-06 09:30:00,108400,108400,108100,108100,1771
2026-04-06 09:31:00,108200,108600,108000,108200,4443
2026-04-06 09:32:00,108200,108600,108200,108250,1189
2026-04-06 09:33:00,108200,108300,108200,108300,851
2026-04-06 09:34:00,108200,108300,108000,108000,2577
2026-04-06 09:35:00,108000,108400,108000,108200,1906
2026-04-06 09:36:00,108200,108500,108000,108200,1199
2026-04-06 09:37:00,108200,108500,108100,108100,871
2026-04-06 09:38:00,108100,108200,107900,107900,1901
2026-04-06 09:39:00,108000,108000,107700,107900,2185
2026-04-06 09:40:00,107800,108100,107300,107900,8771
2026-04-06 09:41:00,107900,108200,107700,108200,2182
2026-04-06 09:42:00,108100,108400,107800,108400,2082
2026-04-06 09:43:00,108500,108600,108200,108400,1511
2026-04-06 09:44:00,108400,108500,107900,108100,3135
2026-04-06 09:45:00,108000,108000,107900,107900,960
2026-04-06 09:46:00,107900,107950,107650,107900,2251
2026-04-06 09:47:00,107900,108000,107800,107800,532
2026-04-06 09:48:00,107900,108000,107700,107800,1236
2026-04-06 09:49:00,107800,107900,107600,107700,1137
2026-04-06 09:50:00,107700,107900,107700,107800,711
2026-04-06 09:51:00,107800,107900,107700,107900,556
2026-04-06 09:52:00,107800,108100,107700,107900,1326
2026-04-06 09:53:00,108000,108200,107800,107800,489
2026-04-06 09:54:00,107900,108100,107800,107900,952
2026-04-06 09:55:00,107900,108000,107900,108000,488
2026-04-06 09:56:00,108000,108300,108000,108300,1368
2026-04-06 09:57:00,108400,108500,108000,108500,1301
2026-04-06 09:58:00,108500,108800,108400,108700,987
2026-04-06 09:59:00,108700,108800,108400,108500,945
2026-04-06 10:00:00,108600,108700,108400,108600,2258
2026-04-06 10:01:00,108650,108700,108300,108400,1171
2026-04-06 10:02:00,108400,108600,108300,108500,1277
2026-04-06 10:03:00,108400,108500,108300,108400,497
2026-04-06 10:04:00,108400,108700,108100,108100,1477
2026-04-06 10:05:00,108100,108200,107900,108200,1890
2026-04-06 10:06:00,108100,108100,107800,107900,1405
2026-04-06 10:07:00,107900,107900,107700,107800,1648
2026-04-06 10:08:00,107800,108000,107700,107900,857
2026-04-06 10:09:00,107900,108100,107800,108000,905
2026-04-06 10:10:00,108100,108300,108000,108100,696
2026-04-06 10:11:00,108100,108200,108100,108200,629
2026-04-06 10:12:00,108200,108200,107900,108000,1107
2026-04-06 10:13:00,108100,108100,107900,108000,1160
2026-04-06 10:14:00,107900,108000,107700,107900,1040
2026-04-06 10:15:00,107800,108000,107600,107700,1872
2026-04-06 10:16:00,107800,107800,107600,107600,1343
2026-04-06 10:17:00,107600,107700,107300,107400,3088
2026-04-06 10:18:00,107300,107500,107200,107300,3434
2026-04-06 10:19:00,107300,107400,107000,107000,1907
2026-04-06 10:20:00,107000,107100,106700,106800,2599
2026-04-06 10:21:00,106800,107000,106700,106900,1680
2026-04-06 10:22:00,107000,107300,107000,107300,1487
2026-04-06 10:23:00,107300,107300,106900,106900,946
2026-04-06 10:24:00,107000,107000,106900,107000,956
2026-04-06 10:25:00,106900,107100,106800,106900,998
2026-04-06 10:26:00,106800,107000,106800,106800,998
2026-04-06 10:27:00,106800,106900,106800,106900,1817
2026-04-06 10:28:00,106800,106900,106500,106500,2496
2026-04-06 10:29:00,106600,106700,106500,106700,2033
2026-04-06 10:30:00,106700,106800,106500,106500,1165
2026-04-06 10:31:00,106700,106700,106500,106600,1202
2026-04-06 10:32:00,106600,106700,106500,106500,1491
2026-04-06 10:33:00,106500,106600,106500,106600,925
2026-04-06 10:34:00,106500,106600,106400,106400,1840
2026-04-06 10:35:00,106400,106500,106200,106500,3113
2026-04-06 10:36:00,106400,106500,106300,106300,1069
2026-04-06 10:37:00,106300,106500,106300,106400,1489
2026-04-06 10:38:00,106400,106500,106400,106400,801
2026-04-06 10:39:00,106400,106500,106400,106500,932
2026-04-06 10:40:00,106400,106400,105800,106200,7529
2026-04-06 10:41:00,106100,106300,106000,106100,775
2026-04-06 10:42:00,106100,106200,105800,106000,2548
2026-04-06 10:43:00,106000,106100,106000,106050,746
2026-04-06 10:44:00,106100,106400,106100,106400,1111
2026-04-06 10:45:00,106300,106500,106200,106400,638
2026-04-06 10:46:00,106400,106500,106200,106400,884
2026-04-06 10:47:00,106400,106500,105900,106000,1999
2026-04-06 10:48:00,105900,106200,105800,106100,2248
2026-04-06 10:49:00,106000,106100,105700,105800,2273
2026-04-06 10:50:00,105800,106000,105800,105900,907
2026-04-06 10:51:00,106000,106000,105800,105900,742
2026-04-06 10:52:00,105900,106100,105800,105800,826
2026-04-06 10:53:00,105800,105800,105700,105700,882
2026-04-06 10:54:00,105800,106100,105700,105900,1460
2026-04-06 10:55:00,105900,106100,105700,105800,1269
2026-04-06 10:56:00,105900,105900,105600,105700,989
2026-04-06 10:57:00,105600,105800,105500,105800,1422
2026-04-06 10:58:00,105800,106200,105600,105900,1831
2026-04-06 10:59:00,106000,106200,105200,106000,4977
2026-04-06 11:00:00,106000,106600,105800,106300,1661
2026-04-06 11:01:00,106400,106400,105800,105900,994
2026-04-06 11:02:00,105900,106200,105900,106200,1174
2026-04-06 11:03:00,106200,106500,106100,106200,1090
2026-04-06 11:04:00,106300,106400,106200,106300,619
2026-04-06 11:05:00,106300,106400,106100,106400,376
2026-04-06 11:06:00,106400,106700,106300,106600,1061
2026-04-06 11:07:00,106600,106700,106500,106500,810
2026-04-06 11:08:00,106600,106600,106400,106500,693
2026-04-06 11:09:00,106600,107100,106400,107100,1192
2026-04-06 11:10:00,107100,107100,106600,106900,2064
2026-04-06 11:11:00,106900,107400,106900,107200,3337
2026-04-06 11:12:00,107300,107400,107200,107300,1041
2026-04-06 11:13:00,107300,107400,107200,107400,1662
2026-04-06 11:14:00,107400,107500,107100,107200,1650
2026-04-06 11:15:00,107200,107500,107200,107400,893
2026-04-06 11:16:00,107300,107500,107200,107400,1010
2026-04-06 11:17:00,107300,107400,107200,107400,1150
2026-04-06 11:18:00,107400,107400,107300,107400,729
2026-04-06 11:19:00,107400,107700,107400,107700,1162
2026-04-06 11:20:00,107700,107800,107400,107700,1576
2026-04-06 11:21:00,107700,107900,107600,107900,1340
2026-04-06 11:22:00,107900,107900,107700,107800,1298
2026-04-06 11:23:00,107900,108000,107800,108000,954
2026-04-06 11:24:00,108000,108000,107700,107900,1362
2026-04-06 11:25:00,107900,108000,107800,107900,1030
2026-04-06 11:26:00,107900,108000,107800,107900,1760
2026-04-06 11:27:00,107900,108300,107700,108100,2441
2026-04-06 11:28:00,108100,108400,107900,108400,1466
2026-04-06 11:29:00,108300,108500,108200,108500,1673
2026-04-06 11:30:00,108400,108600,108300,108400,3071
2026-04-06 11:31:00,108500,108600,108400,108500,3058
2026-04-06 11:32:00,108300,108400,107900,107900,1613
2026-04-06 11:33:00,107900,108200,107800,108000,1024
2026-04-06 11:34:00,108000,108400,107900,108200,918
2026-04-06 11:35:00,108200,108300,108100,108100,654
2026-04-06 11:36:00,108100,108200,107900,108100,974
2026-04-06 11:37:00,108000,108100,107600,107600,1690
2026-04-06 11:38:00,107700,107900,107700,107700,468
2026-04-06 11:39:00,107800,107800,107400,107400,1327
2026-04-06 11:40:00,107500,107500,107200,107300,1296
2026-04-06 11:41:00,107200,107400,107100,107400,1037
2026-04-06 11:42:00,107300,107500,107100,107100,1030
2026-04-06 11:43:00,107200,107400,107200,107400,917
2026-04-06 11:44:00,107300,107600,107200,107500,1245
2026-04-06 11:45:00,107500,107700,107400,107400,1244
2026-04-06 11:46:00,107500,107500,107100,107100,990
2026-04-06 11:47:00,107200,107200,107100,107200,672
2026-04-06 11:48:00,107200,107300,107100,107100,638
2026-04-06 11:49:00,107200,107300,107100,107100,1000
2026-04-06 11:50:00,107100,107100,106800,106800,2363
2026-04-06 11:51:00,106800,107200,106700,107100,1588
2026-04-06 11:52:00,107100,107200,107000,107200,496
2026-04-06 11:53:00,107100,107200,106900,106900,884
2026-04-06 11:54:00,106800,106900,106600,106800,709
2026-04-06 11:55:00,106800,106900,106700,106850,499
2026-04-06 11:56:00,106800,107000,106800,107000,463
2026-04-06 11:57:00,106900,107000,106700,106800,812
2026-04-06 11:58:00,106700,106900,106700,106850,471
2026-04-06 11:59:00,106900,106900,106700,106800,576
2026-04-06 12:00:00,106800,106900,106700,106900,662
2026-04-06 12:01:00,106800,106800,106700,106800,309
2026-04-06 12:02:00,106800,106800,106500,106650,996
2026-04-06 12:03:00,106650,106900,106500,106700,789
2026-04-06 12:04:00,106700,107200,106700,106900,1154
2026-04-06 12:05:00,107100,107200,106900,107100,731
2026-04-06 12:06:00,107100,107100,106800,106800,533
2026-04-06 12:07:00,106700,107000,106700,107000,495
2026-04-06 12:08:00,107000,107000,106800,106800,482
2026-04-06 12:09:00,106900,107100,106800,107100,720
2026-04-06 12:10:00,107100,107100,106800,106900,735
2026-04-06 12:11:00,106900,107100,106900,107000,644
2026-04-06 12:12:00,107000,107300,106900,107100,1871
2026-04-06 12:13:00,107200,107200,107000,107000,1601
2026-04-06 12:14:00,107100,107400,107000,107300,732
2026-04-06 12:15:00,107400,107500,107300,107300,672
2026-04-06 12:16:00,107300,107500,107200,107200,299
2026-04-06 12:17:00,107300,107400,107200,107400,409
2026-04-06 12:18:00,107300,107500,107300,107500,508
2026-04-06 12:19:00,107400,107600,107100,107200,1329
2026-04-06 12:20:00,107300,107300,106900,107000,1079
2026-04-06 12:21:00,107000,107200,106900,107000,678
2026-04-06 12:22:00,106900,107200,106900,107100,1361
2026-04-06 12:23:00,107100,107200,106900,107100,405
2026-04-06 12:24:00,107000,107300,107000,107100,856
2026-04-06 12:25:00,107200,107400,107200,107200,410
2026-04-06 12:26:00,107300,107500,107100,107200,435
2026-04-06 12:27:00,107200,107300,107100,107300,1010
2026-04-06 12:28:00,107200,107400,107200,107300,267
2026-04-06 12:29:00,107400,107600,107100,107300,1238
2026-04-06 12:30:00,107300,107400,107000,107300,2076
2026-04-06 12:31:00,107300,107300,107000,107100,657
2026-04-06 12:32:00,107100,107300,107100,107200,512
2026-04-06 12:33:00,107300,107300,107200,107200,396
2026-04-06 12:34:00,107200,107400,107100,107300,575
2026-04-06 12:35:00,107400,107500,107300,107400,1471
2026-04-06 12:36:00,107300,107400,107200,107200,287
2026-04-06 12:37:00,107200,107300,107000,107000,833
2026-04-06 12:38:00,107100,107300,107000,107200,565
2026-04-06 12:39:00,107200,107300,107000,107100,1142
2026-04-06 12:40:00,107000,107100,106900,107100,904
2026-04-06 12:41:00,107100,107100,106900,107000,452
2026-04-06 12:42:00,107000,107300,106700,106900,1347
2026-04-06 12:43:00,106800,107000,106800,107000,554
2026-04-06 12:44:00,107000,107100,106900,107000,571
2026-04-06 12:45:00,107000,107100,106800,106900,1574
2026-04-06 12:46:00,106800,106900,106700,106800,932
2026-04-06 12:47:00,106800,106800,106600,106700,636
2026-04-06 12:48:00,106700,106700,106600,106700,400
2026-04-06 12:49:00,106700,106700,106500,106700,538
2026-04-06 12:50:00,106700,106800,106700,106700,495
2026-04-06 12:51:00,106700,106700,106400,106400,1627
2026-04-06 12:52:00,106400,106400,106200,106200,1643
2026-04-06 12:53:00,106300,106600,106200,106300,764
2026-04-06 12:54:00,106400,106400,106200,106300,599
2026-04-06 12:55:00,106300,106400,106200,106400,891
2026-04-06 12:56:00,106300,106400,106200,106200,1851
2026-04-06 12:57:00,106200,106200,106100,106100,404
2026-04-06 12:58:00,106100,106200,106000,106100,1470
2026-04-06 12:59:00,106200,106500,106200,106400,622
2026-04-06 13:00:00,106400,106700,106400,106500,836
2026-04-06 13:01:00,106500,106800,106400,106800,837
2026-04-06 13:02:00,106800,106900,106500,106700,191
2026-04-06 13:03:00,106700,107000,106600,106800,883
2026-04-06 13:04:00,106900,107000,106700,106900,599
2026-04-06 13:05:00,106900,107100,106700,106700,1012
2026-04-06 13:06:00,106700,106700,106300,106600,2911
2026-04-06 13:07:00,106600,106700,106200,106200,1497
2026-04-06 13:08:00,106200,106500,106200,106300,764
2026-04-06 13:09:00,106400,106500,106200,106300,341
2026-04-06 13:10:00,106300,106500,106200,106300,1244
2026-04-06 13:11:00,106300,106500,106200,106300,740
2026-04-06 13:12:00,106300,106500,106300,106300,722
2026-04-06 13:13:00,106300,106500,106200,106300,1161
2026-04-06 13:14:00,106200,106700,106200,106600,1868
2026-04-06 13:15:00,106600,106800,106500,106700,1529
2026-04-06 13:16:00,106800,106900,106500,106700,1689
2026-04-06 13:17:00,106700,107000,106600,106800,1061
2026-04-06 13:18:00,106800,107000,106700,106800,733
2026-04-06 13:19:00,106800,107000,106700,106800,1827
2026-04-06 13:20:00,106800,107000,106700,106800,721
2026-04-06 13:21:00,106900,107000,106700,106700,759
2026-04-06 13:22:00,106800,107000,106800,106900,1339
2026-04-06 13:23:00,107000,107100,106900,106900,1048
2026-04-06 13:24:00,106900,106900,106500,106600,1455
2026-04-06 13:25:00,106600,107000,106500,106700,1039
2026-04-06 13:26:00,106700,106700,106500,106600,1199
2026-04-06 13:27:00,106700,106800,106400,106600,1469
2026-04-06 13:28:00,106600,106700,106300,106400,2692
2026-04-06 13:29:00,106400,106700,106300,106600,940
2026-04-06 13:30:00,106600,106700,106400,106600,733
2026-04-06 13:31:00,106500,106600,106300,106600,1089
2026-04-06 13:32:00,106600,106800,106500,106600,710
2026-04-06 13:33:00,106600,106900,106300,106500,1336
2026-04-06 13:34:00,106400,107000,106400,106700,739
2026-04-06 13:35:00,106700,106900,106700,106800,805
2026-04-06 13:36:00,106700,107000,106700,106900,882
2026-04-06 13:37:00,107000,107000,106900,107000,681
2026-04-06 13:38:00,106950,107200,106900,107100,868
2026-04-06 13:39:00,107100,107100,106800,106900,934
2026-04-06 13:40:00,106900,107100,106600,106700,1240
2026-04-06 13:41:00,106800,106800,106700,106800,650
2026-04-06 13:42:00,106700,106800,106500,106600,1792
2026-04-06 13:43:00,106650,106900,106500,106600,884
2026-04-06 13:44:00,106600,106900,106300,106600,1547
2026-04-06 13:45:00,106600,106900,106600,106900,575
2026-04-06 13:46:00,106800,107000,106500,106800,1101
2026-04-06 13:47:00,106800,107100,106800,107000,658
2026-04-06 13:48:00,107100,107200,107000,107200,811
2026-04-06 13:49:00,107100,107200,106800,107100,1142
2026-04-06 13:50:00,107200,107200,106900,106900,779
2026-04-06 13:51:00,107000,107100,106800,106900,1139
2026-04-06 13:52:00,106900,107100,106500,106600,2677
2026-04-06 13:53:00,106600,106900,106600,106900,791
2026-04-06 13:54:00,106800,106900,106800,106800,741
2026-04-06 13:55:00,106900,107000,106800,106900,893
2026-04-06 13:56:00,106900,107000,106400,106500,1546
2026-04-06 13:57:00,106400,106800,106400,106600,1203
2026-04-06 13:58:00,106700,106700,106600,106700,728
2026-04-06 13:59:00,106600,106800,106500,106800,929
2026-04-06 14:00:00,106800,106800,106500,106700,1128
2026-04-06 14:01:00,106700,106900,106700,106800,970
2026-04-06 14:02:00,106800,106900,106700,106700,851
2026-04-06 14:03:00,106700,106700,106500,106500,1066
2026-04-06 14:04:00,106500,106600,106500,106500,786
2026-04-06 14:05:00,106600,106600,106500,106500,690
2026-04-06 14:06:00,106600,106800,106500,106600,804
2026-04-06 14:07:00,106600,106700,106500,106600,724
2026-04-06 14:08:00,106500,106600,106400,106400,887
2026-04-06 14:09:00,106500,106600,106400,106500,777
2026-04-06 14:10:00,106600,106600,106400,106600,855
2026-04-06 14:11:00,106500,106700,106400,106500,755
2026-04-06 14:12:00,106600,106600,106200,106300,1530
2026-04-06 14:13:00,106200,106300,106200,106200,712
2026-04-06 14:14:00,106200,106300,106200,106200,710
2026-04-06 14:15:00,106200,106300,106000,106100,1564
2026-04-06 14:16:00,106100,106200,106000,106200,1380
2026-04-06 14:17:00,106200,106300,106100,106200,753
2026-04-06 14:18:00,106200,106200,106100,106100,706
2026-04-06 14:19:00,106200,106200,106100,106200,493
2026-04-06 14:20:00,106100,106200,106100,106100,610
2026-04-06 14:21:00,106100,106200,105900,105900,2799
2026-04-06 14:22:00,106000,106000,105900,106000,863
2026-04-06 14:23:00,105900,106100,105800,106000,1644
2026-04-06 14:24:00,106000,106200,105900,106000,790
2026-04-06 14:25:00,106000,106100,106000,106100,718
2026-04-06 14:26:00,106100,106200,106000,106100,1180
2026-04-06 14:27:00,106000,106300,106000,106300,898
2026-04-06 14:28:00,106200,106300,106100,106200,827
2026-04-06 14:29:00,106100,106200,106100,106100,708
2026-04-06 14:30:00,106100,106200,106100,106200,968
2026-04-06 14:31:00,106100,106400,106100,106300,1642
2026-04-06 14:32:00,106200,106200,106000,106100,1180
2026-04-06 14:33:00,106100,106100,106000,106100,729
2026-04-06 14:34:00,106000,106100,106000,106100,560
2026-04-06 14:35:00,106000,106200,106000,106200,913
2026-04-06 14:36:00,106200,106200,106100,106100,743
2026-04-06 14:37:00,106100,106200,106100,106100,401
2026-04-06 14:38:00,106200,106200,105700,105800,3341
2026-04-06 14:39:00,105800,106000,105700,105800,782
2026-04-06 14:40:00,105800,105900,105700,105700,840
2026-04-06 14:41:00,105700,105800,105500,105600,2168
2026-04-06 14:42:00,105500,105500,105300,105400,2042
2026-04-06 14:43:00,105500,105500,105300,105400,1577
2026-04-06 14:44:00,105400,105500,105300,105400,958
2026-04-06 14:45:00,105300,105500,105300,105500,998
2026-04-06 14:46:00,105400,105600,105300,105400,1193
2026-04-06 14:47:00,105400,105500,105300,105400,1358
2026-04-06 14:48:00,105500,105500,105400,105500,706
2026-04-06 14:49:00,105400,105500,105400,105400,726
2026-04-06 14:50:00,105400,105500,105200,105300,4849
2026-04-06 14:51:00,105400,105400,105200,105300,1262
2026-04-06 14:52:00,105300,105500,105200,105300,1005
2026-04-06 14:53:00,105200,105600,105200,105300,1145
2026-04-06 14:54:00,105300,105300,105000,105000,3791
2026-04-06 14:55:00,105000,105200,105000,105200,647
2026-04-06 14:56:00,105100,105200,105100,105200,1028
2026-04-06 14:57:00,105200,105300,105100,105200,571
2026-04-06 14:58:00,105200,105500,105200,105400,791
2026-04-06 14:59:00,105400,105500,105400,105400,786
2026-04-06 15:00:00,105400,105500,105200,105300,1426
2026-04-06 15:01:00,105200,105400,105200,105200,837
2026-04-06 15:02:00,105300,105300,105200,105200,661
2026-04-06 15:03:00,105200,105300,105200,105300,778
2026-04-06 15:04:00,105300,105400,105200,105300,2742
2026-04-06 15:05:00,105400,105400,105200,105300,1040
2026-04-06 15:06:00,105300,105500,105300,105400,694
2026-04-06 15:07:00,105400,105500,105300,105450,829
2026-04-06 15:08:00,105500,105500,105400,105400,535
2026-04-06 15:09:00,105400,105700,105400,105650,1281
2026-04-06 15:10:00,105600,105700,105600,105600,1047
2026-04-06 15:11:00,105600,105700,105400,105400,1116
2026-04-06 15:12:00,105500,105500,105400,105500,810
2026-04-06 15:13:00,105400,105500,105400,105500,920
2026-04-06 15:14:00,105500,105500,105400,105500,822
2026-04-06 15:15:00,105500,105600,105400,105600,1885
2026-04-06 15:16:00,105650,105900,105600,105700,2130
2026-04-06 15:17:00,105800,105900,105600,105600,1164
2026-04-06 15:18:00,105700,105900,105600,105900,2034
2026-04-06 15:19:00,105900,105900,105700,105800,2211
2026-04-06 15:30:00,105500,105500,105500,105500,12878
2026-04-06 15:35:00,105500,105500,105500,105500,815
2026-04-07 09:00:00,106800,108600,106800,108100,11636
2026-04-07 09:01:00,108100,108300,107600,108200,3145
2026-04-07 09:02:00,108200,108300,107200,107400,9037
2026-04-07 09:03:00,107300,108500,107100,108400,5520
2026-04-07 09:04:00,108400,109600,108400,109500,6350
2026-04-07 09:05:00,109500,110200,109300,109900,10677
2026-04-07 09:06:00,109900,110200,109200,109500,4410
2026-04-07 09:07:00,109500,109600,108900,109200,3287
2026-04-07 09:08:00,109200,109400,109000,109100,1901
2026-04-07 09:09:00,109100,109100,108500,108800,3142
2026-04-07 09:10:00,108800,109400,108700,109300,2384
2026-04-07 09:11:00,109300,109500,108700,108700,5561
2026-04-07 09:12:00,108800,108900,108100,108900,2602
2026-04-07 09:13:00,108900,109400,108500,109100,5150
2026-04-07 09:14:00,109200,110600,109200,110000,10734
2026-04-07 09:15:00,110000,111500,109800,111100,14087
2026-04-07 09:16:00,111300,111400,110700,111300,8092
2026-04-07 09:17:00,111400,111500,110800,111300,9709
2026-04-07 09:18:00,111300,111700,110500,111300,11216
2026-04-07 09:19:00,111300,111600,110600,110700,6678
2026-04-07 09:20:00,110800,110800,109700,109700,7508
2026-04-07 09:21:00,109600,110500,109600,110400,4250
2026-04-07 09:22:00,110400,110700,110200,110700,9576
2026-04-07 09:23:00,110700,110700,109800,110000,3850
2026-04-07 09:24:00,110100,110400,110000,110400,3452
2026-04-07 09:25:00,110400,110500,110000,110400,4486
2026-04-07 09:26:00,110300,110500,110200,110300,3122
2026-04-07 09:27:00,110200,110300,110000,110200,3189
2026-04-07 09:28:00,110200,110700,110200,110600,5986
2026-04-07 09:29:00,110500,111000,110400,111000,4004
2026-04-07 09:30:00,110900,111100,110700,111100,5825
2026-04-07 09:31:00,111100,111100,110400,110600,3981
2026-04-07 09:32:00,110600,110900,110500,110800,3046
2026-04-07 09:33:00,110800,111000,110800,111000,4292
2026-04-07 09:34:00,110900,111300,110900,110900,6108
2026-04-07 09:35:00,111000,111600,110900,111500,7343
2026-04-07 09:36:00,111500,111800,111300,111300,8108
2026-04-07 09:37:00,111400,111600,111100,111500,3415
2026-04-07 09:38:00,111400,112200,111400,111800,17503
2026-04-07 09:39:00,111700,112100,111700,112100,5046
2026-04-07 09:40:00,112100,112400,112000,112300,6938
2026-04-07 09:41:00,112200,112300,112200,112300,3005
2026-04-07 09:42:00,112300,112400,112100,112400,3770
2026-04-07 09:43:00,112300,112800,111800,111800,14154
2026-04-07 09:44:00,111800,112100,111600,111800,4471
2026-04-07 09:45:00,111800,112000,111600,111900,4746
2026-04-07 09:46:00,111800,112200,111300,111800,5211
2026-04-07 09:47:00,111700,112000,111300,112000,3749
2026-04-07 09:48:00,112000,112000,111700,111700,2326
2026-04-07 09:49:00,111900,111900,111100,111400,2912
2026-04-07 09:50:00,111100,111500,111100,111300,2664
2026-04-07 09:51:00,111200,111500,111000,111400,3738
2026-04-07 09:52:00,111300,111500,111100,111400,3375
2026-04-07 09:53:00,111400,111600,111200,111600,3927
2026-04-07 09:54:00,111500,111800,111300,111400,2539
2026-04-07 09:55:00,111400,111700,111300,111500,2326
2026-04-07 09:56:00,111500,111700,111400,111700,2346
2026-04-07 09:57:00,111700,111700,111000,111100,2946
2026-04-07 09:58:00,111100,111500,110900,111300,6897
2026-04-07 09:59:00,111300,111400,111000,111400,3151
2026-04-07 10:00:00,111400,111500,111000,111200,2450
2026-04-07 10:01:00,111200,111400,111000,111300,2812
2026-04-07 10:02:00,111400,111700,111200,111400,3649
2026-04-07 10:03:00,111400,111900,111400,111700,5906
2026-04-07 10:04:00,111700,112300,111700,112300,7634
2026-04-07 10:05:00,112300,112600,112000,112300,8954
2026-04-07 10:06:00,112300,112400,112200,112200,2508
2026-04-07 10:07:00,112300,112700,112100,112600,7314
2026-04-07 10:08:00,112600,112700,112200,112300,4976
2026-04-07 10:09:00,112300,112400,112000,112200,3758
2026-04-07 10:10:00,112100,112200,111500,111600,3274
2026-04-07 10:11:00,111700,112100,111600,112100,2450
2026-04-07 10:12:00,112100,112200,111800,112100,2847
2026-04-07 10:13:00,112200,112200,112000,112100,2780
2026-04-07 10:14:00,112200,112300,111900,112000,3148
2026-04-07 10:15:00,112100,112200,111900,112000,2720
2026-04-07 10:16:00,111850,112000,111800,111900,1199
2026-04-07 10:17:00,111900,112000,111400,111400,4097
2026-04-07 10:18:00,111400,111900,111400,111800,2821
2026-04-07 10:19:00,111800,111900,111400,111700,3214
2026-04-07 10:20:00,111700,111800,111500,111600,1148
2026-04-07 10:21:00,111600,111700,111400,111400,2006
2026-04-07 10:22:00,111400,111400,111000,111300,2611
2026-04-07 10:23:00,111400,111400,110900,111000,2847
2026-04-07 10:24:00,111100,111300,111100,111100,1392
2026-04-07 10:25:00,111300,111300,110900,110900,3419
2026-04-07 10:26:00,111000,111000,110600,110800,10172
2026-04-07 10:27:00,110850,111100,110850,111000,2777
2026-04-07 10:28:00,111000,111300,110900,111100,2871
2026-04-07 10:29:00,111300,111400,110900,111100,1668
2026-04-07 10:30:00,111000,111100,110850,111100,924
2026-04-07 10:31:00,111100,111200,110600,111100,3791
2026-04-07 10:32:00,111100,111400,111000,111100,1121
2026-04-07 10:33:00,111100,111400,110800,111000,2953
2026-04-07 10:34:00,111000,111400,110900,111300,4259
2026-04-07 10:35:00,111300,111300,111000,111100,831
2026-04-07 10:36:00,111200,111200,111100,111200,753
2026-04-07 10:37:00,111200,111200,110500,110600,1566
2026-04-07 10:38:00,110600,110800,110100,110200,4504
2026-04-07 10:39:00,110200,110300,110000,110000,2902
2026-04-07 10:40:00,110000,110400,110000,110200,3603
2026-04-07 10:41:00,110300,110500,110200,110300,2176
2026-04-07 10:42:00,110300,110400,110200,110200,1369
2026-04-07 10:43:00,110200,110500,110100,110400,2312
2026-04-07 10:44:00,110400,110600,110300,110600,1447
2026-04-07 10:45:00,110600,110900,110500,110800,1554
2026-04-07 10:46:00,110800,110900,110700,110900,1225
2026-04-07 10:47:00,110900,111000,110800,110900,785
2026-04-07 10:48:00,110900,111300,110800,110900,1963
2026-04-07 10:49:00,111000,111100,110700,110800,1367
2026-04-07 10:50:00,110800,111000,110600,110700,1127
2026-04-07 10:51:00,110700,110800,110100,110300,1603
2026-04-07 10:52:00,110300,110600,110200,110200,1407
2026-04-07 10:53:00,110200,110500,110000,110300,3744
2026-04-07 10:54:00,110100,110300,109900,109950,4777
2026-04-07 10:55:00,109950,110200,109900,110100,2466
2026-04-07 10:56:00,110200,110300,109900,109900,2216
2026-04-07 10:57:00,109950,110200,109800,110000,4084
2026-04-07 10:58:00,110000,110400,110000,110300,2512
2026-04-07 10:59:00,110300,110400,109800,110000,2217
2026-04-07 11:00:00,110000,110400,109900,110300,2069
2026-04-07 11:01:00,110300,110300,109800,109900,1611
2026-04-07 11:02:00,110000,110200,109900,109900,1012
2026-04-07 11:03:00,109900,110100,109800,110100,1395
2026-04-07 11:04:00,110100,110200,109800,109900,1445
2026-04-07 11:05:00,109900,109900,109500,109900,2459
2026-04-07 11:06:00,109800,109900,109500,109600,2122
2026-04-07 11:07:00,109600,109600,109200,109300,2486
2026-04-07 11:08:00,109300,109500,109100,109400,2177
2026-04-07 11:09:00,109500,109800,109200,109600,4103
2026-04-07 11:10:00,109700,110000,109600,109800,1031
2026-04-07 11:11:00,109900,110000,109800,109900,916
2026-04-07 11:12:00,110000,110000,109500,109600,1711
2026-04-07 11:13:00,109600,109900,109300,109700,1126
2026-04-07 11:14:00,109700,109800,109300,109700,1621
2026-04-07 11:15:00,109700,110000,109600,109900,1535
2026-04-07 11:16:00,109900,110000,109800,110000,888
2026-04-07 11:17:00,109900,110000,109800,109900,1175
2026-04-07 11:18:00,109900,110300,109800,110300,3047
2026-04-07 11:19:00,110400,110500,110200,110400,1221
2026-04-07 11:20:00,110400,110500,110300,110400,839
2026-04-07 11:21:00,110400,110600,110100,110100,1442
2026-04-07 11:22:00,110100,110300,109800,110200,1706
2026-04-07 11:23:00,110100,110100,109900,109900,930
2026-04-07 11:24:00,109900,110400,109900,110100,1245
2026-04-07 11:25:00,110100,110200,110000,110100,777
2026-04-07 11:26:00,110100,110500,110100,110400,757
2026-04-07 11:27:00,110400,110500,110200,110300,517
2026-04-07 11:28:00,110400,110500,110200,110500,1201
2026-04-07 11:29:00,110400,110500,110300,110400,540
2026-04-07 11:30:00,110400,110500,110300,110400,535
2026-04-07 11:31:00,110400,110500,110300,110500,718
2026-04-07 11:32:00,110400,110500,110400,110400,702
2026-04-07 11:33:00,110400,110600,110400,110500,934
2026-04-07 11:34:00,110600,110700,110500,110700,997
2026-04-07 11:35:00,110600,110700,110500,110600,638
2026-04-07 11:36:00,110600,110800,110500,110800,697
2026-04-07 11:37:00,110700,110800,110600,110700,778
2026-04-07 11:38:00,110700,110900,110600,110800,1107
2026-04-07 11:39:00,110800,110900,110400,110600,1015
2026-04-07 11:40:00,110700,110900,110600,110600,882
2026-04-07 11:41:00,110700,110700,110400,110500,784
2026-04-07 11:42:00,110500,110600,110400,110500,584
2026-04-07 11:43:00,110500,110700,110400,110600,557
2026-04-07 11:44:00,110500,110700,110400,110600,813
2026-04-07 11:45:00,110600,110800,110500,110600,786
2026-04-07 11:46:00,110600,110800,110500,110700,807
2026-04-07 11:47:00,110600,110700,110100,110700,830
2026-04-07 11:48:00,110700,110900,110700,110900,948
2026-04-07 11:49:00,110800,110900,110700,110700,304
2026-04-07 11:50:00,110700,110900,110600,110600,984
2026-04-07 11:51:00,110700,110800,110300,110600,957
2026-04-07 11:52:00,110600,110800,110500,110700,1055
2026-04-07 11:53:00,110700,110800,110600,110700,561
2026-04-07 11:54:00,110700,110800,110400,110500,964
2026-04-07 11:55:00,110500,110800,110400,110600,692
2026-04-07 11:56:00,110600,110700,110200,110400,599
2026-04-07 11:57:00,110300,110800,110300,110500,895
2026-04-07 11:58:00,110500,110700,110400,110600,734
2026-04-07 11:59:00,110600,110800,110400,110800,824
2026-04-07 12:00:00,110700,110800,110300,110600,827
2026-04-07 12:01:00,110500,110700,110300,110400,2059
2026-04-07 12:02:00,110400,110500,110400,110500,474
2026-04-07 12:03:00,110500,110500,110300,110400,553
2026-04-07 12:04:00,110500,110700,110400,110400,2313
2026-04-07 12:05:00,110500,110500,110000,110100,994
2026-04-07 12:06:00,110100,110200,110000,110100,905
2026-04-07 12:07:00,110000,110100,109900,110100,445
2026-04-07 12:08:00,110000,110100,109700,109700,1193
2026-04-07 12:09:00,109700,110000,109700,109900,487
2026-04-07 12:10:00,109900,110000,109900,109900,709
2026-04-07 12:11:00,110000,110000,109800,110000,395
2026-04-07 12:12:00,110000,110100,109900,109900,840
2026-04-07 12:13:00,110000,110100,109900,110000,441
2026-04-07 12:14:00,109900,110400,109800,110200,1018
2026-04-07 12:15:00,110200,110300,109900,110000,923
2026-04-07 12:16:00,110000,110000,109800,109900,401
2026-04-07 12:17:00,109900,110000,109800,109900,575
2026-04-07 12:18:00,109900,110100,109900,110000,870
2026-04-07 12:19:00,110000,110000,109800,110000,754
2026-04-07 12:20:00,110000,110000,109600,109700,1026
2026-04-07 12:21:00,109700,110000,109600,109900,1018
2026-04-07 12:22:00,109800,110200,109800,109900,899
2026-04-07 12:23:00,110000,110000,109800,110000,412
2026-04-07 12:24:00,109900,110100,109800,110100,896
2026-04-07 12:25:00,110100,110100,109800,110000,985
2026-04-07 12:26:00,110000,110100,109900,110000,1249
2026-04-07 12:27:00,110000,110100,110000,110000,409
2026-04-07 12:28:00,110000,110100,109900,109900,438
2026-04-07 12:29:00,110000,110000,109800,109900,765
2026-04-07 12:30:00,110000,110000,109800,110000,520
2026-04-07 12:31:00,109900,110000,109800,109900,654
2026-04-07 12:32:00,110000,110000,109800,109900,396
2026-04-07 12:33:00,110000,110000,109800,110000,1108
2026-04-07 12:34:00,110000,110000,109700,110000,917
2026-04-07 12:35:00,109800,109800,109500,109600,841
2026-04-07 12:36:00,109600,109700,109600,109600,736
2026-04-07 12:37:00,109600,109700,109400,109500,975
2026-04-07 12:38:00,109600,109700,109400,109500,1449
2026-04-07 12:39:00,109500,109800,109500,109600,734
2026-04-07 12:40:00,109700,109700,109600,109600,428
2026-04-07 12:41:00,109600,109800,109500,109600,543
2026-04-07 12:42:00,109600,109700,109500,109500,163
2026-04-07 12:43:00,109600,109600,109400,109600,837
2026-04-07 12:44:00,109500,109600,109500,109500,345
2026-04-07 12:45:00,109500,109700,109500,109600,580
2026-04-07 12:46:00,109600,109700,109600,109700,614
2026-04-07 12:47:00,109600,109700,109400,109400,422
2026-04-07 12:48:00,109400,109500,109300,109300,551
2026-04-07 12:49:00,109200,109500,109200,109400,1338
2026-04-07 12:50:00,109500,109500,109400,109400,590
2026-04-07 12:51:00,109400,109400,109300,109400,456
2026-04-07 12:52:00,109300,109400,109200,109300,707
2026-04-07 12:53:00,109300,109300,109000,109000,928
2026-04-07 12:54:00,109100,109100,108900,108900,1092
2026-04-07 12:55:00,109000,109100,108900,109000,984
2026-04-07 12:56:00,109000,109200,108900,109100,1099
2026-04-07 12:57:00,109100,109100,108800,108800,774
2026-04-07 12:58:00,108900,109000,108800,109000,419
2026-04-07 12:59:00,109000,109000,108800,108900,410
2026-04-07 13:00:00,109000,109000,108700,108900,829
2026-04-07 13:01:00,108900,109100,108800,109000,550
2026-04-07 13:02:00,109000,109000,108900,108900,590
2026-04-07 13:03:00,108900,109100,108800,108800,1064
2026-04-07 13:04:00,108800,108900,108700,108700,1230
2026-04-07 13:05:00,108800,108800,108300,108600,1518
2026-04-07 13:06:00,108600,108600,108300,108300,2575
2026-04-07 13:07:00,108300,108500,108200,108400,1494
2026-04-07 13:08:00,108500,108600,108300,108400,1084
2026-04-07 13:09:00,108300,108500,108200,108300,938
2026-04-07 13:10:00,108400,108800,108400,108700,2015
2026-04-07 13:11:00,108700,108800,108100,108100,1628
2026-04-07 13:12:00,108100,108400,108100,108400,649
2026-04-07 13:13:00,108300,108400,108000,108000,1071
2026-04-07 13:14:00,108100,108100,107800,108000,2371
2026-04-07 13:15:00,108000,108300,108000,108300,1611
2026-04-07 13:16:00,108300,108300,107900,108000,1926
2026-04-07 13:17:00,107900,108100,107800,108000,625
2026-04-07 13:18:00,107900,108000,107800,107900,572
2026-04-07 13:19:00,107900,108000,107900,107900,526
2026-04-07 13:20:00,107950,108400,107900,108300,1113
2026-04-07 13:21:00,108400,108500,108200,108400,589
2026-04-07 13:22:00,108500,108800,108400,108800,1045
2026-04-07 13:23:00,108800,108900,108600,108900,1263
2026-04-07 13:24:00,108900,109000,108700,108800,662
2026-04-07 13:25:00,108900,108900,108700,108800,310
2026-04-07 13:26:00,108800,108800,108400,108600,888
2026-04-07 13:27:00,108700,108800,108400,108600,1452
2026-04-07 13:28:00,108600,108700,108500,108600,433
2026-04-07 13:29:00,108600,108800,108500,108500,410
2026-04-07 13:30:00,108500,108800,108400,108700,464
2026-04-07 13:31:00,108700,108900,108600,108600,527
2026-04-07 13:32:00,108600,108800,108600,108700,426
2026-04-07 13:33:00,108700,108900,108700,108800,431
2026-04-07 13:34:00,108800,109000,108700,108900,589
2026-04-07 13:35:00,108900,108900,108700,108700,407
2026-04-07 13:36:00,108800,108900,108700,108900,519
2026-04-07 13:37:00,108800,108900,108800,108800,522
2026-04-07 13:38:00,108900,108900,108300,108700,1056
2026-04-07 13:39:00,108700,108800,108400,108600,1181
2026-04-07 13:40:00,108500,108700,108400,108500,343
2026-04-07 13:41:00,108500,108700,108400,108600,461
2026-04-07 13:42:00,108700,108800,108700,108700,586
2026-04-07 13:43:00,108700,108800,108600,108700,189
2026-04-07 13:44:00,108800,108900,108800,108900,574
2026-04-07 13:45:00,108900,108900,108600,108900,1085
2026-04-07 13:46:00,108900,109000,108800,108800,541
2026-04-07 13:47:00,108800,108900,108700,108900,511
2026-04-07 13:48:00,108800,109000,108800,109000,342
2026-04-07 13:49:00,109000,109000,108700,109000,898
2026-04-07 13:50:00,109000,109100,108900,109100,493
2026-04-07 13:51:00,109100,109100,108700,108800,1429
2026-04-07 13:52:00,108800,108900,108600,108800,391
2026-04-07 13:53:00,108700,108800,108500,108800,1190
2026-04-07 13:54:00,108800,108900,108600,108600,544
2026-04-07 13:55:00,108800,108800,108400,108700,1001
2026-04-07 13:56:00,108800,109000,108400,108700,1326
2026-04-07 13:57:00,108600,108800,108500,108700,600
2026-04-07 13:58:00,108600,108800,108500,108600,339
2026-04-07 13:59:00,108600,108700,108400,108400,1102
2026-04-07 14:00:00,108500,108500,108100,108400,616
2026-04-07 14:01:00,108300,108500,108100,108500,786
2026-04-07 14:02:00,108500,108600,108300,108300,675
2026-04-07 14:03:00,108400,108500,108000,108200,1107
2026-04-07 14:04:00,108200,108400,108000,108100,940
2026-04-07 14:05:00,108300,108300,108000,108200,735
2026-04-07 14:06:00,108100,108200,108000,108200,778
2026-04-07 14:07:00,108200,108200,108100,108200,452
2026-04-07 14:08:00,108200,108300,108000,108200,731
2026-04-07 14:09:00,108200,108400,108000,108200,707
2026-04-07 14:10:00,108300,108500,108200,108400,449
2026-04-07 14:11:00,108500,108600,108300,108400,751
2026-04-07 14:12:00,108400,108800,108400,108600,876
2026-04-07 14:13:00,108700,108800,108500,108500,1169
2026-04-07 14:14:00,108700,108800,108600,108700,368
2026-04-07 14:15:00,108700,108800,108400,108600,924
2026-04-07 14:16:00,108700,108800,108600,108800,596
2026-04-07 14:17:00,108800,108900,108600,108600,821
2026-04-07 14:18:00,108700,108800,108500,108700,682
2026-04-07 14:19:00,108600,108800,108600,108800,594
2026-04-07 14:20:00,108800,109000,108700,109000,680
2026-04-07 14:21:00,108900,109000,108700,108800,570
2026-04-07 14:22:00,108800,109100,108700,108800,1374
2026-04-07 14:23:00,108700,108800,108500,108600,1947
2026-04-07 14:24:00,108500,108600,108400,108400,1088
2026-04-07 14:25:00,108400,108500,108300,108300,1435
2026-04-07 14:26:00,108400,108400,108000,108100,1469
2026-04-07 14:27:00,108100,108300,108000,108200,702
2026-04-07 14:28:00,108100,108300,108000,108100,1095
2026-04-07 14:29:00,108100,108300,108000,108100,956
2026-04-07 14:30:00,108100,108100,107900,108000,864
2026-04-07 14:31:00,108000,108000,107900,108000,846
2026-04-07 14:32:00,107900,108100,107900,108000,1773
2026-04-07 14:33:00,108100,108100,108000,108000,764
2026-04-07 14:34:00,108000,108100,107600,107600,2235
2026-04-07 14:35:00,107700,107800,107600,107800,2193
2026-04-07 14:36:00,107800,107800,107700,107800,1184
2026-04-07 14:37:00,107800,107900,107700,107800,1287
2026-04-07 14:38:00,107800,108100,107700,107900,1573
2026-04-07 14:39:00,107800,108100,107800,107900,1430
2026-04-07 14:40:00,108000,108200,107900,108000,1432
2026-04-07 14:41:00,108000,108000,107900,107900,546
2026-04-07 14:42:00,107900,107900,107800,107800,1194
2026-04-07 14:43:00,107900,107900,107800,107800,831
2026-04-07 14:44:00,107900,107900,107700,107800,1804
2026-04-07 14:45:00,107800,107800,107600,107700,2947
2026-04-07 14:46:00,107700,107800,107600,107700,2957
2026-04-07 14:47:00,107700,107700,107600,107600,884
2026-04-07 14:48:00,107700,107700,107500,107500,1208
2026-04-07 14:49:00,107500,108000,107500,107800,2105
2026-04-07 14:50:00,107800,107800,107700,107700,1411
2026-04-07 14:51:00,107700,108000,107700,107800,2671
2026-04-07 14:52:00,107900,107900,107800,107900,1511
2026-04-07 14:53:00,107900,107900,107500,107700,3263
2026-04-07 14:54:00,107700,107900,107700,107800,2665
2026-04-07 14:55:00,107800,108000,107700,107900,2618
2026-04-07 14:56:00,108000,108100,107700,107900,1150
2026-04-07 14:57:00,107900,108000,107800,107900,1586
2026-04-07 14:58:00,108000,108100,107900,108000,1500
2026-04-07 14:59:00,108000,108200,107900,108200,2215
2026-04-07 15:00:00,108100,108200,107900,108100,2258
2026-04-07 15:01:00,108100,108200,108000,108200,1846
2026-04-07 15:02:00,108200,108300,108100,108200,1556
2026-04-07 15:03:00,108100,108300,108000,108000,1375
2026-04-07 15:04:00,108100,108400,108000,108300,1332
2026-04-07 15:05:00,108300,108400,108200,108400,1719
2026-04-07 15:06:00,108400,108500,108200,108400,1954
2026-04-07 15:07:00,108500,108900,108500,108900,2490
2026-04-07 15:08:00,108800,108800,108500,108600,3033
2026-04-07 15:09:00,108600,109000,108600,109000,2561
2026-04-07 15:10:00,109000,109300,108800,109200,2424
2026-04-07 15:11:00,109100,109200,108600,108900,2451
2026-04-07 15:12:00,109000,109300,108900,109100,3515
2026-04-07 15:13:00,109100,109200,109000,109200,1218
2026-04-07 15:14:00,109100,109300,109000,109200,2629
2026-04-07 15:15:00,109200,109200,109000,109000,1497
2026-04-07 15:16:00,109100,109300,108900,109200,2938
2026-04-07 15:17:00,109300,109500,109000,109400,2056
2026-04-07 15:18:00,109500,109600,109200,109600,4624
2026-04-07 15:19:00,109500,109700,109200,109300,1959
2026-04-07 15:30:00,109700,109700,109700,109700,16266
2026-04-07 15:35:00,109700,109700,109700,109700,36
2026-04-08 09:00:00,116100,116700,114600,116100,100762
2026-04-08 09:01:00,115900,116600,114100,114400,16596
2026-04-08 09:02:00,114300,115600,114100,115100,9483
2026-04-08 09:03:00,115000,116000,114600,115800,9022
2026-04-08 09:04:00,115700,116300,114900,116200,14073
2026-04-08 09:05:00,116200,116500,115800,116300,9538
2026-04-08 09:06:00,116100,117300,115900,116400,18127
2026-04-08 09:07:00,116400,116500,115500,115600,8314
2026-04-08 09:08:00,115600,116200,115500,115900,7827
2026-04-08 09:09:00,116000,116100,115600,115600,6479
2026-04-08 09:10:00,115600,116100,114800,114900,19243
2026-04-08 09:11:00,114900,115500,114600,115000,11427
2026-04-08 09:12:00,115300,115900,114900,115900,7698
2026-04-08 09:13:00,115900,116100,115100,115500,9327
2026-04-08 09:14:00,115500,116200,115400,116200,5516
2026-04-08 09:15:00,116200,116300,116000,116200,7840
2026-04-08 09:16:00,116100,116400,116000,116000,9013
2026-04-08 09:17:00,116000,116500,115900,116400,6676
2026-04-08 09:18:00,116500,116500,116000,116400,11081
2026-04-08 09:19:00,116300,116600,115600,115700,9888
2026-04-08 09:20:00,115800,116000,114700,115200,7678
2026-04-08 09:21:00,115300,115700,115200,115400,3900
2026-04-08 09:22:00,115400,115500,114900,115400,5551
2026-04-08 09:23:00,115400,115400,114500,114600,6818
2026-04-08 09:24:00,114500,114600,114300,114400,2386
2026-04-08 09:25:00,114400,114600,113800,114600,8817
2026-04-08 09:26:00,114500,115100,114400,114700,5006
2026-04-08 09:27:00,114700,115000,114200,114400,5970
2026-04-08 09:28:00,114400,114500,113900,114100,6219
2026-04-08 09:29:00,114200,114600,114000,114300,5293
2026-04-08 09:30:00,114400,114400,113700,114100,4558
2026-04-08 09:31:00,114100,114100,113400,113500,4020
2026-04-08 09:32:00,113500,113500,113200,113200,3997
2026-04-08 09:33:00,113200,113300,113100,113100,4664
2026-04-08 09:34:00,113100,113300,113000,113250,2419
2026-04-08 09:35:00,113250,113300,113000,113100,3233
2026-04-08 09:36:00,113100,113300,112900,112900,2987
2026-04-08 09:37:00,112900,113000,112800,112900,2057
2026-04-08 09:38:00,113000,113200,112900,113200,1789
2026-04-08 09:39:00,113200,113200,112800,112900,2188
2026-04-08 09:40:00,112900,113100,112800,113000,1837
2026-04-08 09:41:00,112900,113500,112900,113200,4413
2026-04-08 09:42:00,113200,113300,113000,113100,1316
2026-04-08 09:43:00,113200,113300,113100,113200,1201
2026-04-08 09:44:00,113100,113300,112800,112900,2622
2026-04-08 09:45:00,112900,112900,112700,112800,2737
2026-04-08 09:46:00,112800,113000,112700,112900,1677
2026-04-08 09:47:00,113000,113000,112800,113000,2370
2026-04-08 09:48:00,113000,113100,112700,113000,1490
2026-04-08 09:49:00,113000,113500,112900,113500,2794
2026-04-08 09:50:00,113500,113800,113500,113800,2914
2026-04-08 09:51:00,113800,114100,113400,114000,3764
2026-04-08 09:52:00,114000,114400,114000,114400,3195
2026-04-08 09:53:00,114400,114400,114100,114400,3469
2026-04-08 09:54:00,114400,114500,114000,114100,2292
2026-04-08 09:55:00,114200,114300,113800,114000,1547
2026-04-08 09:56:00,114000,114000,113600,113900,1121
2026-04-08 09:57:00,113900,114000,113700,113900,1944
2026-04-08 09:58:00,114000,114400,113800,114400,2012
2026-04-08 09:59:00,114300,114400,114100,114200,1791
2026-04-08 10:00:00,114300,114300,113700,113900,2043
2026-04-08 10:01:00,113900,114100,113900,114000,1815
2026-04-08 10:02:00,114000,114200,113900,114200,1520
2026-04-08 10:03:00,114200,114300,113900,114100,3014
2026-04-08 10:04:00,114100,114100,113500,113900,2572
2026-04-08 10:05:00,113900,113900,113600,113700,1526
2026-04-08 10:06:00,113900,114000,113700,113900,2036
2026-04-08 10:07:00,114000,114300,113900,114100,2382
2026-04-08 10:08:00,114100,114300,114100,114200,1222
2026-04-08 10:09:00,114300,114300,113800,114300,4874
2026-04-08 10:10:00,114400,114500,114100,114400,2285
2026-04-08 10:11:00,114400,114600,114200,114500,2726
2026-04-08 10:12:00,114600,114600,114400,114600,1905
2026-04-08 10:13:00,114500,114700,114400,114500,3317
2026-04-08 10:14:00,114500,114600,114400,114400,2493
2026-04-08 10:15:00,114400,114400,114100,114300,1959
2026-04-08 10:16:00,114200,114300,113800,113800,1870
2026-04-08 10:17:00,113900,114300,113800,114100,2336
2026-04-08 10:18:00,114100,114200,113900,114200,1321
2026-04-08 10:19:00,114100,114200,113800,114000,2353
2026-04-08 10:20:00,114000,114000,113900,114000,1184
2026-04-08 10:21:00,114000,114200,113800,114000,1911
2026-04-08 10:22:00,114000,114200,113800,114100,1646
2026-04-08 10:23:00,114000,114100,113700,114000,2097
2026-04-08 10:24:00,114000,114200,113700,114100,1644
2026-04-08 10:25:00,114100,114300,114100,114200,2852
2026-04-08 10:26:00,114200,114400,113900,114200,3008
2026-04-08 10:27:00,114200,114300,113700,113800,1861
2026-04-08 10:28:00,113800,114100,113700,113900,1004
2026-04-08 10:29:00,113900,114200,113800,113900,1951
2026-04-08 10:30:00,113900,114100,113700,113900,2755
2026-04-08 10:31:00,113900,114400,113800,114300,2644
2026-04-08 10:32:00,114100,114200,113800,114000,1466
2026-04-08 10:33:00,114000,114300,113800,114100,1522
2026-04-08 10:34:00,114100,114300,114100,114200,999
2026-04-08 10:35:00,114300,114400,114200,114300,910
2026-04-08 10:36:00,114300,114500,114300,114400,1467
2026-04-08 10:37:00,114400,114500,114400,114400,671
2026-04-08 10:38:00,114400,114600,114300,114500,952
2026-04-08 10:39:00,114600,114700,114500,114600,2239
2026-04-08 10:40:00,114500,114600,114200,114400,1294
2026-04-08 10:41:00,114500,114500,114400,114500,973
2026-04-08 10:42:00,114500,114700,114400,114500,1157
2026-04-08 10:43:00,114500,114700,114400,114700,689
2026-04-08 10:44:00,114600,114700,114300,114600,1535
2026-04-08 10:45:00,114400,114700,114400,114600,1402
2026-04-08 10:46:00,114600,114800,114500,114700,2989
2026-04-08 10:47:00,114600,114800,114600,114700,1267
2026-04-08 10:48:00,114700,114800,114500,114500,1350
2026-04-08 10:49:00,114500,114600,114400,114500,959
2026-04-08 10:50:00,114600,114700,114400,114700,988
2026-04-08 10:51:00,114500,114700,114400,114400,697
2026-04-08 10:52:00,114400,114500,114400,114400,632
2026-04-08 10:53:00,114400,114500,114200,114300,1551
2026-04-08 10:54:00,114300,114400,114000,114100,1401
2026-04-08 10:55:00,114200,114200,114000,114100,768
2026-04-08 10:56:00,114000,114300,114000,114200,525
2026-04-08 10:57:00,114300,114400,114200,114200,1190
2026-04-08 10:58:00,114300,114300,114100,114100,1607
2026-04-08 10:59:00,114100,114300,114000,114200,1021
2026-04-08 11:00:00,114200,114400,114000,114300,1024
2026-04-08 11:01:00,114200,114300,114200,114300,794
2026-04-08 11:02:00,114200,114500,114100,114300,1714
2026-04-08 11:03:00,114400,114500,114200,114300,912
2026-04-08 11:04:00,114300,114600,114300,114400,979
2026-04-08 11:05:00,114400,114600,114400,114500,1131
2026-04-08 11:06:00,114600,114600,114400,114500,1273
2026-04-08 11:07:00,114600,114600,114200,114300,1581
2026-04-08 11:08:00,114200,114500,114200,114400,737
2026-04-08 11:09:00,114400,114400,114200,114200,964
2026-04-08 11:10:00,114300,114500,114200,114300,792
2026-04-08 11:11:00,114300,114500,114200,114300,907
2026-04-08 11:12:00,114300,114500,114200,114400,1325
2026-04-08 11:13:00,114300,114400,114200,114300,504
2026-04-08 11:14:00,114300,114500,114300,114500,1110
2026-04-08 11:15:00,114500,114500,114300,114400,874
2026-04-08 11:16:00,114400,114500,114300,114300,926
2026-04-08 11:17:00,114300,114500,114200,114400,1430
2026-04-08 11:18:00,114400,114500,114300,114300,1339
2026-04-08 11:19:00,114300,114500,114300,114500,523
2026-04-08 11:20:00,114400,114600,114400,114600,756
2026-04-08 11:21:00,114500,114600,114400,114500,747
2026-04-08 11:22:00,114600,114600,114400,114500,1282
2026-04-08 11:23:00,114500,114600,114400,114500,1091
2026-04-08 11:24:00,114500,114500,114400,114500,1132
2026-04-08 11:25:00,114500,114500,114400,114500,930
2026-04-08 11:26:00,114500,114600,114400,114500,1107
2026-04-08 11:27:00,114500,114600,114500,114500,788
2026-04-08 11:28:00,114500,114600,114400,114400,2545
2026-04-08 11:29:00,114500,114600,114400,114500,1214
2026-04-08 11:30:00,114500,114600,114400,114500,1084
2026-04-08 11:31:00,114500,114600,114400,114500,969
2026-04-08 11:32:00,114500,114600,114300,114500,1497
2026-04-08 11:33:00,114600,114600,114400,114500,552
2026-04-08 11:34:00,114500,114600,114500,114500,1139
2026-04-08 11:35:00,114500,114600,114400,114500,1287
2026-04-08 11:36:00,114500,114600,114400,114400,1399
2026-04-08 11:37:00,114400,114600,114300,114600,757
2026-04-08 11:38:00,114600,114700,114600,114600,290
2026-04-08 11:39:00,114600,114700,114600,114600,1494
2026-04-08 11:40:00,114700,114700,114500,114600,1293
2026-04-08 11:41:00,114600,114700,114600,114700,740
2026-04-08 11:42:00,114700,114800,114500,114700,649
2026-04-08 11:43:00,114700,114800,114500,114800,1508
2026-04-08 11:44:00,114800,114800,114500,114600,481
2026-04-08 11:45:00,114700,114700,114400,114500,1167
2026-04-08 11:46:00,114500,114600,114400,114600,543
2026-04-08 11:47:00,114600,114700,114300,114400,1460
2026-04-08 11:48:00,114400,114500,114300,114500,350
2026-04-08 11:49:00,114400,114500,114200,114300,2867
2026-04-08 11:50:00,114200,114400,114100,114200,1038
2026-04-08 11:51:00,114200,114200,114100,114200,863
2026-04-08 11:52:00,114250,114400,114100,114200,2094
2026-04-08 11:53:00,114300,114600,114200,114300,864
2026-04-08 11:54:00,114400,114500,114300,114500,627
2026-04-08 11:55:00,114400,114600,114300,114300,1365
2026-04-08 11:56:00,114300,114500,114200,114200,1618
2026-04-08 11:57:00,114200,114400,114200,114400,673
2026-04-08 11:58:00,114400,114400,114200,114200,934
2026-04-08 11:59:00,114200,114300,114200,114200,816
2026-04-08 12:00:00,114300,114400,114200,114200,1440
2026-04-08 12:01:00,114300,114500,114300,114400,710
2026-04-08 12:02:00,114500,114500,114300,114400,1230
2026-04-08 12:03:00,114400,114500,114300,114500,1282
2026-04-08 12:04:00,114400,114600,114300,114400,541
2026-04-08 12:05:00,114400,114400,114300,114400,986
2026-04-08 12:06:00,114400,114500,114400,114500,1184
2026-04-08 12:07:00,114500,114600,114300,114400,783
2026-04-08 12:08:00,114300,114600,114300,114400,1106
2026-04-08 12:09:00,114400,114400,114200,114200,2050
2026-04-08 12:10:00,114200,114200,114100,114150,1106
2026-04-08 12:11:00,114150,114250,113900,114000,2539
2026-04-08 12:12:00,114000,114200,113900,114000,1294
2026-04-08 12:13:00,114000,114100,113800,113800,2267
2026-04-08 12:14:00,113900,114200,113900,113900,1293
2026-04-08 12:15:00,113950,114200,113900,114200,1562
2026-04-08 12:16:00,114100,114300,114000,114000,1146
2026-04-08 12:17:00,114000,114200,114000,114100,620
2026-04-08 12:18:00,114100,114300,114100,114200,1148
2026-04-08 12:19:00,114200,114200,114000,114100,937
2026-04-08 12:20:00,114200,114300,114000,114200,682
2026-04-08 12:21:00,114100,114300,114100,114200,530
2026-04-08 12:22:00,114300,114300,114100,114100,1010
2026-04-08 12:23:00,114200,114300,114000,114300,965
2026-04-08 12:24:00,114300,114300,114200,114300,985
2026-04-08 12:25:00,114300,114400,114200,114400,685
2026-04-08 12:26:00,114300,114400,114200,114300,1236
2026-04-08 12:27:00,114300,114300,114100,114100,1080
2026-04-08 12:28:00,114100,114100,114000,114100,897
2026-04-08 12:29:00,114000,114100,113900,114000,2208
2026-04-08 12:30:00,114100,114200,114000,114100,721
2026-04-08 12:31:00,114100,114200,114000,114100,928
2026-04-08 12:32:00,114100,114200,114000,114100,681
2026-04-08 12:33:00,114100,114200,114000,114100,925
2026-04-08 12:34:00,114200,114300,114200,114300,703
2026-04-08 12:35:00,114300,114300,114200,114200,1367
2026-04-08 12:36:00,114200,114200,114100,114100,628
2026-04-08 12:37:00,114100,114300,114100,114200,1219
2026-04-08 12:38:00,114200,114200,114100,114100,553
2026-04-08 12:39:00,114100,114100,113800,113800,3462
2026-04-08 12:40:00,113900,113900,113800,113900,1137
2026-04-08 12:41:00,113900,114100,113800,113900,1403
2026-04-08 12:42:00,114000,114000,113900,113900,633
2026-04-08 12:43:00,114000,114100,114000,114100,584
2026-04-08 12:44:00,114000,114100,113900,114100,450
2026-04-08 12:45:00,114000,114100,113600,113700,4746
2026-04-08 12:46:00,113700,114000,113700,113900,1554
2026-04-08 12:47:00,114000,114200,113700,113700,2284
2026-04-08 12:48:00,113600,114000,113600,114000,929
2026-04-08 12:49:00,114000,114100,113800,113900,1613
2026-04-08 12:50:00,113900,113900,113600,113700,2217
2026-04-08 12:51:00,113600,113900,113500,113800,5684
2026-04-08 12:52:00,113900,113900,113600,113600,1022
2026-04-08 12:53:00,113600,113650,113500,113600,964
2026-04-08 12:54:00,113600,113700,113500,113700,1020
2026-04-08 12:55:00,113700,113800,113500,113700,1121
2026-04-08 12:56:00,113600,113800,113600,113700,738
2026-04-08 12:57:00,113700,113900,113700,113800,1426
2026-04-08 12:58:00,113800,113800,113600,113700,1517
2026-04-08 12:59:00,113600,113800,113600,113700,955
2026-04-08 13:00:00,113700,113700,113600,113700,2651
2026-04-08 13:01:00,113600,113800,113600,113700,819
2026-04-08 13:02:00,113700,113800,113700,113700,1009
2026-04-08 13:03:00,113800,113900,113700,113800,880
2026-04-08 13:04:00,113800,113800,113600,113700,1591
2026-04-08 13:05:00,113700,113700,113600,113600,680
2026-04-08 13:06:00,113600,113700,113500,113600,3408
2026-04-08 13:07:00,113600,113700,113300,113400,2823
2026-04-08 13:08:00,113400,113500,113300,113500,1882
2026-04-08 13:09:00,113500,113600,113400,113600,780
2026-04-08 13:10:00,113600,113600,113500,113600,1173
2026-04-08 13:11:00,113600,113700,113400,113400,2796
2026-04-08 13:12:00,113500,113500,113400,113400,1337
2026-04-08 13:13:00,113500,113500,113200,113300,3713
2026-04-08 13:14:00,113300,113400,113100,113300,2332
2026-04-08 13:15:00,113300,113500,113200,113300,3211
2026-04-08 13:16:00,113400,113700,113300,113600,1451
2026-04-08 13:17:00,113500,113600,113400,113600,1951
2026-04-08 13:18:00,113600,113700,113600,113700,612
2026-04-08 13:19:00,113700,114000,113600,113900,1966
2026-04-08 13:20:00,114000,114200,113900,114000,2285
2026-04-08 13:21:00,114000,114100,113700,114000,2752
2026-04-08 13:22:00,114000,114100,113700,113800,1668
2026-04-08 13:23:00,113800,114000,113800,113900,1096
2026-04-08 13:24:00,113900,114000,113800,114000,1070
2026-04-08 13:25:00,113900,114100,113700,113900,2064
2026-04-08 13:26:00,113900,114100,113700,113900,2260
2026-04-08 13:27:00,113800,114100,113600,113800,4136
2026-04-08 13:28:00,113800,114000,113700,113900,1141
2026-04-08 13:29:00,114000,114100,113800,113900,1665
2026-04-08 13:30:00,114000,114000,113800,113900,1921
2026-04-08 13:31:00,113900,114100,113700,113900,1937
2026-04-08 13:32:00,113900,114000,113800,113900,1467
2026-04-08 13:33:00,113900,113900,113800,113800,1502
2026-04-08 13:34:00,113900,114000,113800,114000,732
2026-04-08 13:35:00,114000,114000,113500,113700,3184
2026-04-08 13:36:00,113700,113900,113600,113900,1214
2026-04-08 13:37:00,113900,113900,113800,113900,885
2026-04-08 13:38:00,113900,114000,113600,113700,1304
2026-04-08 13:39:00,113800,113800,113600,113700,1413
2026-04-08 13:40:00,113700,113800,113700,113800,957
2026-04-08 13:41:00,113800,113800,113600,113700,1634
2026-04-08 13:42:00,113700,113700,113600,113600,1776
2026-04-08 13:43:00,113700,113800,113600,113700,1071
2026-04-08 13:44:00,113800,113800,113600,113800,1461
2026-04-08 13:45:00,113800,113900,113700,113700,1896
2026-04-08 13:46:00,113700,113900,113600,113700,3009
2026-04-08 13:47:00,113700,113800,113600,113700,1859
2026-04-08 13:48:00,113700,113900,113600,113800,1299
2026-04-08 13:49:00,113900,114000,113700,113800,2851
2026-04-08 13:50:00,113800,113900,113700,113800,1212
2026-04-08 13:51:00,113900,113900,113800,113800,942
2026-04-08 13:52:00,113900,113900,113800,113800,1100
2026-04-08 13:53:00,113900,113900,113600,113700,2529
2026-04-08 13:54:00,113700,113800,113600,113600,2765
2026-04-08 13:55:00,113700,113900,113600,113700,2880
2026-04-08 13:56:00,113700,113800,113600,113700,894
2026-04-08 13:57:00,113700,113900,113700,113900,1735
2026-04-08 13:58:00,113800,113950,113800,113900,879
2026-04-08 13:59:00,113900,114100,113800,114000,2911
2026-04-08 14:00:00,114100,114100,113700,113800,3515
2026-04-08 14:01:00,113800,114000,113700,113800,4219
2026-04-08 14:02:00,113700,113900,113700,113800,1899
2026-04-08 14:03:00,113800,113850,113700,113850,1726
2026-04-08 14:04:00,113900,113900,113700,113800,1374
2026-04-08 14:05:00,113700,113800,113700,113700,581
2026-04-08 14:06:00,113800,113800,113700,113750,991
2026-04-08 14:07:00,113700,113800,113700,113800,1651
2026-04-08 14:08:00,113700,113800,113700,113800,639
2026-04-08 14:09:00,113700,113800,113700,113800,772
2026-04-08 14:10:00,113800,113800,113700,113800,738
2026-04-08 14:11:00,113800,113900,113700,113800,1263
2026-04-08 14:12:00,113800,113900,113700,113800,1193
2026-04-08 14:13:00,113700,113800,113700,113800,1083
2026-04-08 14:14:00,113800,113900,113800,113900,1091
2026-04-08 14:15:00,114000,114100,113900,114000,920
2026-04-08 14:16:00,114000,114050,113900,114000,846
2026-04-08 14:17:00,114100,114200,114000,114100,1241
2026-04-08 14:18:00,114100,114100,113900,114100,3273
2026-04-08 14:19:00,114100,114100,114000,114100,1071
2026-04-08 14:20:00,114100,114100,114000,114100,680
2026-04-08 14:21:00,114050,114100,113500,113600,6441
2026-04-08 14:22:00,113600,113800,113500,113800,5379
2026-04-08 14:23:00,113800,113800,113700,113700,2465
2026-04-08 14:24:00,113700,113800,113600,113700,1123
2026-04-08 14:25:00,113700,113700,113600,113700,1210
2026-04-08 14:26:00,113600,113700,113600,113600,628
2026-04-08 14:27:00,113600,113700,113600,113600,994
2026-04-08 14:28:00,113700,113700,113600,113700,914
2026-04-08 14:29:00,113700,113800,113600,113600,2190
2026-04-08 14:30:00,113600,113700,113500,113600,2201
2026-04-08 14:31:00,113600,113600,113500,113500,1625
2026-04-08 14:32:00,113600,113600,113400,113500,2632
2026-04-08 14:33:00,113500,113600,113500,113600,738
2026-04-08 14:34:00,113500,113600,113500,113550,861
2026-04-08 14:35:00,113550,113600,113500,113500,907
2026-04-08 14:36:00,113600,113600,113400,113400,1739
2026-04-08 14:37:00,113450,113500,113400,113500,2440
2026-04-08 14:38:00,113400,113500,113300,113500,1926
2026-04-08 14:39:00,113500,113500,113200,113300,3857
2026-04-08 14:40:00,113300,113600,113300,113550,3568
2026-04-08 14:41:00,113600,113800,113500,113800,1741
2026-04-08 14:42:00,113700,114000,113700,113900,4575
2026-04-08 14:43:00,113900,114000,113900,113900,1946
2026-04-08 14:44:00,114000,114200,113900,114100,2111
2026-04-08 14:45:00,114200,114200,113800,114000,3965
2026-04-08 14:46:00,114100,114100,114000,114000,1952
2026-04-08 14:47:00,114100,114100,113600,113900,5306
2026-04-08 14:48:00,113900,113900,113600,113600,4677
2026-04-08 14:49:00,113700,113800,113600,113700,3649
2026-04-08 14:50:00,113700,114200,113700,113800,4714
2026-04-08 14:51:00,113800,114300,113800,114200,3910
2026-04-08 14:52:00,114000,114200,114000,114100,2784
2026-04-08 14:53:00,114100,114300,114100,114300,3171
2026-04-08 14:54:00,114200,114400,114100,114400,2794
2026-04-08 14:55:00,114300,114500,114300,114500,2317
2026-04-08 14:56:00,114400,114600,114400,114500,3159
2026-04-08 14:57:00,114500,114600,114200,114500,3487
2026-04-08 14:58:00,114450,114700,114450,114600,2752
2026-04-08 14:59:00,114650,114800,114600,114800,3695
2026-04-08 15:00:00,114700,114800,114600,114600,2794
2026-04-08 15:01:00,114600,114800,114500,114700,4230
2026-04-08 15:02:00,114700,115000,114700,115000,3545
2026-04-08 15:03:00,115000,115200,114900,115100,5590
2026-04-08 15:04:00,115100,115300,115100,115200,4069
2026-04-08 15:05:00,115300,115300,115000,115100,4596
2026-04-08 15:06:00,115100,115400,115100,115300,8684
2026-04-08 15:07:00,115400,115500,115200,115400,6479
2026-04-08 15:08:00,115400,115700,115400,115700,6580
2026-04-08 15:09:00,115700,115800,115500,115700,8094
2026-04-08 15:10:00,115700,115900,115500,115800,8863
2026-04-08 15:11:00,115800,115900,115700,115800,8398
2026-04-08 15:12:00,115800,115900,115700,115800,5050
2026-04-08 15:13:00,115800,116000,115800,115900,8253
2026-04-08 15:14:00,115900,116000,115800,115900,5995
2026-04-08 15:15:00,116000,116100,115900,116000,9943
2026-04-08 15:16:00,116100,116200,115900,116000,7669
2026-04-08 15:17:00,116000,116400,115900,116300,10906
2026-04-08 15:18:00,116300,116600,116100,116600,8718
2026-04-08 15:19:00,116600,116700,116200,116300,7164
2026-04-08 15:30:00,116800,116800,116800,116800,64297
2026-04-08 15:35:00,116800,116800,116800,116800,134
2026-04-09 09:00:00,113200,113900,113000,113400,8917
2026-04-09 09:01:00,113400,113500,112500,113100,7487
2026-04-09 09:02:00,113000,113000,112500,112800,4168
2026-04-09 09:03:00,112800,113600,112800,113200,2611
2026-04-09 09:04:00,113200,113400,113000,113100,2895
2026-04-09 09:05:00,113100,113300,112600,112900,4038
2026-04-09 09:06:00,112900,113300,112800,112900,2117
2026-04-09 09:07:00,112900,113100,112300,112500,5972
2026-04-09 09:08:00,112500,112700,112100,112200,5361
2026-04-09 09:09:00,112200,112200,111800,111900,5991
2026-04-09 09:10:00,112000,112100,111900,112100,1484
2026-04-09 09:11:00,112100,112400,112000,112300,2185
2026-04-09 09:12:00,112300,112800,112300,112700,1757
2026-04-09 09:13:00,112800,112900,112600,112900,1414
2026-04-09 09:14:00,112900,112900,112600,112700,1356
2026-04-09 09:15:00,112700,113000,112500,112600,3376
2026-04-09 09:16:00,112600,112800,112600,112700,1047
2026-04-09 09:17:00,112700,113200,112600,113100,1311
2026-04-09 09:18:00,113100,113100,112900,113000,1533
2026-04-09 09:19:00,112900,113000,112700,112800,1545
2026-04-09 09:20:00,112800,113000,112600,113000,1310
2026-04-09 09:21:00,113100,113100,112700,112700,1307
2026-04-09 09:22:00,112700,112750,112600,112700,1815
2026-04-09 09:23:00,112700,112900,112600,112900,1533
2026-04-09 09:24:00,112800,112900,112700,112800,1280
2026-04-09 09:25:00,112800,112900,112700,112700,1126
2026-04-09 09:26:00,112800,112800,112500,112600,2289
2026-04-09 09:27:00,112700,112700,112600,112600,1694
2026-04-09 09:28:00,112700,112800,112500,112700,1897
2026-04-09 09:29:00,112600,112700,112500,112700,1761
2026-04-09 09:30:00,112700,112800,112500,112800,627
2026-04-09 09:31:00,112800,113000,112700,113000,1765
2026-04-09 09:32:00,112900,113000,112700,112700,1623
2026-04-09 09:33:00,112800,112800,112500,112600,1570
2026-04-09 09:34:00,112600,112800,112200,112600,4368
2026-04-09 09:35:00,112600,112700,112400,112500,723
2026-04-09 09:36:00,112500,112700,112500,112700,453
2026-04-09 09:37:00,112700,112700,112300,112400,2873
2026-04-09 09:38:00,112400,112500,112300,112400,1562
2026-04-09 09:39:00,112300,112400,112200,112300,2400
2026-04-09 09:40:00,112300,112300,112200,112300,674
2026-04-09 09:41:00,112300,112300,112100,112100,1329
2026-04-09 09:42:00,112100,112200,112000,112100,3164
2026-04-09 09:43:00,112200,112200,112000,112000,1278
2026-04-09 09:44:00,112000,112200,112000,112200,1631
2026-04-09 09:45:00,112200,112200,112000,112000,2453
2026-04-09 09:46:00,112100,112100,111800,112100,5039
2026-04-09 09:47:00,112000,112100,111900,112000,2015
2026-04-09 09:48:00,111900,112100,111900,111900,1075
2026-04-09 09:49:00,112000,112100,111900,112100,1885
2026-04-09 09:50:00,112100,112100,111900,112000,1630
2026-04-09 09:51:00,112000,112100,111700,111900,6176
2026-04-09 09:52:00,112000,112000,111900,111900,632
2026-04-09 09:53:00,111900,112000,111900,111900,1224
2026-04-09 09:54:00,111900,112000,111900,112000,880
2026-04-09 09:55:00,111900,112000,111800,111850,1399
2026-04-09 09:56:00,111800,112000,111800,111900,1191
2026-04-09 09:57:00,111900,111900,111700,111800,1794
2026-04-09 09:58:00,111800,111800,111700,111800,1065
2026-04-09 09:59:00,111800,111800,111600,111700,2511
2026-04-09 10:00:00,111700,111800,111600,111600,1613
2026-04-09 10:01:00,111600,111700,111600,111600,1730
2026-04-09 10:02:00,111600,111700,111500,111600,2130
2026-04-09 10:03:00,111500,111600,111200,111400,8251
2026-04-09 10:04:00,111400,111500,111200,111300,2394
2026-04-09 10:05:00,111300,111400,111100,111100,3307
2026-04-09 10:06:00,111100,111200,111100,111100,1197
2026-04-09 10:07:00,111100,111100,111000,111000,3353
2026-04-09 10:08:00,111100,111100,111000,111100,2480
2026-04-09 10:09:00,111100,111200,110800,110900,3996
2026-04-09 10:10:00,110900,111000,110700,110800,2726
2026-04-09 10:11:00,110800,110900,110500,110600,2640
2026-04-09 10:12:00,110500,110900,110500,110600,2047
2026-04-09 10:13:00,110500,110700,110400,110500,1789
2026-04-09 10:14:00,110500,111100,110400,110800,1370
2026-04-09 10:15:00,110800,111000,110700,110800,1363
2026-04-09 10:16:00,110700,110800,110300,110400,6767
2026-04-09 10:17:00,110300,110400,110100,110200,1938
2026-04-09 10:18:00,110100,110200,110100,110100,1145
2026-04-09 10:19:00,110200,110200,110000,110000,2750
2026-04-09 10:20:00,110000,110100,110000,110000,2765
2026-04-09 10:21:00,110100,110100,110000,110000,1737
2026-04-09 10:22:00,110100,110100,109900,109900,2654
2026-04-09 10:23:00,110000,110000,109600,109700,3735
2026-04-09 10:24:00,109600,109700,109400,109400,2195
2026-04-09 10:25:00,109400,109900,109200,109600,11249
2026-04-09 10:26:00,109600,109900,109500,109700,1151
2026-04-09 10:27:00,109700,109900,109600,109900,2360
2026-04-09 10:28:00,109800,110200,109800,110000,1774
2026-04-09 10:29:00,110000,110200,109800,109900,2021
2026-04-09 10:30:00,109900,110300,109700,109750,2591
2026-04-09 10:31:00,109750,110400,109700,109800,1881
2026-04-09 10:32:00,109800,109900,109800,109900,770
2026-04-09 10:33:00,109900,110400,109800,110000,2502
2026-04-09 10:34:00,110000,110500,110000,110100,1996
2026-04-09 10:35:00,110100,110200,110000,110200,723
2026-04-09 10:36:00,110100,110100,109900,109900,1228
2026-04-09 10:37:00,109900,110300,109700,109800,2768
2026-04-09 10:38:00,109700,109900,109700,109800,1102
2026-04-09 10:39:00,109800,109900,109800,109800,763
2026-04-09 10:40:00,109800,110300,109700,109800,2242
2026-04-09 10:41:00,109800,109900,109600,109700,1854
2026-04-09 10:42:00,109700,110000,109600,109900,1198
2026-04-09 10:43:00,109700,110300,109600,109600,1331
2026-04-09 10:44:00,109700,109800,109600,109600,1482
2026-04-09 10:45:00,109600,110100,109600,109700,2216
2026-04-09 10:46:00,109800,110100,109600,109600,926
2026-04-09 10:47:00,109600,109700,109500,109500,2136
2026-04-09 10:48:00,109500,109600,109400,109400,1993
2026-04-09 10:49:00,109500,109600,109400,109500,1841
2026-04-09 10:50:00,109500,110000,109500,109600,2296
2026-04-09 10:51:00,109700,109800,109400,109550,2226
2026-04-09 10:52:00,109500,109800,109500,109600,1184
2026-04-09 10:53:00,109600,109900,109600,109800,1073
2026-04-09 10:54:00,109800,109800,109600,109700,1411
2026-04-09 10:55:00,109700,110000,109600,110000,1114
2026-04-09 10:56:00,109900,110000,109900,110000,1030
2026-04-09 10:57:00,110000,110000,109900,109900,781
2026-04-09 10:58:00,109900,110000,109800,110000,1652
2026-04-09 10:59:00,110000,110500,109900,110100,2889
2026-04-09 11:00:00,110050,110200,110000,110100,1383
2026-04-09 11:01:00,110100,110600,110100,110300,1355
2026-04-09 11:02:00,110200,110600,110200,110500,1202
2026-04-09 11:03:00,110400,110500,110200,110300,1530
2026-04-09 11:04:00,110200,110700,110100,110200,1775
2026-04-09 11:05:00,110200,110200,110000,110100,2422
2026-04-09 11:06:00,110100,110100,110000,110100,1668
2026-04-09 11:07:00,110000,110100,110000,110000,1109
2026-04-09 11:08:00,110000,110100,110000,110100,2760
2026-04-09 11:09:00,110100,110100,110000,110000,854
2026-04-09 11:10:00,110000,110100,110000,110100,1151
2026-04-09 11:11:00,110100,110100,110000,110000,1292
2026-04-09 11:12:00,110100,110100,110000,110000,566
2026-04-09 11:13:00,110000,110100,110000,110000,2497
2026-04-09 11:14:00,110000,110100,110000,110000,619
2026-04-09 11:15:00,110100,110100,109900,110000,1482
2026-04-09 11:16:00,109950,110000,109800,109900,1251
2026-04-09 11:17:00,109800,109900,109800,109800,463
2026-04-09 11:18:00,109800,110000,109800,109900,1177
2026-04-09 11:19:00,109900,110000,109900,109900,926
2026-04-09 11:20:00,110000,110000,109900,109900,470
2026-04-09 11:21:00,109900,110000,109800,109900,1194
2026-04-09 11:22:00,109800,109900,109800,109900,1088
2026-04-09 11:23:00,109800,109900,109800,109800,809
2026-04-09 11:24:00,109900,109900,109800,109900,827
2026-04-09 11:25:00,109800,109900,109700,109700,1404
2026-04-09 11:26:00,109800,109800,109700,109800,531
2026-04-09 11:27:00,109700,109800,109700,109800,919
2026-04-09 11:28:00,109700,109800,109700,109800,1215
2026-04-09 11:29:00,109800,109800,109700,109700,426
2026-04-09 11:30:00,109750,109800,109700,109800,443
2026-04-09 11:31:00,109700,109800,109700,109800,1707
2026-04-09 11:32:00,109700,109800,109700,109700,428
2026-04-09 11:33:00,109700,109800,109700,109700,538
2026-04-09 11:34:00,109700,109700,109600,109700,1159
2026-04-09 11:35:00,109700,109700,109500,109500,1543
2026-04-09 11:36:00,109500,109600,109500,109500,424
2026-04-09 11:37:00,109600,109600,109500,109500,1182
2026-04-09 11:38:00,109500,109600,109500,109600,1610
2026-04-09 11:39:00,109600,109600,109500,109500,578
2026-04-09 11:40:00,109600,109600,109500,109600,1103
2026-04-09 11:41:00,109500,109500,109400,109500,1643
2026-04-09 11:42:00,109500,109500,109400,109500,494
2026-04-09 11:43:00,109500,109500,109400,109400,778
2026-04-09 11:44:00,109400,109500,109400,109500,573
2026-04-09 11:45:00,109400,109500,109400,109500,806
2026-04-09 11:46:00,109400,109800,109400,109700,2513
2026-04-09 11:47:00,109700,109700,109500,109600,567
2026-04-09 11:48:00,109500,109600,109400,109500,1138
2026-04-09 11:49:00,109500,109700,109400,109600,796
2026-04-09 11:50:00,109600,109950,109500,109900,1423
2026-04-09 11:51:00,109800,110300,109800,110200,1742
2026-04-09 11:52:00,110200,110300,110000,110100,1171
2026-04-09 11:53:00,110000,110000,109900,109900,625
2026-04-09 11:54:00,109900,109900,109800,109800,537
2026-04-09 11:55:00,109900,109900,109700,109800,625
2026-04-09 11:56:00,109700,109900,109700,109800,454
2026-04-09 11:57:00,109700,109800,109600,109700,882
2026-04-09 11:58:00,109600,109700,109500,109600,965
2026-04-09 11:59:00,109500,109600,109500,109500,328
2026-04-09 12:00:00,109500,109600,109500,109500,739
2026-04-09 12:01:00,109500,109600,109500,109500,731
2026-04-09 12:02:00,109600,109600,109500,109600,348
2026-04-09 12:03:00,109500,109600,109500,109500,527
2026-04-09 12:04:00,109500,109600,109500,109500,447
2026-04-09 12:05:00,109600,109600,109500,109500,490
2026-04-09 12:06:00,109500,109600,109400,109400,1703
2026-04-09 12:07:00,109400,109500,109400,109500,472
2026-04-09 12:08:00,109400,109900,109400,109700,3585
2026-04-09 12:09:00,109700,109800,109700,109700,634
2026-04-09 12:10:00,109800,109900,109700,109700,429
2026-04-09 12:11:00,109800,109800,109700,109700,884
2026-04-09 12:12:00,109700,109800,109700,109800,455
2026-04-09 12:13:00,109800,109800,109700,109700,876
2026-04-09 12:14:00,109750,109800,109700,109700,1697
2026-04-09 12:15:00,109700,109800,109500,109600,1676
2026-04-09 12:16:00,109600,109600,109500,109500,785
2026-04-09 12:17:00,109500,109700,109500,109500,1605
2026-04-09 12:18:00,109600,109600,109500,109500,575
2026-04-09 12:19:00,109500,109500,109400,109450,815
2026-04-09 12:20:00,109450,109500,109400,109500,685
2026-04-09 12:21:00,109400,109500,109400,109500,451
2026-04-09 12:22:00,109400,109500,109400,109500,552
2026-04-09 12:23:00,109400,109500,109400,109400,273
2026-04-09 12:24:00,109500,109500,109400,109500,750
2026-04-09 12:25:00,109400,109500,109400,109500,294
2026-04-09 12:26:00,109400,109500,109400,109500,445
2026-04-09 12:27:00,109500,109500,109400,109500,453
2026-04-09 12:28:00,109400,109500,109400,109400,454
2026-04-09 12:29:00,109500,109500,109400,109400,581
2026-04-09 12:30:00,109400,109500,109400,109400,347
2026-04-09 12:31:00,109400,110000,109400,109600,4275
2026-04-09 12:32:00,109600,110000,109600,109800,1066
2026-04-09 12:33:00,109800,110000,109800,110000,513
2026-04-09 12:34:00,109900,110000,109800,109900,1072
2026-04-09 12:35:00,109900,109900,109800,109900,513
2026-04-09 12:36:00,109900,110000,109800,109900,521
2026-04-09 12:37:00,109900,110000,109900,109900,580
2026-04-09 12:38:00,109900,110000,109900,109900,473
2026-04-09 12:39:00,109900,110000,109900,110000,828
2026-04-09 12:40:00,109900,110000,109900,109900,333
2026-04-09 12:41:00,109900,109900,109800,109800,632
2026-04-09 12:42:00,109900,109900,109700,109800,911
2026-04-09 12:43:00,109700,109800,109600,109800,1269
2026-04-09 12:44:00,109700,110000,109700,109900,920
2026-04-09 12:45:00,109800,109900,109700,109800,588
2026-04-09 12:46:00,109700,109800,109600,109600,646
2026-04-09 12:47:00,109700,109700,109600,109600,388
2026-04-09 12:48:00,109600,109700,109500,109600,1000
2026-04-09 12:49:00,109600,109700,109600,109600,1609
2026-04-09 12:50:00,109700,110000,109700,109800,1536
2026-04-09 12:51:00,109700,109800,109700,109800,447
2026-04-09 12:52:00,109800,109800,109700,109700,469
2026-04-09 12:53:00,109800,109800,109600,109700,900
2026-04-09 12:54:00,109700,109800,109600,109800,835
2026-04-09 12:55:00,109700,109700,109600,109600,790
2026-04-09 12:56:00,109600,110100,109600,109900,1859
2026-04-09 12:57:00,109800,109800,109700,109800,610
2026-04-09 12:58:00,109900,109900,109800,109900,276
2026-04-09 12:59:00,109800,110100,109700,109800,1107
2026-04-09 13:00:00,110000,110200,109800,110000,1422
2026-04-09 13:01:00,109900,110000,109600,109700,976
2026-04-09 13:02:00,109700,110000,109700,110000,805
2026-04-09 13:03:00,110000,110000,109700,110000,641
2026-04-09 13:04:00,109900,110000,109800,109800,1155
2026-04-09 13:05:00,109800,109900,109600,109700,990
2026-04-09 13:06:00,109600,109700,109600,109600,957
2026-04-09 13:07:00,109600,109600,109500,109500,1736
2026-04-09 13:08:00,109600,109600,109500,109500,816
2026-04-09 13:09:00,109600,109600,109400,109400,1434
2026-04-09 13:10:00,109400,109500,109400,109500,950
2026-04-09 13:11:00,109400,109500,109400,109500,1020
2026-04-09 13:12:00,109400,109500,109400,109500,1293
2026-04-09 13:13:00,109400,109500,109300,109400,1785
2026-04-09 13:14:00,109400,109400,109300,109300,2691
2026-04-09 13:15:00,109400,109800,109300,109400,2042
2026-04-09 13:16:00,109400,109500,109300,109300,1147
2026-04-09 13:17:00,109300,109400,109200,109200,1650
2026-04-09 13:18:00,109200,109300,109200,109200,1663
2026-04-09 13:19:00,109200,109300,109200,109300,1462
2026-04-09 13:20:00,109300,109400,109200,109300,853
2026-04-09 13:21:00,109300,109400,109300,109400,607
2026-04-09 13:22:00,109300,109600,109300,109600,1156
2026-04-09 13:23:00,109500,109500,109300,109300,716
2026-04-09 13:24:00,109300,109300,109200,109300,946
2026-04-09 13:25:00,109200,109600,109200,109400,2216
2026-04-09 13:26:00,109400,109400,109200,109200,855
2026-04-09 13:27:00,109300,109400,109300,109400,424
2026-04-09 13:28:00,109300,109400,109200,109300,832
2026-04-09 13:29:00,109300,109400,109200,109400,1157
2026-04-09 13:30:00,109300,109400,109300,109300,505
2026-04-09 13:31:00,109300,109600,109300,109600,1646
2026-04-09 13:32:00,109500,109500,109400,109500,634
2026-04-09 13:33:00,109400,109500,109400,109500,776
2026-04-09 13:34:00,109400,109500,109300,109400,2122
2026-04-09 13:35:00,109400,110000,109400,109900,1984
2026-04-09 13:36:00,109900,109900,109500,109800,990
2026-04-09 13:37:00,109800,109800,109500,109600,461
2026-04-09 13:38:00,109600,109800,109600,109800,773
2026-04-09 13:39:00,109800,109800,109600,109600,754
2026-04-09 13:40:00,109600,110100,109500,109900,2465
2026-04-09 13:41:00,110000,110100,109700,110000,962
2026-04-09 13:42:00,110000,110000,109700,109700,691
2026-04-09 13:43:00,109700,109900,109700,109800,671
2026-04-09 13:44:00,109900,109900,109700,109800,636
2026-04-09 13:45:00,109800,110000,109700,110000,1122
2026-04-09 13:46:00,109900,110000,109800,109900,731
2026-04-09 13:47:00,109900,109900,109800,109800,672
2026-04-09 13:48:00,109800,109900,109600,109900,1435
2026-04-09 13:49:00,109800,110000,109700,109900,726
2026-04-09 13:50:00,109900,110100,109900,110000,805
2026-04-09 13:51:00,110000,110100,109800,110000,1269
2026-04-09 13:52:00,109900,110300,109900,110100,1363
2026-04-09 13:53:00,110100,110200,110000,110200,607
2026-04-09 13:54:00,110100,110200,110100,110200,471
2026-04-09 13:55:00,110100,110200,110000,110100,2434
2026-04-09 13:56:00,110100,110200,110000,110200,1063
2026-04-09 13:57:00,110200,110300,110000,110000,1172
2026-04-09 13:58:00,110000,110000,109800,110000,1750
2026-04-09 13:59:00,110000,110000,109700,109800,1200
2026-04-09 14:00:00,109800,110000,109700,109900,1327
2026-04-09 14:01:00,109900,109900,109700,109800,979
2026-04-09 14:02:00,109900,109900,109700,109800,1034
2026-04-09 14:03:00,109700,109900,109600,109600,980
2026-04-09 14:04:00,109700,110000,109700,110000,1706
2026-04-09 14:05:00,110000,110000,109800,110000,1157
2026-04-09 14:06:00,110000,110000,109700,109800,1445
2026-04-09 14:07:00,109900,110000,109800,110000,1252
2026-04-09 14:08:00,110000,110000,109700,109700,1048
2026-04-09 14:09:00,109800,110000,109600,109800,2252
2026-04-09 14:10:00,110000,110100,109800,110000,1152
2026-04-09 14:11:00,109900,110000,109900,110000,1243
2026-04-09 14:12:00,110000,110000,109900,109900,535
2026-04-09 14:13:00,109900,110000,109900,110000,1321
2026-04-09 14:14:00,110000,110200,109900,110200,2714
2026-04-09 14:15:00,110000,110200,110000,110000,1517
2026-04-09 14:16:00,110100,110100,109900,110100,1304
2026-04-09 14:17:00,110100,110100,110000,110000,520
2026-04-09 14:18:00,110100,110100,109900,109900,1303
2026-04-09 14:19:00,109900,110000,109800,110000,2970
2026-04-09 14:20:00,110000,110000,109700,109800,1819
2026-04-09 14:21:00,109800,109900,109700,109900,1207
2026-04-09 14:22:00,109900,109900,109600,109700,1649
2026-04-09 14:23:00,109700,109800,109600,109800,2487
2026-04-09 14:24:00,109800,109900,109700,109800,813
2026-04-09 14:25:00,109800,110100,109700,109900,1684
2026-04-09 14:26:00,110000,110200,109700,110200,1511
2026-04-09 14:27:00,110200,110200,110000,110000,602
2026-04-09 14:28:00,110100,110100,109900,109900,1195
2026-04-09 14:29:00,109900,110300,109900,110200,2172
2026-04-09 14:30:00,110200,110500,110000,110500,3493
2026-04-09 14:31:00,110500,110500,110200,110300,1447
2026-04-09 14:32:00,110300,110300,110000,110200,1590
2026-04-09 14:33:00,110200,110300,110100,110100,1766
2026-04-09 14:34:00,110200,110500,110100,110400,2125
2026-04-09 14:35:00,110400,110400,110100,110300,1544
2026-04-09 14:36:00,110300,110300,110100,110100,1833
2026-04-09 14:37:00,110200,110200,110100,110200,1086
2026-04-09 14:38:00,110200,110300,110100,110300,1353
2026-04-09 14:39:00,110300,110400,110200,110400,1275
2026-04-09 14:40:00,110400,110500,110300,110400,1670
2026-04-09 14:41:00,110400,110500,110300,110400,2169
2026-04-09 14:42:00,110400,110400,110300,110300,932
2026-04-09 14:43:00,110400,110400,110200,110400,1924
2026-04-09 14:44:00,110400,110400,110200,110300,1932
2026-04-09 14:45:00,110300,110400,110100,110200,1285
2026-04-09 14:46:00,110100,110200,110100,110200,1711
2026-04-09 14:47:00,110200,110200,110000,110100,2222
2026-04-09 14:48:00,110100,110200,110100,110100,1582
2026-04-09 14:49:00,110200,110300,110000,110300,2259
2026-04-09 14:50:00,110300,110300,110100,110100,1902
2026-04-09 14:51:00,110100,110100,110000,110000,1694
2026-04-09 14:52:00,110100,110100,110000,110100,2098
2026-04-09 14:53:00,110000,110100,110000,110100,2239
2026-04-09 14:54:00,110000,110200,109900,110100,2299
2026-04-09 14:55:00,110100,110200,109900,110200,1926
2026-04-09 14:56:00,110200,110200,110000,110100,2524
2026-04-09 14:57:00,110100,110300,109900,110200,2784
2026-04-09 14:58:00,110200,110300,110000,110100,2761
2026-04-09 14:59:00,110200,110300,110100,110200,2609
2026-04-09 15:00:00,110300,110400,110000,110400,3260
2026-04-09 15:01:00,110300,110700,110300,110600,3434
2026-04-09 15:02:00,110700,110700,110500,110600,2378
2026-04-09 15:03:00,110600,110800,110500,110700,4313
2026-04-09 15:04:00,110600,110700,110600,110700,1801
2026-04-09 15:05:00,110700,110700,110400,110600,2507
2026-04-09 15:06:00,110700,110700,110500,110500,1648
2026-04-09 15:07:00,110500,110600,110300,110500,3078
2026-04-09 15:08:00,110500,110800,110300,110500,2980
2026-04-09 15:09:00,110500,110700,110200,110500,3764
2026-04-09 15:10:00,110500,110700,110400,110700,3530
2026-04-09 15:11:00,110700,110900,110600,110700,3371
2026-04-09 15:12:00,110700,110800,110600,110800,1823
2026-04-09 15:13:00,110800,110800,110600,110800,2926
2026-04-09 15:14:00,110800,110900,110400,110600,2516
2026-04-09 15:15:00,110600,110600,110100,110300,3304
2026-04-09 15:16:00,110300,110600,110200,110300,5932
2026-04-09 15:17:00,110600,110700,110300,110500,3457
2026-04-09 15:18:00,110500,110900,110400,110800,4497
2026-04-09 15:19:00,110600,111600,110500,111500,6228
2026-04-09 15:32:00,113100,113100,113100,113100,236979
2026-04-09 15:35:00,113100,113100,113100,113100,2167
2026-04-10 09:00:00,114300,114300,113100,114000,11871
2026-04-10 09:01:00,113500,114000,113100,113300,8037
2026-04-10 09:02:00,113300,113300,112100,112300,7344
2026-04-10 09:03:00,112300,112600,112000,112200,8206
2026-04-10 09:04:00,112200,112200,111600,111700,4385
2026-04-10 09:05:00,111700,112000,111400,111500,4711
2026-04-10 09:06:00,111500,111700,111400,111500,3359
2026-04-10 09:07:00,111500,112000,111400,111800,1306
2026-04-10 09:08:00,111800,112500,111700,112200,2184
2026-04-10 09:09:00,112100,112100,111500,111800,3564
2026-04-10 09:10:00,111800,111900,111200,111200,4528
2026-04-10 09:11:00,111200,111200,110600,110600,4656
2026-04-10 09:12:00,110700,111100,110600,111000,4948
2026-04-10 09:13:00,111000,111200,110800,110900,3288
2026-04-10 09:14:00,110900,110900,110700,110700,3314
2026-04-10 09:15:00,110700,110800,110450,110450,2224
2026-04-10 09:16:00,110450,110600,110300,110400,1870
2026-04-10 09:17:00,110300,110400,110200,110300,1863
2026-04-10 09:18:00,110300,110900,110300,110700,3038
2026-04-10 09:19:00,110800,111000,110700,111000,1088
2026-04-10 09:20:00,111000,111100,110500,110500,4085
2026-04-10 09:21:00,110500,110600,110400,110400,1923
2026-04-10 09:22:00,110500,110800,110300,110600,2960
2026-04-10 09:23:00,110600,110600,110400,110600,1851
2026-04-10 09:24:00,110600,111000,110600,110700,1493
2026-04-10 09:25:00,110700,111000,110700,110900,3141
2026-04-10 09:26:00,110900,110900,110600,110600,1841
2026-04-10 09:27:00,110700,110700,110600,110700,570
2026-04-10 09:28:00,110700,110800,110500,110600,2949
2026-04-10 09:29:00,110600,110600,110500,110600,1757
2026-04-10 09:30:00,110600,110700,110400,110500,1644
2026-04-10 09:31:00,110500,110700,110400,110600,9617
2026-04-10 09:32:00,110700,110900,110600,110800,1013
2026-04-10 09:33:00,110700,110800,110700,110700,222
2026-04-10 09:34:00,110800,110800,110400,110500,3350
2026-04-10 09:35:00,110400,110600,110400,110500,1182
2026-04-10 09:36:00,110600,110600,110400,110400,1799
2026-04-10 09:37:00,110500,110600,110400,110600,2333
2026-04-10 09:38:00,110600,110600,110500,110600,2075
2026-04-10 09:39:00,110600,110600,110500,110600,1800
2026-04-10 09:40:00,110600,110600,110500,110600,396
2026-04-10 09:41:00,110500,110600,110400,110500,4104
2026-04-10 09:42:00,110600,111000,110600,110900,1770
2026-04-10 09:43:00,110950,111000,110900,111000,1052
2026-04-10 09:44:00,111000,111100,111000,111100,1699
2026-04-10 09:45:00,111100,111300,111100,111300,1316
2026-04-10 09:46:00,111200,111400,111100,111100,1778
2026-04-10 09:47:00,111100,111300,111000,111200,1244
2026-04-10 09:48:00,111200,111300,111100,111200,1055
2026-04-10 09:49:00,111200,111200,111100,111200,557
2026-04-10 09:50:00,111200,111300,111100,111300,977
2026-04-10 09:51:00,111200,111300,111100,111100,1656
2026-04-10 09:52:00,111100,111300,111100,111200,2435
2026-04-10 09:53:00,111200,111200,110700,110900,4990
2026-04-10 09:54:00,110900,111100,110800,111100,1924
2026-04-10 09:55:00,111100,111300,111000,111100,965
2026-04-10 09:56:00,111100,111100,110700,110900,2227
2026-04-10 09:57:00,110900,111100,110800,111000,1306
2026-04-10 09:58:00,111000,111200,110900,111100,1117
2026-04-10 09:59:00,111200,111200,111100,111200,652
2026-04-10 10:00:00,111200,111600,111150,111400,1503
2026-04-10 10:01:00,111400,111500,111200,111300,1528
2026-04-10 10:02:00,111400,111500,111300,111500,558
2026-04-10 10:03:00,111500,111600,111400,111500,1028
2026-04-10 10:04:00,111500,111600,111400,111500,1324
2026-04-10 10:05:00,111400,111500,111300,111300,1813
2026-04-10 10:06:00,111300,111300,111000,111000,2064
2026-04-10 10:07:00,111100,111400,111100,111200,1263
2026-04-10 10:08:00,111200,111300,111000,111000,1630
2026-04-10 10:09:00,111000,111100,110900,111000,1683
2026-04-10 10:10:00,111000,111100,110900,111000,445
2026-04-10 10:11:00,111100,111100,110900,111000,1964
2026-04-10 10:12:00,111000,111000,110900,110900,877
2026-04-10 10:13:00,110900,111000,110900,110900,652
2026-04-10 10:14:00,110900,111100,110900,111100,597
2026-04-10 10:15:00,111100,111100,110900,111000,786
2026-04-10 10:16:00,111100,111100,111000,111100,382
2026-04-10 10:17:00,111100,111200,111000,111100,919
2026-04-10 10:18:00,111100,111400,111100,111100,1639
2026-04-10 10:19:00,111100,111200,110800,111100,3131
2026-04-10 10:20:00,110900,111100,110900,110900,770
2026-04-10 10:21:00,110900,111000,110800,110900,1209
2026-04-10 10:22:00,110900,110900,110700,110800,2167
2026-04-10 10:23:00,110800,111000,110700,110900,724
2026-04-10 10:24:00,110900,111000,110900,110900,474
2026-04-10 10:25:00,111000,111100,110900,111100,637
2026-04-10 10:26:00,111100,111100,110900,111100,726
2026-04-10 10:27:00,111000,111100,111000,111100,374
2026-04-10 10:28:00,111100,111100,110900,110900,1100
2026-04-10 10:29:00,111000,111000,110900,111000,1131
2026-04-10 10:30:00,111000,111000,110800,110800,853
2026-04-10 10:31:00,110800,111000,110800,110900,544
2026-04-10 10:32:00,110900,111000,110800,110900,1364
2026-04-10 10:33:00,110900,110900,110600,110700,3353
2026-04-10 10:34:00,110800,110900,110700,110800,554
2026-04-10 10:35:00,110800,110900,110700,110800,728
2026-04-10 10:36:00,110800,110900,110800,110800,1247
2026-04-10 10:37:00,110800,110900,110700,110800,1312
2026-04-10 10:38:00,110800,111000,110800,110900,1033
2026-04-10 10:39:00,110900,111300,110900,111300,1598
2026-04-10 10:40:00,111200,111200,110800,110800,1550
2026-04-10 10:41:00,111000,111000,110800,110900,785
2026-04-10 10:42:00,110800,111000,110800,111000,791
2026-04-10 10:43:00,111000,111000,110800,111000,1463
2026-04-10 10:44:00,110900,110900,110800,110900,1068
2026-04-10 10:45:00,110900,110900,110800,110900,721
2026-04-10 10:46:00,110900,111000,110800,111000,646
2026-04-10 10:47:00,111000,111100,110800,111000,1034
2026-04-10 10:48:00,111100,111200,110800,111000,2395
2026-04-10 10:49:00,110900,111100,110900,111000,959
2026-04-10 10:50:00,111000,111100,110900,111000,1003
2026-04-10 10:51:00,111100,111100,110900,111000,769
2026-04-10 10:52:00,111100,111100,110900,111100,1964
2026-04-10 10:53:00,110900,111200,110900,111100,606
2026-04-10 10:54:00,111200,111200,111000,111100,617
2026-04-10 10:55:00,111200,111200,111000,111100,529
2026-04-10 10:56:00,111100,111200,110900,111000,1372
2026-04-10 10:57:00,111000,111200,111000,111000,1059
2026-04-10 10:58:00,111000,111100,110800,110900,827
2026-04-10 10:59:00,110900,111100,110800,110900,1817
2026-04-10 11:00:00,111000,112100,110900,111800,5914
2026-04-10 11:01:00,111800,112200,111600,111900,5184
2026-04-10 11:02:00,111900,112500,111700,112200,2982
2026-04-10 11:03:00,112000,112350,111900,112350,4404
2026-04-10 11:04:00,112350,112400,112000,112000,3290
2026-04-10 11:05:00,112100,112700,111900,112600,4298
2026-04-10 11:06:00,112600,112800,112500,112800,3260
2026-04-10 11:07:00,112800,113000,112600,112900,4662
2026-04-10 11:08:00,112800,112900,112400,112600,3892
2026-04-10 11:09:00,112600,112700,112200,112400,2305
2026-04-10 11:10:00,112300,113000,112300,112500,3809
2026-04-10 11:11:00,112700,112900,112600,112900,2706
2026-04-10 11:12:00,112900,113000,112700,112900,2826
2026-04-10 11:13:00,113000,113050,112900,113000,2569
2026-04-10 11:14:00,112900,113000,112700,112800,2335
2026-04-10 11:15:00,112700,112900,112300,112700,4238
2026-04-10 11:16:00,112700,112800,112200,112600,2394
2026-04-10 11:17:00,112700,112700,112200,112700,2038
2026-04-10 11:18:00,112600,112900,112200,112300,3641
2026-04-10 11:19:00,112300,112600,112100,112200,1527
2026-04-10 11:20:00,112200,112500,112000,112200,3297
2026-04-10 11:21:00,112200,112200,112100,112100,1229
2026-04-10 11:22:00,112200,112400,112100,112400,1354
2026-04-10 11:23:00,112400,112600,112200,112400,3736
2026-04-10 11:24:00,112400,112500,112100,112200,2188
2026-04-10 11:25:00,112200,112700,112200,112500,2575
2026-04-10 11:26:00,112400,112700,112200,112400,2207
2026-04-10 11:27:00,112400,112600,112200,112500,1399
2026-04-10 11:28:00,112500,112600,112100,112500,3357
2026-04-10 11:29:00,112500,112600,112300,112400,1481
2026-04-10 11:30:00,112500,112700,112400,112400,810
2026-04-10 11:31:00,112300,112300,111600,111600,4053
2026-04-10 11:32:00,111700,111700,111400,111500,1178
2026-04-10 11:33:00,111600,111700,111400,111600,1193
2026-04-10 11:34:00,111600,111900,111500,111600,758
2026-04-10 11:35:00,111700,111700,111500,111700,474
2026-04-10 11:36:00,111700,111900,111500,111700,731
2026-04-10 11:37:00,111700,111800,111500,111700,1008
2026-04-10 11:38:00,111600,111800,111600,111700,453
2026-04-10 11:39:00,111700,111800,111600,111700,482
2026-04-10 11:40:00,111800,111800,111500,111600,953
2026-04-10 11:41:00,111700,111800,111600,111700,722
2026-04-10 11:42:00,111700,112300,111700,112000,2323
2026-04-10 11:43:00,112200,112500,112000,112500,1635
2026-04-10 11:44:00,112500,112800,112300,112700,5263
2026-04-10 11:45:00,112700,112800,112500,112600,1098
2026-04-10 11:46:00,112700,112900,112400,112750,4563
2026-04-10 11:47:00,112750,112850,112700,112700,1616
2026-04-10 11:48:00,112700,112800,112500,112700,1413
2026-04-10 11:49:00,112800,112900,112700,112900,2432
2026-04-10 11:50:00,112900,112900,112700,112900,2590
2026-04-10 11:51:00,112900,112900,112600,112800,2452
2026-04-10 11:52:00,112700,112900,112600,112800,1757
2026-04-10 11:53:00,112800,113000,112800,112900,1620
2026-04-10 11:54:00,112800,113000,112800,112800,1247
2026-04-10 11:55:00,112900,113000,112800,113000,1896
2026-04-10 11:56:00,112900,113100,112700,113100,2999
2026-04-10 11:57:00,113100,113100,112900,113100,1607
2026-04-10 11:58:00,113100,113400,113000,113200,2914
2026-04-10 11:59:00,113150,113300,112900,113200,2058
2026-04-10 12:00:00,113200,113300,113000,113300,2355
2026-04-10 12:01:00,113300,113300,113000,113000,2403
2026-04-10 12:02:00,113000,113300,113000,113200,1856
2026-04-10 12:03:00,113200,113300,113100,113200,880
2026-04-10 12:04:00,113200,113500,113000,113400,2199
2026-04-10 12:05:00,113400,113500,113200,113400,2565
2026-04-10 12:06:00,113300,113500,113200,113300,1579
2026-04-10 12:07:00,113300,113400,113100,113200,1479
2026-04-10 12:08:00,113300,113400,113100,113300,1455
2026-04-10 12:09:00,113200,113400,113200,113300,1256
2026-04-10 12:10:00,113400,113400,113100,113400,2164
2026-04-10 12:11:00,113400,113400,113000,113200,1992
2026-04-10 12:12:00,113200,113400,112900,113400,2204
2026-04-10 12:13:00,113400,113500,113300,113500,1236
2026-04-10 12:14:00,113400,113500,113200,113300,1603
2026-04-10 12:15:00,113300,113500,113200,113400,1495
2026-04-10 12:16:00,113300,113500,113000,113300,2767
2026-04-10 12:17:00,113300,113500,113300,113500,1423
2026-04-10 12:18:00,113500,113500,113200,113400,1870
2026-04-10 12:19:00,113400,113600,113300,113400,2074
2026-04-10 12:20:00,113300,113500,113100,113200,2269
2026-04-10 12:21:00,113200,113400,113100,113400,1908
2026-04-10 12:22:00,113300,113300,113000,113000,1297
2026-04-10 12:23:00,113100,113300,113000,113200,1477
2026-04-10 12:24:00,113200,113300,112800,113100,2769
2026-04-10 12:25:00,113100,113100,112600,112900,2190
2026-04-10 12:26:00,112800,113000,112600,112700,1529
2026-04-10 12:27:00,112700,113000,112600,112700,2266
2026-04-10 12:28:00,112700,112900,112500,112800,1657
2026-04-10 12:29:00,112800,112900,112700,112800,1497
2026-04-10 12:30:00,112800,113100,112700,112900,1690
2026-04-10 12:31:00,112900,113100,112800,113000,560
2026-04-10 12:32:00,113100,113200,112500,113200,2055
2026-04-10 12:33:00,113000,113300,113000,113100,760
2026-04-10 12:34:00,113200,113300,113100,113200,1407
2026-04-10 12:35:00,113100,113300,113000,113000,1605
2026-04-10 12:36:00,113100,113200,112700,113100,1634
2026-04-10 12:37:00,113100,113200,112800,113000,3955
2026-04-10 12:38:00,113000,113100,112700,113000,1676
2026-04-10 12:39:00,113000,113100,112700,112900,818
2026-04-10 12:40:00,113000,113000,112500,112900,2540
2026-04-10 12:41:00,112800,113000,112800,112800,1306
2026-04-10 12:42:00,112900,113000,112600,112800,1674
2026-04-10 12:43:00,112700,113000,112700,112800,1614
2026-04-10 12:44:00,112900,113000,112700,112800,1457
2026-04-10 12:45:00,112800,113000,112800,112900,1529
2026-04-10 12:46:00,112900,113000,112800,112900,1413
2026-04-10 12:47:00,112900,112900,112500,112800,2406
2026-04-10 12:48:00,112800,112800,112600,112700,1541
2026-04-10 12:49:00,112700,112800,112600,112700,1723
2026-04-10 12:50:00,112600,112900,112600,112700,1305
2026-04-10 12:51:00,112700,112800,112600,112700,1823
2026-04-10 12:52:00,112700,112800,112500,112600,1648
2026-04-10 12:53:00,112600,112700,112500,112600,2092
2026-04-10 12:54:00,112600,112800,112500,112800,960
2026-04-10 12:55:00,112700,112800,112600,112600,1799
2026-04-10 12:56:00,112700,112800,112500,112800,1903
2026-04-10 12:57:00,112700,112800,112600,112700,808
2026-04-10 12:58:00,112700,112800,112600,112600,1600
2026-04-10 12:59:00,112600,112900,112600,112700,1413
2026-04-10 13:00:00,112700,112700,112400,112600,2656
2026-04-10 13:01:00,112600,112600,112400,112500,1468
2026-04-10 13:02:00,112600,112600,112200,112500,4640
2026-04-10 13:03:00,112300,112500,112100,112200,1766
2026-04-10 13:04:00,112200,112300,112000,112200,3250
2026-04-10 13:05:00,112100,112300,112000,112300,3642
2026-04-10 13:06:00,112300,112400,112000,112100,3775
2026-04-10 13:07:00,112000,112100,111900,111900,2832
2026-04-10 13:08:00,111900,112000,111800,112000,1238
2026-04-10 13:09:00,111900,112300,111900,112100,3545
2026-04-10 13:10:00,112200,112300,112100,112100,1587
2026-04-10 13:11:00,112200,112300,112100,112300,3121
2026-04-10 13:12:00,112300,112400,111900,111900,2584
2026-04-10 13:13:00,112000,112200,111900,111900,2223
2026-04-10 13:14:00,112000,112100,112000,112100,2622
2026-04-10 13:15:00,112100,112300,111900,111900,3571
2026-04-10 13:16:00,112000,112200,112000,112100,1627
2026-04-10 13:17:00,112100,112300,112000,112200,2244
2026-04-10 13:18:00,112200,112300,112100,112100,2022
2026-04-10 13:19:00,112200,112300,112100,112300,4147
2026-04-10 13:20:00,112300,112600,112100,112100,2490
2026-04-10 13:21:00,112100,112400,112100,112200,1977
2026-04-10 13:22:00,112200,112300,112100,112200,2466
2026-04-10 13:23:00,112200,112300,112000,112100,2689
2026-04-10 13:24:00,112100,112400,112000,112400,2697
2026-04-10 13:25:00,112100,112300,112000,112200,2219
2026-04-10 13:26:00,112100,112300,112000,112200,2755
2026-04-10 13:27:00,112200,112400,112100,112300,3023
2026-04-10 13:28:00,112300,112400,112100,112200,2953
2026-04-10 13:29:00,112200,112400,112000,112200,3203
2026-04-10 13:30:00,112200,112300,112100,112200,2157
2026-04-10 13:31:00,112200,112200,112100,112200,2111
2026-04-10 13:32:00,112200,112300,112100,112200,1733
2026-04-10 13:33:00,112200,112300,112100,112300,1744
2026-04-10 13:34:00,112300,112500,112100,112300,3170
2026-04-10 13:35:00,112300,112400,112000,112200,3362
2026-04-10 13:36:00,112200,112200,112000,112000,1368
2026-04-10 13:37:00,112100,112200,112000,112100,2611
2026-04-10 13:38:00,112100,112200,112000,112100,1581
2026-04-10 13:39:00,112100,112100,111900,112000,3501
2026-04-10 13:40:00,112000,112200,111900,111900,2468
2026-04-10 13:41:00,112000,112100,111900,112000,2493
2026-04-10 13:42:00,112000,112200,111900,112100,2885
2026-04-10 13:43:00,112100,112200,112000,112100,2652
2026-04-10 13:44:00,112100,112200,111900,112100,2931
2026-04-10 13:45:00,112000,112200,111900,112000,2804
2026-04-10 13:46:00,112000,112100,111800,112000,3700
2026-04-10 13:47:00,112000,112000,111800,112000,2523
2026-04-10 13:48:00,112000,112000,111800,111800,2662
2026-04-10 13:49:00,111900,112000,111800,111900,2680
2026-04-10 13:50:00,111800,111900,111700,111800,2412
2026-04-10 13:51:00,111900,111900,111700,111900,2674
2026-04-10 13:52:00,111900,111900,111700,111800,3366
2026-04-10 13:53:00,111700,111800,111600,111700,1495
2026-04-10 13:54:00,111700,111800,111400,111500,3877
2026-04-10 13:55:00,111500,111600,111400,111600,4220
2026-04-10 13:56:00,111600,111600,111500,111500,2920
2026-04-10 13:57:00,111600,111700,111400,111500,2187
2026-04-10 13:58:00,111500,111500,111300,111500,2885
2026-04-10 13:59:00,111500,111500,111200,111300,2257
2026-04-10 14:00:00,111400,111400,111200,111300,3124
2026-04-10 14:01:00,111300,111400,111200,111300,3326
2026-04-10 14:02:00,111300,111300,111100,111100,3789
2026-04-10 14:03:00,111100,111200,111000,111000,4993
2026-04-10 14:04:00,111100,111100,110800,110900,4441
2026-04-10 14:05:00,110900,110900,110700,110700,4050
2026-04-10 14:06:00,110700,111000,110700,110900,2685
2026-04-10 14:07:00,111000,111200,110800,111100,3405
2026-04-10 14:08:00,111100,111300,111000,111100,3155
2026-04-10 14:09:00,111100,111300,111000,111300,2558
2026-04-10 14:10:00,111300,111300,111100,111100,1946
2026-04-10 14:11:00,111100,111200,111000,111100,1626
2026-04-10 14:12:00,111100,111200,111000,111100,3999
2026-04-10 14:13:00,111100,111100,110900,111000,1237
2026-04-10 14:14:00,111000,111100,110900,111000,3755
2026-04-10 14:15:00,111000,111300,111000,111300,3256
2026-04-10 14:16:00,111300,111500,111100,111200,4664
2026-04-10 14:17:00,111300,111400,111100,111400,2598
2026-04-10 14:18:00,111400,111400,111100,111200,2141
2026-04-10 14:19:00,111300,111400,111200,111300,2399
2026-04-10 14:20:00,111300,111500,111200,111500,4902
2026-04-10 14:21:00,111500,111500,111300,111400,1151
2026-04-10 14:22:00,111400,111500,111300,111400,2699
2026-04-10 14:23:00,111500,111500,111300,111400,2008
2026-04-10 14:24:00,111500,111500,111200,111400,3072
2026-04-10 14:25:00,111400,111600,111300,111600,3877
2026-04-10 14:26:00,111600,111600,111300,111400,2247
2026-04-10 14:27:00,111400,111500,111200,111300,2810
2026-04-10 14:28:00,111300,111400,111200,111200,2622
2026-04-10 14:29:00,111200,111400,111100,111300,2842
2026-04-10 14:30:00,111200,111300,111100,111200,1957
2026-04-10 14:31:00,111200,111200,111000,111100,6661
2026-04-10 14:32:00,111100,111300,111000,111200,3229
2026-04-10 14:33:00,111200,111300,110900,111200,2943
2026-04-10 14:34:00,111200,111300,111000,111200,2942
2026-04-10 14:35:00,111200,111200,111000,111100,3476
2026-04-10 14:36:00,111200,111200,111000,111000,2163
2026-04-10 14:37:00,111100,111200,111000,111200,4459
2026-04-10 14:38:00,111200,111200,111000,111200,2890
2026-04-10 14:39:00,111300,111400,111100,111100,2715
2026-04-10 14:40:00,111200,111200,111100,111100,3022
2026-04-10 14:41:00,111200,111200,111000,111200,2868
2026-04-10 14:42:00,111100,111200,110900,111100,2901
2026-04-10 14:43:00,111200,111200,111000,111100,3493
2026-04-10 14:44:00,111100,111200,111000,111200,2767
2026-04-10 14:45:00,111100,111200,110900,111000,3482
2026-04-10 14:46:00,111100,111100,110900,111000,3617
2026-04-10 14:47:00,111000,111200,110900,111000,3421
2026-04-10 14:48:00,111000,111000,110800,111000,4171
2026-04-10 14:49:00,110900,111000,110800,110900,4700
2026-04-10 14:50:00,110900,111100,110800,111100,3558
2026-04-10 14:51:00,111100,111100,110900,111000,3584
2026-04-10 14:52:00,111100,111300,110900,111200,5661
2026-04-10 14:53:00,111100,111300,110900,111100,2745
2026-04-10 14:54:00,111000,111100,110900,111000,5412
2026-04-10 14:55:00,110900,111200,110900,111100,4710
2026-04-10 14:56:00,111100,111100,110900,111000,3049
2026-04-10 14:57:00,110900,111000,110800,110900,3368
2026-04-10 14:58:00,110800,110900,110700,110900,4935
2026-04-10 14:59:00,110900,110900,110700,110800,6991
2026-04-10 15:00:00,110700,111000,110700,111000,6105
2026-04-10 15:01:00,111000,111100,110700,110900,3979
2026-04-10 15:02:00,110900,110900,110700,110700,5105
2026-04-10 15:03:00,110800,110800,110500,110600,6418
2026-04-10 15:04:00,110600,110800,110600,110700,3026
2026-04-10 15:05:00,110700,110800,110600,110700,2890
2026-04-10 15:06:00,110700,111100,110600,111000,4032
2026-04-10 15:07:00,111000,111000,110800,110900,3607
2026-04-10 15:08:00,111000,111100,110700,110800,4173
2026-04-10 15:09:00,110900,110900,110700,110700,2894
2026-04-10 15:10:00,110800,110800,110700,110800,3913
2026-04-10 15:11:00,110800,110800,110600,110700,3756
2026-04-10 15:12:00,110700,110700,110600,110700,4790
2026-04-10 15:13:00,110700,110700,110600,110600,3683
2026-04-10 15:14:00,110600,110600,110500,110600,3550
2026-04-10 15:15:00,110600,110600,110500,110500,4004
2026-04-10 15:16:00,110600,111000,110500,110900,8635
2026-04-10 15:17:00,111000,111100,110800,111100,5061
2026-04-10 15:18:00,111100,111200,110600,111000,5432
2026-04-10 15:19:00,111100,111300,110700,110900,4496
2026-04-10 15:30:00,111800,111800,111800,111800,181154
2026-04-10 15:35:00,111800,111800,111800,111800,107
2026-04-13 09:00:00,108500,109300,108500,109000,3158
2026-04-13 09:01:00,109000,109300,108800,109200,3083
2026-04-13 09:02:00,109100,109600,108900,109600,1607
2026-04-13 09:03:00,109400,109700,109300,109400,2712
2026-04-13 09:04:00,109400,109700,109400,109600,2004
2026-04-13 09:05:00,109600,109600,109100,109400,2985
2026-04-13 09:06:00,109400,110000,109400,109500,5467
2026-04-13 09:07:00,109700,109700,109500,109600,972
2026-04-13 09:08:00,109600,109900,109400,109500,1517
2026-04-13 09:09:00,109500,109900,109200,109800,2057
2026-04-13 09:10:00,109800,110300,109800,110100,2149
2026-04-13 09:11:00,110100,110200,110000,110100,1927
2026-04-13 09:12:00,110100,110600,109700,110500,3610
2026-04-13 09:13:00,110600,111000,110300,110800,2373
2026-04-13 09:14:00,110800,111100,110600,110800,2536
2026-04-13 09:15:00,110800,110900,110400,110600,2844
2026-04-13 09:16:00,110600,111100,110400,110700,1619
2026-04-13 09:17:00,110700,111400,110700,111100,3157
2026-04-13 09:18:00,111100,111600,110800,111400,3108
2026-04-13 09:19:00,111400,111500,110800,110900,2331
2026-04-13 09:20:00,110900,111300,110900,111200,1611
2026-04-13 09:21:00,111200,111400,111000,111300,1267
2026-04-13 09:22:00,111300,112000,111100,111500,3367
2026-04-13 09:23:00,111500,112000,111500,111800,2150
2026-04-13 09:24:00,111900,111900,111500,111500,1177
2026-04-13 09:25:00,111400,111500,111200,111500,1297
2026-04-13 09:26:00,111500,111700,111500,111500,1542
2026-04-13 09:27:00,111500,111800,111400,111800,1824
2026-04-13 09:28:00,111700,112300,111700,112300,4216
2026-04-13 09:29:00,112200,112300,111900,112100,2056
2026-04-13 09:30:00,112200,112300,112100,112300,1225
2026-04-13 09:31:00,112300,112400,112100,112300,2280
2026-04-13 09:32:00,112300,112600,112200,112500,2350
2026-04-13 09:33:00,112500,112500,112100,112400,1543
2026-04-13 09:34:00,112300,112400,111800,111900,4029
2026-04-13 09:35:00,111900,111900,111200,111500,1919
2026-04-13 09:36:00,111500,111700,111300,111600,686
2026-04-13 09:37:00,111600,111600,111400,111500,833
2026-04-13 09:38:00,111600,111600,111500,111500,715
2026-04-13 09:39:00,111500,112000,111500,112000,2006
2026-04-13 09:40:00,112100,112400,112000,112200,2106
2026-04-13 09:41:00,112300,112300,111800,112000,1894
2026-04-13 09:42:00,111900,112100,111800,112000,1796
2026-04-13 09:43:00,111800,111800,111500,111600,1968
2026-04-13 09:44:00,111500,112100,111500,112000,2163
2026-04-13 09:45:00,112100,112300,111900,111900,2814
2026-04-13 09:46:00,111900,112300,111900,112200,2271
2026-04-13 09:47:00,112200,112400,112200,112300,2786
2026-04-13 09:48:00,112300,112400,112100,112200,1351
2026-04-13 09:49:00,112200,112300,112100,112100,1510
2026-04-13 09:50:00,112200,112200,111800,112000,1796
2026-04-13 09:51:00,112000,112300,112000,112300,2171
2026-04-13 09:52:00,112300,112300,112100,112100,880
2026-04-13 09:53:00,112100,112200,112000,112050,1285
2026-04-13 09:54:00,112100,112100,111800,112000,2082
2026-04-13 09:55:00,112000,112100,111900,112000,1249
2026-04-13 09:56:00,112000,112100,111900,111900,1497
2026-04-13 09:57:00,112000,112000,111800,111800,440
2026-04-13 09:58:00,111900,112100,111800,111900,2054
2026-04-13 09:59:00,111900,112200,111800,112100,1550
2026-04-13 10:00:00,112100,112200,112000,112100,877
2026-04-13 10:01:00,112100,112100,111800,111900,564
2026-04-13 10:02:00,111900,111900,111800,111900,982
2026-04-13 10:03:00,111900,112800,111900,112500,7539
2026-04-13 10:04:00,112500,112500,112300,112300,1039
2026-04-13 10:05:00,112350,112400,112100,112300,524
2026-04-13 10:06:00,112300,112500,112200,112200,1651
2026-04-13 10:07:00,112200,112300,112000,112000,1402
2026-04-13 10:08:00,112000,112100,111900,111900,1366
2026-04-13 10:09:00,111900,112000,111800,112000,1024
2026-04-13 10:10:00,111900,112300,111900,112300,1306
2026-04-13 10:11:00,112200,112200,112000,112100,578
2026-04-13 10:12:00,112100,112100,111900,111900,667
2026-04-13 10:13:00,112000,112100,111900,111900,848
2026-04-13 10:14:00,112000,112200,111900,112100,931
2026-04-13 10:15:00,112000,112200,112000,112100,699
2026-04-13 10:16:00,112000,112400,112000,112200,1478
2026-04-13 10:17:00,112200,112200,112100,112200,235
2026-04-13 10:18:00,112100,112400,112100,112200,1536
2026-04-13 10:19:00,112200,112400,112200,112300,916
2026-04-13 10:20:00,112400,112400,112200,112400,1355
2026-04-13 10:21:00,112300,112400,112250,112300,785
2026-04-13 10:22:00,112300,112400,112200,112300,601
2026-04-13 10:23:00,112200,112200,112000,112000,1046
2026-04-13 10:24:00,112100,112300,112000,112200,1589
2026-04-13 10:25:00,112200,112400,112100,112300,2175
2026-04-13 10:26:00,112500,112700,112400,112500,2396
2026-04-13 10:27:00,112500,112600,112300,112500,1051
2026-04-13 10:28:00,112500,112700,112500,112500,2227
2026-04-13 10:29:00,112600,112800,112500,112700,1263
2026-04-13 10:30:00,112800,112900,112700,112800,2360
2026-04-13 10:31:00,112800,112800,112500,112700,1065
2026-04-13 10:32:00,112650,113400,112600,113200,5989
2026-04-13 10:33:00,113200,113400,113000,113200,1564
2026-04-13 10:34:00,113200,113200,112900,113200,2305
2026-04-13 10:35:00,113200,113500,113100,113300,2617
2026-04-13 10:36:00,113200,113300,112900,113000,1044
2026-04-13 10:37:00,113000,113100,112900,113000,866
2026-04-13 10:38:00,113000,113000,112900,113000,1372
2026-04-13 10:39:00,113100,113200,113000,113100,1324
2026-04-13 10:40:00,113200,113200,113000,113100,1322
2026-04-13 10:41:00,113200,113300,113100,113300,1048
2026-04-13 10:42:00,113300,113700,113300,113700,7796
2026-04-13 10:43:00,113600,113700,113600,113600,790
2026-04-13 10:44:00,113600,113600,113200,113200,1694
2026-04-13 10:45:00,113200,113400,113200,113200,1017
2026-04-13 10:46:00,113200,113300,113100,113200,1142
2026-04-13 10:47:00,113100,113300,113100,113100,942
2026-04-13 10:48:00,113200,113200,112900,113000,905
2026-04-13 10:49:00,112900,113200,112800,112900,1799
2026-04-13 10:50:00,112900,113000,112800,113000,886
2026-04-13 10:51:00,112900,113000,112800,113000,1301
2026-04-13 10:52:00,112900,113000,112800,113000,808
2026-04-13 10:53:00,112900,112900,112800,112800,708
2026-04-13 10:54:00,112900,112900,112700,112800,1368
2026-04-13 10:55:00,112800,112900,112600,112800,1117
2026-04-13 10:56:00,112750,113000,112600,112800,978
2026-04-13 10:57:00,112800,112900,112800,112900,637
2026-04-13 10:58:00,112800,112900,112800,112900,590
2026-04-13 10:59:00,113000,113000,112800,112800,704
2026-04-13 11:00:00,112800,113000,112700,112900,878
2026-04-13 11:01:00,112800,112900,112700,112800,836
2026-04-13 11:02:00,112900,112900,112700,112700,621
2026-04-13 11:03:00,112800,112800,112400,112400,2096
2026-04-13 11:04:00,112400,112900,112400,112900,3051
2026-04-13 11:05:00,112900,112900,112350,112600,1871
2026-04-13 11:06:00,112500,112700,112400,112600,1119
2026-04-13 11:07:00,112600,112700,112400,112400,659
2026-04-13 11:08:00,112400,112800,112300,112700,1938
2026-04-13 11:09:00,112700,112700,112500,112600,885
2026-04-13 11:10:00,112550,112900,112500,112800,1984
2026-04-13 11:11:00,112800,112900,112600,112700,745
2026-04-13 11:12:00,112700,112900,112700,112800,822
2026-04-13 11:13:00,112800,112800,112600,112700,1387
2026-04-13 11:14:00,112700,112900,112700,112900,799
2026-04-13 11:15:00,112800,113000,112800,112900,1014
2026-04-13 11:16:00,112900,113400,112900,113200,2094
2026-04-13 11:17:00,113300,113300,113100,113100,753
2026-04-13 11:18:00,113200,113300,113100,113300,811
2026-04-13 11:19:00,113200,113200,113000,113100,1290
2026-04-13 11:20:00,113100,113200,113000,113100,932
2026-04-13 11:21:00,113100,113300,113000,113200,779
2026-04-13 11:22:00,113200,113400,113000,113300,2289
2026-04-13 11:23:00,113300,113400,113200,113300,1048
2026-04-13 11:24:00,113300,113400,113200,113200,950
2026-04-13 11:25:00,113200,113300,113100,113300,799
2026-04-13 11:26:00,113200,113300,113200,113200,809
2026-04-13 11:27:00,113200,113200,113000,113200,1453
2026-04-13 11:28:00,113200,113300,113000,113100,836
2026-04-13 11:29:00,113000,113200,112900,113100,823
2026-04-13 11:30:00,113100,113200,112900,113100,1212
2026-04-13 11:31:00,113000,113400,113000,113200,3038
2026-04-13 11:32:00,113200,113400,113200,113300,893
2026-04-13 11:33:00,113400,113400,113300,113300,913
2026-04-13 11:34:00,113300,113400,113300,113300,671
2026-04-13 11:35:00,113400,113400,113200,113300,1305
2026-04-13 11:36:00,113200,113400,113200,113300,1780
2026-04-13 11:37:00,113300,113300,113100,113200,592
2026-04-13 11:38:00,113100,113300,113100,113300,721
2026-04-13 11:39:00,113300,113300,113000,113100,1031
2026-04-13 11:40:00,113100,113400,113000,113100,576
2026-04-13 11:41:00,113100,113300,113000,113100,1197
2026-04-13 11:42:00,113100,113300,113000,113200,794
2026-04-13 11:43:00,113200,113300,113000,113200,1018
2026-04-13 11:44:00,113200,113300,113200,113200,497
2026-04-13 11:45:00,113200,113300,113100,113200,596
2026-04-13 11:46:00,113200,113200,113100,113200,783
2026-04-13 11:47:00,113200,113300,113100,113200,1009
2026-04-13 11:48:00,113200,113300,113100,113200,585
2026-04-13 11:49:00,113200,113300,113200,113250,674
2026-04-13 11:50:00,113250,113300,113200,113200,733
2026-04-13 11:51:00,113300,113300,113200,113200,574
2026-04-13 11:52:00,113300,113300,113200,113200,803
2026-04-13 11:53:00,113200,113300,113200,113200,366
2026-04-13 11:54:00,113200,113300,113000,113100,1788
2026-04-13 11:55:00,113000,113100,113000,113100,431
2026-04-13 11:56:00,113100,113200,113000,113200,1038
2026-04-13 11:57:00,113100,113200,113100,113100,781
2026-04-13 11:58:00,113200,113300,113100,113200,1486
2026-04-13 11:59:00,113100,113200,113100,113200,793
2026-04-13 12:00:00,113100,113300,113100,113200,1187
2026-04-13 12:01:00,113200,113200,113100,113200,628
2026-04-13 12:02:00,113100,113200,113000,113200,845
2026-04-13 12:03:00,113200,113200,113000,113000,1122
2026-04-13 12:04:00,113000,113000,112900,112900,728
2026-04-13 12:05:00,112900,112900,112700,112900,996
2026-04-13 12:06:00,112800,113000,112800,112900,978
2026-04-13 12:07:00,112800,113000,112800,113000,951
2026-04-13 12:08:00,112800,113000,112800,113000,530
2026-04-13 12:09:00,112900,113000,112800,112900,568
2026-04-13 12:10:00,112900,113000,112800,112900,774
2026-04-13 12:11:00,113000,113100,112900,112900,1035
2026-04-13 12:12:00,112900,113000,112800,112800,729
2026-04-13 12:13:00,112800,112900,112800,112900,837
2026-04-13 12:14:00,112800,112900,112700,112800,909
2026-04-13 12:15:00,112700,112800,112500,112600,1082
2026-04-13 12:16:00,112700,112900,112500,112600,1129
2026-04-13 12:17:00,112600,112800,112500,112600,733
2026-04-13 12:18:00,112600,112700,112500,112600,832
2026-04-13 12:19:00,112600,112800,112600,112600,405
2026-04-13 12:20:00,112600,112700,112500,112600,998
2026-04-13 12:21:00,112700,112800,112600,112700,719
2026-04-13 12:22:00,112700,113000,112600,112600,807
2026-04-13 12:23:00,112600,112900,112600,112700,810
2026-04-13 12:24:00,112700,112800,112400,112400,822
2026-04-13 12:25:00,112500,112700,112400,112600,1292
2026-04-13 12:26:00,112600,113000,112500,112700,1597
2026-04-13 12:27:00,112700,112900,112600,112600,1100
2026-04-13 12:28:00,112800,112900,112700,112700,675
2026-04-13 12:29:00,112700,112900,112600,112700,441
2026-04-13 12:30:00,112800,112900,112600,112800,963
2026-04-13 12:31:00,112800,113000,112700,112800,656
2026-04-13 12:32:00,113000,113000,112600,112700,602
2026-04-13 12:33:00,112600,112800,112500,112500,1672
2026-04-13 12:34:00,112600,112600,112400,112400,487
2026-04-13 12:35:00,112500,112500,112400,112400,1134
2026-04-13 12:36:00,112400,112500,112400,112400,588
2026-04-13 12:37:00,112400,112500,112400,112500,719
2026-04-13 12:38:00,112500,112500,112400,112500,800
2026-04-13 12:39:00,112400,112500,112300,112400,591
2026-04-13 12:40:00,112400,112600,112300,112400,885
2026-04-13 12:41:00,112400,112600,112400,112500,772
2026-04-13 12:42:00,112600,112800,112500,112700,1324
2026-04-13 12:43:00,112700,112800,112600,112600,697
2026-04-13 12:44:00,112600,112900,112600,112800,609
2026-04-13 12:45:00,112800,113000,112600,112600,572
2026-04-13 12:46:00,112700,112900,112700,112800,445
2026-04-13 12:47:00,112700,112800,112600,112600,796
2026-04-13 12:48:00,112700,112900,112600,112600,1013
2026-04-13 12:49:00,112600,112800,112600,112700,593
2026-04-13 12:50:00,112700,112800,112600,112800,468
2026-04-13 12:51:00,112800,112900,112700,112800,443
2026-04-13 12:52:00,112800,113000,112700,113000,843
2026-04-13 12:53:00,112900,113000,112700,112800,497
2026-04-13 12:54:00,112800,113000,112800,112900,582
2026-04-13 12:55:00,112800,113000,112800,112900,764
2026-04-13 12:56:00,112900,113000,112900,112900,448
2026-04-13 12:57:00,113000,113000,112800,112800,745
2026-04-13 12:58:00,112900,112900,112800,112800,378
2026-04-13 12:59:00,112800,113100,112800,113000,1401
2026-04-13 13:00:00,113000,113000,112900,112900,658
2026-04-13 13:01:00,112900,112900,112800,112900,838
2026-04-13 13:02:00,112900,113000,112800,112800,546
2026-04-13 13:03:00,112800,113000,112800,112850,412
2026-04-13 13:04:00,112800,113000,112800,112800,709
2026-04-13 13:05:00,112800,112800,112600,112600,1781
2026-04-13 13:06:00,112700,112700,112600,112600,472
2026-04-13 13:07:00,112600,112700,112600,112600,978
2026-04-13 13:08:00,112600,113000,112600,112800,1739
2026-04-13 13:09:00,112800,113000,112700,112700,522
2026-04-13 13:10:00,112800,112800,112600,112700,1076
2026-04-13 13:11:00,112600,112900,112600,112700,962
2026-04-13 13:12:00,112900,112900,112700,112700,422
2026-04-13 13:13:00,112700,112900,112600,112900,1356
2026-04-13 13:14:00,112700,112900,112700,112700,426
2026-04-13 13:15:00,112700,112800,112700,112800,903
2026-04-13 13:16:00,112800,112900,112700,112900,796
2026-04-13 13:17:00,112900,112900,112800,112800,895
2026-04-13 13:18:00,112700,113000,112700,112900,814
2026-04-13 13:19:00,113000,113000,112700,112800,708
2026-04-13 13:20:00,112800,113000,112700,112800,731
2026-04-13 13:21:00,112800,113000,112700,112900,1052
2026-04-13 13:22:00,112700,112900,112700,112700,897
2026-04-13 13:23:00,112800,113000,112700,112800,641
2026-04-13 13:24:00,112900,112900,112700,112700,815
2026-04-13 13:25:00,112800,113000,112700,112800,857
2026-04-13 13:26:00,112800,113000,112800,113000,890
2026-04-13 13:27:00,113000,113000,112900,112900,711
2026-04-13 13:28:00,112900,113000,112900,112900,732
2026-04-13 13:29:00,112900,113000,112900,113000,669
2026-04-13 13:30:00,112900,113000,112900,112900,1049
2026-04-13 13:31:00,112900,113000,112900,112900,461
2026-04-13 13:32:00,112900,112900,112800,112800,638
2026-04-13 13:33:00,112800,113000,112800,112800,764
2026-04-13 13:34:00,112900,112900,112700,112700,701
2026-04-13 13:35:00,112800,112900,112600,112700,1494
2026-04-13 13:36:00,112700,112800,112600,112800,1278
2026-04-13 13:37:00,112800,112800,112600,112600,961
2026-04-13 13:38:00,112700,112800,112600,112700,643
2026-04-13 13:39:00,112700,112700,112600,112700,913
2026-04-13 13:40:00,112700,112800,112600,112700,989
2026-04-13 13:41:00,112700,112800,112600,112800,711
2026-04-13 13:42:00,112700,112800,112600,112700,902
2026-04-13 13:43:00,112700,112700,112600,112700,1155
2026-04-13 13:44:00,112700,112800,112600,112600,492
2026-04-13 13:45:00,112600,112800,112600,112800,957
2026-04-13 13:46:00,112700,112800,112600,112700,653
2026-04-13 13:47:00,112800,112800,112700,112800,940
2026-04-13 13:48:00,112800,112900,112700,112900,771
2026-04-13 13:49:00,112900,112900,112700,112700,737
2026-04-13 13:50:00,112700,113000,112700,112900,614
2026-04-13 13:51:00,112800,112900,112700,112800,530
2026-04-13 13:52:00,112800,113000,112800,113000,870
2026-04-13 13:53:00,112900,113000,112800,112900,628
2026-04-13 13:54:00,112900,113000,112800,113000,1125
2026-04-13 13:55:00,112900,113100,112900,113100,1768
2026-04-13 13:56:00,113000,113200,113000,113000,1251
2026-04-13 13:57:00,113000,113200,113000,113100,1096
2026-04-13 13:58:00,113200,113200,112900,112900,942
2026-04-13 13:59:00,112900,113200,112900,113000,729
2026-04-13 14:00:00,113000,113100,112900,113000,784
2026-04-13 14:01:00,113000,113100,112900,113000,929
2026-04-13 14:02:00,113000,113200,113000,113200,1094
2026-04-13 14:03:00,113200,113200,113100,113200,488
2026-04-13 14:04:00,113150,113300,113100,113300,1170
2026-04-13 14:05:00,113200,113300,113100,113300,1152
2026-04-13 14:06:00,113300,113300,113200,113300,775
2026-04-13 14:07:00,113200,113300,113100,113200,2675
2026-04-13 14:08:00,113200,113200,113100,113100,489
2026-04-13 14:09:00,113200,113300,113100,113300,1266
2026-04-13 14:10:00,113300,113300,113100,113300,684
2026-04-13 14:11:00,113200,113200,113100,113200,912
2026-04-13 14:12:00,113200,113300,113100,113200,1270
2026-04-13 14:13:00,113200,113300,113100,113200,658
2026-04-13 14:14:00,113200,113300,113100,113200,798
2026-04-13 14:15:00,113300,113300,113100,113200,948
2026-04-13 14:16:00,113200,113300,113000,113300,2779
2026-04-13 14:17:00,113200,113300,113100,113200,975
2026-04-13 14:18:00,113200,113300,113100,113300,853
2026-04-13 14:19:00,113300,113300,113100,113200,824
2026-04-13 14:20:00,113100,113300,113100,113200,1148
2026-04-13 14:21:00,113300,113400,113200,113300,1252
2026-04-13 14:22:00,113200,113400,113200,113300,1792
2026-04-13 14:23:00,113300,113400,113100,113100,1411
2026-04-13 14:24:00,113200,113300,113100,113100,1061
2026-04-13 14:25:00,113100,113300,113000,113100,1021
2026-04-13 14:26:00,113100,113200,113000,113000,1210
2026-04-13 14:27:00,113100,113400,113000,113200,1311
2026-04-13 14:28:00,113100,113300,113100,113300,652
2026-04-13 14:29:00,113200,113200,113000,113000,1187
2026-04-13 14:30:00,113100,113200,113000,113100,939
2026-04-13 14:31:00,113200,113200,113000,113100,1205
2026-04-13 14:32:00,113100,113200,113100,113100,657
2026-04-13 14:33:00,113100,113300,113100,113100,901
2026-04-13 14:34:00,113200,113300,113200,113200,756
2026-04-13 14:35:00,113300,113300,113200,113200,810
2026-04-13 14:36:00,113200,113300,113000,113300,924
2026-04-13 14:37:00,113300,113300,113200,113200,737
2026-04-13 14:38:00,113200,113300,113200,113300,690
2026-04-13 14:39:00,113300,113300,113200,113300,816
2026-04-13 14:40:00,113300,113300,113200,113300,736
2026-04-13 14:41:00,113300,113300,113200,113300,960
2026-04-13 14:42:00,113200,113300,113200,113300,569
2026-04-13 14:43:00,113200,113300,113200,113200,1995
2026-04-13 14:44:00,113200,113200,113000,113000,1031
2026-04-13 14:45:00,113100,113200,112900,113200,842
2026-04-13 14:46:00,113100,113200,113000,113000,1016
2026-04-13 14:47:00,113100,113100,113000,113000,813
2026-04-13 14:48:00,113000,113100,112900,112900,1948
2026-04-13 14:49:00,113000,113200,112900,113100,2007
2026-04-13 14:50:00,113200,113200,113000,113100,1023
2026-04-13 14:51:00,113000,113100,112900,113000,1167
2026-04-13 14:52:00,113000,113100,113000,113000,778
2026-04-13 14:53:00,113100,113100,113000,113100,996
2026-04-13 14:54:00,113100,113100,112900,112900,1151
2026-04-13 14:55:00,112900,113100,112900,113000,1290
2026-04-13 14:56:00,113100,113100,113000,113100,2004
2026-04-13 14:57:00,113100,113100,113000,113000,1433
2026-04-13 14:58:00,113100,113100,113000,113100,517
2026-04-13 14:59:00,113100,113100,113000,113100,1322
2026-04-13 15:00:00,113100,113200,113000,113100,1431
2026-04-13 15:01:00,113200,113200,113000,113100,2586
2026-04-13 15:02:00,113000,113000,112900,113000,1320
2026-04-13 15:03:00,113000,113000,112800,112800,1778
2026-04-13 15:04:00,112900,112900,112600,112700,2119
2026-04-13 15:05:00,112700,112800,112600,112700,1385
2026-04-13 15:06:00,112600,112700,112500,112600,1876
2026-04-13 15:07:00,112600,112600,112400,112400,1913
2026-04-13 15:08:00,112400,112500,112300,112400,1900
2026-04-13 15:09:00,112350,112600,112300,112400,2670
2026-04-13 15:10:00,112400,112500,112400,112500,1961
2026-04-13 15:11:00,112400,112400,112200,112300,1615
2026-04-13 15:12:00,112300,112600,112200,112600,1395
2026-04-13 15:13:00,112600,112600,112400,112500,1400
2026-04-13 15:14:00,112500,112550,112100,112500,2788
2026-04-13 15:15:00,112500,112500,112200,112400,1257
2026-04-13 15:16:00,112300,112500,112200,112400,2393
2026-04-13 15:17:00,112200,112600,112200,112300,1309
2026-04-13 15:18:00,112400,112500,112200,112300,1323
2026-04-13 15:19:00,112200,112700,112100,112600,3016
2026-04-13 15:30:00,113400,113400,113400,113400,96485
