date_idx,open,high,low,close,volume
2026-03-10 13:42:00,64700,64700,64600,64600,94
2026-03-10 13:43:00,64600,64700,64600,64700,39
2026-03-10 13:44:00,64700,64700,64500,64500,438
2026-03-10 13:45:00,64600,64700,64500,64700,288
2026-03-10 13:46:00,64700,64700,64500,64500,421
2026-03-10 13:47:00,64500,64600,64500,64500,35
2026-03-10 13:48:00,64700,64700,64700,64700,1
2026-03-10 13:49:00,64700,64800,64600,64600,1861
2026-03-10 13:50:00,64600,64700,64600,64600,226
2026-03-10 13:51:00,64500,64500,64200,64400,531
2026-03-10 13:52:00,64400,64400,64200,64400,212
2026-03-10 13:54:00,64400,64400,64400,64400,27
2026-03-10 13:55:00,64400,64500,64300,64300,354
2026-03-10 13:56:00,64400,64400,64400,64400,4
2026-03-10 13:57:00,64400,64400,64400,64400,60
2026-03-10 13:58:00,64500,64600,64500,64500,182
2026-03-10 13:59:00,64500,64700,64500,64700,207
2026-03-10 14:00:00,64500,64700,64500,64600,221
2026-03-10 14:01:00,64800,64800,64700,64800,308
2026-03-10 14:02:00,64700,64800,64700,64800,20
2026-03-10 14:03:00,64800,64800,64800,64800,670
2026-03-10 14:04:00,64800,65000,64800,64900,913
2026-03-10 14:05:00,64900,65000,64900,65000,103
2026-03-10 14:06:00,64800,65000,64800,64900,79
2026-03-10 14:07:00,64800,64800,64700,64700,130
2026-03-10 14:08:00,64700,64800,64700,64800,285
2026-03-10 14:09:00,64800,65000,64800,64900,269
2026-03-10 14:10:00,64900,64900,64800,64800,190
2026-03-10 14:11:00,64800,64800,64700,64700,157
2026-03-10 14:12:00,64800,64800,64800,64800,61
2026-03-10 14:13:00,64800,64800,64700,64800,20
2026-03-10 14:14:00,64800,64800,64800,64800,59
2026-03-10 14:15:00,64800,64800,64800,64800,44
2026-03-10 14:16:00,64800,64800,64600,64600,197
2026-03-10 14:17:00,64700,64700,64600,64700,99
2026-03-10 14:18:00,64700,64800,64700,64700,222
2026-03-10 14:19:00,64700,64800,64700,64700,235
2026-03-10 14:20:00,64700,64800,64700,64800,60
2026-03-10 14:21:00,64700,64700,64700,64700,9
2026-03-10 14:22:00,64600,64700,64600,64600,237
2026-03-10 14:23:00,64600,64600,64600,64600,190
2026-03-10 14:24:00,64500,64500,64300,64400,166
2026-03-10 14:25:00,64400,64500,64400,64400,181
2026-03-10 14:26:00,64500,64500,64400,64500,371
2026-03-10 14:27:00,64500,64600,64400,64600,214
2026-03-10 14:28:00,64600,64600,64500,64600,146
2026-03-10 14:29:00,64600,64600,64500,64500,233
2026-03-10 14:30:00,64600,64600,64600,64600,4
2026-03-10 14:31:00,64600,64700,64600,64700,288
2026-03-10 14:32:00,64700,64700,64700,64700,152
2026-03-10 14:33:00,64700,64700,64700,64700,68
2026-03-10 14:34:00,64700,64800,64700,64800,90
2026-03-10 14:35:00,64700,64700,64500,64600,236
2026-03-10 14:36:00,64600,64600,64600,64600,482
2026-03-10 14:37:00,64600,64700,64600,64700,244
2026-03-10 14:38:00,64600,64600,64600,64600,12
2026-03-10 14:39:00,64600,64700,64600,64700,208
2026-03-10 14:40:00,64600,64700,64500,64600,551
2026-03-10 14:41:00,64600,64600,64500,64600,104
2026-03-10 14:42:00,64600,64600,64600,64600,5
2026-03-10 14:43:00,64600,64600,64500,64600,188
2026-03-10 14:44:00,64600,64600,64400,64400,641
2026-03-10 14:45:00,64400,64400,64300,64300,719
2026-03-10 14:46:00,64400,64400,64300,64400,148
2026-03-10 14:47:00,64300,64300,64300,64300,30
2026-03-10 14:48:00,64300,64300,64300,64300,130
2026-03-10 14:50:00,64300,64300,64200,64300,105
2026-03-10 14:51:00,64300,64300,64200,64300,99
2026-03-10 14:52:00,64200,64300,64200,64200,411
2026-03-10 14:53:00,64200,64200,64000,64100,987
2026-03-10 14:54:00,64000,64100,64000,64100,734
2026-03-10 14:55:00,64100,64200,64100,64100,1037
2026-03-10 14:56:00,64100,64200,64100,64100,88
2026-03-10 14:57:00,64100,64200,64100,64100,381
2026-03-10 14:58:00,64100,64200,64100,64200,712
2026-03-10 14:59:00,64200,64300,64200,64300,174
2026-03-10 15:00:00,64200,64300,64200,64300,11
2026-03-10 15:01:00,64200,64300,64100,64200,946
2026-03-10 15:02:00,64100,64200,64100,64200,927
2026-03-10 15:03:00,64200,64200,64100,64100,41
2026-03-10 15:04:00,64100,64200,64100,64100,558
2026-03-10 15:05:00,64100,64100,64000,64000,106
2026-03-10 15:06:00,64100,64100,64000,64000,735
2026-03-10 15:07:00,64000,64100,64000,64000,90
2026-03-10 15:08:00,64000,64000,63800,63800,861
2026-03-10 15:09:00,63700,63900,63600,63900,1328
2026-03-10 15:10:00,63900,64000,63900,63900,405
2026-03-10 15:11:00,64000,64000,63800,63800,452
2026-03-10 15:12:00,63800,63900,63800,63800,1054
2026-03-10 15:13:00,63800,63900,63700,63900,1372
2026-03-10 15:14:00,63900,64000,63900,64000,235
2026-03-10 15:15:00,64000,64000,63900,63900,212
2026-03-10 15:16:00,63900,64000,63900,64000,340
2026-03-10 15:17:00,64000,64000,63800,64000,554
2026-03-10 15:18:00,63800,64000,63700,63900,391
2026-03-10 15:19:00,63900,64000,63700,64000,776
2026-03-10 15:30:00,64300,64300,64300,64300,3708
2026-03-11 09:00:00,64600,65000,64500,64900,2071
2026-03-11 09:01:00,64800,64800,64100,64400,3169
2026-03-11 09:02:00,64400,64400,64000,64000,1143
2026-03-11 09:03:00,64100,64200,64000,64200,2518
2026-03-11 09:04:00,64300,64500,64100,64200,1219
2026-03-11 09:05:00,64200,64500,64200,64400,1111
2026-03-11 09:06:00,64400,64500,64200,64200,915
2026-03-11 09:07:00,64200,64600,64200,64600,562
2026-03-11 09:08:00,64600,64600,64300,64400,576
2026-03-11 09:09:00,64400,64700,64300,64600,548
2026-03-11 09:10:00,64600,64600,64400,64500,987
2026-03-11 09:11:00,64400,64400,64300,64300,419
2026-03-11 09:12:00,64300,64300,63800,64000,2939
2026-03-11 09:13:00,64100,64600,64100,64300,1459
2026-03-11 09:14:00,64500,64500,64200,64300,1066
2026-03-11 09:15:00,64300,64500,64300,64500,694
2026-03-11 09:16:00,64500,64600,64400,64600,652
2026-03-11 09:17:00,64500,64500,64300,64300,684
2026-03-11 09:18:00,64300,64600,64300,64600,322
2026-03-11 09:19:00,64500,64600,64400,64600,262
2026-03-11 09:20:00,64400,64600,64300,64500,557
2026-03-11 09:21:00,64300,64500,64200,64400,314
2026-03-11 09:22:00,64400,64400,64300,64300,501
2026-03-11 09:23:00,64300,64300,64200,64300,119
2026-03-11 09:24:00,64300,64300,64100,64100,815
2026-03-11 09:25:00,64100,64300,64100,64200,320
2026-03-11 09:26:00,64200,64300,64100,64100,366
2026-03-11 09:27:00,64100,64300,64000,64300,850
2026-03-11 09:28:00,64300,64300,64200,64200,247
2026-03-11 09:29:00,64200,64200,64000,64100,693
2026-03-11 09:30:00,64100,64300,64000,64300,259
2026-03-11 09:31:00,64300,64300,64100,64100,17
2026-03-11 09:32:00,64200,64300,64000,64300,437
2026-03-11 09:33:00,64200,64200,64100,64200,758
2026-03-11 09:34:00,64200,64300,64200,64200,305
2026-03-11 09:35:00,64300,64300,64100,64200,215
2026-03-11 09:36:00,64200,64200,64200,64200,191
2026-03-11 09:37:00,64200,64400,64200,64300,1084
2026-03-11 09:38:00,64200,64300,64200,64300,157
2026-03-11 09:39:00,64300,64400,64300,64400,233
2026-03-11 09:40:00,64400,64400,64300,64400,136
2026-03-11 09:41:00,64400,64400,64200,64300,92
2026-03-11 09:42:00,64300,64300,64200,64300,758
2026-03-11 09:43:00,64400,64500,64400,64400,696
2026-03-11 09:44:00,64400,64500,64300,64300,713
2026-03-11 09:45:00,64300,64600,64300,64500,494
2026-03-11 09:46:00,64500,65500,64500,65300,2519
2026-03-11 09:47:00,65000,65100,64800,64900,538
2026-03-11 09:48:00,64900,65500,64900,65500,965
2026-03-11 09:49:00,65200,65600,65000,65600,1531
2026-03-11 09:50:00,65500,66200,65400,65900,2433
2026-03-11 09:51:00,65900,66000,65600,66000,9004
2026-03-11 09:52:00,66000,66000,65400,65700,1374
2026-03-11 09:53:00,65700,65700,65200,65300,1537
2026-03-11 09:54:00,65200,65500,65100,65400,150
2026-03-11 09:55:00,65400,65700,65400,65700,243
2026-03-11 09:56:00,65600,65600,65400,65500,825
2026-03-11 09:57:00,65500,65900,65500,65500,395
2026-03-11 09:58:00,65600,65900,65500,65500,198
2026-03-11 09:59:00,65600,65600,65500,65600,129
2026-03-11 10:00:00,65600,65600,65400,65500,790
2026-03-11 10:01:00,65600,65600,65400,65400,228
2026-03-11 10:02:00,65400,65600,65400,65500,301
2026-03-11 10:03:00,65600,65600,65300,65400,174
2026-03-11 10:04:00,65400,65500,65200,65300,316
2026-03-11 10:05:00,65300,65500,65200,65500,578
2026-03-11 10:06:00,65400,65500,65200,65500,318
2026-03-11 10:07:00,65400,65700,65200,65400,422
2026-03-11 10:08:00,65400,65400,65400,65400,161
2026-03-11 10:09:00,65200,65300,65200,65300,145
2026-03-11 10:10:00,65300,65300,65000,65100,454
2026-03-11 10:11:00,65000,65000,64800,64800,794
2026-03-11 10:12:00,64900,65000,64900,65000,107
2026-03-11 10:13:00,65000,65000,64900,65000,179
2026-03-11 10:14:00,65000,65000,64700,64800,718
2026-03-11 10:15:00,65000,65100,65000,65100,25
2026-03-11 10:16:00,65000,65000,64800,64800,291
2026-03-11 10:17:00,64900,65000,64700,64700,279
2026-03-11 10:18:00,64750,64800,64700,64800,1076
2026-03-11 10:19:00,64800,64900,64700,64900,271
2026-03-11 10:20:00,64900,64900,64700,64800,178
2026-03-11 10:21:00,64700,64700,64600,64700,1399
2026-03-11 10:22:00,64700,64700,64600,64600,272
2026-03-11 10:23:00,64500,64600,64500,64600,554
2026-03-11 10:24:00,64600,64800,64600,64600,167
2026-03-11 10:25:00,64700,64800,64600,64800,81
2026-03-11 10:26:00,64800,64800,64600,64700,24
2026-03-11 10:27:00,64700,64800,64700,64700,89
2026-03-11 10:28:00,64800,64800,64700,64800,229
2026-03-11 10:29:00,64700,64700,64700,64700,260
2026-03-11 10:30:00,64700,64700,64600,64600,203
2026-03-11 10:31:00,64600,64800,64600,64800,417
2026-03-11 10:32:00,64900,64900,64800,64800,43
2026-03-11 10:33:00,64800,64800,64800,64800,56
2026-03-11 10:34:00,64800,64800,64800,64800,224
2026-03-11 10:35:00,64800,64800,64700,64800,154
2026-03-11 10:36:00,64800,64800,64800,64800,44
2026-03-11 10:37:00,64800,64800,64700,64800,537
2026-03-11 10:38:00,64800,64900,64800,64900,658
2026-03-11 10:39:00,64900,65000,64900,65000,131
2026-03-11 10:40:00,65000,65000,64900,64900,187
2026-03-11 10:41:00,64900,65000,64900,65000,173
2026-03-11 10:42:00,64900,64900,64900,64900,158
2026-03-11 10:43:00,64900,65000,64900,65000,15
2026-03-11 10:44:00,64800,64800,64800,64800,65
2026-03-11 10:45:00,64700,64800,64700,64800,117
2026-03-11 10:46:00,64800,64800,64600,64700,330
2026-03-11 10:47:00,64700,64800,64700,64800,177
2026-03-11 10:48:00,64800,64800,64800,64800,11
2026-03-11 10:49:00,64800,64800,64700,64800,140
2026-03-11 10:50:00,64800,64800,64700,64700,21
2026-03-11 10:51:00,64700,64700,64700,64700,128
2026-03-11 10:52:00,64700,64800,64700,64800,15
2026-03-11 10:53:00,64700,64800,64700,64800,76
2026-03-11 10:54:00,64700,64800,64700,64700,30
2026-03-11 10:55:00,64700,64800,64700,64700,41
2026-03-11 10:56:00,64700,64800,64700,64700,162
2026-03-11 10:57:00,64700,64800,64700,64700,165
2026-03-11 10:58:00,64700,64700,64600,64700,157
2026-03-11 10:59:00,64700,64700,64500,64500,512
2026-03-11 11:00:00,64600,64800,64500,64800,723
2026-03-11 11:01:00,64800,64800,64800,64800,9
2026-03-11 11:02:00,64800,64800,64500,64500,179
2026-03-11 11:03:00,64700,64800,64600,64600,200
2026-03-11 11:04:00,64800,64800,64700,64700,29
2026-03-11 11:05:00,64700,64700,64700,64700,35
2026-03-11 11:06:00,64700,64800,64700,64800,168
2026-03-11 11:07:00,64700,64700,64600,64600,69
2026-03-11 11:08:00,64700,64700,64600,64600,80
2026-03-11 11:09:00,64700,64700,64700,64700,183
2026-03-11 11:10:00,64600,64600,64600,64600,36
2026-03-11 11:11:00,64700,64700,64700,64700,58
2026-03-11 11:12:00,64700,64700,64600,64600,150
2026-03-11 11:13:00,64700,64800,64700,64800,55
2026-03-11 11:14:00,64700,64700,64700,64700,330
2026-03-11 11:15:00,64700,64800,64700,64800,12
2026-03-11 11:16:00,64800,64800,64800,64800,1
2026-03-11 11:17:00,64800,64800,64800,64800,55
2026-03-11 11:18:00,64700,64800,64700,64800,51
2026-03-11 11:19:00,64800,64800,64700,64800,86
2026-03-11 11:20:00,64700,64700,64700,64700,45
2026-03-11 11:21:00,64700,64800,64700,64700,74
2026-03-11 11:22:00,64700,64800,64600,64700,532
2026-03-11 11:23:00,64700,64700,64700,64700,120
2026-03-11 11:24:00,64600,64600,64600,64600,392
2026-03-11 11:25:00,64600,64600,64500,64500,545
2026-03-11 11:26:00,64600,64600,64400,64400,544
2026-03-11 11:27:00,64400,64500,64300,64400,535
2026-03-11 11:28:00,64400,64500,64400,64500,178
2026-03-11 11:29:00,64400,64500,64400,64500,62
2026-03-11 11:30:00,64400,64400,64300,64300,507
2026-03-11 11:31:00,64300,64500,64300,64450,258
2026-03-11 11:32:00,64450,64500,64300,64400,445
2026-03-11 11:33:00,64400,64400,64400,64400,160
2026-03-11 11:34:00,64400,64500,64400,64500,265
2026-03-11 11:35:00,64400,64500,64300,64500,206
2026-03-11 11:36:00,64400,64500,64300,64400,164
2026-03-11 11:37:00,64400,64400,64400,64400,80
2026-03-11 11:38:00,64400,64500,64400,64500,142
2026-03-11 11:39:00,64500,64500,64400,64400,63
2026-03-11 11:40:00,64500,64500,64400,64400,65
2026-03-11 11:42:00,64500,64500,64400,64400,50
2026-03-11 11:43:00,64500,64500,64500,64500,133
2026-03-11 11:44:00,64500,64500,64400,64400,120
2026-03-11 11:45:00,64400,64500,64300,64400,491
2026-03-11 11:46:00,64400,64400,64300,64300,63
2026-03-11 11:47:00,64400,64400,64300,64400,56
2026-03-11 11:48:00,64400,64700,64400,64700,303
2026-03-11 11:50:00,64500,64600,64500,64600,645
2026-03-11 11:51:00,64600,64600,64600,64600,76
2026-03-11 11:53:00,64600,64600,64600,64600,40
2026-03-11 11:54:00,64600,64600,64600,64600,63
2026-03-11 11:55:00,64500,64600,64500,64600,53
2026-03-11 11:56:00,64500,64600,64500,64600,26
2026-03-11 11:57:00,64500,64600,64400,64500,154
2026-03-11 11:58:00,64500,64600,64400,64400,86
2026-03-11 11:59:00,64500,64500,64400,64400,327
2026-03-11 12:00:00,64400,64500,64400,64500,110
2026-03-11 12:01:00,64500,64500,64400,64400,58
2026-03-11 12:02:00,64500,64500,64400,64500,104
2026-03-11 12:03:00,64500,64500,64500,64500,108
2026-03-11 12:04:00,64400,64600,64400,64600,163
2026-03-11 12:05:00,64600,64600,64600,64600,37
2026-03-11 12:06:00,64600,64600,64500,64500,142
2026-03-11 12:07:00,64500,64600,64500,64600,87
2026-03-11 12:08:00,64600,64600,64600,64600,10
2026-03-11 12:09:00,64500,64500,64500,64500,16
2026-03-11 12:10:00,64500,64600,64500,64600,23
2026-03-11 12:11:00,64500,64500,64400,64500,36
2026-03-11 12:12:00,64500,64500,64500,64500,150
2026-03-11 12:13:00,64600,64600,64600,64600,10
2026-03-11 12:14:00,64600,64600,64600,64600,1
2026-03-11 12:15:00,64600,64600,64600,64600,35
2026-03-11 12:16:00,64500,64500,64500,64500,2
2026-03-11 12:17:00,64500,64600,64500,64600,75
2026-03-11 12:18:00,64600,64600,64600,64600,194
2026-03-11 12:19:00,64600,64600,64600,64600,129
2026-03-11 12:20:00,64600,64600,64500,64500,123
2026-03-11 12:21:00,64600,64600,64600,64600,5
2026-03-11 12:22:00,64600,64600,64600,64600,87
2026-03-11 12:23:00,64500,64500,64400,64500,503
2026-03-11 12:24:00,64500,64700,64400,64700,237
2026-03-11 12:25:00,64500,64500,64400,64500,252
2026-03-11 12:26:00,64500,64600,64400,64500,109
2026-03-11 12:27:00,64400,64500,64400,64500,84
2026-03-11 12:28:00,64500,64600,64500,64600,231
2026-03-11 12:29:00,64600,64600,64500,64500,51
2026-03-11 12:30:00,64600,64600,64500,64600,137
2026-03-11 12:31:00,64600,64700,64600,64700,288
2026-03-11 12:32:00,64700,64800,64600,64700,175
2026-03-11 12:33:00,64700,64800,64700,64700,237
2026-03-11 12:34:00,64700,64800,64700,64800,223
2026-03-11 12:35:00,64700,64800,64600,64800,63
2026-03-11 12:36:00,64800,64800,64600,64600,55
2026-03-11 12:37:00,64700,64800,64700,64800,199
2026-03-11 12:38:00,64800,64900,64800,64800,130
2026-03-11 12:39:00,64800,64900,64700,64700,717
2026-03-11 12:40:00,64700,64700,64600,64600,263
2026-03-11 12:41:00,64700,64700,64600,64700,167
2026-03-11 12:42:00,64700,64700,64600,64600,801
2026-03-11 12:43:00,64600,64600,64600,64600,269
2026-03-11 12:44:00,64600,64600,64600,64600,17
2026-03-11 12:45:00,64600,64700,64600,64700,179
2026-03-11 12:46:00,64600,64700,64600,64700,115
2026-03-11 12:47:00,64700,64700,64600,64600,148
2026-03-11 12:49:00,64600,64700,64400,64500,454
2026-03-11 12:50:00,64500,64500,64400,64500,303
2026-03-11 12:51:00,64500,64500,64400,64500,155
2026-03-11 12:52:00,64500,64500,64500,64500,226
2026-03-11 12:53:00,64500,64600,64400,64600,275
2026-03-11 12:54:00,64600,64700,64600,64700,154
2026-03-11 12:55:00,64700,64800,64700,64800,328
2026-03-11 12:56:00,64800,64800,64700,64800,5
2026-03-11 12:57:00,64700,64700,64600,64600,47
2026-03-11 12:58:00,64700,64700,64600,64600,54
2026-03-11 12:59:00,64700,64700,64600,64600,116
2026-03-11 13:00:00,64600,64700,64500,64600,66
2026-03-11 13:01:00,64500,64700,64500,64600,143
2026-03-11 13:02:00,64600,64600,64600,64600,9
2026-03-11 13:03:00,64600,64600,64600,64600,41
2026-03-11 13:04:00,64500,64500,64500,64500,6
2026-03-11 13:05:00,64600,64600,64600,64600,1
2026-03-11 13:06:00,64600,64600,64500,64500,152
2026-03-11 13:07:00,64600,64600,64600,64600,140
2026-03-11 13:08:00,64600,64600,64600,64600,99
2026-03-11 13:09:00,64600,64600,64600,64600,128
2026-03-11 13:10:00,64600,64700,64600,64700,17
2026-03-11 13:11:00,64700,64800,64600,64800,216
2026-03-11 13:12:00,64800,64800,64800,64800,20
2026-03-11 13:13:00,64800,64800,64800,64800,123
2026-03-11 13:14:00,64800,64900,64800,64900,262
2026-03-11 13:15:00,64800,64800,64800,64800,164
2026-03-11 13:16:00,64900,64900,64800,64900,36
2026-03-11 13:17:00,64800,64800,64800,64800,44
2026-03-11 13:19:00,64800,64800,64800,64800,12
2026-03-11 13:20:00,64800,64900,64800,64900,640
2026-03-11 13:21:00,64900,64900,64900,64900,321
2026-03-11 13:22:00,64800,64900,64800,64900,201
2026-03-11 13:23:00,64900,64900,64900,64900,388
2026-03-11 13:24:00,64900,65000,64800,65000,87
2026-03-11 13:25:00,65000,65000,64900,64900,124
2026-03-11 13:26:00,65000,65000,64900,64900,129
2026-03-11 13:27:00,65000,65000,65000,65000,52
2026-03-11 13:28:00,64900,65000,64900,64900,253
2026-03-11 13:29:00,64900,64900,64900,64900,78
2026-03-11 13:30:00,64900,64900,64900,64900,51
2026-03-11 13:31:00,65000,65000,64900,64900,234
2026-03-11 13:32:00,65000,65000,64900,64900,186
2026-03-11 13:33:00,65000,65000,64900,64900,206
2026-03-11 13:34:00,64800,65000,64800,64900,192
2026-03-11 13:35:00,64900,65000,64900,65000,8
2026-03-11 13:36:00,65000,65000,64900,64950,23
2026-03-11 13:37:00,64900,64950,64900,64900,102
2026-03-11 13:38:00,65000,65000,64900,65000,65
2026-03-11 13:39:00,64900,65100,64900,65100,422
2026-03-11 13:40:00,65200,65200,65000,65200,113
2026-03-11 13:41:00,65200,65200,65100,65200,162
2026-03-11 13:42:00,65200,65300,65100,65300,170
2026-03-11 13:43:00,65200,65300,65200,65300,192
2026-03-11 13:44:00,65200,65200,65100,65100,136
2026-03-11 13:45:00,65100,65100,65000,65100,147
2026-03-11 13:46:00,65100,65100,65000,65100,34
2026-03-11 13:47:00,65000,65000,64900,65000,116
2026-03-11 13:48:00,65000,65000,64900,64900,27
2026-03-11 13:49:00,64900,65100,64900,65000,146
2026-03-11 13:51:00,64900,65000,64900,64900,71
2026-03-11 13:52:00,65000,65000,65000,65000,3
2026-03-11 13:53:00,65000,65000,64900,64900,147
2026-03-11 13:55:00,64900,64900,64800,64800,295
2026-03-11 13:56:00,64800,64900,64800,64900,440
2026-03-11 13:57:00,64900,64900,64900,64900,39
2026-03-11 13:58:00,64900,64900,64900,64900,371
2026-03-11 13:59:00,64900,64900,64800,64800,352
2026-03-11 14:00:00,64800,64800,64700,64700,223
2026-03-11 14:01:00,64800,64800,64700,64700,162
2026-03-11 14:02:00,64700,64700,64600,64700,1078
2026-03-11 14:03:00,64700,64700,64700,64700,10
2026-03-11 14:04:00,64700,64700,64700,64700,13
2026-03-11 14:05:00,64700,64800,64700,64700,25
2026-03-11 14:06:00,64700,65000,64700,64800,196
2026-03-11 14:07:00,64800,64800,64700,64800,28
2026-03-11 14:08:00,64700,64700,64700,64700,304
2026-03-11 14:09:00,64600,64600,64600,64600,305
2026-03-11 14:10:00,64600,64600,64500,64600,277
2026-03-11 14:11:00,64600,64600,64500,64500,232
2026-03-11 14:12:00,64500,64600,64500,64500,909
2026-03-11 14:13:00,64500,64500,64500,64500,46
2026-03-11 14:14:00,64400,64500,64400,64500,129
2026-03-11 14:15:00,64400,64500,64300,64400,1395
2026-03-11 14:16:00,64400,64400,64300,64300,49
2026-03-11 14:17:00,64300,64400,64300,64300,821
2026-03-11 14:18:00,64300,64300,64200,64200,658
2026-03-11 14:19:00,64300,64400,64300,64300,211
2026-03-11 14:20:00,64300,64400,64300,64400,181
2026-03-11 14:21:00,64400,64500,64300,64500,220
2026-03-11 14:22:00,64400,64400,64400,64400,67
2026-03-11 14:23:00,64300,64400,64300,64400,91
2026-03-11 14:25:00,64300,64300,64300,64300,23
2026-03-11 14:26:00,64300,64400,64300,64400,50
2026-03-11 14:27:00,64400,64400,64400,64400,391
2026-03-11 14:28:00,64400,64500,64400,64500,132
2026-03-11 14:29:00,64400,64400,64300,64300,483
2026-03-11 14:30:00,64200,64300,64100,64200,827
2026-03-11 14:31:00,64200,64200,64200,64200,476
2026-03-11 14:32:00,64200,64200,64100,64200,145
2026-03-11 14:33:00,64200,64200,64100,64200,186
2026-03-11 14:34:00,64100,64200,64100,64100,517
2026-03-11 14:35:00,64100,64300,64100,64100,855
2026-03-11 14:36:00,64100,64300,64000,64100,561
2026-03-11 14:37:00,64100,64100,64000,64000,104
2026-03-11 14:38:00,64000,64100,64000,64100,1134
2026-03-11 14:39:00,64150,64150,64100,64100,112
2026-03-11 14:40:00,64000,64100,64000,64000,934
2026-03-11 14:41:00,64000,64000,63800,63900,926
2026-03-11 14:42:00,63900,63900,63900,63900,90
2026-03-11 14:43:00,63800,63900,63800,63800,386
2026-03-11 14:44:00,63900,63900,63800,63900,325
2026-03-11 14:45:00,63900,63900,63500,63600,1053
2026-03-11 14:46:00,63600,63600,63100,63100,1885
2026-03-11 14:47:00,63300,63900,63300,63600,1039
2026-03-11 14:48:00,63600,63600,63200,63300,1242
2026-03-11 14:49:00,63400,63500,63300,63500,572
2026-03-11 14:50:00,63400,63900,63400,63700,392
2026-03-11 14:51:00,63700,63800,63400,63600,710
2026-03-11 14:52:00,63600,63600,63500,63500,417
2026-03-11 14:53:00,63500,63500,63400,63500,294
2026-03-11 14:54:00,63500,63500,63400,63400,632
2026-03-11 14:55:00,63300,63800,63300,63300,895
2026-03-11 14:56:00,63400,63400,63300,63400,631
2026-03-11 14:57:00,63400,63500,63400,63400,965
2026-03-11 14:58:00,63400,63500,63300,63400,609
2026-03-11 14:59:00,63400,63400,63200,63400,1543
2026-03-11 15:00:00,63200,63300,63000,63200,1219
2026-03-11 15:01:00,63200,63200,63000,63000,1531
2026-03-11 15:02:00,63000,63000,62900,62900,761
2026-03-11 15:03:00,62900,63000,62900,62900,282
2026-03-11 15:04:00,62900,63100,62900,63100,1343
2026-03-11 15:05:00,63000,63000,62600,62700,1440
2026-03-11 15:06:00,62800,63100,62800,62900,491
2026-03-11 15:07:00,63000,63400,62800,63300,716
2026-03-11 15:08:00,63300,63500,63100,63300,844
2026-03-11 15:09:00,63300,63600,63300,63300,956
2026-03-11 15:10:00,63300,63600,63000,63200,1024
2026-03-11 15:11:00,63100,63300,63100,63200,572
2026-03-11 15:12:00,63200,63200,63100,63100,422
2026-03-11 15:13:00,63100,63600,63100,63200,1340
2026-03-11 15:14:00,63300,63600,63300,63300,216
2026-03-11 15:15:00,63500,63600,63200,63300,763
2026-03-11 15:16:00,63300,63300,63300,63300,134
2026-03-11 15:17:00,63300,63600,63200,63200,759
2026-03-11 15:18:00,63300,63400,63200,63300,207
2026-03-11 15:19:00,63300,63500,63200,63500,345
2026-03-11 15:30:00,63100,63100,63100,63100,6302
2026-03-11 15:35:00,63100,63100,63100,63100,316
2026-03-12 09:00:00,64900,65000,64400,64800,5103
2026-03-12 09:01:00,64800,65100,64400,64900,3486
2026-03-12 09:02:00,64900,66400,64900,65900,3665
2026-03-12 09:03:00,66100,66400,65400,66200,2600
2026-03-12 09:04:00,66300,66300,65400,65500,1456
2026-03-12 09:05:00,65500,65900,65400,65900,820
2026-03-12 09:06:00,65900,66000,65500,65500,1203
2026-03-12 09:07:00,65600,65600,64900,65000,1700
2026-03-12 09:08:00,65000,65100,64800,65000,1283
2026-03-12 09:09:00,65000,65000,64900,65000,574
2026-03-12 09:10:00,65000,65000,64600,65000,1113
2026-03-12 09:11:00,65000,65400,65000,65200,527
2026-03-12 09:12:00,65100,65500,65100,65400,1506
2026-03-12 09:13:00,65300,65400,65300,65400,179
2026-03-12 09:14:00,65300,65500,65300,65500,449
2026-03-12 09:15:00,65400,65900,65400,65700,1211
2026-03-12 09:16:00,65800,65800,65500,65500,301
2026-03-12 09:17:00,65600,65700,65600,65700,341
2026-03-12 09:18:00,65600,65700,65400,65500,646
2026-03-12 09:19:00,65500,65700,65400,65400,251
2026-03-12 09:20:00,65500,65500,65400,65500,359
2026-03-12 09:21:00,65400,65500,65200,65200,271
2026-03-12 09:22:00,65300,65500,65200,65300,321
2026-03-12 09:23:00,65300,65300,65200,65300,483
2026-03-12 09:24:00,65400,65500,65400,65500,169
2026-03-12 09:25:00,65500,65600,65400,65600,200
2026-03-12 09:26:00,65600,65800,65500,65700,347
2026-03-12 09:27:00,65500,65500,65400,65400,133
2026-03-12 09:28:00,65400,65500,65400,65500,170
2026-03-12 09:29:00,65600,65600,65400,65500,184
2026-03-12 09:30:00,65500,65900,65400,65900,1142
2026-03-12 09:31:00,66000,66200,65800,66000,1635
2026-03-12 09:32:00,66000,66900,66000,66600,3635
2026-03-12 09:33:00,66600,67000,66400,66700,1715
2026-03-12 09:34:00,66700,66900,66500,66600,1447
2026-03-12 09:35:00,66550,66700,66500,66700,417
2026-03-12 09:36:00,66700,66700,66400,66500,943
2026-03-12 09:37:00,66500,66700,66500,66600,207
2026-03-12 09:38:00,66600,66600,66500,66500,339
2026-03-12 09:39:00,66500,66500,66400,66400,322
2026-03-12 09:40:00,66500,66500,66350,66400,300
2026-03-12 09:41:00,66400,66400,66100,66300,502
2026-03-12 09:42:00,66300,66600,66100,66500,1421
2026-03-12 09:43:00,66200,66600,66200,66500,636
2026-03-12 09:44:00,66400,66700,66400,66600,608
2026-03-12 09:45:00,66600,66900,66500,66900,1791
2026-03-12 09:46:00,66800,66850,66400,66700,1495
2026-03-12 09:47:00,66700,66700,66500,66600,127
2026-03-12 09:48:00,66500,66600,66500,66500,139
2026-03-12 09:49:00,66400,66400,66100,66200,457
2026-03-12 09:50:00,66300,66500,66300,66400,385
2026-03-12 09:51:00,66400,66500,66200,66400,672
2026-03-12 09:52:00,66400,66400,66000,66000,838
2026-03-12 09:53:00,66000,66100,65800,66100,1091
2026-03-12 09:54:00,66000,66100,65800,66100,318
2026-03-12 09:55:00,65900,66200,65800,66100,741
2026-03-12 09:56:00,66200,66200,65900,66200,87
2026-03-12 09:57:00,66300,66300,66000,66100,657
2026-03-12 09:58:00,66100,66100,66000,66100,358
2026-03-12 09:59:00,66100,66100,66000,66000,385
2026-03-12 10:00:00,66000,66100,65700,65800,1378
2026-03-12 10:01:00,65800,65900,65600,65700,241
2026-03-12 10:02:00,65600,65600,65500,65600,740
2026-03-12 10:03:00,65600,65600,65500,65600,108
2026-03-12 10:04:00,65600,65900,65600,65900,240
2026-03-12 10:05:00,65900,65900,65500,65700,588
2026-03-12 10:06:00,65700,65700,65600,65700,407
2026-03-12 10:07:00,65600,65600,65500,65600,137
2026-03-12 10:08:00,65600,65700,65400,65500,472
2026-03-12 10:09:00,65400,65700,65400,65700,186
2026-03-12 10:10:00,65700,66200,65700,66200,370
2026-03-12 10:11:00,66100,66200,65900,65900,246
2026-03-12 10:12:00,65900,66000,65800,65800,138
2026-03-12 10:13:00,65800,66000,65800,66000,43
2026-03-12 10:14:00,65900,66100,65900,66000,35
2026-03-12 10:15:00,65900,66200,65800,66200,379
2026-03-12 10:16:00,66000,66000,66000,66000,51
2026-03-12 10:17:00,66000,66100,65700,65700,281
2026-03-12 10:18:00,65700,65800,65600,65600,282
2026-03-12 10:19:00,65700,65800,65500,65600,271
2026-03-12 10:20:00,65500,65800,65500,65700,191
2026-03-12 10:21:00,65600,65700,65500,65500,243
2026-03-12 10:22:00,65500,65900,65500,65900,36
2026-03-12 10:23:00,65700,65900,65600,65900,93
2026-03-12 10:24:00,65900,65900,65900,65900,1
2026-03-12 10:25:00,65800,66000,65600,66000,409
2026-03-12 10:26:00,65800,66000,65800,66000,246
2026-03-12 10:27:00,66000,66100,66000,66100,109
2026-03-12 10:28:00,66100,66200,66000,66200,212
2026-03-12 10:29:00,66200,66500,66000,66500,874
2026-03-12 10:30:00,66500,66600,66100,66500,1246
2026-03-12 10:31:00,66200,66500,66200,66500,216
2026-03-12 10:32:00,66500,66600,66400,66600,2154
2026-03-12 10:33:00,66400,66600,66400,66600,290
2026-03-12 10:34:00,66600,66700,66500,66700,1001
2026-03-12 10:35:00,66600,66700,66600,66700,193
2026-03-12 10:36:00,66600,67000,66600,67000,2481
2026-03-12 10:37:00,66900,66900,66800,66900,451
2026-03-12 10:38:00,66900,66900,66800,66800,282
2026-03-12 10:39:00,66800,66900,66700,66800,885
2026-03-12 10:40:00,66900,66900,66700,66800,770
2026-03-12 10:41:00,66800,66800,66600,66700,384
2026-03-12 10:42:00,66800,66800,66700,66700,254
2026-03-12 10:43:00,66600,66800,66600,66600,182
2026-03-12 10:44:00,66600,67200,66600,67000,3737
2026-03-12 10:45:00,66900,67100,66800,66900,566
2026-03-12 10:46:00,66900,66900,66700,66800,1160
2026-03-12 10:47:00,66600,66700,66500,66600,472
2026-03-12 10:48:00,66500,66600,66400,66400,654
2026-03-12 10:49:00,66500,66700,66400,66500,1285
2026-03-12 10:50:00,66500,66500,66300,66400,387
2026-03-12 10:51:00,66400,66500,66400,66400,104
2026-03-12 10:52:00,66400,66500,66400,66400,117
2026-03-12 10:53:00,66400,66600,66300,66300,1736
2026-03-12 10:54:00,66300,66400,66300,66400,189
2026-03-12 10:55:00,66300,66700,66300,66700,257
2026-03-12 10:56:00,66500,66500,66400,66400,155
2026-03-12 10:57:00,66400,66500,66400,66400,24
2026-03-12 10:58:00,66400,66400,66300,66300,346
2026-03-12 10:59:00,66300,66300,66200,66300,406
2026-03-12 11:00:00,66300,66400,66100,66200,234
2026-03-12 11:01:00,66300,66300,66200,66200,61
2026-03-12 11:02:00,66200,66300,66200,66300,71
2026-03-12 11:03:00,66300,66300,66200,66200,40
2026-03-12 11:04:00,66200,66300,66200,66300,71
2026-03-12 11:05:00,66200,66300,66200,66200,344
2026-03-12 11:06:00,66100,66200,66100,66100,170
2026-03-12 11:07:00,66100,66300,66100,66200,240
2026-03-12 11:08:00,66200,66500,66200,66500,272
2026-03-12 11:09:00,66200,66400,66200,66400,92
2026-03-12 11:10:00,66400,66400,66300,66400,310
2026-03-12 11:11:00,66400,66400,66100,66300,291
2026-03-12 11:12:00,66100,66200,66100,66100,86
2026-03-12 11:13:00,66100,66200,66000,66000,208
2026-03-12 11:14:00,66100,66100,65800,65800,1240
2026-03-12 11:15:00,65800,66100,65700,65700,404
2026-03-12 11:16:00,65700,66100,65700,65900,97
2026-03-12 11:17:00,66000,66000,65700,65800,197
2026-03-12 11:18:00,65700,65800,65700,65700,77
2026-03-12 11:19:00,65800,65900,65700,65900,543
2026-03-12 11:20:00,65800,66000,65700,65900,358
2026-03-12 11:21:00,65900,65900,65800,65900,204
2026-03-12 11:22:00,65900,65900,65800,65800,196
2026-03-12 11:23:00,65700,65800,65700,65800,655
2026-03-12 11:24:00,65800,65900,65800,65900,135
2026-03-12 11:25:00,65800,66200,65800,66000,724
2026-03-12 11:26:00,65900,66000,65900,65900,34
2026-03-12 11:27:00,66100,66100,65800,65900,144
2026-03-12 11:28:00,65800,66100,65800,65900,234
2026-03-12 11:29:00,65900,65900,65800,65800,196
2026-03-12 11:30:00,65800,66100,65800,66100,200
2026-03-12 11:31:00,65900,66000,65900,66000,116
2026-03-12 11:32:00,65900,66000,65900,65900,235
2026-03-12 11:33:00,65800,66100,65800,66000,372
2026-03-12 11:34:00,66000,66000,65900,65900,180
2026-03-12 11:35:00,65900,66100,65900,66000,185
2026-03-12 11:36:00,66000,66000,65800,65900,882
2026-03-12 11:37:00,65700,65900,65600,65800,366
2026-03-12 11:38:00,65800,65900,65800,65900,351
2026-03-12 11:39:00,65800,65900,65800,65900,305
2026-03-12 11:40:00,65900,66000,65800,65900,279
2026-03-12 11:41:00,65800,65900,65800,65800,171
2026-03-12 11:42:00,65800,65800,65700,65700,103
2026-03-12 11:43:00,65700,65700,65700,65700,120
2026-03-12 11:44:00,65800,65900,65700,65800,240
2026-03-12 11:45:00,65700,65900,65700,65900,278
2026-03-12 11:46:00,65700,65800,65700,65700,76
2026-03-12 11:47:00,65800,65900,65700,65700,330
2026-03-12 11:48:00,65650,65700,65600,65700,32
2026-03-12 11:49:00,65600,65700,65500,65700,534
2026-03-12 11:50:00,65500,65600,65500,65500,204
2026-03-12 11:51:00,65500,65500,65400,65500,787
2026-03-12 11:52:00,65500,65500,65400,65500,323
2026-03-12 11:53:00,65500,65500,65400,65400,209
2026-03-12 11:54:00,65500,65500,65400,65400,67
2026-03-12 11:55:00,65400,65900,65300,65900,1218
2026-03-12 11:56:00,65700,65700,65600,65600,44
2026-03-12 11:57:00,65600,65700,65600,65600,158
2026-03-12 11:58:00,65700,65700,65600,65700,201
2026-03-12 11:59:00,65600,65900,65500,65600,126
2026-03-12 12:00:00,65600,65800,65600,65800,111
2026-03-12 12:01:00,65600,65600,65500,65500,112
2026-03-12 12:02:00,65500,65700,65500,65600,136
2026-03-12 12:03:00,65600,65700,65600,65600,90
2026-03-12 12:04:00,65600,65700,65500,65500,192
2026-03-12 12:05:00,65500,65700,65500,65700,195
2026-03-12 12:06:00,65600,65600,65500,65600,84
2026-03-12 12:07:00,65600,65700,65500,65500,99
2026-03-12 12:08:00,65600,65700,65500,65500,335
2026-03-12 12:09:00,65600,65800,65600,65700,304
2026-03-12 12:10:00,65700,65800,65600,65800,254
2026-03-12 12:11:00,65700,65700,65600,65600,42
2026-03-12 12:12:00,65500,65600,65500,65500,134
2026-03-12 12:13:00,65500,65600,65500,65600,111
2026-03-12 12:14:00,65500,65500,65500,65500,31
2026-03-12 12:15:00,65400,65600,65400,65600,458
2026-03-12 12:16:00,65500,65600,65400,65500,218
2026-03-12 12:17:00,65400,65500,65400,65400,137
2026-03-12 12:18:00,65400,65400,65400,65400,28
2026-03-12 12:19:00,65500,65500,65400,65400,288
2026-03-12 12:20:00,65400,65600,65300,65300,256
2026-03-12 12:21:00,65400,65500,65400,65400,156
2026-03-12 12:22:00,65400,65500,65400,65400,222
2026-03-12 12:23:00,65400,65400,65300,65400,257
2026-03-12 12:24:00,65300,65400,65300,65300,93
2026-03-12 12:25:00,65300,65600,65300,65600,337
2026-03-12 12:26:00,65500,65500,65200,65200,283
2026-03-12 12:27:00,65300,65600,65200,65400,692
2026-03-12 12:28:00,65400,65600,65200,65200,195
2026-03-12 12:29:00,65300,65300,65200,65300,159
2026-03-12 12:30:00,65300,65300,65200,65300,225
2026-03-12 12:31:00,65300,65300,65200,65200,44
2026-03-12 12:32:00,65200,65300,65200,65200,38
2026-03-12 12:33:00,65200,65300,65200,65200,69
2026-03-12 12:34:00,65200,65300,65000,65100,913
2026-03-12 12:35:00,65100,65300,65100,65300,341
2026-03-12 12:36:00,65200,65400,65100,65300,145
2026-03-12 12:37:00,65300,65300,65100,65100,165
2026-03-12 12:38:00,65100,65100,64900,64900,855
2026-03-12 12:39:00,64900,64900,64900,64900,491
2026-03-12 12:40:00,64900,65000,64900,65000,305
2026-03-12 12:41:00,65000,65000,64900,64900,132
2026-03-12 12:42:00,64800,64900,64700,64900,1043
2026-03-12 12:43:00,64800,64900,64700,64900,656
2026-03-12 12:44:00,64600,64900,64600,64900,20
2026-03-12 12:45:00,64900,64900,64700,64900,162
2026-03-12 12:46:00,64900,64900,64600,64800,49
2026-03-12 12:47:00,64800,64900,64700,64700,100
2026-03-12 12:48:00,64800,64800,64700,64800,287
2026-03-12 12:49:00,64800,64800,64700,64800,70
2026-03-12 12:50:00,64800,64800,64700,64800,432
2026-03-12 12:51:00,64800,64900,64700,64800,95
2026-03-12 12:52:00,64900,65100,64900,65100,286
2026-03-12 12:53:00,65000,65000,64900,65000,306
2026-03-12 12:54:00,65000,65000,64900,64900,275
2026-03-12 12:55:00,65000,65000,64900,65000,253
2026-03-12 12:56:00,64800,64800,64800,64800,38
2026-03-12 12:57:00,64900,64900,64800,64800,39
2026-03-12 12:58:00,64800,64900,64700,64700,367
2026-03-12 12:59:00,64600,64800,64600,64700,423
2026-03-12 13:00:00,64500,64700,64500,64700,141
2026-03-12 13:01:00,64700,64700,64500,64600,433
2026-03-12 13:02:00,64700,64800,64700,64800,57
2026-03-12 13:03:00,64900,64900,64700,64700,461
2026-03-12 13:04:00,64700,64800,64700,64800,158
2026-03-12 13:05:00,64800,64900,64800,64900,124
2026-03-12 13:06:00,64800,64800,64700,64700,56
2026-03-12 13:07:00,64800,64800,64600,64650,232
2026-03-12 13:08:00,64650,64700,64600,64700,450
2026-03-12 13:09:00,64700,64700,64500,64600,382
2026-03-12 13:10:00,64550,64900,64500,64900,141
2026-03-12 13:11:00,64900,65000,64600,64700,109
2026-03-12 13:12:00,65000,65000,64700,64900,149
2026-03-12 13:13:00,64900,64900,64700,64800,189
2026-03-12 13:14:00,64700,64900,64700,64800,123
2026-03-12 13:15:00,64700,64800,64500,64800,1005
2026-03-12 13:16:00,64800,64900,64600,64700,282
2026-03-12 13:17:00,64600,64700,64600,64700,72
2026-03-12 13:18:00,64600,64800,64600,64800,13
2026-03-12 13:19:00,64700,64700,64600,64600,737
2026-03-12 13:20:00,64700,64700,64600,64700,256
2026-03-12 13:21:00,64700,64800,64700,64800,63
2026-03-12 13:22:00,64700,64700,64700,64700,19
2026-03-12 13:23:00,64700,64800,64700,64700,92
2026-03-12 13:24:00,64700,64700,64600,64700,246
2026-03-12 13:25:00,64600,64800,64600,64800,253
2026-03-12 13:26:00,64800,64800,64700,64700,177
2026-03-12 13:27:00,64700,64800,64700,64800,74
2026-03-12 13:28:00,64800,64800,64600,64700,313
2026-03-12 13:29:00,64600,64800,64600,64700,201
2026-03-12 13:30:00,64700,64800,64700,64800,71
2026-03-12 13:31:00,64800,64800,64600,64700,112
2026-03-12 13:32:00,64700,64700,64600,64600,67
2026-03-12 13:33:00,64600,64600,64500,64600,392
2026-03-12 13:34:00,64600,64650,64500,64600,216
2026-03-12 13:35:00,64600,64600,64500,64600,121
2026-03-12 13:36:00,64600,64600,64500,64600,342
2026-03-12 13:37:00,64600,64600,64500,64600,345
2026-03-12 13:38:00,64600,64600,64500,64600,99
2026-03-12 13:39:00,64600,64700,64600,64600,85
2026-03-12 13:40:00,64600,64600,64200,64400,1624
2026-03-12 13:41:00,64400,64700,64200,64400,435
2026-03-12 13:42:00,64300,64600,64300,64600,109
2026-03-12 13:43:00,64500,64500,64000,64300,1441
2026-03-12 13:44:00,64300,64300,64100,64200,63
2026-03-12 13:45:00,64300,64300,64200,64300,198
2026-03-12 13:46:00,64300,64300,64200,64300,168
2026-03-12 13:47:00,64200,64300,64200,64200,117
2026-03-12 13:48:00,64200,64300,64200,64200,45
2026-03-12 13:49:00,64300,64300,64200,64300,219
2026-03-12 13:50:00,64200,64300,64200,64200,582
2026-03-12 13:51:00,64200,64500,64200,64200,208
2026-03-12 13:52:00,64200,64300,64200,64200,244
2026-03-12 13:53:00,64300,64300,64200,64200,231
2026-03-12 13:54:00,64300,64300,64200,64200,154
2026-03-12 13:55:00,64200,64300,64100,64300,255
2026-03-12 13:56:00,64200,64300,64100,64100,491
2026-03-12 13:57:00,64300,64300,64200,64200,86
2026-03-12 13:58:00,64200,64300,64100,64300,453
2026-03-12 13:59:00,64100,64200,64100,64200,35
2026-03-12 14:00:00,64200,64200,64100,64100,139
2026-03-12 14:01:00,64100,64300,64100,64100,267
2026-03-12 14:02:00,64100,64300,64100,64300,263
2026-03-12 14:03:00,64300,64500,64300,64500,405
2026-03-12 14:04:00,64500,64600,64400,64400,175
2026-03-12 14:05:00,64500,64700,64500,64700,339
2026-03-12 14:06:00,64700,65000,64600,64800,605
2026-03-12 14:07:00,64600,64700,64600,64700,37
2026-03-12 14:08:00,64700,64800,64600,64700,154
2026-03-12 14:09:00,64600,64600,64500,64500,51
2026-03-12 14:10:00,64600,64600,64500,64600,72
2026-03-12 14:11:00,64700,64800,64600,64700,180
2026-03-12 14:12:00,64600,64700,64600,64600,114
2026-03-12 14:13:00,64700,64700,64400,64700,291
2026-03-12 14:14:00,64300,64500,64300,64500,31
2026-03-12 14:15:00,64500,64700,64500,64700,110
2026-03-12 14:16:00,64700,64800,64600,64600,37
2026-03-12 14:17:00,64700,64700,64500,64500,66
2026-03-12 14:18:00,64500,64500,64300,64400,311
2026-03-12 14:19:00,64400,64400,64300,64300,32
2026-03-12 14:20:00,64300,64400,64300,64300,30
2026-03-12 14:21:00,64400,64400,64300,64400,144
2026-03-12 14:22:00,64400,64400,64300,64300,49
2026-03-12 14:23:00,64300,64300,64300,64300,31
2026-03-12 14:24:00,64300,64400,64300,64300,72
2026-03-12 14:25:00,64300,64500,64300,64500,194
2026-03-12 14:26:00,64400,64500,64300,64400,91
2026-03-12 14:27:00,64400,64500,64300,64400,274
2026-03-12 14:28:00,64400,64400,64300,64400,44
2026-03-12 14:29:00,64400,64400,64300,64300,78
2026-03-12 14:30:00,64300,64500,64300,64400,172
2026-03-12 14:31:00,64500,64500,64400,64450,144
2026-03-12 14:32:00,64400,64450,64400,64400,54
2026-03-12 14:33:00,64400,64500,64400,64400,57
2026-03-12 14:34:00,64500,64500,64400,64500,56
2026-03-12 14:35:00,64500,64700,64400,64700,350
2026-03-12 14:36:00,64600,64700,64500,64500,110
2026-03-12 14:37:00,64500,64500,64400,64500,203
2026-03-12 14:38:00,64500,64700,64500,64600,254
2026-03-12 14:39:00,64600,64600,64500,64600,50
2026-03-12 14:40:00,64600,64650,64500,64550,65
2026-03-12 14:41:00,64550,64800,64500,64600,120
2026-03-12 14:42:00,64700,64800,64700,64700,94
2026-03-12 14:43:00,64600,64700,64600,64600,102
2026-03-12 14:44:00,64600,64600,64500,64500,484
2026-03-12 14:45:00,64500,64500,64400,64500,336
2026-03-12 14:46:00,64500,64700,64400,64600,332
2026-03-12 14:47:00,64600,64600,64600,64600,29
2026-03-12 14:48:00,64600,64700,64400,64500,472
2026-03-12 14:49:00,64500,64600,64500,64600,68
2026-03-12 14:50:00,64500,64600,64500,64500,221
2026-03-12 14:51:00,64500,64600,64400,64500,620
2026-03-12 14:52:00,64500,64600,64400,64400,233
2026-03-12 14:53:00,64500,64500,64400,64400,102
2026-03-12 14:54:00,64400,64600,64400,64400,626
2026-03-12 14:55:00,64400,64500,64400,64500,92
2026-03-12 14:56:00,64500,64500,64300,64500,359
2026-03-12 14:57:00,64500,64500,64400,64400,133
2026-03-12 14:58:00,64400,64500,64400,64400,215
2026-03-12 14:59:00,64400,64500,64300,64300,424
2026-03-12 15:00:00,64400,64400,64200,64200,376
2026-03-12 15:01:00,64300,64500,64200,64200,831
2026-03-12 15:02:00,64200,64300,64200,64200,227
2026-03-12 15:03:00,64200,64500,64200,64300,481
2026-03-12 15:04:00,64300,64300,64200,64300,329
2026-03-12 15:05:00,64300,64300,64200,64300,220
2026-03-12 15:06:00,64300,64300,64200,64200,251
2026-03-12 15:07:00,64200,64300,64200,64200,456
2026-03-12 15:08:00,64300,64300,64200,64200,260
2026-03-12 15:09:00,64300,64300,64000,64100,2133
2026-03-12 15:10:00,64100,64300,64100,64200,541
2026-03-12 15:11:00,64200,64500,64200,64300,681
2026-03-12 15:12:00,64300,64400,64200,64200,2319
2026-03-12 15:13:00,64300,64300,64200,64200,660
2026-03-12 15:14:00,64300,64600,64000,64600,4437
2026-03-12 15:15:00,64600,64700,64200,64400,344
2026-03-12 15:16:00,64400,64500,64300,64300,415
2026-03-12 15:17:00,64300,64600,64300,64400,379
2026-03-12 15:18:00,64400,64500,64300,64400,692
2026-03-12 15:19:00,64500,64500,64400,64500,60
2026-03-12 15:30:00,64100,64100,64100,64100,34592
2026-03-12 15:35:00,64100,64100,64100,64100,22
2026-03-13 09:00:00,63100,63100,62300,62600,3847
2026-03-13 09:01:00,62300,62700,62000,62300,3108
2026-03-13 09:02:00,62800,62900,62400,62500,1207
2026-03-13 09:03:00,62700,62800,62400,62800,569
2026-03-13 09:04:00,62800,63200,62700,63100,688
2026-03-13 09:05:00,63100,65200,63100,64900,5992
2026-03-13 09:06:00,64800,65200,64300,65200,2190
2026-03-13 09:07:00,64900,65100,64500,65000,2263
2026-03-13 09:08:00,65000,65000,64400,64600,2347
2026-03-13 09:09:00,64600,64600,64400,64500,513
2026-03-13 09:10:00,64600,64700,64400,64500,1056
2026-03-13 09:11:00,64400,64400,64100,64100,985
2026-03-13 09:12:00,64200,64300,64100,64200,312
2026-03-13 09:13:00,64100,64200,64000,64200,721
2026-03-13 09:14:00,64100,64200,64100,64100,158
2026-03-13 09:15:00,64200,64200,63800,63800,705
2026-03-13 09:16:00,63900,64200,63900,64200,690
2026-03-13 09:17:00,64300,64700,64300,64600,484
2026-03-13 09:18:00,64500,65300,64500,65300,2140
2026-03-13 09:19:00,65150,65300,64600,64800,1834
2026-03-13 09:20:00,65000,65200,64800,65000,554
2026-03-13 09:21:00,65000,65300,65000,65300,2010
2026-03-13 09:22:00,65300,65400,65000,65000,3288
2026-03-13 09:23:00,65100,65200,65000,65200,400
2026-03-13 09:24:00,65100,65100,65000,65100,177
2026-03-13 09:25:00,65000,65000,64700,64900,1720
2026-03-13 09:26:00,64900,65000,64800,64900,332
2026-03-13 09:27:00,65000,65200,64900,65100,338
2026-03-13 09:28:00,65100,65500,65000,65300,956
2026-03-13 09:29:00,65300,65400,65000,65000,2021
2026-03-13 09:30:00,65200,65200,65000,65200,179
2026-03-13 09:31:00,65000,65100,64900,65100,649
2026-03-13 09:32:00,65100,65100,64900,65100,164
2026-03-13 09:33:00,65100,65100,64800,64800,448
2026-03-13 09:34:00,64800,64800,64600,64600,944
2026-03-13 09:35:00,64600,64900,64600,64700,510
2026-03-13 09:36:00,64700,64800,64600,64600,581
2026-03-13 09:37:00,64500,64700,64500,64700,203
2026-03-13 09:38:00,64800,64800,64600,64700,105
2026-03-13 09:39:00,64700,64800,64600,64600,164
2026-03-13 09:40:00,64700,64700,64500,64600,857
2026-03-13 09:41:00,64600,64700,64500,64700,377
2026-03-13 09:42:00,64500,64600,64500,64600,198
2026-03-13 09:43:00,64500,64600,64500,64600,165
2026-03-13 09:44:00,64500,64700,64500,64700,383
2026-03-13 09:45:00,64700,64700,64700,64700,72
2026-03-13 09:46:00,64700,64800,64700,64800,367
2026-03-13 09:47:00,64700,64800,64700,64800,121
2026-03-13 09:48:00,64800,65000,64800,65000,469
2026-03-13 09:49:00,65100,65400,64900,65000,959
2026-03-13 09:50:00,65200,65400,65200,65300,396
2026-03-13 09:51:00,65300,65300,65100,65100,213
2026-03-13 09:52:00,65100,65300,65100,65200,464
2026-03-13 09:53:00,65250,65300,65200,65200,235
2026-03-13 09:54:00,65300,65300,65200,65200,267
2026-03-13 09:55:00,65300,65300,65100,65100,486
2026-03-13 09:56:00,65000,65000,64800,64800,484
2026-03-13 09:57:00,64800,64800,64800,64800,85
2026-03-13 09:58:00,64900,64900,64600,64700,690
2026-03-13 09:59:00,64700,64900,64700,64800,51
2026-03-13 10:00:00,64800,64900,64800,64900,413
2026-03-13 10:01:00,64900,64900,64800,64900,450
2026-03-13 10:02:00,64900,65000,64700,65000,325
2026-03-13 10:03:00,65000,66200,64700,66200,3661
2026-03-13 10:04:00,66200,66200,65200,65800,1406
2026-03-13 10:05:00,65900,66000,65700,65800,579
2026-03-13 10:06:00,65800,65900,65600,65900,836
2026-03-13 10:07:00,65800,65800,65500,65700,365
2026-03-13 10:08:00,65700,65700,65500,65500,417
2026-03-13 10:09:00,65600,65700,65600,65700,92
2026-03-13 10:10:00,65700,65700,65400,65600,511
2026-03-13 10:11:00,65500,65500,65000,65400,706
2026-03-13 10:12:00,65500,65600,65300,65400,300
2026-03-13 10:13:00,65600,65600,65300,65400,922
2026-03-13 10:14:00,65400,65400,65300,65300,204
2026-03-13 10:15:00,65300,65500,65300,65500,331
2026-03-13 10:16:00,65600,65600,65500,65500,686
2026-03-13 10:17:00,65700,65800,65700,65800,315
2026-03-13 10:18:00,65800,66400,65800,66200,4864
2026-03-13 10:19:00,66400,66700,66200,66700,3084
2026-03-13 10:20:00,66700,66700,66200,66500,1022
2026-03-13 10:21:00,66600,66600,66400,66500,294
2026-03-13 10:22:00,66500,66500,66200,66300,577
2026-03-13 10:23:00,66300,66500,66300,66300,744
2026-03-13 10:24:00,66300,66300,66100,66300,472
2026-03-13 10:25:00,66400,67300,66200,67000,6068
2026-03-13 10:26:00,67000,67000,66800,67000,2253
2026-03-13 10:27:00,67100,67200,67000,67100,758
2026-03-13 10:28:00,67000,67200,66900,67200,785
2026-03-13 10:29:00,67200,67200,66700,66800,1916
2026-03-13 10:30:00,66800,67000,66800,67000,460
2026-03-13 10:31:00,67000,67500,67000,67500,3540
2026-03-13 10:32:00,67500,68200,67450,67900,6885
2026-03-13 10:33:00,68100,68400,67900,68250,2260
2026-03-13 10:34:00,68250,68400,68200,68400,2771
2026-03-13 10:35:00,68400,68600,68300,68600,1992
2026-03-13 10:36:00,68400,68700,68100,68600,2416
2026-03-13 10:37:00,68600,69100,68600,69100,5226
2026-03-13 10:38:00,69100,69400,69000,69400,3208
2026-03-13 10:40:00,69600,69900,69400,69900,2079
2026-03-13 10:41:00,69900,70000,69300,69600,3387
2026-03-13 10:42:00,69600,69700,69000,69100,3269
2026-03-13 10:43:00,69000,69000,68600,68900,3370
2026-03-13 10:44:00,68800,69500,68700,69300,2306
2026-03-13 10:45:00,69300,69400,68800,69000,3384
2026-03-13 10:46:00,68900,69300,68700,69300,1870
2026-03-13 10:47:00,69200,69300,69100,69100,541
2026-03-13 10:48:00,69200,69200,69000,69200,1942
2026-03-13 10:49:00,69000,69200,68800,68900,595
2026-03-13 10:50:00,68900,69300,68800,69000,1512
2026-03-13 10:51:00,69200,69300,68800,69100,1375
2026-03-13 10:52:00,68900,69200,68900,69000,560
2026-03-13 10:53:00,69000,69300,68900,69200,733
2026-03-13 10:54:00,69200,70200,69200,69800,6801
2026-03-13 10:55:00,69800,70100,69600,70100,2684
2026-03-13 10:56:00,70000,70400,69800,70100,3600
2026-03-13 10:57:00,70000,70100,69400,69800,2079
2026-03-13 10:58:00,69800,70200,69800,70200,1174
2026-03-13 10:59:00,70100,70300,70100,70300,1594
2026-03-13 11:00:00,70300,70400,69900,70200,1569
2026-03-13 11:01:00,70100,70200,69800,70000,1553
2026-03-13 11:02:00,69900,69900,69700,69700,647
2026-03-13 11:03:00,69700,69800,69700,69700,1086
2026-03-13 11:04:00,69700,70300,69700,70300,5146
2026-03-13 11:05:00,70300,70300,70100,70200,1136
2026-03-13 11:06:00,70200,70300,69800,70100,475
2026-03-13 11:07:00,70100,70100,70000,70000,667
2026-03-13 11:08:00,70000,70100,69800,70000,1328
2026-03-13 11:09:00,70000,70100,70000,70000,1471
2026-03-13 11:10:00,70000,70100,69800,70000,1382
2026-03-13 11:11:00,70100,70100,69800,69800,1385
2026-03-13 11:12:00,69800,70500,69600,70400,5977
2026-03-13 11:13:00,70400,70700,70200,70500,3314
2026-03-13 11:14:00,70300,71900,70300,71300,13189
2026-03-13 11:15:00,71300,72000,71000,71100,9345
2026-03-13 11:16:00,71100,71300,70900,71200,3784
2026-03-13 11:17:00,71200,71400,70700,70800,3332
2026-03-13 11:18:00,70900,71400,70700,70700,1937
2026-03-13 11:19:00,70600,71500,70600,71500,3512
2026-03-13 11:20:00,71100,71500,70900,71200,1186
2026-03-13 11:21:00,71200,71800,71100,71800,4310
2026-03-13 11:22:00,71800,71900,71300,71350,3364
2026-03-13 11:23:00,71300,71500,71000,71500,2827
2026-03-13 11:24:00,71300,71500,70700,71000,1250
2026-03-13 11:25:00,71000,71400,71000,71300,938
2026-03-13 11:26:00,71200,71400,70900,70900,1747
2026-03-13 11:27:00,70900,71000,70700,70800,1379
2026-03-13 11:28:00,70700,70800,70250,70500,4267
2026-03-13 11:29:00,70500,70600,70500,70600,594
2026-03-13 11:30:00,70600,70600,70300,70300,1062
2026-03-13 11:31:00,70300,70600,70300,70500,2401
2026-03-13 11:32:00,70500,70700,70400,70500,2532
2026-03-13 11:33:00,70500,70600,70400,70600,434
2026-03-13 11:34:00,70500,70700,70400,70500,286
2026-03-13 11:35:00,70600,70600,70300,70400,785
2026-03-13 11:36:00,70500,70500,70400,70400,226
2026-03-13 11:37:00,70300,70800,70300,70600,927
2026-03-13 11:38:00,70600,70900,70600,70900,941
2026-03-13 11:39:00,70800,70800,70400,70600,685
2026-03-13 11:40:00,70500,70600,70500,70500,127
2026-03-13 11:41:00,70500,70500,70400,70400,674
2026-03-13 11:42:00,70500,70500,70300,70400,1028
2026-03-13 11:43:00,70300,70400,70300,70400,643
2026-03-13 11:44:00,70400,70400,70200,70400,596
2026-03-13 11:45:00,70400,70600,70300,70500,408
2026-03-13 11:46:00,70400,70500,70400,70500,41
2026-03-13 11:47:00,70500,70600,70400,70400,1809
2026-03-13 11:48:00,70400,70700,70400,70700,2113
2026-03-13 11:49:00,70700,70700,70500,70600,184
2026-03-13 11:50:00,70700,70700,70500,70500,535
2026-03-13 11:51:00,70600,70600,70400,70500,729
2026-03-13 11:52:00,70500,70500,70400,70400,196
2026-03-13 11:53:00,70500,70500,70100,70300,1510
2026-03-13 11:54:00,70200,70200,70000,70000,1389
2026-03-13 11:55:00,70050,70100,69800,69900,2067
2026-03-13 11:56:00,69900,70200,69900,70000,466
2026-03-13 11:57:00,70000,70100,69900,69900,687
2026-03-13 11:58:00,69900,70000,69900,69900,371
2026-03-13 11:59:00,70000,70100,69900,69900,408
2026-03-13 12:00:00,70000,70000,69900,69900,103
2026-03-13 12:01:00,69900,69900,69800,69900,361
2026-03-13 12:02:00,69800,69900,69700,69700,894
2026-03-13 12:03:00,69700,69800,69500,69500,1076
2026-03-13 12:04:00,69500,69700,68700,69000,3904
2026-03-13 12:05:00,69600,69600,68900,69200,1343
2026-03-13 12:06:00,69400,69500,69200,69200,448
2026-03-13 12:07:00,69300,69600,69300,69600,722
2026-03-13 12:08:00,69600,69700,69400,69700,808
2026-03-13 12:09:00,69700,69800,69500,69700,490
2026-03-13 12:10:00,69700,69700,69400,69400,200
2026-03-13 12:11:00,69400,69700,69400,69600,272
2026-03-13 12:12:00,69800,69800,69600,69600,26
2026-03-13 12:13:00,69700,69700,69500,69500,504
2026-03-13 12:14:00,69500,69500,69200,69300,798
2026-03-13 12:15:00,69300,69300,69100,69100,279
2026-03-13 12:16:00,69200,69400,69000,69000,529
2026-03-13 12:17:00,69200,69200,68900,69100,822
2026-03-13 12:18:00,68900,69100,68800,68900,1582
2026-03-13 12:19:00,68800,68900,68700,68800,692
2026-03-13 12:20:00,68700,68800,68700,68700,320
2026-03-13 12:21:00,68700,68900,68700,68800,335
2026-03-13 12:22:00,68800,68800,68600,68800,1145
2026-03-13 12:23:00,68700,68700,68600,68600,645
2026-03-13 12:24:00,68600,68700,68500,68500,433
2026-03-13 12:25:00,68500,68700,68400,68700,879
2026-03-13 12:26:00,68600,68700,68400,68400,527
2026-03-13 12:27:00,68500,68500,68300,68500,320
2026-03-13 12:28:00,68400,68400,68300,68400,261
2026-03-13 12:29:00,68200,68400,68200,68300,394
2026-03-13 12:30:00,68300,68400,68100,68100,855
2026-03-13 12:31:00,68100,68300,67900,68200,1883
2026-03-13 12:32:00,68200,68300,68100,68300,317
2026-03-13 12:33:00,68300,68300,68100,68100,268
2026-03-13 12:34:00,68100,68200,68000,68200,344
2026-03-13 12:35:00,68200,68200,68000,68000,211
2026-03-13 12:36:00,68100,68200,68000,68200,636
2026-03-13 12:37:00,68200,68200,68100,68200,142
2026-03-13 12:38:00,68200,68300,68200,68200,67
2026-03-13 12:39:00,68300,68400,68200,68300,789
2026-03-13 12:40:00,68300,68500,68300,68500,181
2026-03-13 12:41:00,68450,68700,68450,68600,1383
2026-03-13 12:42:00,68600,68600,68400,68400,666
2026-03-13 12:43:00,68400,68400,68000,68300,429
2026-03-13 12:44:00,68200,68300,68100,68200,283
2026-03-13 12:45:00,68200,68400,68200,68400,370
2026-03-13 12:46:00,68400,68500,68400,68400,109
2026-03-13 12:47:00,68500,68700,68500,68700,260
2026-03-13 12:48:00,68700,68700,68700,68700,129
2026-03-13 12:49:00,68700,68700,68500,68600,874
2026-03-13 12:50:00,68600,68700,68550,68550,61
2026-03-13 12:51:00,68550,68600,68500,68600,144
2026-03-13 12:52:00,68600,68600,68600,68600,26
2026-03-13 12:53:00,68600,68600,68400,68500,266
2026-03-13 12:54:00,68500,68500,68400,68400,209
2026-03-13 12:55:00,68500,68700,68400,68700,626
2026-03-13 12:56:00,68600,68600,68600,68600,75
2026-03-13 12:57:00,68600,68600,68600,68600,155
2026-03-13 12:58:00,68600,68700,68500,68600,400
2026-03-13 12:59:00,68600,68800,68600,68800,460
2026-03-13 13:00:00,68800,68900,68700,68900,585
2026-03-13 13:01:00,68900,68900,68800,68800,688
2026-03-13 13:02:00,68800,68800,68700,68800,236
2026-03-13 13:03:00,68900,68900,68800,68800,10
2026-03-13 13:04:00,68800,68800,68700,68800,170
2026-03-13 13:05:00,68700,68800,68600,68700,520
2026-03-13 13:06:00,68700,68700,68700,68700,272
2026-03-13 13:07:00,68600,68750,68500,68500,399
2026-03-13 13:08:00,68600,68600,68500,68500,22
2026-03-13 13:09:00,68550,68700,68550,68600,1140
2026-03-13 13:10:00,68600,68600,68400,68400,623
2026-03-13 13:11:00,68300,68600,68300,68400,367
2026-03-13 13:12:00,68500,68500,68500,68500,4
2026-03-13 13:13:00,68400,68500,68200,68300,1067
2026-03-13 13:14:00,68300,68400,68300,68300,139
2026-03-13 13:15:00,68300,68300,68200,68200,46
2026-03-13 13:16:00,68300,68400,68300,68400,23
2026-03-13 13:17:00,68400,68400,68400,68400,333
2026-03-13 13:18:00,68400,68400,68300,68300,45
2026-03-13 13:19:00,68300,68400,68300,68400,311
2026-03-13 13:20:00,68300,68300,68300,68300,56
2026-03-13 13:21:00,68300,68400,68100,68200,382
2026-03-13 13:22:00,68200,68300,68000,68000,3154
2026-03-13 13:23:00,68100,68200,68100,68200,134
2026-03-13 13:24:00,68100,68200,68100,68200,243
2026-03-13 13:25:00,68200,68200,68000,68000,225
2026-03-13 13:26:00,68000,68200,68000,68100,595
2026-03-13 13:27:00,68100,68100,67900,68100,180
2026-03-13 13:28:00,68100,68100,68000,68100,106
2026-03-13 13:29:00,68100,68100,68000,68000,92
2026-03-13 13:30:00,68100,68100,67800,67900,763
2026-03-13 13:31:00,67900,67900,67700,67700,693
2026-03-13 13:32:00,67700,67800,67600,67800,490
2026-03-13 13:33:00,67800,67800,67800,67800,307
2026-03-13 13:34:00,67900,67900,67800,67900,482
2026-03-13 13:35:00,67900,67900,67800,67800,229
2026-03-13 13:36:00,67800,68000,67700,68000,682
2026-03-13 13:37:00,68000,68000,67800,67800,1064
2026-03-13 13:38:00,67800,68000,67800,67800,563
2026-03-13 13:39:00,67800,68200,67800,68200,115
2026-03-13 13:40:00,68200,68300,68100,68200,292
2026-03-13 13:41:00,68200,68200,68000,68100,288
2026-03-13 13:42:00,68100,68100,68000,68100,34
2026-03-13 13:43:00,68300,68400,68100,68200,818
2026-03-13 13:44:00,68200,68400,68200,68200,404
2026-03-13 13:45:00,68400,68400,68200,68200,58
2026-03-13 13:46:00,68300,68500,68300,68500,106
2026-03-13 13:47:00,68500,68500,68400,68400,85
2026-03-13 13:48:00,68400,68400,68300,68300,99
2026-03-13 13:49:00,68300,68400,68300,68300,17
2026-03-13 13:50:00,68400,68800,68400,68800,624
2026-03-13 13:51:00,68700,68800,68400,68700,634
2026-03-13 13:52:00,68800,68800,68600,68800,519
2026-03-13 13:53:00,68700,68900,68600,68800,576
2026-03-13 13:54:00,68900,69400,68900,69400,2274
2026-03-13 13:55:00,69400,69600,69100,69500,650
2026-03-13 13:56:00,69200,69500,69100,69400,627
2026-03-13 13:57:00,69400,69400,68800,68800,1408
2026-03-13 13:58:00,68800,68800,68700,68800,486
2026-03-13 13:59:00,68900,69000,68800,69000,95
2026-03-13 14:00:00,69100,69300,68900,69200,348
2026-03-13 14:01:00,69200,69200,69000,69200,233
2026-03-13 14:02:00,69100,69100,69000,69000,121
2026-03-13 14:03:00,69000,69100,69000,69000,435
2026-03-13 14:04:00,69000,69100,68900,69100,159
2026-03-13 14:05:00,69000,69200,68700,68800,395
2026-03-13 14:06:00,68900,68900,68800,68800,14
2026-03-13 14:07:00,68800,68900,68700,68900,174
2026-03-13 14:08:00,68800,68900,68800,68800,121
2026-03-13 14:09:00,68900,68900,68700,68900,281
2026-03-13 14:10:00,68800,68800,68800,68800,307
2026-03-13 14:11:00,68800,68800,68800,68800,45
2026-03-13 14:12:00,68700,68700,68500,68500,812
2026-03-13 14:13:00,68500,68700,68500,68600,277
2026-03-13 14:14:00,68600,68600,68500,68600,142
2026-03-13 14:15:00,68600,68900,68600,68900,123
2026-03-13 14:16:00,68900,68900,68700,68800,78
2026-03-13 14:17:00,68700,68700,68700,68700,19
2026-03-13 14:18:00,68800,68800,68800,68800,39
2026-03-13 14:19:00,68800,69100,68700,68900,396
2026-03-13 14:20:00,68900,69000,68900,69000,137
2026-03-13 14:21:00,69000,69500,68800,69500,759
2026-03-13 14:22:00,69400,69400,69300,69400,233
2026-03-13 14:23:00,69400,69500,69200,69400,161
2026-03-13 14:24:00,69400,69500,69400,69500,132
2026-03-13 14:25:00,69500,69500,69300,69500,692
2026-03-13 14:26:00,69500,69600,69400,69400,829
2026-03-13 14:27:00,69500,69500,69100,69100,348
2026-03-13 14:28:00,69400,69500,69300,69400,422
2026-03-13 14:29:00,69400,69400,69100,69300,464
2026-03-13 14:30:00,69400,69400,69300,69400,603
2026-03-13 14:31:00,69400,69400,69400,69400,38
2026-03-13 14:32:00,69400,69400,69200,69200,155
2026-03-13 14:33:00,69300,69500,69300,69500,860
2026-03-13 14:34:00,69500,69600,69500,69500,139
2026-03-13 14:35:00,69500,69500,69300,69500,622
2026-03-13 14:36:00,69500,69600,69500,69500,146
2026-03-13 14:37:00,69500,69500,69500,69500,164
2026-03-13 14:38:00,69400,69500,69400,69400,27
2026-03-13 14:39:00,69500,69500,69500,69500,21
2026-03-13 14:40:00,69500,69600,69400,69400,156
2026-03-13 14:41:00,69400,69500,69400,69500,258
2026-03-13 14:42:00,69500,69500,69400,69500,381
2026-03-13 14:43:00,69500,69500,69500,69500,64
2026-03-13 14:44:00,69500,69500,69200,69200,1140
2026-03-13 14:45:00,69200,69200,69100,69200,129
2026-03-13 14:46:00,69200,69200,69100,69200,423
2026-03-13 14:47:00,69200,69200,69100,69100,392
2026-03-13 14:48:00,69100,69100,69100,69100,189
2026-03-13 14:49:00,69100,69100,69000,69100,37
2026-03-13 14:50:00,69000,69100,68800,68800,1150
2026-03-13 14:51:00,68850,68850,68700,68800,243
2026-03-13 14:52:00,68800,69000,68800,68900,665
2026-03-13 14:53:00,69000,69000,68900,68900,66
2026-03-13 14:54:00,69000,69000,69000,69000,260
2026-03-13 14:55:00,69000,69000,68800,68900,42
2026-03-13 14:56:00,68800,69000,68800,68900,112
2026-03-13 14:57:00,69000,69100,68900,69000,568
2026-03-13 14:58:00,68900,69000,68900,68900,134
2026-03-13 14:59:00,68850,68850,68600,68600,930
2026-03-13 15:00:00,68600,68700,68500,68600,263
2026-03-13 15:01:00,68600,68600,68600,68600,76
2026-03-13 15:02:00,68600,68600,68400,68400,410
2026-03-13 15:03:00,68400,68700,68400,68600,688
2026-03-13 15:04:00,68700,68700,68500,68500,305
2026-03-13 15:05:00,68500,69000,68400,68900,2164
2026-03-13 15:06:00,68900,68900,68400,68400,615
2026-03-13 15:07:00,68700,68700,68500,68600,71
2026-03-13 15:08:00,68700,68700,68700,68700,343
2026-03-13 15:09:00,68700,68800,68600,68700,320
2026-03-13 15:10:00,68800,68800,68600,68700,196
2026-03-13 15:11:00,68600,68900,68600,68800,286
2026-03-13 15:12:00,68800,68900,68700,68900,321
2026-03-13 15:13:00,68900,68900,68900,68900,5
2026-03-13 15:14:00,68800,68900,68700,68900,412
2026-03-13 15:15:00,68800,69100,68800,69000,1267
2026-03-13 15:16:00,69000,69200,68900,69200,602
2026-03-13 15:17:00,69100,69300,69100,69200,852
2026-03-13 15:18:00,69200,69300,69000,69000,254
2026-03-13 15:19:00,69100,69200,69000,69100,776
2026-03-13 15:30:00,69100,69100,69100,69100,3769
2026-03-13 15:35:00,69100,69100,69100,69100,51
2026-03-16 09:00:00,69000,69000,68100,68100,3637
2026-03-16 09:01:00,68100,68500,68100,68300,1232
2026-03-16 09:02:00,68300,68400,68000,68100,2635
2026-03-16 09:03:00,68100,68100,67700,67800,1038
2026-03-16 09:04:00,67800,67900,67400,67700,2244
2026-03-16 09:05:00,67700,67700,67200,67300,2377
2026-03-16 09:06:00,67200,67500,67100,67400,986
2026-03-16 09:07:00,67400,67800,67200,67600,1847
2026-03-16 09:08:00,67800,67800,67400,67400,390
2026-03-16 09:09:00,67500,67500,67000,67100,1684
2026-03-16 09:10:00,67100,67300,67100,67100,1081
2026-03-16 09:11:00,67100,67100,66800,67100,1953
2026-03-16 09:12:00,67200,67200,67000,67000,490
2026-03-16 09:13:00,67000,67100,66900,66900,1448
2026-03-16 09:14:00,67000,67200,67000,67100,424
2026-03-16 09:15:00,67150,67300,67100,67300,781
2026-03-16 09:16:00,67300,67700,67200,67600,1033
2026-03-16 09:17:00,67600,67700,67400,67500,544
2026-03-16 09:18:00,67600,67700,67300,67300,1171
2026-03-16 09:19:00,67300,67400,67200,67300,251
2026-03-16 09:20:00,67300,67300,67100,67100,712
2026-03-16 09:21:00,67200,67300,67100,67200,239
2026-03-16 09:22:00,67200,67400,67200,67300,358
2026-03-16 09:23:00,67200,67300,67000,67000,691
2026-03-16 09:24:00,67000,67100,67000,67000,884
2026-03-16 09:25:00,67000,67100,66800,66900,404
2026-03-16 09:26:00,66800,66800,66600,66700,1205
2026-03-16 09:27:00,66600,66800,66600,66700,480
2026-03-16 09:28:00,66650,66700,66650,66700,157
2026-03-16 09:29:00,66700,66700,66500,66600,1396
2026-03-16 09:30:00,66600,66700,66300,66600,2717
2026-03-16 09:31:00,66700,66900,66600,66900,275
2026-03-16 09:32:00,66900,67100,66700,66900,617
2026-03-16 09:33:00,67000,67200,66600,67000,1292
2026-03-16 09:34:00,67000,67000,66700,66800,558
2026-03-16 09:35:00,66800,66800,66600,66700,223
2026-03-16 09:36:00,66700,66800,66600,66700,876
2026-03-16 09:37:00,66700,66800,66400,66800,840
2026-03-16 09:38:00,66800,66800,66600,66600,120
2026-03-16 09:39:00,66600,66600,66600,66600,280
2026-03-16 09:40:00,66600,66700,66600,66700,258
2026-03-16 09:41:00,66700,66800,66700,66800,592
2026-03-16 09:42:00,66900,67000,66600,66900,2259
2026-03-16 09:43:00,66900,67000,66800,66800,210
2026-03-16 09:44:00,66700,67000,66600,67000,440
2026-03-16 09:45:00,67000,67000,66600,66900,620
2026-03-16 09:46:00,66900,66900,66700,66900,226
2026-03-16 09:47:00,66900,66900,66700,66700,122
2026-03-16 09:48:00,66800,66800,66700,66700,244
2026-03-16 09:49:00,66800,66900,66700,66800,314
2026-03-16 09:50:00,66800,66800,66500,66700,1465
2026-03-16 09:51:00,66700,66700,66400,66500,1875
2026-03-16 09:52:00,66500,66600,66500,66500,312
2026-03-16 09:53:00,66500,66600,66500,66600,432
2026-03-16 09:54:00,66600,66700,66500,66600,447
2026-03-16 09:55:00,66500,66700,66500,66700,1013
2026-03-16 09:56:00,66500,66800,66500,66800,166
2026-03-16 09:58:00,66700,66700,66700,66700,13
2026-03-16 09:59:00,66600,66700,66400,66500,1144
2026-03-16 10:00:00,66500,66600,66500,66500,333
2026-03-16 10:01:00,66500,66600,66500,66600,70
2026-03-16 10:02:00,66700,66700,66600,66600,20
2026-03-16 10:03:00,66700,66700,66400,66400,1671
2026-03-16 10:04:00,66400,66500,66300,66400,690
2026-03-16 10:05:00,66400,66400,66300,66300,170
2026-03-16 10:06:00,66400,66400,66300,66400,954
2026-03-16 10:07:00,66400,66400,66300,66400,122
2026-03-16 10:08:00,66300,66400,66200,66400,1332
2026-03-16 10:09:00,66300,66400,66300,66300,157
2026-03-16 10:10:00,66400,66400,66200,66200,839
2026-03-16 10:11:00,66200,66200,66100,66200,360
2026-03-16 10:12:00,66200,66300,66100,66200,326
2026-03-16 10:13:00,66200,66300,66100,66200,959
2026-03-16 10:14:00,66200,66300,66200,66200,64
2026-03-16 10:15:00,66200,66300,66200,66300,412
2026-03-16 10:16:00,66300,66400,66200,66400,171
2026-03-16 10:17:00,66500,66500,66200,66200,370
2026-03-16 10:18:00,66200,66300,66200,66300,1284
2026-03-16 10:19:00,66300,66300,66200,66200,407
2026-03-16 10:20:00,66200,66200,66100,66200,1580
2026-03-16 10:21:00,66100,66300,66100,66300,241
2026-03-16 10:22:00,66300,66300,66200,66300,192
2026-03-16 10:23:00,66300,66300,66200,66300,346
2026-03-16 10:24:00,66300,66300,66100,66100,945
2026-03-16 10:25:00,66100,66100,66100,66100,251
2026-03-16 10:26:00,66100,66100,65800,66000,3214
2026-03-16 10:27:00,66000,66000,65700,66000,2036
2026-03-16 10:28:00,65900,66000,65900,65900,71
2026-03-16 10:29:00,65900,66000,65800,65900,229
2026-03-16 10:30:00,65900,65900,65800,65900,206
2026-03-16 10:31:00,65900,65900,65800,65900,241
2026-03-16 10:32:00,65800,65900,65800,65800,448
2026-03-16 10:33:00,65800,65900,65700,65700,938
2026-03-16 10:34:00,65800,65800,65600,65800,247
2026-03-16 10:35:00,65800,66000,65800,65900,778
2026-03-16 10:36:00,65900,66000,65800,66000,237
2026-03-16 10:37:00,66000,66100,65900,66100,898
2026-03-16 10:38:00,66100,66200,66100,66200,157
2026-03-16 10:39:00,66300,66300,66200,66300,842
2026-03-16 10:40:00,66300,66300,66200,66300,98
2026-03-16 10:41:00,66300,66300,66100,66100,630
2026-03-16 10:42:00,66100,66200,66100,66100,460
2026-03-16 10:43:00,66200,66200,66100,66100,405
2026-03-16 10:44:00,66100,66100,65950,66000,511
2026-03-16 10:45:00,66100,66100,66000,66000,106
2026-03-16 10:46:00,66000,66100,65800,65900,509
2026-03-16 10:47:00,65900,66000,65900,66000,36
2026-03-16 10:48:00,66000,66000,66000,66000,147
2026-03-16 10:49:00,66000,66100,65900,66100,185
2026-03-16 10:50:00,66100,66100,66100,66100,66
2026-03-16 10:51:00,66200,66200,66000,66100,137
2026-03-16 10:52:00,66100,66100,66000,66100,110
2026-03-16 10:53:00,66000,66100,66000,66100,68
2026-03-16 10:54:00,66100,66100,65900,66100,65
2026-03-16 10:55:00,66000,66200,66000,66200,16
2026-03-16 10:56:00,66100,66100,66000,66000,27
2026-03-16 10:57:00,66000,66000,65800,65900,483
2026-03-16 10:58:00,65900,65900,65900,65900,311
2026-03-16 10:59:00,65900,66200,65900,66200,54
2026-03-16 11:00:00,66200,66200,66100,66100,47
2026-03-16 11:01:00,66100,66200,65900,65900,241
2026-03-16 11:02:00,66000,66000,65700,65700,1075
2026-03-16 11:03:00,65700,65700,65600,65600,354
2026-03-16 11:04:00,65600,65700,65600,65700,139
2026-03-16 11:05:00,65700,65800,65700,65800,140
2026-03-16 11:06:00,65800,65800,65600,65700,251
2026-03-16 11:07:00,65700,65800,65700,65700,132
2026-03-16 11:08:00,65800,65800,65700,65800,178
2026-03-16 11:09:00,65800,65900,65800,65900,97
2026-03-16 11:10:00,65800,65800,65800,65800,1
2026-03-16 11:11:00,65800,65800,65700,65800,460
2026-03-16 11:12:00,65700,65800,65600,65600,523
2026-03-16 11:13:00,65700,65700,65600,65700,29
2026-03-16 11:14:00,65600,65600,65600,65600,11
2026-03-16 11:15:00,65600,65600,65500,65600,440
2026-03-16 11:16:00,65600,65600,65600,65600,305
2026-03-16 11:17:00,65600,65600,65600,65600,94
2026-03-16 11:18:00,65600,65700,65600,65600,13
2026-03-16 11:19:00,65600,65700,65600,65600,8
2026-03-16 11:20:00,65700,65700,65700,65700,314
2026-03-16 11:21:00,65600,65700,65500,65600,973
2026-03-16 11:22:00,65600,65600,65550,65550,32
2026-03-16 11:23:00,65550,65550,65500,65500,713
2026-03-16 11:24:00,65500,65600,65500,65600,80
2026-03-16 11:25:00,65600,65600,65500,65500,274
2026-03-16 11:26:00,65500,65500,65300,65500,410
2026-03-16 11:27:00,65500,65500,65300,65300,111
2026-03-16 11:28:00,65300,65300,65300,65300,218
2026-03-16 11:29:00,65300,65400,65200,65200,915
2026-03-16 11:30:00,65300,65300,65300,65300,342
2026-03-16 11:31:00,65300,65400,65300,65300,90
2026-03-16 11:32:00,65400,65500,65400,65500,275
2026-03-16 11:33:00,65500,65500,65400,65400,104
2026-03-16 11:34:00,65500,65500,65400,65500,31
2026-03-16 11:35:00,65500,65600,65500,65500,132
2026-03-16 11:36:00,65500,65500,65400,65500,21
2026-03-16 11:37:00,65400,65400,65400,65400,396
2026-03-16 11:38:00,65300,65400,65300,65400,79
2026-03-16 11:39:00,65300,65400,65300,65300,32
2026-03-16 11:40:00,65300,65300,65100,65200,1010
2026-03-16 11:41:00,65200,65200,65100,65100,717
2026-03-16 11:42:00,65100,65100,65000,65000,383
2026-03-16 11:43:00,65000,65100,65000,65100,215
2026-03-16 11:44:00,65100,65100,65100,65100,104
2026-03-16 11:45:00,65200,65200,65100,65200,116
2026-03-16 11:46:00,65200,65200,65100,65100,56
2026-03-16 11:47:00,65200,65200,65100,65100,39
2026-03-16 11:48:00,65100,65200,65100,65200,9
2026-03-16 11:49:00,65200,65300,65200,65300,317
2026-03-16 11:50:00,65200,65300,65200,65300,79
2026-03-16 11:51:00,65300,65400,65200,65400,149
2026-03-16 11:52:00,65400,65600,65400,65500,452
2026-03-16 11:53:00,65400,65600,65400,65600,37
2026-03-16 11:54:00,65400,65700,65400,65400,729
2026-03-16 11:55:00,65600,65700,65600,65600,315
2026-03-16 11:56:00,65700,65700,65600,65700,357
2026-03-16 11:57:00,65800,65800,65700,65800,553
2026-03-16 11:58:00,65700,65700,65500,65700,116
2026-03-16 11:59:00,65700,65900,65700,65900,428
2026-03-16 12:00:00,65900,65900,65800,65900,174
2026-03-16 12:01:00,65900,65900,65800,65900,311
2026-03-16 12:02:00,65800,66000,65800,66000,666
2026-03-16 12:03:00,65800,65800,65600,65800,455
2026-03-16 12:04:00,65900,65900,65900,65900,30
2026-03-16 12:05:00,65900,65900,65800,65800,111
2026-03-16 12:06:00,65800,66000,65800,65900,212
2026-03-16 12:07:00,65900,66000,65900,66000,46
2026-03-16 12:08:00,66000,66100,65900,66100,567
2026-03-16 12:09:00,66100,66200,66000,66100,223
2026-03-16 12:10:00,66100,66200,66100,66200,18
2026-03-16 12:11:00,66000,66100,65900,66100,437
2026-03-16 12:12:00,66100,66100,66000,66100,700
2026-03-16 12:13:00,66000,66100,66000,66100,190
2026-03-16 12:14:00,66000,66000,65900,66000,352
2026-03-16 12:15:00,66000,66100,66000,66000,69
2026-03-16 12:16:00,66000,66100,65900,65900,28
2026-03-16 12:17:00,66000,66000,65900,65900,567
2026-03-16 12:18:00,65900,65900,65900,65900,2
2026-03-16 12:19:00,65900,65900,65800,65800,147
2026-03-16 12:20:00,65800,65800,65800,65800,136
2026-03-16 12:21:00,65800,65900,65800,65900,34
2026-03-16 12:22:00,65900,65900,65600,65600,216
2026-03-16 12:23:00,65600,65700,65600,65600,437
2026-03-16 12:24:00,65600,65800,65600,65700,288
2026-03-16 12:25:00,65700,65900,65700,65900,197
2026-03-16 12:26:00,65900,65900,65700,65700,61
2026-03-16 12:27:00,65700,65700,65700,65700,145
2026-03-16 12:28:00,65800,65800,65700,65700,40
2026-03-16 12:29:00,65700,65900,65700,65900,18
2026-03-16 12:30:00,65900,65900,65900,65900,3
2026-03-16 12:31:00,65900,65900,65900,65900,48
2026-03-16 12:32:00,65900,65900,65900,65900,21
2026-03-16 12:33:00,66000,66000,65900,66000,193
2026-03-16 12:35:00,66000,66000,65900,65900,16
2026-03-16 12:36:00,65900,65900,65800,65800,184
2026-03-16 12:37:00,65800,65900,65800,65900,85
2026-03-16 12:38:00,65900,65900,65900,65900,94
2026-03-16 12:39:00,66000,66000,65900,65900,68
2026-03-16 12:40:00,65900,65900,65800,65900,96
2026-03-16 12:41:00,65900,65900,65800,65800,34
2026-03-16 12:42:00,65900,66000,65900,66000,30
2026-03-16 12:43:00,66000,66000,66000,66000,1
2026-03-16 12:44:00,66000,66000,66000,66000,19
2026-03-16 12:45:00,65900,66000,65900,66000,6
2026-03-16 12:46:00,65900,66000,65900,66000,11
2026-03-16 12:47:00,65900,65900,65800,65900,400
2026-03-16 12:48:00,65800,65800,65700,65700,166
2026-03-16 12:49:00,65800,65800,65800,65800,18
2026-03-16 12:50:00,65800,65800,65800,65800,138
2026-03-16 12:51:00,65800,65800,65800,65800,63
2026-03-16 12:52:00,65800,65800,65800,65800,21
2026-03-16 12:53:00,65800,65800,65800,65800,107
2026-03-16 12:54:00,65800,65800,65800,65800,5
2026-03-16 12:55:00,65800,65800,65500,65600,587
2026-03-16 12:56:00,65700,65700,65600,65600,11
2026-03-16 12:57:00,65600,65600,65500,65600,95
2026-03-16 12:58:00,65600,65700,65600,65600,40
2026-03-16 12:59:00,65700,65700,65600,65650,4
2026-03-16 13:00:00,65700,65700,65700,65700,30
2026-03-16 13:01:00,65700,65700,65700,65700,6
2026-03-16 13:02:00,65600,65700,65600,65700,175
2026-03-16 13:03:00,65700,65800,65700,65800,48
2026-03-16 13:04:00,65900,66000,65850,66000,184
2026-03-16 13:05:00,66000,66000,65900,65900,10
2026-03-16 13:06:00,65900,65900,65700,65800,313
2026-03-16 13:07:00,65800,65800,65800,65800,130
2026-03-16 13:08:00,65800,65900,65700,65900,179
2026-03-16 13:09:00,65800,66000,65800,65800,43
2026-03-16 13:10:00,65800,65800,65800,65800,159
2026-03-16 13:11:00,65700,65800,65700,65800,41
2026-03-16 13:12:00,65800,65800,65800,65800,281
2026-03-16 13:13:00,65700,65800,65700,65800,199
2026-03-16 13:14:00,65800,65900,65800,65800,27
2026-03-16 13:15:00,65900,65900,65800,65900,244
2026-03-16 13:16:00,65900,65900,65900,65900,26
2026-03-16 13:17:00,65900,65900,65900,65900,104
2026-03-16 13:18:00,65900,65900,65900,65900,34
2026-03-16 13:19:00,65900,66000,65900,66000,44
2026-03-16 13:20:00,65900,66000,65900,66000,67
2026-03-16 13:22:00,65900,65900,65900,65900,266
2026-03-16 13:23:00,66000,66100,65900,66000,314
2026-03-16 13:24:00,65900,66000,65900,66000,395
2026-03-16 13:25:00,66000,66000,65900,65900,59
2026-03-16 13:26:00,66000,66000,65900,65900,65
2026-03-16 13:27:00,65900,65900,65900,65900,194
2026-03-16 13:28:00,65900,65900,65900,65900,4
2026-03-16 13:29:00,65900,65900,65900,65900,64
2026-03-16 13:31:00,65900,66100,65900,65900,337
2026-03-16 13:32:00,65900,65900,65900,65900,286
2026-03-16 13:33:00,65800,65900,65800,65900,26
2026-03-16 13:34:00,65900,65900,65700,65800,652
2026-03-16 13:35:00,65800,65800,65800,65800,60
2026-03-16 13:36:00,65800,65800,65800,65800,99
2026-03-16 13:37:00,65800,65800,65700,65700,103
2026-03-16 13:38:00,65700,66000,65700,66000,885
2026-03-16 13:39:00,65800,65800,65800,65800,2
2026-03-16 13:41:00,65800,65800,65700,65700,174
2026-03-16 13:42:00,65700,65800,65600,65700,371
2026-03-16 13:43:00,65700,65700,65600,65700,80
2026-03-16 13:44:00,65700,65700,65600,65600,415
2026-03-16 13:45:00,65600,65600,65400,65500,655
2026-03-16 13:46:00,65500,65500,65500,65500,101
2026-03-16 13:47:00,65500,65500,65400,65400,134
2026-03-16 13:48:00,65400,65500,65400,65400,398
2026-03-16 13:49:00,65500,65500,65300,65500,250
2026-03-16 13:50:00,65400,65400,65300,65400,255
2026-03-16 13:51:00,65400,65400,65400,65400,51
2026-03-16 13:52:00,65500,65500,65400,65400,34
2026-03-16 13:53:00,65500,65600,65400,65500,264
2026-03-16 13:54:00,65500,65500,65400,65500,292
2026-03-16 13:55:00,65500,65500,65500,65500,11
2026-03-16 13:56:00,65500,65500,65500,65500,247
2026-03-16 13:57:00,65600,65600,65600,65600,1
2026-03-16 13:58:00,65600,65600,65300,65300,234
2026-03-16 13:59:00,65400,65400,65400,65400,273
2026-03-16 14:00:00,65400,65600,65400,65600,63
2026-03-16 14:01:00,65600,65600,65500,65500,23
2026-03-16 14:02:00,65500,65600,65500,65600,6
2026-03-16 14:03:00,65600,65600,65500,65500,13
2026-03-16 14:04:00,65400,65500,65400,65400,193
2026-03-16 14:05:00,65500,65500,65300,65400,116
2026-03-16 14:06:00,65300,65400,65300,65400,40
2026-03-16 14:07:00,65400,65400,65400,65400,58
2026-03-16 14:08:00,65500,65600,65400,65600,145
2026-03-16 14:09:00,65600,65600,65400,65400,91
2026-03-16 14:10:00,65400,65500,65300,65400,87
2026-03-16 14:11:00,65400,65500,65400,65500,73
2026-03-16 14:12:00,65400,65500,65400,65400,26
2026-03-16 14:13:00,65400,65400,65400,65400,93
2026-03-16 14:14:00,65400,65500,65400,65500,80
2026-03-16 14:15:00,65500,65500,65400,65500,103
2026-03-16 14:16:00,65600,65600,65600,65600,21
2026-03-16 14:17:00,65600,65700,65500,65700,360
2026-03-16 14:18:00,65600,65600,65500,65500,381
2026-03-16 14:19:00,65500,65500,65500,65500,114
2026-03-16 14:20:00,65500,65600,65400,65400,91
2026-03-16 14:21:00,65400,65400,65400,65400,43
2026-03-16 14:22:00,65500,65500,65400,65400,559
2026-03-16 14:23:00,65400,65400,65400,65400,49
2026-03-16 14:24:00,65400,65400,65400,65400,46
2026-03-16 14:25:00,65400,65500,65400,65400,66
2026-03-16 14:26:00,65500,65500,65400,65400,36
2026-03-16 14:27:00,65500,65500,65300,65300,661
2026-03-16 14:28:00,65300,65300,65300,65300,20
2026-03-16 14:29:00,65400,65400,65400,65400,10
2026-03-16 14:30:00,65400,65400,65400,65400,182
2026-03-16 14:31:00,65400,65500,65400,65500,126
2026-03-16 14:32:00,65500,65500,65400,65400,317
2026-03-16 14:33:00,65400,65400,65400,65400,93
2026-03-16 14:34:00,65400,65500,65300,65400,354
2026-03-16 14:35:00,65500,65500,65400,65500,82
2026-03-16 14:36:00,65500,65500,65400,65400,7
2026-03-16 14:37:00,65400,65400,65400,65400,46
2026-03-16 14:38:00,65500,65500,65500,65500,118
2026-03-16 14:39:00,65500,65500,65500,65500,176
2026-03-16 14:40:00,65500,65500,65500,65500,26
2026-03-16 14:41:00,65400,65400,65400,65400,10
2026-03-16 14:42:00,65500,65700,65400,65600,476
2026-03-16 14:43:00,65600,65600,65600,65600,35
2026-03-16 14:44:00,65600,65600,65500,65500,22
2026-03-16 14:45:00,65600,65600,65600,65600,11
2026-03-16 14:46:00,65500,65600,65500,65600,180
2026-03-16 14:47:00,65600,65600,65600,65600,66
2026-03-16 14:48:00,65600,65600,65600,65600,70
2026-03-16 14:49:00,65600,65700,65600,65700,57
2026-03-16 14:50:00,65700,65900,65500,65800,931
2026-03-16 14:51:00,65800,65800,65800,65800,72
2026-03-16 14:52:00,65800,65800,65800,65800,36
2026-03-16 14:53:00,65900,65900,65800,65900,451
2026-03-16 14:54:00,65900,65900,65900,65900,6
2026-03-16 14:55:00,65800,65800,65800,65800,230
2026-03-16 14:56:00,65800,65900,65800,65900,224
2026-03-16 14:57:00,65900,66000,65900,66000,361
2026-03-16 14:58:00,66100,66200,66100,66200,605
2026-03-16 14:59:00,66200,66300,66100,66200,333
2026-03-16 15:00:00,66200,66200,66200,66200,219
2026-03-16 15:01:00,66200,66400,66200,66300,644
2026-03-16 15:02:00,66200,66200,66200,66200,339
2026-03-16 15:03:00,66300,66300,66200,66200,239
2026-03-16 15:04:00,66200,66400,66200,66400,407
2026-03-16 15:05:00,66300,66300,66200,66300,199
2026-03-16 15:06:00,66300,66400,66300,66300,140
2026-03-16 15:07:00,66300,66300,66300,66300,259
2026-03-16 15:08:00,66300,66300,66300,66300,411
2026-03-16 15:09:00,66300,66400,66300,66400,36
2026-03-16 15:10:00,66300,66500,66300,66400,719
2026-03-16 15:11:00,66400,66400,66300,66300,85
2026-03-16 15:12:00,66400,66400,66300,66400,194
2026-03-16 15:13:00,66400,66400,66300,66400,95
2026-03-16 15:14:00,66300,66300,66200,66300,781
2026-03-16 15:15:00,66200,66400,66200,66400,373
2026-03-16 15:16:00,66300,66300,66200,66300,282
2026-03-16 15:17:00,66300,66300,66200,66200,40
2026-03-16 15:18:00,66300,66300,66000,66100,546
2026-03-16 15:19:00,66100,66100,66000,66100,204
2026-03-16 15:30:00,66000,66000,66000,66000,2070
2026-03-16 15:35:00,66000,66000,66000,66000,38
2026-03-17 09:00:00,66800,67200,66600,66700,1266
2026-03-17 09:01:00,66600,66700,66200,66400,2064
2026-03-17 09:02:00,66400,66400,66300,66400,475
2026-03-17 09:03:00,66400,66500,66300,66400,858
2026-03-17 09:04:00,66400,66600,66400,66600,872
2026-03-17 09:05:00,66400,66500,66300,66400,581
2026-03-17 09:06:00,66300,66600,66100,66600,1484
2026-03-17 09:07:00,66600,66600,66300,66400,419
2026-03-17 09:08:00,66500,66600,66200,66300,685
2026-03-17 09:09:00,66400,66400,66200,66200,124
2026-03-17 09:10:00,66200,66300,66000,66150,1405
2026-03-17 09:11:00,66150,66300,66100,66200,629
2026-03-17 09:12:00,66300,66300,66100,66200,196
2026-03-17 09:13:00,66200,66300,66200,66300,313
2026-03-17 09:14:00,66300,66400,66300,66300,97
2026-03-17 09:15:00,66400,66500,66300,66500,1344
2026-03-17 09:16:00,66500,66700,66500,66700,963
2026-03-17 09:17:00,66500,66600,66400,66400,370
2026-03-17 09:18:00,66300,66300,66300,66300,341
2026-03-17 09:19:00,66300,66600,66300,66400,118
2026-03-17 09:20:00,66450,66600,66400,66600,210
2026-03-17 09:21:00,66500,66500,66400,66500,85
2026-03-17 09:22:00,66500,66500,66400,66400,534
2026-03-17 09:23:00,66400,66500,66400,66400,305
2026-03-17 09:24:00,66400,66400,66300,66300,360
2026-03-17 09:25:00,66400,66400,66200,66300,1468
2026-03-17 09:26:00,66300,66300,66200,66300,60
2026-03-17 09:27:00,66300,66300,66100,66100,468
2026-03-17 09:28:00,66100,66100,65900,66000,2211
2026-03-17 09:29:00,65900,66100,65900,66000,170
2026-03-17 09:30:00,66000,66200,66000,66100,364
2026-03-17 09:31:00,66100,66200,66100,66200,136
2026-03-17 09:32:00,66200,66300,66200,66200,158
2026-03-17 09:33:00,66200,66200,66100,66200,273
2026-03-17 09:34:00,66200,66200,66100,66200,163
2026-03-17 09:35:00,66200,66200,66000,66100,242
2026-03-17 09:36:00,66100,66100,66000,66100,144
2026-03-17 09:37:00,66100,66100,66000,66100,139
2026-03-17 09:38:00,66100,66100,66000,66000,461
2026-03-17 09:39:00,66000,66200,66000,66000,304
2026-03-17 09:40:00,66000,66000,65900,66000,363
2026-03-17 09:41:00,65900,66000,65900,66000,489
2026-03-17 09:42:00,65900,66000,65800,65800,559
2026-03-17 09:43:00,65800,65900,65800,65800,500
2026-03-17 09:44:00,65800,65800,65700,65800,411
2026-03-17 09:45:00,65800,66100,65800,66100,299
2026-03-17 09:46:00,66100,66200,66000,66100,196
2026-03-17 09:47:00,66100,66100,66000,66000,190
2026-03-17 09:48:00,66100,66100,66000,66000,161
2026-03-17 09:49:00,66100,66100,66000,66000,160
2026-03-17 09:50:00,66000,66000,66000,66000,407
2026-03-17 09:51:00,66000,66000,65900,66000,446
2026-03-17 09:52:00,66000,66100,66000,66100,219
2026-03-17 09:53:00,66100,66100,65900,65900,96
2026-03-17 09:54:00,66000,66100,66000,66000,337
2026-03-17 09:55:00,66000,66000,65900,65900,226
2026-03-17 09:56:00,65900,65900,65700,65900,978
2026-03-17 09:57:00,65800,66000,65800,65900,267
2026-03-17 09:58:00,65900,66100,65900,66000,402
2026-03-17 09:59:00,66000,66000,65900,65950,231
2026-03-17 10:00:00,65950,66000,65900,66000,123
2026-03-17 10:01:00,66000,66000,66000,66000,373
2026-03-17 10:02:00,66000,66100,66000,66100,178
2026-03-17 10:03:00,66100,66100,66100,66100,94
2026-03-17 10:04:00,66100,66100,66000,66000,144
2026-03-17 10:05:00,66000,66100,66000,66100,153
2026-03-17 10:06:00,66100,66100,66100,66100,53
2026-03-17 10:07:00,66100,66300,66100,66300,493
2026-03-17 10:08:00,66300,66400,66300,66300,127
2026-03-17 10:09:00,66400,66400,66300,66300,47
2026-03-17 10:10:00,66200,66300,66200,66300,37
2026-03-17 10:11:00,66300,66300,66200,66300,179
2026-03-17 10:12:00,66400,66400,66200,66200,380
2026-03-17 10:13:00,66200,66400,66200,66300,55
2026-03-17 10:14:00,66300,66400,66300,66300,457
2026-03-17 10:15:00,66400,66400,66400,66400,156
2026-03-17 10:16:00,66400,66400,66400,66400,140
2026-03-17 10:17:00,66300,66400,66300,66400,68
2026-03-17 10:18:00,66400,66400,66300,66400,282
2026-03-17 10:19:00,66400,66400,66300,66300,56
2026-03-17 10:21:00,66300,66400,66200,66300,199
2026-03-17 10:22:00,66300,66300,66200,66200,25
2026-03-17 10:23:00,66200,66300,66200,66300,453
2026-03-17 10:24:00,66300,66300,66200,66200,54
2026-03-17 10:25:00,66200,66300,66200,66300,449
2026-03-17 10:26:00,66100,66100,66100,66100,11
2026-03-17 10:27:00,66200,66200,66000,66100,502
2026-03-17 10:28:00,66100,66100,66000,66000,10
2026-03-17 10:29:00,66000,66000,66000,66000,15
2026-03-17 10:30:00,66000,66100,66000,66100,12
2026-03-17 10:31:00,66100,66200,66100,66200,38
2026-03-17 10:32:00,66200,66200,66100,66200,113
2026-03-17 10:33:00,66200,66200,66100,66100,131
2026-03-17 10:34:00,66100,66100,66100,66100,7
2026-03-17 10:35:00,66100,66200,66100,66200,100
2026-03-17 10:36:00,66000,66000,66000,66000,69
2026-03-17 10:37:00,66100,66100,65900,65900,408
2026-03-17 10:38:00,66000,66000,65900,66000,173
2026-03-17 10:39:00,65900,65900,65900,65900,539
2026-03-17 10:40:00,65800,65900,65800,65900,153
2026-03-17 10:41:00,65900,66000,65800,65900,174
2026-03-17 10:42:00,65900,65900,65800,65900,42
2026-03-17 10:43:00,65900,65900,65900,65900,72
2026-03-17 10:44:00,65900,65900,65900,65900,109
2026-03-17 10:45:00,65900,65900,65800,65900,23
2026-03-17 10:46:00,65800,65800,65700,65700,393
2026-03-17 10:47:00,65700,65700,65600,65600,1158
2026-03-17 10:48:00,65600,65700,65500,65700,125
2026-03-17 10:49:00,65700,65700,65600,65700,40
2026-03-17 10:50:00,65700,65700,65700,65700,57
2026-03-17 10:51:00,65700,65700,65600,65600,115
2026-03-17 10:52:00,65600,65700,65600,65600,139
2026-03-17 10:53:00,65600,65600,65600,65600,315
2026-03-17 10:54:00,65600,65700,65500,65600,656
2026-03-17 10:55:00,65700,65700,65700,65700,37
2026-03-17 10:56:00,65800,65800,65700,65700,18
2026-03-17 10:57:00,65700,65700,65700,65700,144
2026-03-17 10:58:00,65700,65900,65600,65800,330
2026-03-17 10:59:00,65800,65800,65700,65700,54
2026-03-17 11:00:00,65800,65900,65700,65900,535
2026-03-17 11:01:00,65900,65900,65900,65900,26
2026-03-17 11:02:00,65900,66000,65900,65900,73
2026-03-17 11:03:00,66000,66000,66000,66000,1
2026-03-17 11:04:00,65900,65900,65900,65900,3
2026-03-17 11:05:00,66000,66000,66000,66000,67
2026-03-17 11:06:00,66000,66100,66000,66000,115
2026-03-17 11:07:00,66000,66100,66000,66100,113
2026-03-17 11:08:00,66000,66000,66000,66000,214
2026-03-17 11:09:00,66100,66200,66100,66200,367
2026-03-17 11:10:00,66100,66200,66100,66200,50
2026-03-17 11:11:00,66200,66200,66200,66200,40
2026-03-17 11:12:00,66200,66200,66200,66200,29
2026-03-17 11:13:00,66200,66300,66200,66200,3
2026-03-17 11:14:00,66200,66400,66200,66400,1047
2026-03-17 11:15:00,66300,66300,66300,66300,123
2026-03-17 11:16:00,66200,66200,66200,66200,33
2026-03-17 11:17:00,66200,66200,66200,66200,143
2026-03-17 11:18:00,66300,66300,66300,66300,113
2026-03-17 11:19:00,66300,66400,66300,66300,103
2026-03-17 11:20:00,66300,66400,66300,66300,25
2026-03-17 11:21:00,66300,66400,66300,66400,32
2026-03-17 11:22:00,66300,66400,66300,66300,51
2026-03-17 11:23:00,66300,66400,66300,66400,53
2026-03-17 11:24:00,66400,66400,66400,66400,14
2026-03-17 11:25:00,66400,66400,66300,66300,505
2026-03-17 11:26:00,66300,66400,66300,66400,6
2026-03-17 11:27:00,66300,66300,66300,66300,4
2026-03-17 11:28:00,66400,66400,66300,66300,13
2026-03-17 11:29:00,66400,66400,66300,66400,77
2026-03-17 11:30:00,66300,66400,66300,66400,4
2026-03-17 11:31:00,66300,66400,66300,66300,88
2026-03-17 11:32:00,66300,66400,66300,66400,19
2026-03-17 11:33:00,66400,66400,66300,66300,15
2026-03-17 11:34:00,66300,66300,66200,66300,62
2026-03-17 11:35:00,66200,66200,66100,66100,69
2026-03-17 11:36:00,66200,66300,66200,66200,120
2026-03-17 11:37:00,66200,66200,66200,66200,10
2026-03-17 11:38:00,66300,66300,66300,66300,52
2026-03-17 11:39:00,66300,66300,66200,66300,23
2026-03-17 11:40:00,66300,66300,66300,66300,3
2026-03-17 11:41:00,66300,66300,66300,66300,22
2026-03-17 11:42:00,66300,66300,66300,66300,4
2026-03-17 11:43:00,66300,66300,66200,66200,56
2026-03-17 11:44:00,66300,66300,66200,66200,150
2026-03-17 11:45:00,66100,66200,66100,66200,182
2026-03-17 11:46:00,66200,66200,66100,66200,25
2026-03-17 11:47:00,66100,66200,66100,66200,858
2026-03-17 11:48:00,66200,66200,66100,66200,106
2026-03-17 11:49:00,66200,66300,66200,66200,124
2026-03-17 11:50:00,66200,66300,66200,66200,122
2026-03-17 11:51:00,66200,66300,66200,66300,10
2026-03-17 11:52:00,66200,66200,66200,66200,5
2026-03-17 11:53:00,66200,66200,66100,66100,241
2026-03-17 11:54:00,66200,66200,66100,66100,2
2026-03-17 11:55:00,66100,66100,66000,66000,5
2026-03-17 11:56:00,66000,66100,66000,66100,2
2026-03-17 11:57:00,66100,66100,66100,66100,54
2026-03-17 11:58:00,66100,66100,66100,66100,45
2026-03-17 11:59:00,66100,66100,66100,66100,12
2026-03-17 12:00:00,66100,66100,66000,66000,2
2026-03-17 12:01:00,66050,66100,66000,66000,56
2026-03-17 12:02:00,66000,66100,66000,66100,56
2026-03-17 12:03:00,66100,66100,66100,66100,75
2026-03-17 12:04:00,66100,66200,66100,66200,363
2026-03-17 12:05:00,66200,66200,66100,66100,18
2026-03-17 12:06:00,66100,66100,66100,66100,5
2026-03-17 12:07:00,66050,66100,66000,66000,111
2026-03-17 12:08:00,66100,66100,66000,66100,27
2026-03-17 12:09:00,66100,66300,66100,66300,253
2026-03-17 12:10:00,66200,66400,66200,66300,732
2026-03-17 12:11:00,66300,66400,66300,66300,6
2026-03-17 12:12:00,66400,66400,66300,66300,497
2026-03-17 12:13:00,66300,66400,66200,66400,87
2026-03-17 12:14:00,66400,66500,66200,66200,197
2026-03-17 12:15:00,66500,66900,66500,66700,1901
2026-03-17 12:16:00,66700,66800,66700,66700,100
2026-03-17 12:17:00,66700,66800,66700,66800,193
2026-03-17 12:18:00,66800,66900,66600,66800,261
2026-03-17 12:19:00,66800,66800,66500,66800,205
2026-03-17 12:20:00,66800,66900,66700,66700,41
2026-03-17 12:21:00,66700,66700,66700,66700,110
2026-03-17 12:22:00,66700,66700,66600,66600,144
2026-03-17 12:23:00,66600,66600,66600,66600,52
2026-03-17 12:24:00,66600,66700,66600,66700,92
2026-03-17 12:25:00,66700,66700,66600,66700,34
2026-03-17 12:26:00,66700,66700,66600,66700,125
2026-03-17 12:27:00,66700,66700,66600,66600,32
2026-03-17 12:28:00,66600,66700,66600,66600,250
2026-03-17 12:29:00,66700,66700,66700,66700,133
2026-03-17 12:30:00,66700,66700,66700,66700,1
2026-03-17 12:31:00,66600,66700,66600,66600,27
2026-03-17 12:32:00,66700,66700,66600,66600,53
2026-03-17 12:33:00,66600,66600,66600,66600,14
2026-03-17 12:34:00,66600,66700,66600,66700,20
2026-03-17 12:35:00,66600,66700,66600,66700,43
2026-03-17 12:36:00,66700,66700,66600,66700,108
2026-03-17 12:37:00,66700,66700,66600,66600,204
2026-03-17 12:38:00,66600,66700,66600,66600,348
2026-03-17 12:39:00,66500,66500,66300,66400,336
2026-03-17 12:41:00,66400,66400,66300,66300,36
2026-03-17 12:42:00,66300,66300,66200,66300,776
2026-03-17 12:43:00,66300,66300,66200,66200,8
2026-03-17 12:44:00,66300,66300,66200,66300,25
2026-03-17 12:45:00,66300,66300,66300,66300,104
2026-03-17 12:46:00,66300,66300,66200,66200,34
2026-03-17 12:47:00,66200,66300,66200,66200,107
2026-03-17 12:48:00,66200,66300,66200,66200,13
2026-03-17 12:49:00,66250,66400,66200,66400,105
2026-03-17 12:50:00,66400,66400,66400,66400,1
2026-03-17 12:51:00,66400,66400,66400,66400,83
2026-03-17 12:52:00,66500,66600,66500,66500,101
2026-03-17 12:53:00,66600,66600,66300,66300,51
2026-03-17 12:54:00,66500,66600,66500,66600,36
2026-03-17 12:55:00,66500,66500,66400,66500,33
2026-03-17 12:56:00,66500,66500,66400,66400,109
2026-03-17 12:57:00,66400,66500,66200,66200,203
2026-03-17 12:58:00,66200,66400,66100,66400,139
2026-03-17 12:59:00,66400,66400,66400,66400,111
2026-03-17 13:00:00,66400,66500,66400,66500,18
2026-03-17 13:01:00,66500,66500,66400,66400,7
2026-03-17 13:02:00,66400,66500,66400,66400,83
2026-03-17 13:03:00,66400,66500,66400,66500,20
2026-03-17 13:04:00,66400,66400,66400,66400,13
2026-03-17 13:05:00,66400,66400,66400,66400,128
2026-03-17 13:06:00,66400,66400,66400,66400,32
2026-03-17 13:07:00,66500,66500,66400,66400,11
2026-03-17 13:08:00,66500,66500,66500,66500,1
2026-03-17 13:09:00,66500,66500,66500,66500,29
2026-03-17 13:10:00,66400,66500,66400,66500,7
2026-03-17 13:11:00,66400,66400,66400,66400,13
2026-03-17 13:12:00,66500,66500,66400,66500,26
2026-03-17 13:13:00,66400,66400,66300,66300,117
2026-03-17 13:14:00,66300,66400,66300,66400,28
2026-03-17 13:15:00,66400,66400,66300,66400,23
2026-03-17 13:16:00,66400,66400,66300,66400,233
2026-03-17 13:17:00,66400,66400,66400,66400,1
2026-03-17 13:18:00,66300,66300,66250,66300,161
2026-03-17 13:19:00,66300,66400,66300,66300,157
2026-03-17 13:20:00,66400,66400,66400,66400,9
2026-03-17 13:21:00,66400,66400,66400,66400,10
2026-03-17 13:22:00,66400,66400,66400,66400,1
2026-03-17 13:23:00,66400,66400,66300,66300,238
2026-03-17 13:24:00,66400,66400,66300,66400,19
2026-03-17 13:25:00,66300,66400,66300,66300,23
2026-03-17 13:26:00,66300,66400,66300,66400,28
2026-03-17 13:27:00,66300,66300,66300,66300,36
2026-03-17 13:28:00,66300,66400,66300,66400,8
2026-03-17 13:29:00,66200,66400,66200,66300,51
2026-03-17 13:30:00,66400,66400,66300,66300,24
2026-03-17 13:31:00,66300,66300,66200,66300,84
2026-03-17 13:32:00,66200,66300,66200,66300,4
2026-03-17 13:33:00,66300,66300,66200,66300,252
2026-03-17 13:34:00,66200,66300,66200,66300,148
2026-03-17 13:35:00,66200,66400,66100,66400,851
2026-03-17 13:36:00,66300,66300,66300,66300,101
2026-03-17 13:37:00,66200,66200,66200,66200,50
2026-03-17 13:38:00,66300,66300,66300,66300,201
2026-03-17 13:39:00,66250,66300,66200,66200,39
2026-03-17 13:40:00,66200,66300,66200,66200,35
2026-03-17 13:41:00,66200,66300,66100,66300,288
2026-03-17 13:42:00,66300,66300,66300,66300,1
2026-03-17 13:43:00,66300,66300,66300,66300,9
2026-03-17 13:44:00,66300,66300,66200,66200,209
2026-03-17 13:45:00,66300,66300,66200,66200,2
2026-03-17 13:46:00,66200,66300,66200,66300,24
2026-03-17 13:47:00,66200,66300,66200,66300,111
2026-03-17 13:48:00,66300,66300,66300,66300,10
2026-03-17 13:49:00,66300,66300,66200,66300,54
2026-03-17 13:50:00,66300,66300,66200,66200,131
2026-03-17 13:51:00,66200,66300,66200,66300,34
2026-03-17 13:52:00,66200,66300,66200,66300,244
2026-03-17 13:53:00,66200,66200,66200,66200,2
2026-03-17 13:54:00,66300,66300,66300,66300,1
2026-03-17 13:55:00,66200,66300,66200,66300,118
2026-03-17 13:56:00,66200,66300,66200,66300,474
2026-03-17 13:57:00,66300,66300,66200,66300,57
2026-03-17 13:58:00,66200,66200,66200,66200,1
2026-03-17 13:59:00,66300,66300,66300,66300,508
2026-03-17 14:00:00,66300,66400,66300,66300,102
2026-03-17 14:01:00,66300,66300,66300,66300,3
2026-03-17 14:02:00,66300,66300,66300,66300,51
2026-03-17 14:03:00,66300,66300,66300,66300,4
2026-03-17 14:04:00,66300,66300,66200,66200,17
2026-03-17 14:05:00,66300,66300,66300,66300,696
2026-03-17 14:06:00,66200,66400,66200,66300,46
2026-03-17 14:07:00,66400,66400,66400,66400,28
2026-03-17 14:08:00,66300,66400,66300,66400,5
2026-03-17 14:09:00,66400,66600,66400,66500,810
2026-03-17 14:10:00,66500,66700,66500,66700,344
2026-03-17 14:11:00,66700,66800,66700,66700,225
2026-03-17 14:12:00,66800,66800,66700,66700,287
2026-03-17 14:13:00,66700,66800,66700,66800,265
2026-03-17 14:14:00,66700,66800,66700,66700,195
2026-03-17 14:15:00,66800,66800,66800,66800,528
2026-03-17 14:16:00,66800,66800,66700,66800,45
2026-03-17 14:17:00,66800,66800,66700,66700,31
2026-03-17 14:18:00,66700,66800,66700,66700,79
2026-03-17 14:19:00,66700,66700,66700,66700,139
2026-03-17 14:20:00,66700,66700,66600,66700,133
2026-03-17 14:21:00,66800,66800,66800,66800,6
2026-03-17 14:22:00,66700,66800,66600,66600,230
2026-03-17 14:23:00,66700,66800,66700,66800,79
2026-03-17 14:24:00,66700,66700,66700,66700,8
2026-03-17 14:25:00,66800,66800,66700,66700,75
2026-03-17 14:26:00,66700,66700,66700,66700,47
2026-03-17 14:27:00,66700,66700,66600,66700,62
2026-03-17 14:28:00,66600,66800,66300,66800,1068
2026-03-17 14:29:00,66700,66700,66600,66600,27
2026-03-17 14:30:00,66700,66700,66700,66700,1
2026-03-17 14:31:00,66700,66700,66700,66700,1
2026-03-17 14:32:00,66600,66700,66600,66600,41
2026-03-17 14:33:00,66600,66700,66600,66700,14
2026-03-17 14:34:00,66700,66700,66600,66700,5
2026-03-17 14:35:00,66700,66700,66700,66700,42
2026-03-17 14:36:00,66700,66700,66500,66500,139
2026-03-17 14:37:00,66500,66500,66500,66500,26
2026-03-17 14:38:00,66500,66600,66500,66600,124
2026-03-17 14:39:00,66500,66500,66400,66500,21
2026-03-17 14:40:00,66500,66500,66500,66500,2
2026-03-17 14:41:00,66500,66500,66500,66500,92
2026-03-17 14:42:00,66500,66500,66300,66500,864
2026-03-17 14:43:00,66300,66500,66300,66300,114
2026-03-17 14:44:00,66300,66300,66200,66300,48
2026-03-17 14:45:00,66200,66300,66200,66300,151
2026-03-17 14:46:00,66300,66400,66200,66300,156
2026-03-17 14:47:00,66400,66400,66200,66200,205
2026-03-17 14:48:00,66300,66300,66100,66200,242
2026-03-17 14:49:00,66200,66200,66200,66200,35
2026-03-17 14:50:00,66200,66200,66100,66200,223
2026-03-17 14:51:00,66200,66200,66200,66200,2
2026-03-17 14:52:00,66200,66200,66200,66200,2
2026-03-17 14:53:00,66200,66200,66000,66100,458
2026-03-17 14:54:00,66100,66100,66000,66100,89
2026-03-17 14:55:00,66050,66100,66000,66100,683
2026-03-17 14:56:00,66100,66100,66100,66100,152
2026-03-17 14:57:00,66000,66100,66000,66100,58
2026-03-17 14:58:00,66100,66100,66000,66000,176
2026-03-17 14:59:00,66000,66000,65900,65900,1886
2026-03-17 15:00:00,65900,66000,65800,65800,433
2026-03-17 15:01:00,65900,65900,65900,65900,297
2026-03-17 15:02:00,65900,65900,65800,65900,46
2026-03-17 15:03:00,65900,65900,65800,65800,740
2026-03-17 15:04:00,65700,65800,65700,65700,275
2026-03-17 15:05:00,65800,65800,65700,65700,771
2026-03-17 15:06:00,65700,65700,65500,65600,710
2026-03-17 15:07:00,65600,65600,65500,65500,959
2026-03-17 15:08:00,65500,65600,65500,65600,519
2026-03-17 15:09:00,65500,65600,65500,65500,456
2026-03-17 15:10:00,65500,65500,65400,65500,362
2026-03-17 15:11:00,65500,65700,65500,65700,740
2026-03-17 15:12:00,65800,65800,65600,65700,146
2026-03-17 15:13:00,65700,65700,65600,65600,369
2026-03-17 15:14:00,65600,65600,65400,65500,455
2026-03-17 15:15:00,65500,65500,65300,65400,1237
2026-03-17 15:16:00,65400,65500,65300,65500,900
2026-03-17 15:17:00,65700,65700,65400,65500,271
2026-03-17 15:18:00,65500,65600,65400,65600,673
2026-03-17 15:19:00,65500,65700,65500,65500,340
2026-03-17 15:30:00,65300,65300,65300,65300,3583
2026-03-17 15:35:00,65300,65300,65300,65300,65
2026-03-18 09:00:00,65300,66100,65300,65400,10823
2026-03-18 09:01:00,65500,65700,65400,65600,550
2026-03-18 09:02:00,65600,65700,65500,65500,610
2026-03-18 09:03:00,65500,65500,65500,65500,501
2026-03-18 09:04:00,65500,65600,65500,65600,327
2026-03-18 09:05:00,65600,65700,65500,65500,1018
2026-03-18 09:06:00,65500,65600,65400,65400,634
2026-03-18 09:07:00,65400,65400,65400,65400,302
2026-03-18 09:08:00,65500,65600,65400,65500,438
2026-03-18 09:09:00,65400,65500,65300,65400,397
2026-03-18 09:10:00,65400,65600,65200,65500,1608
2026-03-18 09:11:00,65400,65500,65400,65400,434
2026-03-18 09:12:00,65400,65400,65400,65400,293
2026-03-18 09:13:00,65500,65500,65400,65400,169
2026-03-18 09:14:00,65400,65400,65400,65400,273
2026-03-18 09:15:00,65400,65500,65400,65500,372
2026-03-18 09:16:00,65500,65600,65500,65600,402
2026-03-18 09:17:00,65600,65800,65600,65600,254
2026-03-18 09:18:00,65600,65700,65600,65600,1081
2026-03-18 09:19:00,65600,65600,65300,65600,647
2026-03-18 09:20:00,65700,65800,65400,65400,698
2026-03-18 09:21:00,65700,65800,65700,65700,287
2026-03-18 09:22:00,65800,65800,65400,65500,436
2026-03-18 09:24:00,65600,65700,65500,65700,254
2026-03-18 09:25:00,65700,65700,65600,65700,89
2026-03-18 09:26:00,65500,65600,65500,65500,407
2026-03-18 09:27:00,65600,65600,65400,65500,824
2026-03-18 09:28:00,65500,65500,65400,65500,377
2026-03-18 09:29:00,65500,65500,65400,65400,86
2026-03-18 09:30:00,65400,65500,65300,65400,952
2026-03-18 09:31:00,65400,65500,65300,65500,76
2026-03-18 09:32:00,65400,65400,65300,65300,345
2026-03-18 09:33:00,65300,65300,65300,65300,745
2026-03-18 09:34:00,65200,65300,65100,65100,661
2026-03-18 09:35:00,65200,65400,65200,65200,680
2026-03-18 09:36:00,65300,65400,65300,65300,86
2026-03-18 09:37:00,65400,65400,65300,65400,286
2026-03-18 09:38:00,65400,65400,65400,65400,568
2026-03-18 09:39:00,65400,65500,65200,65300,610
2026-03-18 09:40:00,65300,65400,65300,65300,321
2026-03-18 09:41:00,65300,65400,65300,65400,27
2026-03-18 09:42:00,65400,65500,65400,65500,37
2026-03-18 09:43:00,65400,65400,65400,65400,210
2026-03-18 09:44:00,65400,65500,65400,65500,390
2026-03-18 09:45:00,65400,65500,65400,65500,295
2026-03-18 09:46:00,65500,65500,65300,65400,244
2026-03-18 09:47:00,65400,65400,65300,65400,75
2026-03-18 09:48:00,65400,65500,65400,65400,179
2026-03-18 09:49:00,65400,65500,65400,65500,26
2026-03-18 09:50:00,65400,65400,65400,65400,350
2026-03-18 09:51:00,65400,65400,65400,65400,18
2026-03-18 09:52:00,65400,65400,65200,65200,710
2026-03-18 09:53:00,65300,65400,65200,65300,962
2026-03-18 09:54:00,65300,65400,65300,65400,381
2026-03-18 09:55:00,65500,65500,65500,65500,206
2026-03-18 09:56:00,65500,65500,65300,65400,284
2026-03-18 09:57:00,65500,65500,65300,65400,43
2026-03-18 09:58:00,65400,65500,65400,65400,122
2026-03-18 09:59:00,65500,65500,65400,65400,72
2026-03-18 10:00:00,65400,65600,65300,65600,617
2026-03-18 10:01:00,65300,65500,65300,65500,93
2026-03-18 10:02:00,65400,65600,65300,65400,759
2026-03-18 10:03:00,65600,65600,65400,65500,475
2026-03-18 10:04:00,65400,65500,65400,65500,462
2026-03-18 10:05:00,65400,65400,65400,65400,43
2026-03-18 10:06:00,65400,65400,65300,65300,94
2026-03-18 10:07:00,65300,65400,65300,65300,649
2026-03-18 10:08:00,65300,65400,65300,65400,757
2026-03-18 10:09:00,65300,65400,65300,65400,173
2026-03-18 10:10:00,65400,65400,65200,65300,633
2026-03-18 10:11:00,65300,65300,65200,65300,64
2026-03-18 10:12:00,65300,65300,65200,65300,249
2026-03-18 10:13:00,65300,65300,65300,65300,304
2026-03-18 10:14:00,65300,65300,65200,65300,870
2026-03-18 10:15:00,65300,65400,65200,65200,410
2026-03-18 10:16:00,65400,65400,65400,65400,312
2026-03-18 10:17:00,65300,65400,65300,65300,114
2026-03-18 10:18:00,65300,65400,65200,65300,555
2026-03-18 10:19:00,65300,65400,65200,65300,285
2026-03-18 10:20:00,65200,65300,65200,65300,252
2026-03-18 10:21:00,65300,65300,65200,65200,255
2026-03-18 10:22:00,65300,65300,65200,65200,67
2026-03-18 10:23:00,65300,65300,65200,65200,217
2026-03-18 10:24:00,65300,65400,65300,65300,525
2026-03-18 10:25:00,65300,65400,65300,65400,73
2026-03-18 10:26:00,65400,65400,65400,65400,154
2026-03-18 10:27:00,65400,65500,65400,65500,251
2026-03-18 10:28:00,65400,65400,65300,65400,151
2026-03-18 10:29:00,65300,65300,65300,65300,20
2026-03-18 10:30:00,65300,65400,65300,65400,198
2026-03-18 10:31:00,65400,65400,65300,65300,148
2026-03-18 10:32:00,65400,65400,65400,65400,82
2026-03-18 10:33:00,65300,65400,65300,65400,101
2026-03-18 10:34:00,65300,65300,65300,65300,100
2026-03-18 10:35:00,65300,65300,65300,65300,726
2026-03-18 10:36:00,65300,65300,65200,65300,176
2026-03-18 10:37:00,65300,65400,65200,65400,103
2026-03-18 10:38:00,65400,65400,65300,65300,168
2026-03-18 10:39:00,65300,65300,65300,65300,278
2026-03-18 10:40:00,65400,65500,65300,65500,407
2026-03-18 10:41:00,65500,65500,65400,65500,764
2026-03-18 10:42:00,65600,65600,65500,65600,92
2026-03-18 10:43:00,65600,65600,65500,65500,177
2026-03-18 10:44:00,65500,65600,65300,65600,340
2026-03-18 10:45:00,65500,65500,65500,65500,14
2026-03-18 10:46:00,65500,65600,65500,65600,123
2026-03-18 10:47:00,65600,65700,65500,65500,925
2026-03-18 10:48:00,65500,65500,65500,65500,123
2026-03-18 10:49:00,65600,65600,65500,65600,944
2026-03-18 10:50:00,65600,65600,65500,65500,92
2026-03-18 10:51:00,65500,65500,65500,65500,102
2026-03-18 10:52:00,65600,65600,65600,65600,18
2026-03-18 10:53:00,65600,65700,65600,65600,71
2026-03-18 10:54:00,65600,65600,65500,65500,132
2026-03-18 10:55:00,65500,65500,65400,65400,687
2026-03-18 10:56:00,65400,65500,65400,65400,685
2026-03-18 10:57:00,65500,65600,65500,65500,223
2026-03-18 10:58:00,65400,65400,65400,65400,150
2026-03-18 10:59:00,65400,65400,65400,65400,2
2026-03-18 11:00:00,65400,65400,65300,65400,302
2026-03-18 11:01:00,65400,65500,65400,65500,95
2026-03-18 11:02:00,65400,65400,65300,65300,140
2026-03-18 11:03:00,65400,65500,65400,65500,47
2026-03-18 11:04:00,65300,65400,65300,65400,353
2026-03-18 11:05:00,65400,65400,65400,65400,14
2026-03-18 11:06:00,65400,65400,65400,65400,1
2026-03-18 11:07:00,65400,65400,65400,65400,1
2026-03-18 11:08:00,65400,65400,65400,65400,4
2026-03-18 11:09:00,65400,65400,65400,65400,105
2026-03-18 11:10:00,65400,65500,65300,65400,244
2026-03-18 11:11:00,65400,65500,65400,65500,62
2026-03-18 11:12:00,65500,65500,65400,65500,90
2026-03-18 11:13:00,65500,65500,65400,65400,5
2026-03-18 11:14:00,65400,65500,65400,65500,50
2026-03-18 11:15:00,65400,65400,65300,65400,67
2026-03-18 11:16:00,65400,65400,65300,65300,114
2026-03-18 11:17:00,65300,65400,65300,65400,12
2026-03-18 11:18:00,65400,65400,65300,65400,305
2026-03-18 11:19:00,65400,65500,65400,65500,131
2026-03-18 11:20:00,65400,65400,65400,65400,16
2026-03-18 11:21:00,65400,65400,65300,65300,31
2026-03-18 11:22:00,65400,65400,65400,65400,14
2026-03-18 11:23:00,65400,65400,65400,65400,4
2026-03-18 11:24:00,65400,65400,65100,65100,1431
2026-03-18 11:25:00,65200,65300,65200,65300,289
2026-03-18 11:26:00,65300,65300,65300,65300,18
2026-03-18 11:27:00,65200,65300,65200,65300,149
2026-03-18 11:28:00,65300,65300,65200,65200,19
2026-03-18 11:29:00,65300,65300,65200,65300,373
2026-03-18 11:30:00,65200,65300,65200,65200,40
2026-03-18 11:31:00,65200,65300,65100,65200,298
2026-03-18 11:32:00,65200,65300,65100,65200,113
2026-03-18 11:33:00,65100,65200,65100,65200,586
2026-03-18 11:34:00,65150,65200,65100,65100,961
2026-03-18 11:35:00,65200,65200,65100,65100,15
2026-03-18 11:36:00,65100,65200,65100,65100,10
2026-03-18 11:37:00,65200,65200,65200,65200,4
2026-03-18 11:38:00,65200,65200,65100,65100,72
2026-03-18 11:39:00,65100,65100,65100,65100,68
2026-03-18 11:40:00,65100,65100,64900,64900,2371
2026-03-18 11:41:00,65000,65000,64900,64900,126
2026-03-18 11:42:00,64900,65000,64900,65000,409
2026-03-18 11:43:00,65000,65000,65000,65000,133
2026-03-18 11:44:00,64900,64900,64900,64900,2052
2026-03-18 11:45:00,64800,64800,64800,64800,280
2026-03-18 11:46:00,64900,64900,64800,64800,32
2026-03-18 11:47:00,64900,64900,64800,64800,198
2026-03-18 11:48:00,64800,64900,64800,64800,446
2026-03-18 11:49:00,64800,64900,64700,64900,154
2026-03-18 11:50:00,64900,64900,64900,64900,36
2026-03-18 11:51:00,64800,64900,64800,64800,325
2026-03-18 11:52:00,64900,64900,64800,64800,550
2026-03-18 11:53:00,64900,64900,64900,64900,27
2026-03-18 11:54:00,64900,64900,64900,64900,17
2026-03-18 11:55:00,64900,64900,64800,64900,39
2026-03-18 11:56:00,64900,64900,64800,64900,377
2026-03-18 11:57:00,64900,64900,64900,64900,172
2026-03-18 11:58:00,64900,64900,64800,64800,15
2026-03-18 11:59:00,64900,64900,64900,64900,171
2026-03-18 12:00:00,64900,64900,64800,64900,25
2026-03-18 12:01:00,64900,64900,64900,64900,22
2026-03-18 12:02:00,64900,64900,64900,64900,18
2026-03-18 12:03:00,64900,64900,64900,64900,85
2026-03-18 12:04:00,64900,64900,64800,64800,11
2026-03-18 12:05:00,65000,65100,65000,65100,361
2026-03-18 12:06:00,65200,65300,65200,65200,119
2026-03-18 12:07:00,65200,65200,65200,65200,19
2026-03-18 12:08:00,65200,65200,65200,65200,23
2026-03-18 12:09:00,65200,65300,65200,65300,116
2026-03-18 12:10:00,65300,65300,65300,65300,13
2026-03-18 12:11:00,65200,65200,65200,65200,71
2026-03-18 12:12:00,65200,65200,65200,65200,23
2026-03-18 12:13:00,65200,65300,65200,65300,70
2026-03-18 12:14:00,65300,65300,65300,65300,5
2026-03-18 12:15:00,65200,65200,65200,65200,25
2026-03-18 12:16:00,65100,65100,65100,65100,23
2026-03-18 12:17:00,65200,65200,65100,65100,42
2026-03-18 12:18:00,65200,65200,65200,65200,2
2026-03-18 12:20:00,65200,65200,65100,65200,88
2026-03-18 12:21:00,65200,65200,65100,65200,173
2026-03-18 12:22:00,65300,65300,65000,65000,149
2026-03-18 12:23:00,65200,65200,65100,65200,98
2026-03-18 12:24:00,65200,65200,65200,65200,57
2026-03-18 12:25:00,65100,65100,65100,65100,5
2026-03-18 12:26:00,65100,65200,65100,65200,25
2026-03-18 12:27:00,65200,65300,65200,65300,149
2026-03-18 12:28:00,65300,65300,65300,65300,164
2026-03-18 12:29:00,65300,65300,65200,65200,32
2026-03-18 12:31:00,65300,65300,65300,65300,133
2026-03-18 12:32:00,65300,65300,65300,65300,8
2026-03-18 12:33:00,65300,65400,65200,65400,74
2026-03-18 12:34:00,65300,65300,65300,65300,17
2026-03-18 12:35:00,65400,65400,65400,65400,1
2026-03-18 12:36:00,65300,65300,65300,65300,172
2026-03-18 12:37:00,65300,65300,65300,65300,249
2026-03-18 12:38:00,65300,65300,65300,65300,41
2026-03-18 12:39:00,65300,65400,65000,65300,518
2026-03-18 12:40:00,65300,65300,64900,65300,648
2026-03-18 12:41:00,65300,65300,64800,65300,690
2026-03-18 12:43:00,65300,65300,65100,65300,109
2026-03-18 12:44:00,65200,65200,65200,65200,8
2026-03-18 12:45:00,65200,65200,65100,65200,53
2026-03-18 12:46:00,65200,65200,65100,65200,51
2026-03-18 12:47:00,65200,65200,65200,65200,54
2026-03-18 12:48:00,65200,65300,65100,65300,3
2026-03-18 12:49:00,65200,65200,65100,65100,369
2026-03-18 12:50:00,65200,65200,65200,65200,1
2026-03-18 12:51:00,65100,65100,65100,65100,1
2026-03-18 12:52:00,65100,65200,65100,65100,88
2026-03-18 12:53:00,65100,65200,65100,65100,108
2026-03-18 12:54:00,65200,65300,65200,65300,124
2026-03-18 12:55:00,65300,65300,65300,65300,1
2026-03-18 12:56:00,65300,65400,65300,65400,473
2026-03-18 12:57:00,65400,65400,65400,65400,2
2026-03-18 12:58:00,65400,65400,65300,65300,162
2026-03-18 12:59:00,65300,65400,65300,65400,49
2026-03-18 13:00:00,65400,65400,65300,65400,171
2026-03-18 13:01:00,65400,65500,65300,65500,246
2026-03-18 13:02:00,65500,65500,65500,65500,7
2026-03-18 13:03:00,65500,65500,65100,65500,621
2026-03-18 13:04:00,65500,65500,65500,65500,399
2026-03-18 13:05:00,65500,65600,65300,65500,113
2026-03-18 13:06:00,65600,65600,65600,65600,2
2026-03-18 13:07:00,65600,65600,65500,65600,50
2026-03-18 13:08:00,65600,65600,65500,65600,92
2026-03-18 13:09:00,65500,65500,65500,65500,224
2026-03-18 13:10:00,65500,65500,65500,65500,10
2026-03-18 13:11:00,65400,65400,65400,65400,39
2026-03-18 13:12:00,65400,65400,65400,65400,121
2026-03-18 13:13:00,65500,65500,65400,65400,67
2026-03-18 13:14:00,65400,65400,65400,65400,1
2026-03-18 13:15:00,65400,65400,65300,65400,46
2026-03-18 13:16:00,65500,65500,65500,65500,1
2026-03-18 13:17:00,65500,65500,65500,65500,10
2026-03-18 13:18:00,65500,65500,65500,65500,1
2026-03-18 13:19:00,65500,65500,65450,65500,11
2026-03-18 13:20:00,65500,65500,65500,65500,661
2026-03-18 13:21:00,65500,65500,65500,65500,6
2026-03-18 13:22:00,65500,65600,65500,65500,150
2026-03-18 13:23:00,65500,65600,65500,65500,224
2026-03-18 13:24:00,65500,65500,65400,65400,67
2026-03-18 13:25:00,65400,65500,65400,65400,41
2026-03-18 13:26:00,65500,65500,65300,65300,189
2026-03-18 13:27:00,65300,65400,65200,65300,87
2026-03-18 13:28:00,65300,65300,65200,65300,102
2026-03-18 13:29:00,65300,65300,65300,65300,9
2026-03-18 13:30:00,65300,65400,65300,65400,47
2026-03-18 13:31:00,65400,65500,65400,65400,217
2026-03-18 13:32:00,65500,65500,65500,65500,1
2026-03-18 13:33:00,65500,65500,65400,65500,43
2026-03-18 13:34:00,65500,65500,65500,65500,1
2026-03-18 13:35:00,65400,65400,65400,65400,170
2026-03-18 13:36:00,65300,65400,65300,65300,63
2026-03-18 13:37:00,65300,65400,65300,65400,46
2026-03-18 13:38:00,65400,65400,65300,65300,116
2026-03-18 13:39:00,65300,65300,65300,65300,56
2026-03-18 13:40:00,65400,65400,65400,65400,2
2026-03-18 13:41:00,65400,65400,65400,65400,1
2026-03-18 13:42:00,65400,65400,65400,65400,6
2026-03-18 13:43:00,65400,65400,65400,65400,3
2026-03-18 13:44:00,65400,65400,65300,65300,101
2026-03-18 13:45:00,65400,65500,65300,65500,216
2026-03-18 13:46:00,65300,65400,65300,65400,27
2026-03-18 13:47:00,65200,65500,65200,65300,34
2026-03-18 13:48:00,65400,65400,65300,65400,38
2026-03-18 13:49:00,65400,65400,65400,65400,61
2026-03-18 13:50:00,65400,65500,65300,65500,19
2026-03-18 13:51:00,65300,65400,65300,65400,224
2026-03-18 13:52:00,65400,65400,65300,65400,12
2026-03-18 13:53:00,65400,65400,65400,65400,12
2026-03-18 13:54:00,65400,65400,65400,65400,22
2026-03-18 13:55:00,65300,65400,65300,65300,116
2026-03-18 13:56:00,65300,65300,65200,65200,88
2026-03-18 13:57:00,65200,65300,65200,65300,210
2026-03-18 13:58:00,65300,65400,65300,65400,42
2026-03-18 13:59:00,65400,65400,65400,65400,1
2026-03-18 14:00:00,65300,65300,65300,65300,51
2026-03-18 14:01:00,65400,65400,65400,65400,4
2026-03-18 14:02:00,65300,65300,65200,65200,175
2026-03-18 14:03:00,65200,65200,65200,65200,2
2026-03-18 14:04:00,65300,65300,65200,65300,124
2026-03-18 14:06:00,65200,65200,65100,65100,165
2026-03-18 14:07:00,65200,65300,65200,65200,310
2026-03-18 14:08:00,65200,65200,65100,65200,194
2026-03-18 14:09:00,65100,65200,65100,65200,40
2026-03-18 14:10:00,65200,65200,65100,65200,32
2026-03-18 14:11:00,65200,65200,65200,65200,142
2026-03-18 14:12:00,65200,65200,65200,65200,12
2026-03-18 14:13:00,65100,65200,65100,65200,104
2026-03-18 14:14:00,65200,65300,65200,65300,19
2026-03-18 14:15:00,65300,65300,65200,65200,80
2026-03-18 14:16:00,65300,65300,65200,65200,7
2026-03-18 14:17:00,65200,65300,65200,65300,90
2026-03-18 14:18:00,65200,65200,65100,65200,120
2026-03-18 14:19:00,65100,65200,65100,65100,311
2026-03-18 14:20:00,65100,65100,65100,65100,54
2026-03-18 14:21:00,65100,65100,65100,65100,60
2026-03-18 14:22:00,65100,65100,65000,65000,837
2026-03-18 14:23:00,65000,65000,64900,65000,731
2026-03-18 14:24:00,65000,65000,64900,64900,134
2026-03-18 14:25:00,65000,65000,65000,65000,154
2026-03-18 14:26:00,65100,65100,65100,65100,3
2026-03-18 14:27:00,65000,65100,65000,65000,291
2026-03-18 14:28:00,65000,65100,65000,65100,92
2026-03-18 14:29:00,65100,65100,65000,65000,76
2026-03-18 14:30:00,65000,65100,65000,65100,4
2026-03-18 14:31:00,65000,65000,65000,65000,194
2026-03-18 14:33:00,65000,65000,65000,65000,6
2026-03-18 14:34:00,65100,65100,65100,65100,168
2026-03-18 14:35:00,65100,65100,65100,65100,143
2026-03-18 14:36:00,65100,65100,65000,65100,35
2026-03-18 14:37:00,65100,65100,65000,65100,95
2026-03-18 14:38:00,65100,65100,65000,65100,87
2026-03-18 14:39:00,65100,65200,65100,65200,94
2026-03-18 14:40:00,65200,65300,65100,65300,525
2026-03-18 14:41:00,65300,65300,65100,65200,22
2026-03-18 14:42:00,65200,65200,65200,65200,61
2026-03-18 14:43:00,65200,65200,65200,65200,214
2026-03-18 14:44:00,65300,65300,65300,65300,579
2026-03-18 14:45:00,65300,65400,65200,65200,33
2026-03-18 14:46:00,65200,65300,65200,65300,124
2026-03-18 14:47:00,65300,65300,65300,65300,71
2026-03-18 14:48:00,65300,65300,65200,65200,111
2026-03-18 14:49:00,65300,65300,65200,65200,55
2026-03-18 14:50:00,65200,65200,65200,65200,115
2026-03-18 14:51:00,65200,65300,65100,65200,731
2026-03-18 14:52:00,65200,65200,65100,65200,51
2026-03-18 14:53:00,65100,65200,64900,65000,2446
2026-03-18 14:54:00,65000,65100,65000,65100,40
2026-03-18 14:55:00,65000,65000,64900,64900,276
2026-03-18 14:56:00,65000,65100,65000,65100,104
2026-03-18 14:57:00,65100,65100,65000,65000,213
2026-03-18 14:58:00,65000,65100,65000,65100,132
2026-03-18 14:59:00,65000,65100,64900,64900,39
2026-03-18 15:00:00,65000,65100,64900,65000,218
2026-03-18 15:01:00,65100,65100,65000,65000,399
2026-03-18 15:02:00,65200,65200,65000,65000,47
2026-03-18 15:03:00,65100,65100,64900,65100,292
2026-03-18 15:04:00,65100,65100,64900,65000,81
2026-03-18 15:05:00,65000,65000,64900,65000,62
2026-03-18 15:06:00,65000,65000,64900,65000,60
2026-03-18 15:07:00,64900,65100,64900,65000,265
2026-03-18 15:08:00,65000,65100,64900,65100,94
2026-03-18 15:09:00,65100,65100,65000,65100,203
2026-03-18 15:10:00,65000,65000,64900,65000,501
2026-03-18 15:11:00,65000,65000,64900,65000,300
2026-03-18 15:12:00,65000,65100,65000,65000,208
2026-03-18 15:13:00,65100,65200,65000,65200,516
2026-03-18 15:14:00,65100,65200,65100,65200,169
2026-03-18 15:15:00,65200,65200,65000,65000,204
2026-03-18 15:16:00,65100,65100,65000,65000,373
2026-03-18 15:17:00,65100,65200,65100,65200,520
2026-03-18 15:18:00,65000,65300,65000,65300,640
2026-03-18 15:19:00,65300,65400,65200,65300,289
2026-03-18 15:30:00,65000,65000,65000,65000,3139
2026-03-18 15:35:00,65000,65000,65000,65000,22
2026-03-19 09:00:00,62900,63500,62900,63100,3155
2026-03-19 09:01:00,63100,63200,63000,63000,686
2026-03-19 09:02:00,63100,63100,63000,63100,890
2026-03-19 09:03:00,63100,63200,63000,63200,934
2026-03-19 09:04:00,63300,63400,63100,63200,491
2026-03-19 09:05:00,63200,63400,63100,63300,590
2026-03-19 09:06:00,63400,63400,63300,63300,21
2026-03-19 09:07:00,63400,63400,63400,63400,500
2026-03-19 09:08:00,63400,63400,63300,63300,437
2026-03-19 09:09:00,63300,63300,63100,63100,632
2026-03-19 09:10:00,63100,63100,63000,63000,1341
2026-03-19 09:11:00,63000,63000,62900,63000,336
2026-03-19 09:12:00,62900,63000,62900,62900,1160
2026-03-19 09:13:00,62900,62900,62800,62900,662
2026-03-19 09:14:00,62800,62900,62800,62900,279
2026-03-19 09:15:00,62900,63300,62900,63300,1045
2026-03-19 09:16:00,63200,63400,63200,63300,222
2026-03-19 09:17:00,63300,63700,63200,63300,1516
2026-03-19 09:18:00,63700,63700,63300,63500,227
2026-03-19 09:19:00,63600,63700,63300,63400,397
2026-03-19 09:20:00,63500,63500,63200,63200,1310
2026-03-19 09:21:00,63300,63400,63100,63400,641
2026-03-19 09:22:00,63300,63400,63300,63400,215
2026-03-19 09:23:00,63300,63400,63200,63300,847
2026-03-19 09:24:00,63200,63200,63000,63100,318
2026-03-19 09:25:00,63100,63100,63000,63100,932
2026-03-19 09:26:00,63000,63100,63000,63100,50
2026-03-19 09:27:00,63200,63200,63100,63200,176
2026-03-19 09:28:00,63100,63100,63000,63000,393
2026-03-19 09:29:00,63000,63300,63000,63000,119
2026-03-19 09:30:00,63200,63200,63100,63200,364
2026-03-19 09:31:00,63200,63200,63200,63200,257
2026-03-19 09:32:00,63100,63200,63100,63100,329
2026-03-19 09:33:00,63100,63100,63100,63100,141
2026-03-19 09:34:00,63200,63300,63200,63200,480
2026-03-19 09:35:00,63200,63200,63200,63200,11
2026-03-19 09:36:00,63200,63200,63100,63100,149
2026-03-19 09:37:00,63100,63100,63100,63100,36
2026-03-19 09:38:00,63100,63100,63000,63100,118
2026-03-19 09:39:00,63100,63100,63000,63100,107
2026-03-19 09:40:00,63100,63100,63100,63100,48
2026-03-19 09:41:00,63100,63100,63100,63100,18
2026-03-19 09:42:00,63100,63100,63100,63100,5
2026-03-19 09:43:00,63000,63100,63000,63100,345
2026-03-19 09:44:00,63000,63100,63000,63000,524
2026-03-19 09:45:00,63100,63100,63000,63100,87
2026-03-19 09:46:00,63100,63100,63100,63100,5
2026-03-19 09:47:00,63000,63100,63000,63100,148
2026-03-19 09:48:00,63100,63100,63100,63100,304
2026-03-19 09:49:00,63200,63200,63050,63100,179
2026-03-19 09:50:00,63050,63100,63050,63100,43
2026-03-19 09:51:00,63100,63100,63000,63000,8
2026-03-19 09:52:00,63000,63100,63000,63000,240
2026-03-19 09:53:00,63050,63100,63000,63000,191
2026-03-19 09:54:00,63000,63000,63000,63000,969
2026-03-19 09:55:00,63000,63000,62900,62900,507
2026-03-19 09:56:00,62900,62900,62800,62900,202
2026-03-19 09:57:00,62900,62900,62900,62900,32
2026-03-19 09:58:00,62900,62900,62800,62900,109
2026-03-19 09:59:00,62900,62900,62800,62800,163
2026-03-19 10:00:00,62800,63000,62800,62900,651
2026-03-19 10:01:00,62900,62900,62900,62900,43
2026-03-19 10:02:00,62900,62900,62800,62800,89
2026-03-19 10:03:00,62900,63000,62900,63000,614
2026-03-19 10:04:00,63000,63000,62900,62900,104
2026-03-19 10:05:00,62900,63000,62900,62900,23
2026-03-19 10:06:00,62900,63100,62900,63100,290
2026-03-19 10:07:00,63100,63100,63000,63000,303
2026-03-19 10:08:00,63000,63100,63000,63000,111
2026-03-19 10:09:00,63000,63000,63000,63000,410
2026-03-19 10:10:00,62900,62900,62900,62900,1008
2026-03-19 10:11:00,62900,62900,62900,62900,287
2026-03-19 10:12:00,62900,63000,62900,63000,305
2026-03-19 10:13:00,62900,63000,62900,63000,306
2026-03-19 10:14:00,62900,62900,62800,62900,441
2026-03-19 10:15:00,62900,62900,62800,62900,216
2026-03-19 10:16:00,62900,62950,62900,62900,521
2026-03-19 10:17:00,63000,63000,63000,63000,4
2026-03-19 10:18:00,63000,63000,62900,63000,98
2026-03-19 10:19:00,62900,63000,62900,63000,95
2026-03-19 10:20:00,63000,63100,62900,63000,323
2026-03-19 10:21:00,63000,63000,63000,63000,322
2026-03-19 10:22:00,63000,63000,62900,62900,19
2026-03-19 10:23:00,62900,63100,62900,63000,723
2026-03-19 10:24:00,63100,63100,63100,63100,3
2026-03-19 10:25:00,63100,63100,63100,63100,440
2026-03-19 10:26:00,63000,63100,63000,63100,119
2026-03-19 10:27:00,63000,63000,63000,63000,13
2026-03-19 10:28:00,63100,63100,63100,63100,29
2026-03-19 10:29:00,63000,63100,63000,63100,25
2026-03-19 10:30:00,63100,63100,63000,63100,112
2026-03-19 10:31:00,63100,63100,63100,63100,5
2026-03-19 10:32:00,63100,63100,63000,63000,19
2026-03-19 10:33:00,63100,63100,63100,63100,5
2026-03-19 10:34:00,63100,63100,63100,63100,7
2026-03-19 10:35:00,63100,63100,62900,63000,626
2026-03-19 10:36:00,63000,63000,62900,63000,35
2026-03-19 10:37:00,63000,63000,62800,62900,1741
2026-03-19 10:38:00,62900,62900,62800,62900,628
2026-03-19 10:39:00,62900,63000,62900,63000,172
2026-03-19 10:40:00,63000,63000,63000,63000,7
2026-03-19 10:41:00,63000,63000,62900,63000,185
2026-03-19 10:42:00,63000,63000,63000,63000,28
2026-03-19 10:43:00,63000,63000,63000,63000,121
2026-03-19 10:44:00,63000,63000,63000,63000,17
2026-03-19 10:45:00,63000,63000,63000,63000,355
2026-03-19 10:46:00,63000,63100,63000,63100,290
2026-03-19 10:47:00,63100,63200,63000,63100,138
2026-03-19 10:48:00,63100,63100,63100,63100,20
2026-03-19 10:49:00,63100,63100,63000,63000,16
2026-03-19 10:50:00,63000,63000,63000,63000,242
2026-03-19 10:51:00,63000,63000,63000,63000,83
2026-03-19 10:52:00,63000,63000,63000,63000,1
2026-03-19 10:53:00,63000,63000,63000,63000,42
2026-03-19 10:54:00,63000,63000,63000,63000,211
2026-03-19 10:55:00,63000,63100,63000,63100,18
2026-03-19 10:56:00,63000,63100,63000,63100,35
2026-03-19 10:57:00,63100,63100,63000,63000,116
2026-03-19 10:58:00,63000,63000,63000,63000,146
2026-03-19 10:59:00,63100,63100,63000,63000,9
2026-03-19 11:00:00,63000,63200,63000,63200,120
2026-03-19 11:01:00,63000,63100,63000,63100,168
2026-03-19 11:02:00,63000,63100,63000,63100,90
2026-03-19 11:03:00,63100,63100,63000,63000,7
2026-03-19 11:04:00,63000,63100,63000,63100,4
2026-03-19 11:05:00,63100,63100,63100,63100,18
2026-03-19 11:06:00,63100,63100,63000,63100,44
2026-03-19 11:07:00,63100,63100,63000,63100,62
2026-03-19 11:08:00,63100,63100,63100,63100,527
2026-03-19 11:09:00,63100,63100,63100,63100,150
2026-03-19 11:10:00,63100,63200,63100,63200,17
2026-03-19 11:12:00,63200,63200,63200,63200,447
2026-03-19 11:13:00,63300,63300,63100,63100,221
2026-03-19 11:14:00,63100,63100,63100,63100,36
2026-03-19 11:15:00,63100,63100,63000,63100,38
2026-03-19 11:16:00,63100,63200,63100,63200,252
2026-03-19 11:17:00,63200,63200,63200,63200,101
2026-03-19 11:18:00,63100,63200,63100,63100,20
2026-03-19 11:19:00,63100,63200,63000,63100,298
2026-03-19 11:20:00,63100,63200,63100,63100,130
2026-03-19 11:21:00,63100,63200,63100,63200,219
2026-03-19 11:23:00,63200,63200,63100,63200,169
2026-03-19 11:24:00,63100,63300,63100,63300,159
2026-03-19 11:25:00,63300,63300,63300,63300,18
2026-03-19 11:26:00,63300,63300,63300,63300,1
2026-03-19 11:27:00,63300,63300,63300,63300,157
2026-03-19 11:28:00,63300,63300,63200,63300,45
2026-03-19 11:29:00,63300,63300,63200,63200,179
2026-03-19 11:30:00,63100,63200,63100,63200,120
2026-03-19 11:31:00,63100,63100,63100,63100,26
2026-03-19 11:32:00,63100,63100,63100,63100,5
2026-03-19 11:33:00,63100,63100,63100,63100,83
2026-03-19 11:35:00,63100,63200,63100,63200,18
2026-03-19 11:36:00,63200,63300,63200,63200,570
2026-03-19 11:37:00,63300,63400,63200,63200,73
2026-03-19 11:38:00,63200,63200,63200,63200,50
2026-03-19 11:39:00,63300,63300,63300,63300,253
2026-03-19 11:40:00,63400,63400,63400,63400,17
2026-03-19 11:41:00,63300,63400,63300,63400,133
2026-03-19 11:42:00,63300,63300,63300,63300,35
2026-03-19 11:43:00,63300,63300,63300,63300,8
2026-03-19 11:44:00,63300,63300,63200,63200,96
2026-03-19 11:45:00,63200,63300,63200,63300,125
2026-03-19 11:46:00,63300,63300,63200,63200,238
2026-03-19 11:47:00,63300,63300,63300,63300,50
2026-03-19 11:48:00,63200,63200,63100,63100,186
2026-03-19 11:49:00,63200,63200,63200,63200,194
2026-03-19 11:50:00,63200,63300,63200,63300,169
2026-03-19 11:51:00,63200,63200,63200,63200,53
2026-03-19 11:52:00,63200,63200,63100,63100,156
2026-03-19 11:53:00,63100,63100,63100,63100,8
2026-03-19 11:54:00,63200,63200,63200,63200,110
2026-03-19 11:55:00,63200,63200,63200,63200,8
2026-03-19 11:56:00,63200,63200,63200,63200,171
2026-03-19 11:57:00,63100,63200,63100,63200,56
2026-03-19 11:58:00,63200,63200,63200,63200,13
2026-03-19 11:59:00,63200,63200,63200,63200,361
2026-03-19 12:00:00,63200,63200,63200,63200,12
2026-03-19 12:01:00,63200,63200,63100,63200,84
2026-03-19 12:02:00,63200,63200,63200,63200,10
2026-03-19 12:03:00,63200,63200,63100,63100,4
2026-03-19 12:04:00,63200,63200,63200,63200,3
2026-03-19 12:05:00,63200,63200,63100,63200,308
2026-03-19 12:06:00,63100,63100,63000,63000,681
2026-03-19 12:07:00,63100,63100,63000,63100,425
2026-03-19 12:08:00,63100,63100,63100,63100,85
2026-03-19 12:09:00,63100,63200,63100,63200,137
2026-03-19 12:10:00,63200,63200,63000,63200,281
2026-03-19 12:11:00,63200,63200,63100,63100,54
2026-03-19 12:12:00,63100,63100,63100,63100,29
2026-03-19 12:13:00,63100,63100,63100,63100,72
2026-03-19 12:14:00,63100,63200,63100,63200,103
2026-03-19 12:15:00,63100,63300,63100,63300,232
2026-03-19 12:16:00,63300,63300,63300,63300,90
2026-03-19 12:17:00,63400,63400,63400,63400,53
2026-03-19 12:18:00,63400,63400,63300,63300,84
2026-03-19 12:19:00,63200,63300,63200,63300,163
2026-03-19 12:20:00,63300,63300,63300,63300,198
2026-03-19 12:21:00,63300,63300,63300,63300,46
2026-03-19 12:22:00,63400,63400,63400,63400,75
2026-03-19 12:23:00,63400,63400,63400,63400,20
2026-03-19 12:24:00,63400,63400,63400,63400,102
2026-03-19 12:25:00,63400,63400,63300,63400,173
2026-03-19 12:26:00,63300,63300,63200,63200,64
2026-03-19 12:27:00,63300,63400,63300,63300,159
2026-03-19 12:28:00,63300,63300,63300,63300,1
2026-03-19 12:29:00,63300,63400,63300,63300,133
2026-03-19 12:30:00,63300,63300,63200,63300,100
2026-03-19 12:31:00,63200,63200,63200,63200,158
2026-03-19 12:32:00,63200,63200,63200,63200,54
2026-03-19 12:33:00,63200,63200,63200,63200,17
2026-03-19 12:34:00,63200,63200,63100,63200,545
2026-03-19 12:35:00,63200,63200,63200,63200,486
2026-03-19 12:36:00,63200,63200,63200,63200,63
2026-03-19 12:37:00,63200,63300,63100,63100,434
2026-03-19 12:38:00,63200,63200,63100,63100,166
2026-03-19 12:39:00,63200,63200,63200,63200,12
2026-03-19 12:40:00,63200,63200,63100,63200,71
2026-03-19 12:41:00,63200,63200,63100,63100,57
2026-03-19 12:42:00,63100,63100,63100,63100,25
2026-03-19 12:43:00,63100,63150,63100,63100,827
2026-03-19 12:44:00,63100,63100,63100,63100,62
2026-03-19 12:45:00,63100,63100,63000,63100,1631
2026-03-19 12:46:00,63100,63200,63100,63100,257
2026-03-19 12:47:00,63100,63100,63000,63100,198
2026-03-19 12:48:00,63100,63100,63100,63100,176
2026-03-19 12:49:00,63100,63200,63100,63200,292
2026-03-19 12:50:00,63100,63100,63100,63100,21
2026-03-19 12:51:00,63100,63100,63100,63100,185
2026-03-19 12:52:00,63100,63100,63000,63100,546
2026-03-19 12:53:00,63100,63100,63000,63100,103
2026-03-19 12:54:00,63000,63000,62900,63000,184
2026-03-19 12:55:00,62900,63100,62900,62900,1109
2026-03-19 12:56:00,63000,63000,63000,63000,7
2026-03-19 12:57:00,62900,63100,62900,63000,164
2026-03-19 12:58:00,63000,63000,63000,63000,29
2026-03-19 12:59:00,63000,63000,63000,63000,12
2026-03-19 13:00:00,63000,63100,63000,63100,255
2026-03-19 13:01:00,63100,63100,63000,63100,43
2026-03-19 13:02:00,63100,63100,63000,63000,20
2026-03-19 13:03:00,63000,63100,63000,63100,2
2026-03-19 13:04:00,63100,63100,63100,63100,7
2026-03-19 13:05:00,63100,63100,63000,63000,201
2026-03-19 13:06:00,63000,63100,63000,63100,264
2026-03-19 13:07:00,63000,63000,62900,62900,46
2026-03-19 13:08:00,63000,63100,63000,63000,252
2026-03-19 13:09:00,63000,63000,62900,62900,375
2026-03-19 13:10:00,63000,63000,63000,63000,135
2026-03-19 13:11:00,63000,63000,63000,63000,425
2026-03-19 13:12:00,63000,63000,62900,62900,671
2026-03-19 13:13:00,62900,63000,62900,63000,138
2026-03-19 13:14:00,63000,63000,63000,63000,101
2026-03-19 13:15:00,63000,63000,63000,63000,6
2026-03-19 13:16:00,62900,62900,62900,62900,887
2026-03-19 13:17:00,62900,62900,62900,62900,27
2026-03-19 13:18:00,62800,62900,62800,62900,218
2026-03-19 13:19:00,62800,62800,62800,62800,2
2026-03-19 13:20:00,62900,62900,62900,62900,8
2026-03-19 13:21:00,62900,62900,62800,62800,154
2026-03-19 13:22:00,62900,62900,62900,62900,14
2026-03-19 13:23:00,62900,62900,62800,62800,177
2026-03-19 13:24:00,62900,62900,62800,62800,1420
2026-03-19 13:25:00,62800,62800,62700,62700,1139
2026-03-19 13:26:00,62600,62700,62600,62700,344
2026-03-19 13:27:00,62700,62700,62700,62700,132
2026-03-19 13:28:00,62700,62700,62650,62700,39
2026-03-19 13:29:00,62700,62800,62600,62700,297
2026-03-19 13:30:00,62700,62700,62650,62700,13
2026-03-19 13:31:00,62700,62900,62600,62700,331
2026-03-19 13:32:00,62800,62800,62800,62800,9
2026-03-19 13:33:00,62800,62800,62800,62800,20
2026-03-19 13:34:00,62800,62800,62800,62800,9
2026-03-19 13:35:00,62700,62900,62700,62900,293
2026-03-19 13:36:00,62800,62800,62700,62700,198
2026-03-19 13:37:00,62700,62700,62700,62700,548
2026-03-19 13:38:00,62700,62700,62700,62700,82
2026-03-19 13:39:00,62700,62700,62600,62600,132
2026-03-19 13:40:00,62700,62700,62700,62700,365
2026-03-19 13:41:00,62700,62700,62600,62700,81
2026-03-19 13:42:00,62700,62700,62600,62600,119
2026-03-19 13:43:00,62700,62700,62700,62700,53
2026-03-19 13:44:00,62600,62600,62600,62600,4
2026-03-19 13:45:00,62600,62600,62500,62600,2123
2026-03-19 13:46:00,62550,62600,62500,62500,130
2026-03-19 13:47:00,62550,62550,62300,62400,2880
2026-03-19 13:48:00,62300,62400,62300,62400,116
2026-03-19 13:49:00,62400,62400,62400,62400,126
2026-03-19 13:50:00,62400,62400,62300,62400,614
2026-03-19 13:51:00,62400,62400,62300,62400,15
2026-03-19 13:52:00,62300,62400,62200,62300,2086
2026-03-19 13:53:00,62300,62300,62200,62300,285
2026-03-19 13:54:00,62200,62400,62200,62200,1850
2026-03-19 13:55:00,62300,62400,62300,62300,47
2026-03-19 13:56:00,62400,62400,62400,62400,118
2026-03-19 13:57:00,62400,62500,62400,62400,192
2026-03-19 13:58:00,62500,62500,62400,62400,96
2026-03-19 13:59:00,62500,62700,62500,62600,638
2026-03-19 14:00:00,62600,62700,62600,62700,474
2026-03-19 14:01:00,62700,62700,62400,62400,236
2026-03-19 14:02:00,62400,62500,62400,62500,235
2026-03-19 14:03:00,62500,62600,62500,62600,159
2026-03-19 14:04:00,62700,62700,62500,62600,101
2026-03-19 14:05:00,62600,62600,62500,62500,27
2026-03-19 14:06:00,62500,62500,62400,62400,122
2026-03-19 14:07:00,62400,62400,62400,62400,52
2026-03-19 14:08:00,62400,62500,62400,62400,63
2026-03-19 14:09:00,62400,62500,62400,62500,105
2026-03-19 14:10:00,62500,62500,62400,62400,94
2026-03-19 14:11:00,62500,62500,62400,62500,151
2026-03-19 14:12:00,62500,62500,62500,62500,142
2026-03-19 14:13:00,62500,62500,62400,62500,273
2026-03-19 14:14:00,62500,62500,62500,62500,74
2026-03-19 14:15:00,62500,62500,62500,62500,32
2026-03-19 14:16:00,62500,62500,62500,62500,10
2026-03-19 14:17:00,62400,62400,62400,62400,2
2026-03-19 14:18:00,62400,62400,62400,62400,147
2026-03-19 14:19:00,62400,62400,62400,62400,245
2026-03-19 14:20:00,62300,62400,62300,62400,152
2026-03-19 14:21:00,62400,62400,62400,62400,155
2026-03-19 14:22:00,62500,62500,62400,62500,47
2026-03-19 14:23:00,62500,62500,62400,62500,217
2026-03-19 14:24:00,62500,62500,62400,62500,217
2026-03-19 14:25:00,62500,62500,62500,62500,10
2026-03-19 14:26:00,62400,62400,62400,62400,225
2026-03-19 14:27:00,62400,62400,62300,62300,1012
2026-03-19 14:28:00,62300,62300,62200,62300,172
2026-03-19 14:29:00,62300,62300,62200,62200,248
2026-03-19 14:30:00,62200,62200,62100,62200,945
2026-03-19 14:31:00,62200,62200,62100,62200,501
2026-03-19 14:32:00,62200,62200,62100,62200,344
2026-03-19 14:33:00,62200,62200,62200,62200,225
2026-03-19 14:34:00,62200,62200,62200,62200,214
2026-03-19 14:35:00,62200,62300,62200,62200,671
2026-03-19 14:36:00,62300,62300,62100,62100,164
2026-03-19 14:37:00,62100,62200,62100,62200,100
2026-03-19 14:38:00,62200,62200,62200,62200,413
2026-03-19 14:39:00,62200,62300,62200,62300,102
2026-03-19 14:40:00,62200,62300,62200,62300,140
2026-03-19 14:41:00,62300,62300,62200,62200,530
2026-03-19 14:42:00,62200,62200,62200,62200,1
2026-03-19 14:43:00,62200,62200,62200,62200,22
2026-03-19 14:44:00,62100,62200,62100,62200,11
2026-03-19 14:45:00,62200,62200,62200,62200,228
2026-03-19 14:46:00,62200,62200,62100,62200,51
2026-03-19 14:47:00,62200,62200,62100,62200,40
2026-03-19 14:48:00,62150,62150,62150,62150,1
2026-03-19 14:49:00,62200,62200,62100,62100,55
2026-03-19 14:50:00,62100,62200,62100,62100,577
2026-03-19 14:51:00,62200,62200,62000,62100,2827
2026-03-19 14:52:00,62100,62100,62100,62100,368
2026-03-19 14:53:00,62100,62200,62050,62100,156
2026-03-19 14:54:00,62100,62100,62000,62100,139
2026-03-19 14:55:00,62100,62100,61900,62000,3121
2026-03-19 14:56:00,62000,62000,61800,62000,2100
2026-03-19 14:57:00,62000,62000,62000,62000,137
2026-03-19 14:59:00,61950,62100,61900,62000,1112
2026-03-19 15:00:00,61900,62100,61900,62100,517
2026-03-19 15:01:00,62100,62100,61900,61900,337
2026-03-19 15:02:00,62100,62100,62000,62000,101
2026-03-19 15:03:00,62000,62100,62000,62100,127
2026-03-19 15:04:00,62100,62100,62000,62000,462
2026-03-19 15:05:00,62000,62100,62000,62100,738
2026-03-19 15:06:00,62000,62000,62000,62000,105
2026-03-19 15:07:00,62000,62100,62000,62100,511
2026-03-19 15:08:00,62100,62100,61900,62000,495
2026-03-19 15:09:00,62000,62000,61900,61900,620
2026-03-19 15:10:00,61900,62000,61800,61800,1304
2026-03-19 15:11:00,61800,61900,61800,61900,431
2026-03-19 15:12:00,61900,61900,61800,61900,304
2026-03-19 15:13:00,61900,61900,61700,61700,492
2026-03-19 15:14:00,61800,61900,61800,61800,1127
2026-03-19 15:15:00,61900,62000,61800,62000,227
2026-03-19 15:16:00,62000,62000,61900,61900,66
2026-03-19 15:17:00,61900,61900,61800,61800,706
2026-03-19 15:18:00,61900,62000,61900,61900,259
2026-03-19 15:19:00,61900,61900,61700,61900,1282
2026-03-19 15:30:00,61800,61800,61800,61800,2357
2026-03-19 15:35:00,61800,61800,61800,61800,70
2026-03-20 09:00:00,62700,62800,62500,62500,2163
2026-03-20 09:01:00,62500,63300,62400,63100,3505
2026-03-20 09:02:00,63100,63400,62900,63200,1602
2026-03-20 09:03:00,63200,63200,62300,62400,1854
2026-03-20 09:04:00,62300,62400,62200,62300,769
2026-03-20 09:05:00,62300,62400,62300,62400,499
2026-03-20 09:06:00,62400,62700,62400,62700,329
2026-03-20 09:07:00,62500,62500,62400,62400,162
2026-03-20 09:08:00,62300,62600,62300,62400,279
2026-03-20 09:09:00,62500,62800,62400,62800,323
2026-03-20 09:10:00,62900,63500,62900,63500,3519
2026-03-20 09:11:00,63400,63500,63100,63200,1019
2026-03-20 09:12:00,63200,63300,63200,63200,440
2026-03-20 09:13:00,63100,63200,63000,63000,543
2026-03-20 09:14:00,63000,63100,62900,63000,300
2026-03-20 09:15:00,63000,63100,62900,63000,447
2026-03-20 09:16:00,63100,63100,63000,63100,520
2026-03-20 09:17:00,63100,63100,62900,62900,350
2026-03-20 09:18:00,63000,63000,62800,62800,209
2026-03-20 09:19:00,62800,62800,62800,62800,141
2026-03-20 09:20:00,62900,62900,62800,62800,176
2026-03-20 09:21:00,62800,62800,62800,62800,19
2026-03-20 09:22:00,62700,62800,62600,62600,305
2026-03-20 09:23:00,62600,62900,62500,62900,554
2026-03-20 09:24:00,62900,62900,62600,62700,77
2026-03-20 09:25:00,62700,62800,62500,62700,386
2026-03-20 09:26:00,62800,63000,62800,62900,539
2026-03-20 09:27:00,63000,63100,62900,63100,247
2026-03-20 09:28:00,62900,62900,62900,62900,1044
2026-03-20 09:29:00,62800,62800,62700,62700,34
2026-03-20 09:30:00,62700,63000,62600,63000,743
2026-03-20 09:31:00,62900,62900,62600,62900,134
2026-03-20 09:32:00,62600,62900,62500,62600,153
2026-03-20 09:33:00,62700,62700,62600,62700,95
2026-03-20 09:34:00,62700,62900,62700,62900,148
2026-03-20 09:35:00,62800,63000,62800,62900,495
2026-03-20 09:36:00,62900,63000,62900,63000,94
2026-03-20 09:37:00,63000,63300,63000,63200,925
2026-03-20 09:38:00,63300,63400,63200,63300,1739
2026-03-20 09:39:00,63200,63300,63200,63200,432
2026-03-20 09:40:00,63300,63300,63200,63200,349
2026-03-20 09:41:00,63300,63300,63200,63200,141
2026-03-20 09:42:00,63200,63200,63200,63200,208
2026-03-20 09:43:00,63100,63200,63100,63100,71
2026-03-20 09:44:00,63100,63300,63100,63200,812
2026-03-20 09:45:00,63300,63300,63200,63300,360
2026-03-20 09:46:00,63300,63300,63200,63200,385
2026-03-20 09:47:00,63200,63200,63200,63200,64
2026-03-20 09:48:00,63100,63100,63000,63000,131
2026-03-20 09:49:00,63000,63100,62900,63000,410
2026-03-20 09:50:00,63000,63100,62900,63100,294
2026-03-20 09:51:00,63000,63200,63000,63000,159
2026-03-20 09:52:00,63200,63200,63100,63200,403
2026-03-20 09:53:00,63100,63200,63100,63100,306
2026-03-20 09:54:00,63000,63100,63000,63100,170
2026-03-20 09:55:00,62900,63200,62900,63100,237
2026-03-20 09:56:00,63100,63100,63100,63100,56
2026-03-20 09:58:00,63000,63100,63000,63100,71
2026-03-20 09:59:00,63100,63100,63000,63100,38
2026-03-20 10:00:00,63100,63400,63100,63400,963
2026-03-20 10:01:00,63400,63700,63200,63600,1391
2026-03-20 10:02:00,63400,63600,63400,63550,47
2026-03-20 10:03:00,63550,63600,63500,63500,475
2026-03-20 10:04:00,63500,63900,63500,63800,4586
2026-03-20 10:05:00,63800,64000,63700,63900,1354
2026-03-20 10:06:00,63900,64000,63700,63700,1094
2026-03-20 10:07:00,63800,63800,63600,63800,455
2026-03-20 10:08:00,63700,63800,63600,63800,742
2026-03-20 10:09:00,63800,63800,63700,63700,601
2026-03-20 10:10:00,63600,63700,63600,63600,161
2026-03-20 10:11:00,63600,63700,63600,63700,364
2026-03-20 10:12:00,63600,63700,63600,63700,252
2026-03-20 10:13:00,63700,63700,63700,63700,28
2026-03-20 10:14:00,63700,63700,63700,63700,78
2026-03-20 10:15:00,63600,63650,63300,63400,537
2026-03-20 10:16:00,63500,63500,63200,63500,529
2026-03-20 10:17:00,63400,63500,63300,63300,554
2026-03-20 10:18:00,63300,63400,63300,63400,47
2026-03-20 10:19:00,63400,63500,63300,63500,84
2026-03-20 10:20:00,63400,63500,63400,63400,216
2026-03-20 10:21:00,63300,63500,63200,63500,147
2026-03-20 10:22:00,63500,63500,63300,63500,394
2026-03-20 10:23:00,63500,63600,63400,63500,53
2026-03-20 10:24:00,63400,63500,63400,63400,78
2026-03-20 10:25:00,63400,63400,63300,63300,1124
2026-03-20 10:26:00,63300,63400,63300,63300,595
2026-03-20 10:27:00,63300,63300,63300,63300,128
2026-03-20 10:28:00,63400,63600,63400,63500,277
2026-03-20 10:29:00,63500,63600,63500,63500,199
2026-03-20 10:30:00,63600,63600,63500,63600,191
2026-03-20 10:31:00,63600,63600,63600,63600,16
2026-03-20 10:32:00,63600,63700,63600,63700,102
2026-03-20 10:33:00,63700,63700,63600,63700,560
2026-03-20 10:34:00,63700,63700,63600,63600,487
2026-03-20 10:35:00,63700,63700,63600,63600,22
2026-03-20 10:36:00,63700,63700,63700,63700,116
2026-03-20 10:37:00,63700,63700,63700,63700,30
2026-03-20 10:38:00,63700,63800,63700,63800,53
2026-03-20 10:39:00,63700,63900,63700,63900,921
2026-03-20 10:40:00,63800,63800,63800,63800,134
2026-03-20 10:41:00,63800,63900,63800,63900,306
2026-03-20 10:42:00,63800,63900,63800,63800,368
2026-03-20 10:43:00,63800,63800,63500,63800,311
2026-03-20 10:44:00,63900,63900,63800,63800,506
2026-03-20 10:45:00,63900,63900,63800,63900,157
2026-03-20 10:46:00,63900,64000,63900,63900,83
2026-03-20 10:47:00,63900,64000,63800,63800,815
2026-03-20 10:48:00,63800,63900,63800,63800,195
2026-03-20 10:49:00,63800,63900,63800,63900,306
2026-03-20 10:50:00,63800,63900,63800,63900,73
2026-03-20 10:51:00,63900,63900,63800,63800,57
2026-03-20 10:52:00,63700,63700,63300,63400,716
2026-03-20 10:53:00,63400,63500,63400,63500,133
2026-03-20 10:54:00,63600,63600,63400,63400,610
2026-03-20 10:55:00,63600,63600,63300,63400,233
2026-03-20 10:56:00,63500,63500,63400,63400,58
2026-03-20 10:57:00,63500,63500,63400,63400,25
2026-03-20 10:58:00,63300,63400,63300,63400,131
2026-03-20 10:59:00,63400,63500,63300,63400,187
2026-03-20 11:00:00,63400,63400,63400,63400,25
2026-03-20 11:01:00,63400,63400,63300,63300,33
2026-03-20 11:02:00,63300,63300,63300,63300,114
2026-03-20 11:03:00,63400,63400,63400,63400,162
2026-03-20 11:04:00,63400,63400,63400,63400,57
2026-03-20 11:05:00,63400,63500,63400,63400,45
2026-03-20 11:06:00,63500,63500,63300,63400,195
2026-03-20 11:07:00,63400,63400,63300,63300,22
2026-03-20 11:08:00,63400,63400,63400,63400,6
2026-03-20 11:09:00,63400,63400,63400,63400,130
2026-03-20 11:10:00,63400,63500,63400,63500,176
2026-03-20 11:11:00,63500,63600,63400,63600,139
2026-03-20 11:12:00,63600,63700,63600,63700,63
2026-03-20 11:13:00,63700,63800,63700,63700,320
2026-03-20 11:14:00,63600,63700,63400,63400,204
2026-03-20 11:15:00,63400,63600,63400,63500,130
2026-03-20 11:16:00,63500,63600,63500,63600,104
2026-03-20 11:17:00,63700,63700,63700,63700,10
2026-03-20 11:18:00,63600,63600,63400,63500,394
2026-03-20 11:19:00,63400,63500,63400,63400,215
2026-03-20 11:20:00,63400,63400,63400,63400,158
2026-03-20 11:21:00,63500,63500,63400,63500,105
2026-03-20 11:22:00,63500,63500,63500,63500,31
2026-03-20 11:23:00,63500,63600,63400,63600,72
2026-03-20 11:24:00,63600,63600,63500,63500,524
2026-03-20 11:25:00,63500,63500,63400,63400,107
2026-03-20 11:26:00,63400,63400,63300,63300,162
2026-03-20 11:27:00,63300,63400,63300,63400,26
2026-03-20 11:28:00,63300,63400,63300,63400,130
2026-03-20 11:29:00,63400,63500,63400,63500,205
2026-03-20 11:30:00,63400,63500,63200,63200,182
2026-03-20 11:31:00,63300,63500,63300,63500,91
2026-03-20 11:32:00,63500,63700,63500,63700,799
2026-03-20 11:33:00,63500,63500,63500,63500,3
2026-03-20 11:36:00,63500,63500,63500,63500,130
2026-03-20 11:37:00,63500,63500,63500,63500,2
2026-03-20 11:38:00,63400,63500,63400,63400,23
2026-03-20 11:39:00,63400,63600,63400,63500,271
2026-03-20 11:40:00,63500,63600,63500,63600,158
2026-03-20 11:41:00,63600,63600,63400,63600,39
2026-03-20 11:42:00,63500,63500,63500,63500,405
2026-03-20 11:43:00,63500,63500,63400,63400,290
2026-03-20 11:44:00,63400,63400,63300,63300,390
2026-03-20 11:45:00,63300,63300,63200,63200,300
2026-03-20 11:46:00,63300,63300,63200,63300,61
2026-03-20 11:47:00,63300,63300,63200,63300,50
2026-03-20 11:49:00,63400,63400,63400,63400,63
2026-03-20 11:50:00,63400,63400,63400,63400,33
2026-03-20 11:51:00,63400,63400,63400,63400,23
2026-03-20 11:52:00,63400,63500,63400,63500,2
2026-03-20 11:53:00,63400,63400,63400,63400,112
2026-03-20 11:54:00,63400,63400,63400,63400,8
2026-03-20 11:55:00,63400,63500,63400,63500,39
2026-03-20 11:56:00,63400,63400,63400,63400,105
2026-03-20 11:57:00,63400,63500,63400,63400,221
2026-03-20 11:58:00,63400,63400,63400,63400,5
2026-03-20 11:59:00,63400,63400,63300,63300,307
2026-03-20 12:00:00,63300,63300,63300,63300,130
2026-03-20 12:01:00,63300,63400,63300,63300,286
2026-03-20 12:02:00,63300,63300,63300,63300,2
2026-03-20 12:03:00,63300,63400,63300,63400,20
2026-03-20 12:04:00,63400,63400,63400,63400,3
2026-03-20 12:05:00,63400,63500,63300,63400,86
2026-03-20 12:06:00,63400,63400,63400,63400,69
2026-03-20 12:07:00,63400,63400,63400,63400,97
2026-03-20 12:09:00,63400,63400,63300,63400,283
2026-03-20 12:10:00,63400,63400,63400,63400,1
2026-03-20 12:11:00,63300,63300,63300,63300,3
2026-03-20 12:12:00,63300,63400,63300,63400,20
2026-03-20 12:13:00,63400,63400,63400,63400,15
2026-03-20 12:14:00,63300,63300,63300,63300,4
2026-03-20 12:15:00,63300,63300,63300,63300,27
2026-03-20 12:16:00,63300,63300,63300,63300,54
2026-03-20 12:17:00,63350,63350,63250,63250,293
2026-03-20 12:18:00,63200,63200,63200,63200,39
2026-03-20 12:19:00,63200,63200,63200,63200,191
2026-03-20 12:20:00,63200,63300,63200,63200,80
2026-03-20 12:21:00,63300,63300,63300,63300,118
2026-03-20 12:22:00,63300,63400,63300,63400,69
2026-03-20 12:23:00,63300,63300,63300,63300,27
2026-03-20 12:24:00,63300,63300,63300,63300,107
2026-03-20 12:25:00,63300,63300,63100,63200,285
2026-03-20 12:26:00,63100,63200,63100,63200,180
2026-03-20 12:27:00,63300,63300,63300,63300,1
2026-03-20 12:28:00,63300,63300,63300,63300,26
2026-03-20 12:29:00,63200,63300,63200,63300,13
2026-03-20 12:30:00,63250,63300,63200,63300,122
2026-03-20 12:31:00,63300,63300,63300,63300,5
2026-03-20 12:32:00,63200,63300,63200,63300,30
2026-03-20 12:33:00,63300,63300,63300,63300,99
2026-03-20 12:34:00,63300,63300,63200,63300,131
2026-03-20 12:35:00,63300,63300,63300,63300,41
2026-03-20 12:36:00,63300,63300,63200,63200,76
2026-03-20 12:38:00,63200,63200,63200,63200,32
2026-03-20 12:40:00,63200,63200,63200,63200,119
2026-03-20 12:41:00,63200,63300,63200,63300,165
2026-03-20 12:42:00,63300,63300,63300,63300,60
2026-03-20 12:43:00,63200,63400,63200,63400,54
2026-03-20 12:44:00,63200,63300,63200,63300,11
2026-03-20 12:45:00,63300,63300,63300,63300,6
2026-03-20 12:47:00,63300,63300,63200,63300,26
2026-03-20 12:48:00,63200,63200,63200,63200,40
2026-03-20 12:49:00,63200,63300,63200,63300,61
2026-03-20 12:51:00,63200,63200,63200,63200,5
2026-03-20 12:52:00,63200,63200,63100,63100,646
2026-03-20 12:53:00,63100,63200,63100,63200,25
2026-03-20 12:54:00,63200,63200,63200,63200,10
2026-03-20 12:55:00,63200,63300,63100,63300,1164
2026-03-20 12:56:00,63300,63300,63300,63300,3
2026-03-20 12:57:00,63200,63200,63200,63200,100
2026-03-20 12:58:00,63100,63200,63100,63200,312
2026-03-20 12:59:00,63100,63100,63100,63100,254
2026-03-20 13:00:00,63200,63200,63100,63100,113
2026-03-20 13:01:00,63100,63100,63100,63100,50
2026-03-20 13:03:00,63200,63300,63100,63300,213
2026-03-20 13:04:00,63200,63300,63200,63300,51
2026-03-20 13:05:00,63200,63200,63100,63200,391
2026-03-20 13:06:00,63400,63400,63300,63400,88
2026-03-20 13:07:00,63400,63500,63400,63500,479
2026-03-20 13:08:00,63400,63500,63300,63300,217
2026-03-20 13:09:00,63400,63500,63400,63500,299
2026-03-20 13:10:00,63400,63400,63400,63400,35
2026-03-20 13:11:00,63400,63400,63400,63400,114
2026-03-20 13:12:00,63400,63500,63400,63500,4
2026-03-20 13:13:00,63400,63500,63400,63400,162
2026-03-20 13:14:00,63400,63500,63400,63400,15
2026-03-20 13:15:00,63400,63500,63400,63400,159
2026-03-20 13:16:00,63500,63500,63400,63400,111
2026-03-20 13:17:00,63400,63400,63300,63300,131
2026-03-20 13:18:00,63400,63400,63200,63400,196
2026-03-20 13:19:00,63200,63300,63100,63300,2306
2026-03-20 13:20:00,63100,63200,63000,63200,289
2026-03-20 13:21:00,63200,63300,63200,63200,119
2026-03-20 13:22:00,63200,63300,63200,63200,322
2026-03-20 13:23:00,63100,63200,63100,63100,136
2026-03-20 13:24:00,63100,63200,63100,63100,104
2026-03-20 13:25:00,63200,63300,63200,63300,242
2026-03-20 13:26:00,63200,63200,63200,63200,1
2026-03-20 13:27:00,63300,63300,63300,63300,117
2026-03-20 13:28:00,63250,63250,63200,63200,66
2026-03-20 13:29:00,63200,63300,63200,63300,40
2026-03-20 13:30:00,63200,63200,63100,63200,421
2026-03-20 13:31:00,63200,63200,63200,63200,242
2026-03-20 13:32:00,63200,63200,63100,63100,9
2026-03-20 13:33:00,63200,63200,63200,63200,115
2026-03-20 13:34:00,63200,63200,63100,63100,5
2026-03-20 13:35:00,63200,63200,63100,63100,5
2026-03-20 13:36:00,63200,63300,63200,63200,82
2026-03-20 13:37:00,63200,63200,63100,63200,61
2026-03-20 13:38:00,63200,63200,63200,63200,95
2026-03-20 13:39:00,63300,63300,63300,63300,119
2026-03-20 13:40:00,63300,63300,63200,63200,182
2026-03-20 13:42:00,63300,63300,63300,63300,3
2026-03-20 13:43:00,63200,63200,63200,63200,144
2026-03-20 13:44:00,63200,63200,63150,63150,94
2026-03-20 13:45:00,63200,63300,63200,63200,274
2026-03-20 13:46:00,63200,63200,63200,63200,6
2026-03-20 13:47:00,63200,63200,63100,63100,224
2026-03-20 13:48:00,63100,63200,63100,63200,113
2026-03-20 13:49:00,63200,63200,63100,63200,82
2026-03-20 13:50:00,63200,63300,63200,63300,163
2026-03-20 13:51:00,63200,63200,63100,63100,404
2026-03-20 13:52:00,63200,63200,63200,63200,67
2026-03-20 13:53:00,63200,63200,63200,63200,49
2026-03-20 13:54:00,63200,63300,63200,63300,51
2026-03-20 13:55:00,63200,63300,63100,63100,110
2026-03-20 13:56:00,63300,63300,63300,63300,61
2026-03-20 13:57:00,63200,63300,63200,63300,65
2026-03-20 13:58:00,63300,63300,63300,63300,47
2026-03-20 13:59:00,63200,63200,63200,63200,4
2026-03-20 14:00:00,63300,64000,63300,63700,3608
2026-03-20 14:01:00,63900,64100,63900,64000,1939
2026-03-20 14:02:00,63900,63900,63500,63700,338
2026-03-20 14:03:00,63600,63600,63400,63600,379
2026-03-20 14:04:00,63500,63600,63400,63400,163
2026-03-20 14:05:00,63300,63500,63300,63400,170
2026-03-20 14:06:00,63400,63400,63300,63300,571
2026-03-20 14:07:00,63300,63400,63300,63300,188
2026-03-20 14:08:00,63300,63400,63300,63400,356
2026-03-20 14:09:00,63300,63300,63200,63200,2121
2026-03-20 14:10:00,63200,63500,63200,63400,369
2026-03-20 14:11:00,63500,63500,63500,63500,50
2026-03-20 14:12:00,63400,63400,63300,63300,1272
2026-03-20 14:13:00,63300,63300,63100,63100,1124
2026-03-20 14:14:00,63200,63300,63200,63200,143
2026-03-20 14:15:00,63300,63500,63300,63500,74
2026-03-20 14:16:00,63400,63400,63400,63400,59
2026-03-20 14:17:00,63300,63300,63200,63300,187
2026-03-20 14:18:00,63300,63300,63300,63300,154
2026-03-20 14:19:00,63200,63400,63200,63300,117
2026-03-20 14:20:00,63300,63400,63300,63400,75
2026-03-20 14:21:00,63400,63400,63400,63400,1
2026-03-20 14:22:00,63400,63400,63300,63300,86
2026-03-20 14:23:00,63300,63400,63300,63300,106
2026-03-20 14:24:00,63300,63300,63300,63300,102
2026-03-20 14:25:00,63300,63300,63300,63300,1
2026-03-20 14:26:00,63300,63300,63300,63300,85
2026-03-20 14:27:00,63200,63300,63200,63300,149
2026-03-20 14:28:00,63300,63300,63200,63200,144
2026-03-20 14:29:00,63100,63200,63100,63200,255
2026-03-20 14:30:00,63300,63300,63300,63300,63
2026-03-20 14:31:00,63300,63300,63200,63200,41
2026-03-20 14:32:00,63300,63400,63300,63400,62
2026-03-20 14:33:00,63400,63400,63200,63200,271
2026-03-20 14:35:00,63300,63300,63200,63200,96
2026-03-20 14:36:00,63300,63300,63300,63300,249
2026-03-20 14:37:00,63300,63400,63300,63400,71
2026-03-20 14:38:00,63300,63400,63300,63300,590
2026-03-20 14:39:00,63300,63400,63300,63400,223
2026-03-20 14:40:00,63400,63400,63400,63400,97
2026-03-20 14:41:00,63400,63400,63300,63400,399
2026-03-20 14:42:00,63400,63400,63300,63300,48
2026-03-20 14:43:00,63400,63500,63200,63200,297
2026-03-20 14:44:00,63300,63300,63300,63300,138
2026-03-20 14:45:00,63300,63300,63300,63300,82
2026-03-20 14:46:00,63200,63300,63100,63200,813
2026-03-20 14:47:00,63200,63200,63100,63100,113
2026-03-20 14:48:00,63200,63200,63200,63200,244
2026-03-20 14:49:00,63300,63300,63200,63200,65
2026-03-20 14:50:00,63200,63200,63200,63200,120
2026-03-20 14:51:00,63100,63100,63100,63100,388
2026-03-20 14:52:00,63200,63200,63200,63200,40
2026-03-20 14:53:00,63100,63100,63000,63000,1002
2026-03-20 14:54:00,63100,63100,63000,63100,489
2026-03-20 14:55:00,63100,63100,63000,63000,111
2026-03-20 14:56:00,63100,63100,63000,63000,747
2026-03-20 14:57:00,63000,63100,63000,63000,191
2026-03-20 14:58:00,63000,63100,63000,63100,150
2026-03-20 14:59:00,63100,63100,63000,63100,512
2026-03-20 15:00:00,63100,63100,62900,62900,1517
2026-03-20 15:01:00,63000,63000,62900,62900,467
2026-03-20 15:02:00,62800,63000,62800,63000,586
2026-03-20 15:03:00,62900,63000,62800,62900,336
2026-03-20 15:04:00,62800,62900,62800,62800,332
2026-03-20 15:05:00,62800,62900,62800,62900,135
2026-03-20 15:06:00,62900,62900,62700,62700,1304
2026-03-20 15:07:00,62800,62800,62700,62700,405
2026-03-20 15:08:00,62700,62800,62700,62800,498
2026-03-20 15:09:00,62800,62900,62700,62700,475
2026-03-20 15:10:00,62800,62900,62700,62800,635
2026-03-20 15:11:00,62800,62900,62700,62800,559
2026-03-20 15:12:00,62700,62800,62700,62700,362
2026-03-20 15:13:00,62700,62800,62600,62800,554
2026-03-20 15:14:00,62600,62800,62600,62700,1227
2026-03-20 15:15:00,62800,62800,62600,62600,503
2026-03-20 15:16:00,62600,62800,62600,62800,678
2026-03-20 15:17:00,62700,62800,62700,62800,546
2026-03-20 15:18:00,62800,62800,62700,62800,617
2026-03-20 15:19:00,62700,63000,62700,63000,641
2026-03-20 15:30:00,63600,63600,63600,63600,13875
2026-03-20 15:35:00,63600,63600,63600,63600,5
2026-03-23 09:00:00,61400,61600,60900,61500,3985
2026-03-23 09:01:00,61400,61500,61300,61400,604
2026-03-23 09:02:00,61400,61500,61200,61300,844
2026-03-23 09:03:00,61200,61400,61200,61400,507
2026-03-23 09:04:00,61200,61300,61200,61300,400
2026-03-23 09:05:00,61300,61300,60700,60800,2070
2026-03-23 09:06:00,60800,61000,60500,60600,1335
2026-03-23 09:07:00,60600,61100,60600,61100,744
2026-03-23 09:08:00,61100,61100,60700,60900,519
2026-03-23 09:09:00,60900,61000,60800,60900,381
2026-03-23 09:10:00,60900,61000,60800,60900,477
2026-03-23 09:11:00,60900,61300,60900,61300,207
2026-03-23 09:12:00,61000,61000,60800,61000,403
2026-03-23 09:13:00,61000,61000,60700,60800,378
2026-03-23 09:14:00,60900,60900,60800,60800,230
2026-03-23 09:15:00,60900,61000,60700,61000,1021
2026-03-23 09:16:00,60900,61000,60800,60900,123
2026-03-23 09:17:00,60900,60900,60800,60800,197
2026-03-23 09:18:00,60900,60900,60800,60800,358
2026-03-23 09:19:00,60800,60900,60700,60800,1155
2026-03-23 09:20:00,60800,60900,60800,60900,225
2026-03-23 09:21:00,60900,61100,60800,61100,255
2026-03-23 09:22:00,61000,61400,61000,61300,49
2026-03-23 09:23:00,61100,61300,61100,61100,202
2026-03-23 09:24:00,61200,61200,61000,61000,390
2026-03-23 09:25:00,61000,61100,60900,61000,621
2026-03-23 09:26:00,61000,61000,60800,61000,233
2026-03-23 09:27:00,60900,61000,60800,60800,177
2026-03-23 09:28:00,60800,60800,60600,60600,850
2026-03-23 09:29:00,60800,60800,60600,60600,151
2026-03-23 09:30:00,60700,60700,60600,60700,864
2026-03-23 09:31:00,60700,60700,60600,60600,21
2026-03-23 09:32:00,60600,60700,60600,60700,313
2026-03-23 09:33:00,60600,60700,60600,60600,178
2026-03-23 09:34:00,60500,60600,60500,60600,539
2026-03-23 09:35:00,60500,60500,60400,60500,303
2026-03-23 09:36:00,60500,60500,60500,60500,347
2026-03-23 09:37:00,60500,60600,60500,60500,67
2026-03-23 09:38:00,60600,60600,60600,60600,13
2026-03-23 09:39:00,60500,60500,60400,60500,311
2026-03-23 09:40:00,60400,60500,60400,60400,479
2026-03-23 09:41:00,60500,60500,60400,60400,1217
2026-03-23 09:42:00,60400,60400,60400,60400,131
2026-03-23 09:43:00,60400,60500,60400,60500,147
2026-03-23 09:44:00,60500,60500,60300,60300,997
2026-03-23 09:45:00,60400,60400,60300,60400,252
2026-03-23 09:46:00,60400,60400,60300,60300,905
2026-03-23 09:47:00,60400,60400,60300,60300,115
2026-03-23 09:48:00,60400,60400,60100,60300,1295
2026-03-23 09:49:00,60200,60200,60000,60200,943
2026-03-23 09:50:00,60100,60200,60100,60200,284
2026-03-23 09:51:00,60200,60200,60000,60100,1930
2026-03-23 09:52:00,60100,60100,60000,60000,801
2026-03-23 09:53:00,60000,60100,59900,60000,1609
2026-03-23 09:54:00,60000,60000,59900,59900,411
2026-03-23 09:55:00,59900,60000,59900,60000,338
2026-03-23 09:56:00,60000,60000,59800,60000,1076
2026-03-23 09:57:00,59900,59900,59800,59900,165
2026-03-23 09:58:00,59800,60000,59700,60000,341
2026-03-23 09:59:00,59900,59900,59800,59800,83
2026-03-23 10:00:00,59800,59800,59700,59800,461
2026-03-23 10:01:00,59700,60000,59700,60000,643
2026-03-23 10:02:00,60000,60100,59900,60100,613
2026-03-23 10:03:00,60100,60200,60000,60200,1106
2026-03-23 10:04:00,60200,60400,60200,60400,322
2026-03-23 10:05:00,60400,60400,60300,60400,307
2026-03-23 10:06:00,60400,60400,60200,60300,281
2026-03-23 10:07:00,60300,60300,60200,60200,138
2026-03-23 10:08:00,60200,60300,60200,60300,19
2026-03-23 10:09:00,60300,60300,60000,60300,577
2026-03-23 10:10:00,60300,60400,60300,60400,102
2026-03-23 10:11:00,60400,60500,60000,60500,405
2026-03-23 10:12:00,60400,60400,60400,60400,1
2026-03-23 10:13:00,60400,60400,60300,60400,424
2026-03-23 10:14:00,60400,60500,60100,60400,414
2026-03-23 10:15:00,60400,60400,60200,60300,391
2026-03-23 10:16:00,60400,60400,60300,60400,129
2026-03-23 10:17:00,60300,60400,60300,60300,95
2026-03-23 10:18:00,60300,60300,60200,60300,456
2026-03-23 10:19:00,60300,60400,60200,60300,1213
2026-03-23 10:20:00,60300,60300,60300,60300,72
2026-03-23 10:21:00,60300,60300,60200,60200,190
2026-03-23 10:22:00,60100,60200,60100,60200,87
2026-03-23 10:23:00,60200,60300,60200,60300,274
2026-03-23 10:24:00,60300,60300,60200,60200,226
2026-03-23 10:25:00,60300,60300,60100,60200,245
2026-03-23 10:26:00,60200,60200,60200,60200,47
2026-03-23 10:27:00,60100,60200,60100,60100,410
2026-03-23 10:28:00,60100,60200,60100,60200,219
2026-03-23 10:29:00,60100,60200,60100,60200,135
2026-03-23 10:30:00,60100,60100,60100,60100,367
2026-03-23 10:31:00,60100,60400,60100,60300,1102
2026-03-23 10:32:00,60400,60400,60200,60300,860
2026-03-23 10:33:00,60300,60300,60100,60300,178
2026-03-23 10:34:00,60200,60300,60200,60200,144
2026-03-23 10:35:00,60300,60300,60100,60100,329
2026-03-23 10:36:00,60200,60200,60100,60100,8
2026-03-23 10:37:00,60200,60700,60200,60700,1746
2026-03-23 10:38:00,60700,60700,60700,60700,22
2026-03-23 10:39:00,60700,60700,60500,60700,81
2026-03-23 10:40:00,60600,60900,60600,60800,372
2026-03-23 10:41:00,60900,61200,60900,61200,781
2026-03-23 10:42:00,61200,61200,60900,61100,1130
2026-03-23 10:43:00,61100,61100,61000,61000,167
2026-03-23 10:44:00,60900,61000,60900,60900,217
2026-03-23 10:45:00,60900,60900,60900,60900,7
2026-03-23 10:46:00,60900,60900,60700,60800,96
2026-03-23 10:47:00,60800,60800,60800,60800,722
2026-03-23 10:48:00,60800,60900,60700,60800,135
2026-03-23 10:49:00,60700,60700,60700,60700,160
2026-03-23 10:50:00,60700,60800,60500,60800,508
2026-03-23 10:51:00,60800,60900,60600,60600,189
2026-03-23 10:52:00,60700,60800,60600,60600,212
2026-03-23 10:53:00,60600,60800,60600,60800,175
2026-03-23 10:54:00,60700,60800,60700,60800,22
2026-03-23 10:55:00,60700,60800,60700,60700,132
2026-03-23 10:56:00,60600,60800,60600,60800,201
2026-03-23 10:57:00,60800,60800,60700,60700,159
2026-03-23 10:58:00,60700,60800,60700,60800,235
2026-03-23 10:59:00,60900,60900,60900,60900,3
2026-03-23 11:00:00,60800,60800,60700,60800,258
2026-03-23 11:01:00,60800,60800,60800,60800,20
2026-03-23 11:02:00,60800,61000,60800,60900,109
2026-03-23 11:03:00,60900,60900,60700,60800,125
2026-03-23 11:04:00,60800,60900,60600,60900,203
2026-03-23 11:05:00,60900,61000,60900,61000,6
2026-03-23 11:06:00,60900,60900,60800,60800,32
2026-03-23 11:07:00,60800,60900,60800,60900,149
2026-03-23 11:08:00,60900,61000,60900,61000,193
2026-03-23 11:09:00,61000,61300,61000,61200,944
2026-03-23 11:10:00,61200,61300,61200,61200,365
2026-03-23 11:11:00,61200,61200,60800,61000,843
2026-03-23 11:12:00,61000,61200,61000,61100,252
2026-03-23 11:13:00,61100,61100,61000,61000,142
2026-03-23 11:14:00,60900,60900,60800,60800,147
2026-03-23 11:15:00,60700,60800,60600,60700,647
2026-03-23 11:16:00,60700,60700,60600,60600,284
2026-03-23 11:17:00,60700,60700,60600,60600,450
2026-03-23 11:18:00,60700,60700,60700,60700,11
2026-03-23 11:19:00,60700,60800,60700,60700,255
2026-03-23 11:20:00,60700,60700,60700,60700,3
2026-03-23 11:21:00,60800,61000,60800,61000,207
2026-03-23 11:22:00,61000,61000,61000,61000,60
2026-03-23 11:23:00,61000,61000,61000,61000,60
2026-03-23 11:24:00,61000,61100,61000,61000,122
2026-03-23 11:25:00,61000,61100,61000,61100,73
2026-03-23 11:26:00,61100,61200,61000,61200,152
2026-03-23 11:27:00,61100,61100,61100,61100,3
2026-03-23 11:28:00,61000,61000,60800,60800,152
2026-03-23 11:29:00,60900,60900,60800,60900,57
2026-03-23 11:30:00,60800,60800,60700,60700,334
2026-03-23 11:31:00,60700,60700,60600,60700,81
2026-03-23 11:32:00,60700,60700,60600,60600,96
2026-03-23 11:33:00,60600,60600,60600,60600,1
2026-03-23 11:34:00,60600,60700,60600,60700,107
2026-03-23 11:35:00,60700,60700,60600,60700,69
2026-03-23 11:36:00,60500,60600,60500,60600,148
2026-03-23 11:37:00,60600,60600,60600,60600,7
2026-03-23 11:38:00,60600,60600,60600,60600,17
2026-03-23 11:39:00,60500,60600,60500,60600,138
2026-03-23 11:40:00,60500,60500,60500,60500,70
2026-03-23 11:41:00,60500,60600,60500,60600,106
2026-03-23 11:42:00,60500,60600,60500,60600,163
2026-03-23 11:43:00,60500,60600,60400,60400,91
2026-03-23 11:44:00,60400,60500,60400,60500,155
2026-03-23 11:45:00,60500,60600,60400,60600,300
2026-03-23 11:46:00,60500,60600,60400,60600,328
2026-03-23 11:47:00,60600,60700,60600,60700,202
2026-03-23 11:48:00,60700,60900,60700,60900,366
2026-03-23 11:49:00,60800,60800,60800,60800,25
2026-03-23 11:50:00,60700,60800,60700,60800,30
2026-03-23 11:51:00,60700,60700,60700,60700,3
2026-03-23 11:52:00,60700,60700,60500,60500,1459
2026-03-23 11:53:00,60500,60500,60500,60500,48
2026-03-23 11:54:00,60600,60600,60600,60600,143
2026-03-23 11:55:00,60500,60600,60500,60600,27
2026-03-23 11:56:00,60600,60600,60600,60600,276
2026-03-23 11:57:00,60600,60600,60600,60600,70
2026-03-23 11:58:00,60600,60600,60500,60600,123
2026-03-23 11:59:00,60600,60700,60600,60700,162
2026-03-23 12:00:00,60650,60650,60600,60600,60
2026-03-23 12:01:00,60600,60700,60600,60600,148
2026-03-23 12:02:00,60600,60600,60600,60600,40
2026-03-23 12:03:00,60600,60600,60600,60600,3
2026-03-23 12:04:00,60500,60500,60500,60500,6
2026-03-23 12:05:00,60600,60600,60500,60500,88
2026-03-23 12:06:00,60500,60500,60500,60500,108
2026-03-23 12:07:00,60400,60500,60400,60400,153
2026-03-23 12:08:00,60500,60600,60500,60500,255
2026-03-23 12:09:00,60500,60600,60500,60600,823
2026-03-23 12:10:00,60400,60500,60400,60400,812
2026-03-23 12:11:00,60400,60500,60400,60500,37
2026-03-23 12:12:00,60500,60500,60400,60400,13
2026-03-23 12:13:00,60400,60400,60400,60400,226
2026-03-23 12:14:00,60400,60400,60400,60400,33
2026-03-23 12:15:00,60400,60400,60300,60300,223
2026-03-23 12:16:00,60300,60400,60300,60300,151
2026-03-23 12:17:00,60300,60300,60200,60300,164
2026-03-23 12:18:00,60300,60300,60300,60300,30
2026-03-23 12:19:00,60400,60400,60300,60300,127
2026-03-23 12:20:00,60300,60400,60300,60300,12
2026-03-23 12:21:00,60400,60400,60400,60400,1
2026-03-23 12:22:00,60400,60400,60400,60400,112
2026-03-23 12:23:00,60400,60500,60400,60500,61
2026-03-23 12:24:00,60400,60400,60300,60400,51
2026-03-23 12:25:00,60400,60400,60400,60400,80
2026-03-23 12:27:00,60500,60500,60400,60500,11
2026-03-23 12:28:00,60500,60500,60500,60500,23
2026-03-23 12:29:00,60500,60500,60500,60500,2
2026-03-23 12:30:00,60500,60500,60500,60500,8
2026-03-23 12:31:00,60500,60500,60500,60500,101
2026-03-23 12:32:00,60500,60600,60500,60600,247
2026-03-23 12:33:00,60500,60500,60500,60500,86
2026-03-23 12:34:00,60500,60600,60500,60600,213
2026-03-23 12:35:00,60600,60600,60600,60600,11
2026-03-23 12:36:00,60600,60600,60600,60600,272
2026-03-23 12:37:00,60500,60600,60500,60600,66
2026-03-23 12:38:00,60600,60600,60400,60600,662
2026-03-23 12:39:00,60600,60600,60600,60600,33
2026-03-23 12:40:00,60700,60700,60600,60600,52
2026-03-23 12:41:00,60600,60700,60600,60600,21
2026-03-23 12:42:00,60500,60600,60500,60600,57
2026-03-23 12:43:00,60500,60500,60500,60500,50
2026-03-23 12:44:00,60600,60600,60400,60400,128
2026-03-23 12:46:00,60500,60600,60500,60500,133
2026-03-23 12:47:00,60600,60600,60600,60600,27
2026-03-23 12:48:00,60600,60600,60600,60600,40
2026-03-23 12:49:00,60600,60600,60600,60600,36
2026-03-23 12:50:00,60600,60600,60600,60600,38
2026-03-23 12:51:00,60600,60700,60600,60600,189
2026-03-23 12:52:00,60600,60600,60500,60500,54
2026-03-23 12:53:00,60500,60600,60500,60500,418
2026-03-23 12:54:00,60500,60500,60500,60500,9
2026-03-23 12:55:00,60500,60500,60500,60500,48
2026-03-23 12:56:00,60500,60500,60500,60500,186
2026-03-23 12:57:00,60500,60500,60500,60500,7
2026-03-23 12:58:00,60400,60500,60400,60500,39
2026-03-23 12:59:00,60500,60500,60400,60400,26
2026-03-23 13:00:00,60500,60500,60500,60500,60
2026-03-23 13:01:00,60500,60600,60500,60600,84
2026-03-23 13:02:00,60400,60500,60400,60500,120
2026-03-23 13:03:00,60400,60400,60400,60400,1
2026-03-23 13:04:00,60500,60500,60500,60500,2
2026-03-23 13:05:00,60500,60500,60500,60500,105
2026-03-23 13:06:00,60500,60600,60500,60600,239
2026-03-23 13:07:00,60500,60500,60400,60500,187
2026-03-23 13:08:00,60500,60500,60500,60500,105
2026-03-23 13:09:00,60500,60600,60500,60600,28
2026-03-23 13:10:00,60500,60600,60500,60600,91
2026-03-23 13:11:00,60500,60600,60400,60400,829
2026-03-23 13:12:00,60600,60600,60600,60600,2
2026-03-23 13:13:00,60500,60500,60500,60500,2
2026-03-23 13:14:00,60500,60500,60500,60500,3
2026-03-23 13:15:00,60500,60500,60500,60500,4
2026-03-23 13:16:00,60600,60600,60500,60500,104
2026-03-23 13:17:00,60500,60500,60500,60500,5
2026-03-23 13:18:00,60500,60500,60500,60500,126
2026-03-23 13:19:00,60500,60600,60500,60600,31
2026-03-23 13:20:00,60600,60600,60600,60600,1
2026-03-23 13:21:00,60600,60700,60500,60700,247
2026-03-23 13:22:00,60700,60700,60600,60600,532
2026-03-23 13:23:00,60600,60600,60600,60600,24
2026-03-23 13:24:00,60600,60600,60600,60600,101
2026-03-23 13:25:00,60700,60700,60700,60700,22
2026-03-23 13:26:00,60700,60800,60700,60800,287
2026-03-23 13:27:00,60800,61000,60800,60900,457
2026-03-23 13:28:00,60900,60900,60800,60900,31
2026-03-23 13:29:00,60800,60800,60800,60800,5
2026-03-23 13:30:00,60900,60900,60800,60800,56
2026-03-23 13:31:00,60800,60800,60700,60700,33
2026-03-23 13:32:00,60700,60800,60700,60700,29
2026-03-23 13:33:00,60700,60700,60700,60700,19
2026-03-23 13:34:00,60700,60700,60700,60700,144
2026-03-23 13:35:00,60700,60700,60700,60700,1
2026-03-23 13:36:00,60600,60700,60600,60700,113
2026-03-23 13:37:00,60600,60600,60600,60600,86
2026-03-23 13:38:00,60600,60600,60600,60600,2
2026-03-23 13:40:00,60600,60600,60600,60600,96
2026-03-23 13:41:00,60600,60600,60600,60600,4
2026-03-23 13:42:00,60600,60600,60600,60600,21
2026-03-23 13:43:00,60600,60600,60600,60600,144
2026-03-23 13:44:00,60600,60600,60600,60600,147
2026-03-23 13:45:00,60500,60500,60400,60400,369
2026-03-23 13:46:00,60400,60500,60400,60500,813
2026-03-23 13:47:00,60400,60400,60300,60300,284
2026-03-23 13:48:00,60400,60400,60300,60300,119
2026-03-23 13:49:00,60400,60400,60300,60300,654
2026-03-23 13:50:00,60300,60400,60200,60300,186
2026-03-23 13:51:00,60300,60300,60300,60300,307
2026-03-23 13:52:00,60200,60400,60200,60400,826
2026-03-23 13:53:00,60300,60400,60200,60300,146
2026-03-23 13:54:00,60300,60300,60300,60300,12
2026-03-23 13:55:00,60200,60300,60200,60300,2
2026-03-23 13:56:00,60300,60300,60200,60300,14
2026-03-23 13:57:00,60300,60300,60300,60300,7
2026-03-23 13:58:00,60300,60300,60300,60300,6
2026-03-23 13:59:00,60300,60300,60300,60300,143
2026-03-23 14:00:00,60250,60400,60200,60400,64
2026-03-23 14:01:00,60400,60400,60300,60300,87
2026-03-23 14:02:00,60300,60300,60300,60300,3
2026-03-23 14:03:00,60300,60400,60200,60300,310
2026-03-23 14:04:00,60200,60500,60200,60400,129
2026-03-23 14:05:00,60400,60400,60300,60300,7
2026-03-23 14:06:00,60400,60400,60300,60300,123
2026-03-23 14:07:00,60300,60400,60300,60400,274
2026-03-23 14:08:00,60400,60400,60300,60400,319
2026-03-23 14:09:00,60400,60400,60300,60400,270
2026-03-23 14:10:00,60300,60300,60200,60300,220
2026-03-23 14:11:00,60300,60300,60200,60300,56
2026-03-23 14:12:00,60300,60500,60200,60300,208
2026-03-23 14:13:00,60300,60300,60300,60300,50
2026-03-23 14:14:00,60400,60900,60400,60900,1279
2026-03-23 14:15:00,60900,60900,60600,60700,877
2026-03-23 14:16:00,60900,60900,60600,60600,141
2026-03-23 14:17:00,60600,60600,60600,60600,33
2026-03-23 14:18:00,60500,60500,60500,60500,8
2026-03-23 14:19:00,60500,60600,60500,60500,25
2026-03-23 14:20:00,60500,60500,60400,60400,102
2026-03-23 14:21:00,60400,60700,60400,60500,354
2026-03-23 14:22:00,60500,60550,60500,60550,85
2026-03-23 14:23:00,60450,60500,60450,60500,43
2026-03-23 14:24:00,60400,60400,60400,60400,428
2026-03-23 14:25:00,60500,60500,60400,60400,9
2026-03-23 14:26:00,60500,60500,60400,60400,193
2026-03-23 14:27:00,60400,60400,60400,60400,53
2026-03-23 14:28:00,60400,60500,60400,60500,63
2026-03-23 14:29:00,60500,60500,60500,60500,52
2026-03-23 14:30:00,60400,60400,60400,60400,20
2026-03-23 14:31:00,60400,60500,60300,60300,133
2026-03-23 14:32:00,60400,60400,60400,60400,53
2026-03-23 14:33:00,60400,60400,60300,60300,104
2026-03-23 14:34:00,60400,60400,60400,60400,50
2026-03-23 14:35:00,60400,60400,60400,60400,1
2026-03-23 14:36:00,60400,60500,60400,60500,205
2026-03-23 14:37:00,60400,60500,60300,60300,404
2026-03-23 14:38:00,60300,60400,60300,60400,112
2026-03-23 14:39:00,60300,60400,60300,60400,6
2026-03-23 14:40:00,60400,60500,60400,60400,387
2026-03-23 14:41:00,60500,60500,60500,60500,125
2026-03-23 14:42:00,60400,60500,60400,60400,175
2026-03-23 14:43:00,60400,60500,60400,60400,597
2026-03-23 14:44:00,60300,60400,60300,60400,198
2026-03-23 14:45:00,60400,60400,60300,60400,48
2026-03-23 14:46:00,60400,60400,60400,60400,122
2026-03-23 14:47:00,60300,60400,60300,60400,105
2026-03-23 14:48:00,60300,60500,60300,60400,385
2026-03-23 14:49:00,60400,60400,60400,60400,134
2026-03-23 14:50:00,60400,60400,60400,60400,13
2026-03-23 14:51:00,60400,60500,60300,60300,156
2026-03-23 14:52:00,60400,60400,60400,60400,40
2026-03-23 14:53:00,60400,60400,60300,60300,1077
2026-03-23 14:54:00,60200,60300,60200,60300,87
2026-03-23 14:55:00,60200,60200,60200,60200,288
2026-03-23 14:56:00,60200,60300,60200,60200,408
2026-03-23 14:57:00,60200,60300,60100,60100,343
2026-03-23 14:58:00,60200,60200,60100,60100,44
2026-03-23 14:59:00,60200,60200,60100,60100,193
2026-03-23 15:00:00,60200,60200,60200,60200,1
2026-03-23 15:01:00,60100,60200,60100,60100,187
2026-03-23 15:02:00,60100,60200,60100,60100,200
2026-03-23 15:03:00,60100,60100,60000,60100,1599
2026-03-23 15:04:00,60100,60200,60100,60200,1082
2026-03-23 15:05:00,60100,60300,60100,60200,160
2026-03-23 15:06:00,60200,60300,60200,60200,437
2026-03-23 15:07:00,60200,60300,60200,60300,440
2026-03-23 15:08:00,60300,60300,60200,60300,131
2026-03-23 15:09:00,60200,60250,60100,60100,337
2026-03-23 15:10:00,60200,60200,60100,60200,553
2026-03-23 15:11:00,60200,60200,60100,60100,27
2026-03-23 15:12:00,60100,60100,60000,60100,661
2026-03-23 15:13:00,60100,60100,60000,60100,48
2026-03-23 15:14:00,60100,60100,60100,60100,259
2026-03-23 15:15:00,60000,60200,60000,60200,637
2026-03-23 15:16:00,60200,60300,60200,60300,723
2026-03-23 15:17:00,60300,60300,60200,60200,591
2026-03-23 15:18:00,60200,60300,60100,60200,515
2026-03-23 15:19:00,60100,60200,60100,60200,410
2026-03-23 15:30:00,60500,60500,60500,60500,2893
2026-03-23 15:35:00,60500,60500,60500,60500,41
2026-03-24 09:00:00,61900,62200,61800,62000,1640
2026-03-24 09:01:00,62000,62000,61600,61700,1564
2026-03-24 09:02:00,61700,62000,61700,61900,1241
2026-03-24 09:03:00,61800,61900,61400,61600,1643
2026-03-24 09:04:00,61400,61700,61400,61400,643
2026-03-24 09:05:00,61400,61700,61300,61700,1351
2026-03-24 09:06:00,61800,61800,61600,61700,508
2026-03-24 09:07:00,61600,61900,61600,61700,552
2026-03-24 09:08:00,61700,61800,61700,61800,241
2026-03-24 09:09:00,61800,62100,61700,61800,968
2026-03-24 09:10:00,61800,61800,61600,61700,531
2026-03-24 09:11:00,61800,61900,61800,61900,254
2026-03-24 09:12:00,61800,61800,61700,61800,599
2026-03-24 09:13:00,61700,61700,61500,61500,502
2026-03-24 09:14:00,61600,61600,61500,61500,96
2026-03-24 09:15:00,61600,61600,61400,61500,621
2026-03-24 09:16:00,61400,61500,61400,61400,371
2026-03-24 09:17:00,61400,61500,61400,61500,627
2026-03-24 09:18:00,61400,61500,61300,61400,683
2026-03-24 09:19:00,61400,61400,61200,61200,824
2026-03-24 09:20:00,61200,61300,61200,61300,668
2026-03-24 09:21:00,61200,61400,61200,61400,282
2026-03-24 09:22:00,61400,61400,61300,61400,159
2026-03-24 09:23:00,61400,61500,61400,61400,267
2026-03-24 09:24:00,61400,61500,61400,61500,120
2026-03-24 09:25:00,61400,61400,61300,61400,360
2026-03-24 09:26:00,61400,61500,61400,61400,456
2026-03-24 09:27:00,61400,61500,61200,61300,491
2026-03-24 09:28:00,61300,61300,61200,61300,127
2026-03-24 09:29:00,61300,61300,61000,61100,781
2026-03-24 09:30:00,61200,61300,61100,61200,218
2026-03-24 09:31:00,61200,61300,61000,61100,288
2026-03-24 09:32:00,61200,61200,61000,61000,128
2026-03-24 09:33:00,61000,61200,61000,61200,424
2026-03-24 09:34:00,61200,61400,61200,61300,270
2026-03-24 09:35:00,61300,61400,61200,61200,102
2026-03-24 09:36:00,61200,61300,61200,61200,23
2026-03-24 09:37:00,61200,61300,61100,61200,186
2026-03-24 09:38:00,61200,61300,61100,61100,175
2026-03-24 09:39:00,61100,61200,61000,61100,326
2026-03-24 09:40:00,61100,61200,61000,61100,189
2026-03-24 09:41:00,61100,61100,61000,61100,151
2026-03-24 09:42:00,61100,61100,61100,61100,18
2026-03-24 09:43:00,61100,61200,61100,61100,463
2026-03-24 09:44:00,61200,61200,61100,61200,232
2026-03-24 09:45:00,61200,61400,61200,61300,614
2026-03-24 09:46:00,61300,61300,61300,61300,225
2026-03-24 09:47:00,61200,61300,61200,61300,108
2026-03-24 09:48:00,61300,61500,61300,61400,589
2026-03-24 09:49:00,61400,61400,61400,61400,74
2026-03-24 09:50:00,61400,61400,61300,61400,282
2026-03-24 09:51:00,61400,61400,61200,61300,174
2026-03-24 09:52:00,61300,61400,61200,61300,404
2026-03-24 09:53:00,61300,61400,61300,61300,122
2026-03-24 09:54:00,61300,61300,61200,61200,94
2026-03-24 09:55:00,61200,61300,61100,61300,344
2026-03-24 09:56:00,61100,61200,61100,61200,60
2026-03-24 09:57:00,61200,61300,61100,61200,248
2026-03-24 09:58:00,61200,61400,61200,61400,258
2026-03-24 09:59:00,61300,61300,61100,61200,409
2026-03-24 10:00:00,61200,61200,61100,61100,78
2026-03-24 10:01:00,61100,61200,61000,61100,510
2026-03-24 10:02:00,61200,61200,61100,61200,294
2026-03-24 10:03:00,61100,61200,60900,61100,492
2026-03-24 10:04:00,61100,61100,61000,61100,68
2026-03-24 10:05:00,61000,61200,60900,61100,1327
2026-03-24 10:06:00,61200,61200,61000,61100,142
2026-03-24 10:07:00,61100,61100,61000,61000,37
2026-03-24 10:08:00,61100,61100,60900,60900,498
2026-03-24 10:09:00,61000,61000,60800,61000,800
2026-03-24 10:10:00,61000,61000,60900,60900,415
2026-03-24 10:11:00,60900,60900,60800,60900,178
2026-03-24 10:12:00,60900,61000,60800,60800,195
2026-03-24 10:13:00,60700,61000,60600,61000,864
2026-03-24 10:14:00,60600,60900,60400,60400,554
2026-03-24 10:15:00,60800,60800,60700,60700,11
2026-03-24 10:16:00,60500,60700,60400,60600,93
2026-03-24 10:17:00,60600,60600,60200,60400,177
2026-03-24 10:18:00,60300,60400,60000,60200,707
2026-03-24 10:19:00,60300,60600,60300,60500,468
2026-03-24 10:20:00,60600,60900,60600,60700,359
2026-03-24 10:21:00,60700,60900,60700,60900,1010
2026-03-24 10:22:00,60900,60900,60800,60900,60
2026-03-24 10:23:00,60900,60900,60800,60800,152
2026-03-24 10:24:00,60700,60900,60600,60800,164
2026-03-24 10:25:00,60700,61000,60600,61000,289
2026-03-24 10:26:00,60900,61000,60900,61000,32
2026-03-24 10:27:00,61000,61000,61000,61000,69
2026-03-24 10:28:00,60900,61000,60900,61000,71
2026-03-24 10:29:00,60900,60900,60800,60800,48
2026-03-24 10:30:00,60800,60900,60700,60900,58
2026-03-24 10:31:00,60700,60900,60600,60800,38
2026-03-24 10:32:00,60800,60900,60600,60600,181
2026-03-24 10:33:00,60700,60700,60600,60700,286
2026-03-24 10:34:00,60700,60800,60700,60700,25
2026-03-24 10:35:00,60700,60700,60600,60700,29
2026-03-24 10:36:00,60600,60700,60400,60400,255
2026-03-24 10:37:00,60300,60600,60200,60600,470
2026-03-24 10:38:00,60600,60600,60200,60200,272
2026-03-24 10:39:00,60200,60200,60200,60200,6
2026-03-24 10:40:00,60400,60400,60400,60400,92
2026-03-24 10:41:00,60200,60300,59900,59900,1069
2026-03-24 10:42:00,59900,60000,59800,60000,478
2026-03-24 10:43:00,60000,60000,60000,60000,86
2026-03-24 10:44:00,59900,60000,59800,59800,279
2026-03-24 10:45:00,59800,60000,59700,59700,1077
2026-03-24 10:46:00,59800,60000,59700,59800,523
2026-03-24 10:47:00,59800,60000,59800,60000,412
2026-03-24 10:48:00,60000,60000,59900,60000,73
2026-03-24 10:49:00,59900,59900,59800,59900,371
2026-03-24 10:50:00,59900,60200,59900,60200,682
2026-03-24 10:51:00,60000,60100,59800,59800,289
2026-03-24 10:52:00,60000,60100,59800,60000,228
2026-03-24 10:53:00,60000,60100,60000,60000,168
2026-03-24 10:54:00,59800,59950,59800,59900,370
2026-03-24 10:55:00,59800,60100,59700,59800,506
2026-03-24 10:56:00,59800,60000,59800,60000,288
2026-03-24 10:57:00,60000,60000,59600,59800,880
2026-03-24 10:58:00,59700,60000,59200,59700,2913
2026-03-24 10:59:00,59500,59800,59500,59700,163
2026-03-24 11:00:00,59900,60000,59300,59400,1145
2026-03-24 11:01:00,59300,60000,59300,60000,1112
2026-03-24 11:02:00,59900,59900,59700,59800,91
2026-03-24 11:03:00,59700,59800,59600,59800,48
2026-03-24 11:04:00,59900,59900,59800,59800,9
2026-03-24 11:05:00,59700,59800,59700,59800,384
2026-03-24 11:06:00,59800,60000,59800,60000,748
2026-03-24 11:07:00,60000,60000,59800,59800,86
2026-03-24 11:08:00,60000,60000,59800,60000,498
2026-03-24 11:09:00,59800,59800,59800,59800,19
2026-03-24 11:10:00,59800,60000,59700,59800,327
2026-03-24 11:11:00,59800,59800,59400,59500,711
2026-03-24 11:12:00,59600,59700,59400,59500,130
2026-03-24 11:13:00,59600,59800,59600,59700,101
2026-03-24 11:14:00,59700,59700,59600,59700,73
2026-03-24 11:15:00,59600,59700,59400,59500,2771
2026-03-24 11:16:00,59500,59600,59500,59600,91
2026-03-24 11:17:00,59600,59700,59600,59600,134
2026-03-24 11:18:00,59600,59700,59600,59700,72
2026-03-24 11:19:00,59700,59900,59700,59900,226
2026-03-24 11:20:00,59900,60000,59700,59900,111
2026-03-24 11:21:00,59900,60200,59900,60200,534
2026-03-24 11:22:00,60200,60300,60200,60200,189
2026-03-24 11:23:00,60200,60300,60200,60200,44
2026-03-24 11:24:00,60300,60300,60200,60200,201
2026-03-24 11:25:00,60200,60300,60200,60200,122
2026-03-24 11:26:00,60200,60200,60200,60200,25
2026-03-24 11:27:00,60200,60200,60150,60200,106
2026-03-24 11:28:00,60200,60300,60200,60200,45
2026-03-24 11:29:00,60200,60200,60100,60100,144
2026-03-24 11:30:00,60000,60300,60000,60300,24
2026-03-24 11:31:00,60300,60300,60000,60100,184
2026-03-24 11:32:00,60100,60200,60100,60200,21
2026-03-24 11:33:00,60200,60300,59900,60300,25
2026-03-24 11:34:00,60100,60100,60000,60000,59
2026-03-24 11:35:00,60300,60300,60100,60100,9
2026-03-24 11:36:00,60100,60200,60100,60200,146
2026-03-24 11:37:00,60200,60200,59700,60200,538
2026-03-24 11:38:00,60000,60200,60000,60200,15
2026-03-24 11:39:00,60200,60200,60000,60200,41
2026-03-24 11:40:00,60200,60200,60000,60000,63
2026-03-24 11:41:00,60000,60200,59600,60200,618
2026-03-24 11:42:00,60200,60200,60200,60200,17
2026-03-24 11:43:00,60100,60100,60100,60100,178
2026-03-24 11:44:00,60100,60200,60100,60200,19
2026-03-24 11:45:00,60200,60200,60200,60200,87
2026-03-24 11:46:00,60200,60200,60200,60200,12
2026-03-24 11:47:00,60200,60200,60100,60200,890
2026-03-24 11:48:00,60200,60200,60100,60200,87
2026-03-24 11:49:00,60300,60300,60200,60200,79
2026-03-24 11:50:00,60300,60300,60100,60100,210
2026-03-24 11:51:00,60100,60200,60100,60100,99
2026-03-24 11:52:00,60200,60200,60200,60200,14
2026-03-24 11:53:00,60100,60200,60100,60200,98
2026-03-24 11:54:00,60100,60100,59700,60000,476
2026-03-24 11:55:00,60000,60000,60000,60000,1
2026-03-24 11:56:00,59900,59900,59800,59900,60
2026-03-24 11:57:00,60000,60000,60000,60000,20
2026-03-24 11:58:00,60000,60100,60000,60100,115
2026-03-24 12:00:00,60100,60100,60100,60100,29
2026-03-24 12:01:00,60100,60100,60100,60100,1
2026-03-24 12:02:00,60100,60100,60100,60100,29
2026-03-24 12:03:00,60100,60200,60100,60100,16
2026-03-24 12:05:00,60100,60200,60100,60200,9
2026-03-24 12:06:00,60200,60400,60100,60400,209
2026-03-24 12:07:00,60200,60300,60000,60300,22
2026-03-24 12:08:00,60300,60300,60000,60000,36
2026-03-24 12:09:00,60100,60100,60000,60000,45
2026-03-24 12:10:00,60200,60300,60100,60200,59
2026-03-24 12:11:00,60200,60200,60200,60200,104
2026-03-24 12:12:00,60200,60200,60200,60200,62
2026-03-24 12:13:00,60200,60200,60200,60200,56
2026-03-24 12:14:00,60200,60300,60200,60300,10
2026-03-24 12:15:00,60200,60250,60200,60250,63
2026-03-24 12:16:00,60300,60400,60200,60400,100
2026-03-24 12:17:00,60400,60400,60200,60200,42
2026-03-24 12:18:00,60400,60500,60200,60200,23
2026-03-24 12:19:00,60400,60400,60200,60200,106
2026-03-24 12:20:00,60500,60500,60200,60300,27
2026-03-24 12:21:00,60300,60300,60200,60200,166
2026-03-24 12:22:00,60300,60400,60100,60400,32
2026-03-24 12:23:00,60400,60700,60400,60500,226
2026-03-24 12:24:00,60500,60500,60300,60300,171
2026-03-24 12:25:00,60300,60400,60300,60400,11
2026-03-24 12:26:00,60400,60500,60400,60500,8
2026-03-24 12:27:00,60500,60500,60500,60500,1
2026-03-24 12:28:00,60500,60500,60500,60500,5
2026-03-24 12:29:00,60400,60500,60400,60500,93
2026-03-24 12:30:00,60500,60600,60300,60400,80
2026-03-24 12:31:00,60500,60500,60400,60400,104
2026-03-24 12:32:00,60400,60400,60400,60400,3
2026-03-24 12:33:00,60400,60400,60400,60400,4
2026-03-24 12:34:00,60400,60400,60300,60300,29
2026-03-24 12:35:00,60300,60400,60300,60400,41
2026-03-24 12:36:00,60400,60400,60300,60300,146
2026-03-24 12:37:00,60300,60300,60300,60300,144
2026-03-24 12:38:00,60200,60200,60200,60200,24
2026-03-24 12:39:00,60300,60300,60300,60300,123
2026-03-24 12:40:00,60300,60300,60300,60300,65
2026-03-24 12:41:00,60400,60500,60400,60500,290
2026-03-24 12:42:00,60500,60600,60500,60600,68
2026-03-24 12:43:00,60600,60700,60600,60700,120
2026-03-24 12:44:00,60600,60600,60500,60500,15
2026-03-24 12:45:00,60500,60700,60500,60600,52
2026-03-24 12:46:00,60700,60700,60500,60500,138
2026-03-24 12:47:00,60500,60600,60500,60500,46
2026-03-24 12:48:00,60500,60500,60400,60400,37
2026-03-24 12:49:00,60500,60500,60500,60500,10
2026-03-24 12:50:00,60400,60500,60400,60500,14
2026-03-24 12:51:00,60500,60500,60400,60400,64
2026-03-24 12:52:00,60400,60400,60400,60400,88
2026-03-24 12:53:00,60500,60500,60500,60500,11
2026-03-24 12:54:00,60500,60600,60500,60600,576
2026-03-24 12:55:00,60500,60500,60400,60500,10
2026-03-24 12:56:00,60500,60500,60500,60500,27
2026-03-24 12:57:00,60500,60600,60500,60600,85
2026-03-24 12:58:00,60500,60500,60500,60500,3
2026-03-24 12:59:00,60500,60600,60500,60600,11
2026-03-24 13:00:00,60600,60600,60600,60600,5
2026-03-24 13:01:00,60600,60600,60500,60500,89
2026-03-24 13:02:00,60500,60500,60500,60500,41
2026-03-24 13:03:00,60500,60600,60500,60600,129
2026-03-24 13:04:00,60600,60800,60600,60800,493
2026-03-24 13:05:00,60700,60800,60700,60800,26
2026-03-24 13:06:00,60700,60700,60600,60700,29
2026-03-24 13:07:00,60600,60600,60600,60600,5
2026-03-24 13:08:00,60600,60600,60600,60600,11
2026-03-24 13:09:00,60600,60600,60500,60600,148
2026-03-24 13:10:00,60600,60700,60600,60700,29
2026-03-24 13:11:00,60600,60700,60600,60700,4
2026-03-24 13:12:00,60600,60600,60600,60600,24
2026-03-24 13:13:00,60600,60600,60600,60600,12
2026-03-24 13:14:00,60500,60500,60500,60500,81
2026-03-24 13:15:00,60600,60600,60600,60600,51
2026-03-24 13:16:00,60600,60600,60500,60500,70
2026-03-24 13:17:00,60500,60500,60400,60500,390
2026-03-24 13:18:00,60400,60400,60400,60400,58
2026-03-24 13:19:00,60400,60500,60400,60400,322
2026-03-24 13:20:00,60400,60400,60400,60400,366
2026-03-24 13:21:00,60300,60300,60300,60300,10
2026-03-24 13:22:00,60300,60300,60300,60300,173
2026-03-24 13:23:00,60300,60300,60300,60300,37
2026-03-24 13:24:00,60400,60400,60300,60300,122
2026-03-24 13:25:00,60300,60300,60200,60200,234
2026-03-24 13:26:00,60300,60300,60200,60200,53
2026-03-24 13:27:00,60200,60200,60200,60200,33
2026-03-24 13:28:00,60300,60300,60300,60300,1
2026-03-24 13:29:00,60300,60300,60200,60200,40
2026-03-24 13:30:00,60200,60300,60200,60300,22
2026-03-24 13:31:00,60200,60200,60100,60200,217
2026-03-24 13:32:00,60200,60200,60100,60100,160
2026-03-24 13:33:00,60200,60300,60200,60300,39
2026-03-24 13:34:00,60400,60400,60400,60400,12
2026-03-24 13:36:00,60200,60200,60200,60200,3
2026-03-24 13:37:00,60300,60400,60300,60400,20
2026-03-24 13:38:00,60400,60400,60400,60400,128
2026-03-24 13:39:00,60400,60400,60300,60400,79
2026-03-24 13:40:00,60400,60400,60300,60300,407
2026-03-24 13:41:00,60400,60400,60400,60400,31
2026-03-24 13:42:00,60400,60400,60300,60300,42
2026-03-24 13:43:00,60300,60400,60300,60300,15
2026-03-24 13:44:00,60500,60500,60300,60300,144
2026-03-24 13:45:00,60300,60400,60300,60400,18
2026-03-24 13:46:00,60300,60300,60300,60300,99
2026-03-24 13:47:00,60400,60400,60200,60400,269
2026-03-24 13:48:00,60400,60500,60400,60500,328
2026-03-24 13:49:00,60500,60500,60300,60300,132
2026-03-24 13:50:00,60300,60300,60200,60300,85
2026-03-24 13:51:00,60300,60400,60300,60400,24
2026-03-24 13:52:00,60400,60400,60400,60400,18
2026-03-24 13:53:00,60400,60400,60400,60400,68
2026-03-24 13:54:00,60400,60400,60400,60400,118
2026-03-24 13:55:00,60300,60300,60300,60300,101
2026-03-24 13:56:00,60300,60400,60300,60300,116
2026-03-24 13:57:00,60400,60400,60400,60400,4
2026-03-24 13:58:00,60400,60400,60300,60300,59
2026-03-24 13:59:00,60300,60300,60300,60300,110
2026-03-24 14:00:00,60300,60300,60300,60300,48
2026-03-24 14:01:00,60300,60300,60200,60200,48
2026-03-24 14:02:00,60300,60300,60200,60300,25
2026-03-24 14:03:00,60300,60300,60200,60200,10
2026-03-24 14:04:00,60300,60300,60300,60300,11
2026-03-24 14:05:00,60200,60300,60200,60300,9
2026-03-24 14:06:00,60200,60200,60100,60100,311
2026-03-24 14:07:00,60200,60200,60200,60200,45
2026-03-24 14:08:00,60200,60200,60200,60200,44
2026-03-24 14:09:00,60200,60200,59900,59900,776
2026-03-24 14:10:00,60000,60000,60000,60000,18
2026-03-24 14:11:00,60000,60000,59900,60000,127
2026-03-24 14:12:00,59900,60000,59900,60000,40
2026-03-24 14:13:00,60000,60000,60000,60000,129
2026-03-24 14:14:00,60000,60000,60000,60000,11
2026-03-24 14:15:00,59900,60000,59900,60000,319
2026-03-24 14:16:00,60000,60000,59900,59900,7
2026-03-24 14:17:00,60000,60200,59900,60200,147
2026-03-24 14:18:00,60200,60300,60200,60300,279
2026-03-24 14:19:00,60300,60500,60300,60500,391
2026-03-24 14:20:00,60400,60500,60400,60400,485
2026-03-24 14:21:00,60400,60400,60400,60400,143
2026-03-24 14:22:00,60300,60300,60200,60300,65
2026-03-24 14:23:00,60300,60300,60300,60300,23
2026-03-24 14:24:00,60300,60300,60200,60200,67
2026-03-24 14:25:00,60200,60200,60100,60100,39
2026-03-24 14:26:00,60200,60200,60100,60200,28
2026-03-24 14:27:00,60100,60300,60100,60100,29
2026-03-24 14:28:00,60200,60300,60100,60200,63
2026-03-24 14:29:00,60100,60200,60100,60200,56
2026-03-24 14:30:00,60200,60200,60000,60100,80
2026-03-24 14:31:00,60100,60200,60100,60100,42
2026-03-24 14:32:00,60100,60200,60100,60100,119
2026-03-24 14:33:00,60200,60200,60200,60200,9
2026-03-24 14:34:00,60200,60200,60200,60200,144
2026-03-24 14:35:00,60200,60200,60100,60200,89
2026-03-24 14:36:00,60200,60200,60200,60200,19
2026-03-24 14:37:00,60200,60200,60200,60200,21
2026-03-24 14:38:00,60200,60200,60100,60100,49
2026-03-24 14:39:00,60200,60200,60100,60100,164
2026-03-24 14:40:00,60200,60200,60200,60200,5
2026-03-24 14:41:00,60200,60200,60200,60200,189
2026-03-24 14:42:00,60200,60200,60000,60000,612
2026-03-24 14:43:00,60100,60200,60100,60200,14
2026-03-24 14:44:00,60100,60100,60100,60100,40
2026-03-24 14:45:00,60200,60200,60200,60200,2
2026-03-24 14:46:00,60200,60400,60200,60300,270
2026-03-24 14:47:00,60200,60200,60000,60000,213
2026-03-24 14:48:00,60100,60200,60100,60100,144
2026-03-24 14:49:00,60200,60300,60200,60300,2
2026-03-24 14:50:00,60200,60200,60200,60200,5
2026-03-24 14:51:00,60300,60300,60200,60300,31
2026-03-24 14:52:00,60200,60300,60200,60300,87
2026-03-24 14:53:00,60200,60400,60200,60400,311
2026-03-24 14:54:00,60400,60400,60300,60300,115
2026-03-24 14:55:00,60200,60300,60200,60300,147
2026-03-24 14:56:00,60300,60300,60300,60300,32
2026-03-24 14:57:00,60300,60300,60200,60300,50
2026-03-24 14:58:00,60300,60400,60300,60400,70
2026-03-24 14:59:00,60400,60400,60400,60400,47
2026-03-24 15:00:00,60400,60400,60300,60400,161
2026-03-24 15:01:00,60300,60400,60300,60400,94
2026-03-24 15:02:00,60400,60400,60400,60400,59
2026-03-24 15:03:00,60400,60400,60400,60400,39
2026-03-24 15:04:00,60400,60400,60300,60300,118
2026-03-24 15:05:00,60400,60400,60300,60400,355
2026-03-24 15:06:00,60400,60500,60400,60500,184
2026-03-24 15:07:00,60400,60500,60400,60500,220
2026-03-24 15:08:00,60500,60500,60400,60500,99
2026-03-24 15:09:00,60400,60500,60400,60400,213
2026-03-24 15:10:00,60300,60400,60300,60400,75
2026-03-24 15:11:00,60400,60400,60300,60300,234
2026-03-24 15:12:00,60400,60400,60200,60200,464
2026-03-24 15:13:00,60300,60300,60200,60300,129
2026-03-24 15:14:00,60300,60400,60300,60400,300
2026-03-24 15:15:00,60400,60500,60400,60500,230
2026-03-24 15:16:00,60500,60500,60400,60500,247
2026-03-24 15:17:00,60500,60500,60300,60300,345
2026-03-24 15:18:00,60400,60500,60300,60500,319
2026-03-24 15:19:00,60500,60500,60300,60500,583
2026-03-24 15:30:00,60400,60400,60400,60400,1975
2026-03-25 09:00:00,61500,61500,61300,61300,1747
2026-03-25 09:01:00,61300,61300,61100,61300,917
2026-03-25 09:02:00,61300,61300,61100,61200,830
2026-03-25 09:03:00,61200,61200,61100,61200,629
2026-03-25 09:04:00,61200,61200,61000,61000,871
2026-03-25 09:05:00,60900,61000,60900,60900,113
2026-03-25 09:06:00,61000,61500,61000,61500,647
2026-03-25 09:07:00,61400,61500,61400,61400,372
2026-03-25 09:08:00,61300,61400,61200,61400,226
2026-03-25 09:09:00,61400,61700,61400,61400,1292
2026-03-25 09:10:00,61400,61700,61300,61300,352
2026-03-25 09:11:00,61700,61700,61400,61600,394
2026-03-25 09:12:00,61600,61800,61600,61700,1069
2026-03-25 09:13:00,61800,61800,61500,61600,487
2026-03-25 09:14:00,61600,61700,61400,61700,257
2026-03-25 09:15:00,61600,61700,61600,61700,245
2026-03-25 09:16:00,61800,61900,61700,61900,473
2026-03-25 09:17:00,61800,61800,61700,61800,66
2026-03-25 09:18:00,61700,61800,61700,61800,340
2026-03-25 09:19:00,61800,61800,61800,61800,191
2026-03-25 09:20:00,61900,61900,61800,61800,435
2026-03-25 09:21:00,61800,61800,61700,61800,255
2026-03-25 09:22:00,61800,61800,61600,61700,237
2026-03-25 09:23:00,61700,61800,61600,61700,279
2026-03-25 09:24:00,61600,61600,61500,61500,82
2026-03-25 09:25:00,61500,61600,61500,61500,355
2026-03-25 09:26:00,61600,61600,61500,61600,276
2026-03-25 09:27:00,61600,61600,61500,61600,184
2026-03-25 09:28:00,61600,61700,61600,61700,154
2026-03-25 09:29:00,61600,61700,61600,61700,3
2026-03-25 09:30:00,61700,61800,61600,61800,551
2026-03-25 09:31:00,61900,62100,61700,62100,3503
2026-03-25 09:32:00,61900,62300,61700,62200,848
2026-03-25 09:33:00,62100,62300,61800,62300,1188
2026-03-25 09:34:00,62300,62300,62100,62300,287
2026-03-25 09:35:00,62200,62200,62000,62000,145
2026-03-25 09:36:00,62000,62100,62000,62100,163
2026-03-25 09:37:00,62000,62200,62000,62200,157
2026-03-25 09:38:00,62100,62200,62000,62100,182
2026-03-25 09:39:00,62100,62100,62000,62100,41
2026-03-25 09:40:00,62000,62000,61900,61900,86
2026-03-25 09:41:00,62000,62000,61800,61800,163
2026-03-25 09:42:00,61800,61800,61700,61800,318
2026-03-25 09:43:00,61800,62000,61800,61900,440
2026-03-25 09:44:00,61800,61900,61800,61900,39
2026-03-25 09:45:00,61900,62100,61900,62100,245
2026-03-25 09:46:00,62100,62200,62100,62100,122
2026-03-25 09:47:00,62000,62200,62000,62200,1189
2026-03-25 09:48:00,62200,62200,62100,62200,539
2026-03-25 09:49:00,62200,62200,62100,62200,354
2026-03-25 09:50:00,62100,62300,62100,62300,697
2026-03-25 09:51:00,62300,62300,62100,62100,28
2026-03-25 09:52:00,62000,62100,61900,62000,31
2026-03-25 09:53:00,62100,62400,62100,62200,1301
2026-03-25 09:54:00,62300,62400,62300,62300,35
2026-03-25 09:55:00,62300,62400,62300,62300,500
2026-03-25 09:56:00,62300,62400,62200,62300,560
2026-03-25 09:57:00,62300,62500,62300,62400,940
2026-03-25 09:58:00,62400,62500,62400,62400,287
2026-03-25 09:59:00,62400,62500,61800,61900,547
2026-03-25 10:00:00,62200,62400,62200,62300,342
2026-03-25 10:01:00,62100,62300,62000,62200,538
2026-03-25 10:02:00,62100,62200,62100,62100,119
2026-03-25 10:03:00,62100,62100,62000,62000,36
2026-03-25 10:04:00,62000,62200,62000,62100,79
2026-03-25 10:05:00,62100,62100,62100,62100,211
2026-03-25 10:06:00,62100,62200,62000,62000,501
2026-03-25 10:07:00,62100,62100,62000,62000,71
2026-03-25 10:09:00,62100,62100,62000,62000,132
2026-03-25 10:10:00,62100,62100,62100,62100,403
2026-03-25 10:11:00,62100,62200,62100,62200,65
2026-03-25 10:12:00,62200,62200,62200,62200,1
2026-03-25 10:13:00,62200,62200,62100,62100,66
2026-03-25 10:14:00,62100,62200,62100,62200,8
2026-03-25 10:15:00,62100,62100,62100,62100,15
2026-03-25 10:16:00,62100,62200,62100,62200,392
2026-03-25 10:17:00,62200,62200,62200,62200,795
2026-03-25 10:18:00,62200,62200,62100,62100,624
2026-03-25 10:19:00,62200,62200,62200,62200,30
2026-03-25 10:20:00,62200,62200,62200,62200,66
2026-03-25 10:21:00,62200,62500,62200,62500,5449
2026-03-25 10:22:00,62500,62600,62400,62500,289
2026-03-25 10:23:00,62500,62600,62400,62400,1403
2026-03-25 10:24:00,62500,62600,62400,62500,432
2026-03-25 10:25:00,62500,62500,62500,62500,59
2026-03-25 10:26:00,62400,62500,62300,62400,210
2026-03-25 10:27:00,62500,62600,62400,62600,1626
2026-03-25 10:28:00,62600,62600,62400,62600,162
2026-03-25 10:29:00,62500,62600,62400,62500,119
2026-03-25 10:30:00,62500,62500,62400,62400,130
2026-03-25 10:31:00,62400,62400,62200,62300,567
2026-03-25 10:32:00,62200,62300,62200,62300,230
2026-03-25 10:33:00,62300,62400,62300,62400,11
2026-03-25 10:34:00,62300,62300,62200,62300,227
2026-03-25 10:35:00,62300,62300,62300,62300,18
2026-03-25 10:36:00,62200,62200,62200,62200,120
2026-03-25 10:37:00,62200,62300,62100,62300,440
2026-03-25 10:38:00,62300,62300,62200,62200,688
2026-03-25 10:39:00,62200,62300,62100,62300,371
2026-03-25 10:40:00,62300,62300,62100,62300,87
2026-03-25 10:41:00,62200,62300,62200,62300,8
2026-03-25 10:42:00,62250,62500,62250,62400,438
2026-03-25 10:43:00,62300,62300,62300,62300,67
2026-03-25 10:44:00,62300,62500,62250,62500,311
2026-03-25 10:45:00,62600,62600,62300,62300,2
2026-03-25 10:46:00,62400,62400,62400,62400,339
2026-03-25 10:47:00,62400,62400,62300,62300,258
2026-03-25 10:48:00,62400,62400,62400,62400,6
2026-03-25 10:49:00,62300,62400,62300,62400,11
2026-03-25 10:50:00,62300,62400,62300,62300,165
2026-03-25 10:51:00,62300,62300,62300,62300,42
2026-03-25 10:52:00,62300,62400,62300,62400,5
2026-03-25 10:53:00,62400,62400,62400,62400,342
2026-03-25 10:54:00,62400,62500,62200,62200,1704
2026-03-25 10:55:00,62200,62400,62200,62400,164
2026-03-25 10:56:00,62400,62400,62400,62400,17
2026-03-25 10:57:00,62300,62400,62300,62300,142
2026-03-25 10:58:00,62300,62300,62300,62300,10
2026-03-25 10:59:00,62400,62400,62300,62400,397
2026-03-25 11:00:00,62400,62400,62100,62300,533
2026-03-25 11:01:00,62300,62300,62100,62200,472
2026-03-25 11:02:00,62200,62200,62100,62200,117
2026-03-25 11:03:00,62200,62300,62200,62300,52
2026-03-25 11:04:00,62300,62300,62300,62300,102
2026-03-25 11:05:00,62200,62400,62200,62200,228
2026-03-25 11:06:00,62300,62300,62300,62300,83
2026-03-25 11:07:00,62300,62300,62300,62300,1
2026-03-25 11:08:00,62300,62300,62300,62300,27
2026-03-25 11:09:00,62300,62300,62200,62200,358
2026-03-25 11:10:00,62200,62400,62100,62400,383
2026-03-25 11:11:00,62400,63000,62400,62800,2732
2026-03-25 11:12:00,62800,63000,62700,62700,978
2026-03-25 11:13:00,62800,63400,62700,63400,9349
2026-03-25 11:14:00,63200,63500,63200,63500,1640
2026-03-25 11:15:00,63400,63500,63200,63200,529
2026-03-25 11:16:00,63200,63300,62900,63000,719
2026-03-25 11:17:00,63000,63200,62900,63200,541
2026-03-25 11:18:00,63200,63300,63100,63300,614
2026-03-25 11:19:00,63300,63900,63300,63900,3818
2026-03-25 11:20:00,63900,63900,63500,63900,1571
2026-03-25 11:21:00,63800,63800,63500,63600,604
2026-03-25 11:22:00,63700,63900,63600,63700,901
2026-03-25 11:23:00,63700,63900,63500,63900,1787
2026-03-25 11:24:00,63800,63900,63700,63800,581
2026-03-25 11:25:00,63900,64400,63800,64300,3055
2026-03-25 11:26:00,64300,64400,64000,64300,1057
2026-03-25 11:27:00,64300,64600,64300,64500,3136
2026-03-25 11:28:00,64500,64600,64400,64500,1198
2026-03-25 11:29:00,64500,64500,64100,64100,669
2026-03-25 11:30:00,64100,64200,63900,64100,742
2026-03-25 11:31:00,64000,64000,63700,63700,633
2026-03-25 11:32:00,63800,63900,63800,63900,125
2026-03-25 11:33:00,63900,64000,63800,63800,98
2026-03-25 11:34:00,63900,64000,63800,64000,678
2026-03-25 11:35:00,64000,64000,63800,63800,76
2026-03-25 11:36:00,63800,63800,63600,63600,342
2026-03-25 11:37:00,63600,63800,63400,63800,2275
2026-03-25 11:38:00,63700,63800,63400,63700,160
2026-03-25 11:39:00,63600,63700,63600,63700,90
2026-03-25 11:40:00,63800,63800,63700,63800,151
2026-03-25 11:41:00,63800,64000,63700,64000,345
2026-03-25 11:42:00,63900,63900,63700,63900,217
2026-03-25 11:43:00,63900,63900,63800,63900,140
2026-03-25 11:44:00,63700,63700,63650,63700,149
2026-03-25 11:45:00,63600,63700,63600,63600,62
2026-03-25 11:46:00,63700,63750,63400,63500,104
2026-03-25 11:47:00,63400,63600,63400,63500,273
2026-03-25 11:48:00,63500,63800,63400,63800,133
2026-03-25 11:49:00,63800,64000,63700,63700,312
2026-03-25 11:50:00,63700,63700,63700,63700,23
2026-03-25 11:51:00,63600,63700,63600,63600,144
2026-03-25 11:52:00,63500,63500,63400,63500,313
2026-03-25 11:53:00,63400,63600,63400,63500,141
2026-03-25 11:54:00,63500,63500,63200,63200,419
2026-03-25 11:55:00,63300,63500,63100,63300,340
2026-03-25 11:56:00,63400,63600,63400,63500,65
2026-03-25 11:57:00,63400,63400,63300,63300,333
2026-03-25 11:58:00,63300,63300,63000,63000,748
2026-03-25 11:59:00,63200,63200,63000,63000,99
2026-03-25 12:00:00,63200,63400,62900,63400,924
2026-03-25 12:01:00,63500,63600,63400,63600,153
2026-03-25 12:02:00,63500,63500,63400,63400,17
2026-03-25 12:03:00,63400,63500,63400,63500,31
2026-03-25 12:04:00,63500,63500,63500,63500,9
2026-03-25 12:05:00,63500,63500,63500,63500,102
2026-03-25 12:06:00,63400,63500,63400,63500,166
2026-03-25 12:07:00,63500,63500,63300,63300,257
2026-03-25 12:08:00,63500,63500,63200,63200,230
2026-03-25 12:09:00,63400,63400,63400,63400,24
2026-03-25 12:10:00,63300,63400,63300,63400,266
2026-03-25 12:11:00,63300,63300,63300,63300,10
2026-03-25 12:12:00,63400,63400,63100,63100,206
2026-03-25 12:13:00,63100,63100,63000,63000,142
2026-03-25 12:14:00,63000,63200,63000,63200,817
2026-03-25 12:15:00,63100,63100,63000,63000,70
2026-03-25 12:16:00,63100,63100,62900,63000,384
2026-03-25 12:17:00,63000,63000,62600,62600,727
2026-03-25 12:18:00,62900,63200,62900,62900,1012
2026-03-25 12:19:00,63000,63100,63000,63100,366
2026-03-25 12:20:00,63100,63100,62600,62700,168
2026-03-25 12:21:00,63100,63100,63000,63000,132
2026-03-25 12:22:00,63000,63000,62900,62900,175
2026-03-25 12:23:00,62900,62900,62900,62900,68
2026-03-25 12:24:00,63000,63100,62900,63100,196
2026-03-25 12:25:00,63100,63200,63100,63200,74
2026-03-25 12:26:00,63100,63150,63100,63100,38
2026-03-25 12:27:00,63000,63000,62700,62800,287
2026-03-25 12:28:00,62900,63000,62900,63000,179
2026-03-25 12:29:00,62850,62900,62600,62600,772
2026-03-25 12:30:00,62600,62800,62600,62600,861
2026-03-25 12:31:00,62600,62600,62400,62600,1829
2026-03-25 12:32:00,62600,62700,62300,62500,718
2026-03-25 12:33:00,62500,62500,62200,62500,462
2026-03-25 12:34:00,62400,62400,62400,62400,255
2026-03-25 12:35:00,62500,62500,62400,62400,29
2026-03-25 12:36:00,62400,62500,62400,62500,677
2026-03-25 12:37:00,62500,62600,62500,62500,130
2026-03-25 12:38:00,62500,62600,62400,62500,606
2026-03-25 12:39:00,62500,62600,62500,62500,55
2026-03-25 12:40:00,62400,62500,62400,62500,232
2026-03-25 12:41:00,62500,62500,62500,62500,163
2026-03-25 12:42:00,62400,62600,62400,62600,1099
2026-03-25 12:43:00,62600,62700,62600,62700,76
2026-03-25 12:44:00,62600,62600,62500,62500,48
2026-03-25 12:45:00,62550,62550,62500,62500,175
2026-03-25 12:46:00,62500,62800,62500,62600,226
2026-03-25 12:47:00,62500,62600,62500,62600,40
2026-03-25 12:48:00,62500,62500,62400,62400,163
2026-03-25 12:49:00,62400,62400,62200,62200,494
2026-03-25 12:50:00,62200,62400,62200,62400,281
2026-03-25 12:51:00,62400,62600,62400,62400,128
2026-03-25 12:52:00,62400,62500,62400,62500,86
2026-03-25 12:53:00,62500,62600,62300,62500,208
2026-03-25 12:54:00,62400,62500,62400,62400,61
2026-03-25 12:55:00,62400,62400,62000,62400,1496
2026-03-25 12:56:00,62200,62400,61600,61700,1863
2026-03-25 12:57:00,61900,61900,61100,61200,2230
2026-03-25 12:58:00,61300,61600,61200,61600,380
2026-03-25 12:59:00,61500,61600,61200,61350,1066
2026-03-25 13:00:00,61300,61300,60500,60700,5250
2026-03-25 13:01:00,60700,60700,59800,60200,3822
2026-03-25 13:02:00,60200,60500,59400,60300,4268
2026-03-25 13:03:00,60100,60500,60100,60400,1718
2026-03-25 13:04:00,60200,61200,60200,60500,621
2026-03-25 13:05:00,60500,60600,60200,60500,1030
2026-03-25 13:06:00,60400,60400,60300,60400,972
2026-03-25 13:07:00,60400,60600,60300,60600,534
2026-03-25 13:08:00,60600,60800,60600,60800,800
2026-03-25 13:09:00,60700,60900,60700,60700,305
2026-03-25 13:10:00,60800,61000,60700,60900,354
2026-03-25 13:11:00,61000,61000,60800,60900,338
2026-03-25 13:12:00,60900,61000,60500,60600,783
2026-03-25 13:13:00,60600,60700,60500,60700,157
2026-03-25 13:14:00,60600,60700,60600,60600,379
2026-03-25 13:15:00,60600,60600,60500,60500,1379
2026-03-25 13:16:00,60500,60500,60400,60500,754
2026-03-25 13:17:00,60500,60500,60300,60400,1373
2026-03-25 13:18:00,60400,60400,59900,60300,1771
2026-03-25 13:19:00,60300,60400,60300,60400,65
2026-03-25 13:20:00,60400,60600,60400,60600,739
2026-03-25 13:21:00,60600,60700,60600,60600,147
2026-03-25 13:22:00,60600,60700,60600,60700,147
2026-03-25 13:23:00,60800,60800,60700,60700,122
2026-03-25 13:24:00,60700,61000,60700,60900,502
2026-03-25 13:25:00,60900,60900,60800,60900,159
2026-03-25 13:26:00,60900,60900,60700,60800,1234
2026-03-25 13:27:00,60800,60800,60600,60600,192
2026-03-25 13:28:00,60600,60700,60500,60700,279
2026-03-25 13:29:00,60600,60800,60600,60800,84
2026-03-25 13:30:00,60800,60800,60600,60800,254
2026-03-25 13:31:00,60800,60900,60700,60800,150
2026-03-25 13:32:00,60800,60800,60500,60600,812
2026-03-25 13:33:00,60600,60600,60500,60500,94
2026-03-25 13:34:00,60600,60600,60400,60600,695
2026-03-25 13:35:00,60600,60600,60500,60600,618
2026-03-25 13:36:00,60600,60700,60600,60700,83
2026-03-25 13:37:00,60700,60700,60600,60700,413
2026-03-25 13:38:00,60700,60700,60600,60600,254
2026-03-25 13:39:00,60600,60600,60600,60600,142
2026-03-25 13:40:00,60600,60600,60600,60600,43
2026-03-25 13:41:00,60650,60800,60650,60750,265
2026-03-25 13:42:00,60800,60900,60800,60900,448
2026-03-25 13:43:00,60800,60900,60800,60900,237
2026-03-25 13:44:00,60900,61000,60900,61000,159
2026-03-25 13:45:00,61000,61000,60900,60900,669
2026-03-25 13:46:00,60900,60900,60600,60700,590
2026-03-25 13:47:00,60700,60700,60600,60700,47
2026-03-25 13:48:00,60700,60700,60600,60600,406
2026-03-25 13:49:00,60600,60600,60600,60600,111
2026-03-25 13:50:00,60500,60500,60200,60300,2796
2026-03-25 13:51:00,60300,60400,60300,60400,605
2026-03-25 13:52:00,60400,60400,60300,60400,1316
2026-03-25 13:53:00,60400,60400,60400,60400,136
2026-03-25 13:54:00,60450,60500,60450,60500,50
2026-03-25 13:55:00,60400,60400,60400,60400,398
2026-03-25 13:56:00,60400,60400,60400,60400,294
2026-03-25 13:57:00,60500,60500,60500,60500,105
2026-03-25 13:58:00,60500,60500,60500,60500,353
2026-03-25 13:59:00,60450,60500,60450,60500,11
2026-03-25 14:00:00,60500,60500,60500,60500,344
2026-03-25 14:01:00,60500,60500,60500,60500,186
2026-03-25 14:02:00,60500,60600,60500,60500,324
2026-03-25 14:03:00,60500,60600,60500,60500,66
2026-03-25 14:04:00,60500,60600,60500,60600,7
2026-03-25 14:05:00,60500,60600,60500,60500,227
2026-03-25 14:06:00,60500,60500,60500,60500,200
2026-03-25 14:07:00,60500,60500,60500,60500,43
2026-03-25 14:08:00,60400,60500,60400,60500,346
2026-03-25 14:09:00,60400,60500,60400,60500,59
2026-03-25 14:10:00,60400,60500,60400,60500,360
2026-03-25 14:11:00,60400,60500,60300,60300,1250
2026-03-25 14:12:00,60400,60400,60100,60200,1300
2026-03-25 14:13:00,60200,60200,60100,60200,306
2026-03-25 14:14:00,60200,60200,60100,60100,860
2026-03-25 14:15:00,60100,60150,60000,60100,1919
2026-03-25 14:16:00,60100,60100,60000,60000,317
2026-03-25 14:17:00,60000,60100,60000,60000,339
2026-03-25 14:18:00,60000,60100,60000,60000,765
2026-03-25 14:19:00,60000,60000,60000,60000,609
2026-03-25 14:20:00,60000,60000,59800,59800,1404
2026-03-25 14:21:00,59800,59900,59800,59800,293
2026-03-25 14:22:00,59800,59800,59700,59800,2917
2026-03-25 14:23:00,59800,59800,59700,59800,251
2026-03-25 14:24:00,59800,59800,59700,59800,72
2026-03-25 14:25:00,59750,59800,59700,59700,558
2026-03-25 14:26:00,59700,59800,59700,59800,1162
2026-03-25 14:27:00,59800,59900,59800,59900,1107
2026-03-25 14:28:00,59900,59900,59700,59800,1417
2026-03-25 14:29:00,59800,59800,59700,59700,587
2026-03-25 14:30:00,59700,59800,59700,59700,112
2026-03-25 14:31:00,59700,59700,59600,59700,403
2026-03-25 14:32:00,59700,59700,59400,59500,4840
2026-03-25 14:33:00,59400,59500,59400,59400,743
2026-03-25 14:34:00,59400,59400,59200,59300,4111
2026-03-25 14:35:00,59300,59400,59300,59300,555
2026-03-25 14:36:00,59300,59400,59300,59400,1066
2026-03-25 14:37:00,59400,59900,59400,59900,1025
2026-03-25 14:38:00,59800,60000,59800,60000,377
2026-03-25 14:39:00,59800,59800,59600,59700,460
2026-03-25 14:40:00,59600,59700,59600,59600,257
2026-03-25 14:41:00,59700,59700,59600,59700,164
2026-03-25 14:42:00,59700,59700,59600,59700,578
2026-03-25 14:43:00,59700,59800,59700,59800,86
2026-03-25 14:44:00,59800,59900,59800,59800,254
2026-03-25 14:45:00,59900,60000,59800,59800,411
2026-03-25 14:46:00,59800,59900,59800,59900,272
2026-03-25 14:47:00,59700,59900,59700,59800,922
2026-03-25 14:48:00,59800,59800,59700,59700,252
2026-03-25 14:49:00,59700,59700,59500,59500,1156
2026-03-25 14:50:00,59500,59600,59300,59300,1707
2026-03-25 14:51:00,59300,59500,59300,59500,851
2026-03-25 14:52:00,59400,59500,59400,59500,278
2026-03-25 14:53:00,59500,59500,59400,59400,854
2026-03-25 14:54:00,59400,59500,59300,59300,1417
2026-03-25 14:55:00,59200,59300,59200,59200,1888
2026-03-25 14:56:00,59200,59200,58700,58800,8260
2026-03-25 14:57:00,58700,58700,58400,58500,4766
2026-03-25 14:58:00,58500,58600,57600,58100,8379
2026-03-25 14:59:00,58100,58200,57900,58000,4033
2026-03-25 15:00:00,58000,58300,58000,58300,1610
2026-03-25 15:01:00,58300,58600,58300,58600,1120
2026-03-25 15:02:00,58400,58600,58400,58600,1263
2026-03-25 15:03:00,58600,58600,58500,58500,1673
2026-03-25 15:04:00,58500,58600,58400,58500,872
2026-03-25 15:05:00,58600,58700,58600,58600,870
2026-03-25 15:06:00,58700,58800,58700,58800,518
2026-03-25 15:07:00,58800,58900,58800,58900,670
2026-03-25 15:08:00,59000,59000,58800,59000,1554
2026-03-25 15:09:00,58800,58900,58600,58700,1148
2026-03-25 15:10:00,58900,58900,58800,58900,442
2026-03-25 15:11:00,58800,58900,58700,58800,1084
2026-03-25 15:12:00,58800,58800,58600,58700,1211
2026-03-25 15:13:00,58700,58800,58600,58800,815
2026-03-25 15:14:00,58800,58800,58700,58800,440
2026-03-25 15:15:00,58800,58800,58700,58700,652
2026-03-25 15:16:00,58700,58800,58700,58700,1137
2026-03-25 15:17:00,58700,58800,58700,58800,1138
2026-03-25 15:18:00,58800,58900,58800,58900,844
2026-03-25 15:19:00,58900,58900,58800,58900,1660
2026-03-25 15:30:00,58900,58900,58900,58900,5229
2026-03-25 15:35:00,58900,58900,58900,58900,858
2026-03-26 09:00:00,57900,57900,57300,57600,8683
2026-03-26 09:01:00,57600,57700,57600,57700,1638
2026-03-26 09:02:00,57700,57800,57600,57700,1090
2026-03-26 09:03:00,57700,57700,57500,57500,4080
2026-03-26 09:04:00,57500,57600,57200,57300,3600
2026-03-26 09:05:00,57300,57400,57200,57400,1280
2026-03-26 09:06:00,57400,57600,57300,57600,490
2026-03-26 09:07:00,57500,57700,57500,57600,1024
2026-03-26 09:08:00,57600,57600,57400,57500,1671
2026-03-26 09:09:00,57400,57700,57400,57600,960
2026-03-26 09:10:00,57600,57900,57600,57700,2616
2026-03-26 09:11:00,57600,57700,57500,57600,490
2026-03-26 09:12:00,57600,57600,57500,57600,781
2026-03-26 09:13:00,57600,57600,57500,57600,425
2026-03-26 09:14:00,57500,57500,57500,57500,1236
2026-03-26 09:15:00,57500,57500,57400,57400,1156
2026-03-26 09:16:00,57400,57500,57400,57400,1001
2026-03-26 09:17:00,57500,57600,57400,57600,391
2026-03-26 09:18:00,57600,57700,57500,57700,798
2026-03-26 09:19:00,57600,57900,57600,57800,1268
2026-03-26 09:20:00,57900,57900,57600,57900,440
2026-03-26 09:21:00,57900,58000,57900,57900,340
2026-03-26 09:22:00,57900,57900,57700,57700,253
2026-03-26 09:23:00,57800,57900,57600,57700,1141
2026-03-26 09:24:00,57700,57700,57500,57600,1538
2026-03-26 09:25:00,57500,57600,57500,57600,1240
2026-03-26 09:26:00,57600,57800,57600,57700,763
2026-03-26 09:27:00,57700,57800,57500,57600,404
2026-03-26 09:28:00,57700,57700,57600,57700,341
2026-03-26 09:29:00,57600,57700,57600,57600,981
2026-03-26 09:30:00,57600,57600,57500,57600,35
2026-03-26 09:31:00,57600,57800,57600,57800,421
2026-03-26 09:32:00,57800,57800,57500,57600,45
2026-03-26 09:33:00,57700,57800,57600,57800,209
2026-03-26 09:34:00,57600,57700,57500,57600,410
2026-03-26 09:35:00,57600,57600,57600,57600,308
2026-03-26 09:36:00,57600,57600,57600,57600,169
2026-03-26 09:37:00,57600,57600,57600,57600,182
2026-03-26 09:38:00,57600,57700,57600,57700,260
2026-03-26 09:39:00,57800,57800,57600,57800,872
2026-03-26 09:40:00,57800,57800,57600,57700,1276
2026-03-26 09:41:00,57700,57700,57600,57600,328
2026-03-26 09:42:00,57600,57600,57400,57500,2223
2026-03-26 09:43:00,57400,57400,57200,57200,3048
2026-03-26 09:44:00,57100,57200,57100,57200,2505
2026-03-26 09:45:00,57100,57200,57100,57100,694
2026-03-26 09:46:00,57100,57100,57000,57100,463
2026-03-26 09:47:00,57100,57100,57000,57100,959
2026-03-26 09:48:00,57000,57200,57000,57100,740
2026-03-26 09:49:00,57000,57300,57000,57100,938
2026-03-26 09:50:00,57300,57400,57300,57400,96
2026-03-26 09:51:00,57300,57300,57300,57300,75
2026-03-26 09:52:00,57200,57300,57200,57300,366
2026-03-26 09:53:00,57300,57300,57200,57300,337
2026-03-26 09:54:00,57300,57400,57300,57300,86
2026-03-26 09:55:00,57300,57400,57200,57300,308
2026-03-26 09:56:00,57400,57400,57200,57400,219
2026-03-26 09:57:00,57300,57400,57100,57200,323
2026-03-26 09:58:00,57400,57400,57200,57200,173
2026-03-26 09:59:00,57100,57200,57000,57000,522
2026-03-26 10:00:00,57100,57100,57100,57100,1127
2026-03-26 10:01:00,57200,57300,57100,57300,302
2026-03-26 10:02:00,57200,57300,57200,57300,283
2026-03-26 10:03:00,57300,57300,57100,57200,675
2026-03-26 10:04:00,57300,57300,57300,57300,159
2026-03-26 10:05:00,57300,57300,57200,57300,62
2026-03-26 10:06:00,57300,57300,57200,57200,221
2026-03-26 10:07:00,57200,57300,57200,57200,121
2026-03-26 10:08:00,57200,57200,57200,57200,7
2026-03-26 10:09:00,57200,57300,57200,57300,55
2026-03-26 10:10:00,57300,57400,57300,57400,285
2026-03-26 10:11:00,57400,57400,57400,57400,2
2026-03-26 10:12:00,57300,57300,57300,57300,486
2026-03-26 10:13:00,57300,57400,57300,57400,52
2026-03-26 10:14:00,57300,57300,57200,57200,1034
2026-03-26 10:15:00,57200,57200,57100,57100,41
2026-03-26 10:16:00,57200,57200,57100,57100,45
2026-03-26 10:17:00,57200,57200,57000,57100,839
2026-03-26 10:18:00,57050,57050,56950,57000,2524
2026-03-26 10:19:00,56900,57000,56900,56900,646
2026-03-26 10:20:00,56900,57000,56900,56900,757
2026-03-26 10:21:00,56900,57200,56800,57100,1190
2026-03-26 10:22:00,57100,57100,56900,57100,343
2026-03-26 10:23:00,57100,57100,57100,57100,44
2026-03-26 10:24:00,57100,57100,56900,57000,1142
2026-03-26 10:25:00,57100,57100,57100,57100,166
2026-03-26 10:26:00,57100,57100,57000,57000,748
2026-03-26 10:27:00,57000,57000,57000,57000,284
2026-03-26 10:28:00,57000,57000,56950,56950,250
2026-03-26 10:29:00,57000,57000,56900,56900,194
2026-03-26 10:30:00,56950,57000,56900,56900,2996
2026-03-26 10:31:00,57000,57100,56900,57100,735
2026-03-26 10:32:00,57100,57300,57100,57200,1358
2026-03-26 10:33:00,57200,57200,57200,57200,38
2026-03-26 10:34:00,57200,57200,57200,57200,15
2026-03-26 10:35:00,57200,57200,57100,57200,1298
2026-03-26 10:36:00,57200,57200,57100,57200,511
2026-03-26 10:37:00,57200,57200,57200,57200,111
2026-03-26 10:38:00,57200,57200,57100,57100,7
2026-03-26 10:39:00,57200,57300,57200,57300,148
2026-03-26 10:40:00,57300,57400,57300,57300,670
2026-03-26 10:41:00,57300,57400,57300,57400,133
2026-03-26 10:42:00,57400,57400,57300,57300,87
2026-03-26 10:43:00,57300,57400,57300,57300,698
2026-03-26 10:44:00,57300,57300,57300,57300,12
2026-03-26 10:45:00,57300,57300,57200,57300,124
2026-03-26 10:46:00,57200,57300,57100,57300,285
2026-03-26 10:47:00,57200,57300,57200,57300,155
2026-03-26 10:48:00,57300,57300,57200,57200,415
2026-03-26 10:49:00,57200,57200,57100,57200,363
2026-03-26 10:50:00,57200,57300,57200,57200,122
2026-03-26 10:51:00,57200,57200,57200,57200,501
2026-03-26 10:52:00,57200,57200,57200,57200,522
2026-03-26 10:53:00,57200,57200,57200,57200,137
2026-03-26 10:54:00,57200,57200,57000,57100,684
2026-03-26 10:55:00,57100,57200,57100,57200,402
2026-03-26 10:56:00,57100,57200,57100,57100,332
2026-03-26 10:57:00,57100,57100,57000,57000,71
2026-03-26 10:58:00,57100,57100,57100,57100,5
2026-03-26 10:59:00,57100,57100,57100,57100,62
2026-03-26 11:00:00,57100,57100,57100,57100,198
2026-03-26 11:01:00,57200,57200,57200,57200,103
2026-03-26 11:02:00,57200,57200,57200,57200,120
2026-03-26 11:03:00,57200,57200,57200,57200,124
2026-03-26 11:04:00,57200,57200,57100,57100,352
2026-03-26 11:05:00,57100,57200,57100,57100,359
2026-03-26 11:06:00,57100,57100,56900,57000,1862
2026-03-26 11:07:00,56900,57000,56900,57000,298
2026-03-26 11:08:00,57000,57000,56900,57000,84
2026-03-26 11:09:00,56900,56900,56800,56900,1034
2026-03-26 11:10:00,56900,56900,56700,56800,1771
2026-03-26 11:11:00,56800,56800,56500,56600,2289
2026-03-26 11:12:00,56500,56600,56500,56600,156
2026-03-26 11:13:00,56600,56600,56500,56500,4925
2026-03-26 11:14:00,56500,56600,56500,56500,1267
2026-03-26 11:15:00,56500,56500,56400,56400,810
2026-03-26 11:16:00,56400,56400,56300,56400,1083
2026-03-26 11:17:00,56400,56500,56400,56400,560
2026-03-26 11:18:00,56500,56500,56400,56500,270
2026-03-26 11:19:00,56500,56600,56400,56600,765
2026-03-26 11:20:00,56600,56900,56600,56900,365
2026-03-26 11:21:00,56900,56900,56700,56700,472
2026-03-26 11:22:00,56700,56700,56600,56600,158
2026-03-26 11:23:00,56600,56700,56600,56600,140
2026-03-26 11:24:00,56500,56600,56500,56500,464
2026-03-26 11:25:00,56600,56600,56500,56500,2
2026-03-26 11:26:00,56600,56600,56500,56500,17
2026-03-26 11:27:00,56500,56500,56400,56400,640
2026-03-26 11:28:00,56400,56500,56400,56500,224
2026-03-26 11:29:00,56500,56500,56400,56500,288
2026-03-26 11:30:00,56500,56500,56400,56400,1349
2026-03-26 11:31:00,56400,56400,56300,56400,172
2026-03-26 11:32:00,56400,56400,56300,56300,1001
2026-03-26 11:33:00,56300,56300,56200,56200,22
2026-03-26 11:34:00,56200,56300,56200,56300,421
2026-03-26 11:35:00,56300,56300,56200,56200,1001
2026-03-26 11:36:00,56200,56300,56200,56300,135
2026-03-26 11:37:00,56200,56300,56200,56300,51
2026-03-26 11:38:00,56300,56400,56200,56200,1217
2026-03-26 11:39:00,56200,56200,56200,56200,1079
2026-03-26 11:40:00,56200,56200,56100,56200,366
2026-03-26 11:41:00,56200,56300,56200,56200,407
2026-03-26 11:42:00,56200,56200,56200,56200,15
2026-03-26 11:43:00,56300,56300,56200,56300,757
2026-03-26 11:44:00,56200,56300,56200,56300,390
2026-03-26 11:45:00,56300,56400,56300,56400,32
2026-03-26 11:46:00,56400,56400,56300,56400,100
2026-03-26 11:47:00,56450,56450,56300,56400,149
2026-03-26 11:48:00,56300,56400,56200,56300,190
2026-03-26 11:49:00,56400,56400,56400,56400,46
2026-03-26 11:50:00,56500,56500,56400,56400,268
2026-03-26 11:51:00,56400,56400,56400,56400,103
2026-03-26 11:52:00,56400,56400,56300,56300,419
2026-03-26 11:53:00,56300,56300,56300,56300,97
2026-03-26 11:54:00,56300,56400,56300,56400,122
2026-03-26 11:55:00,56300,56400,56300,56400,197
2026-03-26 11:56:00,56300,56300,56300,56300,105
2026-03-26 11:57:00,56300,56400,56300,56400,121
2026-03-26 11:58:00,56400,56400,56400,56400,214
2026-03-26 11:59:00,56400,56400,56400,56400,105
2026-03-26 12:00:00,56500,56500,56300,56300,747
2026-03-26 12:01:00,56300,56400,56300,56400,412
2026-03-26 12:02:00,56300,56300,56300,56300,173
2026-03-26 12:03:00,56300,56300,56300,56300,705
2026-03-26 12:04:00,56300,56400,56300,56400,565
2026-03-26 12:05:00,56400,56400,56400,56400,110
2026-03-26 12:06:00,56400,56400,56400,56400,180
2026-03-26 12:07:00,56400,56400,56400,56400,3
2026-03-26 12:08:00,56300,56400,56300,56400,155
2026-03-26 12:09:00,56300,56300,56300,56300,150
2026-03-26 12:10:00,56300,56300,56300,56300,439
2026-03-26 12:11:00,56300,56400,56300,56400,149
2026-03-26 12:13:00,56400,56400,56400,56400,102
2026-03-26 12:14:00,56400,56400,56400,56400,46
2026-03-26 12:15:00,56300,56400,56300,56300,24
2026-03-26 12:16:00,56300,56400,56300,56300,129
2026-03-26 12:17:00,56300,56400,56300,56400,48
2026-03-26 12:18:00,56350,56400,56300,56400,51
2026-03-26 12:19:00,56300,56300,56300,56300,15
2026-03-26 12:20:00,56300,56300,56300,56300,105
2026-03-26 12:21:00,56350,56350,56300,56350,184
2026-03-26 12:22:00,56350,56350,56300,56300,32
2026-03-26 12:23:00,56300,56400,56300,56400,320
2026-03-26 12:24:00,56400,56500,56400,56400,383
2026-03-26 12:25:00,56400,56400,56400,56400,266
2026-03-26 12:26:00,56400,56400,56400,56400,144
2026-03-26 12:27:00,56500,56500,56500,56500,98
2026-03-26 12:28:00,56400,56500,56400,56400,249
2026-03-26 12:29:00,56400,56500,56400,56400,372
2026-03-26 12:30:00,56400,56400,56400,56400,27
2026-03-26 12:31:00,56500,56500,56500,56500,427
2026-03-26 12:32:00,56600,56700,56600,56700,491
2026-03-26 12:33:00,56700,56700,56700,56700,51
2026-03-26 12:34:00,56700,56700,56700,56700,213
2026-03-26 12:35:00,56800,56900,56800,56900,72
2026-03-26 12:36:00,56900,56900,56800,56800,59
2026-03-26 12:37:00,56800,56800,56700,56800,258
2026-03-26 12:38:00,56800,56800,56800,56800,34
2026-03-26 12:39:00,56800,56800,56800,56800,764
2026-03-26 12:40:00,56800,56900,56800,56900,165
2026-03-26 12:41:00,56900,57000,56800,57000,334
2026-03-26 12:42:00,57000,57000,57000,57000,24
2026-03-26 12:43:00,57000,57000,56800,56900,290
2026-03-26 12:44:00,56900,56900,56900,56900,50
2026-03-26 12:45:00,56900,57000,56900,57000,62
2026-03-26 12:46:00,56900,57000,56900,56900,350
2026-03-26 12:47:00,56900,57000,56900,57000,220
2026-03-26 12:48:00,57000,57100,56900,56900,195
2026-03-26 12:49:00,56900,56900,56900,56900,131
2026-03-26 12:50:00,56900,56900,56900,56900,197
2026-03-26 12:51:00,56900,57000,56800,56900,70
2026-03-26 12:52:00,56900,57000,56900,57000,193
2026-03-26 12:53:00,57000,57000,57000,57000,111
2026-03-26 12:54:00,57000,57000,57000,57000,9
2026-03-26 12:55:00,56900,57000,56900,57000,27
2026-03-26 12:56:00,56900,56900,56900,56900,35
2026-03-26 12:57:00,56900,56900,56900,56900,47
2026-03-26 12:58:00,57000,57000,57000,57000,4
2026-03-26 12:59:00,57000,57000,57000,57000,313
2026-03-26 13:00:00,57000,57100,57000,57000,210
2026-03-26 13:01:00,57000,57000,57000,57000,54
2026-03-26 13:03:00,57100,57100,57000,57100,222
2026-03-26 13:04:00,57000,57000,57000,57000,5
2026-03-26 13:06:00,57000,57000,57000,57000,96
2026-03-26 13:07:00,57000,57100,57000,57100,6
2026-03-26 13:08:00,57000,57200,57000,57200,370
2026-03-26 13:09:00,57100,57200,57000,57200,47
2026-03-26 13:10:00,57200,57200,57100,57100,341
2026-03-26 13:11:00,57100,57200,57100,57200,189
2026-03-26 13:12:00,57100,57100,57000,57000,204
2026-03-26 13:13:00,57100,57200,57100,57200,128
2026-03-26 13:14:00,57200,57200,57100,57100,72
2026-03-26 13:15:00,57100,57200,57100,57200,362
2026-03-26 13:16:00,57100,57100,57100,57100,111
2026-03-26 13:17:00,57100,57100,57000,57100,52
2026-03-26 13:18:00,57100,57100,57100,57100,223
2026-03-26 13:19:00,57000,57000,57000,57000,211
2026-03-26 13:20:00,57100,57200,57100,57200,163
2026-03-26 13:21:00,57100,57100,57100,57100,66
2026-03-26 13:22:00,57100,57100,57000,57100,62
2026-03-26 13:23:00,57100,57100,57100,57100,3
2026-03-26 13:24:00,57000,57000,57000,57000,8
2026-03-26 13:25:00,57000,57000,57000,57000,1
2026-03-26 13:26:00,57100,57100,57100,57100,1
2026-03-26 13:28:00,57100,57200,57100,57200,871
2026-03-26 13:29:00,57200,57200,57100,57200,487
2026-03-26 13:30:00,57200,57200,57100,57200,47
2026-03-26 13:32:00,57100,57100,57100,57100,194
2026-03-26 13:33:00,57100,57100,57100,57100,186
2026-03-26 13:34:00,57100,57100,57000,57000,279
2026-03-26 13:35:00,57050,57050,57050,57050,36
2026-03-26 13:36:00,57000,57100,57000,57100,84
2026-03-26 13:37:00,57100,57100,57100,57100,1
2026-03-26 13:38:00,57000,57100,57000,57000,656
2026-03-26 13:39:00,57000,57000,57000,57000,131
2026-03-26 13:40:00,57000,57100,57000,57000,104
2026-03-26 13:41:00,57050,57050,57000,57000,156
2026-03-26 13:42:00,57000,57000,56900,56900,45
2026-03-26 13:43:00,56900,56900,56900,56900,10
2026-03-26 13:44:00,57000,57100,57000,57100,344
2026-03-26 13:45:00,57000,57000,57000,57000,1
2026-03-26 13:46:00,57100,57200,57100,57100,356
2026-03-26 13:47:00,57150,57150,57150,57150,1
2026-03-26 13:48:00,57150,57200,57100,57100,196
2026-03-26 13:49:00,57100,57100,57100,57100,1
2026-03-26 13:50:00,57100,57100,57100,57100,415
2026-03-26 13:51:00,57100,57100,57000,57100,40
2026-03-26 13:52:00,57000,57100,57000,57000,74
2026-03-26 13:53:00,57000,57100,57000,57100,12
2026-03-26 13:54:00,57100,57100,57100,57100,164
2026-03-26 13:55:00,57100,57100,57100,57100,65
2026-03-26 13:56:00,57100,57200,57100,57200,109
2026-03-26 13:57:00,57200,57200,57100,57100,93
2026-03-26 13:58:00,57100,57200,57100,57100,73
2026-03-26 13:59:00,57100,57100,57100,57100,45
2026-03-26 14:00:00,57100,57100,57000,57000,258
2026-03-26 14:01:00,57100,57100,56900,56900,517
2026-03-26 14:02:00,57000,57000,56900,57000,69
2026-03-26 14:03:00,56900,57000,56900,57000,108
2026-03-26 14:04:00,56900,57000,56900,57000,65
2026-03-26 14:05:00,57000,57000,57000,57000,290
2026-03-26 14:06:00,56900,57000,56900,57000,113
2026-03-26 14:07:00,57000,57000,57000,57000,43
2026-03-26 14:08:00,56900,56900,56900,56900,707
2026-03-26 14:09:00,56900,57000,56900,56900,89
2026-03-26 14:10:00,56900,56900,56800,56900,181
2026-03-26 14:11:00,56900,56900,56900,56900,122
2026-03-26 14:12:00,56800,56900,56800,56900,249
2026-03-26 14:14:00,56900,57000,56800,56900,197
2026-03-26 14:15:00,56800,57000,56800,57000,55
2026-03-26 14:16:00,57000,57000,56800,56800,257
2026-03-26 14:17:00,56900,56900,56900,56900,76
2026-03-26 14:18:00,56900,56900,56800,56900,23
2026-03-26 14:19:00,56900,56900,56800,56800,862
2026-03-26 14:20:00,56700,56800,56600,56600,394
2026-03-26 14:21:00,56600,56700,56600,56600,410
2026-03-26 14:22:00,56500,56600,56500,56600,272
2026-03-26 14:23:00,56600,56600,56500,56600,201
2026-03-26 14:24:00,56600,56600,56600,56600,244
2026-03-26 14:25:00,56600,56600,56600,56600,67
2026-03-26 14:26:00,56500,56600,56500,56500,1565
2026-03-26 14:27:00,56500,56500,56500,56500,143
2026-03-26 14:28:00,56500,56500,56500,56500,103
2026-03-26 14:29:00,56500,56600,56500,56500,281
2026-03-26 14:30:00,56500,56500,56400,56400,79
2026-03-26 14:31:00,56400,56500,56400,56400,533
2026-03-26 14:32:00,56400,56400,56400,56400,102
2026-03-26 14:33:00,56400,56500,56400,56400,480
2026-03-26 14:34:00,56400,56400,56400,56400,283
2026-03-26 14:35:00,56400,56400,56400,56400,11
2026-03-26 14:36:00,56400,56500,56400,56500,203
2026-03-26 14:37:00,56600,56600,56400,56400,549
2026-03-26 14:38:00,56400,56500,56400,56500,103
2026-03-26 14:39:00,56500,56500,56500,56500,2
2026-03-26 14:40:00,56500,56500,56500,56500,38
2026-03-26 14:41:00,56500,56600,56500,56600,205
2026-03-26 14:42:00,56600,56600,56500,56500,109
2026-03-26 14:43:00,56600,56600,56500,56600,116
2026-03-26 14:44:00,56600,56600,56600,56600,105
2026-03-26 14:45:00,56600,56600,56500,56600,88
2026-03-26 14:46:00,56500,56500,56500,56500,57
2026-03-26 14:47:00,56500,56600,56500,56600,243
2026-03-26 14:48:00,56500,56600,56500,56600,177
2026-03-26 14:49:00,56500,56500,56500,56500,96
2026-03-26 14:50:00,56500,56600,56500,56600,73
2026-03-26 14:51:00,56500,56500,56500,56500,107
2026-03-26 14:52:00,56500,56500,56400,56500,372
2026-03-26 14:53:00,56500,56500,56500,56500,216
2026-03-26 14:54:00,56500,56500,56200,56400,3230
2026-03-26 14:55:00,56400,56500,56400,56500,434
2026-03-26 14:56:00,56400,56400,56400,56400,91
2026-03-26 14:57:00,56400,56500,56400,56400,171
2026-03-26 14:58:00,56400,56500,56400,56400,95
2026-03-26 14:59:00,56500,56500,56400,56500,71
2026-03-26 15:00:00,56400,56500,56400,56500,102
2026-03-26 15:01:00,56400,56500,56400,56500,213
2026-03-26 15:02:00,56400,56500,56300,56500,684
2026-03-26 15:03:00,56500,56500,56500,56500,19
2026-03-26 15:04:00,56500,56500,56400,56500,188
2026-03-26 15:05:00,56500,56500,56400,56400,796
2026-03-26 15:06:00,56400,56400,56400,56400,197
2026-03-26 15:07:00,56400,56400,56400,56400,208
2026-03-26 15:08:00,56400,56400,56200,56400,1175
2026-03-26 15:09:00,56300,56400,56300,56400,691
2026-03-26 15:10:00,56300,56400,56200,56300,357
2026-03-26 15:11:00,56300,56400,56300,56300,271
2026-03-26 15:12:00,56300,56300,56300,56300,465
2026-03-26 15:13:00,56300,56300,56200,56200,490
2026-03-26 15:14:00,56300,56300,56200,56300,234
2026-03-26 15:15:00,56300,56400,56300,56300,447
2026-03-26 15:16:00,56300,56400,56300,56300,630
2026-03-26 15:17:00,56300,56400,56300,56300,123
2026-03-26 15:18:00,56300,56300,56300,56300,276
2026-03-26 15:19:00,56300,56300,56200,56200,626
2026-03-26 15:30:00,56200,56200,56200,56200,2726
2026-03-26 15:35:00,56200,56200,56200,56200,199
2026-03-27 09:00:00,54600,55800,54600,55400,4554
2026-03-27 09:01:00,55400,56000,55100,55700,1969
2026-03-27 09:02:00,55800,56200,55000,56100,2184
2026-03-27 09:03:00,56000,56100,55600,56000,1232
2026-03-27 09:04:00,55900,55900,55700,55700,656
2026-03-27 09:05:00,55700,55700,55100,55200,212
2026-03-27 09:06:00,55100,55700,55000,55500,1801
2026-03-27 09:07:00,55500,55500,55200,55300,305
2026-03-27 09:08:00,55300,55400,55200,55400,296
2026-03-27 09:09:00,55400,55400,54800,54800,749
2026-03-27 09:10:00,55000,55400,55000,55200,465
2026-03-27 09:11:00,55200,55300,55000,55100,330
2026-03-27 09:12:00,55100,55400,55100,55300,776
2026-03-27 09:13:00,55300,55300,55200,55200,442
2026-03-27 09:14:00,55200,55300,55100,55100,840
2026-03-27 09:15:00,55200,55200,55100,55100,424
2026-03-27 09:16:00,55100,55200,55100,55100,138
2026-03-27 09:17:00,55100,55100,54900,55000,607
2026-03-27 09:18:00,54900,55100,54900,55000,554
2026-03-27 09:19:00,55000,55000,54800,54900,298
2026-03-27 09:20:00,54900,55000,54800,55000,594
2026-03-27 09:21:00,55000,55200,55000,55100,544
2026-03-27 09:22:00,55100,55100,54800,54900,755
2026-03-27 09:23:00,54800,54900,54800,54900,75
2026-03-27 09:24:00,54900,54900,54800,54800,307
2026-03-27 09:25:00,54900,55000,54800,55000,244
2026-03-27 09:26:00,54900,54900,54800,54800,239
2026-03-27 09:27:00,54800,55100,54800,54900,166
2026-03-27 09:28:00,55000,55000,54800,54800,160
2026-03-27 09:29:00,54700,54800,54700,54800,361
2026-03-27 09:30:00,54800,55000,54700,55000,301
2026-03-27 09:31:00,55000,55000,54800,54900,114
2026-03-27 09:32:00,55000,55100,55000,55100,546
2026-03-27 09:33:00,55100,55200,55100,55100,58
2026-03-27 09:34:00,55000,55100,55000,55100,236
2026-03-27 09:35:00,55100,55100,54900,55000,301
2026-03-27 09:36:00,55000,55000,54900,54900,264
2026-03-27 09:37:00,54900,54900,54900,54900,30
2026-03-27 09:38:00,54900,55000,54900,55000,322
2026-03-27 09:39:00,54900,54900,54800,54800,704
2026-03-27 09:40:00,54800,54900,54800,54900,386
2026-03-27 09:41:00,54900,54900,54900,54900,328
2026-03-27 09:42:00,54800,54800,54800,54800,38
2026-03-27 09:43:00,54900,54900,54800,54800,479
2026-03-27 09:44:00,54800,54800,54700,54700,642
2026-03-27 09:45:00,54700,54700,54600,54700,1743
2026-03-27 09:46:00,54700,54700,54600,54600,366
2026-03-27 09:47:00,54600,54600,54600,54600,231
2026-03-27 09:48:00,54600,54600,54500,54550,109
2026-03-27 09:49:00,54500,54500,54400,54400,1087
2026-03-27 09:50:00,54400,54400,54300,54400,936
2026-03-27 09:51:00,54400,54400,54300,54300,229
2026-03-27 09:52:00,54300,54400,54300,54400,239
2026-03-27 09:53:00,54300,54500,54300,54400,629
2026-03-27 09:54:00,54400,54500,54400,54400,1384
2026-03-27 09:55:00,54400,54600,54400,54600,325
2026-03-27 09:56:00,54600,54600,54400,54400,374
2026-03-27 09:57:00,54400,54500,54400,54500,14
2026-03-27 09:58:00,54600,54600,54400,54500,220
2026-03-27 09:59:00,54600,54600,54400,54400,483
2026-03-27 10:00:00,54500,54700,54400,54700,342
2026-03-27 10:01:00,54500,54700,54500,54600,789
2026-03-27 10:02:00,54700,54800,54700,54800,99
2026-03-27 10:03:00,54800,54800,54700,54800,14
2026-03-27 10:04:00,54700,54800,54700,54700,705
2026-03-27 10:05:00,54700,54700,54700,54700,12
2026-03-27 10:06:00,54700,54800,54600,54700,341
2026-03-27 10:07:00,54700,54800,54700,54700,169
2026-03-27 10:08:00,54700,54700,54700,54700,77
2026-03-27 10:09:00,54600,54700,54600,54600,152
2026-03-27 10:10:00,54700,54700,54700,54700,85
2026-03-27 10:11:00,54700,54900,54600,54900,67
2026-03-27 10:12:00,54700,54900,54700,54900,102
2026-03-27 10:13:00,55000,55100,54900,55000,467
2026-03-27 10:14:00,55000,55200,55000,55100,118
2026-03-27 10:15:00,55100,55200,55000,55200,255
2026-03-27 10:16:00,55000,55100,54800,55000,102
2026-03-27 10:17:00,55000,55000,54900,55000,54
2026-03-27 10:18:00,55000,55000,54900,54900,58
2026-03-27 10:19:00,54900,55000,54700,54800,245
2026-03-27 10:20:00,55000,55000,54900,54900,67
2026-03-27 10:21:00,54900,54900,54800,54900,177
2026-03-27 10:22:00,54900,55200,54900,55200,52
2026-03-27 10:23:00,55000,55200,54900,55100,122
2026-03-27 10:24:00,54900,55100,54800,54900,88
2026-03-27 10:25:00,54900,55000,54800,54800,215
2026-03-27 10:26:00,54800,54800,54800,54800,162
2026-03-27 10:27:00,54900,55000,54900,55000,44
2026-03-27 10:28:00,55000,55000,54900,54900,204
2026-03-27 10:29:00,54900,55000,54900,54900,81
2026-03-27 10:30:00,55000,55000,54900,54900,106
2026-03-27 10:31:00,54900,55000,54900,55000,1070
2026-03-27 10:32:00,55000,55000,54900,55000,295
2026-03-27 10:33:00,55000,55100,55000,55000,124
2026-03-27 10:34:00,55000,55100,55000,55000,1072
2026-03-27 10:35:00,55000,55300,55000,55300,421
2026-03-27 10:36:00,55300,55300,55100,55200,178
2026-03-27 10:37:00,55200,55200,55100,55100,204
2026-03-27 10:38:00,55100,55300,55000,55000,415
2026-03-27 10:39:00,55200,55400,55200,55300,242
2026-03-27 10:40:00,55200,55200,55200,55200,15
2026-03-27 10:41:00,55300,55400,55300,55400,230
2026-03-27 10:42:00,55400,55600,55400,55500,488
2026-03-27 10:43:00,55500,55800,55500,55700,361
2026-03-27 10:44:00,55700,55700,55600,55700,62
2026-03-27 10:45:00,55700,55700,55600,55700,733
2026-03-27 10:46:00,55700,55700,55500,55700,248
2026-03-27 10:47:00,55700,55800,55600,55700,446
2026-03-27 10:48:00,55700,55800,55700,55800,10
2026-03-27 10:49:00,55800,56000,55800,56000,580
2026-03-27 10:50:00,56000,56200,56000,56100,228
2026-03-27 10:51:00,56100,56200,56000,56100,512
2026-03-27 10:52:00,56000,56300,56000,56200,512
2026-03-27 10:53:00,56300,57100,56300,56900,5171
2026-03-27 10:54:00,57000,57100,56700,56900,1306
2026-03-27 10:55:00,56800,57000,56800,56800,833
2026-03-27 10:56:00,56800,57000,56700,56950,341
2026-03-27 10:57:00,56950,57300,56950,57300,1707
2026-03-27 10:58:00,57300,57300,57000,57200,660
2026-03-27 10:59:00,57200,58000,57200,57900,5250
2026-03-27 11:00:00,57900,58300,57800,58000,4491
2026-03-27 11:01:00,58000,58500,58000,58400,2685
2026-03-27 11:02:00,58500,58600,58000,58500,2459
2026-03-27 11:03:00,58400,58800,58200,58500,3360
2026-03-27 11:04:00,58500,58600,58300,58400,1935
2026-03-27 11:05:00,58400,58400,58000,58100,1932
2026-03-27 11:06:00,58200,58400,58100,58300,1253
2026-03-27 11:07:00,58300,58300,58200,58300,923
2026-03-27 11:08:00,58300,58300,57800,57800,1441
2026-03-27 11:09:00,57700,57900,57600,57800,1211
2026-03-27 11:10:00,57700,57700,57600,57600,1068
2026-03-27 11:11:00,57500,58200,57500,57800,1295
2026-03-27 11:12:00,57800,57800,57600,57700,221
2026-03-27 11:13:00,57700,57700,57500,57600,1843
2026-03-27 11:14:00,57600,57600,57400,57400,155
2026-03-27 11:15:00,57400,57400,57300,57300,68
2026-03-27 11:16:00,57300,57500,57300,57400,252
2026-03-27 11:17:00,57400,57600,57300,57400,316
2026-03-27 11:18:00,57400,57900,57400,57600,439
2026-03-27 11:19:00,57600,58100,57500,58100,995
2026-03-27 11:20:00,58000,58200,57800,58000,452
2026-03-27 11:21:00,57700,57800,57700,57800,796
2026-03-27 11:22:00,57600,57800,57600,57800,1124
2026-03-27 11:23:00,57700,57700,57500,57500,617
2026-03-27 11:24:00,57500,57700,57400,57700,1410
2026-03-27 11:25:00,57600,57700,57500,57500,191
2026-03-27 11:26:00,57500,57500,57400,57400,91
2026-03-27 11:27:00,57500,57700,57500,57600,250
2026-03-27 11:28:00,57600,57800,57600,57600,372
2026-03-27 11:29:00,57600,57800,57500,57500,330
2026-03-27 11:30:00,57600,57700,57600,57700,498
2026-03-27 11:31:00,57600,57800,57600,57800,96
2026-03-27 11:32:00,57800,58000,57800,58000,380
2026-03-27 11:33:00,58000,58000,57600,57600,808
2026-03-27 11:34:00,57600,57800,57600,57600,151
2026-03-27 11:35:00,57600,57900,57600,57600,69
2026-03-27 11:36:00,57700,57800,57700,57800,192
2026-03-27 11:37:00,57800,57800,57800,57800,14
2026-03-27 11:38:00,57700,57800,57700,57700,54
2026-03-27 11:39:00,57800,57800,57700,57800,253
2026-03-27 11:40:00,57800,57900,57800,57900,45
2026-03-27 11:41:00,57800,57900,57800,57900,53
2026-03-27 11:42:00,57900,57900,57800,57800,179
2026-03-27 11:43:00,57800,57800,57800,57800,164
2026-03-27 11:44:00,57800,57800,57800,57800,14
2026-03-27 11:45:00,57800,57900,57700,57800,138
2026-03-27 11:46:00,57800,57800,57800,57800,92
2026-03-27 11:47:00,57800,57900,57700,57900,424
2026-03-27 11:48:00,57800,57800,57700,57700,198
2026-03-27 11:49:00,57800,57800,57700,57700,470
2026-03-27 11:50:00,57700,57800,57700,57800,36
2026-03-27 11:51:00,57800,57900,57700,57900,553
2026-03-27 11:52:00,57900,57900,57700,57800,38
2026-03-27 11:53:00,57800,57800,57700,57700,174
2026-03-27 11:54:00,57700,57800,57700,57750,105
2026-03-27 11:55:00,57800,57800,57800,57800,2
2026-03-27 11:56:00,57700,57800,57700,57700,1164
2026-03-27 11:57:00,57800,57800,57700,57700,22
2026-03-27 11:58:00,57700,57700,57700,57700,30
2026-03-27 11:59:00,57700,57700,57700,57700,153
2026-03-27 12:00:00,57700,57800,57700,57700,634
2026-03-27 12:01:00,57800,57800,57700,57700,279
2026-03-27 12:02:00,57800,57800,57600,57700,465
2026-03-27 12:03:00,57700,57900,57700,57700,228
2026-03-27 12:04:00,57800,57800,57700,57700,12
2026-03-27 12:05:00,57800,57800,57800,57800,82
2026-03-27 12:06:00,57800,57900,57800,57850,19
2026-03-27 12:07:00,57900,57900,57800,57900,337
2026-03-27 12:08:00,57800,57800,57800,57800,151
2026-03-27 12:09:00,57800,57900,57800,57900,129
2026-03-27 12:10:00,57900,57900,57800,57800,26
2026-03-27 12:11:00,57850,57850,57600,57700,249
2026-03-27 12:12:00,57800,57800,57800,57800,122
2026-03-27 12:13:00,57800,57800,57800,57800,27
2026-03-27 12:14:00,57800,57800,57800,57800,15
2026-03-27 12:15:00,57800,57800,57700,57700,49
2026-03-27 12:16:00,57700,57700,57600,57600,431
2026-03-27 12:17:00,57600,57600,57500,57600,40
2026-03-27 12:18:00,57500,57600,57500,57600,104
2026-03-27 12:19:00,57600,57600,57500,57600,40
2026-03-27 12:20:00,57600,57600,57500,57600,22
2026-03-27 12:21:00,57600,57700,57600,57700,451
2026-03-27 12:22:00,57700,57700,57500,57500,55
2026-03-27 12:23:00,57600,57600,57500,57600,107
2026-03-27 12:24:00,57600,57600,57500,57600,90
2026-03-27 12:25:00,57600,57700,57600,57600,18
2026-03-27 12:26:00,57600,57600,57500,57500,117
2026-03-27 12:27:00,57600,57700,57600,57700,66
2026-03-27 12:28:00,57700,57800,57600,57800,169
2026-03-27 12:29:00,57800,57800,57700,57700,39
2026-03-27 12:31:00,57700,57800,57700,57800,214
2026-03-27 12:32:00,57800,58000,57800,57900,814
2026-03-27 12:33:00,57900,58000,57900,57900,34
2026-03-27 12:34:00,57900,58000,57900,58000,67
2026-03-27 12:35:00,57900,58100,57900,58100,990
2026-03-27 12:36:00,58100,58200,58000,58200,663
2026-03-27 12:37:00,58200,58300,58200,58200,88
2026-03-27 12:38:00,58000,58100,58000,58000,91
2026-03-27 12:39:00,58200,58200,58200,58200,284
2026-03-27 12:40:00,58200,58200,58000,58000,99
2026-03-27 12:41:00,58000,58200,58000,58000,177
2026-03-27 12:42:00,58000,58100,58000,58100,180
2026-03-27 12:43:00,58100,58100,58000,58100,57
2026-03-27 12:44:00,58000,58000,57900,57900,86
2026-03-27 12:45:00,57900,57900,57800,57900,43
2026-03-27 12:46:00,57900,57900,57800,57800,82
2026-03-27 12:47:00,57800,57800,57700,57700,32
2026-03-27 12:48:00,57700,57800,57700,57800,101
2026-03-27 12:49:00,57800,57900,57600,57600,167
2026-03-27 12:50:00,57700,57800,57500,57500,252
2026-03-27 12:51:00,57600,57800,57500,57800,257
2026-03-27 12:52:00,57800,58000,57600,57800,59
2026-03-27 12:53:00,57800,57800,57600,57600,20
2026-03-27 12:54:00,57800,58000,57600,58000,571
2026-03-27 12:55:00,58000,58100,58000,58100,66
2026-03-27 12:56:00,58100,58200,58000,58000,404
2026-03-27 12:57:00,58000,58100,58000,58100,442
2026-03-27 12:58:00,58000,58000,58000,58000,114
2026-03-27 12:59:00,58000,58000,58000,58000,66
2026-03-27 13:00:00,58000,58100,58000,58100,403
2026-03-27 13:01:00,58100,58100,58000,58000,251
2026-03-27 13:02:00,58000,58000,57900,58000,633
2026-03-27 13:03:00,58000,58000,57900,57900,94
2026-03-27 13:04:00,57900,58000,57900,57900,244
2026-03-27 13:05:00,58000,58000,58000,58000,86
2026-03-27 13:06:00,58000,58100,58000,58100,219
2026-03-27 13:07:00,58000,58000,58000,58000,26
2026-03-27 13:08:00,58000,58000,57900,57900,25
2026-03-27 13:09:00,58000,58000,58000,58000,6
2026-03-27 13:10:00,57900,57900,57900,57900,20
2026-03-27 13:11:00,57900,58200,57900,58100,470
2026-03-27 13:12:00,58100,58100,58000,58000,22
2026-03-27 13:13:00,58000,58000,57900,57900,134
2026-03-27 13:14:00,57900,58000,57900,57900,41
2026-03-27 13:15:00,57900,57900,57800,57800,157
2026-03-27 13:16:00,57900,57900,57900,57900,76
2026-03-27 13:17:00,57900,57900,57800,57900,27
2026-03-27 13:18:00,57800,58000,57800,57800,72
2026-03-27 13:19:00,57800,57800,57800,57800,23
2026-03-27 13:20:00,57900,57900,57850,57900,261
2026-03-27 13:21:00,57900,57900,57900,57900,4
2026-03-27 13:22:00,57900,57900,57800,57900,83
2026-03-27 13:23:00,58000,58000,57900,57900,12
2026-03-27 13:24:00,57900,57900,57900,57900,46
2026-03-27 13:25:00,57800,57900,57800,57900,116
2026-03-27 13:26:00,57900,58000,57900,58000,383
2026-03-27 13:27:00,58000,58000,57800,58000,57
2026-03-27 13:28:00,57800,57900,57800,57900,84
2026-03-27 13:29:00,58000,58000,57800,57900,878
2026-03-27 13:30:00,58000,58100,58000,58100,249
2026-03-27 13:31:00,58100,58100,58000,58000,96
2026-03-27 13:32:00,58000,58100,58000,58000,157
2026-03-27 13:33:00,58000,58100,58000,58100,174
2026-03-27 13:34:00,58000,58000,58000,58000,24
2026-03-27 13:35:00,58000,58000,58000,58000,136
2026-03-27 13:36:00,57900,58000,57900,58000,189
2026-03-27 13:37:00,58000,58000,58000,58000,49
2026-03-27 13:38:00,58000,58000,58000,58000,75
2026-03-27 13:39:00,58100,58100,57900,58000,219
2026-03-27 13:40:00,58000,58100,58000,58000,108
2026-03-27 13:41:00,58000,58000,58000,58000,228
2026-03-27 13:42:00,58000,58000,57900,58000,90
2026-03-27 13:43:00,58000,58000,57900,57900,108
2026-03-27 13:44:00,57900,57900,57900,57900,26
2026-03-27 13:45:00,57800,57900,57800,57800,69
2026-03-27 13:46:00,57800,57900,57600,57800,459
2026-03-27 13:47:00,57600,57900,57600,57900,354
2026-03-27 13:48:00,57800,57800,57700,57700,184
2026-03-27 13:49:00,57700,57800,57600,57700,147
2026-03-27 13:50:00,57600,57700,57600,57600,144
2026-03-27 13:51:00,57700,57900,57700,57900,153
2026-03-27 13:52:00,57900,57900,57800,57800,79
2026-03-27 13:53:00,57700,57800,57600,57800,29
2026-03-27 13:54:00,57800,57900,57800,57900,12
2026-03-27 13:55:00,57800,57800,57800,57800,42
2026-03-27 13:56:00,57800,57900,57800,57900,261
2026-03-27 13:57:00,57900,57900,57800,57800,34
2026-03-27 13:58:00,57900,58000,57800,57800,98
2026-03-27 13:59:00,57900,57900,57800,57800,35
2026-03-27 14:00:00,57800,57800,57800,57800,15
2026-03-27 14:01:00,57800,57900,57800,57900,1147
2026-03-27 14:02:00,57800,57800,57800,57800,15
2026-03-27 14:03:00,57800,57800,57800,57800,48
2026-03-27 14:04:00,57800,58200,57800,58200,2125
2026-03-27 14:05:00,58100,58200,58100,58100,227
2026-03-27 14:06:00,58100,58200,58000,58200,162
2026-03-27 14:07:00,58100,58200,58100,58100,297
2026-03-27 14:08:00,58200,58200,57900,57900,533
2026-03-27 14:09:00,58000,58000,57900,58000,159
2026-03-27 14:10:00,58100,58200,58100,58200,257
2026-03-27 14:11:00,58200,58200,58000,58200,238
2026-03-27 14:12:00,58000,58200,58000,58100,332
2026-03-27 14:13:00,58000,58100,58000,58000,142
2026-03-27 14:14:00,58100,58100,58100,58100,293
2026-03-27 14:15:00,58100,58200,58000,58100,325
2026-03-27 14:16:00,58100,58200,58100,58200,174
2026-03-27 14:17:00,58100,58200,58000,58200,330
2026-03-27 14:18:00,58100,58100,58000,58100,570
2026-03-27 14:19:00,58000,58000,58000,58000,87
2026-03-27 14:20:00,58000,58000,57900,57900,465
2026-03-27 14:21:00,58000,58100,58000,58100,985
2026-03-27 14:22:00,58100,58100,58000,58000,81
2026-03-27 14:23:00,58000,58000,58000,58000,5
2026-03-27 14:24:00,58000,58100,58000,58100,60
2026-03-27 14:25:00,58000,58000,57900,57900,616
2026-03-27 14:26:00,57900,57900,57900,57900,132
2026-03-27 14:27:00,57900,57900,57800,57800,228
2026-03-27 14:28:00,57800,58000,57800,57900,107
2026-03-27 14:29:00,57900,57900,57700,57700,917
2026-03-27 14:30:00,57900,58000,57700,57900,236
2026-03-27 14:31:00,57900,57900,57800,57900,97
2026-03-27 14:32:00,57900,57900,57800,57900,39
2026-03-27 14:33:00,57900,57900,57900,57900,13
2026-03-27 14:34:00,57900,57900,57900,57900,212
2026-03-27 14:35:00,57900,57900,57900,57900,62
2026-03-27 14:36:00,58000,58000,58000,58000,91
2026-03-27 14:37:00,58000,58000,57900,58000,129
2026-03-27 14:39:00,58100,58100,58100,58100,26
2026-03-27 14:40:00,58100,58300,58100,58300,976
2026-03-27 14:41:00,58100,58300,58100,58200,335
2026-03-27 14:42:00,58200,58200,58200,58200,6
2026-03-27 14:43:00,58200,58200,58100,58100,110
2026-03-27 14:44:00,58200,58200,58100,58100,318
2026-03-27 14:45:00,58100,58200,58100,58200,140
2026-03-27 14:46:00,58100,58200,58100,58100,259
2026-03-27 14:47:00,58100,58200,58100,58200,203
2026-03-27 14:48:00,58100,58200,58100,58200,31
2026-03-27 14:49:00,58100,58100,58100,58100,1
2026-03-27 14:50:00,58200,58200,58200,58200,3
2026-03-27 14:51:00,58200,58200,58200,58200,94
2026-03-27 14:52:00,58100,58100,58100,58100,200
2026-03-27 14:53:00,58100,58200,58100,58200,32
2026-03-27 14:54:00,58100,58100,58100,58100,76
2026-03-27 14:55:00,58100,58100,58100,58100,11
2026-03-27 14:56:00,58000,58000,58000,58000,40
2026-03-27 14:57:00,58000,58000,58000,58000,10
2026-03-27 14:58:00,58000,58100,58000,58100,60
2026-03-27 14:59:00,58000,58100,58000,58000,163
2026-03-27 15:00:00,58100,58100,58100,58100,2
2026-03-27 15:01:00,58000,58050,57900,57900,471
2026-03-27 15:02:00,57800,58000,57800,58000,103
2026-03-27 15:03:00,57800,57900,57800,57900,134
2026-03-27 15:04:00,57900,57900,57900,57900,192
2026-03-27 15:05:00,57800,57900,57800,57900,54
2026-03-27 15:06:00,57800,57900,57800,57900,96
2026-03-27 15:07:00,57900,58000,57900,57900,724
2026-03-27 15:08:00,57900,58000,57900,57900,80
2026-03-27 15:09:00,57900,58000,57900,57900,166
2026-03-27 15:10:00,57900,58000,57900,58000,57
2026-03-27 15:11:00,57900,57900,57900,57900,204
2026-03-27 15:12:00,57900,57900,57900,57900,228
2026-03-27 15:13:00,58000,58000,58000,58000,3
2026-03-27 15:14:00,57900,58000,57900,58000,110
2026-03-27 15:15:00,57900,58000,57900,58000,18
2026-03-27 15:16:00,58000,58000,57900,58000,181
2026-03-27 15:17:00,57900,57900,57900,57900,871
2026-03-27 15:18:00,58000,58000,57900,58000,1013
2026-03-27 15:19:00,58000,58000,57900,58000,148
2026-03-27 15:30:00,58000,58000,58000,58000,923
2026-03-30 09:00:00,54900,55700,54900,55500,11012
2026-03-30 09:01:00,55500,56400,55300,55300,2245
2026-03-30 09:02:00,55300,55900,55300,55500,1637
2026-03-30 09:03:00,55500,55600,55400,55500,562
2026-03-30 09:04:00,55500,55900,55400,55900,1134
2026-03-30 09:05:00,55700,55800,55700,55700,66
2026-03-30 09:06:00,55700,55800,55600,55600,440
2026-03-30 09:07:00,55700,55900,55700,55800,509
2026-03-30 09:08:00,55800,56000,55800,56000,754
2026-03-30 09:09:00,56100,56200,56000,56000,343
2026-03-30 09:10:00,56000,56100,56000,56100,164
2026-03-30 09:11:00,56100,56200,56100,56100,186
2026-03-30 09:12:00,56200,56400,56200,56400,452
2026-03-30 09:13:00,56400,56700,56200,56600,788
2026-03-30 09:14:00,56700,56800,56400,56400,346
2026-03-30 09:15:00,56400,56500,56100,56100,254
2026-03-30 09:16:00,56200,56200,56100,56100,188
2026-03-30 09:17:00,56100,56300,55900,56300,258
2026-03-30 09:18:00,56200,56400,55900,56000,1163
2026-03-30 09:19:00,56200,56700,56000,56500,226
2026-03-30 09:20:00,56600,56700,56100,56700,258
2026-03-30 09:21:00,56300,56500,56300,56300,162
2026-03-30 09:22:00,56400,56400,56200,56300,208
2026-03-30 09:23:00,56300,56400,56300,56400,88
2026-03-30 09:24:00,56400,56700,56400,56700,453
2026-03-30 09:25:00,56700,56700,56500,56700,312
2026-03-30 09:26:00,56700,56700,56700,56700,35
2026-03-30 09:27:00,56800,56800,56700,56700,227
2026-03-30 09:28:00,56600,56700,56600,56700,136
2026-03-30 09:29:00,56700,56700,56300,56300,612
2026-03-30 09:30:00,56300,56300,56000,56100,474
2026-03-30 09:31:00,56000,56300,56000,56200,234
2026-03-30 09:32:00,56200,56500,56200,56500,116
2026-03-30 09:33:00,56500,56500,56400,56500,288
2026-03-30 09:34:00,56500,56800,56500,56600,224
2026-03-30 09:35:00,56600,56600,56400,56400,276
2026-03-30 09:36:00,56400,56400,56200,56200,153
2026-03-30 09:37:00,56400,56400,56200,56200,160
2026-03-30 09:38:00,56200,56400,56200,56300,15
2026-03-30 09:39:00,56300,56500,56300,56400,197
2026-03-30 09:40:00,56500,56500,56500,56500,65
2026-03-30 09:41:00,56500,56500,56300,56400,73
2026-03-30 09:42:00,56400,56700,56300,56700,367
2026-03-30 09:43:00,56700,56800,56700,56800,127
2026-03-30 09:44:00,56900,57000,56900,56900,201
2026-03-30 09:45:00,56900,56900,56700,56700,358
2026-03-30 09:46:00,56700,56800,56700,56800,235
2026-03-30 09:47:00,56800,56800,56600,56600,275
2026-03-30 09:48:00,56600,56600,56500,56600,76
2026-03-30 09:49:00,56500,56600,56500,56600,29
2026-03-30 09:50:00,56600,56600,56400,56500,18
2026-03-30 09:51:00,56500,56500,56400,56500,60
2026-03-30 09:52:00,56500,56600,56400,56400,203
2026-03-30 09:53:00,56500,56500,56400,56500,281
2026-03-30 09:54:00,56500,56700,56500,56700,344
2026-03-30 09:55:00,56700,56800,56600,56600,179
2026-03-30 09:56:00,56600,56800,56600,56800,108
2026-03-30 09:57:00,56800,57100,56800,57000,299
2026-03-30 09:58:00,56900,57400,56900,57400,345
2026-03-30 09:59:00,57400,57400,57200,57300,365
2026-03-30 10:00:00,57300,57700,57300,57700,1279
2026-03-30 10:01:00,57700,57900,57600,57900,1177
2026-03-30 10:02:00,57700,57900,57700,57800,304
2026-03-30 10:03:00,57700,57700,57300,57300,976
2026-03-30 10:04:00,57400,57400,57300,57300,209
2026-03-30 10:05:00,57300,57300,57100,57100,952
2026-03-30 10:06:00,57200,57300,57200,57300,210
2026-03-30 10:07:00,57300,57400,57200,57200,74
2026-03-30 10:08:00,57100,57100,56900,56900,401
2026-03-30 10:09:00,56900,56900,56800,56800,199
2026-03-30 10:10:00,56900,56900,56800,56800,123
2026-03-30 10:11:00,56800,57100,56700,57100,1119
2026-03-30 10:12:00,57100,57200,57000,57000,39
2026-03-30 10:13:00,57100,57100,56700,56900,251
2026-03-30 10:14:00,56900,56900,56800,56800,3
2026-03-30 10:15:00,56800,56900,56800,56900,41
2026-03-30 10:16:00,56900,56900,56900,56900,173
2026-03-30 10:17:00,56900,56900,56800,56800,53
2026-03-30 10:18:00,56700,56800,56700,56700,105
2026-03-30 10:19:00,56700,56800,56600,56600,5
2026-03-30 10:20:00,56700,56700,56700,56700,160
2026-03-30 10:21:00,56700,56700,56700,56700,13
2026-03-30 10:22:00,56800,56800,56600,56600,97
2026-03-30 10:23:00,56600,56600,56500,56500,613
2026-03-30 10:24:00,56500,56600,56500,56500,122
2026-03-30 10:25:00,56500,56600,56500,56600,84
2026-03-30 10:26:00,56600,56600,56500,56500,105
2026-03-30 10:27:00,56500,56500,56400,56400,112
2026-03-30 10:28:00,56400,56400,56300,56300,39
2026-03-30 10:29:00,56300,56400,56300,56400,126
2026-03-30 10:30:00,56300,56400,56300,56300,124
2026-03-30 10:31:00,56300,56400,56200,56400,189
2026-03-30 10:32:00,56400,56400,56400,56400,29
2026-03-30 10:33:00,56400,56600,56400,56400,82
2026-03-30 10:34:00,56500,56900,56500,56800,227
2026-03-30 10:35:00,56800,56800,56500,56500,200
2026-03-30 10:36:00,56500,56500,56300,56500,298
2026-03-30 10:37:00,56500,56500,56400,56500,22
2026-03-30 10:38:00,56500,56500,56300,56300,211
2026-03-30 10:39:00,56400,56500,56400,56500,186
2026-03-30 10:40:00,56500,56500,56500,56500,130
2026-03-30 10:41:00,56500,56700,56500,56700,33
2026-03-30 10:42:00,56600,56600,56500,56600,445
2026-03-30 10:43:00,56500,56600,56500,56600,126
2026-03-30 10:44:00,56700,56800,56700,56800,124
2026-03-30 10:45:00,56800,56800,56700,56800,117
2026-03-30 10:46:00,56700,56700,56700,56700,173
2026-03-30 10:47:00,56700,56700,56500,56600,296
2026-03-30 10:48:00,56600,56600,56400,56400,233
2026-03-30 10:49:00,56500,56500,56500,56500,1
2026-03-30 10:50:00,56500,56500,56400,56400,90
2026-03-30 10:51:00,56500,56500,56500,56500,28
2026-03-30 10:52:00,56500,56500,56500,56500,3
2026-03-30 10:53:00,56400,56400,56400,56400,26
2026-03-30 10:54:00,56400,56400,56300,56300,455
2026-03-30 10:55:00,56200,56300,56200,56200,51
2026-03-30 10:56:00,56200,56300,56200,56300,350
2026-03-30 10:57:00,56300,56400,56300,56400,121
2026-03-30 10:58:00,56300,56300,56300,56300,131
2026-03-30 10:59:00,56300,56300,56300,56300,190
2026-03-30 11:00:00,56300,56500,56300,56500,26
2026-03-30 11:01:00,56500,56500,56200,56300,138
2026-03-30 11:02:00,56300,56300,56200,56200,610
2026-03-30 11:03:00,56100,56100,56000,56000,759
2026-03-30 11:04:00,56000,56100,56000,56100,268
2026-03-30 11:05:00,56100,56100,56100,56100,92
2026-03-30 11:06:00,56100,56300,56100,56300,30
2026-03-30 11:07:00,56100,56400,56100,56400,175
2026-03-30 11:08:00,56300,56400,56300,56400,18
2026-03-30 11:09:00,56200,56400,56100,56400,43
2026-03-30 11:10:00,56400,56400,56400,56400,6
2026-03-30 11:11:00,56200,56200,56200,56200,100
2026-03-30 11:12:00,56300,56300,56300,56300,3
2026-03-30 11:13:00,56300,56300,56300,56300,3
2026-03-30 11:14:00,56300,56300,56300,56300,4
2026-03-30 11:15:00,56200,56300,56200,56200,101
2026-03-30 11:16:00,56200,56200,56100,56200,163
2026-03-30 11:17:00,56200,56200,56200,56200,4
2026-03-30 11:18:00,56200,56200,56200,56200,2
2026-03-30 11:19:00,56100,56100,56000,56100,562
2026-03-30 11:20:00,56000,56000,55900,55900,211
2026-03-30 11:21:00,56000,56100,56000,56100,355
2026-03-30 11:22:00,56100,56100,56100,56100,53
2026-03-30 11:23:00,56100,56100,56100,56100,132
2026-03-30 11:24:00,56100,56200,56100,56200,32
2026-03-30 11:25:00,56200,56200,56200,56200,2
2026-03-30 11:26:00,56100,56200,55900,56200,146
2026-03-30 11:27:00,56200,56200,56100,56100,103
2026-03-30 11:28:00,56100,56100,56000,56000,146
2026-03-30 11:29:00,56000,56000,55900,56000,12
2026-03-30 11:30:00,56000,56000,56000,56000,19
2026-03-30 11:31:00,56000,56100,56000,56100,52
2026-03-30 11:32:00,56100,56100,56000,56000,4
2026-03-30 11:33:00,56000,56000,55900,56000,260
2026-03-30 11:34:00,56000,56200,56000,56200,215
2026-03-30 11:35:00,56200,56200,56000,56000,7
2026-03-30 11:36:00,56000,56000,56000,56000,2
2026-03-30 11:37:00,56100,56200,56100,56200,96
2026-03-30 11:38:00,56100,56100,56100,56100,1
2026-03-30 11:40:00,56100,56100,56100,56100,1
2026-03-30 11:41:00,56100,56200,56100,56200,202
2026-03-30 11:42:00,56200,56200,56200,56200,8
2026-03-30 11:43:00,56200,56400,56200,56400,48
2026-03-30 11:45:00,56300,56300,56200,56300,22
2026-03-30 11:46:00,56300,56300,56300,56300,11
2026-03-30 11:47:00,56200,56200,56200,56200,5
2026-03-30 11:48:00,56400,56400,56200,56200,153
2026-03-30 11:49:00,56200,56200,56200,56200,37
2026-03-30 11:50:00,56300,56400,56200,56400,24
2026-03-30 11:51:00,56400,56400,56400,56400,2
2026-03-30 11:52:00,56200,56300,56200,56300,24
2026-03-30 11:54:00,56200,56200,56100,56200,20
2026-03-30 11:55:00,56100,56200,56100,56200,145
2026-03-30 11:56:00,56200,56200,56200,56200,70
2026-03-30 11:57:00,56300,56300,56300,56300,6
2026-03-30 11:58:00,56300,56300,56300,56300,84
2026-03-30 11:59:00,56300,56300,56300,56300,100
2026-03-30 12:00:00,56400,56400,56300,56400,22
2026-03-30 12:01:00,56300,56400,56200,56200,351
2026-03-30 12:02:00,56300,56300,56300,56300,5
2026-03-30 12:03:00,56300,56300,56200,56200,28
2026-03-30 12:04:00,56200,56200,56200,56200,24
2026-03-30 12:05:00,56100,56100,56100,56100,57
2026-03-30 12:06:00,56200,56300,56100,56300,161
2026-03-30 12:07:00,56300,56300,56300,56300,17
2026-03-30 12:08:00,56300,56300,56300,56300,90
2026-03-30 12:09:00,56300,56300,56300,56300,3
2026-03-30 12:10:00,56300,56400,56300,56400,392
2026-03-30 12:11:00,56400,56700,56400,56600,69
2026-03-30 12:12:00,56500,56500,56400,56500,200
2026-03-30 12:13:00,56600,56600,56600,56600,40
2026-03-30 12:14:00,56400,56400,56400,56400,104
2026-03-30 12:15:00,56500,56600,56500,56600,3
2026-03-30 12:16:00,56500,56500,56500,56500,6
2026-03-30 12:17:00,56600,56600,56600,56600,16
2026-03-30 12:18:00,56600,56700,56600,56700,255
2026-03-30 12:19:00,56700,56700,56700,56700,19
2026-03-30 12:20:00,56700,56700,56700,56700,52
2026-03-30 12:21:00,56700,56700,56600,56600,150
2026-03-30 12:22:00,56600,56600,56600,56600,82
2026-03-30 12:23:00,56600,56600,56600,56600,12
2026-03-30 12:24:00,56600,56600,56400,56600,89
2026-03-30 12:25:00,56600,56700,56600,56600,99
2026-03-30 12:26:00,56600,56600,56500,56600,104
2026-03-30 12:27:00,56600,56700,56600,56700,245
2026-03-30 12:28:00,56600,56800,56600,56600,164
2026-03-30 12:29:00,56600,56700,56400,56500,58
2026-03-30 12:30:00,56500,56500,56300,56400,157
2026-03-30 12:31:00,56400,56400,56400,56400,39
2026-03-30 12:32:00,56500,56500,56500,56500,3
2026-03-30 12:33:00,56500,56500,56400,56400,329
2026-03-30 12:34:00,56500,56600,56500,56600,12
2026-03-30 12:35:00,56500,56500,56500,56500,136
2026-03-30 12:36:00,56500,56700,56300,56300,635
2026-03-30 12:37:00,56300,56300,56300,56300,1
2026-03-30 12:38:00,56300,56300,56300,56300,56
2026-03-30 12:39:00,56300,56400,56300,56400,143
2026-03-30 12:40:00,56300,56400,56300,56400,47
2026-03-30 12:41:00,56400,56500,56400,56500,62
2026-03-30 12:42:00,56400,56500,56400,56500,50
2026-03-30 12:45:00,56400,56400,56300,56300,79
2026-03-30 12:46:00,56300,56400,56300,56400,50
2026-03-30 12:47:00,56400,56400,56300,56300,5
2026-03-30 12:48:00,56400,56400,56400,56400,2
2026-03-30 12:49:00,56400,56400,56400,56400,2
2026-03-30 12:50:00,56400,56400,56300,56400,700
2026-03-30 12:51:00,56400,56400,56400,56400,7
2026-03-30 12:52:00,56400,56400,56400,56400,17
2026-03-30 12:54:00,56500,56500,56200,56500,375
2026-03-30 12:55:00,56200,56500,56200,56500,3
2026-03-30 12:56:00,56300,56300,56200,56300,9
2026-03-30 12:58:00,56300,56300,56300,56300,6
2026-03-30 12:59:00,56300,56300,56300,56300,23
2026-03-30 13:00:00,56300,56300,56300,56300,4
2026-03-30 13:01:00,56300,56300,56300,56300,5
2026-03-30 13:02:00,56300,56300,56100,56100,526
2026-03-30 13:03:00,56200,56200,56100,56200,106
2026-03-30 13:04:00,56200,56200,56200,56200,49
2026-03-30 13:05:00,56200,56200,56200,56200,148
2026-03-30 13:06:00,56200,56300,56200,56300,28
2026-03-30 13:07:00,56300,56300,56300,56300,15
2026-03-30 13:08:00,56200,56300,56200,56300,48
2026-03-30 13:09:00,56300,56300,56300,56300,36
2026-03-30 13:10:00,56300,56300,56200,56200,20
2026-03-30 13:11:00,56200,56300,56200,56300,6
2026-03-30 13:12:00,56300,56300,56200,56300,199
2026-03-30 13:13:00,56300,56400,56300,56400,33
2026-03-30 13:14:00,56200,56300,56000,56300,291
2026-03-30 13:15:00,56300,56300,56200,56200,52
2026-03-30 13:16:00,56200,56200,56200,56200,20
2026-03-30 13:17:00,56200,56200,56200,56200,2
2026-03-30 13:18:00,56100,56100,56100,56100,118
2026-03-30 13:19:00,56100,56100,56100,56100,4
2026-03-30 13:20:00,56100,56100,56100,56100,17
2026-03-30 13:21:00,56100,56100,56100,56100,12
2026-03-30 13:22:00,56100,56100,56100,56100,7
2026-03-30 13:24:00,56100,56100,56100,56100,73
2026-03-30 13:25:00,56100,56100,56100,56100,2
2026-03-30 13:26:00,56000,56000,56000,56000,3
2026-03-30 13:27:00,56000,56100,56000,56100,76
2026-03-30 13:28:00,56100,56100,56100,56100,71
2026-03-30 13:29:00,56100,56100,56000,56100,105
2026-03-30 13:30:00,56100,56100,56100,56100,101
2026-03-30 13:31:00,56100,56100,56100,56100,53
2026-03-30 13:32:00,56100,56100,56100,56100,30
2026-03-30 13:33:00,56200,56200,56200,56200,7
2026-03-30 13:34:00,56200,56200,56200,56200,11
2026-03-30 13:35:00,56200,56200,56100,56100,82
2026-03-30 13:36:00,56200,56200,56200,56200,41
2026-03-30 13:37:00,56200,56200,56200,56200,391
2026-03-30 13:38:00,56300,56300,56200,56200,7
2026-03-30 13:39:00,56200,56200,56100,56100,76
2026-03-30 13:40:00,56100,56100,56100,56100,15
2026-03-30 13:41:00,56100,56100,56000,56000,457
2026-03-30 13:42:00,56000,56100,56000,56000,10
2026-03-30 13:43:00,56000,56100,56000,56100,3
2026-03-30 13:44:00,56100,56100,55900,55900,603
2026-03-30 13:45:00,56000,56000,56000,56000,129
2026-03-30 13:46:00,56000,56000,56000,56000,19
2026-03-30 13:47:00,56000,56000,55900,55900,227
2026-03-30 13:48:00,55900,56000,55900,56000,71
2026-03-30 13:49:00,56000,56000,55900,56000,7
2026-03-30 13:50:00,56000,56000,56000,56000,11
2026-03-30 13:51:00,55900,55900,55900,55900,228
2026-03-30 13:52:00,56000,56000,56000,56000,5
2026-03-30 13:53:00,55900,55900,55900,55900,31
2026-03-30 13:54:00,55900,55900,55900,55900,20
2026-03-30 13:55:00,55900,56000,55900,56000,247
2026-03-30 13:57:00,56000,56000,56000,56000,114
2026-03-30 13:58:00,56000,56000,56000,56000,17
2026-03-30 14:00:00,55900,56000,55900,56000,7
2026-03-30 14:01:00,56000,56000,56000,56000,5
2026-03-30 14:02:00,55900,56000,55900,56000,197
2026-03-30 14:03:00,56000,56000,55900,55900,30
2026-03-30 14:04:00,55900,56000,55900,56000,325
2026-03-30 14:05:00,55800,55900,55800,55900,117
2026-03-30 14:06:00,55800,55900,55800,55900,3
2026-03-30 14:07:00,55900,55900,55900,55900,5
2026-03-30 14:08:00,55900,55900,55900,55900,1
2026-03-30 14:09:00,55800,55900,55800,55900,581
2026-03-30 14:10:00,55900,55900,55900,55900,10
2026-03-30 14:12:00,56000,56000,55900,55900,24
2026-03-30 14:13:00,55900,55900,55800,55800,261
2026-03-30 14:14:00,55800,55800,55800,55800,27
2026-03-30 14:15:00,55900,55900,55900,55900,262
2026-03-30 14:16:00,55900,55900,55800,55900,38
2026-03-30 14:17:00,55900,55900,55900,55900,8
2026-03-30 14:19:00,56000,56000,56000,56000,1
2026-03-30 14:20:00,56000,56000,55900,56000,37
2026-03-30 14:21:00,56000,56000,55900,55900,124
2026-03-30 14:22:00,55900,55900,55800,55900,118
2026-03-30 14:23:00,55900,55900,55900,55900,52
2026-03-30 14:24:00,55900,55900,55800,55900,31
2026-03-30 14:25:00,55900,56000,55900,56000,15
2026-03-30 14:26:00,56000,56000,56000,56000,50
2026-03-30 14:27:00,56000,56000,56000,56000,51
2026-03-30 14:28:00,56000,56000,56000,56000,162
2026-03-30 14:29:00,56000,56100,56000,56100,30
2026-03-30 14:30:00,56000,56100,56000,56000,109
2026-03-30 14:31:00,56100,56100,56100,56100,1
2026-03-30 14:32:00,56000,56100,56000,56000,21
2026-03-30 14:33:00,56100,56100,56100,56100,1
2026-03-30 14:34:00,56100,56100,56100,56100,1
2026-03-30 14:35:00,56100,56100,56100,56100,1
2026-03-30 14:36:00,56100,56100,56100,56100,1
2026-03-30 14:37:00,56000,56000,56000,56000,101
2026-03-30 14:38:00,56000,56000,56000,56000,161
2026-03-30 14:39:00,56000,56000,56000,56000,106
2026-03-30 14:40:00,56000,56000,55900,55900,296
2026-03-30 14:41:00,55900,55900,55900,55900,1
2026-03-30 14:42:00,56000,56000,56000,56000,6
2026-03-30 14:43:00,56000,56000,56000,56000,132
2026-03-30 14:44:00,56000,56000,56000,56000,47
2026-03-30 14:45:00,56000,56000,55900,55900,76
2026-03-30 14:46:00,56000,56000,55800,55800,167
2026-03-30 14:47:00,55800,55900,55800,55900,20
2026-03-30 14:48:00,55800,55800,55700,55800,1200
2026-03-30 14:49:00,55800,55800,55800,55800,5
2026-03-30 14:50:00,55800,55800,55800,55800,113
2026-03-30 14:51:00,55800,55800,55700,55800,24
2026-03-30 14:52:00,55700,55800,55700,55800,20
2026-03-30 14:53:00,55700,55700,55700,55700,697
2026-03-30 14:54:00,55700,55700,55700,55700,72
2026-03-30 14:55:00,55600,55700,55500,55600,1350
2026-03-30 14:56:00,55500,55600,55400,55500,1918
2026-03-30 14:57:00,55400,55400,55400,55400,308
2026-03-30 14:58:00,55400,55500,55400,55500,150
2026-03-30 14:59:00,55500,55500,55400,55500,79
2026-03-30 15:00:00,55500,55500,55400,55500,1067
2026-03-30 15:01:00,55400,55500,55300,55300,149
2026-03-30 15:02:00,55400,55400,55300,55400,17
2026-03-30 15:03:00,55400,55400,55400,55400,94
2026-03-30 15:04:00,55400,55500,55400,55500,263
2026-03-30 15:05:00,55500,55500,55500,55500,204
2026-03-30 15:06:00,55500,55500,55500,55500,1
2026-03-30 15:07:00,55400,55500,55400,55400,306
2026-03-30 15:08:00,55400,55500,55300,55400,324
2026-03-30 15:09:00,55400,55400,55300,55300,128
2026-03-30 15:10:00,55400,55400,55300,55400,383
2026-03-30 15:11:00,55300,55400,55300,55400,79
2026-03-30 15:12:00,55400,55400,55300,55400,287
2026-03-30 15:13:00,55400,55400,55200,55300,459
2026-03-30 15:14:00,55300,55400,55300,55300,514
2026-03-30 15:15:00,55400,55400,55200,55300,368
2026-03-30 15:16:00,55300,55300,55300,55300,189
2026-03-30 15:17:00,55300,55300,55300,55300,408
2026-03-30 15:18:00,55300,55500,55300,55500,491
2026-03-30 15:19:00,55500,55600,55400,55500,223
2026-03-30 15:30:00,55500,55500,55500,55500,3495
2026-03-31 09:00:00,54800,55600,54700,55600,3104
2026-03-31 09:01:00,55700,55800,55200,55300,894
2026-03-31 09:02:00,55500,56200,55500,56000,1088
2026-03-31 09:03:00,56000,56100,55700,55700,309
2026-03-31 09:04:00,55700,55800,55500,55600,327
2026-03-31 09:05:00,55600,55600,55400,55500,295
2026-03-31 09:06:00,55400,55600,55400,55500,192
2026-03-31 09:07:00,55500,55700,55500,55700,406
2026-03-31 09:08:00,55600,55900,55600,55600,189
2026-03-31 09:09:00,55800,55800,55600,55700,649
2026-03-31 09:10:00,55700,55800,55700,55800,1265
2026-03-31 09:11:00,55900,56000,55400,56000,1418
2026-03-31 09:12:00,55700,55900,55600,55700,586
2026-03-31 09:13:00,55700,55800,55600,55600,566
2026-03-31 09:14:00,55600,55800,55500,55600,1481
2026-03-31 09:15:00,55600,55700,55600,55700,461
2026-03-31 09:16:00,55700,55800,55600,55600,496
2026-03-31 09:17:00,55700,55700,55500,55600,131
2026-03-31 09:18:00,55600,55600,55200,55300,2004
2026-03-31 09:19:00,55200,55400,55200,55400,1454
2026-03-31 09:20:00,55500,55600,55300,55500,508
2026-03-31 09:21:00,55400,55400,55300,55300,442
2026-03-31 09:22:00,55300,55500,55300,55400,430
2026-03-31 09:23:00,55400,55500,55300,55500,304
2026-03-31 09:24:00,55400,55500,55400,55400,347
2026-03-31 09:25:00,55400,55400,55300,55300,258
2026-03-31 09:26:00,55400,55700,55400,55700,2072
2026-03-31 09:27:00,55800,55800,55500,55700,266
2026-03-31 09:28:00,55800,56000,55600,56000,732
2026-03-31 09:29:00,56100,56400,56100,56400,1191
2026-03-31 09:30:00,56300,56400,56000,56200,995
2026-03-31 09:31:00,56100,56100,55700,55700,1095
2026-03-31 09:32:00,55700,55800,55500,55600,557
2026-03-31 09:33:00,55600,55600,55500,55500,248
2026-03-31 09:34:00,55500,55600,55400,55500,417
2026-03-31 09:35:00,55500,55700,55500,55600,208
2026-03-31 09:36:00,55500,55500,55300,55400,671
2026-03-31 09:37:00,55400,55500,55400,55400,284
2026-03-31 09:38:00,55400,55600,55400,55600,483
2026-03-31 09:39:00,55600,55600,55400,55400,196
2026-03-31 09:40:00,55400,55500,55400,55500,241
2026-03-31 09:41:00,55500,55600,55400,55500,379
2026-03-31 09:42:00,55500,55500,55400,55500,350
2026-03-31 09:43:00,55600,55800,55500,55800,420
2026-03-31 09:44:00,55800,56400,55800,56400,1397
2026-03-31 09:45:00,56400,56500,56200,56400,629
2026-03-31 09:46:00,56400,56400,56000,56300,95
2026-03-31 09:47:00,56200,56600,56200,56600,808
2026-03-31 09:48:00,56600,57100,56600,57000,3704
2026-03-31 09:49:00,57100,57100,56600,56600,1091
2026-03-31 09:50:00,56600,56900,56500,56800,720
2026-03-31 09:51:00,56800,56800,56500,56600,472
2026-03-31 09:52:00,56600,56700,56300,56500,516
2026-03-31 09:53:00,56400,56500,56400,56500,74
2026-03-31 09:54:00,56500,56600,56400,56400,311
2026-03-31 09:55:00,56500,56500,56300,56500,469
2026-03-31 09:56:00,56400,56400,56200,56300,128
2026-03-31 09:57:00,56300,56400,56100,56200,448
2026-03-31 09:58:00,56300,56500,56200,56500,244
2026-03-31 09:59:00,56500,56600,56500,56600,2285
2026-03-31 10:00:00,56600,56600,56400,56500,375
2026-03-31 10:01:00,56500,56700,56500,56700,490
2026-03-31 10:02:00,56700,56700,56600,56600,170
2026-03-31 10:03:00,56700,56700,56300,56300,222
2026-03-31 10:04:00,56300,56300,56200,56300,792
2026-03-31 10:05:00,56300,56500,56200,56200,105
2026-03-31 10:06:00,56200,56300,56200,56300,230
2026-03-31 10:07:00,56300,56500,56300,56500,225
2026-03-31 10:08:00,56400,56500,56400,56400,227
2026-03-31 10:09:00,56500,56500,56400,56400,232
2026-03-31 10:10:00,56400,56600,56400,56600,262
2026-03-31 10:11:00,56600,56600,56500,56500,101
2026-03-31 10:12:00,56400,56700,56400,56400,387
2026-03-31 10:13:00,56400,56700,56200,56500,672
2026-03-31 10:14:00,56500,56500,56500,56500,48
2026-03-31 10:15:00,56500,56500,56400,56500,894
2026-03-31 10:16:00,56500,56500,56400,56400,541
2026-03-31 10:17:00,56400,56400,56300,56400,279
2026-03-31 10:18:00,56500,56500,56300,56300,254
2026-03-31 10:19:00,56300,56300,56100,56100,509
2026-03-31 10:20:00,56100,56300,56100,56200,200
2026-03-31 10:21:00,56200,56600,56200,56600,885
2026-03-31 10:22:00,56400,56500,56400,56500,31
2026-03-31 10:23:00,56500,56800,56500,56600,948
2026-03-31 10:24:00,56800,56800,56500,56500,112
2026-03-31 10:25:00,56600,56800,56600,56600,36
2026-03-31 10:26:00,56600,56900,56600,56900,417
2026-03-31 10:27:00,56900,57000,56800,56900,779
2026-03-31 10:28:00,56900,56900,56900,56900,125
2026-03-31 10:29:00,56900,57000,56800,56900,973
2026-03-31 10:30:00,56800,57000,56800,57000,21
2026-03-31 10:31:00,57000,57200,56900,57100,956
2026-03-31 10:32:00,57100,57100,57000,57100,41
2026-03-31 10:33:00,57100,57100,57000,57000,121
2026-03-31 10:34:00,57100,57100,57000,57100,313
2026-03-31 10:35:00,57000,57000,56900,56900,198
2026-03-31 10:36:00,56900,57000,56800,57000,461
2026-03-31 10:37:00,57000,57000,56900,56900,33
2026-03-31 10:38:00,56900,56900,56600,56700,92
2026-03-31 10:39:00,56900,56900,56500,56900,65
2026-03-31 10:40:00,56800,56900,56800,56800,57
2026-03-31 10:41:00,56800,56800,56700,56800,243
2026-03-31 10:42:00,56700,56800,56600,56800,402
2026-03-31 10:43:00,56800,56800,56600,56600,152
2026-03-31 10:44:00,56600,56600,56500,56500,76
2026-03-31 10:45:00,56500,56700,56500,56700,9
2026-03-31 10:46:00,56600,56600,56500,56500,211
2026-03-31 10:47:00,56500,56700,56500,56500,205
2026-03-31 10:48:00,56500,56500,56400,56500,124
2026-03-31 10:49:00,56500,56700,56400,56500,461
2026-03-31 10:50:00,56500,56500,56500,56500,79
2026-03-31 10:51:00,56600,56600,56600,56600,62
2026-03-31 10:52:00,56600,56800,56600,56600,151
2026-03-31 10:53:00,56600,56600,56600,56600,10
2026-03-31 10:54:00,56600,56700,56600,56700,57
2026-03-31 10:55:00,56600,56600,56500,56600,87
2026-03-31 10:56:00,56600,56600,56400,56500,286
2026-03-31 10:57:00,56600,56600,56400,56500,267
2026-03-31 10:59:00,56500,56500,56400,56400,43
2026-03-31 11:00:00,56400,56400,56400,56400,179
2026-03-31 11:01:00,56400,56500,56300,56400,305
2026-03-31 11:02:00,56500,56500,56200,56300,615
2026-03-31 11:03:00,56300,56500,56300,56400,107
2026-03-31 11:04:00,56300,56300,56200,56200,148
2026-03-31 11:05:00,56200,56300,56200,56200,709
2026-03-31 11:06:00,56300,56400,56300,56400,192
2026-03-31 11:07:00,56400,56400,56200,56300,222
2026-03-31 11:08:00,56200,56400,56200,56400,123
2026-03-31 11:09:00,56400,56400,56300,56300,114
2026-03-31 11:10:00,56300,56300,56200,56200,76
2026-03-31 11:11:00,56200,56400,56100,56400,239
2026-03-31 11:12:00,56300,56300,56300,56300,52
2026-03-31 11:13:00,56300,56300,56200,56300,306
2026-03-31 11:15:00,56300,56400,56300,56300,144
2026-03-31 11:16:00,56300,56300,56200,56200,382
2026-03-31 11:17:00,56300,56300,56100,56200,90
2026-03-31 11:18:00,56200,56400,56200,56400,131
2026-03-31 11:19:00,56200,56200,56200,56200,6
2026-03-31 11:20:00,56200,56300,56200,56300,102
2026-03-31 11:22:00,56300,56300,56300,56300,36
2026-03-31 11:23:00,56300,56300,56300,56300,19
2026-03-31 11:24:00,56200,56300,56200,56300,6
2026-03-31 11:25:00,56300,56300,56200,56200,144
2026-03-31 11:26:00,56100,56200,56100,56200,55
2026-03-31 11:27:00,56200,56200,56200,56200,53
2026-03-31 11:28:00,56200,56200,56200,56200,19
2026-03-31 11:29:00,56200,56200,56200,56200,114
2026-03-31 11:30:00,56200,56200,56200,56200,7
2026-03-31 11:31:00,56100,56300,56100,56100,1012
2026-03-31 11:32:00,56000,56100,56000,56100,135
2026-03-31 11:33:00,56100,56100,56100,56100,34
2026-03-31 11:34:00,56200,56200,56000,56000,507
2026-03-31 11:35:00,56100,56200,55800,56100,553
2026-03-31 11:36:00,56100,56100,56100,56100,97
2026-03-31 11:37:00,56100,56300,56000,56300,192
2026-03-31 11:38:00,56100,56100,56000,56000,5
2026-03-31 11:39:00,56000,56200,56000,56200,19
2026-03-31 11:40:00,56200,56200,56000,56000,18
2026-03-31 11:41:00,56000,56000,55800,55900,316
2026-03-31 11:42:00,55900,55900,55800,55800,32
2026-03-31 11:43:00,55800,56000,55700,56000,209
2026-03-31 11:44:00,55800,56000,55700,55700,446
2026-03-31 11:45:00,56000,56000,56000,56000,89
2026-03-31 11:46:00,56000,56000,56000,56000,20
2026-03-31 11:47:00,56100,56100,56100,56100,4
2026-03-31 11:48:00,56100,56100,56100,56100,32
2026-03-31 11:49:00,56100,56100,56100,56100,48
2026-03-31 11:50:00,56100,56100,56000,56000,96
2026-03-31 11:51:00,56100,56200,56100,56200,113
2026-03-31 11:52:00,56200,56200,56200,56200,1
2026-03-31 11:54:00,56200,56200,56100,56100,19
2026-03-31 11:55:00,56100,56100,56100,56100,5
2026-03-31 11:56:00,56100,56100,56100,56100,13
2026-03-31 11:57:00,56100,56100,55900,55900,148
2026-03-31 11:58:00,56100,56100,56100,56100,21
2026-03-31 11:59:00,56000,56100,56000,56100,6
2026-03-31 12:00:00,56000,56100,56000,56000,112
2026-03-31 12:01:00,56000,56000,56000,56000,3
2026-03-31 12:02:00,56000,56100,56000,56100,27
2026-03-31 12:03:00,56000,56000,56000,56000,1
2026-03-31 12:04:00,56100,56100,56100,56100,11
2026-03-31 12:05:00,56100,56100,56100,56100,181
2026-03-31 12:06:00,56200,56200,56200,56200,9
2026-03-31 12:07:00,56200,56300,56200,56300,436
2026-03-31 12:08:00,56300,56400,56300,56300,113
2026-03-31 12:09:00,56300,56300,56300,56300,2
2026-03-31 12:11:00,56400,56400,56400,56400,28
2026-03-31 12:12:00,56400,56500,56400,56400,279
2026-03-31 12:13:00,56400,56500,56400,56500,30
2026-03-31 12:14:00,56500,56500,56300,56400,340
2026-03-31 12:15:00,56400,56400,56300,56300,420
2026-03-31 12:16:00,56300,56400,56300,56400,87
2026-03-31 12:17:00,56200,56300,56200,56300,43
2026-03-31 12:18:00,56200,56200,56100,56100,116
2026-03-31 12:19:00,56200,56200,56200,56200,5
2026-03-31 12:20:00,56200,56200,56100,56100,51
2026-03-31 12:21:00,56100,56100,56100,56100,172
2026-03-31 12:22:00,56100,56100,56000,56000,228
2026-03-31 12:23:00,56000,56000,56000,56000,81
2026-03-31 12:24:00,56000,56000,56000,56000,30
2026-03-31 12:25:00,56000,56000,56000,56000,23
2026-03-31 12:26:00,56000,56000,56000,56000,203
2026-03-31 12:27:00,56000,56000,56000,56000,50
2026-03-31 12:28:00,56000,56000,56000,56000,73
2026-03-31 12:29:00,56100,56100,56000,56100,171
2026-03-31 12:30:00,56000,56000,55900,56000,27
2026-03-31 12:32:00,55900,56000,55900,55900,564
2026-03-31 12:33:00,55900,56000,55900,56000,182
2026-03-31 12:34:00,56000,56000,55900,55900,273
2026-03-31 12:35:00,55800,55800,55800,55800,134
2026-03-31 12:36:00,55700,55700,55700,55700,107
2026-03-31 12:37:00,55700,55800,55700,55800,26
2026-03-31 12:38:00,55700,55700,55700,55700,5
2026-03-31 12:39:00,55700,55700,55600,55700,208
2026-03-31 12:40:00,55700,55800,55700,55700,74
2026-03-31 12:41:00,55700,55700,55700,55700,94
2026-03-31 12:42:00,55700,55800,55700,55800,104
2026-03-31 12:43:00,55800,55900,55800,55800,364
2026-03-31 12:44:00,55800,55800,55700,55700,79
2026-03-31 12:45:00,55700,55700,55700,55700,93
2026-03-31 12:46:00,55800,55800,55700,55800,373
2026-03-31 12:47:00,55700,55700,55700,55700,10
2026-03-31 12:48:00,55700,55700,55700,55700,41
2026-03-31 12:50:00,55800,55900,55700,55900,390
2026-03-31 12:51:00,55800,55800,55800,55800,11
2026-03-31 12:53:00,55700,55800,55700,55800,60
2026-03-31 12:54:00,55800,55800,55800,55800,41
2026-03-31 12:55:00,55700,55800,55700,55700,105
2026-03-31 12:56:00,55800,55800,55800,55800,49
2026-03-31 12:57:00,55800,55800,55800,55800,57
2026-03-31 12:58:00,55700,55700,55700,55700,295
2026-03-31 12:59:00,55700,55700,55700,55700,33
2026-03-31 13:00:00,55700,55700,55600,55700,265
2026-03-31 13:01:00,55700,55700,55700,55700,83
2026-03-31 13:02:00,55700,55700,55500,55700,554
2026-03-31 13:03:00,55600,55800,55600,55700,680
2026-03-31 13:04:00,55700,55700,55700,55700,173
2026-03-31 13:05:00,55700,55700,55700,55700,70
2026-03-31 13:06:00,55700,55700,55700,55700,120
2026-03-31 13:07:00,55700,55700,55500,55500,86
2026-03-31 13:08:00,55600,55600,55600,55600,251
2026-03-31 13:09:00,55500,55600,55500,55500,238
2026-03-31 13:10:00,55500,55700,55400,55700,115
2026-03-31 13:11:00,55700,55700,55600,55600,119
2026-03-31 13:12:00,55600,55600,55600,55600,111
2026-03-31 13:13:00,55500,55500,55500,55500,40
2026-03-31 13:14:00,55400,55500,55400,55500,518
2026-03-31 13:15:00,55500,55500,55500,55500,73
2026-03-31 13:16:00,55500,55600,55500,55500,28
2026-03-31 13:17:00,55600,55600,55600,55600,228
2026-03-31 13:18:00,55600,55600,55600,55600,293
2026-03-31 13:19:00,55600,55700,55600,55700,103
2026-03-31 13:20:00,55700,55800,55700,55800,411
2026-03-31 13:21:00,55700,55700,55700,55700,167
2026-03-31 13:22:00,55600,55700,55600,55600,27
2026-03-31 13:23:00,55600,55600,55500,55500,246
2026-03-31 13:24:00,55500,55500,55500,55500,30
2026-03-31 13:25:00,55500,55700,55500,55600,62
2026-03-31 13:26:00,55600,55700,55600,55700,95
2026-03-31 13:27:00,55600,55700,55600,55700,6
2026-03-31 13:28:00,55700,55700,55700,55700,33
2026-03-31 13:29:00,55600,55700,55500,55500,622
2026-03-31 13:30:00,55600,55600,55600,55600,73
2026-03-31 13:31:00,55600,55600,55600,55600,32
2026-03-31 13:32:00,55500,55600,55500,55600,35
2026-03-31 13:33:00,55500,55600,55500,55600,87
2026-03-31 13:34:00,55600,55600,55400,55600,291
2026-03-31 13:35:00,55500,55600,55400,55600,26
2026-03-31 13:36:00,55500,55600,55500,55600,7
2026-03-31 13:37:00,55600,55600,55400,55400,144
2026-03-31 13:38:00,55400,55500,55300,55300,692
2026-03-31 13:39:00,55500,55600,55400,55500,330
2026-03-31 13:40:00,55400,55500,55400,55400,127
2026-03-31 13:41:00,55400,55500,55400,55400,5
2026-03-31 13:43:00,55500,55600,55500,55600,202
2026-03-31 13:44:00,55600,55600,55500,55500,84
2026-03-31 13:45:00,55500,55600,55500,55500,213
2026-03-31 13:46:00,55600,55600,55600,55600,20
2026-03-31 13:47:00,55600,55600,55500,55500,25
2026-03-31 13:48:00,55600,55600,55600,55600,17
2026-03-31 13:49:00,55600,55600,55600,55600,100
2026-03-31 13:50:00,55600,55700,55500,55600,188
2026-03-31 13:51:00,55500,55500,55500,55500,100
2026-03-31 13:52:00,55500,55500,55400,55400,380
2026-03-31 13:53:00,55400,55500,55300,55300,121
2026-03-31 13:54:00,55500,55500,55300,55500,189
2026-03-31 13:55:00,55300,55500,55300,55400,240
2026-03-31 13:56:00,55500,55600,55500,55600,88
2026-03-31 13:57:00,55600,55600,55600,55600,88
2026-03-31 13:58:00,55400,55500,55400,55500,202
2026-03-31 13:59:00,55600,55600,55500,55600,678
2026-03-31 14:00:00,55600,55700,55500,55700,213
2026-03-31 14:01:00,55700,55700,55600,55600,78
2026-03-31 14:02:00,55500,55600,55500,55600,51
2026-03-31 14:03:00,55500,55500,55500,55500,51
2026-03-31 14:04:00,55500,55500,55500,55500,25
2026-03-31 14:05:00,55400,55500,55400,55400,249
2026-03-31 14:06:00,55400,55500,55400,55400,242
2026-03-31 14:07:00,55400,55400,55300,55300,483
2026-03-31 14:08:00,55200,55300,55200,55300,63
2026-03-31 14:09:00,55300,55300,55200,55300,359
2026-03-31 14:10:00,55300,55300,55200,55200,95
2026-03-31 14:11:00,55300,55300,55200,55300,54
2026-03-31 14:12:00,55300,55300,55200,55200,168
2026-03-31 14:13:00,55200,55300,55100,55300,403
2026-03-31 14:14:00,55300,55300,55100,55200,776
2026-03-31 14:15:00,55000,55100,55000,55100,84
2026-03-31 14:16:00,55000,55000,55000,55000,27
2026-03-31 14:17:00,55100,55100,55000,55000,169
2026-03-31 14:18:00,55100,55100,54900,55000,2023
2026-03-31 14:19:00,54900,55000,54900,54900,181
2026-03-31 14:20:00,54900,54900,54800,54800,645
2026-03-31 14:21:00,54900,54900,54800,54900,207
2026-03-31 14:22:00,54900,55100,54900,55100,279
2026-03-31 14:23:00,55200,55200,55000,55000,70
2026-03-31 14:24:00,55200,55200,55200,55200,41
2026-03-31 14:25:00,55200,55300,55100,55200,40
2026-03-31 14:26:00,55200,55300,55200,55300,230
2026-03-31 14:27:00,55200,55200,55200,55200,31
2026-03-31 14:28:00,55200,55200,55200,55200,5
2026-03-31 14:29:00,55200,55300,55000,55300,528
2026-03-31 14:30:00,55200,55200,55200,55200,142
2026-03-31 14:31:00,55200,55200,55200,55200,68
2026-03-31 14:32:00,55200,55200,55100,55100,386
2026-03-31 14:33:00,55100,55200,55100,55200,87
2026-03-31 14:34:00,55200,55200,55200,55200,20
2026-03-31 14:35:00,55200,55200,55200,55200,330
2026-03-31 14:36:00,55300,55300,55100,55100,130
2026-03-31 14:37:00,55300,55300,55300,55300,157
2026-03-31 14:38:00,55300,55300,55200,55200,11
2026-03-31 14:39:00,55300,55400,55300,55400,131
2026-03-31 14:40:00,55300,55400,55200,55300,66
2026-03-31 14:41:00,55300,55400,55300,55400,182
2026-03-31 14:42:00,55300,55400,55200,55300,260
2026-03-31 14:43:00,55400,55400,55400,55400,1
2026-03-31 14:44:00,55300,55400,55300,55300,122
2026-03-31 14:45:00,55300,55300,55300,55300,111
2026-03-31 14:46:00,55200,55400,55200,55400,105
2026-03-31 14:47:00,55400,55400,55400,55400,2
2026-03-31 14:48:00,55300,55400,55300,55400,142
2026-03-31 14:49:00,55300,55400,55300,55300,58
2026-03-31 14:50:00,55300,55500,55300,55400,820
2026-03-31 14:51:00,55400,55500,55400,55400,152
2026-03-31 14:52:00,55400,55400,55400,55400,378
2026-03-31 14:53:00,55400,55400,55200,55300,1204
2026-03-31 14:54:00,55300,55300,55300,55300,20
2026-03-31 14:55:00,55300,55300,55200,55300,67
2026-03-31 14:56:00,55200,55200,55100,55200,278
2026-03-31 14:57:00,55200,55200,55100,55100,26
2026-03-31 14:58:00,55200,55200,55200,55200,7
2026-03-31 14:59:00,55200,55200,55000,55100,551
2026-03-31 15:00:00,55100,55100,55000,55100,551
2026-03-31 15:01:00,55100,55100,55000,55000,1260
2026-03-31 15:02:00,55000,55100,55000,55100,561
2026-03-31 15:03:00,55000,55100,54900,54900,803
2026-03-31 15:04:00,55000,55100,54900,55100,611
2026-03-31 15:05:00,55000,55000,54900,55000,838
2026-03-31 15:06:00,55000,55000,54800,54800,773
2026-03-31 15:07:00,54800,54900,54800,54900,293
2026-03-31 15:08:00,54800,54900,54800,54900,259
2026-03-31 15:09:00,54800,54800,54700,54700,1063
2026-03-31 15:10:00,54700,54800,54600,54600,1366
2026-03-31 15:11:00,54600,54600,54500,54600,674
2026-03-31 15:12:00,54500,54600,54500,54500,476
2026-03-31 15:13:00,54500,54600,54500,54500,718
2026-03-31 15:14:00,54600,54600,54500,54500,508
2026-03-31 15:15:00,54500,54600,54400,54500,690
2026-03-31 15:16:00,54500,54700,54500,54600,249
2026-03-31 15:17:00,54600,54700,54600,54700,551
2026-03-31 15:18:00,54600,54900,54600,54700,754
2026-03-31 15:19:00,54700,54800,54600,54800,673
2026-03-31 15:30:00,54700,54700,54700,54700,3192
2026-03-31 15:35:00,54700,54700,54700,54700,4
2026-04-01 09:00:00,56600,56900,56600,56700,3970
2026-04-01 09:01:00,56700,56900,56600,56700,1094
2026-04-01 09:02:00,56800,56900,56500,56600,1434
2026-04-01 09:03:00,56500,56500,56300,56400,775
2026-04-01 09:04:00,56400,56500,56300,56300,446
2026-04-01 09:05:00,56400,56900,56300,56900,877
2026-04-01 09:06:00,56700,56900,56700,56900,627
2026-04-01 09:07:00,56900,57100,56900,57000,956
2026-04-01 09:08:00,57100,57200,56900,57000,1430
2026-04-01 09:09:00,57000,57000,56900,57000,337
2026-04-01 09:10:00,57000,57200,57000,57000,894
2026-04-01 09:11:00,57000,57100,56900,56900,329
2026-04-01 09:12:00,56900,57000,56800,56900,202
2026-04-01 09:13:00,56800,57000,56800,56800,62
2026-04-01 09:14:00,56900,57000,56900,56900,152
2026-04-01 09:15:00,56900,56900,56800,56800,53
2026-04-01 09:16:00,56800,56900,56800,56900,110
2026-04-01 09:17:00,56800,56900,56700,56800,155
2026-04-01 09:18:00,56800,56900,56700,56800,423
2026-04-01 09:19:00,56800,56900,56600,56800,854
2026-04-01 09:20:00,56800,56900,56700,56800,116
2026-04-01 09:21:00,56700,56800,56700,56700,135
2026-04-01 09:22:00,56800,56800,56600,56700,53
2026-04-01 09:23:00,56600,56600,56500,56600,316
2026-04-01 09:24:00,56700,56700,56600,56600,389
2026-04-01 09:25:00,56600,56600,56500,56600,153
2026-04-01 09:26:00,56600,56700,56600,56600,310
2026-04-01 09:27:00,56600,56900,56600,56800,926
2026-04-01 09:28:00,56900,56900,56800,56900,96
2026-04-01 09:29:00,56900,57100,56900,57100,660
2026-04-01 09:30:00,57100,57100,56900,57000,148
2026-04-01 09:31:00,57100,57100,56800,57000,127
2026-04-01 09:32:00,57000,57100,57000,57000,408
2026-04-01 09:33:00,57000,57100,56900,57100,591
2026-04-01 09:34:00,57100,57200,57100,57100,445
2026-04-01 09:35:00,57100,57200,57100,57200,446
2026-04-01 09:36:00,57100,57100,56900,56900,499
2026-04-01 09:37:00,57000,57100,57000,57100,283
2026-04-01 09:38:00,57100,57100,57100,57100,5
2026-04-01 09:39:00,57000,57100,57000,57100,142
2026-04-01 09:40:00,57100,57100,57000,57100,255
2026-04-01 09:41:00,57100,57200,57000,57100,549
2026-04-01 09:42:00,57100,57200,57100,57200,47
2026-04-01 09:43:00,57200,57500,57200,57400,3023
2026-04-01 09:44:00,57400,57500,57300,57400,451
2026-04-01 09:45:00,57500,57500,57400,57400,187
2026-04-01 09:46:00,57400,57500,57000,57200,339
2026-04-01 09:47:00,57400,57400,57300,57300,366
2026-04-01 09:48:00,57300,57400,57200,57400,233
2026-04-01 09:49:00,57400,57400,57300,57300,202
2026-04-01 09:50:00,57400,57400,57300,57300,3
2026-04-01 09:51:00,57300,57300,57200,57200,333
2026-04-01 09:52:00,57100,57100,57100,57100,60
2026-04-01 09:53:00,57100,57200,57100,57200,189
2026-04-01 09:54:00,57200,57300,56900,57200,489
2026-04-01 09:55:00,57200,57300,57200,57300,424
2026-04-01 09:56:00,57200,57200,57100,57200,24
2026-04-01 09:57:00,57100,57200,57100,57100,248
2026-04-01 09:58:00,57200,57200,57100,57100,416
2026-04-01 09:59:00,57200,57200,57200,57200,109
2026-04-01 10:00:00,57200,57400,57200,57400,587
2026-04-01 10:01:00,57300,57400,57300,57400,39
2026-04-01 10:02:00,57300,57300,57100,57200,86
2026-04-01 10:03:00,57200,57200,57100,57200,13
2026-04-01 10:04:00,57100,57200,57100,57100,225
2026-04-01 10:05:00,57100,57100,56800,56800,436
2026-04-01 10:06:00,56800,56800,56600,56800,456
2026-04-01 10:07:00,56800,56900,56700,56900,377
2026-04-01 10:08:00,56900,57000,56800,56800,170
2026-04-01 10:09:00,57000,57100,57000,57000,248
2026-04-01 10:10:00,57100,57200,56800,57100,578
2026-04-01 10:11:00,56900,56900,56900,56900,10
2026-04-01 10:12:00,57000,57000,56900,56900,14
2026-04-01 10:13:00,57000,57000,56800,56800,436
2026-04-01 10:14:00,56800,56900,56700,56700,80
2026-04-01 10:15:00,56800,56800,56800,56800,243
2026-04-01 10:16:00,56800,56900,56800,56900,179
2026-04-01 10:17:00,56900,57000,56900,57000,96
2026-04-01 10:18:00,57000,57200,56900,57100,317
2026-04-01 10:19:00,57100,57100,56900,57100,257
2026-04-01 10:21:00,57000,57000,56800,56900,1054
2026-04-01 10:22:00,56800,56900,56800,56900,38
2026-04-01 10:23:00,56800,56800,56800,56800,39
2026-04-01 10:24:00,56800,56900,56800,56900,382
2026-04-01 10:25:00,56900,56900,56900,56900,10
2026-04-01 10:26:00,56900,56900,56900,56900,140
2026-04-01 10:27:00,57000,57100,56800,56900,318
2026-04-01 10:28:00,56900,57200,56900,57000,321
2026-04-01 10:29:00,57000,57200,56900,56900,100
2026-04-01 10:30:00,57100,57100,57100,57100,11
2026-04-01 10:31:00,57000,57100,57000,57000,73
2026-04-01 10:32:00,57100,57100,57000,57100,109
2026-04-01 10:33:00,57000,57100,56800,57100,258
2026-04-01 10:34:00,57100,57100,57100,57100,82
2026-04-01 10:35:00,57100,57200,57100,57100,200
2026-04-01 10:36:00,57100,57200,57100,57100,131
2026-04-01 10:37:00,57100,57100,57100,57100,116
2026-04-01 10:38:00,57100,57100,57100,57100,98
2026-04-01 10:39:00,57100,57100,57100,57100,10
2026-04-01 10:40:00,57100,57100,57000,57000,132
2026-04-01 10:41:00,57100,57100,57000,57000,109
2026-04-01 10:42:00,57100,57300,57100,57300,778
2026-04-01 10:43:00,57200,57300,57100,57300,192
2026-04-01 10:44:00,57200,57200,57100,57100,72
2026-04-01 10:45:00,57100,57100,57100,57100,183
2026-04-01 10:46:00,57100,57100,57100,57100,138
2026-04-01 10:47:00,57100,57100,57100,57100,23
2026-04-01 10:48:00,57200,57200,57200,57200,102
2026-04-01 10:49:00,57200,57300,57200,57200,193
2026-04-01 10:50:00,57200,57300,57100,57300,174
2026-04-01 10:51:00,57300,57300,57200,57200,279
2026-04-01 10:52:00,57300,57300,57300,57300,108
2026-04-01 10:54:00,57300,57400,57300,57300,334
2026-04-01 10:55:00,57200,57300,57200,57300,96
2026-04-01 10:56:00,57200,57200,57200,57200,10
2026-04-01 10:57:00,57200,57300,57200,57300,6
2026-04-01 10:58:00,57200,57200,57200,57200,106
2026-04-01 10:59:00,57200,57200,57100,57100,13
2026-04-01 11:00:00,57200,57200,57000,57100,362
2026-04-01 11:01:00,57100,57100,57100,57100,454
2026-04-01 11:02:00,57200,57200,57200,57200,1
2026-04-01 11:03:00,57100,57100,57100,57100,40
2026-04-01 11:04:00,57100,57100,57100,57100,189
2026-04-01 11:05:00,57100,57200,57100,57200,86
2026-04-01 11:06:00,57000,57000,57000,57000,3
2026-04-01 11:08:00,57100,57100,57100,57100,355
2026-04-01 11:09:00,57100,57100,57000,57100,39
2026-04-01 11:10:00,57000,57000,57000,57000,192
2026-04-01 11:11:00,56900,56900,56800,56800,598
2026-04-01 11:12:00,56900,57000,56800,56900,190
2026-04-01 11:13:00,56900,56900,56850,56850,53
2026-04-01 11:14:00,56900,57000,56900,57000,156
2026-04-01 11:15:00,56900,57000,56900,56900,25
2026-04-01 11:16:00,57000,57000,56900,57000,9
2026-04-01 11:17:00,57000,57000,57000,57000,82
2026-04-01 11:19:00,57000,57000,57000,57000,1
2026-04-01 11:21:00,57000,57000,56900,56900,138
2026-04-01 11:22:00,57000,57000,57000,57000,5
2026-04-01 11:23:00,57000,57000,57000,57000,10
2026-04-01 11:24:00,56900,56900,56900,56900,14
2026-04-01 11:25:00,56900,56900,56900,56900,33
2026-04-01 11:26:00,57000,57000,57000,57000,3
2026-04-01 11:29:00,56900,57000,56900,57000,14
2026-04-01 11:30:00,56900,56900,56900,56900,176
2026-04-01 11:31:00,56800,56900,56800,56900,598
2026-04-01 11:33:00,56800,56800,56800,56800,300
2026-04-01 11:35:00,56800,56800,56800,56800,31
2026-04-01 11:36:00,56900,57100,56900,57000,799
2026-04-01 11:37:00,57000,57000,57000,57000,280
2026-04-01 11:38:00,57000,57100,57000,57100,91
2026-04-01 11:41:00,57100,57100,57000,57100,78
2026-04-01 11:42:00,57100,57100,57100,57100,117
2026-04-01 11:43:00,57100,57100,57100,57100,16
2026-04-01 11:45:00,57100,57200,57100,57200,267
2026-04-01 11:46:00,57200,57300,57200,57200,373
2026-04-01 11:47:00,57200,57300,57200,57300,2
2026-04-01 11:49:00,57300,57300,57200,57200,181
2026-04-01 11:50:00,57200,57200,57100,57100,146
2026-04-01 11:51:00,57100,57100,57100,57100,63
2026-04-01 11:53:00,57000,57000,57000,57000,81
2026-04-01 11:55:00,57000,57000,57000,57000,60
2026-04-01 11:56:00,56900,56900,56900,56900,358
2026-04-01 11:57:00,56900,56900,56900,56900,235
2026-04-01 11:58:00,56900,56900,56900,56900,66
2026-04-01 11:59:00,57000,57000,57000,57000,14
2026-04-01 12:00:00,56900,56900,56900,56900,43
2026-04-01 12:01:00,56900,56900,56900,56900,27
2026-04-01 12:02:00,56900,56900,56900,56900,76
2026-04-01 12:03:00,57000,57000,57000,57000,1
2026-04-01 12:04:00,57000,57000,57000,57000,41
2026-04-01 12:06:00,56900,57000,56900,57000,71
2026-04-01 12:07:00,57000,57000,56900,56900,2
2026-04-01 12:08:00,57000,57000,56900,56900,186
2026-04-01 12:09:00,56900,56900,56900,56900,3
2026-04-01 12:10:00,56900,56900,56900,56900,99
2026-04-01 12:12:00,56900,56900,56900,56900,5
2026-04-01 12:13:00,56900,56900,56900,56900,16
2026-04-01 12:14:00,56900,56900,56800,56800,82
2026-04-01 12:15:00,56800,56900,56800,56900,140
2026-04-01 12:16:00,56900,56900,56800,56800,225
2026-04-01 12:18:00,56800,56800,56800,56800,20
2026-04-01 12:19:00,56800,56800,56800,56800,209
2026-04-01 12:20:00,56900,56900,56900,56900,10
2026-04-01 12:21:00,56900,56900,56800,56800,110
2026-04-01 12:22:00,56900,56900,56800,56900,198
2026-04-01 12:23:00,56900,56900,56900,56900,237
2026-04-01 12:24:00,56900,56900,56900,56900,116
2026-04-01 12:25:00,56900,56900,56900,56900,64
2026-04-01 12:26:00,56900,56900,56900,56900,1
2026-04-01 12:27:00,56900,56900,56900,56900,25
2026-04-01 12:28:00,56900,56900,56900,56900,368
2026-04-01 12:29:00,56900,56900,56900,56900,40
2026-04-01 12:30:00,57000,57000,57000,57000,1
2026-04-01 12:31:00,56900,57100,56900,56900,431
2026-04-01 12:32:00,57000,57000,57000,57000,77
2026-04-01 12:33:00,57000,57000,57000,57000,12
2026-04-01 12:34:00,57000,57100,56900,56900,409
2026-04-01 12:37:00,57000,57000,57000,57000,5
2026-04-01 12:38:00,56900,57000,56900,57000,51
2026-04-01 12:39:00,57000,57000,57000,57000,50
2026-04-01 12:40:00,57000,57000,57000,57000,144
2026-04-01 12:41:00,57000,57000,57000,57000,1
2026-04-01 12:44:00,57000,57000,57000,57000,1
2026-04-01 12:45:00,57000,57000,56900,56900,26
2026-04-01 12:46:00,56900,56900,56900,56900,19
2026-04-01 12:47:00,57000,57000,57000,57000,284
2026-04-01 12:48:00,57000,57100,57000,57000,61
2026-04-01 12:49:00,57100,57200,57100,57200,196
2026-04-01 12:50:00,57100,57100,57100,57100,90
2026-04-01 12:51:00,57100,57100,57100,57100,56
2026-04-01 12:52:00,57100,57200,57100,57100,149
2026-04-01 12:54:00,57100,57200,57100,57200,100
2026-04-01 12:57:00,57100,57100,57100,57100,101
2026-04-01 12:58:00,57100,57100,56700,57000,917
2026-04-01 12:59:00,56800,57200,56800,57200,204
2026-04-01 13:00:00,57200,57200,57200,57200,137
2026-04-01 13:03:00,57000,57000,57000,57000,7
2026-04-01 13:04:00,57100,57100,57000,57000,142
2026-04-01 13:05:00,57100,57100,57000,57000,92
2026-04-01 13:06:00,57100,57100,57000,57000,60
2026-04-01 13:07:00,57100,57100,57100,57100,131
2026-04-01 13:09:00,56900,56900,56900,56900,21
2026-04-01 13:10:00,56900,57000,56900,57000,48
2026-04-01 13:11:00,57000,57000,57000,57000,159
2026-04-01 13:12:00,57000,57000,57000,57000,78
2026-04-01 13:13:00,57000,57000,57000,57000,19
2026-04-01 13:14:00,56900,56900,56900,56900,176
2026-04-01 13:16:00,57000,57000,57000,57000,2
2026-04-01 13:17:00,57000,57000,57000,57000,149
2026-04-01 13:18:00,57000,57000,56900,57000,41
2026-04-01 13:20:00,57000,57000,56900,57000,210
2026-04-01 13:21:00,57000,57000,57000,57000,3
2026-04-01 13:23:00,56900,56900,56900,56900,17
2026-04-01 13:24:00,57000,57000,57000,57000,147
2026-04-01 13:25:00,57100,57100,57100,57100,9
2026-04-01 13:26:00,57100,57100,57000,57000,91
2026-04-01 13:27:00,57000,57000,57000,57000,1
2026-04-01 13:28:00,57100,57100,57100,57100,22
2026-04-01 13:29:00,57100,57100,57100,57100,214
2026-04-01 13:30:00,57100,57200,57100,57100,158
2026-04-01 13:31:00,57100,57200,57100,57200,187
2026-04-01 13:32:00,57100,57100,57100,57100,5
2026-04-01 13:33:00,57100,57200,57100,57200,92
2026-04-01 13:35:00,57100,57200,57100,57200,86
2026-04-01 13:36:00,57100,57100,57100,57100,75
2026-04-01 13:37:00,57100,57200,57100,57100,303
2026-04-01 13:38:00,57100,57100,57100,57100,53
2026-04-01 13:39:00,57100,57100,57100,57100,85
2026-04-01 13:40:00,57100,57200,57100,57200,131
2026-04-01 13:41:00,57200,57200,57100,57100,106
2026-04-01 13:42:00,57100,57100,57100,57100,42
2026-04-01 13:43:00,57100,57100,57100,57100,13
2026-04-01 13:44:00,57200,57200,57100,57100,97
2026-04-01 13:47:00,57100,57200,57100,57100,183
2026-04-01 13:48:00,57100,57200,57100,57200,32
2026-04-01 13:49:00,57200,57200,57100,57100,92
2026-04-01 13:50:00,57200,57200,57150,57150,51
2026-04-01 13:51:00,57100,57100,57100,57100,151
2026-04-01 13:52:00,57200,57200,57200,57200,66
2026-04-01 13:53:00,57200,57200,57100,57100,415
2026-04-01 13:54:00,57100,57100,57100,57100,102
2026-04-01 13:56:00,57000,57000,57000,57000,200
2026-04-01 13:57:00,57000,57100,57000,57000,266
2026-04-01 13:58:00,57000,57000,57000,57000,84
2026-04-01 13:59:00,57000,57000,57000,57000,114
2026-04-01 14:00:00,57000,57000,57000,57000,10
2026-04-01 14:01:00,57100,57100,57100,57100,66
2026-04-01 14:02:00,57100,57100,57000,57000,12
2026-04-01 14:03:00,57000,57000,57000,57000,88
2026-04-01 14:04:00,57100,57100,57100,57100,138
2026-04-01 14:05:00,57100,57100,57100,57100,92
2026-04-01 14:06:00,57100,57100,57100,57100,82
2026-04-01 14:07:00,57100,57200,57100,57200,576
2026-04-01 14:08:00,57200,57300,57100,57200,617
2026-04-01 14:09:00,57200,57200,57100,57100,318
2026-04-01 14:10:00,57100,57300,57100,57300,451
2026-04-01 14:11:00,57200,57300,57200,57300,451
2026-04-01 14:12:00,57300,57300,57100,57300,402
2026-04-01 14:13:00,57300,57500,57300,57400,1837
2026-04-01 14:14:00,57500,57500,57200,57200,695
2026-04-01 14:15:00,57200,57300,57200,57300,69
2026-04-01 14:16:00,57300,57300,57300,57300,8
2026-04-01 14:17:00,57300,57300,57300,57300,31
2026-04-01 14:18:00,57300,57400,57300,57400,199
2026-04-01 14:19:00,57400,57400,57300,57300,18
2026-04-01 14:20:00,57300,57300,57300,57300,10
2026-04-01 14:21:00,57300,57300,57300,57300,14
2026-04-01 14:22:00,57300,57300,57300,57300,100
2026-04-01 14:23:00,57300,57300,57300,57300,7
2026-04-01 14:24:00,57300,57300,57300,57300,126
2026-04-01 14:25:00,57400,57400,57300,57400,423
2026-04-01 14:26:00,57300,57400,57300,57400,135
2026-04-01 14:27:00,57400,57500,57300,57500,833
2026-04-01 14:28:00,57400,57500,57300,57300,1272
2026-04-01 14:29:00,57500,57500,57400,57400,21
2026-04-01 14:31:00,57500,57500,57400,57400,420
2026-04-01 14:32:00,57500,57600,57300,57500,367
2026-04-01 14:33:00,57500,57500,57500,57500,225
2026-04-01 14:34:00,57500,57700,57300,57600,386
2026-04-01 14:35:00,57600,57600,57300,57500,103
2026-04-01 14:36:00,57600,57600,57200,57200,156
2026-04-01 14:37:00,57600,57700,57600,57700,88
2026-04-01 14:38:00,57400,57600,57200,57600,274
2026-04-01 14:39:00,57500,57500,57500,57500,50
2026-04-01 14:40:00,57500,57600,57500,57500,88
2026-04-01 14:41:00,57500,57500,57400,57400,226
2026-04-01 14:42:00,57400,57500,57300,57500,245
2026-04-01 14:43:00,57400,57500,57400,57500,32
2026-04-01 14:44:00,57450,57450,57400,57400,2
2026-04-01 14:45:00,57500,57500,57400,57500,127
2026-04-01 14:46:00,57500,57600,57500,57500,523
2026-04-01 14:47:00,57600,57800,57500,57700,2994
2026-04-01 14:48:00,57700,57700,57700,57700,819
2026-04-01 14:49:00,57800,57900,57800,57900,1627
2026-04-01 14:50:00,57900,58000,57800,57900,902
2026-04-01 14:51:00,58000,58000,57900,57900,769
2026-04-01 14:52:00,57900,58200,57900,58100,1797
2026-04-01 14:53:00,58000,58100,57900,58000,932
2026-04-01 14:54:00,58000,58000,57900,58000,228
2026-04-01 14:55:00,58000,58000,57800,57900,283
2026-04-01 14:56:00,57800,58000,57800,57900,551
2026-04-01 14:57:00,57900,57900,57800,57800,266
2026-04-01 14:58:00,57700,57900,57700,57700,609
2026-04-01 14:59:00,57800,57900,57800,57900,262
2026-04-01 15:00:00,57800,57900,57800,57800,177
2026-04-01 15:01:00,57800,57900,57800,57900,272
2026-04-01 15:02:00,57900,58000,57800,57900,620
2026-04-01 15:03:00,57900,58100,57800,58100,725
2026-04-01 15:04:00,57800,57900,57700,57900,644
2026-04-01 15:05:00,57800,57800,57700,57800,385
2026-04-01 15:06:00,57800,57800,57700,57800,75
2026-04-01 15:07:00,57800,57800,57600,57600,221
2026-04-01 15:08:00,57600,57700,57600,57600,127
2026-04-01 15:09:00,57600,57700,57600,57700,156
2026-04-01 15:10:00,57600,57700,57600,57700,146
2026-04-01 15:11:00,57700,57700,57600,57700,343
2026-04-01 15:12:00,57700,57700,57700,57700,164
2026-04-01 15:13:00,57700,57700,57600,57600,140
2026-04-01 15:14:00,57600,57600,57400,57500,567
2026-04-01 15:15:00,57400,57400,57400,57400,101
2026-04-01 15:16:00,57400,57500,57400,57500,296
2026-04-01 15:17:00,57500,57600,57500,57600,233
2026-04-01 15:18:00,57500,57600,57500,57600,326
2026-04-01 15:19:00,57500,57500,57400,57400,311
2026-04-01 15:30:00,57300,57300,57300,57300,2952
2026-04-01 15:35:00,57300,57300,57300,57300,1
2026-04-02 09:00:00,58700,58700,57800,57900,3229
2026-04-02 09:01:00,57900,58000,57700,58000,1776
2026-04-02 09:02:00,58000,58400,57800,58200,847
2026-04-02 09:03:00,58200,58600,58100,58300,503
2026-04-02 09:04:00,58100,58500,57900,58500,575
2026-04-02 09:05:00,58200,58200,57700,57800,816
2026-04-02 09:06:00,57700,57900,57700,57700,165
2026-04-02 09:07:00,57700,57700,57500,57700,876
2026-04-02 09:08:00,57700,57700,57400,57400,688
2026-04-02 09:09:00,57400,57700,57400,57700,1403
2026-04-02 09:10:00,57900,57900,57800,57800,34
2026-04-02 09:11:00,57800,57800,57700,57800,281
2026-04-02 09:12:00,57600,57900,57600,57700,78
2026-04-02 09:13:00,57600,57800,57600,57800,277
2026-04-02 09:14:00,57800,57900,57600,57900,358
2026-04-02 09:15:00,57900,57900,57800,57800,149
2026-04-02 09:16:00,57900,58100,57900,58100,247
2026-04-02 09:17:00,58000,58000,57900,57900,351
2026-04-02 09:18:00,57900,57900,57800,57800,352
2026-04-02 09:19:00,57800,57800,57800,57800,247
2026-04-02 09:20:00,57800,57900,57800,57800,107
2026-04-02 09:21:00,57800,57800,57700,57700,110
2026-04-02 09:22:00,57700,57700,57600,57600,98
2026-04-02 09:23:00,57700,57700,57600,57600,347
2026-04-02 09:24:00,57600,57800,57500,57800,180
2026-04-02 09:25:00,57600,57800,57600,57700,51
2026-04-02 09:26:00,57700,57800,57600,57700,366
2026-04-02 09:27:00,57700,57800,57700,57800,156
2026-04-02 09:28:00,57800,57800,57800,57800,125
2026-04-02 09:29:00,57800,57800,57700,57800,203
2026-04-02 09:30:00,57700,57800,57700,57800,69
2026-04-02 09:31:00,57800,57800,57700,57700,557
2026-04-02 09:32:00,57700,57700,57600,57700,274
2026-04-02 09:33:00,57700,57700,57600,57600,185
2026-04-02 09:34:00,57600,57600,57600,57600,58
2026-04-02 09:35:00,57700,57700,57700,57700,19
2026-04-02 09:36:00,57700,57700,57700,57700,189
2026-04-02 09:37:00,57600,57600,57400,57400,534
2026-04-02 09:38:00,57500,57500,57400,57400,620
2026-04-02 09:39:00,57400,57400,57400,57400,140
2026-04-02 09:40:00,57400,57400,57400,57400,114
2026-04-02 09:41:00,57400,57400,57300,57400,285
2026-04-02 09:42:00,57400,57400,57300,57400,632
2026-04-02 09:43:00,57400,57400,57400,57400,325
2026-04-02 09:44:00,57400,57500,57400,57500,335
2026-04-02 09:45:00,57500,57500,57300,57300,1098
2026-04-02 09:46:00,57300,57300,57300,57300,91
2026-04-02 09:47:00,57300,57300,57200,57200,1930
2026-04-02 09:48:00,57200,57200,57200,57200,120
2026-04-02 09:49:00,57300,57300,57200,57200,233
2026-04-02 09:50:00,57200,57300,57200,57300,311
2026-04-02 09:51:00,57200,57300,57200,57200,119
2026-04-02 09:52:00,57200,57300,57200,57300,100
2026-04-02 09:53:00,57300,57300,57300,57300,575
2026-04-02 09:54:00,57300,57300,57200,57300,369
2026-04-02 09:55:00,57300,57300,57200,57300,227
2026-04-02 09:56:00,57300,57300,57300,57300,471
2026-04-02 09:57:00,57400,57400,57200,57200,201
2026-04-02 09:58:00,57400,57600,57400,57600,566
2026-04-02 09:59:00,57600,57600,57400,57500,158
2026-04-02 10:00:00,57500,57500,57200,57200,554
2026-04-02 10:01:00,57200,57350,57200,57300,247
2026-04-02 10:02:00,57400,57400,57200,57300,676
2026-04-02 10:03:00,57300,57300,56800,57000,1788
2026-04-02 10:04:00,57000,57000,56800,57000,376
2026-04-02 10:05:00,57000,57000,56800,56900,446
2026-04-02 10:06:00,56900,56900,56500,56500,1218
2026-04-02 10:07:00,56500,56700,56500,56500,527
2026-04-02 10:08:00,56600,56900,56600,56700,637
2026-04-02 10:09:00,56900,57600,56800,57100,284
2026-04-02 10:10:00,57000,57500,56900,57400,377
2026-04-02 10:11:00,57400,57400,57100,57300,154
2026-04-02 10:12:00,57300,57300,57100,57100,141
2026-04-02 10:13:00,57100,57100,57000,57000,299
2026-04-02 10:14:00,57000,57100,56800,56800,233
2026-04-02 10:15:00,56800,56800,56800,56800,137
2026-04-02 10:16:00,56900,57000,56800,57000,191
2026-04-02 10:17:00,56900,56900,56500,56500,1010
2026-04-02 10:18:00,56500,56800,56200,56300,1993
2026-04-02 10:19:00,56300,56300,56000,56200,938
2026-04-02 10:20:00,56300,56500,56200,56200,922
2026-04-02 10:21:00,56500,56500,56100,56100,721
2026-04-02 10:22:00,56200,56400,56100,56200,789
2026-04-02 10:23:00,56100,56400,56100,56400,268
2026-04-02 10:24:00,56400,56400,56000,56200,1208
2026-04-02 10:25:00,56200,56200,55600,55900,1940
2026-04-02 10:26:00,55600,56400,55500,55900,616
2026-04-02 10:27:00,56200,56400,56000,56400,385
2026-04-02 10:28:00,56300,56300,55900,56300,414
2026-04-02 10:29:00,56200,56300,56000,56300,969
2026-04-02 10:30:00,56200,56200,55800,56000,414
2026-04-02 10:31:00,56100,56100,55800,55800,333
2026-04-02 10:32:00,55800,55800,55500,55500,927
2026-04-02 10:33:00,55500,55700,55400,55600,452
2026-04-02 10:34:00,55700,55900,55600,55800,276
2026-04-02 10:35:00,55700,56100,55700,56000,168
2026-04-02 10:36:00,56000,56000,55700,56000,256
2026-04-02 10:37:00,56000,56100,56000,56000,70
2026-04-02 10:38:00,56000,56100,55700,55700,1023
2026-04-02 10:39:00,55800,56000,55600,55700,374
2026-04-02 10:40:00,55700,55700,55600,55600,401
2026-04-02 10:41:00,55800,55800,55400,55400,1888
2026-04-02 10:42:00,55500,55700,55500,55700,870
2026-04-02 10:43:00,55500,55700,55500,55500,391
2026-04-02 10:44:00,55500,55600,55200,55500,1111
2026-04-02 10:45:00,55400,55500,55200,55400,148
2026-04-02 10:46:00,55400,55500,55200,55300,1609
2026-04-02 10:47:00,55300,55500,55000,55200,3973
2026-04-02 10:48:00,55300,55300,55300,55300,142
2026-04-02 10:49:00,55300,55500,55300,55400,263
2026-04-02 10:50:00,55500,55700,55500,55700,739
2026-04-02 10:51:00,55700,55700,55500,55600,398
2026-04-02 10:52:00,55600,55700,55400,55700,582
2026-04-02 10:53:00,55700,55800,55500,55600,410
2026-04-02 10:54:00,55600,55600,55200,55300,1043
2026-04-02 10:55:00,55300,55500,55300,55500,115
2026-04-02 10:56:00,55600,55600,55400,55500,221
2026-04-02 10:57:00,55500,55700,55500,55500,123
2026-04-02 10:58:00,55500,55700,55400,55500,382
2026-04-02 10:59:00,55500,55500,55400,55400,236
2026-04-02 11:00:00,55400,55500,55400,55500,153
2026-04-02 11:01:00,55500,55500,55200,55200,636
2026-04-02 11:02:00,55200,55300,55200,55300,79
2026-04-02 11:03:00,55300,55300,55200,55200,9
2026-04-02 11:04:00,55200,55300,55000,55100,1102
2026-04-02 11:05:00,55100,55100,55000,55100,230
2026-04-02 11:06:00,55100,55100,54900,55000,2242
2026-04-02 11:07:00,55000,55300,55000,55300,382
2026-04-02 11:08:00,55100,55200,54900,54900,506
2026-04-02 11:09:00,54900,55000,54900,55000,157
2026-04-02 11:10:00,55000,55100,55000,55100,190
2026-04-02 11:11:00,55000,55000,54900,55000,493
2026-04-02 11:12:00,55000,55200,55000,55200,405
2026-04-02 11:13:00,55000,55100,55000,55000,923
2026-04-02 11:14:00,55000,55000,54900,55000,387
2026-04-02 11:15:00,55000,55100,54800,55100,1420
2026-04-02 11:16:00,55100,55100,54800,54800,137
2026-04-02 11:17:00,54900,55300,54900,55200,152
2026-04-02 11:18:00,55000,55100,55000,55100,158
2026-04-02 11:19:00,55100,55200,55000,55100,189
2026-04-02 11:20:00,55000,55100,55000,55000,59
2026-04-02 11:21:00,55000,55000,54900,55000,53
2026-04-02 11:22:00,55000,55000,54900,54900,614
2026-04-02 11:23:00,54800,54800,54800,54800,252
2026-04-02 11:24:00,54850,55000,54850,55000,197
2026-04-02 11:25:00,55000,55000,54900,54900,228
2026-04-02 11:26:00,54900,54900,54900,54900,100
2026-04-02 11:27:00,54900,55000,54700,54800,1183
2026-04-02 11:28:00,54800,54800,54800,54800,344
2026-04-02 11:29:00,54700,54700,54700,54700,100
2026-04-02 11:30:00,54700,54800,54700,54700,446
2026-04-02 11:31:00,54700,54700,54700,54700,496
2026-04-02 11:32:00,54600,54700,54500,54600,1546
2026-04-02 11:33:00,54600,54800,54600,54700,1850
2026-04-02 11:34:00,54800,54900,54700,54900,326
2026-04-02 11:35:00,54900,54900,54700,54700,68
2026-04-02 11:36:00,54700,55000,54700,54700,742
2026-04-02 11:37:00,54700,55000,54600,54600,855
2026-04-02 11:38:00,54600,54700,54600,54600,300
2026-04-02 11:39:00,54600,54600,54500,54600,120
2026-04-02 11:40:00,54600,54700,54600,54700,151
2026-04-02 11:41:00,54700,54900,54700,54700,193
2026-04-02 11:42:00,54700,54800,54700,54800,438
2026-04-02 11:43:00,54800,54800,54700,54700,32
2026-04-02 11:44:00,54700,54900,54700,54800,159
2026-04-02 11:45:00,54800,54900,54700,54900,146
2026-04-02 11:46:00,54900,54900,54800,54900,468
2026-04-02 11:47:00,54900,54900,54800,54900,184
2026-04-02 11:48:00,54800,54800,54800,54800,6
2026-04-02 11:49:00,54900,54900,54800,54800,824
2026-04-02 11:50:00,54800,54900,54800,54900,54
2026-04-02 11:51:00,54900,54900,54900,54900,22
2026-04-02 11:52:00,54900,55000,54900,55000,157
2026-04-02 11:53:00,55000,55100,54900,54900,360
2026-04-02 11:54:00,55000,55100,55000,55100,3
2026-04-02 11:55:00,55100,55100,55000,55000,159
2026-04-02 11:56:00,55000,55000,54900,54900,110
2026-04-02 11:57:00,55000,55000,54900,55000,161
2026-04-02 11:58:00,54900,54900,54900,54900,194
2026-04-02 11:59:00,55000,55000,54900,54900,18
2026-04-02 12:01:00,54900,54900,54700,54800,892
2026-04-02 12:02:00,54800,54800,54500,54500,3208
2026-04-02 12:03:00,54500,54600,54500,54500,240
2026-04-02 12:04:00,54600,54700,54600,54700,150
2026-04-02 12:05:00,54600,54700,54600,54700,175
2026-04-02 12:06:00,54700,54800,54700,54700,383
2026-04-02 12:07:00,54800,54800,54800,54800,4
2026-04-02 12:08:00,54800,54800,54800,54800,17
2026-04-02 12:09:00,54800,54800,54700,54700,77
2026-04-02 12:10:00,54800,54800,54800,54800,281
2026-04-02 12:11:00,54800,54800,54700,54700,174
2026-04-02 12:12:00,54700,54700,54700,54700,8
2026-04-02 12:13:00,54700,54700,54700,54700,240
2026-04-02 12:14:00,54700,54700,54700,54700,186
2026-04-02 12:15:00,54800,54800,54800,54800,113
2026-04-02 12:16:00,54800,54800,54800,54800,68
2026-04-02 12:17:00,54800,54800,54800,54800,93
2026-04-02 12:18:00,54800,54800,54800,54800,11
2026-04-02 12:19:00,54900,54900,54800,54800,142
2026-04-02 12:20:00,54800,54800,54700,54800,43
2026-04-02 12:21:00,54800,54800,54800,54800,5
2026-04-02 12:22:00,54800,55000,54800,54800,209
2026-04-02 12:23:00,54800,54900,54800,54900,5
2026-04-02 12:24:00,54900,54900,54800,54800,73
2026-04-02 12:25:00,54800,54800,54800,54800,29
2026-04-02 12:26:00,54800,55000,54800,55000,381
2026-04-02 12:27:00,55000,55000,55000,55000,955
2026-04-02 12:28:00,55000,55000,54900,54900,236
2026-04-02 12:29:00,54900,55100,54900,55100,103
2026-04-02 12:30:00,55000,55100,55000,55100,22
2026-04-02 12:31:00,55000,55000,55000,55000,132
2026-04-02 12:32:00,55100,55100,55100,55100,358
2026-04-02 12:33:00,55000,55000,55000,55000,103
2026-04-02 12:34:00,55100,55100,55000,55000,60
2026-04-02 12:35:00,55000,55000,55000,55000,5
2026-04-02 12:36:00,55100,55100,55100,55100,4
2026-04-02 12:37:00,55000,55000,54800,54800,1103
2026-04-02 12:38:00,54800,54800,54800,54800,72
2026-04-02 12:39:00,54800,54800,54800,54800,44
2026-04-02 12:40:00,54800,54900,54800,54900,54
2026-04-02 12:41:00,54800,54800,54700,54700,117
2026-04-02 12:42:00,54700,54800,54700,54700,318
2026-04-02 12:43:00,54700,54800,54700,54700,387
2026-04-02 12:44:00,54800,54800,54800,54800,279
2026-04-02 12:45:00,54800,54800,54800,54800,239
2026-04-02 12:46:00,54800,54800,54800,54800,89
2026-04-02 12:47:00,54800,54800,54800,54800,625
2026-04-02 12:48:00,54800,54800,54700,54700,439
2026-04-02 12:49:00,54700,54700,54700,54700,22
2026-04-02 12:50:00,54700,54800,54700,54800,110
2026-04-02 12:51:00,54800,54800,54700,54700,332
2026-04-02 12:52:00,54700,54700,54700,54700,480
2026-04-02 12:53:00,54700,54700,54700,54700,4
2026-04-02 12:54:00,54700,54700,54700,54700,31
2026-04-02 12:55:00,54700,54800,54700,54800,4
2026-04-02 12:56:00,54700,54700,54700,54700,180
2026-04-02 12:57:00,54700,54700,54700,54700,59
2026-04-02 12:58:00,54700,54700,54700,54700,54
2026-04-02 12:59:00,54800,54800,54700,54700,69
2026-04-02 13:00:00,54700,54800,54700,54800,55
2026-04-02 13:01:00,54800,54800,54700,54700,51
2026-04-02 13:02:00,54800,54800,54800,54800,163
2026-04-02 13:03:00,54800,54800,54800,54800,6
2026-04-02 13:04:00,54700,54700,54500,54700,2097
2026-04-02 13:05:00,54700,54700,54600,54600,105
2026-04-02 13:06:00,54700,54700,54600,54600,49
2026-04-02 13:07:00,54700,54700,54700,54700,9
2026-04-02 13:08:00,54600,54700,54600,54700,6
2026-04-02 13:09:00,54700,54700,54600,54600,45
2026-04-02 13:10:00,54600,54600,54600,54600,61
2026-04-02 13:11:00,54600,54700,54600,54700,503
2026-04-02 13:12:00,54800,54800,54800,54800,72
2026-04-02 13:13:00,54700,54800,54700,54800,125
2026-04-02 13:14:00,54800,54800,54800,54800,19
2026-04-02 13:15:00,54800,54800,54800,54800,309
2026-04-02 13:16:00,54900,54900,54800,54800,106
2026-04-02 13:17:00,54800,54800,54700,54800,398
2026-04-02 13:18:00,54800,54800,54800,54800,161
2026-04-02 13:19:00,54800,54800,54800,54800,199
2026-04-02 13:20:00,54800,54800,54800,54800,1
2026-04-02 13:21:00,54800,54800,54800,54800,117
2026-04-02 13:22:00,54800,54800,54700,54700,966
2026-04-02 13:23:00,54700,54700,54700,54700,85
2026-04-02 13:24:00,54700,54700,54600,54600,129
2026-04-02 13:25:00,54700,54700,54700,54700,58
2026-04-02 13:26:00,54600,54600,54600,54600,160
2026-04-02 13:27:00,54700,54700,54500,54600,937
2026-04-02 13:28:00,54600,54600,54500,54600,1216
2026-04-02 13:29:00,54600,54700,54600,54700,33
2026-04-02 13:30:00,54700,54700,54600,54600,86
2026-04-02 13:31:00,54600,54700,54600,54700,105
2026-04-02 13:32:00,54700,54700,54700,54700,94
2026-04-02 13:33:00,54700,54700,54700,54700,85
2026-04-02 13:34:00,54700,54700,54700,54700,178
2026-04-02 13:35:00,54700,54700,54600,54600,36
2026-04-02 13:36:00,54600,54600,54500,54600,305
2026-04-02 13:38:00,54500,54500,54500,54500,82
2026-04-02 13:39:00,54500,54600,54500,54500,309
2026-04-02 13:40:00,54500,54500,54400,54400,1165
2026-04-02 13:41:00,54400,54400,54400,54400,21
2026-04-02 13:42:00,54400,54500,54400,54500,592
2026-04-02 13:43:00,54500,54500,54500,54500,83
2026-04-02 13:44:00,54500,54500,54500,54500,33
2026-04-02 13:45:00,54500,54500,54500,54500,154
2026-04-02 13:46:00,54500,54600,54400,54500,3024
2026-04-02 13:47:00,54500,54500,54400,54400,968
2026-04-02 13:48:00,54400,54500,54400,54400,154
2026-04-02 13:49:00,54400,54400,54400,54400,2
2026-04-02 13:50:00,54400,54400,54400,54400,122
2026-04-02 13:51:00,54400,54500,54400,54500,15
2026-04-02 13:52:00,54500,54500,54500,54500,56
2026-04-02 13:53:00,54500,54500,54400,54500,144
2026-04-02 13:54:00,54500,54500,54400,54400,53
2026-04-02 13:55:00,54400,54400,54400,54400,68
2026-04-02 13:56:00,54500,54500,54400,54400,202
2026-04-02 13:57:00,54400,54400,54400,54400,177
2026-04-02 13:58:00,54400,54400,54400,54400,102
2026-04-02 13:59:00,54400,54400,54400,54400,47
2026-04-02 14:00:00,54400,54400,54400,54400,118
2026-04-02 14:01:00,54400,54400,54300,54400,273
2026-04-02 14:02:00,54400,54400,54400,54400,108
2026-04-02 14:03:00,54400,54400,54300,54300,217
2026-04-02 14:04:00,54400,54500,54400,54500,206
2026-04-02 14:05:00,54500,54500,54300,54400,226
2026-04-02 14:06:00,54400,54400,54400,54400,118
2026-04-02 14:07:00,54500,54500,54400,54500,85
2026-04-02 14:08:00,54500,54500,54300,54500,86
2026-04-02 14:09:00,54500,54500,54300,54300,450
2026-04-02 14:10:00,54400,54400,54400,54400,219
2026-04-02 14:11:00,54400,54400,54400,54400,74
2026-04-02 14:12:00,54400,54400,54400,54400,128
2026-04-02 14:13:00,54300,54400,54300,54300,1253
2026-04-02 14:14:00,54300,54300,54200,54300,280
2026-04-02 14:15:00,54300,54400,54300,54300,341
2026-04-02 14:17:00,54300,54300,54300,54300,2
2026-04-02 14:18:00,54300,54400,54300,54400,249
2026-04-02 14:19:00,54300,54300,54300,54300,249
2026-04-02 14:20:00,54300,54400,54300,54400,210
2026-04-02 14:21:00,54300,54300,54200,54300,291
2026-04-02 14:22:00,54300,54300,54300,54300,199
2026-04-02 14:23:00,54300,54300,54300,54300,124
2026-04-02 14:24:00,54300,54400,54300,54300,329
2026-04-02 14:25:00,54400,54400,54400,54400,50
2026-04-02 14:26:00,54300,54400,54300,54400,160
2026-04-02 14:27:00,54400,54500,54400,54400,903
2026-04-02 14:28:00,54500,54500,54400,54400,160
2026-04-02 14:29:00,54400,54700,54400,54500,452
2026-04-02 14:30:00,54600,54600,54500,54600,152
2026-04-02 14:31:00,54500,54500,54400,54400,196
2026-04-02 14:32:00,54400,54400,54400,54400,168
2026-04-02 14:33:00,54400,54500,54200,54400,1355
2026-04-02 14:34:00,54400,54700,54300,54600,501
2026-04-02 14:35:00,54600,54700,54500,54700,247
2026-04-02 14:36:00,54700,54700,54700,54700,123
2026-04-02 14:37:00,54600,54600,54500,54500,81
2026-04-02 14:38:00,54500,54500,54500,54500,45
2026-04-02 14:39:00,54500,54500,54300,54500,344
2026-04-02 14:40:00,54500,54500,54400,54400,428
2026-04-02 14:41:00,54400,54400,54400,54400,461
2026-04-02 14:42:00,54400,54400,54200,54200,1128
2026-04-02 14:43:00,54200,54300,54100,54200,882
2026-04-02 14:44:00,54200,54200,54000,54100,1183
2026-04-02 14:45:00,54100,54100,54000,54000,141
2026-04-02 14:46:00,54000,54100,54000,54000,248
2026-04-02 14:47:00,54000,54000,53800,53900,3350
2026-04-02 14:48:00,53900,54000,53900,53900,192
2026-04-02 14:49:00,53900,53900,53800,53900,263
2026-04-02 14:50:00,53800,53900,53500,53600,2345
2026-04-02 14:51:00,53700,53800,53700,53700,187
2026-04-02 14:52:00,53700,53800,53700,53800,148
2026-04-02 14:53:00,53700,53700,53600,53700,257
2026-04-02 14:54:00,53600,53700,53500,53600,775
2026-04-02 14:55:00,53600,53600,53500,53600,508
2026-04-02 14:56:00,53600,53700,53500,53500,1568
2026-04-02 14:57:00,53500,53500,53400,53500,194
2026-04-02 14:58:00,53500,53500,53200,53400,988
2026-04-02 14:59:00,53400,53400,53300,53300,651
2026-04-02 15:00:00,53300,53400,53200,53300,1309
2026-04-02 15:01:00,53200,53400,53200,53300,1299
2026-04-02 15:02:00,53300,53300,53200,53200,1090
2026-04-02 15:03:00,53200,53300,53100,53100,226
2026-04-02 15:04:00,53200,53400,53100,53200,1132
2026-04-02 15:05:00,53200,53200,53200,53200,306
2026-04-02 15:06:00,53200,53500,53200,53500,2224
2026-04-02 15:07:00,53400,53400,53300,53400,993
2026-04-02 15:08:00,53300,53600,53300,53600,1061
2026-04-02 15:09:00,53500,53500,53300,53300,556
2026-04-02 15:10:00,53400,53500,53300,53500,746
2026-04-02 15:11:00,53500,53500,53400,53400,540
2026-04-02 15:12:00,53400,53400,53300,53300,56
2026-04-02 15:13:00,53400,53400,53200,53200,1185
2026-04-02 15:14:00,53300,53300,53100,53300,722
2026-04-02 15:15:00,53300,53300,53200,53300,746
2026-04-02 15:16:00,53400,53600,53400,53500,792
2026-04-02 15:17:00,53500,53600,53400,53600,658
2026-04-02 15:18:00,53600,53600,53500,53600,431
2026-04-02 15:19:00,53600,53600,53300,53400,539
2026-04-02 15:30:00,53900,53900,53900,53900,3201
2026-04-02 15:35:00,53900,53900,53900,53900,37
2026-04-03 09:00:00,54700,54900,54700,54900,1079
2026-04-03 09:01:00,54900,55200,54800,54800,716
2026-04-03 09:02:00,54900,55000,54700,54700,366
2026-04-03 09:03:00,54700,54800,54600,54800,609
2026-04-03 09:04:00,54700,54700,54600,54700,436
2026-04-03 09:05:00,54700,54900,54700,54900,605
2026-04-03 09:06:00,54900,55000,54900,54900,211
2026-04-03 09:07:00,54800,54800,54600,54800,961
2026-04-03 09:08:00,54800,54800,54600,54700,256
2026-04-03 09:09:00,54900,54900,54700,54700,92
2026-04-03 09:10:00,54700,54800,54500,54600,1261
2026-04-03 09:11:00,54600,54700,54500,54600,125
2026-04-03 09:12:00,54600,54600,54400,54400,1250
2026-04-03 09:13:00,54400,54500,54400,54400,200
2026-04-03 09:14:00,54400,54500,54400,54400,1030
2026-04-03 09:15:00,54400,54500,54400,54400,96
2026-04-03 09:16:00,54400,54400,54400,54400,202
2026-04-03 09:17:00,54300,54400,54300,54400,259
2026-04-03 09:18:00,54400,54500,54400,54500,94
2026-04-03 09:19:00,54400,54400,54300,54400,281
2026-04-03 09:20:00,54400,54500,54300,54300,365
2026-04-03 09:21:00,54300,54400,54200,54200,768
2026-04-03 09:22:00,54100,54200,54000,54200,532
2026-04-03 09:23:00,54200,54200,54100,54100,182
2026-04-03 09:24:00,54000,54100,53900,54000,961
2026-04-03 09:25:00,54000,54200,54000,54200,497
2026-04-03 09:26:00,54200,54600,54200,54500,223
2026-04-03 09:27:00,54400,54500,54400,54400,160
2026-04-03 09:28:00,54500,54500,54400,54400,132
2026-04-03 09:29:00,54400,54400,54400,54400,38
2026-04-03 09:30:00,54500,54600,54400,54500,410
2026-04-03 09:31:00,54400,54500,54400,54500,115
2026-04-03 09:32:00,54400,54400,54200,54300,210
2026-04-03 09:33:00,54300,54300,54200,54200,33
2026-04-03 09:34:00,54200,54400,54200,54400,453
2026-04-03 09:35:00,54400,54500,54300,54400,48
2026-04-03 09:36:00,54400,54400,54200,54200,244
2026-04-03 09:37:00,54200,54200,54100,54100,31
2026-04-03 09:38:00,54200,54400,54200,54400,485
2026-04-03 09:39:00,54400,54400,54100,54200,117
2026-04-03 09:40:00,54200,54200,54100,54100,507
2026-04-03 09:41:00,54000,54100,54000,54000,309
2026-04-03 09:42:00,54000,54200,54000,54200,287
2026-04-03 09:43:00,54300,54400,54100,54300,128
2026-04-03 09:44:00,54300,54300,54200,54300,306
2026-04-03 09:45:00,54300,54300,54300,54300,60
2026-04-03 09:46:00,54400,54400,54200,54300,226
2026-04-03 09:47:00,54400,54400,54400,54400,4
2026-04-03 09:48:00,54400,54400,54400,54400,28
2026-04-03 09:49:00,54400,54400,54400,54400,9
2026-04-03 09:50:00,54400,54500,54400,54500,501
2026-04-03 09:51:00,54500,54500,54500,54500,24
2026-04-03 09:52:00,54400,54400,54400,54400,48
2026-04-03 09:53:00,54400,54400,54300,54300,87
2026-04-03 09:54:00,54300,54300,54200,54200,196
2026-04-03 09:55:00,54200,54300,54200,54300,79
2026-04-03 09:56:00,54300,54600,54300,54600,133
2026-04-03 09:57:00,54600,54800,54500,54700,181
2026-04-03 09:58:00,54700,54700,54600,54600,131
2026-04-03 09:59:00,54700,54700,54600,54600,42
2026-04-03 10:00:00,54500,54600,54500,54600,24
2026-04-03 10:01:00,54600,54600,54500,54500,146
2026-04-03 10:02:00,54600,54600,54500,54600,124
2026-04-03 10:03:00,54500,54500,54500,54500,127
2026-04-03 10:04:00,54500,54700,54500,54700,69
2026-04-03 10:05:00,54700,54700,54600,54600,173
2026-04-03 10:06:00,54600,54600,54600,54600,52
2026-04-03 10:07:00,54500,54500,54400,54400,110
2026-04-03 10:08:00,54400,54500,54400,54500,86
2026-04-03 10:09:00,54500,54500,54500,54500,41
2026-04-03 10:10:00,54400,54400,54400,54400,45
2026-04-03 10:11:00,54400,54400,54400,54400,15
2026-04-03 10:12:00,54400,54500,54400,54400,327
2026-04-03 10:13:00,54400,54400,54300,54400,132
2026-04-03 10:14:00,54400,54400,54200,54300,371
2026-04-03 10:15:00,54300,54400,54300,54300,284
2026-04-03 10:16:00,54400,54400,54300,54300,41
2026-04-03 10:17:00,54300,54300,54300,54300,224
2026-04-03 10:18:00,54300,54300,54300,54300,9
2026-04-03 10:19:00,54300,54300,54300,54300,1
2026-04-03 10:20:00,54300,54300,54300,54300,16
2026-04-03 10:21:00,54200,54300,54200,54300,279
2026-04-03 10:22:00,54300,54300,54250,54250,101
2026-04-03 10:23:00,54300,54300,54300,54300,3
2026-04-03 10:24:00,54300,54300,54300,54300,7
2026-04-03 10:25:00,54200,54300,54200,54300,25
2026-04-03 10:26:00,54300,54300,54300,54300,3
2026-04-03 10:27:00,54200,54200,54200,54200,577
2026-04-03 10:28:00,54200,54200,54200,54200,90
2026-04-03 10:29:00,54300,54300,54200,54200,24
2026-04-03 10:30:00,54200,54200,54200,54200,76
2026-04-03 10:31:00,54200,54200,54200,54200,7
2026-04-03 10:32:00,54200,54200,54200,54200,5
2026-04-03 10:33:00,54200,54200,54000,54100,818
2026-04-03 10:34:00,54100,54100,54000,54000,1145
2026-04-03 10:35:00,54000,54000,54000,54000,23
2026-04-03 10:36:00,54000,54000,54000,54000,192
2026-04-03 10:37:00,54000,54100,54000,54000,475
2026-04-03 10:38:00,54000,54000,54000,54000,261
2026-04-03 10:39:00,54100,54100,54000,54000,341
2026-04-03 10:40:00,54000,54100,54000,54000,118
2026-04-03 10:41:00,54000,54000,53900,54000,273
2026-04-03 10:42:00,54000,54000,53900,54000,350
2026-04-03 10:43:00,54000,54100,54000,54100,106
2026-04-03 10:44:00,54100,54100,54100,54100,35
2026-04-03 10:45:00,54100,54100,54000,54000,356
2026-04-03 10:46:00,53900,53900,53700,53700,2263
2026-04-03 10:47:00,53700,53800,53700,53700,609
2026-04-03 10:48:00,53700,53800,53700,53800,474
2026-04-03 10:49:00,53700,53800,53700,53800,297
2026-04-03 10:50:00,54000,54000,53900,53900,370
2026-04-03 10:51:00,53900,53900,53800,53900,316
2026-04-03 10:52:00,53900,53900,53700,53800,196
2026-04-03 10:53:00,53800,53800,53800,53800,1
2026-04-03 10:54:00,53800,53800,53800,53800,138
2026-04-03 10:55:00,53700,54000,53700,54000,514
2026-04-03 10:56:00,53800,53800,53800,53800,409
2026-04-03 10:57:00,53700,53800,53700,53700,604
2026-04-03 10:58:00,53700,53800,53700,53700,293
2026-04-03 10:59:00,53700,53700,53700,53700,224
2026-04-03 11:00:00,53800,53800,53700,53700,104
2026-04-03 11:01:00,53700,53700,53500,53500,2204
2026-04-03 11:02:00,53600,53600,53500,53500,207
2026-04-03 11:03:00,53600,53700,53600,53700,57
2026-04-03 11:04:00,53700,53700,53600,53600,16
2026-04-03 11:05:00,53600,53600,53500,53600,474
2026-04-03 11:06:00,53500,53600,53400,53500,471
2026-04-03 11:07:00,53500,53600,53400,53500,367
2026-04-03 11:08:00,53600,53600,53600,53600,27
2026-04-03 11:09:00,53600,53600,53600,53600,88
2026-04-03 11:10:00,53600,53600,53500,53600,240
2026-04-03 11:11:00,53600,53600,53500,53500,204
2026-04-03 11:12:00,53600,53600,53600,53600,133
2026-04-03 11:13:00,53600,53700,53600,53600,267
2026-04-03 11:14:00,53600,53600,53600,53600,93
2026-04-03 11:15:00,53600,53600,53600,53600,110
2026-04-03 11:16:00,53600,53600,53500,53600,357
2026-04-03 11:17:00,53600,53600,53600,53600,8
2026-04-03 11:18:00,53500,53600,53500,53600,10
2026-04-03 11:19:00,53600,53600,53500,53600,62
2026-04-03 11:20:00,53600,53600,53500,53600,250
2026-04-03 11:21:00,53600,53600,53600,53600,411
2026-04-03 11:22:00,53600,53700,53500,53700,295
2026-04-03 11:23:00,53700,53700,53700,53700,8
2026-04-03 11:24:00,53700,53700,53700,53700,166
2026-04-03 11:25:00,53700,53700,53600,53700,93
2026-04-03 11:26:00,53700,53700,53700,53700,187
2026-04-03 11:27:00,53650,53650,53600,53600,245
2026-04-03 11:28:00,53600,53600,53600,53600,254
2026-04-03 11:29:00,53700,53700,53600,53600,89
2026-04-03 11:31:00,53700,53700,53600,53600,195
2026-04-03 11:32:00,53600,53600,53600,53600,21
2026-04-03 11:33:00,53600,53600,53400,53400,1396
2026-04-03 11:34:00,53500,53500,53500,53500,612
2026-04-03 11:35:00,53500,53600,53400,53500,319
2026-04-03 11:36:00,53500,53600,53500,53600,227
2026-04-03 11:37:00,53500,53500,53300,53300,1920
2026-04-03 11:38:00,53200,53300,53200,53200,802
2026-04-03 11:39:00,53100,53300,53100,53200,833
2026-04-03 11:40:00,53200,53500,53200,53500,228
2026-04-03 11:41:00,53300,53500,53300,53400,233
2026-04-03 11:42:00,53400,53400,53300,53400,8
2026-04-03 11:43:00,53400,53400,53400,53400,1
2026-04-03 11:44:00,53400,53400,53300,53400,185
2026-04-03 11:45:00,53400,53400,53300,53300,110
2026-04-03 11:46:00,53300,53300,53200,53200,126
2026-04-03 11:47:00,53300,53300,53300,53300,84
2026-04-03 11:48:00,53300,53300,53200,53200,40
2026-04-03 11:49:00,53300,53300,53300,53300,23
2026-04-03 11:51:00,53200,53300,53200,53300,487
2026-04-03 11:52:00,53400,53400,53400,53400,75
2026-04-03 11:53:00,53500,53600,53500,53600,82
2026-04-03 11:54:00,53500,53600,53500,53600,63
2026-04-03 11:55:00,53700,53700,53700,53700,100
2026-04-03 11:56:00,53700,53700,53700,53700,321
2026-04-03 11:57:00,53700,53700,53500,53700,66
2026-04-03 11:58:00,53700,53700,53700,53700,19
2026-04-03 11:59:00,53800,53800,53800,53800,8
2026-04-03 12:00:00,53800,53900,53700,53900,267
2026-04-03 12:01:00,53900,54000,53900,53900,92
2026-04-03 12:02:00,53900,53900,53900,53900,79
2026-04-03 12:03:00,53900,53900,53900,53900,27
2026-04-03 12:04:00,53900,53900,53800,53800,71
2026-04-03 12:05:00,53800,53800,53700,53700,232
2026-04-03 12:06:00,53700,53700,53700,53700,24
2026-04-03 12:07:00,53700,53800,53700,53700,10
2026-04-03 12:08:00,53700,53700,53700,53700,8
2026-04-03 12:09:00,53700,53700,53600,53700,83
2026-04-03 12:10:00,53600,53600,53600,53600,12
2026-04-03 12:12:00,53600,53700,53600,53700,6
2026-04-03 12:13:00,53700,53700,53700,53700,39
2026-04-03 12:14:00,53700,53700,53700,53700,16
2026-04-03 12:15:00,53700,53700,53600,53600,315
2026-04-03 12:16:00,53600,53700,53600,53700,6
2026-04-03 12:17:00,53600,53600,53500,53500,97
2026-04-03 12:18:00,53800,53800,53800,53800,1
2026-04-03 12:19:00,53800,53800,53700,53700,221
2026-04-03 12:20:00,53700,53700,53700,53700,151
2026-04-03 12:21:00,53700,53700,53700,53700,5
2026-04-03 12:22:00,53800,53800,53800,53800,248
2026-04-03 12:23:00,53900,53900,53900,53900,4
2026-04-03 12:24:00,53900,53900,53800,53800,44
2026-04-03 12:25:00,53800,53800,53800,53800,5
2026-04-03 12:26:00,53900,53900,53900,53900,100
2026-04-03 12:27:00,53900,53900,53900,53900,407
2026-04-03 12:28:00,53900,53900,53800,53900,233
2026-04-03 12:29:00,53900,53900,53800,53800,81
2026-04-03 12:30:00,53800,53900,53800,53900,17
2026-04-03 12:31:00,53800,53800,53800,53800,10
2026-04-03 12:32:00,53800,53800,53800,53800,5
2026-04-03 12:34:00,53800,53800,53800,53800,32
2026-04-03 12:35:00,53800,53800,53800,53800,15
2026-04-03 12:37:00,53700,53800,53700,53800,65
2026-04-03 12:38:00,53700,53700,53700,53700,47
2026-04-03 12:39:00,53700,53700,53700,53700,2
2026-04-03 12:40:00,53600,53600,53600,53600,210
2026-04-03 12:41:00,53600,53600,53600,53600,82
2026-04-03 12:42:00,53600,53700,53600,53700,33
2026-04-03 12:43:00,53700,53700,53700,53700,10
2026-04-03 12:44:00,53700,53700,53700,53700,9
2026-04-03 12:45:00,53600,53600,53600,53600,1
2026-04-03 12:46:00,53700,53800,53700,53800,453
2026-04-03 12:47:00,53800,53800,53800,53800,51
2026-04-03 12:48:00,53800,53800,53800,53800,26
2026-04-03 12:49:00,53800,53800,53800,53800,12
2026-04-03 12:50:00,53700,53800,53600,53700,491
2026-04-03 12:51:00,53700,53700,53700,53700,146
2026-04-03 12:52:00,53700,53800,53700,53700,25
2026-04-03 12:53:00,53800,53800,53700,53800,83
2026-04-03 12:54:00,53800,53800,53700,53700,71
2026-04-03 12:55:00,53700,53800,53700,53700,282
2026-04-03 12:56:00,53900,53900,53800,53800,14
2026-04-03 12:57:00,53900,53900,53800,53800,23
2026-04-03 12:58:00,53900,53900,53900,53900,2
2026-04-03 12:59:00,53900,53900,53900,53900,18
2026-04-03 13:01:00,53900,53900,53900,53900,7
2026-04-03 13:03:00,53800,53800,53800,53800,99
2026-04-03 13:04:00,53800,53800,53800,53800,1
2026-04-03 13:05:00,53800,53800,53800,53800,6
2026-04-03 13:06:00,53800,53800,53700,53700,63
2026-04-03 13:07:00,53700,53800,53700,53800,175
2026-04-03 13:08:00,53800,53800,53800,53800,118
2026-04-03 13:09:00,53900,53900,53900,53900,1
2026-04-03 13:10:00,53900,53900,53900,53900,66
2026-04-03 13:11:00,53800,53800,53800,53800,39
2026-04-03 13:12:00,53800,53800,53700,53800,44
2026-04-03 13:13:00,53800,53800,53700,53700,79
2026-04-03 13:14:00,53700,53700,53700,53700,92
2026-04-03 13:15:00,53700,53700,53700,53700,1
2026-04-03 13:16:00,53700,53700,53700,53700,94
2026-04-03 13:17:00,53800,53800,53800,53800,6
2026-04-03 13:18:00,53800,53800,53600,53800,749
2026-04-03 13:19:00,53800,53800,53700,53700,272
2026-04-03 13:20:00,53800,53800,53700,53700,2
2026-04-03 13:21:00,53800,53800,53800,53800,40
2026-04-03 13:22:00,53800,53800,53700,53700,67
2026-04-03 13:23:00,53700,53700,53700,53700,7
2026-04-03 13:24:00,53700,53700,53700,53700,1
2026-04-03 13:25:00,53700,53700,53700,53700,385
2026-04-03 13:26:00,53700,53700,53700,53700,266
2026-04-03 13:27:00,53700,53700,53700,53700,80
2026-04-03 13:28:00,53700,53700,53700,53700,181
2026-04-03 13:29:00,53700,53700,53700,53700,7
2026-04-03 13:30:00,53700,53700,53700,53700,29
2026-04-03 13:31:00,53700,53700,53650,53650,59
2026-04-03 13:32:00,53650,53700,53650,53700,15
2026-04-03 13:33:00,53700,53700,53600,53700,249
2026-04-03 13:34:00,53700,53700,53600,53700,142
2026-04-03 13:35:00,53600,53700,53600,53600,342
2026-04-03 13:36:00,53600,53600,53600,53600,100
2026-04-03 13:37:00,53600,53600,53500,53600,1017
2026-04-03 13:38:00,53600,53600,53600,53600,15
2026-04-03 13:39:00,53600,53600,53600,53600,95
2026-04-03 13:40:00,53600,53700,53500,53700,326
2026-04-03 13:41:00,53700,53700,53600,53700,77
2026-04-03 13:42:00,53600,53600,53600,53600,108
2026-04-03 13:43:00,53600,53600,53600,53600,19
2026-04-03 13:44:00,53500,53600,53500,53600,16
2026-04-03 13:45:00,53600,53600,53600,53600,259
2026-04-03 13:46:00,53600,53600,53600,53600,1
2026-04-03 13:47:00,53600,53600,53600,53600,2
2026-04-03 13:48:00,53600,53600,53500,53600,37
2026-04-03 13:49:00,53600,53600,53600,53600,22
2026-04-03 13:50:00,53600,53700,53600,53700,25
2026-04-03 13:51:00,53600,53600,53600,53600,157
2026-04-03 13:52:00,53700,53700,53700,53700,89
2026-04-03 13:53:00,53700,53700,53700,53700,6
2026-04-03 13:54:00,53700,53800,53700,53800,499
2026-04-03 13:55:00,53700,53700,53700,53700,6
2026-04-03 13:56:00,53800,53800,53800,53800,14
2026-04-03 13:57:00,53800,53800,53800,53800,189
2026-04-03 13:58:00,53800,53800,53800,53800,17
2026-04-03 13:59:00,53900,53900,53900,53900,19
2026-04-03 14:00:00,53900,53900,53800,53800,17
2026-04-03 14:01:00,53900,53900,53900,53900,9
2026-04-03 14:02:00,53900,53900,53600,53700,665
2026-04-03 14:03:00,53800,53900,53800,53800,18
2026-04-03 14:04:00,53800,53800,53800,53800,30
2026-04-03 14:05:00,53700,53800,53700,53800,87
2026-04-03 14:06:00,53800,53900,53800,53900,169
2026-04-03 14:07:00,53800,53900,53800,53900,58
2026-04-03 14:08:00,53900,53900,53900,53900,4
2026-04-03 14:09:00,53900,53900,53900,53900,72
2026-04-03 14:10:00,53900,54000,53800,53800,693
2026-04-03 14:11:00,53900,53900,53900,53900,14
2026-04-03 14:12:00,53900,53900,53800,53800,161
2026-04-03 14:13:00,53800,53800,53800,53800,100
2026-04-03 14:14:00,53800,53800,53600,53700,465
2026-04-03 14:15:00,53700,53700,53700,53700,34
2026-04-03 14:16:00,53700,53700,53700,53700,80
2026-04-03 14:17:00,53700,53800,53700,53800,72
2026-04-03 14:18:00,53700,53700,53700,53700,29
2026-04-03 14:19:00,53700,53700,53700,53700,17
2026-04-03 14:20:00,53700,53700,53700,53700,55
2026-04-03 14:21:00,53600,53600,53600,53600,46
2026-04-03 14:22:00,53700,53700,53600,53600,70
2026-04-03 14:23:00,53600,53600,53600,53600,5
2026-04-03 14:24:00,53700,53700,53700,53700,3
2026-04-03 14:25:00,53700,53800,53700,53800,505
2026-04-03 14:26:00,53800,53800,53800,53800,7
2026-04-03 14:28:00,53800,53800,53800,53800,50
2026-04-03 14:29:00,53800,53800,53800,53800,52
2026-04-03 14:30:00,53800,53800,53800,53800,70
2026-04-03 14:31:00,53800,53900,53800,53900,101
2026-04-03 14:32:00,53900,53900,53900,53900,1
2026-04-03 14:33:00,53800,53800,53800,53800,5
2026-04-03 14:34:00,53800,53800,53800,53800,10
2026-04-03 14:36:00,53900,53900,53800,53800,51
2026-04-03 14:37:00,53900,53900,53900,53900,486
2026-04-03 14:39:00,53900,53900,53900,53900,13
2026-04-03 14:40:00,53900,53900,53900,53900,115
2026-04-03 14:41:00,53900,54000,53900,53900,196
2026-04-03 14:42:00,54000,54000,54000,54000,54
2026-04-03 14:43:00,54000,54100,54000,54000,271
2026-04-03 14:44:00,54100,54100,54100,54100,14
2026-04-03 14:45:00,54100,54100,54000,54000,151
2026-04-03 14:46:00,54000,54000,54000,54000,7
2026-04-03 14:47:00,54000,54000,53900,54000,44
2026-04-03 14:48:00,54000,54000,54000,54000,11
2026-04-03 14:49:00,54000,54100,54000,54100,299
2026-04-03 14:50:00,54000,54000,54000,54000,16
2026-04-03 14:51:00,54000,54000,54000,54000,176
2026-04-03 14:52:00,54000,54000,54000,54000,12
2026-04-03 14:53:00,54000,54000,54000,54000,144
2026-04-03 14:54:00,53900,54000,53900,54000,85
2026-04-03 14:55:00,53900,54000,53900,54000,79
2026-04-03 14:56:00,53900,53900,53900,53900,2
2026-04-03 14:57:00,54000,54000,54000,54000,356
2026-04-03 14:58:00,54000,54000,54000,54000,16
2026-04-03 14:59:00,54000,54000,54000,54000,70
2026-04-03 15:00:00,54000,54000,54000,54000,283
2026-04-03 15:01:00,54000,54000,54000,54000,72
2026-04-03 15:02:00,53900,53900,53900,53900,4
2026-04-03 15:03:00,54000,54000,54000,54000,240
2026-04-03 15:04:00,54000,54100,54000,54100,46
2026-04-03 15:05:00,54000,54000,54000,54000,92
2026-04-03 15:07:00,54100,54100,54000,54000,140
2026-04-03 15:08:00,54000,54000,54000,54000,237
2026-04-03 15:09:00,54000,54000,53900,53900,117
2026-04-03 15:10:00,53900,54000,53900,54000,107
2026-04-03 15:11:00,54000,54000,53900,53900,47
2026-04-03 15:12:00,53900,53900,53900,53900,55
2026-04-03 15:13:00,53900,53900,53900,53900,775
2026-04-03 15:14:00,53900,53900,53800,53900,453
2026-04-03 15:15:00,53900,53900,53800,53900,239
2026-04-03 15:16:00,53900,53900,53800,53800,80
2026-04-03 15:17:00,53800,53900,53800,53800,704
2026-04-03 15:18:00,53800,53900,53800,53800,554
2026-04-03 15:19:00,53900,54000,53900,53900,101
2026-04-03 15:30:00,53800,53800,53800,53800,2134
2026-04-03 15:35:00,53800,53800,53800,53800,7
2026-04-06 09:00:00,54000,54800,54000,54200,3643
2026-04-06 09:01:00,54300,54400,54200,54300,238
2026-04-06 09:02:00,54300,54400,54100,54300,319
2026-04-06 09:03:00,54200,54300,54200,54200,220
2026-04-06 09:04:00,54200,54400,54200,54400,183
2026-04-06 09:05:00,54400,54400,54300,54300,342
2026-04-06 09:06:00,54400,54400,54200,54400,246
2026-04-06 09:07:00,54300,54400,54300,54300,382
2026-04-06 09:08:00,54300,54400,54200,54200,737
2026-04-06 09:09:00,54200,54300,54100,54100,589
2026-04-06 09:10:00,54100,54300,54100,54300,111
2026-04-06 09:11:00,54300,54400,54300,54300,549
2026-04-06 09:12:00,54400,54400,54400,54400,59
2026-04-06 09:13:00,54400,54600,54300,54500,1705
2026-04-06 09:14:00,54500,54700,54500,54500,380
2026-04-06 09:15:00,54500,54600,54500,54600,272
2026-04-06 09:16:00,54600,54600,54300,54400,372
2026-04-06 09:17:00,54500,54600,54400,54600,429
2026-04-06 09:18:00,54400,54500,54400,54400,281
2026-04-06 09:19:00,54400,54500,54200,54200,854
2026-04-06 09:20:00,54300,54300,54200,54300,118
2026-04-06 09:21:00,54200,54200,53800,53900,1088
2026-04-06 09:22:00,53900,54200,53800,54100,1360
2026-04-06 09:23:00,54000,54200,54000,54100,320
2026-04-06 09:24:00,54200,54200,54100,54200,219
2026-04-06 09:25:00,54200,54200,53900,53900,1156
2026-04-06 09:26:00,53900,54000,53900,54000,417
2026-04-06 09:27:00,53900,54000,53900,54000,472
2026-04-06 09:28:00,53900,53900,53800,53800,761
2026-04-06 09:29:00,53700,53800,53400,53400,1012
2026-04-06 09:30:00,53500,53500,53300,53500,773
2026-04-06 09:31:00,53500,53600,53400,53600,691
2026-04-06 09:32:00,53600,53600,53500,53500,153
2026-04-06 09:33:00,53500,53700,53500,53600,488
2026-04-06 09:34:00,53700,53700,53500,53600,477
2026-04-06 09:35:00,53600,53600,53500,53600,1080
2026-04-06 09:36:00,53600,53600,53400,53500,449
2026-04-06 09:37:00,53500,53600,53400,53400,481
2026-04-06 09:38:00,53400,53400,53300,53400,193
2026-04-06 09:39:00,53400,53400,53300,53300,127
2026-04-06 09:40:00,53300,53600,53300,53600,1075
2026-04-06 09:41:00,53600,53700,53500,53600,187
2026-04-06 09:42:00,53600,53700,53600,53700,259
2026-04-06 09:43:00,53700,53800,53700,53700,184
2026-04-06 09:44:00,53600,53700,53600,53600,591
2026-04-06 09:45:00,53600,53600,53600,53600,11
2026-04-06 09:46:00,53600,53800,53500,53500,397
2026-04-06 09:47:00,53700,53700,53500,53500,367
2026-04-06 09:48:00,53500,53700,53500,53500,184
2026-04-06 09:49:00,53500,53500,53400,53400,733
2026-04-06 09:50:00,53500,53500,53400,53400,275
2026-04-06 09:51:00,53400,53500,53400,53400,188
2026-04-06 09:52:00,53500,53500,53500,53500,203
2026-04-06 09:53:00,53500,53500,53500,53500,92
2026-04-06 09:54:00,53600,53800,53600,53700,124
2026-04-06 09:55:00,53700,53800,53700,53700,80
2026-04-06 09:56:00,53600,53700,53600,53700,124
2026-04-06 09:57:00,53600,53600,53600,53600,27
2026-04-06 09:58:00,53600,53600,53600,53600,3
2026-04-06 09:59:00,53700,53700,53700,53700,166
2026-04-06 10:00:00,53800,53800,53700,53700,118
2026-04-06 10:01:00,53700,53800,53600,53600,302
2026-04-06 10:02:00,53600,53600,53600,53600,167
2026-04-06 10:03:00,53600,53600,53600,53600,98
2026-04-06 10:04:00,53600,53600,53600,53600,43
2026-04-06 10:05:00,53600,53700,53600,53600,671
2026-04-06 10:06:00,53600,53700,53500,53600,458
2026-04-06 10:07:00,53600,53600,53500,53600,289
2026-04-06 10:08:00,53500,53600,53500,53600,595
2026-04-06 10:09:00,53600,53700,53600,53700,308
2026-04-06 10:10:00,53700,53700,53700,53700,183
2026-04-06 10:11:00,53700,53700,53600,53600,68
2026-04-06 10:12:00,53600,53700,53600,53700,53
2026-04-06 10:13:00,53700,53700,53700,53700,49
2026-04-06 10:14:00,53600,53600,53600,53600,246
2026-04-06 10:15:00,53600,53600,53600,53600,65
2026-04-06 10:16:00,53600,53600,53500,53500,473
2026-04-06 10:17:00,53500,53500,53500,53500,58
2026-04-06 10:18:00,53500,53500,53400,53400,945
2026-04-06 10:19:00,53400,53400,53400,53400,133
2026-04-06 10:20:00,53400,53400,53400,53400,120
2026-04-06 10:21:00,53400,53400,53300,53400,649
2026-04-06 10:22:00,53400,53500,53300,53500,216
2026-04-06 10:23:00,53500,53500,53500,53500,27
2026-04-06 10:24:00,53500,53500,53500,53500,12
2026-04-06 10:25:00,53500,53600,53500,53600,60
2026-04-06 10:26:00,53600,53600,53500,53600,111
2026-04-06 10:27:00,53600,53600,53600,53600,100
2026-04-06 10:28:00,53600,53700,53600,53700,110
2026-04-06 10:29:00,53700,53700,53600,53600,36
2026-04-06 10:30:00,53600,53600,53600,53600,537
2026-04-06 10:31:00,53600,53600,53600,53600,166
2026-04-06 10:32:00,53500,53600,53500,53600,185
2026-04-06 10:33:00,53600,53600,53500,53600,245
2026-04-06 10:34:00,53500,53500,53500,53500,144
2026-04-06 10:35:00,53600,53600,53500,53500,343
2026-04-06 10:36:00,53400,53400,53400,53400,393
2026-04-06 10:37:00,53400,53500,53400,53500,77
2026-04-06 10:38:00,53500,53500,53500,53500,17
2026-04-06 10:39:00,53400,53400,53400,53400,141
2026-04-06 10:40:00,53300,53300,53300,53300,294
2026-04-06 10:41:00,53300,53300,53300,53300,401
2026-04-06 10:42:00,53300,53300,53300,53300,496
2026-04-06 10:43:00,53300,53300,53300,53300,363
2026-04-06 10:45:00,53300,53600,53300,53600,1653
2026-04-06 10:46:00,53600,53600,53400,53400,335
2026-04-06 10:47:00,53400,53400,53300,53300,713
2026-04-06 10:48:00,53300,53400,53300,53400,29
2026-04-06 10:49:00,53400,53400,53300,53300,377
2026-04-06 10:50:00,53300,53300,53200,53200,537
2026-04-06 10:51:00,53200,53300,53200,53250,138
2026-04-06 10:52:00,53300,53300,53200,53200,133
2026-04-06 10:53:00,53200,53200,53100,53200,876
2026-04-06 10:54:00,53100,53100,53100,53100,970
2026-04-06 10:55:00,53100,53100,53000,53000,3947
2026-04-06 10:56:00,53000,53100,53000,53100,178
2026-04-06 10:57:00,53100,53100,53000,53000,407
2026-04-06 10:58:00,53100,53100,53000,53100,210
2026-04-06 10:59:00,53100,53200,53000,53200,1202
2026-04-06 11:00:00,53300,53400,53000,53400,57
2026-04-06 11:01:00,53300,53300,53100,53100,294
2026-04-06 11:02:00,53200,53200,53200,53200,23
2026-04-06 11:03:00,53100,53200,53100,53200,530
2026-04-06 11:04:00,53200,53200,53200,53200,199
2026-04-06 11:05:00,53100,53200,53100,53200,39
2026-04-06 11:06:00,53100,53200,53100,53200,331
2026-04-06 11:07:00,53300,53300,53200,53200,199
2026-04-06 11:08:00,53200,53300,53200,53200,123
2026-04-06 11:09:00,53300,53600,53300,53600,230
2026-04-06 11:10:00,53600,53700,53400,53600,236
2026-04-06 11:11:00,53600,53700,53500,53700,287
2026-04-06 11:12:00,53600,53600,53400,53400,119
2026-04-06 11:13:00,53600,53600,53200,53600,588
2026-04-06 11:14:00,53600,53600,53500,53500,10
2026-04-06 11:15:00,53500,53500,53400,53500,87
2026-04-06 11:16:00,53500,53900,53500,53900,221
2026-04-06 11:17:00,53900,53900,53700,53800,203
2026-04-06 11:18:00,53700,53800,53700,53800,133
2026-04-06 11:19:00,53700,54000,53700,53900,663
2026-04-06 11:20:00,53900,54100,53900,54000,211
2026-04-06 11:21:00,54000,54200,54000,54100,621
2026-04-06 11:22:00,54100,54200,54100,54200,312
2026-04-06 11:23:00,54100,54200,54100,54100,33
2026-04-06 11:24:00,54000,54100,54000,54000,115
2026-04-06 11:25:00,54000,54000,54000,54000,52
2026-04-06 11:26:00,54000,54000,53700,54000,717
2026-04-06 11:27:00,53800,53900,53700,53800,10
2026-04-06 11:28:00,53900,54000,53900,54000,149
2026-04-06 11:30:00,53900,53900,53900,53900,227
2026-04-06 11:31:00,53900,53900,53900,53900,58
2026-04-06 11:32:00,53800,53800,53600,53800,138
2026-04-06 11:33:00,53800,53800,53700,53700,59
2026-04-06 11:34:00,53700,53800,53700,53800,85
2026-04-06 11:35:00,53800,53800,53800,53800,40
2026-04-06 11:36:00,53800,53800,53800,53800,12
2026-04-06 11:37:00,53700,53700,53700,53700,85
2026-04-06 11:38:00,53700,53700,53700,53700,7
2026-04-06 11:39:00,53600,53600,53500,53600,235
2026-04-06 11:40:00,53600,53600,53500,53600,479
2026-04-06 11:41:00,53600,53600,53600,53600,12
2026-04-06 11:42:00,53600,53600,53400,53400,92
2026-04-06 11:43:00,53500,53600,53500,53600,106
2026-04-06 11:44:00,53700,53700,53600,53600,8
2026-04-06 11:45:00,53600,53700,53600,53700,7
2026-04-06 11:46:00,53600,53600,53600,53600,69
2026-04-06 11:47:00,53600,53600,53600,53600,14
2026-04-06 11:48:00,53600,53600,53500,53600,243
2026-04-06 11:49:00,53600,53600,53600,53600,13
2026-04-06 11:50:00,53500,53600,53500,53600,205
2026-04-06 11:51:00,53600,53600,53600,53600,59
2026-04-06 11:52:00,53500,53500,53400,53400,260
2026-04-06 11:53:00,53500,53500,53500,53500,138
2026-04-06 11:54:00,53500,53500,53500,53500,74
2026-04-06 11:56:00,53500,53500,53400,53400,14
2026-04-06 11:57:00,53500,53500,53500,53500,2
2026-04-06 11:59:00,53500,53500,53500,53500,189
2026-04-06 12:00:00,53500,53500,53400,53400,106
2026-04-06 12:01:00,53500,53500,53500,53500,5
2026-04-06 12:02:00,53400,53400,53200,53300,811
2026-04-06 12:03:00,53200,53300,53100,53300,414
2026-04-06 12:04:00,53300,53400,53300,53300,71
2026-04-06 12:05:00,53300,53300,53300,53300,21
2026-04-06 12:06:00,53300,53300,53200,53200,76
2026-04-06 12:07:00,53300,53300,53300,53300,5
2026-04-06 12:08:00,53200,53200,53200,53200,296
2026-04-06 12:09:00,53200,53200,53200,53200,10
2026-04-06 12:10:00,53200,53200,53200,53200,9
2026-04-06 12:11:00,53300,53300,53300,53300,10
2026-04-06 12:12:00,53300,53300,53200,53300,1007
2026-04-06 12:13:00,53300,53300,53200,53200,101
2026-04-06 12:14:00,53400,53400,53400,53400,4
2026-04-06 12:15:00,53400,53400,53300,53300,58
2026-04-06 12:16:00,53400,53400,53300,53300,320
2026-04-06 12:17:00,53300,53300,53300,53300,65
2026-04-06 12:18:00,53300,53300,53200,53300,77
2026-04-06 12:19:00,53200,53200,53200,53200,17
2026-04-06 12:20:00,53200,53300,53200,53300,245
2026-04-06 12:21:00,53300,53300,53300,53300,61
2026-04-06 12:22:00,53300,53400,53300,53300,18
2026-04-06 12:23:00,53300,53400,53300,53300,88
2026-04-06 12:24:00,53300,53300,53300,53300,14
2026-04-06 12:25:00,53300,53400,53300,53400,16
2026-04-06 12:26:00,53300,53300,53300,53300,220
2026-04-06 12:27:00,53300,53300,53300,53300,7
2026-04-06 12:28:00,53400,53400,53400,53400,18
2026-04-06 12:29:00,53400,53400,53300,53300,66
2026-04-06 12:31:00,53200,53300,53200,53300,15
2026-04-06 12:32:00,53200,53200,53200,53200,152
2026-04-06 12:33:00,53300,53300,53200,53200,212
2026-04-06 12:35:00,53300,53400,53300,53400,95
2026-04-06 12:37:00,53300,53300,53300,53300,27
2026-04-06 12:38:00,53300,53300,53300,53300,5
2026-04-06 12:39:00,53300,53400,53300,53400,798
2026-04-06 12:40:00,53500,53500,53500,53500,28
2026-04-06 12:41:00,53500,53500,53300,53400,777
2026-04-06 12:42:00,53400,53500,53300,53300,383
2026-04-06 12:43:00,53400,53400,53400,53400,82
2026-04-06 12:44:00,53400,53400,53400,53400,1
2026-04-06 12:45:00,53300,53400,53300,53400,144
2026-04-06 12:46:00,53300,53400,53300,53400,84
2026-04-06 12:47:00,53400,53400,53400,53400,10
2026-04-06 12:48:00,53300,53300,53300,53300,92
2026-04-06 12:49:00,53300,53300,53300,53300,58
2026-04-06 12:50:00,53400,53400,53300,53400,339
2026-04-06 12:51:00,53400,53400,53400,53400,67
2026-04-06 12:52:00,53300,53400,53200,53300,843
2026-04-06 12:53:00,53300,53400,53300,53400,87
2026-04-06 12:54:00,53300,53400,53300,53400,118
2026-04-06 12:55:00,53300,53400,53300,53300,462
2026-04-06 12:56:00,53400,53400,53400,53400,93
2026-04-06 12:57:00,53400,53500,53400,53400,48
2026-04-06 12:58:00,53300,53400,53300,53400,71
2026-04-06 12:59:00,53400,53400,53300,53300,51
2026-04-06 13:00:00,53400,53400,53300,53300,105
2026-04-06 13:01:00,53400,53400,53400,53400,58
2026-04-06 13:02:00,53400,53500,53400,53500,527
2026-04-06 13:03:00,53500,53500,53400,53400,200
2026-04-06 13:05:00,53300,53300,53300,53300,9
2026-04-06 13:06:00,53400,53400,53400,53400,87
2026-04-06 13:07:00,53400,53400,53300,53300,5
2026-04-06 13:09:00,53300,53400,53300,53400,22
2026-04-06 13:10:00,53300,53600,53300,53600,358
2026-04-06 13:11:00,53300,53400,53300,53400,9
2026-04-06 13:13:00,53500,53500,53500,53500,9
2026-04-06 13:14:00,53500,53600,53500,53600,111
2026-04-06 13:15:00,53500,53600,53500,53600,98
2026-04-06 13:16:00,53500,53500,53400,53400,186
2026-04-06 13:18:00,53400,53400,53400,53400,127
2026-04-06 13:19:00,53400,53400,53400,53400,2
2026-04-06 13:20:00,53400,53400,53400,53400,1
2026-04-06 13:22:00,53400,53400,53400,53400,6
2026-04-06 13:23:00,53400,53400,53400,53400,2
2026-04-06 13:24:00,53400,53400,53200,53200,386
2026-04-06 13:25:00,53300,53300,53300,53300,210
2026-04-06 13:26:00,53300,53400,53200,53400,407
2026-04-06 13:27:00,53300,53300,53300,53300,1
2026-04-06 13:28:00,53300,53300,53300,53300,16
2026-04-06 13:29:00,53300,53300,53300,53300,65
2026-04-06 13:30:00,53300,53300,53300,53300,1
2026-04-06 13:31:00,53300,53300,53200,53200,17
2026-04-06 13:32:00,53300,53300,53300,53300,14
2026-04-06 13:33:00,53300,53300,53200,53300,254
2026-04-06 13:34:00,53300,53400,53300,53400,126
2026-04-06 13:35:00,53300,53400,53300,53300,71
2026-04-06 13:36:00,53300,53300,53300,53300,6
2026-04-06 13:37:00,53300,53300,53300,53300,105
2026-04-06 13:38:00,53300,53300,53300,53300,281
2026-04-06 13:39:00,53300,53300,53300,53300,1
2026-04-06 13:40:00,53300,53400,53300,53400,15
2026-04-06 13:41:00,53400,53400,53400,53400,122
2026-04-06 13:42:00,53300,53400,53300,53400,84
2026-04-06 13:44:00,53400,53500,53400,53500,614
2026-04-06 13:45:00,53500,53600,53400,53600,27
2026-04-06 13:46:00,53600,53600,53600,53600,6
2026-04-06 13:48:00,53500,53500,53500,53500,42
2026-04-06 13:51:00,53500,53500,53400,53500,451
2026-04-06 13:52:00,53500,53500,53500,53500,124
2026-04-06 13:53:00,53500,53600,53400,53600,46
2026-04-06 13:54:00,53600,53600,53300,53300,61
2026-04-06 13:55:00,53400,53400,53400,53400,13
2026-04-06 13:56:00,53400,53400,53400,53400,51
2026-04-06 13:58:00,53400,53400,53300,53300,14
2026-04-06 13:59:00,53300,53300,53300,53300,105
2026-04-06 14:00:00,53400,53400,53300,53300,12
2026-04-06 14:01:00,53400,53400,53400,53400,1
2026-04-06 14:02:00,53400,53400,53300,53300,14
2026-04-06 14:03:00,53400,53400,53300,53400,435
2026-04-06 14:04:00,53500,53500,53500,53500,13
2026-04-06 14:05:00,53500,53500,53500,53500,9
2026-04-06 14:06:00,53500,53500,53500,53500,26
2026-04-06 14:07:00,53400,53400,53400,53400,29
2026-04-06 14:09:00,53400,53500,53400,53500,122
2026-04-06 14:10:00,53500,53500,53400,53500,36
2026-04-06 14:11:00,53500,53500,53500,53500,52
2026-04-06 14:12:00,53400,53400,53400,53400,41
2026-04-06 14:13:00,53400,53500,53400,53500,162
2026-04-06 14:14:00,53500,53600,53500,53500,60
2026-04-06 14:15:00,53500,53600,53400,53500,449
2026-04-06 14:16:00,53500,53500,53500,53500,5
2026-04-06 14:17:00,53500,53500,53400,53400,140
2026-04-06 14:18:00,53400,53400,53400,53400,72
2026-04-06 14:19:00,53400,53500,53400,53500,52
2026-04-06 14:20:00,53500,53500,53500,53500,152
2026-04-06 14:21:00,53500,53500,53300,53300,71
2026-04-06 14:22:00,53400,53400,53300,53400,100
2026-04-06 14:24:00,53400,53500,53400,53500,274
2026-04-06 14:25:00,53500,53500,53500,53500,87
2026-04-06 14:26:00,53400,53500,53400,53500,292
2026-04-06 14:27:00,53500,53500,53500,53500,3
2026-04-06 14:28:00,53500,53500,53500,53500,4
2026-04-06 14:29:00,53500,53600,53500,53600,331
2026-04-06 14:30:00,53500,53500,53500,53500,11
2026-04-06 14:31:00,53600,53600,53600,53600,70
2026-04-06 14:32:00,53500,53500,53500,53500,155
2026-04-06 14:33:00,53500,53500,53500,53500,167
2026-04-06 14:35:00,53600,53600,53600,53600,152
2026-04-06 14:36:00,53600,53700,53600,53700,53
2026-04-06 14:37:00,53600,53600,53600,53600,32
2026-04-06 14:38:00,53600,53600,53600,53600,7
2026-04-06 14:39:00,53700,53700,53600,53600,55
2026-04-06 14:40:00,53600,53600,53600,53600,127
2026-04-06 14:41:00,53500,53500,53400,53500,271
2026-04-06 14:42:00,53400,53500,53400,53500,165
2026-04-06 14:43:00,53500,53500,53400,53400,530
2026-04-06 14:44:00,53400,53500,53400,53500,84
2026-04-06 14:45:00,53500,53500,53500,53500,1
2026-04-06 14:46:00,53500,53500,53500,53500,70
2026-04-06 14:47:00,53500,53600,53400,53600,380
2026-04-06 14:48:00,53500,53500,53500,53500,21
2026-04-06 14:49:00,53500,53600,53500,53600,87
2026-04-06 14:50:00,53600,53600,53600,53600,72
2026-04-06 14:51:00,53600,53700,53600,53600,169
2026-04-06 14:52:00,53600,53700,53600,53700,196
2026-04-06 14:53:00,53700,53700,53500,53500,439
2026-04-06 14:54:00,53500,53500,53500,53500,124
2026-04-06 14:55:00,53500,53500,53500,53500,17
2026-04-06 14:56:00,53500,53500,53500,53500,1
2026-04-06 14:57:00,53500,53500,53500,53500,64
2026-04-06 14:58:00,53500,53600,53500,53600,51
2026-04-06 15:00:00,53600,53600,53500,53500,291
2026-04-06 15:01:00,53500,53600,53400,53500,232
2026-04-06 15:02:00,53500,53500,53400,53500,117
2026-04-06 15:03:00,53500,53500,53500,53500,318
2026-04-06 15:04:00,53500,53600,53500,53500,295
2026-04-06 15:05:00,53500,53500,53500,53500,22
2026-04-06 15:06:00,53500,53600,53500,53600,412
2026-04-06 15:07:00,53600,53600,53500,53500,71
2026-04-06 15:08:00,53500,53700,53500,53600,144
2026-04-06 15:09:00,53700,53700,53600,53600,102
2026-04-06 15:10:00,53600,53600,53600,53600,58
2026-04-06 15:11:00,53600,53700,53600,53600,180
2026-04-06 15:12:00,53700,53700,53600,53600,366
2026-04-06 15:13:00,53600,53600,53600,53600,53
2026-04-06 15:14:00,53600,53600,53600,53600,166
2026-04-06 15:15:00,53600,53700,53600,53600,42
2026-04-06 15:16:00,53700,53700,53600,53700,114
2026-04-06 15:17:00,53700,53700,53700,53700,31
2026-04-06 15:18:00,53700,53700,53500,53600,413
2026-04-06 15:19:00,53600,53700,53500,53700,279
2026-04-06 15:30:00,53400,53400,53400,53400,2703
2026-04-06 15:35:00,53400,53400,53400,53400,4
2026-04-07 09:00:00,53900,54300,53900,54200,1484
2026-04-07 09:01:00,54100,54200,53900,53900,1135
2026-04-07 09:02:00,53900,53900,53800,53900,407
2026-04-07 09:03:00,53900,54000,53900,54000,254
2026-04-07 09:04:00,54000,54400,54000,54300,647
2026-04-07 09:05:00,54300,54400,54000,54300,216
2026-04-07 09:06:00,54400,54500,54300,54400,729
2026-04-07 09:07:00,54400,54400,54100,54400,264
2026-04-07 09:08:00,54300,54400,54300,54400,303
2026-04-07 09:09:00,54400,54500,54400,54400,659
2026-04-07 09:10:00,54400,54700,54300,54700,714
2026-04-07 09:11:00,54800,54800,54500,54600,999
2026-04-07 09:12:00,54500,54800,54400,54700,1346
2026-04-07 09:13:00,54700,54700,54600,54600,325
2026-04-07 09:14:00,54600,54800,54600,54800,798
2026-04-07 09:15:00,54800,55000,54700,54900,2470
2026-04-07 09:16:00,54900,55200,54900,55200,3298
2026-04-07 09:17:00,55200,55200,55000,55100,724
2026-04-07 09:18:00,55100,55200,55000,55100,2304
2026-04-07 09:19:00,55200,55500,55100,55500,2458
2026-04-07 09:20:00,55500,55500,55300,55400,480
2026-04-07 09:21:00,55300,55300,55200,55300,958
2026-04-07 09:22:00,55200,55300,55100,55200,1213
2026-04-07 09:23:00,55200,55200,55200,55200,59
2026-04-07 09:24:00,55200,55200,55100,55200,148
2026-04-07 09:25:00,55200,55400,55100,55300,1180
2026-04-07 09:26:00,55400,55500,55300,55400,606
2026-04-07 09:27:00,55200,55300,55200,55300,288
2026-04-07 09:28:00,55300,55400,55100,55100,622
2026-04-07 09:29:00,55100,55400,55100,55400,864
2026-04-07 09:30:00,55400,55400,55300,55400,570
2026-04-07 09:31:00,55400,55400,55300,55300,361
2026-04-07 09:32:00,55300,55300,55200,55200,555
2026-04-07 09:33:00,55200,55200,55100,55100,1757
2026-04-07 09:34:00,55100,55100,55000,55000,886
2026-04-07 09:35:00,55000,55000,54800,54900,1899
2026-04-07 09:36:00,54900,54900,54800,54800,144
2026-04-07 09:37:00,54800,54800,54700,54700,334
2026-04-07 09:38:00,54700,54800,54700,54800,68
2026-04-07 09:39:00,54700,54800,54700,54700,221
2026-04-07 09:40:00,54800,54800,54700,54700,149
2026-04-07 09:41:00,54700,54700,54600,54600,132
2026-04-07 09:42:00,54600,54700,54600,54700,329
2026-04-07 09:43:00,54600,54800,54600,54700,666
2026-04-07 09:44:00,54700,54700,54600,54600,168
2026-04-07 09:45:00,54600,54900,54600,54900,284
2026-04-07 09:46:00,54900,55000,54900,54900,9
2026-04-07 09:47:00,54900,54900,54900,54900,545
2026-04-07 09:48:00,54900,54900,54800,54900,111
2026-04-07 09:49:00,54900,54900,54900,54900,42
2026-04-07 09:50:00,54900,55000,54800,54800,101
2026-04-07 09:51:00,54700,54700,54600,54600,537
2026-04-07 09:52:00,54600,54700,54600,54600,114
2026-04-07 09:53:00,54600,54600,54600,54600,2
2026-04-07 09:54:00,54600,54700,54600,54700,55
2026-04-07 09:55:00,54700,54700,54700,54700,96
2026-04-07 09:56:00,54600,54700,54600,54700,187
2026-04-07 09:57:00,54700,54700,54500,54600,13
2026-04-07 09:58:00,54600,54600,54600,54600,283
2026-04-07 09:59:00,54700,54700,54600,54600,373
2026-04-07 10:00:00,54500,54500,54400,54400,153
2026-04-07 10:01:00,54400,54500,54300,54500,1470
2026-04-07 10:02:00,54500,54600,54400,54500,324
2026-04-07 10:03:00,54500,54500,54300,54500,195
2026-04-07 10:04:00,54500,54600,54300,54500,276
2026-04-07 10:05:00,54500,54500,54400,54400,200
2026-04-07 10:06:00,54500,54500,54400,54400,49
2026-04-07 10:07:00,54500,54500,54500,54500,29
2026-04-07 10:08:00,54500,54500,54500,54500,59
2026-04-07 10:09:00,54400,54400,54400,54400,67
2026-04-07 10:10:00,54300,54300,54200,54300,165
2026-04-07 10:11:00,54300,54300,54300,54300,54
2026-04-07 10:12:00,54300,54500,54200,54200,443
2026-04-07 10:13:00,54200,54200,54100,54100,885
2026-04-07 10:14:00,54200,54200,54100,54200,178
2026-04-07 10:15:00,54200,54500,54200,54300,115
2026-04-07 10:16:00,54300,54300,54200,54300,13
2026-04-07 10:17:00,54200,54300,54100,54200,352
2026-04-07 10:18:00,54300,54400,54300,54300,80
2026-04-07 10:19:00,54300,54300,54300,54300,355
2026-04-07 10:20:00,54200,54300,54200,54300,105
2026-04-07 10:21:00,54300,54300,54200,54200,9
2026-04-07 10:23:00,54300,54300,54300,54300,8
2026-04-07 10:24:00,54200,54200,54200,54200,55
2026-04-07 10:25:00,54300,54300,54200,54300,23
2026-04-07 10:26:00,54200,54200,54200,54200,726
2026-04-07 10:27:00,54100,54200,54100,54200,236
2026-04-07 10:28:00,54200,54300,54200,54300,230
2026-04-07 10:29:00,54300,54300,54300,54300,16
2026-04-07 10:30:00,54200,54300,54200,54200,41
2026-04-07 10:31:00,54200,54300,54200,54300,79
2026-04-07 10:32:00,54200,54300,54200,54300,35
2026-04-07 10:33:00,54300,54300,54300,54300,7
2026-04-07 10:34:00,54200,54300,54100,54100,470
2026-04-07 10:35:00,54200,54200,54200,54200,61
2026-04-07 10:36:00,54200,54200,54100,54100,85
2026-04-07 10:37:00,54100,54200,54000,54200,186
2026-04-07 10:38:00,54100,54100,54000,54000,120
2026-04-07 10:39:00,54100,54100,54100,54100,1
2026-04-07 10:40:00,54000,54000,54000,54000,761
2026-04-07 10:41:00,54000,54000,53900,54000,371
2026-04-07 10:42:00,54000,54000,53800,53800,629
2026-04-07 10:43:00,53900,54100,53900,54000,93
2026-04-07 10:44:00,53800,54000,53800,54000,29
2026-04-07 10:45:00,54000,54050,54000,54000,301
2026-04-07 10:46:00,54000,54000,54000,54000,65
2026-04-07 10:47:00,54100,54100,54000,54000,88
2026-04-07 10:48:00,54000,54300,54000,54100,64
2026-04-07 10:49:00,54100,54100,53900,54000,29
2026-04-07 10:50:00,54000,54000,53800,53800,233
2026-04-07 10:51:00,53800,53800,53700,53700,473
2026-04-07 10:52:00,53700,53700,53600,53700,115
2026-04-07 10:53:00,53700,53700,53700,53700,46
2026-04-07 10:54:00,53600,53700,53600,53700,667
2026-04-07 10:55:00,53700,53900,53500,53500,500
2026-04-07 10:56:00,53600,53800,53400,53500,655
2026-04-07 10:57:00,53600,53800,53500,53600,60
2026-04-07 10:58:00,53600,53900,53500,53900,149
2026-04-07 10:59:00,53900,53900,53600,53800,36
2026-04-07 11:00:00,53800,53900,53600,53800,377
2026-04-07 11:01:00,53600,53700,53600,53700,58
2026-04-07 11:02:00,53800,53800,53800,53800,1
2026-04-07 11:03:00,53700,53800,53500,53500,384
2026-04-07 11:04:00,53500,53700,53500,53500,55
2026-04-07 11:05:00,53500,53600,53400,53500,117
2026-04-07 11:06:00,53600,53700,53500,53600,188
2026-04-07 11:07:00,53400,53500,53300,53300,936
2026-04-07 11:08:00,53300,53500,53300,53500,1402
2026-04-07 11:09:00,53300,53700,53200,53700,299
2026-04-07 11:10:00,53700,53800,53400,53600,714
2026-04-07 11:11:00,53500,53600,53500,53500,211
2026-04-07 11:12:00,53500,53500,53400,53400,190
2026-04-07 11:13:00,53400,53600,53400,53600,82
2026-04-07 11:14:00,53500,53500,53500,53500,5
2026-04-07 11:15:00,53400,53500,53400,53500,67
2026-04-07 11:16:00,53400,53600,53400,53500,95
2026-04-07 11:17:00,53500,53600,53500,53600,179
2026-04-07 11:18:00,53600,53600,53600,53600,20
2026-04-07 11:19:00,53600,53800,53600,53800,146
2026-04-07 11:20:00,53700,53700,53600,53600,5
2026-04-07 11:21:00,53600,53600,53500,53500,31
2026-04-07 11:22:00,53600,53600,53600,53600,11
2026-04-07 11:23:00,53500,53600,53500,53600,87
2026-04-07 11:24:00,53600,53600,53600,53600,46
2026-04-07 11:25:00,53600,53800,53600,53800,95
2026-04-07 11:26:00,53800,53800,53800,53800,10
2026-04-07 11:27:00,53600,53600,53600,53600,47
2026-04-07 11:28:00,53700,53800,53600,53800,207
2026-04-07 11:29:00,53700,53700,53700,53700,4
2026-04-07 11:30:00,53700,53700,53700,53700,42
2026-04-07 11:32:00,53700,53700,53700,53700,14
2026-04-07 11:33:00,53700,53700,53700,53700,59
2026-04-07 11:36:00,53700,53700,53700,53700,100
2026-04-07 11:37:00,53700,53800,53700,53700,250
2026-04-07 11:38:00,53700,53700,53700,53700,2
2026-04-07 11:39:00,53700,53700,53600,53700,7
2026-04-07 11:40:00,53700,53700,53700,53700,54
2026-04-07 11:41:00,53700,53700,53600,53700,665
2026-04-07 11:43:00,53500,53600,53500,53600,46
2026-04-07 11:44:00,53600,53600,53600,53600,12
2026-04-07 11:45:00,53600,53600,53500,53600,515
2026-04-07 11:46:00,53500,53500,53500,53500,97
2026-04-07 11:47:00,53500,53500,53500,53500,11
2026-04-07 11:48:00,53500,53600,53500,53600,133
2026-04-07 11:49:00,53600,53600,53600,53600,20
2026-04-07 11:50:00,53500,53500,53500,53500,7
2026-04-07 11:51:00,53500,53600,53500,53600,366
2026-04-07 11:52:00,53500,53500,53500,53500,840
2026-04-07 11:53:00,53500,53500,53500,53500,453
2026-04-07 11:54:00,53500,53500,53400,53500,126
2026-04-07 11:55:00,53500,53500,53500,53500,1
2026-04-07 11:56:00,53600,53600,53500,53500,55
2026-04-07 11:57:00,53600,53600,53600,53600,12
2026-04-07 11:58:00,53600,53600,53600,53600,6
2026-04-07 11:59:00,53500,53600,53500,53500,411
2026-04-07 12:00:00,53500,53500,53500,53500,106
2026-04-07 12:01:00,53500,53600,53500,53600,6
2026-04-07 12:02:00,53600,53600,53600,53600,139
2026-04-07 12:03:00,53600,53600,53600,53600,6
2026-04-07 12:05:00,53500,53500,53500,53500,133
2026-04-07 12:06:00,53500,53500,53500,53500,119
2026-04-07 12:07:00,53500,53500,53500,53500,300
2026-04-07 12:08:00,53500,53500,53500,53500,20
2026-04-07 12:09:00,53400,53400,53400,53400,614
2026-04-07 12:10:00,53500,53500,53400,53400,10
2026-04-07 12:11:00,53400,53400,53400,53400,43
2026-04-07 12:12:00,53500,53500,53500,53500,46
2026-04-07 12:13:00,53500,53500,53500,53500,4
2026-04-07 12:14:00,53400,53500,53400,53500,25
2026-04-07 12:16:00,53500,53500,53400,53400,27
2026-04-07 12:17:00,53500,53500,53500,53500,232
2026-04-07 12:18:00,53500,53500,53500,53500,34
2026-04-07 12:19:00,53500,53500,53400,53400,22
2026-04-07 12:20:00,53400,53500,53400,53500,193
2026-04-07 12:21:00,53500,53500,53500,53500,8
2026-04-07 12:22:00,53500,53600,53500,53600,177
2026-04-07 12:23:00,53600,53600,53600,53600,63
2026-04-07 12:24:00,53600,53600,53600,53600,7
2026-04-07 12:25:00,53500,53600,53500,53600,74
2026-04-07 12:26:00,53600,53600,53500,53500,15
2026-04-07 12:27:00,53500,53500,53500,53500,5
2026-04-07 12:29:00,53500,53500,53500,53500,56
2026-04-07 12:31:00,53600,53600,53600,53600,60
2026-04-07 12:32:00,53600,53600,53500,53500,214
2026-04-07 12:33:00,53500,53500,53500,53500,8
2026-04-07 12:34:00,53500,53500,53500,53500,89
2026-04-07 12:35:00,53500,53500,53500,53500,43
2026-04-07 12:37:00,53500,53500,53500,53500,140
2026-04-07 12:38:00,53500,53500,53500,53500,5
2026-04-07 12:39:00,53500,53500,53500,53500,7
2026-04-07 12:40:00,53500,53500,53400,53400,810
2026-04-07 12:42:00,53400,53500,53400,53500,7
2026-04-07 12:43:00,53500,53500,53500,53500,15
2026-04-07 12:44:00,53500,53600,53500,53600,100
2026-04-07 12:45:00,53400,53400,53400,53400,1
2026-04-07 12:46:00,53500,53500,53500,53500,2
2026-04-07 12:47:00,53400,53400,53400,53400,1
2026-04-07 12:48:00,53400,53400,53400,53400,111
2026-04-07 12:52:00,53400,53400,53400,53400,461
2026-04-07 12:53:00,53400,53400,53400,53400,91
2026-04-07 12:54:00,53400,53400,53300,53300,108
2026-04-07 12:55:00,53300,53400,53300,53300,98
2026-04-07 12:56:00,53400,53400,53400,53400,46
2026-04-07 12:58:00,53400,53400,53400,53400,6
2026-04-07 12:59:00,53400,53400,53300,53300,645
2026-04-07 13:03:00,53300,53300,53300,53300,30
2026-04-07 13:04:00,53300,53300,53200,53300,713
2026-04-07 13:05:00,53300,53300,53100,53100,1155
2026-04-07 13:06:00,53100,53200,53100,53200,21
2026-04-07 13:07:00,53200,53200,53200,53200,33
2026-04-07 13:08:00,53200,53200,53200,53200,48
2026-04-07 13:09:00,53200,53300,53100,53200,765
2026-04-07 13:10:00,53200,53300,53100,53100,298
2026-04-07 13:11:00,53100,53200,53100,53200,27
2026-04-07 13:12:00,53200,53200,53200,53200,27
2026-04-07 13:13:00,53200,53200,53100,53100,788
2026-04-07 13:14:00,53100,53100,53000,53000,367
2026-04-07 13:15:00,53000,53000,53000,53000,54
2026-04-07 13:16:00,53100,53100,53100,53100,62
2026-04-07 13:17:00,53100,53200,53100,53200,142
2026-04-07 13:18:00,53100,53100,52900,53000,2783
2026-04-07 13:19:00,53100,53200,53100,53100,31
2026-04-07 13:20:00,53100,53200,53100,53200,226
2026-04-07 13:21:00,53200,53200,53200,53200,48
2026-04-07 13:22:00,53200,53300,53200,53300,63
2026-04-07 13:23:00,53300,53300,53100,53100,89
2026-04-07 13:24:00,53200,53200,53200,53200,4
2026-04-07 13:25:00,53200,53200,53200,53200,21
2026-04-07 13:26:00,53200,53300,53200,53300,78
2026-04-07 13:27:00,53300,53300,53300,53300,6
2026-04-07 13:28:00,53350,53350,53350,53350,9
2026-04-07 13:29:00,53400,53400,53300,53300,16
2026-04-07 13:30:00,53400,53400,53400,53400,9
2026-04-07 13:31:00,53400,53400,53400,53400,10
2026-04-07 13:32:00,53400,53400,53400,53400,121
2026-04-07 13:33:00,53400,53400,53400,53400,12
2026-04-07 13:34:00,53300,53300,53200,53300,349
2026-04-07 13:35:00,53300,53300,53200,53200,105
2026-04-07 13:36:00,53200,53300,53200,53300,14
2026-04-07 13:37:00,53400,53400,53400,53400,41
2026-04-07 13:38:00,53400,53400,53300,53400,89
2026-04-07 13:39:00,53400,53400,53300,53300,98
2026-04-07 13:41:00,53300,53300,53300,53300,100
2026-04-07 13:42:00,53300,53300,53300,53300,59
2026-04-07 13:43:00,53400,53400,53300,53300,5
2026-04-07 13:45:00,53300,53300,53300,53300,52
2026-04-07 13:46:00,53300,53300,53300,53300,69
2026-04-07 13:47:00,53300,53300,53300,53300,3
2026-04-07 13:48:00,53200,53300,53200,53300,24
2026-04-07 13:49:00,53200,53300,53200,53300,245
2026-04-07 13:50:00,53300,53300,53300,53300,6
2026-04-07 13:51:00,53300,53300,53200,53300,64
2026-04-07 13:52:00,53200,53300,53200,53300,152
2026-04-07 13:53:00,53300,53300,53300,53300,5
2026-04-07 13:54:00,53300,53300,53200,53300,113
2026-04-07 13:55:00,53200,53300,53200,53300,4
2026-04-07 13:56:00,53200,53200,53200,53200,133
2026-04-07 13:57:00,53200,53300,53200,53300,50
2026-04-07 13:59:00,53300,53300,53200,53200,268
2026-04-07 14:00:00,53200,53200,53200,53200,386
2026-04-07 14:01:00,53200,53200,53200,53200,12
2026-04-07 14:02:00,53200,53200,53100,53100,68
2026-04-07 14:03:00,53200,53200,53100,53100,265
2026-04-07 14:04:00,53100,53100,53000,53100,105
2026-04-07 14:05:00,53100,53100,53100,53100,262
2026-04-07 14:06:00,53100,53100,53100,53100,16
2026-04-07 14:07:00,53100,53100,53000,53100,27
2026-04-07 14:08:00,53000,53100,53000,53000,188
2026-04-07 14:09:00,53100,53100,53100,53100,244
2026-04-07 14:10:00,53200,53200,53200,53200,16
2026-04-07 14:11:00,53300,53300,53200,53200,22
2026-04-07 14:12:00,53300,53300,53200,53300,18
2026-04-07 14:14:00,53300,53300,53200,53200,34
2026-04-07 14:15:00,53200,53200,53200,53200,69
2026-04-07 14:16:00,53300,53300,53200,53200,19
2026-04-07 14:17:00,53300,53300,53200,53200,34
2026-04-07 14:19:00,53200,53200,53200,53200,169
2026-04-07 14:20:00,53200,53200,53100,53100,743
2026-04-07 14:21:00,53100,53100,53100,53100,19
2026-04-07 14:22:00,53100,53100,53100,53100,48
2026-04-07 14:23:00,53100,53200,53000,53100,26
2026-04-07 14:24:00,53100,53100,53100,53100,96
2026-04-07 14:25:00,53200,53200,53100,53100,5
2026-04-07 14:26:00,53100,53200,53000,53000,261
2026-04-07 14:27:00,53100,53100,53100,53100,21
2026-04-07 14:28:00,53100,53100,53000,53000,22
2026-04-07 14:29:00,53000,53000,53000,53000,1708
2026-04-07 14:30:00,53000,53000,53000,53000,12
2026-04-07 14:31:00,53000,53000,53000,53000,282
2026-04-07 14:32:00,53000,53000,53000,53000,1602
2026-04-07 14:33:00,53000,53000,53000,53000,68
2026-04-07 14:34:00,53000,53100,53000,53100,139
2026-04-07 14:35:00,53100,53200,53100,53200,4
2026-04-07 14:36:00,53100,53100,53100,53100,58
2026-04-07 14:37:00,53000,53000,53000,53000,20
2026-04-07 14:38:00,53100,53100,53000,53100,147
2026-04-07 14:39:00,53000,53000,53000,53000,7
2026-04-07 14:40:00,53100,53100,53000,53000,9
2026-04-07 14:41:00,53000,53100,53000,53100,11
2026-04-07 14:42:00,53100,53100,53100,53100,225
2026-04-07 14:43:00,53100,53100,53100,53100,136
2026-04-07 14:44:00,53100,53100,53100,53100,16
2026-04-07 14:45:00,53100,53100,53100,53100,23
2026-04-07 14:46:00,53100,53100,53100,53100,18
2026-04-07 14:47:00,53000,53000,53000,53000,77
2026-04-07 14:48:00,53000,53100,53000,53100,63
2026-04-07 14:49:00,53200,53200,53100,53100,25
2026-04-07 14:50:00,53100,53200,53100,53200,18
2026-04-07 14:51:00,53200,53200,53200,53200,37
2026-04-07 14:52:00,53200,53200,53200,53200,235
2026-04-07 14:53:00,53200,53200,53200,53200,62
2026-04-07 14:54:00,53300,53300,53300,53300,7
2026-04-07 14:55:00,53200,53300,53200,53200,221
2026-04-07 14:56:00,53200,53300,53200,53300,48
2026-04-07 14:57:00,53300,53400,53300,53400,212
2026-04-07 14:58:00,53400,53500,53400,53400,120
2026-04-07 14:59:00,53300,53500,53300,53500,48
2026-04-07 15:00:00,53500,53500,53300,53300,9
2026-04-07 15:01:00,53400,53500,53400,53400,215
2026-04-07 15:02:00,53400,53500,53400,53500,50
2026-04-07 15:03:00,53400,53400,53400,53400,34
2026-04-07 15:04:00,53400,53400,53400,53400,48
2026-04-07 15:05:00,53300,53400,53300,53400,29
2026-04-07 15:06:00,53300,53400,53300,53400,39
2026-04-07 15:07:00,53300,53300,53300,53300,357
2026-04-07 15:08:00,53200,53300,53200,53300,72
2026-04-07 15:09:00,53300,53300,53200,53200,63
2026-04-07 15:10:00,53200,53300,53200,53300,7
2026-04-07 15:11:00,53300,53300,53300,53300,4
2026-04-07 15:12:00,53300,53300,53200,53300,91
2026-04-07 15:13:00,53300,53300,53300,53300,93
2026-04-07 15:14:00,53300,53300,53200,53300,78
2026-04-07 15:15:00,53300,53300,53300,53300,58
2026-04-07 15:16:00,53300,53300,53200,53300,62
2026-04-07 15:17:00,53300,53300,53300,53300,16
2026-04-07 15:18:00,53300,53300,53300,53300,60
2026-04-07 15:19:00,53300,53400,53300,53400,201
2026-04-07 15:30:00,53400,53400,53400,53400,770
2026-04-07 15:35:00,53400,53400,53400,53400,39
2026-04-08 09:00:00,55700,56500,55600,56400,8448
2026-04-08 09:01:00,56500,56500,55600,55700,2269
2026-04-08 09:02:00,55700,56000,55700,55800,2173
2026-04-08 09:03:00,55700,55800,55300,55600,1856
2026-04-08 09:04:00,55600,55800,55500,55600,949
2026-04-08 09:05:00,55600,55900,55600,55800,1251
2026-04-08 09:06:00,55800,55800,55500,55500,1152
2026-04-08 09:07:00,55500,55700,55200,55300,2532
2026-04-08 09:08:00,55300,55600,55200,55400,1001
2026-04-08 09:09:00,55500,55500,55300,55500,863
2026-04-08 09:10:00,55500,55800,55500,55600,1866
2026-04-08 09:11:00,55800,56000,55700,55900,2946
2026-04-08 09:12:00,56000,56200,56000,56200,1466
2026-04-08 09:13:00,56100,56300,56100,56200,1697
2026-04-08 09:14:00,56200,56300,56100,56300,1740
2026-04-08 09:15:00,56200,56300,56100,56300,1655
2026-04-08 09:16:00,56200,56300,56100,56300,1772
2026-04-08 09:17:00,56300,56400,56000,56400,2131
2026-04-08 09:18:00,56400,56500,56200,56500,2459
2026-04-08 09:19:00,56500,56500,56200,56400,854
2026-04-08 09:20:00,56300,56300,56000,56200,493
2026-04-08 09:21:00,56100,56300,56000,56000,732
2026-04-08 09:22:00,56000,56100,55900,55900,626
2026-04-08 09:23:00,55900,56000,55700,55900,544
2026-04-08 09:24:00,55800,55900,55800,55900,250
2026-04-08 09:25:00,55800,56000,55600,56000,600
2026-04-08 09:26:00,56000,56000,55500,55500,816
2026-04-08 09:27:00,55700,55900,55600,55800,330
2026-04-08 09:28:00,55800,55800,55600,55600,486
2026-04-08 09:29:00,55600,55800,55600,55800,995
2026-04-08 09:30:00,55700,55900,55600,55600,439
2026-04-08 09:31:00,55600,55600,55500,55600,423
2026-04-08 09:32:00,55500,55600,55400,55600,494
2026-04-08 09:33:00,55500,55500,55100,55300,564
2026-04-08 09:34:00,55300,55600,55300,55600,419
2026-04-08 09:35:00,55700,55700,55400,55600,280
2026-04-08 09:36:00,55500,55500,55300,55400,81
2026-04-08 09:37:00,55500,55500,55400,55400,110
2026-04-08 09:38:00,55300,55400,55300,55400,422
2026-04-08 09:39:00,55400,55400,55200,55300,268
2026-04-08 09:40:00,55300,55300,55300,55300,224
2026-04-08 09:41:00,55300,55400,55300,55300,972
2026-04-08 09:42:00,55400,55400,55200,55200,330
2026-04-08 09:43:00,55200,55400,55200,55300,162
2026-04-08 09:44:00,55300,55300,55200,55300,265
2026-04-08 09:45:00,55200,55300,55200,55300,106
2026-04-08 09:46:00,55300,55400,55200,55300,497
2026-04-08 09:47:00,55300,55400,55300,55400,1230
2026-04-08 09:48:00,55400,55500,55400,55500,37
2026-04-08 09:49:00,55500,55700,55500,55600,970
2026-04-08 09:50:00,55700,55800,55600,55700,170
2026-04-08 09:51:00,55600,55800,55600,55800,195
2026-04-08 09:52:00,55800,55800,55700,55700,189
2026-04-08 09:53:00,55700,55800,55700,55800,226
2026-04-08 09:54:00,55800,55900,55800,55800,158
2026-04-08 09:55:00,55800,55900,55600,55700,419
2026-04-08 09:56:00,55600,55600,55500,55600,173
2026-04-08 09:57:00,55500,55800,55500,55800,146
2026-04-08 09:58:00,55600,55700,55600,55700,98
2026-04-08 09:59:00,55800,55800,55700,55700,172
2026-04-08 10:00:00,55600,55600,55600,55600,36
2026-04-08 10:01:00,55700,55700,55700,55700,13
2026-04-08 10:02:00,55700,55800,55600,55600,523
2026-04-08 10:03:00,55700,55700,55700,55700,32
2026-04-08 10:04:00,55700,55700,55600,55600,426
2026-04-08 10:05:00,55600,55600,55500,55600,238
2026-04-08 10:06:00,55700,55700,55600,55700,282
2026-04-08 10:07:00,55600,55800,55600,55700,568
2026-04-08 10:08:00,55700,55700,55600,55700,262
2026-04-08 10:09:00,55700,55700,55700,55700,33
2026-04-08 10:10:00,55700,55700,55600,55600,390
2026-04-08 10:11:00,55700,55800,55600,55800,128
2026-04-08 10:12:00,55700,55900,55700,55900,803
2026-04-08 10:13:00,55900,55900,55900,55900,38
2026-04-08 10:14:00,55800,56000,55800,55900,163
2026-04-08 10:15:00,55900,56000,55900,55900,301
2026-04-08 10:16:00,55800,55900,55800,55900,79
2026-04-08 10:17:00,55900,56000,55900,55900,146
2026-04-08 10:18:00,55900,56000,55900,55900,348
2026-04-08 10:19:00,55900,55900,55700,55700,393
2026-04-08 10:20:00,55800,55900,55800,55900,35
2026-04-08 10:21:00,55900,56000,55900,56000,87
2026-04-08 10:22:00,55900,56000,55900,56000,80
2026-04-08 10:23:00,56000,56200,56000,56100,1101
2026-04-08 10:24:00,56100,56100,56000,56000,104
2026-04-08 10:25:00,56100,56100,56100,56100,296
2026-04-08 10:26:00,56200,56300,56200,56200,394
2026-04-08 10:27:00,56200,56300,56200,56200,12
2026-04-08 10:28:00,56300,56300,56200,56300,448
2026-04-08 10:29:00,56300,56300,56200,56200,288
2026-04-08 10:30:00,56200,56300,56200,56200,206
2026-04-08 10:31:00,56300,56300,56200,56200,34
2026-04-08 10:32:00,56300,56400,56300,56300,386
2026-04-08 10:33:00,56300,56300,56300,56300,557
2026-04-08 10:34:00,56300,56400,56200,56200,715
2026-04-08 10:35:00,56300,56300,56300,56300,113
2026-04-08 10:36:00,56300,56300,56200,56200,171
2026-04-08 10:37:00,56300,56300,56100,56100,161
2026-04-08 10:38:00,56100,56300,56100,56300,417
2026-04-08 10:39:00,56200,56300,56000,56000,400
2026-04-08 10:40:00,56000,56000,55800,55900,351
2026-04-08 10:41:00,55900,55900,55900,55900,138
2026-04-08 10:42:00,55900,56200,55900,55900,121
2026-04-08 10:43:00,55900,55900,55900,55900,459
2026-04-08 10:44:00,55900,55900,55800,55800,62
2026-04-08 10:45:00,55800,56000,55800,55900,94
2026-04-08 10:46:00,55900,56100,55900,56100,224
2026-04-08 10:47:00,56000,56200,56000,56200,80
2026-04-08 10:48:00,56100,56300,56100,56300,542
2026-04-08 10:49:00,56300,56300,56200,56200,93
2026-04-08 10:50:00,56200,56300,56200,56300,134
2026-04-08 10:51:00,56200,56200,56100,56100,141
2026-04-08 10:52:00,56200,56200,56100,56100,7
2026-04-08 10:53:00,56100,56100,56100,56100,302
2026-04-08 10:54:00,56100,56200,56100,56100,377
2026-04-08 10:55:00,56200,56200,56200,56200,5
2026-04-08 10:56:00,56100,56100,56100,56100,331
2026-04-08 10:57:00,56200,56200,56200,56200,22
2026-04-08 10:58:00,56200,56300,56200,56300,417
2026-04-08 10:59:00,56300,56300,56100,56100,135
2026-04-08 11:00:00,56200,56200,56100,56200,206
2026-04-08 11:01:00,56200,56300,56200,56300,111
2026-04-08 11:03:00,56200,56300,56200,56300,170
2026-04-08 11:04:00,56300,56400,56200,56300,775
2026-04-08 11:05:00,56300,56400,56300,56300,159
2026-04-08 11:06:00,56300,56300,56300,56300,138
2026-04-08 11:07:00,56300,56400,56300,56300,143
2026-04-08 11:08:00,56400,56400,56100,56300,409
2026-04-08 11:09:00,56300,56300,56300,56300,15
2026-04-08 11:10:00,56300,56300,56200,56300,110
2026-04-08 11:11:00,56200,56200,56200,56200,1
2026-04-08 11:12:00,56200,56300,56200,56200,374
2026-04-08 11:13:00,56300,56400,56200,56200,495
2026-04-08 11:14:00,56300,56300,56300,56300,105
2026-04-08 11:15:00,56200,56200,56200,56200,10
2026-04-08 11:16:00,56300,56300,56300,56300,4
2026-04-08 11:17:00,56300,56300,56300,56300,97
2026-04-08 11:18:00,56200,56200,56200,56200,103
2026-04-08 11:21:00,56300,56300,56300,56300,514
2026-04-08 11:22:00,56300,56400,56300,56300,256
2026-04-08 11:23:00,56300,56400,56300,56400,131
2026-04-08 11:24:00,56300,56300,56300,56300,99
2026-04-08 11:25:00,56300,56300,56300,56300,70
2026-04-08 11:26:00,56300,56300,56300,56300,9
2026-04-08 11:27:00,56400,56400,56300,56300,112
2026-04-08 11:28:00,56300,56300,56300,56300,310
2026-04-08 11:29:00,56300,56300,56300,56300,753
2026-04-08 11:30:00,56300,56300,56300,56300,131
2026-04-08 11:31:00,56300,56300,56300,56300,122
2026-04-08 11:32:00,56300,56300,56300,56300,88
2026-04-08 11:33:00,56300,56300,56300,56300,286
2026-04-08 11:34:00,56300,56300,56200,56300,662
2026-04-08 11:35:00,56300,56400,56300,56400,2327
2026-04-08 11:36:00,56400,56500,56400,56500,1292
2026-04-08 11:37:00,56500,56600,56500,56600,36
2026-04-08 11:38:00,56600,56600,56500,56500,20
2026-04-08 11:39:00,56500,56600,56500,56600,163
2026-04-08 11:40:00,56500,56500,56400,56400,402
2026-04-08 11:41:00,56400,56400,56400,56400,72
2026-04-08 11:42:00,56400,56400,56400,56400,128
2026-04-08 11:43:00,56400,56400,56400,56400,3
2026-04-08 11:44:00,56500,56500,56500,56500,124
2026-04-08 11:45:00,56500,56500,56400,56400,27
2026-04-08 11:46:00,56400,56400,56400,56400,134
2026-04-08 11:47:00,56400,56400,56400,56400,45
2026-04-08 11:48:00,56400,56400,56300,56300,126
2026-04-08 11:49:00,56400,56500,56300,56500,205
2026-04-08 11:50:00,56400,56500,56400,56500,180
2026-04-08 11:51:00,56400,56400,56400,56400,51
2026-04-08 11:52:00,56400,56500,56300,56400,128
2026-04-08 11:53:00,56400,56400,56400,56400,132
2026-04-08 11:54:00,56400,56400,56300,56300,73
2026-04-08 11:55:00,56300,56400,56300,56400,65
2026-04-08 11:56:00,56300,56300,56300,56300,195
2026-04-08 11:57:00,56300,56300,56300,56300,79
2026-04-08 11:58:00,56300,56300,56300,56300,5
2026-04-08 11:59:00,56300,56400,56300,56300,12
2026-04-08 12:00:00,56300,56400,56300,56400,111
2026-04-08 12:01:00,56400,56400,56300,56300,232
2026-04-08 12:02:00,56200,56200,56200,56200,999
2026-04-08 12:03:00,56200,56200,56200,56200,110
2026-04-08 12:04:00,56200,56300,56100,56100,190
2026-04-08 12:05:00,56200,56200,56000,56100,288
2026-04-08 12:06:00,56100,56300,56100,56100,129
2026-04-08 12:07:00,56100,56100,56000,56000,244
2026-04-08 12:08:00,56100,56300,56000,56300,305
2026-04-08 12:09:00,56100,56100,55900,55900,50
2026-04-08 12:10:00,56000,56300,56000,56300,113
2026-04-08 12:11:00,56300,56300,56300,56300,136
2026-04-08 12:12:00,56200,56200,56100,56100,15
2026-04-08 12:13:00,56200,56300,56200,56300,141
2026-04-08 12:14:00,56300,56300,56300,56300,128
2026-04-08 12:15:00,56300,56400,56200,56300,157
2026-04-08 12:16:00,56400,56400,56300,56300,176
2026-04-08 12:18:00,56300,56300,56300,56300,82
2026-04-08 12:19:00,56300,56300,56250,56250,263
2026-04-08 12:20:00,56250,56400,56250,56400,137
2026-04-08 12:21:00,56400,56400,56300,56300,38
2026-04-08 12:22:00,56300,56300,56300,56300,21
2026-04-08 12:23:00,56200,56200,56200,56200,31
2026-04-08 12:24:00,56200,56200,56200,56200,14
2026-04-08 12:25:00,56200,56200,56200,56200,1
2026-04-08 12:26:00,56200,56200,56200,56200,107
2026-04-08 12:27:00,56200,56300,56200,56300,29
2026-04-08 12:28:00,56300,56300,56200,56200,134
2026-04-08 12:29:00,56200,56200,56200,56200,5
2026-04-08 12:30:00,56200,56200,56100,56200,22
2026-04-08 12:31:00,56200,56200,56000,56100,185
2026-04-08 12:32:00,56000,56100,56000,56100,206
2026-04-08 12:33:00,56200,56200,55900,56000,201
2026-04-08 12:34:00,56100,56200,56100,56200,114
2026-04-08 12:35:00,56200,56200,56200,56200,63
2026-04-08 12:36:00,56200,56200,56200,56200,29
2026-04-08 12:38:00,56200,56200,56200,56200,1
2026-04-08 12:39:00,56100,56100,56000,56000,75
2026-04-08 12:40:00,56100,56200,56100,56100,80
2026-04-08 12:41:00,56100,56100,56100,56100,66
2026-04-08 12:42:00,56100,56200,56000,56000,52
2026-04-08 12:44:00,56100,56100,55900,55900,176
2026-04-08 12:45:00,56000,56000,55600,55700,614
2026-04-08 12:46:00,55700,56000,55700,55900,209
2026-04-08 12:47:00,55900,55900,55900,55900,87
2026-04-08 12:48:00,55900,56000,55900,56000,17
2026-04-08 12:49:00,56000,56000,55900,55900,233
2026-04-08 12:51:00,56000,56000,56000,56000,30
2026-04-08 12:52:00,56000,56000,56000,56000,25
2026-04-08 12:53:00,56000,56000,55900,56000,30
2026-04-08 12:54:00,55900,55900,55900,55900,10
2026-04-08 12:55:00,56000,56000,56000,56000,18
2026-04-08 12:56:00,56000,56100,55950,56100,314
2026-04-08 12:57:00,56100,56100,56000,56000,9
2026-04-08 12:58:00,56000,56100,56000,56100,447
2026-04-08 12:59:00,56100,56200,56100,56200,641
2026-04-08 13:00:00,56200,56200,56100,56200,302
2026-04-08 13:01:00,56200,56200,56200,56200,312
2026-04-08 13:02:00,56200,56300,56200,56300,137
2026-04-08 13:03:00,56300,56300,56100,56100,238
2026-04-08 13:04:00,56100,56300,56000,56300,175
2026-04-08 13:05:00,56200,56200,56200,56200,2
2026-04-08 13:06:00,56200,56200,56200,56200,152
2026-04-08 13:07:00,56200,56200,56100,56100,100
2026-04-08 13:08:00,56200,56300,56200,56200,85
2026-04-08 13:09:00,56200,56300,56100,56200,142
2026-04-08 13:10:00,56200,56200,56000,56100,103
2026-04-08 13:11:00,56100,56100,56100,56100,20
2026-04-08 13:12:00,56100,56100,56100,56100,107
2026-04-08 13:13:00,56100,56200,56000,56000,82
2026-04-08 13:14:00,56100,56200,56100,56200,43
2026-04-08 13:15:00,56200,56200,56100,56100,107
2026-04-08 13:16:00,56200,56300,56200,56300,51
2026-04-08 13:17:00,56300,56300,56200,56200,172
2026-04-08 13:18:00,56300,56300,56300,56300,5
2026-04-08 13:19:00,56300,56300,56200,56300,109
2026-04-08 13:20:00,56300,56300,56200,56200,159
2026-04-08 13:21:00,56300,56300,56200,56200,5
2026-04-08 13:22:00,56300,56300,56300,56300,2
2026-04-08 13:23:00,56300,56300,56200,56200,270
2026-04-08 13:24:00,56300,56300,56200,56200,7
2026-04-08 13:25:00,56300,56300,56300,56300,4
2026-04-08 13:26:00,56300,56300,56300,56300,94
2026-04-08 13:27:00,56300,56300,56200,56300,145
2026-04-08 13:28:00,56300,56300,56300,56300,3
2026-04-08 13:29:00,56300,56300,56200,56200,139
2026-04-08 13:30:00,56300,56300,56300,56300,10
2026-04-08 13:31:00,56300,56300,56200,56200,195
2026-04-08 13:32:00,56200,56400,56200,56300,112
2026-04-08 13:33:00,56300,56400,56300,56400,96
2026-04-08 13:34:00,56400,56400,56300,56400,477
2026-04-08 13:35:00,56400,56400,56400,56400,503
2026-04-08 13:36:00,56500,56500,56400,56500,3
2026-04-08 13:37:00,56400,56500,56400,56500,107
2026-04-08 13:38:00,56500,56500,56500,56500,4
2026-04-08 13:39:00,56500,56500,56500,56500,5
2026-04-08 13:40:00,56400,56500,56400,56500,93
2026-04-08 13:41:00,56500,56500,56500,56500,2
2026-04-08 13:42:00,56400,56500,56400,56400,237
2026-04-08 13:43:00,56400,56500,56400,56400,201
2026-04-08 13:44:00,56500,56500,56400,56400,92
2026-04-08 13:45:00,56500,56500,56400,56500,319
2026-04-08 13:46:00,56500,56500,56500,56500,7
2026-04-08 13:47:00,56500,56500,56500,56500,15
2026-04-08 13:48:00,56500,56500,56500,56500,1234
2026-04-08 13:49:00,56600,56600,56500,56500,207
2026-04-08 13:50:00,56500,56500,56500,56500,38
2026-04-08 13:51:00,56500,56500,56500,56500,39
2026-04-08 13:52:00,56500,56500,56500,56500,47
2026-04-08 13:53:00,56500,56500,56500,56500,1
2026-04-08 13:54:00,56500,56500,56400,56500,147
2026-04-08 13:55:00,56500,56500,56400,56400,33
2026-04-08 13:56:00,56500,56500,56400,56400,186
2026-04-08 13:57:00,56500,56500,56500,56500,7
2026-04-08 13:58:00,56500,56500,56500,56500,27
2026-04-08 13:59:00,56500,56500,56500,56500,13
2026-04-08 14:00:00,56400,56500,56400,56400,291
2026-04-08 14:01:00,56500,56500,56400,56400,3
2026-04-08 14:02:00,56400,56500,56400,56400,198
2026-04-08 14:03:00,56500,56500,56300,56300,60
2026-04-08 14:04:00,56300,56500,56300,56400,106
2026-04-08 14:05:00,56500,56500,56400,56400,51
2026-04-08 14:06:00,56400,56400,56300,56300,261
2026-04-08 14:07:00,56300,56300,56300,56300,69
2026-04-08 14:08:00,56400,56400,56300,56400,58
2026-04-08 14:09:00,56300,56400,56300,56400,88
2026-04-08 14:10:00,56300,56400,56300,56400,32
2026-04-08 14:11:00,56400,56400,56300,56400,14
2026-04-08 14:12:00,56400,56400,56400,56400,5
2026-04-08 14:13:00,56400,56400,56300,56400,8
2026-04-08 14:14:00,56400,56400,56400,56400,4
2026-04-08 14:15:00,56400,56500,56400,56500,92
2026-04-08 14:16:00,56400,56500,56300,56500,311
2026-04-08 14:18:00,56400,56400,56400,56400,48
2026-04-08 14:20:00,56400,56400,56400,56400,46
2026-04-08 14:21:00,56500,56500,56500,56500,42
2026-04-08 14:22:00,56500,56500,56500,56500,20
2026-04-08 14:23:00,56400,56400,56200,56400,318
2026-04-08 14:24:00,56400,56400,56400,56400,44
2026-04-08 14:25:00,56400,56400,56300,56300,124
2026-04-08 14:26:00,56300,56300,56200,56200,192
2026-04-08 14:27:00,56300,56300,56200,56200,28
2026-04-08 14:28:00,56300,56300,56200,56200,80
2026-04-08 14:29:00,56200,56200,56200,56200,1789
2026-04-08 14:30:00,56100,56200,56100,56200,114
2026-04-08 14:31:00,56200,56300,56200,56200,22
2026-04-08 14:32:00,56200,56200,56200,56200,261
2026-04-08 14:33:00,56200,56200,56200,56200,90
2026-04-08 14:34:00,56200,56200,56100,56100,37
2026-04-08 14:35:00,56200,56200,56100,56100,34
2026-04-08 14:36:00,56100,56100,56000,56100,796
2026-04-08 14:37:00,56000,56100,56000,56100,111
2026-04-08 14:38:00,56000,56100,56000,56000,260
2026-04-08 14:39:00,56000,56100,55900,56000,176
2026-04-08 14:40:00,56000,56000,56000,56000,179
2026-04-08 14:41:00,56000,56000,56000,56000,12
2026-04-08 14:42:00,56000,56000,56000,56000,243
2026-04-08 14:43:00,56000,56000,56000,56000,31
2026-04-08 14:44:00,56100,56100,56100,56100,459
2026-04-08 14:45:00,56200,56200,56100,56100,142
2026-04-08 14:46:00,56200,56300,56200,56300,578
2026-04-08 14:47:00,56300,56400,56100,56200,133
2026-04-08 14:48:00,56200,56400,56100,56200,179
2026-04-08 14:49:00,56100,56400,56100,56300,58
2026-04-08 14:50:00,56300,56500,56300,56400,487
2026-04-08 14:51:00,56400,56600,56400,56500,406
2026-04-08 14:52:00,56500,56600,56500,56500,187
2026-04-08 14:53:00,56500,56700,56500,56600,1619
2026-04-08 14:54:00,56700,56700,56700,56700,86
2026-04-08 14:55:00,56600,56700,56600,56700,58
2026-04-08 14:56:00,56700,56800,56700,56700,915
2026-04-08 14:57:00,56800,56800,56700,56800,742
2026-04-08 14:58:00,56700,56800,56700,56800,258
2026-04-08 14:59:00,56800,56800,56600,56600,531
2026-04-08 15:00:00,56600,56700,56600,56600,192
2026-04-08 15:01:00,56700,56700,56600,56600,64
2026-04-08 15:02:00,56700,56700,56600,56700,560
2026-04-08 15:03:00,56700,56900,56400,56800,1477
2026-04-08 15:04:00,56800,56800,56500,56700,43
2026-04-08 15:05:00,56800,56900,56800,56800,429
2026-04-08 15:06:00,56800,56900,56800,56900,205
2026-04-08 15:07:00,56800,56800,56500,56700,281
2026-04-08 15:08:00,56700,56800,56700,56800,378
2026-04-08 15:09:00,56900,56900,56800,56800,330
2026-04-08 15:10:00,56800,56800,56700,56700,113
2026-04-08 15:11:00,56700,56800,56700,56700,417
2026-04-08 15:12:00,56700,56800,56700,56800,308
2026-04-08 15:13:00,56800,56800,56700,56700,130
2026-04-08 15:14:00,56800,56800,56700,56700,582
2026-04-08 15:15:00,56700,56700,56700,56700,28
2026-04-08 15:16:00,56700,56700,56700,56700,575
2026-04-08 15:17:00,56800,56800,56700,56700,60
2026-04-08 15:18:00,56700,56700,56500,56700,317
2026-04-08 15:19:00,56800,56800,56600,56800,276
2026-04-08 15:30:00,56600,56600,56600,56600,2800
2026-04-08 15:35:00,56600,56600,56600,56600,19
2026-04-09 09:00:00,56000,56100,55500,55800,3521
2026-04-09 09:01:00,55800,55900,55700,55800,891
2026-04-09 09:02:00,55700,55900,55600,55800,881
2026-04-09 09:03:00,55800,55900,55700,55800,727
2026-04-09 09:04:00,55800,56000,55600,56000,543
2026-04-09 09:05:00,55900,56000,55700,55700,222
2026-04-09 09:06:00,55700,56000,55600,55700,1635
2026-04-09 09:07:00,55700,55800,55600,55600,619
2026-04-09 09:08:00,55700,55900,55600,55600,542
2026-04-09 09:09:00,55700,55700,55600,55700,254
2026-04-09 09:10:00,55700,55700,55500,55600,1351
2026-04-09 09:11:00,55500,55600,55400,55600,108
2026-04-09 09:12:00,55600,55700,55500,55600,482
2026-04-09 09:13:00,55600,55700,55600,55700,617
2026-04-09 09:14:00,55700,55700,55600,55700,345
2026-04-09 09:15:00,55700,55700,55600,55600,392
2026-04-09 09:16:00,55700,55900,55600,55900,341
2026-04-09 09:17:00,55800,55900,55700,55700,376
2026-04-09 09:18:00,56000,56100,55900,55900,679
2026-04-09 09:19:00,55800,55800,55700,55700,233
2026-04-09 09:20:00,55700,56000,55700,56000,375
2026-04-09 09:21:00,55800,55900,55800,55900,566
2026-04-09 09:22:00,55900,55900,55800,55900,287
2026-04-09 09:23:00,55900,56000,55800,55900,316
2026-04-09 09:24:00,55900,55900,55700,55900,533
2026-04-09 09:25:00,55900,56000,55700,55800,426
2026-04-09 09:26:00,55800,55900,55700,55800,230
2026-04-09 09:27:00,55700,55800,55500,55600,1371
2026-04-09 09:28:00,55600,55600,55500,55600,107
2026-04-09 09:29:00,55600,55700,55300,55500,1726
2026-04-09 09:30:00,55500,55500,55300,55300,235
2026-04-09 09:31:00,55400,55600,55400,55600,268
2026-04-09 09:32:00,55700,55700,55500,55600,441
2026-04-09 09:33:00,55600,55600,55400,55400,585
2026-04-09 09:34:00,55400,55500,55300,55500,681
2026-04-09 09:35:00,55500,55500,55400,55400,202
2026-04-09 09:36:00,55400,55600,55400,55600,568
2026-04-09 09:37:00,55400,55600,55300,55300,243
2026-04-09 09:38:00,55400,55600,55300,55600,337
2026-04-09 09:39:00,55500,55500,55400,55400,57
2026-04-09 09:40:00,55400,55500,55400,55500,16
2026-04-09 09:41:00,55500,55600,55500,55500,522
2026-04-09 09:42:00,55500,55500,55400,55500,145
2026-04-09 09:43:00,55500,55600,55500,55500,99
2026-04-09 09:44:00,55550,55550,55400,55500,153
2026-04-09 09:45:00,55500,55500,55400,55400,643
2026-04-09 09:46:00,55400,55400,55200,55200,1372
2026-04-09 09:47:00,55200,55200,55100,55200,491
2026-04-09 09:48:00,55200,55300,55200,55300,137
2026-04-09 09:49:00,55300,55400,55200,55300,42
2026-04-09 09:50:00,55300,55400,55300,55300,243
2026-04-09 09:51:00,55300,55400,55300,55400,217
2026-04-09 09:52:00,55400,55500,55400,55400,254
2026-04-09 09:53:00,55400,55500,55400,55500,123
2026-04-09 09:54:00,55500,55500,55500,55500,5
2026-04-09 09:55:00,55400,55500,55300,55400,152
2026-04-09 09:56:00,55400,55500,55400,55500,396
2026-04-09 09:57:00,55400,55500,55400,55500,68
2026-04-09 09:58:00,55400,55400,55400,55400,3
2026-04-09 09:59:00,55400,55400,55300,55400,426
2026-04-09 10:00:00,55400,55400,55300,55300,118
2026-04-09 10:01:00,55300,55400,55300,55400,196
2026-04-09 10:02:00,55400,55400,55300,55300,308
2026-04-09 10:03:00,55400,55400,55300,55400,667
2026-04-09 10:04:00,55300,55300,55200,55300,752
2026-04-09 10:05:00,55200,55200,55200,55200,164
2026-04-09 10:06:00,55200,55200,55100,55200,811
2026-04-09 10:07:00,55100,55200,55100,55100,264
2026-04-09 10:08:00,55100,55200,55100,55200,296
2026-04-09 10:09:00,55100,55200,55000,55200,1223
2026-04-09 10:10:00,55200,55200,55000,55000,395
2026-04-09 10:11:00,55100,55100,55100,55100,107
2026-04-09 10:12:00,55100,55100,55000,55100,118
2026-04-09 10:13:00,55000,55100,55000,55100,108
2026-04-09 10:14:00,55100,55100,55000,55100,232
2026-04-09 10:15:00,55100,55200,55100,55100,108
2026-04-09 10:16:00,55200,55200,54900,54900,1348
2026-04-09 10:17:00,54900,55000,54800,54900,421
2026-04-09 10:18:00,54900,54900,54800,54800,87
2026-04-09 10:19:00,54800,54900,54800,54900,254
2026-04-09 10:20:00,54800,54900,54800,54800,868
2026-04-09 10:21:00,54800,54900,54800,54800,334
2026-04-09 10:22:00,54800,54800,54700,54700,251
2026-04-09 10:23:00,54700,54800,54700,54700,511
2026-04-09 10:24:00,54700,54700,54600,54600,339
2026-04-09 10:25:00,54700,54800,54600,54700,1019
2026-04-09 10:26:00,54700,54800,54700,54800,81
2026-04-09 10:27:00,54800,55000,54800,55000,359
2026-04-09 10:28:00,55100,55100,54900,55100,211
2026-04-09 10:29:00,54900,55000,54700,55000,217
2026-04-09 10:30:00,54800,54800,54700,54700,320
2026-04-09 10:31:00,54800,54800,54800,54800,368
2026-04-09 10:32:00,54800,54900,54800,54800,48
2026-04-09 10:34:00,54800,54800,54800,54800,89
2026-04-09 10:35:00,54900,54900,54800,54900,143
2026-04-09 10:36:00,54900,55000,54900,54900,2773
2026-04-09 10:37:00,54900,55000,54800,54800,554
2026-04-09 10:38:00,54900,54900,54900,54900,48
2026-04-09 10:39:00,55000,55000,54800,55000,149
2026-04-09 10:40:00,55000,55000,54900,54900,183
2026-04-09 10:41:00,54900,55100,54800,54900,410
2026-04-09 10:42:00,54900,54900,54900,54900,132
2026-04-09 10:43:00,54900,54900,54900,54900,97
2026-04-09 10:44:00,54900,54900,54800,54800,222
2026-04-09 10:45:00,54900,55000,54800,55000,108
2026-04-09 10:46:00,55000,55000,55000,55000,10
2026-04-09 10:47:00,55000,55000,54800,54900,341
2026-04-09 10:48:00,54800,54900,54800,54800,1959
2026-04-09 10:49:00,54900,54900,54800,54800,132
2026-04-09 10:50:00,54900,55000,54900,54900,37
2026-04-09 10:51:00,54900,55000,54900,55000,45
2026-04-09 10:52:00,55000,55000,54900,55000,236
2026-04-09 10:53:00,55100,55400,55100,55400,116
2026-04-09 10:54:00,55000,55200,55000,55100,182
2026-04-09 10:55:00,55000,55000,55000,55000,1
2026-04-09 10:56:00,55100,55100,55100,55100,20
2026-04-09 10:57:00,55100,55200,55100,55200,160
2026-04-09 10:58:00,55200,55300,55200,55300,68
2026-04-09 10:59:00,55300,55300,55200,55200,163
2026-04-09 11:00:00,55200,55300,55100,55200,400
2026-04-09 11:01:00,55300,55300,55300,55300,8
2026-04-09 11:02:00,55300,55300,55300,55300,13
2026-04-09 11:03:00,55300,55300,55200,55300,139
2026-04-09 11:04:00,55200,55200,55200,55200,162
2026-04-09 11:05:00,55200,55300,55200,55200,143
2026-04-09 11:06:00,55300,55300,55200,55200,97
2026-04-09 11:07:00,55200,55200,55200,55200,159
2026-04-09 11:08:00,55200,55200,55200,55200,82
2026-04-09 11:09:00,55200,55200,55100,55200,155
2026-04-09 11:10:00,55200,55300,55200,55300,346
2026-04-09 11:11:00,55300,55300,55300,55300,17
2026-04-09 11:12:00,55300,55300,55300,55300,71
2026-04-09 11:13:00,55200,55300,55200,55200,368
2026-04-09 11:14:00,55300,55300,55300,55300,51
2026-04-09 11:15:00,55200,55300,55200,55300,27
2026-04-09 11:16:00,55300,55300,55300,55300,97
2026-04-09 11:17:00,55300,55300,55200,55300,36
2026-04-09 11:18:00,55300,55300,55200,55200,293
2026-04-09 11:19:00,55300,55400,55300,55400,87
2026-04-09 11:20:00,55300,55300,55300,55300,56
2026-04-09 11:21:00,55300,55400,55200,55400,255
2026-04-09 11:22:00,55300,55300,55200,55200,83
2026-04-09 11:23:00,55200,55300,55200,55300,114
2026-04-09 11:24:00,55300,55300,55200,55200,107
2026-04-09 11:25:00,55300,55300,55200,55200,31
2026-04-09 11:26:00,55300,55300,55200,55300,245
2026-04-09 11:27:00,55200,55400,55200,55400,14
2026-04-09 11:28:00,55400,55400,55300,55300,27
2026-04-09 11:29:00,55300,55300,55300,55300,67
2026-04-09 11:30:00,55200,55300,55200,55200,105
2026-04-09 11:31:00,55200,55300,55200,55300,40
2026-04-09 11:32:00,55300,55300,55300,55300,14
2026-04-09 11:33:00,55300,55300,55100,55100,90
2026-04-09 11:34:00,55200,55200,55100,55100,226
2026-04-09 11:35:00,55100,55100,55000,55000,156
2026-04-09 11:36:00,55100,55100,55100,55100,20
2026-04-09 11:37:00,55100,55100,55000,55100,28
2026-04-09 11:38:00,55100,55100,55050,55100,66
2026-04-09 11:39:00,55100,55100,55050,55100,146
2026-04-09 11:40:00,55100,55200,55000,55100,204
2026-04-09 11:41:00,55000,55200,55000,55100,197
2026-04-09 11:42:00,55200,55200,55100,55100,46
2026-04-09 11:43:00,55100,55100,55100,55100,89
2026-04-09 11:44:00,55100,55100,55000,55000,79
2026-04-09 11:45:00,55000,55100,55000,55000,18
2026-04-09 11:46:00,55100,55100,55100,55100,8
2026-04-09 11:47:00,55100,55100,55000,55000,255
2026-04-09 11:48:00,55000,55100,55000,55100,19
2026-04-09 11:49:00,55100,55100,55100,55100,52
2026-04-09 11:50:00,55000,55100,55000,55100,7
2026-04-09 11:51:00,55100,55300,55100,55200,167
2026-04-09 11:52:00,55200,55300,55200,55200,30
2026-04-09 11:53:00,55200,55300,55200,55300,85
2026-04-09 11:54:00,55300,55300,55200,55200,3
2026-04-09 11:55:00,55200,55300,55200,55300,96
2026-04-09 11:56:00,55300,55300,55200,55300,149
2026-04-09 11:57:00,55300,55300,55300,55300,23
2026-04-09 11:58:00,55300,55300,55100,55100,91
2026-04-09 11:59:00,55200,55500,55200,55400,635
2026-04-09 12:00:00,55200,55300,55200,55300,40
2026-04-09 12:01:00,55400,55600,55200,55600,479
2026-04-09 12:02:00,55400,55500,55400,55400,137
2026-04-09 12:04:00,55400,55400,55200,55200,299
2026-04-09 12:05:00,55200,55200,55200,55200,11
2026-04-09 12:06:00,55200,55200,55200,55200,198
2026-04-09 12:07:00,55300,55300,55300,55300,282
2026-04-09 12:08:00,55300,55300,55300,55300,17
2026-04-09 12:09:00,55300,55400,55300,55400,98
2026-04-09 12:11:00,55300,55300,55200,55200,122
2026-04-09 12:12:00,55300,55300,55200,55200,74
2026-04-09 12:13:00,55200,55300,55200,55300,185
2026-04-09 12:14:00,55200,55300,55200,55300,131
2026-04-09 12:15:00,55200,55200,55200,55200,3
2026-04-09 12:16:00,55200,55200,55200,55200,83
2026-04-09 12:17:00,55200,55200,55200,55200,108
2026-04-09 12:18:00,55300,55300,55200,55200,39
2026-04-09 12:19:00,55200,55200,55100,55200,82
2026-04-09 12:20:00,55200,55200,55100,55100,625
2026-04-09 12:21:00,55100,55100,55100,55100,128
2026-04-09 12:22:00,55100,55100,55100,55100,159
2026-04-09 12:23:00,55000,55100,55000,55000,37
2026-04-09 12:24:00,55100,55100,55100,55100,28
2026-04-09 12:25:00,55100,55100,55100,55100,54
2026-04-09 12:26:00,55100,55100,55000,55100,60
2026-04-09 12:27:00,55100,55100,55100,55100,72
2026-04-09 12:29:00,55100,55200,55100,55200,545
2026-04-09 12:30:00,55300,55300,55300,55300,80
2026-04-09 12:31:00,55200,55200,55200,55200,59
2026-04-09 12:32:00,55200,55200,55200,55200,35
2026-04-09 12:33:00,55200,55400,55100,55400,286
2026-04-09 12:34:00,55300,55300,55300,55300,50
2026-04-09 12:35:00,55300,55300,55200,55200,123
2026-04-09 12:36:00,55200,55200,55200,55200,79
2026-04-09 12:37:00,55200,55200,55200,55200,3
2026-04-09 12:38:00,55200,55300,55200,55200,228
2026-04-09 12:39:00,55300,55400,55300,55400,103
2026-04-09 12:40:00,55400,55400,55200,55400,304
2026-04-09 12:41:00,55200,55200,55200,55200,81
2026-04-09 12:42:00,55200,55200,55200,55200,52
2026-04-09 12:43:00,55200,55200,55100,55100,34
2026-04-09 12:44:00,55200,55200,55200,55200,21
2026-04-09 12:45:00,55200,55200,55100,55100,15
2026-04-09 12:46:00,55200,55200,55100,55200,69
2026-04-09 12:47:00,55100,55200,55100,55200,13
2026-04-09 12:48:00,55100,55100,55000,55100,178
2026-04-09 12:49:00,55100,55100,55100,55100,227
2026-04-09 12:50:00,55000,55100,55000,55100,44
2026-04-09 12:51:00,55100,55100,55000,55100,129
2026-04-09 12:52:00,55100,55100,55100,55100,1
2026-04-09 12:53:00,55100,55100,55100,55100,50
2026-04-09 12:54:00,55100,55100,55100,55100,10
2026-04-09 12:55:00,55000,55000,55000,55000,3
2026-04-09 12:56:00,55000,55000,55000,55000,48
2026-04-09 12:57:00,55100,55100,55100,55100,1
2026-04-09 12:58:00,55100,55100,55000,55100,12
2026-04-09 12:59:00,55100,55100,55000,55000,247
2026-04-09 13:00:00,55100,55100,55000,55000,242
2026-04-09 13:01:00,55100,55100,55000,55100,135
2026-04-09 13:02:00,55100,55100,55100,55100,68
2026-04-09 13:03:00,55100,55100,55100,55100,265
2026-04-09 13:04:00,55100,55200,55100,55200,93
2026-04-09 13:05:00,55000,55000,55000,55000,4
2026-04-09 13:06:00,55000,55100,55000,55100,247
2026-04-09 13:07:00,55100,55100,55000,55000,148
2026-04-09 13:09:00,55050,55050,55000,55000,35
2026-04-09 13:10:00,55000,55000,55000,55000,731
2026-04-09 13:12:00,55100,55100,55000,55000,51
2026-04-09 13:13:00,54900,55000,54900,55000,80
2026-04-09 13:14:00,55000,55000,55000,55000,8
2026-04-09 13:15:00,55000,55000,54900,54900,109
2026-04-09 13:16:00,54900,55000,54900,55000,166
2026-04-09 13:17:00,55000,55000,55000,55000,20
2026-04-09 13:18:00,55000,55000,54900,54900,99
2026-04-09 13:19:00,54900,55000,54900,54900,158
2026-04-09 13:20:00,55000,55000,54950,55000,17
2026-04-09 13:21:00,55000,55000,55000,55000,65
2026-04-09 13:22:00,55000,55000,54950,55000,265
2026-04-09 13:23:00,55000,55100,55000,55000,64
2026-04-09 13:24:00,55000,55000,54900,55000,60
2026-04-09 13:25:00,55000,55100,55000,55000,481
2026-04-09 13:26:00,55000,55000,55000,55000,16
2026-04-09 13:27:00,55100,55100,55100,55100,15
2026-04-09 13:28:00,55100,55100,55000,55100,67
2026-04-09 13:29:00,55100,55100,55100,55100,12
2026-04-09 13:30:00,55000,55000,55000,55000,2
2026-04-09 13:31:00,55000,55100,55000,55100,120
2026-04-09 13:32:00,55000,55000,55000,55000,339
2026-04-09 13:33:00,55000,55000,55000,55000,1
2026-04-09 13:34:00,55000,55000,55000,55000,68
2026-04-09 13:35:00,55000,55100,55000,55000,74
2026-04-09 13:36:00,55000,55000,55000,55000,21
2026-04-09 13:39:00,55000,55000,55000,55000,6
2026-04-09 13:40:00,55000,55000,55000,55000,303
2026-04-09 13:41:00,55000,55100,55000,55000,213
2026-04-09 13:42:00,55000,55000,55000,55000,37
2026-04-09 13:43:00,54900,54900,54900,54900,7
2026-04-09 13:45:00,54900,54900,54900,54900,6
2026-04-09 13:46:00,55000,55000,55000,55000,2
2026-04-09 13:47:00,55000,55000,55000,55000,5
2026-04-09 13:48:00,55000,55000,54900,54900,17
2026-04-09 13:49:00,55000,55000,55000,55000,4
2026-04-09 13:50:00,54900,54900,54900,54900,4
2026-04-09 13:51:00,55000,55000,55000,55000,125
2026-04-09 13:52:00,54900,55000,54900,55000,944
2026-04-09 13:54:00,54900,54900,54900,54900,3
2026-04-09 13:55:00,55000,55000,54900,54900,121
2026-04-09 13:56:00,55000,55000,55000,55000,30
2026-04-09 13:57:00,55000,55100,54900,54900,328
2026-04-09 13:58:00,54900,55100,54900,54900,179
2026-04-09 13:59:00,54900,54900,54900,54900,18
2026-04-09 14:00:00,55100,55100,54800,54900,228
2026-04-09 14:01:00,54900,54900,54900,54900,35
2026-04-09 14:02:00,54900,55000,54900,55000,186
2026-04-09 14:03:00,54900,54900,54800,54800,175
2026-04-09 14:04:00,54900,54900,54900,54900,169
2026-04-09 14:05:00,54900,55000,54800,54800,780
2026-04-09 14:06:00,54800,54900,54800,54900,867
2026-04-09 14:07:00,54800,54800,54800,54800,256
2026-04-09 14:08:00,54800,54800,54800,54800,159
2026-04-09 14:09:00,54800,54800,54700,54800,460
2026-04-09 14:10:00,54800,54900,54800,54800,83
2026-04-09 14:12:00,54800,54800,54800,54800,199
2026-04-09 14:13:00,54900,54900,54900,54900,1
2026-04-09 14:14:00,54800,54900,54800,54900,6
2026-04-09 14:15:00,54800,54800,54800,54800,83
2026-04-09 14:16:00,54800,54800,54800,54800,4
2026-04-09 14:17:00,54800,54800,54800,54800,12
2026-04-09 14:18:00,54800,54800,54800,54800,333
2026-04-09 14:19:00,54800,54800,54700,54800,344
2026-04-09 14:20:00,54700,54800,54700,54800,177
2026-04-09 14:21:00,54800,54800,54800,54800,152
2026-04-09 14:22:00,54700,54800,54600,54700,1615
2026-04-09 14:23:00,54700,54700,54600,54700,205
2026-04-09 14:24:00,54700,54700,54700,54700,97
2026-04-09 14:25:00,54700,54800,54700,54800,572
2026-04-09 14:26:00,54800,55000,54800,55000,65
2026-04-09 14:27:00,55000,55000,55000,55000,67
2026-04-09 14:28:00,55000,55000,54900,55000,763
2026-04-09 14:29:00,55000,55200,55000,55200,209
2026-04-09 14:30:00,55100,55100,55100,55100,175
2026-04-09 14:31:00,55000,55100,55000,55100,10
2026-04-09 14:32:00,55100,55100,55000,55100,90
2026-04-09 14:33:00,55100,55100,55100,55100,2
2026-04-09 14:34:00,55000,55100,55000,55000,92
2026-04-09 14:35:00,55000,55000,54800,55000,930
2026-04-09 14:36:00,55000,55000,55000,55000,22
2026-04-09 14:37:00,55000,55000,55000,55000,126
2026-04-09 14:38:00,54900,55000,54800,55000,270
2026-04-09 14:39:00,54900,54900,54900,54900,3
2026-04-09 14:40:00,54900,55000,54900,54900,207
2026-04-09 14:41:00,54900,55000,54900,54900,273
2026-04-09 14:42:00,54900,54900,54900,54900,82
2026-04-09 14:43:00,55000,55100,55000,55100,126
2026-04-09 14:44:00,55100,55100,55100,55100,1
2026-04-09 14:45:00,55000,55000,54900,54900,39
2026-04-09 14:47:00,54900,54900,54900,54900,100
2026-04-09 14:48:00,55000,55000,54900,55000,64
2026-04-09 14:49:00,55000,55100,55000,55000,376
2026-04-09 14:50:00,55000,55000,55000,55000,39
2026-04-09 14:51:00,55000,55000,55000,55000,13
2026-04-09 14:52:00,55000,55100,55000,55000,336
2026-04-09 14:53:00,55000,55100,55000,55000,97
2026-04-09 14:54:00,55000,55000,55000,55000,152
2026-04-09 14:55:00,54900,55000,54900,55000,317
2026-04-09 14:56:00,55000,55000,55000,55000,166
2026-04-09 14:57:00,55000,55000,54900,54900,21
2026-04-09 14:58:00,54900,54900,54900,54900,125
2026-04-09 14:59:00,54900,54900,54900,54900,76
2026-04-09 15:00:00,54900,55000,54900,55000,157
2026-04-09 15:01:00,55000,55000,54900,54900,89
2026-04-09 15:02:00,54900,55000,54900,54900,75
2026-04-09 15:04:00,55000,55000,54900,55000,31
2026-04-09 15:05:00,54900,55000,54900,55000,112
2026-04-09 15:06:00,55000,55000,55000,55000,115
2026-04-09 15:07:00,55000,55000,54800,54900,602
2026-04-09 15:08:00,54900,55000,54900,55000,58
2026-04-09 15:09:00,54900,54900,54900,54900,144
2026-04-09 15:10:00,54900,54900,54900,54900,18
2026-04-09 15:11:00,54900,55000,54900,55000,239
2026-04-09 15:12:00,55000,55000,55000,55000,1
2026-04-09 15:13:00,54900,55000,54900,55000,7
2026-04-09 15:14:00,55000,55000,54900,55000,520
2026-04-09 15:15:00,55000,55100,55000,55100,397
2026-04-09 15:16:00,55100,55200,55000,55200,568
2026-04-09 15:17:00,55100,55100,55100,55100,126
2026-04-09 15:18:00,55100,55200,55000,55200,576
2026-04-09 15:19:00,55200,55200,55100,55100,30
2026-04-09 15:30:00,55000,55000,55000,55000,1905
2026-04-10 09:00:00,56300,56400,56000,56100,1768
2026-04-10 09:01:00,56100,56100,56000,56000,516
2026-04-10 09:02:00,56000,56000,55800,55900,629
2026-04-10 09:03:00,55900,56000,55900,55900,269
2026-04-10 09:04:00,56000,56100,55900,56000,453
2026-04-10 09:05:00,56000,56300,55900,56200,457
2026-04-10 09:06:00,56300,56600,56200,56200,1247
2026-04-10 09:07:00,56200,56300,56100,56200,88
2026-04-10 09:08:00,56200,56200,56100,56200,578
2026-04-10 09:09:00,56000,56100,56000,56000,1503
2026-04-10 09:10:00,56000,56200,56000,56100,169
2026-04-10 09:11:00,56100,56400,56100,56400,283
2026-04-10 09:12:00,56200,56600,56200,56500,576
2026-04-10 09:13:00,56500,56700,56400,56500,1137
2026-04-10 09:14:00,56500,56500,56400,56400,322
2026-04-10 09:15:00,56400,56400,56100,56300,383
2026-04-10 09:16:00,56400,56500,56400,56500,34
2026-04-10 09:17:00,56500,56500,56400,56400,168
2026-04-10 09:18:00,56500,56500,56400,56500,319
2026-04-10 09:19:00,56500,56700,56500,56600,974
2026-04-10 09:20:00,56600,56800,56500,56800,518
2026-04-10 09:21:00,56800,56900,56700,56800,822
2026-04-10 09:22:00,56800,56900,56700,56800,719
2026-04-10 09:23:00,56800,57300,56800,57100,3071
2026-04-10 09:24:00,57200,57200,56900,56900,3261
2026-04-10 09:25:00,56900,57000,56800,56800,592
2026-04-10 09:26:00,56800,56800,56700,56800,280
2026-04-10 09:27:00,56800,56800,56700,56800,168
2026-04-10 09:28:00,56800,56800,56600,56700,180
2026-04-10 09:29:00,56600,56600,56600,56600,482
2026-04-10 09:30:00,56600,56700,56600,56600,238
2026-04-10 09:31:00,56700,56800,56600,56700,584
2026-04-10 09:32:00,56700,56800,56700,56800,206
2026-04-10 09:33:00,56800,56900,56800,56900,356
2026-04-10 09:34:00,57000,57000,56900,57000,1022
2026-04-10 09:35:00,57000,57300,57000,57100,1095
2026-04-10 09:36:00,57100,57300,57000,57100,404
2026-04-10 09:37:00,57000,57100,57000,57100,429
2026-04-10 09:38:00,57200,57300,57200,57200,503
2026-04-10 09:39:00,57200,57300,57100,57300,827
2026-04-10 09:40:00,57300,57300,57300,57300,602
2026-04-10 09:41:00,57300,57500,57300,57300,1719
2026-04-10 09:42:00,57400,57400,57100,57100,758
2026-04-10 09:43:00,57200,57200,57000,57000,271
2026-04-10 09:44:00,57100,57100,57000,57100,27
2026-04-10 09:45:00,57100,57100,57000,57000,416
2026-04-10 09:46:00,57100,57100,57000,57000,249
2026-04-10 09:47:00,57000,57000,57000,57000,155
2026-04-10 09:48:00,57000,57200,56800,57100,594
2026-04-10 09:49:00,57100,57300,57100,57300,77
2026-04-10 09:50:00,57300,57300,57300,57300,43
2026-04-10 09:51:00,57400,57400,57300,57300,133
2026-04-10 09:52:00,57200,57300,57200,57200,194
2026-04-10 09:53:00,57200,57300,57200,57300,126
2026-04-10 09:54:00,57300,57300,57000,57200,282
2026-04-10 09:55:00,57000,57300,57000,57000,601
2026-04-10 09:56:00,57100,57200,57100,57200,368
2026-04-10 09:57:00,57100,57100,57100,57100,218
2026-04-10 09:58:00,57200,57300,57100,57100,504
2026-04-10 09:59:00,57200,57300,57100,57300,207
2026-04-10 10:00:00,57300,57300,57200,57200,129
2026-04-10 10:01:00,57200,57200,57200,57200,48
2026-04-10 10:02:00,57100,57200,57100,57200,3
2026-04-10 10:03:00,57200,57200,57000,57000,228
2026-04-10 10:04:00,57000,57200,57000,57100,683
2026-04-10 10:05:00,57100,57100,57000,57000,237
2026-04-10 10:06:00,57100,57100,57100,57100,45
2026-04-10 10:07:00,57100,57100,57000,57000,191
2026-04-10 10:08:00,57000,57100,57000,57000,128
2026-04-10 10:09:00,57000,57000,57000,57000,168
2026-04-10 10:10:00,57000,57000,56900,56900,111
2026-04-10 10:11:00,57000,57000,56900,56900,27
2026-04-10 10:12:00,56900,57000,56800,57000,420
2026-04-10 10:13:00,57000,57000,57000,57000,43
2026-04-10 10:14:00,57000,57000,56900,56900,11
2026-04-10 10:15:00,56900,56900,56800,56900,192
2026-04-10 10:16:00,56900,56900,56900,56900,71
2026-04-10 10:17:00,56850,57100,56800,57100,1113
2026-04-10 10:18:00,56900,57000,56900,57000,4
2026-04-10 10:19:00,57000,57000,57000,57000,1
2026-04-10 10:20:00,56900,56900,56900,56900,106
2026-04-10 10:21:00,56900,56900,56900,56900,19
2026-04-10 10:22:00,56900,56900,56900,56900,23
2026-04-10 10:23:00,56900,56900,56900,56900,149
2026-04-10 10:24:00,56900,56900,56800,56900,120
2026-04-10 10:25:00,56900,56900,56800,56900,360
2026-04-10 10:26:00,56900,57000,56900,57000,138
2026-04-10 10:27:00,56900,56900,56900,56900,55
2026-04-10 10:28:00,57000,57000,56800,56900,127
2026-04-10 10:29:00,56900,56900,56800,56800,278
2026-04-10 10:30:00,56800,56900,56700,56900,179
2026-04-10 10:32:00,56800,56800,56800,56800,233
2026-04-10 10:33:00,56700,56700,56700,56700,8
2026-04-10 10:34:00,56800,56800,56800,56800,174
2026-04-10 10:35:00,56800,56800,56800,56800,19
2026-04-10 10:36:00,56800,56800,56800,56800,63
2026-04-10 10:37:00,56700,56700,56700,56700,20
2026-04-10 10:38:00,56700,56700,56700,56700,215
2026-04-10 10:40:00,56700,56700,56700,56700,109
2026-04-10 10:41:00,56600,56600,56600,56600,46
2026-04-10 10:42:00,56600,56600,56600,56600,154
2026-04-10 10:43:00,56500,56500,56400,56500,707
2026-04-10 10:44:00,56600,56600,56500,56500,312
2026-04-10 10:45:00,56500,56500,56400,56500,476
2026-04-10 10:46:00,56500,56600,56500,56500,189
2026-04-10 10:47:00,56500,56500,56400,56400,406
2026-04-10 10:48:00,56400,56700,56400,56700,96
2026-04-10 10:49:00,56700,56700,56700,56700,185
2026-04-10 10:50:00,56800,56800,56700,56800,166
2026-04-10 10:51:00,56700,56700,56700,56700,6
2026-04-10 10:52:00,56700,56800,56700,56700,27
2026-04-10 10:53:00,56700,56800,56700,56800,130
2026-04-10 10:54:00,56600,56700,56600,56700,58
2026-04-10 10:55:00,56600,56600,56600,56600,65
2026-04-10 10:57:00,56600,56600,56600,56600,1
2026-04-10 10:59:00,56600,56600,56600,56600,2
2026-04-10 11:00:00,56700,56700,56600,56700,195
2026-04-10 11:01:00,56700,56700,56600,56600,268
2026-04-10 11:02:00,56600,56600,56500,56500,51
2026-04-10 11:03:00,56600,56600,56600,56600,20
2026-04-10 11:04:00,56600,56600,56600,56600,239
2026-04-10 11:05:00,56600,56700,56600,56600,222
2026-04-10 11:06:00,56600,56600,56600,56600,55
2026-04-10 11:07:00,56700,56700,56600,56600,83
2026-04-10 11:08:00,56600,56600,56600,56600,79
2026-04-10 11:09:00,56600,56600,56600,56600,62
2026-04-10 11:10:00,56600,56600,56600,56600,36
2026-04-10 11:11:00,56600,56600,56500,56500,104
2026-04-10 11:13:00,56500,56600,56500,56500,1010
2026-04-10 11:14:00,56500,56500,56500,56500,134
2026-04-10 11:15:00,56500,56500,56400,56400,312
2026-04-10 11:16:00,56400,56400,56400,56400,165
2026-04-10 11:17:00,56400,56400,56200,56200,617
2026-04-10 11:18:00,56300,56500,56200,56500,550
2026-04-10 11:20:00,56500,56500,56300,56300,42
2026-04-10 11:21:00,56300,56300,56300,56300,11
2026-04-10 11:22:00,56300,56300,56200,56300,57
2026-04-10 11:23:00,56300,56400,56300,56300,180
2026-04-10 11:24:00,56300,56300,56300,56300,5
2026-04-10 11:25:00,56400,56400,56400,56400,2
2026-04-10 11:26:00,56300,56300,56300,56300,36
2026-04-10 11:27:00,56300,56300,56300,56300,64
2026-04-10 11:28:00,56300,56300,56300,56300,69
2026-04-10 11:29:00,56300,56300,56200,56200,94
2026-04-10 11:30:00,56200,56300,56100,56200,527
2026-04-10 11:31:00,56200,56300,56200,56300,137
2026-04-10 11:32:00,56300,56300,56250,56300,53
2026-04-10 11:33:00,56300,56500,56300,56500,79
2026-04-10 11:34:00,56350,56350,56350,56350,7
2026-04-10 11:35:00,56300,56300,56300,56300,1
2026-04-10 11:36:00,56300,56300,56300,56300,32
2026-04-10 11:37:00,56400,56400,56400,56400,46
2026-04-10 11:38:00,56400,56400,56300,56300,109
2026-04-10 11:39:00,56500,56500,56500,56500,10
2026-04-10 11:40:00,56400,56400,56400,56400,13
2026-04-10 11:41:00,56400,56400,56300,56300,129
2026-04-10 11:42:00,56300,56300,56300,56300,5
2026-04-10 11:43:00,56400,56400,56400,56400,43
2026-04-10 11:44:00,56400,56400,56400,56400,2
2026-04-10 11:45:00,56500,56500,56300,56400,294
2026-04-10 11:46:00,56400,56400,56300,56400,209
2026-04-10 11:47:00,56400,56500,56400,56500,18
2026-04-10 11:48:00,56500,56500,56500,56500,2
2026-04-10 11:49:00,56400,56500,56400,56500,91
2026-04-10 11:50:00,56400,56400,56300,56400,43
2026-04-10 11:51:00,56400,56400,56400,56400,60
2026-04-10 11:52:00,56400,56500,56200,56400,302
2026-04-10 11:53:00,56500,56600,56500,56600,35
2026-04-10 11:55:00,56500,56500,56500,56500,2
2026-04-10 11:58:00,56500,56500,56500,56500,110
2026-04-10 11:59:00,56600,56600,56600,56600,17
2026-04-10 12:00:00,56600,56600,56600,56600,38
2026-04-10 12:01:00,56600,56600,56600,56600,10
2026-04-10 12:02:00,56500,56500,56500,56500,179
2026-04-10 12:03:00,56500,56500,56500,56500,11
2026-04-10 12:04:00,56500,56600,56400,56400,47
2026-04-10 12:07:00,56400,56400,56300,56300,12
2026-04-10 12:08:00,56400,56500,56400,56500,32
2026-04-10 12:09:00,56400,56500,56400,56500,32
2026-04-10 12:10:00,56300,56300,56300,56300,10
2026-04-10 12:11:00,56300,56400,56300,56400,326
2026-04-10 12:12:00,56300,56300,56300,56300,107
2026-04-10 12:13:00,56300,56300,56300,56300,5
2026-04-10 12:14:00,56350,56350,56300,56300,12
2026-04-10 12:15:00,56300,56400,56300,56400,11
2026-04-10 12:16:00,56400,56400,56400,56400,133
2026-04-10 12:17:00,56400,56400,56400,56400,1
2026-04-10 12:18:00,56400,56500,56400,56400,35
2026-04-10 12:19:00,56400,56400,56400,56400,90
2026-04-10 12:20:00,56400,56400,56400,56400,23
2026-04-10 12:21:00,56400,56400,56300,56300,21
2026-04-10 12:22:00,56300,56300,56300,56300,28
2026-04-10 12:23:00,56400,56400,56400,56400,1
2026-04-10 12:24:00,56400,56400,56400,56400,30
2026-04-10 12:25:00,56300,56500,56300,56400,222
2026-04-10 12:26:00,56400,56400,56400,56400,144
2026-04-10 12:27:00,56400,56400,56400,56400,2
2026-04-10 12:28:00,56400,56400,56400,56400,233
2026-04-10 12:29:00,56400,56400,56400,56400,22
2026-04-10 12:30:00,56400,56400,56400,56400,3
2026-04-10 12:31:00,56400,56400,56400,56400,23
2026-04-10 12:32:00,56400,56400,56400,56400,101
2026-04-10 12:33:00,56400,56400,56400,56400,1
2026-04-10 12:34:00,56400,56400,56400,56400,114
2026-04-10 12:35:00,56400,56400,56400,56400,11
2026-04-10 12:37:00,56300,56400,56300,56400,517
2026-04-10 12:38:00,56400,56400,56400,56400,67
2026-04-10 12:39:00,56400,56400,56400,56400,54
2026-04-10 12:40:00,56400,56400,56400,56400,75
2026-04-10 12:41:00,56400,56400,56400,56400,52
2026-04-10 12:42:00,56400,56400,56400,56400,24
2026-04-10 12:44:00,56400,56400,56400,56400,46
2026-04-10 12:45:00,56300,56300,56300,56300,20
2026-04-10 12:46:00,56300,56300,56300,56300,153
2026-04-10 12:48:00,56400,56400,56400,56400,200
2026-04-10 12:49:00,56400,56400,56400,56400,104
2026-04-10 12:50:00,56400,56400,56400,56400,2
2026-04-10 12:52:00,56400,56400,56300,56300,101
2026-04-10 12:53:00,56400,56400,56400,56400,123
2026-04-10 12:54:00,56400,56400,56300,56400,491
2026-04-10 12:55:00,56400,56400,56400,56400,18
2026-04-10 12:56:00,56400,56400,56400,56400,2
2026-04-10 12:57:00,56400,56400,56400,56400,3
2026-04-10 12:58:00,56400,56500,56400,56500,70
2026-04-10 12:59:00,56400,56500,56400,56400,15
2026-04-10 13:00:00,56400,56400,56400,56400,26
2026-04-10 13:01:00,56400,56500,56400,56500,28
2026-04-10 13:02:00,56400,56400,56400,56400,38
2026-04-10 13:03:00,56400,56400,56400,56400,94
2026-04-10 13:04:00,56400,56500,56400,56500,201
2026-04-10 13:05:00,56600,56600,56500,56500,24
2026-04-10 13:06:00,56500,56500,56400,56500,153
2026-04-10 13:07:00,56500,56500,56500,56500,1
2026-04-10 13:08:00,56500,56500,56500,56500,691
2026-04-10 13:09:00,56500,56500,56500,56500,2
2026-04-10 13:10:00,56400,56400,56400,56400,36
2026-04-10 13:11:00,56400,56400,56400,56400,20
2026-04-10 13:12:00,56500,56500,56400,56400,216
2026-04-10 13:13:00,56500,56500,56400,56400,135
2026-04-10 13:14:00,56400,56400,56400,56400,46
2026-04-10 13:15:00,56500,56500,56500,56500,64
2026-04-10 13:16:00,56400,56400,56400,56400,67
2026-04-10 13:18:00,56400,56400,56400,56400,40
2026-04-10 13:19:00,56400,56400,56400,56400,41
2026-04-10 13:20:00,56400,56400,56300,56300,100
2026-04-10 13:21:00,56400,56400,56300,56400,139
2026-04-10 13:22:00,56400,56400,56400,56400,31
2026-04-10 13:23:00,56400,56500,56400,56500,146
2026-04-10 13:24:00,56400,56400,56400,56400,11
2026-04-10 13:26:00,56400,56400,56400,56400,67
2026-04-10 13:27:00,56300,56300,56300,56300,3
2026-04-10 13:29:00,56400,56400,56400,56400,35
2026-04-10 13:30:00,56400,56400,56400,56400,143
2026-04-10 13:33:00,56400,56400,56400,56400,119
2026-04-10 13:34:00,56400,56500,56400,56500,236
2026-04-10 13:35:00,56400,56400,56400,56400,13
2026-04-10 13:36:00,56500,56500,56500,56500,29
2026-04-10 13:37:00,56500,56500,56500,56500,13
2026-04-10 13:39:00,56500,56500,56200,56200,1555
2026-04-10 13:40:00,56300,56400,56300,56400,344
2026-04-10 13:41:00,56300,56400,56300,56400,4
2026-04-10 13:42:00,56400,56400,56400,56400,1
2026-04-10 13:43:00,56400,56400,56400,56400,32
2026-04-10 13:44:00,56400,56400,56300,56300,45
2026-04-10 13:45:00,56300,56300,56300,56300,21
2026-04-10 13:46:00,56300,56400,56300,56300,328
2026-04-10 13:47:00,56300,56300,56300,56300,59
2026-04-10 13:48:00,56200,56300,56200,56300,131
2026-04-10 13:49:00,56200,56200,56100,56100,301
2026-04-10 13:50:00,56200,56200,56200,56200,156
2026-04-10 13:51:00,56300,56300,56200,56200,46
2026-04-10 13:52:00,56200,56200,56200,56200,136
2026-04-10 13:55:00,56300,56300,56300,56300,1
2026-04-10 13:56:00,56300,56300,56300,56300,248
2026-04-10 13:57:00,56400,56400,56400,56400,10
2026-04-10 13:58:00,56400,56400,56300,56300,154
2026-04-10 13:59:00,56300,56300,56300,56300,686
2026-04-10 14:00:00,56400,56400,56300,56300,47
2026-04-10 14:01:00,56300,56300,56300,56300,1
2026-04-10 14:02:00,56300,56300,56300,56300,153
2026-04-10 14:03:00,56300,56300,56300,56300,19
2026-04-10 14:04:00,56300,56300,56300,56300,124
2026-04-10 14:05:00,56300,56300,56300,56300,94
2026-04-10 14:06:00,56300,56400,56300,56300,24
2026-04-10 14:07:00,56300,56300,56300,56300,99
2026-04-10 14:08:00,56300,56300,56300,56300,37
2026-04-10 14:11:00,56400,56400,56300,56300,27
2026-04-10 14:12:00,56300,56300,56300,56300,24
2026-04-10 14:13:00,56400,56400,56400,56400,2
2026-04-10 14:14:00,56400,56400,56400,56400,1
2026-04-10 14:15:00,56400,56500,56400,56500,574
2026-04-10 14:16:00,56500,56500,56400,56400,535
2026-04-10 14:17:00,56400,56400,56400,56400,95
2026-04-10 14:18:00,56400,56400,56400,56400,4
2026-04-10 14:19:00,56400,56400,56400,56400,49
2026-04-10 14:21:00,56400,56400,56400,56400,7
2026-04-10 14:22:00,56400,56400,56400,56400,40
2026-04-10 14:23:00,56400,56400,56400,56400,127
2026-04-10 14:24:00,56500,56500,56500,56500,1301
2026-04-10 14:25:00,56500,56500,56500,56500,205
2026-04-10 14:26:00,56500,56600,56500,56600,1149
2026-04-10 14:27:00,56600,56600,56600,56600,177
2026-04-10 14:29:00,56600,56600,56600,56600,223
2026-04-10 14:30:00,56700,56700,56600,56700,284
2026-04-10 14:31:00,56700,56700,56700,56700,219
2026-04-10 14:32:00,56700,56700,56700,56700,130
2026-04-10 14:33:00,56700,56750,56700,56700,54
2026-04-10 14:34:00,56800,56800,56800,56800,246
2026-04-10 14:35:00,56800,56900,56800,56900,428
2026-04-10 14:36:00,56900,56900,56800,56900,918
2026-04-10 14:37:00,56800,56800,56800,56800,272
2026-04-10 14:38:00,56800,56800,56600,56600,224
2026-04-10 14:39:00,56500,56700,56500,56500,307
2026-04-10 14:40:00,56500,56700,56400,56500,151
2026-04-10 14:41:00,56500,56500,56400,56500,148
2026-04-10 14:42:00,56500,56600,56500,56500,128
2026-04-10 14:43:00,56500,56500,56400,56400,120
2026-04-10 14:44:00,56500,56500,56400,56400,49
2026-04-10 14:45:00,56400,56400,56400,56400,50
2026-04-10 14:47:00,56400,56400,56400,56400,8
2026-04-10 14:49:00,56400,56400,56400,56400,765
2026-04-10 14:50:00,56400,56500,56400,56500,103
2026-04-10 14:51:00,56500,56800,56500,56800,185
2026-04-10 14:52:00,56700,56800,56700,56800,202
2026-04-10 14:53:00,56500,56700,56400,56400,252
2026-04-10 14:54:00,56400,56700,56300,56600,123
2026-04-10 14:55:00,56500,56700,56400,56700,112
2026-04-10 14:56:00,56700,56800,56400,56400,252
2026-04-10 14:57:00,56500,56800,56300,56600,283
2026-04-10 14:58:00,56600,56600,56500,56600,26
2026-04-10 14:59:00,56600,56600,56300,56600,205
2026-04-10 15:00:00,56600,56600,56600,56600,16
2026-04-10 15:01:00,56500,56500,56400,56500,120
2026-04-10 15:02:00,56500,56500,56500,56500,29
2026-04-10 15:03:00,56500,56500,56300,56400,221
2026-04-10 15:04:00,56400,56500,56400,56400,323
2026-04-10 15:05:00,56400,56400,56300,56300,565
2026-04-10 15:06:00,56400,56400,56300,56300,98
2026-04-10 15:07:00,56400,56500,56400,56500,193
2026-04-10 15:08:00,56400,56500,56400,56400,314
2026-04-10 15:09:00,56300,56600,56300,56400,65
2026-04-10 15:10:00,56400,56400,56300,56400,17
2026-04-10 15:11:00,56400,56400,56300,56400,100
2026-04-10 15:12:00,56400,56400,56300,56400,289
2026-04-10 15:13:00,56400,56400,56200,56300,415
2026-04-10 15:14:00,56300,56400,56300,56400,111
2026-04-10 15:15:00,56400,56400,56300,56400,58
2026-04-10 15:16:00,56400,56400,56300,56300,343
2026-04-10 15:17:00,56400,56400,56400,56400,114
2026-04-10 15:18:00,56400,56400,56300,56400,366
2026-04-10 15:19:00,56400,56400,56300,56400,659
2026-04-10 15:30:00,56200,56200,56200,56200,2589
2026-04-13 09:00:00,54800,55000,54600,54700,918
2026-04-13 09:01:00,54700,55000,54700,54800,632
2026-04-13 09:02:00,54800,55000,54700,55000,947
2026-04-13 09:03:00,55000,55400,54700,55000,1076
2026-04-13 09:04:00,54900,55500,54900,55300,378
2026-04-13 09:05:00,55200,55200,54800,54900,830
2026-04-13 09:06:00,54900,55000,54800,54800,554
2026-04-13 09:07:00,54800,54900,54700,54800,518
2026-04-13 09:08:00,54700,54800,54700,54700,394
2026-04-13 09:09:00,54700,54700,54600,54700,652
2026-04-13 09:10:00,54800,54800,54700,54700,201
2026-04-13 09:11:00,54800,54900,54700,54700,693
2026-04-13 09:12:00,54700,54900,54600,54800,132
2026-04-13 09:13:00,54800,54800,54800,54800,97
2026-04-13 09:14:00,54800,55000,54800,54800,445
2026-04-13 09:15:00,54800,55000,54800,54800,352
2026-04-13 09:16:00,54800,54900,54700,54900,826
2026-04-13 09:17:00,54900,54900,54800,54800,623
2026-04-13 09:18:00,54900,55000,54800,55000,760
2026-04-13 09:19:00,55000,58200,55000,58200,2761
2026-04-13 09:21:00,55800,55800,55300,55500,3281
2026-04-13 09:22:00,55600,56000,55500,55500,2320
2026-04-13 09:23:00,55500,56200,55400,56200,2854
2026-04-13 09:24:00,56100,56200,55700,55800,1931
2026-04-13 09:25:00,55800,56400,55800,56100,2639
2026-04-13 09:26:00,56100,56100,55600,55800,956
2026-04-13 09:27:00,55800,56000,55400,56000,2934
2026-04-13 09:28:00,55900,56100,55700,56000,3240
2026-04-13 09:29:00,56100,56100,56000,56100,547
2026-04-13 09:30:00,56100,56100,56000,56000,733
2026-04-13 09:31:00,56000,56200,55900,56200,1625
2026-04-13 09:32:00,56200,56200,56000,56000,201
2026-04-13 09:33:00,56000,56100,56000,56100,1286
2026-04-13 09:34:00,56100,56100,56000,56100,489
2026-04-13 09:35:00,56100,56100,56000,56100,356
2026-04-13 09:36:00,56100,56100,56000,56100,707
2026-04-13 09:37:00,56100,56100,56000,56100,510
2026-04-13 09:38:00,56100,56100,56000,56100,591
2026-04-13 09:39:00,56000,56100,56000,56000,471
2026-04-13 09:40:00,55900,56100,55800,56100,415
2026-04-13 09:41:00,56100,56100,56000,56000,38
2026-04-13 09:42:00,56000,56000,56000,56000,90
2026-04-13 09:43:00,56100,56100,56100,56100,1
2026-04-13 09:44:00,56100,56100,56100,56100,35
2026-04-13 09:45:00,56100,56400,56100,56300,2818
2026-04-13 09:46:00,56400,56700,56400,56700,1226
2026-04-13 09:47:00,56700,56700,56300,56700,104
2026-04-13 09:48:00,56500,56600,56500,56600,135
2026-04-13 09:49:00,56600,56700,56600,56700,501
2026-04-13 09:50:00,56700,56800,56700,56700,85
2026-04-13 09:51:00,56700,56700,56600,56600,35
2026-04-13 09:52:00,56700,56700,56700,56700,317
2026-04-13 09:53:00,56700,56700,56700,56700,107
2026-04-13 09:54:00,56700,56800,56700,56800,669
2026-04-13 09:55:00,56700,56900,56700,56900,132
2026-04-13 09:56:00,56850,56900,56850,56900,307
2026-04-13 09:57:00,56950,56950,56800,56900,514
2026-04-13 09:58:00,56800,57000,56800,56900,994
2026-04-13 09:59:00,56900,56900,56900,56900,307
2026-04-13 10:00:00,57000,57000,56900,56900,257
2026-04-13 10:01:00,56900,56900,56800,56800,137
2026-04-13 10:02:00,56800,56800,56700,56700,666
2026-04-13 10:03:00,56700,56700,56700,56700,265
2026-04-13 10:04:00,56700,56700,56700,56700,250
2026-04-13 10:05:00,56700,56800,56700,56800,50
2026-04-13 10:06:00,56750,56800,56700,56700,42
2026-04-13 10:07:00,56800,56800,56600,56700,245
2026-04-13 10:08:00,56600,56600,56500,56600,208
2026-04-13 10:09:00,56500,56600,56200,56400,633
2026-04-13 10:10:00,56500,56600,56500,56600,352
2026-04-13 10:11:00,56600,56600,56600,56600,55
2026-04-13 10:12:00,56600,56700,56500,56500,364
2026-04-13 10:13:00,56500,56600,56300,56400,152
2026-04-13 10:14:00,56500,56500,56300,56300,16
2026-04-13 10:15:00,56400,56400,56400,56400,144
2026-04-13 10:16:00,56400,56700,56400,56700,203
2026-04-13 10:17:00,56700,56700,56600,56600,44
2026-04-13 10:18:00,56600,56700,56600,56700,76
2026-04-13 10:19:00,56600,56700,56600,56700,235
2026-04-13 10:20:00,56600,56600,56400,56500,110
2026-04-13 10:21:00,56500,56500,56500,56500,38
2026-04-13 10:22:00,56400,56400,56400,56400,31
2026-04-13 10:23:00,56400,56400,56400,56400,93
2026-04-13 10:24:00,56400,56400,56400,56400,37
2026-04-13 10:25:00,56400,56600,56400,56500,98
2026-04-13 10:26:00,56500,56500,56400,56400,59
2026-04-13 10:27:00,56500,56500,56400,56400,111
2026-04-13 10:28:00,56500,56500,56400,56400,111
2026-04-13 10:29:00,56400,56500,56400,56400,45
2026-04-13 10:30:00,56300,56400,56300,56400,37
2026-04-13 10:31:00,56400,56500,56400,56400,428
2026-04-13 10:32:00,56400,56400,56400,56400,269
2026-04-13 10:33:00,56300,56400,56300,56400,898
2026-04-13 10:34:00,56300,56400,56300,56400,90
2026-04-13 10:35:00,56300,56400,56300,56400,17
2026-04-13 10:36:00,56400,56500,56400,56400,201
2026-04-13 10:37:00,56500,56500,56500,56500,33
2026-04-13 10:38:00,56500,56500,56500,56500,54
2026-04-13 10:39:00,56400,56400,56400,56400,106
2026-04-13 10:40:00,56400,56400,56400,56400,115
2026-04-13 10:41:00,56300,56400,56300,56400,14
2026-04-13 10:42:00,56300,56300,56300,56300,38
2026-04-13 10:43:00,56300,56400,56300,56400,552
2026-04-13 10:44:00,56400,56400,56300,56300,60
2026-04-13 10:45:00,56300,56300,56300,56300,87
2026-04-13 10:46:00,56300,56300,56200,56200,331
2026-04-13 10:47:00,56200,56300,56200,56300,138
2026-04-13 10:48:00,56300,56300,56300,56300,3
2026-04-13 10:49:00,56300,56300,56200,56200,118
2026-04-13 10:50:00,56200,56200,56200,56200,19
2026-04-13 10:51:00,56300,56300,56200,56300,456
2026-04-13 10:52:00,56300,56300,56000,56000,460
2026-04-13 10:53:00,56100,56100,56100,56100,12
2026-04-13 10:54:00,56000,56000,55900,55900,280
2026-04-13 10:55:00,56000,56000,55900,55900,116
2026-04-13 10:56:00,55800,56100,55800,55900,223
2026-04-13 10:57:00,56100,56200,56100,56200,98
2026-04-13 10:58:00,56300,56300,56100,56200,101
2026-04-13 10:59:00,56200,56200,56200,56200,1
2026-04-13 11:00:00,56200,56200,56100,56100,58
2026-04-13 11:01:00,56200,56200,55900,56200,146
2026-04-13 11:02:00,56000,56000,55800,56000,189
2026-04-13 11:03:00,55900,55900,55900,55900,15
2026-04-13 11:04:00,55900,55900,55800,55900,43
2026-04-13 11:05:00,55900,55900,55700,55800,520
2026-04-13 11:06:00,55700,55800,55700,55800,125
2026-04-13 11:07:00,55800,55800,55700,55700,34
2026-04-13 11:08:00,55700,55800,55700,55800,11
2026-04-13 11:09:00,55800,55800,55600,55600,47
2026-04-13 11:10:00,55700,55700,55600,55700,521
2026-04-13 11:11:00,55800,55800,55700,55800,160
2026-04-13 11:12:00,55800,55800,55750,55750,2
2026-04-13 11:13:00,55800,55800,55800,55800,55
2026-04-13 11:14:00,55800,56000,55800,56000,504
2026-04-13 11:15:00,56000,56100,56000,56100,30
2026-04-13 11:16:00,56100,56200,56100,56200,170
2026-04-13 11:17:00,56200,56200,56100,56100,116
2026-04-13 11:18:00,56100,56300,56100,56300,131
2026-04-13 11:19:00,56200,56200,56200,56200,15
2026-04-13 11:20:00,56200,56200,56200,56200,10
2026-04-13 11:21:00,56200,56200,56200,56200,10
2026-04-13 11:22:00,56200,56200,56200,56200,60
2026-04-13 11:23:00,56200,56200,56200,56200,4
2026-04-13 11:24:00,56200,56300,56100,56300,353
2026-04-13 11:25:00,56100,56100,56100,56100,15
2026-04-13 11:26:00,56100,56100,56100,56100,10
2026-04-13 11:27:00,56100,56100,55900,56000,120
2026-04-13 11:28:00,55900,56000,55900,56000,142
2026-04-13 11:29:00,56000,56000,56000,56000,24
2026-04-13 11:30:00,56000,56000,56000,56000,18
2026-04-13 11:31:00,56000,56000,56000,56000,55
2026-04-13 11:33:00,56000,56000,56000,56000,42
2026-04-13 11:34:00,56000,56000,56000,56000,62
2026-04-13 11:35:00,56000,56000,56000,56000,20
2026-04-13 11:36:00,56000,56100,56000,56100,21
2026-04-13 11:37:00,56100,56100,56100,56100,3
2026-04-13 11:40:00,56100,56100,56100,56100,91
2026-04-13 11:41:00,56100,56100,56100,56100,8
2026-04-13 11:42:00,56100,56300,56100,56300,179
2026-04-13 11:43:00,56200,56300,56200,56300,30
2026-04-13 11:45:00,56200,56400,56100,56400,1230
2026-04-13 11:47:00,56300,56300,56100,56100,17
2026-04-13 11:48:00,56200,56200,56200,56200,204
2026-04-13 11:49:00,56200,56200,56200,56200,5
2026-04-13 11:51:00,56300,56300,56200,56200,406
2026-04-13 11:52:00,56300,56300,56300,56300,93
2026-04-13 11:53:00,56300,56300,56300,56300,63
2026-04-13 11:54:00,56200,56300,56200,56300,218
2026-04-13 11:55:00,56200,56300,56100,56100,81
2026-04-13 11:56:00,56100,56100,56000,56100,107
2026-04-13 11:58:00,56100,56200,56000,56200,1199
2026-04-13 11:59:00,56200,56300,56200,56300,37
2026-04-13 12:00:00,56300,56300,56200,56200,45
2026-04-13 12:01:00,56200,56200,56200,56200,123
2026-04-13 12:02:00,56200,56300,56200,56300,51
2026-04-13 12:04:00,56200,56200,56200,56200,49
2026-04-13 12:05:00,56300,56400,56300,56300,76
2026-04-13 12:06:00,56200,56300,56200,56300,80
2026-04-13 12:07:00,56300,56300,56200,56300,215
2026-04-13 12:08:00,56300,56300,56300,56300,9
2026-04-13 12:09:00,56300,56300,56300,56300,36
2026-04-13 12:10:00,56200,56200,56200,56200,39
2026-04-13 12:11:00,56200,56200,56200,56200,121
2026-04-13 12:12:00,56100,56100,56100,56100,174
2026-04-13 12:13:00,56200,56200,56200,56200,1
2026-04-13 12:14:00,56100,56200,56100,56200,5
2026-04-13 12:15:00,56100,56100,56100,56100,88
2026-04-13 12:16:00,56000,56100,56000,56000,195
2026-04-13 12:17:00,56000,56000,56000,56000,136
2026-04-13 12:18:00,55900,55900,55900,55900,281
2026-04-13 12:20:00,55900,55900,55900,55900,5
2026-04-13 12:21:00,56000,56000,56000,56000,22
2026-04-13 12:22:00,56000,56000,55900,55900,28
2026-04-13 12:23:00,55800,55800,55800,55800,93
2026-04-13 12:24:00,55900,55900,55900,55900,2
2026-04-13 12:26:00,55900,55900,55900,55900,42
2026-04-13 12:28:00,55900,55900,55900,55900,10
2026-04-13 12:29:00,55900,55900,55900,55900,410
2026-04-13 12:30:00,55900,55900,55800,55900,41
2026-04-13 12:31:00,55900,55900,55900,55900,43
2026-04-13 12:32:00,56000,56000,56000,56000,46
2026-04-13 12:33:00,56000,56000,56000,56000,31
2026-04-13 12:34:00,56000,56000,55900,55900,100
2026-04-13 12:35:00,56000,56000,56000,56000,5
2026-04-13 12:38:00,55900,55900,55900,55900,75
2026-04-13 12:39:00,56000,56000,56000,56000,51
2026-04-13 12:42:00,56000,56000,56000,56000,6
2026-04-13 12:44:00,56000,56000,56000,56000,12
2026-04-13 12:45:00,56000,56000,56000,56000,2
2026-04-13 12:47:00,55900,55900,55900,55900,20
2026-04-13 12:50:00,56000,56000,56000,56000,5
2026-04-13 12:51:00,56000,56000,55900,55900,64
2026-04-13 12:53:00,55900,55900,55900,55900,3
2026-04-13 12:54:00,55900,55900,55900,55900,7
2026-04-13 12:55:00,55900,56000,55900,56000,196
2026-04-13 12:57:00,55900,55900,55900,55900,63
2026-04-13 12:58:00,55900,56000,55800,56000,302
2026-04-13 13:00:00,55900,55900,55900,55900,4
2026-04-13 13:01:00,55900,55900,55900,55900,46
2026-04-13 13:02:00,55900,56200,55900,56200,740
2026-04-13 13:03:00,56200,56200,56200,56200,10
2026-04-13 13:04:00,56100,56100,56100,56100,2
2026-04-13 13:05:00,56100,56100,56000,56000,97
2026-04-13 13:06:00,56100,56100,56100,56100,63
2026-04-13 13:07:00,56100,56100,56100,56100,162
2026-04-13 13:08:00,56100,56200,56100,56200,324
2026-04-13 13:09:00,56100,56100,56100,56100,15
2026-04-13 13:10:00,56100,56100,56100,56100,51
2026-04-13 13:11:00,56100,56100,56000,56000,135
2026-04-13 13:12:00,56000,56000,56000,56000,5
2026-04-13 13:15:00,56000,56000,56000,56000,174
2026-04-13 13:16:00,55900,56000,55900,56000,21
2026-04-13 13:17:00,56000,56100,56000,56100,205
2026-04-13 13:18:00,56100,56100,56100,56100,3
2026-04-13 13:19:00,56100,56100,56100,56100,90
2026-04-13 13:20:00,56100,56100,56100,56100,35
2026-04-13 13:21:00,56100,56100,56100,56100,13
2026-04-13 13:22:00,56000,56000,56000,56000,29
2026-04-13 13:23:00,55900,56000,55900,55900,42
2026-04-13 13:24:00,55900,55900,55800,55800,389
2026-04-13 13:25:00,55900,56000,55900,56000,349
2026-04-13 13:26:00,56000,56000,55900,55900,142
2026-04-13 13:29:00,56000,56000,56000,56000,171
2026-04-13 13:30:00,56100,56100,55900,55900,99
2026-04-13 13:31:00,55900,56000,55900,56000,3
2026-04-13 13:32:00,56000,56000,56000,56000,24
2026-04-13 13:33:00,55900,55900,55800,55900,150
2026-04-13 13:35:00,56000,56000,56000,56000,27
2026-04-13 13:36:00,56000,56200,56000,56200,4223
2026-04-13 13:38:00,56100,56100,56000,56000,709
2026-04-13 13:41:00,56000,56000,56000,56000,275
2026-04-13 13:42:00,56000,56000,56000,56000,113
2026-04-13 13:43:00,55900,55900,55900,55900,108
2026-04-13 13:44:00,56000,56000,56000,56000,3
2026-04-13 13:46:00,56000,56000,55900,55900,11
2026-04-13 13:47:00,56000,56000,56000,56000,1
2026-04-13 13:48:00,56000,56000,56000,56000,1
2026-04-13 13:49:00,56000,56000,56000,56000,210
2026-04-13 13:50:00,56000,56000,56000,56000,45
2026-04-13 13:51:00,56000,56000,56000,56000,97
2026-04-13 13:52:00,56100,56100,56100,56100,3
2026-04-13 13:53:00,56100,56100,56100,56100,51
2026-04-13 13:54:00,56200,56200,56200,56200,6
2026-04-13 13:55:00,56100,56300,56100,56300,145
2026-04-13 13:56:00,56200,56200,56200,56200,7
2026-04-13 13:57:00,56200,56200,56200,56200,18
2026-04-13 13:58:00,56200,56200,56200,56200,36
2026-04-13 13:59:00,56100,56100,56100,56100,10
2026-04-13 14:00:00,56200,56200,56200,56200,6
2026-04-13 14:01:00,56200,56200,56200,56200,17
2026-04-13 14:02:00,56100,56200,56100,56200,85
2026-04-13 14:03:00,56200,56200,56200,56200,81
2026-04-13 14:04:00,56200,56200,56100,56100,203
2026-04-13 14:05:00,56100,56100,56100,56100,101
2026-04-13 14:06:00,56100,56100,56100,56100,1
2026-04-13 14:07:00,56200,56200,56200,56200,503
2026-04-13 14:08:00,56200,56200,56100,56100,53
2026-04-13 14:09:00,56100,56100,56000,56100,62
2026-04-13 14:11:00,56100,56200,56100,56200,115
2026-04-13 14:12:00,56200,56200,56200,56200,1
2026-04-13 14:13:00,56200,56200,56200,56200,54
2026-04-13 14:14:00,56200,56300,56200,56300,97
2026-04-13 14:15:00,56200,56400,56200,56400,675
2026-04-13 14:16:00,56400,56500,56400,56500,396
2026-04-13 14:17:00,56500,56500,56400,56500,247
2026-04-13 14:18:00,56500,56500,56300,56300,115
2026-04-13 14:19:00,56300,56300,56300,56300,1
2026-04-13 14:20:00,56400,56450,55900,56100,2223
2026-04-13 14:21:00,56100,56200,55900,55900,270
2026-04-13 14:22:00,56000,56300,56000,56300,61
2026-04-13 14:23:00,56300,56300,56300,56300,1
2026-04-13 14:24:00,56200,56300,56200,56200,179
2026-04-13 14:25:00,56200,56200,56200,56200,1
2026-04-13 14:26:00,56200,56300,56200,56300,6
2026-04-13 14:27:00,56200,56200,56200,56200,83
2026-04-13 14:29:00,56200,56200,56100,56100,122
2026-04-13 14:31:00,56100,56100,56100,56100,36
2026-04-13 14:32:00,56200,56200,56200,56200,303
2026-04-13 14:33:00,56200,56200,56200,56200,22
2026-04-13 14:34:00,56100,56200,56100,56200,97
2026-04-13 14:35:00,56200,56200,56100,56100,208
2026-04-13 14:36:00,56100,56100,56100,56100,128
2026-04-13 14:38:00,56200,56200,56200,56200,80
2026-04-13 14:39:00,56100,56300,56100,56200,35
2026-04-13 14:40:00,56200,56200,56200,56200,21
2026-04-13 14:41:00,56100,56100,56100,56100,110
2026-04-13 14:42:00,56100,56100,56100,56100,96
2026-04-13 14:43:00,56100,56100,56100,56100,24
2026-04-13 14:44:00,56100,56100,56000,56000,363
2026-04-13 14:45:00,56000,56000,55900,56000,132
2026-04-13 14:46:00,56000,56000,56000,56000,109
2026-04-13 14:47:00,56100,56200,56000,56000,79
2026-04-13 14:48:00,56000,56000,56000,56000,10
2026-04-13 14:49:00,56000,56000,56000,56000,3
2026-04-13 14:50:00,56100,56100,56100,56100,83
2026-04-13 14:51:00,56100,56200,56000,56000,324
2026-04-13 14:52:00,56100,56100,56100,56100,1
2026-04-13 14:53:00,56100,56100,56100,56100,90
2026-04-13 14:55:00,56100,56100,56000,56000,234
2026-04-13 14:56:00,56000,56000,56000,56000,1
2026-04-13 14:57:00,56000,56100,56000,56100,24
2026-04-13 15:00:00,56100,56100,56000,56000,364
2026-04-13 15:01:00,56000,56000,56000,56000,123
2026-04-13 15:02:00,56000,56000,55900,56000,10
2026-04-13 15:03:00,55900,55900,55900,55900,164
2026-04-13 15:04:00,55900,56000,55900,56000,14
2026-04-13 15:05:00,55900,56000,55900,56000,54
2026-04-13 15:06:00,56000,56000,56000,56000,19
2026-04-13 15:07:00,56000,56000,55900,55900,38
2026-04-13 15:08:00,55900,56000,55900,56000,34
2026-04-13 15:09:00,56000,56100,56000,56100,625
2026-04-13 15:10:00,56100,56100,56000,56000,175
2026-04-13 15:11:00,56100,56100,55900,55900,288
2026-04-13 15:12:00,56000,56000,56000,56000,26
2026-04-13 15:13:00,56000,56000,56000,56000,64
2026-04-13 15:14:00,56000,56000,56000,56000,125
2026-04-13 15:15:00,56000,56000,55900,56000,14
2026-04-13 15:17:00,55900,56000,55900,56000,22
2026-04-13 15:18:00,55900,56000,55900,56000,57
2026-04-13 15:19:00,56000,56000,55900,56000,622
2026-04-13 15:30:00,55800,55800,55800,55800,1346
