date_idx,open,high,low,close,volume
2026-03-20 12:52:00,34550,34600,34550,34600,108
2026-03-20 12:53:00,34600,34600,34550,34600,242
2026-03-20 12:54:00,34600,34600,34550,34600,34
2026-03-20 12:55:00,34600,34600,34550,34550,57
2026-03-20 12:56:00,34550,34600,34500,34600,102
2026-03-20 12:57:00,34600,34600,34600,34600,13
2026-03-20 12:58:00,34600,34600,34550,34600,128
2026-03-20 12:59:00,34600,34600,34500,34600,146
2026-03-20 13:00:00,34600,34600,34600,34600,16
2026-03-20 13:01:00,34600,34600,34600,34600,50
2026-03-20 13:02:00,34550,34600,34550,34600,189
2026-03-20 13:03:00,34600,34600,34550,34600,174
2026-03-20 13:04:00,34600,34650,34550,34550,101
2026-03-20 13:05:00,34650,34650,34650,34650,30
2026-03-20 13:06:00,34625,34700,34600,34700,72
2026-03-20 13:07:00,34600,34700,34450,34450,199
2026-03-20 13:08:00,34650,34650,34500,34600,130
2026-03-20 13:09:00,34400,34650,34350,34650,242
2026-03-20 13:10:00,34650,34650,34300,34550,376
2026-03-20 13:11:00,34500,34600,34400,34450,129
2026-03-20 13:12:00,34400,34450,34350,34450,150
2026-03-20 13:13:00,34450,34500,34400,34500,108
2026-03-20 13:14:00,34500,34550,34500,34550,278
2026-03-20 13:15:00,34550,34550,34450,34450,348
2026-03-20 13:16:00,34450,34550,34400,34400,193
2026-03-20 13:17:00,34500,34550,34400,34400,208
2026-03-20 13:18:00,34450,34500,34450,34450,26
2026-03-20 13:19:00,34450,34450,34250,34250,92
2026-03-20 13:20:00,34350,34600,34250,34600,1880
2026-03-20 13:21:00,34600,34700,34450,34700,787
2026-03-20 13:22:00,34700,34750,34550,34750,477
2026-03-20 13:23:00,34750,34750,34750,34750,32
2026-03-20 13:24:00,34750,34750,34600,34750,242
2026-03-20 13:25:00,34750,34750,34550,34700,123
2026-03-20 13:26:00,34600,34700,34600,34650,159
2026-03-20 13:27:00,34650,34650,34550,34550,42
2026-03-20 13:28:00,34600,34600,34400,34400,548
2026-03-20 13:29:00,34550,34550,34500,34500,129
2026-03-20 13:30:00,34550,34550,34200,34350,1325
2026-03-20 13:31:00,34200,34350,34200,34350,298
2026-03-20 13:32:00,34300,34350,34200,34250,637
2026-03-20 13:33:00,34250,34250,34200,34250,252
2026-03-20 13:34:00,34250,34250,34200,34250,157
2026-03-20 13:35:00,34250,34300,34250,34300,227
2026-03-20 13:36:00,34300,34300,34300,34300,19
2026-03-20 13:37:00,34250,34300,34250,34300,135
2026-03-20 13:38:00,34300,34300,34250,34300,166
2026-03-20 13:39:00,34300,34300,34150,34150,1499
2026-03-20 13:40:00,34250,34250,34150,34250,186
2026-03-20 13:41:00,34250,34300,34200,34200,176
2026-03-20 13:42:00,34300,34300,34200,34200,118
2026-03-20 13:43:00,34300,34300,34200,34300,28
2026-03-20 13:44:00,34300,34300,34300,34300,168
2026-03-20 13:45:00,34300,34300,34250,34250,110
2026-03-20 13:46:00,34200,34350,34150,34350,1401
2026-03-20 13:47:00,34350,34350,34350,34350,140
2026-03-20 13:48:00,34350,34350,34150,34150,1226
2026-03-20 13:49:00,34350,34350,34100,34350,48
2026-03-20 13:50:00,34350,34350,34100,34300,121
2026-03-20 13:51:00,34300,34300,34200,34250,61
2026-03-20 13:52:00,34250,34350,34250,34300,101
2026-03-20 13:53:00,34250,34250,34100,34100,171
2026-03-20 13:54:00,34200,34200,34050,34100,140
2026-03-20 13:55:00,34050,34100,34000,34100,273
2026-03-20 13:56:00,33900,34050,33800,34000,2329
2026-03-20 13:57:00,34000,34000,33900,34000,243
2026-03-20 13:58:00,34000,34000,34000,34000,65
2026-03-20 13:59:00,34000,34050,33950,34050,105
2026-03-20 14:00:00,34050,34050,33900,34050,394
2026-03-20 14:01:00,34000,34050,34000,34050,23
2026-03-20 14:02:00,34050,34050,33850,34000,35
2026-03-20 14:03:00,33850,34000,33850,34000,115
2026-03-20 14:04:00,34000,34000,33950,33950,78
2026-03-20 14:05:00,33950,34000,33950,34000,23
2026-03-20 14:06:00,33900,34000,33800,33950,165
2026-03-20 14:07:00,33950,33950,33850,33850,65
2026-03-20 14:08:00,33900,33900,33750,33900,232
2026-03-20 14:09:00,33750,33900,33750,33750,216
2026-03-20 14:10:00,33750,33900,33350,33550,1927
2026-03-20 14:11:00,33850,33850,33650,33650,171
2026-03-20 14:12:00,33650,33850,33650,33850,497
2026-03-20 14:13:00,33750,33850,33750,33800,355
2026-03-20 14:14:00,33850,33950,33850,33850,496
2026-03-20 14:15:00,33950,33950,33950,33950,14
2026-03-20 14:16:00,33950,33950,33900,33950,37
2026-03-20 14:17:00,33950,34000,33900,34000,125
2026-03-20 14:18:00,33900,34000,33750,33800,79
2026-03-20 14:19:00,33950,33950,33850,33900,5
2026-03-20 14:20:00,33950,34000,33900,33900,142
2026-03-20 14:21:00,34000,34250,34000,34100,1275
2026-03-20 14:22:00,34250,34250,34250,34250,183
2026-03-20 14:23:00,34100,34250,34000,34250,495
2026-03-20 14:24:00,34250,34250,34250,34250,51
2026-03-20 14:25:00,34250,34250,34250,34250,4
2026-03-20 14:26:00,34250,34300,34150,34300,73
2026-03-20 14:27:00,34300,34350,34300,34350,252
2026-03-20 14:28:00,34350,34400,34300,34350,585
2026-03-20 14:29:00,34250,34250,34050,34200,185
2026-03-20 14:30:00,34200,34200,34200,34200,16
2026-03-20 14:31:00,34200,35000,34150,34300,9428
2026-03-20 14:32:00,34250,34350,34250,34350,257
2026-03-20 14:33:00,34350,34350,34350,34350,131
2026-03-20 14:34:00,34300,34300,34200,34250,279
2026-03-20 14:35:00,34250,34250,34100,34250,624
2026-03-20 14:36:00,34250,34250,34100,34250,57
2026-03-20 14:37:00,34250,34250,34150,34150,23
2026-03-20 14:38:00,34050,34200,34050,34200,98
2026-03-20 14:39:00,34200,34200,34200,34200,203
2026-03-20 14:40:00,34100,34200,34050,34200,210
2026-03-20 14:41:00,34050,34200,34050,34200,58
2026-03-20 14:42:00,34200,34200,34200,34200,453
2026-03-20 14:43:00,34250,34250,34200,34200,34
2026-03-20 14:44:00,34150,34250,34150,34150,106
2026-03-20 14:45:00,34100,34100,34100,34100,343
2026-03-20 14:46:00,34100,34100,34050,34050,183
2026-03-20 14:47:00,34050,34250,34050,34250,1502
2026-03-20 14:48:00,34250,34250,34250,34250,4
2026-03-20 14:49:00,34200,34300,34200,34200,342
2026-03-20 14:50:00,34300,34300,34200,34300,550
2026-03-20 14:51:00,34300,34300,34250,34250,30
2026-03-20 14:52:00,34250,34300,34200,34250,361
2026-03-20 14:53:00,34300,34300,34250,34250,223
2026-03-20 14:54:00,34250,34250,34150,34150,439
2026-03-20 14:55:00,34200,34200,34050,34050,309
2026-03-20 14:56:00,34150,34150,34150,34150,71
2026-03-20 14:57:00,34150,34200,34150,34200,201
2026-03-20 14:58:00,34150,34200,34100,34200,258
2026-03-20 14:59:00,34200,34200,34000,34050,664
2026-03-20 15:00:00,34050,34100,33900,33900,2184
2026-03-20 15:01:00,33900,33900,33850,33850,77
2026-03-20 15:02:00,33900,33900,33900,33900,316
2026-03-20 15:03:00,33900,33900,33850,33900,1984
2026-03-20 15:04:00,33900,33900,33850,33850,3086
2026-03-20 15:05:00,33850,34000,33850,34000,34
2026-03-20 15:06:00,34000,34000,33900,33900,1364
2026-03-20 15:07:00,33900,33900,33850,33850,140
2026-03-20 15:08:00,33900,34100,33900,34100,1100
2026-03-20 15:09:00,34000,34100,33850,34100,531
2026-03-20 15:10:00,33850,34050,33850,34000,462
2026-03-20 15:11:00,33950,33950,33900,33900,7
2026-03-20 15:12:00,33900,33900,33900,33900,91
2026-03-20 15:13:00,33850,33900,33850,33900,53
2026-03-20 15:14:00,33850,33900,33850,33900,1455
2026-03-20 15:15:00,33900,33900,33900,33900,233
2026-03-20 15:16:00,33900,33900,33850,33850,1263
2026-03-20 15:17:00,33800,33950,33750,33850,1653
2026-03-20 15:18:00,33850,33950,33750,33800,641
2026-03-20 15:19:00,33800,34000,33750,34000,2136
2026-03-20 15:30:00,34000,34000,34000,34000,3875
2026-03-20 15:35:00,34000,34000,34000,34000,19
2026-03-23 09:00:00,33400,33400,32250,32600,7930
2026-03-23 09:01:00,32600,33050,32350,33050,5167
2026-03-23 09:02:00,32900,32900,32450,32525,2614
2026-03-23 09:03:00,32500,32650,32100,32500,9537
2026-03-23 09:04:00,32300,32500,32050,32100,1434
2026-03-23 09:05:00,32100,32150,31700,31800,7684
2026-03-23 09:06:00,31800,32000,31700,31800,2621
2026-03-23 09:07:00,32000,32050,31100,31450,7213
2026-03-23 09:08:00,31700,31950,31250,31950,2309
2026-03-23 09:09:00,31800,31900,31500,31900,2463
2026-03-23 09:10:00,31600,32050,31550,31800,10006
2026-03-23 09:11:00,31850,32050,31700,31750,4009
2026-03-23 09:12:00,31700,31700,31500,31650,3779
2026-03-23 09:13:00,31700,31800,31650,31800,339
2026-03-23 09:14:00,31900,31950,31550,31600,1179
2026-03-23 09:15:00,31750,31850,31700,31850,479
2026-03-23 09:16:00,31850,32000,31700,32000,1241
2026-03-23 09:17:00,31950,32100,31800,31950,4797
2026-03-23 09:18:00,31950,32150,31950,32000,3690
2026-03-23 09:19:00,32050,32250,32050,32200,430
2026-03-23 09:20:00,32300,32400,32100,32100,484
2026-03-23 09:21:00,32100,32100,31800,31800,2469
2026-03-23 09:22:00,31800,32000,31750,32000,975
2026-03-23 09:23:00,32000,32000,31600,31600,1180
2026-03-23 09:24:00,31600,31700,31550,31600,11375
2026-03-23 09:25:00,31700,31700,31550,31550,718
2026-03-23 09:26:00,31600,31750,31500,31500,2028
2026-03-23 09:27:00,31550,31550,31200,31250,4136
2026-03-23 09:28:00,31200,31550,31200,31550,1684
2026-03-23 09:29:00,31550,31550,31200,31400,2635
2026-03-23 09:30:00,31400,31650,31400,31400,725
2026-03-23 09:31:00,31450,31450,31450,31450,391
2026-03-23 09:32:00,31450,31650,31450,31550,1104
2026-03-23 09:33:00,31700,31750,31550,31700,50
2026-03-23 09:34:00,31700,31750,31600,31650,705
2026-03-23 09:35:00,31700,31750,31500,31600,1505
2026-03-23 09:36:00,31550,31600,31500,31550,240
2026-03-23 09:37:00,31500,31550,31300,31400,11359
2026-03-23 09:38:00,31300,31400,31300,31350,349
2026-03-23 09:39:00,31400,31450,31400,31400,250
2026-03-23 09:40:00,31450,31450,31450,31450,249
2026-03-23 09:41:00,31500,31500,31500,31500,8
2026-03-23 09:42:00,31450,31450,31300,31300,1729
2026-03-23 09:43:00,31350,31350,31300,31300,1029
2026-03-23 09:44:00,31250,31400,31250,31400,273
2026-03-23 09:45:00,31400,31400,31250,31250,170
2026-03-23 09:46:00,31250,31300,31250,31250,190
2026-03-23 09:47:00,31250,31250,31000,31000,28330
2026-03-23 09:48:00,31000,31200,31000,31000,950
2026-03-23 09:49:00,31000,31000,30900,30900,1385
2026-03-23 09:50:00,31100,31100,30900,30900,220
2026-03-23 09:51:00,31050,31200,30950,31000,935
2026-03-23 09:52:00,30950,31050,30800,30850,1466
2026-03-23 09:53:00,30850,30950,30800,30850,394
2026-03-23 09:54:00,30850,30850,30650,30800,1411
2026-03-23 09:55:00,30850,31000,30750,31000,372
2026-03-23 09:56:00,31000,31050,30850,30850,1611
2026-03-23 09:57:00,30850,30950,30750,30750,3116
2026-03-23 09:58:00,30750,31000,30750,30950,12733
2026-03-23 09:59:00,30800,30900,30800,30850,83
2026-03-23 10:00:00,30900,31000,30850,30900,397
2026-03-23 10:01:00,30950,30950,30900,30950,168
2026-03-23 10:02:00,30950,30950,30850,30950,809
2026-03-23 10:03:00,31000,31000,31000,31000,97
2026-03-23 10:04:00,31000,31200,31000,31200,723
2026-03-23 10:05:00,31200,31250,31150,31200,1616
2026-03-23 10:06:00,31200,31300,31200,31300,324
2026-03-23 10:07:00,31200,31350,31200,31250,125
2026-03-23 10:08:00,31300,31400,31200,31400,238
2026-03-23 10:09:00,31300,31450,31300,31450,1612
2026-03-23 10:10:00,31400,31600,31400,31600,523
2026-03-23 10:11:00,31500,31750,31450,31450,1025
2026-03-23 10:12:00,31550,31600,31450,31500,593
2026-03-23 10:13:00,31650,31700,31550,31650,1169
2026-03-23 10:14:00,31650,31900,31600,31900,2715
2026-03-23 10:15:00,31700,31700,31700,31700,98
2026-03-23 10:16:00,31700,31700,31650,31650,303
2026-03-23 10:17:00,31625,31700,31500,31650,305
2026-03-23 10:18:00,31700,31850,31700,31800,690
2026-03-23 10:19:00,31750,31850,31750,31750,597
2026-03-23 10:20:00,31850,31850,31700,31750,600
2026-03-23 10:21:00,31800,31900,31700,31700,747
2026-03-23 10:22:00,31700,31700,31550,31550,393
2026-03-23 10:23:00,31650,31650,31600,31600,107
2026-03-23 10:24:00,31650,31750,31650,31700,190
2026-03-23 10:25:00,31700,31800,31700,31750,1061
2026-03-23 10:26:00,31800,31900,31800,31900,1624
2026-03-23 10:27:00,31850,31900,31800,31800,1130
2026-03-23 10:28:00,31750,31850,31750,31850,45
2026-03-23 10:29:00,31800,31800,31750,31750,50
2026-03-23 10:30:00,31750,31800,31700,31700,454
2026-03-23 10:31:00,31700,31700,31700,31700,193
2026-03-23 10:32:00,31700,31700,31700,31700,106
2026-03-23 10:33:00,31700,31700,31550,31550,576
2026-03-23 10:34:00,31600,31650,31550,31600,606
2026-03-23 10:35:00,31550,31550,31500,31500,1341
2026-03-23 10:36:00,31500,31500,31300,31350,1135
2026-03-23 10:37:00,31350,31500,31350,31450,49
2026-03-23 10:38:00,31450,31600,31450,31600,190
2026-03-23 10:39:00,31450,31650,31450,31650,155
2026-03-23 10:40:00,31550,31600,31500,31550,121
2026-03-23 10:41:00,31550,31550,31375,31550,898
2026-03-23 10:42:00,31575,31700,31575,31700,749
2026-03-23 10:43:00,31650,31650,31550,31550,441
2026-03-23 10:44:00,31600,31750,31600,31750,365
2026-03-23 10:45:00,31600,31750,31600,31750,102
2026-03-23 10:46:00,31600,31600,31600,31600,62
2026-03-23 10:47:00,31550,31550,31550,31550,90
2026-03-23 10:48:00,31550,31550,31500,31500,132
2026-03-23 10:49:00,31550,31550,31500,31500,13
2026-03-23 10:50:00,31500,31550,31500,31550,1063
2026-03-23 10:51:00,31550,31550,31550,31550,30
2026-03-23 10:52:00,31550,31600,31550,31550,323
2026-03-23 10:53:00,31550,31550,31550,31550,44
2026-03-23 10:54:00,31550,31600,31450,31450,601
2026-03-23 10:55:00,31450,31450,31450,31450,24
2026-03-23 10:56:00,31400,31500,31400,31500,176
2026-03-23 10:57:00,31500,31500,31450,31450,40
2026-03-23 10:58:00,31500,31550,31500,31550,195
2026-03-23 10:59:00,31450,31600,31450,31600,394
2026-03-23 11:00:00,31450,31450,31450,31450,482
2026-03-23 11:01:00,31500,31600,31500,31600,4
2026-03-23 11:02:00,31600,31600,31550,31550,459
2026-03-23 11:03:00,31550,31550,31550,31550,31
2026-03-23 11:04:00,31600,31600,31500,31500,44
2026-03-23 11:05:00,31500,31550,31500,31550,9
2026-03-23 11:06:00,31550,31600,31550,31600,84
2026-03-23 11:09:00,31650,31900,31650,31800,554
2026-03-23 11:10:00,31600,31600,31500,31500,216
2026-03-23 11:12:00,31500,31500,31500,31500,135
2026-03-23 11:13:00,31450,31450,31300,31300,1629
2026-03-23 11:14:00,31300,31350,31300,31350,10
2026-03-23 11:15:00,31350,31500,31350,31500,43
2026-03-23 11:16:00,31425,31425,31350,31350,41
2026-03-23 11:17:00,31450,31450,31450,31450,204
2026-03-23 11:19:00,31500,31500,31500,31500,1
2026-03-23 11:20:00,31450,31500,31450,31500,53
2026-03-23 11:21:00,31500,31550,31500,31550,8
2026-03-23 11:23:00,31600,31650,31600,31650,21
2026-03-23 11:24:00,31600,31750,31550,31750,71
2026-03-23 11:25:00,31750,31750,31750,31750,15
2026-03-23 11:26:00,31750,31850,31700,31700,50
2026-03-23 11:27:00,31750,31750,31650,31650,519
2026-03-23 11:29:00,31600,31650,31600,31650,47
2026-03-23 11:30:00,31600,31600,31600,31600,117
2026-03-23 11:32:00,31600,31600,31600,31600,13
2026-03-23 11:34:00,31550,31550,31550,31550,864
2026-03-23 11:35:00,31525,31525,31500,31500,211
2026-03-23 11:36:00,31500,31500,31475,31500,237
2026-03-23 11:37:00,31500,31500,31450,31450,2012
2026-03-23 11:38:00,31450,31450,31450,31450,1
2026-03-23 11:39:00,31400,31400,31400,31400,442
2026-03-23 11:40:00,31350,31450,31350,31450,195
2026-03-23 11:41:00,31450,31450,31400,31400,103
2026-03-23 11:42:00,31500,31500,31400,31400,532
2026-03-23 11:43:00,31350,31350,31350,31350,31
2026-03-23 11:44:00,31350,31400,31350,31400,86
2026-03-23 11:45:00,31400,31400,31350,31350,127
2026-03-23 11:46:00,31350,31400,31350,31400,10
2026-03-23 11:47:00,31350,31350,31350,31350,1249
2026-03-23 11:48:00,31300,31300,31300,31300,20
2026-03-23 11:49:00,31300,31350,31300,31350,193
2026-03-23 11:50:00,31375,31375,31350,31350,218
2026-03-23 11:51:00,31350,31350,31350,31350,24
2026-03-23 11:54:00,31400,31400,31400,31400,67
2026-03-23 11:55:00,31400,31400,31350,31350,23
2026-03-23 11:56:00,31400,31450,31400,31450,71
2026-03-23 11:57:00,31400,31550,31350,31550,1543
2026-03-23 11:59:00,31450,31450,31400,31400,67
2026-03-23 12:01:00,31500,31500,31450,31450,3
2026-03-23 12:02:00,31400,31400,31400,31400,19
2026-03-23 12:03:00,31450,31550,31400,31400,1191
2026-03-23 12:05:00,31400,31400,31300,31300,302
2026-03-23 12:06:00,31350,31350,31350,31350,17
2026-03-23 12:07:00,31350,31400,31350,31400,79
2026-03-23 12:08:00,31400,31400,31400,31400,300
2026-03-23 12:09:00,31350,31350,31350,31350,15
2026-03-23 12:10:00,31300,31300,31200,31200,4530
2026-03-23 12:11:00,31250,31300,31200,31300,291
2026-03-23 12:12:00,31200,31300,31100,31200,4598
2026-03-23 12:13:00,31100,31200,31100,31150,145
2026-03-23 12:14:00,31150,31300,31150,31150,11
2026-03-23 12:15:00,31150,31250,31150,31250,253
2026-03-23 12:16:00,31200,31250,31200,31250,37
2026-03-23 12:17:00,31150,31250,31100,31200,886
2026-03-23 12:18:00,31200,31200,31100,31100,9
2026-03-23 12:19:00,31150,31150,31100,31100,23
2026-03-23 12:20:00,31150,31250,31150,31250,309
2026-03-23 12:21:00,31300,31300,31200,31200,197
2026-03-23 12:22:00,31200,31200,31200,31200,373
2026-03-23 12:23:00,31200,31200,31200,31200,565
2026-03-23 12:24:00,31200,31200,31200,31200,105
2026-03-23 12:26:00,31300,31300,31300,31300,62
2026-03-23 12:27:00,31250,31250,31250,31250,10
2026-03-23 12:28:00,31200,31200,31200,31200,48
2026-03-23 12:29:00,31350,31350,31300,31300,107
2026-03-23 12:30:00,31300,31350,31300,31350,30
2026-03-23 12:31:00,31350,31400,31350,31400,5
2026-03-23 12:32:00,31500,31500,31300,31300,40
2026-03-23 12:33:00,31450,31450,31400,31400,23
2026-03-23 12:34:00,31400,31450,31400,31450,21
2026-03-23 12:35:00,31450,31450,31450,31450,13
2026-03-23 12:36:00,31450,31450,31400,31450,39
2026-03-23 12:37:00,31450,31450,31450,31450,21
2026-03-23 12:38:00,31450,31450,31400,31400,125
2026-03-23 12:39:00,31400,31450,31400,31450,59
2026-03-23 12:40:00,31450,31450,31400,31450,28
2026-03-23 12:41:00,31450,31450,31400,31450,19
2026-03-23 12:42:00,31450,31450,31400,31450,33
2026-03-23 12:43:00,31400,31450,31350,31350,136
2026-03-23 12:44:00,31350,31400,31300,31350,789
2026-03-23 12:45:00,31300,31350,31300,31350,71
2026-03-23 12:46:00,31350,31500,31350,31500,617
2026-03-23 12:47:00,31500,31500,31500,31500,25
2026-03-23 12:48:00,31500,31500,31400,31400,201
2026-03-23 12:49:00,31400,31400,31400,31400,19
2026-03-23 12:50:00,31400,31500,31350,31500,540
2026-03-23 12:51:00,31450,31450,31350,31350,44
2026-03-23 12:52:00,31450,31450,31400,31450,10
2026-03-23 12:53:00,31450,31450,31350,31400,68
2026-03-23 12:54:00,31350,31400,31300,31350,44
2026-03-23 12:55:00,31350,31350,31350,31350,10
2026-03-23 12:56:00,31350,31400,31300,31300,775
2026-03-23 12:57:00,31300,31400,31300,31350,499
2026-03-23 12:58:00,31350,31350,31350,31350,62
2026-03-23 12:59:00,31350,31350,31300,31350,93
2026-03-23 13:00:00,31350,31400,31250,31400,223
2026-03-23 13:01:00,31400,31400,31350,31400,180
2026-03-23 13:02:00,31450,31450,31450,31450,58
2026-03-23 13:03:00,31500,31500,31450,31500,51
2026-03-23 13:04:00,31500,31500,31400,31400,23
2026-03-23 13:05:00,31450,31500,31450,31500,13
2026-03-23 13:06:00,31500,31600,31500,31600,116
2026-03-23 13:07:00,31500,31600,31500,31600,16
2026-03-23 13:08:00,31550,31600,31300,31350,386
2026-03-23 13:09:00,31350,31350,31250,31300,420
2026-03-23 13:10:00,31350,31400,31250,31250,1176
2026-03-23 13:11:00,31200,31300,31100,31200,6991
2026-03-23 13:12:00,31200,31200,31150,31150,75
2026-03-23 13:13:00,31200,31250,31200,31250,16
2026-03-23 13:14:00,31200,31250,30950,31250,19581
2026-03-23 13:15:00,31250,31250,31100,31100,1347
2026-03-23 13:16:00,31250,31600,31100,31250,17919
2026-03-23 13:17:00,31250,31300,31250,31300,608
2026-03-23 13:18:00,31300,31300,31250,31250,1175
2026-03-23 13:19:00,31300,31300,31250,31300,93
2026-03-23 13:20:00,31300,31300,31100,31100,1550
2026-03-23 13:21:00,31250,31300,31150,31250,11098
2026-03-23 13:22:00,31200,31200,30900,31100,5010
2026-03-23 13:23:00,31050,31100,31050,31100,2736
2026-03-23 13:24:00,30950,31050,30850,30850,1561
2026-03-23 13:25:00,30950,30950,30800,30850,1192
2026-03-23 13:26:00,30950,30950,30750,30950,1016
2026-03-23 13:27:00,30950,31000,30850,31000,587
2026-03-23 13:28:00,31000,31200,30850,31150,2351
2026-03-23 13:29:00,31100,31100,30950,31100,421
2026-03-23 13:30:00,31025,31150,31025,31050,274
2026-03-23 13:31:00,31050,31050,30900,31000,713
2026-03-23 13:32:00,31050,31100,30750,30950,5062
2026-03-23 13:33:00,30900,30950,30900,30900,121
2026-03-23 13:34:00,30950,30950,30850,30850,116
2026-03-23 13:35:00,30900,30950,30900,30900,109
2026-03-23 13:36:00,30950,30950,30850,30900,52
2026-03-23 13:37:00,30900,30950,30700,30750,3027
2026-03-23 13:38:00,30750,30850,30750,30850,300
2026-03-23 13:39:00,30800,30900,30800,30850,755
2026-03-23 13:40:00,30900,30900,30850,30900,296
2026-03-23 13:41:00,30900,30900,30850,30850,64
2026-03-23 13:42:00,30950,30950,30950,30950,16
2026-03-23 13:43:00,30950,30950,30900,30950,137
2026-03-23 13:44:00,30950,31000,30950,30950,518
2026-03-23 13:45:00,30900,31000,30900,31000,31
2026-03-23 13:46:00,30950,31000,30950,30950,21
2026-03-23 13:47:00,30950,30950,30950,30950,13
2026-03-23 13:48:00,30950,31000,30950,31000,12
2026-03-23 13:49:00,30950,31000,30850,31000,179
2026-03-23 13:50:00,31000,31000,30900,31000,134
2026-03-23 13:51:00,30950,31000,30950,31000,9
2026-03-23 13:52:00,30950,31000,30950,31000,23
2026-03-23 13:53:00,31000,31000,30950,31000,43
2026-03-23 13:54:00,31000,31000,31000,31000,12
2026-03-23 13:55:00,31000,31050,30950,31050,247
2026-03-23 13:56:00,31050,31050,31000,31050,326
2026-03-23 13:57:00,30950,31050,30950,31050,213
2026-03-23 13:58:00,31050,31100,31050,31050,627
2026-03-23 13:59:00,31000,31050,31000,31050,12
2026-03-23 14:00:00,31000,31050,31000,31000,136
2026-03-23 14:01:00,31000,31050,31000,31050,15
2026-03-23 14:02:00,31050,31050,31050,31050,354
2026-03-23 14:03:00,31050,31100,31050,31100,18
2026-03-23 14:04:00,31050,31050,31050,31050,71
2026-03-23 14:05:00,31100,31100,31000,31050,565
2026-03-23 14:06:00,31050,31050,30900,30900,1716
2026-03-23 14:07:00,30900,31000,30900,30900,231
2026-03-23 14:08:00,30900,30900,30750,30800,1874
2026-03-23 14:09:00,30800,30800,30550,30550,4912
2026-03-23 14:10:00,30600,30700,30600,30650,1998
2026-03-23 14:11:00,30600,30750,30600,30650,1464
2026-03-23 14:12:00,30700,30750,30650,30650,466
2026-03-23 14:13:00,30600,30700,30600,30650,395
2026-03-23 14:14:00,30600,30700,30550,30600,785
2026-03-23 14:15:00,30600,30600,30550,30600,587
2026-03-23 14:16:00,30600,30700,30550,30700,497
2026-03-23 14:17:00,30700,30700,30550,30600,240
2026-03-23 14:18:00,30550,30700,30550,30650,526
2026-03-23 14:19:00,30600,30800,30550,30800,4089
2026-03-23 14:20:00,30750,30800,30600,30750,446
2026-03-23 14:21:00,30650,30750,30550,30650,456
2026-03-23 14:22:00,30600,30750,30550,30650,381
2026-03-23 14:23:00,30650,30650,30500,30500,831
2026-03-23 14:24:00,30550,30650,30500,30650,237
2026-03-23 14:25:00,30650,30700,30550,30550,722
2026-03-23 14:26:00,30550,30700,30550,30600,107
2026-03-23 14:27:00,30600,30650,30600,30650,621
2026-03-23 14:28:00,30600,30650,30500,30650,1541
2026-03-23 14:29:00,30650,30650,30500,30550,137
2026-03-23 14:30:00,30500,30650,30500,30600,607
2026-03-23 14:31:00,30600,30700,30600,30700,658
2026-03-23 14:32:00,30700,30700,30600,30650,173
2026-03-23 14:33:00,30600,30650,30500,30550,1088
2026-03-23 14:34:00,30550,30550,30450,30450,1674
2026-03-23 14:35:00,30500,30500,30400,30500,957
2026-03-23 14:36:00,30500,30550,30400,30550,1147
2026-03-23 14:37:00,30500,30600,30450,30550,1020
2026-03-23 14:38:00,30550,30550,30500,30550,148
2026-03-23 14:39:00,30500,30550,30450,30550,358
2026-03-23 14:40:00,30550,30550,30400,30450,893
2026-03-23 14:41:00,30500,30500,30100,30100,5008
2026-03-23 14:44:00,30050,30450,30000,30250,15020
2026-03-23 14:45:00,30250,30300,30050,30250,10396
2026-03-23 14:46:00,30150,30250,30050,30050,2077
2026-03-23 14:47:00,30100,30250,30000,30250,1324
2026-03-23 14:48:00,30000,30200,30000,30200,533
2026-03-23 14:49:00,30100,30300,30050,30100,1808
2026-03-23 14:50:00,30250,30400,30250,30400,1403
2026-03-23 14:51:00,30300,30300,30100,30150,1797
2026-03-23 14:52:00,30100,30250,30050,30250,948
2026-03-23 14:53:00,30200,30200,30050,30200,955
2026-03-23 14:54:00,30200,30300,30100,30250,387
2026-03-23 14:55:00,30250,30250,30000,30000,5366
2026-03-23 14:56:00,30000,30200,29950,30200,1750
2026-03-23 14:57:00,30250,30250,30050,30050,412
2026-03-23 14:58:00,30050,30200,30000,30050,433
2026-03-23 14:59:00,30150,30350,30150,30350,695
2026-03-23 15:00:00,30300,30350,30150,30150,1467
2026-03-23 15:01:00,30300,30300,30250,30250,1152
2026-03-23 15:02:00,30200,30200,30150,30150,892
2026-03-23 15:03:00,30100,30200,30100,30200,567
2026-03-23 15:04:00,30150,30150,30100,30100,963
2026-03-23 15:05:00,30050,30050,30000,30050,932
2026-03-23 15:06:00,30000,30300,30000,30300,1258
2026-03-23 15:07:00,30250,30250,30000,30050,479
2026-03-23 15:08:00,30050,30200,30000,30000,1194
2026-03-23 15:09:00,30000,30150,30000,30000,803
2026-03-23 15:10:00,30000,30200,29950,30150,1616
2026-03-23 15:11:00,30100,30200,30100,30150,3955
2026-03-23 15:12:00,30150,30150,29800,30000,6976
2026-03-23 15:13:00,30050,30200,30050,30200,1291
2026-03-23 15:14:00,30050,30200,30000,30150,1872
2026-03-23 15:15:00,30150,30250,30000,30250,607
2026-03-23 15:16:00,30200,30250,30000,30200,734
2026-03-23 15:17:00,30000,30300,30000,30300,622
2026-03-23 15:18:00,30050,30300,30050,30050,277
2026-03-23 15:19:00,30300,30350,30150,30150,601
2026-03-23 15:30:00,30150,30150,30150,30150,5597
2026-03-23 15:35:00,30150,30150,30150,30150,1
2026-03-24 09:00:00,31450,31750,31450,31550,6961
2026-03-24 09:01:00,31550,31800,31450,31700,5248
2026-03-24 09:02:00,31700,32050,31450,31550,9853
2026-03-24 09:03:00,31550,31900,31550,31900,1625
2026-03-24 09:04:00,31900,31950,31300,31300,8806
2026-03-24 09:05:00,31300,31400,31200,31250,369
2026-03-24 09:06:00,31300,31450,31050,31400,12605
2026-03-24 09:07:00,31400,31500,31400,31400,1901
2026-03-24 09:08:00,31350,31400,31300,31350,1706
2026-03-24 09:09:00,31350,31450,31200,31200,2518
2026-03-24 09:10:00,31200,31250,31050,31050,2353
2026-03-24 09:11:00,31000,31150,31000,31000,3276
2026-03-24 09:12:00,31100,31300,30950,30950,5068
2026-03-24 09:13:00,30950,31050,30950,31050,571
2026-03-24 09:14:00,31150,31150,30850,30850,2065
2026-03-24 09:15:00,30850,30850,30600,30650,1238
2026-03-24 09:16:00,30800,30800,30800,30800,164
2026-03-24 09:17:00,30750,30800,30600,30600,1141
2026-03-24 09:18:00,30600,30600,30100,30100,3559
2026-03-24 09:19:00,30400,30400,30150,30300,2224
2026-03-24 09:20:00,30250,30300,30250,30250,597
2026-03-24 09:21:00,30300,30400,30250,30350,992
2026-03-24 09:22:00,30350,30400,30200,30200,487
2026-03-24 09:23:00,30200,30350,29950,30350,5893
2026-03-24 09:24:00,30350,30350,30350,30350,10
2026-03-24 09:25:00,30400,30800,30250,30450,1364
2026-03-24 09:26:00,30600,31000,30400,30450,1878
2026-03-24 09:27:00,30450,31000,30350,30600,3553
2026-03-24 09:28:00,30600,30650,30600,30600,1548
2026-03-24 09:29:00,30600,31000,30600,31000,1504
2026-03-24 09:30:00,31000,31300,30800,30900,1010
2026-03-24 09:31:00,30850,30950,30850,30950,2004
2026-03-24 09:32:00,30800,30800,30700,30750,120
2026-03-24 09:33:00,30650,30650,30600,30600,165
2026-03-24 09:34:00,30600,30650,30550,30550,28
2026-03-24 09:35:00,30550,30550,30550,30550,1
2026-03-24 09:36:00,30550,30550,30500,30550,1469
2026-03-24 09:37:00,30550,30650,30500,30650,4637
2026-03-24 09:38:00,30500,30500,30400,30400,2131
2026-03-24 09:39:00,30400,30400,30300,30300,878
2026-03-24 09:40:00,30350,30400,30300,30300,902
2026-03-24 09:41:00,30350,30400,30350,30400,7
2026-03-24 09:42:00,30400,30400,30350,30400,352
2026-03-24 09:43:00,30400,30400,30250,30250,301
2026-03-24 09:44:00,30250,30300,30250,30250,28
2026-03-24 09:45:00,30300,30350,30000,30000,2922
2026-03-24 09:46:00,30100,30300,29850,30100,1017
2026-03-24 09:47:00,30100,30200,30050,30150,833
2026-03-24 09:48:00,30150,30150,30050,30050,833
2026-03-24 09:49:00,30000,30000,29950,30000,217
2026-03-24 09:50:00,29950,29950,29900,29900,166
2026-03-24 09:51:00,29950,30000,29800,29800,3159
2026-03-24 09:52:00,29900,30150,29650,30150,789
2026-03-24 09:53:00,30100,30100,30100,30100,68
2026-03-24 09:54:00,29900,29900,29750,29750,872
2026-03-24 09:55:00,29800,30050,29500,29750,2369
2026-03-24 09:56:00,29750,29800,29600,29750,3112
2026-03-24 09:57:00,29800,29850,29650,29650,348
2026-03-24 09:58:00,29650,29700,29550,29550,314
2026-03-24 09:59:00,29550,29600,29450,29600,1260
2026-03-24 10:00:00,29600,29800,29500,29800,850
2026-03-24 10:01:00,29800,29800,29700,29700,105
2026-03-24 10:03:00,29750,29850,29750,29850,431
2026-03-24 10:04:00,29850,29950,29850,29950,607
2026-03-24 10:05:00,29950,29950,29850,29950,536
2026-03-24 10:06:00,29850,30000,29850,30000,692
2026-03-24 10:07:00,29900,29900,29800,29900,612
2026-03-24 10:08:00,29900,29900,29800,29900,58
2026-03-24 10:09:00,29900,30050,29850,29900,936
2026-03-24 10:10:00,29850,29900,29850,29850,1576
2026-03-24 10:11:00,29850,29900,29800,29900,366
2026-03-24 10:13:00,29900,29950,29900,29950,145
2026-03-24 10:14:00,29850,29850,29850,29850,52
2026-03-24 10:15:00,29800,29800,29650,29700,1701
2026-03-24 10:16:00,29600,29600,29500,29500,1157
2026-03-24 10:17:00,29500,29500,29250,29250,2886
2026-03-24 10:18:00,29350,29350,29200,29200,1162
2026-03-24 10:19:00,29200,29400,29100,29400,1269
2026-03-24 10:20:00,29400,29450,29400,29450,1071
2026-03-24 10:21:00,29350,29350,29300,29300,332
2026-03-24 10:22:00,29350,29600,29350,29600,184
2026-03-24 10:23:00,29600,29750,29600,29750,44
2026-03-24 10:24:00,29550,29550,29550,29550,17
2026-03-24 10:25:00,29700,29700,29600,29700,107
2026-03-24 10:26:00,29700,29800,29600,29600,545
2026-03-24 10:27:00,29600,29600,29600,29600,149
2026-03-24 10:28:00,29600,29600,29600,29600,1000
2026-03-24 10:29:00,29800,29800,29800,29800,1
2026-03-24 10:30:00,29800,29800,29650,29650,15
2026-03-24 10:31:00,29600,29600,29600,29600,54
2026-03-24 10:32:00,29550,29550,29550,29550,13
2026-03-24 10:34:00,29550,29600,29550,29600,148
2026-03-24 10:35:00,29500,29500,29500,29500,1
2026-03-24 10:36:00,29550,29550,29450,29450,285
2026-03-24 10:37:00,29400,29400,29100,29150,3344
2026-03-24 10:38:00,29200,29350,29050,29350,1606
2026-03-24 10:39:00,29400,29450,29250,29450,1537
2026-03-24 10:40:00,29450,29700,29450,29600,644
2026-03-24 10:41:00,29550,29900,29500,29900,1437
2026-03-24 10:42:00,29700,29700,29700,29700,83
2026-03-24 10:43:00,29700,29700,29650,29650,96
2026-03-24 10:44:00,29650,29650,29650,29650,50
2026-03-24 10:46:00,29650,29650,29550,29550,3231
2026-03-24 10:49:00,29550,29550,29550,29550,16
2026-03-24 10:50:00,29550,29600,29550,29600,2
2026-03-24 10:51:00,29600,29650,29600,29600,642
2026-03-24 10:52:00,29600,29600,29500,29550,166
2026-03-24 10:53:00,29500,29500,29500,29500,11
2026-03-24 10:54:00,29500,29500,29300,29300,3328
2026-03-24 10:55:00,29300,29400,29300,29300,285
2026-03-24 10:56:00,29250,29300,29250,29250,139
2026-03-24 10:58:00,29300,29300,29300,29300,15
2026-03-24 10:59:00,29350,29400,29300,29300,573
2026-03-24 11:00:00,29350,29450,29350,29450,753
2026-03-24 11:01:00,29450,29600,29450,29600,2954
2026-03-24 11:02:00,29600,29750,29550,29750,830
2026-03-24 11:03:00,29750,29750,29500,29500,87
2026-03-24 11:06:00,29700,29750,29700,29750,1036
2026-03-24 11:07:00,29800,29800,29800,29800,33
2026-03-24 11:08:00,30000,30000,30000,30000,1
2026-03-24 11:10:00,29700,29950,29700,29950,1254
2026-03-24 11:11:00,29600,29600,29600,29600,101
2026-03-24 11:12:00,29600,29600,29500,29600,655
2026-03-24 11:13:00,29550,29600,29550,29600,4
2026-03-24 11:14:00,29600,29600,29600,29600,13
2026-03-24 11:17:00,29600,29650,29600,29650,41
2026-03-24 11:20:00,29650,29700,29650,29700,127
2026-03-24 11:22:00,29600,29600,29600,29600,25
2026-03-24 11:23:00,29600,29600,29600,29600,25
2026-03-24 11:24:00,29550,29550,29550,29550,7
2026-03-24 11:26:00,29600,29700,29600,29700,181
2026-03-24 11:29:00,29700,29700,29700,29700,147
2026-03-24 11:30:00,29700,29750,29700,29750,34
2026-03-24 11:31:00,29700,29750,29700,29700,84
2026-03-24 11:33:00,29650,29650,29650,29650,10
2026-03-24 11:34:00,29650,29650,29650,29650,7
2026-03-24 11:37:00,29650,29650,29650,29650,1
2026-03-24 11:38:00,29700,29700,29700,29700,212
2026-03-24 11:40:00,29750,29750,29750,29750,100
2026-03-24 11:41:00,29750,29750,29700,29750,222
2026-03-24 11:42:00,29700,29700,29700,29700,154
2026-03-24 11:46:00,29700,29700,29700,29700,1
2026-03-24 11:47:00,29650,29650,29650,29650,3
2026-03-24 11:48:00,29700,29700,29700,29700,17
2026-03-24 11:49:00,29650,29650,29600,29600,243
2026-03-24 11:50:00,29600,29600,29250,29250,2785
2026-03-24 11:51:00,29500,29500,29350,29350,105
2026-03-24 11:54:00,29350,29350,29250,29300,293
2026-03-24 11:55:00,29400,29450,29400,29450,250
2026-03-24 11:57:00,29300,29300,29250,29300,460
2026-03-24 11:58:00,29300,29300,29250,29250,1503
2026-03-24 11:59:00,29250,29250,29050,29100,4542
2026-03-24 12:00:00,29150,29150,29150,29150,5
2026-03-24 12:01:00,29150,29250,29150,29250,102
2026-03-24 12:02:00,29150,29250,29150,29200,35
2026-03-24 12:03:00,29200,29300,28950,29050,4486
2026-03-24 12:04:00,29000,29050,29000,29050,13
2026-03-24 12:05:00,29050,29050,29050,29050,1
2026-03-24 12:06:00,29050,29050,29050,29050,1
2026-03-24 12:07:00,29050,29250,29000,29250,1235
2026-03-24 12:09:00,29050,29100,29050,29100,3
2026-03-24 12:10:00,29100,29200,29050,29200,554
2026-03-24 12:11:00,29100,29100,29100,29100,2
2026-03-24 12:12:00,29100,29250,29100,29250,18
2026-03-24 12:13:00,29100,29100,29100,29100,1
2026-03-24 12:14:00,29100,29100,29100,29100,10
2026-03-24 12:15:00,29250,29250,29250,29250,15
2026-03-24 12:16:00,29250,29250,29250,29250,1
2026-03-24 12:18:00,29100,29150,29050,29050,93
2026-03-24 12:19:00,29150,29250,29100,29250,2247
2026-03-24 12:22:00,29250,29250,29050,29050,550
2026-03-24 12:23:00,29300,29300,29300,29300,101
2026-03-24 12:26:00,29400,29400,29400,29400,101
2026-03-24 12:30:00,29250,29250,29250,29250,1
2026-03-24 12:32:00,29250,29250,29200,29200,140
2026-03-24 12:33:00,29250,29250,29200,29200,264
2026-03-24 12:34:00,29150,29200,29150,29200,52
2026-03-24 12:38:00,29200,29200,29200,29200,9
2026-03-24 12:39:00,29150,29250,29150,29250,33
2026-03-24 12:40:00,29150,29150,29150,29150,10
2026-03-24 12:41:00,29300,29300,29300,29300,55
2026-03-24 12:42:00,29150,29350,29150,29350,279
2026-03-24 12:43:00,29400,29400,29400,29400,5
2026-03-24 12:44:00,29400,29450,29400,29450,760
2026-03-24 12:45:00,29500,29500,29500,29500,155
2026-03-24 12:47:00,29500,29500,29500,29500,2
2026-03-24 12:48:00,29450,29450,29450,29450,151
2026-03-24 12:49:00,29450,29450,29450,29450,607
2026-03-24 12:50:00,29400,29400,29400,29400,655
2026-03-24 12:51:00,29350,29400,29350,29350,24
2026-03-24 12:52:00,29350,29350,29350,29350,2
2026-03-24 12:54:00,29250,29300,29200,29300,816
2026-03-24 12:55:00,29200,29200,29200,29200,3
2026-03-24 12:56:00,29350,29400,29350,29400,234
2026-03-24 12:57:00,29550,29550,29550,29550,76
2026-03-24 12:58:00,29600,29600,29600,29600,52
2026-03-24 12:59:00,29500,29500,29500,29500,9
2026-03-24 13:00:00,29550,29600,29550,29600,249
2026-03-24 13:04:00,29650,29650,29650,29650,10
2026-03-24 13:05:00,29650,29650,29650,29650,10
2026-03-24 13:06:00,29650,29650,29650,29650,1
2026-03-24 13:07:00,29600,29650,29550,29650,111
2026-03-24 13:08:00,29550,29550,29500,29500,320
2026-03-24 13:09:00,29550,29550,29550,29550,1
2026-03-24 13:10:00,29550,29550,29550,29550,19
2026-03-24 13:11:00,29550,29600,29550,29600,1645
2026-03-24 13:12:00,29550,29550,29400,29400,501
2026-03-24 13:13:00,29450,29450,29450,29450,261
2026-03-24 13:14:00,29450,29450,29450,29450,18
2026-03-24 13:15:00,29450,29450,29450,29450,141
2026-03-24 13:16:00,29450,29450,29450,29450,20
2026-03-24 13:17:00,29400,29450,29350,29350,147
2026-03-24 13:20:00,29350,29350,29350,29350,15
2026-03-24 13:22:00,29350,29350,29300,29350,332
2026-03-24 13:24:00,29300,29300,29200,29250,1095
2026-03-24 13:27:00,29200,29200,29200,29200,42
2026-03-24 13:28:00,29200,29200,29200,29200,5
2026-03-24 13:29:00,29200,29200,29050,29200,3574
2026-03-24 13:30:00,29200,29200,29200,29200,1
2026-03-24 13:31:00,29150,29200,29100,29100,165
2026-03-24 13:32:00,29100,29100,29050,29050,20
2026-03-24 13:33:00,29150,29150,29150,29150,76
2026-03-24 13:34:00,29150,29150,29150,29150,25
2026-03-24 13:37:00,29150,29150,29150,29150,237
2026-03-24 13:39:00,29050,29150,29050,29050,52
2026-03-24 13:40:00,29150,29150,29150,29150,38
2026-03-24 13:41:00,29150,29150,29100,29100,44
2026-03-24 13:42:00,29100,29100,29050,29050,69
2026-03-24 13:43:00,29100,29150,29050,29150,464
2026-03-24 13:44:00,29150,29200,29000,29000,822
2026-03-24 13:45:00,29000,29200,29000,29200,91
2026-03-24 13:46:00,29200,29200,29200,29200,13
2026-03-24 13:47:00,29150,29250,29150,29250,2573
2026-03-24 13:48:00,29200,29300,29200,29300,142
2026-03-24 13:50:00,29250,29250,29250,29250,183
2026-03-24 13:51:00,29200,29200,29200,29200,1
2026-03-24 13:52:00,29300,29550,29300,29550,5712
2026-03-24 13:53:00,29550,29800,29500,29800,715
2026-03-24 13:54:00,29800,29800,29800,29800,184
2026-03-24 13:55:00,29800,29800,29550,29550,150
2026-03-24 13:56:00,29600,29600,29600,29600,50
2026-03-24 13:57:00,29600,29850,29600,29850,878
2026-03-24 13:59:00,29800,29800,29800,29800,180
2026-03-24 14:00:00,29800,29800,29800,29800,543
2026-03-24 14:01:00,29750,29750,29500,29600,476
2026-03-24 14:02:00,29500,29550,29400,29550,104
2026-03-24 14:03:00,29600,29600,29400,29400,3097
2026-03-24 14:04:00,29400,29400,29400,29400,200
2026-03-24 14:06:00,29350,29400,29350,29400,101
2026-03-24 14:07:00,29400,29400,29350,29350,163
2026-03-24 14:08:00,29400,29400,29350,29350,1251
2026-03-24 14:09:00,29300,29300,29150,29150,5206
2026-03-24 14:10:00,29150,29250,29150,29250,321
2026-03-24 14:11:00,29300,29300,29300,29300,10
2026-03-24 14:12:00,29300,29450,29300,29450,273
2026-03-24 14:13:00,29450,29500,29450,29500,600
2026-03-24 14:15:00,29400,29400,29400,29400,15
2026-03-24 14:16:00,29550,29550,29550,29550,50
2026-03-24 14:17:00,29550,29550,29300,29450,6100
2026-03-24 14:18:00,29500,29650,29500,29650,449
2026-03-24 14:19:00,29700,29700,29700,29700,66
2026-03-24 14:20:00,29700,30350,29700,29950,5435
2026-03-24 14:21:00,30000,30000,30000,30000,63
2026-03-24 14:22:00,30000,30050,29900,30050,428
2026-03-24 14:23:00,29900,29900,29800,29900,74
2026-03-24 14:24:00,29900,30000,29900,30000,197
2026-03-24 14:25:00,29950,29950,29900,29900,448
2026-03-24 14:26:00,29900,30050,29900,29900,449
2026-03-24 14:27:00,29800,29800,29800,29800,252
2026-03-24 14:29:00,29800,29800,29750,29750,40
2026-03-24 14:30:00,29700,29700,29700,29700,49
2026-03-24 14:31:00,29700,29800,29650,29800,1615
2026-03-24 14:33:00,29700,29700,29700,29700,1
2026-03-24 14:34:00,29850,29850,29850,29850,27
2026-03-24 14:35:00,29750,29750,29700,29700,549
2026-03-24 14:38:00,29750,29750,29750,29750,206
2026-03-24 14:40:00,29750,29800,29750,29800,341
2026-03-24 14:41:00,29800,29800,29800,29800,6
2026-03-24 14:42:00,29800,29800,29800,29800,3
2026-03-24 14:43:00,29800,29900,29800,29900,122
2026-03-24 14:44:00,29850,29850,29800,29850,2850
2026-03-24 14:45:00,29750,29900,29750,29900,559
2026-03-24 14:46:00,29850,29850,29750,29750,2159
2026-03-24 14:47:00,29850,29900,29850,29900,172
2026-03-24 14:48:00,29800,29800,29550,29800,2000
2026-03-24 14:49:00,29600,29600,29600,29600,8
2026-03-24 14:50:00,29600,29650,29600,29650,4835
2026-03-24 14:51:00,29750,29750,29600,29600,20
2026-03-24 14:52:00,29600,29600,29600,29600,105
2026-03-24 14:53:00,29650,29800,29650,29800,146
2026-03-24 14:54:00,29850,29850,29850,29850,135
2026-03-24 14:55:00,29825,29825,29700,29700,522
2026-03-24 14:56:00,29800,29800,29750,29750,92
2026-03-24 14:57:00,29750,29900,29750,29900,1102
2026-03-24 14:58:00,29900,30000,29900,30000,388
2026-03-24 15:00:00,29950,30050,29800,29900,1257
2026-03-24 15:01:00,29850,29950,29850,29850,215
2026-03-24 15:02:00,29850,30050,29850,29850,1000
2026-03-24 15:03:00,29900,29950,29750,29950,662
2026-03-24 15:04:00,29950,30150,29900,29950,759
2026-03-24 15:05:00,30000,30100,29900,30100,239
2026-03-24 15:06:00,30050,30050,29900,29900,535
2026-03-24 15:07:00,29900,30000,29900,30000,205
2026-03-24 15:08:00,29950,30050,29850,30050,805
2026-03-24 15:09:00,29950,30000,29900,30000,250
2026-03-24 15:10:00,30000,30000,29900,29950,1364
2026-03-24 15:11:00,29900,30000,29900,30000,283
2026-03-24 15:12:00,29950,29950,29800,29950,236
2026-03-24 15:13:00,29900,29950,29850,29900,269
2026-03-24 15:14:00,29900,30000,29850,30000,655
2026-03-24 15:15:00,30000,30050,29800,29800,176
2026-03-24 15:16:00,29900,30100,29850,30100,1162
2026-03-24 15:17:00,29850,30000,29800,29800,460
2026-03-24 15:18:00,29800,30000,29700,29800,1208
2026-03-24 15:19:00,29800,30350,29800,30350,7523
2026-03-24 15:30:00,30350,30350,30350,30350,3253
2026-03-24 15:35:00,30350,30350,30350,30350,230
2026-03-25 09:00:00,30600,31900,30600,31800,8594
2026-03-25 09:01:00,31800,32650,31800,32300,19600
2026-03-25 09:02:00,32500,33000,32250,32850,11358
2026-03-25 09:03:00,32775,33000,32550,32750,12313
2026-03-25 09:04:00,32650,33100,32350,33050,12217
2026-03-25 09:05:00,32900,33650,32500,33650,16571
2026-03-25 09:07:00,34000,34050,33350,33400,16282
2026-03-25 09:08:00,33350,34600,33150,34600,11664
2026-03-25 09:09:00,34600,34800,34000,34200,15708
2026-03-25 09:10:00,34300,34350,33750,33900,16792
2026-03-25 09:11:00,34100,34400,33950,34000,3878
2026-03-25 09:12:00,34000,34000,33650,33800,7070
2026-03-25 09:13:00,33650,33800,33600,33600,4257
2026-03-25 09:14:00,33600,33850,33400,33450,4907
2026-03-25 09:15:00,33450,33800,33450,33800,2627
2026-03-25 09:16:00,33500,34200,33400,34100,15841
2026-03-25 09:17:00,34100,34250,33600,34250,2429
2026-03-25 09:18:00,34250,34300,34100,34200,2544
2026-03-25 09:19:00,34150,34150,33750,33950,1286
2026-03-25 09:20:00,33800,34000,33750,34000,662
2026-03-25 09:21:00,34050,34100,33850,33950,1682
2026-03-25 09:22:00,33950,33950,33600,33600,4243
2026-03-25 09:23:00,33600,33950,33600,33950,517
2026-03-25 09:24:00,33850,34050,33850,33900,1960
2026-03-25 09:25:00,34000,34500,33950,34500,11912
2026-03-25 09:26:00,34500,34550,34350,34400,2678
2026-03-25 09:27:00,34400,34450,34100,34350,651
2026-03-25 09:28:00,34350,34600,34350,34550,10949
2026-03-25 09:29:00,34550,34950,34500,34950,20906
2026-03-25 09:30:00,34950,35100,34850,35050,7540
2026-03-25 09:31:00,35050,35100,34850,34850,1423
2026-03-25 09:32:00,34850,34850,34450,34600,1206
2026-03-25 09:33:00,34650,34650,34550,34550,1044
2026-03-25 09:34:00,34550,35000,34550,35000,2172
2026-03-25 09:35:00,34950,35100,34750,35100,3151
2026-03-25 09:36:00,35100,35100,34900,35050,556
2026-03-25 09:37:00,35050,35050,34850,34850,495
2026-03-25 09:38:00,34900,34950,34725,34900,1431
2026-03-25 09:39:00,34950,35000,34600,34650,2203
2026-03-25 09:40:00,34700,34800,34450,34650,1282
2026-03-25 09:41:00,34500,34650,34450,34550,674
2026-03-25 09:42:00,34550,34700,34500,34700,1087
2026-03-25 09:43:00,34650,34650,34550,34550,612
2026-03-25 09:44:00,34600,34800,34500,34600,891
2026-03-25 09:45:00,34650,34850,34550,34750,1874
2026-03-25 09:46:00,34750,34950,34700,34900,621
2026-03-25 09:47:00,34900,34950,34800,34950,2071
2026-03-25 09:48:00,34950,35050,34850,34950,2925
2026-03-25 09:49:00,34850,34950,34800,34900,1372
2026-03-25 09:50:00,34900,34950,34850,34950,492
2026-03-25 09:51:00,34900,35400,34850,35150,7732
2026-03-25 09:52:00,35100,35600,35050,35550,16011
2026-03-25 09:53:00,35550,35550,35300,35500,2447
2026-03-25 09:54:00,35450,35600,35400,35400,3796
2026-03-25 09:55:00,35550,35650,35500,35500,1526
2026-03-25 09:56:00,35450,35550,35450,35450,655
2026-03-25 09:57:00,35450,35550,35350,35550,976
2026-03-25 09:58:00,35550,35600,35450,35550,1802
2026-03-25 09:59:00,35550,35550,35300,35400,1383
2026-03-25 10:00:00,35350,35350,35100,35100,206
2026-03-25 10:01:00,35300,35300,35000,35000,543
2026-03-25 10:02:00,35150,35200,35050,35200,320
2026-03-25 10:03:00,35200,35200,34800,34900,1795
2026-03-25 10:04:00,35100,35150,34900,34900,663
2026-03-25 10:05:00,34900,35150,34850,35100,1641
2026-03-25 10:06:00,35100,35100,35000,35100,538
2026-03-25 10:07:00,35050,35150,35000,35000,653
2026-03-25 10:08:00,35050,35200,35050,35150,1215
2026-03-25 10:09:00,35150,35200,35050,35150,853
2026-03-25 10:10:00,35200,35200,34900,34900,861
2026-03-25 10:11:00,34900,34950,34700,34800,2079
2026-03-25 10:12:00,34900,35000,34800,34900,659
2026-03-25 10:13:00,34850,34950,34800,34800,910
2026-03-25 10:14:00,34800,34800,34600,34650,1140
2026-03-25 10:15:00,34800,34850,34650,34800,491
2026-03-25 10:16:00,34800,34800,34600,34600,707
2026-03-25 10:17:00,34600,34750,34550,34700,689
2026-03-25 10:18:00,34700,34900,34700,34900,444
2026-03-25 10:19:00,34900,34950,34900,34950,256
2026-03-25 10:20:00,34950,35000,34850,35000,1102
2026-03-25 10:21:00,35000,35150,34950,35150,707
2026-03-25 10:22:00,35150,35250,35150,35250,1628
2026-03-25 10:23:00,35300,35300,35200,35300,411
2026-03-25 10:24:00,35300,35300,35200,35250,148
2026-03-25 10:25:00,35150,35250,35150,35150,409
2026-03-25 10:26:00,35150,35550,35150,35500,9196
2026-03-25 10:27:00,35550,35550,35450,35550,1432
2026-03-25 10:28:00,35550,35950,35550,35950,7002
2026-03-25 10:29:00,35950,35950,35550,35550,3373
2026-03-25 10:30:00,35550,35550,35200,35300,1447
2026-03-25 10:31:00,35300,35600,35300,35600,352
2026-03-25 10:32:00,35550,35650,35550,35600,293
2026-03-25 10:33:00,35600,35650,35350,35400,355
2026-03-25 10:34:00,35400,35550,35250,35400,3732
2026-03-25 10:35:00,35350,35500,35300,35350,1081
2026-03-25 10:36:00,35400,35550,35300,35400,420
2026-03-25 10:37:00,35350,35350,35300,35350,163
2026-03-25 10:38:00,35350,35350,35300,35350,828
2026-03-25 10:39:00,35400,35550,35350,35500,725
2026-03-25 10:40:00,35500,35500,35400,35400,536
2026-03-25 10:41:00,35400,35500,35250,35475,808
2026-03-25 10:42:00,35475,35550,35450,35550,285
2026-03-25 10:43:00,35500,35550,35350,35500,1776
2026-03-25 10:44:00,35500,35500,35150,35350,173
2026-03-25 10:45:00,35350,35450,35350,35450,1301
2026-03-25 10:46:00,35450,35500,35400,35500,410
2026-03-25 10:47:00,35500,35550,35450,35550,1545
2026-03-25 10:48:00,35600,35600,35500,35500,379
2026-03-25 10:49:00,35550,35650,35500,35650,4330
2026-03-25 10:50:00,35600,35600,35550,35600,177
2026-03-25 10:51:00,35600,35700,35550,35700,4249
2026-03-25 10:52:00,35700,35700,35500,35550,1057
2026-03-25 10:53:00,35550,35700,35550,35600,684
2026-03-25 10:54:00,35600,35650,35550,35550,186
2026-03-25 10:55:00,35600,35650,35550,35650,260
2026-03-25 10:56:00,35650,35650,35500,35600,329
2026-03-25 10:57:00,35600,35950,35600,35900,11064
2026-03-25 10:58:00,35900,35950,35700,35900,781
2026-03-25 10:59:00,35900,35900,35750,35900,1388
2026-03-25 11:00:00,35800,35800,35650,35700,603
2026-03-25 11:01:00,35700,35700,35650,35650,638
2026-03-25 11:02:00,35650,35700,35450,35550,2236
2026-03-25 11:03:00,35550,35750,35550,35650,570
2026-03-25 11:04:00,35650,35675,35550,35600,1104
2026-03-25 11:05:00,35600,35850,35600,35700,1015
2026-03-25 11:06:00,35700,35800,35700,35750,647
2026-03-25 11:07:00,35800,35800,35450,35500,441
2026-03-25 11:08:00,35600,35600,35550,35600,502
2026-03-25 11:09:00,35550,35650,35550,35550,226
2026-03-25 11:10:00,35600,35600,35500,35500,181
2026-03-25 11:11:00,35500,35550,35500,35500,234
2026-03-25 11:12:00,35500,35500,35300,35300,1814
2026-03-25 11:13:00,35300,35400,35200,35200,677
2026-03-25 11:14:00,35200,35500,35150,35500,1371
2026-03-25 11:15:00,35500,35550,35200,35400,356
2026-03-25 11:16:00,35400,35400,35250,35350,110
2026-03-25 11:17:00,35350,35350,35200,35300,176
2026-03-25 11:18:00,35300,35350,35250,35300,421
2026-03-25 11:19:00,35350,35400,35050,35250,3539
2026-03-25 11:20:00,35250,35300,35200,35200,301
2026-03-25 11:21:00,35250,35250,35150,35250,193
2026-03-25 11:22:00,35300,35500,35300,35450,1365
2026-03-25 11:23:00,35450,35450,35450,35450,155
2026-03-25 11:24:00,35450,35550,35450,35550,210
2026-03-25 11:25:00,35550,35550,35500,35550,351
2026-03-25 11:26:00,35550,35550,35250,35300,494
2026-03-25 11:27:00,35400,35400,35300,35300,76
2026-03-25 11:28:00,35400,35500,35300,35300,310
2026-03-25 11:29:00,35350,35450,35300,35450,703
2026-03-25 11:30:00,35450,35450,35400,35450,109
2026-03-25 11:31:00,35400,35450,35350,35400,292
2026-03-25 11:32:00,35350,35400,35150,35150,578
2026-03-25 11:33:00,35300,35300,35000,35250,1136
2026-03-25 11:34:00,35200,35250,35100,35250,459
2026-03-25 11:35:00,35250,35400,35200,35400,334
2026-03-25 11:36:00,35500,35500,35200,35300,122
2026-03-25 11:37:00,35300,35300,35150,35300,113
2026-03-25 11:38:00,35300,35350,35200,35300,204
2026-03-25 11:39:00,35300,35350,35250,35250,129
2026-03-25 11:40:00,35250,35250,35050,35100,146
2026-03-25 11:41:00,35000,35250,35000,35200,421
2026-03-25 11:42:00,35200,35200,35100,35200,37
2026-03-25 11:43:00,35150,35150,34900,34900,210
2026-03-25 11:44:00,34900,35000,34900,34950,107
2026-03-25 11:45:00,34950,35050,34900,35000,894
2026-03-25 11:46:00,34950,35050,34950,35050,158
2026-03-25 11:47:00,35000,35050,34700,35050,374
2026-03-25 11:48:00,35050,35050,35000,35000,254
2026-03-25 11:49:00,35000,35000,34900,35000,56
2026-03-25 11:50:00,34950,34950,34700,34900,2865
2026-03-25 11:51:00,34900,35050,34850,35050,609
2026-03-25 11:52:00,35000,35000,34900,34900,127
2026-03-25 11:53:00,34950,34950,34750,34900,91
2026-03-25 11:54:00,34900,34950,34450,34850,1761
2026-03-25 11:55:00,34850,34950,34800,34850,282
2026-03-25 11:56:00,34850,34950,34850,34950,305
2026-03-25 11:57:00,34950,34950,34650,34950,605
2026-03-25 11:58:00,34950,34950,34550,34800,733
2026-03-25 11:59:00,34750,34850,34700,34850,339
2026-03-25 12:00:00,34850,34850,34700,34800,366
2026-03-25 12:01:00,34900,35000,34900,34950,150
2026-03-25 12:02:00,34900,35000,34900,35000,45
2026-03-25 12:03:00,35000,35050,35000,35050,895
2026-03-25 12:04:00,35000,35100,35000,35100,48
2026-03-25 12:05:00,35100,35150,35100,35150,194
2026-03-25 12:06:00,35150,35150,35150,35150,255
2026-03-25 12:07:00,35150,35150,35150,35150,147
2026-03-25 12:08:00,35150,35200,35150,35150,193
2026-03-25 12:09:00,35200,35200,35200,35200,75
2026-03-25 12:10:00,35200,35250,35150,35250,112
2026-03-25 12:11:00,35250,35300,35250,35300,306
2026-03-25 12:12:00,35300,35300,35200,35200,109
2026-03-25 12:13:00,35150,35150,35050,35150,637
2026-03-25 12:14:00,35050,35250,35050,35250,201
2026-03-25 12:15:00,35050,35200,35050,35100,80
2026-03-25 12:16:00,35150,35150,34850,35000,4855
2026-03-25 12:17:00,35000,35100,35000,35050,63
2026-03-25 12:18:00,35050,35250,35050,35150,134
2026-03-25 12:19:00,35100,35150,35050,35050,135
2026-03-25 12:20:00,35050,35100,35050,35100,17
2026-03-25 12:21:00,35100,35150,35050,35050,273
2026-03-25 12:22:00,35150,35150,34950,35000,1077
2026-03-25 12:23:00,35050,35050,35000,35000,65
2026-03-25 12:24:00,35000,35100,35000,35100,147
2026-03-25 12:25:00,35100,35150,35050,35050,101
2026-03-25 12:26:00,35050,35050,35050,35050,28
2026-03-25 12:27:00,35050,35050,35050,35050,5
2026-03-25 12:28:00,34950,34950,34900,34950,132
2026-03-25 12:29:00,34900,34900,34800,34800,61
2026-03-25 12:30:00,34800,34850,34700,34850,584
2026-03-25 12:31:00,34700,35000,34700,35000,232
2026-03-25 12:32:00,34800,34800,34800,34800,144
2026-03-25 12:33:00,34850,34850,34750,34750,77
2026-03-25 12:34:00,34750,34750,34650,34650,22
2026-03-25 12:35:00,34650,34650,34650,34650,19
2026-03-25 12:36:00,34650,34650,34450,34500,3703
2026-03-25 12:37:00,34600,34850,34550,34850,2298
2026-03-25 12:38:00,34750,34750,34750,34750,4
2026-03-25 12:39:00,34700,34950,34600,34950,310
2026-03-25 12:40:00,34850,34850,34850,34850,8
2026-03-25 12:41:00,34775,34775,34700,34700,245
2026-03-25 12:42:00,34700,34800,34550,34750,158
2026-03-25 12:43:00,34750,34850,34350,34350,1104
2026-03-25 12:44:00,34650,34650,34300,34300,380
2026-03-25 12:45:00,34450,34550,34300,34300,299
2026-03-25 12:46:00,34350,34500,34350,34500,108
2026-03-25 12:47:00,34350,34450,34300,34300,851
2026-03-25 12:48:00,34450,34950,34400,34400,1200
2026-03-25 12:49:00,34400,34400,34350,34400,84
2026-03-25 12:50:00,34300,34400,34050,34400,4820
2026-03-25 12:51:00,34400,34400,34200,34400,59
2026-03-25 12:52:00,34200,34200,34050,34050,180
2026-03-25 12:53:00,34150,34200,34000,34200,227
2026-03-25 12:54:00,34050,34250,34050,34050,358
2026-03-25 12:55:00,34250,34300,34050,34150,785
2026-03-25 12:56:00,34300,34350,34100,34350,856
2026-03-25 12:57:00,34300,34400,34300,34400,8
2026-03-25 12:58:00,34400,34400,34100,34100,180
2026-03-25 12:59:00,34100,34300,34000,34250,972
2026-03-25 13:00:00,34250,34250,34000,34200,135
2026-03-25 13:01:00,34200,34200,34050,34050,653
2026-03-25 13:02:00,34200,34200,34200,34200,5
2026-03-25 13:03:00,34050,34150,33900,34150,1981
2026-03-25 13:04:00,34000,34150,34000,34100,197
2026-03-25 13:05:00,34200,34200,34000,34200,106
2026-03-25 13:06:00,34000,34200,33950,33950,1736
2026-03-25 13:07:00,34250,34250,33950,34250,875
2026-03-25 13:08:00,34250,34300,34250,34300,341
2026-03-25 13:09:00,34300,34400,34300,34350,679
2026-03-25 13:10:00,34400,34950,34400,34600,3565
2026-03-25 13:11:00,34650,34750,34650,34750,57
2026-03-25 13:12:00,34700,34750,34650,34750,286
2026-03-25 13:13:00,34750,34800,34550,34750,123
2026-03-25 13:14:00,34700,34700,34600,34600,62
2026-03-25 13:15:00,34650,34650,34450,34550,244
2026-03-25 13:16:00,34400,34550,34400,34500,278
2026-03-25 13:17:00,34500,34500,34500,34500,425
2026-03-25 13:18:00,34525,34550,34500,34500,131
2026-03-25 13:19:00,34500,34500,34500,34500,43
2026-03-25 13:20:00,34500,34550,34500,34500,104
2026-03-25 13:21:00,34500,34500,34500,34500,96
2026-03-25 13:22:00,34450,34500,34450,34500,153
2026-03-25 13:23:00,34500,34500,34500,34500,104
2026-03-25 13:24:00,34500,34500,34500,34500,142
2026-03-25 13:25:00,34450,34450,34450,34450,64
2026-03-25 13:26:00,34500,34550,34450,34550,391
2026-03-25 13:27:00,34550,34650,34500,34650,171
2026-03-25 13:28:00,34650,34650,34650,34650,97
2026-03-25 13:29:00,34700,34700,34550,34600,332
2026-03-25 13:30:00,34600,34950,34550,34750,594
2026-03-25 13:31:00,34750,34750,34500,34500,983
2026-03-25 13:32:00,34500,34550,34450,34450,132
2026-03-25 13:33:00,34500,34500,34500,34500,58
2026-03-25 13:34:00,34500,34500,34450,34450,91
2026-03-25 13:35:00,34500,34950,34450,34650,440
2026-03-25 13:36:00,34650,34950,34600,34700,453
2026-03-25 13:37:00,34700,34700,34300,34300,259
2026-03-25 13:38:00,34350,34450,34150,34400,2026
2026-03-25 13:40:00,34400,34500,34400,34450,152
2026-03-25 13:41:00,34550,34550,34500,34550,90
2026-03-25 13:42:00,34500,34500,34500,34500,54
2026-03-25 13:43:00,34450,34550,34450,34500,66
2026-03-25 13:44:00,34500,34500,34500,34500,64
2026-03-25 13:45:00,34500,34500,34500,34500,72
2026-03-25 13:46:00,34500,34500,34450,34450,82
2026-03-25 13:47:00,34500,34500,34500,34500,69
2026-03-25 13:48:00,34500,34500,34500,34500,321
2026-03-25 13:49:00,34500,34500,34050,34100,1812
2026-03-25 13:50:00,34050,34250,33900,34250,1936
2026-03-25 13:51:00,34000,34450,34000,34450,1308
2026-03-25 13:52:00,34450,34450,34350,34400,400
2026-03-25 13:53:00,34400,34400,34250,34250,200
2026-03-25 13:54:00,34200,34300,34150,34200,40
2026-03-25 13:55:00,34200,34450,34200,34400,276
2026-03-25 13:56:00,34400,34450,34300,34450,514
2026-03-25 13:57:00,34500,34650,34500,34600,246
2026-03-25 13:58:00,34600,34600,34600,34600,4
2026-03-25 13:59:00,34600,34650,34550,34650,60
2026-03-25 14:00:00,34550,34650,34550,34650,291
2026-03-25 14:01:00,34550,34550,34500,34500,606
2026-03-25 14:02:00,34550,34700,34550,34700,922
2026-03-25 14:03:00,34650,34700,34600,34700,97
2026-03-25 14:04:00,34600,34750,34550,34750,974
2026-03-25 14:05:00,34550,34950,34550,34950,1084
2026-03-25 14:06:00,34600,34850,34500,34850,861
2026-03-25 14:07:00,34700,34850,34700,34850,24
2026-03-25 14:08:00,34650,34700,34550,34700,300
2026-03-25 14:09:00,34550,34700,34550,34700,150
2026-03-25 14:10:00,34700,34700,34600,34600,99
2026-03-25 14:11:00,34500,34700,34500,34650,575
2026-03-25 14:12:00,34500,34550,34500,34500,26
2026-03-25 14:13:00,34500,34650,34450,34500,282
2026-03-25 14:14:00,34550,34550,34550,34550,14
2026-03-25 14:15:00,34550,34550,34500,34550,105
2026-03-25 14:16:00,34550,34700,34550,34700,100
2026-03-25 14:17:00,34700,34700,34650,34700,998
2026-03-25 14:18:00,34700,34700,34550,34550,225
2026-03-25 14:19:00,34700,34700,34550,34550,350
2026-03-25 14:20:00,34550,34600,34550,34550,423
2026-03-25 14:21:00,34600,34750,34550,34750,450
2026-03-25 14:22:00,34750,34750,34700,34700,79
2026-03-25 14:23:00,34750,34900,34700,34900,454
2026-03-25 14:24:00,34850,34900,34850,34900,1127
2026-03-25 14:25:00,34950,35000,34950,34950,1132
2026-03-25 14:26:00,34900,34950,34850,34850,88
2026-03-25 14:27:00,34950,34950,34950,34950,7
2026-03-25 14:28:00,34950,34950,34800,34950,185
2026-03-25 14:29:00,34950,35000,34800,35000,218
2026-03-25 14:30:00,35000,35000,34650,34800,1952
2026-03-25 14:31:00,34800,34800,34700,34750,7
2026-03-25 14:32:00,34800,34950,34750,34750,128
2026-03-25 14:33:00,34750,34850,34750,34800,77
2026-03-25 14:34:00,34800,34850,34700,34700,70
2026-03-25 14:35:00,34700,34800,34700,34800,392
2026-03-25 14:36:00,34750,34800,34700,34800,195
2026-03-25 14:37:00,34800,34900,34750,34900,242
2026-03-25 14:38:00,34800,34850,34650,34650,181
2026-03-25 14:39:00,34650,34750,34300,34450,1823
2026-03-25 14:40:00,34400,34450,34100,34450,62
2026-03-25 14:41:00,34450,34450,34250,34350,191
2026-03-25 14:42:00,34250,34350,34200,34350,56
2026-03-25 14:43:00,34400,34400,34300,34300,63
2026-03-25 14:44:00,34300,34450,34300,34450,420
2026-03-25 14:45:00,34500,34500,34250,34250,312
2026-03-25 14:46:00,34450,34500,34400,34500,315
2026-03-25 14:47:00,34500,34500,34400,34500,289
2026-03-25 14:48:00,34500,34500,34400,34400,373
2026-03-25 14:49:00,34400,34450,34400,34400,319
2026-03-25 14:50:00,34450,34450,34450,34450,71
2026-03-25 14:51:00,34450,34450,34300,34350,943
2026-03-25 14:52:00,34350,34400,34350,34400,756
2026-03-25 14:53:00,34400,34450,34400,34450,272
2026-03-25 14:54:00,34450,34450,34350,34350,370
2026-03-25 14:55:00,34450,34450,34400,34450,78
2026-03-25 14:56:00,34450,34450,34400,34450,171
2026-03-25 14:57:00,34450,34450,34450,34450,63
2026-03-25 14:58:00,34450,34450,34350,34350,548
2026-03-25 14:59:00,34400,34450,34350,34400,574
2026-03-25 15:00:00,34400,34450,34350,34350,443
2026-03-25 15:01:00,34450,34450,34350,34400,1256
2026-03-25 15:02:00,34400,34400,34400,34400,233
2026-03-25 15:03:00,34400,34400,34400,34400,319
2026-03-25 15:04:00,34450,34450,34450,34450,98
2026-03-25 15:05:00,34450,34450,34450,34450,112
2026-03-25 15:06:00,34400,34400,34300,34350,731
2026-03-25 15:07:00,34350,34500,34350,34450,713
2026-03-25 15:08:00,34450,34450,34450,34450,96
2026-03-25 15:09:00,34400,34450,34350,34450,1494
2026-03-25 15:10:00,34450,34500,34450,34500,500
2026-03-25 15:11:00,34450,34450,34350,34450,52
2026-03-25 15:12:00,34450,34550,34450,34550,7185
2026-03-25 15:13:00,34550,34550,34350,34350,774
2026-03-25 15:14:00,34500,34550,34500,34550,205
2026-03-25 15:15:00,34500,34550,34400,34450,817
2026-03-25 15:16:00,34500,34500,34450,34500,155
2026-03-25 15:18:00,34550,34600,34400,34600,703
2026-03-25 15:19:00,34400,34850,34400,34400,1882
2026-03-25 15:30:00,34400,34400,34400,34400,3264
2026-03-26 09:00:00,34400,34450,34000,34150,2678
2026-03-26 09:01:00,34150,34400,34050,34050,965
2026-03-26 09:02:00,34050,34450,34050,34300,3352
2026-03-26 09:03:00,34100,34400,34050,34100,521
2026-03-26 09:04:00,34200,34250,34050,34150,1997
2026-03-26 09:05:00,34100,34300,34100,34300,162
2026-03-26 09:06:00,34150,34400,34150,34200,646
2026-03-26 09:07:00,34200,35000,34200,34500,3680
2026-03-26 09:08:00,34550,34800,34450,34750,1184
2026-03-26 09:09:00,34750,34850,34400,34400,4283
2026-03-26 09:10:00,34550,34700,34550,34550,458
2026-03-26 09:11:00,34650,34650,34400,34400,2242
2026-03-26 09:12:00,34400,34400,34250,34400,2510
2026-03-26 09:14:00,34500,34850,34500,34850,475
2026-03-26 09:15:00,34650,34900,34650,34900,812
2026-03-26 09:16:00,34750,34750,34500,34650,468
2026-03-26 09:17:00,34550,34700,34400,34400,1172
2026-03-26 09:18:00,34400,34500,34400,34500,624
2026-03-26 09:19:00,34450,34850,34400,34850,1212
2026-03-26 09:20:00,34800,35050,34800,35050,2691
2026-03-26 09:21:00,35050,35050,34850,34850,3370
2026-03-26 09:22:00,34800,35100,34800,35100,906
2026-03-26 09:23:00,35100,35100,34800,34950,3148
2026-03-26 09:24:00,34950,35050,34700,34850,2114
2026-03-26 09:25:00,34650,34950,34450,34600,4221
2026-03-26 09:26:00,34700,34700,34600,34600,231
2026-03-26 09:27:00,34600,34950,34600,34950,581
2026-03-26 09:28:00,35000,35000,34850,34850,852
2026-03-26 09:29:00,34850,35150,34850,35150,1359
2026-03-26 09:30:00,35100,35250,35050,35250,911
2026-03-26 09:31:00,35200,35350,34900,34900,1433
2026-03-26 09:32:00,34900,35150,34600,34600,1435
2026-03-26 09:33:00,34600,34650,34400,34450,5362
2026-03-26 09:34:00,34650,34700,34400,34500,1100
2026-03-26 09:35:00,34550,34900,34500,34650,82
2026-03-26 09:36:00,34650,34950,34650,34900,237
2026-03-26 09:37:00,34950,34950,34800,34800,50
2026-03-26 09:38:00,34950,35150,34800,34800,576
2026-03-26 09:39:00,34800,35000,34800,34800,712
2026-03-26 09:40:00,34900,34900,34850,34900,314
2026-03-26 09:41:00,34900,34900,34750,34900,1540
2026-03-26 09:42:00,34850,34850,34700,34700,244
2026-03-26 09:43:00,34650,34700,34600,34600,507
2026-03-26 09:44:00,34700,34900,34600,34600,251
2026-03-26 09:45:00,34800,34800,34600,34600,24
2026-03-26 09:46:00,34700,34800,34600,34800,554
2026-03-26 09:47:00,34800,34900,34800,34900,191
2026-03-26 09:48:00,34900,34900,34900,34900,14
2026-03-26 09:49:00,34900,34900,34850,34850,505
2026-03-26 09:50:00,34900,34900,34750,34900,349
2026-03-26 09:51:00,34900,34900,34850,34850,834
2026-03-26 09:52:00,34850,34900,34800,34900,177
2026-03-26 09:53:00,34900,34900,34900,34900,15
2026-03-26 09:54:00,34850,34950,34850,34900,1393
2026-03-26 09:55:00,34900,34950,34900,34950,225
2026-03-26 09:56:00,34950,34950,34850,34850,130
2026-03-26 09:57:00,34950,34950,34900,34900,169
2026-03-26 09:58:00,34900,34950,34900,34950,111
2026-03-26 09:59:00,34950,34950,34950,34950,76
2026-03-26 10:00:00,34900,34950,34850,34900,124
2026-03-26 10:01:00,34900,35050,34900,35050,2388
2026-03-26 10:02:00,35050,35050,35000,35000,151
2026-03-26 10:03:00,35000,35050,35000,35050,1019
2026-03-26 10:04:00,35050,35250,35050,35150,1743
2026-03-26 10:05:00,35200,35200,34850,34850,220
2026-03-26 10:06:00,35200,35200,35000,35000,306
2026-03-26 10:07:00,35200,35200,35100,35150,118
2026-03-26 10:08:00,35100,35150,35100,35150,1237
2026-03-26 10:09:00,35150,35175,35000,35000,171
2026-03-26 10:10:00,35150,35150,34850,35100,405
2026-03-26 10:11:00,34900,35300,34900,35300,2401
2026-03-26 10:12:00,35300,35750,35300,35750,6226
2026-03-26 10:13:00,35550,35550,35150,35300,3872
2026-03-26 10:14:00,35250,35800,35000,35700,4453
2026-03-26 10:15:00,35700,35750,35500,35650,1607
2026-03-26 10:16:00,35550,35550,35350,35400,687
2026-03-26 10:17:00,35450,35650,35450,35650,1633
2026-03-26 10:18:00,35450,35450,35250,35350,519
2026-03-26 10:19:00,35350,35350,34950,34950,948
2026-03-26 10:20:00,34950,34950,34850,34850,402
2026-03-26 10:21:00,34850,35150,34700,35150,646
2026-03-26 10:22:00,35150,35250,35150,35250,161
2026-03-26 10:23:00,35250,35250,35050,35050,149
2026-03-26 10:24:00,34950,35050,34800,34900,269
2026-03-26 10:25:00,34900,35250,34900,35250,409
2026-03-26 10:26:00,35250,35300,35250,35250,202
2026-03-26 10:27:00,35200,35300,35150,35300,229
2026-03-26 10:28:00,35350,35400,35350,35400,492
2026-03-26 10:29:00,35350,35350,35350,35350,80
2026-03-26 10:30:00,35350,35350,35150,35150,160
2026-03-26 10:31:00,35100,35250,34800,35250,2819
2026-03-26 10:32:00,35200,35200,35100,35100,254
2026-03-26 10:33:00,35100,35100,35050,35100,9
2026-03-26 10:34:00,35150,35150,35100,35150,33
2026-03-26 10:35:00,35150,35350,35150,35250,733
2026-03-26 10:36:00,35250,35250,34950,34950,122
2026-03-26 10:37:00,35000,35000,34950,34950,107
2026-03-26 10:38:00,34950,34950,34800,34900,89
2026-03-26 10:39:00,34900,34900,34900,34900,173
2026-03-26 10:40:00,34850,34900,34850,34900,21
2026-03-26 10:41:00,34900,34900,34850,34850,125
2026-03-26 10:42:00,34850,34850,34850,34850,533
2026-03-26 10:43:00,34850,34850,34750,34800,576
2026-03-26 10:44:00,34800,35050,34800,35050,99
2026-03-26 10:45:00,35000,35000,34750,34750,588
2026-03-26 10:46:00,34900,35000,34900,35000,123
2026-03-26 10:47:00,34950,35000,34800,34800,150
2026-03-26 10:48:00,34900,34900,34750,34750,106
2026-03-26 10:49:00,34750,34800,34750,34800,503
2026-03-26 10:50:00,34850,34850,34850,34850,1
2026-03-26 10:51:00,34800,34950,34800,34950,89
2026-03-26 10:52:00,34900,34900,34900,34900,91
2026-03-26 10:53:00,34850,34950,34700,34700,862
2026-03-26 10:54:00,34700,34700,34650,34650,905
2026-03-26 10:55:00,34700,34850,34700,34850,7
2026-03-26 10:56:00,34900,35050,34800,34900,1237
2026-03-26 10:57:00,35000,35000,34550,34700,1175
2026-03-26 10:58:00,34750,34750,34650,34650,155
2026-03-26 10:59:00,34750,34750,34750,34750,88
2026-03-26 11:00:00,34750,34750,34500,34500,1341
2026-03-26 11:01:00,34700,34800,34600,34800,300
2026-03-26 11:02:00,34800,34950,34800,34950,393
2026-03-26 11:03:00,34900,35000,34800,34800,921
2026-03-26 11:04:00,34750,34800,34650,34650,1192
2026-03-26 11:05:00,34650,34700,34600,34600,257
2026-03-26 11:06:00,34700,34700,34500,34600,2884
2026-03-26 11:07:00,34700,34700,34500,34500,237
2026-03-26 11:08:00,34700,34700,34700,34700,82
2026-03-26 11:09:00,34700,34700,34650,34650,171
2026-03-26 11:10:00,34650,34700,34450,34450,1386
2026-03-26 11:11:00,34450,34650,34350,34650,1319
2026-03-26 11:12:00,34500,34700,34500,34700,58
2026-03-26 11:13:00,34700,34700,34650,34650,141
2026-03-26 11:14:00,34600,34600,34400,34550,2126
2026-03-26 11:15:00,34450,34550,34450,34550,16
2026-03-26 11:16:00,34550,34550,34550,34550,385
2026-03-26 11:17:00,34550,34550,34250,34250,4267
2026-03-26 11:18:00,34250,34350,34200,34200,976
2026-03-26 11:19:00,34350,34500,34150,34150,323
2026-03-26 11:20:00,34200,34250,34200,34200,152
2026-03-26 11:21:00,34350,34550,34350,34500,388
2026-03-26 11:22:00,34450,34450,34400,34400,29
2026-03-26 11:23:00,34400,34550,34350,34350,133
2026-03-26 11:24:00,34500,34550,34200,34200,355
2026-03-26 11:25:00,34400,34400,34150,34300,429
2026-03-26 11:26:00,34300,34300,34300,34300,130
2026-03-26 11:27:00,34300,34400,34300,34400,198
2026-03-26 11:28:00,34300,34400,34250,34250,219
2026-03-26 11:29:00,34225,34250,34200,34250,82
2026-03-26 11:30:00,34250,34250,34150,34150,80
2026-03-26 11:31:00,34250,34300,34200,34300,153
2026-03-26 11:32:00,34200,34200,34100,34100,587
2026-03-26 11:33:00,34100,34150,34100,34150,63
2026-03-26 11:34:00,34200,34200,34100,34200,216
2026-03-26 11:35:00,34200,34300,34150,34300,867
2026-03-26 11:36:00,34300,34300,34300,34300,73
2026-03-26 11:37:00,34300,34300,34100,34200,483
2026-03-26 11:38:00,34150,34300,34150,34300,114
2026-03-26 11:39:00,34350,34350,34300,34300,62
2026-03-26 11:40:00,34300,34350,34200,34250,29
2026-03-26 11:41:00,34300,34400,34300,34400,199
2026-03-26 11:42:00,34400,34400,34400,34400,24
2026-03-26 11:43:00,34400,34450,34400,34450,1059
2026-03-26 11:44:00,34400,34400,34400,34400,246
2026-03-26 11:45:00,34400,34400,34400,34400,103
2026-03-26 11:46:00,34400,34400,34400,34400,820
2026-03-26 11:47:00,34450,34450,34450,34450,312
2026-03-26 11:48:00,34450,34450,34450,34450,403
2026-03-26 11:49:00,34500,34500,34450,34500,129
2026-03-26 11:50:00,34450,34450,34400,34400,175
2026-03-26 11:51:00,34350,34500,34350,34500,72
2026-03-26 11:52:00,34450,34450,34350,34350,233
2026-03-26 11:53:00,34300,34400,34300,34400,99
2026-03-26 11:54:00,34400,34400,34300,34300,263
2026-03-26 11:55:00,34250,34400,34200,34300,429
2026-03-26 11:56:00,34250,34250,34250,34250,41
2026-03-26 11:57:00,34250,34250,34200,34200,143
2026-03-26 11:58:00,34250,34250,34200,34250,99
2026-03-26 11:59:00,34250,34250,34150,34150,164
2026-03-26 12:00:00,34200,34200,34150,34150,459
2026-03-26 12:01:00,34200,34250,34100,34250,395
2026-03-26 12:02:00,34350,34400,34350,34350,342
2026-03-26 12:03:00,34350,34350,34250,34250,302
2026-03-26 12:04:00,34250,34250,34250,34250,164
2026-03-26 12:05:00,34350,34350,34300,34300,141
2026-03-26 12:06:00,34300,34350,34300,34350,221
2026-03-26 12:07:00,34300,34350,34200,34200,714
2026-03-26 12:08:00,34200,34300,34050,34050,291
2026-03-26 12:09:00,34150,34200,34150,34200,72
2026-03-26 12:10:00,34200,34200,34150,34150,197
2026-03-26 12:11:00,34150,34150,34150,34150,42
2026-03-26 12:12:00,34150,34300,34150,34200,207
2026-03-26 12:13:00,34200,34300,34200,34300,19
2026-03-26 12:14:00,34300,34300,34300,34300,2
2026-03-26 12:15:00,34350,34400,34300,34300,90
2026-03-26 12:16:00,34300,34300,34250,34250,395
2026-03-26 12:17:00,34300,34300,34200,34200,177
2026-03-26 12:18:00,34150,34200,34150,34200,157
2026-03-26 12:19:00,34200,34200,34200,34200,123
2026-03-26 12:20:00,34200,34200,34150,34150,185
2026-03-26 12:21:00,34200,34200,34150,34150,27
2026-03-26 12:22:00,34200,34250,34200,34250,29
2026-03-26 12:23:00,34250,34300,34250,34300,227
2026-03-26 12:24:00,34300,34300,34300,34300,41
2026-03-26 12:25:00,34250,34250,34200,34250,311
2026-03-26 12:26:00,34300,34300,34250,34300,130
2026-03-26 12:27:00,34350,34350,34300,34300,513
2026-03-26 12:28:00,34300,34300,34300,34300,107
2026-03-26 12:29:00,34350,34350,34300,34300,117
2026-03-26 12:30:00,34350,34350,34350,34350,169
2026-03-26 12:31:00,34350,34400,34350,34400,494
2026-03-26 12:32:00,34400,34550,34400,34550,2938
2026-03-26 12:33:00,34550,34650,34550,34600,171
2026-03-26 12:34:00,34700,34700,34650,34700,132
2026-03-26 12:35:00,34700,34700,34700,34700,179
2026-03-26 12:36:00,34700,34750,34700,34750,93
2026-03-26 12:37:00,34750,34750,34700,34700,481
2026-03-26 12:38:00,34800,34800,34750,34800,114
2026-03-26 12:39:00,34750,34750,34700,34700,116
2026-03-26 12:40:00,34750,34750,34600,34600,536
2026-03-26 12:41:00,34500,34650,34500,34650,51
2026-03-26 12:42:00,34600,34650,34600,34650,75
2026-03-26 12:43:00,34650,34850,34650,34850,699
2026-03-26 12:44:00,34650,34700,34650,34700,211
2026-03-26 12:45:00,34650,34700,34650,34650,35
2026-03-26 12:46:00,34700,34800,34650,34650,137
2026-03-26 12:47:00,34750,34750,34700,34700,93
2026-03-26 12:48:00,34750,34900,34750,34900,983
2026-03-26 12:49:00,34900,34900,34600,34600,570
2026-03-26 12:50:00,34550,34550,34500,34550,648
2026-03-26 12:51:00,34600,34750,34600,34700,223
2026-03-26 12:52:00,34700,34850,34700,34850,277
2026-03-26 12:53:00,34800,34900,34750,34900,508
2026-03-26 12:54:00,34750,34800,34750,34800,331
2026-03-26 12:55:00,34750,34750,34650,34700,286
2026-03-26 12:57:00,34750,34750,34700,34700,131
2026-03-26 12:58:00,34700,34700,34650,34650,354
2026-03-26 12:59:00,34700,34700,34700,34700,64
2026-03-26 13:00:00,34650,34650,34600,34600,40
2026-03-26 13:01:00,34650,34650,34650,34650,320
2026-03-26 13:02:00,34650,34650,34650,34650,107
2026-03-26 13:03:00,34650,34650,34650,34650,77
2026-03-26 13:04:00,34650,34650,34650,34650,46
2026-03-26 13:05:00,34650,34650,34600,34600,709
2026-03-26 13:06:00,34650,34650,34650,34650,6
2026-03-26 13:07:00,34650,34650,34600,34600,92
2026-03-26 13:08:00,34650,34650,34650,34650,156
2026-03-26 13:09:00,34650,34700,34650,34650,139
2026-03-26 13:10:00,34700,34700,34600,34650,131
2026-03-26 13:11:00,34600,34600,34600,34600,259
2026-03-26 13:12:00,34600,34650,34550,34650,273
2026-03-26 13:13:00,34600,34600,34500,34500,123
2026-03-26 13:15:00,34650,34700,34600,34700,529
2026-03-26 13:16:00,34700,34900,34700,34900,1600
2026-03-26 13:17:00,34900,34900,34750,34750,75
2026-03-26 13:18:00,34700,34700,34700,34700,157
2026-03-26 13:19:00,34750,34750,34650,34650,191
2026-03-26 13:20:00,34600,34600,34550,34550,174
2026-03-26 13:21:00,34600,34650,34600,34650,36
2026-03-26 13:22:00,34650,34700,34650,34700,165
2026-03-26 13:23:00,34700,34700,34700,34700,83
2026-03-26 13:24:00,34700,34700,34700,34700,10
2026-03-26 13:25:00,34700,34850,34700,34850,932
2026-03-26 13:26:00,34850,35150,34850,35050,4958
2026-03-26 13:27:00,35150,35250,35150,35250,486
2026-03-26 13:28:00,35250,35350,35200,35350,3053
2026-03-26 13:29:00,35300,35500,35250,35350,5428
2026-03-26 13:30:00,35550,35550,35550,35550,105
2026-03-26 13:31:00,35400,35400,35400,35400,267
2026-03-26 13:32:00,35400,35400,35250,35400,411
2026-03-26 13:33:00,35400,35450,35400,35450,864
2026-03-26 13:34:00,35400,35450,35300,35450,1042
2026-03-26 13:35:00,35400,35500,35200,35200,4254
2026-03-26 13:36:00,35200,35350,35200,35300,115
2026-03-26 13:37:00,35300,35300,35300,35300,120
2026-03-26 13:38:00,35250,35250,35250,35250,55
2026-03-26 13:39:00,35250,35250,35100,35100,397
2026-03-26 13:40:00,35150,35200,35150,35200,143
2026-03-26 13:41:00,35200,35200,35200,35200,250
2026-03-26 13:42:00,35200,35200,35050,35150,450
2026-03-26 13:43:00,35150,35250,35150,35250,1074
2026-03-26 13:44:00,35300,35300,35300,35300,82
2026-03-26 13:45:00,35400,35400,35350,35350,96
2026-03-26 13:46:00,35350,35400,35250,35250,1162
2026-03-26 13:47:00,35300,35300,35300,35300,200
2026-03-26 13:48:00,35350,35500,35250,35300,3530
2026-03-26 13:49:00,35200,35350,35150,35150,307
2026-03-26 13:50:00,35150,35150,35150,35150,6
2026-03-26 13:51:00,35200,35300,35200,35300,15
2026-03-26 13:52:00,35200,35300,35050,35200,458
2026-03-26 13:53:00,35100,35100,35000,35050,291
2026-03-26 13:54:00,35050,35050,35000,35050,57
2026-03-26 13:55:00,35100,35100,35100,35100,15
2026-03-26 13:56:00,35100,35100,35050,35050,172
2026-03-26 13:57:00,35050,35100,35050,35100,142
2026-03-26 13:58:00,35050,35050,34950,34950,638
2026-03-26 13:59:00,34950,34950,34900,34900,279
2026-03-26 14:00:00,34950,35050,34850,35050,936
2026-03-26 14:01:00,35100,35100,35100,35100,9
2026-03-26 14:02:00,35100,35100,35050,35100,168
2026-03-26 14:03:00,35100,35550,35100,35250,1699
2026-03-26 14:04:00,35300,35300,35150,35150,226
2026-03-26 14:05:00,35200,35225,35200,35225,326
2026-03-26 14:06:00,35200,35200,35000,35000,541
2026-03-26 14:07:00,35000,35050,34800,35050,384
2026-03-26 14:08:00,35100,35100,35050,35050,114
2026-03-26 14:09:00,35000,35100,35000,35050,37
2026-03-26 14:10:00,35100,35200,35100,35200,143
2026-03-26 14:11:00,35100,35100,35050,35050,320
2026-03-26 14:12:00,35100,35150,35100,35150,71
2026-03-26 14:13:00,35050,35100,34950,35100,247
2026-03-26 14:14:00,35100,35100,35000,35050,198
2026-03-26 14:15:00,35050,35050,35050,35050,6
2026-03-26 14:16:00,35000,35000,35000,35000,101
2026-03-26 14:17:00,35000,35000,34900,34900,723
2026-03-26 14:18:00,34850,34900,34800,34900,192
2026-03-26 14:19:00,34900,34900,34900,34900,36
2026-03-26 14:20:00,34900,34900,34800,34800,195
2026-03-26 14:21:00,34800,34850,34800,34850,333
2026-03-26 14:22:00,34800,34800,34750,34800,1756
2026-03-26 14:23:00,34800,34800,34700,34750,652
2026-03-26 14:24:00,34750,34750,34700,34700,566
2026-03-26 14:25:00,34650,34800,34650,34750,144
2026-03-26 14:26:00,34750,34800,34750,34800,69
2026-03-26 14:27:00,34750,34750,34500,34700,423
2026-03-26 14:28:00,34550,34800,34550,34800,201
2026-03-26 14:29:00,34800,34850,34800,34850,37
2026-03-26 14:30:00,34850,34850,34750,34800,130
2026-03-26 14:31:00,34800,34850,34800,34850,77
2026-03-26 14:32:00,34800,34850,34800,34850,354
2026-03-26 14:33:00,34900,34900,34850,34850,35
2026-03-26 14:34:00,34900,34900,34850,34850,93
2026-03-26 14:35:00,34850,34850,34800,34800,201
2026-03-26 14:36:00,34900,35000,34750,34950,272
2026-03-26 14:37:00,34750,34850,34750,34850,66
2026-03-26 14:38:00,34850,34850,34800,34800,191
2026-03-26 14:39:00,34800,34850,34800,34850,125
2026-03-26 14:40:00,34850,34850,34750,34750,240
2026-03-26 14:41:00,34750,34800,34750,34800,83
2026-03-26 14:42:00,34850,34950,34850,34950,116
2026-03-26 14:43:00,34950,34950,34850,34850,71
2026-03-26 14:44:00,34850,34850,34800,34850,91
2026-03-26 14:45:00,34800,34950,34800,34900,243
2026-03-26 14:46:00,34800,34850,34800,34850,188
2026-03-26 14:47:00,34750,34750,34500,34700,1854
2026-03-26 14:48:00,34600,34700,34550,34700,78
2026-03-26 14:49:00,34700,34700,34650,34700,209
2026-03-26 14:50:00,34650,34650,34550,34600,345
2026-03-26 14:51:00,34600,34650,34450,34650,613
2026-03-26 14:52:00,34450,34650,34450,34650,204
2026-03-26 14:53:00,34650,34650,34600,34600,646
2026-03-26 14:54:00,34600,34650,34600,34600,294
2026-03-26 14:55:00,34600,34650,34600,34600,60
2026-03-26 14:56:00,34650,34650,34600,34600,303
2026-03-26 14:57:00,34600,34650,34500,34650,171
2026-03-26 14:58:00,34600,34600,34525,34525,98
2026-03-26 14:59:00,34500,34550,34500,34550,102
2026-03-26 15:00:00,34600,34600,34450,34500,228
2026-03-26 15:01:00,34450,34450,34150,34200,538
2026-03-26 15:02:00,34400,34500,34200,34500,1381
2026-03-26 15:03:00,34250,34500,34200,34500,189
2026-03-26 15:04:00,34350,34600,34250,34600,2227
2026-03-26 15:05:00,34600,34600,34350,34350,295
2026-03-26 15:06:00,34450,34500,34450,34500,100
2026-03-26 15:07:00,34450,34500,34200,34250,761
2026-03-26 15:08:00,34450,34500,34450,34450,690
2026-03-26 15:10:00,34300,34500,34300,34300,64
2026-03-26 15:11:00,34400,34400,34350,34350,35
2026-03-26 15:12:00,34400,34400,34350,34400,68
2026-03-26 15:13:00,34400,34400,34400,34400,517
2026-03-26 15:14:00,34350,34350,34350,34350,23
2026-03-26 15:15:00,34450,34500,34350,34450,458
2026-03-26 15:16:00,34400,34400,34400,34400,82
2026-03-26 15:17:00,34400,34400,34400,34400,730
2026-03-26 15:18:00,34300,34600,34150,34600,918
2026-03-26 15:19:00,34400,35000,34300,34900,1920
2026-03-26 15:30:00,34850,34850,34850,34850,2107
2026-03-26 15:35:00,34850,34850,34850,34850,50
2026-03-27 09:00:00,33500,34000,31350,31350,2429
2026-03-27 09:03:00,32800,33450,32800,33200,10388
2026-03-27 09:04:00,33150,34850,33100,33500,3460
2026-03-27 09:05:00,33500,33550,33300,33400,1482
2026-03-27 09:06:00,33400,33500,33300,33300,2170
2026-03-27 09:07:00,33350,33350,33050,33050,4603
2026-03-27 09:08:00,33100,33350,32950,33350,2090
2026-03-27 09:09:00,33250,33350,33200,33350,759
2026-03-27 09:10:00,33400,33500,33200,33350,1329
2026-03-27 09:11:00,33300,33300,33150,33200,1434
2026-03-27 09:12:00,33300,33600,33300,33500,1366
2026-03-27 09:13:00,33600,33600,32950,32950,3692
2026-03-27 09:14:00,32950,33000,32950,33000,171
2026-03-27 09:15:00,32950,33100,32900,33050,1223
2026-03-27 09:16:00,33000,33100,33000,33050,618
2026-03-27 09:17:00,33050,33050,32850,32900,863
2026-03-27 09:18:00,32900,32900,32850,32850,666
2026-03-27 09:19:00,32850,32850,32700,32750,738
2026-03-27 09:20:00,32700,32800,32700,32800,966
2026-03-27 09:21:00,32700,33000,32700,32850,1870
2026-03-27 09:22:00,32800,32800,32500,32500,1695
2026-03-27 09:23:00,32500,32600,32450,32500,335
2026-03-27 09:24:00,32450,32550,32250,32550,1742
2026-03-27 09:25:00,32500,32650,32250,32600,466
2026-03-27 09:26:00,32600,32700,32500,32700,155
2026-03-27 09:27:00,32700,32700,32500,32500,917
2026-03-27 09:28:00,32500,32650,32450,32450,257
2026-03-27 09:29:00,32400,32600,32400,32600,48
2026-03-27 09:30:00,32600,32900,32600,32900,868
2026-03-27 09:31:00,32700,32850,32500,32700,1068
2026-03-27 09:32:00,32850,32850,32850,32850,112
2026-03-27 09:33:00,32800,32850,32750,32850,263
2026-03-27 09:34:00,32700,32850,32650,32650,98
2026-03-27 09:35:00,32750,32750,32550,32550,536
2026-03-27 09:36:00,32550,32550,32450,32450,648
2026-03-27 09:37:00,32600,32600,32600,32600,155
2026-03-27 09:38:00,32500,32650,32500,32650,459
2026-03-27 09:39:00,32450,32450,32400,32400,1303
2026-03-27 09:40:00,32400,32600,32400,32600,43
2026-03-27 09:41:00,32600,32700,32400,32400,374
2026-03-27 09:42:00,32450,32550,32400,32550,1456
2026-03-27 09:43:00,32600,32600,32400,32400,196
2026-03-27 09:44:00,32500,32500,32500,32500,30
2026-03-27 09:45:00,32500,32500,32400,32400,51
2026-03-27 09:46:00,32400,32400,32300,32300,1079
2026-03-27 09:47:00,32450,32450,32300,32350,107
2026-03-27 09:48:00,32450,32450,32450,32450,13
2026-03-27 09:49:00,32400,32400,32200,32250,1312
2026-03-27 09:50:00,32200,32250,32150,32150,920
2026-03-27 09:51:00,32200,32250,32000,32050,1272
2026-03-27 09:52:00,32100,32100,32000,32000,735
2026-03-27 09:53:00,32050,32350,32000,32350,1067
2026-03-27 09:54:00,32350,32350,32100,32100,507
2026-03-27 09:56:00,32100,32100,32100,32100,50
2026-03-27 09:57:00,32250,32250,32100,32100,386
2026-03-27 09:58:00,32250,32300,32250,32300,144
2026-03-27 09:59:00,32350,32350,32350,32350,5
2026-03-27 10:00:00,32350,32450,32300,32450,403
2026-03-27 10:02:00,32450,32450,32300,32450,465
2026-03-27 10:03:00,32300,32450,32250,32250,959
2026-03-27 10:04:00,32300,32300,32250,32250,82
2026-03-27 10:05:00,32300,32450,32250,32450,350
2026-03-27 10:06:00,32300,32300,32300,32300,5
2026-03-27 10:07:00,32300,32300,32300,32300,7
2026-03-27 10:08:00,32300,32300,32300,32300,231
2026-03-27 10:09:00,32450,32450,32450,32450,71
2026-03-27 10:10:00,32500,32700,32500,32700,136
2026-03-27 10:11:00,32700,32700,32700,32700,16
2026-03-27 10:12:00,32700,32700,32550,32650,395
2026-03-27 10:13:00,32650,32650,32650,32650,42
2026-03-27 10:14:00,32550,32550,32550,32550,18
2026-03-27 10:15:00,32550,32750,32550,32750,206
2026-03-27 10:16:00,32650,32650,32650,32650,5
2026-03-27 10:17:00,32700,32750,32650,32750,72
2026-03-27 10:18:00,32750,32800,32700,32800,620
2026-03-27 10:19:00,32700,33050,32650,33050,1771
2026-03-27 10:20:00,32750,32900,32700,32700,649
2026-03-27 10:21:00,32850,32900,32850,32900,100
2026-03-27 10:22:00,32900,32900,32900,32900,101
2026-03-27 10:23:00,32900,32900,32750,32900,541
2026-03-27 10:25:00,32750,32750,32700,32700,407
2026-03-27 10:26:00,32700,32750,32700,32700,21
2026-03-27 10:28:00,32700,32700,32550,32700,204
2026-03-27 10:29:00,32550,32550,32400,32550,280
2026-03-27 10:30:00,32500,32500,32400,32450,131
2026-03-27 10:32:00,32500,32700,32500,32700,13
2026-03-27 10:34:00,32700,32900,32700,32850,317
2026-03-27 10:35:00,32850,32850,32650,32850,2198
2026-03-27 10:36:00,32900,32950,32900,32900,170
2026-03-27 10:37:00,33000,33000,32550,32850,1508
2026-03-27 10:38:00,32850,32900,32850,32900,109
2026-03-27 10:39:00,32900,33100,32900,33100,118
2026-03-27 10:40:00,33000,33050,33000,33050,3
2026-03-27 10:41:00,32950,32950,32650,32650,2016
2026-03-27 10:42:00,32700,32700,32700,32700,2
2026-03-27 10:43:00,32700,32700,32700,32700,1
2026-03-27 10:44:00,32800,32800,32800,32800,31
2026-03-27 10:45:00,32800,32850,32750,32750,420
2026-03-27 10:46:00,32750,32750,32700,32700,164
2026-03-27 10:47:00,32700,32800,32700,32800,2
2026-03-27 10:48:00,32750,32800,32700,32800,1132
2026-03-27 10:50:00,32700,32700,32700,32700,213
2026-03-27 10:51:00,32700,32700,32600,32600,796
2026-03-27 10:52:00,32650,32700,32650,32700,112
2026-03-27 10:53:00,32750,32850,32750,32800,361
2026-03-27 10:54:00,32800,32850,32750,32750,188
2026-03-27 10:57:00,32750,32750,32550,32550,1461
2026-03-27 10:58:00,32550,32550,32550,32550,6
2026-03-27 10:59:00,32550,32650,32550,32650,255
2026-03-27 11:00:00,32550,32700,32550,32700,197
2026-03-27 11:01:00,32750,32750,32750,32750,1
2026-03-27 11:02:00,32700,32700,32700,32700,23
2026-03-27 11:04:00,32700,32750,32700,32700,15
2026-03-27 11:05:00,32650,32650,32650,32650,272
2026-03-27 11:06:00,32600,32650,32600,32650,66
2026-03-27 11:07:00,32600,32650,32600,32650,2
2026-03-27 11:08:00,32600,32650,32550,32650,686
2026-03-27 11:09:00,32550,32650,32550,32650,76
2026-03-27 11:10:00,32650,32650,32650,32650,122
2026-03-27 11:11:00,32700,32700,32700,32700,1
2026-03-27 11:12:00,32650,32650,32550,32550,1154
2026-03-27 11:13:00,32550,32550,32550,32550,48
2026-03-27 11:14:00,32550,32600,32500,32550,122
2026-03-27 11:15:00,32650,33000,32650,33000,1552
2026-03-27 11:16:00,32800,33000,32800,33000,28
2026-03-27 11:17:00,32850,33000,32750,32850,146
2026-03-27 11:18:00,32800,32950,32800,32950,22
2026-03-27 11:19:00,32950,32950,32850,32850,15
2026-03-27 11:20:00,32850,33300,32850,33200,210
2026-03-27 11:21:00,32900,33100,32850,33100,706
2026-03-27 11:22:00,32850,32850,32800,32800,569
2026-03-27 11:23:00,32800,32800,32750,32750,45
2026-03-27 11:24:00,32700,32800,32700,32800,330
2026-03-27 11:25:00,32750,32750,32750,32750,2
2026-03-27 11:26:00,32700,32700,32700,32700,26
2026-03-27 11:27:00,32750,32750,32750,32750,1
2026-03-27 11:28:00,32750,32750,32750,32750,2
2026-03-27 11:29:00,32750,32750,32750,32750,68
2026-03-27 11:31:00,32800,32800,32800,32800,2
2026-03-27 11:32:00,32800,32850,32800,32850,189
2026-03-27 11:34:00,32800,32800,32800,32800,1
2026-03-27 11:35:00,32900,32900,32900,32900,1
2026-03-27 11:36:00,32800,32900,32800,32900,103
2026-03-27 11:38:00,32950,32950,32850,32850,22
2026-03-27 11:39:00,32800,32800,32700,32750,339
2026-03-27 11:40:00,32700,32750,32700,32700,781
2026-03-27 11:42:00,32750,32750,32750,32750,1
2026-03-27 11:43:00,32700,32700,32700,32700,1
2026-03-27 11:44:00,32700,32700,32700,32700,5
2026-03-27 11:45:00,32700,32750,32700,32750,27
2026-03-27 11:47:00,32650,32650,32650,32650,122
2026-03-27 11:48:00,32750,32750,32750,32750,1
2026-03-27 11:49:00,32700,32700,32600,32700,144
2026-03-27 11:50:00,32600,32650,32600,32600,110
2026-03-27 11:51:00,32550,32600,32550,32550,343
2026-03-27 11:52:00,32650,32650,32650,32650,1
2026-03-27 11:53:00,32650,32750,32650,32750,500
2026-03-27 11:55:00,32650,32650,32500,32600,3380
2026-03-27 11:59:00,32675,32675,32650,32650,68
2026-03-27 12:00:00,32600,32600,32550,32575,223
2026-03-27 12:01:00,32600,32600,32600,32600,1
2026-03-27 12:02:00,32600,32600,32600,32600,12
2026-03-27 12:03:00,32600,32600,32600,32600,1
2026-03-27 12:05:00,32600,32600,32600,32600,4
2026-03-27 12:07:00,32600,32600,32600,32600,16
2026-03-27 12:08:00,32550,32600,32550,32600,30
2026-03-27 12:09:00,32600,32600,32600,32600,1
2026-03-27 12:10:00,32600,32600,32600,32600,1
2026-03-27 12:11:00,32600,32700,32600,32700,491
2026-03-27 12:12:00,32700,32700,32700,32700,1
2026-03-27 12:13:00,32600,32700,32600,32700,2
2026-03-27 12:15:00,32600,32600,32500,32500,1233
2026-03-27 12:16:00,32600,32600,32500,32500,34
2026-03-27 12:17:00,32500,32600,32500,32500,226
2026-03-27 12:18:00,32600,32600,32600,32600,331
2026-03-27 12:19:00,32600,32650,32600,32650,2
2026-03-27 12:21:00,32550,32600,32550,32600,2
2026-03-27 12:22:00,32550,32600,32550,32600,38
2026-03-27 12:23:00,32650,32700,32650,32700,1803
2026-03-27 12:25:00,32600,32700,32600,32700,132
2026-03-27 12:26:00,32700,32700,32600,32700,43
2026-03-27 12:28:00,32600,32600,32600,32600,1
2026-03-27 12:29:00,32700,32700,32700,32700,2
2026-03-27 12:30:00,32650,32650,32650,32650,1
2026-03-27 12:32:00,32650,32700,32650,32700,4
2026-03-27 12:33:00,32700,32700,32700,32700,2
2026-03-27 12:34:00,32700,32700,32700,32700,491
2026-03-27 12:36:00,32750,32750,32750,32750,52
2026-03-27 12:38:00,32750,32750,32750,32750,77
2026-03-27 12:39:00,32800,32800,32700,32700,6
2026-03-27 12:40:00,32800,32800,32800,32800,1
2026-03-27 12:41:00,32800,32800,32800,32800,35
2026-03-27 12:42:00,32850,32850,32850,32850,1
2026-03-27 12:43:00,32850,33000,32850,33000,1522
2026-03-27 12:44:00,33000,33000,33000,33000,363
2026-03-27 12:45:00,33050,33250,33050,33250,973
2026-03-27 12:46:00,33250,33250,33250,33250,1
2026-03-27 12:48:00,33150,33250,33150,33250,19
2026-03-27 12:50:00,33150,33200,33150,33150,53
2026-03-27 12:51:00,33150,33150,33150,33150,4
2026-03-27 12:52:00,33150,33150,33050,33050,186
2026-03-27 12:53:00,33150,33150,33150,33150,16
2026-03-27 12:55:00,33150,33200,33150,33200,32
2026-03-27 12:56:00,33200,33250,33200,33250,56
2026-03-27 12:57:00,33250,33250,33250,33250,8
2026-03-27 12:58:00,33250,33250,33250,33250,1
2026-03-27 12:59:00,33250,33400,33200,33200,357
2026-03-27 13:00:00,33250,33400,33200,33250,1020
2026-03-27 13:03:00,33250,33700,33200,33400,1285
2026-03-27 13:04:00,33400,33700,33400,33500,318
2026-03-27 13:06:00,33500,33500,33500,33500,150
2026-03-27 13:07:00,33500,33500,33350,33350,2
2026-03-27 13:08:00,33350,33500,33250,33500,558
2026-03-27 13:09:00,33350,33500,33350,33400,308
2026-03-27 13:10:00,33500,33500,33350,33350,52
2026-03-27 13:11:00,33400,33400,33350,33400,57
2026-03-27 13:12:00,33400,33450,33400,33450,840
2026-03-27 13:13:00,33450,33500,33450,33500,65
2026-03-27 13:14:00,33500,33850,33450,33800,3605
2026-03-27 13:15:00,33650,33800,33650,33800,606
2026-03-27 13:16:00,33800,34000,33700,33800,579
2026-03-27 13:17:00,33900,34000,33850,33900,1102
2026-03-27 13:18:00,33850,33900,33800,33900,133
2026-03-27 13:19:00,33900,33900,33900,33900,20
2026-03-27 13:20:00,33850,33900,33700,33700,1130
2026-03-27 13:21:00,33700,33750,33700,33750,189
2026-03-27 13:22:00,33800,33800,33750,33800,35
2026-03-27 13:23:00,33800,33800,33800,33800,27
2026-03-27 13:24:00,33800,33800,33800,33800,48
2026-03-27 13:25:00,33800,33800,33650,33750,719
2026-03-27 13:26:00,33800,33850,33800,33850,109
2026-03-27 13:27:00,33850,33850,33850,33850,234
2026-03-27 13:28:00,33800,33850,33800,33850,292
2026-03-27 13:29:00,33900,33950,33900,33900,133
2026-03-27 13:30:00,33850,33900,33850,33850,218
2026-03-27 13:31:00,33850,33850,33800,33850,191
2026-03-27 13:32:00,33850,33850,33750,33750,352
2026-03-27 13:33:00,33800,33800,33800,33800,8
2026-03-27 13:34:00,33800,33850,33750,33750,577
2026-03-27 13:35:00,33750,33750,33700,33750,60
2026-03-27 13:36:00,33750,33750,33750,33750,23
2026-03-27 13:37:00,33750,33750,33750,33750,33
2026-03-27 13:38:00,33750,33800,33750,33800,239
2026-03-27 13:39:00,33750,33900,33750,33900,456
2026-03-27 13:40:00,33900,33950,33850,33950,817
2026-03-27 13:41:00,33950,34000,33950,34000,532
2026-03-27 13:42:00,34000,34000,33900,33900,258
2026-03-27 13:43:00,33900,33950,33900,33950,21
2026-03-27 13:44:00,33950,33950,33900,33950,63
2026-03-27 13:45:00,33900,33950,33900,33950,34
2026-03-27 13:46:00,33900,33950,33900,33900,4
2026-03-27 13:47:00,33900,34150,33900,34150,1242
2026-03-27 13:48:00,34100,34200,34100,34100,105
2026-03-27 13:49:00,34050,34050,33900,34000,270
2026-03-27 13:50:00,33950,34000,33900,34000,79
2026-03-27 13:51:00,33950,34000,33900,34000,325
2026-03-27 13:52:00,34000,34000,34000,34000,41
2026-03-27 13:53:00,33950,33950,33900,33950,9
2026-03-27 13:54:00,33900,33900,33800,33850,50
2026-03-27 13:55:00,33800,33850,33750,33750,262
2026-03-27 13:56:00,33800,33800,33700,33750,243
2026-03-27 13:57:00,33800,33850,33800,33850,67
2026-03-27 13:58:00,33800,33850,33800,33800,56
2026-03-27 13:59:00,33800,33850,33700,33700,194
2026-03-27 14:00:00,33800,33800,33750,33800,45
2026-03-27 14:01:00,33800,33950,33800,33900,683
2026-03-27 14:02:00,33900,33900,33850,33900,26
2026-03-27 14:03:00,33900,33900,33900,33900,33
2026-03-27 14:04:00,33850,33900,33750,33900,329
2026-03-27 14:05:00,33950,34100,33950,34100,567
2026-03-27 14:06:00,34150,34150,34150,34150,22
2026-03-27 14:07:00,34100,34100,33900,33950,991
2026-03-27 14:08:00,33950,34300,33950,34300,1778
2026-03-27 14:09:00,34250,34300,34100,34250,1657
2026-03-27 14:10:00,34200,34450,34050,34400,802
2026-03-27 14:11:00,34150,34350,34150,34350,102
2026-03-27 14:12:00,34200,34300,34100,34250,199
2026-03-27 14:13:00,34250,34250,34100,34100,322
2026-03-27 14:14:00,34100,34100,34000,34050,115
2026-03-27 14:15:00,34050,34050,33950,33950,187
2026-03-27 14:16:00,33950,34000,33950,33950,64
2026-03-27 14:17:00,33900,33900,33850,33900,210
2026-03-27 14:18:00,33900,33900,33850,33850,168
2026-03-27 14:19:00,33850,33850,33750,33800,590
2026-03-27 14:20:00,33800,33800,33650,33650,2371
2026-03-27 14:21:00,33700,33800,33650,33700,127
2026-03-27 14:22:00,33700,33800,33700,33800,111
2026-03-27 14:23:00,33700,33750,33700,33750,20
2026-03-27 14:24:00,33750,33750,33600,33700,523
2026-03-27 14:25:00,33700,33700,33650,33650,39
2026-03-27 14:26:00,33650,33650,33000,33400,9224
2026-03-27 14:27:00,33350,33750,33250,33600,1576
2026-03-27 14:28:00,33500,33600,33400,33600,620
2026-03-27 14:29:00,33600,33650,33600,33650,49
2026-03-27 14:30:00,33600,33650,33600,33650,40
2026-03-27 14:31:00,33600,33650,33600,33650,30
2026-03-27 14:32:00,33600,33650,33600,33650,32
2026-03-27 14:33:00,33600,33650,33500,33550,110
2026-03-27 14:34:00,33550,33600,33550,33600,59
2026-03-27 14:35:00,33600,33600,33300,33350,528
2026-03-27 14:36:00,33350,33500,33350,33500,22
2026-03-27 14:37:00,33500,33600,33500,33550,146
2026-03-27 14:38:00,33550,33650,33550,33650,592
2026-03-27 14:39:00,33600,33800,33600,33800,1455
2026-03-27 14:40:00,33650,34000,33450,33800,4970
2026-03-27 14:41:00,33800,33900,33800,33800,44
2026-03-27 14:42:00,33750,33900,33700,33800,65
2026-03-27 14:43:00,33700,33750,33600,33650,173
2026-03-27 14:44:00,33650,33750,33550,33750,535
2026-03-27 14:45:00,33600,33750,33600,33650,346
2026-03-27 14:46:00,33550,33650,33550,33600,74
2026-03-27 14:47:00,33550,33600,33550,33600,121
2026-03-27 14:48:00,33550,33600,33500,33500,67
2026-03-27 14:49:00,33500,33500,33500,33500,16
2026-03-27 14:50:00,33450,33500,33450,33500,415
2026-03-27 14:51:00,33450,33550,33450,33550,54
2026-03-27 14:52:00,33500,33550,33500,33500,23
2026-03-27 14:53:00,33450,33600,33450,33550,67
2026-03-27 14:54:00,33500,33500,33450,33500,54
2026-03-27 14:55:00,33500,33550,33500,33550,176
2026-03-27 14:56:00,33500,33550,33500,33500,164
2026-03-27 14:57:00,33450,33450,33400,33450,673
2026-03-27 14:58:00,33450,33500,33400,33400,95
2026-03-27 14:59:00,33400,33500,33400,33450,320
2026-03-27 15:00:00,33400,33400,33350,33350,304
2026-03-27 15:01:00,33400,33400,33350,33400,238
2026-03-27 15:02:00,33400,33450,33400,33400,406
2026-03-27 15:03:00,33400,33450,33300,33400,275
2026-03-27 15:04:00,33450,33450,33350,33450,26
2026-03-27 15:05:00,33450,33450,33350,33400,25
2026-03-27 15:06:00,33350,33400,33350,33400,274
2026-03-27 15:07:00,33400,33500,33350,33500,419
2026-03-27 15:08:00,33400,33500,33350,33500,226
2026-03-27 15:09:00,33450,33500,33350,33500,1424
2026-03-27 15:10:00,33500,33500,33350,33450,438
2026-03-27 15:11:00,33450,33650,33300,33350,1495
2026-03-27 15:12:00,33350,33550,33300,33300,1131
2026-03-27 15:13:00,33300,33300,33000,33300,1523
2026-03-27 15:14:00,33250,33300,33250,33300,234
2026-03-27 15:15:00,33300,33300,33250,33250,514
2026-03-27 15:16:00,33300,33300,33250,33300,158
2026-03-27 15:17:00,33300,33500,33200,33300,1210
2026-03-27 15:18:00,33400,33500,33350,33400,452
2026-03-27 15:19:00,33300,33650,33100,33650,1758
2026-03-27 15:30:00,33950,33950,33950,33950,2358
2026-03-27 15:35:00,33950,33950,33950,33950,267
2026-03-30 09:00:00,30900,31300,30250,30750,54391
2026-03-30 09:01:00,30750,30900,30150,30750,40200
2026-03-30 09:02:00,30750,31100,30650,31050,4360
2026-03-30 09:03:00,30950,31050,30700,30900,4355
2026-03-30 09:04:00,30800,31100,30800,30900,6747
2026-03-30 09:05:00,31050,31200,30750,30900,8125
2026-03-30 09:06:00,30900,30900,30700,30850,1780
2026-03-30 09:07:00,30800,30850,30650,30800,1147
2026-03-30 09:08:00,30800,30950,30800,30900,1613
2026-03-30 09:09:00,30900,30900,30800,30850,1314
2026-03-30 09:10:00,30900,30900,30750,30750,1888
2026-03-30 09:11:00,30900,30900,30750,30750,32
2026-03-30 09:12:00,30850,30850,30750,30800,266
2026-03-30 09:13:00,30800,30900,30650,30700,1740
2026-03-30 09:14:00,30750,30750,30650,30700,228
2026-03-30 09:15:00,30700,30750,30700,30700,739
2026-03-30 09:16:00,30700,30700,30600,30650,392
2026-03-30 09:17:00,30650,30700,30600,30600,1962
2026-03-30 09:18:00,30600,30700,30550,30700,223
2026-03-30 09:19:00,30700,30700,30500,30650,2039
2026-03-30 09:20:00,30700,30950,30700,30950,2025
2026-03-30 09:21:00,30900,31050,30650,31050,668
2026-03-30 09:22:00,31000,31000,30850,31000,874
2026-03-30 09:23:00,31000,31000,30850,30850,1076
2026-03-30 09:24:00,30850,30900,30750,30800,1072
2026-03-30 09:25:00,30800,30800,30600,30600,1875
2026-03-30 09:26:00,30700,30950,30700,30950,1660
2026-03-30 09:27:00,30950,31350,30850,31300,9748
2026-03-30 09:28:00,31250,31300,31150,31150,400
2026-03-30 09:29:00,31150,31200,30950,31100,1250
2026-03-30 09:30:00,31000,31300,31000,31150,1338
2026-03-30 09:31:00,31150,31150,30900,31150,660
2026-03-30 09:32:00,31150,31250,30900,31250,3488
2026-03-30 09:33:00,31200,31200,31100,31150,535
2026-03-30 09:34:00,31200,31200,31050,31100,122
2026-03-30 09:35:00,31000,31050,30850,30950,320
2026-03-30 09:36:00,31100,31250,31000,31150,236
2026-03-30 09:37:00,31150,31150,31100,31100,619
2026-03-30 09:38:00,31050,31100,30950,31100,366
2026-03-30 09:39:00,31125,31250,31100,31250,356
2026-03-30 09:40:00,31250,31250,31000,31100,383
2026-03-30 09:41:00,31050,31100,30950,31000,405
2026-03-30 09:42:00,31050,31150,31050,31150,1249
2026-03-30 09:43:00,31150,31350,31150,31350,1224
2026-03-30 09:44:00,31350,31350,31300,31300,48
2026-03-30 09:45:00,31250,31350,31250,31300,227
2026-03-30 09:46:00,31350,31350,31350,31350,106
2026-03-30 09:47:00,31350,31400,31300,31300,1328
2026-03-30 09:48:00,31350,31350,31300,31350,120
2026-03-30 09:49:00,31300,31350,31250,31350,156
2026-03-30 09:50:00,31350,31350,31000,31100,5392
2026-03-30 09:51:00,30950,31100,30950,31100,693
2026-03-30 09:52:00,31050,31100,31000,31050,22
2026-03-30 09:53:00,31050,31050,30900,30900,1003
2026-03-30 09:54:00,30900,31000,30900,31000,145
2026-03-30 09:55:00,31000,31050,30900,31000,1259
2026-03-30 09:56:00,31000,31050,30900,30900,45
2026-03-30 09:57:00,31050,31050,31050,31050,83
2026-03-30 09:58:00,31050,31050,31050,31050,143
2026-03-30 09:59:00,31000,31050,31000,31000,50
2026-03-30 10:00:00,30950,31100,30950,31100,616
2026-03-30 10:01:00,31100,31350,31100,31350,1611
2026-03-30 10:02:00,31350,31350,31200,31300,66
2026-03-30 10:03:00,31150,31250,31150,31250,283
2026-03-30 10:04:00,31150,31200,31050,31100,142
2026-03-30 10:05:00,31100,31150,30900,31050,2230
2026-03-30 10:06:00,31150,31200,31150,31200,56
2026-03-30 10:07:00,31150,31200,31150,31200,28
2026-03-30 10:08:00,31250,31250,31150,31250,447
2026-03-30 10:09:00,31250,31300,31250,31300,101
2026-03-30 10:10:00,31300,31300,31050,31050,86
2026-03-30 10:11:00,31300,31300,31300,31300,9
2026-03-30 10:12:00,31250,31450,31250,31450,848
2026-03-30 10:13:00,31450,31450,31450,31450,105
2026-03-30 10:14:00,31400,31450,31350,31350,119
2026-03-30 10:15:00,31400,31400,31300,31400,120
2026-03-30 10:16:00,31400,31500,31400,31450,782
2026-03-30 10:17:00,31450,31450,31350,31400,942
2026-03-30 10:18:00,31400,31400,31300,31400,361
2026-03-30 10:19:00,31350,31400,31350,31400,103
2026-03-30 10:20:00,31350,31400,31350,31350,275
2026-03-30 10:21:00,31400,31400,31350,31350,406
2026-03-30 10:22:00,31300,31400,31300,31400,128
2026-03-30 10:23:00,31400,31400,31200,31200,2793
2026-03-30 10:24:00,31250,31250,31200,31250,72
2026-03-30 10:25:00,31200,31200,31200,31200,55
2026-03-30 10:26:00,31150,31150,31150,31150,129
2026-03-30 10:27:00,31150,31150,31100,31150,117
2026-03-30 10:28:00,31150,31200,31150,31200,243
2026-03-30 10:29:00,31150,31150,31150,31150,171
2026-03-30 10:30:00,31150,31150,31150,31150,103
2026-03-30 10:31:00,31200,31300,31200,31300,272
2026-03-30 10:32:00,31250,31300,31250,31300,70
2026-03-30 10:33:00,31350,31500,31350,31500,586
2026-03-30 10:34:00,31500,31550,31500,31550,468
2026-03-30 10:35:00,31550,31600,31550,31600,510
2026-03-30 10:36:00,31650,31700,31500,31600,1021
2026-03-30 10:37:00,31600,31600,31600,31600,6
2026-03-30 10:38:00,31550,31550,31500,31550,393
2026-03-30 10:39:00,31500,31550,31400,31550,690
2026-03-30 10:40:00,31600,31600,31550,31550,153
2026-03-30 10:41:00,31550,31600,31550,31600,36
2026-03-30 10:42:00,31700,31850,31700,31850,2277
2026-03-30 10:43:00,31850,31900,31750,31750,462
2026-03-30 10:45:00,31850,31850,31800,31800,176
2026-03-30 10:46:00,31800,31850,31800,31850,1036
2026-03-30 10:47:00,31800,31800,31750,31750,92
2026-03-30 10:48:00,31750,31800,31700,31700,1616
2026-03-30 10:49:00,31750,31750,31750,31750,3
2026-03-30 10:50:00,31700,31700,31600,31700,922
2026-03-30 10:51:00,31700,31700,31650,31700,129
2026-03-30 10:52:00,31700,31750,31700,31750,126
2026-03-30 10:53:00,31700,31700,31650,31700,23
2026-03-30 10:54:00,31700,31750,31650,31700,381
2026-03-30 10:55:00,31700,31700,31550,31550,460
2026-03-30 10:56:00,31550,31600,31500,31500,450
2026-03-30 10:57:00,31600,31700,31550,31700,161
2026-03-30 10:58:00,31650,31750,31650,31700,15
2026-03-30 10:59:00,31650,31700,31650,31700,25
2026-03-30 11:00:00,31700,31750,31600,31750,181
2026-03-30 11:01:00,31750,31750,31700,31750,22
2026-03-30 11:02:00,31700,31750,31700,31750,22
2026-03-30 11:03:00,31750,31800,31750,31800,94
2026-03-30 11:04:00,31750,31800,31750,31750,8
2026-03-30 11:05:00,31750,31800,31750,31800,23
2026-03-30 11:06:00,31800,31800,31600,31650,477
2026-03-30 11:07:00,31650,31650,31600,31650,144
2026-03-30 11:08:00,31750,31750,31750,31750,18
2026-03-30 11:09:00,31750,31750,31750,31750,86
2026-03-30 11:10:00,31700,31700,31550,31600,280
2026-03-30 11:11:00,31600,31800,31600,31800,63
2026-03-30 11:12:00,31750,31800,31750,31800,172
2026-03-30 11:13:00,31750,31750,31700,31750,40
2026-03-30 11:14:00,31700,31700,31600,31650,363
2026-03-30 11:15:00,31600,31750,31600,31750,96
2026-03-30 11:16:00,31650,31700,31600,31700,12
2026-03-30 11:17:00,31650,31650,31450,31500,1707
2026-03-30 11:18:00,31450,31500,31450,31500,65
2026-03-30 11:19:00,31500,31500,31450,31450,182
2026-03-30 11:20:00,31500,31500,31400,31450,556
2026-03-30 11:21:00,31400,31450,31400,31450,78
2026-03-30 11:22:00,31450,31450,31450,31450,2
2026-03-30 11:23:00,31450,31450,31450,31450,39
2026-03-30 11:24:00,31450,31450,31400,31450,140
2026-03-30 11:25:00,31450,31450,31450,31450,24
2026-03-30 11:26:00,31450,31500,31450,31500,68
2026-03-30 11:27:00,31500,31550,31400,31500,154
2026-03-30 11:28:00,31550,31550,31500,31500,14
2026-03-30 11:29:00,31450,31550,31450,31550,36
2026-03-30 11:30:00,31500,31550,31500,31550,93
2026-03-30 11:31:00,31550,31600,31550,31600,48
2026-03-30 11:32:00,31550,31600,31550,31550,61
2026-03-30 11:33:00,31600,31600,31600,31600,88
2026-03-30 11:34:00,31550,31550,31500,31550,37
2026-03-30 11:35:00,31500,31550,31500,31550,561
2026-03-30 11:36:00,31500,31550,31500,31550,67
2026-03-30 11:37:00,31550,31550,31550,31550,28
2026-03-30 11:38:00,31550,31550,31550,31550,123
2026-03-30 11:39:00,31600,31600,31550,31550,256
2026-03-30 11:40:00,31600,31600,31600,31600,38
2026-03-30 11:41:00,31600,31800,31600,31800,603
2026-03-30 11:42:00,31700,31750,31600,31750,129
2026-03-30 11:43:00,31700,31750,31600,31750,36
2026-03-30 11:44:00,31650,31750,31650,31750,25
2026-03-30 11:45:00,31700,31750,31700,31750,88
2026-03-30 11:46:00,31750,31850,31750,31850,360
2026-03-30 11:47:00,31800,31850,31750,31800,50
2026-03-30 11:48:00,31800,31800,31800,31800,87
2026-03-30 11:49:00,31800,31800,31750,31800,278
2026-03-30 11:50:00,31750,31800,31750,31800,22
2026-03-30 11:51:00,31750,31800,31750,31800,107
2026-03-30 11:52:00,31800,31800,31700,31800,232
2026-03-30 11:53:00,31800,31850,31750,31750,52
2026-03-30 11:54:00,31750,31850,31700,31700,118
2026-03-30 11:55:00,31800,31800,31750,31750,26
2026-03-30 11:56:00,31750,31800,31700,31750,43
2026-03-30 11:57:00,31700,31800,31700,31700,97
2026-03-30 11:58:00,31700,31700,31700,31700,15
2026-03-30 11:59:00,31700,31750,31600,31700,96
2026-03-30 12:00:00,31650,31650,31550,31600,357
2026-03-30 12:01:00,31650,31650,31650,31650,2
2026-03-30 12:02:00,31600,31650,31500,31650,67
2026-03-30 12:03:00,31650,31650,31650,31650,80
2026-03-30 12:04:00,31650,31650,31650,31650,16
2026-03-30 12:05:00,31600,31650,31600,31650,109
2026-03-30 12:06:00,31650,31650,31650,31650,161
2026-03-30 12:07:00,31650,31650,31650,31650,140
2026-03-30 12:08:00,31700,31700,31650,31650,148
2026-03-30 12:09:00,31650,31700,31650,31650,103
2026-03-30 12:10:00,31650,31700,31600,31600,192
2026-03-30 12:11:00,31700,31700,31700,31700,26
2026-03-30 12:12:00,31700,31700,31650,31700,349
2026-03-30 12:13:00,31700,31700,31650,31650,50
2026-03-30 12:14:00,31650,31650,31600,31650,71
2026-03-30 12:15:00,31650,31650,31350,31350,1163
2026-03-30 12:17:00,31500,31600,31500,31600,66
2026-03-30 12:18:00,31600,31750,31600,31700,512
2026-03-30 12:19:00,31700,31750,31650,31750,123
2026-03-30 12:20:00,31800,31800,31750,31800,88
2026-03-30 12:21:00,31800,31850,31750,31800,801
2026-03-30 12:22:00,31850,31850,31650,31800,402
2026-03-30 12:23:00,31800,31850,31750,31850,573
2026-03-30 12:24:00,31850,32000,31850,32000,165
2026-03-30 12:25:00,32000,32200,31950,32200,1304
2026-03-30 12:26:00,32200,32200,32000,32000,693
2026-03-30 12:27:00,32100,32100,32050,32100,76
2026-03-30 12:28:00,32050,32050,32000,32000,79
2026-03-30 12:29:00,32050,32050,32050,32050,1050
2026-03-30 12:30:00,32050,32100,32000,32000,101
2026-03-30 12:31:00,32000,32100,32000,32050,40
2026-03-30 12:32:00,32000,32100,31900,31900,19
2026-03-30 12:33:00,32050,32100,32050,32100,81
2026-03-30 12:34:00,32050,32100,31950,32100,366
2026-03-30 12:35:00,32100,32150,32050,32150,311
2026-03-30 12:36:00,32150,32200,32150,32150,158
2026-03-30 12:37:00,32150,32150,32050,32050,248
2026-03-30 12:38:00,32050,32100,31950,32000,601
2026-03-30 12:39:00,32000,32000,32000,32000,91
2026-03-30 12:40:00,31950,31950,31900,31950,379
2026-03-30 12:41:00,31900,31950,31900,31950,137
2026-03-30 12:42:00,31950,31950,31950,31950,161
2026-03-30 12:43:00,31950,31950,31900,31900,360
2026-03-30 12:44:00,31950,32000,31950,32000,244
2026-03-30 12:45:00,32000,32050,31950,31950,215
2026-03-30 12:47:00,32050,32050,32000,32000,50
2026-03-30 12:48:00,32000,32050,31850,31950,243
2026-03-30 12:49:00,31950,31950,31950,31950,149
2026-03-30 12:50:00,32000,32050,32000,32000,124
2026-03-30 12:51:00,32050,32050,32050,32050,254
2026-03-30 12:52:00,32050,32100,32050,32100,50
2026-03-30 12:53:00,32050,32050,31950,31950,377
2026-03-30 12:54:00,32000,32000,32000,32000,130
2026-03-30 12:55:00,31950,31950,31950,31950,82
2026-03-30 12:56:00,31950,32000,31900,31900,471
2026-03-30 12:57:00,31950,31950,31900,31950,50
2026-03-30 12:58:00,31950,31950,31800,31800,52
2026-03-30 12:59:00,31950,31950,31900,31950,231
2026-03-30 13:00:00,31950,31950,31950,31950,242
2026-03-30 13:01:00,32000,32050,31950,31950,128
2026-03-30 13:02:00,32000,32000,31900,31900,36
2026-03-30 13:03:00,31900,31950,31900,31900,101
2026-03-30 13:04:00,31900,31900,31800,31850,1013
2026-03-30 13:05:00,31800,31800,31650,31800,179
2026-03-30 13:06:00,31800,31850,31800,31800,222
2026-03-30 13:07:00,31850,31900,31850,31900,177
2026-03-30 13:08:00,31950,31950,31950,31950,41
2026-03-30 13:09:00,31950,32000,31900,32000,90
2026-03-30 13:10:00,31950,31950,31750,31850,401
2026-03-30 13:11:00,31800,31850,31750,31850,29
2026-03-30 13:12:00,31850,31850,31800,31800,95
2026-03-30 13:13:00,31750,31850,31750,31850,22
2026-03-30 13:14:00,31800,31800,31700,31700,101
2026-03-30 13:15:00,31750,31750,31750,31750,46
2026-03-30 13:16:00,31750,31800,31750,31800,83
2026-03-30 13:17:00,31800,31800,31800,31800,63
2026-03-30 13:18:00,31850,31850,31850,31850,80
2026-03-30 13:19:00,31800,31900,31800,31850,102
2026-03-30 13:20:00,31800,31850,31750,31850,29
2026-03-30 13:21:00,31800,31850,31800,31850,68
2026-03-30 13:22:00,31800,31850,31800,31850,83
2026-03-30 13:23:00,31800,31850,31800,31850,183
2026-03-30 13:24:00,31850,31850,31800,31800,105
2026-03-30 13:25:00,31850,31900,31850,31900,231
2026-03-30 13:26:00,31950,31950,31950,31950,286
2026-03-30 13:27:00,32000,32050,32000,32050,92
2026-03-30 13:28:00,32000,32050,32000,32050,28
2026-03-30 13:29:00,32000,32100,31950,32100,905
2026-03-30 13:30:00,32100,32150,32050,32050,74
2026-03-30 13:31:00,32050,32050,32050,32050,6
2026-03-30 13:32:00,32000,32000,31950,32000,152
2026-03-30 13:33:00,32000,32000,32000,32000,257
2026-03-30 13:34:00,32050,32050,32000,32050,1011
2026-03-30 13:35:00,32000,32050,32000,32050,268
2026-03-30 13:36:00,32000,32000,31950,32000,75
2026-03-30 13:37:00,31950,31950,31850,31950,118
2026-03-30 13:38:00,31950,31950,31950,31950,42
2026-03-30 13:39:00,31900,31950,31850,31850,723
2026-03-30 13:40:00,31900,31900,31900,31900,34
2026-03-30 13:41:00,31900,31900,31850,31900,471
2026-03-30 13:42:00,31900,31900,31900,31900,77
2026-03-30 13:43:00,31900,31900,31800,31850,474
2026-03-30 13:44:00,31850,31950,31850,31950,64
2026-03-30 13:45:00,31950,31950,31850,31900,62
2026-03-30 13:46:00,31850,31900,31850,31900,39
2026-03-30 13:47:00,31850,31900,31850,31900,27
2026-03-30 13:48:00,31850,31900,31850,31900,98
2026-03-30 13:49:00,31900,31900,31850,31900,32
2026-03-30 13:50:00,31900,31900,31900,31900,74
2026-03-30 13:51:00,31950,32000,31950,31950,178
2026-03-30 13:52:00,31950,31950,31900,31950,156
2026-03-30 13:53:00,31950,32000,31900,32000,281
2026-03-30 13:54:00,31900,32000,31850,31950,141
2026-03-30 13:55:00,31950,32000,31950,32000,36
2026-03-30 13:56:00,31950,32000,31950,32000,60
2026-03-30 13:57:00,32000,32050,31950,32050,309
2026-03-30 13:58:00,32050,32100,32050,32100,39
2026-03-30 13:59:00,32050,32050,31900,32050,362
2026-03-30 14:00:00,32050,32050,31900,31950,311
2026-03-30 14:01:00,31950,32050,31950,32050,116
2026-03-30 14:02:00,31950,32050,31850,31950,353
2026-03-30 14:03:00,31950,32050,31950,32050,128
2026-03-30 14:04:00,31950,31950,31800,31900,774
2026-03-30 14:05:00,31950,31950,31950,31950,56
2026-03-30 14:06:00,31950,31950,31850,31850,6
2026-03-30 14:07:00,31850,32000,31850,32000,1248
2026-03-30 14:08:00,31900,31900,31900,31900,6
2026-03-30 14:09:00,31900,32000,31900,31900,47
2026-03-30 14:10:00,32150,32150,32100,32150,12
2026-03-30 14:11:00,32000,32050,32000,32050,4
2026-03-30 14:12:00,32050,32150,32050,32150,14
2026-03-30 14:13:00,32000,32000,31800,31800,1307
2026-03-30 14:14:00,31850,32000,31800,31850,81
2026-03-30 14:15:00,31850,31850,31850,31850,11
2026-03-30 14:16:00,31850,31900,31850,31900,104
2026-03-30 14:17:00,31850,31900,31800,31850,52
2026-03-30 14:18:00,31850,32000,31800,31850,389
2026-03-30 14:19:00,31850,31850,31850,31850,3
2026-03-30 14:20:00,31900,31900,31850,31850,274
2026-03-30 14:21:00,31900,31900,31750,31750,325
2026-03-30 14:22:00,31850,31850,31850,31850,1
2026-03-30 14:23:00,31800,31850,31800,31850,18
2026-03-30 14:24:00,31800,31850,31750,31850,253
2026-03-30 14:25:00,31850,31850,31800,31800,13
2026-03-30 14:26:00,31800,31850,31800,31850,31
2026-03-30 14:27:00,31850,31850,31800,31850,142
2026-03-30 14:28:00,31950,31950,31850,31850,30
2026-03-30 14:29:00,31850,31850,31850,31850,474
2026-03-30 14:30:00,31850,31900,31850,31900,49
2026-03-30 14:31:00,31850,31900,31850,31900,58
2026-03-30 14:32:00,31850,31900,31850,31900,26
2026-03-30 14:33:00,31850,31900,31800,31900,25
2026-03-30 14:34:00,31900,31900,31900,31900,8
2026-03-30 14:35:00,31850,31900,31850,31900,6
2026-03-30 14:36:00,31900,31900,31850,31900,21
2026-03-30 14:37:00,31850,31900,31800,31900,813
2026-03-30 14:38:00,31900,31900,31900,31900,227
2026-03-30 14:39:00,31900,31950,31850,31950,30
2026-03-30 14:40:00,31950,32000,31850,32000,236
2026-03-30 14:41:00,31850,31950,31850,31950,57
2026-03-30 14:42:00,31800,31950,31800,31800,233
2026-03-30 14:43:00,31800,31850,31700,31750,486
2026-03-30 14:44:00,31750,31950,31750,31950,227
2026-03-30 14:45:00,31750,31850,31750,31800,94
2026-03-30 14:46:00,31750,31750,31650,31700,1091
2026-03-30 14:47:00,31700,31700,31700,31700,26
2026-03-30 14:48:00,31650,31700,31650,31700,1100
2026-03-30 14:49:00,31650,31650,31600,31650,727
2026-03-30 14:50:00,31650,31650,31650,31650,77
2026-03-30 14:51:00,31600,31650,31600,31650,21
2026-03-30 14:52:00,31600,31600,31600,31600,66
2026-03-30 14:53:00,31600,31600,31550,31600,2177
2026-03-30 14:54:00,31600,31600,31600,31600,14
2026-03-30 14:55:00,31550,31600,31500,31500,2510
2026-03-30 14:56:00,31550,31550,31500,31550,119
2026-03-30 14:57:00,31550,31600,31550,31600,525
2026-03-30 14:58:00,31550,31550,31550,31550,29
2026-03-30 14:59:00,31550,31550,31500,31550,153
2026-03-30 15:00:00,31500,31550,31450,31500,340
2026-03-30 15:01:00,31500,31550,31300,31550,2425
2026-03-30 15:03:00,31550,31650,31400,31650,317
2026-03-30 15:04:00,31500,31650,31450,31650,22
2026-03-30 15:05:00,31400,31650,31400,31650,385
2026-03-30 15:06:00,31500,31600,31400,31600,481
2026-03-30 15:07:00,31600,31600,31400,31600,1465
2026-03-30 15:08:00,31600,31600,31450,31450,1503
2026-03-30 15:09:00,31600,31600,31600,31600,142
2026-03-30 15:10:00,31500,31600,31500,31500,98
2026-03-30 15:11:00,31500,31600,31400,31600,381
2026-03-30 15:12:00,31450,31550,31300,31400,1391
2026-03-30 15:13:00,31350,31350,31350,31350,99
2026-03-30 15:14:00,31400,31450,31400,31450,110
2026-03-30 15:15:00,31450,31450,31450,31450,109
2026-03-30 15:16:00,31450,31500,31450,31450,191
2026-03-30 15:17:00,31450,31450,31350,31350,1302
2026-03-30 15:18:00,31350,31350,31300,31350,164
2026-03-30 15:19:00,31400,32000,31350,32000,2513
2026-03-30 15:30:00,31900,31900,31900,31900,1545
2026-03-31 09:00:00,31300,31300,30450,30550,3534
2026-03-31 09:01:00,30550,30600,30250,30350,14527
2026-03-31 09:02:00,30400,30450,29800,30200,5053
2026-03-31 09:03:00,30250,30550,30000,30500,7909
2026-03-31 09:04:00,30500,30500,30100,30100,2836
2026-03-31 09:05:00,30050,30050,30000,30050,453
2026-03-31 09:06:00,30050,30100,29950,30000,1205
2026-03-31 09:07:00,30100,30100,30000,30000,1834
2026-03-31 09:08:00,30050,30050,29800,30000,894
2026-03-31 09:09:00,30000,30200,29950,30200,1643
2026-03-31 09:10:00,30200,30500,30150,30300,4608
2026-03-31 09:11:00,30350,30500,29800,30050,6093
2026-03-31 09:12:00,30450,30600,30200,30200,3781
2026-03-31 09:13:00,30200,30200,29950,30100,2012
2026-03-31 09:14:00,30100,30100,29700,29850,5963
2026-03-31 09:15:00,29900,30350,29900,30100,4940
2026-03-31 09:16:00,30100,30150,29850,29850,6474
2026-03-31 09:17:00,29950,29950,29700,29850,3277
2026-03-31 09:18:00,29800,29950,29800,29950,2398
2026-03-31 09:19:00,29950,30100,29950,30100,2978
2026-03-31 09:20:00,30100,30100,29950,30000,4116
2026-03-31 09:21:00,30000,30100,29850,29950,1838
2026-03-31 09:22:00,29950,29950,29600,29800,5271
2026-03-31 09:23:00,29800,29800,29150,29800,9422
2026-03-31 09:24:00,29800,29800,29650,29750,506
2026-03-31 09:25:00,29650,29700,29600,29650,528
2026-03-31 09:26:00,29750,29750,29650,29700,320
2026-03-31 09:27:00,29700,29750,29700,29750,634
2026-03-31 09:28:00,29750,29750,29700,29750,1024
2026-03-31 09:29:00,29750,29850,29650,29850,3123
2026-03-31 09:30:00,29900,30100,29900,30100,2920
2026-03-31 09:31:00,30050,30050,29800,29900,342
2026-03-31 09:32:00,29800,29850,29750,29750,221
2026-03-31 09:33:00,29800,29800,29650,29700,999
2026-03-31 09:34:00,29700,29700,29600,29650,808
2026-03-31 09:35:00,29700,29750,29650,29750,135
2026-03-31 09:36:00,29750,29800,29750,29800,1319
2026-03-31 09:37:00,29800,29800,29700,29800,1135
2026-03-31 09:38:00,29800,30050,29800,30050,3993
2026-03-31 09:39:00,30000,30000,29850,29950,2762
2026-03-31 09:40:00,30000,30050,29850,29850,433
2026-03-31 09:41:00,29900,29900,29850,29850,36
2026-03-31 09:42:00,29800,29950,29800,29900,649
2026-03-31 09:43:00,29800,29900,29650,29900,850
2026-03-31 09:44:00,29850,30000,29750,30000,4185
2026-03-31 09:45:00,29850,30100,29850,30100,2111
2026-03-31 09:46:00,30100,30200,30050,30200,7200
2026-03-31 09:47:00,30200,30300,30150,30300,900
2026-03-31 09:48:00,30300,30450,30300,30450,787
2026-03-31 09:49:00,30400,30450,30400,30450,23
2026-03-31 09:50:00,30400,30450,30400,30450,406
2026-03-31 09:51:00,30450,30550,30350,30350,1019
2026-03-31 09:52:00,30300,30400,30300,30400,222
2026-03-31 09:53:00,30400,30400,30300,30300,501
2026-03-31 09:54:00,30400,30550,30400,30400,1355
2026-03-31 09:55:00,30400,30550,30400,30550,108
2026-03-31 09:56:00,30550,30550,30350,30550,1067
2026-03-31 09:57:00,30550,30550,30400,30550,468
2026-03-31 09:58:00,30550,30800,30550,30750,517
2026-03-31 09:59:00,30650,30650,30600,30600,150
2026-03-31 10:00:00,30550,30600,30500,30550,100
2026-03-31 10:01:00,30550,30750,30550,30750,204
2026-03-31 10:02:00,30750,30750,30750,30750,30
2026-03-31 10:03:00,30700,30750,30550,30750,586
2026-03-31 10:04:00,30550,30650,30500,30650,537
2026-03-31 10:06:00,30550,30650,30400,30400,669
2026-03-31 10:07:00,30400,30550,30400,30550,35
2026-03-31 10:08:00,30550,30550,30550,30550,48
2026-03-31 10:09:00,30550,30700,30500,30650,374
2026-03-31 10:10:00,30650,30650,30600,30650,7
2026-03-31 10:11:00,30500,30650,30500,30650,20
2026-03-31 10:12:00,30650,30650,30600,30650,191
2026-03-31 10:13:00,30650,30650,30650,30650,172
2026-03-31 10:14:00,30650,30650,30650,30650,16
2026-03-31 10:15:00,30650,30800,30650,30800,395
2026-03-31 10:16:00,30800,30800,30750,30750,186
2026-03-31 10:17:00,30800,30800,30800,30800,161
2026-03-31 10:18:00,30800,30850,30800,30850,221
2026-03-31 10:19:00,30800,30850,30750,30850,132
2026-03-31 10:20:00,30850,30850,30650,30650,205
2026-03-31 10:21:00,30650,30850,30650,30850,118
2026-03-31 10:22:00,30850,30900,30850,30850,61
2026-03-31 10:23:00,30950,31000,30950,31000,212
2026-03-31 10:24:00,31000,31000,30950,31000,111
2026-03-31 10:25:00,30950,31150,30950,31150,123
2026-03-31 10:26:00,30950,31150,30900,31150,36
2026-03-31 10:27:00,31100,31150,31100,31150,77
2026-03-31 10:28:00,31150,31150,31150,31150,20
2026-03-31 10:29:00,31150,31550,31100,31300,2982
2026-03-31 10:30:00,31150,31350,31000,31350,2502
2026-03-31 10:31:00,31350,31350,31300,31300,27
2026-03-31 10:32:00,31350,31350,31350,31350,327
2026-03-31 10:33:00,31600,31650,31550,31600,546
2026-03-31 10:34:00,31600,32000,31600,31800,1389
2026-03-31 10:35:00,31650,31800,31600,31600,263
2026-03-31 10:36:00,31750,31850,31750,31850,465
2026-03-31 10:37:00,31850,31850,31750,31850,140
2026-03-31 10:38:00,31850,31950,31800,31800,1416
2026-03-31 10:39:00,31750,31850,31750,31850,65
2026-03-31 10:40:00,31850,31900,31850,31900,340
2026-03-31 10:41:00,31850,31900,31800,31800,93
2026-03-31 10:42:00,31750,31800,31750,31800,233
2026-03-31 10:43:00,31800,31900,31750,31850,85
2026-03-31 10:44:00,31900,31900,31700,31800,704
2026-03-31 10:45:00,31800,31800,31750,31750,135
2026-03-31 10:46:00,31800,31800,31500,31500,343
2026-03-31 10:47:00,31700,31700,31550,31550,517
2026-03-31 10:48:00,31600,31600,31500,31550,313
2026-03-31 10:49:00,31550,31650,31550,31650,57
2026-03-31 10:50:00,31650,31650,31450,31450,520
2026-03-31 10:51:00,31400,31550,31300,31550,1650
2026-03-31 10:52:00,31700,31750,31600,31700,66
2026-03-31 10:53:00,31700,31900,31700,31850,432
2026-03-31 10:54:00,31900,31900,31650,31850,588
2026-03-31 10:55:00,31850,31900,31700,31750,1416
2026-03-31 10:56:00,31800,31800,31750,31750,110
2026-03-31 10:57:00,31750,31750,31600,31650,763
2026-03-31 10:58:00,31650,31850,31650,31700,166
2026-03-31 10:59:00,31700,31700,31600,31700,259
2026-03-31 11:00:00,31750,31750,31550,31650,1550
2026-03-31 11:01:00,31650,31700,31650,31650,102
2026-03-31 11:02:00,31650,31700,31600,31650,35
2026-03-31 11:03:00,31650,31900,31650,31700,376
2026-03-31 11:04:00,31650,31850,31650,31650,52
2026-03-31 11:05:00,31750,31850,31550,31800,2053
2026-03-31 11:06:00,31800,32000,31700,31800,1655
2026-03-31 11:07:00,32000,32000,31750,31750,669
2026-03-31 11:08:00,31800,31800,31650,31750,34
2026-03-31 11:09:00,31700,31750,31550,31750,109
2026-03-31 11:10:00,31700,31750,31700,31750,133
2026-03-31 11:11:00,31700,31750,31700,31750,10
2026-03-31 11:12:00,31750,31750,31700,31700,97
2026-03-31 11:13:00,31750,32000,31700,31800,941
2026-03-31 11:14:00,31850,31850,31650,31800,23
2026-03-31 11:15:00,31800,31800,31600,31750,113
2026-03-31 11:16:00,31750,31750,31700,31750,84
2026-03-31 11:17:00,31750,31750,31650,31750,49
2026-03-31 11:18:00,31750,31750,31750,31750,25
2026-03-31 11:19:00,31700,31750,31650,31700,275
2026-03-31 11:20:00,31700,31700,31600,31650,75
2026-03-31 11:21:00,31650,31650,31550,31550,231
2026-03-31 11:22:00,31550,31650,31500,31500,753
2026-03-31 11:23:00,31500,31600,31500,31600,34
2026-03-31 11:24:00,31550,31550,31350,31450,94
2026-03-31 11:25:00,31450,31450,31300,31300,505
2026-03-31 11:26:00,31300,31300,31100,31250,462
2026-03-31 11:27:00,31250,31250,31050,31100,3359
2026-03-31 11:28:00,31100,31250,31100,31250,485
2026-03-31 11:29:00,31250,31250,31200,31250,62
2026-03-31 11:30:00,31250,31250,31100,31250,157
2026-03-31 11:31:00,31250,31250,31200,31250,118
2026-03-31 11:32:00,31250,31250,31250,31250,10
2026-03-31 11:33:00,31250,31350,31150,31200,915
2026-03-31 11:34:00,31200,31300,31200,31300,73
2026-03-31 11:35:00,31250,31250,31200,31250,11
2026-03-31 11:36:00,31250,31250,31250,31250,47
2026-03-31 11:37:00,31250,31250,31200,31200,152
2026-03-31 11:38:00,31250,31300,31200,31250,310
2026-03-31 11:39:00,31300,31300,31250,31250,58
2026-03-31 11:40:00,31250,31250,31150,31150,84
2026-03-31 11:41:00,31150,31150,31150,31150,14
2026-03-31 11:42:00,31150,31150,31100,31150,61
2026-03-31 11:43:00,31150,31150,31050,31100,142
2026-03-31 11:44:00,31100,31100,31100,31100,13
2026-03-31 11:45:00,31100,31100,31050,31050,61
2026-03-31 11:46:00,31100,31100,31050,31100,135
2026-03-31 11:47:00,31150,31200,31150,31200,52
2026-03-31 11:48:00,31250,31250,31200,31250,26
2026-03-31 11:49:00,31250,31250,31150,31150,90
2026-03-31 11:50:00,31250,31250,31250,31250,146
2026-03-31 11:51:00,31250,31350,31250,31350,354
2026-03-31 11:52:00,31350,31350,31350,31350,51
2026-03-31 11:53:00,31350,31350,31350,31350,147
2026-03-31 11:54:00,31350,31350,31300,31350,71
2026-03-31 11:55:00,31350,31350,31150,31200,199
2026-03-31 11:56:00,31200,31300,31200,31300,65
2026-03-31 11:57:00,31300,31350,31250,31350,60
2026-03-31 11:58:00,31350,31350,31250,31300,82
2026-03-31 11:59:00,31300,31300,31200,31200,31
2026-03-31 12:00:00,31200,31300,31200,31200,158
2026-03-31 12:01:00,31200,31300,31200,31300,113
2026-03-31 12:02:00,31300,31300,31300,31300,9
2026-03-31 12:03:00,31300,31400,31300,31400,281
2026-03-31 12:04:00,31400,31600,31400,31500,633
2026-03-31 12:05:00,31400,31400,31400,31400,26
2026-03-31 12:06:00,31400,31400,31400,31400,15
2026-03-31 12:07:00,31400,31500,31400,31500,93
2026-03-31 12:08:00,31500,31500,31500,31500,15
2026-03-31 12:09:00,31500,31500,31450,31500,28
2026-03-31 12:10:00,31500,31500,31450,31500,109
2026-03-31 12:11:00,31450,31500,31450,31500,12
2026-03-31 12:12:00,31450,31700,31450,31550,537
2026-03-31 12:13:00,31650,31650,31500,31550,102
2026-03-31 12:14:00,31550,31550,31450,31450,19
2026-03-31 12:15:00,31500,31500,31450,31450,60
2026-03-31 12:16:00,31500,31500,31450,31450,185
2026-03-31 12:17:00,31400,31450,31400,31400,37
2026-03-31 12:18:00,31400,31400,31350,31400,30
2026-03-31 12:19:00,31350,31400,31350,31350,54
2026-03-31 12:20:00,31400,31400,31350,31350,64
2026-03-31 12:21:00,31400,31400,31350,31400,36
2026-03-31 12:22:00,31400,31400,31250,31300,100
2026-03-31 12:23:00,31250,31300,31150,31150,240
2026-03-31 12:24:00,31150,31200,31150,31200,56
2026-03-31 12:25:00,31200,31250,31200,31250,45
2026-03-31 12:26:00,31250,31250,31250,31250,84
2026-03-31 12:27:00,31200,31250,31200,31250,170
2026-03-31 12:28:00,31200,31200,31000,31100,470
2026-03-31 12:29:00,31050,31050,30950,31050,351
2026-03-31 12:30:00,31000,31050,31000,31050,60
2026-03-31 12:31:00,31050,31050,30950,31000,782
2026-03-31 12:32:00,31050,31050,30950,31000,130
2026-03-31 12:33:00,31000,31000,30950,31000,63
2026-03-31 12:34:00,31000,31000,30900,30900,71
2026-03-31 12:35:00,30950,30950,30900,30900,69
2026-03-31 12:36:00,30900,30900,30800,30800,51
2026-03-31 12:37:00,30950,30950,30850,30850,579
2026-03-31 12:38:00,30850,30950,30850,30850,128
2026-03-31 12:39:00,30800,30950,30800,30950,521
2026-03-31 12:40:00,30950,31050,30900,30950,130
2026-03-31 12:41:00,31000,31000,30900,31000,63
2026-03-31 12:42:00,31000,31000,30950,31000,93
2026-03-31 12:43:00,31000,31000,30900,30900,246
2026-03-31 12:44:00,30950,31000,30950,30950,89
2026-03-31 12:45:00,31000,31000,30750,30950,59
2026-03-31 12:46:00,30950,30950,30850,30850,59
2026-03-31 12:47:00,30850,30850,30800,30800,65
2026-03-31 12:48:00,30800,30800,30800,30800,22
2026-03-31 12:49:00,30800,30800,30750,30800,38
2026-03-31 12:50:00,30750,30800,30750,30800,429
2026-03-31 12:51:00,30850,30850,30850,30850,44
2026-03-31 12:52:00,30850,30850,30750,30750,217
2026-03-31 12:53:00,30850,30850,30850,30850,71
2026-03-31 12:54:00,30800,30850,30800,30850,2
2026-03-31 12:55:00,30800,30800,30750,30750,102
2026-03-31 12:56:00,30750,30850,30700,30700,118
2026-03-31 12:57:00,30700,30700,30600,30600,100
2026-03-31 12:58:00,30800,30800,30700,30700,25
2026-03-31 12:59:00,30800,30800,30700,30700,146
2026-03-31 13:00:00,30650,30650,30550,30600,16
2026-03-31 13:01:00,30700,30700,30650,30650,20
2026-03-31 13:02:00,30650,30700,30650,30700,88
2026-03-31 13:03:00,30650,30650,30450,30600,473
2026-03-31 13:04:00,30700,30700,30550,30550,19
2026-03-31 13:05:00,30700,30700,30300,30650,581
2026-03-31 13:06:00,30650,30650,30250,30500,687
2026-03-31 13:07:00,30300,30550,30300,30500,41
2026-03-31 13:08:00,30400,30700,30400,30550,521
2026-03-31 13:09:00,30500,30500,30500,30500,132
2026-03-31 13:10:00,30700,30700,30500,30600,64
2026-03-31 13:11:00,30650,30800,30650,30750,179
2026-03-31 13:12:00,30700,30700,30550,30550,25
2026-03-31 13:13:00,30600,30600,30600,30600,150
2026-03-31 13:14:00,30700,30700,30650,30650,120
2026-03-31 13:15:00,30700,30700,30500,30500,109
2026-03-31 13:16:00,30450,30450,30250,30400,4211
2026-03-31 13:17:00,30350,30650,30350,30650,2687
2026-03-31 13:18:00,30500,30500,30500,30500,2
2026-03-31 13:19:00,30600,30650,30550,30550,56
2026-03-31 13:20:00,30550,30900,30550,30900,526
2026-03-31 13:21:00,30900,30900,30650,30650,236
2026-03-31 13:22:00,30850,30850,30550,30550,413
2026-03-31 13:23:00,30700,30800,30650,30800,98
2026-03-31 13:24:00,30800,30800,30700,30700,31
2026-03-31 13:25:00,30650,30800,30600,30600,79
2026-03-31 13:26:00,30700,30800,30700,30800,100
2026-03-31 13:27:00,30750,30800,30700,30700,86
2026-03-31 13:28:00,30750,30800,30750,30800,56
2026-03-31 13:29:00,30750,30750,30700,30750,723
2026-03-31 13:30:00,30750,30750,30700,30750,3
2026-03-31 13:31:00,30750,30750,30700,30700,183
2026-03-31 13:32:00,30700,30700,30650,30650,105
2026-03-31 13:33:00,30700,30700,30650,30700,1189
2026-03-31 13:34:00,30750,30800,30700,30700,58
2026-03-31 13:35:00,30800,30800,30700,30800,1074
2026-03-31 13:36:00,30650,30650,30650,30650,1
2026-03-31 13:37:00,30800,30800,30750,30750,151
2026-03-31 13:38:00,30750,30800,30700,30800,92
2026-03-31 13:39:00,30750,30800,30650,30650,332
2026-03-31 13:40:00,30600,30650,30350,30650,189
2026-03-31 13:41:00,30500,30650,30500,30650,130
2026-03-31 13:42:00,30600,30600,30500,30500,719
2026-03-31 13:43:00,30550,30750,30550,30650,40
2026-03-31 13:44:00,30700,30750,30700,30750,63
2026-03-31 13:45:00,30750,30750,30700,30700,2
2026-03-31 13:46:00,30650,30750,30650,30700,105
2026-03-31 13:47:00,30650,30650,30400,30600,2082
2026-03-31 13:48:00,30550,30600,30450,30450,8
2026-03-31 13:49:00,30500,30600,30200,30200,811
2026-03-31 13:50:00,30550,30550,30300,30500,128
2026-03-31 13:51:00,30450,30450,30450,30450,1
2026-03-31 13:52:00,30500,30500,30400,30500,146
2026-03-31 13:53:00,30425,30500,30400,30500,57
2026-03-31 13:54:00,30450,30450,30200,30350,621
2026-03-31 13:55:00,30300,30450,30300,30450,40
2026-03-31 13:56:00,30400,30400,30250,30300,217
2026-03-31 13:57:00,30300,30300,30150,30250,356
2026-03-31 13:58:00,30300,30300,30250,30250,13
2026-03-31 13:59:00,30300,30300,30250,30300,36
2026-03-31 14:00:00,30300,30300,30250,30300,96
2026-03-31 14:01:00,30300,30300,30250,30250,183
2026-03-31 14:02:00,30300,30350,30250,30350,211
2026-03-31 14:03:00,30400,30450,30400,30400,35
2026-03-31 14:04:00,30400,30450,30250,30250,1913
2026-03-31 14:05:00,30200,30350,30200,30350,3
2026-03-31 14:06:00,30300,30350,30250,30250,74
2026-03-31 14:07:00,30300,30400,30250,30250,350
2026-03-31 14:08:00,30200,30200,30200,30200,211
2026-03-31 14:09:00,30150,30150,30150,30150,167
2026-03-31 14:10:00,30150,30150,30150,30150,10
2026-03-31 14:11:00,30400,30400,30200,30200,358
2026-03-31 14:12:00,30200,30250,30100,30100,260
2026-03-31 14:13:00,30100,30100,30100,30100,7
2026-03-31 14:14:00,30150,30150,30150,30150,1
2026-03-31 14:15:00,30150,30250,29950,30250,690
2026-03-31 14:16:00,30250,30250,30100,30100,31
2026-03-31 14:17:00,30050,30050,29900,30000,824
2026-03-31 14:18:00,29850,30100,29850,29850,4
2026-03-31 14:19:00,29900,29900,29900,29900,3
2026-03-31 14:20:00,30100,30250,30100,30100,272
2026-03-31 14:21:00,30300,30300,30150,30150,3
2026-03-31 14:22:00,30200,30200,30200,30200,1
2026-03-31 14:23:00,30200,30200,30200,30200,2
2026-03-31 14:24:00,30200,30350,30200,30350,2
2026-03-31 14:25:00,30250,30250,30250,30250,2
2026-03-31 14:26:00,30350,30350,30250,30250,2
2026-03-31 14:27:00,30250,30250,30250,30250,2
2026-03-31 14:28:00,30300,30350,30300,30350,11
2026-03-31 14:29:00,30300,30350,30300,30300,27
2026-03-31 14:30:00,30350,30350,30250,30250,105
2026-03-31 14:31:00,30250,30350,30250,30350,168
2026-03-31 14:32:00,30250,30300,30250,30250,1092
2026-03-31 14:33:00,30250,30250,30200,30250,74
2026-03-31 14:34:00,30250,30250,30250,30250,262
2026-03-31 14:35:00,30250,30250,30175,30200,3221
2026-03-31 14:36:00,30300,30350,30300,30350,175
2026-03-31 14:37:00,30500,30500,30500,30500,100
2026-03-31 14:38:00,30600,30600,30400,30550,218
2026-03-31 14:40:00,30400,30400,30300,30400,61
2026-03-31 14:41:00,30400,30450,30400,30450,63
2026-03-31 14:43:00,30450,30450,30250,30250,83
2026-03-31 14:44:00,30300,30450,30250,30450,444
2026-03-31 14:45:00,30450,30450,30450,30450,5
2026-03-31 14:46:00,30450,30450,30450,30450,1
2026-03-31 14:47:00,30250,30450,30200,30450,5
2026-03-31 14:48:00,30450,30550,30450,30550,152
2026-03-31 14:49:00,30550,30600,30550,30600,110
2026-03-31 14:50:00,30600,30600,30600,30600,64
2026-03-31 14:51:00,30600,30600,30500,30600,1048
2026-03-31 14:52:00,30600,30600,30400,30400,119
2026-03-31 14:53:00,30350,30350,30350,30350,100
2026-03-31 14:55:00,30600,30600,30600,30600,8
2026-03-31 14:56:00,30350,30550,30300,30350,742
2026-03-31 14:57:00,30300,30500,30300,30450,78
2026-03-31 14:58:00,30450,30450,30450,30450,61
2026-03-31 15:00:00,30300,30300,30300,30300,52
2026-03-31 15:01:00,30500,30500,30250,30250,39
2026-03-31 15:02:00,30200,30200,30150,30200,584
2026-03-31 15:03:00,30250,30250,30250,30250,1
2026-03-31 15:04:00,30150,30150,30150,30150,4
2026-03-31 15:05:00,30250,30250,30150,30150,9
2026-03-31 15:06:00,30250,30250,30150,30200,75
2026-03-31 15:07:00,30200,30200,30200,30200,8
2026-03-31 15:08:00,30150,30200,30050,30200,291
2026-03-31 15:09:00,30050,30200,30000,30200,365
2026-03-31 15:10:00,30050,30200,30000,30200,108
2026-03-31 15:11:00,30200,30200,30200,30200,28
2026-03-31 15:12:00,30200,30250,30000,30250,1310
2026-03-31 15:13:00,30200,30200,30050,30050,172
2026-03-31 15:14:00,30150,30150,30150,30150,1
2026-03-31 15:15:00,30150,30200,29950,30200,6218
2026-03-31 15:16:00,30200,30250,30200,30250,419
2026-03-31 15:17:00,30250,30250,30150,30250,202
2026-03-31 15:18:00,30300,30300,30050,30050,38
2026-03-31 15:19:00,30050,30600,30050,30250,1385
2026-03-31 15:30:00,30300,30300,30300,30300,4093
2026-03-31 15:35:00,30300,30300,30300,30300,326
2026-04-01 09:00:00,32200,32250,31600,31700,4824
2026-04-01 09:01:00,31700,31800,31600,31750,2702
2026-04-01 09:02:00,31750,31850,31650,31800,1045
2026-04-01 09:03:00,31800,31800,31750,31750,492
2026-04-01 09:04:00,31700,31700,31450,31450,2830
2026-04-01 09:05:00,31450,31650,31300,31300,4572
2026-04-01 09:06:00,31400,31450,31300,31450,560
2026-04-01 09:07:00,31450,31900,31450,31600,6389
2026-04-01 09:08:00,31750,31750,31500,31600,2269
2026-04-01 09:09:00,31850,31900,31850,31900,1487
2026-04-01 09:10:00,31850,31850,31800,31800,92
2026-04-01 09:11:00,31850,31900,31800,31800,322
2026-04-01 09:12:00,31750,32200,31750,32100,3619
2026-04-01 09:13:00,32100,32150,32100,32150,512
2026-04-01 09:14:00,32100,32100,32000,32000,264
2026-04-01 09:15:00,31950,32100,31900,32050,1381
2026-04-01 09:16:00,32050,32050,31750,31750,2482
2026-04-01 09:17:00,31850,32000,31750,31750,648
2026-04-01 09:18:00,31800,31800,31650,31650,949
2026-04-01 09:19:00,31650,31900,31600,31900,1322
2026-04-01 09:20:00,31900,31900,31650,31800,455
2026-04-01 09:21:00,31800,31900,31750,31900,843
2026-04-01 09:22:00,31800,31800,31750,31800,601
2026-04-01 09:23:00,31800,31800,31650,31650,183
2026-04-01 09:24:00,31650,31800,31650,31750,2123
2026-04-01 09:25:00,31750,31750,31600,31600,3436
2026-04-01 09:26:00,31600,31750,31550,31750,1495
2026-04-01 09:27:00,31700,31700,31550,31550,515
2026-04-01 09:28:00,31550,31700,31450,31700,2090
2026-04-01 09:29:00,31750,31900,31750,31800,610
2026-04-01 09:30:00,31800,31800,31750,31800,152
2026-04-01 09:31:00,31800,31800,31800,31800,79
2026-04-01 09:32:00,31850,31850,31800,31800,121
2026-04-01 09:33:00,31800,31850,31750,31750,220
2026-04-01 09:34:00,31800,31800,31700,31800,225
2026-04-01 09:35:00,31800,31900,31800,31900,365
2026-04-01 09:36:00,31850,31850,31850,31850,98
2026-04-01 09:37:00,31850,31850,31850,31850,287
2026-04-01 09:38:00,31850,31900,31850,31850,217
2026-04-01 09:39:00,31850,31900,31850,31900,432
2026-04-01 09:40:00,31950,31950,31950,31950,46
2026-04-01 09:41:00,32000,32050,32000,32050,234
2026-04-01 09:42:00,32000,32000,31950,32000,272
2026-04-01 09:43:00,32000,32000,32000,32000,83
2026-04-01 09:44:00,32000,32000,31800,31800,744
2026-04-01 09:45:00,31900,31900,31900,31900,16
2026-04-01 09:46:00,31850,31850,31700,31800,1937
2026-04-01 09:47:00,31750,31850,31650,31850,369
2026-04-01 09:48:00,31850,31900,31800,31800,152
2026-04-01 09:49:00,31800,31850,31800,31850,98
2026-04-01 09:50:00,31850,31850,31700,31800,312
2026-04-01 09:51:00,31800,31850,31700,31850,940
2026-04-01 09:52:00,31900,31900,31850,31850,38
2026-04-01 09:53:00,31850,31850,31800,31800,492
2026-04-01 09:54:00,31800,31850,31800,31800,154
2026-04-01 09:55:00,31850,31900,31850,31850,100
2026-04-01 09:56:00,31850,31900,31800,31800,519
2026-04-01 09:57:00,31850,31850,31800,31800,106
2026-04-01 09:58:00,31800,31850,31800,31800,111
2026-04-01 09:59:00,31850,31900,31850,31850,1074
2026-04-01 10:00:00,31900,31900,31850,31850,2479
2026-04-01 10:01:00,31850,31850,31750,31750,470
2026-04-01 10:02:00,31700,31750,31650,31750,740
2026-04-01 10:03:00,31700,31750,31700,31750,113
2026-04-01 10:04:00,31750,31750,31750,31750,120
2026-04-01 10:05:00,31700,31750,31700,31750,147
2026-04-01 10:06:00,31700,31700,31550,31650,1898
2026-04-01 10:07:00,31550,31650,31400,31650,3367
2026-04-01 10:08:00,31600,31650,31600,31600,115
2026-04-01 10:09:00,31600,31650,31600,31650,128
2026-04-01 10:10:00,31700,31850,31700,31850,264
2026-04-01 10:11:00,31800,31800,31800,31800,61
2026-04-01 10:12:00,31850,31850,31800,31850,239
2026-04-01 10:13:00,31800,31850,31650,31650,647
2026-04-01 10:14:00,31650,31650,31650,31650,446
2026-04-01 10:15:00,31650,31650,31400,31600,194
2026-04-01 10:16:00,31600,31650,31550,31550,240
2026-04-01 10:17:00,31550,31550,31500,31500,159
2026-04-01 10:18:00,31500,31500,31450,31500,72
2026-04-01 10:19:00,31400,31550,31350,31550,3963
2026-04-01 10:20:00,31550,31550,31500,31500,221
2026-04-01 10:21:00,31450,31500,31400,31400,26
2026-04-01 10:22:00,31450,31550,31450,31550,528
2026-04-01 10:23:00,31550,31700,31550,31650,3055
2026-04-01 10:24:00,31550,31750,31550,31750,763
2026-04-01 10:25:00,31550,31750,31550,31750,259
2026-04-01 10:26:00,31650,31800,31550,31800,159
2026-04-01 10:27:00,31650,31800,31650,31800,64
2026-04-01 10:28:00,31650,31750,31550,31750,208
2026-04-01 10:29:00,31700,31700,31700,31700,8
2026-04-01 10:30:00,31650,31700,31650,31700,93
2026-04-01 10:31:00,31600,31600,31300,31600,513
2026-04-01 10:32:00,31600,31600,31550,31550,223
2026-04-01 10:33:00,31500,31550,31500,31500,15
2026-04-01 10:34:00,31550,31550,31400,31400,373
2026-04-01 10:35:00,31500,31500,31400,31450,205
2026-04-01 10:36:00,31400,31500,31400,31400,33
2026-04-01 10:37:00,31450,31450,31400,31450,43
2026-04-01 10:38:00,31450,31550,31450,31550,318
2026-04-01 10:39:00,31500,31600,31450,31550,103
2026-04-01 10:40:00,31500,31500,31450,31500,17
2026-04-01 10:41:00,31500,31500,31450,31500,350
2026-04-01 10:42:00,31500,31500,31450,31450,134
2026-04-01 10:43:00,31400,31450,31400,31450,18
2026-04-01 10:44:00,31450,31500,31450,31500,188
2026-04-01 10:45:00,31500,31600,31500,31600,150
2026-04-01 10:46:00,31650,31700,31550,31650,154
2026-04-01 10:47:00,31650,31650,31650,31650,203
2026-04-01 10:48:00,31550,31700,31550,31700,90
2026-04-01 10:49:00,31650,31700,31650,31700,70
2026-04-01 10:50:00,31700,31700,31700,31700,226
2026-04-01 10:51:00,31700,31700,31700,31700,9
2026-04-01 10:52:00,31700,31750,31700,31700,111
2026-04-01 10:53:00,31650,31850,31650,31850,1036
2026-04-01 10:54:00,31800,31850,31800,31850,8
2026-04-01 10:55:00,31800,31850,31800,31850,144
2026-04-01 10:56:00,31800,31950,31800,31950,1011
2026-04-01 10:57:00,31950,32100,31950,32100,1432
2026-04-01 10:58:00,32100,32100,32100,32100,212
2026-04-01 10:59:00,32050,32150,32050,32100,488
2026-04-01 11:00:00,32100,32150,32050,32100,1549
2026-04-01 11:01:00,32100,32100,32050,32050,18
2026-04-01 11:02:00,32050,32050,32050,32050,79
2026-04-01 11:03:00,32050,32100,32050,32100,68
2026-04-01 11:04:00,32100,32200,32050,32200,1620
2026-04-01 11:05:00,32200,32250,32150,32250,1517
2026-04-01 11:06:00,32250,32250,32250,32250,53
2026-04-01 11:07:00,32250,32250,32200,32200,1818
2026-04-01 11:08:00,32200,32200,32100,32150,41
2026-04-01 11:09:00,32150,32150,32050,32150,568
2026-04-01 11:10:00,32150,32150,32100,32100,67
2026-04-01 11:11:00,32150,32150,32100,32100,43
2026-04-01 11:12:00,32050,32150,31950,31950,1702
2026-04-01 11:13:00,32000,32000,31900,31900,18
2026-04-01 11:14:00,31900,31950,31900,31950,51
2026-04-01 11:15:00,31900,31950,31900,31950,73
2026-04-01 11:16:00,31950,31950,31900,31900,3
2026-04-01 11:17:00,31900,31950,31900,31950,1053
2026-04-01 11:18:00,31900,32000,31800,31950,671
2026-04-01 11:19:00,31850,31950,31800,31900,524
2026-04-01 11:20:00,31900,31900,31900,31900,21
2026-04-01 11:21:00,31900,31900,31900,31900,54
2026-04-01 11:22:00,31850,31900,31800,31850,1498
2026-04-01 11:23:00,31800,31850,31800,31800,509
2026-04-01 11:24:00,31800,31800,31800,31800,19
2026-04-01 11:25:00,31800,31900,31800,31850,898
2026-04-01 11:26:00,31850,31900,31850,31900,10
2026-04-01 11:27:00,31900,31900,31750,31750,655
2026-04-01 11:28:00,31850,31850,31800,31800,261
2026-04-01 11:29:00,31800,31800,31700,31700,300
2026-04-01 11:30:00,31750,31750,31700,31750,23
2026-04-01 11:31:00,31750,31850,31700,31850,402
2026-04-01 11:32:00,31850,31900,31800,31800,911
2026-04-01 11:33:00,31800,31800,31800,31800,5
2026-04-01 11:34:00,31800,31850,31800,31800,216
2026-04-01 11:35:00,31750,31800,31700,31800,123
2026-04-01 11:36:00,31800,31850,31800,31800,156
2026-04-01 11:37:00,31850,31850,31800,31850,22
2026-04-01 11:38:00,31800,31800,31750,31800,218
2026-04-01 11:39:00,31750,31800,31750,31800,116
2026-04-01 11:40:00,31800,31850,31800,31850,23
2026-04-01 11:41:00,31750,31850,31750,31800,218
2026-04-01 11:42:00,31800,31850,31800,31850,41
2026-04-01 11:43:00,31800,31850,31800,31850,56
2026-04-01 11:44:00,31800,31850,31750,31850,224
2026-04-01 11:45:00,31800,31850,31800,31850,24
2026-04-01 11:46:00,31800,31850,31800,31800,50
2026-04-01 11:47:00,31750,31850,31700,31850,70
2026-04-01 11:48:00,31850,31850,31800,31800,231
2026-04-01 11:49:00,31800,31850,31800,31850,28
2026-04-01 11:50:00,31800,31850,31800,31800,366
2026-04-01 11:51:00,31800,31850,31800,31850,211
2026-04-01 11:52:00,31800,31800,31800,31800,7
2026-04-01 11:53:00,31750,31850,31750,31850,468
2026-04-01 11:54:00,31800,31850,31800,31850,40
2026-04-01 11:55:00,31800,31850,31800,31850,33
2026-04-01 11:56:00,31800,31850,31700,31700,252
2026-04-01 11:57:00,31800,31800,31800,31800,22
2026-04-01 11:58:00,31750,31800,31750,31750,128
2026-04-01 11:59:00,31750,31750,31750,31750,9
2026-04-01 12:00:00,31750,31750,31600,31650,1234
2026-04-01 12:01:00,31600,31750,31600,31750,362
2026-04-01 12:02:00,31750,31800,31750,31800,31
2026-04-01 12:03:00,31750,31750,31700,31700,211
2026-04-01 12:04:00,31700,31800,31700,31750,20
2026-04-01 12:05:00,31800,31800,31750,31750,56
2026-04-01 12:06:00,31750,31800,31700,31800,108
2026-04-01 12:07:00,31750,31750,31700,31700,168
2026-04-01 12:08:00,31800,31800,31700,31750,51
2026-04-01 12:09:00,31700,31750,31700,31700,246
2026-04-01 12:10:00,31750,31750,31700,31750,504
2026-04-01 12:11:00,31750,31750,31650,31700,65
2026-04-01 12:12:00,31750,31750,31750,31750,241
2026-04-01 12:13:00,31750,31800,31750,31800,1005
2026-04-01 12:14:00,31750,31750,31750,31750,18
2026-04-01 12:15:00,31750,31750,31600,31750,117
2026-04-01 12:16:00,31750,31750,31700,31700,241
2026-04-01 12:17:00,31700,31700,31700,31700,3
2026-04-01 12:18:00,31750,31750,31750,31750,187
2026-04-01 12:19:00,31750,31800,31750,31800,65
2026-04-01 12:20:00,31750,31800,31750,31800,41
2026-04-01 12:21:00,31750,31800,31750,31800,216
2026-04-01 12:22:00,31800,31800,31800,31800,127
2026-04-01 12:23:00,31800,31800,31800,31800,61
2026-04-01 12:24:00,31750,31800,31750,31800,78
2026-04-01 12:25:00,31800,31800,31800,31800,382
2026-04-01 12:26:00,31850,31850,31850,31850,17
2026-04-01 12:27:00,31800,31850,31800,31850,42
2026-04-01 12:28:00,31850,31850,31800,31800,232
2026-04-01 12:29:00,31850,31850,31850,31850,3
2026-04-01 12:30:00,31800,31850,31800,31850,91
2026-04-01 12:31:00,31850,31850,31800,31850,246
2026-04-01 12:32:00,31800,31800,31750,31750,2
2026-04-01 12:33:00,31800,31850,31750,31750,408
2026-04-01 12:34:00,31850,31850,31800,31850,153
2026-04-01 12:35:00,31850,31850,31800,31800,354
2026-04-01 12:36:00,31800,31800,31800,31800,501
2026-04-01 12:37:00,31850,31850,31850,31850,389
2026-04-01 12:38:00,31900,31950,31900,31950,122
2026-04-01 12:39:00,31900,31950,31900,31950,3
2026-04-01 12:40:00,31900,31900,31850,31900,1062
2026-04-01 12:41:00,31900,31900,31850,31900,377
2026-04-01 12:42:00,31900,31950,31900,31950,105
2026-04-01 12:43:00,31900,31900,31850,31850,508
2026-04-01 12:44:00,31900,31900,31850,31900,21
2026-04-01 12:45:00,31900,31900,31900,31900,58
2026-04-01 12:46:00,31950,31950,31900,31950,23
2026-04-01 12:47:00,31950,31950,31950,31950,31
2026-04-01 12:48:00,31900,31950,31900,31900,35
2026-04-01 12:49:00,31950,31950,31900,31950,33
2026-04-01 12:50:00,31950,32150,31950,32000,4399
2026-04-01 12:51:00,32100,32100,32000,32000,52
2026-04-01 12:52:00,32000,32050,32000,32050,33
2026-04-01 12:53:00,32050,32050,32000,32050,376
2026-04-01 12:54:00,32050,32050,32050,32050,16
2026-04-01 12:55:00,32000,32250,32000,32050,4512
2026-04-01 12:56:00,32150,32150,32050,32150,61
2026-04-01 12:57:00,32150,32150,32100,32100,3
2026-04-01 12:58:00,32100,32150,32100,32150,34
2026-04-01 12:59:00,32100,32150,32100,32150,36
2026-04-01 13:00:00,32100,32100,32000,32100,953
2026-04-01 13:01:00,32050,32050,32000,32050,58
2026-04-01 13:02:00,32000,32050,32000,32050,54
2026-04-01 13:03:00,32000,32050,32000,32050,39
2026-04-01 13:04:00,32050,32050,32050,32050,45
2026-04-01 13:05:00,32050,32050,32050,32050,4
2026-04-01 13:06:00,32050,32050,32000,32000,124
2026-04-01 13:07:00,32000,32050,32000,32050,74
2026-04-01 13:08:00,32050,32100,32050,32100,1125
2026-04-01 13:09:00,32100,32100,32100,32100,30
2026-04-01 13:10:00,32100,32150,32100,32150,111
2026-04-01 13:11:00,32150,32150,32150,32150,33
2026-04-01 13:12:00,32150,32150,32100,32150,110
2026-04-01 13:13:00,32150,32200,32150,32200,28
2026-04-01 13:14:00,32200,32200,32200,32200,134
2026-04-01 13:15:00,32200,32200,32050,32050,1277
2026-04-01 13:16:00,32150,32150,32150,32150,8
2026-04-01 13:17:00,32100,32150,32050,32100,176
2026-04-01 13:18:00,32050,32200,32050,32200,759
2026-04-01 13:19:00,32100,32100,32100,32100,1
2026-04-01 13:20:00,32150,32250,32150,32250,1133
2026-04-01 13:21:00,32250,32250,32150,32250,164
2026-04-01 13:22:00,32150,32400,32150,32400,6342
2026-04-01 13:23:00,32450,32650,32450,32650,4823
2026-04-01 13:24:00,32650,32650,32650,32650,61
2026-04-01 13:25:00,32600,32700,32600,32700,1414
2026-04-01 13:26:00,32700,33050,32600,32850,3554
2026-04-01 13:27:00,33100,33100,32800,32950,582
2026-04-01 13:28:00,32950,33000,32950,32950,1505
2026-04-01 13:29:00,33000,33050,32900,32950,532
2026-04-01 13:30:00,32950,33000,32950,33000,31
2026-04-01 13:31:00,33000,33000,32700,32700,697
2026-04-01 13:32:00,32700,32800,32700,32800,419
2026-04-01 13:33:00,32850,32950,32850,32900,26
2026-04-01 13:34:00,32900,32900,32850,32900,89
2026-04-01 13:35:00,32850,32900,32800,32800,148
2026-04-01 13:36:00,32850,32900,32700,32850,219
2026-04-01 13:37:00,32850,32850,32700,32800,91
2026-04-01 13:38:00,32900,32900,32850,32900,13
2026-04-01 13:39:00,32850,32900,32850,32900,54
2026-04-01 13:40:00,32850,32850,32800,32800,51
2026-04-01 13:41:00,32800,32800,32650,32750,148
2026-04-01 13:42:00,32750,32750,32750,32750,48
2026-04-01 13:43:00,32750,32850,32750,32750,210
2026-04-01 13:44:00,32700,32750,32700,32700,100
2026-04-01 13:45:00,32700,32700,32650,32700,342
2026-04-01 13:46:00,32700,32750,32700,32750,137
2026-04-01 13:47:00,32750,32850,32750,32850,246
2026-04-01 13:48:00,32850,32900,32850,32900,522
2026-04-01 13:49:00,32900,33050,32900,33050,610
2026-04-01 13:50:00,33050,33050,32850,32850,309
2026-04-01 13:51:00,32950,32950,32850,32950,56
2026-04-01 13:52:00,32900,32950,32850,32850,239
2026-04-01 13:53:00,32900,32900,32850,32900,333
2026-04-01 13:54:00,32900,32900,32800,32800,75
2026-04-01 13:55:00,32800,32800,32750,32800,280
2026-04-01 13:56:00,32800,32800,32750,32800,397
2026-04-01 13:57:00,32800,32850,32750,32800,197
2026-04-01 13:58:00,32800,32850,32750,32850,296
2026-04-01 13:59:00,32850,32950,32850,32950,2187
2026-04-01 14:00:00,32950,33000,32950,32950,266
2026-04-01 14:01:00,33000,33050,32950,33000,908
2026-04-01 14:02:00,33000,33000,32900,32950,288
2026-04-01 14:03:00,32950,33000,32950,32950,832
2026-04-01 14:04:00,32950,33000,32950,33000,618
2026-04-01 14:05:00,33000,33050,33000,33050,1022
2026-04-01 14:06:00,33050,33100,33050,33100,449
2026-04-01 14:07:00,33100,33100,33100,33100,124
2026-04-01 14:08:00,33100,33200,33100,33100,553
2026-04-01 14:09:00,33150,33150,33100,33150,503
2026-04-01 14:10:00,33150,33150,33050,33100,81
2026-04-01 14:11:00,33000,33100,32850,33050,719
2026-04-01 14:12:00,33100,33150,33050,33150,491
2026-04-01 14:13:00,33150,33200,33150,33200,609
2026-04-01 14:14:00,33250,33300,33200,33250,839
2026-04-01 14:15:00,33150,33250,33150,33250,423
2026-04-01 14:16:00,33250,33300,33200,33300,847
2026-04-01 14:17:00,33300,33300,33250,33300,616
2026-04-01 14:18:00,33200,33350,33200,33350,660
2026-04-01 14:19:00,33300,33400,33300,33400,636
2026-04-01 14:20:00,33300,33400,33200,33300,909
2026-04-01 14:21:00,33250,33300,33250,33250,474
2026-04-01 14:22:00,33200,33300,33050,33300,880
2026-04-01 14:23:00,33250,33350,33150,33350,1185
2026-04-01 14:24:00,33350,33500,33350,33450,948
2026-04-01 14:25:00,33450,33500,33300,33500,460
2026-04-01 14:26:00,33400,33500,33400,33500,813
2026-04-01 14:27:00,33550,33550,33500,33500,462
2026-04-01 14:28:00,33450,33550,33450,33550,604
2026-04-01 14:29:00,33550,33550,33550,33550,231
2026-04-01 14:30:00,33500,33500,32750,32800,3554
2026-04-01 14:31:00,32850,32950,32850,32950,448
2026-04-01 14:32:00,32900,33000,32900,33000,134
2026-04-01 14:33:00,33000,33000,32950,32950,378
2026-04-01 14:34:00,33000,33000,33000,33000,66
2026-04-01 14:35:00,33000,33000,32950,33000,230
2026-04-01 14:36:00,33000,33000,32750,32900,454
2026-04-01 14:37:00,32900,32950,32900,32950,93
2026-04-01 14:38:00,33000,33000,32900,32950,249
2026-04-01 14:39:00,32900,32900,32850,32850,204
2026-04-01 14:40:00,32800,32800,32650,32650,516
2026-04-01 14:41:00,32650,32700,32600,32650,282
2026-04-01 14:42:00,32650,32700,32650,32700,112
2026-04-01 14:43:00,32650,32700,32650,32650,276
2026-04-01 14:44:00,32600,32650,32550,32600,133
2026-04-01 14:45:00,32650,32650,32600,32650,101
2026-04-01 14:46:00,32650,32650,32650,32650,53
2026-04-01 14:47:00,32675,32700,32500,32500,4452
2026-04-01 14:48:00,32500,32650,32500,32600,176
2026-04-01 14:49:00,32700,32750,32700,32750,919
2026-04-01 14:50:00,32750,32850,32700,32850,309
2026-04-01 14:51:00,32700,32900,32700,32900,378
2026-04-01 14:52:00,32800,32950,32800,32950,331
2026-04-01 14:53:00,32850,32850,32750,32800,133
2026-04-01 14:54:00,32800,32800,32700,32700,223
2026-04-01 14:55:00,32700,32700,32650,32700,222
2026-04-01 14:56:00,32700,32750,32650,32700,353
2026-04-01 14:57:00,32650,32650,32500,32500,580
2026-04-01 14:58:00,32500,32500,32400,32500,862
2026-04-01 14:59:00,32500,32650,32500,32650,270
2026-04-01 15:00:00,32650,32650,32500,32550,72
2026-04-01 15:01:00,32500,32600,32450,32600,292
2026-04-01 15:02:00,32500,32500,32500,32500,30
2026-04-01 15:03:00,32450,32500,32450,32500,97
2026-04-01 15:04:00,32400,32450,32400,32450,104
2026-04-01 15:05:00,32400,32400,32400,32400,214
2026-04-01 15:06:00,32400,32450,32400,32450,19
2026-04-01 15:07:00,32400,32450,32400,32400,43
2026-04-01 15:08:00,32450,32450,32450,32450,79
2026-04-01 15:09:00,32400,32400,32400,32400,6
2026-04-01 15:10:00,32400,32500,32350,32450,3417
2026-04-01 15:11:00,32500,32500,32350,32350,478
2026-04-01 15:12:00,32500,32500,32500,32500,65
2026-04-01 15:13:00,32600,32700,32600,32700,142
2026-04-01 15:14:00,32700,32800,32550,32750,119
2026-04-01 15:15:00,32600,32750,32500,32500,606
2026-04-01 15:16:00,32700,32750,32500,32500,33
2026-04-01 15:17:00,32500,32600,32500,32600,90
2026-04-01 15:18:00,32500,32800,32450,32800,972
2026-04-01 15:19:00,32450,32850,32450,32800,1312
2026-04-01 15:30:00,32750,32750,32750,32750,724
2026-04-01 15:35:00,32750,32750,32750,32750,268
2026-04-02 09:00:00,33400,33500,32800,32800,118
2026-04-02 09:01:00,32800,32900,32050,32400,1755
2026-04-02 09:02:00,32400,32550,32100,32550,348
2026-04-02 09:03:00,32650,32700,32400,32400,790
2026-04-02 09:04:00,32300,32300,32200,32250,461
2026-04-02 09:05:00,32600,32600,32600,32600,2
2026-04-02 09:06:00,32500,32500,32200,32500,2897
2026-04-02 09:07:00,32400,32500,32350,32500,960
2026-04-02 09:08:00,32500,32700,32500,32500,171
2026-04-02 09:09:00,32500,32550,32500,32550,389
2026-04-02 09:10:00,32550,33050,32550,32650,3265
2026-04-02 09:11:00,32600,32700,32400,32400,111
2026-04-02 09:12:00,32400,32450,32350,32450,166
2026-04-02 09:13:00,32450,32450,32450,32450,157
2026-04-02 09:14:00,32450,32450,32300,32400,495
2026-04-02 09:15:00,32350,32450,32350,32450,196
2026-04-02 09:16:00,32450,32550,32450,32550,499
2026-04-02 09:17:00,32500,32500,32400,32400,456
2026-04-02 09:18:00,32400,32550,32400,32550,172
2026-04-02 09:19:00,32550,32700,32550,32700,531
2026-04-02 09:20:00,32550,32600,32350,32600,2162
2026-04-02 09:21:00,32550,32550,32450,32450,1060
2026-04-02 09:22:00,32400,32400,32300,32300,862
2026-04-02 09:23:00,32300,32300,32200,32250,1335
2026-04-02 09:24:00,32200,32350,32150,32350,475
2026-04-02 09:25:00,32250,32250,32050,32050,1533
2026-04-02 09:26:00,32000,32050,31900,31900,611
2026-04-02 09:27:00,31850,32200,31850,32200,1164
2026-04-02 09:28:00,32150,32150,32000,32100,607
2026-04-02 09:29:00,32050,32100,32050,32050,157
2026-04-02 09:30:00,32050,32100,32000,32000,201
2026-04-02 09:31:00,31950,31950,31950,31950,125
2026-04-02 09:32:00,31950,31950,31850,31850,104
2026-04-02 09:33:00,31850,31950,31850,31950,494
2026-04-02 09:34:00,31950,32250,31800,32100,251
2026-04-02 09:35:00,32050,32050,32050,32050,79
2026-04-02 09:36:00,31950,32050,31950,32000,72
2026-04-02 09:37:00,31950,32000,31950,32000,119
2026-04-02 09:38:00,31950,31950,31850,31850,121
2026-04-02 09:39:00,31800,31850,31750,31800,296
2026-04-02 09:40:00,31700,31900,31700,31850,303
2026-04-02 09:41:00,31900,31900,31750,31850,790
2026-04-02 09:42:00,31800,32100,31800,32100,359
2026-04-02 09:43:00,32050,32050,32050,32050,6
2026-04-02 09:44:00,32050,32100,32050,32100,9
2026-04-02 09:45:00,31950,32150,31950,32150,121
2026-04-02 09:46:00,32050,32050,32050,32050,1
2026-04-02 09:47:00,32050,32050,32000,32000,330
2026-04-02 09:48:00,32000,32050,32000,32050,189
2026-04-02 09:49:00,32050,32050,32050,32050,1
2026-04-02 09:50:00,32050,32150,32000,32000,91
2026-04-02 09:51:00,32100,32100,32000,32100,191
2026-04-02 09:52:00,32000,32000,31950,31950,299
2026-04-02 09:53:00,31900,31950,31850,31950,113
2026-04-02 09:54:00,31950,32050,31900,32050,1334
2026-04-02 09:55:00,32050,32050,31850,32050,1371
2026-04-02 09:56:00,31900,32050,31850,31850,1566
2026-04-02 09:57:00,31900,31950,31800,31950,6017
2026-04-02 09:58:00,31850,32000,31850,32000,6
2026-04-02 09:59:00,32000,32150,32000,32150,527
2026-04-02 10:00:00,32050,32050,32050,32050,135
2026-04-02 10:01:00,32100,32100,32000,32000,749
2026-04-02 10:02:00,32050,32150,31950,32150,509
2026-04-02 10:03:00,32050,32050,31950,31950,247
2026-04-02 10:04:00,31900,31900,31800,31850,578
2026-04-02 10:05:00,31750,31750,31550,31550,1000
2026-04-02 10:06:00,31550,31750,31550,31550,55
2026-04-02 10:07:00,31550,31550,31500,31500,1257
2026-04-02 10:08:00,31500,31650,31500,31650,110
2026-04-02 10:09:00,31650,31850,31650,31850,387
2026-04-02 10:10:00,31900,31950,31900,31950,94
2026-04-02 10:11:00,32050,32050,32050,32050,8
2026-04-02 10:12:00,32050,32050,32050,32050,13
2026-04-02 10:13:00,32000,32000,32000,32000,5
2026-04-02 10:14:00,31900,31900,31850,31850,286
2026-04-02 10:15:00,31800,31800,31800,31800,84
2026-04-02 10:16:00,31750,31750,31450,31450,896
2026-04-02 10:17:00,31450,31450,31300,31300,62
2026-04-02 10:18:00,31250,31350,31100,31250,736
2026-04-02 10:19:00,31200,31200,31000,31100,4476
2026-04-02 10:20:00,31100,31250,31000,31250,1326
2026-04-02 10:21:00,31050,31250,31000,31000,795
2026-04-02 10:22:00,31000,31050,31000,31050,330
2026-04-02 10:23:00,31200,31200,30950,30950,2062
2026-04-02 10:24:00,30900,30950,30850,30900,3223
2026-04-02 10:25:00,31000,31000,30350,30500,10940
2026-04-02 10:26:00,30500,31250,30500,31150,1231
2026-04-02 10:27:00,31250,31250,31000,31250,14
2026-04-02 10:28:00,31200,31200,31000,31150,285
2026-04-02 10:29:00,31000,31200,31000,31200,394
2026-04-02 10:30:00,31050,31050,30850,30900,2181
2026-04-02 10:31:00,30700,30850,30700,30700,5
2026-04-02 10:32:00,30650,30800,30600,30650,1106
2026-04-02 10:33:00,30600,30800,30550,30750,1292
2026-04-02 10:34:00,30550,30950,30550,30950,1931
2026-04-02 10:35:00,31200,31250,30900,31250,1929
2026-04-02 10:36:00,31200,31600,31200,31550,10787
2026-04-02 10:37:00,31500,31500,31300,31300,360
2026-04-02 10:38:00,31350,31500,31150,31450,183
2026-04-02 10:39:00,31300,31350,31200,31350,75
2026-04-02 10:40:00,31150,31300,31100,31100,1067
2026-04-02 10:41:00,31100,31300,31100,31300,23
2026-04-02 10:42:00,31100,31300,31050,31300,950
2026-04-02 10:43:00,31050,31150,31000,31000,2132
2026-04-02 10:44:00,31100,31150,31100,31150,59
2026-04-02 10:45:00,31000,31200,30850,30850,1752
2026-04-02 10:46:00,30850,30850,30750,30850,1813
2026-04-02 10:47:00,30750,30750,30600,30700,1263
2026-04-02 10:48:00,30700,30800,30550,30800,4955
2026-04-02 10:49:00,30900,31000,30900,31000,292
2026-04-02 10:50:00,31150,31150,31150,31150,9
2026-04-02 10:51:00,31100,31150,31100,31150,383
2026-04-02 10:52:00,31200,31200,31200,31200,170
2026-04-02 10:53:00,31200,31200,31200,31200,26
2026-04-02 10:54:00,31200,31200,31200,31200,220
2026-04-02 10:55:00,31000,31150,31000,31150,468
2026-04-02 10:56:00,31150,31150,31000,31000,12
2026-04-02 10:57:00,31150,31150,31150,31150,21
2026-04-02 10:58:00,31150,31150,30900,30900,232
2026-04-02 10:59:00,31150,31150,30900,30900,226
2026-04-02 11:00:00,30900,31100,30700,30850,806
2026-04-02 11:01:00,30700,30850,30650,30800,516
2026-04-02 11:02:00,30750,30750,30550,30750,793
2026-04-02 11:03:00,30800,30800,30500,30550,2057
2026-04-02 11:04:00,30800,30800,30600,30800,224
2026-04-02 11:05:00,30800,30800,30700,30700,27
2026-04-02 11:06:00,30700,30700,30500,30700,683
2026-04-02 11:07:00,30700,30900,30600,30900,1341
2026-04-02 11:08:00,30900,30900,30650,30650,238
2026-04-02 11:09:00,30600,30600,30550,30600,488
2026-04-02 11:10:00,30600,30750,30500,30750,715
2026-04-02 11:11:00,30750,30750,30650,30650,131
2026-04-02 11:12:00,30850,30850,30850,30850,5
2026-04-02 11:14:00,30700,30700,30600,30600,1513
2026-04-02 11:15:00,30600,30600,30600,30600,3
2026-04-02 11:16:00,30600,30600,30600,30600,1
2026-04-02 11:17:00,30650,30850,30650,30850,302
2026-04-02 11:18:00,30850,30850,30850,30850,16
2026-04-02 11:19:00,30850,30900,30700,30850,669
2026-04-02 11:20:00,30850,30850,30700,30700,35
2026-04-02 11:21:00,30700,30700,30700,30700,89
2026-04-02 11:22:00,30650,30650,30650,30650,21
2026-04-02 11:23:00,30850,30850,30800,30800,30
2026-04-02 11:24:00,30700,30700,30700,30700,10
2026-04-02 11:25:00,30700,30700,30600,30600,520
2026-04-02 11:26:00,30550,30550,30550,30550,140
2026-04-02 11:27:00,30650,30650,30500,30500,511
2026-04-02 11:28:00,30500,30500,30500,30500,262
2026-04-02 11:29:00,30500,30500,30450,30500,1288
2026-04-02 11:30:00,30500,30500,30500,30500,196
2026-04-02 11:31:00,30500,30550,30450,30500,827
2026-04-02 11:32:00,30500,30500,30400,30500,244
2026-04-02 11:33:00,30500,30500,30400,30400,412
2026-04-02 11:34:00,30500,30550,30500,30550,163
2026-04-02 11:35:00,30550,30550,30550,30550,20
2026-04-02 11:37:00,30450,30450,30400,30400,882
2026-04-02 11:40:00,30350,30350,30350,30350,3
2026-04-02 11:41:00,30425,30450,30425,30450,27
2026-04-02 11:42:00,30500,30500,30500,30500,2
2026-04-02 11:43:00,30500,30500,30500,30500,21
2026-04-02 11:44:00,30500,30550,30500,30550,28
2026-04-02 11:45:00,30550,30550,30550,30550,227
2026-04-02 11:46:00,30550,30550,30550,30550,9
2026-04-02 11:48:00,30550,30600,30500,30600,1548
2026-04-02 11:49:00,30600,30600,30500,30500,165
2026-04-02 11:50:00,30450,30450,30450,30450,158
2026-04-02 11:52:00,30550,30600,30500,30600,84
2026-04-02 11:54:00,30700,30700,30700,30700,150
2026-04-02 11:55:00,30700,30750,30700,30750,5
2026-04-02 11:56:00,30750,30750,30750,30750,7
2026-04-02 11:57:00,30750,30750,30750,30750,500
2026-04-02 11:58:00,30650,30650,30650,30650,1
2026-04-02 11:59:00,30750,30750,30600,30600,139
2026-04-02 12:00:00,30600,30600,30600,30600,50
2026-04-02 12:02:00,30600,30600,30500,30500,138
2026-04-02 12:03:00,30500,30500,30450,30500,207
2026-04-02 12:04:00,30400,30400,30350,30350,1188
2026-04-02 12:05:00,30350,30350,30350,30350,4
2026-04-02 12:06:00,30400,30400,30400,30400,23
2026-04-02 12:07:00,30400,30400,30400,30400,3
2026-04-02 12:08:00,30400,30400,30350,30350,236
2026-04-02 12:09:00,30350,30400,30350,30400,344
2026-04-02 12:11:00,30450,30450,30300,30300,343
2026-04-02 12:12:00,30300,30300,30250,30250,640
2026-04-02 12:13:00,30250,30300,30200,30300,785
2026-04-02 12:16:00,30350,30350,30350,30350,1
2026-04-02 12:17:00,30350,30350,30350,30350,5
2026-04-02 12:18:00,30450,30450,30450,30450,6
2026-04-02 12:19:00,30350,30350,30350,30350,114
2026-04-02 12:22:00,30350,30350,30350,30350,5
2026-04-02 12:23:00,30400,30450,30400,30450,134
2026-04-02 12:24:00,30450,30450,30450,30450,62
2026-04-02 12:25:00,30500,30550,30500,30550,127
2026-04-02 12:26:00,30550,30550,30550,30550,9
2026-04-02 12:27:00,30550,30550,30550,30550,10
2026-04-02 12:29:00,30550,30550,30550,30550,109
2026-04-02 12:30:00,30550,30550,30550,30550,137
2026-04-02 12:32:00,30500,30500,30450,30450,166
2026-04-02 12:33:00,30550,30550,30550,30550,216
2026-04-02 12:34:00,30500,30500,30450,30450,368
2026-04-02 12:35:00,30450,30450,30400,30450,113
2026-04-02 12:36:00,30400,30400,30400,30400,1505
2026-04-02 12:37:00,30350,30350,30350,30350,264
2026-04-02 12:38:00,30300,30300,30300,30300,45
2026-04-02 12:40:00,30300,30400,30300,30400,145
2026-04-02 12:41:00,30300,30300,30250,30250,380
2026-04-02 12:44:00,30300,30300,30300,30300,13
2026-04-02 12:45:00,30300,30400,30300,30400,2
2026-04-02 12:47:00,30300,30400,30250,30400,704
2026-04-02 12:48:00,30250,30250,30250,30250,104
2026-04-02 12:49:00,30250,30250,30150,30150,1438
2026-04-02 12:50:00,30200,30200,30200,30200,43
2026-04-02 12:51:00,30200,30200,30200,30200,314
2026-04-02 12:53:00,30250,30300,30250,30300,300
2026-04-02 12:54:00,30300,30300,30300,30300,100
2026-04-02 12:55:00,30300,30300,30300,30300,6
2026-04-02 12:57:00,30200,30300,30200,30200,288
2026-04-02 12:58:00,30200,30200,30200,30200,5
2026-04-02 13:00:00,30300,30300,30200,30200,12
2026-04-02 13:01:00,30150,30250,30150,30250,12
2026-04-02 13:02:00,30250,30250,30250,30250,5
2026-04-02 13:03:00,30200,30200,30150,30150,101
2026-04-02 13:04:00,30150,30250,30100,30100,3119
2026-04-02 13:07:00,30100,30100,30100,30100,1
2026-04-02 13:08:00,30150,30150,30100,30100,205
2026-04-02 13:09:00,30250,30250,30250,30250,5
2026-04-02 13:10:00,30250,30250,30250,30250,118
2026-04-02 13:11:00,30250,30250,30100,30100,99
2026-04-02 13:12:00,30150,30150,30100,30100,17
2026-04-02 13:13:00,30100,30100,30100,30100,1
2026-04-02 13:14:00,30250,30250,30250,30250,141
2026-04-02 13:15:00,30300,30300,30300,30300,280
2026-04-02 13:17:00,30350,30350,30350,30350,5
2026-04-02 13:19:00,30300,30350,30300,30350,126
2026-04-02 13:21:00,30200,30200,30150,30150,208
2026-04-02 13:22:00,30200,30200,30200,30200,11
2026-04-02 13:23:00,30200,30200,30200,30200,2
2026-04-02 13:24:00,30300,30300,30300,30300,12
2026-04-02 13:26:00,30300,30300,30300,30300,1
2026-04-02 13:27:00,30300,30350,30300,30350,33
2026-04-02 13:29:00,30350,30350,30250,30250,702
2026-04-02 13:30:00,30300,30300,30300,30300,1
2026-04-02 13:31:00,30350,30350,30350,30350,6
2026-04-02 13:35:00,30350,30350,30350,30350,50
2026-04-02 13:36:00,30350,30350,30250,30250,1005
2026-04-02 13:37:00,30200,30250,30200,30250,1010
2026-04-02 13:38:00,30250,30250,30250,30250,62
2026-04-02 13:39:00,30250,30350,30250,30350,24
2026-04-02 13:40:00,30250,30250,30250,30250,481
2026-04-02 13:45:00,30200,30200,30200,30200,118
2026-04-02 13:46:00,30300,30300,30300,30300,5
2026-04-02 13:47:00,30200,30300,30200,30300,109
2026-04-02 13:48:00,30200,30200,30150,30150,586
2026-04-02 13:50:00,30100,30250,30100,30250,1636
2026-04-02 13:51:00,30250,30250,30250,30250,31
2026-04-02 13:52:00,30150,30150,30150,30150,11
2026-04-02 13:53:00,30150,30250,30150,30250,45
2026-04-02 13:54:00,30250,30250,30250,30250,310
2026-04-02 13:55:00,30300,30300,30100,30100,1005
2026-04-02 13:56:00,30200,30200,30200,30200,162
2026-04-02 13:57:00,30350,30350,30350,30350,27
2026-04-02 13:58:00,30300,30350,30300,30350,415
2026-04-02 13:59:00,30350,30350,30350,30350,3
2026-04-02 14:00:00,30300,30300,30300,30300,100
2026-04-02 14:01:00,30300,30300,30300,30300,188
2026-04-02 14:05:00,30200,30250,30200,30250,519
2026-04-02 14:06:00,30200,30200,30100,30100,23
2026-04-02 14:08:00,30250,30250,30250,30250,5
2026-04-02 14:10:00,30100,30100,30100,30100,816
2026-04-02 14:12:00,30050,30100,30050,30100,61
2026-04-02 14:14:00,30100,30100,30100,30100,69
2026-04-02 14:15:00,30100,30100,30050,30050,1412
2026-04-02 14:16:00,30050,30050,30050,30050,10
2026-04-02 14:18:00,30050,30050,30050,30050,5
2026-04-02 14:19:00,30050,30050,30050,30050,5
2026-04-02 14:20:00,30050,30050,30000,30000,26
2026-04-02 14:21:00,30000,30050,30000,30000,2144
2026-04-02 14:22:00,29950,30000,29950,30000,605
2026-04-02 14:23:00,30050,30050,30050,30050,10
2026-04-02 14:24:00,30000,30000,29950,29950,218
2026-04-02 14:26:00,29950,29950,29900,29950,1112
2026-04-02 14:28:00,29900,29900,29900,29900,67
2026-04-02 14:29:00,29900,29900,29850,29850,192
2026-04-02 14:30:00,29900,29950,29900,29900,26
2026-04-02 14:32:00,29900,29900,29800,29900,922
2026-04-02 14:35:00,29900,29950,29900,29950,83
2026-04-02 14:36:00,29950,29950,29950,29950,11
2026-04-02 14:37:00,29900,29950,29900,29950,286
2026-04-02 14:38:00,29950,29950,29750,29950,1449
2026-04-02 14:39:00,29950,29950,29950,29950,61
2026-04-02 14:40:00,29750,29750,29750,29750,100
2026-04-02 14:41:00,29750,29900,29650,29700,4361
2026-04-02 14:42:00,29750,29750,29700,29700,36
2026-04-02 14:43:00,29750,29750,29750,29750,1
2026-04-02 14:45:00,29750,29850,29750,29850,12
2026-04-02 14:46:00,29750,29800,29700,29800,109
2026-04-02 14:47:00,29750,29800,29700,29700,32
2026-04-02 14:48:00,29700,29700,29700,29700,90
2026-04-02 14:49:00,29800,29800,29700,29700,309
2026-04-02 14:50:00,29700,29700,29700,29700,990
2026-04-02 14:51:00,29750,29750,29650,29650,406
2026-04-02 14:52:00,29650,29650,29650,29650,700
2026-04-02 14:53:00,29650,29650,29600,29650,665
2026-04-02 14:54:00,29650,29650,29600,29650,334
2026-04-02 14:55:00,29600,29650,29550,29650,218
2026-04-02 14:56:00,29550,29550,29550,29550,31
2026-04-02 14:57:00,29600,29600,29600,29600,11
2026-04-02 14:58:00,29600,29900,29550,29900,1380
2026-04-02 15:00:00,29900,29900,29600,29600,8
2026-04-02 15:01:00,29600,29600,29600,29600,373
2026-04-02 15:02:00,29550,29600,29550,29550,350
2026-04-02 15:03:00,29600,29600,29600,29600,71
2026-04-02 15:04:00,29600,29600,29500,29600,1001
2026-04-02 15:05:00,29600,29850,29600,29850,1398
2026-04-02 15:06:00,29650,29850,29650,29850,203
2026-04-02 15:07:00,29700,29850,29700,29850,161
2026-04-02 15:08:00,29800,30000,29800,30000,1575
2026-04-02 15:09:00,30050,30050,29950,29950,356
2026-04-02 15:10:00,29950,30050,29950,29950,352
2026-04-02 15:11:00,29800,29800,29800,29800,2
2026-04-02 15:12:00,29850,29850,29850,29850,52
2026-04-02 15:13:00,29800,30050,29800,30050,501
2026-04-02 15:15:00,29900,29950,29850,29950,180
2026-04-02 15:16:00,29950,29950,29950,29950,30
2026-04-02 15:17:00,29900,29900,29900,29900,210
2026-04-02 15:18:00,29900,29950,29900,29950,100
2026-04-02 15:19:00,29900,30350,29750,30350,2039
2026-04-02 15:30:00,30000,30000,30000,30000,7556
2026-04-03 09:00:00,30650,31000,30650,30950,147
2026-04-03 09:01:00,30800,30900,30750,30850,983
2026-04-03 09:02:00,30900,31700,30500,30850,5701
2026-04-03 09:03:00,30850,31100,30850,31100,64
2026-04-03 09:04:00,31100,31650,31100,31600,739
2026-04-03 09:05:00,31250,31350,31100,31200,1373
2026-04-03 09:06:00,31200,31300,31200,31250,1070
2026-04-03 09:07:00,31250,31300,31250,31300,30
2026-04-03 09:08:00,31300,31600,31250,31250,829
2026-04-03 09:09:00,31550,31550,31350,31350,654
2026-04-03 09:10:00,31350,31350,31300,31300,670
2026-04-03 09:11:00,31300,31550,31100,31200,4505
2026-04-03 09:12:00,31200,31200,31000,31000,2427
2026-04-03 09:13:00,31050,31050,30900,31000,104
2026-04-03 09:14:00,31050,31200,30950,31200,1830
2026-04-03 09:15:00,31200,31250,31150,31250,508
2026-04-03 09:16:00,31200,31200,30850,30950,4256
2026-04-03 09:17:00,30950,30950,30900,30900,1500
2026-04-03 09:19:00,31100,31100,30800,30800,2162
2026-04-03 09:20:00,30750,30850,30750,30850,1563
2026-04-03 09:21:00,30750,30850,30750,30850,625
2026-04-03 09:22:00,30850,30850,30750,30750,22
2026-04-03 09:23:00,30900,30900,30700,30700,538
2026-04-03 09:24:00,30750,30750,30650,30650,1150
2026-04-03 09:25:00,30700,30700,30700,30700,59
2026-04-03 09:26:00,30700,30800,30700,30800,153
2026-04-03 09:27:00,30650,30800,30650,30800,102
2026-04-03 09:28:00,30800,30800,30800,30800,47
2026-04-03 09:29:00,30800,30800,30800,30800,201
2026-04-03 09:30:00,30800,30800,30750,30750,53
2026-04-03 09:31:00,30650,30650,30650,30650,124
2026-04-03 09:32:00,30700,30700,30700,30700,6
2026-04-03 09:33:00,30750,30750,30550,30550,192
2026-04-03 09:34:00,30550,30700,30350,30500,2044
2026-04-03 09:36:00,30500,30500,30500,30500,6
2026-04-03 09:37:00,30500,30500,30350,30500,18
2026-04-03 09:38:00,30450,30500,30450,30500,7
2026-04-03 09:40:00,30500,30500,30450,30500,67
2026-04-03 09:41:00,30450,30600,30450,30600,1181
2026-04-03 09:42:00,30600,30750,30600,30750,61
2026-04-03 09:43:00,30650,30650,30500,30500,684
2026-04-03 09:44:00,30600,30650,30600,30650,2
2026-04-03 09:45:00,30650,30800,30650,30800,445
2026-04-03 09:46:00,30800,30900,30800,30900,10
2026-04-03 09:47:00,30900,30900,30900,30900,122
2026-04-03 09:48:00,30900,30900,30900,30900,99
2026-04-03 09:49:00,30900,30900,30850,30900,407
2026-04-03 09:50:00,30900,30900,30900,30900,123
2026-04-03 09:51:00,30950,31000,30900,31000,68
2026-04-03 09:52:00,31000,31000,31000,31000,2
2026-04-03 09:53:00,31000,31050,31000,31050,156
2026-04-03 09:54:00,31050,31050,31000,31000,108
2026-04-03 09:55:00,31000,31150,30950,31150,738
2026-04-03 09:56:00,31150,31250,31150,31250,360
2026-04-03 09:57:00,31250,31250,31200,31250,991
2026-04-03 09:58:00,31250,31250,31250,31250,50
2026-04-03 09:59:00,31250,31250,31250,31250,178
2026-04-03 10:00:00,31250,31250,31150,31150,690
2026-04-03 10:01:00,31150,31200,31150,31150,62
2026-04-03 10:02:00,31100,31100,31050,31050,222
2026-04-03 10:03:00,31150,31150,31150,31150,1
2026-04-03 10:04:00,31050,31150,31000,31150,142
2026-04-03 10:05:00,31100,31100,30950,31000,539
2026-04-03 10:06:00,30900,30900,30850,30900,93
2026-04-03 10:07:00,30800,30900,30800,30900,9
2026-04-03 10:08:00,30900,30950,30900,30950,140
2026-04-03 10:09:00,30950,30950,30950,30950,30
2026-04-03 10:10:00,30950,30950,30950,30950,99
2026-04-03 10:11:00,31000,31000,30850,30850,177
2026-04-03 10:12:00,30850,30850,30750,30750,16
2026-04-03 10:13:00,30850,30850,30800,30800,70
2026-04-03 10:14:00,30750,30800,30650,30800,231
2026-04-03 10:15:00,30850,30850,30850,30850,62
2026-04-03 10:16:00,30850,30850,30800,30800,90
2026-04-03 10:17:00,30850,30850,30825,30850,71
2026-04-03 10:18:00,30850,30850,30550,30800,369
2026-04-03 10:20:00,30750,30750,30600,30600,125
2026-04-03 10:21:00,30800,30800,30750,30800,14
2026-04-03 10:22:00,30800,30800,30800,30800,3
2026-04-03 10:23:00,30800,30800,30750,30750,148
2026-04-03 10:24:00,30800,30850,30800,30850,123
2026-04-03 10:25:00,30800,30950,30800,30950,394
2026-04-03 10:26:00,30900,31000,30900,30950,592
2026-04-03 10:27:00,30950,31000,30950,31000,86
2026-04-03 10:28:00,31000,31150,31000,31150,146
2026-04-03 10:29:00,31000,31150,31000,31150,136
2026-04-03 10:30:00,31150,31150,30900,31000,751
2026-04-03 10:31:00,31000,31000,30850,30900,1313
2026-04-03 10:32:00,30950,31000,30950,31000,126
2026-04-03 10:33:00,30950,30950,30850,30950,1246
2026-04-03 10:34:00,30950,30950,30900,30900,191
2026-04-03 10:35:00,30950,31000,30850,30900,810
2026-04-03 10:36:00,30950,31000,30950,31000,84
2026-04-03 10:37:00,30950,31000,30950,31000,72
2026-04-03 10:38:00,31000,31000,30900,30900,215
2026-04-03 10:39:00,30950,30950,30950,30950,64
2026-04-03 10:40:00,30900,30950,30850,30900,157
2026-04-03 10:41:00,30900,30950,30900,30950,72
2026-04-03 10:42:00,30900,30950,30850,30950,155
2026-04-03 10:43:00,30950,30950,30950,30950,67
2026-04-03 10:44:00,30900,30900,30900,30900,50
2026-04-03 10:45:00,30900,30950,30750,30750,1034
2026-04-03 10:46:00,30700,30800,30700,30800,446
2026-04-03 10:47:00,30800,30850,30800,30850,89
2026-04-03 10:48:00,30850,30850,30850,30850,66
2026-04-03 10:49:00,30850,30900,30850,30900,25
2026-04-03 10:50:00,30900,30950,30900,30950,72
2026-04-03 10:51:00,30900,30900,30800,30800,429
2026-04-03 10:52:00,30825,30825,30750,30750,167
2026-04-03 10:53:00,30850,30850,30750,30750,80
2026-04-03 10:54:00,30700,30800,30650,30800,1021
2026-04-03 10:55:00,30800,30800,30800,30800,162
2026-04-03 10:56:00,30800,30800,30700,30800,107
2026-04-03 10:57:00,30700,30750,30650,30650,419
2026-04-03 10:58:00,30650,30650,30650,30650,10
2026-04-03 10:59:00,30650,30700,30650,30700,67
2026-04-03 11:00:00,30650,30700,30650,30650,232
2026-04-03 11:01:00,30700,30700,30400,30400,3285
2026-04-03 11:02:00,30500,30500,30500,30500,95
2026-04-03 11:03:00,30600,30600,30600,30600,1
2026-04-03 11:04:00,30650,30650,30650,30650,78
2026-04-03 11:05:00,30700,30750,30650,30650,254
2026-04-03 11:06:00,30600,30650,30550,30550,142
2026-04-03 11:07:00,30600,30600,30550,30550,67
2026-04-03 11:08:00,30600,30600,30550,30550,146
2026-04-03 11:09:00,30600,30600,30550,30550,19
2026-04-03 11:10:00,30650,30700,30650,30700,135
2026-04-03 11:12:00,30650,30700,30650,30700,140
2026-04-03 11:13:00,30700,30700,30650,30650,219
2026-04-03 11:14:00,30650,30650,30600,30600,79
2026-04-03 11:15:00,30650,30700,30600,30600,190
2026-04-03 11:16:00,30600,30600,30550,30550,71
2026-04-03 11:17:00,30550,30600,30550,30600,74
2026-04-03 11:18:00,30600,30650,30600,30650,12
2026-04-03 11:19:00,30600,30600,30400,30450,491
2026-04-03 11:20:00,30450,30550,30450,30550,171
2026-04-03 11:21:00,30550,30550,30550,30550,175
2026-04-03 11:22:00,30600,30600,30600,30600,59
2026-04-03 11:23:00,30650,30650,30650,30650,1
2026-04-03 11:24:00,30650,30700,30600,30700,170
2026-04-03 11:25:00,30600,30700,30500,30500,212
2026-04-03 11:26:00,30500,30650,30500,30650,434
2026-04-03 11:27:00,30500,30500,30500,30500,10
2026-04-03 11:28:00,30500,30550,30500,30550,85
2026-04-03 11:29:00,30550,30550,30500,30550,123
2026-04-03 11:30:00,30500,30550,30450,30500,193
2026-04-03 11:31:00,30500,30500,30350,30350,201
2026-04-03 11:32:00,30500,30500,30400,30400,124
2026-04-03 11:33:00,30350,30450,30300,30450,376
2026-04-03 11:34:00,30300,30350,30300,30300,244
2026-04-03 11:35:00,30350,30350,30300,30350,23
2026-04-03 11:36:00,30350,30350,30150,30300,2114
2026-04-03 11:37:00,30300,30300,30300,30300,8
2026-04-03 11:38:00,30250,30300,30250,30300,145
2026-04-03 11:39:00,30300,30300,30200,30250,162
2026-04-03 11:40:00,30300,30400,30300,30400,780
2026-04-03 11:41:00,30500,30500,30450,30450,176
2026-04-03 11:42:00,30450,30450,30400,30400,135
2026-04-03 11:43:00,30350,30350,30350,30350,64
2026-04-03 11:44:00,30350,30350,30350,30350,146
2026-04-03 11:45:00,30500,30500,30350,30350,142
2026-04-03 11:46:00,30400,30400,30300,30300,261
2026-04-03 11:47:00,30400,30400,30400,30400,23
2026-04-03 11:48:00,30350,30400,30250,30250,608
2026-04-03 11:49:00,30250,30300,30250,30300,576
2026-04-03 11:50:00,30300,30300,30250,30300,97
2026-04-03 11:51:00,30250,30350,30250,30350,325
2026-04-03 11:52:00,30350,30500,30350,30500,78
2026-04-03 11:53:00,30500,30500,30400,30450,108
2026-04-03 11:54:00,30400,30450,30400,30450,68
2026-04-03 11:55:00,30400,30450,30350,30450,395
2026-04-03 11:56:00,30450,30450,30400,30400,92
2026-04-03 11:57:00,30450,30500,30450,30500,781
2026-04-03 11:58:00,30500,30550,30450,30550,124
2026-04-03 11:59:00,30550,30550,30500,30550,19
2026-04-03 12:00:00,30550,30550,30500,30500,144
2026-04-03 12:01:00,30500,30550,30500,30550,27
2026-04-03 12:02:00,30550,30550,30500,30500,111
2026-04-03 12:03:00,30550,30550,30550,30550,64
2026-04-03 12:04:00,30550,30550,30500,30550,82
2026-04-03 12:05:00,30500,30850,30500,30700,201
2026-04-03 12:06:00,30600,30600,30550,30550,16
2026-04-03 12:07:00,30600,30650,30550,30550,81
2026-04-03 12:08:00,30650,30650,30500,30500,64
2026-04-03 12:09:00,30600,30600,30600,30600,61
2026-04-03 12:10:00,30550,30600,30550,30600,73
2026-04-03 12:11:00,30600,30600,30600,30600,30
2026-04-03 12:12:00,30550,30650,30550,30650,151
2026-04-03 12:13:00,30600,30600,30600,30600,17
2026-04-03 12:14:00,30600,30600,30600,30600,68
2026-04-03 12:15:00,30600,30600,30600,30600,63
2026-04-03 12:16:00,30650,30650,30650,30650,121
2026-04-03 12:17:00,30650,30700,30650,30700,117
2026-04-03 12:18:00,30650,30650,30600,30600,75
2026-04-03 12:19:00,30650,30650,30550,30550,79
2026-04-03 12:20:00,30700,30750,30700,30750,11
2026-04-03 12:21:00,30650,30700,30650,30700,150
2026-04-03 12:22:00,30750,30750,30700,30700,61
2026-04-03 12:23:00,30700,30700,30700,30700,7
2026-04-03 12:24:00,30700,30700,30650,30650,96
2026-04-03 12:25:00,30650,30700,30650,30700,62
2026-04-03 12:26:00,30700,30700,30650,30650,67
2026-04-03 12:27:00,30650,30700,30650,30700,79
2026-04-03 12:28:00,30650,30650,30650,30650,73
2026-04-03 12:29:00,30650,30650,30600,30600,114
2026-04-03 12:30:00,30600,30650,30600,30650,7
2026-04-03 12:31:00,30650,30650,30600,30650,136
2026-04-03 12:32:00,30650,30650,30650,30650,121
2026-04-03 12:33:00,30650,30650,30600,30600,174
2026-04-03 12:34:00,30700,30700,30650,30650,95
2026-04-03 12:35:00,30650,30700,30650,30650,16
2026-04-03 12:36:00,30650,30700,30650,30700,66
2026-04-03 12:37:00,30700,30700,30600,30650,143
2026-04-03 12:38:00,30700,30700,30650,30700,59
2026-04-03 12:39:00,30650,30650,30600,30600,84
2026-04-03 12:40:00,30650,30650,30550,30550,121
2026-04-03 12:41:00,30600,30600,30600,30600,73
2026-04-03 12:42:00,30600,30600,30450,30450,403
2026-04-03 12:43:00,30650,30650,30500,30550,130
2026-04-03 12:44:00,30600,30600,30550,30550,80
2026-04-03 12:45:00,30600,30650,30600,30650,117
2026-04-03 12:46:00,30600,30600,30600,30600,64
2026-04-03 12:47:00,30600,30600,30600,30600,12
2026-04-03 12:48:00,30600,30600,30500,30500,95
2026-04-03 12:49:00,30450,30450,30450,30450,433
2026-04-03 12:50:00,30550,30550,30550,30550,2
2026-04-03 12:51:00,30500,30550,30500,30550,76
2026-04-03 12:52:00,30500,30550,30500,30550,123
2026-04-03 12:53:00,30550,30650,30550,30600,120
2026-04-03 12:54:00,30650,30650,30600,30600,68
2026-04-03 12:55:00,30600,30600,30500,30500,113
2026-04-03 12:56:00,30600,30600,30550,30550,74
2026-04-03 12:57:00,30500,30600,30500,30550,686
2026-04-03 12:58:00,30550,30600,30550,30600,108
2026-04-03 13:00:00,30650,30650,30500,30500,249
2026-04-03 13:01:00,30500,30500,30500,30500,215
2026-04-03 13:02:00,30600,30650,30600,30650,12
2026-04-03 13:03:00,30650,30650,30600,30600,10
2026-04-03 13:04:00,30550,30550,30500,30500,1311
2026-04-03 13:05:00,30550,30550,30550,30550,100
2026-04-03 13:06:00,30550,30550,30550,30550,80
2026-04-03 13:07:00,30600,30600,30600,30600,8
2026-04-03 13:08:00,30550,30550,30500,30550,195
2026-04-03 13:09:00,30550,30600,30500,30600,20
2026-04-03 13:10:00,30600,30600,30500,30500,102
2026-04-03 13:11:00,30550,30550,30550,30550,99
2026-04-03 13:12:00,30550,30550,30450,30550,224
2026-04-03 13:13:00,30550,30550,30550,30550,2
2026-04-03 13:14:00,30500,30500,30450,30450,31
2026-04-03 13:15:00,30550,30550,30400,30450,322
2026-04-03 13:17:00,30500,30500,30500,30500,14
2026-04-03 13:18:00,30450,30450,30450,30450,16
2026-04-03 13:19:00,30450,30500,30450,30500,6
2026-04-03 13:20:00,30450,30500,30450,30500,20
2026-04-03 13:21:00,30500,30500,30500,30500,41
2026-04-03 13:23:00,30450,30450,30250,30300,1081
2026-04-03 13:25:00,30250,30300,30200,30200,169
2026-04-03 13:26:00,30300,30300,30250,30250,16
2026-04-03 13:27:00,30200,30200,30200,30200,70
2026-04-03 13:28:00,30250,30250,30150,30150,22
2026-04-03 13:29:00,30300,30300,30150,30150,207
2026-04-03 13:30:00,30250,30250,30250,30250,7
2026-04-03 13:31:00,30200,30250,30200,30250,11
2026-04-03 13:32:00,30250,30300,30250,30300,385
2026-04-03 13:33:00,30300,30300,30300,30300,20
2026-04-03 13:34:00,30300,30300,30300,30300,63
2026-04-03 13:35:00,30250,30250,30200,30200,198
2026-04-03 13:36:00,30300,30300,30300,30300,1
2026-04-03 13:37:00,30300,30350,30250,30300,48
2026-04-03 13:38:00,30200,30200,30200,30200,155
2026-04-03 13:39:00,30250,30250,30150,30150,430
2026-04-03 13:40:00,30100,30200,30100,30200,311
2026-04-03 13:41:00,30200,30200,30150,30200,19
2026-04-03 13:42:00,30200,30300,30200,30200,117
2026-04-03 13:43:00,30200,30200,30200,30200,161
2026-04-03 13:44:00,30200,30300,30150,30300,18
2026-04-03 13:45:00,30200,30200,30100,30150,402
2026-04-03 13:46:00,30200,30300,30150,30300,557
2026-04-03 13:47:00,30300,30300,30300,30300,139
2026-04-03 13:48:00,30300,30300,30100,30150,175
2026-04-03 13:49:00,30200,30250,30100,30200,563
2026-04-03 13:50:00,30150,30150,30100,30100,17
2026-04-03 13:51:00,30200,30250,30200,30250,50
2026-04-03 13:52:00,30150,30250,30150,30250,11
2026-04-03 13:53:00,30250,30250,30150,30200,103
2026-04-03 13:54:00,30150,30150,30150,30150,9
2026-04-03 13:56:00,30200,30200,30200,30200,9
2026-04-03 13:57:00,30200,30200,30200,30200,18
2026-04-03 13:58:00,30200,30200,30175,30200,13
2026-04-03 13:59:00,30200,30300,30200,30300,90
2026-04-03 14:00:00,30350,30350,30250,30250,10
2026-04-03 14:01:00,30200,30200,30200,30200,105
2026-04-03 14:02:00,30200,30200,30150,30150,14
2026-04-03 14:03:00,30200,30300,30150,30250,116
2026-04-03 14:04:00,30250,30250,30100,30150,210
2026-04-03 14:05:00,30100,30200,30100,30200,515
2026-04-03 14:06:00,30150,30150,30150,30150,9
2026-04-03 14:07:00,30200,30200,30150,30150,16
2026-04-03 14:08:00,30200,30200,30150,30150,35
2026-04-03 14:09:00,30150,30150,30150,30150,9
2026-04-03 14:10:00,30150,30150,30100,30100,25
2026-04-03 14:11:00,30150,30150,30100,30150,1155
2026-04-03 14:12:00,30050,30100,30050,30050,179
2026-04-03 14:13:00,30050,30050,30000,30050,14
2026-04-03 14:14:00,30150,30150,30000,30050,5719
2026-04-03 14:15:00,30050,30150,30050,30150,240
2026-04-03 14:16:00,30100,30100,30100,30100,3
2026-04-03 14:17:00,30100,30250,30100,30250,119
2026-04-03 14:18:00,30250,30250,30050,30050,13
2026-04-03 14:20:00,30100,30150,30100,30150,15
2026-04-03 14:21:00,30150,30200,30150,30200,7
2026-04-03 14:22:00,30150,30200,30050,30200,65
2026-04-03 14:23:00,30200,30200,30150,30150,166
2026-04-03 14:24:00,30100,30100,30100,30100,48
2026-04-03 14:25:00,30100,30100,30050,30050,182
2026-04-03 14:26:00,30000,30100,30000,30100,140
2026-04-03 14:27:00,30100,30100,30100,30100,134
2026-04-03 14:28:00,30100,30100,30100,30100,8
2026-04-03 14:29:00,30100,30150,30100,30150,269
2026-04-03 14:30:00,30100,30150,30100,30150,3
2026-04-03 14:31:00,30150,30150,30150,30150,43
2026-04-03 14:32:00,30150,30200,30150,30200,35
2026-04-03 14:33:00,30150,30200,30150,30200,150
2026-04-03 14:34:00,30200,30200,30200,30200,33
2026-04-03 14:35:00,30200,30200,30200,30200,44
2026-04-03 14:36:00,30200,30200,30200,30200,9
2026-04-03 14:37:00,30200,30350,30050,30350,2004
2026-04-03 14:38:00,30350,30350,30250,30250,44
2026-04-03 14:39:00,30200,30250,30200,30250,40
2026-04-03 14:40:00,30200,30200,30150,30200,317
2026-04-03 14:41:00,30150,30150,30150,30150,8
2026-04-03 14:42:00,30150,30150,30150,30150,9
2026-04-03 14:43:00,30200,30200,30200,30200,2
2026-04-03 14:44:00,30200,30200,30150,30150,116
2026-04-03 14:45:00,30100,30200,30100,30100,102
2026-04-03 14:46:00,30200,30250,30200,30250,219
2026-04-03 14:47:00,30250,30250,30200,30250,569
2026-04-03 14:48:00,30250,30300,30250,30300,29
2026-04-03 14:49:00,30250,30300,30250,30300,77
2026-04-03 14:50:00,30250,30300,30250,30300,33
2026-04-03 14:51:00,30200,30200,30200,30200,28
2026-04-03 14:52:00,30200,30450,30200,30450,452
2026-04-03 14:53:00,30400,30400,30300,30350,29
2026-04-03 14:54:00,30250,30250,29750,30150,2238
2026-04-03 14:55:00,30150,30150,30100,30100,128
2026-04-03 14:56:00,30200,30300,30200,30300,65
2026-04-03 14:58:00,30200,30300,30200,30250,25
2026-04-03 14:59:00,30200,30250,30200,30250,256
2026-04-03 15:00:00,30200,30300,30200,30300,321
2026-04-03 15:01:00,30300,30300,30250,30250,590
2026-04-03 15:02:00,30250,30250,30250,30250,20
2026-04-03 15:03:00,30250,30250,30250,30250,23
2026-04-03 15:04:00,30250,30300,30200,30300,2241
2026-04-03 15:05:00,30300,30300,30150,30300,42
2026-04-03 15:06:00,30200,30300,30150,30250,203
2026-04-03 15:07:00,30250,30300,30200,30300,1361
2026-04-03 15:08:00,30300,30300,30200,30300,528
2026-04-03 15:09:00,30300,30300,30275,30275,43
2026-04-03 15:10:00,30275,30275,30250,30250,45
2026-04-03 15:11:00,30250,30250,30250,30250,14
2026-04-03 15:12:00,30250,30300,30250,30250,130
2026-04-03 15:13:00,30250,30300,30250,30300,79
2026-04-03 15:14:00,30300,30300,30300,30300,67
2026-04-03 15:15:00,30300,30300,30200,30300,75
2026-04-03 15:16:00,30200,30200,30200,30200,210
2026-04-03 15:17:00,30200,30250,30050,30100,1215
2026-04-03 15:18:00,30000,30050,30000,30050,315
2026-04-03 15:19:00,30050,30100,30050,30050,226
2026-04-03 15:30:00,30000,30000,30000,30000,2485
2026-04-03 15:35:00,30000,30000,30000,30000,30
2026-04-06 09:00:00,29900,29950,29500,29550,1837
2026-04-06 09:01:00,29600,30000,29500,30000,423
2026-04-06 09:02:00,30050,30050,30050,30050,42
2026-04-06 09:03:00,30050,30100,29650,29650,676
2026-04-06 09:04:00,29800,29950,29550,29700,523
2026-04-06 09:05:00,29700,29700,28850,29300,2624
2026-04-06 09:06:00,29400,29550,29300,29450,1274
2026-04-06 09:07:00,29400,29600,29400,29500,3616
2026-04-06 09:08:00,29500,29650,29300,29650,4635
2026-04-06 09:09:00,29650,29700,29650,29700,192
2026-04-06 09:10:00,30050,30100,29900,29900,779
2026-04-06 09:11:00,29900,30050,29900,30050,35
2026-04-06 09:12:00,30050,30250,29900,29900,956
2026-04-06 09:13:00,30050,30250,30050,30200,131
2026-04-06 09:14:00,30100,30100,29950,30000,247
2026-04-06 09:16:00,30150,30150,29850,29900,804
2026-04-06 09:17:00,29900,29900,29800,29800,234
2026-04-06 09:18:00,29850,29850,29850,29850,28
2026-04-06 09:19:00,29850,29850,29850,29850,120
2026-04-06 09:20:00,29850,29850,29850,29850,7
2026-04-06 09:21:00,29800,29800,29650,29800,107
2026-04-06 09:22:00,29800,29850,29450,29500,4135
2026-04-06 09:23:00,29600,29650,29500,29650,88
2026-04-06 09:24:00,29650,29700,29500,29600,284
2026-04-06 09:25:00,29600,29600,29450,29450,387
2026-04-06 09:26:00,29500,29600,29400,29600,132
2026-04-06 09:27:00,29600,29600,29450,29600,96
2026-04-06 09:28:00,29600,29600,28500,28650,23781
2026-04-06 09:29:00,28650,29200,28400,29050,15702
2026-04-06 09:30:00,29050,29200,28900,29200,1394
2026-04-06 09:31:00,29200,29200,29050,29150,764
2026-04-06 09:32:00,29150,29400,29150,29400,514
2026-04-06 09:33:00,29350,29350,29100,29200,220
2026-04-06 09:34:00,29200,29300,29200,29300,109
2026-04-06 09:35:00,29300,29350,29250,29350,312
2026-04-06 09:36:00,29350,29350,29050,29350,1948
2026-04-06 09:37:00,29350,29350,29150,29350,140
2026-04-06 09:38:00,29350,29400,29350,29400,79
2026-04-06 09:39:00,29400,29400,29200,29250,319
2026-04-06 09:40:00,29350,29350,29200,29350,122
2026-04-06 09:41:00,29350,29400,29150,29400,408
2026-04-06 09:42:00,29300,29400,29000,29400,683
2026-04-06 09:43:00,29400,29500,29350,29500,405
2026-04-06 09:44:00,29500,29500,29400,29500,229
2026-04-06 09:45:00,29500,29550,29450,29550,125
2026-04-06 09:46:00,29550,29550,29450,29550,139
2026-04-06 09:47:00,29550,29550,29400,29450,322
2026-04-06 09:48:00,29450,29550,29450,29550,57
2026-04-06 09:49:00,29550,29550,29400,29450,177
2026-04-06 09:50:00,29450,29550,29300,29350,1422
2026-04-06 09:51:00,29350,29450,29350,29450,967
2026-04-06 09:52:00,29450,29600,29400,29600,1250
2026-04-06 09:53:00,29600,29650,29550,29650,59
2026-04-06 09:54:00,29650,29750,29600,29750,783
2026-04-06 09:55:00,29650,29700,29650,29650,119
2026-04-06 09:56:00,29650,29650,29600,29650,212
2026-04-06 09:57:00,29650,29650,29550,29650,50
2026-04-06 09:58:00,29650,29650,29600,29650,41
2026-04-06 09:59:00,29650,29750,29650,29750,533
2026-04-06 10:00:00,29750,29850,29750,29750,257
2026-04-06 10:01:00,29800,29800,29650,29650,329
2026-04-06 10:02:00,29650,29650,29650,29650,63
2026-04-06 10:03:00,29650,29650,29650,29650,90
2026-04-06 10:04:00,29650,29650,29650,29650,1
2026-04-06 10:05:00,29650,29700,29550,29650,225
2026-04-06 10:06:00,29650,29650,29500,29500,457
2026-04-06 10:07:00,29600,29600,29300,29300,277
2026-04-06 10:08:00,29450,29650,29450,29650,35
2026-04-06 10:09:00,29650,29650,29400,29400,13
2026-04-06 10:10:00,29650,29650,29650,29650,34
2026-04-06 10:11:00,29650,29650,29650,29650,1
2026-04-06 10:13:00,29500,29550,29450,29550,129
2026-04-06 10:14:00,29550,29550,29400,29450,84
2026-04-06 10:15:00,29450,29450,29350,29450,132
2026-04-06 10:16:00,29450,29450,29450,29450,161
2026-04-06 10:17:00,29450,29450,29450,29450,34
2026-04-06 10:18:00,29400,29400,29400,29400,5
2026-04-06 10:19:00,29450,29450,29300,29300,37
2026-04-06 10:20:00,29300,29350,29300,29350,72
2026-04-06 10:21:00,29350,29400,29350,29400,2
2026-04-06 10:22:00,29400,29400,29400,29400,2
2026-04-06 10:24:00,29350,29450,29350,29450,39
2026-04-06 10:26:00,29300,29400,29250,29400,251
2026-04-06 10:27:00,29400,29400,29400,29400,5
2026-04-06 10:28:00,29300,29300,29300,29300,25
2026-04-06 10:29:00,29400,29400,29350,29350,7
2026-04-06 10:30:00,29300,29300,29300,29300,36
2026-04-06 10:31:00,29300,29350,29250,29350,285
2026-04-06 10:32:00,29200,29200,28950,29000,6702
2026-04-06 10:33:00,29150,29150,29000,29000,43
2026-04-06 10:34:00,29000,29100,29000,29000,164
2026-04-06 10:35:00,29050,29050,28900,28900,666
2026-04-06 10:36:00,29050,29050,29050,29050,2
2026-04-06 10:37:00,29050,29050,28900,29050,16
2026-04-06 10:38:00,29050,29050,28950,29050,364
2026-04-06 10:39:00,29050,29100,29000,29100,196
2026-04-06 10:40:00,28950,29050,28900,29000,1847
2026-04-06 10:41:00,29000,29050,28950,29050,268
2026-04-06 10:42:00,29050,29050,29000,29050,73
2026-04-06 10:43:00,29050,29050,29000,29050,771
2026-04-06 10:44:00,29050,29050,29000,29050,521
2026-04-06 10:45:00,29050,29050,29000,29050,181
2026-04-06 10:46:00,29050,29050,29000,29000,272
2026-04-06 10:47:00,29000,29000,28850,28950,1223
2026-04-06 10:48:00,28950,28950,28800,28950,430
2026-04-06 10:49:00,28850,28950,28700,28850,638
2026-04-06 10:50:00,28850,28950,28750,28950,891
2026-04-06 10:51:00,28900,28950,28850,28950,131
2026-04-06 10:52:00,28850,28950,28850,28900,192
2026-04-06 10:53:00,28850,28850,28750,28850,199
2026-04-06 10:54:00,28850,28850,28800,28800,242
2026-04-06 10:55:00,28800,28900,28800,28800,46
2026-04-06 10:56:00,28800,28850,28750,28750,256
2026-04-06 10:57:00,28750,28850,28650,28700,1478
2026-04-06 10:58:00,28700,28800,28600,28800,476
2026-04-06 10:59:00,28750,28850,28750,28800,487
2026-04-06 11:00:00,28800,28900,28750,28800,722
2026-04-06 11:01:00,28800,28850,28750,28800,306
2026-04-06 11:02:00,28850,28850,28700,28750,488
2026-04-06 11:03:00,28750,28750,28750,28750,65
2026-04-06 11:04:00,28800,28800,28750,28800,443
2026-04-06 11:05:00,28800,28800,28650,28650,1684
2026-04-06 11:06:00,28700,28700,28700,28700,44
2026-04-06 11:07:00,28700,28900,28700,28900,673
2026-04-06 11:08:00,28700,28850,28550,28850,1574
2026-04-06 11:09:00,28850,29000,28850,29000,326
2026-04-06 11:10:00,29000,29200,28950,29100,165
2026-04-06 11:11:00,29150,29150,29050,29100,152
2026-04-06 11:12:00,29150,29200,29150,29200,44
2026-04-06 11:14:00,29200,29200,29100,29150,215
2026-04-06 11:15:00,29100,29100,29100,29100,34
2026-04-06 11:17:00,29050,29050,29050,29050,1
2026-04-06 11:18:00,29050,29350,29050,29350,805
2026-04-06 11:19:00,29300,29400,29300,29400,141
2026-04-06 11:20:00,29400,29400,29300,29350,61
2026-04-06 11:21:00,29350,29350,29300,29300,49
2026-04-06 11:22:00,29300,29300,29250,29250,37
2026-04-06 11:23:00,29250,29250,29200,29250,129
2026-04-06 11:25:00,29250,29250,29200,29250,69
2026-04-06 11:27:00,29200,29200,29150,29150,14
2026-04-06 11:28:00,29200,29200,29200,29200,29
2026-04-06 11:29:00,29200,29250,29200,29200,156
2026-04-06 11:30:00,29250,29250,29200,29250,7
2026-04-06 11:31:00,29200,29200,29200,29200,2
2026-04-06 11:32:00,29200,29200,29200,29200,29
2026-04-06 11:33:00,29200,29200,29100,29100,60
2026-04-06 11:35:00,29150,29150,29150,29150,8
2026-04-06 11:36:00,29150,29150,29100,29100,31
2026-04-06 11:37:00,29050,29100,29050,29100,169
2026-04-06 11:38:00,29100,29100,29100,29100,38
2026-04-06 11:39:00,29100,29100,28975,29000,175
2026-04-06 11:40:00,29000,29000,29000,29000,16
2026-04-06 11:41:00,29000,29000,28900,28950,202
2026-04-06 11:42:00,28950,29000,28950,29000,13
2026-04-06 11:43:00,29000,29000,28950,28950,60
2026-04-06 11:44:00,28950,29000,28900,29000,98
2026-04-06 11:45:00,29000,29000,29000,29000,8
2026-04-06 11:46:00,28950,29000,28950,29000,29
2026-04-06 11:47:00,29000,29000,28950,28950,180
2026-04-06 11:48:00,29000,29000,29000,29000,17
2026-04-06 11:49:00,29000,29000,28950,29000,62
2026-04-06 11:50:00,29000,29000,28900,29000,173
2026-04-06 11:51:00,29000,29000,29000,29000,3
2026-04-06 11:52:00,28950,29000,28950,28950,47
2026-04-06 11:53:00,29050,29150,28950,29150,350
2026-04-06 11:55:00,28950,28950,28950,28950,58
2026-04-06 11:57:00,29050,29050,29050,29050,6
2026-04-06 11:58:00,29000,29000,28900,29000,437
2026-04-06 11:59:00,28950,29000,28950,29000,46
2026-04-06 12:00:00,29000,29000,29000,29000,56
2026-04-06 12:01:00,29000,29000,29000,29000,4
2026-04-06 12:02:00,29000,29000,28800,28850,1071
2026-04-06 12:03:00,28850,28850,28850,28850,17
2026-04-06 12:04:00,28850,28850,28750,28800,581
2026-04-06 12:06:00,28800,28800,28800,28800,29
2026-04-06 12:07:00,28850,28850,28850,28850,3
2026-04-06 12:08:00,28800,28800,28750,28750,115
2026-04-06 12:09:00,28750,28750,28750,28750,9
2026-04-06 12:10:00,28800,28850,28800,28850,236
2026-04-06 12:12:00,28750,28850,28750,28800,255
2026-04-06 12:14:00,28800,28800,28700,28750,273
2026-04-06 12:15:00,28750,28800,28750,28800,260
2026-04-06 12:16:00,28800,28800,28800,28800,17
2026-04-06 12:17:00,28750,28750,28750,28750,215
2026-04-06 12:19:00,28750,28800,28700,28700,582
2026-04-06 12:20:00,28700,28750,28650,28650,1123
2026-04-06 12:21:00,28650,28800,28650,28800,33
2026-04-06 12:22:00,28700,28700,28700,28700,29
2026-04-06 12:23:00,28650,28650,28650,28650,679
2026-04-06 12:24:00,28650,28650,28650,28650,57
2026-04-06 12:25:00,28700,28700,28700,28700,29
2026-04-06 12:26:00,28700,28700,28700,28700,3
2026-04-06 12:27:00,28700,28700,28700,28700,16
2026-04-06 12:28:00,28700,28800,28700,28800,1315
2026-04-06 12:29:00,28800,28800,28800,28800,5
2026-04-06 12:30:00,28775,28775,28700,28750,197
2026-04-06 12:31:00,28750,28750,28700,28700,86
2026-04-06 12:32:00,28700,28700,28700,28700,6
2026-04-06 12:33:00,28700,28700,28700,28700,24
2026-04-06 12:34:00,28700,28700,28700,28700,64
2026-04-06 12:35:00,28700,28700,28600,28700,1374
2026-04-06 12:36:00,28650,28650,28600,28600,1340
2026-04-06 12:37:00,28600,28600,28600,28600,62
2026-04-06 12:38:00,28650,28650,28600,28600,64
2026-04-06 12:39:00,28650,28650,28600,28600,149
2026-04-06 12:40:00,28550,28600,28450,28550,3082
2026-04-06 12:42:00,28600,28600,28550,28550,181
2026-04-06 12:43:00,28550,28550,28550,28550,9
2026-04-06 12:44:00,28550,28550,28550,28550,13
2026-04-06 12:45:00,28550,28550,28550,28550,372
2026-04-06 12:46:00,28550,28550,28550,28550,1
2026-04-06 12:47:00,28550,28550,28550,28550,15
2026-04-06 12:48:00,28600,28600,28450,28500,613
2026-04-06 12:49:00,28500,28500,28500,28500,361
2026-04-06 12:50:00,28500,28750,28500,28750,1556
2026-04-06 12:51:00,28600,28750,28550,28750,243
2026-04-06 12:53:00,28600,28750,28500,28500,294
2026-04-06 12:54:00,28550,28550,28550,28550,74
2026-04-06 12:55:00,28600,28600,28550,28600,106
2026-04-06 12:56:00,28600,28600,28600,28600,40
2026-04-06 12:57:00,28700,28700,28500,28550,906
2026-04-06 12:58:00,28650,28650,28650,28650,12
2026-04-06 12:59:00,28650,28650,28650,28650,7
2026-04-06 13:00:00,28600,28650,28550,28650,106
2026-04-06 13:01:00,28650,28650,28550,28600,314
2026-04-06 13:02:00,28600,28600,28600,28600,79
2026-04-06 13:03:00,28650,28650,28650,28650,39
2026-04-06 13:05:00,28650,28650,28650,28650,34
2026-04-06 13:06:00,28600,28600,28600,28600,166
2026-04-06 13:07:00,28550,28600,28550,28600,123
2026-04-06 13:09:00,28600,28600,28600,28600,33
2026-04-06 13:10:00,28550,28550,28550,28550,176
2026-04-06 13:11:00,28650,28650,28650,28650,7
2026-04-06 13:12:00,28500,28550,28500,28550,147
2026-04-06 13:13:00,28600,28600,28500,28500,171
2026-04-06 13:14:00,28500,28500,28500,28500,89
2026-04-06 13:15:00,28500,28550,28500,28550,33
2026-04-06 13:16:00,28450,28500,28450,28500,67
2026-04-06 13:17:00,28450,28550,28400,28550,1629
2026-04-06 13:18:00,28500,28500,28500,28500,127
2026-04-06 13:19:00,28475,28475,28450,28450,59
2026-04-06 13:20:00,28450,28450,28400,28450,546
2026-04-06 13:22:00,28450,28550,28450,28500,221
2026-04-06 13:23:00,28600,28600,28550,28600,12
2026-04-06 13:24:00,28600,28700,28550,28700,306
2026-04-06 13:25:00,28550,28650,28500,28550,243
2026-04-06 13:26:00,28500,28550,28500,28550,50
2026-04-06 13:27:00,28550,28550,28550,28550,11
2026-04-06 13:28:00,28550,28550,28500,28500,67
2026-04-06 13:29:00,28550,28550,28550,28550,35
2026-04-06 13:30:00,28550,28550,28550,28550,1
2026-04-06 13:31:00,28550,28550,28500,28550,157
2026-04-06 13:32:00,28550,28550,28550,28550,49
2026-04-06 13:33:00,28550,28550,28550,28550,10
2026-04-06 13:34:00,28550,28550,28450,28550,674
2026-04-06 13:35:00,28700,28700,28550,28550,127
2026-04-06 13:36:00,28550,28550,28550,28550,330
2026-04-06 13:37:00,28550,28550,28300,28400,1513
2026-04-06 13:38:00,28650,28650,28650,28650,48
2026-04-06 13:39:00,28650,28650,28650,28650,1
2026-04-06 13:42:00,28600,28600,28600,28600,30
2026-04-06 13:43:00,28600,28700,28600,28650,774
2026-04-06 13:44:00,28650,28650,28650,28650,12
2026-04-06 13:45:00,28650,28700,28650,28650,84
2026-04-06 13:46:00,28650,28650,28650,28650,5
2026-04-06 13:47:00,28650,28650,28600,28650,113
2026-04-06 13:48:00,28700,28700,28700,28700,110
2026-04-06 13:49:00,28650,28650,28650,28650,29
2026-04-06 13:51:00,28650,28650,28600,28600,106
2026-04-06 13:52:00,28600,28700,28600,28700,37
2026-04-06 13:54:00,28600,28600,28600,28600,24
2026-04-06 13:55:00,28550,28550,28550,28550,165
2026-04-06 13:56:00,28500,28500,28500,28500,200
2026-04-06 13:57:00,28700,28700,28700,28700,7
2026-04-06 13:58:00,28550,28550,28550,28550,6
2026-04-06 13:59:00,28550,28550,28450,28450,589
2026-04-06 14:00:00,28450,28450,28450,28450,26
2026-04-06 14:01:00,28450,28450,28450,28450,24
2026-04-06 14:03:00,28500,28500,28500,28500,29
2026-04-06 14:04:00,28450,28450,28450,28450,70
2026-04-06 14:05:00,28550,28550,28550,28550,29
2026-04-06 14:07:00,28550,28550,28550,28550,23
2026-04-06 14:08:00,28550,28600,28500,28600,334
2026-04-06 14:09:00,28500,28500,28400,28400,1417
2026-04-06 14:11:00,28550,28550,28550,28550,29
2026-04-06 14:12:00,28500,28550,28500,28550,105
2026-04-06 14:13:00,28550,28550,28550,28550,6
2026-04-06 14:14:00,28500,28500,28450,28450,808
2026-04-06 14:15:00,28450,28450,28450,28450,29
2026-04-06 14:16:00,28450,28450,28400,28400,250
2026-04-06 14:17:00,28450,28450,28450,28450,105
2026-04-06 14:19:00,28450,28500,28450,28500,1044
2026-04-06 14:21:00,28550,28550,28450,28450,1189
2026-04-06 14:22:00,28450,28500,28450,28500,30
2026-04-06 14:23:00,28450,28450,28450,28450,168
2026-04-06 14:24:00,28500,28500,28400,28400,114
2026-04-06 14:25:00,28500,28500,28500,28500,33
2026-04-06 14:26:00,28450,28450,28450,28450,77
2026-04-06 14:27:00,28450,28450,28450,28450,32
2026-04-06 14:28:00,28450,28500,28450,28450,189
2026-04-06 14:29:00,28450,28500,28450,28500,84
2026-04-06 14:30:00,28400,28450,28400,28450,678
2026-04-06 14:31:00,28500,28500,28500,28500,53
2026-04-06 14:32:00,28450,28450,28450,28450,29
2026-04-06 14:33:00,28400,28400,28350,28350,89
2026-04-06 14:34:00,28350,28450,28350,28400,91
2026-04-06 14:35:00,28350,28400,28350,28400,227
2026-04-06 14:36:00,28400,28500,28400,28500,545
2026-04-06 14:38:00,28550,28550,28550,28550,34
2026-04-06 14:39:00,28450,28450,28450,28450,29
2026-04-06 14:40:00,28500,28500,28400,28400,140
2026-04-06 14:41:00,28400,28400,28350,28350,521
2026-04-06 14:42:00,28400,28400,28400,28400,70
2026-04-06 14:43:00,28400,28400,28400,28400,6
2026-04-06 14:44:00,28400,28400,28350,28350,62
2026-04-06 14:46:00,28400,28450,28400,28450,84
2026-04-06 14:47:00,28450,28450,28350,28350,79
2026-04-06 14:48:00,28350,28400,28350,28400,59
2026-04-06 14:49:00,28400,28400,28250,28250,2238
2026-04-06 14:50:00,28350,28350,28300,28300,85
2026-04-06 14:51:00,28350,28350,28350,28350,21
2026-04-06 14:52:00,28300,28350,28300,28350,56
2026-04-06 14:53:00,28300,28300,28250,28250,464
2026-04-06 14:54:00,28350,28450,28350,28450,996
2026-04-06 14:56:00,28550,28550,28400,28400,2
2026-04-06 14:57:00,28400,28450,28400,28450,15
2026-04-06 14:58:00,28450,28550,28450,28450,184
2026-04-06 14:59:00,28500,28500,28500,28500,34
2026-04-06 15:00:00,28450,28500,28300,28350,3941
2026-04-06 15:01:00,28375,28375,28375,28375,76
2026-04-06 15:02:00,28350,28400,28350,28350,57
2026-04-06 15:03:00,28350,28400,28300,28400,201
2026-04-06 15:04:00,28400,28400,28400,28400,353
2026-04-06 15:05:00,28500,28500,28500,28500,2
2026-04-06 15:06:00,28425,28450,28350,28450,73
2026-04-06 15:07:00,28450,28450,28450,28450,4
2026-04-06 15:08:00,28450,28450,28400,28400,23
2026-04-06 15:09:00,28400,28450,28350,28350,104
2026-04-06 15:10:00,28350,28450,28350,28450,6
2026-04-06 15:11:00,28450,28450,28350,28450,134
2026-04-06 15:12:00,28450,28450,28350,28450,83
2026-04-06 15:13:00,28400,28450,28400,28450,72
2026-04-06 15:14:00,28450,28600,28450,28550,235
2026-04-06 15:15:00,28550,28550,28350,28400,208
2026-04-06 15:17:00,28350,28500,28350,28500,509
2026-04-06 15:18:00,28500,28500,28300,28450,1493
2026-04-06 15:19:00,28400,28500,28300,28300,676
2026-04-06 15:30:00,28400,28400,28400,28400,1487
2026-04-06 15:35:00,28400,28400,28400,28400,40
2026-04-07 09:00:00,28800,29250,28800,29150,1201
2026-04-07 09:01:00,29150,29400,28750,28750,1024
2026-04-07 09:02:00,28750,28800,28600,28600,741
2026-04-07 09:03:00,28550,28600,28450,28500,621
2026-04-07 09:04:00,28500,28650,28500,28650,247
2026-04-07 09:05:00,28700,28700,28500,28500,545
2026-04-07 09:06:00,28500,28600,28250,28350,4816
2026-04-07 09:07:00,28350,28350,28000,28250,552
2026-04-07 09:08:00,28350,28350,28200,28250,567
2026-04-07 09:09:00,28300,28350,28250,28350,120
2026-04-07 09:10:00,28325,28350,28250,28250,431
2026-04-07 09:11:00,28350,28350,28250,28250,341
2026-04-07 09:12:00,28250,28250,28200,28250,279
2026-04-07 09:13:00,28150,28250,28150,28250,191
2026-04-07 09:14:00,28300,28350,28200,28300,100
2026-04-07 09:15:00,28300,28550,28300,28500,6783
2026-04-07 09:16:00,28500,28500,28450,28450,663
2026-04-07 09:17:00,28450,28450,28300,28350,776
2026-04-07 09:18:00,28300,28300,28150,28300,676
2026-04-07 09:19:00,28300,28350,28250,28350,647
2026-04-07 09:20:00,28350,28350,28150,28150,2037
2026-04-07 09:21:00,28200,28300,28200,28200,490
2026-04-07 09:22:00,28250,28300,28200,28200,62
2026-04-07 09:23:00,28200,28250,28150,28200,1080
2026-04-07 09:24:00,28200,28200,28150,28150,515
2026-04-07 09:25:00,28150,28200,28100,28200,40
2026-04-07 09:26:00,28150,28300,28150,28200,460
2026-04-07 09:27:00,28300,28300,28200,28200,12
2026-04-07 09:28:00,28300,28300,28300,28300,1317
2026-04-07 09:29:00,28250,28500,28250,28350,1949
2026-04-07 09:30:00,28550,28650,28450,28550,285
2026-04-07 09:31:00,28500,28550,28400,28400,450
2026-04-07 09:32:00,28450,28450,28400,28400,470
2026-04-07 09:33:00,28400,28400,28350,28350,604
2026-04-07 09:34:00,28350,28350,28350,28350,3
2026-04-07 09:35:00,28300,28350,28250,28350,822
2026-04-07 09:36:00,28350,28400,28300,28400,750
2026-04-07 09:37:00,28350,28400,28350,28350,113
2026-04-07 09:38:00,28300,28350,28300,28300,341
2026-04-07 09:39:00,28300,28400,28300,28400,553
2026-04-07 09:40:00,28400,28450,28400,28400,244
2026-04-07 09:41:00,28400,28400,28350,28350,9
2026-04-07 09:42:00,28400,28500,28400,28400,813
2026-04-07 09:43:00,28450,28450,28400,28450,375
2026-04-07 09:44:00,28400,28450,28400,28400,183
2026-04-07 09:45:00,28400,28450,28400,28450,133
2026-04-07 09:46:00,28400,28400,28350,28350,291
2026-04-07 09:47:00,28350,28400,28300,28400,8
2026-04-07 09:48:00,28400,28400,28400,28400,515
2026-04-07 09:49:00,28400,28400,28350,28350,310
2026-04-07 09:50:00,28350,28350,28300,28300,860
2026-04-07 09:51:00,28300,28300,28300,28300,27
2026-04-07 09:52:00,28250,28250,28200,28250,844
2026-04-07 09:53:00,28200,28250,28200,28250,68
2026-04-07 09:54:00,28250,28250,28200,28200,160
2026-04-07 09:55:00,28150,28200,28150,28200,36
2026-04-07 09:56:00,28200,28200,28200,28200,44
2026-04-07 09:57:00,28200,28200,28050,28050,1814
2026-04-07 09:58:00,28100,28400,28050,28250,1032
2026-04-07 09:59:00,28250,28250,28100,28200,165
2026-04-07 10:00:00,28150,28150,28100,28150,265
2026-04-07 10:01:00,28150,28150,28100,28100,25
2026-04-07 10:02:00,28100,28200,28100,28200,53
2026-04-07 10:03:00,28150,28200,28150,28200,12
2026-04-07 10:04:00,28200,28250,28150,28150,5
2026-04-07 10:05:00,28150,28200,28150,28150,44
2026-04-07 10:06:00,28100,28150,28100,28100,23
2026-04-07 10:07:00,28100,28100,28050,28050,124
2026-04-07 10:08:00,28100,28100,28050,28050,42
2026-04-07 10:09:00,28100,28250,28000,28050,2036
2026-04-07 10:10:00,28050,28050,27900,27900,280
2026-04-07 10:11:00,28000,28050,28000,28000,133
2026-04-07 10:12:00,28000,28050,28000,28000,51
2026-04-07 10:13:00,27950,27950,27850,27850,485
2026-04-07 10:14:00,27850,27850,27800,27850,1161
2026-04-07 10:15:00,27850,27850,27700,27800,708
2026-04-07 10:16:00,27800,27950,27800,27850,305
2026-04-07 10:17:00,27950,27950,27850,27900,107
2026-04-07 10:18:00,27900,27900,27900,27900,1
2026-04-07 10:19:00,27800,27850,27800,27800,216
2026-04-07 10:20:00,27800,27850,27800,27800,169
2026-04-07 10:21:00,27800,27850,27800,27850,190
2026-04-07 10:22:00,27800,27850,27750,27850,53
2026-04-07 10:23:00,27850,27850,27750,27800,315
2026-04-07 10:24:00,27800,27800,27800,27800,29
2026-04-07 10:25:00,27750,27750,27650,27700,1216
2026-04-07 10:26:00,27650,27700,27650,27700,183
2026-04-07 10:27:00,27800,27800,27700,27750,333
2026-04-07 10:28:00,27700,27800,27700,27700,43
2026-04-07 10:29:00,27750,27750,27650,27750,112
2026-04-07 10:30:00,27700,27750,27600,27700,286
2026-04-07 10:31:00,27700,27700,27650,27700,121
2026-04-07 10:32:00,27750,27750,27550,27600,1754
2026-04-07 10:33:00,27600,27700,27600,27700,39
2026-04-07 10:34:00,27650,27800,27650,27800,796
2026-04-07 10:35:00,27750,27800,27750,27750,207
2026-04-07 10:36:00,27750,27750,27700,27750,17
2026-04-07 10:37:00,27700,27750,27700,27750,49
2026-04-07 10:38:00,27750,27750,27500,27650,667
2026-04-07 10:39:00,27550,27600,27550,27600,53
2026-04-07 10:40:00,27550,27550,27550,27550,36
2026-04-07 10:41:00,27600,27700,27500,27550,650
2026-04-07 10:42:00,27600,27600,27300,27550,873
2026-04-07 10:43:00,27400,27600,27400,27600,544
2026-04-07 10:44:00,27700,27700,27650,27650,42
2026-04-07 10:45:00,27550,27750,27500,27750,864
2026-04-07 10:46:00,27750,27750,27500,27500,318
2026-04-07 10:47:00,27650,27650,27600,27600,522
2026-04-07 10:48:00,27650,27750,27650,27750,70
2026-04-07 10:49:00,27650,27700,27400,27550,486
2026-04-07 10:50:00,27550,27600,27550,27600,2
2026-04-07 10:51:00,27600,27600,27500,27500,80
2026-04-07 10:52:00,27500,27500,27400,27450,405
2026-04-07 10:53:00,27450,27450,27400,27450,71
2026-04-07 10:54:00,27500,27500,27400,27400,47
2026-04-07 10:55:00,27400,27450,27400,27450,5
2026-04-07 10:56:00,27450,27450,27350,27450,756
2026-04-07 10:57:00,27450,27450,27450,27450,4
2026-04-07 10:58:00,27350,27450,27350,27350,30
2026-04-07 10:59:00,27300,27450,27300,27450,2098
2026-04-07 11:00:00,27300,27550,27300,27500,225
2026-04-07 11:01:00,27450,27550,27450,27550,13
2026-04-07 11:02:00,27500,27500,27450,27450,430
2026-04-07 11:03:00,27450,27450,27300,27300,693
2026-04-07 11:05:00,27350,27700,27350,27700,3319
2026-04-07 11:06:00,27650,27800,27450,27450,8225
2026-04-07 11:07:00,27600,27600,27350,27550,4347
2026-04-07 11:08:00,27550,27550,27550,27550,12
2026-04-07 11:09:00,27500,27550,27400,27550,23
2026-04-07 11:10:00,27550,27650,27500,27550,203
2026-04-07 11:11:00,27550,27650,27500,27500,79
2026-04-07 11:12:00,27500,27650,27500,27550,80
2026-04-07 11:13:00,27500,27500,27500,27500,762
2026-04-07 11:14:00,27450,27500,27450,27500,383
2026-04-07 11:15:00,27450,27550,27400,27400,736
2026-04-07 11:16:00,27550,27550,27550,27550,29
2026-04-07 11:17:00,27500,27500,27500,27500,1
2026-04-07 11:18:00,27450,27550,27400,27550,258
2026-04-07 11:19:00,27550,27550,27550,27550,34
2026-04-07 11:20:00,27550,27650,27500,27650,857
2026-04-07 11:21:00,27650,27650,27500,27500,71
2026-04-07 11:22:00,27550,27550,27500,27500,91
2026-04-07 11:24:00,27450,27550,27450,27550,108
2026-04-07 11:25:00,27500,27550,27450,27550,41
2026-04-07 11:26:00,27550,27550,27450,27550,235
2026-04-07 11:27:00,27550,27650,27550,27650,110
2026-04-07 11:28:00,27650,27650,27550,27550,119
2026-04-07 11:29:00,27550,27650,27550,27650,625
2026-04-07 11:30:00,27650,27650,27500,27550,161
2026-04-07 11:31:00,27550,27650,27500,27550,198
2026-04-07 11:32:00,27550,27600,27450,27600,85
2026-04-07 11:33:00,27600,27600,27500,27500,8
2026-04-07 11:34:00,27550,27550,27550,27550,46
2026-04-07 11:35:00,27550,27650,27500,27500,158
2026-04-07 11:36:00,27550,27650,27500,27650,44
2026-04-07 11:37:00,27650,27650,27550,27650,527
2026-04-07 11:38:00,27750,27750,27600,27650,91
2026-04-07 11:39:00,27550,27600,27550,27550,54
2026-04-07 11:40:00,27550,27600,27550,27550,12
2026-04-07 11:41:00,27550,27550,27500,27500,5
2026-04-07 11:42:00,27500,27550,27450,27550,501
2026-04-07 11:43:00,27500,27550,27450,27450,14
2026-04-07 11:44:00,27500,27600,27450,27550,199
2026-04-07 11:45:00,27500,27550,27500,27550,518
2026-04-07 11:46:00,27550,27550,27550,27550,22
2026-04-07 11:47:00,27500,27550,27500,27550,42
2026-04-07 11:48:00,27550,27550,27500,27550,33
2026-04-07 11:49:00,27550,27550,27550,27550,3
2026-04-07 11:50:00,27500,27550,27500,27500,9
2026-04-07 11:51:00,27500,27550,27450,27550,125
2026-04-07 11:52:00,27550,27550,27500,27550,539
2026-04-07 11:53:00,27500,27550,27500,27550,4
2026-04-07 11:54:00,27450,27500,27450,27450,11
2026-04-07 11:55:00,27450,27500,27450,27450,43
2026-04-07 11:56:00,27500,27500,27500,27500,3
2026-04-07 11:57:00,27450,27500,27450,27500,123
2026-04-07 11:58:00,27500,27500,27400,27450,17
2026-04-07 11:59:00,27450,27500,27400,27500,14
2026-04-07 12:00:00,27400,27400,27350,27350,1358
2026-04-07 12:01:00,27350,27450,27350,27450,102
2026-04-07 12:02:00,27350,27500,27250,27500,3001
2026-04-07 12:03:00,27400,27400,27400,27400,4
2026-04-07 12:04:00,27500,27500,27450,27500,36
2026-04-07 12:05:00,27400,27400,27400,27400,116
2026-04-07 12:06:00,27500,27500,27500,27500,1
2026-04-07 12:07:00,27500,27500,27400,27400,200
2026-04-07 12:08:00,27400,27500,27350,27350,166
2026-04-07 12:09:00,27450,27450,27400,27400,7
2026-04-07 12:10:00,27450,27500,27400,27450,733
2026-04-07 12:11:00,27450,27450,27450,27450,24
2026-04-07 12:12:00,27450,27450,27450,27450,23
2026-04-07 12:13:00,27450,27450,27400,27450,187
2026-04-07 12:15:00,27450,27450,27450,27450,158
2026-04-07 12:16:00,27450,27450,27400,27400,12
2026-04-07 12:17:00,27400,27450,27400,27450,80
2026-04-07 12:18:00,27400,27500,27400,27450,584
2026-04-07 12:19:00,27450,27450,27350,27350,11
2026-04-07 12:20:00,27450,27450,27350,27400,49
2026-04-07 12:21:00,27400,27400,27350,27350,23
2026-04-07 12:22:00,27400,27400,27400,27400,167
2026-04-07 12:23:00,27400,27400,27400,27400,14
2026-04-07 12:24:00,27400,27400,27400,27400,9
2026-04-07 12:25:00,27400,27400,27400,27400,5
2026-04-07 12:26:00,27400,27400,27400,27400,8
2026-04-07 12:27:00,27350,27350,27350,27350,53
2026-04-07 12:28:00,27350,27350,27350,27350,350
2026-04-07 12:29:00,27350,27350,27350,27350,13
2026-04-07 12:30:00,27350,27350,27350,27350,16
2026-04-07 12:31:00,27350,27350,27250,27250,544
2026-04-07 12:32:00,27350,27400,27350,27400,479
2026-04-07 12:33:00,27400,27400,27400,27400,8
2026-04-07 12:34:00,27400,27400,27350,27350,83
2026-04-07 12:35:00,27350,27350,27350,27350,3
2026-04-07 12:36:00,27350,27400,27350,27400,5
2026-04-07 12:37:00,27350,27350,27350,27350,73
2026-04-07 12:38:00,27400,27400,27300,27350,30
2026-04-07 12:39:00,27350,27350,27300,27300,304
2026-04-07 12:40:00,27300,27350,27300,27350,312
2026-04-07 12:41:00,27350,27350,27300,27350,36
2026-04-07 12:42:00,27300,27300,27300,27300,3
2026-04-07 12:43:00,27350,27350,27250,27250,202
2026-04-07 12:45:00,27300,27350,27300,27350,5
2026-04-07 12:46:00,27300,27300,27300,27300,27
2026-04-07 12:47:00,27350,27350,27300,27300,5
2026-04-07 12:49:00,27350,27350,27250,27250,52
2026-04-07 12:50:00,27200,27250,27200,27250,499
2026-04-07 12:51:00,27200,27200,27200,27200,4
2026-04-07 12:52:00,27200,27250,27150,27250,38
2026-04-07 12:53:00,27200,27200,27150,27150,417
2026-04-07 12:54:00,27150,27200,27150,27150,1066
2026-04-07 12:55:00,27200,27200,27200,27200,7
2026-04-07 12:56:00,27200,27200,27200,27200,3
2026-04-07 12:57:00,27200,27200,27200,27200,13
2026-04-07 12:58:00,27150,27200,27150,27150,23
2026-04-07 12:59:00,27150,27200,27150,27200,197
2026-04-07 13:00:00,27200,27200,27200,27200,12
2026-04-07 13:01:00,27200,27200,27150,27150,1003
2026-04-07 13:02:00,27200,27350,27100,27250,2383
2026-04-07 13:03:00,27450,27450,27250,27450,255
2026-04-07 13:04:00,27250,27250,27200,27200,13
2026-04-07 13:05:00,27300,27300,27150,27150,22
2026-04-07 13:06:00,27150,27200,27150,27150,29
2026-04-07 13:07:00,27150,27200,27150,27200,268
2026-04-07 13:08:00,27100,27100,27000,27000,1639
2026-04-07 13:09:00,27050,27050,27000,27050,29
2026-04-07 13:10:00,27050,27050,27000,27050,516
2026-04-07 13:11:00,27050,27100,27050,27050,28
2026-04-07 13:12:00,27050,27050,27000,27050,166
2026-04-07 13:13:00,27050,27050,26950,26950,49
2026-04-07 13:14:00,27000,27050,27000,27050,11
2026-04-07 13:15:00,27000,27050,26950,27000,248
2026-04-07 13:16:00,26950,27300,26950,27150,1406
2026-04-07 13:17:00,27250,27250,27000,27150,89
2026-04-07 13:18:00,27150,27150,27100,27100,48
2026-04-07 13:19:00,27100,27150,27000,27150,75
2026-04-07 13:20:00,27150,27150,27100,27150,43
2026-04-07 13:21:00,27150,27150,27050,27100,296
2026-04-07 13:22:00,27150,27250,27150,27150,30
2026-04-07 13:23:00,27100,27200,27100,27200,20
2026-04-07 13:24:00,27250,27250,27150,27200,32
2026-04-07 13:25:00,27200,27250,27200,27250,46
2026-04-07 13:26:00,27250,27300,27200,27300,409
2026-04-07 13:27:00,27350,27350,27250,27250,23
2026-04-07 13:28:00,27300,27350,27250,27300,33
2026-04-07 13:29:00,27300,27350,27250,27350,13
2026-04-07 13:30:00,27300,27300,27200,27250,173
2026-04-07 13:31:00,27300,27400,27300,27300,244
2026-04-07 13:32:00,27350,27400,27300,27400,72
2026-04-07 13:33:00,27300,27400,27300,27350,8
2026-04-07 13:34:00,27300,27400,27300,27400,569
2026-04-07 13:35:00,27400,27400,27300,27300,63
2026-04-07 13:36:00,27400,27650,27400,27500,7204
2026-04-07 13:37:00,27550,27700,27550,27550,270
2026-04-07 13:38:00,27550,27550,27500,27550,92
2026-04-07 13:39:00,27550,27550,27450,27550,58
2026-04-07 13:40:00,27550,27550,27500,27550,10
2026-04-07 13:41:00,27550,27550,27500,27550,27
2026-04-07 13:42:00,27500,27550,27450,27500,178
2026-04-07 13:43:00,27450,27450,27350,27350,745
2026-04-07 13:44:00,27350,27550,27350,27550,533
2026-04-07 13:45:00,27550,27550,27500,27550,36
2026-04-07 13:46:00,27550,27550,27450,27450,7
2026-04-07 13:47:00,27500,27550,27350,27350,52
2026-04-07 13:48:00,27550,27550,27400,27400,4
2026-04-07 13:49:00,27400,27400,27400,27400,4
2026-04-07 13:50:00,27550,27550,27450,27500,51
2026-04-07 13:51:00,27500,27500,27350,27500,214
2026-04-07 13:52:00,27400,27400,27400,27400,4
2026-04-07 13:53:00,27350,27500,27350,27400,9
2026-04-07 13:54:00,27350,27500,27350,27500,14
2026-04-07 13:55:00,27400,27400,27300,27400,473
2026-04-07 13:56:00,27400,27400,27300,27350,10
2026-04-07 13:57:00,27400,27400,27350,27400,8
2026-04-07 13:58:00,27350,27350,27350,27350,7
2026-04-07 13:59:00,27400,27400,27300,27300,5
2026-04-07 14:00:00,27350,27400,27300,27400,73
2026-04-07 14:01:00,27300,27400,27300,27300,20
2026-04-07 14:02:00,27350,27350,27300,27350,16
2026-04-07 14:03:00,27350,27350,27300,27350,9
2026-04-07 14:04:00,27300,27300,27250,27300,346
2026-04-07 14:05:00,27300,27300,27250,27250,7
2026-04-07 14:06:00,27250,27300,27250,27300,12
2026-04-07 14:07:00,27250,27300,27250,27300,13
2026-04-07 14:08:00,27250,27300,27200,27300,57
2026-04-07 14:09:00,27300,27300,27200,27300,40
2026-04-07 14:10:00,27250,27350,27250,27250,18
2026-04-07 14:11:00,27250,27250,27250,27250,3
2026-04-07 14:12:00,27300,27350,27200,27250,324
2026-04-07 14:13:00,27300,27400,27300,27400,5
2026-04-07 14:14:00,27450,27450,27350,27350,4
2026-04-07 14:15:00,27350,27500,27300,27500,98
2026-04-07 14:16:00,27300,27300,27300,27300,4
2026-04-07 14:17:00,27350,27450,27250,27450,33
2026-04-07 14:18:00,27400,27400,27300,27300,117
2026-04-07 14:19:00,27300,27400,27300,27400,8
2026-04-07 14:20:00,27300,27350,27300,27350,10
2026-04-07 14:21:00,27300,27350,27300,27300,37
2026-04-07 14:22:00,27350,27350,27300,27300,69
2026-04-07 14:23:00,27300,27400,27300,27300,87
2026-04-07 14:24:00,27300,27350,27250,27250,30
2026-04-07 14:25:00,27300,27400,27250,27250,34
2026-04-07 14:26:00,27300,27300,27250,27250,5
2026-04-07 14:27:00,27200,27400,27200,27250,8
2026-04-07 14:28:00,27200,27400,27200,27400,21
2026-04-07 14:29:00,27200,27200,27150,27150,379
2026-04-07 14:30:00,27200,27250,27050,27050,4533
2026-04-07 14:31:00,27200,27250,27200,27250,109
2026-04-07 14:32:00,27350,27350,27150,27150,142
2026-04-07 14:34:00,27200,27350,27150,27350,30
2026-04-07 14:36:00,27200,27350,27200,27300,5
2026-04-07 14:38:00,27350,27350,27150,27350,371
2026-04-07 14:39:00,27200,27200,27200,27200,10
2026-04-07 14:40:00,27400,27400,27250,27350,39
2026-04-07 14:41:00,27350,27350,27350,27350,1
2026-04-07 14:42:00,27250,27300,27150,27300,1041
2026-04-07 14:43:00,27300,27300,27100,27300,10
2026-04-07 14:44:00,27250,27250,27250,27250,3
2026-04-07 14:45:00,27200,27300,27150,27300,1011
2026-04-07 14:46:00,27300,27300,27300,27300,19
2026-04-07 14:47:00,27250,27300,27150,27300,217
2026-04-07 14:48:00,27300,27300,27250,27300,32
2026-04-07 14:49:00,27300,27300,27250,27300,34
2026-04-07 14:50:00,27300,27300,27300,27300,2
2026-04-07 14:51:00,27300,27300,27200,27200,134
2026-04-07 14:52:00,27300,27350,27100,27250,1396
2026-04-07 14:53:00,27250,27250,27050,27200,1051
2026-04-07 14:54:00,27250,27350,27200,27350,62
2026-04-07 14:55:00,27350,27350,27250,27350,41
2026-04-07 14:56:00,27350,27400,27350,27400,351
2026-04-07 14:57:00,27400,27450,27300,27450,368
2026-04-07 14:58:00,27450,27450,27400,27400,16
2026-04-07 14:59:00,27450,27450,27400,27400,214
2026-04-07 15:00:00,27350,27400,27350,27400,124
2026-04-07 15:01:00,27400,27400,27400,27400,111
2026-04-07 15:02:00,27450,27475,27450,27450,441
2026-04-07 15:03:00,27450,27500,27450,27500,57
2026-04-07 15:04:00,27500,27650,27450,27650,547
2026-04-07 15:05:00,27600,27650,27450,27450,3196
2026-04-07 15:06:00,27500,27500,27500,27500,126
2026-04-07 15:07:00,27500,27500,27500,27500,3
2026-04-07 15:08:00,27500,27500,27500,27500,5
2026-04-07 15:09:00,27500,27500,27500,27500,10
2026-04-07 15:10:00,27400,27500,27400,27500,165
2026-04-07 15:11:00,27450,27500,27350,27500,81
2026-04-07 15:12:00,27350,27400,27350,27400,4
2026-04-07 15:13:00,27500,27500,27450,27500,5
2026-04-07 15:14:00,27500,27500,27500,27500,39
2026-04-07 15:15:00,27500,27500,27350,27500,8
2026-04-07 15:16:00,27400,27500,27400,27400,46
2026-04-07 15:17:00,27500,27500,27400,27400,14
2026-04-07 15:18:00,27400,27500,27350,27500,633
2026-04-07 15:19:00,27500,27500,27350,27500,56
2026-04-07 15:30:00,27450,27450,27450,27450,857
2026-04-08 09:00:00,28550,29200,28550,29200,7913
2026-04-08 09:01:00,29200,29500,28900,29050,4735
2026-04-08 09:02:00,29000,29050,28900,28900,1971
2026-04-08 09:03:00,29050,29050,28850,28850,3138
2026-04-08 09:04:00,29000,29350,29000,29200,1729
2026-04-08 09:05:00,29250,29250,29050,29250,266
2026-04-08 09:06:00,29150,29300,29150,29200,1067
2026-04-08 09:07:00,29200,29450,29200,29450,3209
2026-04-08 09:08:00,29450,29800,29450,29700,3710
2026-04-08 09:09:00,29700,29750,29550,29750,896
2026-04-08 09:10:00,29650,29750,29550,29700,2540
2026-04-08 09:11:00,29600,29700,29450,29450,932
2026-04-08 09:12:00,29450,29550,29000,29250,4228
2026-04-08 09:13:00,29250,29700,29250,29350,750
2026-04-08 09:14:00,29350,29600,29350,29600,467
2026-04-08 09:15:00,29600,29750,29600,29700,2570
2026-04-08 09:16:00,29800,29950,29800,29950,2041
2026-04-08 09:17:00,29950,30100,29900,30050,1884
2026-04-08 09:18:00,30050,30200,30050,30200,1104
2026-04-08 09:19:00,30150,31000,30100,30950,5708
2026-04-08 09:20:00,30950,30950,30300,30500,2558
2026-04-08 09:21:00,30500,30950,30150,30150,5514
2026-04-08 09:22:00,30400,30950,30200,30600,2266
2026-04-08 09:23:00,30600,30850,30300,30450,1273
2026-04-08 09:24:00,30450,30500,30100,30200,2845
2026-04-08 09:25:00,30200,30500,30100,30200,3322
2026-04-08 09:26:00,30250,30450,30250,30400,248
2026-04-08 09:27:00,30350,30400,30050,30200,997
2026-04-08 09:28:00,30200,30300,30100,30200,898
2026-04-08 09:29:00,30200,30200,30150,30200,365
2026-04-08 09:30:00,30200,30200,30100,30150,1854
2026-04-08 09:31:00,30200,30300,30200,30200,588
2026-04-08 09:32:00,30200,30250,30150,30150,342
2026-04-08 09:33:00,30200,30200,30000,30050,5370
2026-04-08 09:34:00,30050,30100,29950,30100,561
2026-04-08 09:35:00,30100,30100,30000,30100,74
2026-04-08 09:36:00,30050,30050,29950,29950,590
2026-04-08 09:37:00,30000,30050,29950,29950,242
2026-04-08 09:38:00,29950,30050,29800,29900,802
2026-04-08 09:39:00,29900,29950,29750,29850,517
2026-04-08 09:40:00,29850,29850,29700,29700,359
2026-04-08 09:41:00,29750,29750,29550,29600,2063
2026-04-08 09:42:00,29600,29800,29600,29800,1969
2026-04-08 09:43:00,29700,29800,29700,29800,559
2026-04-08 09:44:00,29800,29800,29750,29800,524
2026-04-08 09:45:00,29800,29800,29750,29800,144
2026-04-08 09:46:00,29800,29800,29750,29800,142
2026-04-08 09:47:00,29800,29850,29750,29850,256
2026-04-08 09:48:00,29850,29850,29700,29850,198
2026-04-08 09:49:00,29850,29900,29850,29850,293
2026-04-08 09:50:00,29900,29900,29850,29850,96
2026-04-08 09:51:00,29900,29950,29900,29950,1380
2026-04-08 09:52:00,29900,29950,29900,29950,105
2026-04-08 09:53:00,29950,29950,29850,29850,182
2026-04-08 09:54:00,29850,29900,29800,29850,115
2026-04-08 09:55:00,29800,29800,29750,29750,121
2026-04-08 09:56:00,29800,29800,29700,29750,115
2026-04-08 09:57:00,29750,29750,29550,29650,555
2026-04-08 09:58:00,29700,29750,29600,29600,108
2026-04-08 09:59:00,29650,29700,29600,29600,85
2026-04-08 10:00:00,29700,29700,29550,29600,145
2026-04-08 10:01:00,29600,29600,29400,29450,566
2026-04-08 10:02:00,29500,29550,29450,29500,544
2026-04-08 10:03:00,29550,29550,29500,29500,98
2026-04-08 10:04:00,29500,29500,29250,29300,198
2026-04-08 10:05:00,29250,29400,29200,29200,1015
2026-04-08 10:06:00,29200,29400,29200,29400,801
2026-04-08 10:07:00,29350,29350,29350,29350,578
2026-04-08 10:08:00,29400,29425,29350,29350,463
2026-04-08 10:09:00,29400,29450,29300,29400,389
2026-04-08 10:10:00,29400,29400,29350,29400,31
2026-04-08 10:11:00,29400,29450,29350,29450,432
2026-04-08 10:12:00,29450,29500,29450,29500,339
2026-04-08 10:13:00,29400,29550,29350,29550,761
2026-04-08 10:14:00,29500,29550,29500,29500,57
2026-04-08 10:15:00,29550,29550,29300,29300,3069
2026-04-08 10:16:00,29350,29500,29350,29500,154
2026-04-08 10:17:00,29550,29550,29450,29500,71
2026-04-08 10:18:00,29500,29550,29450,29500,119
2026-04-08 10:19:00,29500,29500,29450,29450,62
2026-04-08 10:20:00,29400,29450,29300,29300,662
2026-04-08 10:21:00,29350,29400,29300,29400,229
2026-04-08 10:22:00,29450,29650,29450,29600,629
2026-04-08 10:23:00,29550,29600,29550,29600,513
2026-04-08 10:24:00,29650,29650,29450,29450,187
2026-04-08 10:25:00,29650,29650,29550,29600,53
2026-04-08 10:26:00,29550,29600,29550,29550,42
2026-04-08 10:27:00,29600,29650,29600,29600,66
2026-04-08 10:28:00,29550,29700,29550,29700,834
2026-04-08 10:29:00,29700,29950,29700,29950,3226
2026-04-08 10:30:00,29900,29900,29550,29650,5054
2026-04-08 10:31:00,29700,29700,29650,29650,25
2026-04-08 10:32:00,29600,29650,29600,29600,119
2026-04-08 10:33:00,29600,29650,29550,29600,82
2026-04-08 10:34:00,29600,29600,29550,29600,54
2026-04-08 10:35:00,29600,29600,29550,29600,637
2026-04-08 10:36:00,29550,29600,29550,29600,310
2026-04-08 10:37:00,29600,29600,29450,29450,954
2026-04-08 10:38:00,29450,29450,29400,29450,102
2026-04-08 10:39:00,29450,29450,29400,29400,1689
2026-04-08 10:40:00,29400,29450,29400,29450,116
2026-04-08 10:41:00,29425,29450,29350,29350,2107
2026-04-08 10:42:00,29400,29450,29300,29300,1961
2026-04-08 10:43:00,29300,29300,29150,29300,907
2026-04-08 10:44:00,29250,29300,29200,29300,68
2026-04-08 10:45:00,29200,29300,29150,29250,123
2026-04-08 10:46:00,29250,29450,29250,29450,352
2026-04-08 10:47:00,29350,29550,29350,29400,144
2026-04-08 10:48:00,29400,29400,29350,29350,33
2026-04-08 10:49:00,29400,29400,29350,29350,112
2026-04-08 10:50:00,29350,29400,29350,29400,66
2026-04-08 10:51:00,29400,29400,29350,29400,113
2026-04-08 10:52:00,29400,29400,29350,29400,53
2026-04-08 10:53:00,29350,29400,29350,29400,81
2026-04-08 10:54:00,29350,29350,29300,29350,216
2026-04-08 10:55:00,29350,29350,29300,29350,87
2026-04-08 10:56:00,29300,29350,29300,29350,67
2026-04-08 10:57:00,29350,29350,29300,29300,44
2026-04-08 10:58:00,29350,29350,29300,29300,55
2026-04-08 10:59:00,29350,29350,29300,29350,175
2026-04-08 11:00:00,29350,29350,29250,29250,319
2026-04-08 11:01:00,29250,29250,29200,29250,74
2026-04-08 11:02:00,29250,29300,29250,29300,544
2026-04-08 11:03:00,29300,29300,29200,29200,36
2026-04-08 11:04:00,29250,29350,29200,29350,468
2026-04-08 11:05:00,29350,29400,29300,29300,725
2026-04-08 11:06:00,29350,29550,29350,29500,440
2026-04-08 11:07:00,29450,29450,29450,29450,11
2026-04-08 11:08:00,29350,29400,29300,29300,172
2026-04-08 11:09:00,29350,29350,29300,29300,78
2026-04-08 11:10:00,29300,29350,29300,29300,561
2026-04-08 11:11:00,29200,29250,29200,29250,24
2026-04-08 11:12:00,29200,29200,29050,29100,3369
2026-04-08 11:13:00,29100,29150,29050,29100,371
2026-04-08 11:14:00,29050,29100,29050,29100,26
2026-04-08 11:15:00,29050,29150,29050,29100,19
2026-04-08 11:16:00,29050,29150,29050,29150,66
2026-04-08 11:17:00,29100,29100,29050,29100,65
2026-04-08 11:18:00,29150,29150,29000,29000,2337
2026-04-08 11:19:00,29000,29000,28950,29000,65
2026-04-08 11:20:00,29000,29000,28950,29000,15
2026-04-08 11:21:00,29000,29100,29000,29050,412
2026-04-08 11:22:00,29100,29150,29100,29150,33
2026-04-08 11:23:00,29100,29150,29100,29100,392
2026-04-08 11:24:00,29150,29150,29100,29100,22
2026-04-08 11:25:00,29150,29150,29150,29150,6
2026-04-08 11:26:00,29100,29150,29050,29050,144
2026-04-08 11:27:00,29150,29150,29100,29150,20
2026-04-08 11:28:00,29100,29150,29100,29100,75
2026-04-08 11:29:00,29150,29150,29100,29150,25
2026-04-08 11:30:00,29100,29100,29050,29050,62
2026-04-08 11:31:00,29100,29100,29000,29100,751
2026-04-08 11:32:00,29050,29050,29050,29050,1
2026-04-08 11:33:00,29050,29050,29000,29050,89
2026-04-08 11:34:00,29050,29100,29000,29000,56
2026-04-08 11:35:00,29050,29050,29000,29050,166
2026-04-08 11:36:00,29100,29100,29100,29100,5
2026-04-08 11:37:00,29050,29050,29050,29050,13
2026-04-08 11:38:00,29000,29100,29000,29100,71
2026-04-08 11:39:00,29100,29100,29050,29050,22
2026-04-08 11:40:00,29100,29100,29050,29050,18
2026-04-08 11:41:00,29050,29100,29000,29050,59
2026-04-08 11:42:00,29050,29050,29000,29000,65
2026-04-08 11:43:00,29050,29050,29000,29000,30
2026-04-08 11:44:00,29050,29050,29050,29050,1
2026-04-08 11:45:00,29000,29050,29000,29000,299
2026-04-08 11:46:00,29050,29050,29000,29050,17
2026-04-08 11:47:00,29050,29050,29000,29050,73
2026-04-08 11:48:00,29000,29050,29000,29050,176
2026-04-08 11:49:00,29050,29050,29000,29050,36
2026-04-08 11:50:00,29050,29050,29050,29050,101
2026-04-08 11:51:00,29050,29100,29050,29050,19
2026-04-08 11:52:00,29100,29100,29000,29050,107
2026-04-08 11:53:00,29050,29100,29050,29050,264
2026-04-08 11:54:00,29100,29100,29050,29050,18
2026-04-08 11:55:00,29075,29100,29050,29050,431
2026-04-08 11:56:00,29050,29050,29050,29050,106
2026-04-08 11:57:00,29050,29050,29000,29050,82
2026-04-08 11:58:00,29050,29050,29000,29050,20
2026-04-08 11:59:00,29050,29050,29000,29050,18
2026-04-08 12:00:00,29000,29050,29000,29050,17
2026-04-08 12:01:00,29050,29050,29000,29000,327
2026-04-08 12:02:00,29050,29075,29025,29075,125
2026-04-08 12:03:00,29100,29100,29050,29050,12
2026-04-08 12:04:00,29000,29050,29000,29050,18
2026-04-08 12:05:00,29000,29050,29000,29050,59
2026-04-08 12:06:00,29100,29100,29050,29050,68
2026-04-08 12:07:00,29100,29100,29100,29100,31
2026-04-08 12:08:00,29100,29100,29050,29100,16
2026-04-08 12:09:00,29150,29150,29100,29150,21
2026-04-08 12:10:00,29100,29100,29100,29100,38
2026-04-08 12:11:00,29050,29100,29050,29050,75
2026-04-08 12:12:00,29100,29100,29050,29100,19
2026-04-08 12:13:00,29100,29100,29050,29100,18
2026-04-08 12:14:00,29050,29100,29050,29050,534
2026-04-08 12:15:00,29000,29050,29000,29050,143
2026-04-08 12:16:00,29050,29050,29000,29050,90
2026-04-08 12:17:00,29000,29050,29000,29050,18
2026-04-08 12:18:00,29050,29100,29000,29050,36
2026-04-08 12:19:00,29050,29100,29050,29100,18
2026-04-08 12:20:00,29050,29050,29050,29050,32
2026-04-08 12:21:00,29050,29100,29050,29100,54
2026-04-08 12:22:00,29000,29050,29000,29050,7
2026-04-08 12:23:00,29050,29100,29000,29100,49
2026-04-08 12:24:00,29100,29100,29050,29100,57
2026-04-08 12:25:00,29100,29100,29050,29100,42
2026-04-08 12:26:00,29050,29150,29050,29100,60
2026-04-08 12:27:00,29100,29150,29100,29150,51
2026-04-08 12:28:00,29100,29150,29100,29100,108
2026-04-08 12:29:00,29100,29100,29100,29100,13
2026-04-08 12:30:00,29100,29150,29100,29150,13
2026-04-08 12:31:00,29100,29150,29100,29150,76
2026-04-08 12:32:00,29100,29150,29100,29150,18
2026-04-08 12:33:00,29100,29100,29100,29100,12
2026-04-08 12:34:00,29150,29150,29100,29100,11
2026-04-08 12:35:00,29050,29100,29050,29100,362
2026-04-08 12:36:00,29125,29250,29100,29150,573
2026-04-08 12:37:00,29250,29250,29200,29200,566
2026-04-08 12:38:00,29200,29200,29150,29200,26
2026-04-08 12:39:00,29250,29350,29250,29300,1955
2026-04-08 12:40:00,29350,29350,29200,29200,153
2026-04-08 12:41:00,29300,29300,29250,29300,185
2026-04-08 12:42:00,29250,29250,29200,29250,12
2026-04-08 12:43:00,29200,29250,29200,29250,18
2026-04-08 12:44:00,29250,29300,29200,29200,28
2026-04-08 12:45:00,29200,29350,29150,29250,317
2026-04-08 12:46:00,29200,29250,29200,29200,15
2026-04-08 12:47:00,29200,29200,29200,29200,6
2026-04-08 12:48:00,29150,29400,29150,29400,38
2026-04-08 12:49:00,29250,29300,29250,29300,19
2026-04-08 12:50:00,29150,29250,29150,29250,99
2026-04-08 12:51:00,29250,29250,29250,29250,1
2026-04-08 12:52:00,29250,29250,29150,29150,23
2026-04-08 12:53:00,29200,29200,29200,29200,26
2026-04-08 12:54:00,29150,29300,29150,29300,67
2026-04-08 12:55:00,29300,29300,29250,29300,177
2026-04-08 12:56:00,29350,29350,29300,29300,6
2026-04-08 12:57:00,29300,29300,29200,29200,11
2026-04-08 12:58:00,29250,29250,29250,29250,26
2026-04-08 12:59:00,29250,29300,29250,29250,45
2026-04-08 13:00:00,29250,29250,29200,29200,55
2026-04-08 13:01:00,29250,29250,29250,29250,6
2026-04-08 13:02:00,29250,29300,29250,29300,7
2026-04-08 13:03:00,29250,29300,29250,29300,70
2026-04-08 13:04:00,29300,29300,29300,29300,5
2026-04-08 13:05:00,29300,29350,29250,29350,37
2026-04-08 13:06:00,29350,29350,29350,29350,6
2026-04-08 13:07:00,29350,29350,29250,29350,25
2026-04-08 13:08:00,29350,29350,29350,29350,6
2026-04-08 13:09:00,29300,29300,29200,29300,17
2026-04-08 13:10:00,29300,29300,29250,29250,2
2026-04-08 13:11:00,29250,29250,29250,29250,65
2026-04-08 13:12:00,29300,29300,28950,29050,13117
2026-04-08 13:13:00,29050,29400,29050,29400,1587
2026-04-08 13:14:00,29350,29350,28900,29300,2924
2026-04-08 13:15:00,29200,29200,29150,29200,60
2026-04-08 13:16:00,29200,29200,29200,29200,46
2026-04-08 13:17:00,29200,29300,29200,29300,195
2026-04-08 13:18:00,29300,29300,29050,29050,19
2026-04-08 13:19:00,29300,29300,29250,29300,24
2026-04-08 13:20:00,29300,29300,29000,29250,111
2026-04-08 13:21:00,29250,29250,29250,29250,8
2026-04-08 13:22:00,29250,29250,29200,29200,3
2026-04-08 13:23:00,29100,29200,29050,29200,118
2026-04-08 13:24:00,29200,29200,29050,29200,24
2026-04-08 13:25:00,29200,29200,29200,29200,18
2026-04-08 13:26:00,29150,29200,29100,29100,14
2026-04-08 13:27:00,29200,29200,28800,29050,4994
2026-04-08 13:28:00,29050,29050,28850,29000,4150
2026-04-08 13:29:00,29000,29000,28950,29000,69
2026-04-08 13:30:00,29000,29000,28950,29000,106
2026-04-08 13:31:00,29000,29100,28950,29000,212
2026-04-08 13:32:00,29100,29100,29000,29000,223
2026-04-08 13:33:00,29000,29050,29000,29050,114
2026-04-08 13:34:00,29050,29050,29050,29050,4
2026-04-08 13:35:00,29050,29050,29050,29050,8
2026-04-08 13:36:00,29050,29150,29000,29150,244
2026-04-08 13:37:00,29100,29100,29000,29100,61
2026-04-08 13:38:00,29100,29100,28800,28800,2189
2026-04-08 13:39:00,28800,29000,28600,29000,4402
2026-04-08 13:40:00,29000,29050,28950,29050,44
2026-04-08 13:41:00,29050,29050,28950,28950,119
2026-04-08 13:42:00,28850,29000,28850,28900,185
2026-04-08 13:43:00,28850,28850,28550,28750,6889
2026-04-08 13:44:00,28750,28750,28450,28600,1802
2026-04-08 13:45:00,28500,28700,28500,28700,67
2026-04-08 13:46:00,28700,28750,28650,28750,243
2026-04-08 13:47:00,28750,28750,28600,28750,37
2026-04-08 13:48:00,28750,28800,28600,28600,149
2026-04-08 13:49:00,28800,28900,28700,28900,269
2026-04-08 13:50:00,28900,28900,28700,28850,302
2026-04-08 13:51:00,28850,28850,28700,28850,60
2026-04-08 13:52:00,28850,28850,28700,28800,318
2026-04-08 13:53:00,28800,28800,28650,28650,149
2026-04-08 13:54:00,28800,28800,28650,28650,83
2026-04-08 13:55:00,28850,28850,28700,28850,22
2026-04-08 13:56:00,28850,28850,28700,28850,40
2026-04-08 13:57:00,28700,28900,28700,28750,137
2026-04-08 13:58:00,28900,28900,28700,28900,17
2026-04-08 13:59:00,28900,28900,28700,28700,43
2026-04-08 14:00:00,28850,28850,28700,28750,19
2026-04-08 14:01:00,28750,28750,28700,28750,178
2026-04-08 14:02:00,28700,28750,28700,28700,32
2026-04-08 14:03:00,28700,28750,28650,28650,238
2026-04-08 14:04:00,28750,28800,28700,28800,166
2026-04-08 14:05:00,28900,29000,28800,28850,463
2026-04-08 14:06:00,28850,28850,28800,28800,182
2026-04-08 14:07:00,28850,29100,28850,28950,294
2026-04-08 14:08:00,28950,29050,28850,29050,32
2026-04-08 14:09:00,29050,29100,28900,29100,1851
2026-04-08 14:10:00,29150,29150,29100,29150,303
2026-04-08 14:11:00,29000,29250,29000,29250,175
2026-04-08 14:12:00,29250,29250,29250,29250,10
2026-04-08 14:13:00,29150,29350,29150,29350,710
2026-04-08 14:14:00,29350,29350,29350,29350,4
2026-04-08 14:15:00,29325,29325,29250,29250,995
2026-04-08 14:16:00,29225,29250,29200,29250,42
2026-04-08 14:17:00,29300,29300,29300,29300,11
2026-04-08 14:18:00,29250,29300,29125,29300,937
2026-04-08 14:19:00,29300,29300,29250,29250,13
2026-04-08 14:20:00,29250,29250,29250,29250,11
2026-04-08 14:21:00,29250,29250,29250,29250,12
2026-04-08 14:22:00,29200,29200,29000,29100,3065
2026-04-08 14:23:00,29100,29100,29050,29100,203
2026-04-08 14:24:00,29100,29100,29000,29050,708
2026-04-08 14:25:00,29050,29050,29050,29050,11
2026-04-08 14:26:00,29050,29050,29000,29050,129
2026-04-08 14:27:00,29050,29050,29050,29050,75
2026-04-08 14:28:00,29050,29100,29050,29050,113
2026-04-08 14:29:00,29050,29050,28900,29000,2070
2026-04-08 14:30:00,28950,28950,28950,28950,11
2026-04-08 14:31:00,28950,29050,28950,29050,19
2026-04-08 14:32:00,29050,29050,29050,29050,4
2026-04-08 14:33:00,29050,29050,29000,29000,20
2026-04-08 14:34:00,29050,29050,29050,29050,13
2026-04-08 14:35:00,29050,29050,29050,29050,11
2026-04-08 14:36:00,29050,29050,29000,29000,5
2026-04-08 14:37:00,29000,29000,28900,29000,191
2026-04-08 14:38:00,29000,29000,28900,29000,1618
2026-04-08 14:39:00,28950,28950,28800,28850,1555
2026-04-08 14:40:00,28850,28900,28850,28900,28
2026-04-08 14:41:00,28900,29050,28900,29050,9
2026-04-08 14:42:00,29050,29050,29050,29050,10
2026-04-08 14:43:00,28900,29000,28900,29000,18
2026-04-08 14:44:00,29050,29050,29050,29050,512
2026-04-08 14:45:00,29050,29050,29000,29050,447
2026-04-08 14:46:00,29050,29050,28950,29050,17
2026-04-08 14:47:00,28950,29050,28950,29050,2
2026-04-08 14:48:00,29050,29050,29050,29050,717
2026-04-08 14:49:00,29000,29000,29000,29000,173
2026-04-08 14:50:00,29000,29000,28950,28950,153
2026-04-08 14:51:00,29000,29100,29000,29100,864
2026-04-08 14:52:00,29100,29100,29100,29100,16
2026-04-08 14:53:00,29100,29100,28950,28950,424
2026-04-08 14:54:00,29100,29100,29100,29100,5
2026-04-08 14:55:00,29100,29100,29100,29100,19
2026-04-08 14:56:00,29000,29100,29000,29000,18
2026-04-08 14:57:00,29100,29100,29100,29100,96
2026-04-08 14:58:00,29100,29100,29100,29100,884
2026-04-08 14:59:00,29100,29100,29050,29100,124
2026-04-08 15:00:00,29000,29050,29000,29050,83
2026-04-08 15:01:00,29050,29050,29050,29050,12
2026-04-08 15:02:00,29050,29050,29000,29000,8
2026-04-08 15:03:00,29050,29100,29000,29100,938
2026-04-08 15:04:00,29100,29100,29100,29100,321
2026-04-08 15:05:00,29100,29100,29100,29100,197
2026-04-08 15:06:00,29000,29100,29000,29000,1056
2026-04-08 15:07:00,29100,29100,29100,29100,47
2026-04-08 15:08:00,29100,29250,29100,29100,2244
2026-04-08 15:09:00,29200,29200,29200,29200,198
2026-04-08 15:10:00,29200,29200,29100,29200,113
2026-04-08 15:11:00,29200,29200,29200,29200,42
2026-04-08 15:12:00,29200,29200,29000,29050,1134
2026-04-08 15:13:00,29150,29200,29000,29200,213
2026-04-08 15:14:00,29150,29200,29000,29000,284
2026-04-08 15:15:00,29150,29150,29100,29100,5
2026-04-08 15:16:00,29100,29100,28950,28950,514
2026-04-08 15:17:00,29100,29100,28900,28900,704
2026-04-08 15:18:00,28850,28900,28850,28850,17
2026-04-08 15:19:00,28850,29000,28750,29000,1997
2026-04-08 15:30:00,29000,29000,29000,29000,2643
2026-04-09 09:00:00,28750,28750,28300,28300,154
2026-04-09 09:01:00,28250,28300,28100,28100,744
2026-04-09 09:02:00,28250,28250,27600,28050,2683
2026-04-09 09:03:00,28200,28300,28200,28300,78
2026-04-09 09:04:00,28300,28350,28100,28150,294
2026-04-09 09:05:00,28050,28300,27950,28300,1625
2026-04-09 09:06:00,28150,28350,27950,28250,6523
2026-04-09 09:07:00,28250,28250,27700,27800,15059
2026-04-09 09:08:00,27800,27900,27750,27750,396
2026-04-09 09:09:00,27850,27950,27750,27950,85
2026-04-09 09:10:00,27950,27950,27750,27800,729
2026-04-09 09:11:00,27800,27900,27750,27900,264
2026-04-09 09:12:00,27900,27900,27650,27850,1784
2026-04-09 09:13:00,27800,27800,27800,27800,356
2026-04-09 09:14:00,27900,27950,27600,27800,1822
2026-04-09 09:15:00,27800,27950,27650,27950,2264
2026-04-09 09:16:00,27950,28050,27850,28050,1095
2026-04-09 09:17:00,28050,28400,28050,28250,964
2026-04-09 09:18:00,28250,28250,28150,28250,104
2026-04-09 09:19:00,28250,28250,28150,28150,733
2026-04-09 09:20:00,28150,28150,28100,28100,320
2026-04-09 09:21:00,28100,28100,28050,28100,443
2026-04-09 09:22:00,28100,28200,28050,28050,104
2026-04-09 09:23:00,28000,28000,28000,28000,211
2026-04-09 09:24:00,27950,28150,27950,28150,558
2026-04-09 09:25:00,27950,28150,27950,28150,136
2026-04-09 09:26:00,28050,28050,28050,28050,16
2026-04-09 09:27:00,27950,27950,27850,27900,706
2026-04-09 09:28:00,27900,28050,27900,27900,222
2026-04-09 09:29:00,27950,27950,27700,27850,1501
2026-04-09 09:30:00,27900,27950,27850,27950,672
2026-04-09 09:31:00,27950,28000,27950,28000,151
2026-04-09 09:32:00,28000,28050,27950,27950,118
2026-04-09 09:33:00,27950,27950,27900,27900,39
2026-04-09 09:34:00,27900,28050,27900,28050,1021
2026-04-09 09:35:00,28050,28050,28000,28000,79
2026-04-09 09:36:00,28050,28100,28000,28000,123
2026-04-09 09:37:00,28000,28000,27850,27850,1858
2026-04-09 09:38:00,27850,27900,27850,27900,349
2026-04-09 09:39:00,27900,28050,27900,28050,973
2026-04-09 09:40:00,28050,28050,27800,27850,7418
2026-04-09 09:41:00,27850,28000,27800,28000,1077
2026-04-09 09:42:00,28000,28000,27800,27800,2310
2026-04-09 09:43:00,27800,27800,27700,27750,2178
2026-04-09 09:44:00,27650,27700,27650,27700,38
2026-04-09 09:45:00,27650,27700,27600,27650,4590
2026-04-09 09:46:00,27650,27700,27600,27700,168
2026-04-09 09:47:00,27700,27700,27700,27700,317
2026-04-09 09:48:00,27650,27750,27650,27750,349
2026-04-09 09:49:00,27800,27800,27700,27750,27
2026-04-09 09:50:00,27750,27750,27650,27650,72
2026-04-09 09:51:00,27650,27700,27600,27650,808
2026-04-09 09:52:00,27650,27650,27600,27600,748
2026-04-09 09:53:00,27600,27700,27600,27650,279
2026-04-09 09:54:00,27700,27750,27700,27700,619
2026-04-09 09:55:00,27650,27750,27600,27700,2514
2026-04-09 09:56:00,27600,27700,27600,27600,162
2026-04-09 09:57:00,27650,27700,27650,27650,80
2026-04-09 09:58:00,27650,27700,27650,27650,155
2026-04-09 09:59:00,27650,27650,27650,27650,36
2026-04-09 10:00:00,27650,27650,27550,27550,198
2026-04-09 10:01:00,27600,27600,27600,27600,8
2026-04-09 10:02:00,27600,27600,27350,27500,8096
2026-04-09 10:03:00,27500,27650,27500,27500,44
2026-04-09 10:04:00,27500,27500,27450,27450,101
2026-04-09 10:05:00,27450,27500,27450,27500,97
2026-04-09 10:06:00,27550,27550,27500,27500,272
2026-04-09 10:07:00,27500,27500,27350,27350,604
2026-04-09 10:08:00,27400,27400,27250,27300,3761
2026-04-09 10:09:00,27350,27350,27250,27350,702
2026-04-09 10:10:00,27300,27350,27300,27350,730
2026-04-09 10:11:00,27300,27350,27300,27350,79
2026-04-09 10:12:00,27300,27350,27250,27300,84
2026-04-09 10:13:00,27300,27350,27250,27350,298
2026-04-09 10:14:00,27350,27350,27300,27300,117
2026-04-09 10:15:00,27300,27300,27250,27300,362
2026-04-09 10:16:00,27300,27300,27200,27200,873
2026-04-09 10:17:00,27200,27200,27200,27200,169
2026-04-09 10:18:00,27250,27300,27250,27250,201
2026-04-09 10:19:00,27250,27250,27200,27200,250
2026-04-09 10:20:00,27200,27200,27100,27200,1589
2026-04-09 10:21:00,27150,27250,27150,27200,68
2026-04-09 10:22:00,27200,27250,27150,27200,732
2026-04-09 10:23:00,27200,27200,27100,27150,55
2026-04-09 10:24:00,27150,27150,27050,27050,2403
2026-04-09 10:25:00,27100,27150,27050,27050,1094
2026-04-09 10:27:00,27050,27200,27050,27200,260
2026-04-09 10:28:00,27200,27300,27200,27300,805
2026-04-09 10:29:00,27300,27300,27300,27300,77
2026-04-09 10:30:00,27300,27300,27200,27200,335
2026-04-09 10:31:00,27200,27350,27200,27200,337
2026-04-09 10:32:00,27300,27300,27200,27250,94
2026-04-09 10:33:00,27250,27300,27200,27300,242
2026-04-09 10:34:00,27300,27350,27300,27350,388
2026-04-09 10:35:00,27400,27400,27350,27400,79
2026-04-09 10:36:00,27400,27400,27300,27300,251
2026-04-09 10:37:00,27300,27350,27300,27350,253
2026-04-09 10:38:00,27350,27450,27350,27450,172
2026-04-09 10:39:00,27450,27500,27400,27450,102
2026-04-09 10:40:00,27450,27500,27400,27500,104
2026-04-09 10:41:00,27500,27500,27350,27350,335
2026-04-09 10:42:00,27400,27400,27300,27300,34
2026-04-09 10:43:00,27350,27400,27350,27400,303
2026-04-09 10:44:00,27450,27450,27350,27350,344
2026-04-09 10:45:00,27350,27350,27350,27350,13
2026-04-09 10:46:00,27350,27450,27300,27450,1590
2026-04-09 10:47:00,27450,27450,27400,27450,752
2026-04-09 10:48:00,27400,27400,27350,27350,257
2026-04-09 10:49:00,27400,27450,27400,27400,87
2026-04-09 10:50:00,27400,27400,27350,27400,111
2026-04-09 10:51:00,27350,27400,27350,27400,84
2026-04-09 10:52:00,27450,27600,27450,27600,551
2026-04-09 10:53:00,27600,27650,27550,27650,512
2026-04-09 10:54:00,27650,27650,27650,27650,1
2026-04-09 10:55:00,27650,27950,27650,27700,287
2026-04-09 10:56:00,27700,27700,27700,27700,6
2026-04-09 10:57:00,27650,27650,27650,27650,175
2026-04-09 10:58:00,27650,27950,27650,27900,14
2026-04-09 10:59:00,27850,27850,27800,27800,79
2026-04-09 11:00:00,27800,27900,27800,27850,57
2026-04-09 11:01:00,27900,27900,27900,27900,511
2026-04-09 11:02:00,27850,27900,27850,27850,222
2026-04-09 11:03:00,27850,27850,27800,27800,197
2026-04-09 11:04:00,27850,27850,27800,27800,89
2026-04-09 11:05:00,27800,27800,27800,27800,5
2026-04-09 11:06:00,27750,27750,27750,27750,428
2026-04-09 11:07:00,27700,27900,27700,27850,217
2026-04-09 11:08:00,27850,27850,27800,27850,6
2026-04-09 11:09:00,27800,27800,27750,27800,117
2026-04-09 11:10:00,27700,27700,27700,27700,9
2026-04-09 11:11:00,27750,27750,27700,27700,10
2026-04-09 11:12:00,27700,27700,27700,27700,124
2026-04-09 11:13:00,27750,27750,27700,27750,332
2026-04-09 11:14:00,27700,27850,27700,27850,800
2026-04-09 11:15:00,27750,28150,27750,28150,7162
2026-04-09 11:16:00,28000,28100,28000,28100,200
2026-04-09 11:17:00,28050,28050,28050,28050,2
2026-04-09 11:18:00,27950,27950,27900,27900,161
2026-04-09 11:19:00,27900,27900,27850,27900,102
2026-04-09 11:20:00,27900,27950,27900,27950,12
2026-04-09 11:21:00,28000,28000,27950,27950,12
2026-04-09 11:22:00,27950,28000,27950,28000,173
2026-04-09 11:23:00,27950,27950,27950,27950,49
2026-04-09 11:24:00,27950,27950,27850,27850,86
2026-04-09 11:25:00,27900,27900,27850,27850,7
2026-04-09 11:26:00,27850,27950,27850,27950,15
2026-04-09 11:27:00,27900,27900,27800,27800,537
2026-04-09 11:28:00,27850,28050,27850,28050,15
2026-04-09 11:29:00,27950,28000,27900,27900,83
2026-04-09 11:30:00,27950,27950,27900,27900,80
2026-04-09 11:31:00,27850,27850,27850,27850,57
2026-04-09 11:32:00,27850,28050,27650,27850,764
2026-04-09 11:33:00,27850,27850,27850,27850,12
2026-04-09 11:34:00,27850,27850,27650,27750,1128
2026-04-09 11:35:00,27750,27750,27700,27750,20
2026-04-09 11:36:00,27750,27750,27650,27700,221
2026-04-09 11:37:00,27700,27700,27650,27650,14
2026-04-09 11:38:00,27700,27700,27700,27700,8
2026-04-09 11:39:00,27700,27700,27700,27700,69
2026-04-09 11:40:00,27700,27700,27650,27650,16
2026-04-09 11:41:00,27650,27650,27650,27650,177
2026-04-09 11:42:00,27700,27750,27700,27700,11
2026-04-09 11:43:00,27700,27700,27700,27700,29
2026-04-09 11:44:00,27700,27700,27700,27700,106
2026-04-09 11:45:00,27650,27650,27650,27650,13
2026-04-09 11:46:00,27650,27950,27650,27950,71
2026-04-09 11:47:00,27750,27750,27750,27750,70
2026-04-09 11:48:00,27800,27800,27800,27800,20
2026-04-09 11:49:00,27750,27750,27650,27650,2
2026-04-09 11:50:00,27650,27650,27650,27650,10
2026-04-09 11:51:00,27700,27750,27700,27750,301
2026-04-09 11:52:00,27700,27700,27700,27700,59
2026-04-09 11:54:00,27650,27800,27650,27800,123
2026-04-09 11:55:00,27750,27800,27750,27800,20
2026-04-09 11:56:00,27850,27850,27850,27850,6
2026-04-09 11:57:00,27750,27750,27750,27750,9
2026-04-09 11:58:00,27750,27750,27700,27700,162
2026-04-09 12:00:00,27750,27750,27750,27750,9
2026-04-09 12:01:00,27700,27700,27650,27700,559
2026-04-09 12:02:00,27700,27700,27700,27700,66
2026-04-09 12:03:00,27700,27850,27650,27850,29
2026-04-09 12:04:00,27700,27700,27700,27700,22
2026-04-09 12:06:00,27700,27700,27650,27650,155
2026-04-09 12:08:00,27600,27600,27600,27600,10
2026-04-09 12:09:00,27600,27650,27600,27650,122
2026-04-09 12:10:00,27650,27650,27600,27650,21
2026-04-09 12:11:00,27600,27600,27600,27600,345
2026-04-09 12:13:00,27600,27650,27600,27650,410
2026-04-09 12:14:00,27600,27600,27550,27550,226
2026-04-09 12:16:00,27550,27550,27550,27550,309
2026-04-09 12:17:00,27650,27700,27650,27700,282
2026-04-09 12:18:00,27650,27650,27650,27650,27
2026-04-09 12:20:00,27600,27600,27550,27550,120
2026-04-09 12:21:00,27550,27650,27550,27650,276
2026-04-09 12:23:00,27650,27650,27650,27650,31
2026-04-09 12:24:00,27650,27650,27650,27650,123
2026-04-09 12:25:00,27650,27650,27650,27650,20
2026-04-09 12:26:00,27650,27650,27550,27600,174
2026-04-09 12:27:00,27600,27600,27600,27600,18
2026-04-09 12:28:00,27600,27600,27550,27550,55
2026-04-09 12:29:00,27650,27650,27500,27600,29
2026-04-09 12:30:00,27600,27600,27600,27600,54
2026-04-09 12:31:00,27600,27600,27500,27550,173
2026-04-09 12:32:00,27650,27650,27650,27650,37
2026-04-09 12:33:00,27650,27650,27650,27650,48
2026-04-09 12:34:00,27650,27700,27650,27700,160
2026-04-09 12:36:00,27700,27700,27700,27700,59
2026-04-09 12:37:00,27700,27700,27700,27700,754
2026-04-09 12:38:00,27750,27750,27750,27750,21
2026-04-09 12:39:00,27700,27700,27650,27650,54
2026-04-09 12:40:00,27650,27650,27650,27650,21
2026-04-09 12:41:00,27650,27650,27550,27600,178
2026-04-09 12:42:00,27600,27600,27600,27600,10
2026-04-09 12:44:00,27550,27550,27550,27550,118
2026-04-09 12:45:00,27550,27650,27550,27650,45
2026-04-09 12:46:00,27550,27550,27450,27500,407
2026-04-09 12:47:00,27500,27500,27500,27500,13
2026-04-09 12:48:00,27500,27500,27450,27450,90
2026-04-09 12:49:00,27450,27600,27450,27600,26
2026-04-09 12:50:00,27650,27650,27650,27650,24
2026-04-09 12:51:00,27600,27600,27500,27550,159
2026-04-09 12:52:00,27625,27700,27550,27550,13
2026-04-09 12:54:00,27550,27550,27550,27550,1
2026-04-09 12:55:00,27550,27550,27500,27500,336
2026-04-09 12:56:00,27500,27500,27500,27500,1
2026-04-09 12:58:00,27500,27500,27500,27500,115
2026-04-09 12:59:00,27500,27500,27450,27500,142
2026-04-09 13:00:00,27500,27600,27500,27600,13
2026-04-09 13:01:00,27500,27500,27450,27500,306
2026-04-09 13:02:00,27550,27550,27550,27550,20
2026-04-09 13:03:00,27550,27550,27500,27550,108
2026-04-09 13:06:00,27550,27550,27550,27550,63
2026-04-09 13:07:00,27550,27550,27500,27550,41
2026-04-09 13:08:00,27550,27550,27500,27500,29
2026-04-09 13:09:00,27500,27500,27450,27500,25
2026-04-09 13:10:00,27500,27500,27500,27500,18
2026-04-09 13:11:00,27500,27500,27450,27500,3207
2026-04-09 13:12:00,27450,27450,27450,27450,1
2026-04-09 13:13:00,27450,27450,27400,27400,289
2026-04-09 13:14:00,27400,27600,27400,27600,127
2026-04-09 13:15:00,27550,27550,27550,27550,26
2026-04-09 13:16:00,27500,27500,27500,27500,69
2026-04-09 13:17:00,27500,27500,27350,27450,1120
2026-04-09 13:18:00,27450,27450,27450,27450,38
2026-04-09 13:20:00,27450,27450,27450,27450,64
2026-04-09 13:21:00,27450,27450,27400,27400,172
2026-04-09 13:22:00,27400,27500,27400,27450,59
2026-04-09 13:23:00,27450,27450,27450,27450,13
2026-04-09 13:24:00,27450,27450,27450,27450,165
2026-04-09 13:25:00,27450,27450,27450,27450,102
2026-04-09 13:26:00,27450,27450,27450,27450,20
2026-04-09 13:27:00,27450,27450,27400,27400,356
2026-04-09 13:28:00,27450,27600,27450,27550,888
2026-04-09 13:29:00,27550,27600,27550,27600,176
2026-04-09 13:30:00,27500,27500,27500,27500,1
2026-04-09 13:32:00,27400,27400,27400,27400,11
2026-04-09 13:33:00,27450,27450,27400,27400,223
2026-04-09 13:34:00,27450,27650,27450,27650,63
2026-04-09 13:36:00,27550,27550,27550,27550,137
2026-04-09 13:37:00,27550,27550,27500,27500,18
2026-04-09 13:38:00,27500,27550,27500,27500,414
2026-04-09 13:39:00,27550,27550,27550,27550,125
2026-04-09 13:40:00,27550,27550,27500,27500,45
2026-04-09 13:41:00,27500,27550,27500,27550,173
2026-04-09 13:42:00,27550,27550,27450,27500,117
2026-04-09 13:43:00,27500,27500,27450,27450,46
2026-04-09 13:44:00,27450,27500,27450,27500,72
2026-04-09 13:45:00,27500,27500,27500,27500,121
2026-04-09 13:47:00,27450,27450,27450,27450,1
2026-04-09 13:48:00,27500,27500,27450,27500,203
2026-04-09 13:49:00,27500,27500,27500,27500,50
2026-04-09 13:50:00,27500,27500,27500,27500,7
2026-04-09 13:51:00,27500,27500,27500,27500,53
2026-04-09 13:52:00,27500,27500,27500,27500,10
2026-04-09 13:53:00,27450,27450,27450,27450,200
2026-04-09 13:54:00,27450,27450,27450,27450,1
2026-04-09 13:55:00,27450,27450,27450,27450,150
2026-04-09 13:56:00,27400,27500,27400,27500,253
2026-04-09 13:57:00,27400,27400,27400,27400,148
2026-04-09 13:58:00,27400,27450,27400,27450,202
2026-04-09 13:59:00,27400,27400,27400,27400,78
2026-04-09 14:00:00,27450,27600,27450,27600,1057
2026-04-09 14:01:00,27600,27600,27600,27600,16
2026-04-09 14:03:00,27550,27550,27450,27450,189
2026-04-09 14:04:00,27500,27500,27500,27500,10
2026-04-09 14:05:00,27450,27450,27450,27450,144
2026-04-09 14:06:00,27500,27500,27450,27450,23
2026-04-09 14:07:00,27450,27500,27450,27450,7
2026-04-09 14:08:00,27450,27450,27450,27450,75
2026-04-09 14:09:00,27450,27500,27400,27500,653
2026-04-09 14:10:00,27400,27500,27400,27450,306
2026-04-09 14:11:00,27400,27450,27400,27450,10
2026-04-09 14:13:00,27450,27500,27450,27450,594
2026-04-09 14:14:00,27400,27450,27400,27450,2826
2026-04-09 14:15:00,27650,27650,27650,27650,7
2026-04-09 14:16:00,27450,27600,27450,27550,433
2026-04-09 14:17:00,27550,27550,27450,27450,5
2026-04-09 14:18:00,27550,27550,27550,27550,132
2026-04-09 14:19:00,27500,27500,27500,27500,12
2026-04-09 14:20:00,27450,27450,27450,27450,135
2026-04-09 14:21:00,27450,27600,27450,27600,14
2026-04-09 14:22:00,27500,27500,27500,27500,11
2026-04-09 14:24:00,27500,27600,27500,27500,596
2026-04-09 14:25:00,27500,27550,27500,27550,11
2026-04-09 14:26:00,27450,27600,27450,27600,220
2026-04-09 14:28:00,27550,27550,27500,27550,123
2026-04-09 14:29:00,27500,27500,27500,27500,13
2026-04-09 14:30:00,27500,27600,27500,27550,477
2026-04-09 14:31:00,27550,27550,27550,27550,6
2026-04-09 14:32:00,27500,27500,27500,27500,5
2026-04-09 14:33:00,27450,27600,27450,27600,71
2026-04-09 14:34:00,27550,27550,27550,27550,12
2026-04-09 14:35:00,27550,27650,27550,27650,10
2026-04-09 14:36:00,27600,27600,27500,27550,52
2026-04-09 14:37:00,27550,27550,27550,27550,156
2026-04-09 14:38:00,27500,27600,27450,27600,114
2026-04-09 14:39:00,27550,27550,27550,27550,11
2026-04-09 14:40:00,27600,27600,27550,27550,172
2026-04-09 14:41:00,27550,27600,27550,27600,12
2026-04-09 14:42:00,27550,27600,27550,27600,9
2026-04-09 14:43:00,27550,27550,27550,27550,5
2026-04-09 14:44:00,27500,27500,27500,27500,12
2026-04-09 14:45:00,27550,27550,27500,27550,226
2026-04-09 14:46:00,27550,27550,27550,27550,61
2026-04-09 14:47:00,27550,27550,27550,27550,6
2026-04-09 14:48:00,27500,27550,27450,27450,107
2026-04-09 14:49:00,27550,27550,27550,27550,12
2026-04-09 14:50:00,27500,27550,27500,27550,133
2026-04-09 14:51:00,27550,27550,27450,27450,115
2026-04-09 14:52:00,27500,27550,27500,27550,149
2026-04-09 14:53:00,27500,27500,27450,27450,250
2026-04-09 14:54:00,27450,27500,27450,27450,246
2026-04-09 14:55:00,27450,27450,27450,27450,164
2026-04-09 14:56:00,27500,27500,27500,27500,1
2026-04-09 14:58:00,27500,27500,27500,27500,78
2026-04-09 14:59:00,27500,27500,27500,27500,20
2026-04-09 15:00:00,27500,27650,27500,27550,190
2026-04-09 15:01:00,27600,27600,27600,27600,25
2026-04-09 15:02:00,27600,27600,27600,27600,62
2026-04-09 15:03:00,27550,27550,27500,27500,156
2026-04-09 15:05:00,27500,27500,27500,27500,540
2026-04-09 15:07:00,27500,27500,27500,27500,344
2026-04-09 15:08:00,27550,27550,27550,27550,108
2026-04-09 15:09:00,27550,27550,27450,27450,599
2026-04-09 15:10:00,27500,27500,27400,27500,329
2026-04-09 15:11:00,27500,27500,27500,27500,11
2026-04-09 15:12:00,27500,27500,27450,27500,76
2026-04-09 15:13:00,27450,27550,27450,27550,189
2026-04-09 15:14:00,27550,27600,27550,27600,5
2026-04-09 15:15:00,27600,27600,27500,27550,446
2026-04-09 15:16:00,27400,27550,27400,27500,1149
2026-04-09 15:17:00,27400,27650,27400,27550,502
2026-04-09 15:18:00,27600,27600,27500,27550,157
2026-04-09 15:19:00,27500,27700,27450,27700,308
2026-04-09 15:30:00,27700,27700,27700,27700,668
2026-04-09 15:35:00,27700,27700,27700,27700,142
2026-04-10 09:00:00,27600,27850,27600,27850,537
2026-04-10 09:01:00,27900,28100,27850,28100,123
2026-04-10 09:02:00,28100,28100,27750,27750,260
2026-04-10 09:03:00,27800,28000,27750,27950,292
2026-04-10 09:04:00,27900,27900,27600,27600,1277
2026-04-10 09:05:00,27600,27650,27500,27650,48
2026-04-10 09:06:00,27650,27700,27400,27550,4606
2026-04-10 09:07:00,27800,27850,27650,27850,407
2026-04-10 09:08:00,27900,27950,27850,27850,2170
2026-04-10 09:09:00,27850,28250,27850,28200,340
2026-04-10 09:10:00,28100,28200,28050,28100,326
2026-04-10 09:11:00,28100,28350,28100,28350,476
2026-04-10 09:12:00,28350,28350,28100,28100,896
2026-04-10 09:13:00,28100,28250,28100,28100,29
2026-04-10 09:14:00,28250,28250,27900,28000,3693
2026-04-10 09:15:00,28050,28050,28050,28050,158
2026-04-10 09:16:00,28050,28050,27900,27900,615
2026-04-10 09:17:00,27950,28000,27850,27900,2532
2026-04-10 09:18:00,27950,28100,27950,28000,644
2026-04-10 09:19:00,28000,28150,28000,28150,27
2026-04-10 09:20:00,28150,28250,28050,28250,722
2026-04-10 09:21:00,28250,28250,28100,28100,1104
2026-04-10 09:22:00,28100,28100,28100,28100,610
2026-04-10 09:23:00,28100,28500,28100,28500,2338
2026-04-10 09:24:00,28500,28550,28400,28550,2940
2026-04-10 09:25:00,28550,28600,28450,28600,189
2026-04-10 09:26:00,28500,28600,28350,28450,3613
2026-04-10 09:27:00,28450,28500,28350,28450,112
2026-04-10 09:28:00,28450,28450,28300,28300,233
2026-04-10 09:29:00,28300,28450,28300,28450,253
2026-04-10 09:30:00,28300,28300,28300,28300,7
2026-04-10 09:31:00,28400,28450,28350,28350,1030
2026-04-10 09:32:00,28550,28550,28400,28400,146
2026-04-10 09:33:00,28400,28400,28400,28400,6
2026-04-10 09:34:00,28400,28550,28350,28350,519
2026-04-10 09:35:00,28550,28600,28350,28550,111
2026-04-10 09:36:00,28550,28600,28400,28500,243
2026-04-10 09:37:00,28500,28500,28350,28450,44
2026-04-10 09:38:00,28400,28600,28400,28600,118
2026-04-10 09:39:00,28600,28750,28600,28750,2552
2026-04-10 09:40:00,28700,28800,28700,28800,234
2026-04-10 09:41:00,28800,28800,28750,28800,476
2026-04-10 09:42:00,28700,28800,28700,28700,726
2026-04-10 09:43:00,28600,28600,28600,28600,4185
2026-04-10 09:44:00,28600,28750,28600,28750,296
2026-04-10 09:45:00,28750,28750,28750,28750,83
2026-04-10 09:46:00,28750,28800,28600,28800,428
2026-04-10 09:47:00,28800,28800,28600,28750,318
2026-04-10 09:48:00,28700,28700,28650,28650,52
2026-04-10 09:49:00,28750,28750,28750,28750,220
2026-04-10 09:50:00,28750,28750,28700,28700,30
2026-04-10 09:51:00,28700,28800,28700,28800,540
2026-04-10 09:52:00,28700,28850,28700,28850,964
2026-04-10 09:53:00,28800,28950,28750,28850,3810
2026-04-10 09:54:00,28800,28850,28800,28800,56
2026-04-10 09:55:00,28800,28800,28700,28700,1140
2026-04-10 09:56:00,28800,28800,28800,28800,11
2026-04-10 09:57:00,28850,28950,28850,28850,247
2026-04-10 09:58:00,28850,28950,28850,28950,696
2026-04-10 09:59:00,28900,28950,28900,28950,23
2026-04-10 10:00:00,28950,29100,28850,29050,4006
2026-04-10 10:01:00,29050,29100,28900,29050,293
2026-04-10 10:02:00,29050,29150,29000,29100,54
2026-04-10 10:03:00,29150,29200,29000,29000,3026
2026-04-10 10:04:00,29000,29200,29000,29000,520
2026-04-10 10:05:00,29150,29150,28950,29050,122
2026-04-10 10:06:00,29050,29050,28950,29000,95
2026-04-10 10:07:00,29000,29000,28950,29000,76
2026-04-10 10:08:00,29000,29050,29000,29050,51
2026-04-10 10:09:00,29050,29050,28900,29050,62
2026-04-10 10:10:00,28900,28900,28750,28750,2889
2026-04-10 10:11:00,28750,28750,28350,28500,7519
2026-04-10 10:12:00,28450,28450,28450,28450,4
2026-04-10 10:13:00,28400,28500,28400,28500,15
2026-04-10 10:14:00,28450,28450,28450,28450,2
2026-04-10 10:15:00,28500,28500,28500,28500,1
2026-04-10 10:16:00,28500,28600,28500,28500,65
2026-04-10 10:17:00,28500,28500,28500,28500,173
2026-04-10 10:18:00,28500,28500,28450,28450,22
2026-04-10 10:19:00,28550,28600,28450,28600,43
2026-04-10 10:20:00,28550,28650,28500,28600,161
2026-04-10 10:21:00,28500,28500,28400,28450,1177
2026-04-10 10:22:00,28400,28425,28350,28350,142
2026-04-10 10:23:00,28350,28400,28350,28350,33
2026-04-10 10:24:00,28350,28350,28350,28350,55
2026-04-10 10:25:00,28300,28400,28250,28250,780
2026-04-10 10:26:00,28250,28300,28250,28300,69
2026-04-10 10:27:00,28350,28400,28300,28300,112
2026-04-10 10:28:00,28300,28300,28300,28300,207
2026-04-10 10:29:00,28350,28400,28250,28400,735
2026-04-10 10:30:00,28200,28300,28200,28200,107
2026-04-10 10:31:00,28200,28300,28200,28300,53
2026-04-10 10:32:00,28300,28350,28250,28300,249
2026-04-10 10:33:00,28300,28300,28300,28300,9
2026-04-10 10:34:00,28300,28300,28250,28300,217
2026-04-10 10:35:00,28300,28350,28300,28350,3
2026-04-10 10:36:00,28350,28350,28350,28350,1
2026-04-10 10:37:00,28300,28300,28300,28300,101
2026-04-10 10:38:00,28350,28350,28300,28350,48
2026-04-10 10:39:00,28300,28300,28300,28300,59
2026-04-10 10:40:00,28300,28300,28200,28200,600
2026-04-10 10:41:00,28200,28300,28150,28300,11
2026-04-10 10:42:00,28250,28250,28150,28200,187
2026-04-10 10:43:00,28200,28200,28150,28150,3
2026-04-10 10:44:00,28200,28200,28200,28200,119
2026-04-10 10:45:00,28150,28200,28150,28200,89
2026-04-10 10:46:00,28150,28150,28000,28000,2098
2026-04-10 10:47:00,28000,28000,27950,27950,53
2026-04-10 10:48:00,27950,27950,27950,27950,1
2026-04-10 10:49:00,27950,28350,27950,28350,290
2026-04-10 10:50:00,28150,28150,28100,28150,27
2026-04-10 10:51:00,28150,28200,28150,28150,275
2026-04-10 10:52:00,28100,28100,28050,28050,59
2026-04-10 10:53:00,28000,28000,28000,28000,3
2026-04-10 10:54:00,28050,28100,28000,28100,168
2026-04-10 10:55:00,28150,28200,28100,28200,350
2026-04-10 10:56:00,28250,28250,28200,28200,158
2026-04-10 10:57:00,28200,28200,28200,28200,6
2026-04-10 10:58:00,28200,28250,28200,28250,52
2026-04-10 10:59:00,28250,28350,28250,28250,25
2026-04-10 11:00:00,28250,28300,28250,28300,25
2026-04-10 11:01:00,28250,28300,28250,28250,4
2026-04-10 11:02:00,28250,28250,28250,28250,1
2026-04-10 11:03:00,28250,28650,28250,28650,752
2026-04-10 11:04:00,28300,28350,28250,28250,2222
2026-04-10 11:05:00,28250,28300,28250,28250,800
2026-04-10 11:06:00,28200,28200,27950,27950,9058
2026-04-10 11:07:00,28000,28150,28000,28100,486
2026-04-10 11:09:00,28100,28150,28050,28150,20
2026-04-10 11:10:00,28100,28100,28100,28100,27
2026-04-10 11:11:00,28100,28150,28100,28150,398
2026-04-10 11:12:00,28150,28150,28150,28150,10
2026-04-10 11:13:00,28150,28200,28100,28200,13
2026-04-10 11:14:00,28100,28150,28100,28100,23
2026-04-10 11:15:00,28100,28100,28100,28100,12
2026-04-10 11:16:00,28150,28150,28150,28150,50
2026-04-10 11:17:00,28150,28200,28150,28150,121
2026-04-10 11:18:00,28100,28150,28100,28100,16
2026-04-10 11:19:00,28150,28200,28100,28200,623
2026-04-10 11:20:00,28100,28200,28100,28100,17
2026-04-10 11:21:00,28150,28150,28050,28050,379
2026-04-10 11:22:00,28050,28150,28050,28050,66
2026-04-10 11:23:00,28150,28200,28150,28200,55
2026-04-10 11:24:00,28150,28200,28100,28100,7
2026-04-10 11:25:00,28100,28250,28050,28250,87
2026-04-10 11:26:00,28250,28250,28250,28250,1
2026-04-10 11:27:00,28100,28150,28100,28150,82
2026-04-10 11:28:00,28100,28250,28050,28250,11
2026-04-10 11:29:00,28200,28250,28100,28100,258
2026-04-10 11:30:00,28100,28200,28100,28150,55
2026-04-10 11:31:00,28150,28200,28100,28100,48
2026-04-10 11:32:00,28150,28150,28050,28150,357
2026-04-10 11:33:00,28050,28050,28050,28050,21
2026-04-10 11:34:00,28050,28250,28050,28050,226
2026-04-10 11:35:00,28100,28100,28050,28050,5
2026-04-10 11:36:00,28100,28250,28050,28200,15
2026-04-10 11:37:00,28100,28200,28100,28200,28
2026-04-10 11:38:00,28200,28200,27950,27950,3231
2026-04-10 11:39:00,27950,28050,27900,27900,132
2026-04-10 11:40:00,27950,28000,27950,27950,36
2026-04-10 11:41:00,27950,28000,27950,27950,337
2026-04-10 11:42:00,27900,27950,27900,27950,173
2026-04-10 11:43:00,27900,28000,27900,27950,921
2026-04-10 11:44:00,27950,28000,27900,27900,12
2026-04-10 11:45:00,27900,28000,27900,27900,167
2026-04-10 11:46:00,27900,28050,27900,27950,52
2026-04-10 11:47:00,27900,27900,27900,27900,12
2026-04-10 11:48:00,27900,28050,27900,28050,4
2026-04-10 11:49:00,28000,28000,27950,27950,5
2026-04-10 11:50:00,27950,28050,27950,28050,43
2026-04-10 11:51:00,28000,28000,28000,28000,11
2026-04-10 11:52:00,28000,28000,28000,28000,4
2026-04-10 11:53:00,28000,28050,28000,28050,86
2026-04-10 11:54:00,28000,28050,28000,28000,58
2026-04-10 11:55:00,28050,28100,28050,28050,10
2026-04-10 11:56:00,28050,28050,28050,28050,17
2026-04-10 11:57:00,28075,28100,28075,28100,21
2026-04-10 11:58:00,28075,28075,28075,28075,10
2026-04-10 11:59:00,28075,28100,28075,28100,54
2026-04-10 12:00:00,28100,28150,28100,28100,77
2026-04-10 12:01:00,28150,28150,28100,28100,23
2026-04-10 12:02:00,28100,28150,28100,28150,189
2026-04-10 12:03:00,28125,28125,28125,28125,3
2026-04-10 12:04:00,28125,28150,28125,28150,36
2026-04-10 12:05:00,28125,28125,28100,28100,17
2026-04-10 12:06:00,28100,28100,28050,28100,14
2026-04-10 12:07:00,28050,28050,28050,28050,1
2026-04-10 12:08:00,28100,28100,28050,28100,34
2026-04-10 12:09:00,28050,28100,28050,28050,26
2026-04-10 12:10:00,28050,28100,28050,28050,13
2026-04-10 12:11:00,28100,28100,28050,28100,38
2026-04-10 12:12:00,28100,28100,27950,27950,421
2026-04-10 12:13:00,27950,28150,27950,28150,354
2026-04-10 12:14:00,28050,28050,28050,28050,2
2026-04-10 12:15:00,28025,28025,28025,28025,1
2026-04-10 12:16:00,28000,28000,27950,27950,18
2026-04-10 12:17:00,27950,28000,27800,28000,3925
2026-04-10 12:18:00,27900,27900,27850,27850,15
2026-04-10 12:19:00,27900,27900,27900,27900,1
2026-04-10 12:20:00,27800,27900,27800,27900,181
2026-04-10 12:21:00,27850,27850,27850,27850,9
2026-04-10 12:22:00,27800,27900,27800,27850,819
2026-04-10 12:23:00,27850,27850,27800,27850,56
2026-04-10 12:24:00,27850,27850,27800,27850,37
2026-04-10 12:25:00,27850,27950,27800,27850,434
2026-04-10 12:26:00,27850,27850,27800,27800,14
2026-04-10 12:27:00,27900,27900,27850,27850,37
2026-04-10 12:28:00,27850,27950,27800,27800,354
2026-04-10 12:29:00,27900,27900,27750,27800,421
2026-04-10 12:30:00,27800,27800,27750,27800,55
2026-04-10 12:31:00,27750,27800,27750,27800,307
2026-04-10 12:32:00,27800,27850,27800,27800,297
2026-04-10 12:33:00,27800,27850,27750,27850,74
2026-04-10 12:34:00,27850,27850,27850,27850,2
2026-04-10 12:35:00,27800,27800,27800,27800,190
2026-04-10 12:36:00,27800,27850,27800,27800,11
2026-04-10 12:37:00,27850,27850,27850,27850,5
2026-04-10 12:38:00,27800,27850,27800,27850,154
2026-04-10 12:39:00,27850,27850,27850,27850,85
2026-04-10 12:40:00,27800,27900,27800,27900,54
2026-04-10 12:41:00,27850,27850,27800,27850,40
2026-04-10 12:42:00,27800,27850,27800,27850,171
2026-04-10 12:43:00,27850,27850,27800,27800,36
2026-04-10 12:44:00,27850,27850,27850,27850,106
2026-04-10 12:45:00,27900,27900,27850,27900,52
2026-04-10 12:46:00,27900,27900,27900,27900,22
2026-04-10 12:47:00,27950,27950,27850,27850,127
2026-04-10 12:49:00,27850,27850,27850,27850,2
2026-04-10 12:50:00,27900,27900,27850,27900,77
2026-04-10 12:51:00,27850,27900,27850,27900,25
2026-04-10 12:52:00,27850,27900,27850,27850,44
2026-04-10 12:53:00,27900,27950,27900,27950,156
2026-04-10 12:54:00,27850,27950,27850,27950,7
2026-04-10 12:55:00,27900,27900,27900,27900,56
2026-04-10 12:56:00,27900,27900,27850,27900,15
2026-04-10 12:57:00,27900,27900,27850,27850,11
2026-04-10 12:58:00,27850,27850,27850,27850,1
2026-04-10 12:59:00,27900,27900,27850,27850,14
2026-04-10 13:00:00,27850,27900,27850,27900,17
2026-04-10 13:01:00,27900,27900,27850,27900,113
2026-04-10 13:02:00,27900,27950,27850,27950,148
2026-04-10 13:03:00,27950,27950,27850,27950,43
2026-04-10 13:04:00,27900,27900,27850,27850,51
2026-04-10 13:05:00,27850,27900,27850,27850,86
2026-04-10 13:06:00,27900,27900,27900,27900,17
2026-04-10 13:07:00,27900,27900,27850,27850,550
2026-04-10 13:08:00,27850,27900,27850,27900,187
2026-04-10 13:09:00,27900,27900,27850,27850,12
2026-04-10 13:10:00,27850,27900,27850,27900,13
2026-04-10 13:12:00,27850,27900,27850,27900,71
2026-04-10 13:13:00,27850,27850,27750,27750,1808
2026-04-10 13:14:00,27800,27850,27750,27800,37
2026-04-10 13:15:00,27850,27850,27800,27850,23
2026-04-10 13:16:00,27850,27850,27700,27700,5167
2026-04-10 13:17:00,27650,27700,27650,27700,29
2026-04-10 13:18:00,27750,27750,27700,27700,430
2026-04-10 13:19:00,27800,27800,27700,27700,93
2026-04-10 13:20:00,27750,27750,27750,27750,17
2026-04-10 13:21:00,27750,27800,27750,27800,15
2026-04-10 13:22:00,27750,27750,27750,27750,107
2026-04-10 13:23:00,27750,27750,27750,27750,24
2026-04-10 13:24:00,27750,27800,27750,27750,72
2026-04-10 13:25:00,27750,27800,27750,27800,232
2026-04-10 13:26:00,27750,27800,27750,27750,34
2026-04-10 13:27:00,27800,27800,27750,27750,18
2026-04-10 13:28:00,27750,27800,27750,27800,18
2026-04-10 13:29:00,27800,27800,27750,27750,34
2026-04-10 13:30:00,27800,27850,27750,27850,60
2026-04-10 13:31:00,27750,27850,27750,27800,148
2026-04-10 13:32:00,27850,27900,27800,27850,118
2026-04-10 13:33:00,27800,27850,27800,27850,21
2026-04-10 13:34:00,27850,27950,27850,27950,91
2026-04-10 13:35:00,27850,27900,27850,27850,33
2026-04-10 13:36:00,27950,28000,27900,28000,2248
2026-04-10 13:37:00,28000,28000,27950,28000,98
2026-04-10 13:38:00,28000,28000,27950,28000,718
2026-04-10 13:39:00,28000,28050,27950,28050,2039
2026-04-10 13:40:00,27950,28050,27950,28050,64
2026-04-10 13:41:00,28050,28050,28000,28000,42
2026-04-10 13:42:00,28050,28050,28000,28000,146
2026-04-10 13:43:00,28050,28050,28000,28000,76
2026-04-10 13:44:00,28000,28050,28000,28000,109
2026-04-10 13:45:00,28050,28050,28000,28050,86
2026-04-10 13:46:00,28050,28050,28000,28050,46
2026-04-10 13:47:00,28050,28050,28000,28050,158
2026-04-10 13:48:00,28050,28050,28000,28000,32
2026-04-10 13:49:00,28000,28050,28000,28000,453
2026-04-10 13:50:00,28050,28050,28000,28000,119
2026-04-10 13:51:00,28000,28050,27950,27950,93
2026-04-10 13:52:00,27950,27950,27950,27950,77
2026-04-10 13:53:00,27950,28000,27950,27950,15
2026-04-10 13:54:00,27950,28000,27950,28000,59
2026-04-10 13:55:00,27950,27950,27750,27750,8408
2026-04-10 13:56:00,27750,27750,27700,27700,74
2026-04-10 13:57:00,27700,27700,27700,27700,43
2026-04-10 13:58:00,27700,27700,27650,27700,70
2026-04-10 13:59:00,27650,27700,27650,27700,30
2026-04-10 14:00:00,27700,27750,27650,27700,756
2026-04-10 14:01:00,27700,27700,27700,27700,37
2026-04-10 14:02:00,27700,27800,27700,27800,28
2026-04-10 14:03:00,27750,27850,27700,27700,57
2026-04-10 14:04:00,27750,27750,27750,27750,100
2026-04-10 14:05:00,27800,27850,27750,27750,51
2026-04-10 14:06:00,27700,27850,27700,27800,148
2026-04-10 14:07:00,27800,28100,27750,27750,292
2026-04-10 14:08:00,27750,27750,27750,27750,10
2026-04-10 14:09:00,27900,27900,27800,27850,29
2026-04-10 14:10:00,27850,27850,27800,27850,25
2026-04-10 14:11:00,27850,27850,27850,27850,2
2026-04-10 14:12:00,27850,27950,27800,27950,170
2026-04-10 14:13:00,27950,27950,27800,27900,405
2026-04-10 14:14:00,27900,27900,27800,27800,140
2026-04-10 14:15:00,27800,27850,27750,27850,1049
2026-04-10 14:16:00,27850,27850,27750,27800,142
2026-04-10 14:17:00,27800,27900,27800,27900,259
2026-04-10 14:18:00,27850,28050,27850,28050,128
2026-04-10 14:19:00,27850,28000,27800,27950,55
2026-04-10 14:20:00,28000,28000,27850,27950,147
2026-04-10 14:21:00,27900,27900,27900,27900,18
2026-04-10 14:22:00,27850,27900,27850,27850,41
2026-04-10 14:23:00,27900,28000,27900,28000,89
2026-04-10 14:24:00,27900,28000,27900,27900,104
2026-04-10 14:25:00,28050,28050,27900,27950,41
2026-04-10 14:26:00,27900,27900,27800,27800,1110
2026-04-10 14:27:00,27900,27950,27800,27950,104
2026-04-10 14:28:00,27950,27950,27850,27950,50
2026-04-10 14:30:00,27950,27950,27800,27800,69
2026-04-10 14:31:00,27800,27850,27800,27850,24
2026-04-10 14:32:00,27850,27900,27850,27850,22
2026-04-10 14:33:00,27800,27850,27800,27850,30
2026-04-10 14:34:00,27850,27900,27800,27850,184
2026-04-10 14:35:00,27800,27850,27800,27800,57
2026-04-10 14:36:00,27850,27850,27750,27750,563
2026-04-10 14:37:00,27800,27800,27750,27800,82
2026-04-10 14:38:00,27750,27750,27750,27750,33
2026-04-10 14:39:00,27800,27800,27750,27750,104
2026-04-10 14:40:00,27750,27800,27750,27800,146
2026-04-10 14:41:00,27800,27850,27750,27750,27
2026-04-10 14:42:00,27750,27750,27750,27750,819
2026-04-10 14:43:00,27750,27750,27750,27750,3
2026-04-10 14:44:00,27700,27700,27650,27650,1604
2026-04-10 14:45:00,27650,27700,27650,27650,34
2026-04-10 14:46:00,27700,27700,27650,27650,22
2026-04-10 14:47:00,27650,27700,27650,27700,631
2026-04-10 14:48:00,27700,27750,27650,27650,40
2026-04-10 14:49:00,27700,27700,27650,27650,237
2026-04-10 14:50:00,27700,27700,27700,27700,3
2026-04-10 14:51:00,27650,27650,27650,27650,120
2026-04-10 14:52:00,27700,27700,27650,27700,332
2026-04-10 14:53:00,27700,27700,27650,27650,533
2026-04-10 14:54:00,27650,27700,27650,27650,299
2026-04-10 14:55:00,27700,27700,27650,27650,22
2026-04-10 14:56:00,27650,27700,27600,27600,603
2026-04-10 14:57:00,27600,27650,27600,27650,60
2026-04-10 14:58:00,27600,27750,27600,27750,522
2026-04-10 14:59:00,27750,27800,27600,27800,584
2026-04-10 15:00:00,27600,27600,27600,27600,16
2026-04-10 15:02:00,27700,27700,27700,27700,5
2026-04-10 15:03:00,27700,27700,27700,27700,141
2026-04-10 15:04:00,27700,27700,27600,27700,150
2026-04-10 15:05:00,27700,27700,27700,27700,451
2026-04-10 15:06:00,27700,27700,27650,27650,318
2026-04-10 15:07:00,27700,27700,27700,27700,21
2026-04-10 15:08:00,27700,27750,27700,27700,108
2026-04-10 15:09:00,27700,27700,27700,27700,6
2026-04-10 15:10:00,27700,27700,27600,27600,484
2026-04-10 15:11:00,27650,27650,27600,27650,58
2026-04-10 15:12:00,27650,27750,27600,27600,181
2026-04-10 15:13:00,27600,27650,27600,27600,59
2026-04-10 15:14:00,27600,27650,27600,27600,171
2026-04-10 15:15:00,27600,27650,27600,27650,57
2026-04-10 15:16:00,27600,27650,27550,27550,1519
2026-04-10 15:17:00,27550,27650,27550,27600,70
2026-04-10 15:18:00,27650,27650,27550,27600,69
2026-04-10 15:19:00,27550,27950,27550,27950,2368
2026-04-10 15:30:00,28000,28000,28000,28000,2171
2026-04-10 15:35:00,28000,28000,28000,28000,11
2026-04-13 09:00:00,27050,27500,27050,27200,62
2026-04-13 09:01:00,27100,27450,27000,27150,1919
2026-04-13 09:02:00,27150,27250,26950,27250,343
2026-04-13 09:03:00,27150,27150,27050,27050,100
2026-04-13 09:04:00,27100,27100,27100,27100,43
2026-04-13 09:05:00,27250,27250,27200,27200,382
2026-04-13 09:06:00,27200,27200,27200,27200,368
2026-04-13 09:07:00,27150,27150,26950,26950,1295
2026-04-13 09:08:00,27000,27150,26950,27150,561
2026-04-13 09:09:00,27150,27200,27000,27200,597
2026-04-13 09:10:00,27150,27150,27100,27150,25
2026-04-13 09:11:00,27150,27300,27150,27300,7182
2026-04-13 09:12:00,27300,27350,27250,27250,608
2026-04-13 09:13:00,27250,27300,27250,27300,214
2026-04-13 09:14:00,27350,27450,27300,27450,883
2026-04-13 09:15:00,27500,27550,27500,27550,839
2026-04-13 09:16:00,27600,27700,27600,27700,250
2026-04-13 09:17:00,27700,27750,27600,27600,625
2026-04-13 09:18:00,27650,27675,27650,27650,167
2026-04-13 09:19:00,27650,27675,27650,27675,44
2026-04-13 09:20:00,27675,27675,27650,27650,3
2026-04-13 09:21:00,27650,27650,27550,27550,339
2026-04-13 09:23:00,27700,27800,27700,27800,395
2026-04-13 09:24:00,27800,27850,27800,27850,197
2026-04-13 09:25:00,27850,27850,27700,27700,8
2026-04-13 09:26:00,27850,27950,27850,27950,1130
2026-04-13 09:27:00,27950,28050,27950,28050,1944
2026-04-13 09:28:00,28050,28300,28050,28200,543
2026-04-13 09:29:00,28200,28350,28200,28350,927
2026-04-13 09:30:00,28150,28300,28150,28300,65
2026-04-13 09:31:00,28350,28500,28300,28350,1267
2026-04-13 09:32:00,28400,28500,28400,28450,351
2026-04-13 09:33:00,28450,28600,28450,28500,769
2026-04-13 09:34:00,28550,28550,28400,28400,805
2026-04-13 09:35:00,28350,28400,28300,28400,196
2026-04-13 09:36:00,28400,28550,28300,28350,946
2026-04-13 09:37:00,28350,28450,28300,28450,225
2026-04-13 09:38:00,28450,28600,28450,28600,118
2026-04-13 09:39:00,28400,28650,28400,28550,2287
2026-04-13 09:40:00,28650,28800,28550,28750,923
2026-04-13 09:41:00,28750,28850,28600,28700,1286
2026-04-13 09:42:00,28900,28950,28700,28850,311
2026-04-13 09:43:00,28850,28850,28650,28650,906
2026-04-13 09:44:00,28600,28800,28600,28800,1148
2026-04-13 09:45:00,28800,28850,28650,28800,837
2026-04-13 09:46:00,28800,29000,28800,29000,1155
2026-04-13 09:47:00,29000,29150,28950,28950,902
2026-04-13 09:48:00,29100,29100,28950,29000,1315
2026-04-13 09:49:00,29000,29100,29000,29000,277
2026-04-13 09:50:00,29100,29100,28900,29050,686
2026-04-13 09:51:00,29100,29100,29100,29100,439
2026-04-13 09:52:00,29100,29100,28850,28850,1560
2026-04-13 09:53:00,29000,29100,28900,29050,1264
2026-04-13 09:54:00,29100,29150,29100,29100,173
2026-04-13 09:55:00,29100,29150,29100,29150,517
2026-04-13 09:56:00,29150,29150,29100,29150,931
2026-04-13 09:57:00,29100,29150,29050,29050,222
2026-04-13 09:58:00,29100,29100,29100,29100,37
2026-04-13 09:59:00,29150,29350,29100,29350,1359
2026-04-13 10:00:00,29350,29400,29150,29150,812
2026-04-13 10:01:00,29150,29150,29100,29100,482
2026-04-13 10:02:00,29050,29150,29050,29150,301
2026-04-13 10:03:00,29150,29150,29000,29000,556
2026-04-13 10:04:00,29200,29200,29200,29200,115
2026-04-13 10:05:00,29200,29200,28950,28950,14
2026-04-13 10:06:00,28950,29050,28850,28950,407
2026-04-13 10:07:00,28950,28950,28950,28950,14
2026-04-13 10:08:00,28950,29050,28850,28850,433
2026-04-13 10:09:00,28800,28900,28700,28750,592
2026-04-13 10:10:00,28750,28950,28750,28850,1398
2026-04-13 10:12:00,28900,28900,28850,28850,164
2026-04-13 10:13:00,28850,28850,28700,28700,181
2026-04-13 10:14:00,28850,28850,28700,28750,234
2026-04-13 10:15:00,28700,28700,28700,28700,80
2026-04-13 10:16:00,28700,28850,28700,28850,127
2026-04-13 10:18:00,28850,28850,28850,28850,157
2026-04-13 10:19:00,28850,28850,28850,28850,19
2026-04-13 10:20:00,28850,28900,28700,28900,134
2026-04-13 10:21:00,28850,28850,28850,28850,73
2026-04-13 10:22:00,28800,28850,28800,28850,130
2026-04-13 10:23:00,28850,28850,28650,28850,1723
2026-04-13 10:24:00,28850,28850,28850,28850,112
2026-04-13 10:25:00,28700,28800,28700,28800,10
2026-04-13 10:26:00,28750,28750,28750,28750,182
2026-04-13 10:27:00,28800,28800,28800,28800,1
2026-04-13 10:28:00,28750,28800,28700,28800,148
2026-04-13 10:30:00,28750,28750,28750,28750,1
2026-04-13 10:31:00,28800,28800,28700,28700,192
2026-04-13 10:32:00,28700,28750,28700,28750,136
2026-04-13 10:33:00,28650,28650,28500,28650,1489
2026-04-13 10:34:00,28650,28700,28650,28700,134
2026-04-13 10:35:00,28700,28700,28700,28700,3
2026-04-13 10:36:00,28700,28700,28500,28550,174
2026-04-13 10:37:00,28550,28550,28400,28550,276
2026-04-13 10:38:00,28550,28550,28550,28550,306
2026-04-13 10:39:00,28550,28550,28550,28550,200
2026-04-13 10:40:00,28550,28750,28350,28750,5114
2026-04-13 10:41:00,28750,28750,28750,28750,2
2026-04-13 10:42:00,28750,28750,28750,28750,113
2026-04-13 10:44:00,28750,28750,28750,28750,208
2026-04-13 10:45:00,28800,28800,28800,28800,1
2026-04-13 10:46:00,28750,28750,28750,28750,169
2026-04-13 10:47:00,28750,28750,28500,28750,569
2026-04-13 10:48:00,28750,28750,28750,28750,315
2026-04-13 10:49:00,28750,28800,28450,28450,830
2026-04-13 10:50:00,28450,28700,28450,28650,178
2026-04-13 10:52:00,28700,28750,28700,28750,155
2026-04-13 10:53:00,28750,28800,28650,28800,1014
2026-04-13 10:54:00,28800,28800,28800,28800,169
2026-04-13 10:55:00,28850,28850,28850,28850,504
2026-04-13 10:56:00,28900,29100,28900,29100,1578
2026-04-13 10:57:00,29100,29100,29100,29100,521
2026-04-13 10:58:00,29150,29150,29100,29100,121
2026-04-13 10:59:00,29150,29200,29100,29200,632
2026-04-13 11:00:00,29200,29200,29150,29150,184
2026-04-13 11:01:00,29100,29150,29000,29050,664
2026-04-13 11:02:00,29150,29200,29050,29050,386
2026-04-13 11:03:00,29200,29200,29200,29200,40
2026-04-13 11:04:00,29200,29200,29100,29200,655
2026-04-13 11:06:00,29250,29250,29100,29250,420
2026-04-13 11:07:00,29150,29150,29150,29150,13
2026-04-13 11:08:00,29100,29150,29000,29000,584
2026-04-13 11:09:00,29000,29050,29000,29050,211
2026-04-13 11:10:00,29000,29050,29000,29050,101
2026-04-13 11:12:00,29100,29100,29100,29100,112
2026-04-13 11:13:00,29050,29050,29050,29050,24
2026-04-13 11:14:00,29050,29100,29050,29100,144
2026-04-13 11:15:00,29000,29000,29000,29000,4
2026-04-13 11:16:00,29100,29150,29000,29150,221
2026-04-13 11:17:00,29050,29200,29050,29100,223
2026-04-13 11:18:00,29150,29250,29100,29250,640
2026-04-13 11:19:00,29250,29250,29250,29250,213
2026-04-13 11:20:00,29250,29250,29100,29200,545
2026-04-13 11:21:00,29200,29200,29000,29000,1613
2026-04-13 11:22:00,29200,29200,29200,29200,112
2026-04-13 11:24:00,29200,29200,29000,29000,227
2026-04-13 11:26:00,29200,29200,29200,29200,114
2026-04-13 11:27:00,29000,29200,28900,29200,178
2026-04-13 11:28:00,29200,29200,29200,29200,114
2026-04-13 11:30:00,29200,29200,28950,29000,160
2026-04-13 11:31:00,29200,29200,29200,29200,1
2026-04-13 11:32:00,29200,29200,29200,29200,177
2026-04-13 11:33:00,29200,29200,29200,29200,1
2026-04-13 11:34:00,29200,29250,29050,29250,134
2026-04-13 11:36:00,29250,29300,29250,29300,204
2026-04-13 11:38:00,29300,29300,29050,29300,171
2026-04-13 11:39:00,29300,29300,29000,29050,770
2026-04-13 11:40:00,29050,29050,29050,29050,119
2026-04-13 11:41:00,29100,29100,28950,29000,60
2026-04-13 11:42:00,29000,29000,28850,28850,345
2026-04-13 11:43:00,28950,28950,28950,28950,10
2026-04-13 11:44:00,28850,29050,28850,29050,168
2026-04-13 11:45:00,28900,29050,28900,29050,3
2026-04-13 11:46:00,29050,29100,28900,28950,147
2026-04-13 11:47:00,29100,29100,29100,29100,10
2026-04-13 11:48:00,29100,29200,28950,29200,394
2026-04-13 11:49:00,29000,29000,29000,29000,60
2026-04-13 11:50:00,29150,29150,29150,29150,154
2026-04-13 11:51:00,28950,28950,28950,28950,86
2026-04-13 11:52:00,29100,29150,29100,29150,114
2026-04-13 11:54:00,29150,29150,29150,29150,132
2026-04-13 11:55:00,29100,29100,29100,29100,22
2026-04-13 11:56:00,29100,29125,29100,29100,111
2026-04-13 11:57:00,29150,29150,29100,29150,52
2026-04-13 11:58:00,29100,29150,29100,29150,134
2026-04-13 11:59:00,29100,29150,29100,29150,42
2026-04-13 12:00:00,29150,29150,29100,29150,425
2026-04-13 12:01:00,29150,29150,29150,29150,10
2026-04-13 12:02:00,29100,29150,29100,29100,127
2026-04-13 12:03:00,29100,29100,29100,29100,17
2026-04-13 12:04:00,29100,29100,29000,29000,121
2026-04-13 12:05:00,29050,29050,29000,29000,510
2026-04-13 12:06:00,29050,29050,29000,29000,484
2026-04-13 12:08:00,29000,29000,28950,28950,123
2026-04-13 12:09:00,28950,28950,28950,28950,360
2026-04-13 12:10:00,29000,29000,28950,28950,220
2026-04-13 12:11:00,28900,28950,28900,28900,522
2026-04-13 12:12:00,28900,28900,28850,28850,166
2026-04-13 12:13:00,28900,28900,28750,28900,89
2026-04-13 12:14:00,28900,28950,28900,28900,117
2026-04-13 12:15:00,28850,28850,28700,28800,389
2026-04-13 12:16:00,28800,28900,28800,28850,95
2026-04-13 12:17:00,28850,28900,28850,28850,58
2026-04-13 12:18:00,28900,28900,28850,28850,125
2026-04-13 12:19:00,28850,28850,28800,28850,199
2026-04-13 12:20:00,28850,28900,28850,28850,159
2026-04-13 12:21:00,28850,28900,28850,28900,68
2026-04-13 12:22:00,28900,29000,28900,29000,364
2026-04-13 12:23:00,29000,29000,29000,29000,5
2026-04-13 12:24:00,29000,29000,29000,29000,187
2026-04-13 12:25:00,28975,29200,28950,29000,1343
2026-04-13 12:26:00,29150,29150,29100,29100,151
2026-04-13 12:27:00,29100,29100,29100,29100,14
2026-04-13 12:28:00,29100,29100,29050,29100,124
2026-04-13 12:29:00,29100,29100,29100,29100,27
2026-04-13 12:30:00,29150,29150,29100,29100,124
2026-04-13 12:31:00,29100,29150,29100,29100,233
2026-04-13 12:32:00,29200,29200,29150,29150,118
2026-04-13 12:33:00,29150,29150,29100,29100,16
2026-04-13 12:34:00,29100,29150,29100,29100,126
2026-04-13 12:35:00,29050,29050,28950,28950,31
2026-04-13 12:36:00,29100,29100,29000,29000,123
2026-04-13 12:37:00,29000,29000,28800,28800,232
2026-04-13 12:38:00,28950,28950,28850,28850,121
2026-04-13 12:39:00,28850,29000,28850,29000,594
2026-04-13 12:40:00,29000,29000,28850,28950,133
2026-04-13 12:41:00,28900,28950,28900,28950,7
2026-04-13 12:42:00,29000,29000,28900,28950,172
2026-04-13 12:43:00,28850,29250,28850,29250,1358
2026-04-13 12:44:00,29250,29250,29050,29250,169
2026-04-13 12:45:00,29200,29250,29150,29150,27
2026-04-13 12:46:00,29300,29300,29100,29100,191
2026-04-13 12:47:00,29100,29100,29050,29050,102
2026-04-13 12:48:00,29250,29250,29050,29050,198
2026-04-13 12:49:00,29250,29250,29000,29050,609
2026-04-13 12:50:00,29200,29200,28900,29050,188
2026-04-13 12:51:00,29000,29050,28850,28900,200
2026-04-13 12:52:00,29050,29100,28950,29100,838
2026-04-13 12:53:00,29100,29100,29100,29100,51
2026-04-13 12:54:00,29100,29200,29100,29100,572
2026-04-13 12:55:00,29200,29200,29100,29100,84
2026-04-13 12:56:00,29200,29200,29150,29150,178
2026-04-13 12:57:00,29150,29200,29150,29150,49
2026-04-13 12:58:00,29200,29200,29150,29200,182
2026-04-13 12:59:00,29200,29200,29200,29200,12
2026-04-13 13:00:00,29200,29250,29150,29250,169
2026-04-13 13:01:00,29250,29250,29200,29200,301
2026-04-13 13:02:00,29250,29250,29200,29250,202
2026-04-13 13:03:00,29250,29250,29250,29250,35
2026-04-13 13:04:00,29250,29250,29150,29150,107
2026-04-13 13:05:00,29150,29150,29150,29150,59
2026-04-13 13:06:00,29150,29150,29150,29150,78
2026-04-13 13:07:00,29150,29200,29150,29150,12
2026-04-13 13:08:00,29150,29200,29150,29200,368
2026-04-13 13:09:00,29200,29200,29150,29150,62
2026-04-13 13:10:00,29150,29150,29150,29150,54
2026-04-13 13:11:00,29150,29150,29150,29150,71
2026-04-13 13:12:00,29150,29150,29050,29050,51
2026-04-13 13:13:00,29100,29150,29100,29150,71
2026-04-13 13:14:00,29150,29150,29100,29100,51
2026-04-13 13:15:00,29100,29100,29100,29100,39
2026-04-13 13:16:00,29150,29150,29050,29100,10
2026-04-13 13:17:00,29100,29100,29100,29100,83
2026-04-13 13:18:00,29100,29100,29100,29100,33
2026-04-13 13:19:00,29150,29150,29150,29150,76
2026-04-13 13:20:00,29150,29150,29150,29150,1
2026-04-13 13:21:00,29150,29150,29150,29150,51
2026-04-13 13:22:00,29150,29150,29150,29150,1079
2026-04-13 13:23:00,29150,29150,29150,29150,45
2026-04-13 13:24:00,29150,29150,29150,29150,66
2026-04-13 13:25:00,29100,29100,29050,29050,99
2026-04-13 13:26:00,29100,29100,29100,29100,47
2026-04-13 13:27:00,29100,29100,29050,29100,66
2026-04-13 13:28:00,29100,29100,29000,29000,145
2026-04-13 13:30:00,29050,29100,29050,29100,61
2026-04-13 13:31:00,29000,29050,29000,29000,372
2026-04-13 13:32:00,29000,29000,28950,29000,72
2026-04-13 13:34:00,29000,29000,28950,28950,71
2026-04-13 13:35:00,29000,29000,28900,28900,301
2026-04-13 13:36:00,28950,29000,28950,29000,114
2026-04-13 13:37:00,29000,29000,29000,29000,5
2026-04-13 13:38:00,28950,29000,28950,29000,157
2026-04-13 13:39:00,29000,29000,29000,29000,48
2026-04-13 13:40:00,29000,29000,29000,29000,52
2026-04-13 13:41:00,28950,29000,28950,29000,51
2026-04-13 13:42:00,29000,29000,29000,29000,141
2026-04-13 13:43:00,29000,29000,28950,28950,78
2026-04-13 13:44:00,29000,29050,29000,29050,72
2026-04-13 13:45:00,29100,29100,28950,29000,111
2026-04-13 13:46:00,29050,29050,29050,29050,5
2026-04-13 13:47:00,29000,29050,29000,29050,413
2026-04-13 13:48:00,29000,29100,29000,29100,290
2026-04-13 13:49:00,29050,29050,29000,29050,59
2026-04-13 13:50:00,29000,29000,29000,29000,1
2026-04-13 13:51:00,29000,29000,29000,29000,60
2026-04-13 13:52:00,29000,29050,29000,29050,40
2026-04-13 13:53:00,29050,29100,29050,29100,130
2026-04-13 13:54:00,29100,29100,29050,29050,36
2026-04-13 13:56:00,29100,29100,29050,29100,137
2026-04-13 13:57:00,29050,29100,29050,29100,54
2026-04-13 13:58:00,29100,29100,29050,29100,74
2026-04-13 13:59:00,29100,29100,29100,29100,1
2026-04-13 14:00:00,29050,29100,29050,29100,45
2026-04-13 14:01:00,29100,29100,29000,29050,209
2026-04-13 14:02:00,29050,29050,29050,29050,67
2026-04-13 14:03:00,29050,29100,29050,29050,59
2026-04-13 14:04:00,29050,29100,29050,29100,38
2026-04-13 14:05:00,29100,29100,29100,29100,1
2026-04-13 14:06:00,29100,29100,29100,29100,57
2026-04-13 14:07:00,29050,29100,29050,29100,85
2026-04-13 14:08:00,29050,29100,29050,29100,49
2026-04-13 14:09:00,29100,29100,29000,29000,133
2026-04-13 14:10:00,29050,29050,29050,29050,7
2026-04-13 14:11:00,29050,29050,29000,29000,99
2026-04-13 14:12:00,29000,29050,28900,28900,561
2026-04-13 14:13:00,29000,29100,29000,29100,123
2026-04-13 14:14:00,29100,29100,29100,29100,65
2026-04-13 14:15:00,29050,29050,29000,29000,134
2026-04-13 14:16:00,29000,29000,29000,29000,1
2026-04-13 14:17:00,29050,29050,28950,29000,118
2026-04-13 14:18:00,29000,29000,29000,29000,32
2026-04-13 14:19:00,29000,29000,28900,28900,122
2026-04-13 14:20:00,29000,29000,28950,28950,68
2026-04-13 14:21:00,29000,29000,29000,29000,1
2026-04-13 14:22:00,29000,29000,28900,28950,108
2026-04-13 14:23:00,28950,29000,28950,28950,1036
2026-04-13 14:24:00,28950,29000,28950,29000,70
2026-04-13 14:25:00,29000,29000,29000,29000,28
2026-04-13 14:26:00,29000,29000,29000,29000,139
2026-04-13 14:27:00,29000,29000,29000,29000,23
2026-04-13 14:28:00,29050,29050,29000,29050,42
2026-04-13 14:30:00,29050,29050,29000,29000,136
2026-04-13 14:31:00,28950,29000,28950,29000,233
2026-04-13 14:32:00,28950,28950,28850,28900,44
2026-04-13 14:33:00,28900,28950,28900,28950,101
2026-04-13 14:35:00,29000,29000,28850,28850,77
2026-04-13 14:36:00,28900,28900,28900,28900,20
2026-04-13 14:37:00,28950,28950,28950,28950,57
2026-04-13 14:38:00,29000,29000,29000,29000,1
2026-04-13 14:39:00,28950,28950,28950,28950,47
2026-04-13 14:40:00,28950,28950,28950,28950,54
2026-04-13 14:41:00,28950,28950,28950,28950,81
2026-04-13 14:42:00,28950,28950,28950,28950,25
2026-04-13 14:43:00,28950,28950,28950,28950,68
2026-04-13 14:44:00,28950,28950,28950,28950,41
2026-04-13 14:45:00,29000,29000,28950,29000,72
2026-04-13 14:46:00,29000,29000,28950,28950,70
2026-04-13 14:47:00,28950,28950,28950,28950,5
2026-04-13 14:48:00,28950,28950,28950,28950,66
2026-04-13 14:49:00,28950,28950,28900,28950,53
2026-04-13 14:50:00,28950,28950,28950,28950,70
2026-04-13 14:51:00,28950,28950,28900,28900,252
2026-04-13 14:52:00,28950,28950,28850,28900,409
2026-04-13 14:53:00,28900,28900,28850,28900,178
2026-04-13 14:54:00,28950,28950,28950,28950,45
2026-04-13 14:56:00,28950,28950,28950,28950,56
2026-04-13 14:57:00,28950,28950,28900,28900,110
2026-04-13 14:58:00,28925,28950,28900,28950,82
2026-04-13 14:59:00,28950,28950,28900,28950,87
2026-04-13 15:00:00,29000,29000,29000,29000,1
2026-04-13 15:01:00,28850,28850,28850,28850,552
2026-04-13 15:05:00,28850,28850,28850,28850,53
2026-04-13 15:06:00,28850,28850,28850,28850,3
2026-04-13 15:07:00,28850,28850,28800,28850,465
2026-04-13 15:08:00,28850,28850,28800,28800,31
2026-04-13 15:09:00,28800,28800,28800,28800,72
2026-04-13 15:10:00,28800,28800,28750,28750,469
2026-04-13 15:11:00,28750,28800,28750,28800,184
2026-04-13 15:12:00,28800,28800,28800,28800,3
2026-04-13 15:13:00,28800,28800,28800,28800,1
2026-04-13 15:14:00,28800,28800,28800,28800,224
2026-04-13 15:15:00,28900,28900,28900,28900,75
2026-04-13 15:16:00,28800,28800,28750,28800,96
2026-04-13 15:17:00,28800,28800,28700,28750,639
2026-04-13 15:18:00,28700,28800,28700,28800,93
2026-04-13 15:19:00,28800,28800,28650,28650,1627
2026-04-13 15:30:00,28750,28750,28750,28750,332
2026-04-14 09:00:00,30050,30300,29750,30000,16228
2026-04-14 09:01:00,29850,29950,29450,29550,10602
2026-04-14 09:02:00,29500,29750,29450,29600,6994
2026-04-14 09:03:00,29650,29900,29650,29750,2347
2026-04-14 09:04:00,29800,29850,29700,29850,1638
2026-04-14 09:05:00,29900,29950,29800,29900,1615
2026-04-14 09:06:00,29850,29850,29500,29550,10431
2026-04-14 09:07:00,29550,29550,29300,29300,2046
2026-04-14 09:08:00,29350,29550,29350,29550,1062
2026-04-14 09:09:00,29650,29700,29600,29700,977
2026-04-14 09:10:00,29600,29650,29550,29650,816
2026-04-14 09:11:00,29700,29700,29700,29700,583
2026-04-14 09:12:00,29650,29650,29550,29600,1028
2026-04-14 09:13:00,29600,29800,29600,29700,868
2026-04-14 09:14:00,29700,29700,29600,29650,742
2026-04-14 09:15:00,29650,29650,29650,29650,379
2026-04-14 09:16:00,29700,29800,29700,29750,1024
2026-04-14 09:17:00,29750,29800,29750,29800,370
2026-04-14 09:18:00,29850,29900,29850,29900,1549
2026-04-14 09:19:00,29900,29900,29800,29800,1893
2026-04-14 09:20:00,29850,30050,29850,30000,4108
2026-04-14 09:21:00,30000,30250,30000,30150,4664
2026-04-14 09:22:00,30150,30150,30150,30150,460
2026-04-14 09:23:00,30150,30150,30050,30050,392
2026-04-14 09:24:00,30050,30350,30050,30350,2913
2026-04-14 09:25:00,30350,30400,30250,30300,1634
2026-04-14 09:26:00,30300,30300,30200,30200,564
2026-04-14 09:27:00,30200,30200,30100,30100,546
2026-04-14 09:28:00,30100,30100,30050,30100,1715
2026-04-14 09:29:00,30150,30150,30000,30000,1802
2026-04-14 09:30:00,30000,30150,29950,30150,1691
2026-04-14 09:31:00,30000,30000,30000,30000,600
2026-04-14 09:32:00,29975,30000,29975,30000,124
2026-04-14 09:33:00,29950,29950,29600,29650,7780
2026-04-14 09:34:00,29650,29950,29650,29950,2746
2026-04-14 09:35:00,29950,30000,29950,29950,1406
2026-04-14 09:36:00,30000,30025,30000,30000,378
2026-04-14 09:37:00,30050,30050,30000,30050,1072
2026-04-14 09:38:00,30100,30150,30050,30100,2593
2026-04-14 09:39:00,30100,30200,30100,30150,834
2026-04-14 09:40:00,30200,30200,30150,30150,300
2026-04-14 09:41:00,30150,30250,30100,30250,6393
2026-04-14 09:42:00,30250,30250,30050,30250,1017
2026-04-14 09:43:00,30200,30400,30200,30400,4964
2026-04-14 09:44:00,30400,30400,30300,30400,2281
2026-04-14 09:45:00,30400,30400,30350,30400,452
2026-04-14 09:46:00,30350,30350,30150,30150,3312
2026-04-14 09:47:00,30150,30150,30000,30000,4225
2026-04-14 09:48:00,29950,30050,29900,29900,601
2026-04-14 09:49:00,29900,30100,29850,30100,1814
2026-04-14 09:50:00,30150,30200,30100,30200,469
2026-04-14 09:51:00,30150,30200,30100,30200,324
2026-04-14 09:52:00,30250,30500,30250,30500,5467
2026-04-14 09:53:00,30500,30550,30350,30350,1108
2026-04-14 09:54:00,30400,30550,30350,30550,2318
2026-04-14 09:55:00,30500,30500,30350,30500,498
2026-04-14 09:56:00,30350,30500,30350,30500,765
2026-04-14 09:57:00,30450,30450,30350,30400,945
2026-04-14 09:58:00,30500,30500,30500,30500,1008
2026-04-14 09:59:00,30500,30550,30300,30300,5300
2026-04-14 10:00:00,30300,30300,30250,30300,826
2026-04-14 10:01:00,30250,30250,30200,30250,505
2026-04-14 10:02:00,30250,30300,30250,30300,20
2026-04-14 10:03:00,30300,30375,30300,30350,413
2026-04-14 10:04:00,30350,30350,30250,30250,856
2026-04-14 10:05:00,30250,30300,30250,30300,69
2026-04-14 10:06:00,30300,30350,30300,30350,581
2026-04-14 10:07:00,30350,30350,30350,30350,20
2026-04-14 10:08:00,30325,30350,30300,30350,235
2026-04-14 10:09:00,30350,30350,30350,30350,39
2026-04-14 10:10:00,30350,30500,30350,30400,4662
2026-04-14 10:11:00,30400,30500,30400,30500,21
2026-04-14 10:12:00,30450,30500,30200,30200,3911
2026-04-14 10:13:00,30200,30350,30050,30350,6096
2026-04-14 10:14:00,30250,30250,30200,30200,199
2026-04-14 10:15:00,30200,30200,30200,30200,992
2026-04-14 10:16:00,30150,30200,30150,30200,1546
2026-04-14 10:17:00,30250,30250,30250,30250,1
2026-04-14 10:18:00,30200,30200,30200,30200,20
2026-04-14 10:19:00,30200,30250,30150,30150,2113
2026-04-14 10:20:00,30100,30100,30100,30100,1112
2026-04-14 10:21:00,30050,30150,30050,30150,365
2026-04-14 10:22:00,30100,30150,30100,30150,1083
2026-04-14 10:23:00,30200,30200,30200,30200,289
2026-04-14 10:24:00,30200,30200,30150,30150,1127
2026-04-14 10:25:00,30200,30200,30150,30200,1517
2026-04-14 10:26:00,30250,30550,30250,30550,6445
2026-04-14 10:27:00,30550,30750,30550,30750,6610
2026-04-14 10:28:00,30700,30700,30600,30650,4194
2026-04-14 10:29:00,30650,30650,30650,30650,501
2026-04-14 10:30:00,30700,30800,30650,30800,4819
2026-04-14 10:31:00,30800,31100,30800,31050,9564
2026-04-14 10:32:00,31050,31050,30800,30950,5364
2026-04-14 10:33:00,30950,30950,30950,30950,6
2026-04-14 10:34:00,30950,31000,30950,31000,611
2026-04-14 10:35:00,31050,31100,31050,31050,692
2026-04-14 10:36:00,30900,30900,30600,30600,2520
2026-04-14 10:37:00,30650,30700,30650,30700,218
2026-04-14 10:38:00,30650,30750,30650,30750,1477
2026-04-14 10:39:00,30800,30800,30800,30800,135
2026-04-14 10:40:00,30800,30800,30750,30750,137
2026-04-14 10:41:00,30700,30750,30700,30700,53
2026-04-14 10:42:00,30650,30650,30650,30650,98
2026-04-14 10:43:00,30650,30650,30650,30650,179
2026-04-14 10:44:00,30700,30700,30700,30700,232
2026-04-14 10:45:00,30750,30750,30750,30750,1
2026-04-14 10:46:00,30700,30700,30700,30700,32
2026-04-14 10:47:00,30650,30650,30650,30650,1064
2026-04-14 10:49:00,30600,30600,30600,30600,10
2026-04-14 10:50:00,30600,30650,30600,30650,20
2026-04-14 10:52:00,30600,30600,30500,30500,3668
2026-04-14 10:53:00,30350,30350,30350,30350,1095
2026-04-14 10:54:00,30300,30300,30300,30300,6
2026-04-14 10:55:00,30300,30300,30300,30300,294
2026-04-14 10:56:00,30300,30300,30300,30300,2
2026-04-14 10:57:00,30250,30250,30100,30200,1763
2026-04-14 10:58:00,30200,30200,30200,30200,22
2026-04-14 11:00:00,30100,30100,30050,30050,729
2026-04-14 11:01:00,30000,30000,29950,30000,1452
2026-04-14 11:02:00,30000,30000,30000,30000,1
2026-04-14 11:03:00,29950,29950,29950,29950,32
2026-04-14 11:04:00,30000,30000,30000,30000,14
2026-04-14 11:06:00,30000,30000,30000,30000,1
2026-04-14 11:07:00,29950,30050,29950,30050,388
2026-04-14 11:08:00,30000,30000,30000,30000,50
2026-04-14 11:10:00,30100,30300,30100,30300,651
2026-04-14 11:11:00,30300,30300,30300,30300,1001
2026-04-14 11:12:00,30300,30300,30200,30200,1529
2026-04-14 11:13:00,30150,30150,30150,30150,183
2026-04-14 11:14:00,30250,30250,30250,30250,1000
2026-04-14 11:15:00,30250,30250,30250,30250,3
2026-04-14 11:16:00,30275,30275,30250,30250,274
2026-04-14 11:17:00,30250,30250,30250,30250,503
2026-04-14 11:18:00,30200,30200,30200,30200,250
2026-04-14 11:19:00,30250,30250,30200,30200,22
2026-04-14 11:20:00,30150,30150,30150,30150,774
2026-04-14 11:22:00,30150,30150,30100,30100,1326
2026-04-14 11:23:00,30050,30100,30050,30100,325
2026-04-14 11:24:00,30100,30100,30100,30100,34
2026-04-14 11:25:00,30050,30050,30050,30050,169
2026-04-14 11:28:00,30075,30075,30075,30075,6
2026-04-14 11:29:00,30100,30125,30100,30100,1003
2026-04-14 11:31:00,30100,30100,30100,30100,15
2026-04-14 11:32:00,30100,30100,30100,30100,262
2026-04-14 11:33:00,30150,30150,30150,30150,19
2026-04-14 11:34:00,30150,30150,29900,29900,2885
2026-04-14 11:35:00,29850,29900,29850,29900,189
2026-04-14 11:36:00,29900,29900,29900,29900,1
2026-04-14 11:37:00,29900,29900,29900,29900,2175
2026-04-14 11:39:00,29800,29800,29800,29800,23
2026-04-14 11:40:00,29850,30000,29850,30000,287
2026-04-14 11:41:00,29950,30000,29950,30000,8
2026-04-14 11:42:00,30000,30000,30000,30000,11
2026-04-14 11:43:00,30000,30000,29900,29900,36
2026-04-14 11:45:00,29900,29900,29850,29850,355
2026-04-14 11:47:00,29900,29900,29900,29900,166
2026-04-14 11:50:00,29950,29950,29900,29900,26
2026-04-14 11:51:00,29900,29900,29850,29850,5
2026-04-14 11:52:00,29850,29850,29850,29850,20
2026-04-14 11:53:00,29850,29850,29850,29850,296
2026-04-14 11:55:00,29850,29850,29850,29850,2
2026-04-14 11:57:00,29950,29950,29950,29950,144
2026-04-14 11:58:00,29950,29950,29950,29950,1
2026-04-14 12:02:00,29950,29950,29950,29950,100
2026-04-14 12:03:00,29950,29950,29950,29950,31
2026-04-14 12:04:00,29950,29950,29900,29900,35
2026-04-14 12:05:00,29950,30000,29950,29950,185
2026-04-14 12:06:00,30000,30000,30000,30000,25
2026-04-14 12:09:00,29950,30000,29950,29950,1462
2026-04-14 12:10:00,30000,30000,29900,29950,563
2026-04-14 12:11:00,29950,30050,29950,30050,689
2026-04-14 12:12:00,30050,30050,30050,30050,11
2026-04-14 12:13:00,30050,30050,30050,30050,10
2026-04-14 12:14:00,30050,30050,30050,30050,13
2026-04-14 12:15:00,30050,30050,30050,30050,12
2026-04-14 12:16:00,30000,30000,30000,30000,3
2026-04-14 12:17:00,30000,30050,30000,30050,335
2026-04-14 12:18:00,30050,30050,30050,30050,22
2026-04-14 12:20:00,29950,29950,29950,29950,2
2026-04-14 12:23:00,29950,29950,29950,29950,1
2026-04-14 12:24:00,30000,30000,29900,29950,2063
2026-04-14 12:26:00,29900,29900,29900,29900,35
2026-04-14 12:27:00,29950,30050,29950,30050,6
2026-04-14 12:29:00,30050,30050,29950,30000,1182
2026-04-14 12:30:00,30000,30000,30000,30000,67
2026-04-14 12:32:00,29950,29950,29950,29950,1
2026-04-14 12:33:00,30050,30050,30050,30050,10
2026-04-14 12:34:00,30050,30050,30050,30050,11
2026-04-14 12:36:00,30050,30050,30000,30050,297
2026-04-14 12:37:00,30100,30100,30100,30100,31
2026-04-14 12:38:00,30100,30150,30100,30150,194
2026-04-14 12:39:00,30150,30150,30050,30050,2
2026-04-14 12:40:00,30050,30050,30050,30050,3
2026-04-14 12:41:00,30050,30100,30050,30100,46
2026-04-14 12:42:00,30100,30150,30100,30150,25
2026-04-14 12:43:00,30150,30150,30150,30150,17
2026-04-14 12:44:00,30150,30150,30150,30150,3
2026-04-14 12:45:00,30150,30150,30150,30150,72
2026-04-14 12:46:00,30150,30200,30150,30200,45
2026-04-14 12:47:00,30100,30100,30100,30100,25
2026-04-14 12:48:00,30100,30100,30100,30100,207
2026-04-14 12:49:00,30100,30100,30100,30100,187
2026-04-14 12:52:00,30100,30100,30050,30100,1215
2026-04-14 12:54:00,30050,30050,30050,30050,161
2026-04-14 12:55:00,30050,30050,30050,30050,58
2026-04-14 12:56:00,30150,30200,30150,30150,1016
2026-04-14 12:59:00,30150,30150,30150,30150,20
2026-04-14 13:00:00,30150,30150,30150,30150,1
2026-04-14 13:01:00,30200,30200,30200,30200,397
2026-04-14 13:04:00,30250,30250,30250,30250,93
2026-04-14 13:05:00,30200,30250,30200,30250,34
2026-04-14 13:06:00,30250,30250,30250,30250,2
2026-04-14 13:08:00,30250,30250,30250,30250,40
2026-04-14 13:09:00,30250,30350,30200,30350,1299
2026-04-14 13:11:00,30200,30200,30050,30050,3120
2026-04-14 13:12:00,30050,30050,29900,29950,4521
2026-04-14 13:17:00,30000,30100,30000,30100,186
2026-04-14 13:18:00,30100,30100,29950,29950,525
2026-04-14 13:19:00,29950,29950,29950,29950,108
2026-04-14 13:20:00,29950,29950,29950,29950,6
2026-04-14 13:21:00,29950,29950,29700,29750,8725
2026-04-14 13:22:00,29700,30500,29650,29900,3859
2026-04-14 13:23:00,29850,29900,29850,29900,160
2026-04-14 13:24:00,29900,29900,29850,29850,47
2026-04-14 13:25:00,29900,29900,29800,29900,119
2026-04-14 13:26:00,29900,29950,29900,29950,80
2026-04-14 13:27:00,29950,30050,29950,30050,328
2026-04-14 13:28:00,30100,30100,30100,30100,80
2026-04-14 13:29:00,30050,30100,30050,30100,276
2026-04-14 13:30:00,30100,30100,30050,30050,82
2026-04-14 13:31:00,30050,30100,29950,29950,319
2026-04-14 13:32:00,30000,30050,30000,30050,97
2026-04-14 13:33:00,30000,30050,30000,30050,75
2026-04-14 13:34:00,30050,30100,30050,30100,99
2026-04-14 13:35:00,30000,30000,30000,30000,51
2026-04-14 13:37:00,30050,30100,30050,30100,225
2026-04-14 13:38:00,30100,30100,30100,30100,90
2026-04-14 13:39:00,30100,30100,30100,30100,91
2026-04-14 13:40:00,30100,30100,30100,30100,93
2026-04-14 13:41:00,30100,30100,29950,29950,1491
2026-04-14 13:42:00,30000,30100,30000,30100,793
2026-04-14 13:43:00,30100,30100,30100,30100,13
2026-04-14 13:44:00,30000,30100,29900,30100,2016
2026-04-14 13:45:00,30050,30150,30050,30100,558
2026-04-14 13:46:00,30150,30150,30050,30050,22
2026-04-14 13:47:00,30100,30100,30050,30050,7
2026-04-14 13:48:00,30100,30100,30050,30050,84
2026-04-14 13:49:00,30100,30100,30050,30100,21
2026-04-14 13:50:00,30050,30150,30000,30100,67
2026-04-14 13:51:00,30050,30100,30000,30000,175
2026-04-14 13:52:00,30050,30100,30000,30050,42
2026-04-14 13:53:00,30000,30100,30000,30000,44
2026-04-14 13:54:00,30000,30050,30000,30050,20
2026-04-14 13:55:00,30050,30100,30000,30100,131
2026-04-14 13:56:00,30050,30050,30000,30050,30
2026-04-14 13:57:00,30050,30050,30000,30050,74
2026-04-14 13:58:00,30050,30050,30000,30000,11
2026-04-14 13:59:00,30050,30050,29900,29900,1708
2026-04-14 14:00:00,29950,30000,29850,29900,2205
2026-04-14 14:01:00,29850,29900,29800,29800,435
2026-04-14 14:02:00,29850,29900,29800,29900,75
2026-04-14 14:03:00,29900,29950,29900,29950,43
2026-04-14 14:04:00,29900,30050,29900,30000,304
2026-04-14 14:05:00,29950,30000,29900,30000,265
2026-04-14 14:06:00,29950,30000,29900,30000,108
2026-04-14 14:07:00,29950,30050,29950,30050,57
2026-04-14 14:08:00,30050,30050,29950,29950,319
2026-04-14 14:09:00,29950,30100,29900,30000,111
2026-04-14 14:10:00,30000,30000,29900,29900,35
2026-04-14 14:11:00,29950,30000,29900,30000,51
2026-04-14 14:12:00,29950,30000,29900,29950,20
2026-04-14 14:13:00,29950,30000,29900,30000,59
2026-04-14 14:14:00,29950,30000,29950,30000,592
2026-04-14 14:15:00,30000,30050,29950,30050,142
2026-04-14 14:16:00,30050,30050,29950,30000,36
2026-04-14 14:17:00,30000,30000,29950,30000,23
2026-04-14 14:18:00,30000,30000,29950,30000,29
2026-04-14 14:19:00,30000,30000,29950,30000,37
2026-04-14 14:20:00,30000,30000,29950,30000,47
2026-04-14 14:21:00,30000,30000,29950,29950,25
2026-04-14 14:22:00,30000,30000,29950,29950,23
2026-04-14 14:23:00,29950,30000,29950,29950,25
2026-04-14 14:24:00,29950,30000,29950,29950,74
2026-04-14 14:25:00,29950,30000,29900,29950,935
2026-04-14 14:26:00,29900,29950,29900,29950,83
2026-04-14 14:27:00,29950,30050,29950,30050,658
2026-04-14 14:28:00,30050,30050,29950,29950,197
2026-04-14 14:29:00,30000,30000,29950,29950,133
2026-04-14 14:30:00,30050,30050,30000,30050,126
2026-04-14 14:31:00,30050,30050,30000,30000,863
2026-04-14 14:32:00,30000,30050,30000,30000,16
2026-04-14 14:33:00,30000,30050,29950,29950,3285
2026-04-14 14:34:00,30000,30000,29950,29950,10
2026-04-14 14:35:00,29950,30000,29850,29850,6300
2026-04-14 14:36:00,29950,29950,29900,29950,538
2026-04-14 14:37:00,29950,29950,29950,29950,864
2026-04-14 14:38:00,29900,30050,29900,30000,1568
2026-04-14 14:39:00,30050,30050,30000,30050,42
2026-04-14 14:40:00,30050,30050,30000,30050,36
2026-04-14 14:41:00,30000,30050,30000,30000,21
2026-04-14 14:42:00,30050,30050,30000,30050,7
2026-04-14 14:43:00,30050,30050,30000,30000,27
2026-04-14 14:44:00,30000,30100,30000,30100,49
2026-04-14 14:45:00,30050,30100,30050,30050,119
2026-04-14 14:46:00,30000,30050,30000,30000,83
2026-04-14 14:47:00,30050,30100,30050,30100,150
2026-04-14 14:48:00,30100,30100,30050,30100,94
2026-04-14 14:49:00,30100,30100,30050,30050,111
2026-04-14 14:50:00,30050,30100,30050,30100,62
2026-04-14 14:51:00,30100,30150,30100,30150,1213
2026-04-14 14:52:00,30200,30250,30200,30250,21
2026-04-14 14:53:00,30300,30450,30300,30450,408
2026-04-14 14:54:00,30400,30450,30350,30450,5499
2026-04-14 14:55:00,30450,30500,30450,30450,691
2026-04-14 14:56:00,30500,30500,30400,30400,84
2026-04-14 14:57:00,30500,30500,30400,30400,468
2026-04-14 14:58:00,30500,30500,30500,30500,4
2026-04-14 14:59:00,30450,30500,30200,30250,6230
2026-04-14 15:00:00,30300,30400,30300,30400,208
2026-04-14 15:01:00,30400,30400,30400,30400,36
2026-04-14 15:02:00,30400,30550,30400,30500,525
2026-04-14 15:03:00,30350,30650,30300,30300,646
2026-04-14 15:05:00,30350,30550,30350,30550,1649
2026-04-14 15:06:00,30550,30550,30550,30550,93
2026-04-14 15:07:00,30550,30600,30500,30600,517
2026-04-14 15:08:00,30600,30600,30500,30600,156
2026-04-14 15:09:00,30450,30550,30450,30500,785
2026-04-14 15:10:00,30500,30700,30500,30700,2989
2026-04-14 15:11:00,30700,30750,30650,30750,2843
2026-04-14 15:12:00,30700,30700,30650,30650,1361
2026-04-14 15:13:00,30650,30650,30650,30650,1704
2026-04-14 15:14:00,30600,30600,30500,30500,1008
2026-04-14 15:15:00,30500,30600,30500,30600,467
2026-04-14 15:16:00,30600,30750,30600,30650,1371
2026-04-14 15:17:00,30700,30700,30650,30700,1709
2026-04-14 15:18:00,30650,30750,30650,30750,91
2026-04-14 15:19:00,30650,30900,30600,30850,2080
2026-04-14 15:30:00,30850,30850,30850,30850,2079
