date_idx,open,high,low,close,volume
2026-03-18 12:09:00,19300,19300,19270,19270,202
2026-03-18 12:10:00,19280,19280,19280,19280,183
2026-03-18 12:11:00,19280,19280,19280,19280,26
2026-03-18 12:12:00,19270,19280,19270,19280,53
2026-03-18 12:13:00,19270,19280,19250,19250,391
2026-03-18 12:14:00,19260,19260,19260,19260,38
2026-03-18 12:15:00,19270,19280,19270,19280,502
2026-03-18 12:16:00,19280,19280,19280,19280,145
2026-03-18 12:20:00,19290,19290,19280,19280,55
2026-03-18 12:21:00,19280,19280,19270,19270,142
2026-03-18 12:22:00,19270,19280,19270,19270,71
2026-03-18 12:24:00,19270,19300,19270,19300,287
2026-03-18 12:25:00,19300,19300,19290,19290,101
2026-03-18 12:26:00,19300,19320,19300,19320,431
2026-03-18 12:27:00,19330,19330,19330,19330,3
2026-03-18 12:28:00,19340,19340,19330,19330,55
2026-03-18 12:29:00,19320,19320,19300,19300,257
2026-03-18 12:30:00,19300,19300,19300,19300,4
2026-03-18 12:32:00,19310,19310,19280,19280,998
2026-03-18 12:33:00,19280,19280,19270,19270,250
2026-03-18 12:35:00,19280,19340,19280,19340,49
2026-03-18 12:36:00,19340,19340,19340,19340,24
2026-03-18 12:37:00,19350,19350,19350,19350,98
2026-03-18 12:38:00,19350,19350,19340,19340,49
2026-03-18 12:39:00,19340,19340,19340,19340,26
2026-03-18 12:40:00,19340,19340,19340,19340,169
2026-03-18 12:41:00,19350,19350,19350,19350,11
2026-03-18 12:42:00,19350,19360,19350,19350,388
2026-03-18 12:43:00,19360,19360,19360,19360,1
2026-03-18 12:44:00,19360,19360,19360,19360,1
2026-03-18 12:45:00,19360,19360,19360,19360,211
2026-03-18 12:46:00,19370,19390,19370,19390,125
2026-03-18 12:47:00,19390,19390,19390,19390,239
2026-03-18 12:48:00,19400,19400,19390,19400,253
2026-03-18 12:49:00,19390,19390,19380,19380,40
2026-03-18 12:50:00,19390,19400,19380,19400,180
2026-03-18 12:51:00,19400,19400,19400,19400,124
2026-03-18 12:52:00,19400,19400,19390,19390,24
2026-03-18 12:53:00,19390,19430,19390,19430,1020
2026-03-18 12:54:00,19440,19440,19430,19440,178
2026-03-18 12:55:00,19440,19560,19430,19490,16279
2026-03-18 12:56:00,19490,19540,19490,19530,1212
2026-03-18 12:57:00,19530,19530,19500,19510,473
2026-03-18 12:58:00,19540,19540,19540,19540,155
2026-03-18 12:59:00,19520,19520,19470,19480,1399
2026-03-18 13:00:00,19460,19460,19450,19450,110
2026-03-18 13:01:00,19450,19450,19400,19410,625
2026-03-18 13:02:00,19440,19500,19400,19500,380
2026-03-18 13:03:00,19490,19510,19420,19510,663
2026-03-18 13:04:00,19500,19500,19440,19440,138
2026-03-18 13:05:00,19440,19460,19420,19460,389
2026-03-18 13:06:00,19450,19460,19450,19460,312
2026-03-18 13:07:00,19460,19550,19460,19550,1435
2026-03-18 13:08:00,19550,19550,19450,19450,351
2026-03-18 13:09:00,19450,19450,19420,19420,414
2026-03-18 13:10:00,19420,19430,19420,19430,299
2026-03-18 13:11:00,19430,19430,19400,19410,850
2026-03-18 13:12:00,19400,19400,19400,19400,35
2026-03-18 13:13:00,19400,19400,19400,19400,24
2026-03-18 13:14:00,19400,19400,19400,19400,60
2026-03-18 13:15:00,19400,19400,19390,19390,284
2026-03-18 13:16:00,19390,19390,19390,19390,71
2026-03-18 13:17:00,19400,19400,19400,19400,224
2026-03-18 13:18:00,19400,19400,19400,19400,26
2026-03-18 13:19:00,19400,19400,19400,19400,8
2026-03-18 13:20:00,19400,19400,19400,19400,62
2026-03-18 13:21:00,19400,19400,19400,19400,63
2026-03-18 13:22:00,19390,19390,19390,19390,1
2026-03-18 13:23:00,19400,19400,19400,19400,275
2026-03-18 13:24:00,19400,19400,19400,19400,156
2026-03-18 13:25:00,19390,19410,19390,19410,1024
2026-03-18 13:26:00,19410,19440,19380,19440,1933
2026-03-18 13:27:00,19440,19440,19440,19440,201
2026-03-18 13:28:00,19450,19450,19450,19450,366
2026-03-18 13:29:00,19460,19460,19450,19450,310
2026-03-18 13:30:00,19460,19460,19450,19450,30
2026-03-18 13:31:00,19440,19450,19440,19440,185
2026-03-18 13:32:00,19440,19450,19440,19440,412
2026-03-18 13:33:00,19430,19430,19430,19430,11
2026-03-18 13:34:00,19410,19410,19410,19410,90
2026-03-18 13:35:00,19430,19550,19430,19540,2541
2026-03-18 13:36:00,19480,19540,19480,19540,93
2026-03-18 13:37:00,19500,19500,19500,19500,146
2026-03-18 13:38:00,19500,19500,19500,19500,265
2026-03-18 13:39:00,19500,19520,19500,19500,158
2026-03-18 13:40:00,19490,19500,19490,19500,320
2026-03-18 13:41:00,19500,19500,19500,19500,213
2026-03-18 13:42:00,19500,19500,19490,19490,939
2026-03-18 13:43:00,19490,19500,19480,19500,41
2026-03-18 13:44:00,19500,19500,19490,19490,337
2026-03-18 13:45:00,19490,19490,19470,19470,295
2026-03-18 13:46:00,19470,19470,19460,19470,151
2026-03-18 13:47:00,19460,19470,19460,19470,52
2026-03-18 13:48:00,19470,19490,19470,19490,58
2026-03-18 13:49:00,19490,19490,19480,19480,21
2026-03-18 13:50:00,19480,19480,19480,19480,16
2026-03-18 13:51:00,19480,19500,19480,19500,482
2026-03-18 13:52:00,19490,19500,19490,19500,329
2026-03-18 13:53:00,19500,19500,19500,19500,623
2026-03-18 13:54:00,19500,19500,19490,19500,33
2026-03-18 13:55:00,19490,19490,19470,19470,28
2026-03-18 13:56:00,19470,19470,19460,19460,204
2026-03-18 13:57:00,19460,19460,19430,19430,404
2026-03-18 13:58:00,19420,19420,19400,19400,593
2026-03-18 13:59:00,19390,19400,19390,19400,148
2026-03-18 14:00:00,19400,19400,19390,19390,159
2026-03-18 14:01:00,19390,19400,19390,19400,93
2026-03-18 14:02:00,19400,19400,19400,19400,83
2026-03-18 14:03:00,19400,19420,19390,19420,153
2026-03-18 14:04:00,19410,19460,19400,19460,156
2026-03-18 14:05:00,19460,19460,19460,19460,232
2026-03-18 14:07:00,19460,19460,19460,19460,2
2026-03-18 14:08:00,19450,19450,19450,19450,9
2026-03-18 14:09:00,19450,19450,19410,19410,120
2026-03-18 14:10:00,19410,19410,19400,19400,388
2026-03-18 14:11:00,19400,19400,19390,19390,590
2026-03-18 14:12:00,19410,19410,19410,19410,1
2026-03-18 14:13:00,19410,19410,19390,19400,120
2026-03-18 14:14:00,19380,19400,19380,19400,77
2026-03-18 14:15:00,19440,19440,19430,19430,40
2026-03-18 14:16:00,19430,19430,19430,19430,10
2026-03-18 14:17:00,19400,19430,19340,19340,2080
2026-03-18 14:18:00,19420,19420,19350,19350,17
2026-03-18 14:19:00,19360,19360,19360,19360,36
2026-03-18 14:20:00,19360,19380,19360,19380,102
2026-03-18 14:21:00,19380,19380,19370,19370,10
2026-03-18 14:22:00,19370,19370,19370,19370,123
2026-03-18 14:23:00,19360,19370,19360,19370,73
2026-03-18 14:24:00,19360,19370,19360,19370,23
2026-03-18 14:25:00,19360,19360,19360,19360,131
2026-03-18 14:26:00,19360,19360,19360,19360,7
2026-03-18 14:27:00,19370,19370,19370,19370,5
2026-03-18 14:28:00,19370,19370,19360,19360,85
2026-03-18 14:29:00,19360,19370,19360,19360,210
2026-03-18 14:30:00,19350,19350,19310,19310,516
2026-03-18 14:31:00,19360,19370,19360,19370,10
2026-03-18 14:32:00,19350,19370,19350,19370,33
2026-03-18 14:33:00,19320,19330,19300,19330,130
2026-03-18 14:34:00,19330,19350,19330,19340,7
2026-03-18 14:35:00,19340,19340,19330,19330,116
2026-03-18 14:36:00,19320,19320,19310,19310,196
2026-03-18 14:37:00,19310,19310,19290,19300,626
2026-03-18 14:38:00,19290,19300,19290,19290,203
2026-03-18 14:39:00,19280,19300,19280,19280,113
2026-03-18 14:40:00,19280,19300,19280,19300,116
2026-03-18 14:41:00,19300,19330,19300,19330,83
2026-03-18 14:42:00,19320,19330,19310,19330,3
2026-03-18 14:43:00,19340,19340,19310,19320,41
2026-03-18 14:44:00,19310,19340,19310,19340,485
2026-03-18 14:45:00,19340,19350,19300,19340,175
2026-03-18 14:46:00,19320,19350,19280,19350,1174
2026-03-18 14:47:00,19350,19350,19350,19350,27
2026-03-18 14:48:00,19350,19370,19350,19350,5
2026-03-18 14:49:00,19350,19350,19350,19350,8
2026-03-18 14:50:00,19360,19390,19360,19380,228
2026-03-18 14:51:00,19360,19370,19360,19370,34
2026-03-18 14:52:00,19360,19380,19360,19380,131
2026-03-18 14:53:00,19360,19390,19360,19390,5
2026-03-18 14:54:00,19360,19390,19360,19390,201
2026-03-18 14:55:00,19390,19400,19380,19380,11
2026-03-18 14:56:00,19380,19380,19320,19320,329
2026-03-18 14:57:00,19330,19340,19310,19340,154
2026-03-18 14:58:00,19350,19360,19350,19360,3
2026-03-18 14:59:00,19350,19390,19350,19390,208
2026-03-18 15:00:00,19380,19390,19380,19390,51
2026-03-18 15:01:00,19390,19390,19370,19370,70
2026-03-18 15:02:00,19370,19390,19360,19390,1028
2026-03-18 15:03:00,19360,19370,19360,19360,34
2026-03-18 15:04:00,19370,19390,19360,19390,127
2026-03-18 15:05:00,19370,19370,19360,19360,1412
2026-03-18 15:06:00,19370,19370,19360,19370,39
2026-03-18 15:07:00,19370,19410,19370,19410,220
2026-03-18 15:08:00,19400,19400,19390,19400,453
2026-03-18 15:09:00,19400,19420,19400,19420,236
2026-03-18 15:10:00,19410,19450,19400,19445,740
2026-03-18 15:11:00,19450,19470,19410,19470,688
2026-03-18 15:12:00,19450,19460,19450,19450,91
2026-03-18 15:13:00,19440,19440,19440,19440,146
2026-03-18 15:14:00,19440,19490,19440,19450,966
2026-03-18 15:15:00,19450,19450,19450,19450,649
2026-03-18 15:16:00,19450,19460,19430,19460,337
2026-03-18 15:17:00,19450,19460,19450,19460,336
2026-03-18 15:18:00,19450,19480,19450,19470,1053
2026-03-18 15:19:00,19490,19490,19470,19480,1198
2026-03-18 15:30:00,19480,19480,19480,19480,2615
2026-03-18 15:35:00,19480,19480,19480,19480,33
2026-03-19 09:00:00,19000,19120,18830,18950,3759
2026-03-19 09:01:00,18850,19010,18850,18860,1034
2026-03-19 09:02:00,18880,18900,18860,18900,781
2026-03-19 09:03:00,18900,18940,18900,18940,437
2026-03-19 09:04:00,18940,19000,18940,19000,217
2026-03-19 09:05:00,19010,19030,19000,19000,625
2026-03-19 09:06:00,18970,18980,18960,18960,607
2026-03-19 09:07:00,18960,19000,18950,19000,871
2026-03-19 09:08:00,18980,19120,18980,19120,942
2026-03-19 09:09:00,19120,19120,19070,19080,598
2026-03-19 09:10:00,19110,19120,19060,19070,540
2026-03-19 09:11:00,19070,19070,19050,19050,160
2026-03-19 09:12:00,19050,19070,19050,19050,196
2026-03-19 09:13:00,19060,19130,19060,19130,1185
2026-03-19 09:14:00,19150,19180,19150,19180,191
2026-03-19 09:15:00,19180,19180,19150,19170,271
2026-03-19 09:16:00,19130,19130,19070,19070,1009
2026-03-19 09:17:00,19160,19180,19070,19070,321
2026-03-19 09:18:00,19160,19170,19070,19080,119
2026-03-19 09:19:00,19080,19080,19080,19080,30
2026-03-19 09:20:00,19080,19080,18930,18930,3311
2026-03-19 09:21:00,18930,18930,18910,18910,500
2026-03-19 09:22:00,18910,18920,18900,18900,589
2026-03-19 09:23:00,18900,18900,18850,18870,2268
2026-03-19 09:24:00,18870,18880,18850,18860,576
2026-03-19 09:25:00,18910,18930,18880,18880,141
2026-03-19 09:26:00,18880,18880,18870,18870,539
2026-03-19 09:27:00,18870,18870,18870,18870,105
2026-03-19 09:28:00,18900,18900,18860,18860,217
2026-03-19 09:29:00,18900,18910,18860,18880,117
2026-03-19 09:30:00,18900,18930,18870,18930,57
2026-03-19 09:31:00,18930,18930,18930,18930,194
2026-03-19 09:32:00,18930,18930,18910,18910,228
2026-03-19 09:33:00,18910,18910,18900,18900,111
2026-03-19 09:34:00,18890,18890,18880,18880,272
2026-03-19 09:35:00,18880,18880,18870,18870,223
2026-03-19 09:36:00,18870,18890,18860,18890,802
2026-03-19 09:37:00,18890,19000,18890,19000,62
2026-03-19 09:38:00,18980,18980,18940,18980,82
2026-03-19 09:39:00,18930,18930,18890,18900,194
2026-03-19 09:40:00,18900,18900,18880,18880,507
2026-03-19 09:41:00,18890,18890,18890,18890,7
2026-03-19 09:42:00,18880,18880,18810,18810,2176
2026-03-19 09:43:00,18820,18820,18810,18810,33
2026-03-19 09:44:00,18830,18830,18810,18810,538
2026-03-19 09:45:00,18860,18860,18810,18840,21
2026-03-19 09:46:00,18830,18830,18810,18820,1379
2026-03-19 09:47:00,18810,18820,18810,18820,98
2026-03-19 09:48:00,18830,18900,18830,18900,233
2026-03-19 09:50:00,18900,18940,18900,18930,138
2026-03-19 09:51:00,18930,18930,18930,18930,14
2026-03-19 09:53:00,18920,18930,18860,18870,1136
2026-03-19 09:55:00,18880,18920,18870,18920,255
2026-03-19 09:56:00,18880,18920,18880,18920,202
2026-03-19 09:57:00,18920,18920,18920,18920,20
2026-03-19 09:58:00,18880,18910,18870,18910,646
2026-03-19 09:59:00,18900,18900,18900,18900,5
2026-03-19 10:00:00,18860,18860,18860,18860,109
2026-03-19 10:01:00,18880,18880,18860,18860,218
2026-03-19 10:02:00,18860,18860,18860,18860,14
2026-03-19 10:03:00,18900,18900,18900,18900,60
2026-03-19 10:04:00,18860,18860,18820,18820,923
2026-03-19 10:05:00,18830,18850,18830,18850,363
2026-03-19 10:07:00,18850,18900,18850,18900,4
2026-03-19 10:09:00,18900,18940,18890,18890,1230
2026-03-19 10:10:00,18890,18890,18890,18890,266
2026-03-19 10:11:00,18890,18890,18890,18890,76
2026-03-19 10:13:00,18900,18900,18900,18900,582
2026-03-19 10:14:00,18900,18900,18870,18870,342
2026-03-19 10:16:00,18880,18880,18870,18870,171
2026-03-19 10:17:00,18880,18880,18870,18870,205
2026-03-19 10:18:00,18870,18880,18870,18870,223
2026-03-19 10:19:00,18870,18890,18860,18890,715
2026-03-19 10:21:00,18860,18860,18860,18860,1
2026-03-19 10:22:00,18860,18860,18820,18850,3312
2026-03-19 10:23:00,18850,18850,18850,18850,113
2026-03-19 10:24:00,18830,18830,18820,18820,8
2026-03-19 10:25:00,18850,18850,18850,18850,50
2026-03-19 10:27:00,18850,18850,18850,18850,16
2026-03-19 10:28:00,18850,18880,18850,18880,7
2026-03-19 10:29:00,18850,18880,18850,18880,75
2026-03-19 10:30:00,18840,18840,18830,18830,105
2026-03-19 10:31:00,18830,18830,18820,18820,13
2026-03-19 10:32:00,18830,18830,18830,18830,134
2026-03-19 10:33:00,18830,18830,18830,18830,6
2026-03-19 10:34:00,18820,18820,18810,18820,1606
2026-03-19 10:35:00,18820,18830,18800,18830,184
2026-03-19 10:36:00,18820,18820,18810,18810,4
2026-03-19 10:37:00,18830,18830,18830,18830,112
2026-03-19 10:38:00,18870,18880,18870,18880,2
2026-03-19 10:39:00,18880,18880,18880,18880,15
2026-03-19 10:41:00,18870,18870,18820,18820,163
2026-03-19 10:42:00,18820,18820,18820,18820,20
2026-03-19 10:43:00,18820,18870,18820,18870,145
2026-03-19 10:44:00,18870,18870,18840,18840,200
2026-03-19 10:45:00,18840,18840,18840,18840,273
2026-03-19 10:46:00,18840,18840,18820,18820,185
2026-03-19 10:47:00,18830,18830,18810,18830,627
2026-03-19 10:48:00,18830,18840,18830,18840,104
2026-03-19 10:49:00,18840,18840,18840,18840,28
2026-03-19 10:50:00,18850,18860,18840,18840,48
2026-03-19 10:51:00,18860,18860,18860,18860,10
2026-03-19 10:52:00,18860,18860,18860,18860,58
2026-03-19 10:53:00,18860,18880,18860,18865,61
2026-03-19 10:54:00,18870,18880,18870,18880,234
2026-03-19 10:56:00,18890,18900,18890,18900,316
2026-03-19 10:57:00,18900,18910,18890,18900,1131
2026-03-19 10:58:00,18930,18940,18930,18940,63
2026-03-19 10:59:00,18920,18920,18920,18920,106
2026-03-19 11:00:00,18910,18910,18910,18910,205
2026-03-19 11:01:00,18900,18910,18880,18880,1007
2026-03-19 11:03:00,18880,18880,18870,18870,561
2026-03-19 11:04:00,18870,18870,18870,18870,153
2026-03-19 11:05:00,18870,18870,18860,18870,317
2026-03-19 11:06:00,18900,18910,18890,18910,273
2026-03-19 11:07:00,18890,18900,18890,18900,535
2026-03-19 11:08:00,18900,18900,18900,18900,112
2026-03-19 11:10:00,18910,18910,18900,18900,562
2026-03-19 11:11:00,18910,18910,18910,18910,71
2026-03-19 11:12:00,18910,18920,18900,18900,527
2026-03-19 11:13:00,18900,18910,18900,18900,353
2026-03-19 11:14:00,18900,18900,18880,18880,313
2026-03-19 11:16:00,18930,18930,18930,18930,103
2026-03-19 11:17:00,18930,18970,18930,18970,588
2026-03-19 11:18:00,18970,18980,18970,18980,71
2026-03-19 11:19:00,18980,18980,18980,18980,54
2026-03-19 11:20:00,18980,18990,18980,18990,96
2026-03-19 11:21:00,18990,19000,18990,19000,498
2026-03-19 11:23:00,19000,19000,18980,18980,477
2026-03-19 11:24:00,19000,19000,18990,19000,103
2026-03-19 11:25:00,18990,19000,18990,19000,1024
2026-03-19 11:26:00,19000,19030,19000,19030,49
2026-03-19 11:27:00,19030,19060,19030,19060,219
2026-03-19 11:28:00,19060,19080,19060,19080,151
2026-03-19 11:29:00,19080,19120,19080,19080,253
2026-03-19 11:30:00,19080,19090,19080,19090,331
2026-03-19 11:31:00,19100,19110,19100,19110,515
2026-03-19 11:32:00,19110,19120,19110,19110,141
2026-03-19 11:33:00,19110,19110,19090,19090,410
2026-03-19 11:34:00,19090,19090,19070,19070,341
2026-03-19 11:35:00,19070,19080,19070,19070,298
2026-03-19 11:36:00,19080,19120,19080,19120,416
2026-03-19 11:37:00,19120,19140,19120,19140,144
2026-03-19 11:38:00,19130,19160,19130,19160,775
2026-03-19 11:39:00,19170,19190,19170,19190,108
2026-03-19 11:40:00,19190,19200,19190,19200,206
2026-03-19 11:41:00,19200,19200,19190,19190,52
2026-03-19 11:42:00,19190,19190,19160,19190,510
2026-03-19 11:43:00,19160,19160,19160,19160,20
2026-03-19 11:44:00,19160,19200,19160,19200,311
2026-03-19 11:46:00,19180,19180,19160,19160,266
2026-03-19 11:47:00,19160,19160,19120,19120,552
2026-03-19 11:48:00,19120,19120,19100,19100,139
2026-03-19 11:49:00,19120,19120,19120,19120,3
2026-03-19 11:50:00,19110,19110,19080,19080,291
2026-03-19 11:51:00,19070,19070,19070,19070,121
2026-03-19 11:52:00,19070,19070,19070,19070,76
2026-03-19 11:53:00,19070,19090,19070,19090,58
2026-03-19 11:54:00,19090,19090,19090,19090,211
2026-03-19 11:55:00,19090,19110,19090,19090,133
2026-03-19 11:56:00,19090,19160,19090,19160,5
2026-03-19 11:57:00,19160,19160,19100,19100,131
2026-03-19 11:58:00,19100,19100,19080,19080,605
2026-03-19 11:59:00,19080,19100,19050,19050,663
2026-03-19 12:00:00,19050,19050,19050,19050,77
2026-03-19 12:01:00,19060,19060,19040,19050,82
2026-03-19 12:02:00,19050,19050,19050,19050,27
2026-03-19 12:03:00,19050,19050,19040,19050,194
2026-03-19 12:04:00,19050,19100,19050,19100,169
2026-03-19 12:05:00,19050,19050,19050,19050,15
2026-03-19 12:08:00,19060,19060,19060,19060,214
2026-03-19 12:09:00,19060,19060,19060,19060,1
2026-03-19 12:10:00,19060,19060,19060,19060,10
2026-03-19 12:11:00,19080,19080,19080,19080,1
2026-03-19 12:12:00,19080,19080,19080,19080,21
2026-03-19 12:13:00,19080,19090,19060,19060,225
2026-03-19 12:14:00,19070,19070,19070,19070,5
2026-03-19 12:16:00,19080,19100,19070,19100,138
2026-03-19 12:17:00,19110,19130,19110,19130,21
2026-03-19 12:18:00,19130,19130,19130,19130,11
2026-03-19 12:19:00,19130,19130,19130,19130,129
2026-03-19 12:21:00,19130,19130,19130,19130,6
2026-03-19 12:22:00,19130,19150,19130,19150,17
2026-03-19 12:23:00,19150,19150,19150,19150,91
2026-03-19 12:24:00,19150,19160,19150,19160,416
2026-03-19 12:25:00,19180,19190,19150,19190,153
2026-03-19 12:26:00,19130,19190,19110,19190,350
2026-03-19 12:27:00,19110,19110,19100,19100,143
2026-03-19 12:28:00,19090,19090,19080,19090,153
2026-03-19 12:30:00,19090,19090,19080,19080,19
2026-03-19 12:31:00,19080,19080,19080,19080,4
2026-03-19 12:32:00,19070,19070,19030,19070,2105
2026-03-19 12:34:00,19070,19070,19070,19070,4
2026-03-19 12:35:00,19040,19040,19040,19040,73
2026-03-19 12:36:00,19040,19040,19010,19010,877
2026-03-19 12:37:00,19010,19010,19000,19010,143
2026-03-19 12:38:00,19070,19070,19060,19060,12
2026-03-19 12:39:00,19060,19060,19060,19060,14
2026-03-19 12:40:00,19020,19060,19010,19060,56
2026-03-19 12:41:00,19030,19060,19020,19060,29
2026-03-19 12:42:00,19030,19030,19030,19030,14
2026-03-19 12:43:00,19020,19020,19020,19020,22
2026-03-19 12:44:00,19010,19020,19000,19020,1319
2026-03-19 12:45:00,19020,19020,19020,19020,1
2026-03-19 12:47:00,19020,19020,18970,18970,535
2026-03-19 12:48:00,19000,19000,19000,19000,100
2026-03-19 12:50:00,19000,19020,19000,19020,21
2026-03-19 12:51:00,19020,19020,18950,18950,1851
2026-03-19 12:52:00,18950,18950,18940,18940,127
2026-03-19 12:53:00,18940,18950,18940,18950,94
2026-03-19 12:54:00,18930,18950,18920,18950,242
2026-03-19 12:55:00,18950,18950,18940,18940,275
2026-03-19 12:56:00,18940,18940,18940,18940,29
2026-03-19 12:57:00,18950,18950,18930,18930,190
2026-03-19 12:58:00,18940,18940,18940,18940,11
2026-03-19 12:59:00,18940,18940,18940,18940,31
2026-03-19 13:00:00,18930,18930,18920,18920,8
2026-03-19 13:01:00,18940,18940,18930,18930,4
2026-03-19 13:02:00,18940,18940,18920,18940,408
2026-03-19 13:03:00,18940,19010,18930,19010,229
2026-03-19 13:04:00,19000,19010,19000,19010,151
2026-03-19 13:05:00,19020,19020,18980,19020,110
2026-03-19 13:06:00,18970,18970,18950,18960,356
2026-03-19 13:07:00,18960,18970,18940,18940,1120
2026-03-19 13:08:00,18920,18920,18920,18920,16
2026-03-19 13:09:00,18940,18960,18940,18950,32
2026-03-19 13:10:00,18940,18940,18930,18930,75
2026-03-19 13:11:00,18940,18940,18920,18920,161
2026-03-19 13:12:00,18910,18920,18900,18900,355
2026-03-19 13:13:00,18900,18900,18900,18900,10
2026-03-19 13:14:00,18900,18900,18900,18900,26
2026-03-19 13:15:00,18940,18970,18940,18950,201
2026-03-19 13:16:00,18950,18950,18910,18910,101
2026-03-19 13:17:00,18910,18920,18910,18920,125
2026-03-19 13:18:00,18920,18920,18920,18920,29
2026-03-19 13:19:00,18920,18920,18920,18920,25
2026-03-19 13:20:00,18970,18970,18970,18970,7
2026-03-19 13:21:00,18950,18950,18940,18940,134
2026-03-19 13:22:00,18950,18950,18950,18950,84
2026-03-19 13:23:00,18920,18920,18920,18920,44
2026-03-19 13:25:00,18920,18920,18920,18920,172
2026-03-19 13:27:00,18920,18920,18920,18920,9
2026-03-19 13:28:00,18990,18990,18990,18990,21
2026-03-19 13:29:00,18980,18990,18980,18990,270
2026-03-19 13:30:00,18990,18990,18990,18990,7
2026-03-19 13:32:00,18990,18990,18950,18950,30
2026-03-19 13:33:00,18990,18990,18930,18930,171
2026-03-19 13:34:00,18930,18930,18910,18910,498
2026-03-19 13:35:00,18930,18990,18930,18990,12
2026-03-19 13:36:00,18990,18990,18920,18920,57
2026-03-19 13:37:00,18910,18910,18910,18910,1
2026-03-19 13:38:00,18910,18910,18910,18910,41
2026-03-19 13:39:00,18910,18910,18910,18910,3
2026-03-19 13:40:00,18920,18920,18900,18900,2079
2026-03-19 13:41:00,18900,18900,18890,18890,490
2026-03-19 13:42:00,18880,18880,18880,18880,427
2026-03-19 13:43:00,18890,18890,18880,18880,73
2026-03-19 13:44:00,18880,18900,18880,18900,189
2026-03-19 13:45:00,18910,18990,18900,18980,81
2026-03-19 13:46:00,18900,18900,18880,18880,111
2026-03-19 13:47:00,18890,18890,18880,18880,52
2026-03-19 13:48:00,18880,18880,18880,18880,851
2026-03-19 13:51:00,18880,18880,18880,18880,229
2026-03-19 13:54:00,18880,18880,18860,18860,500
2026-03-19 13:57:00,18870,18870,18870,18870,9
2026-03-19 14:00:00,18870,18870,18870,18870,9
2026-03-19 14:01:00,18870,18870,18870,18870,1
2026-03-19 14:02:00,18870,18870,18870,18870,39
2026-03-19 14:03:00,18890,18890,18880,18890,127
2026-03-19 14:04:00,18870,18870,18790,18790,8297
2026-03-19 14:05:00,18790,18790,18780,18780,210
2026-03-19 14:06:00,18790,18800,18790,18800,14
2026-03-19 14:07:00,18790,18790,18790,18790,1
2026-03-19 14:08:00,18800,18800,18800,18800,23
2026-03-19 14:09:00,18800,18800,18800,18800,161
2026-03-19 14:10:00,18790,18790,18780,18780,397
2026-03-19 14:11:00,18780,18800,18780,18780,150
2026-03-19 14:12:00,18790,18800,18790,18800,154
2026-03-19 14:13:00,18800,18800,18790,18790,134
2026-03-19 14:15:00,18790,18790,18790,18790,15
2026-03-19 14:16:00,18790,18790,18790,18790,1
2026-03-19 14:17:00,18800,18800,18800,18800,3
2026-03-19 14:18:00,18790,18800,18790,18800,51
2026-03-19 14:19:00,18790,18800,18790,18800,47
2026-03-19 14:20:00,18790,18800,18790,18790,1550
2026-03-19 14:21:00,18790,18790,18790,18790,10
2026-03-19 14:22:00,18790,18800,18790,18800,210
2026-03-19 14:23:00,18800,18800,18800,18800,10
2026-03-19 14:24:00,18800,18800,18800,18800,5
2026-03-19 14:25:00,18800,18810,18800,18810,11
2026-03-19 14:26:00,18810,18810,18780,18780,1280
2026-03-19 14:27:00,18780,18780,18780,18780,73
2026-03-19 14:28:00,18780,18780,18760,18760,803
2026-03-19 14:29:00,18760,18760,18750,18760,310
2026-03-19 14:30:00,18760,18760,18740,18740,1622
2026-03-19 14:31:00,18740,18740,18710,18710,565
2026-03-19 14:32:00,18720,18730,18710,18730,104
2026-03-19 14:33:00,18730,18730,18720,18730,16
2026-03-19 14:34:00,18720,18720,18710,18720,98
2026-03-19 14:35:00,18720,18720,18710,18720,1025
2026-03-19 14:36:00,18720,18720,18710,18720,44
2026-03-19 14:37:00,18720,18720,18710,18710,39
2026-03-19 14:38:00,18710,18720,18710,18720,10
2026-03-19 14:39:00,18710,18720,18710,18710,823
2026-03-19 14:40:00,18710,18710,18710,18710,22
2026-03-19 14:41:00,18710,18720,18710,18720,43
2026-03-19 14:42:00,18710,18720,18710,18720,10
2026-03-19 14:43:00,18720,18730,18720,18720,408
2026-03-19 14:44:00,18730,18730,18720,18730,53
2026-03-19 14:45:00,18720,18730,18720,18720,17
2026-03-19 14:46:00,18730,18730,18720,18730,837
2026-03-19 14:47:00,18730,18750,18730,18750,26
2026-03-19 14:48:00,18750,18770,18750,18770,15
2026-03-19 14:49:00,18780,18830,18780,18800,144
2026-03-19 14:50:00,18770,18790,18750,18790,639
2026-03-19 14:51:00,18760,18760,18760,18760,2
2026-03-19 14:52:00,18750,18770,18750,18770,16
2026-03-19 14:53:00,18760,18760,18760,18760,59
2026-03-19 14:54:00,18760,18770,18760,18770,101
2026-03-19 14:55:00,18780,18780,18770,18780,13
2026-03-19 14:56:00,18770,18770,18750,18750,992
2026-03-19 14:57:00,18770,18780,18750,18780,70
2026-03-19 14:58:00,18780,18780,18770,18770,188
2026-03-19 14:59:00,18770,18770,18750,18760,5
2026-03-19 15:00:00,18750,18760,18750,18750,7
2026-03-19 15:01:00,18750,18750,18750,18750,41
2026-03-19 15:02:00,18750,18750,18720,18720,2287
2026-03-19 15:03:00,18730,18740,18710,18740,665
2026-03-19 15:04:00,18740,18740,18730,18730,148
2026-03-19 15:05:00,18740,18740,18720,18720,7
2026-03-19 15:06:00,18740,18740,18720,18730,214
2026-03-19 15:07:00,18720,18730,18720,18730,108
2026-03-19 15:08:00,18730,18740,18720,18740,77
2026-03-19 15:09:00,18720,18720,18720,18720,51
2026-03-19 15:10:00,18730,18740,18730,18740,38
2026-03-19 15:11:00,18730,18740,18730,18740,8
2026-03-19 15:12:00,18730,18740,18730,18740,208
2026-03-19 15:13:00,18730,18740,18730,18740,95
2026-03-19 15:14:00,18740,18740,18730,18740,19
2026-03-19 15:15:00,18730,18730,18730,18730,141
2026-03-19 15:16:00,18730,18730,18720,18720,518
2026-03-19 15:17:00,18720,18720,18720,18720,60
2026-03-19 15:18:00,18720,18720,18720,18720,19
2026-03-19 15:19:00,18720,18740,18720,18740,86
2026-03-19 15:30:00,18750,18750,18750,18750,753
2026-03-19 15:35:00,18750,18750,18750,18750,265
2026-03-20 09:00:00,18850,18860,18810,18810,1634
2026-03-20 09:01:00,18810,18810,18800,18800,388
2026-03-20 09:02:00,18800,18800,18750,18750,2416
2026-03-20 09:03:00,18760,18760,18610,18610,3169
2026-03-20 09:04:00,18600,18610,18500,18520,1543
2026-03-20 09:05:00,18540,18890,18530,18890,1625
2026-03-20 09:06:00,18880,18890,18860,18860,712
2026-03-20 09:07:00,18750,18750,18740,18740,1029
2026-03-20 09:08:00,18740,18740,18700,18700,605
2026-03-20 09:09:00,18700,18830,18700,18830,906
2026-03-20 09:10:00,18860,18940,18850,18900,1502
2026-03-20 09:11:00,18900,18980,18900,18980,224
2026-03-20 09:12:00,18940,18940,18900,18940,537
2026-03-20 09:13:00,18930,18940,18900,18900,122
2026-03-20 09:14:00,18900,18900,18900,18900,179
2026-03-20 09:15:00,18910,18940,18910,18910,430
2026-03-20 09:16:00,18910,18910,18900,18900,265
2026-03-20 09:17:00,18860,18910,18860,18910,2143
2026-03-20 09:19:00,18910,18930,18910,18930,13
2026-03-20 09:20:00,18940,18970,18940,18970,1011
2026-03-20 09:21:00,18910,18960,18900,18940,1081
2026-03-20 09:22:00,18860,18860,18860,18860,146
2026-03-20 09:23:00,18860,18860,18790,18815,333
2026-03-20 09:24:00,18805,18805,18740,18740,399
2026-03-20 09:25:00,18740,18770,18730,18730,550
2026-03-20 09:26:00,18730,18740,18730,18740,223
2026-03-20 09:27:00,18750,18750,18740,18750,314
2026-03-20 09:28:00,18760,18760,18760,18760,10
2026-03-20 09:29:00,18770,18770,18760,18760,84
2026-03-20 09:30:00,18760,18770,18760,18770,688
2026-03-20 09:31:00,18770,18790,18770,18790,299
2026-03-20 09:32:00,18760,18760,18700,18720,1807
2026-03-20 09:33:00,18790,18790,18730,18730,27
2026-03-20 09:34:00,18730,18730,18730,18730,39
2026-03-20 09:35:00,18730,18730,18730,18730,11
2026-03-20 09:36:00,18730,18810,18730,18800,208
2026-03-20 09:37:00,18790,18800,18790,18800,40
2026-03-20 09:38:00,18800,18800,18720,18720,413
2026-03-20 09:39:00,18720,18720,18720,18720,194
2026-03-20 09:40:00,18720,18720,18720,18720,369
2026-03-20 09:41:00,18740,18790,18740,18790,101
2026-03-20 09:42:00,18740,18740,18740,18740,13
2026-03-20 09:43:00,18750,18750,18740,18740,190
2026-03-20 09:44:00,18750,18750,18720,18740,230
2026-03-20 09:45:00,18720,18720,18700,18710,381
2026-03-20 09:46:00,18700,18710,18670,18670,2927
2026-03-20 09:47:00,18660,18660,18650,18660,368
2026-03-20 09:48:00,18650,18660,18650,18650,403
2026-03-20 09:49:00,18650,18660,18650,18660,11
2026-03-20 09:50:00,18660,18665,18650,18650,397
2026-03-20 09:51:00,18670,18670,18670,18670,377
2026-03-20 09:52:00,18670,18670,18660,18660,113
2026-03-20 09:53:00,18660,18660,18660,18660,274
2026-03-20 09:54:00,18660,18660,18650,18660,3
2026-03-20 09:55:00,18650,18660,18650,18660,12
2026-03-20 09:56:00,18660,18660,18650,18650,213
2026-03-20 09:57:00,18650,18660,18650,18650,131
2026-03-20 09:58:00,18640,18640,18630,18630,678
2026-03-20 09:59:00,18630,18680,18620,18650,1930
2026-03-20 10:00:00,18650,18680,18600,18670,1058
2026-03-20 10:01:00,18650,18800,18600,18800,2565
2026-03-20 10:02:00,18850,18850,18790,18840,209
2026-03-20 10:03:00,18840,18840,18840,18840,11
2026-03-20 10:04:00,18840,18840,18790,18790,1014
2026-03-20 10:05:00,18810,18850,18810,18850,2404
2026-03-20 10:06:00,18930,18940,18920,18940,178
2026-03-20 10:07:00,18920,18930,18920,18930,189
2026-03-20 10:10:00,18930,18940,18930,18930,262
2026-03-20 10:11:00,18930,18930,18930,18930,274
2026-03-20 10:12:00,18940,18960,18940,18960,653
2026-03-20 10:13:00,18970,18970,18960,18960,217
2026-03-20 10:14:00,18970,18970,18960,18960,162
2026-03-20 10:15:00,18960,18960,18940,18950,628
2026-03-20 10:16:00,18950,18950,18950,18950,135
2026-03-20 10:17:00,18940,18950,18940,18950,251
2026-03-20 10:18:00,18890,18890,18800,18800,1902
2026-03-20 10:19:00,18830,18860,18830,18860,479
2026-03-20 10:20:00,18840,18840,18840,18840,241
2026-03-20 10:22:00,18840,18860,18840,18840,77
2026-03-20 10:23:00,18840,18840,18830,18830,2
2026-03-20 10:24:00,18830,18830,18800,18800,27
2026-03-20 10:25:00,18830,18840,18830,18840,8
2026-03-20 10:26:00,18830,18830,18830,18830,282
2026-03-20 10:27:00,18830,18830,18820,18820,13
2026-03-20 10:28:00,18830,18840,18830,18830,283
2026-03-20 10:29:00,18830,18830,18780,18830,316
2026-03-20 10:30:00,18850,18890,18850,18890,786
2026-03-20 10:31:00,18810,18910,18800,18910,893
2026-03-20 10:33:00,18910,18970,18910,18970,1131
2026-03-20 10:34:00,18970,18970,18960,18960,129
2026-03-20 10:35:00,18960,18990,18960,18980,2189
2026-03-20 10:36:00,18990,18990,18980,18990,196
2026-03-20 10:37:00,18990,18990,18990,18990,42
2026-03-20 10:38:00,18990,18990,18980,18980,115
2026-03-20 10:39:00,18990,19000,18990,19000,164
2026-03-20 10:40:00,19000,19000,19000,19000,4
2026-03-20 10:41:00,18990,18990,18960,18960,180
2026-03-20 10:42:00,18980,18980,18980,18980,2
2026-03-20 10:43:00,18980,18980,18980,18980,21
2026-03-20 10:44:00,18960,18960,18960,18960,64
2026-03-20 10:45:00,18950,18950,18940,18940,10
2026-03-20 10:46:00,18940,18940,18940,18940,208
2026-03-20 10:47:00,18920,18920,18900,18900,324
2026-03-20 10:48:00,18900,18900,18900,18900,23
2026-03-20 10:49:00,18900,18900,18840,18900,464
2026-03-20 10:50:00,18910,18970,18910,18970,778
2026-03-20 10:51:00,18960,18960,18960,18960,2
2026-03-20 10:52:00,18950,18950,18950,18950,50
2026-03-20 10:53:00,18950,18950,18950,18950,1
2026-03-20 10:54:00,18940,18940,18940,18940,113
2026-03-20 10:55:00,18920,18930,18920,18930,92
2026-03-20 10:56:00,18940,18940,18930,18930,32
2026-03-20 10:57:00,18930,18950,18930,18950,152
2026-03-20 10:58:00,18950,18950,18930,18950,579
2026-03-20 10:59:00,18950,18980,18950,18980,634
2026-03-20 11:00:00,18990,18990,18990,18990,1
2026-03-20 11:01:00,18980,18980,18980,18980,1
2026-03-20 11:02:00,18980,18980,18930,18930,148
2026-03-20 11:03:00,18950,18950,18950,18950,3
2026-03-20 11:04:00,18950,18950,18950,18950,1
2026-03-20 11:05:00,18950,18970,18950,18970,393
2026-03-20 11:06:00,18960,18960,18960,18960,2
2026-03-20 11:08:00,18960,18960,18960,18960,334
2026-03-20 11:09:00,18960,18970,18960,18970,24
2026-03-20 11:10:00,18970,18970,18970,18970,220
2026-03-20 11:11:00,18970,18970,18970,18970,2
2026-03-20 11:12:00,18970,18980,18970,18980,84
2026-03-20 11:13:00,18980,18980,18970,18970,70
2026-03-20 11:14:00,18970,18970,18970,18970,101
2026-03-20 11:15:00,18970,18970,18970,18970,319
2026-03-20 11:16:00,18960,18960,18950,18950,506
2026-03-20 11:17:00,18950,18950,18950,18950,851
2026-03-20 11:18:00,18950,18950,18940,18940,29
2026-03-20 11:19:00,18940,18940,18930,18940,635
2026-03-20 11:20:00,18940,18940,18930,18940,17
2026-03-20 11:21:00,18940,18950,18940,18940,70
2026-03-20 11:22:00,18930,18940,18930,18930,152
2026-03-20 11:23:00,18930,18930,18930,18930,109
2026-03-20 11:24:00,18930,18930,18930,18930,63
2026-03-20 11:25:00,18930,18930,18930,18930,9
2026-03-20 11:26:00,18920,18920,18900,18900,100
2026-03-20 11:27:00,18920,18930,18920,18930,13
2026-03-20 11:28:00,18930,18940,18900,18900,146
2026-03-20 11:29:00,18930,18950,18900,18940,566
2026-03-20 11:30:00,18940,18940,18940,18940,253
2026-03-20 11:31:00,18910,18910,18910,18910,1
2026-03-20 11:32:00,18910,18910,18910,18910,61
2026-03-20 11:33:00,18910,18910,18910,18910,5
2026-03-20 11:34:00,18920,18920,18900,18900,1000
2026-03-20 11:36:00,18910,18910,18910,18910,61
2026-03-20 11:37:00,18920,18920,18910,18910,30
2026-03-20 11:38:00,18910,18910,18910,18910,20
2026-03-20 11:39:00,18940,18940,18940,18940,6
2026-03-20 11:40:00,18940,18940,18930,18940,108
2026-03-20 11:41:00,18940,18940,18930,18930,101
2026-03-20 11:42:00,18940,18940,18940,18940,8
2026-03-20 11:43:00,18940,18960,18940,18940,587
2026-03-20 11:44:00,18950,18960,18940,18960,26
2026-03-20 11:45:00,18960,18960,18960,18960,90
2026-03-20 11:46:00,18960,18960,18950,18950,11
2026-03-20 11:47:00,18960,18960,18960,18960,301
2026-03-20 11:49:00,18960,18970,18960,18970,327
2026-03-20 11:50:00,18970,18970,18970,18970,10
2026-03-20 11:51:00,18970,18980,18970,18980,236
2026-03-20 11:53:00,18980,18980,18980,18980,4
2026-03-20 11:54:00,18980,18980,18980,18980,111
2026-03-20 11:55:00,18980,18990,18980,18990,258
2026-03-20 11:56:00,18990,18990,18990,18990,43
2026-03-20 11:57:00,18980,18990,18970,18970,99
2026-03-20 11:58:00,18980,18980,18980,18980,4
2026-03-20 11:59:00,18990,18990,18980,18990,9
2026-03-20 12:00:00,18980,18980,18980,18980,109
2026-03-20 12:01:00,18970,18970,18970,18970,3
2026-03-20 12:02:00,18990,18990,18990,18990,701
2026-03-20 12:04:00,18990,19000,18990,19000,65
2026-03-20 12:05:00,19000,19000,18960,18980,1136
2026-03-20 12:07:00,18980,18980,18980,18980,80
2026-03-20 12:08:00,18990,18990,18990,18990,2
2026-03-20 12:09:00,18990,18990,18980,18980,41
2026-03-20 12:10:00,18980,18980,18980,18980,1
2026-03-20 12:11:00,18990,18990,18990,18990,5
2026-03-20 12:12:00,18990,19000,18990,18990,180
2026-03-20 12:13:00,18980,18990,18980,18990,255
2026-03-20 12:14:00,18990,18990,18990,18990,262
2026-03-20 12:15:00,18990,19000,18980,18980,550
2026-03-20 12:16:00,18980,18990,18980,18990,260
2026-03-20 12:17:00,18990,18990,18980,18980,142
2026-03-20 12:18:00,18990,19000,18990,19000,300
2026-03-20 12:19:00,19000,19000,18980,18980,33
2026-03-20 12:20:00,18980,18980,18980,18980,1
2026-03-20 12:21:00,18970,18970,18970,18970,31
2026-03-20 12:23:00,18980,18980,18980,18980,75
2026-03-20 12:25:00,18990,18990,18980,18990,8
2026-03-20 12:26:00,18970,18970,18960,18960,121
2026-03-20 12:28:00,18950,18960,18910,18960,411
2026-03-20 12:31:00,18950,18950,18950,18950,16
2026-03-20 12:32:00,18950,18960,18930,18930,332
2026-03-20 12:33:00,18920,18940,18920,18940,357
2026-03-20 12:35:00,18930,18930,18930,18930,284
2026-03-20 12:36:00,18930,18930,18920,18920,200
2026-03-20 12:38:00,18920,18940,18920,18940,205
2026-03-20 12:39:00,18940,18940,18940,18940,177
2026-03-20 12:40:00,18940,18940,18940,18940,140
2026-03-20 12:41:00,18940,18940,18940,18940,100
2026-03-20 12:42:00,18940,18950,18940,18940,26
2026-03-20 12:44:00,18940,18940,18940,18940,10
2026-03-20 12:45:00,18940,18940,18940,18940,15
2026-03-20 12:46:00,18960,18960,18940,18940,95
2026-03-20 12:47:00,18940,18940,18940,18940,338
2026-03-20 12:48:00,18940,18940,18940,18940,25
2026-03-20 12:50:00,18940,18940,18920,18940,573
2026-03-20 12:52:00,18910,18910,18900,18900,786
2026-03-20 12:53:00,18900,18910,18900,18910,80
2026-03-20 12:56:00,18930,18940,18930,18940,5
2026-03-20 12:57:00,18920,18920,18920,18920,25
2026-03-20 12:58:00,18920,18920,18920,18920,51
2026-03-20 13:00:00,18920,18930,18920,18920,147
2026-03-20 13:01:00,18920,18930,18920,18930,166
2026-03-20 13:03:00,18940,18940,18940,18940,1
2026-03-20 13:04:00,18930,18930,18930,18930,1
2026-03-20 13:05:00,18940,18950,18940,18950,2
2026-03-20 13:08:00,18920,18920,18920,18920,100
2026-03-20 13:09:00,18950,18950,18920,18920,40
2026-03-20 13:11:00,18930,18930,18930,18930,105
2026-03-20 13:14:00,18930,18930,18930,18930,6
2026-03-20 13:15:00,18940,18950,18940,18950,34
2026-03-20 13:16:00,18940,18940,18930,18930,55
2026-03-20 13:17:00,18930,18930,18920,18920,379
2026-03-20 13:18:00,18920,18920,18920,18920,166
2026-03-20 13:20:00,18940,18940,18940,18940,10
2026-03-20 13:22:00,18940,18940,18920,18920,80
2026-03-20 13:23:00,18920,18920,18910,18910,173
2026-03-20 13:24:00,18920,18920,18920,18920,1
2026-03-20 13:25:00,18920,18920,18920,18920,229
2026-03-20 13:26:00,18920,18920,18920,18920,7
2026-03-20 13:27:00,18910,18920,18910,18920,5
2026-03-20 13:28:00,18920,18920,18920,18920,5
2026-03-20 13:29:00,18910,18920,18910,18910,645
2026-03-20 13:31:00,18920,18920,18920,18920,1
2026-03-20 13:32:00,18910,18910,18910,18910,22
2026-03-20 13:33:00,18910,18910,18910,18910,90
2026-03-20 13:34:00,18910,18910,18910,18910,1
2026-03-20 13:35:00,18910,18920,18910,18910,220
2026-03-20 13:36:00,18910,18910,18910,18910,100
2026-03-20 13:38:00,18910,18910,18910,18910,24
2026-03-20 13:39:00,18910,18910,18910,18910,88
2026-03-20 13:40:00,18920,18920,18910,18910,98
2026-03-20 13:43:00,18920,18920,18910,18910,30
2026-03-20 13:44:00,18910,18910,18910,18910,27
2026-03-20 13:45:00,18920,18920,18920,18920,1
2026-03-20 13:46:00,18930,18930,18930,18930,1
2026-03-20 13:47:00,18930,18930,18930,18930,7
2026-03-20 13:48:00,18920,18930,18920,18930,65
2026-03-20 13:50:00,18930,18930,18930,18930,34
2026-03-20 13:51:00,18910,18910,18910,18910,50
2026-03-20 13:52:00,18910,18910,18910,18910,1
2026-03-20 13:53:00,18910,18910,18910,18910,208
2026-03-20 13:54:00,18920,18920,18900,18900,103
2026-03-20 13:55:00,18900,18900,18900,18900,51
2026-03-20 13:57:00,18900,18900,18900,18900,1
2026-03-20 13:58:00,18910,18910,18910,18910,1
2026-03-20 14:00:00,18910,18910,18910,18910,21
2026-03-20 14:01:00,18910,18910,18910,18910,360
2026-03-20 14:02:00,18910,18910,18900,18900,269
2026-03-20 14:04:00,18900,18900,18890,18890,799
2026-03-20 14:06:00,18880,18880,18840,18840,613
2026-03-20 14:07:00,18840,18840,18830,18830,101
2026-03-20 14:08:00,18820,18830,18820,18830,67
2026-03-20 14:09:00,18830,18830,18830,18830,1
2026-03-20 14:10:00,18820,18820,18770,18770,701
2026-03-20 14:11:00,18770,18780,18770,18780,77
2026-03-20 14:12:00,18780,18780,18770,18770,187
2026-03-20 14:13:00,18770,18770,18750,18760,842
2026-03-20 14:14:00,18760,18770,18750,18770,707
2026-03-20 14:15:00,18770,18770,18770,18770,15
2026-03-20 14:16:00,18790,18820,18790,18820,14
2026-03-20 14:17:00,18820,18820,18820,18820,32
2026-03-20 14:18:00,18820,18820,18820,18820,50
2026-03-20 14:19:00,18820,18820,18820,18820,86
2026-03-20 14:20:00,18830,18840,18830,18840,47
2026-03-20 14:21:00,18830,18830,18830,18830,429
2026-03-20 14:23:00,18820,18820,18820,18820,1131
2026-03-20 14:24:00,18810,18820,18750,18820,75
2026-03-20 14:25:00,18750,18750,18750,18750,129
2026-03-20 14:26:00,18820,18820,18820,18820,4
2026-03-20 14:27:00,18820,18830,18820,18830,2
2026-03-20 14:30:00,18840,18840,18840,18840,229
2026-03-20 14:31:00,18850,18860,18850,18860,307
2026-03-20 14:32:00,18860,18870,18860,18870,5
2026-03-20 14:34:00,18880,18880,18860,18880,62
2026-03-20 14:35:00,18880,18890,18880,18890,71
2026-03-20 14:37:00,18890,18890,18890,18890,110
2026-03-20 14:38:00,18890,18910,18890,18910,35
2026-03-20 14:39:00,18900,18900,18890,18890,37
2026-03-20 14:40:00,18880,18880,18860,18860,52
2026-03-20 14:41:00,18860,18860,18860,18860,1
2026-03-20 14:42:00,18860,18860,18860,18860,84
2026-03-20 14:43:00,18890,18890,18880,18890,9
2026-03-20 14:44:00,18870,18870,18860,18860,42
2026-03-20 14:45:00,18860,18860,18860,18860,28
2026-03-20 14:46:00,18890,18890,18890,18890,17
2026-03-20 14:48:00,18890,18890,18890,18890,27
2026-03-20 14:49:00,18890,18890,18890,18890,10
2026-03-20 14:50:00,18870,18890,18860,18880,130
2026-03-20 14:52:00,18870,18870,18870,18870,1
2026-03-20 14:53:00,18860,18860,18860,18860,347
2026-03-20 14:54:00,18840,18850,18840,18840,27
2026-03-20 14:55:00,18850,18860,18850,18860,101
2026-03-20 14:56:00,18840,18840,18840,18840,83
2026-03-20 14:57:00,18840,18840,18780,18780,225
2026-03-20 14:58:00,18780,18830,18780,18790,389
2026-03-20 14:59:00,18800,18830,18770,18830,57
2026-03-20 15:00:00,18820,18820,18820,18820,8
2026-03-20 15:01:00,18820,18820,18820,18820,4
2026-03-20 15:03:00,18810,18820,18810,18820,309
2026-03-20 15:04:00,18820,18820,18820,18820,2
2026-03-20 15:05:00,18820,18850,18820,18840,510
2026-03-20 15:06:00,18850,18850,18830,18830,65
2026-03-20 15:07:00,18830,18850,18830,18850,165
2026-03-20 15:08:00,18830,18830,18830,18830,140
2026-03-20 15:09:00,18830,18830,18830,18830,13
2026-03-20 15:10:00,18830,18830,18830,18830,13
2026-03-20 15:11:00,18830,18840,18830,18830,13
2026-03-20 15:12:00,18830,18830,18830,18830,9
2026-03-20 15:13:00,18830,18840,18830,18840,138
2026-03-20 15:14:00,18840,18840,18840,18840,15
2026-03-20 15:15:00,18840,18840,18840,18840,28
2026-03-20 15:16:00,18840,18840,18830,18830,136
2026-03-20 15:17:00,18830,18850,18830,18850,139
2026-03-20 15:18:00,18830,18900,18830,18900,578
2026-03-20 15:19:00,18900,18900,18870,18870,132
2026-03-20 15:30:00,18870,18870,18870,18870,711
2026-03-20 15:35:00,18870,18870,18870,18870,30
2026-03-23 09:00:00,18300,18400,18220,18300,5364
2026-03-23 09:01:00,18250,18300,18210,18220,2360
2026-03-23 09:02:00,18220,18260,18200,18200,845
2026-03-23 09:03:00,18210,18210,18190,18190,1053
2026-03-23 09:04:00,18200,18220,18200,18200,563
2026-03-23 09:05:00,18220,18220,18130,18130,1164
2026-03-23 09:06:00,18120,18130,18010,18020,2959
2026-03-23 09:07:00,18020,18040,18000,18000,1967
2026-03-23 09:08:00,18000,18040,18000,18030,1373
2026-03-23 09:09:00,18030,18030,18010,18010,690
2026-03-23 09:10:00,18010,18010,18000,18000,115
2026-03-23 09:11:00,18000,18050,18000,18050,1408
2026-03-23 09:12:00,18050,18070,17980,17990,967
2026-03-23 09:13:00,17990,18010,17980,17980,627
2026-03-23 09:14:00,17990,18020,17970,17970,1138
2026-03-23 09:15:00,17960,18090,17960,18090,596
2026-03-23 09:16:00,18090,18090,18000,18040,215
2026-03-23 09:17:00,18040,18040,18000,18010,404
2026-03-23 09:18:00,18010,18030,18010,18010,380
2026-03-23 09:19:00,18020,18030,18010,18010,138
2026-03-23 09:20:00,18010,18040,18010,18040,269
2026-03-23 09:21:00,18040,18050,18030,18050,149
2026-03-23 09:22:00,18050,18140,18050,18130,22
2026-03-23 09:23:00,18130,18220,18110,18140,137
2026-03-23 09:24:00,18140,18140,18100,18110,949
2026-03-23 09:25:00,18110,18120,18110,18120,43
2026-03-23 09:26:00,18120,18140,18120,18140,137
2026-03-23 09:27:00,18130,18130,18090,18100,344
2026-03-23 09:28:00,18090,18090,18050,18080,1486
2026-03-23 09:29:00,18080,18080,18060,18060,52
2026-03-23 09:30:00,18050,18050,18040,18050,471
2026-03-23 09:31:00,18060,18060,18060,18060,56
2026-03-23 09:32:00,18060,18060,18050,18050,151
2026-03-23 09:33:00,18060,18060,18050,18060,222
2026-03-23 09:34:00,18050,18060,18020,18020,793
2026-03-23 09:35:00,18020,18020,17990,18010,1501
2026-03-23 09:36:00,17990,17990,17980,17990,243
2026-03-23 09:37:00,17990,18000,17990,18000,717
2026-03-23 09:38:00,18000,18000,17990,17990,639
2026-03-23 09:39:00,17990,17990,17980,17990,1400
2026-03-23 09:40:00,17980,17980,17980,17980,334
2026-03-23 09:41:00,17980,17990,17980,17980,78
2026-03-23 09:42:00,17990,17990,17990,17990,16
2026-03-23 09:43:00,17990,17990,17980,17980,418
2026-03-23 09:44:00,17980,17980,17950,17950,2001
2026-03-23 09:45:00,17950,17950,17950,17950,15
2026-03-23 09:46:00,17950,17950,17940,17950,792
2026-03-23 09:47:00,17950,17950,17910,17940,1146
2026-03-23 09:48:00,17940,17940,17940,17940,619
2026-03-23 09:49:00,17930,17930,17910,17910,419
2026-03-23 09:50:00,17910,17910,17900,17910,491
2026-03-23 09:51:00,17910,17910,17880,17880,630
2026-03-23 09:52:00,17870,17870,17800,17800,1096
2026-03-23 09:53:00,17790,17790,17780,17780,276
2026-03-23 09:54:00,17780,17790,17780,17780,111
2026-03-23 09:55:00,17780,17780,17780,17780,94
2026-03-23 09:56:00,17770,17770,17690,17770,376
2026-03-23 09:57:00,17770,17780,17770,17780,322
2026-03-23 09:58:00,17820,17830,17820,17830,129
2026-03-23 09:59:00,17830,17830,17830,17830,17
2026-03-23 10:00:00,17830,17830,17830,17830,55
2026-03-23 10:01:00,17840,17860,17840,17860,10
2026-03-23 10:02:00,17860,17860,17830,17850,110
2026-03-23 10:03:00,17830,17850,17830,17850,133
2026-03-23 10:04:00,17840,17860,17840,17860,456
2026-03-23 10:05:00,17870,17880,17870,17880,285
2026-03-23 10:06:00,17880,17880,17880,17880,45
2026-03-23 10:07:00,17880,17910,17880,17880,678
2026-03-23 10:08:00,17930,17940,17930,17940,120
2026-03-23 10:09:00,17980,17980,17960,17960,120
2026-03-23 10:10:00,17960,17970,17960,17970,121
2026-03-23 10:11:00,17970,18040,17970,18040,683
2026-03-23 10:12:00,18030,18040,18030,18040,104
2026-03-23 10:13:00,18040,18040,18040,18040,412
2026-03-23 10:14:00,18050,18070,18050,18070,314
2026-03-23 10:15:00,18070,18070,18060,18060,74
2026-03-23 10:16:00,18060,18110,18060,18110,570
2026-03-23 10:17:00,18070,18070,18070,18070,92
2026-03-23 10:18:00,18110,18150,18110,18150,491
2026-03-23 10:19:00,18150,18180,18150,18180,90
2026-03-23 10:20:00,18190,18220,18190,18220,987
2026-03-23 10:21:00,18200,18230,18200,18230,118
2026-03-23 10:22:00,18230,18230,18230,18230,6
2026-03-23 10:23:00,18230,18250,18230,18250,971
2026-03-23 10:24:00,18260,18300,18260,18300,247
2026-03-23 10:25:00,18300,18330,18280,18280,256
2026-03-23 10:26:00,18320,18320,18310,18310,136
2026-03-23 10:27:00,18340,18340,18340,18340,63
2026-03-23 10:28:00,18340,18360,18340,18355,1072
2026-03-23 10:29:00,18350,18370,18350,18370,44
2026-03-23 10:30:00,18370,18390,18360,18360,847
2026-03-23 10:31:00,18350,18400,18310,18400,1156
2026-03-23 10:32:00,18390,18400,18390,18400,101
2026-03-23 10:33:00,18390,18390,18390,18390,7
2026-03-23 10:34:00,18350,18350,18300,18300,151
2026-03-23 10:35:00,18300,18300,18250,18250,1213
2026-03-23 10:36:00,18250,18250,18210,18210,885
2026-03-23 10:37:00,18250,18490,18250,18270,554
2026-03-23 10:38:00,18400,18400,18270,18390,38
2026-03-23 10:39:00,18270,18400,18270,18270,827
2026-03-23 10:40:00,18270,18270,18270,18270,50
2026-03-23 10:41:00,18370,18370,18370,18370,6
2026-03-23 10:42:00,18360,18360,18300,18360,479
2026-03-23 10:43:00,18340,18340,18280,18280,12
2026-03-23 10:44:00,18300,18300,18280,18280,76
2026-03-23 10:45:00,18290,18300,18280,18280,30
2026-03-23 10:46:00,18280,18280,18250,18250,107
2026-03-23 10:47:00,18280,18350,18280,18350,1304
2026-03-23 10:48:00,18350,18350,18250,18250,138
2026-03-23 10:49:00,18250,18250,18250,18250,10
2026-03-23 10:50:00,18250,18250,18250,18250,104
2026-03-23 10:51:00,18240,18240,18230,18230,36
2026-03-23 10:52:00,18230,18230,18230,18230,12
2026-03-23 10:53:00,18220,18230,18220,18230,13
2026-03-23 10:54:00,18230,18230,18230,18230,12
2026-03-23 10:55:00,18230,18230,18230,18230,48
2026-03-23 10:57:00,18230,18230,18230,18230,2
2026-03-23 10:58:00,18220,18220,18220,18220,73
2026-03-23 10:59:00,18220,18220,18220,18220,626
2026-03-23 11:01:00,18220,18280,18170,18280,475
2026-03-23 11:02:00,18280,18280,18280,18280,36
2026-03-23 11:03:00,18260,18260,18260,18260,10
2026-03-23 11:04:00,18260,18260,18260,18260,6
2026-03-23 11:05:00,18260,18260,18170,18250,33
2026-03-23 11:06:00,18250,18250,18250,18250,125
2026-03-23 11:07:00,18250,18250,18250,18250,107
2026-03-23 11:08:00,18250,18250,18250,18250,51
2026-03-23 11:09:00,18200,18200,18200,18200,3
2026-03-23 11:11:00,18210,18210,18200,18200,415
2026-03-23 11:12:00,18200,18200,18170,18170,679
2026-03-23 11:13:00,18160,18160,18100,18100,1142
2026-03-23 11:14:00,18100,18100,18090,18090,57
2026-03-23 11:15:00,18090,18090,18080,18080,3
2026-03-23 11:16:00,18090,18090,18090,18090,121
2026-03-23 11:18:00,18090,18090,18090,18090,187
2026-03-23 11:20:00,18080,18090,18030,18090,501
2026-03-23 11:21:00,18080,18160,18080,18160,398
2026-03-23 11:22:00,18160,18160,18160,18160,142
2026-03-23 11:24:00,18160,18160,18160,18160,1
2026-03-23 11:25:00,18150,18150,18150,18150,3
2026-03-23 11:26:00,18100,18150,18090,18150,302
2026-03-23 11:27:00,18150,18160,18150,18160,157
2026-03-23 11:28:00,18160,18160,18160,18160,1
2026-03-23 11:29:00,18110,18160,18110,18160,15
2026-03-23 11:30:00,18140,18140,18140,18140,5
2026-03-23 11:31:00,18140,18140,18140,18140,5
2026-03-23 11:33:00,18140,18140,18140,18140,2
2026-03-23 11:34:00,18140,18140,18140,18140,15
2026-03-23 11:36:00,18150,18150,18150,18150,1
2026-03-23 11:37:00,18140,18140,18140,18140,114
2026-03-23 11:38:00,18120,18120,18080,18080,265
2026-03-23 11:39:00,18080,18100,18010,18100,171
2026-03-23 11:40:00,18020,18020,18010,18010,200
2026-03-23 11:41:00,18010,18010,18010,18010,1
2026-03-23 11:43:00,18020,18080,18000,18080,2003
2026-03-23 11:44:00,18080,18100,18080,18100,153
2026-03-23 11:45:00,18090,18100,18090,18100,151
2026-03-23 11:46:00,18100,18100,18100,18100,1
2026-03-23 11:47:00,18100,18100,18100,18100,41
2026-03-23 11:48:00,18100,18100,17990,17990,588
2026-03-23 11:49:00,17990,17990,17900,17900,300
2026-03-23 11:50:00,17920,17920,17920,17920,301
2026-03-23 11:51:00,18000,18000,18000,18000,5
2026-03-23 11:52:00,18000,18000,17940,17940,10
2026-03-23 11:54:00,17940,17940,17940,17940,400
2026-03-23 11:55:00,17940,18000,17880,18000,810
2026-03-23 11:57:00,17890,17890,17890,17890,25
2026-03-23 12:00:00,17900,17900,17900,17900,3
2026-03-23 12:02:00,17990,17990,17900,17990,12
2026-03-23 12:03:00,17990,17990,17990,17990,72
2026-03-23 12:04:00,17900,18000,17900,18000,24
2026-03-23 12:05:00,17900,17900,17900,17900,300
2026-03-23 12:06:00,17900,17900,17900,17900,20
2026-03-23 12:07:00,17900,17900,17900,17900,105
2026-03-23 12:08:00,17890,17890,17890,17890,100
2026-03-23 12:10:00,17890,17890,17890,17890,45
2026-03-23 12:11:00,17890,17890,17890,17890,50
2026-03-23 12:12:00,17900,17900,17900,17900,50
2026-03-23 12:14:00,17900,17900,17900,17900,375
2026-03-23 12:15:00,18000,18000,18000,18000,10
2026-03-23 12:16:00,18000,18000,18000,18000,35
2026-03-23 12:17:00,18000,18000,17900,17900,37
2026-03-23 12:18:00,18000,18000,17900,17900,118
2026-03-23 12:19:00,17900,17900,17900,17900,57
2026-03-23 12:20:00,17900,17910,17900,17910,195
2026-03-23 12:22:00,17910,17910,17910,17910,1
2026-03-23 12:23:00,17920,17920,17920,17920,7
2026-03-23 12:24:00,17920,17920,17920,17920,10
2026-03-23 12:27:00,17930,17930,17930,17930,533
2026-03-23 12:28:00,17930,17930,17930,17930,39
2026-03-23 12:29:00,17930,17930,17930,17930,131
2026-03-23 12:30:00,17930,17930,17930,17930,1
2026-03-23 12:31:00,17930,17930,17930,17930,110
2026-03-23 12:32:00,17930,17930,17930,17930,15
2026-03-23 12:33:00,17920,17920,17910,17910,139
2026-03-23 12:34:00,17920,17920,17920,17920,56
2026-03-23 12:36:00,17920,17920,17920,17920,142
2026-03-23 12:37:00,17920,17920,17920,17920,212
2026-03-23 12:38:00,17920,17920,17900,17900,260
2026-03-23 12:40:00,17920,17920,17920,17920,20
2026-03-23 12:41:00,17920,17920,17900,17900,433
2026-03-23 12:42:00,17910,17910,17910,17910,16
2026-03-23 12:44:00,17910,17910,17900,17900,73
2026-03-23 12:45:00,17900,17900,17880,17880,68
2026-03-23 12:47:00,17880,17880,17880,17880,23
2026-03-23 12:48:00,17870,17870,17860,17860,237
2026-03-23 12:49:00,17890,17890,17860,17860,56
2026-03-23 12:51:00,17870,17870,17830,17850,1099
2026-03-23 12:53:00,17850,17850,17850,17850,2
2026-03-23 12:54:00,17850,17850,17810,17810,542
2026-03-23 12:55:00,17810,17810,17800,17800,113
2026-03-23 12:57:00,17810,17860,17800,17860,198
2026-03-23 12:58:00,17860,17860,17860,17860,8
2026-03-23 12:59:00,17850,17860,17810,17850,45
2026-03-23 13:00:00,17810,17810,17790,17790,1783
2026-03-23 13:01:00,17850,17850,17850,17850,6
2026-03-23 13:03:00,17860,17860,17850,17850,21
2026-03-23 13:04:00,17850,17850,17830,17830,10
2026-03-23 13:05:00,17850,17890,17850,17880,1301
2026-03-23 13:06:00,17880,17880,17880,17880,22
2026-03-23 13:07:00,17880,17880,17880,17880,32
2026-03-23 13:08:00,17850,17850,17790,17790,64
2026-03-23 13:09:00,17790,17790,17780,17780,157
2026-03-23 13:10:00,17880,17880,17880,17880,3
2026-03-23 13:11:00,17790,17790,17790,17790,8
2026-03-23 13:14:00,17790,17790,17770,17770,493
2026-03-23 13:15:00,17800,17800,17800,17800,40
2026-03-23 13:16:00,17810,17810,17810,17810,1
2026-03-23 13:18:00,17810,17810,17800,17800,649
2026-03-23 13:20:00,17810,17810,17810,17810,10
2026-03-23 13:21:00,17820,17870,17820,17870,1346
2026-03-23 13:22:00,17870,17910,17870,17910,976
2026-03-23 13:23:00,17910,17910,17910,17910,25
2026-03-23 13:24:00,17910,17910,17910,17910,36
2026-03-23 13:25:00,17910,17910,17910,17910,31
2026-03-23 13:26:00,17870,17870,17820,17820,235
2026-03-23 13:28:00,17830,17830,17830,17830,3
2026-03-23 13:30:00,17850,17850,17850,17850,93
2026-03-23 13:31:00,17910,17910,17910,17910,20
2026-03-23 13:32:00,17860,17860,17840,17840,110
2026-03-23 13:33:00,17850,17850,17820,17840,128
2026-03-23 13:34:00,17800,17800,17800,17800,32
2026-03-23 13:35:00,17800,17800,17790,17800,354
2026-03-23 13:36:00,17800,17800,17800,17800,18
2026-03-23 13:37:00,17800,17800,17800,17800,8
2026-03-23 13:38:00,17800,17800,17790,17790,62
2026-03-23 13:39:00,17780,17780,17780,17780,179
2026-03-23 13:41:00,17880,17880,17880,17880,120
2026-03-23 13:43:00,17790,17810,17790,17810,301
2026-03-23 13:45:00,17810,17810,17810,17810,7
2026-03-23 13:47:00,17870,17870,17800,17800,85
2026-03-23 13:49:00,17870,17870,17870,17870,101
2026-03-23 13:51:00,17800,17860,17800,17860,41
2026-03-23 13:52:00,17860,17860,17860,17860,1
2026-03-23 13:54:00,17860,17860,17860,17860,55
2026-03-23 13:55:00,17860,17860,17860,17860,1332
2026-03-23 13:56:00,17860,17860,17860,17860,1
2026-03-23 13:57:00,17840,17840,17830,17830,9
2026-03-23 13:58:00,17810,17810,17810,17810,100
2026-03-23 13:59:00,17810,17810,17795,17795,137
2026-03-23 14:00:00,17800,17800,17800,17800,74
2026-03-23 14:01:00,17840,17840,17840,17840,32
2026-03-23 14:03:00,17840,17840,17840,17840,6
2026-03-23 14:04:00,17840,17840,17840,17840,36
2026-03-23 14:05:00,17840,17840,17840,17840,6
2026-03-23 14:06:00,17840,17840,17840,17840,21
2026-03-23 14:07:00,17850,17850,17850,17850,280
2026-03-23 14:09:00,17850,17850,17850,17850,11
2026-03-23 14:10:00,17850,17850,17850,17850,10
2026-03-23 14:13:00,17850,17850,17850,17850,43
2026-03-23 14:14:00,17850,17850,17840,17840,138
2026-03-23 14:16:00,17840,17840,17840,17840,55
2026-03-23 14:17:00,17840,17840,17840,17840,29
2026-03-23 14:18:00,17835,17835,17820,17820,103
2026-03-23 14:19:00,17840,17850,17840,17850,41
2026-03-23 14:20:00,17840,17840,17810,17810,777
2026-03-23 14:21:00,17800,17830,17800,17830,77
2026-03-23 14:22:00,17800,17800,17800,17800,23
2026-03-23 14:23:00,17830,17840,17800,17800,226
2026-03-23 14:25:00,17800,17800,17800,17800,240
2026-03-23 14:28:00,17820,17820,17820,17820,1
2026-03-23 14:29:00,17800,17800,17800,17800,73
2026-03-23 14:32:00,17800,17800,17780,17780,434
2026-03-23 14:33:00,17770,17770,17700,17700,7251
2026-03-23 14:34:00,17710,17710,17710,17710,392
2026-03-23 14:35:00,17710,17710,17710,17710,105
2026-03-23 14:36:00,17720,17720,17710,17710,450
2026-03-23 14:37:00,17730,17730,17710,17710,82
2026-03-23 14:38:00,17720,17720,17720,17720,477
2026-03-23 14:39:00,17750,17750,17750,17750,30
2026-03-23 14:40:00,17720,17720,17720,17720,78
2026-03-23 14:41:00,17720,17720,17720,17720,69
2026-03-23 14:42:00,17720,17720,17710,17710,214
2026-03-23 14:44:00,17720,17720,17720,17720,8
2026-03-23 14:45:00,17710,17720,17710,17710,2304
2026-03-23 14:46:00,17720,17720,17720,17720,16
2026-03-23 14:48:00,17720,17720,17710,17710,1192
2026-03-23 14:50:00,17720,17730,17720,17720,43
2026-03-23 14:51:00,17730,17730,17710,17710,301
2026-03-23 14:52:00,17710,17720,17710,17720,180
2026-03-23 14:53:00,17720,17720,17710,17720,1005
2026-03-23 14:54:00,17720,17720,17710,17720,13
2026-03-23 14:55:00,17710,17710,17710,17710,1293
2026-03-23 14:56:00,17710,17720,17710,17720,72
2026-03-23 14:57:00,17720,17720,17700,17710,1878
2026-03-23 14:58:00,17710,17710,17710,17710,58
2026-03-23 15:01:00,17730,17730,17730,17730,50
2026-03-23 15:02:00,17720,17720,17720,17720,405
2026-03-23 15:03:00,17710,17710,17700,17700,868
2026-03-23 15:04:00,17710,17730,17700,17730,116
2026-03-23 15:05:00,17710,17710,17700,17700,70
2026-03-23 15:06:00,17700,17700,17700,17700,1435
2026-03-23 15:07:00,17710,17720,17700,17720,319
2026-03-23 15:08:00,17730,17730,17700,17700,708
2026-03-23 15:09:00,17720,17720,17710,17720,105
2026-03-23 15:10:00,17720,17720,17710,17710,12
2026-03-23 15:11:00,17720,17720,17700,17700,1255
2026-03-23 15:12:00,17700,17700,17690,17700,2059
2026-03-23 15:13:00,17690,17700,17680,17680,577
2026-03-23 15:14:00,17680,17690,17670,17690,204
2026-03-23 15:15:00,17680,17700,17670,17680,737
2026-03-23 15:16:00,17680,17690,17680,17690,235
2026-03-23 15:17:00,17680,17690,17670,17670,175
2026-03-23 15:18:00,17670,17670,17660,17670,1276
2026-03-23 15:19:00,17670,17670,17670,17670,183
2026-03-23 15:30:00,17650,17650,17650,17650,2073
2026-03-23 15:35:00,17650,17650,17650,17650,179
2026-03-24 09:00:00,18490,18490,18310,18490,2910
2026-03-24 09:01:00,18410,18410,18210,18310,2591
2026-03-24 09:02:00,18310,18310,18210,18210,395
2026-03-24 09:03:00,18270,18280,18210,18270,264
2026-03-24 09:04:00,18270,18310,18250,18310,2021
2026-03-24 09:05:00,18330,18370,18330,18350,1870
2026-03-24 09:06:00,18360,18390,18350,18390,892
2026-03-24 09:07:00,18390,18390,18390,18390,25
2026-03-24 09:08:00,18380,18390,18320,18320,221
2026-03-24 09:09:00,18340,18430,18340,18360,323
2026-03-24 09:10:00,18330,18330,18320,18320,916
2026-03-24 09:11:00,18370,18520,18340,18520,8019
2026-03-24 09:12:00,18510,18510,18400,18480,121
2026-03-24 09:13:00,18500,18550,18440,18550,1201
2026-03-24 09:14:00,18550,18550,18480,18520,323
2026-03-24 09:15:00,18520,18530,18480,18510,312
2026-03-24 09:16:00,18500,18520,18480,18490,811
2026-03-24 09:17:00,18500,18530,18480,18480,1513
2026-03-24 09:18:00,18470,18470,18460,18470,761
2026-03-24 09:19:00,18470,18490,18440,18450,1175
2026-03-24 09:20:00,18450,18500,18450,18500,204
2026-03-24 09:21:00,18500,18510,18450,18510,572
2026-03-24 09:22:00,18500,18500,18460,18470,26
2026-03-24 09:23:00,18470,18520,18470,18520,302
2026-03-24 09:24:00,18520,18560,18520,18560,869
2026-03-24 09:25:00,18550,18550,18500,18500,68
2026-03-24 09:26:00,18500,18590,18500,18590,1182
2026-03-24 09:27:00,18590,18590,18590,18590,215
2026-03-24 09:28:00,18590,18590,18530,18530,100
2026-03-24 09:29:00,18580,18580,18510,18510,111
2026-03-24 09:30:00,18550,18610,18550,18610,951
2026-03-24 09:31:00,18610,18610,18570,18570,429
2026-03-24 09:32:00,18570,18570,18510,18510,150
2026-03-24 09:33:00,18510,18520,18510,18520,52
2026-03-24 09:34:00,18520,18520,18500,18500,420
2026-03-24 09:35:00,18490,18490,18490,18490,7
2026-03-24 09:36:00,18480,18480,18440,18440,434
2026-03-24 09:37:00,18430,18430,18370,18370,247
2026-03-24 09:38:00,18350,18360,18330,18330,684
2026-03-24 09:39:00,18330,18340,18280,18280,1634
2026-03-24 09:40:00,18300,18300,18280,18280,992
2026-03-24 09:41:00,18290,18330,18290,18330,40
2026-03-24 09:42:00,18310,18310,18280,18280,658
2026-03-24 09:43:00,18280,18280,18280,18280,335
2026-03-24 09:44:00,18280,18280,18280,18280,160
2026-03-24 09:45:00,18280,18280,18280,18280,104
2026-03-24 09:46:00,18260,18290,18260,18290,60
2026-03-24 09:47:00,18290,18310,18290,18310,145
2026-03-24 09:48:00,18300,18300,18300,18300,10
2026-03-24 09:49:00,18300,18300,18260,18260,80
2026-03-24 09:50:00,18260,18260,18260,18260,81
2026-03-24 09:51:00,18260,18260,18230,18230,139
2026-03-24 09:52:00,18230,18230,18220,18230,233
2026-03-24 09:53:00,18230,18230,18230,18230,519
2026-03-24 09:54:00,18230,18280,18220,18280,105
2026-03-24 09:55:00,18250,18280,18250,18280,52
2026-03-24 09:56:00,18230,18230,18230,18230,44
2026-03-24 09:57:00,18230,18250,18220,18250,1584
2026-03-24 09:58:00,18250,18250,18170,18170,948
2026-03-24 09:59:00,18170,18170,18150,18160,36
2026-03-24 10:00:00,18160,18160,18150,18150,53
2026-03-24 10:01:00,18150,18150,18150,18150,33
2026-03-24 10:02:00,18140,18140,18100,18100,31
2026-03-24 10:03:00,18080,18090,18070,18070,402
2026-03-24 10:04:00,18050,18070,18050,18070,202
2026-03-24 10:05:00,18020,18020,18010,18010,55
2026-03-24 10:06:00,18020,18020,17950,17970,1117
2026-03-24 10:07:00,17950,17960,17950,17960,414
2026-03-24 10:09:00,17980,18090,17970,17970,128
2026-03-24 10:10:00,17970,17970,17970,17970,20
2026-03-24 10:11:00,17970,17970,17970,17970,134
2026-03-24 10:12:00,17990,18030,17990,18000,106
2026-03-24 10:13:00,18010,18010,18010,18010,4
2026-03-24 10:14:00,18010,18070,18010,18030,162
2026-03-24 10:15:00,18020,18020,18000,18000,91
2026-03-24 10:16:00,17980,17980,17950,17950,292
2026-03-24 10:17:00,17960,17960,17940,17960,217
2026-03-24 10:18:00,17930,17960,17930,17930,304
2026-03-24 10:19:00,17900,17960,17900,17960,2626
2026-03-24 10:20:00,17980,18090,17980,18090,733
2026-03-24 10:21:00,18090,18210,18090,18210,301
2026-03-24 10:22:00,18120,18120,18000,18120,323
2026-03-24 10:23:00,18010,18120,18010,18120,15
2026-03-24 10:24:00,18110,18110,18110,18110,1
2026-03-24 10:25:00,18010,18020,18010,18020,5
2026-03-24 10:26:00,18030,18060,17910,18060,383
2026-03-24 10:27:00,18050,18050,17890,18050,479
2026-03-24 10:28:00,18050,18050,18050,18050,1
2026-03-24 10:29:00,18000,18000,18000,18000,2
2026-03-24 10:30:00,18000,18080,18000,18070,303
2026-03-24 10:31:00,18000,18000,17970,17970,4
2026-03-24 10:32:00,17970,17970,17940,17940,19
2026-03-24 10:33:00,17970,17970,17970,17970,5
2026-03-24 10:34:00,17970,17970,17970,17970,1
2026-03-24 10:35:00,17940,17980,17940,17980,23
2026-03-24 10:36:00,17980,18010,17970,17970,372
2026-03-24 10:37:00,17970,17980,17940,17980,7
2026-03-24 10:38:00,17910,17970,17910,17970,106
2026-03-24 10:40:00,17900,17900,17880,17880,311
2026-03-24 10:41:00,17880,17880,17810,17810,831
2026-03-24 10:42:00,17810,17810,17810,17810,4
2026-03-24 10:43:00,17810,17820,17810,17820,109
2026-03-24 10:44:00,17820,17820,17810,17820,503
2026-03-24 10:45:00,17810,17810,17800,17800,226
2026-03-24 10:46:00,17800,17840,17800,17840,456
2026-03-24 10:47:00,17800,17800,17780,17780,113
2026-03-24 10:48:00,17780,17780,17770,17770,354
2026-03-24 10:49:00,17770,17770,17770,17770,40
2026-03-24 10:50:00,17770,17790,17770,17790,136
2026-03-24 10:51:00,17800,17830,17790,17790,12
2026-03-24 10:52:00,17770,17820,17710,17820,153
2026-03-24 10:54:00,17820,17820,17620,17620,3505
2026-03-24 10:55:00,17630,17630,17630,17630,230
2026-03-24 10:56:00,17650,17670,17650,17670,51
2026-03-24 10:57:00,17640,17640,17610,17610,185
2026-03-24 10:58:00,17600,17620,17600,17600,726
2026-03-24 10:59:00,17620,17650,17620,17650,17
2026-03-24 11:00:00,17670,17700,17670,17670,519
2026-03-24 11:01:00,17670,17710,17670,17710,113
2026-03-24 11:02:00,17790,17850,17790,17850,1406
2026-03-24 11:03:00,17850,17880,17720,17720,223
2026-03-24 11:04:00,17730,17730,17730,17730,2
2026-03-24 11:06:00,17810,17870,17810,17870,21
2026-03-24 11:07:00,17870,17870,17740,17740,55
2026-03-24 11:08:00,17740,17740,17740,17740,45
2026-03-24 11:10:00,17810,17810,17730,17730,418
2026-03-24 11:11:00,17710,17780,17660,17660,306
2026-03-24 11:13:00,17660,17660,17650,17660,53
2026-03-24 11:14:00,17670,17670,17670,17670,51
2026-03-24 11:15:00,17680,17720,17680,17720,15
2026-03-24 11:16:00,17780,17800,17750,17800,34
2026-03-24 11:17:00,17810,17810,17810,17810,6
2026-03-24 11:19:00,17810,17920,17810,17920,200
2026-03-24 11:21:00,17910,17910,17910,17910,1
2026-03-24 11:22:00,17910,17910,17910,17910,5
2026-03-24 11:23:00,17910,17910,17910,17910,10
2026-03-24 11:24:00,17910,17910,17900,17900,71
2026-03-24 11:26:00,17910,17910,17900,17910,658
2026-03-24 11:27:00,17900,17900,17900,17900,10
2026-03-24 11:28:00,17910,17920,17910,17920,130
2026-03-24 11:29:00,17920,17920,17920,17920,44
2026-03-24 11:30:00,17900,17900,17870,17870,444
2026-03-24 11:31:00,17900,17900,17900,17900,2
2026-03-24 11:32:00,17900,17910,17900,17910,5
2026-03-24 11:33:00,17920,17980,17920,17980,205
2026-03-24 11:35:00,17960,18000,17960,18000,135
2026-03-24 11:36:00,18000,18010,18000,18010,42
2026-03-24 11:37:00,18020,18020,18020,18020,100
2026-03-24 11:38:00,18030,18030,18030,18030,1
2026-03-24 11:39:00,18030,18030,18030,18030,115
2026-03-24 11:40:00,18040,18040,18030,18030,39
2026-03-24 11:43:00,18030,18030,18030,18030,15
2026-03-24 11:44:00,18020,18030,18020,18020,156
2026-03-24 11:45:00,18020,18020,17920,17920,60
2026-03-24 11:46:00,17940,17940,17940,17940,101
2026-03-24 11:47:00,17980,18000,17980,18000,252
2026-03-24 11:48:00,18000,18000,18000,18000,32
2026-03-24 11:49:00,18010,18040,17990,18040,76
2026-03-24 11:50:00,18030,18040,17950,17950,178
2026-03-24 11:52:00,17950,17950,17930,17930,15
2026-03-24 11:53:00,17950,17950,17910,17910,4
2026-03-24 11:54:00,17950,17950,17950,17950,50
2026-03-24 11:55:00,17950,17950,17950,17950,1
2026-03-24 11:56:00,17910,17950,17910,17950,37
2026-03-24 11:57:00,17950,17950,17950,17950,29
2026-03-24 12:01:00,17950,17950,17950,17950,3
2026-03-24 12:02:00,17910,17920,17910,17910,171
2026-03-24 12:03:00,17910,17910,17910,17910,32
2026-03-24 12:06:00,17910,18020,17910,18020,93
2026-03-24 12:08:00,18000,18010,18000,18010,57
2026-03-24 12:10:00,18010,18010,18010,18010,60
2026-03-24 12:11:00,17990,18000,17990,18000,4
2026-03-24 12:12:00,18000,18000,18000,18000,26
2026-03-24 12:13:00,18000,18000,18000,18000,80
2026-03-24 12:14:00,18000,18000,18000,18000,100
2026-03-24 12:15:00,18000,18000,18000,18000,2
2026-03-24 12:16:00,18000,18000,18000,18000,4
2026-03-24 12:17:00,18000,18000,18000,18000,161
2026-03-24 12:19:00,18000,18000,18000,18000,49
2026-03-24 12:21:00,18000,18050,18000,18050,326
2026-03-24 12:22:00,18060,18070,18060,18070,51
2026-03-24 12:23:00,18060,18060,18060,18060,50
2026-03-24 12:25:00,18030,18030,18030,18030,20
2026-03-24 12:27:00,18040,18040,18040,18040,3
2026-03-24 12:28:00,18050,18090,18050,18090,334
2026-03-24 12:29:00,18100,18120,18100,18120,227
2026-03-24 12:30:00,18120,18120,18090,18090,139
2026-03-24 12:31:00,18070,18110,18070,18110,43
2026-03-24 12:32:00,18060,18060,18030,18030,36
2026-03-24 12:33:00,18010,18010,18010,18010,60
2026-03-24 12:35:00,18010,18010,18010,18010,19
2026-03-24 12:37:00,18010,18010,18000,18000,12
2026-03-24 12:38:00,18000,18000,18000,18000,2
2026-03-24 12:39:00,18010,18010,18010,18010,14
2026-03-24 12:40:00,18020,18130,18020,18130,220
2026-03-24 12:41:00,18090,18090,18090,18090,1
2026-03-24 12:42:00,18090,18090,18090,18090,2
2026-03-24 12:43:00,18080,18080,18080,18080,5
2026-03-24 12:45:00,18080,18080,18050,18050,39
2026-03-24 12:46:00,18050,18080,18050,18080,21
2026-03-24 12:48:00,18040,18040,18040,18040,5
2026-03-24 12:49:00,18010,18010,18010,18010,22
2026-03-24 12:50:00,18000,18000,17960,17960,99
2026-03-24 12:51:00,17960,17960,17950,17960,85
2026-03-24 12:53:00,17950,17960,17950,17960,23
2026-03-24 12:54:00,17960,17960,17960,17960,1
2026-03-24 12:56:00,17970,18010,17970,18010,100
2026-03-24 12:57:00,18010,18010,18010,18010,66
2026-03-24 12:58:00,17960,17960,17960,17960,101
2026-03-24 12:59:00,18000,18000,18000,18000,4
2026-03-24 13:00:00,18010,18080,18010,18070,1015
2026-03-24 13:04:00,18060,18080,18060,18080,105
2026-03-24 13:05:00,18080,18100,18080,18100,1676
2026-03-24 13:06:00,18110,18140,18110,18140,106
2026-03-24 13:07:00,18140,18150,18140,18150,514
2026-03-24 13:08:00,18150,18150,18140,18140,24
2026-03-24 13:09:00,18140,18140,18140,18140,1
2026-03-24 13:10:00,18140,18170,18140,18170,126
2026-03-24 13:14:00,18150,18160,18150,18160,5
2026-03-24 13:18:00,18100,18100,18080,18080,843
2026-03-24 13:19:00,18060,18060,18050,18050,105
2026-03-24 13:21:00,18060,18060,18050,18050,111
2026-03-24 13:22:00,18050,18060,18030,18060,123
2026-03-24 13:23:00,18060,18060,18060,18060,1
2026-03-24 13:24:00,18030,18030,18030,18030,1
2026-03-24 13:25:00,18030,18030,18020,18020,4
2026-03-24 13:26:00,18020,18020,17990,17990,68
2026-03-24 13:30:00,17990,17990,17990,17990,5
2026-03-24 13:31:00,17990,17990,17970,17970,202
2026-03-24 13:34:00,17960,17960,17960,17960,14
2026-03-24 13:36:00,17960,17960,17960,17960,4
2026-03-24 13:37:00,17970,17980,17970,17980,23
2026-03-24 13:39:00,17980,17980,17970,17970,1007
2026-03-24 13:40:00,17980,17980,17960,17960,97
2026-03-24 13:41:00,17960,17960,17960,17960,1
2026-03-24 13:42:00,17960,17960,17960,17960,210
2026-03-24 13:43:00,17960,17970,17960,17970,7
2026-03-24 13:44:00,17970,17970,17970,17970,17
2026-03-24 13:45:00,17980,17990,17970,17970,11
2026-03-24 13:46:00,17970,17970,17970,17970,1
2026-03-24 13:48:00,18000,18000,18000,18000,135
2026-03-24 13:51:00,18000,18010,18000,18010,71
2026-03-24 13:54:00,18060,18060,18060,18060,3
2026-03-24 13:55:00,18060,18060,18060,18060,116
2026-03-24 13:57:00,18060,18060,18060,18060,4
2026-03-24 13:58:00,18070,18070,18070,18070,55
2026-03-24 14:00:00,18060,18060,18060,18060,470
2026-03-24 14:01:00,18050,18060,17990,17990,311
2026-03-24 14:02:00,17970,17970,17970,17970,35
2026-03-24 14:07:00,17990,17990,17970,17970,68
2026-03-24 14:08:00,17980,17980,17980,17980,11
2026-03-24 14:10:00,17990,17990,17990,17990,18
2026-03-24 14:11:00,18000,18000,18000,18000,9
2026-03-24 14:12:00,18000,18010,17980,18000,340
2026-03-24 14:13:00,17970,17980,17970,17980,4
2026-03-24 14:15:00,18000,18000,18000,18000,47
2026-03-24 14:16:00,18000,18000,18000,18000,50
2026-03-24 14:17:00,17980,17990,17980,17990,10
2026-03-24 14:18:00,17990,18010,17990,18010,20
2026-03-24 14:19:00,18020,18060,18020,18060,26
2026-03-24 14:23:00,18030,18030,18000,18000,32
2026-03-24 14:24:00,17990,17990,17990,17990,1
2026-03-24 14:26:00,17990,17990,17990,17990,5
2026-03-24 14:27:00,17980,17980,17970,17970,144
2026-03-24 14:28:00,17990,18000,17990,18000,57
2026-03-24 14:29:00,17970,17970,17940,17940,714
2026-03-24 14:32:00,17940,17940,17940,17940,1
2026-03-24 14:34:00,17950,17950,17950,17950,205
2026-03-24 14:36:00,17950,17950,17950,17950,6
2026-03-24 14:38:00,17960,17970,17960,17970,27
2026-03-24 14:40:00,17970,17970,17970,17970,31
2026-03-24 14:43:00,17990,17990,17990,17990,3
2026-03-24 14:45:00,17990,17990,17990,17990,5
2026-03-24 14:46:00,18000,18010,18000,18010,19
2026-03-24 14:47:00,18020,18020,18020,18020,690
2026-03-24 14:48:00,18020,18020,18020,18020,1
2026-03-24 14:49:00,18030,18030,18030,18030,28
2026-03-24 14:50:00,18040,18040,18040,18040,13
2026-03-24 14:51:00,18050,18050,18050,18050,2
2026-03-24 14:53:00,18050,18090,18050,18090,904
2026-03-24 14:55:00,18070,18070,18040,18040,53
2026-03-24 14:56:00,18040,18040,17970,17980,223
2026-03-24 14:58:00,17990,17990,17980,17980,35
2026-03-24 14:59:00,17980,17980,17980,17980,3
2026-03-24 15:00:00,17990,18000,17990,18000,9
2026-03-24 15:02:00,18010,18090,18010,18090,51
2026-03-24 15:04:00,18050,18090,18050,18090,230
2026-03-24 15:05:00,18100,18110,18100,18110,364
2026-03-24 15:06:00,18100,18100,18090,18100,293
2026-03-24 15:07:00,18100,18100,18090,18090,61
2026-03-24 15:08:00,18090,18100,18090,18100,813
2026-03-24 15:09:00,18090,18100,18090,18100,80
2026-03-24 15:10:00,18100,18110,18100,18100,16
2026-03-24 15:11:00,18100,18140,18100,18135,206
2026-03-24 15:12:00,18140,18140,18140,18140,87
2026-03-24 15:13:00,18140,18150,18100,18110,489
2026-03-24 15:14:00,18140,18160,18120,18120,264
2026-03-24 15:15:00,18120,18170,18120,18170,416
2026-03-24 15:16:00,18180,18180,18180,18180,242
2026-03-24 15:17:00,18180,18200,18180,18200,241
2026-03-24 15:18:00,18200,18200,18190,18190,59
2026-03-24 15:19:00,18200,18200,18190,18190,17
2026-03-24 15:30:00,18190,18190,18190,18190,848
2026-03-24 15:35:00,18190,18190,18190,18190,100
2026-03-25 09:00:00,18460,18500,18460,18500,1085
2026-03-25 09:01:00,18530,18630,18530,18630,1978
2026-03-25 09:02:00,18620,18690,18620,18650,1072
2026-03-25 09:03:00,18650,18650,18610,18630,178
2026-03-25 09:04:00,18610,18620,18520,18570,542
2026-03-25 09:05:00,18560,18620,18560,18610,1937
2026-03-25 09:06:00,18610,18610,18600,18610,593
2026-03-25 09:07:00,18610,18660,18610,18660,2619
2026-03-25 09:08:00,18660,18760,18660,18760,1435
2026-03-25 09:09:00,18770,18810,18760,18800,618
2026-03-25 09:10:00,18810,18910,18800,18880,1826
2026-03-25 09:11:00,18900,18920,18860,18920,898
2026-03-25 09:12:00,18900,18910,18900,18900,504
2026-03-25 09:13:00,18890,18900,18820,18830,431
2026-03-25 09:14:00,18830,18830,18750,18820,524
2026-03-25 09:15:00,18760,18820,18750,18800,538
2026-03-25 09:16:00,18760,18810,18760,18810,277
2026-03-25 09:17:00,18800,18810,18760,18810,232
2026-03-25 09:18:00,18810,18820,18760,18820,281
2026-03-25 09:19:00,18820,18920,18820,18920,452
2026-03-25 09:20:00,18920,18980,18920,18970,3012
2026-03-25 09:21:00,18980,18980,18890,18950,1654
2026-03-25 09:22:00,18950,19020,18940,19010,4320
2026-03-25 09:23:00,19010,19010,18960,19000,2390
2026-03-25 09:24:00,19010,19050,19010,19030,1295
2026-03-25 09:25:00,19030,19050,19030,19040,643
2026-03-25 09:26:00,19040,19080,19040,19080,2867
2026-03-25 09:27:00,19080,19080,19060,19070,1400
2026-03-25 09:28:00,19080,19080,19040,19040,1556
2026-03-25 09:29:00,19050,19060,19040,19050,1461
2026-03-25 09:30:00,19050,19080,19050,19050,1513
2026-03-25 09:31:00,19050,19110,19050,19110,1810
2026-03-25 09:32:00,19110,19110,19090,19100,983
2026-03-25 09:33:00,19100,19120,19100,19120,345
2026-03-25 09:34:00,19110,19130,19110,19130,283
2026-03-25 09:35:00,19130,19150,19130,19130,609
2026-03-25 09:36:00,19120,19130,19080,19085,840
2026-03-25 09:37:00,19090,19090,19090,19090,234
2026-03-25 09:38:00,19080,19090,19080,19080,2192
2026-03-25 09:39:00,19090,19090,19070,19070,1651
2026-03-25 09:40:00,19070,19100,19060,19090,1243
2026-03-25 09:41:00,19090,19160,19060,19150,2359
2026-03-25 09:42:00,19160,19180,19130,19180,404
2026-03-25 09:43:00,19150,19150,19130,19140,434
2026-03-25 09:44:00,19140,19140,19130,19130,337
2026-03-25 09:45:00,19110,19120,19110,19120,4
2026-03-25 09:46:00,19110,19120,19100,19110,301
2026-03-25 09:47:00,19100,19100,19060,19070,656
2026-03-25 09:48:00,19060,19060,19050,19050,1046
2026-03-25 09:49:00,19050,19050,19050,19050,688
2026-03-25 09:50:00,19050,19050,19050,19050,590
2026-03-25 09:51:00,19060,19060,19040,19040,685
2026-03-25 09:52:00,19040,19050,19040,19040,946
2026-03-25 09:53:00,19040,19110,19040,19090,1183
2026-03-25 09:54:00,19090,19150,19060,19150,1382
2026-03-25 09:55:00,19150,19150,19150,19150,84
2026-03-25 09:56:00,19150,19150,19150,19150,101
2026-03-25 09:57:00,19150,19190,19100,19100,2389
2026-03-25 09:58:00,19100,19210,19100,19210,2136
2026-03-25 09:59:00,19220,19220,19210,19210,1444
2026-03-25 10:00:00,19220,19220,19210,19210,1405
2026-03-25 10:01:00,19210,19220,19150,19180,771
2026-03-25 10:02:00,19180,19200,19180,19200,18
2026-03-25 10:03:00,19170,19170,19100,19100,231
2026-03-25 10:04:00,19090,19150,19090,19150,331
2026-03-25 10:05:00,19130,19130,19110,19110,25
2026-03-25 10:06:00,19120,19150,19120,19150,253
2026-03-25 10:07:00,19150,19200,19130,19160,2143
2026-03-25 10:08:00,19160,19200,19160,19180,294
2026-03-25 10:09:00,19180,19185,19160,19170,322
2026-03-25 10:10:00,19170,19180,19160,19180,228
2026-03-25 10:11:00,19170,19170,19160,19160,42
2026-03-25 10:12:00,19160,19180,19160,19160,253
2026-03-25 10:13:00,19160,19160,19120,19130,236
2026-03-25 10:14:00,19140,19160,19140,19160,724
2026-03-25 10:15:00,19160,19160,19150,19150,73
2026-03-25 10:16:00,19150,19150,19120,19120,543
2026-03-25 10:17:00,19120,19120,19110,19120,315
2026-03-25 10:18:00,19110,19110,19110,19110,159
2026-03-25 10:19:00,19110,19110,19110,19110,3
2026-03-25 10:20:00,19110,19110,19110,19110,150
2026-03-25 10:21:00,19110,19150,19110,19150,221
2026-03-25 10:22:00,19140,19150,19140,19150,10
2026-03-25 10:23:00,19140,19140,19090,19110,1329
2026-03-25 10:24:00,19090,19100,19060,19060,228
2026-03-25 10:25:00,19060,19060,19030,19030,340
2026-03-25 10:26:00,19020,19060,19010,19060,138
2026-03-25 10:27:00,19050,19080,19030,19080,108
2026-03-25 10:28:00,19080,19080,19030,19080,195
2026-03-25 10:29:00,19030,19030,19030,19030,10
2026-03-25 10:30:00,19050,19070,19020,19070,58
2026-03-25 10:31:00,19040,19110,19030,19040,1994
2026-03-25 10:32:00,19040,19130,19040,19060,786
2026-03-25 10:33:00,19110,19150,19110,19150,651
2026-03-25 10:34:00,19100,19120,19100,19100,163
2026-03-25 10:35:00,19070,19130,19070,19130,230
2026-03-25 10:36:00,19110,19110,19110,19110,1
2026-03-25 10:37:00,19120,19120,19100,19100,53
2026-03-25 10:38:00,19100,19100,19100,19100,115
2026-03-25 10:39:00,19110,19110,19100,19110,74
2026-03-25 10:40:00,19100,19110,19080,19080,320
2026-03-25 10:41:00,19100,19100,19100,19100,2
2026-03-25 10:42:00,19100,19150,19100,19150,552
2026-03-25 10:43:00,19070,19140,19060,19060,377
2026-03-25 10:44:00,19060,19060,19060,19060,61
2026-03-25 10:45:00,19060,19060,19030,19030,161
2026-03-25 10:46:00,19030,19030,19020,19020,207
2026-03-25 10:47:00,19020,19020,19010,19010,85
2026-03-25 10:49:00,19020,19020,19020,19020,21
2026-03-25 10:51:00,19030,19030,19020,19020,175
2026-03-25 10:52:00,19080,19080,19030,19030,11
2026-03-25 10:53:00,19030,19030,19030,19030,252
2026-03-25 10:54:00,19030,19030,19030,19030,59
2026-03-25 10:55:00,19040,19040,19040,19040,36
2026-03-25 10:56:00,19040,19040,19020,19020,247
2026-03-25 10:57:00,19020,19020,19020,19020,60
2026-03-25 10:58:00,19020,19040,19020,19040,354
2026-03-25 10:59:00,19030,19030,19000,19000,2233
2026-03-25 11:00:00,19000,19010,18960,18970,1707
2026-03-25 11:01:00,19000,19000,18960,18960,228
2026-03-25 11:02:00,18960,19000,18950,18950,558
2026-03-25 11:03:00,18950,18950,18900,18900,529
2026-03-25 11:04:00,18900,18900,18900,18900,404
2026-03-25 11:05:00,18900,18900,18880,18880,106
2026-03-25 11:06:00,18880,18890,18880,18880,9
2026-03-25 11:07:00,18880,18880,18860,18860,447
2026-03-25 11:08:00,18860,18860,18830,18830,145
2026-03-25 11:09:00,18830,18850,18830,18850,247
2026-03-25 11:10:00,18840,18840,18810,18810,390
2026-03-25 11:11:00,18820,18820,18820,18820,114
2026-03-25 11:13:00,18820,18820,18810,18810,108
2026-03-25 11:14:00,18810,18810,18810,18810,82
2026-03-25 11:15:00,18820,18830,18820,18830,118
2026-03-25 11:17:00,18830,18830,18830,18830,39
2026-03-25 11:18:00,18830,18830,18810,18830,219
2026-03-25 11:19:00,18840,18850,18840,18850,59
2026-03-25 11:20:00,18890,18890,18890,18890,1
2026-03-25 11:21:00,18850,18850,18850,18850,29
2026-03-25 11:22:00,18850,18900,18850,18900,245
2026-03-25 11:23:00,18890,18900,18890,18900,11
2026-03-25 11:24:00,18900,18900,18900,18900,55
2026-03-25 11:25:00,18880,18880,18880,18880,12
2026-03-25 11:26:00,18880,18900,18880,18900,2
2026-03-25 11:28:00,18900,18900,18900,18900,1
2026-03-25 11:29:00,18900,18900,18900,18900,19
2026-03-25 11:30:00,18900,18900,18900,18900,202
2026-03-25 11:31:00,18900,18900,18900,18900,6
2026-03-25 11:32:00,18870,18900,18870,18900,16
2026-03-25 11:33:00,18880,18880,18830,18830,129
2026-03-25 11:34:00,18830,18830,18830,18830,18
2026-03-25 11:36:00,18840,18860,18840,18860,78
2026-03-25 11:37:00,18860,18860,18830,18830,41
2026-03-25 11:38:00,18840,18870,18830,18870,408
2026-03-25 11:39:00,18870,18900,18870,18900,113
2026-03-25 11:40:00,18900,18900,18900,18900,61
2026-03-25 11:41:00,18830,18830,18830,18830,9
2026-03-25 11:43:00,18840,18840,18830,18830,40
2026-03-25 11:44:00,18890,18900,18890,18900,25
2026-03-25 11:46:00,18900,18900,18900,18900,10
2026-03-25 11:47:00,18900,18900,18900,18900,3
2026-03-25 11:48:00,18900,18900,18900,18900,3
2026-03-25 11:50:00,18840,18840,18830,18830,378
2026-03-25 11:51:00,18830,18830,18780,18780,553
2026-03-25 11:52:00,18790,18790,18790,18790,8
2026-03-25 11:53:00,18790,18810,18790,18800,332
2026-03-25 11:54:00,18810,18810,18770,18770,909
2026-03-25 11:55:00,18800,18800,18740,18740,1459
2026-03-25 11:56:00,18740,18740,18700,18700,196
2026-03-25 11:57:00,18700,18740,18700,18740,161
2026-03-25 11:58:00,18700,18770,18700,18770,1037
2026-03-25 11:59:00,18700,18700,18700,18700,110
2026-03-25 12:00:00,18700,18710,18700,18700,481
2026-03-25 12:01:00,18720,18750,18720,18750,19
2026-03-25 12:02:00,18750,18750,18750,18750,52
2026-03-25 12:05:00,18750,18760,18750,18760,128
2026-03-25 12:06:00,18760,18760,18700,18700,6
2026-03-25 12:07:00,18750,18760,18750,18760,73
2026-03-25 12:08:00,18770,18800,18770,18800,43
2026-03-25 12:11:00,18800,18800,18800,18800,221
2026-03-25 12:12:00,18800,18800,18800,18800,365
2026-03-25 12:13:00,18740,18740,18740,18740,7
2026-03-25 12:14:00,18730,18730,18710,18710,56
2026-03-25 12:16:00,18720,18720,18720,18720,12
2026-03-25 12:17:00,18720,18720,18710,18710,282
2026-03-25 12:18:00,18710,18710,18710,18710,16
2026-03-25 12:19:00,18710,18720,18710,18720,16
2026-03-25 12:20:00,18720,18720,18720,18720,107
2026-03-25 12:21:00,18720,18730,18720,18730,9
2026-03-25 12:22:00,18720,18720,18720,18720,20
2026-03-25 12:23:00,18720,18740,18720,18740,318
2026-03-25 12:25:00,18750,18750,18750,18750,1
2026-03-25 12:26:00,18750,18750,18750,18750,7
2026-03-25 12:27:00,18760,18900,18760,18900,23
2026-03-25 12:28:00,18770,18770,18750,18750,35
2026-03-25 12:29:00,18760,18780,18750,18780,272
2026-03-25 12:31:00,18750,18750,18750,18750,40
2026-03-25 12:33:00,18770,18770,18770,18770,1
2026-03-25 12:34:00,18760,18760,18740,18740,347
2026-03-25 12:35:00,18740,18750,18730,18730,105
2026-03-25 12:36:00,18730,18750,18730,18750,417
2026-03-25 12:37:00,18750,18750,18740,18750,7
2026-03-25 12:38:00,18750,18750,18730,18730,21
2026-03-25 12:40:00,18720,18750,18720,18750,104
2026-03-25 12:41:00,18750,18780,18750,18780,62
2026-03-25 12:42:00,18730,18730,18720,18720,54
2026-03-25 12:43:00,18730,18730,18730,18730,3
2026-03-25 12:45:00,18730,18730,18720,18720,135
2026-03-25 12:46:00,18730,18730,18730,18730,1
2026-03-25 12:47:00,18730,18730,18730,18730,1
2026-03-25 12:49:00,18720,18720,18720,18720,134
2026-03-25 12:50:00,18720,18720,18720,18720,18
2026-03-25 12:51:00,18720,18730,18720,18720,27
2026-03-25 12:53:00,18720,18720,18720,18720,100
2026-03-25 12:54:00,18720,18720,18720,18720,364
2026-03-25 12:55:00,18730,18730,18730,18730,22
2026-03-25 12:56:00,18710,18710,18710,18710,705
2026-03-25 12:57:00,18710,18710,18710,18710,34
2026-03-25 12:58:00,18710,18790,18710,18790,102
2026-03-25 12:59:00,18730,18790,18720,18720,11
2026-03-25 13:00:00,18720,18720,18720,18720,10
2026-03-25 13:01:00,18750,18750,18750,18750,2
2026-03-25 13:02:00,18750,18750,18690,18700,760
2026-03-25 13:03:00,18700,18700,18700,18700,1
2026-03-25 13:05:00,18700,18700,18700,18700,2
2026-03-25 13:07:00,18700,18700,18700,18700,44
2026-03-25 13:08:00,18700,18700,18700,18700,136
2026-03-25 13:10:00,18700,18700,18670,18670,70
2026-03-25 13:11:00,18690,18700,18690,18700,23
2026-03-25 13:12:00,18700,18720,18700,18720,39
2026-03-25 13:13:00,18690,18690,18660,18670,405
2026-03-25 13:14:00,18670,18670,18670,18670,85
2026-03-25 13:15:00,18720,18910,18720,18910,3000
2026-03-25 13:16:00,18890,18890,18890,18890,1
2026-03-25 13:17:00,18800,18800,18800,18800,5
2026-03-25 13:18:00,18760,18810,18750,18810,126
2026-03-25 13:22:00,18800,18810,18800,18810,115
2026-03-25 13:23:00,18810,18810,18810,18810,4
2026-03-25 13:24:00,18810,18850,18810,18810,32
2026-03-25 13:25:00,18810,18810,18770,18770,1004
2026-03-25 13:26:00,18770,18770,18770,18770,1
2026-03-25 13:31:00,18800,18810,18800,18810,41
2026-03-25 13:32:00,18770,18770,18770,18770,2
2026-03-25 13:34:00,18770,18770,18770,18770,4
2026-03-25 13:35:00,18770,18770,18770,18770,40
2026-03-25 13:36:00,18770,18770,18770,18770,11
2026-03-25 13:38:00,18780,18780,18730,18760,731
2026-03-25 13:39:00,18770,18810,18770,18810,628
2026-03-25 13:41:00,18810,18810,18810,18810,22
2026-03-25 13:43:00,18810,18810,18810,18810,1
2026-03-25 13:45:00,18800,18820,18800,18820,1334
2026-03-25 13:46:00,18820,18820,18820,18820,60
2026-03-25 13:47:00,18810,18810,18800,18800,181
2026-03-25 13:48:00,18780,18780,18780,18780,2
2026-03-25 13:50:00,18780,18780,18750,18750,332
2026-03-25 13:52:00,18750,18800,18750,18800,30
2026-03-25 13:54:00,18800,18800,18800,18800,1
2026-03-25 13:59:00,18790,18790,18780,18780,26
2026-03-25 14:00:00,18770,18770,18750,18750,21
2026-03-25 14:01:00,18750,18750,18720,18730,259
2026-03-25 14:02:00,18730,18800,18730,18800,151
2026-03-25 14:03:00,18800,18800,18710,18720,226
2026-03-25 14:04:00,18720,18720,18710,18720,22
2026-03-25 14:05:00,18730,18760,18730,18740,46
2026-03-25 14:06:00,18740,18740,18730,18730,10
2026-03-25 14:07:00,18730,18730,18710,18710,336
2026-03-25 14:08:00,18720,18720,18700,18700,11
2026-03-25 14:09:00,18700,18700,18690,18690,139
2026-03-25 14:10:00,18690,18690,18680,18680,176
2026-03-25 14:11:00,18680,18690,18680,18690,10
2026-03-25 14:12:00,18690,18690,18670,18690,11
2026-03-25 14:13:00,18670,18690,18670,18690,10
2026-03-25 14:15:00,18670,18680,18670,18680,6
2026-03-25 14:16:00,18680,18680,18670,18680,36
2026-03-25 14:17:00,18680,18680,18680,18680,30
2026-03-25 14:18:00,18680,18680,18680,18680,260
2026-03-25 14:19:00,18690,18690,18690,18690,123
2026-03-25 14:20:00,18680,18720,18680,18720,309
2026-03-25 14:21:00,18710,18710,18710,18710,1
2026-03-25 14:22:00,18700,18700,18700,18700,7
2026-03-25 14:23:00,18710,18730,18710,18730,774
2026-03-25 14:24:00,18700,18700,18700,18700,5
2026-03-25 14:25:00,18700,18720,18700,18720,9
2026-03-25 14:26:00,18730,18730,18730,18730,1
2026-03-25 14:27:00,18720,18720,18720,18720,64
2026-03-25 14:28:00,18710,18710,18700,18700,78
2026-03-25 14:29:00,18690,18690,18690,18690,10
2026-03-25 14:30:00,18690,18700,18680,18690,179
2026-03-25 14:31:00,18700,18700,18690,18690,6
2026-03-25 14:32:00,18700,18700,18690,18690,154
2026-03-25 14:33:00,18700,18700,18690,18690,16
2026-03-25 14:34:00,18700,18700,18690,18700,57
2026-03-25 14:35:00,18690,18710,18690,18710,77
2026-03-25 14:36:00,18710,18710,18700,18710,13
2026-03-25 14:37:00,18710,18720,18700,18720,217
2026-03-25 14:38:00,18720,18720,18720,18720,5
2026-03-25 14:39:00,18730,18740,18730,18740,550
2026-03-25 14:40:00,18740,18760,18730,18730,17
2026-03-25 14:41:00,18760,18770,18760,18770,8
2026-03-25 14:42:00,18760,18760,18760,18760,4
2026-03-25 14:43:00,18770,18770,18750,18750,214
2026-03-25 14:44:00,18750,18750,18750,18750,5
2026-03-25 14:45:00,18750,18750,18750,18750,27
2026-03-25 14:46:00,18750,18750,18750,18750,35
2026-03-25 14:47:00,18740,18740,18740,18740,6
2026-03-25 14:48:00,18740,18750,18720,18720,481
2026-03-25 14:49:00,18720,18740,18710,18710,72
2026-03-25 14:50:00,18740,18770,18740,18770,220
2026-03-25 14:51:00,18770,18770,18770,18770,126
2026-03-25 14:52:00,18780,18810,18780,18780,1087
2026-03-25 14:53:00,18780,18780,18780,18780,28
2026-03-25 14:54:00,18780,18780,18780,18780,5
2026-03-25 14:55:00,18780,18790,18780,18790,60
2026-03-25 14:56:00,18780,18780,18780,18780,274
2026-03-25 14:57:00,18770,18770,18750,18750,877
2026-03-25 14:58:00,18760,18760,18750,18750,205
2026-03-25 14:59:00,18750,18750,18740,18740,94
2026-03-25 15:00:00,18740,18740,18740,18740,129
2026-03-25 15:01:00,18740,18760,18740,18740,439
2026-03-25 15:02:00,18750,18750,18750,18750,39
2026-03-25 15:03:00,18750,18770,18750,18770,101
2026-03-25 15:04:00,18770,18770,18770,18770,5
2026-03-25 15:05:00,18780,18780,18770,18770,20
2026-03-25 15:06:00,18780,18790,18770,18770,77
2026-03-25 15:07:00,18770,18770,18750,18750,315
2026-03-25 15:08:00,18750,18770,18750,18770,894
2026-03-25 15:09:00,18750,18750,18750,18750,8
2026-03-25 15:10:00,18750,18760,18750,18760,65
2026-03-25 15:11:00,18770,18770,18750,18750,49
2026-03-25 15:12:00,18750,18750,18750,18750,21
2026-03-25 15:13:00,18750,18760,18750,18750,245
2026-03-25 15:14:00,18750,18770,18750,18770,663
2026-03-25 15:15:00,18770,18770,18750,18770,42
2026-03-25 15:16:00,18770,18770,18750,18750,617
2026-03-25 15:17:00,18750,18750,18730,18730,1715
2026-03-25 15:18:00,18720,18800,18710,18800,838
2026-03-25 15:19:00,18800,18800,18720,18720,213
2026-03-25 15:30:00,19010,19010,19010,19010,3856
2026-03-25 15:35:00,19010,19010,19010,19010,170
2026-03-26 09:00:00,18900,18900,18850,18850,742
2026-03-26 09:01:00,18850,18850,18600,18600,357
2026-03-26 09:02:00,18600,18700,18550,18580,434
2026-03-26 09:03:00,18580,18580,18500,18500,1952
2026-03-26 09:04:00,18500,18500,18480,18480,302
2026-03-26 09:05:00,18480,18480,18400,18420,761
2026-03-26 09:06:00,18410,18410,18410,18410,36
2026-03-26 09:07:00,18400,18410,18400,18410,1452
2026-03-26 09:08:00,18410,18430,18410,18430,343
2026-03-26 09:09:00,18440,18450,18440,18450,426
2026-03-26 09:10:00,18450,18470,18450,18450,45
2026-03-26 09:11:00,18470,18470,18360,18360,1304
2026-03-26 09:12:00,18360,18360,18340,18340,953
2026-03-26 09:13:00,18340,18350,18340,18350,488
2026-03-26 09:14:00,18330,18330,18260,18270,2250
2026-03-26 09:15:00,18270,18270,18270,18270,20
2026-03-26 09:16:00,18280,18405,18270,18405,3946
2026-03-26 09:17:00,18410,18410,18410,18410,179
2026-03-26 09:18:00,18410,18410,18410,18410,838
2026-03-26 09:19:00,18430,18450,18430,18450,483
2026-03-26 09:20:00,18490,18490,18400,18410,284
2026-03-26 09:21:00,18430,18430,18410,18410,74
2026-03-26 09:22:00,18470,18500,18470,18480,241
2026-03-26 09:23:00,18535,18540,18535,18540,11
2026-03-26 09:24:00,18480,18480,18480,18480,356
2026-03-26 09:25:00,18450,18460,18450,18460,68
2026-03-26 09:26:00,18460,18460,18430,18430,64
2026-03-26 09:27:00,18430,18430,18410,18410,677
2026-03-26 09:28:00,18430,18430,18420,18420,100
2026-03-26 09:29:00,18410,18410,18410,18410,102
2026-03-26 09:30:00,18410,18420,18410,18420,237
2026-03-26 09:31:00,18430,18430,18400,18420,354
2026-03-26 09:32:00,18420,18420,18410,18420,32
2026-03-26 09:33:00,18410,18430,18410,18430,250
2026-03-26 09:34:00,18430,18430,18430,18430,28
2026-03-26 09:35:00,18440,18450,18440,18450,54
2026-03-26 09:36:00,18430,18450,18350,18350,2867
2026-03-26 09:37:00,18390,18390,18350,18360,20
2026-03-26 09:38:00,18360,18360,18360,18360,241
2026-03-26 09:39:00,18350,18350,18320,18320,1867
2026-03-26 09:40:00,18320,18320,18290,18300,706
2026-03-26 09:41:00,18310,18320,18310,18310,55
2026-03-26 09:42:00,18310,18310,18310,18310,260
2026-03-26 09:43:00,18320,18320,18300,18300,217
2026-03-26 09:44:00,18310,18310,18290,18290,1552
2026-03-26 09:45:00,18310,18310,18270,18270,2323
2026-03-26 09:46:00,18260,18260,18250,18250,562
2026-03-26 09:47:00,18250,18250,18240,18240,583
2026-03-26 09:48:00,18240,18250,18240,18250,68
2026-03-26 09:49:00,18240,18250,18240,18240,45
2026-03-26 09:50:00,18240,18250,18240,18240,166
2026-03-26 09:51:00,18240,18250,18230,18230,168
2026-03-26 09:52:00,18220,18230,18220,18230,137
2026-03-26 09:53:00,18220,18230,18220,18230,288
2026-03-26 09:54:00,18230,18240,18230,18240,306
2026-03-26 09:55:00,18240,18300,18240,18300,183
2026-03-26 09:56:00,18250,18300,18250,18250,20
2026-03-26 09:57:00,18260,18320,18260,18320,106
2026-03-26 09:58:00,18260,18320,18260,18320,5
2026-03-26 09:59:00,18260,18300,18260,18300,27
2026-03-26 10:00:00,18270,18300,18270,18300,133
2026-03-26 10:01:00,18320,18320,18280,18290,159
2026-03-26 10:02:00,18310,18350,18310,18310,252
2026-03-26 10:03:00,18310,18370,18310,18370,5
2026-03-26 10:04:00,18310,18370,18310,18310,5
2026-03-26 10:05:00,18310,18310,18290,18290,395
2026-03-26 10:06:00,18280,18280,18270,18270,63
2026-03-26 10:07:00,18270,18320,18270,18320,6
2026-03-26 10:08:00,18280,18280,18280,18280,2
2026-03-26 10:09:00,18280,18320,18260,18260,103
2026-03-26 10:10:00,18270,18320,18270,18320,23
2026-03-26 10:12:00,18320,18320,18300,18300,92
2026-03-26 10:13:00,18300,18300,18300,18300,10
2026-03-26 10:14:00,18300,18300,18280,18280,13
2026-03-26 10:15:00,18280,18280,18240,18240,990
2026-03-26 10:16:00,18240,18240,18220,18230,827
2026-03-26 10:17:00,18230,18230,18210,18220,1115
2026-03-26 10:18:00,18210,18210,18180,18180,3500
2026-03-26 10:19:00,18190,18210,18190,18200,1072
2026-03-26 10:20:00,18190,18200,18190,18190,51
2026-03-26 10:21:00,18180,18200,18180,18200,207
2026-03-26 10:22:00,18210,18210,18200,18210,50
2026-03-26 10:23:00,18210,18210,18210,18210,113
2026-03-26 10:24:00,18210,18210,18200,18200,76
2026-03-26 10:25:00,18200,18200,18200,18200,35
2026-03-26 10:26:00,18200,18200,18180,18200,248
2026-03-26 10:27:00,18200,18200,18190,18200,4
2026-03-26 10:28:00,18200,18200,18200,18200,5
2026-03-26 10:29:00,18200,18200,18170,18180,454
2026-03-26 10:30:00,18180,18180,18180,18180,112
2026-03-26 10:31:00,18170,18180,18170,18180,91
2026-03-26 10:32:00,18200,18200,18190,18200,147
2026-03-26 10:33:00,18200,18200,18200,18200,3
2026-03-26 10:34:00,18200,18200,18200,18200,220
2026-03-26 10:35:00,18200,18210,18200,18210,470
2026-03-26 10:36:00,18210,18210,18200,18200,212
2026-03-26 10:37:00,18210,18210,18200,18200,19
2026-03-26 10:38:00,18200,18200,18190,18200,482
2026-03-26 10:40:00,18200,18200,18180,18180,88
2026-03-26 10:41:00,18170,18170,18160,18160,248
2026-03-26 10:43:00,18150,18150,18130,18140,960
2026-03-26 10:44:00,18130,18130,18120,18120,313
2026-03-26 10:45:00,18120,18120,18090,18090,668
2026-03-26 10:46:00,18090,18090,18080,18090,218
2026-03-26 10:47:00,18090,18090,18090,18090,1
2026-03-26 10:48:00,18080,18090,18080,18080,128
2026-03-26 10:49:00,18080,18090,18080,18090,18
2026-03-26 10:50:00,18090,18090,18090,18090,15
2026-03-26 10:51:00,18090,18100,18090,18100,302
2026-03-26 10:52:00,18090,18100,18070,18070,632
2026-03-26 10:53:00,18070,18080,18050,18050,583
2026-03-26 10:54:00,18050,18050,18010,18030,2509
2026-03-26 10:55:00,18010,18010,18000,18010,921
2026-03-26 10:56:00,18010,18010,18000,18000,812
2026-03-26 10:57:00,18010,18020,18000,18010,266
2026-03-26 10:59:00,18020,18030,18010,18020,836
2026-03-26 11:00:00,18040,18060,18040,18060,8
2026-03-26 11:01:00,18060,18070,18060,18070,255
2026-03-26 11:02:00,18060,18070,18060,18070,15
2026-03-26 11:03:00,18070,18080,18070,18080,86
2026-03-26 11:04:00,18080,18080,18040,18040,329
2026-03-26 11:05:00,18030,18040,18020,18040,104
2026-03-26 11:06:00,18020,18040,18000,18000,368
2026-03-26 11:07:00,18020,18020,18000,18010,1415
2026-03-26 11:09:00,18000,18000,18000,18000,419
2026-03-26 11:10:00,17990,17990,17980,17980,1162
2026-03-26 11:11:00,17970,17990,17960,17960,1284
2026-03-26 11:12:00,17960,17980,17960,17960,754
2026-03-26 11:13:00,17950,17950,17940,17940,222
2026-03-26 11:14:00,17930,17930,17910,17910,195
2026-03-26 11:15:00,17910,17910,17900,17900,478
2026-03-26 11:16:00,17900,17900,17890,17900,213
2026-03-26 11:17:00,17900,17900,17900,17900,93
2026-03-26 11:18:00,17910,17910,17890,17890,425
2026-03-26 11:19:00,17890,17900,17890,17900,103
2026-03-26 11:20:00,17890,18080,17880,17880,671
2026-03-26 11:21:00,17880,17880,17880,17880,328
2026-03-26 11:22:00,17880,17900,17880,17900,51
2026-03-26 11:23:00,17900,17920,17870,17920,51
2026-03-26 11:24:00,17880,17880,17880,17880,13
2026-03-26 11:25:00,17890,17930,17890,17930,26
2026-03-26 11:26:00,17930,17930,17930,17930,10
2026-03-26 11:27:00,17930,17930,17880,17930,72
2026-03-26 11:28:00,17930,17930,17930,17930,29
2026-03-26 11:29:00,17880,17910,17860,17860,91
2026-03-26 11:30:00,17860,17860,17840,17840,464
2026-03-26 11:31:00,17850,17850,17810,17810,1265
2026-03-26 11:32:00,17810,17810,17810,17810,284
2026-03-26 11:33:00,17810,17810,17770,17770,1519
2026-03-26 11:34:00,17760,17760,17750,17750,245
2026-03-26 11:35:00,17750,17750,17750,17750,72
2026-03-26 11:36:00,17750,17750,17650,17660,1857
2026-03-26 11:37:00,17740,17760,17670,17680,885
2026-03-26 11:38:00,17680,17680,17680,17680,400
2026-03-26 11:39:00,17680,17750,17670,17750,430
2026-03-26 11:40:00,17730,17740,17730,17740,70
2026-03-26 11:41:00,17740,17750,17740,17750,23
2026-03-26 11:42:00,17750,17760,17750,17760,744
2026-03-26 11:43:00,17780,17790,17780,17790,140
2026-03-26 11:44:00,17790,17790,17790,17790,108
2026-03-26 11:45:00,17780,17780,17770,17770,70
2026-03-26 11:46:00,17770,17800,17760,17800,501
2026-03-26 11:47:00,17790,17790,17790,17790,3
2026-03-26 11:48:00,17790,17790,17790,17790,39
2026-03-26 11:49:00,17790,17790,17790,17790,16
2026-03-26 11:50:00,17780,17790,17780,17790,209
2026-03-26 11:51:00,17790,17800,17790,17800,33
2026-03-26 11:52:00,17800,17800,17790,17790,226
2026-03-26 11:53:00,17780,17780,17780,17780,300
2026-03-26 11:54:00,17770,17770,17750,17750,561
2026-03-26 11:55:00,17750,17750,17740,17740,128
2026-03-26 11:56:00,17740,17740,17720,17720,108
2026-03-26 11:57:00,17720,17720,17710,17710,450
2026-03-26 11:58:00,17720,17720,17720,17720,11
2026-03-26 11:59:00,17710,17710,17710,17710,15
2026-03-26 12:00:00,17720,17720,17720,17720,16
2026-03-26 12:01:00,17720,17730,17720,17730,453
2026-03-26 12:02:00,17730,17730,17730,17730,15
2026-03-26 12:03:00,17740,17740,17730,17730,102
2026-03-26 12:04:00,17730,17730,17730,17730,39
2026-03-26 12:06:00,17730,17730,17720,17720,30
2026-03-26 12:07:00,17740,17740,17720,17740,143
2026-03-26 12:08:00,17740,17740,17740,17740,1
2026-03-26 12:09:00,17730,17730,17730,17730,13
2026-03-26 12:11:00,17730,17730,17730,17730,222
2026-03-26 12:12:00,17730,17740,17730,17740,27
2026-03-26 12:13:00,17740,17740,17740,17740,167
2026-03-26 12:15:00,17750,17780,17730,17780,411
2026-03-26 12:16:00,17780,17780,17780,17780,14
2026-03-26 12:17:00,17780,17780,17780,17780,3
2026-03-26 12:18:00,17770,17780,17770,17780,281
2026-03-26 12:19:00,17780,17780,17770,17780,206
2026-03-26 12:20:00,17750,17750,17750,17750,31
2026-03-26 12:22:00,17750,17750,17750,17750,1
2026-03-26 12:23:00,17750,17750,17750,17750,3
2026-03-26 12:24:00,17750,17750,17750,17750,189
2026-03-26 12:25:00,17770,17770,17770,17770,45
2026-03-26 12:26:00,17770,17770,17770,17770,6
2026-03-26 12:27:00,17770,17770,17760,17770,218
2026-03-26 12:28:00,17770,17770,17770,17770,103
2026-03-26 12:29:00,17770,17810,17770,17810,632
2026-03-26 12:30:00,17830,17860,17830,17860,371
2026-03-26 12:31:00,17870,17900,17870,17900,252
2026-03-26 12:32:00,17900,17910,17900,17910,25
2026-03-26 12:33:00,17920,17920,17920,17920,27
2026-03-26 12:34:00,17930,17980,17930,17980,189
2026-03-26 12:35:00,17980,17990,17980,17990,59
2026-03-26 12:36:00,17980,17990,17980,17980,35
2026-03-26 12:37:00,17980,17980,17980,17980,83
2026-03-26 12:38:00,17970,17970,17970,17970,1
2026-03-26 12:39:00,17970,17980,17970,17970,252
2026-03-26 12:40:00,17980,17980,17970,17970,4
2026-03-26 12:41:00,17990,17990,17990,17990,109
2026-03-26 12:42:00,18000,18000,18000,18000,1
2026-03-26 12:43:00,18010,18010,17990,17990,428
2026-03-26 12:44:00,18010,18010,17980,17980,237
2026-03-26 12:45:00,18000,18000,17970,17970,224
2026-03-26 12:46:00,17980,17980,17980,17980,1
2026-03-26 12:47:00,18010,18010,17970,17980,67
2026-03-26 12:48:00,17980,18000,17980,18000,1519
2026-03-26 12:49:00,17980,17980,17980,17980,9
2026-03-26 12:50:00,17980,17980,17920,17930,1334
2026-03-26 12:52:00,17930,17960,17930,17960,35
2026-03-26 12:53:00,17950,17960,17950,17960,18
2026-03-26 12:54:00,17940,17940,17940,17940,5
2026-03-26 12:55:00,17940,17940,17940,17940,11
2026-03-26 12:57:00,17950,17970,17940,17970,199
2026-03-26 13:00:00,17970,17980,17970,17980,15
2026-03-26 13:01:00,17980,17980,17950,17980,131
2026-03-26 13:02:00,17980,17980,17980,17980,10
2026-03-26 13:03:00,17980,17990,17980,17990,206
2026-03-26 13:04:00,17990,17990,17990,17990,13
2026-03-26 13:05:00,18000,18020,18000,18000,17
2026-03-26 13:06:00,18020,18020,18020,18020,181
2026-03-26 13:07:00,18020,18020,18020,18020,1
2026-03-26 13:08:00,18010,18020,18010,18020,54
2026-03-26 13:10:00,18020,18030,18020,18030,544
2026-03-26 13:12:00,18030,18030,18000,18000,103
2026-03-26 13:13:00,18000,18010,18000,18010,11
2026-03-26 13:14:00,18000,18010,18000,18010,74
2026-03-26 13:16:00,18020,18020,18020,18020,145
2026-03-26 13:18:00,18020,18020,18000,18000,883
2026-03-26 13:19:00,17990,17990,17980,17990,500
2026-03-26 13:20:00,17990,17990,17990,17990,5
2026-03-26 13:21:00,17990,17990,17980,17980,14
2026-03-26 13:22:00,17980,18000,17980,18000,201
2026-03-26 13:25:00,18030,18030,18030,18030,188
2026-03-26 13:26:00,18030,18030,18030,18030,10
2026-03-26 13:27:00,18040,18050,18040,18050,23
2026-03-26 13:28:00,18050,18050,18040,18040,18
2026-03-26 13:29:00,18040,18040,18040,18040,10
2026-03-26 13:32:00,18050,18050,18040,18040,18
2026-03-26 13:33:00,18050,18050,18050,18050,1
2026-03-26 13:34:00,18040,18050,18000,18000,183
2026-03-26 13:35:00,18000,18000,17990,18000,435
2026-03-26 13:36:00,17980,17980,17960,17980,583
2026-03-26 13:37:00,17960,17970,17960,17960,104
2026-03-26 13:38:00,17960,17960,17950,17950,267
2026-03-26 13:39:00,17950,17950,17950,17950,1
2026-03-26 13:40:00,17950,17950,17950,17950,47
2026-03-26 13:41:00,17960,17970,17960,17970,55
2026-03-26 13:42:00,17960,17970,17950,17950,109
2026-03-26 13:43:00,17960,17960,17960,17960,15
2026-03-26 13:46:00,17950,17950,17950,17950,18
2026-03-26 13:47:00,17950,17950,17950,17950,10
2026-03-26 13:48:00,17950,17950,17950,17950,22
2026-03-26 13:50:00,17950,17960,17950,17950,130
2026-03-26 13:51:00,17950,17950,17920,17930,682
2026-03-26 13:52:00,17930,17930,17930,17930,1
2026-03-26 13:53:00,17920,17920,17910,17910,433
2026-03-26 13:55:00,17900,17900,17890,17890,332
2026-03-26 13:56:00,17880,17880,17810,17820,665
2026-03-26 13:58:00,17820,17820,17820,17820,28
2026-03-26 13:59:00,17820,17820,17810,17810,15
2026-03-26 14:01:00,17820,17850,17820,17850,39
2026-03-26 14:02:00,17860,17860,17860,17860,34
2026-03-26 14:03:00,17870,17900,17870,17900,440
2026-03-26 14:04:00,17910,17950,17910,17950,103
2026-03-26 14:06:00,17930,17930,17870,17870,732
2026-03-26 14:07:00,17870,17880,17860,17860,41
2026-03-26 14:08:00,17860,17870,17850,17860,545
2026-03-26 14:09:00,17860,17860,17860,17860,2
2026-03-26 14:10:00,17840,17840,17830,17840,491
2026-03-26 14:11:00,17840,17840,17840,17840,414
2026-03-26 14:12:00,17840,17840,17840,17840,129
2026-03-26 14:13:00,17840,17860,17830,17860,674
2026-03-26 14:14:00,17860,17900,17860,17900,150
2026-03-26 14:15:00,17890,17930,17890,17920,122
2026-03-26 14:16:00,17900,17900,17900,17900,117
2026-03-26 14:17:00,17920,17920,17920,17920,1
2026-03-26 14:19:00,17890,17890,17890,17890,2
2026-03-26 14:20:00,17890,17890,17890,17890,15
2026-03-26 14:21:00,17890,17890,17890,17890,98
2026-03-26 14:22:00,17880,17880,17830,17830,309
2026-03-26 14:24:00,17830,17830,17830,17830,60
2026-03-26 14:25:00,17840,17840,17840,17840,5
2026-03-26 14:26:00,17840,17840,17830,17830,482
2026-03-26 14:27:00,17830,17830,17830,17830,13
2026-03-26 14:28:00,17840,17840,17840,17840,138
2026-03-26 14:30:00,17830,17830,17830,17830,13
2026-03-26 14:31:00,17840,17850,17840,17850,351
2026-03-26 14:32:00,17850,17850,17850,17850,64
2026-03-26 14:33:00,17840,17840,17840,17840,1
2026-03-26 14:34:00,17840,17850,17840,17850,151
2026-03-26 14:35:00,17850,17850,17840,17840,43
2026-03-26 14:36:00,17840,17840,17840,17840,83
2026-03-26 14:37:00,17840,17840,17830,17830,7
2026-03-26 14:38:00,17830,17840,17830,17840,110
2026-03-26 14:39:00,17830,17830,17830,17830,100
2026-03-26 14:40:00,17840,17840,17830,17830,62
2026-03-26 14:41:00,17840,17840,17840,17840,127
2026-03-26 14:42:00,17850,17850,17850,17850,26
2026-03-26 14:43:00,17860,17870,17860,17870,266
2026-03-26 14:44:00,17870,17870,17860,17860,228
2026-03-26 14:45:00,17860,17860,17860,17860,238
2026-03-26 14:46:00,17850,17850,17820,17830,1448
2026-03-26 14:47:00,17830,17830,17820,17820,21
2026-03-26 14:48:00,17820,17820,17820,17820,200
2026-03-26 14:49:00,17820,17820,17820,17820,39
2026-03-26 14:50:00,17830,17830,17830,17830,89
2026-03-26 14:51:00,17830,17830,17830,17830,41
2026-03-26 14:52:00,17820,17820,17800,17810,1167
2026-03-26 14:53:00,17810,17820,17810,17810,664
2026-03-26 14:54:00,17810,17810,17800,17800,610
2026-03-26 14:55:00,17820,17830,17820,17830,151
2026-03-26 14:56:00,17820,17840,17820,17840,116
2026-03-26 14:57:00,17850,17850,17840,17850,71
2026-03-26 14:58:00,17850,17850,17770,17770,803
2026-03-26 14:59:00,17770,17770,17770,17770,462
2026-03-26 15:00:00,17770,17770,17760,17760,253
2026-03-26 15:01:00,17760,17820,17750,17790,137
2026-03-26 15:02:00,17790,17790,17780,17790,215
2026-03-26 15:03:00,17790,17790,17790,17790,107
2026-03-26 15:04:00,17790,17800,17790,17790,107
2026-03-26 15:05:00,17790,17800,17790,17790,405
2026-03-26 15:06:00,17790,17790,17780,17780,368
2026-03-26 15:07:00,17780,17790,17780,17790,194
2026-03-26 15:08:00,17770,17770,17760,17760,111
2026-03-26 15:09:00,17760,17770,17730,17730,698
2026-03-26 15:10:00,17740,17750,17740,17750,279
2026-03-26 15:11:00,17750,17750,17750,17750,583
2026-03-26 15:12:00,17750,17750,17740,17750,293
2026-03-26 15:13:00,17740,17760,17740,17760,112
2026-03-26 15:14:00,17740,17745,17740,17745,400
2026-03-26 15:15:00,17750,17760,17750,17760,90
2026-03-26 15:16:00,17760,17775,17750,17750,216
2026-03-26 15:17:00,17790,17790,17740,17740,959
2026-03-26 15:18:00,17740,17750,17740,17750,346
2026-03-26 15:19:00,17750,17750,17730,17730,1057
2026-03-26 15:30:00,17790,17790,17790,17790,2058
2026-03-26 15:35:00,17790,17790,17790,17790,62
2026-03-27 09:00:00,17190,17260,17160,17250,1571
2026-03-27 09:01:00,17250,17370,17220,17230,1612
2026-03-27 09:02:00,17240,17290,17220,17270,429
2026-03-27 09:03:00,17270,17320,17240,17320,488
2026-03-27 09:04:00,17360,17400,17360,17400,146
2026-03-27 09:05:00,17400,17400,17310,17390,340
2026-03-27 09:06:00,17390,17390,17380,17390,275
2026-03-27 09:07:00,17390,17390,17330,17330,69
2026-03-27 09:08:00,17320,17330,17320,17320,968
2026-03-27 09:09:00,17330,17330,17310,17310,253
2026-03-27 09:10:00,17310,17310,17220,17220,1660
2026-03-27 09:11:00,17220,17220,17190,17200,822
2026-03-27 09:12:00,17220,17220,17220,17220,462
2026-03-27 09:13:00,17200,17200,17200,17200,20
2026-03-27 09:14:00,17200,17240,17200,17210,331
2026-03-27 09:15:00,17210,17210,17200,17210,45
2026-03-27 09:16:00,17210,17220,17210,17210,708
2026-03-27 09:17:00,17210,17260,17210,17210,382
2026-03-27 09:18:00,17210,17210,17200,17200,1038
2026-03-27 09:19:00,17190,17200,17180,17200,629
2026-03-27 09:20:00,17200,17200,17180,17180,243
2026-03-27 09:21:00,17190,17270,17190,17260,160
2026-03-27 09:22:00,17220,17240,17180,17180,251
2026-03-27 09:23:00,17190,17190,17180,17180,623
2026-03-27 09:24:00,17180,17180,17170,17180,352
2026-03-27 09:25:00,17170,17200,17170,17200,331
2026-03-27 09:26:00,17170,17180,17140,17140,1171
2026-03-27 09:27:00,17140,17150,17140,17140,148
2026-03-27 09:28:00,17130,17130,17100,17100,608
2026-03-27 09:29:00,17125,17125,17125,17125,20
2026-03-27 09:30:00,17130,17280,17130,17280,403
2026-03-27 09:31:00,17280,17280,17220,17220,11
2026-03-27 09:32:00,17230,17230,17230,17230,27
2026-03-27 09:33:00,17230,17230,17220,17220,242
2026-03-27 09:34:00,17220,17220,17200,17200,35
2026-03-27 09:35:00,17190,17190,17130,17140,243
2026-03-27 09:36:00,17140,17140,17120,17120,17
2026-03-27 09:37:00,17120,17120,17120,17120,15
2026-03-27 09:38:00,17140,17140,17130,17130,473
2026-03-27 09:39:00,17130,17130,17130,17130,25
2026-03-27 09:40:00,17130,17130,17130,17130,103
2026-03-27 09:41:00,17130,17130,17130,17130,8
2026-03-27 09:42:00,17140,17140,17090,17110,999
2026-03-27 09:43:00,17080,17090,17030,17030,511
2026-03-27 09:44:00,17070,17070,17030,17030,113
2026-03-27 09:45:00,17030,17030,17030,17030,2
2026-03-27 09:46:00,17040,17090,17030,17030,103
2026-03-27 09:47:00,17040,17040,17030,17030,372
2026-03-27 09:48:00,17030,17070,17010,17010,1619
2026-03-27 09:49:00,17010,17080,16980,17000,1115
2026-03-27 09:50:00,16990,16990,16970,16970,102
2026-03-27 09:51:00,16970,16970,16930,16930,153
2026-03-27 09:52:00,16930,16930,16930,16930,50
2026-03-27 09:53:00,16930,16950,16900,16950,387
2026-03-27 09:54:00,16950,16960,16950,16960,29
2026-03-27 09:55:00,16950,16960,16920,16960,147
2026-03-27 09:56:00,16970,16990,16970,16980,55
2026-03-27 09:57:00,16980,16980,16980,16980,139
2026-03-27 09:58:00,16980,16990,16980,16990,175
2026-03-27 09:59:00,16990,16990,16980,16980,256
2026-03-27 10:00:00,16980,17140,16980,17140,1864
2026-03-27 10:01:00,17110,17140,17100,17140,14
2026-03-27 10:02:00,17130,17130,17130,17130,2
2026-03-27 10:03:00,17120,17140,17120,17140,24
2026-03-27 10:04:00,17140,17140,17140,17140,20
2026-03-27 10:06:00,17080,17140,17080,17140,56
2026-03-27 10:07:00,17120,17130,17100,17130,90
2026-03-27 10:08:00,17130,17130,17130,17130,20
2026-03-27 10:09:00,17130,17130,17080,17080,61
2026-03-27 10:10:00,17080,17080,17020,17020,420
2026-03-27 10:11:00,17100,17140,17100,17140,280
2026-03-27 10:12:00,17150,17160,17140,17160,440
2026-03-27 10:13:00,17170,17170,17170,17170,55
2026-03-27 10:14:00,17180,17190,17180,17190,30
2026-03-27 10:16:00,17190,17190,17190,17190,36
2026-03-27 10:17:00,17200,17200,17200,17200,294
2026-03-27 10:18:00,17210,17210,17170,17170,1651
2026-03-27 10:19:00,17180,17190,17160,17160,243
2026-03-27 10:20:00,17170,17170,17150,17150,44
2026-03-27 10:21:00,17150,17150,17100,17130,200
2026-03-27 10:22:00,17140,17160,17140,17150,138
2026-03-27 10:23:00,17160,17160,17150,17150,4
2026-03-27 10:24:00,17150,17150,17150,17150,1
2026-03-27 10:25:00,17160,17170,17160,17170,116
2026-03-27 10:26:00,17180,17210,17180,17210,118
2026-03-27 10:27:00,17210,17210,17210,17210,11
2026-03-27 10:29:00,17200,17200,17200,17200,5
2026-03-27 10:30:00,17170,17200,17160,17160,213
2026-03-27 10:31:00,17160,17160,17130,17150,849
2026-03-27 10:32:00,17140,17140,17100,17110,1155
2026-03-27 10:33:00,17110,17110,17100,17100,500
2026-03-27 10:34:00,17100,17100,17070,17100,92
2026-03-27 10:35:00,17150,17160,17150,17160,67
2026-03-27 10:36:00,17170,17170,17100,17170,800
2026-03-27 10:37:00,17110,17150,17110,17150,123
2026-03-27 10:38:00,17150,17150,17140,17150,17
2026-03-27 10:39:00,17150,17170,17130,17130,1116
2026-03-27 10:40:00,17130,17130,17120,17120,300
2026-03-27 10:42:00,17130,17130,17130,17130,3
2026-03-27 10:43:00,17150,17170,17100,17120,1490
2026-03-27 10:44:00,17120,17120,17120,17120,446
2026-03-27 10:45:00,17120,17120,17120,17120,206
2026-03-27 10:46:00,17120,17120,17120,17120,7
2026-03-27 10:48:00,17120,17130,17100,17100,614
2026-03-27 10:49:00,17100,17200,17100,17190,397
2026-03-27 10:51:00,17140,17150,17110,17110,378
2026-03-27 10:52:00,17110,17110,17090,17090,411
2026-03-27 10:53:00,17080,17080,17080,17080,5
2026-03-27 10:55:00,17090,17090,17070,17070,101
2026-03-27 10:56:00,17070,17070,17070,17070,30
2026-03-27 10:58:00,17080,17090,17080,17080,52
2026-03-27 10:59:00,17080,17080,17080,17080,25
2026-03-27 11:00:00,17070,17200,17070,17120,2172
2026-03-27 11:01:00,17140,17140,17140,17140,60
2026-03-27 11:02:00,17190,17220,17150,17220,750
2026-03-27 11:03:00,17220,17220,17220,17220,90
2026-03-27 11:04:00,17220,17220,17220,17220,117
2026-03-27 11:05:00,17220,17220,17220,17220,101
2026-03-27 11:06:00,17220,17220,17210,17210,123
2026-03-27 11:07:00,17160,17160,17150,17150,26
2026-03-27 11:08:00,17160,17170,17140,17140,120
2026-03-27 11:09:00,17140,17150,17140,17150,69
2026-03-27 11:10:00,17130,17220,17130,17220,619
2026-03-27 11:11:00,17180,17180,17180,17180,2
2026-03-27 11:12:00,17130,17170,17110,17170,147
2026-03-27 11:13:00,17090,17090,17060,17060,212
2026-03-27 11:14:00,17080,17080,17080,17080,4
2026-03-27 11:15:00,17070,17070,17060,17060,75
2026-03-27 11:16:00,17060,17060,17060,17060,5
2026-03-27 11:17:00,17070,17090,17060,17090,377
2026-03-27 11:18:00,17050,17050,17020,17030,507
2026-03-27 11:19:00,17030,17080,17030,17080,91
2026-03-27 11:22:00,17070,17080,17070,17080,61
2026-03-27 11:23:00,17090,17090,17080,17080,94
2026-03-27 11:26:00,17080,17080,17080,17080,58
2026-03-27 11:28:00,17080,17090,17080,17090,99
2026-03-27 11:29:00,17090,17090,17090,17090,58
2026-03-27 11:30:00,17090,17090,17090,17090,1
2026-03-27 11:31:00,17090,17090,17090,17090,1
2026-03-27 11:33:00,17090,17090,17080,17090,255
2026-03-27 11:34:00,17070,17070,17060,17060,2
2026-03-27 11:36:00,17060,17060,17060,17060,30
2026-03-27 11:37:00,17060,17070,17060,17070,356
2026-03-27 11:38:00,17070,17070,17070,17070,40
2026-03-27 11:39:00,17080,17080,17080,17080,1
2026-03-27 11:40:00,17070,17090,17070,17090,46
2026-03-27 11:41:00,17080,17080,17080,17080,42
2026-03-27 11:43:00,17090,17090,17090,17090,53
2026-03-27 11:44:00,17090,17090,17080,17090,64
2026-03-27 11:45:00,17090,17090,17090,17090,1
2026-03-27 11:46:00,17080,17090,17070,17070,722
2026-03-27 11:49:00,17080,17080,17070,17070,391
2026-03-27 11:50:00,17070,17070,17070,17070,10
2026-03-27 11:52:00,17070,17080,17070,17070,42
2026-03-27 11:53:00,17060,17060,17040,17040,223
2026-03-27 11:55:00,17070,17090,17070,17090,758
2026-03-27 11:56:00,17090,17090,17090,17090,561
2026-03-27 11:57:00,17080,17080,17080,17080,4
2026-03-27 11:58:00,17070,17080,17050,17080,1101
2026-03-27 11:59:00,17070,17070,17070,17070,5
2026-03-27 12:01:00,17070,17070,17070,17070,10
2026-03-27 12:02:00,17070,17080,17050,17070,497
2026-03-27 12:03:00,17070,17070,17050,17050,100
2026-03-27 12:04:00,17050,17050,17050,17050,23
2026-03-27 12:05:00,17050,17050,17050,17050,69
2026-03-27 12:06:00,17060,17060,17060,17060,11
2026-03-27 12:09:00,17060,17060,17060,17060,51
2026-03-27 12:11:00,17060,17070,17060,17070,99
2026-03-27 12:12:00,17070,17070,17060,17060,22
2026-03-27 12:15:00,17080,17080,17080,17080,1
2026-03-27 12:17:00,17080,17080,17080,17080,2
2026-03-27 12:18:00,17080,17080,17080,17080,100
2026-03-27 12:19:00,17080,17080,17080,17080,200
2026-03-27 12:21:00,17060,17060,17060,17060,15
2026-03-27 12:23:00,17060,17060,17040,17040,97
2026-03-27 12:24:00,17070,17070,17030,17060,450
2026-03-27 12:25:00,17060,17060,17060,17060,1
2026-03-27 12:26:00,17060,17060,17020,17020,67
2026-03-27 12:29:00,17030,17030,17020,17020,142
2026-03-27 12:30:00,17080,17080,17080,17080,4
2026-03-27 12:31:00,17080,17080,17080,17080,1
2026-03-27 12:32:00,17030,17030,17030,17030,20
2026-03-27 12:35:00,17060,17090,17060,17090,350
2026-03-27 12:38:00,17110,17120,17110,17120,50
2026-03-27 12:39:00,17120,17120,17110,17110,761
2026-03-27 12:41:00,17120,17150,17120,17150,403
2026-03-27 12:43:00,17150,17150,17150,17150,56
2026-03-27 12:44:00,17150,17150,17150,17150,201
2026-03-27 12:45:00,17150,17150,17150,17150,2
2026-03-27 12:46:00,17140,17140,17140,17140,4
2026-03-27 12:48:00,17150,17170,17150,17170,435
2026-03-27 12:50:00,17170,17170,17170,17170,99
2026-03-27 12:52:00,17160,17160,17160,17160,3
2026-03-27 12:53:00,17160,17200,17160,17200,794
2026-03-27 12:54:00,17200,17200,17190,17190,10
2026-03-27 12:55:00,17190,17220,17190,17220,1211
2026-03-27 12:56:00,17230,17230,17200,17200,106
2026-03-27 12:57:00,17200,17200,17200,17200,18
2026-03-27 12:58:00,17200,17200,17200,17200,10
2026-03-27 12:59:00,17200,17210,17200,17210,17
2026-03-27 13:00:00,17220,17230,17220,17230,192
2026-03-27 13:01:00,17220,17220,17220,17220,21
2026-03-27 13:02:00,17230,17230,17210,17210,412
2026-03-27 13:03:00,17220,17220,17220,17220,52
2026-03-27 13:05:00,17220,17230,17220,17230,486
2026-03-27 13:06:00,17230,17230,17230,17230,175
2026-03-27 13:07:00,17220,17230,17220,17230,65
2026-03-27 13:08:00,17230,17240,17230,17230,412
2026-03-27 13:09:00,17230,17230,17220,17220,347
2026-03-27 13:10:00,17220,17230,17220,17230,146
2026-03-27 13:11:00,17230,17290,17230,17290,1505
2026-03-27 13:12:00,17240,17290,17240,17290,199
2026-03-27 13:13:00,17300,17300,17300,17300,123
2026-03-27 13:15:00,17300,17310,17300,17310,100
2026-03-27 13:16:00,17310,17320,17310,17320,120
2026-03-27 13:17:00,17320,17340,17320,17340,60
2026-03-27 13:18:00,17340,17380,17340,17340,204
2026-03-27 13:19:00,17340,17380,17340,17380,88
2026-03-27 13:20:00,17380,17380,17380,17380,80
2026-03-27 13:21:00,17370,17370,17370,17370,73
2026-03-27 13:22:00,17370,17370,17370,17370,46
2026-03-27 13:23:00,17370,17370,17370,17370,440
2026-03-27 13:24:00,17380,17380,17370,17380,772
2026-03-27 13:25:00,17370,17370,17370,17370,658
2026-03-27 13:26:00,17370,17370,17370,17370,4
2026-03-27 13:27:00,17370,17400,17350,17400,1884
2026-03-27 13:28:00,17400,17400,17400,17400,30
2026-03-27 13:29:00,17400,17400,17400,17400,40
2026-03-27 13:30:00,17400,17400,17400,17400,202
2026-03-27 13:32:00,17410,17430,17400,17430,79
2026-03-27 13:33:00,17430,17480,17430,17480,328
2026-03-27 13:34:00,17470,17470,17470,17470,101
2026-03-27 13:35:00,17470,17500,17470,17500,293
2026-03-27 13:36:00,17530,17530,17530,17530,3
2026-03-27 13:38:00,17530,17530,17530,17530,5
2026-03-27 13:39:00,17530,17530,17530,17530,3
2026-03-27 13:40:00,17530,17540,17530,17540,114
2026-03-27 13:41:00,17550,17570,17550,17570,369
2026-03-27 13:42:00,17580,17580,17580,17580,1
2026-03-27 13:43:00,17580,17580,17570,17570,815
2026-03-27 13:44:00,17570,17570,17570,17570,34
2026-03-27 13:45:00,17570,17570,17570,17570,200
2026-03-27 13:46:00,17630,17630,17630,17630,1
2026-03-27 13:49:00,17560,17560,17560,17560,271
2026-03-27 13:50:00,17550,17550,17550,17550,71
2026-03-27 13:51:00,17550,17560,17550,17560,49
2026-03-27 13:52:00,17560,17570,17560,17570,126
2026-03-27 13:53:00,17570,17570,17540,17540,797
2026-03-27 13:54:00,17530,17560,17530,17560,308
2026-03-27 13:55:00,17520,17520,17520,17520,8
2026-03-27 13:56:00,17620,17620,17620,17620,22
2026-03-27 13:57:00,17620,17620,17620,17620,1882
2026-03-27 13:58:00,17620,17620,17620,17620,41
2026-03-27 13:59:00,17620,17620,17620,17620,30
2026-03-27 14:00:00,17630,17630,17620,17620,23
2026-03-27 14:01:00,17620,17620,17620,17620,14
2026-03-27 14:03:00,17620,17625,17620,17620,103
2026-03-27 14:04:00,17630,17640,17630,17640,220
2026-03-27 14:05:00,17640,17640,17640,17640,55
2026-03-27 14:06:00,17640,17690,17640,17690,960
2026-03-27 14:07:00,17700,17710,17700,17710,66
2026-03-27 14:08:00,17710,17730,17700,17730,149
2026-03-27 14:09:00,17730,17730,17730,17730,1
2026-03-27 14:10:00,17730,17730,17720,17720,50
2026-03-27 14:11:00,17700,17700,17700,17700,3
2026-03-27 14:12:00,17700,17700,17700,17700,56
2026-03-27 14:13:00,17700,17710,17700,17700,403
2026-03-27 14:14:00,17700,17700,17700,17700,17
2026-03-27 14:15:00,17700,17700,17700,17700,3
2026-03-27 14:16:00,17690,17690,17610,17610,263
2026-03-27 14:17:00,17610,17635,17610,17610,198
2026-03-27 14:18:00,17660,17690,17660,17690,77
2026-03-27 14:19:00,17690,17690,17690,17690,39
2026-03-27 14:20:00,17690,17690,17690,17690,3
2026-03-27 14:21:00,17620,17620,17610,17610,211
2026-03-27 14:22:00,17610,17660,17610,17660,201
2026-03-27 14:23:00,17660,17660,17660,17660,66
2026-03-27 14:24:00,17610,17610,17600,17600,52
2026-03-27 14:25:00,17560,17560,17560,17560,82
2026-03-27 14:26:00,17550,17680,17550,17680,110
2026-03-27 14:28:00,17650,17650,17650,17650,1
2026-03-27 14:29:00,17560,17620,17550,17550,94
2026-03-27 14:31:00,17560,17560,17560,17560,56
2026-03-27 14:32:00,17570,17570,17570,17570,53
2026-03-27 14:33:00,17570,17570,17570,17570,239
2026-03-27 14:34:00,17590,17590,17540,17540,633
2026-03-27 14:35:00,17540,17540,17540,17540,139
2026-03-27 14:36:00,17520,17540,17500,17500,444
2026-03-27 14:37:00,17500,17500,17500,17500,154
2026-03-27 14:38:00,17500,17540,17490,17540,815
2026-03-27 14:40:00,17500,17500,17500,17500,101
2026-03-27 14:41:00,17510,17510,17500,17500,55
2026-03-27 14:44:00,17500,17520,17220,17490,2450
2026-03-27 14:45:00,17490,17490,17480,17480,15
2026-03-27 14:46:00,17480,17480,17320,17320,104
2026-03-27 14:47:00,17320,17320,17310,17310,200
2026-03-27 14:48:00,17330,17470,17330,17470,27
2026-03-27 14:49:00,17460,17460,17400,17400,3
2026-03-27 14:50:00,17400,17400,17400,17400,1
2026-03-27 14:51:00,17410,17440,17410,17440,56
2026-03-27 14:52:00,17450,17460,17450,17460,89
2026-03-27 14:54:00,17460,17470,17455,17455,514
2026-03-27 14:55:00,17460,17460,17430,17430,75
2026-03-27 14:56:00,17430,17430,17430,17430,13
2026-03-27 14:58:00,17410,17410,17410,17410,386
2026-03-27 14:59:00,17415,17420,17400,17400,54
2026-03-27 15:00:00,17410,17410,17410,17410,1
2026-03-27 15:01:00,17400,17410,17400,17410,34
2026-03-27 15:02:00,17400,17410,17400,17410,220
2026-03-27 15:03:00,17410,17410,17400,17400,213
2026-03-27 15:04:00,17400,17400,17400,17400,3
2026-03-27 15:05:00,17400,17400,17400,17400,157
2026-03-27 15:06:00,17420,17420,17400,17420,92
2026-03-27 15:07:00,17400,17400,17400,17400,57
2026-03-27 15:08:00,17370,17400,17370,17370,128
2026-03-27 15:09:00,17370,17390,17370,17390,83
2026-03-27 15:10:00,17390,17390,17380,17380,57
2026-03-27 15:11:00,17390,17400,17380,17380,61
2026-03-27 15:12:00,17380,17380,17370,17370,84
2026-03-27 15:13:00,17370,17400,17370,17380,37
2026-03-27 15:14:00,17380,17400,17370,17370,145
2026-03-27 15:15:00,17370,17380,17360,17360,438
2026-03-27 15:16:00,17370,17370,17360,17370,172
2026-03-27 15:17:00,17370,17370,17360,17370,57
2026-03-27 15:18:00,17380,17410,17380,17400,145
2026-03-27 15:19:00,17410,17410,17380,17410,168
2026-03-27 15:30:00,17410,17410,17410,17410,1587
2026-03-27 15:35:00,17410,17410,17410,17410,20
2026-03-30 09:00:00,16510,16840,16510,16830,1618
2026-03-30 09:01:00,16830,16830,16600,16700,836
2026-03-30 09:02:00,16690,16690,16470,16480,1764
2026-03-30 09:03:00,16480,16510,16450,16490,898
2026-03-30 09:04:00,16500,16500,16460,16460,176
2026-03-30 09:05:00,16500,16670,16500,16650,976
2026-03-30 09:06:00,16670,16680,16600,16600,364
2026-03-30 09:07:00,16600,16600,16600,16600,494
2026-03-30 09:08:00,16665,16665,16630,16630,160
2026-03-30 09:09:00,16630,16690,16580,16580,1866
2026-03-30 09:10:00,16670,16670,16670,16670,106
2026-03-30 09:11:00,16600,16670,16600,16670,4
2026-03-30 09:12:00,16630,16670,16600,16670,481
2026-03-30 09:13:00,16670,16670,16630,16630,37
2026-03-30 09:14:00,16660,16670,16630,16630,321
2026-03-30 09:15:00,16620,16620,16600,16600,327
2026-03-30 09:16:00,16600,16600,16550,16570,972
2026-03-30 09:17:00,16550,16590,16520,16590,1197
2026-03-30 09:18:00,16590,16670,16590,16670,294
2026-03-30 09:19:00,16670,16690,16590,16690,945
2026-03-30 09:20:00,16650,17000,16650,17000,1653
2026-03-30 09:21:00,16930,16930,16810,16920,259
2026-03-30 09:22:00,16800,16860,16760,16860,204
2026-03-30 09:23:00,16800,16800,16600,16700,286
2026-03-30 09:24:00,16780,16790,16700,16790,224
2026-03-30 09:25:00,16800,16800,16800,16800,55
2026-03-30 09:26:00,16800,16800,16800,16800,145
2026-03-30 09:27:00,16870,16910,16870,16910,265
2026-03-30 09:28:00,16910,16910,16860,16860,12
2026-03-30 09:29:00,16830,16830,16760,16760,204
2026-03-30 09:30:00,16760,16760,16760,16760,330
2026-03-30 09:31:00,16860,16860,16750,16750,41
2026-03-30 09:32:00,16780,16780,16780,16780,5
2026-03-30 09:33:00,16800,16810,16780,16790,408
2026-03-30 09:34:00,16810,16810,16750,16750,210
2026-03-30 09:35:00,16750,16750,16750,16750,299
2026-03-30 09:36:00,16760,16760,16760,16760,7
2026-03-30 09:37:00,16750,16750,16720,16720,93
2026-03-30 09:38:00,16720,16720,16720,16720,111
2026-03-30 09:39:00,16720,16720,16720,16720,473
2026-03-30 09:40:00,16730,16730,16720,16720,167
2026-03-30 09:41:00,16720,16720,16700,16720,327
2026-03-30 09:42:00,16700,16730,16700,16730,989
2026-03-30 09:43:00,16870,16870,16720,16720,50
2026-03-30 09:44:00,16740,16740,16720,16720,1000
2026-03-30 09:45:00,16730,16730,16730,16730,80
2026-03-30 09:46:00,16860,16860,16720,16730,224
2026-03-30 09:47:00,16730,16730,16700,16700,1405
2026-03-30 09:48:00,16690,16690,16690,16690,200
2026-03-30 09:49:00,16700,16700,16690,16690,145
2026-03-30 09:52:00,16690,16690,16680,16680,130
2026-03-30 09:53:00,16670,16680,16670,16680,277
2026-03-30 09:54:00,16730,16730,16650,16650,71
2026-03-30 09:55:00,16650,16650,16600,16600,3794
2026-03-30 09:56:00,16680,16680,16600,16620,207
2026-03-30 09:57:00,16620,16620,16620,16620,100
2026-03-30 09:58:00,16610,16610,16610,16610,450
2026-03-30 10:00:00,16660,16700,16620,16620,254
2026-03-30 10:01:00,16650,16650,16650,16650,100
2026-03-30 10:03:00,16670,16670,16650,16650,490
2026-03-30 10:04:00,16650,16750,16650,16750,150
2026-03-30 10:05:00,16750,16750,16750,16750,1
2026-03-30 10:06:00,16750,16750,16750,16750,1
2026-03-30 10:07:00,16730,16730,16660,16660,23
2026-03-30 10:08:00,16720,16720,16660,16660,201
2026-03-30 10:09:00,16720,16720,16720,16720,1
2026-03-30 10:11:00,16670,16670,16660,16660,16
2026-03-30 10:12:00,16660,16660,16660,16660,1003
2026-03-30 10:13:00,16720,16720,16720,16720,1
2026-03-30 10:14:00,16720,16720,16640,16640,537
2026-03-30 10:15:00,16640,16640,16620,16620,99
2026-03-30 10:16:00,16630,16630,16610,16610,122
2026-03-30 10:17:00,16620,16620,16620,16620,2
2026-03-30 10:18:00,16620,16620,16590,16600,974
2026-03-30 10:19:00,16600,16600,16580,16580,532
2026-03-30 10:20:00,16600,16600,16600,16600,6
2026-03-30 10:21:00,16600,16600,16590,16590,65
2026-03-30 10:22:00,16590,16590,16590,16590,130
2026-03-30 10:23:00,16580,16590,16550,16590,300
2026-03-30 10:24:00,16550,16550,16530,16550,135
2026-03-30 10:25:00,16570,16570,16570,16570,82
2026-03-30 10:27:00,16535,16550,16510,16550,595
2026-03-30 10:28:00,16540,16540,16540,16540,1
2026-03-30 10:29:00,16500,16570,16500,16570,153
2026-03-30 10:30:00,16570,16570,16550,16550,33
2026-03-30 10:32:00,16540,16540,16540,16540,15
2026-03-30 10:33:00,16590,16590,16590,16590,21
2026-03-30 10:34:00,16600,16730,16600,16700,281
2026-03-30 10:35:00,16700,16800,16700,16800,794
2026-03-30 10:36:00,16750,16780,16750,16780,6
2026-03-30 10:37:00,16780,16780,16780,16780,30
2026-03-30 10:38:00,16700,16770,16700,16770,2
2026-03-30 10:41:00,16770,16770,16770,16770,7
2026-03-30 10:42:00,16750,16750,16750,16750,30
2026-03-30 10:44:00,16750,16750,16750,16750,8
2026-03-30 10:45:00,16760,16780,16750,16780,245
2026-03-30 10:46:00,16780,16780,16780,16780,11
2026-03-30 10:47:00,16780,16790,16780,16790,51
2026-03-30 10:48:00,16800,16800,16800,16800,56
2026-03-30 10:50:00,16790,16790,16790,16790,10
2026-03-30 10:51:00,16760,16790,16720,16790,289
2026-03-30 10:52:00,16790,16790,16790,16790,51
2026-03-30 10:53:00,16790,16790,16790,16790,3
2026-03-30 10:54:00,16720,16720,16710,16710,212
2026-03-30 10:55:00,16710,16780,16710,16780,97
2026-03-30 10:59:00,16780,16780,16780,16780,24
2026-03-30 11:00:00,16760,16760,16760,16760,2
2026-03-30 11:01:00,16750,16750,16730,16730,15
2026-03-30 11:02:00,16730,16730,16720,16720,10
2026-03-30 11:03:00,16710,16710,16680,16680,462
2026-03-30 11:04:00,16680,16700,16670,16690,144
2026-03-30 11:05:00,16700,16700,16700,16700,80
2026-03-30 11:07:00,16740,16740,16740,16740,4
2026-03-30 11:10:00,16690,16690,16680,16680,30
2026-03-30 11:12:00,16690,16700,16680,16680,6
2026-03-30 11:14:00,16690,16690,16670,16670,30
2026-03-30 11:15:00,16670,16700,16670,16700,47
2026-03-30 11:16:00,16700,16720,16660,16660,965
2026-03-30 11:20:00,16670,16670,16620,16620,757
2026-03-30 11:21:00,16660,16660,16620,16620,61
2026-03-30 11:22:00,16650,16650,16650,16650,1
2026-03-30 11:23:00,16660,16660,16660,16660,2
2026-03-30 11:25:00,16700,16700,16670,16670,3
2026-03-30 11:26:00,16660,16660,16660,16660,98
2026-03-30 11:27:00,16660,16660,16660,16660,10
2026-03-30 11:28:00,16650,16660,16630,16630,200
2026-03-30 11:29:00,16620,16620,16620,16620,90
2026-03-30 11:31:00,16620,16620,16620,16620,10
2026-03-30 11:32:00,16620,16620,16620,16620,152
2026-03-30 11:33:00,16620,16620,16600,16600,363
2026-03-30 11:34:00,16590,16590,16590,16590,1
2026-03-30 11:37:00,16590,16590,16590,16590,80
2026-03-30 11:39:00,16650,16650,16650,16650,1
2026-03-30 11:40:00,16650,16650,16550,16650,383
2026-03-30 11:41:00,16560,16560,16560,16560,1
2026-03-30 11:42:00,16570,16570,16550,16550,125
2026-03-30 11:43:00,16650,16660,16650,16650,86
2026-03-30 11:44:00,16570,16570,16570,16570,1
2026-03-30 11:46:00,16580,16690,16580,16580,267
2026-03-30 11:47:00,16580,16580,16580,16580,60
2026-03-30 11:48:00,16690,16690,16690,16690,2
2026-03-30 11:49:00,16600,16690,16600,16690,164
2026-03-30 11:51:00,16690,16690,16690,16690,50
2026-03-30 11:52:00,16695,16700,16690,16700,52
2026-03-30 11:54:00,16700,16730,16700,16700,54
2026-03-30 11:56:00,16690,16690,16690,16690,1
2026-03-30 11:58:00,16690,16690,16690,16690,58
2026-03-30 12:01:00,16680,16680,16680,16680,1
2026-03-30 12:03:00,16680,16680,16680,16680,1
2026-03-30 12:04:00,16680,16680,16670,16670,20
2026-03-30 12:05:00,16690,16730,16690,16730,389
2026-03-30 12:06:00,16740,16740,16740,16740,100
2026-03-30 12:07:00,16760,16840,16760,16840,190
2026-03-30 12:08:00,16830,16830,16830,16830,1
2026-03-30 12:09:00,16770,16770,16770,16770,46
2026-03-30 12:10:00,16760,16810,16760,16810,185
2026-03-30 12:11:00,16800,16800,16800,16800,156
2026-03-30 12:12:00,16830,16830,16830,16830,171
2026-03-30 12:13:00,16830,16840,16830,16840,89
2026-03-30 12:14:00,16840,16840,16770,16770,123
2026-03-30 12:18:00,16820,16820,16820,16820,47
2026-03-30 12:20:00,16840,16840,16840,16840,5
2026-03-30 12:21:00,16840,16840,16830,16830,3
2026-03-30 12:23:00,16850,16880,16850,16880,63
2026-03-30 12:24:00,16880,16880,16850,16850,436
2026-03-30 12:25:00,16880,16880,16880,16880,75
2026-03-30 12:26:00,16890,16890,16890,16890,40
2026-03-30 12:28:00,16890,16890,16890,16890,1
2026-03-30 12:30:00,16880,16880,16880,16880,18
2026-03-30 12:31:00,16870,16880,16850,16850,272
2026-03-30 12:37:00,16850,16850,16800,16800,83
2026-03-30 12:38:00,16800,16800,16800,16800,2
2026-03-30 12:39:00,16800,16800,16800,16800,20
2026-03-30 12:41:00,16810,16810,16800,16800,73
2026-03-30 12:43:00,16850,16900,16850,16900,1210
2026-03-30 12:48:00,16900,16900,16900,16900,3
2026-03-30 12:49:00,16890,16890,16890,16890,10
2026-03-30 12:50:00,16890,16890,16890,16890,32
2026-03-30 12:52:00,16880,16880,16870,16870,23
2026-03-30 12:53:00,16860,16860,16860,16860,93
2026-03-30 12:54:00,16860,16860,16850,16850,41
2026-03-30 12:55:00,16850,16850,16850,16850,500
2026-03-30 12:56:00,16810,16860,16810,16860,2
2026-03-30 12:57:00,16860,16860,16860,16860,6
2026-03-30 13:00:00,16860,16860,16860,16860,1
2026-03-30 13:03:00,16860,16860,16800,16810,191
2026-03-30 13:04:00,16800,16850,16790,16850,215
2026-03-30 13:06:00,16850,16850,16850,16850,10
2026-03-30 13:09:00,16860,16860,16860,16860,22
2026-03-30 13:10:00,16860,16860,16850,16850,207
2026-03-30 13:13:00,16850,16850,16850,16850,20
2026-03-30 13:14:00,16850,16850,16850,16850,10
2026-03-30 13:18:00,16850,16850,16850,16850,200
2026-03-30 13:21:00,16800,16800,16780,16780,267
2026-03-30 13:23:00,16830,16830,16830,16830,2
2026-03-30 13:25:00,16830,16830,16830,16830,20
2026-03-30 13:27:00,16830,16830,16830,16830,10
2026-03-30 13:29:00,16820,16820,16820,16820,1
2026-03-30 13:31:00,16820,16820,16820,16820,1
2026-03-30 13:33:00,16820,16820,16780,16780,231
2026-03-30 13:34:00,16820,16820,16820,16820,286
2026-03-30 13:36:00,16830,16830,16790,16790,400
2026-03-30 13:37:00,16780,16780,16780,16780,191
2026-03-30 13:38:00,16790,16790,16790,16790,1639
2026-03-30 13:39:00,16840,16850,16840,16850,159
2026-03-30 13:43:00,16850,16850,16850,16850,115
2026-03-30 13:44:00,16850,16850,16850,16850,6
2026-03-30 13:45:00,16840,16840,16790,16790,70
2026-03-30 13:47:00,16790,16790,16790,16790,419
2026-03-30 13:49:00,16790,16790,16790,16790,10
2026-03-30 13:52:00,16790,16790,16770,16770,109
2026-03-30 13:54:00,16770,16770,16760,16760,50
2026-03-30 13:55:00,16760,16760,16760,16760,66
2026-03-30 13:56:00,16760,16760,16760,16760,246
2026-03-30 13:57:00,16750,16750,16750,16750,94
2026-03-30 14:00:00,16710,16710,16710,16710,38
2026-03-30 14:01:00,16720,16720,16700,16700,200
2026-03-30 14:02:00,16740,16740,16740,16740,10
2026-03-30 14:03:00,16700,16730,16650,16730,525
2026-03-30 14:04:00,16650,16650,16650,16650,17
2026-03-30 14:08:00,16730,16730,16730,16730,81
2026-03-30 14:09:00,16670,16740,16670,16740,391
2026-03-30 14:11:00,16740,16740,16740,16740,16
2026-03-30 14:12:00,16740,16740,16740,16740,5
2026-03-30 14:13:00,16740,16740,16660,16660,70
2026-03-30 14:14:00,16660,16660,16660,16660,3
2026-03-30 14:15:00,16740,16740,16740,16740,94
2026-03-30 14:18:00,16740,16740,16740,16740,2
2026-03-30 14:21:00,16750,16750,16750,16750,2
2026-03-30 14:23:00,16750,16750,16700,16700,25
2026-03-30 14:26:00,16750,16750,16750,16750,2
2026-03-30 14:27:00,16750,16750,16750,16750,468
2026-03-30 14:30:00,16750,16750,16750,16750,15
2026-03-30 14:31:00,16760,16760,16760,16760,2
2026-03-30 14:33:00,16750,16780,16750,16780,1642
2026-03-30 14:34:00,16790,16790,16790,16790,198
2026-03-30 14:35:00,16800,16800,16800,16800,2
2026-03-30 14:36:00,16800,16800,16800,16800,10
2026-03-30 14:38:00,16800,16850,16800,16850,167
2026-03-30 14:39:00,16850,16850,16850,16850,14
2026-03-30 14:41:00,16840,16840,16840,16840,33
2026-03-30 14:42:00,16850,16850,16850,16850,17
2026-03-30 14:43:00,16840,16840,16800,16800,26
2026-03-30 14:46:00,16800,16800,16800,16800,349
2026-03-30 14:47:00,16800,16800,16800,16800,4
2026-03-30 14:48:00,16800,16800,16800,16800,24
2026-03-30 14:50:00,16830,16830,16800,16830,252
2026-03-30 14:52:00,16830,16830,16830,16830,17
2026-03-30 14:54:00,16820,16820,16790,16790,70
2026-03-30 14:56:00,16820,16860,16800,16860,462
2026-03-30 14:57:00,16860,16860,16750,16750,45
2026-03-30 14:58:00,16750,16750,16740,16740,169
2026-03-30 14:59:00,16740,16740,16740,16740,5
2026-03-30 15:01:00,16800,16800,16730,16730,209
2026-03-30 15:02:00,16730,16810,16730,16730,273
2026-03-30 15:03:00,16730,16730,16730,16730,500
2026-03-30 15:05:00,16730,16730,16730,16730,85
2026-03-30 15:06:00,16740,16740,16730,16730,100
2026-03-30 15:08:00,16730,16730,16730,16730,10
2026-03-30 15:10:00,16730,16730,16730,16730,9
2026-03-30 15:11:00,16730,16730,16720,16730,86
2026-03-30 15:12:00,16730,16730,16710,16730,292
2026-03-30 15:13:00,16770,16770,16770,16770,1
2026-03-30 15:14:00,16740,16740,16700,16700,121
2026-03-30 15:15:00,16770,16770,16660,16660,300
2026-03-30 15:16:00,16670,16670,16650,16660,351
2026-03-30 15:17:00,16670,16670,16660,16660,500
2026-03-30 15:18:00,16730,16730,16650,16650,165
2026-03-30 15:19:00,16730,16730,16650,16730,100
2026-03-30 15:30:00,16720,16720,16720,16720,729
2026-03-30 15:35:00,16720,16720,16720,16720,11
2026-03-31 09:00:00,16680,16680,16510,16510,3544
2026-03-31 09:01:00,16510,16510,16130,16470,605
2026-03-31 09:02:00,16420,16460,16420,16460,240
2026-03-31 09:03:00,16440,16440,16270,16270,327
2026-03-31 09:04:00,16260,16300,16250,16250,685
2026-03-31 09:05:00,16250,16260,16200,16200,356
2026-03-31 09:06:00,16200,16200,16150,16150,146
2026-03-31 09:07:00,16150,16200,16110,16120,1450
2026-03-31 09:08:00,16120,16120,16100,16120,844
2026-03-31 09:09:00,16120,16120,16100,16100,2323
2026-03-31 09:10:00,16120,16120,16100,16120,185
2026-03-31 09:11:00,16120,16120,16090,16090,395
2026-03-31 09:12:00,16090,16110,16080,16110,889
2026-03-31 09:13:00,16090,16180,16090,16180,709
2026-03-31 09:14:00,16140,16180,16110,16110,726
2026-03-31 09:15:00,16110,16110,16010,16100,1647
2026-03-31 09:16:00,16100,16100,16050,16060,130
2026-03-31 09:17:00,16050,16050,16020,16050,58
2026-03-31 09:18:00,16020,16020,16010,16010,674
2026-03-31 09:19:00,16010,16100,16010,16040,912
2026-03-31 09:20:00,16050,16050,16010,16010,1107
2026-03-31 09:21:00,16040,16100,16000,16090,319
2026-03-31 09:22:00,16010,16090,15970,16000,3330
2026-03-31 09:23:00,16000,16050,16000,16040,104
2026-03-31 09:24:00,16000,16000,15990,15990,191
2026-03-31 09:25:00,16000,16000,16000,16000,2
2026-03-31 09:26:00,16000,16030,16000,16030,331
2026-03-31 09:27:00,16030,16050,16030,16050,340
2026-03-31 09:28:00,16050,16050,16030,16040,132
2026-03-31 09:29:00,16040,16070,16020,16060,339
2026-03-31 09:30:00,16060,16140,16060,16140,415
2026-03-31 09:31:00,16090,16100,16070,16070,7
2026-03-31 09:32:00,16060,16060,16010,16010,355
2026-03-31 09:33:00,16010,16060,16000,16000,174
2026-03-31 09:34:00,16010,16010,16000,16000,80
2026-03-31 09:35:00,16010,16010,16010,16010,106
2026-03-31 09:36:00,16010,16020,16010,16020,58
2026-03-31 09:37:00,16010,16010,16000,16010,49
2026-03-31 09:38:00,16020,16020,16020,16020,5
2026-03-31 09:39:00,16040,16050,16040,16050,53
2026-03-31 09:40:00,16050,16070,16040,16040,68
2026-03-31 09:41:00,16040,16040,16000,16000,64
2026-03-31 09:42:00,16010,16010,15970,15980,1121
2026-03-31 09:43:00,15960,16020,15950,16020,1585
2026-03-31 09:44:00,16030,16100,16030,16100,1073
2026-03-31 09:45:00,16060,16160,16060,16160,367
2026-03-31 09:46:00,16160,16190,16090,16160,61
2026-03-31 09:47:00,16170,16260,16170,16260,2499
2026-03-31 09:48:00,16260,16280,16240,16240,80
2026-03-31 09:49:00,16300,16300,16240,16290,78
2026-03-31 09:50:00,16290,16300,16280,16300,100
2026-03-31 09:51:00,16250,16300,16230,16240,640
2026-03-31 09:52:00,16200,16240,16190,16190,85
2026-03-31 09:53:00,16150,16150,16150,16150,25
2026-03-31 09:54:00,16210,16290,16210,16290,59
2026-03-31 09:55:00,16220,16220,16220,16220,4
2026-03-31 09:56:00,16280,16280,16220,16220,275
2026-03-31 09:57:00,16210,16220,16210,16210,128
2026-03-31 09:58:00,16210,16220,16210,16220,836
2026-03-31 10:00:00,16220,16220,16170,16180,294
2026-03-31 10:01:00,16210,16220,16190,16220,47
2026-03-31 10:02:00,16280,16280,16280,16280,2
2026-03-31 10:03:00,16230,16230,16190,16220,29
2026-03-31 10:04:00,16200,16220,16170,16170,162
2026-03-31 10:05:00,16170,16170,16160,16170,131
2026-03-31 10:06:00,16170,16170,16130,16130,813
2026-03-31 10:07:00,16130,16130,16120,16120,53
2026-03-31 10:08:00,16120,16120,16110,16110,297
2026-03-31 10:09:00,16130,16130,16130,16130,1
2026-03-31 10:11:00,16120,16120,16110,16120,148
2026-03-31 10:13:00,16120,16120,16120,16120,2
2026-03-31 10:14:00,16120,16120,16120,16120,1
2026-03-31 10:15:00,16130,16140,16130,16140,57
2026-03-31 10:16:00,16180,16180,16180,16180,16
2026-03-31 10:17:00,16200,16200,16200,16200,1
2026-03-31 10:18:00,16200,16200,16170,16170,58
2026-03-31 10:19:00,16170,16170,16130,16130,33
2026-03-31 10:20:00,16130,16180,16130,16180,38
2026-03-31 10:21:00,16180,16190,16180,16190,253
2026-03-31 10:22:00,16200,16200,16200,16200,6
2026-03-31 10:23:00,16210,16230,16210,16230,44
2026-03-31 10:24:00,16230,16230,16190,16190,12
2026-03-31 10:25:00,16200,16210,16200,16200,21
2026-03-31 10:26:00,16200,16230,16200,16230,99
2026-03-31 10:27:00,16240,16240,16240,16240,1
2026-03-31 10:29:00,16240,16240,16240,16240,1
2026-03-31 10:31:00,16240,16240,16240,16240,64
2026-03-31 10:32:00,16240,16300,16240,16300,595
2026-03-31 10:33:00,16300,16300,16290,16290,2
2026-03-31 10:34:00,16310,16330,16310,16330,183
2026-03-31 10:35:00,16330,16330,16330,16330,68
2026-03-31 10:37:00,16330,16380,16330,16350,603
2026-03-31 10:38:00,16330,16330,16330,16330,100
2026-03-31 10:39:00,16340,16440,16330,16440,5178
2026-03-31 10:40:00,16440,16450,16440,16450,8
2026-03-31 10:41:00,16450,16460,16450,16460,106
2026-03-31 10:42:00,16460,16460,16460,16460,2
2026-03-31 10:43:00,16460,16470,16320,16320,613
2026-03-31 10:44:00,16480,16530,16440,16440,222
2026-03-31 10:46:00,16520,16540,16520,16530,100
2026-03-31 10:47:00,16530,16530,16520,16520,3
2026-03-31 10:48:00,16520,16520,16500,16500,7
2026-03-31 10:49:00,16510,16510,16510,16510,2
2026-03-31 10:50:00,16500,16500,16500,16500,6
2026-03-31 10:51:00,16500,16530,16500,16530,408
2026-03-31 10:52:00,16540,16550,16540,16550,47
2026-03-31 10:53:00,16560,16610,16560,16610,74
2026-03-31 10:54:00,16620,16640,16600,16600,101
2026-03-31 10:55:00,16640,16640,16610,16610,260
2026-03-31 10:57:00,16640,16640,16600,16600,130
2026-03-31 10:59:00,16600,16600,16600,16600,1
2026-03-31 11:01:00,16560,16560,16510,16510,31
2026-03-31 11:02:00,16500,16500,16480,16480,95
2026-03-31 11:03:00,16480,16480,16480,16480,32
2026-03-31 11:04:00,16480,16480,16480,16480,8
2026-03-31 11:06:00,16480,16500,16480,16500,123
2026-03-31 11:10:00,16500,16500,16500,16500,1
2026-03-31 11:11:00,16500,16500,16500,16500,1
2026-03-31 11:12:00,16500,16500,16500,16500,7
2026-03-31 11:13:00,16490,16500,16490,16500,302
2026-03-31 11:14:00,16490,16490,16440,16440,123
2026-03-31 11:15:00,16500,16500,16500,16500,2
2026-03-31 11:18:00,16500,16500,16500,16500,1
2026-03-31 11:20:00,16460,16460,16440,16440,127
2026-03-31 11:21:00,16440,16440,16430,16430,270
2026-03-31 11:22:00,16440,16500,16440,16500,9
2026-03-31 11:24:00,16470,16470,16440,16440,3
2026-03-31 11:27:00,16440,16440,16430,16430,66
2026-03-31 11:29:00,16420,16420,16360,16360,433
2026-03-31 11:30:00,16360,16370,16360,16370,6
2026-03-31 11:31:00,16360,16360,16360,16360,100
2026-03-31 11:32:00,16360,16360,16360,16360,10
2026-03-31 11:33:00,16370,16380,16370,16380,8
2026-03-31 11:35:00,16360,16360,16350,16350,41
2026-03-31 11:36:00,16360,16380,16360,16380,16
2026-03-31 11:38:00,16390,16400,16390,16400,3
2026-03-31 11:39:00,16400,16400,16400,16400,100
2026-03-31 11:40:00,16390,16390,16380,16380,7
2026-03-31 11:41:00,16380,16380,16370,16370,13
2026-03-31 11:42:00,16350,16350,16350,16350,71
2026-03-31 11:44:00,16340,16340,16320,16320,126
2026-03-31 11:47:00,16320,16320,16320,16320,50
2026-03-31 11:50:00,16320,16320,16300,16300,1400
2026-03-31 11:51:00,16320,16380,16320,16380,18
2026-03-31 11:53:00,16380,16390,16380,16390,20
2026-03-31 11:54:00,16380,16390,16380,16390,8
2026-03-31 11:56:00,16390,16390,16390,16390,3
2026-03-31 11:57:00,16400,16400,16400,16400,5
2026-03-31 11:58:00,16400,16400,16400,16400,5
2026-03-31 11:59:00,16390,16390,16390,16390,13
2026-03-31 12:00:00,16380,16380,16320,16320,151
2026-03-31 12:03:00,16370,16370,16370,16370,8
2026-03-31 12:04:00,16370,16370,16370,16370,3
2026-03-31 12:06:00,16380,16530,16380,16530,245
2026-03-31 12:08:00,16450,16450,16450,16450,4
2026-03-31 12:12:00,16450,16450,16450,16450,3
2026-03-31 12:13:00,16470,16470,16450,16450,23
2026-03-31 12:14:00,16460,16460,16450,16450,19
2026-03-31 12:15:00,16450,16450,16450,16450,2
2026-03-31 12:16:00,16450,16450,16440,16440,80
2026-03-31 12:17:00,16410,16410,16410,16410,1
2026-03-31 12:18:00,16430,16430,16410,16410,307
2026-03-31 12:21:00,16410,16410,16390,16390,317
2026-03-31 12:22:00,16390,16390,16380,16380,7
2026-03-31 12:23:00,16380,16380,16380,16380,310
2026-03-31 12:24:00,16380,16380,16380,16380,10
2026-03-31 12:27:00,16370,16370,16360,16360,6
2026-03-31 12:28:00,16360,16360,16360,16360,2
2026-03-31 12:29:00,16360,16360,16360,16360,20
2026-03-31 12:30:00,16360,16360,16340,16350,94
2026-03-31 12:31:00,16350,16350,16320,16320,176
2026-03-31 12:33:00,16310,16530,16290,16530,938
2026-03-31 12:35:00,16290,16290,16280,16280,41
2026-03-31 12:36:00,16280,16280,16280,16280,24
2026-03-31 12:38:00,16290,16390,16290,16390,9
2026-03-31 12:40:00,16280,16280,16270,16270,23
2026-03-31 12:42:00,16270,16270,16270,16270,1
2026-03-31 12:43:00,16260,16260,16260,16260,9
2026-03-31 12:44:00,16260,16310,16260,16260,7
2026-03-31 12:45:00,16270,16270,16270,16270,1
2026-03-31 12:46:00,16270,16270,16270,16270,3
2026-03-31 12:47:00,16280,16280,16230,16230,442
2026-03-31 12:48:00,16230,16230,16230,16230,23
2026-03-31 12:49:00,16230,16230,16210,16210,79
2026-03-31 12:50:00,16240,16250,16220,16220,21
2026-03-31 12:51:00,16220,16220,16210,16210,16
2026-03-31 12:52:00,16210,16210,16210,16210,3
2026-03-31 12:54:00,16210,16210,16210,16210,3
2026-03-31 12:55:00,16210,16210,16210,16210,12
2026-03-31 12:56:00,16210,16210,16200,16200,235
2026-03-31 12:57:00,16200,16200,16170,16170,15
2026-03-31 12:58:00,16170,16200,16170,16200,13
2026-03-31 12:59:00,16180,16180,16170,16170,28
2026-03-31 13:00:00,16170,16180,16170,16170,53
2026-03-31 13:01:00,16180,16180,16180,16180,3
2026-03-31 13:03:00,16180,16180,16100,16100,820
2026-03-31 13:04:00,16120,16130,16120,16130,281
2026-03-31 13:05:00,16110,16110,16110,16110,189
2026-03-31 13:07:00,16110,16110,16110,16110,3
2026-03-31 13:08:00,16110,16200,16110,16200,24
2026-03-31 13:10:00,16200,16200,16200,16200,1
2026-03-31 13:11:00,16190,16200,16190,16200,45
2026-03-31 13:12:00,16140,16140,16130,16140,6
2026-03-31 13:13:00,16140,16140,16130,16130,36
2026-03-31 13:14:00,16130,16130,16130,16130,59
2026-03-31 13:15:00,16130,16130,16080,16080,1713
2026-03-31 13:16:00,16080,16080,16080,16080,33
2026-03-31 13:17:00,16080,16080,16080,16080,75
2026-03-31 13:18:00,16090,16130,16090,16130,43
2026-03-31 13:19:00,16140,16150,16140,16140,197
2026-03-31 13:20:00,16130,16200,16130,16200,240
2026-03-31 13:21:00,16150,16150,16140,16140,327
2026-03-31 13:22:00,16140,16140,16140,16140,11
2026-03-31 13:23:00,16140,16140,16140,16140,1
2026-03-31 13:25:00,16140,16140,16140,16140,10
2026-03-31 13:26:00,16130,16140,16120,16140,74
2026-03-31 13:27:00,16110,16110,16070,16070,26
2026-03-31 13:28:00,16090,16090,16090,16090,591
2026-03-31 13:30:00,16120,16120,16120,16120,2
2026-03-31 13:31:00,16120,16120,16120,16120,3
2026-03-31 13:33:00,16120,16130,16120,16130,5
2026-03-31 13:34:00,16130,16130,16130,16130,4
2026-03-31 13:35:00,16130,16130,16100,16100,4
2026-03-31 13:36:00,16100,16110,16100,16110,3
2026-03-31 13:37:00,16110,16110,16110,16110,3
2026-03-31 13:39:00,16110,16110,16110,16110,67
2026-03-31 13:40:00,16100,16100,16100,16100,2
2026-03-31 13:41:00,16100,16100,16070,16070,100
2026-03-31 13:42:00,16070,16070,16070,16070,23
2026-03-31 13:43:00,16060,16060,16000,16000,5023
2026-03-31 13:44:00,16050,16070,16000,16000,60
2026-03-31 13:45:00,16000,16020,16000,16020,38
2026-03-31 13:46:00,16040,16040,16040,16040,3
2026-03-31 13:47:00,16030,16030,16010,16010,122
2026-03-31 13:48:00,16010,16010,16010,16010,1
2026-03-31 13:49:00,16020,16020,16000,16000,267
2026-03-31 13:51:00,16000,16000,16000,16000,20
2026-03-31 13:52:00,16000,16000,16000,16000,311
2026-03-31 13:53:00,16000,16000,15970,15970,89
2026-03-31 13:54:00,15970,15970,15960,15960,33
2026-03-31 13:55:00,15980,15980,15970,15970,2
2026-03-31 13:56:00,15980,15980,15950,15950,1207
2026-03-31 13:57:00,15960,15960,15960,15960,4
2026-03-31 13:58:00,15960,15960,15960,15960,23
2026-03-31 13:59:00,15970,15990,15960,15960,125
2026-03-31 14:00:00,15970,15970,15970,15970,27
2026-03-31 14:01:00,16000,16010,16000,16010,8
2026-03-31 14:02:00,16010,16010,15970,16010,63
2026-03-31 14:05:00,15980,15980,15970,15980,8
2026-03-31 14:06:00,15980,15980,15960,15960,71
2026-03-31 14:07:00,15960,15960,15960,15960,371
2026-03-31 14:08:00,15960,15960,15960,15960,3
2026-03-31 14:09:00,15960,15970,15960,15970,30
2026-03-31 14:10:00,15960,15970,15960,15960,823
2026-03-31 14:12:00,15970,15970,15970,15970,6
2026-03-31 14:13:00,15960,15960,15930,15930,1248
2026-03-31 14:14:00,15930,15930,15890,15900,1233
2026-03-31 14:15:00,15880,15880,15840,15840,1122
2026-03-31 14:16:00,15840,15840,15810,15820,237
2026-03-31 14:18:00,15850,15850,15800,15800,396
2026-03-31 14:19:00,15830,15830,15830,15830,4
2026-03-31 14:20:00,15840,15850,15830,15850,93
2026-03-31 14:22:00,15880,15900,15850,15900,18
2026-03-31 14:23:00,15900,15900,15900,15900,230
2026-03-31 14:24:00,15910,15910,15910,15910,4
2026-03-31 14:25:00,15930,15970,15930,15970,730
2026-03-31 14:26:00,15970,15990,15970,15990,151
2026-03-31 14:27:00,15970,15980,15910,15980,60
2026-03-31 14:28:00,15990,15990,15990,15990,13
2026-03-31 14:29:00,16020,16020,16020,16020,10
2026-03-31 14:31:00,16020,16020,15990,15990,71
2026-03-31 14:32:00,15990,15990,15990,15990,2
2026-03-31 14:33:00,15990,15990,15960,15960,4
2026-03-31 14:34:00,15950,15960,15950,15960,553
2026-03-31 14:35:00,15950,15950,15950,15950,1
2026-03-31 14:36:00,15960,15960,15960,15960,76
2026-03-31 14:37:00,15960,15960,15960,15960,1
2026-03-31 14:38:00,15970,15970,15960,15960,43
2026-03-31 14:40:00,15950,15950,15950,15950,111
2026-03-31 14:41:00,15960,15960,15960,15960,50
2026-03-31 14:42:00,15950,15960,15920,15920,38
2026-03-31 14:44:00,15920,15950,15910,15910,135
2026-03-31 14:46:00,15910,15910,15910,15910,3
2026-03-31 14:47:00,15930,15930,15930,15930,14
2026-03-31 14:48:00,15930,15940,15930,15940,17
2026-03-31 14:49:00,15945,15950,15940,15950,211
2026-03-31 14:50:00,15960,15990,15960,15990,590
2026-03-31 14:51:00,15990,15990,15990,15990,87
2026-03-31 14:52:00,16000,16000,15990,16000,58
2026-03-31 14:53:00,16000,16000,16000,16000,14
2026-03-31 14:54:00,16000,16000,15980,15980,114
2026-03-31 14:55:00,15980,15980,15920,15920,102
2026-03-31 14:57:00,15920,15920,15920,15920,501
2026-03-31 14:58:00,15920,15920,15920,15920,202
2026-03-31 14:59:00,15920,15920,15910,15910,59
2026-03-31 15:00:00,15910,15910,15890,15890,512
2026-03-31 15:01:00,15880,15880,15790,15790,2284
2026-03-31 15:02:00,15800,15890,15750,15880,549
2026-03-31 15:03:00,15880,15880,15770,15770,515
2026-03-31 15:04:00,15800,15800,15750,15750,466
2026-03-31 15:05:00,15750,15770,15750,15770,64
2026-03-31 15:06:00,15760,15760,15760,15760,42
2026-03-31 15:07:00,15760,15760,15750,15750,783
2026-03-31 15:08:00,15750,15750,15750,15750,220
2026-03-31 15:09:00,15750,15760,15740,15750,121
2026-03-31 15:10:00,15740,15740,15720,15720,215
2026-03-31 15:11:00,15730,15750,15730,15730,123
2026-03-31 15:12:00,15730,15750,15730,15750,462
2026-03-31 15:13:00,15750,15750,15730,15740,616
2026-03-31 15:14:00,15750,15750,15730,15730,1266
2026-03-31 15:15:00,15720,15730,15700,15700,827
2026-03-31 15:16:00,15690,15690,15680,15680,266
2026-03-31 15:17:00,15690,15730,15690,15730,271
2026-03-31 15:18:00,15740,15860,15740,15860,207
2026-03-31 15:19:00,15840,15860,15750,15760,273
2026-03-31 15:30:00,15760,15760,15760,15760,1264
2026-03-31 15:35:00,15760,15760,15760,15760,458
2026-04-01 09:00:00,16420,16740,16400,16740,2007
2026-04-01 09:01:00,16730,16760,16670,16710,3365
2026-04-01 09:02:00,16720,16720,16570,16650,1766
2026-04-01 09:03:00,16640,16650,16500,16500,433
2026-04-01 09:04:00,16510,16610,16510,16550,454
2026-04-01 09:05:00,16550,16620,16550,16620,420
2026-04-01 09:06:00,16620,16620,16600,16620,218
2026-04-01 09:07:00,16630,16830,16630,16800,8400
2026-04-01 09:08:00,16800,16800,16760,16800,1150
2026-04-01 09:09:00,16800,16800,16760,16760,1086
2026-04-01 09:10:00,16760,16870,16760,16850,2456
2026-04-01 09:11:00,16810,16850,16780,16780,643
2026-04-01 09:12:00,16780,16890,16770,16890,1350
2026-04-01 09:13:00,16890,16920,16800,16810,195
2026-04-01 09:14:00,16820,16920,16810,16900,330
2026-04-01 09:15:00,16820,16920,16820,16920,2655
2026-04-01 09:16:00,16930,16930,16880,16910,82
2026-04-01 09:17:00,16910,16910,16820,16860,646
2026-04-01 09:18:00,16860,16870,16860,16860,221
2026-04-01 09:19:00,16870,16900,16860,16890,343
2026-04-01 09:20:00,16900,16970,16900,16950,371
2026-04-01 09:21:00,16950,16950,16910,16910,172
2026-04-01 09:22:00,16930,16930,16860,16860,918
2026-04-01 09:23:00,16860,16860,16840,16840,104
2026-04-01 09:24:00,16840,16840,16810,16810,567
2026-04-01 09:25:00,16810,16820,16810,16820,67
2026-04-01 09:26:00,16820,16820,16820,16820,110
2026-04-01 09:27:00,16820,16840,16820,16830,71
2026-04-01 09:28:00,16850,16880,16840,16850,655
2026-04-01 09:29:00,16880,16890,16860,16880,148
2026-04-01 09:30:00,16870,16900,16870,16900,107
2026-04-01 09:31:00,16910,16920,16910,16920,101
2026-04-01 09:32:00,16910,16920,16840,16910,781
2026-04-01 09:33:00,16910,16910,16910,16910,10
2026-04-01 09:34:00,16860,16910,16860,16910,111
2026-04-01 09:35:00,16900,16910,16900,16910,101
2026-04-01 09:36:00,16900,16900,16900,16900,37
2026-04-01 09:37:00,16860,16870,16860,16870,75
2026-04-01 09:38:00,16900,16920,16860,16920,1297
2026-04-01 09:39:00,16920,16940,16920,16930,254
2026-04-01 09:40:00,16930,16930,16930,16930,17
2026-04-01 09:41:00,16900,16900,16900,16900,95
2026-04-01 09:42:00,16890,16890,16850,16850,204
2026-04-01 09:43:00,16870,16870,16860,16860,74
2026-04-01 09:44:00,16860,16860,16850,16850,273
2026-04-01 09:45:00,16850,16850,16850,16850,31
2026-04-01 09:46:00,16850,16880,16850,16860,22
2026-04-01 09:47:00,16850,16850,16820,16830,506
2026-04-01 09:48:00,16830,16840,16830,16840,50
2026-04-01 09:49:00,16840,16840,16840,16840,350
2026-04-01 09:50:00,16850,16850,16840,16840,231
2026-04-01 09:51:00,16830,16840,16830,16840,34
2026-04-01 09:52:00,16840,16840,16840,16840,157
2026-04-01 09:53:00,16860,16860,16840,16850,13
2026-04-01 09:54:00,16860,16870,16860,16870,261
2026-04-01 09:55:00,16880,16880,16880,16880,10
2026-04-01 09:56:00,16870,16900,16870,16900,70
2026-04-01 09:57:00,16915,16915,16915,16915,1
2026-04-01 09:58:00,16910,16910,16900,16900,236
2026-04-01 09:59:00,16900,16900,16850,16850,218
2026-04-01 10:00:00,16900,16900,16860,16860,81
2026-04-01 10:01:00,16860,16860,16860,16860,30
2026-04-01 10:02:00,16860,16860,16860,16860,5
2026-04-01 10:03:00,16900,16900,16900,16900,221
2026-04-01 10:04:00,16910,16910,16910,16910,1
2026-04-01 10:05:00,16900,16900,16840,16840,1413
2026-04-01 10:06:00,16840,16840,16820,16840,386
2026-04-01 10:07:00,16820,16840,16820,16840,147
2026-04-01 10:08:00,16820,16820,16820,16820,125
2026-04-01 10:09:00,16820,16820,16800,16800,501
2026-04-01 10:10:00,16840,16850,16820,16850,990
2026-04-01 10:12:00,16880,16880,16870,16870,60
2026-04-01 10:13:00,16900,16920,16880,16880,66
2026-04-01 10:14:00,16880,16880,16880,16880,2
2026-04-01 10:15:00,16890,16910,16880,16910,31
2026-04-01 10:16:00,16910,16920,16910,16920,44
2026-04-01 10:17:00,16870,16920,16870,16920,47
2026-04-01 10:18:00,16910,16915,16910,16910,146
2026-04-01 10:20:00,16910,16910,16910,16910,23
2026-04-01 10:21:00,16900,16910,16900,16900,148
2026-04-01 10:22:00,16900,16900,16870,16870,251
2026-04-01 10:23:00,16870,16870,16870,16870,99
2026-04-01 10:25:00,16850,16850,16850,16850,1
2026-04-01 10:26:00,16850,16850,16850,16850,38
2026-04-01 10:27:00,16860,16900,16860,16900,45
2026-04-01 10:28:00,16900,16900,16880,16880,31
2026-04-01 10:29:00,16900,16910,16900,16910,1087
2026-04-01 10:30:00,16910,16910,16910,16910,32
2026-04-01 10:31:00,16900,16900,16900,16900,17
2026-04-01 10:32:00,16900,16900,16900,16900,22
2026-04-01 10:33:00,16900,16900,16900,16900,10
2026-04-01 10:34:00,16900,16900,16890,16890,81
2026-04-01 10:35:00,16910,16910,16910,16910,140
2026-04-01 10:36:00,16900,16900,16890,16900,42
2026-04-01 10:38:00,16900,16900,16890,16890,184
2026-04-01 10:39:00,16880,16880,16860,16860,189
2026-04-01 10:40:00,16870,16870,16870,16870,68
2026-04-01 10:41:00,16880,16880,16880,16880,47
2026-04-01 10:42:00,16880,16880,16880,16880,5
2026-04-01 10:43:00,16880,16880,16880,16880,376
2026-04-01 10:44:00,16890,16890,16890,16890,2
2026-04-01 10:45:00,16890,16890,16890,16890,10
2026-04-01 10:46:00,16890,16890,16890,16890,2
2026-04-01 10:47:00,16880,16880,16880,16880,7
2026-04-01 10:48:00,16890,16900,16890,16900,204
2026-04-01 10:49:00,16900,16930,16900,16930,2431
2026-04-01 10:50:00,16940,16960,16940,16960,275
2026-04-01 10:51:00,16960,16960,16960,16960,1
2026-04-01 10:52:00,16970,16970,16960,16960,18
2026-04-01 10:53:00,16970,16970,16970,16970,164
2026-04-01 10:54:00,16970,16990,16970,16990,107
2026-04-01 10:55:00,16970,16970,16960,16960,67
2026-04-01 10:56:00,16950,16950,16900,16900,144
2026-04-01 10:57:00,16900,16900,16900,16900,120
2026-04-01 10:58:00,16920,16920,16910,16910,25
2026-04-01 10:59:00,16910,16980,16900,16980,114
2026-04-01 11:00:00,16990,16990,16990,16990,1
2026-04-01 11:01:00,16990,17000,16980,17000,268
2026-04-01 11:02:00,17000,17000,17000,17000,3
2026-04-01 11:04:00,16980,16980,16980,16980,70
2026-04-01 11:05:00,16980,16980,16980,16980,23
2026-04-01 11:07:00,16920,16920,16920,16920,50
2026-04-01 11:09:00,16930,16930,16930,16930,1
2026-04-01 11:11:00,16930,16930,16930,16930,43
2026-04-01 11:12:00,16930,16930,16930,16930,113
2026-04-01 11:13:00,16930,16930,16930,16930,1
2026-04-01 11:14:00,16940,16940,16940,16940,52
2026-04-01 11:15:00,16940,16950,16940,16950,21
2026-04-01 11:16:00,16960,16960,16950,16950,194
2026-04-01 11:17:00,16950,16980,16940,16950,301
2026-04-01 11:19:00,16980,16980,16980,16980,174
2026-04-01 11:21:00,17000,17000,17000,17000,1
2026-04-01 11:22:00,17000,17000,17000,17000,60
2026-04-01 11:23:00,17000,17000,17000,17000,77
2026-04-01 11:24:00,16980,17060,16980,17060,1406
2026-04-01 11:25:00,17060,17060,17040,17060,632
2026-04-01 11:26:00,17000,17000,17000,17000,3
2026-04-01 11:28:00,17000,17000,16980,16980,751
2026-04-01 11:29:00,16980,17000,16980,16980,226
2026-04-01 11:30:00,16980,16980,16980,16980,40
2026-04-01 11:31:00,17020,17020,16990,16990,99
2026-04-01 11:32:00,16980,16980,16950,16960,570
2026-04-01 11:33:00,16950,16950,16920,16920,586
2026-04-01 11:34:00,16920,16930,16920,16930,31
2026-04-01 11:35:00,16930,16930,16930,16930,50
2026-04-01 11:40:00,16960,16960,16960,16960,2
2026-04-01 11:41:00,16940,16940,16940,16940,1
2026-04-01 11:43:00,16940,16940,16930,16930,29
2026-04-01 11:44:00,16930,16930,16930,16930,16
2026-04-01 11:45:00,16930,16930,16930,16930,14
2026-04-01 11:46:00,16940,16940,16940,16940,16
2026-04-01 11:49:00,16950,16950,16940,16940,23
2026-04-01 11:50:00,16970,16970,16940,16940,96
2026-04-01 11:51:00,16940,16940,16930,16940,163
2026-04-01 11:52:00,16940,16940,16940,16940,10
2026-04-01 11:54:00,16940,16940,16940,16940,6
2026-04-01 11:55:00,16940,16940,16940,16940,1
2026-04-01 11:56:00,16940,16940,16940,16940,3
2026-04-01 11:58:00,16940,16940,16940,16940,50
2026-04-01 11:59:00,16970,17040,16970,17040,51
2026-04-01 12:00:00,17030,17030,17000,17000,29
2026-04-01 12:01:00,16950,16950,16940,16940,10
2026-04-01 12:02:00,16980,16980,16950,16950,9
2026-04-01 12:04:00,16950,16950,16950,16950,4
2026-04-01 12:05:00,16950,16950,16940,16940,22
2026-04-01 12:06:00,16940,16940,16940,16940,42
2026-04-01 12:07:00,16940,16940,16940,16940,100
2026-04-01 12:08:00,16940,16950,16940,16950,69
2026-04-01 12:09:00,16950,16950,16930,16930,34
2026-04-01 12:11:00,16930,16930,16930,16930,50
2026-04-01 12:13:00,16930,16930,16930,16930,10
2026-04-01 12:16:00,16930,16930,16920,16920,222
2026-04-01 12:17:00,16920,16920,16920,16920,20
2026-04-01 12:18:00,16920,16920,16920,16920,107
2026-04-01 12:19:00,16930,16930,16930,16930,100
2026-04-01 12:20:00,16920,16920,16920,16920,6
2026-04-01 12:21:00,16920,16930,16920,16930,62
2026-04-01 12:22:00,16920,16920,16920,16920,76
2026-04-01 12:23:00,16930,16950,16920,16920,217
2026-04-01 12:26:00,16960,16990,16960,16990,11
2026-04-01 12:28:00,16990,16990,16990,16990,8
2026-04-01 12:30:00,16990,16990,16990,16990,4
2026-04-01 12:31:00,16990,16990,16990,16990,60
2026-04-01 12:32:00,16990,17000,16990,16990,243
2026-04-01 12:33:00,16990,16990,16980,16980,3
2026-04-01 12:35:00,16970,16970,16970,16970,1
2026-04-01 12:37:00,16990,16990,16990,16990,11
2026-04-01 12:38:00,16970,16980,16970,16980,6
2026-04-01 12:39:00,16980,16980,16980,16980,1
2026-04-01 12:41:00,16980,16980,16980,16980,29
2026-04-01 12:42:00,16980,16980,16980,16980,27
2026-04-01 12:43:00,16980,16980,16980,16980,1
2026-04-01 12:44:00,16980,16990,16980,16990,32
2026-04-01 12:45:00,16990,16990,16990,16990,1
2026-04-01 12:47:00,16990,16990,16990,16990,50
2026-04-01 12:49:00,16990,16990,16990,16990,278
2026-04-01 12:50:00,16990,16990,16990,16990,4
2026-04-01 12:51:00,17010,17020,17010,17020,89
2026-04-01 12:52:00,17020,17020,17020,17020,12
2026-04-01 12:53:00,17020,17020,17020,17020,12
2026-04-01 12:54:00,17020,17040,17020,17020,47
2026-04-01 12:55:00,17040,17150,17030,17060,5630
2026-04-01 12:56:00,17150,17150,17150,17150,271
2026-04-01 12:58:00,17150,17150,17150,17150,120
2026-04-01 12:59:00,17140,17140,17140,17140,1
2026-04-01 13:00:00,17140,17140,17140,17140,1
2026-04-01 13:01:00,17130,17160,17130,17160,130
2026-04-01 13:02:00,17160,17160,17160,17160,217
2026-04-01 13:03:00,17170,17170,17170,17170,520
2026-04-01 13:04:00,17150,17150,17130,17150,208
2026-04-01 13:05:00,17150,17150,17150,17150,44
2026-04-01 13:06:00,17150,17150,17150,17150,3
2026-04-01 13:07:00,17140,17140,17140,17140,7
2026-04-01 13:08:00,17140,17150,17140,17140,13
2026-04-01 13:10:00,17150,17150,17150,17150,31
2026-04-01 13:11:00,17140,17150,17140,17150,2
2026-04-01 13:12:00,17150,17160,17150,17160,55
2026-04-01 13:14:00,17150,17160,17150,17160,166
2026-04-01 13:15:00,17150,17150,17140,17140,293
2026-04-01 13:16:00,17135,17140,17135,17140,5
2026-04-01 13:17:00,17140,17170,17140,17170,479
2026-04-01 13:18:00,17160,17160,17160,17160,30
2026-04-01 13:20:00,17160,17160,17160,17160,65
2026-04-01 13:21:00,17160,17160,17160,17160,15
2026-04-01 13:22:00,17160,17170,17160,17170,254
2026-04-01 13:23:00,17160,17170,17160,17160,39
2026-04-01 13:24:00,17160,17160,17160,17160,47
2026-04-01 13:25:00,17150,17150,17150,17150,11
2026-04-01 13:26:00,17140,17150,17140,17150,7
2026-04-01 13:27:00,17140,17140,17140,17140,10
2026-04-01 13:28:00,17140,17140,17140,17140,166
2026-04-01 13:29:00,17140,17190,17140,17190,213
2026-04-01 13:30:00,17190,17200,17190,17200,340
2026-04-01 13:31:00,17140,17140,17140,17140,1
2026-04-01 13:32:00,17190,17200,17140,17190,35
2026-04-01 13:33:00,17190,17210,17190,17210,343
2026-04-01 13:35:00,17210,17210,17210,17210,194
2026-04-01 13:36:00,17220,17220,17200,17200,131
2026-04-01 13:37:00,17200,17200,17190,17190,43
2026-04-01 13:38:00,17190,17220,17190,17220,7
2026-04-01 13:39:00,17190,17190,17190,17190,19
2026-04-01 13:40:00,17190,17190,17190,17190,110
2026-04-01 13:41:00,17200,17200,17200,17200,1
2026-04-01 13:42:00,17190,17190,17190,17190,61
2026-04-01 13:43:00,17200,17210,17200,17210,36
2026-04-01 13:44:00,17210,17210,17210,17210,32
2026-04-01 13:45:00,17210,17210,17210,17210,35
2026-04-01 13:46:00,17220,17230,17210,17220,1392
2026-04-01 13:47:00,17240,17240,17240,17240,119
2026-04-01 13:48:00,17250,17270,17250,17270,288
2026-04-01 13:49:00,17280,17290,17280,17290,40
2026-04-01 13:50:00,17280,17300,17280,17280,17
2026-04-01 13:51:00,17280,17280,17280,17280,57
2026-04-01 13:52:00,17280,17280,17280,17280,408
2026-04-01 13:53:00,17270,17280,17270,17280,65
2026-04-01 13:54:00,17290,17300,17270,17270,513
2026-04-01 13:55:00,17270,17280,17270,17280,155
2026-04-01 13:57:00,17250,17280,17220,17280,450
2026-04-01 13:58:00,17280,17280,17220,17220,69
2026-04-01 13:59:00,17280,17280,17270,17270,2
2026-04-01 14:02:00,17260,17260,17260,17260,21
2026-04-01 14:04:00,17260,17260,17260,17260,3
2026-04-01 14:05:00,17260,17260,17260,17260,28
2026-04-01 14:06:00,17250,17250,17250,17250,25
2026-04-01 14:07:00,17250,17280,17250,17260,188
2026-04-01 14:08:00,17270,17270,17260,17260,4
2026-04-01 14:10:00,17260,17260,17260,17260,108
2026-04-01 14:11:00,17250,17250,17250,17250,8
2026-04-01 14:12:00,17250,17250,17230,17230,39
2026-04-01 14:13:00,17230,17230,17230,17230,101
2026-04-01 14:14:00,17240,17280,17230,17280,119
2026-04-01 14:15:00,17280,17280,17250,17250,147
2026-04-01 14:16:00,17270,17270,17270,17270,23
2026-04-01 14:17:00,17270,17270,17270,17270,12
2026-04-01 14:18:00,17270,17270,17270,17270,313
2026-04-01 14:19:00,17270,17280,17270,17270,56
2026-04-01 14:20:00,17290,17300,17260,17260,560
2026-04-01 14:21:00,17300,17300,17300,17300,45
2026-04-01 14:22:00,17300,17300,17300,17300,30
2026-04-01 14:23:00,17300,17300,17300,17300,40
2026-04-01 14:24:00,17300,17300,17280,17280,217
2026-04-01 14:25:00,17310,17350,17290,17350,318
2026-04-01 14:26:00,17350,17350,17350,17350,39
2026-04-01 14:27:00,17350,17390,17350,17390,168
2026-04-01 14:28:00,17390,17390,17390,17390,30
2026-04-01 14:29:00,17390,17400,17390,17400,241
2026-04-01 14:30:00,17400,17400,17400,17400,42
2026-04-01 14:31:00,17400,17400,17390,17390,125
2026-04-01 14:32:00,17380,17390,17380,17390,121
2026-04-01 14:33:00,17390,17390,17390,17390,56
2026-04-01 14:34:00,17390,17390,17390,17390,62
2026-04-01 14:35:00,17390,17390,17385,17390,254
2026-04-01 14:36:00,17390,17400,17390,17400,231
2026-04-01 14:37:00,17395,17400,17395,17400,20
2026-04-01 14:38:00,17400,17400,17400,17400,116
2026-04-01 14:39:00,17400,17400,17395,17395,37
2026-04-01 14:40:00,17395,17395,17380,17380,265
2026-04-01 14:41:00,17375,17380,17360,17360,414
2026-04-01 14:42:00,17365,17365,17360,17360,149
2026-04-01 14:43:00,17360,17390,17360,17390,116
2026-04-01 14:44:00,17360,17360,17360,17360,150
2026-04-01 14:45:00,17360,17380,17360,17380,157
2026-04-01 14:46:00,17360,17390,17350,17350,172
2026-04-01 14:47:00,17350,17390,17350,17390,930
2026-04-01 14:48:00,17390,17390,17390,17390,122
2026-04-01 14:49:00,17390,17390,17390,17390,10
2026-04-01 14:50:00,17390,17390,17390,17390,81
2026-04-01 14:51:00,17360,17390,17350,17390,137
2026-04-01 14:52:00,17390,17390,17390,17390,24
2026-04-01 14:53:00,17390,17390,17390,17390,100
2026-04-01 14:55:00,17390,17390,17390,17390,78
2026-04-01 14:56:00,17350,17380,17350,17350,9
2026-04-01 14:57:00,17350,17350,17300,17300,1423
2026-04-01 14:58:00,17300,17300,17300,17300,37
2026-04-01 14:59:00,17300,17310,17300,17310,61
2026-04-01 15:00:00,17300,17300,17280,17280,847
2026-04-01 15:01:00,17280,17380,17280,17360,345
2026-04-01 15:02:00,17360,17380,17360,17380,27
2026-04-01 15:03:00,17380,17390,17360,17390,390
2026-04-01 15:04:00,17390,17400,17390,17400,220
2026-04-01 15:05:00,17400,17400,17360,17360,170
2026-04-01 15:06:00,17360,17400,17360,17360,410
2026-04-01 15:07:00,17400,17410,17360,17400,443
2026-04-01 15:08:00,17370,17400,17360,17400,48
2026-04-01 15:09:00,17400,17400,17380,17380,21
2026-04-01 15:10:00,17380,17420,17380,17410,450
2026-04-01 15:11:00,17410,17420,17410,17410,147
2026-04-01 15:12:00,17410,17420,17410,17410,122
2026-04-01 15:13:00,17420,17420,17410,17420,76
2026-04-01 15:14:00,17410,17420,17410,17420,142
2026-04-01 15:15:00,17420,17420,17410,17410,162
2026-04-01 15:16:00,17410,17410,17370,17370,832
2026-04-01 15:17:00,17370,17410,17370,17370,115
2026-04-01 15:18:00,17370,17410,17350,17360,397
2026-04-01 15:19:00,17360,17410,17360,17410,207
2026-04-01 15:30:00,17410,17410,17410,17410,515
2026-04-01 15:35:00,17410,17410,17410,17410,135
2026-04-02 09:00:00,17560,17620,17560,17620,804
2026-04-02 09:01:00,17590,17710,17560,17710,388
2026-04-02 09:02:00,17710,17800,17700,17790,918
2026-04-02 09:03:00,17730,17730,17600,17600,1860
2026-04-02 09:04:00,17600,17610,17510,17510,2441
2026-04-02 09:05:00,17500,17500,17430,17430,823
2026-04-02 09:06:00,17440,17440,17380,17380,1546
2026-04-02 09:07:00,17360,17360,17240,17250,126
2026-04-02 09:08:00,17250,17250,17100,17120,891
2026-04-02 09:09:00,17140,17290,17120,17290,231
2026-04-02 09:10:00,17310,17400,17310,17400,37
2026-04-02 09:11:00,17420,17420,17310,17310,95
2026-04-02 09:12:00,17310,17310,17270,17280,144
2026-04-02 09:13:00,17220,17260,17130,17260,597
2026-04-02 09:14:00,17250,17250,17210,17210,423
2026-04-02 09:15:00,17210,17220,17210,17220,184
2026-04-02 09:16:00,17240,17410,17240,17410,595
2026-04-02 09:17:00,17370,17370,17300,17300,225
2026-04-02 09:18:00,17300,17300,17300,17300,100
2026-04-02 09:19:00,17300,17300,17300,17300,71
2026-04-02 09:20:00,17310,17310,17290,17290,132
2026-04-02 09:21:00,17300,17300,17300,17300,80
2026-04-02 09:22:00,17300,17300,17300,17300,3
2026-04-02 09:23:00,17280,17280,17210,17220,214
2026-04-02 09:24:00,17220,17230,17220,17230,15
2026-04-02 09:25:00,17220,17230,17200,17200,99
2026-04-02 09:26:00,17210,17230,17210,17210,143
2026-04-02 09:27:00,17220,17220,17210,17210,283
2026-04-02 09:28:00,17210,17260,17200,17200,251
2026-04-02 09:29:00,17260,17260,17260,17260,1
2026-04-02 09:30:00,17260,17260,17210,17260,4
2026-04-02 09:32:00,17210,17210,17200,17200,102
2026-04-02 09:33:00,17200,17210,17200,17210,37
2026-04-02 09:34:00,17250,17280,17250,17280,268
2026-04-02 09:35:00,17210,17220,17210,17220,12
2026-04-02 09:37:00,17280,17280,17240,17240,23
2026-04-02 09:38:00,17230,17230,17170,17170,1071
2026-04-02 09:40:00,17170,17170,17160,17160,100
2026-04-02 09:41:00,17150,17150,17120,17120,136
2026-04-02 09:42:00,17140,17150,17120,17120,14
2026-04-02 09:43:00,17160,17190,17130,17190,3
2026-04-02 09:44:00,17190,17200,17190,17200,12
2026-04-02 09:45:00,17210,17210,17200,17200,92
2026-04-02 09:46:00,17200,17260,17200,17260,418
2026-04-02 09:47:00,17250,17260,17250,17260,200
2026-04-02 09:49:00,17250,17250,17250,17250,8
2026-04-02 09:50:00,17250,17250,17240,17240,109
2026-04-02 09:53:00,17230,17230,17230,17230,1
2026-04-02 09:54:00,17250,17260,17250,17250,101
2026-04-02 09:55:00,17270,17270,17270,17270,3
2026-04-02 09:56:00,17260,17280,17250,17280,167
2026-04-02 09:57:00,17280,17300,17260,17260,84
2026-04-02 09:58:00,17300,17320,17300,17320,170
2026-04-02 09:59:00,17360,17360,17360,17360,17
2026-04-02 10:00:00,17350,17350,17340,17340,11
2026-04-02 10:01:00,17340,17340,17320,17320,305
2026-04-02 10:02:00,17320,17330,17320,17320,437
2026-04-02 10:03:00,17320,17320,17260,17260,387
2026-04-02 10:04:00,17250,17250,17190,17190,151
2026-04-02 10:06:00,17150,17150,17090,17090,605
2026-04-02 10:07:00,17080,17080,17070,17080,693
2026-04-02 10:08:00,17110,17150,17110,17150,73
2026-04-02 10:09:00,17190,17240,17190,17240,62
2026-04-02 10:10:00,17340,17340,17340,17340,93
2026-04-02 10:11:00,17380,17380,17350,17350,17
2026-04-02 10:12:00,17340,17340,17250,17250,595
2026-04-02 10:13:00,17240,17240,17230,17240,60
2026-04-02 10:14:00,17230,17230,17150,17150,931
2026-04-02 10:15:00,17190,17190,17190,17190,1
2026-04-02 10:17:00,17190,17190,17080,17090,509
2026-04-02 10:18:00,17080,17120,17040,17040,385
2026-04-02 10:19:00,17030,17030,16970,17000,1117
2026-04-02 10:20:00,17000,17040,17000,17040,144
2026-04-02 10:21:00,17070,17070,17050,17050,205
2026-04-02 10:22:00,17040,17040,17020,17035,418
2026-04-02 10:23:00,17030,17030,16940,16940,248
2026-04-02 10:24:00,16940,16940,16935,16940,182
2026-04-02 10:25:00,16940,16940,16840,16840,1528
2026-04-02 10:26:00,16840,16840,16750,16760,1113
2026-04-02 10:27:00,16780,16780,16780,16780,87
2026-04-02 10:28:00,16790,16800,16790,16790,230
2026-04-02 10:29:00,16790,16860,16790,16860,191
2026-04-02 10:30:00,16860,16860,16700,16730,642
2026-04-02 10:31:00,16800,16810,16770,16770,79
2026-04-02 10:32:00,16760,16760,16700,16700,389
2026-04-02 10:33:00,16700,16700,16700,16700,999
2026-04-02 10:34:00,16700,16800,16670,16800,3330
2026-04-02 10:35:00,16800,16850,16660,16660,681
2026-04-02 10:36:00,16750,16750,16720,16720,50
2026-04-02 10:37:00,16800,16800,16730,16730,261
2026-04-02 10:38:00,16740,16740,16730,16730,50
2026-04-02 10:39:00,16780,16780,16780,16780,1
2026-04-02 10:40:00,16790,16790,16670,16680,430
2026-04-02 10:41:00,16700,16700,16620,16620,216
2026-04-02 10:42:00,16640,16710,16610,16710,24
2026-04-02 10:43:00,16620,16620,16610,16610,30
2026-04-02 10:44:00,16610,16620,16610,16610,289
2026-04-02 10:45:00,16610,16610,16570,16570,1197
2026-04-02 10:46:00,16570,16580,16560,16560,235
2026-04-02 10:47:00,16580,16580,16560,16560,206
2026-04-02 10:48:00,16560,16560,16500,16560,639
2026-04-02 10:49:00,16570,16690,16510,16610,1495
2026-04-02 10:50:00,16690,16790,16640,16790,146
2026-04-02 10:51:00,16780,16780,16780,16780,80
2026-04-02 10:52:00,16790,16790,16680,16680,96
2026-04-02 10:53:00,16780,16790,16780,16790,131
2026-04-02 10:54:00,16770,16790,16770,16790,484
2026-04-02 10:55:00,16700,16700,16700,16700,107
2026-04-02 10:56:00,16790,16790,16790,16790,1
2026-04-02 10:57:00,16790,16790,16790,16790,151
2026-04-02 10:58:00,16780,16780,16780,16780,50
2026-04-02 10:59:00,16780,16790,16780,16790,239
2026-04-02 11:00:00,16790,16790,16750,16750,179
2026-04-02 11:01:00,16740,16740,16670,16690,1125
2026-04-02 11:02:00,16670,16670,16610,16620,1182
2026-04-02 11:03:00,16620,16620,16620,16620,20
2026-04-02 11:04:00,16620,16620,16610,16610,112
2026-04-02 11:05:00,16610,16610,16600,16610,616
2026-04-02 11:07:00,16650,16660,16550,16650,2005
2026-04-02 11:08:00,16630,16630,16630,16630,2
2026-04-02 11:09:00,16600,16650,16580,16650,28
2026-04-02 11:10:00,16650,16650,16570,16570,103
2026-04-02 11:11:00,16580,16580,16570,16570,111
2026-04-02 11:12:00,16570,16570,16550,16550,198
2026-04-02 11:13:00,16550,16550,16550,16550,10
2026-04-02 11:14:00,16550,16550,16500,16510,388
2026-04-02 11:15:00,16530,16580,16530,16580,568
2026-04-02 11:17:00,16590,16590,16580,16580,73
2026-04-02 11:18:00,16550,16550,16550,16550,300
2026-04-02 11:19:00,16550,16550,16550,16550,121
2026-04-02 11:20:00,16540,16540,16520,16520,106
2026-04-02 11:21:00,16540,16550,16540,16550,712
2026-04-02 11:22:00,16550,16550,16450,16460,2959
2026-04-02 11:23:00,16440,16440,16430,16430,139
2026-04-02 11:24:00,16430,16470,16420,16470,73
2026-04-02 11:25:00,16470,16470,16470,16470,50
2026-04-02 11:26:00,16450,16450,16380,16380,741
2026-04-02 11:27:00,16410,16410,16410,16410,3
2026-04-02 11:28:00,16410,16410,16410,16410,138
2026-04-02 11:29:00,16410,16410,16410,16410,10
2026-04-02 11:30:00,16410,16450,16410,16450,24
2026-04-02 11:31:00,16430,16430,16430,16430,28
2026-04-02 11:32:00,16420,16420,16380,16380,127
2026-04-02 11:33:00,16390,16390,16390,16390,151
2026-04-02 11:34:00,16390,16400,16390,16390,1002
2026-04-02 11:35:00,16390,16390,16390,16390,310
2026-04-02 11:36:00,16400,16400,16370,16370,429
2026-04-02 11:37:00,16370,16440,16300,16300,1549
2026-04-02 11:38:00,16300,16420,16290,16290,34
2026-04-02 11:39:00,16290,16300,16290,16300,12
2026-04-02 11:40:00,16360,16360,16360,16360,29
2026-04-02 11:41:00,16380,16400,16380,16400,33
2026-04-02 11:42:00,16420,16420,16400,16400,209
2026-04-02 11:44:00,16410,16410,16400,16400,47
2026-04-02 11:45:00,16380,16470,16380,16470,35
2026-04-02 11:46:00,16380,16380,16350,16380,355
2026-04-02 11:47:00,16400,16400,16400,16400,50
2026-04-02 11:49:00,16420,16420,16420,16420,1
2026-04-02 11:51:00,16420,16420,16420,16420,22
2026-04-02 11:52:00,16420,16420,16360,16360,29
2026-04-02 11:53:00,16420,16460,16420,16460,1228
2026-04-02 11:54:00,16470,16480,16470,16480,3
2026-04-02 11:55:00,16490,16520,16490,16520,23
2026-04-02 11:56:00,16490,16500,16490,16490,64
2026-04-02 11:57:00,16510,16510,16500,16500,19
2026-04-02 11:58:00,16500,16500,16500,16500,30
2026-04-02 11:59:00,16500,16500,16490,16490,353
2026-04-02 12:00:00,16480,16480,16430,16430,66
2026-04-02 12:01:00,16420,16420,16400,16400,20
2026-04-02 12:02:00,16400,16400,16340,16340,118
2026-04-02 12:03:00,16390,16400,16390,16400,200
2026-04-02 12:04:00,16390,16390,16390,16390,4
2026-04-02 12:05:00,16390,16390,16390,16390,1
2026-04-02 12:06:00,16390,16390,16390,16390,2
2026-04-02 12:08:00,16380,16380,16380,16380,34
2026-04-02 12:09:00,16390,16390,16380,16390,3
2026-04-02 12:10:00,16380,16400,16340,16340,777
2026-04-02 12:11:00,16370,16370,16350,16350,94
2026-04-02 12:12:00,16400,16400,16350,16350,390
2026-04-02 12:13:00,16380,16380,16360,16360,24
2026-04-02 12:14:00,16360,16520,16350,16520,86
2026-04-02 12:15:00,16360,16360,16300,16300,1761
2026-04-02 12:16:00,16400,16400,16400,16400,1
2026-04-02 12:18:00,16380,16410,16380,16410,211
2026-04-02 12:20:00,16380,16380,16380,16380,308
2026-04-02 12:21:00,16330,16380,16330,16380,193
2026-04-02 12:22:00,16390,16400,16390,16400,17
2026-04-02 12:24:00,16400,16400,16350,16350,50
2026-04-02 12:25:00,16410,16410,16410,16410,4
2026-04-02 12:26:00,16410,16410,16410,16410,14
2026-04-02 12:27:00,16390,16390,16390,16390,1
2026-04-02 12:28:00,16400,16400,16380,16380,80
2026-04-02 12:31:00,16390,16390,16380,16380,86
2026-04-02 12:32:00,16370,16370,16370,16370,56
2026-04-02 12:34:00,16360,16360,16350,16350,30
2026-04-02 12:35:00,16350,16350,16350,16350,104
2026-04-02 12:36:00,16350,16380,16350,16380,33
2026-04-02 12:37:00,16350,16350,16270,16270,1838
2026-04-02 12:38:00,16270,16310,16270,16290,200
2026-04-02 12:40:00,16310,16310,16310,16310,3
2026-04-02 12:41:00,16370,16370,16300,16300,63
2026-04-02 12:42:00,16300,16300,16300,16300,1
2026-04-02 12:43:00,16290,16350,16290,16350,143
2026-04-02 12:44:00,16350,16350,16350,16350,26
2026-04-02 12:45:00,16350,16350,16330,16330,8
2026-04-02 12:46:00,16330,16370,16300,16300,22
2026-04-02 12:47:00,16360,16360,16350,16350,99
2026-04-02 12:50:00,16300,16300,16250,16270,1218
2026-04-02 12:51:00,16260,16290,16250,16290,401
2026-04-02 12:52:00,16260,16280,16260,16260,20
2026-04-02 12:53:00,16250,16340,16250,16340,147
2026-04-02 12:54:00,16380,16380,16250,16250,332
2026-04-02 12:55:00,16260,16260,16220,16220,155
2026-04-02 12:56:00,16220,16220,16220,16220,91
2026-04-02 12:58:00,16220,16220,16220,16220,2
2026-04-02 13:00:00,16230,16250,16230,16250,86
2026-04-02 13:01:00,16320,16320,16320,16320,48
2026-04-02 13:02:00,16310,16310,16310,16310,22
2026-04-02 13:03:00,16290,16290,16250,16250,33
2026-04-02 13:04:00,16250,16250,16220,16230,152
2026-04-02 13:05:00,16220,16240,16120,16240,1107
2026-04-02 13:06:00,16240,16240,16240,16240,11
2026-04-02 13:07:00,16240,16240,16220,16220,18
2026-04-02 13:08:00,16200,16200,16140,16200,70
2026-04-02 13:09:00,16150,16230,16140,16230,52
2026-04-02 13:12:00,16200,16200,16200,16200,300
2026-04-02 13:13:00,16200,16210,16200,16210,101
2026-04-02 13:14:00,16200,16210,16200,16200,170
2026-04-02 13:15:00,16240,16300,16240,16300,41
2026-04-02 13:16:00,16320,16320,16320,16320,1
2026-04-02 13:17:00,16310,16320,16310,16320,5
2026-04-02 13:18:00,16320,16320,16320,16320,10
2026-04-02 13:19:00,16320,16320,16320,16320,102
2026-04-02 13:20:00,16320,16320,16290,16290,7
2026-04-02 13:21:00,16300,16320,16290,16320,18
2026-04-02 13:22:00,16320,16320,16280,16280,14
2026-04-02 13:24:00,16300,16300,16280,16280,2
2026-04-02 13:25:00,16280,16280,16280,16280,11
2026-04-02 13:26:00,16270,16280,16270,16280,22
2026-04-02 13:27:00,16280,16280,16280,16280,9
2026-04-02 13:28:00,16280,16280,16280,16280,10
2026-04-02 13:29:00,16280,16280,16260,16260,48
2026-04-02 13:30:00,16260,16260,16260,16260,6
2026-04-02 13:31:00,16260,16260,16260,16260,2
2026-04-02 13:32:00,16250,16250,16180,16180,38
2026-04-02 13:33:00,16210,16210,16200,16200,50
2026-04-02 13:34:00,16200,16200,16180,16180,513
2026-04-02 13:37:00,16190,16190,16180,16180,65
2026-04-02 13:38:00,16180,16190,16180,16190,404
2026-04-02 13:41:00,16190,16190,16170,16170,300
2026-04-02 13:43:00,16200,16200,16200,16200,10
2026-04-02 13:46:00,16210,16220,16210,16220,4
2026-04-02 13:47:00,16210,16220,16210,16220,3
2026-04-02 13:48:00,16220,16220,16210,16210,9
2026-04-02 13:49:00,16210,16210,16210,16210,9
2026-04-02 13:51:00,16220,16220,16220,16220,7
2026-04-02 13:52:00,16220,16220,16220,16220,3
2026-04-02 13:53:00,16220,16220,16210,16210,117
2026-04-02 13:54:00,16210,16210,16210,16210,5
2026-04-02 13:55:00,16210,16210,16190,16190,372
2026-04-02 13:57:00,16220,16240,16200,16240,249
2026-04-02 13:58:00,16250,16250,16250,16250,63
2026-04-02 13:59:00,16260,16270,16260,16270,2
2026-04-02 14:02:00,16280,16380,16280,16380,500
2026-04-02 14:03:00,16320,16380,16320,16350,26
2026-04-02 14:04:00,16300,16360,16270,16360,691
2026-04-02 14:05:00,16350,16350,16260,16260,74
2026-04-02 14:06:00,16270,16270,16250,16250,55
2026-04-02 14:07:00,16300,16380,16300,16380,500
2026-04-02 14:08:00,16340,16340,16340,16340,5
2026-04-02 14:09:00,16340,16340,16340,16340,2
2026-04-02 14:10:00,16220,16230,16220,16230,325
2026-04-02 14:17:00,16230,16230,16220,16220,325
2026-04-02 14:18:00,16240,16240,16240,16240,10
2026-04-02 14:19:00,16220,16220,16210,16210,222
2026-04-02 14:20:00,16210,16220,16210,16220,101
2026-04-02 14:21:00,16210,16210,16210,16210,100
2026-04-02 14:22:00,16210,16210,16210,16210,15
2026-04-02 14:26:00,16210,16210,16190,16190,354
2026-04-02 14:27:00,16180,16180,16170,16170,185
2026-04-02 14:31:00,16170,16170,16120,16120,1402
2026-04-02 14:32:00,16180,16180,16120,16130,373
2026-04-02 14:33:00,16130,16130,16130,16130,2
2026-04-02 14:34:00,16130,16130,16120,16120,11
2026-04-02 14:36:00,16170,16170,16170,16170,72
2026-04-02 14:39:00,16170,16170,16160,16160,567
2026-04-02 14:40:00,16150,16150,16120,16150,692
2026-04-02 14:41:00,16120,16120,16110,16110,43
2026-04-02 14:42:00,16120,16120,16120,16120,282
2026-04-02 14:43:00,16120,16120,16120,16120,391
2026-04-02 14:44:00,16140,16140,16140,16140,19
2026-04-02 14:45:00,16140,16150,16100,16130,1814
2026-04-02 14:46:00,16090,16100,16090,16090,75
2026-04-02 14:47:00,16100,16100,16070,16080,466
2026-04-02 14:48:00,16100,16100,16080,16080,109
2026-04-02 14:49:00,16070,16080,16060,16060,358
2026-04-02 14:50:00,16070,16070,16030,16040,140
2026-04-02 14:51:00,16030,16030,16020,16020,1084
2026-04-02 14:52:00,16010,16010,16010,16010,110
2026-04-02 14:53:00,16010,16010,16010,16010,350
2026-04-02 14:54:00,16000,16010,15990,15990,856
2026-04-02 14:55:00,15990,15990,15970,15980,81
2026-04-02 14:56:00,15970,15970,15970,15970,196
2026-04-02 14:57:00,15960,16000,15960,15960,1681
2026-04-02 14:58:00,15960,15990,15950,15950,594
2026-04-02 14:59:00,15950,16000,15950,16000,572
2026-04-02 15:00:00,15970,16010,15970,15980,235
2026-04-02 15:01:00,16000,16000,16000,16000,10
2026-04-02 15:02:00,15990,15990,15980,15980,157
2026-04-02 15:03:00,15990,16000,15980,15980,350
2026-04-02 15:04:00,16000,16000,16000,16000,46
2026-04-02 15:05:00,16050,16100,16050,16100,590
2026-04-02 15:06:00,16100,16100,16000,16000,673
2026-04-02 15:07:00,16050,16150,16050,16150,110
2026-04-02 15:08:00,16080,16180,16080,16170,17
2026-04-02 15:09:00,16190,16190,16180,16190,188
2026-04-02 15:10:00,16120,16120,16120,16120,48
2026-04-02 15:11:00,16090,16100,16080,16080,336
2026-04-02 15:12:00,16090,16100,16080,16100,101
2026-04-02 15:13:00,16110,16150,16110,16150,36
2026-04-02 15:14:00,16120,16160,16120,16160,32
2026-04-02 15:15:00,16120,16200,16120,16200,59
2026-04-02 15:16:00,16200,16200,16200,16200,37
2026-04-02 15:17:00,16200,16220,16200,16220,27
2026-04-02 15:18:00,16220,16260,16210,16260,26
2026-04-02 15:19:00,16260,16340,16260,16280,313
2026-04-02 15:30:00,16300,16300,16300,16300,491
2026-04-02 15:35:00,16300,16300,16300,16300,49
2026-04-03 09:00:00,16660,16800,16660,16800,795
2026-04-03 09:01:00,16800,16880,16790,16840,1444
2026-04-03 09:02:00,16840,16840,16730,16750,368
2026-04-03 09:03:00,16800,16800,16750,16760,1822
2026-04-03 09:04:00,16750,16760,16750,16760,146
2026-04-03 09:05:00,16740,16760,16740,16750,542
2026-04-03 09:06:00,16740,16740,16690,16710,1405
2026-04-03 09:07:00,16750,16790,16720,16790,727
2026-04-03 09:08:00,16800,16820,16800,16800,29
2026-04-03 09:09:00,16800,16800,16750,16750,969
2026-04-03 09:10:00,16750,16750,16710,16710,153
2026-04-03 09:11:00,16710,16710,16660,16700,435
2026-04-03 09:12:00,16660,16660,16650,16650,472
2026-04-03 09:13:00,16650,16650,16640,16650,45
2026-04-03 09:14:00,16660,16700,16660,16700,40
2026-04-03 09:15:00,16740,16740,16710,16710,236
2026-04-03 09:16:00,16710,16710,16710,16710,117
2026-04-03 09:17:00,16740,16750,16740,16750,523
2026-04-03 09:18:00,16750,16750,16730,16730,253
2026-04-03 09:19:00,16730,16730,16670,16670,1946
2026-04-03 09:20:00,16670,16670,16650,16650,61
2026-04-03 09:21:00,16660,16680,16660,16680,129
2026-04-03 09:22:00,16660,16660,16610,16610,270
2026-04-03 09:23:00,16610,16620,16600,16620,79
2026-04-03 09:24:00,16620,16640,16610,16640,540
2026-04-03 09:25:00,16650,16680,16650,16680,36
2026-04-03 09:26:00,16680,16680,16660,16680,206
2026-04-03 09:29:00,16670,16680,16640,16650,162
2026-04-03 09:30:00,16640,16670,16640,16640,55
2026-04-03 09:31:00,16650,16650,16650,16650,2
2026-04-03 09:32:00,16650,16670,16620,16620,35
2026-04-03 09:33:00,16610,16620,16610,16620,1070
2026-04-03 09:34:00,16610,16610,16570,16570,221
2026-04-03 09:35:00,16570,16570,16500,16510,1569
2026-04-03 09:36:00,16510,16510,16510,16510,139
2026-04-03 09:37:00,16530,16540,16530,16540,55
2026-04-03 09:38:00,16530,16540,16530,16540,448
2026-04-03 09:39:00,16540,16550,16520,16520,39
2026-04-03 09:40:00,16530,16530,16520,16530,88
2026-04-03 09:41:00,16530,16560,16530,16560,27
2026-04-03 09:42:00,16580,16600,16510,16580,1115
2026-04-03 09:45:00,16580,16580,16580,16580,60
2026-04-03 09:46:00,16570,16570,16570,16570,46
2026-04-03 09:47:00,16570,16570,16570,16570,110
2026-04-03 09:48:00,16570,16570,16570,16570,109
2026-04-03 09:50:00,16570,16600,16570,16600,427
2026-04-03 09:51:00,16610,16630,16610,16630,146
2026-04-03 09:52:00,16660,16660,16660,16660,20
2026-04-03 09:53:00,16640,16660,16640,16660,3
2026-04-03 09:54:00,16670,16670,16650,16650,307
2026-04-03 09:55:00,16650,16650,16640,16640,21
2026-04-03 09:56:00,16640,16650,16630,16630,1126
2026-04-03 09:57:00,16630,16660,16630,16660,878
2026-04-03 09:58:00,16700,16700,16700,16700,20
2026-04-03 09:59:00,16700,16700,16650,16650,187
2026-04-03 10:00:00,16650,16690,16650,16670,110
2026-04-03 10:01:00,16700,16700,16700,16700,1
2026-04-03 10:02:00,16670,16670,16650,16660,576
2026-04-03 10:04:00,16650,16660,16650,16660,51
2026-04-03 10:05:00,16660,16660,16620,16620,205
2026-04-03 10:06:00,16610,16610,16580,16580,174
2026-04-03 10:07:00,16550,16560,16550,16550,70
2026-04-03 10:08:00,16550,16560,16540,16540,124
2026-04-03 10:10:00,16540,16540,16540,16540,5
2026-04-03 10:11:00,16540,16540,16510,16510,84
2026-04-03 10:12:00,16530,16530,16510,16510,47
2026-04-03 10:13:00,16520,16520,16510,16510,69
2026-04-03 10:14:00,16510,16510,16510,16510,1
2026-04-03 10:15:00,16510,16510,16510,16510,1
2026-04-03 10:16:00,16520,16520,16520,16520,10
2026-04-03 10:17:00,16530,16530,16520,16520,28
2026-04-03 10:18:00,16540,16540,16530,16530,4
2026-04-03 10:19:00,16530,16530,16530,16530,43
2026-04-03 10:20:00,16520,16540,16520,16540,8
2026-04-03 10:22:00,16540,16560,16540,16540,106
2026-04-03 10:24:00,16540,16550,16540,16550,5
2026-04-03 10:25:00,16550,16550,16540,16540,35
2026-04-03 10:26:00,16550,16550,16550,16550,8
2026-04-03 10:27:00,16550,16550,16550,16550,1
2026-04-03 10:28:00,16560,16560,16560,16560,110
2026-04-03 10:29:00,16570,16570,16570,16570,2
2026-04-03 10:31:00,16570,16590,16570,16590,13
2026-04-03 10:32:00,16600,16600,16570,16570,307
2026-04-03 10:33:00,16570,16580,16540,16540,298
2026-04-03 10:34:00,16550,16550,16550,16550,2
2026-04-03 10:35:00,16530,16530,16510,16520,617
2026-04-03 10:36:00,16510,16520,16510,16520,120
2026-04-03 10:37:00,16520,16520,16520,16520,20
2026-04-03 10:38:00,16520,16520,16490,16490,2686
2026-04-03 10:39:00,16490,16490,16460,16460,130
2026-04-03 10:40:00,16450,16450,16440,16440,123
2026-04-03 10:41:00,16430,16430,16430,16430,4
2026-04-03 10:42:00,16420,16420,16420,16420,106
2026-04-03 10:43:00,16420,16420,16410,16410,57
2026-04-03 10:44:00,16410,16410,16410,16410,53
2026-04-03 10:45:00,16410,16410,16410,16410,6
2026-04-03 10:46:00,16410,16410,16410,16410,255
2026-04-03 10:47:00,16400,16400,16400,16400,264
2026-04-03 10:48:00,16390,16390,16380,16380,43
2026-04-03 10:49:00,16380,16380,16380,16380,255
2026-04-03 10:50:00,16380,16380,16370,16370,33
2026-04-03 10:51:00,16370,16370,16360,16360,28
2026-04-03 10:52:00,16370,16370,16340,16340,234
2026-04-03 10:53:00,16350,16350,16340,16350,88
2026-04-03 10:54:00,16350,16350,16290,16300,404
2026-04-03 10:55:00,16300,16310,16300,16310,22
2026-04-03 10:56:00,16290,16290,16290,16290,11
2026-04-03 10:57:00,16300,16300,16270,16270,539
2026-04-03 10:58:00,16270,16270,16250,16250,68
2026-04-03 10:59:00,16250,16250,16240,16240,22
2026-04-03 11:00:00,16250,16250,16250,16250,31
2026-04-03 11:01:00,16250,16250,16250,16250,1
2026-04-03 11:02:00,16250,16250,16250,16250,22
2026-04-03 11:03:00,16250,16280,16250,16280,20
2026-04-03 11:04:00,16310,16320,16310,16320,101
2026-04-03 11:05:00,16320,16320,16310,16320,255
2026-04-03 11:06:00,16320,16320,16310,16310,62
2026-04-03 11:08:00,16260,16260,16260,16260,1
2026-04-03 11:10:00,16280,16290,16280,16290,22
2026-04-03 11:11:00,16300,16300,16300,16300,26
2026-04-03 11:12:00,16280,16280,16240,16250,577
2026-04-03 11:13:00,16250,16250,16200,16250,460
2026-04-03 11:14:00,16250,16250,16250,16250,53
2026-04-03 11:15:00,16250,16250,16210,16210,103
2026-04-03 11:16:00,16210,16210,16190,16190,871
2026-04-03 11:17:00,16200,16200,16200,16200,255
2026-04-03 11:18:00,16210,16210,16210,16210,2
2026-04-03 11:19:00,16220,16220,16200,16200,3
2026-04-03 11:20:00,16220,16220,16210,16210,98
2026-04-03 11:21:00,16230,16250,16230,16250,133
2026-04-03 11:22:00,16250,16250,16240,16240,10
2026-04-03 11:23:00,16240,16240,16220,16240,107
2026-04-03 11:25:00,16240,16240,16200,16200,92
2026-04-03 11:26:00,16200,16200,16110,16120,2086
2026-04-03 11:27:00,16160,16160,16160,16160,1
2026-04-03 11:28:00,16120,16130,16120,16130,164
2026-04-03 11:29:00,16130,16130,16130,16130,120
2026-04-03 11:30:00,16130,16130,16120,16120,193
2026-04-03 11:31:00,16130,16130,16130,16130,51
2026-04-03 11:32:00,16120,16120,16100,16100,467
2026-04-03 11:33:00,16100,16120,16060,16060,611
2026-04-03 11:34:00,16060,16060,16060,16060,50
2026-04-03 11:35:00,16070,16070,16050,16050,114
2026-04-03 11:36:00,16050,16050,16050,16050,101
2026-04-03 11:37:00,16050,16050,16050,16050,101
2026-04-03 11:38:00,16060,16060,16040,16040,457
2026-04-03 11:39:00,16050,16050,16050,16050,22
2026-04-03 11:40:00,16100,16100,16100,16100,26
2026-04-03 11:41:00,16110,16120,16100,16120,23
2026-04-03 11:42:00,16120,16120,16120,16120,251
2026-04-03 11:43:00,16120,16120,16120,16120,10
2026-04-03 11:44:00,16120,16270,16120,16220,212
2026-04-03 11:45:00,16160,16160,16120,16130,40
2026-04-03 11:46:00,16150,16150,16120,16120,90
2026-04-03 11:47:00,16130,16130,16130,16130,5
2026-04-03 11:48:00,16120,16130,16110,16110,47
2026-04-03 11:49:00,16120,16190,16100,16190,150
2026-04-03 11:50:00,16200,16200,16200,16200,5
2026-04-03 11:51:00,16190,16190,16150,16150,201
2026-04-03 11:52:00,16180,16200,16180,16200,1910
2026-04-03 11:53:00,16210,16210,16210,16210,61
2026-04-03 11:54:00,16270,16270,16270,16270,129
2026-04-03 11:55:00,16190,16190,16190,16190,1
2026-04-03 11:57:00,16220,16280,16220,16280,22
2026-04-03 11:58:00,16280,16300,16250,16300,106
2026-04-03 11:59:00,16280,16330,16280,16290,178
2026-04-03 12:00:00,16330,16330,16330,16330,4
2026-04-03 12:02:00,16310,16310,16310,16310,1
2026-04-03 12:03:00,16310,16310,16290,16290,177
2026-04-03 12:04:00,16280,16280,16230,16230,1015
2026-04-03 12:06:00,16220,16280,16220,16280,230
2026-04-03 12:07:00,16300,16300,16300,16300,15
2026-04-03 12:09:00,16250,16250,16250,16250,146
2026-04-03 12:10:00,16250,16250,16250,16250,3
2026-04-03 12:11:00,16250,16250,16250,16250,9
2026-04-03 12:12:00,16250,16250,16250,16250,8
2026-04-03 12:13:00,16240,16240,16240,16240,1
2026-04-03 12:15:00,16240,16240,16240,16240,50
2026-04-03 12:16:00,16240,16260,16240,16250,61
2026-04-03 12:19:00,16250,16250,16240,16240,131
2026-04-03 12:20:00,16240,16290,16240,16290,164
2026-04-03 12:21:00,16300,16300,16300,16300,8
2026-04-03 12:22:00,16240,16300,16240,16300,6
2026-04-03 12:24:00,16240,16240,16240,16240,1
2026-04-03 12:26:00,16290,16290,16290,16290,2
2026-04-03 12:27:00,16250,16250,16250,16250,1
2026-04-03 12:30:00,16250,16250,16250,16250,20
2026-04-03 12:31:00,16250,16250,16250,16250,1
2026-04-03 12:34:00,16300,16300,16260,16260,121
2026-04-03 12:38:00,16260,16300,16260,16300,101
2026-04-03 12:39:00,16260,16260,16260,16260,2
2026-04-03 12:40:00,16260,16260,16260,16260,11
2026-04-03 12:42:00,16270,16270,16270,16270,1
2026-04-03 12:44:00,16270,16270,16260,16260,96
2026-04-03 12:45:00,16260,16260,16260,16260,1
2026-04-03 12:46:00,16260,16260,16260,16260,1
2026-04-03 12:48:00,16260,16260,16260,16260,10
2026-04-03 12:49:00,16260,16260,16260,16260,2
2026-04-03 12:50:00,16260,16270,16260,16270,2
2026-04-03 12:51:00,16260,16260,16260,16260,17
2026-04-03 12:52:00,16260,16260,16220,16220,102
2026-04-03 12:53:00,16220,16220,16210,16210,201
2026-04-03 12:54:00,16220,16240,16210,16240,64
2026-04-03 12:55:00,16230,16230,16230,16230,6
2026-04-03 12:56:00,16230,16230,16230,16230,1
2026-04-03 12:58:00,16250,16260,16240,16260,137
2026-04-03 12:59:00,16260,16260,16250,16250,5
2026-04-03 13:00:00,16240,16240,16240,16240,1
2026-04-03 13:01:00,16260,16260,16260,16260,22
2026-04-03 13:02:00,16260,16290,16260,16270,210
2026-04-03 13:03:00,16280,16280,16270,16270,2
2026-04-03 13:04:00,16280,16280,16280,16280,2
2026-04-03 13:05:00,16280,16280,16270,16280,80
2026-04-03 13:06:00,16270,16270,16270,16270,1
2026-04-03 13:07:00,16280,16280,16260,16260,82
2026-04-03 13:09:00,16270,16270,16270,16270,76
2026-04-03 13:10:00,16270,16270,16270,16270,11
2026-04-03 13:11:00,16270,16270,16270,16270,14
2026-04-03 13:12:00,16270,16270,16270,16270,7
2026-04-03 13:13:00,16270,16280,16270,16280,21
2026-04-03 13:14:00,16270,16270,16270,16270,2
2026-04-03 13:16:00,16280,16280,16270,16270,76
2026-04-03 13:17:00,16280,16290,16280,16290,48
2026-04-03 13:18:00,16290,16290,16290,16290,26
2026-04-03 13:19:00,16290,16290,16290,16290,63
2026-04-03 13:20:00,16290,16330,16290,16310,1202
2026-04-03 13:21:00,16310,16330,16310,16330,33
2026-04-03 13:22:00,16340,16340,16330,16330,36
2026-04-03 13:23:00,16330,16350,16330,16350,17
2026-04-03 13:24:00,16330,16330,16310,16310,93
2026-04-03 13:25:00,16310,16310,16290,16290,397
2026-04-03 13:26:00,16300,16300,16300,16300,9
2026-04-03 13:27:00,16300,16300,16300,16300,20
2026-04-03 13:28:00,16300,16300,16290,16300,6
2026-04-03 13:29:00,16300,16300,16300,16300,5
2026-04-03 13:30:00,16290,16290,16280,16280,295
2026-04-03 13:31:00,16270,16270,16270,16270,129
2026-04-03 13:32:00,16250,16250,16250,16250,1
2026-04-03 13:33:00,16270,16280,16270,16280,17
2026-04-03 13:34:00,16280,16300,16280,16300,622
2026-04-03 13:35:00,16350,16350,16280,16280,2
2026-04-03 13:36:00,16350,16350,16350,16350,1
2026-04-03 13:38:00,16350,16350,16350,16350,89
2026-04-03 13:39:00,16290,16350,16290,16350,2
2026-04-03 13:40:00,16300,16300,16300,16300,1
2026-04-03 13:43:00,16300,16300,16300,16300,11
2026-04-03 13:44:00,16300,16300,16290,16290,39
2026-04-03 13:45:00,16300,16300,16300,16300,4
2026-04-03 13:46:00,16290,16320,16290,16290,11
2026-04-03 13:47:00,16320,16320,16320,16320,1
2026-04-03 13:48:00,16330,16330,16330,16330,1
2026-04-03 13:50:00,16320,16320,16320,16320,1
2026-04-03 13:51:00,16330,16340,16330,16340,18
2026-04-03 13:52:00,16330,16340,16330,16340,93
2026-04-03 13:53:00,16320,16340,16320,16340,22
2026-04-03 13:55:00,16340,16340,16340,16340,22
2026-04-03 13:56:00,16340,16340,16340,16340,7
2026-04-03 13:57:00,16320,16340,16320,16340,8
2026-04-03 13:58:00,16340,16350,16340,16350,125
2026-04-03 14:01:00,16320,16320,16320,16320,1
2026-04-03 14:02:00,16350,16360,16350,16360,85
2026-04-03 14:03:00,16360,16360,16360,16360,1
2026-04-03 14:04:00,16360,16360,16360,16360,1
2026-04-03 14:05:00,16370,16380,16360,16360,55
2026-04-03 14:06:00,16390,16390,16390,16390,25
2026-04-03 14:07:00,16400,16410,16400,16410,224
2026-04-03 14:08:00,16410,16410,16400,16410,23
2026-04-03 14:09:00,16410,16410,16410,16410,35
2026-04-03 14:10:00,16410,16410,16410,16410,5
2026-04-03 14:11:00,16410,16410,16400,16400,3
2026-04-03 14:12:00,16400,16400,16400,16400,25
2026-04-03 14:13:00,16390,16390,16360,16360,71
2026-04-03 14:14:00,16380,16380,16380,16380,1
2026-04-03 14:15:00,16350,16350,16350,16350,2
2026-04-03 14:16:00,16350,16350,16320,16320,109
2026-04-03 14:17:00,16310,16320,16310,16320,5
2026-04-03 14:18:00,16320,16320,16310,16310,49
2026-04-03 14:19:00,16310,16320,16310,16320,37
2026-04-03 14:21:00,16330,16350,16330,16350,4
2026-04-03 14:22:00,16330,16330,16320,16320,81
2026-04-03 14:23:00,16320,16320,16320,16320,7
2026-04-03 14:24:00,16320,16320,16315,16315,75
2026-04-03 14:25:00,16315,16315,16300,16300,454
2026-04-03 14:26:00,16290,16290,16290,16290,1
2026-04-03 14:27:00,16290,16295,16290,16295,7
2026-04-03 14:28:00,16295,16295,16295,16295,6
2026-04-03 14:29:00,16295,16295,16290,16290,6
2026-04-03 14:30:00,16290,16295,16290,16295,5
2026-04-03 14:31:00,16295,16295,16290,16290,84
2026-04-03 14:32:00,16290,16290,16290,16290,5
2026-04-03 14:33:00,16290,16295,16290,16295,13
2026-04-03 14:34:00,16290,16290,16290,16290,219
2026-04-03 14:35:00,16295,16310,16295,16310,134
2026-04-03 14:36:00,16300,16310,16300,16310,46
2026-04-03 14:37:00,16300,16310,16300,16310,8
2026-04-03 14:40:00,16310,16310,16310,16310,1
2026-04-03 14:41:00,16310,16310,16310,16310,1
2026-04-03 14:42:00,16310,16330,16310,16330,52
2026-04-03 14:43:00,16320,16330,16320,16330,537
2026-04-03 14:44:00,16320,16320,16320,16320,1
2026-04-03 14:45:00,16320,16320,16270,16270,2803
2026-04-03 14:47:00,16270,16280,16270,16270,108
2026-04-03 14:48:00,16280,16290,16280,16290,185
2026-04-03 14:49:00,16280,16280,16280,16280,5
2026-04-03 14:50:00,16280,16280,16280,16280,206
2026-04-03 14:51:00,16280,16300,16280,16300,103
2026-04-03 14:52:00,16330,16350,16330,16350,8
2026-04-03 14:54:00,16360,16360,16350,16350,17
2026-04-03 14:55:00,16350,16350,16350,16350,34
2026-04-03 14:56:00,16360,16360,16360,16360,4
2026-04-03 14:58:00,16360,16380,16360,16370,31
2026-04-03 14:59:00,16390,16390,16390,16390,7
2026-04-03 15:00:00,16370,16370,16360,16360,60
2026-04-03 15:01:00,16390,16390,16390,16390,12
2026-04-03 15:02:00,16390,16390,16390,16390,5
2026-04-03 15:03:00,16370,16380,16370,16380,145
2026-04-03 15:05:00,16380,16380,16380,16380,27
2026-04-03 15:06:00,16380,16380,16370,16380,43
2026-04-03 15:07:00,16380,16390,16370,16370,1311
2026-04-03 15:08:00,16370,16370,16360,16360,86
2026-04-03 15:09:00,16370,16370,16360,16370,19
2026-04-03 15:10:00,16360,16360,16360,16360,11
2026-04-03 15:11:00,16360,16400,16360,16360,306
2026-04-03 15:12:00,16360,16370,16360,16370,12
2026-04-03 15:13:00,16370,16380,16370,16370,17
2026-04-03 15:14:00,16370,16370,16360,16360,239
2026-04-03 15:15:00,16365,16370,16360,16370,95
2026-04-03 15:16:00,16360,16360,16330,16330,1168
2026-04-03 15:17:00,16330,16340,16330,16340,28
2026-04-03 15:18:00,16360,16370,16300,16300,823
2026-04-03 15:19:00,16300,16380,16300,16380,23
2026-04-03 15:30:00,16350,16350,16350,16350,334
2026-04-03 15:35:00,16350,16350,16350,16350,200
2026-04-06 09:00:00,16370,16640,16370,16630,1172
2026-04-06 09:01:00,16630,16680,16620,16630,268
2026-04-06 09:02:00,16660,16660,16400,16540,315
2026-04-06 09:03:00,16530,16570,16530,16570,10
2026-04-06 09:04:00,16540,16550,16500,16550,408
2026-04-06 09:05:00,16560,16620,16550,16550,385
2026-04-06 09:06:00,16630,16640,16595,16595,24
2026-04-06 09:07:00,16640,16720,16640,16710,1680
2026-04-06 09:08:00,16700,16710,16700,16710,84
2026-04-06 09:09:00,16640,16640,16630,16630,74
2026-04-06 09:10:00,16660,16700,16660,16700,256
2026-04-06 09:11:00,16700,16700,16690,16690,15
2026-04-06 09:12:00,16690,16730,16690,16700,1309
2026-04-06 09:13:00,16670,16730,16670,16730,1117
2026-04-06 09:14:00,16740,16750,16730,16730,404
2026-04-06 09:15:00,16710,16720,16710,16710,82
2026-04-06 09:16:00,16710,16710,16650,16650,676
2026-04-06 09:17:00,16640,16640,16610,16610,176
2026-04-06 09:18:00,16610,16610,16570,16570,282
2026-04-06 09:19:00,16570,16570,16570,16570,80
2026-04-06 09:20:00,16580,16580,16580,16580,115
2026-04-06 09:21:00,16590,16590,16510,16510,463
2026-04-06 09:22:00,16510,16510,16510,16510,100
2026-04-06 09:23:00,16520,16540,16510,16540,51
2026-04-06 09:24:00,16540,16540,16540,16540,120
2026-04-06 09:25:00,16510,16540,16510,16540,267
2026-04-06 09:26:00,16510,16510,16480,16480,677
2026-04-06 09:27:00,16470,16470,16450,16450,108
2026-04-06 09:28:00,16450,16450,16420,16420,119
2026-04-06 09:29:00,16420,16420,16420,16420,129
2026-04-06 09:30:00,16420,16420,16350,16350,2237
2026-04-06 09:31:00,16360,16370,16360,16370,19
2026-04-06 09:32:00,16420,16420,16350,16350,92
2026-04-06 09:33:00,16370,16370,16350,16350,109
2026-04-06 09:34:00,16360,16360,16360,16360,2
2026-04-06 09:35:00,16430,16430,16360,16360,24
2026-04-06 09:36:00,16370,16370,16370,16370,7
2026-04-06 09:37:00,16370,16370,16370,16370,303
2026-04-06 09:38:00,16380,16380,16370,16370,23
2026-04-06 09:39:00,16400,16440,16400,16440,42
2026-04-06 09:40:00,16460,16480,16440,16480,541
2026-04-06 09:41:00,16480,16500,16470,16470,611
2026-04-06 09:42:00,16470,16470,16360,16370,114
2026-04-06 09:43:00,16370,16390,16370,16390,102
2026-04-06 09:44:00,16390,16450,16390,16450,135
2026-04-06 09:45:00,16450,16450,16420,16420,242
2026-04-06 09:47:00,16420,16420,16420,16420,132
2026-04-06 09:48:00,16410,16410,16360,16370,223
2026-04-06 09:49:00,16380,16380,16360,16360,203
2026-04-06 09:50:00,16360,16360,16360,16360,101
2026-04-06 09:51:00,16360,16370,16350,16370,384
2026-04-06 09:52:00,16370,16370,16370,16370,4
2026-04-06 09:53:00,16370,16380,16370,16380,332
2026-04-06 09:57:00,16400,16400,16400,16400,1
2026-04-06 10:00:00,16400,16400,16400,16400,3
2026-04-06 10:01:00,16400,16400,16400,16400,32
2026-04-06 10:02:00,16450,16450,16450,16450,1
2026-04-06 10:03:00,16450,16450,16450,16450,100
2026-04-06 10:05:00,16440,16440,16410,16410,76
2026-04-06 10:06:00,16420,16420,16390,16390,331
2026-04-06 10:07:00,16400,16400,16400,16400,40
2026-04-06 10:08:00,16380,16400,16370,16400,170
2026-04-06 10:09:00,16400,16400,16390,16400,12
2026-04-06 10:10:00,16400,16400,16390,16400,157
2026-04-06 10:11:00,16400,16400,16400,16400,10
2026-04-06 10:12:00,16400,16400,16400,16400,52
2026-04-06 10:13:00,16400,16400,16380,16380,45
2026-04-06 10:14:00,16370,16370,16330,16330,1165
2026-04-06 10:15:00,16320,16330,16310,16310,284
2026-04-06 10:16:00,16320,16320,16310,16310,15
2026-04-06 10:17:00,16310,16310,16310,16310,472
2026-04-06 10:18:00,16320,16320,16300,16310,292
2026-04-06 10:19:00,16310,16310,16310,16310,45
2026-04-06 10:20:00,16310,16310,16260,16260,274
2026-04-06 10:21:00,16260,16350,16260,16350,77
2026-04-06 10:22:00,16330,16340,16330,16340,101
2026-04-06 10:23:00,16330,16330,16330,16330,1
2026-04-06 10:25:00,16330,16340,16300,16340,180
2026-04-06 10:26:00,16340,16340,16340,16340,20
2026-04-06 10:27:00,16340,16340,16340,16340,8
2026-04-06 10:28:00,16340,16340,16300,16300,89
2026-04-06 10:31:00,16350,16350,16320,16320,83
2026-04-06 10:32:00,16300,16300,16300,16300,10
2026-04-06 10:33:00,16340,16340,16300,16300,31
2026-04-06 10:34:00,16280,16280,16260,16260,55
2026-04-06 10:35:00,16260,16260,16260,16260,100
2026-04-06 10:36:00,16260,16260,16260,16260,28
2026-04-06 10:37:00,16260,16270,16250,16250,49
2026-04-06 10:38:00,16250,16250,16220,16220,78
2026-04-06 10:39:00,16220,16220,16220,16220,300
2026-04-06 10:40:00,16220,16220,16220,16220,9
2026-04-06 10:41:00,16220,16220,16220,16220,2
2026-04-06 10:43:00,16220,16220,16220,16220,42
2026-04-06 10:44:00,16220,16220,16220,16220,40
2026-04-06 10:45:00,16240,16240,16220,16220,51
2026-04-06 10:46:00,16220,16220,16220,16220,2
2026-04-06 10:47:00,16210,16210,16210,16210,30
2026-04-06 10:48:00,16200,16200,16180,16180,266
2026-04-06 10:49:00,16180,16180,16160,16170,164
2026-04-06 10:51:00,16170,16170,16170,16170,17
2026-04-06 10:52:00,16170,16170,16170,16170,60
2026-04-06 10:53:00,16170,16170,16120,16130,1678
2026-04-06 10:54:00,16110,16160,16100,16100,388
2026-04-06 10:55:00,16100,16100,16100,16100,42
2026-04-06 10:57:00,16100,16100,16100,16100,387
2026-04-06 10:58:00,16100,16110,16100,16110,57
2026-04-06 11:00:00,16120,16120,16100,16120,367
2026-04-06 11:01:00,16120,16120,16120,16120,3
2026-04-06 11:02:00,16120,16120,16120,16120,9
2026-04-06 11:03:00,16120,16120,16120,16120,1
2026-04-06 11:04:00,16110,16110,16070,16090,82
2026-04-06 11:05:00,16090,16120,16090,16120,19
2026-04-06 11:06:00,16120,16120,16080,16080,39
2026-04-06 11:07:00,16080,16120,16080,16120,108
2026-04-06 11:08:00,16120,16120,16110,16110,235
2026-04-06 11:09:00,16110,16170,16110,16130,283
2026-04-06 11:10:00,16170,16170,16160,16160,8
2026-04-06 11:11:00,16170,16190,16170,16190,35
2026-04-06 11:12:00,16200,16220,16200,16220,237
2026-04-06 11:13:00,16230,16240,16230,16240,7
2026-04-06 11:14:00,16250,16320,16240,16320,205
2026-04-06 11:16:00,16310,16320,16250,16260,118
2026-04-06 11:17:00,16300,16320,16300,16320,65
2026-04-06 11:18:00,16320,16320,16320,16320,1
2026-04-06 11:19:00,16310,16310,16310,16310,17
2026-04-06 11:20:00,16310,16310,16310,16310,12
2026-04-06 11:21:00,16310,16370,16310,16370,328
2026-04-06 11:23:00,16350,16370,16350,16370,9
2026-04-06 11:24:00,16370,16370,16370,16370,50
2026-04-06 11:28:00,16370,16370,16370,16370,11
2026-04-06 11:29:00,16360,16380,16360,16380,399
2026-04-06 11:30:00,16370,16370,16360,16360,7
2026-04-06 11:31:00,16360,16360,16360,16360,2
2026-04-06 11:32:00,16360,16360,16360,16360,12
2026-04-06 11:33:00,16360,16360,16360,16360,83
2026-04-06 11:34:00,16380,16380,16380,16380,1
2026-04-06 11:36:00,16340,16340,16340,16340,100
2026-04-06 11:37:00,16370,16370,16330,16370,352
2026-04-06 11:38:00,16370,16370,16370,16370,1
2026-04-06 11:39:00,16330,16330,16300,16300,348
2026-04-06 11:40:00,16300,16300,16300,16300,3
2026-04-06 11:41:00,16280,16280,16270,16270,102
2026-04-06 11:42:00,16270,16290,16260,16290,491
2026-04-06 11:43:00,16290,16290,16290,16290,53
2026-04-06 11:44:00,16300,16300,16300,16300,32
2026-04-06 11:45:00,16290,16290,16290,16290,12
2026-04-06 11:47:00,16290,16290,16270,16270,205
2026-04-06 11:50:00,16270,16270,16270,16270,42
2026-04-06 11:54:00,16270,16270,16260,16260,296
2026-04-06 11:55:00,16270,16270,16270,16270,2
2026-04-06 11:56:00,16260,16260,16260,16260,1
2026-04-06 11:57:00,16260,16260,16260,16260,95
2026-04-06 11:58:00,16260,16260,16230,16240,607
2026-04-06 11:59:00,16240,16240,16240,16240,1
2026-04-06 12:00:00,16230,16230,16230,16230,30
2026-04-06 12:01:00,16230,16230,16230,16230,4
2026-04-06 12:03:00,16230,16230,16230,16230,4
2026-04-06 12:05:00,16240,16240,16230,16230,4
2026-04-06 12:06:00,16240,16240,16240,16240,18
2026-04-06 12:12:00,16240,16240,16240,16240,18
2026-04-06 12:14:00,16230,16230,16230,16230,370
2026-04-06 12:15:00,16220,16220,16220,16220,21
2026-04-06 12:17:00,16210,16220,16210,16220,17
2026-04-06 12:18:00,16220,16220,16220,16220,7
2026-04-06 12:19:00,16210,16210,16200,16200,103
2026-04-06 12:20:00,16200,16200,16170,16170,155
2026-04-06 12:21:00,16180,16180,16170,16170,34
2026-04-06 12:22:00,16170,16170,16170,16170,100
2026-04-06 12:24:00,16170,16180,16170,16180,12
2026-04-06 12:25:00,16180,16180,16180,16180,15
2026-04-06 12:26:00,16180,16180,16180,16180,22
2026-04-06 12:27:00,16180,16180,16180,16180,26
2026-04-06 12:28:00,16180,16180,16180,16180,1
2026-04-06 12:29:00,16180,16180,16180,16180,1
2026-04-06 12:30:00,16180,16180,16180,16180,2
2026-04-06 12:31:00,16180,16180,16180,16180,145
2026-04-06 12:32:00,16180,16200,16180,16200,22
2026-04-06 12:33:00,16200,16200,16190,16190,61
2026-04-06 12:36:00,16170,16170,16170,16170,63
2026-04-06 12:37:00,16170,16170,16160,16160,39
2026-04-06 12:38:00,16160,16170,16160,16170,27
2026-04-06 12:39:00,16160,16160,16150,16150,205
2026-04-06 12:40:00,16140,16140,16130,16130,4
2026-04-06 12:41:00,16130,16130,16120,16130,35
2026-04-06 12:42:00,16120,16120,16100,16100,102
2026-04-06 12:43:00,16100,16100,16090,16100,112
2026-04-06 12:44:00,16100,16100,16090,16090,34
2026-04-06 12:45:00,16090,16090,16090,16090,1
2026-04-06 12:46:00,16100,16100,16100,16100,6
2026-04-06 12:47:00,16100,16100,16070,16090,253
2026-04-06 12:48:00,16070,16080,16060,16060,359
2026-04-06 12:49:00,16060,16060,16060,16060,1
2026-04-06 12:53:00,16080,16080,16080,16080,11
2026-04-06 12:54:00,16080,16080,16080,16080,2
2026-04-06 12:55:00,16080,16080,16080,16080,2
2026-04-06 12:57:00,16080,16080,16080,16080,32
2026-04-06 12:58:00,16070,16070,16070,16070,51
2026-04-06 12:59:00,16060,16070,16060,16070,154
2026-04-06 13:00:00,16070,16070,16060,16060,60
2026-04-06 13:01:00,16070,16090,16070,16090,5
2026-04-06 13:02:00,16100,16100,16050,16070,43
2026-04-06 13:05:00,16070,16070,16070,16070,17
2026-04-06 13:06:00,16070,16090,16070,16090,103
2026-04-06 13:08:00,16090,16090,16090,16090,21
2026-04-06 13:11:00,16100,16100,16090,16090,10
2026-04-06 13:13:00,16100,16100,16080,16080,18
2026-04-06 13:14:00,16090,16090,16090,16090,1
2026-04-06 13:16:00,16090,16090,16090,16090,81
2026-04-06 13:17:00,16100,16100,16100,16100,1
2026-04-06 13:18:00,16100,16100,16100,16100,11
2026-04-06 13:21:00,16110,16110,16100,16100,13
2026-04-06 13:23:00,16120,16120,16120,16120,1
2026-04-06 13:24:00,16120,16120,16080,16080,1737
2026-04-06 13:25:00,16080,16080,16080,16080,24
2026-04-06 13:30:00,16090,16090,16090,16090,1
2026-04-06 13:32:00,16090,16090,16090,16090,2
2026-04-06 13:34:00,16090,16090,16090,16090,1
2026-04-06 13:35:00,16090,16090,16090,16090,112
2026-04-06 13:36:00,16090,16090,16090,16090,1
2026-04-06 13:37:00,16100,16140,16100,16140,24
2026-04-06 13:39:00,16140,16140,16140,16140,7
2026-04-06 13:42:00,16120,16120,16120,16120,2
2026-04-06 13:45:00,16130,16140,16130,16140,654
2026-04-06 13:48:00,16140,16150,16140,16150,48
2026-04-06 13:49:00,16160,16160,16160,16160,10
2026-04-06 13:50:00,16160,16160,16160,16160,10
2026-04-06 13:51:00,16150,16160,16150,16150,18
2026-04-06 13:52:00,16140,16140,16140,16140,4
2026-04-06 13:53:00,16140,16150,16140,16150,11
2026-04-06 13:54:00,16140,16140,16140,16140,1
2026-04-06 13:55:00,16140,16140,16140,16140,5
2026-04-06 14:01:00,16150,16150,16100,16120,454
2026-04-06 14:02:00,16120,16120,16120,16120,17
2026-04-06 14:04:00,16120,16160,16120,16150,5
2026-04-06 14:06:00,16150,16150,16150,16150,18
2026-04-06 14:08:00,16160,16160,16160,16160,30
2026-04-06 14:09:00,16170,16180,16170,16180,17
2026-04-06 14:11:00,16190,16190,16190,16190,13
2026-04-06 14:12:00,16200,16200,16200,16200,39
2026-04-06 14:13:00,16210,16210,16210,16210,52
2026-04-06 14:14:00,16210,16210,16210,16210,10
2026-04-06 14:22:00,16180,16180,16180,16180,2
2026-04-06 14:26:00,16180,16180,16180,16180,50
2026-04-06 14:27:00,16180,16180,16180,16180,57
2026-04-06 14:28:00,16180,16180,16180,16180,1
2026-04-06 14:29:00,16180,16180,16180,16180,10
2026-04-06 14:32:00,16170,16170,16170,16170,1
2026-04-06 14:33:00,16170,16170,16170,16170,101
2026-04-06 14:34:00,16160,16160,16150,16150,63
2026-04-06 14:36:00,16150,16150,16140,16140,18
2026-04-06 14:37:00,16140,16140,16140,16140,2
2026-04-06 14:41:00,16130,16130,16120,16120,145
2026-04-06 14:42:00,16120,16120,16120,16120,116
2026-04-06 14:43:00,16120,16120,16120,16120,12
2026-04-06 14:46:00,16120,16120,16120,16120,11
2026-04-06 14:47:00,16120,16120,16110,16110,603
2026-04-06 14:48:00,16110,16110,16110,16110,10
2026-04-06 14:50:00,16110,16110,16100,16110,173
2026-04-06 14:52:00,16110,16110,16110,16110,20
2026-04-06 14:54:00,16100,16110,16100,16110,91
2026-04-06 14:55:00,16110,16110,16110,16110,4
2026-04-06 14:57:00,16110,16110,16110,16110,17
2026-04-06 14:58:00,16110,16110,16110,16110,10
2026-04-06 14:59:00,16110,16110,16110,16110,5
2026-04-06 15:01:00,16110,16110,16110,16110,51
2026-04-06 15:02:00,16120,16120,16110,16110,84
2026-04-06 15:04:00,16110,16110,16110,16110,1
2026-04-06 15:05:00,16120,16120,16110,16110,539
2026-04-06 15:07:00,16120,16120,16120,16120,89
2026-04-06 15:09:00,16110,16120,16110,16120,119
2026-04-06 15:10:00,16120,16120,16120,16120,72
2026-04-06 15:11:00,16120,16140,16120,16140,59
2026-04-06 15:12:00,16150,16150,16150,16150,5
2026-04-06 15:13:00,16140,16140,16140,16140,1
2026-04-06 15:14:00,16140,16140,16140,16140,5
2026-04-06 15:15:00,16150,16150,16150,16150,157
2026-04-06 15:16:00,16150,16150,16140,16150,397
2026-04-06 15:17:00,16140,16150,16140,16150,70
2026-04-06 15:18:00,16145,16160,16130,16160,495
2026-04-06 15:19:00,16160,16170,16140,16140,137
2026-04-06 15:30:00,16120,16120,16120,16120,882
2026-04-06 15:35:00,16120,16120,16120,16120,2
2026-04-07 09:00:00,16700,16895,16700,16880,6872
2026-04-07 09:01:00,16880,16950,16790,16890,2111
2026-04-07 09:02:00,16800,16870,16550,16550,3887
2026-04-07 09:03:00,16550,16560,16510,16560,2647
2026-04-07 09:04:00,16620,16630,16580,16630,1071
2026-04-07 09:05:00,16630,16640,16540,16540,1416
2026-04-07 09:06:00,16530,16530,16420,16450,1226
2026-04-07 09:07:00,16430,16430,16300,16300,2086
2026-04-07 09:08:00,16400,16410,16400,16410,31
2026-04-07 09:09:00,16400,16410,16400,16410,300
2026-04-07 09:10:00,16320,16410,16320,16410,183
2026-04-07 09:11:00,16410,16410,16320,16350,323
2026-04-07 09:12:00,16390,16430,16360,16360,1101
2026-04-07 09:13:00,16400,16490,16360,16360,236
2026-04-07 09:14:00,16360,16480,16360,16480,43
2026-04-07 09:15:00,16390,16480,16350,16480,237
2026-04-07 09:16:00,16470,16470,16470,16470,32
2026-04-07 09:17:00,16460,16460,16400,16400,312
2026-04-07 09:18:00,16450,16530,16420,16530,2280
2026-04-07 09:19:00,16510,16510,16500,16500,73
2026-04-07 09:20:00,16480,16480,16460,16460,3
2026-04-07 09:21:00,16490,16500,16430,16440,83
2026-04-07 09:22:00,16430,16440,16400,16440,712
2026-04-07 09:23:00,16440,16490,16440,16440,97
2026-04-07 09:24:00,16440,16440,16410,16410,191
2026-04-07 09:25:00,16410,16410,16410,16410,2
2026-04-07 09:26:00,16440,16440,16440,16440,1
2026-04-07 09:27:00,16440,16440,16400,16400,907
2026-04-07 09:28:00,16410,16450,16410,16450,337
2026-04-07 09:29:00,16410,16460,16410,16460,224
2026-04-07 09:30:00,16480,16490,16480,16490,51
2026-04-07 09:31:00,16490,16500,16490,16490,105
2026-04-07 09:32:00,16440,16490,16440,16480,160
2026-04-07 09:33:00,16480,16480,16440,16440,301
2026-04-07 09:34:00,16480,16510,16450,16470,1061
2026-04-07 09:36:00,16460,16500,16460,16500,33
2026-04-07 09:37:00,16470,16470,16470,16470,36
2026-04-07 09:38:00,16470,16500,16470,16470,976
2026-04-07 09:39:00,16470,16480,16440,16450,127
2026-04-07 09:40:00,16450,16450,16440,16440,282
2026-04-07 09:41:00,16440,16440,16430,16430,467
2026-04-07 09:42:00,16430,16440,16430,16430,196
2026-04-07 09:43:00,16430,16430,16430,16430,324
2026-04-07 09:44:00,16440,16450,16440,16450,15
2026-04-07 09:45:00,16520,16520,16520,16520,1
2026-04-07 09:46:00,16450,16450,16450,16450,2
2026-04-07 09:47:00,16500,16500,16490,16490,21
2026-04-07 09:48:00,16490,16490,16450,16480,12
2026-04-07 09:49:00,16450,16450,16450,16450,29
2026-04-07 09:50:00,16450,16450,16450,16450,42
2026-04-07 09:51:00,16430,16430,16420,16420,118
2026-04-07 09:52:00,16420,16420,16400,16400,1193
2026-04-07 09:53:00,16380,16380,16370,16370,325
2026-04-07 09:54:00,16370,16370,16320,16320,983
2026-04-07 09:55:00,16330,16330,16330,16330,41
2026-04-07 09:56:00,16320,16350,16320,16350,37
2026-04-07 09:57:00,16330,16330,16320,16320,232
2026-04-07 09:59:00,16320,16320,16300,16300,313
2026-04-07 10:00:00,16300,16300,16250,16300,393
2026-04-07 10:01:00,16250,16250,16240,16240,3
2026-04-07 10:02:00,16240,16260,16240,16260,187
2026-04-07 10:03:00,16260,16260,16260,16260,105
2026-04-07 10:04:00,16260,16260,16240,16240,7
2026-04-07 10:05:00,16240,16240,16240,16240,30
2026-04-07 10:06:00,16240,16250,16240,16240,116
2026-04-07 10:07:00,16240,16240,16240,16240,69
2026-04-07 10:08:00,16240,16240,16240,16240,25
2026-04-07 10:09:00,16240,16240,16240,16240,194
2026-04-07 10:10:00,16240,16240,16210,16210,286
2026-04-07 10:11:00,16210,16210,16210,16210,126
2026-04-07 10:12:00,16210,16230,16200,16230,104
2026-04-07 10:13:00,16230,16230,16210,16220,40
2026-04-07 10:14:00,16210,16210,16190,16190,181
2026-04-07 10:15:00,16190,16190,16190,16190,38
2026-04-07 10:16:00,16190,16190,16190,16190,1
2026-04-07 10:17:00,16180,16180,16160,16160,433
2026-04-07 10:18:00,16160,16170,16160,16160,257
2026-04-07 10:19:00,16160,16160,16140,16140,987
2026-04-07 10:20:00,16140,16140,16140,16140,77
2026-04-07 10:21:00,16150,16150,16150,16150,1
2026-04-07 10:22:00,16160,16180,16160,16160,137
2026-04-07 10:23:00,16190,16190,16160,16160,31
2026-04-07 10:24:00,16150,16150,16130,16130,124
2026-04-07 10:25:00,16130,16130,16120,16120,60
2026-04-07 10:26:00,16130,16130,16130,16130,284
2026-04-07 10:27:00,16130,16140,16130,16140,37
2026-04-07 10:28:00,16130,16130,16130,16130,10
2026-04-07 10:29:00,16140,16180,16130,16180,152
2026-04-07 10:30:00,16180,16180,16180,16180,25
2026-04-07 10:31:00,16190,16190,16190,16190,1
2026-04-07 10:32:00,16190,16200,16190,16200,2
2026-04-07 10:33:00,16190,16190,16190,16190,1
2026-04-07 10:34:00,16180,16180,16180,16180,68
2026-04-07 10:37:00,16180,16180,16180,16180,40
2026-04-07 10:38:00,16190,16190,16130,16130,210
2026-04-07 10:40:00,16130,16130,16110,16110,898
2026-04-07 10:41:00,16110,16110,16100,16100,333
2026-04-07 10:42:00,16100,16100,16080,16080,424
2026-04-07 10:43:00,16070,16070,16060,16070,175
2026-04-07 10:44:00,16070,16080,16050,16080,193
2026-04-07 10:45:00,16080,16080,16080,16080,56
2026-04-07 10:46:00,16080,16090,16080,16090,21
2026-04-07 10:47:00,16100,16100,16100,16100,2
2026-04-07 10:48:00,16110,16120,16110,16120,145
2026-04-07 10:49:00,16100,16100,16100,16100,65
2026-04-07 10:51:00,16100,16100,16090,16090,113
2026-04-07 10:52:00,16080,16080,16030,16030,672
2026-04-07 10:53:00,16030,16030,16030,16030,214
2026-04-07 10:54:00,16020,16020,16020,16020,54
2026-04-07 10:55:00,16020,16020,16000,16000,1490
2026-04-07 10:56:00,16000,16000,15950,15950,1277
2026-04-07 10:57:00,15950,15950,15950,15950,5
2026-04-07 10:58:00,15960,15970,15950,15970,1108
2026-04-07 10:59:00,15960,15970,15960,15970,76
2026-04-07 11:00:00,15960,16020,15960,16020,85
2026-04-07 11:01:00,15990,15990,15990,15990,35
2026-04-07 11:02:00,16030,16030,16000,16000,11
2026-04-07 11:03:00,16010,16010,16010,16010,1
2026-04-07 11:04:00,16000,16000,15990,15990,334
2026-04-07 11:05:00,15990,16000,15980,15980,66
2026-04-07 11:06:00,15980,15980,15970,15970,18
2026-04-07 11:07:00,15950,15950,15950,15950,58
2026-04-07 11:08:00,15960,15960,15950,15950,56
2026-04-07 11:09:00,15950,15970,15950,15970,102
2026-04-07 11:10:00,15970,16020,15970,16020,219
2026-04-07 11:11:00,16030,16030,16030,16030,1
2026-04-07 11:12:00,15990,15990,15990,15990,40
2026-04-07 11:13:00,15980,15980,15940,15940,104
2026-04-07 11:14:00,15970,15970,15970,15970,1
2026-04-07 11:15:00,15970,15970,15970,15970,71
2026-04-07 11:16:00,15970,15970,15950,15950,31
2026-04-07 11:18:00,15950,15950,15950,15950,362
2026-04-07 11:19:00,15960,15980,15960,15980,231
2026-04-07 11:20:00,16020,16030,16020,16030,2
2026-04-07 11:21:00,16030,16030,15980,15980,230
2026-04-07 11:22:00,15980,15980,15980,15980,12
2026-04-07 11:23:00,15960,15960,15960,15960,47
2026-04-07 11:24:00,15960,15980,15960,15980,195
2026-04-07 11:25:00,15980,15980,15980,15980,16
2026-04-07 11:26:00,15980,15980,15980,15980,187
2026-04-07 11:27:00,16040,16040,16040,16040,1
2026-04-07 11:29:00,16040,16040,16040,16040,2
2026-04-07 11:30:00,15990,15990,15990,15990,1
2026-04-07 11:31:00,16000,16000,16000,16000,103
2026-04-07 11:32:00,16040,16040,16040,16040,36
2026-04-07 11:33:00,16040,16040,16040,16040,15
2026-04-07 11:34:00,16000,16010,16000,16010,404
2026-04-07 11:35:00,16020,16040,16020,16040,630
2026-04-07 11:36:00,16040,16040,16040,16040,103
2026-04-07 11:37:00,16040,16100,16040,16100,169
2026-04-07 11:38:00,16040,16040,16040,16040,60
2026-04-07 11:41:00,16100,16100,16100,16100,3
2026-04-07 11:42:00,16080,16080,16080,16080,1
2026-04-07 11:43:00,16050,16080,16000,16000,465
2026-04-07 11:44:00,16000,16000,16000,16000,239
2026-04-07 11:46:00,16070,16100,16070,16100,10
2026-04-07 11:49:00,16100,16100,16100,16100,6
2026-04-07 11:52:00,16100,16100,16100,16100,50
2026-04-07 11:53:00,16080,16080,16080,16080,19
2026-04-07 11:54:00,16040,16040,16030,16030,72
2026-04-07 11:55:00,16030,16030,16020,16020,12
2026-04-07 11:56:00,16020,16020,16020,16020,2
2026-04-07 11:57:00,16020,16020,16020,16020,1
2026-04-07 12:01:00,16020,16020,16020,16020,1
2026-04-07 12:02:00,16020,16020,16020,16020,1
2026-04-07 12:03:00,16020,16030,16020,16030,132
2026-04-07 12:04:00,16040,16040,16040,16040,35
2026-04-07 12:05:00,16040,16040,16040,16040,2
2026-04-07 12:08:00,16060,16060,16030,16030,121
2026-04-07 12:10:00,16030,16030,16020,16020,38
2026-04-07 12:12:00,16020,16020,16020,16020,121
2026-04-07 12:13:00,16020,16020,16020,16020,1
2026-04-07 12:17:00,16030,16030,16030,16030,2
2026-04-07 12:19:00,16020,16020,15990,16000,312
2026-04-07 12:20:00,16000,16020,15980,16020,153
2026-04-07 12:22:00,16020,16020,16020,16020,52
2026-04-07 12:23:00,16030,16030,16030,16030,2
2026-04-07 12:24:00,16020,16020,16020,16020,12
2026-04-07 12:26:00,16010,16010,16010,16010,12
2026-04-07 12:27:00,16000,16000,15990,15990,53
2026-04-07 12:28:00,16000,16010,16000,16010,4
2026-04-07 12:30:00,16010,16010,16010,16010,50
2026-04-07 12:31:00,16010,16010,16010,16010,156
2026-04-07 12:32:00,16030,16030,16030,16030,200
2026-04-07 12:33:00,16030,16050,16030,16050,95
2026-04-07 12:34:00,16070,16070,16070,16070,1
2026-04-07 12:36:00,16070,16070,16070,16070,1
2026-04-07 12:39:00,16060,16070,16060,16070,10
2026-04-07 12:40:00,16040,16040,16000,16000,185
2026-04-07 12:41:00,16000,16000,16000,16000,124
2026-04-07 12:42:00,16000,16000,16000,16000,1
2026-04-07 12:43:00,15990,16010,15980,16010,698
2026-04-07 12:44:00,16000,16010,16000,16010,20
2026-04-07 12:47:00,15980,15980,15960,15960,576
2026-04-07 12:48:00,15960,15970,15960,15970,81
2026-04-07 12:49:00,15980,16050,15980,16050,4
2026-04-07 12:50:00,15980,15980,15980,15980,17
2026-04-07 12:52:00,15970,15970,15940,15940,522
2026-04-07 12:53:00,15950,15950,15940,15950,155
2026-04-07 12:54:00,15950,15950,15950,15950,80
2026-04-07 12:55:00,15950,15960,15950,15960,24
2026-04-07 12:56:00,16040,16040,16040,16040,10
2026-04-07 12:59:00,15960,15960,15960,15960,8
2026-04-07 13:00:00,16040,16040,16040,16040,1
2026-04-07 13:01:00,16000,16000,16000,16000,12
2026-04-07 13:02:00,16000,16000,16000,16000,10
2026-04-07 13:03:00,16000,16000,16000,16000,2
2026-04-07 13:06:00,16000,16040,16000,16040,42
2026-04-07 13:07:00,15990,15990,15990,15990,10
2026-04-07 13:08:00,15990,16000,15940,16000,228
2026-04-07 13:09:00,15980,15980,15980,15980,12
2026-04-07 13:10:00,15940,15950,15940,15950,15
2026-04-07 13:12:00,15960,15960,15950,15950,3
2026-04-07 13:13:00,15960,15960,15950,15950,7
2026-04-07 13:14:00,15950,15950,15910,15950,493
2026-04-07 13:16:00,15910,15940,15900,15940,418
2026-04-07 13:17:00,15900,15940,15900,15940,30
2026-04-07 13:18:00,15940,15940,15880,15880,344
2026-04-07 13:21:00,15940,15940,15890,15890,11
2026-04-07 13:22:00,15890,15900,15890,15900,37
2026-04-07 13:23:00,15900,15940,15900,15910,8
2026-04-07 13:24:00,15930,15930,15930,15930,3
2026-04-07 13:25:00,15940,15940,15940,15940,1
2026-04-07 13:26:00,15940,15940,15940,15940,18
2026-04-07 13:27:00,15940,15940,15930,15930,33
2026-04-07 13:28:00,15930,15930,15930,15930,10
2026-04-07 13:29:00,15920,15920,15920,15920,15
2026-04-07 13:30:00,15920,15920,15890,15890,621
2026-04-07 13:31:00,15920,15920,15920,15920,185
2026-04-07 13:32:00,15920,15940,15920,15940,174
2026-04-07 13:34:00,15940,16000,15940,16000,38
2026-04-07 13:36:00,15940,15940,15920,15930,15
2026-04-07 13:37:00,16000,16000,16000,16000,10
2026-04-07 13:39:00,15940,15940,15940,15940,14
2026-04-07 13:40:00,15930,15940,15930,15940,7
2026-04-07 13:42:00,15950,15950,15950,15950,4
2026-04-07 13:43:00,15990,16000,15990,16000,10
2026-04-07 13:44:00,15950,15950,15900,15910,701
2026-04-07 13:45:00,15910,15910,15900,15900,300
2026-04-07 13:46:00,15900,15900,15900,15900,1
2026-04-07 13:47:00,15910,15930,15910,15930,19
2026-04-07 13:48:00,15950,15980,15950,15980,767
2026-04-07 13:49:00,15990,16000,15990,16000,5
2026-04-07 13:50:00,16000,16000,16000,16000,111
2026-04-07 13:51:00,16030,16030,16000,16000,10
2026-04-07 13:52:00,16000,16000,16000,16000,112
2026-04-07 13:53:00,16030,16030,16030,16030,1
2026-04-07 13:56:00,16020,16020,16000,16000,402
2026-04-07 13:57:00,16000,16000,16000,16000,2
2026-04-07 13:59:00,15990,15990,15990,15990,100
2026-04-07 14:00:00,15990,15990,15990,15990,9
2026-04-07 14:04:00,15990,15990,15980,15980,130
2026-04-07 14:05:00,15970,15970,15950,15950,119
2026-04-07 14:07:00,15950,15970,15950,15970,65
2026-04-07 14:08:00,15950,15950,15910,15910,20
2026-04-07 14:09:00,15970,15970,15970,15970,10
2026-04-07 14:12:00,15970,15970,15970,15970,196
2026-04-07 14:16:00,15960,15960,15960,15960,50
2026-04-07 14:18:00,15960,15960,15960,15960,3
2026-04-07 14:21:00,15960,15980,15960,15980,160
2026-04-07 14:23:00,15990,15990,15990,15990,115
2026-04-07 14:24:00,15990,15990,15990,15990,1
2026-04-07 14:26:00,15990,15990,15970,15970,97
2026-04-07 14:27:00,15970,15970,15970,15970,27
2026-04-07 14:29:00,15960,15960,15940,15940,69
2026-04-07 14:30:00,15940,15940,15900,15910,503
2026-04-07 14:31:00,15910,15920,15910,15920,142
2026-04-07 14:32:00,15920,15920,15920,15920,192
2026-04-07 14:36:00,15930,15930,15930,15930,107
2026-04-07 14:37:00,15930,15930,15930,15930,6
2026-04-07 14:38:00,15930,15930,15930,15930,15
2026-04-07 14:39:00,15940,15990,15940,15990,10
2026-04-07 14:42:00,15965,15965,15950,15950,38
2026-04-07 14:43:00,15950,15950,15950,15950,58
2026-04-07 14:44:00,15950,15950,15950,15950,1
2026-04-07 14:45:00,15930,15930,15920,15920,74
2026-04-07 14:46:00,15930,15930,15930,15930,98
2026-04-07 14:47:00,15930,15930,15910,15910,42
2026-04-07 14:48:00,15910,15910,15900,15900,408
2026-04-07 14:49:00,15910,15910,15900,15900,37
2026-04-07 14:50:00,15900,15910,15900,15910,10
2026-04-07 14:51:00,15920,15930,15910,15930,85
2026-04-07 14:52:00,15930,15950,15930,15950,112
2026-04-07 14:54:00,15970,15970,15920,15920,91
2026-04-07 14:55:00,15970,15980,15970,15980,71
2026-04-07 14:56:00,15930,15930,15930,15930,39
2026-04-07 14:57:00,15990,15990,15990,15990,141
2026-04-07 14:59:00,16000,16000,16000,16000,20
2026-04-07 15:00:00,16000,16000,15930,15940,639
2026-04-07 15:01:00,16000,16000,16000,16000,16
2026-04-07 15:02:00,16010,16010,16010,16010,29
2026-04-07 15:03:00,16020,16040,16020,16040,19
2026-04-07 15:04:00,16060,16060,16040,16040,83
2026-04-07 15:05:00,16050,16060,16040,16060,149
2026-04-07 15:06:00,16060,16070,16040,16070,84
2026-04-07 15:07:00,16070,16080,16070,16080,387
2026-04-07 15:08:00,16070,16080,16070,16080,95
2026-04-07 15:09:00,16040,16060,16030,16030,149
2026-04-07 15:10:00,16040,16060,16030,16040,190
2026-04-07 15:11:00,16040,16070,16040,16040,3669
2026-04-07 15:12:00,16040,16060,16040,16040,175
2026-04-07 15:13:00,16040,16040,16040,16040,43
2026-04-07 15:14:00,16040,16070,16040,16040,171
2026-04-07 15:15:00,16040,16050,16040,16050,155
2026-04-07 15:17:00,16040,16040,16040,16040,97
2026-04-07 15:18:00,16050,16050,16050,16050,645
2026-04-07 15:19:00,16050,16050,16050,16050,303
2026-04-07 15:30:00,16040,16040,16040,16040,984
2026-04-07 15:35:00,16040,16040,16040,16040,1
2026-04-08 09:00:00,16880,17060,16830,17060,11481
2026-04-08 09:01:00,17050,17080,16970,17010,3182
2026-04-08 09:02:00,16980,17010,16880,16900,2247
2026-04-08 09:03:00,16910,17000,16900,16990,2045
2026-04-08 09:04:00,17000,17030,16900,16900,3154
2026-04-08 09:05:00,16920,16930,16910,16910,510
2026-04-08 09:06:00,16910,16910,16890,16900,942
2026-04-08 09:07:00,16890,16890,16810,16860,3074
2026-04-08 09:08:00,16820,16850,16820,16850,1591
2026-04-08 09:09:00,16840,16840,16810,16820,1018
2026-04-08 09:10:00,16840,16880,16840,16860,3183
2026-04-08 09:11:00,16880,16950,16840,16840,1909
2026-04-08 09:12:00,16840,16890,16840,16840,259
2026-04-08 09:13:00,16900,16990,16900,16920,1384
2026-04-08 09:14:00,16950,16950,16930,16930,115
2026-04-08 09:15:00,16950,16950,16910,16920,1218
2026-04-08 09:16:00,16920,16920,16910,16910,184
2026-04-08 09:17:00,16910,16950,16900,16950,1634
2026-04-08 09:18:00,16950,16980,16920,16980,403
2026-04-08 09:19:00,16980,16990,16960,16970,1460
2026-04-08 09:20:00,16970,16970,16950,16950,1115
2026-04-08 09:21:00,16950,16950,16950,16950,545
2026-04-08 09:22:00,16920,16950,16920,16950,327
2026-04-08 09:23:00,16950,16950,16950,16950,49
2026-04-08 09:24:00,16930,16930,16880,16900,1321
2026-04-08 09:25:00,16900,16900,16890,16890,403
2026-04-08 09:26:00,16890,16890,16880,16890,149
2026-04-08 09:27:00,16880,16880,16830,16840,1577
2026-04-08 09:28:00,16830,16830,16800,16800,973
2026-04-08 09:29:00,16800,16830,16780,16830,1394
2026-04-08 09:30:00,16830,16840,16770,16830,1400
2026-04-08 09:31:00,16830,16830,16740,16740,311
2026-04-08 09:32:00,16740,16740,16710,16710,169
2026-04-08 09:33:00,16710,16710,16700,16700,1191
2026-04-08 09:34:00,16710,16730,16700,16700,717
2026-04-08 09:35:00,16730,16740,16710,16740,274
2026-04-08 09:36:00,16740,16760,16740,16760,7
2026-04-08 09:37:00,16740,16740,16730,16730,180
2026-04-08 09:38:00,16740,16740,16740,16740,53
2026-04-08 09:39:00,16750,16760,16740,16740,949
2026-04-08 09:40:00,16750,16790,16750,16780,66
2026-04-08 09:41:00,16790,16790,16790,16790,134
2026-04-08 09:43:00,16790,16790,16780,16780,9
2026-04-08 09:44:00,16780,16780,16740,16740,163
2026-04-08 09:45:00,16750,16750,16740,16740,526
2026-04-08 09:46:00,16740,16780,16740,16780,300
2026-04-08 09:47:00,16750,16790,16730,16730,764
2026-04-08 09:48:00,16730,16790,16730,16730,343
2026-04-08 09:49:00,16730,16790,16730,16790,686
2026-04-08 09:50:00,16800,16820,16790,16820,29
2026-04-08 09:51:00,16800,16800,16800,16800,13
2026-04-08 09:52:00,16820,16840,16820,16840,34
2026-04-08 09:53:00,16840,16840,16810,16810,26
2026-04-08 09:55:00,16840,16850,16820,16850,181
2026-04-08 09:56:00,16860,16890,16860,16890,14
2026-04-08 09:58:00,16830,16830,16810,16810,160
2026-04-08 09:59:00,16810,16820,16800,16820,355
2026-04-08 10:00:00,16880,16880,16870,16880,72
2026-04-08 10:01:00,16880,16880,16880,16880,1
2026-04-08 10:02:00,16880,16880,16840,16840,34
2026-04-08 10:03:00,16840,16840,16790,16790,230
2026-04-08 10:04:00,16880,16880,16780,16780,312
2026-04-08 10:05:00,16810,16870,16780,16870,132
2026-04-08 10:06:00,16780,16780,16780,16780,1
2026-04-08 10:07:00,16780,16910,16780,16910,2758
2026-04-08 10:08:00,16900,16930,16900,16930,678
2026-04-08 10:09:00,16920,16930,16920,16930,620
2026-04-08 10:10:00,16810,16920,16810,16810,10
2026-04-08 10:11:00,16810,16930,16810,16820,514
2026-04-08 10:12:00,16840,16930,16840,16930,3
2026-04-08 10:13:00,16930,16930,16930,16930,100
2026-04-08 10:14:00,16930,16930,16930,16930,10
2026-04-08 10:16:00,16930,16940,16870,16870,1073
2026-04-08 10:17:00,16940,16940,16930,16930,7
2026-04-08 10:18:00,16930,16930,16880,16880,44
2026-04-08 10:19:00,16930,16930,16930,16930,98
2026-04-08 10:20:00,16930,16940,16930,16940,657
2026-04-08 10:21:00,16930,16930,16930,16930,86
2026-04-08 10:22:00,16930,16930,16930,16930,269
2026-04-08 10:23:00,16930,16950,16920,16940,1262
2026-04-08 10:25:00,16940,16960,16940,16950,1637
2026-04-08 10:26:00,16970,16970,16960,16960,147
2026-04-08 10:28:00,16980,17000,16980,17000,870
2026-04-08 10:29:00,17000,17000,17000,17000,1075
2026-04-08 10:30:00,17000,17010,16970,17000,1848
2026-04-08 10:31:00,17010,17010,17010,17010,2
2026-04-08 10:32:00,17010,17020,17000,17000,1000
2026-04-08 10:33:00,17000,17020,16970,16970,397
2026-04-08 10:34:00,17000,17000,17000,17000,7
2026-04-08 10:35:00,17000,17000,17000,17000,343
2026-04-08 10:36:00,17000,17000,17000,17000,430
2026-04-08 10:37:00,16980,16980,16980,16980,20
2026-04-08 10:38:00,16970,16970,16970,16970,30
2026-04-08 10:39:00,16990,16990,16990,16990,51
2026-04-08 10:41:00,16980,16980,16960,16960,490
2026-04-08 10:42:00,16960,16960,16960,16960,97
2026-04-08 10:43:00,16960,16960,16960,16960,32
2026-04-08 10:45:00,16960,17000,16960,17000,182
2026-04-08 10:46:00,17000,17000,17000,17000,7
2026-04-08 10:47:00,17000,17000,17000,17000,1
2026-04-08 10:49:00,17000,17000,17000,17000,25
2026-04-08 10:50:00,17000,17000,16990,17000,21
2026-04-08 10:51:00,16980,17000,16980,17000,308
2026-04-08 10:53:00,17000,17000,17000,17000,82
2026-04-08 10:54:00,17000,17000,17000,17000,2
2026-04-08 10:55:00,16990,17000,16970,16970,298
2026-04-08 10:56:00,16980,16980,16980,16980,98
2026-04-08 10:57:00,16980,16980,16980,16980,33
2026-04-08 10:58:00,16970,16970,16970,16970,257
2026-04-08 10:59:00,16960,16960,16960,16960,114
2026-04-08 11:00:00,16970,17000,16970,16990,476
2026-04-08 11:01:00,17000,17000,16990,16990,76
2026-04-08 11:02:00,16970,16970,16970,16970,200
2026-04-08 11:03:00,16970,16990,16970,16990,61
2026-04-08 11:04:00,17000,17000,17000,17000,67
2026-04-08 11:05:00,17000,17000,17000,17000,290
2026-04-08 11:06:00,17000,17000,17000,17000,20
2026-04-08 11:08:00,17010,17020,17010,17020,61
2026-04-08 11:09:00,17010,17010,17010,17010,16
2026-04-08 11:10:00,17010,17010,17010,17010,57
2026-04-08 11:11:00,17010,17010,16990,16990,216
2026-04-08 11:12:00,16990,16990,16980,16980,15
2026-04-08 11:13:00,16980,17000,16950,16950,1579
2026-04-08 11:14:00,16950,16960,16950,16960,131
2026-04-08 11:15:00,16970,16970,16970,16970,29
2026-04-08 11:16:00,16970,17000,16970,17000,11
2026-04-08 11:17:00,17000,17000,17000,17000,1074
2026-04-08 11:18:00,17000,17010,16980,16980,786
2026-04-08 11:21:00,16970,16970,16960,16970,817
2026-04-08 11:23:00,16970,16970,16970,16970,10
2026-04-08 11:24:00,16960,16960,16960,16960,50
2026-04-08 11:27:00,16970,16980,16970,16980,90
2026-04-08 11:28:00,16980,16990,16980,16990,29
2026-04-08 11:29:00,16990,16990,16990,16990,20
2026-04-08 11:30:00,16990,17000,16990,17000,57
2026-04-08 11:31:00,17000,17000,16990,16990,19
2026-04-08 11:32:00,16990,16990,16990,16990,98
2026-04-08 11:33:00,17000,17040,17000,17040,1365
2026-04-08 11:34:00,17040,17040,17040,17040,10
2026-04-08 11:35:00,17040,17040,17040,17040,55
2026-04-08 11:36:00,17040,17050,17040,17040,215
2026-04-08 11:37:00,17010,17010,17000,17000,7
2026-04-08 11:38:00,17040,17040,17000,17010,78
2026-04-08 11:39:00,17010,17050,17010,17050,424
2026-04-08 11:40:00,17050,17050,17050,17050,92
2026-04-08 11:41:00,17050,17050,17050,17050,252
2026-04-08 11:42:00,17050,17050,17050,17050,1
2026-04-08 11:43:00,17050,17050,17050,17050,46
2026-04-08 11:44:00,17050,17050,17040,17040,44
2026-04-08 11:45:00,17040,17040,17040,17040,69
2026-04-08 11:47:00,17040,17040,17040,17040,40
2026-04-08 11:48:00,17020,17020,17010,17010,26
2026-04-08 11:49:00,17010,17020,17010,17010,153
2026-04-08 11:50:00,17020,17030,17020,17030,11
2026-04-08 11:51:00,17020,17020,17020,17020,1
2026-04-08 11:54:00,17020,17020,17010,17010,95
2026-04-08 11:55:00,17040,17040,17040,17040,53
2026-04-08 11:56:00,17010,17010,17010,17010,44
2026-04-08 11:58:00,17010,17010,17010,17010,36
2026-04-08 12:00:00,17020,17020,17020,17020,34
2026-04-08 12:01:00,17010,17010,17010,17010,1
2026-04-08 12:02:00,17010,17020,17010,17020,52
2026-04-08 12:03:00,17030,17030,17010,17010,13
2026-04-08 12:04:00,17010,17010,17010,17010,15
2026-04-08 12:05:00,17010,17010,17010,17010,1
2026-04-08 12:06:00,17040,17040,17040,17040,224
2026-04-08 12:07:00,17040,17040,17040,17040,62
2026-04-08 12:08:00,17040,17040,17020,17020,42
2026-04-08 12:09:00,17040,17040,17040,17040,50
2026-04-08 12:10:00,17020,17030,17020,17020,22
2026-04-08 12:11:00,17030,17040,17030,17040,311
2026-04-08 12:12:00,17040,17040,17040,17040,335
2026-04-08 12:13:00,17040,17050,17040,17050,300
2026-04-08 12:14:00,17050,17050,17040,17040,51
2026-04-08 12:15:00,17050,17060,17050,17050,2477
2026-04-08 12:16:00,17060,17060,17060,17060,55
2026-04-08 12:18:00,17070,17070,17070,17070,124
2026-04-08 12:19:00,17070,17070,17070,17070,62
2026-04-08 12:20:00,17070,17070,17060,17070,177
2026-04-08 12:21:00,17070,17070,17070,17070,23
2026-04-08 12:22:00,17080,17080,17080,17080,56
2026-04-08 12:23:00,17080,17080,17080,17080,73
2026-04-08 12:24:00,17090,17090,17090,17090,27
2026-04-08 12:25:00,17090,17090,17090,17090,51
2026-04-08 12:26:00,17090,17100,17090,17100,78
2026-04-08 12:27:00,17080,17100,17080,17080,145
2026-04-08 12:28:00,17080,17100,17080,17100,28
2026-04-08 12:29:00,17070,17100,17060,17100,976
2026-04-08 12:31:00,17080,17090,17080,17090,2
2026-04-08 12:32:00,17080,17080,17060,17060,45
2026-04-08 12:33:00,17060,17060,17060,17060,29
2026-04-08 12:34:00,17060,17060,17060,17060,10
2026-04-08 12:35:00,17060,17060,17060,17060,200
2026-04-08 12:36:00,17060,17060,17060,17060,83
2026-04-08 12:37:00,17060,17060,17060,17060,140
2026-04-08 12:38:00,17070,17070,17070,17070,70
2026-04-08 12:39:00,17070,17070,17070,17070,24
2026-04-08 12:40:00,17060,17060,17030,17030,947
2026-04-08 12:41:00,17040,17070,17030,17030,70
2026-04-08 12:42:00,17030,17070,17030,17050,28
2026-04-08 12:43:00,17050,17050,17050,17050,5
2026-04-08 12:44:00,17050,17080,17050,17080,337
2026-04-08 12:45:00,17080,17080,17080,17080,71
2026-04-08 12:47:00,17050,17070,17030,17040,243
2026-04-08 12:51:00,17050,17050,17050,17050,122
2026-04-08 12:52:00,17050,17060,17050,17060,111
2026-04-08 12:53:00,17060,17060,17060,17060,43
2026-04-08 12:54:00,17050,17050,17050,17050,51
2026-04-08 12:55:00,17050,17050,17050,17050,88
2026-04-08 12:56:00,17050,17050,17050,17050,115
2026-04-08 12:57:00,17050,17060,17050,17060,151
2026-04-08 12:58:00,17060,17060,17060,17060,10
2026-04-08 12:59:00,17050,17050,17050,17050,105
2026-04-08 13:00:00,17050,17060,17050,17060,231
2026-04-08 13:02:00,17060,17060,17060,17060,689
2026-04-08 13:03:00,17060,17070,17060,17070,35
2026-04-08 13:05:00,17070,17090,17050,17090,221
2026-04-08 13:07:00,17090,17100,17060,17060,384
2026-04-08 13:08:00,17100,17100,17030,17030,577
2026-04-08 13:11:00,17100,17110,17100,17110,32
2026-04-08 13:12:00,17120,17120,17120,17120,331
2026-04-08 13:13:00,17130,17140,17120,17140,499
2026-04-08 13:14:00,17140,17140,17140,17140,7
2026-04-08 13:15:00,17140,17140,17140,17140,133
2026-04-08 13:16:00,17140,17140,17130,17130,87
2026-04-08 13:17:00,17120,17120,17120,17120,100
2026-04-08 13:19:00,17120,17150,17120,17150,214
2026-04-08 13:20:00,17150,17180,17150,17180,253
2026-04-08 13:21:00,17180,17200,17180,17180,104
2026-04-08 13:22:00,17180,17180,17180,17180,101
2026-04-08 13:23:00,17180,17190,17180,17190,62
2026-04-08 13:24:00,17190,17200,17180,17190,306
2026-04-08 13:25:00,17200,17200,17190,17190,415
2026-04-08 13:26:00,17190,17190,17190,17190,154
2026-04-08 13:27:00,17195,17195,17170,17170,924
2026-04-08 13:28:00,17150,17150,17120,17120,70
2026-04-08 13:29:00,17140,17170,17050,17170,589
2026-04-08 13:30:00,17170,17175,17170,17170,89
2026-04-08 13:32:00,17170,17170,17170,17170,36
2026-04-08 13:33:00,17170,17170,17170,17170,3
2026-04-08 13:34:00,17110,17210,17110,17120,981
2026-04-08 13:35:00,17220,17250,17220,17250,168
2026-04-08 13:36:00,17250,17250,17250,17250,29
2026-04-08 13:37:00,17200,17200,17200,17200,29
2026-04-08 13:38:00,17205,17250,17200,17250,349
2026-04-08 13:39:00,17250,17250,17200,17200,114
2026-04-08 13:40:00,17210,17210,17210,17210,2
2026-04-08 13:41:00,17210,17210,17200,17200,431
2026-04-08 13:42:00,17200,17200,17200,17200,251
2026-04-08 13:44:00,17200,17200,17180,17180,40
2026-04-08 13:45:00,17200,17200,17200,17200,378
2026-04-08 13:48:00,17200,17210,17180,17210,70
2026-04-08 13:49:00,17210,17220,17210,17210,105
2026-04-08 13:50:00,17220,17240,17220,17230,31
2026-04-08 13:51:00,17250,17250,17230,17230,67
2026-04-08 13:52:00,17230,17260,17230,17260,48
2026-04-08 13:53:00,17260,17270,17260,17270,110
2026-04-08 13:54:00,17270,17290,17270,17290,208
2026-04-08 13:55:00,17290,17290,17290,17290,4
2026-04-08 13:56:00,17280,17290,17280,17290,97
2026-04-08 13:57:00,17290,17290,17280,17280,108
2026-04-08 13:58:00,17280,17280,17260,17260,105
2026-04-08 13:59:00,17260,17260,17260,17260,10
2026-04-08 14:00:00,17280,17290,17250,17250,810
2026-04-08 14:01:00,17250,17250,17180,17180,993
2026-04-08 14:02:00,17180,17260,17180,17260,17
2026-04-08 14:03:00,17180,17180,17150,17150,405
2026-04-08 14:04:00,17150,17150,17150,17150,4
2026-04-08 14:05:00,17150,17150,17150,17150,2
2026-04-08 14:06:00,17150,17150,17150,17150,356
2026-04-08 14:07:00,17150,17150,17150,17150,95
2026-04-08 14:08:00,17150,17150,17150,17150,193
2026-04-08 14:12:00,17140,17140,17140,17140,150
2026-04-08 14:13:00,17140,17150,17140,17150,269
2026-04-08 14:14:00,17150,17150,17150,17150,342
2026-04-08 14:15:00,17150,17160,17130,17130,112
2026-04-08 14:16:00,17140,17140,17140,17140,44
2026-04-08 14:17:00,17130,17130,17130,17130,2
2026-04-08 14:18:00,17140,17140,17140,17140,2
2026-04-08 14:21:00,17140,17140,17140,17140,4
2026-04-08 14:23:00,17180,17180,17170,17170,4
2026-04-08 14:24:00,17160,17160,17140,17140,131
2026-04-08 14:25:00,17140,17140,17140,17140,56
2026-04-08 14:26:00,17130,17130,17130,17130,280
2026-04-08 14:27:00,17140,17140,17140,17140,2
2026-04-08 14:29:00,17120,17120,17110,17110,212
2026-04-08 14:30:00,17100,17120,17100,17100,171
2026-04-08 14:31:00,17100,17100,17100,17100,3
2026-04-08 14:32:00,17100,17100,17100,17100,470
2026-04-08 14:33:00,17090,17090,17090,17090,108
2026-04-08 14:34:00,17090,17090,17090,17090,31
2026-04-08 14:35:00,17100,17100,17100,17100,71
2026-04-08 14:36:00,17110,17110,17110,17110,47
2026-04-08 14:37:00,17120,17180,17120,17170,63
2026-04-08 14:38:00,17170,17180,17170,17180,5
2026-04-08 14:39:00,17120,17120,17090,17090,205
2026-04-08 14:40:00,17090,17090,17090,17090,80
2026-04-08 14:41:00,17090,17090,17090,17090,8
2026-04-08 14:42:00,17090,17090,17080,17080,210
2026-04-08 14:43:00,17110,17120,17110,17120,135
2026-04-08 14:44:00,17110,17120,17110,17120,14
2026-04-08 14:45:00,17120,17130,17120,17120,426
2026-04-08 14:46:00,17130,17180,17130,17170,615
2026-04-08 14:48:00,17170,17170,17170,17170,220
2026-04-08 14:49:00,17150,17170,17130,17170,387
2026-04-08 14:50:00,17170,17170,17170,17170,10
2026-04-08 14:51:00,17170,17180,17170,17170,115
2026-04-08 14:53:00,17160,17180,17160,17180,134
2026-04-08 14:54:00,17160,17180,17160,17180,65
2026-04-08 14:55:00,17180,17180,17180,17180,201
2026-04-08 14:56:00,17190,17190,17180,17180,346
2026-04-08 14:58:00,17180,17180,17180,17180,147
2026-04-08 14:59:00,17180,17180,17150,17150,201
2026-04-08 15:00:00,17150,17190,17150,17180,28
2026-04-08 15:01:00,17180,17200,17180,17200,58
2026-04-08 15:03:00,17200,17210,17200,17210,15
2026-04-08 15:04:00,17220,17220,17220,17220,2
2026-04-08 15:05:00,17200,17200,17200,17200,2
2026-04-08 15:06:00,17180,17220,17180,17220,55
2026-04-08 15:07:00,17210,17220,17210,17220,167
2026-04-08 15:08:00,17220,17230,17210,17210,334
2026-04-08 15:09:00,17220,17250,17210,17250,164
2026-04-08 15:10:00,17250,17250,17250,17250,49
2026-04-08 15:11:00,17250,17250,17250,17250,111
2026-04-08 15:12:00,17250,17270,17250,17270,220
2026-04-08 15:13:00,17260,17260,17260,17260,83
2026-04-08 15:14:00,17270,17270,17270,17270,48
2026-04-08 15:15:00,17270,17270,17260,17270,12
2026-04-08 15:16:00,17270,17280,17270,17280,310
2026-04-08 15:17:00,17280,17280,17280,17280,35
2026-04-08 15:18:00,17280,17280,17260,17260,376
2026-04-08 15:19:00,17260,17290,17260,17260,524
2026-04-08 15:30:00,17260,17260,17260,17260,3391
2026-04-08 15:35:00,17260,17260,17260,17260,642
2026-04-09 09:00:00,17260,17260,16750,16850,4495
2026-04-09 09:01:00,16850,16900,16790,16900,780
2026-04-09 09:02:00,16940,16940,16940,16940,8
2026-04-09 09:03:00,16950,16950,16940,16940,218
2026-04-09 09:04:00,16950,17020,16950,17000,136
2026-04-09 09:05:00,16950,16950,16910,16910,959
2026-04-09 09:06:00,16910,16960,16900,16900,1022
2026-04-09 09:07:00,16910,16980,16890,16890,1087
2026-04-09 09:08:00,16880,16900,16880,16880,262
2026-04-09 09:09:00,16890,16890,16840,16840,45
2026-04-09 09:10:00,16820,16830,16775,16780,1099
2026-04-09 09:11:00,16780,16830,16770,16830,446
2026-04-09 09:12:00,16830,16840,16830,16840,656
2026-04-09 09:13:00,16850,16910,16850,16910,412
2026-04-09 09:14:00,16980,17000,16980,17000,310
2026-04-09 09:15:00,17000,17000,16960,16960,40
2026-04-09 09:16:00,17000,17000,17000,17000,30
2026-04-09 09:17:00,17000,17000,16940,16990,124
2026-04-09 09:18:00,17000,17000,16940,16990,121
2026-04-09 09:19:00,16990,16990,16980,16980,50
2026-04-09 09:20:00,16980,16980,16910,16940,1222
2026-04-09 09:21:00,16940,16940,16940,16940,130
2026-04-09 09:22:00,16960,16960,16960,16960,1
2026-04-09 09:23:00,16990,17320,16960,17280,867
2026-04-09 09:24:00,17270,17270,17010,17010,192
2026-04-09 09:26:00,17020,17020,16980,16980,393
2026-04-09 09:27:00,17010,17010,16980,16980,100
2026-04-09 09:28:00,16980,16980,16980,16980,11
2026-04-09 09:29:00,17040,17040,17040,17040,2
2026-04-09 09:30:00,17040,17040,16970,16970,127
2026-04-09 09:31:00,16970,17010,16960,17010,232
2026-04-09 09:32:00,17030,17030,16970,16970,106
2026-04-09 09:34:00,17000,17000,17000,17000,40
2026-04-09 09:35:00,16980,16990,16980,16990,25
2026-04-09 09:36:00,16970,16980,16970,16980,30
2026-04-09 09:38:00,16980,16980,16970,16970,68
2026-04-09 09:39:00,16960,16960,16930,16930,713
2026-04-09 09:40:00,16930,16930,16920,16930,129
2026-04-09 09:41:00,16930,16930,16920,16920,89
2026-04-09 09:42:00,16920,16920,16770,16800,2535
2026-04-09 09:43:00,16800,16800,16800,16800,215
2026-04-09 09:44:00,16810,16810,16810,16810,2
2026-04-09 09:45:00,16870,16870,16870,16870,13
2026-04-09 09:46:00,16820,16820,16800,16800,580
2026-04-09 09:47:00,16800,16800,16800,16800,269
2026-04-09 09:48:00,16800,16810,16800,16810,82
2026-04-09 09:50:00,16810,16810,16790,16790,388
2026-04-09 09:51:00,16790,16790,16790,16790,155
2026-04-09 09:54:00,16800,16820,16790,16820,141
2026-04-09 09:56:00,16800,16800,16770,16780,674
2026-04-09 09:57:00,16780,16780,16770,16770,311
2026-04-09 09:58:00,16770,16770,16770,16770,14
2026-04-09 09:59:00,16770,16770,16770,16770,199
2026-04-09 10:00:00,16770,16780,16770,16770,122
2026-04-09 10:01:00,16780,16780,16780,16780,68
2026-04-09 10:03:00,16780,16780,16770,16770,314
2026-04-09 10:04:00,16780,16780,16780,16780,50
2026-04-09 10:05:00,16780,16850,16730,16730,3149
2026-04-09 10:06:00,16720,16800,16720,16800,155
2026-04-09 10:08:00,16750,16750,16720,16720,134
2026-04-09 10:10:00,16720,16730,16700,16730,898
2026-04-09 10:11:00,16730,16730,16730,16730,21
2026-04-09 10:12:00,16690,16690,16670,16670,361
2026-04-09 10:13:00,16710,16710,16710,16710,18
2026-04-09 10:14:00,16710,16710,16670,16710,58
2026-04-09 10:15:00,16710,16710,16710,16710,3
2026-04-09 10:16:00,16710,16710,16680,16680,144
2026-04-09 10:18:00,16690,16690,16680,16680,53
2026-04-09 10:19:00,16680,16680,16680,16680,10
2026-04-09 10:20:00,16680,16680,16660,16660,508
2026-04-09 10:21:00,16650,16650,16650,16650,59
2026-04-09 10:22:00,16650,16650,16630,16630,504
2026-04-09 10:23:00,16630,16630,16620,16620,165
2026-04-09 10:24:00,16620,16620,16610,16620,14
2026-04-09 10:26:00,16620,16630,16620,16630,303
2026-04-09 10:28:00,16640,16670,16640,16670,145
2026-04-09 10:29:00,16640,16640,16640,16640,30
2026-04-09 10:30:00,16640,16640,16640,16640,1
2026-04-09 10:31:00,16640,16640,16640,16640,1
2026-04-09 10:32:00,16670,16670,16670,16670,2
2026-04-09 10:33:00,16670,16670,16670,16670,56
2026-04-09 10:35:00,16680,16690,16680,16690,307
2026-04-09 10:36:00,16710,16710,16710,16710,31
2026-04-09 10:38:00,16710,16800,16710,16750,66
2026-04-09 10:39:00,16750,16750,16720,16720,3
2026-04-09 10:40:00,16710,16710,16700,16700,47
2026-04-09 10:41:00,16690,16690,16680,16680,18
2026-04-09 10:42:00,16680,16680,16680,16680,40
2026-04-09 10:43:00,16680,16680,16670,16670,50
2026-04-09 10:46:00,16680,16680,16680,16680,30
2026-04-09 10:48:00,16690,16690,16680,16690,181
2026-04-09 10:49:00,16690,16690,16690,16690,60
2026-04-09 10:50:00,16700,16710,16700,16710,248
2026-04-09 10:51:00,16720,16760,16720,16760,10
2026-04-09 10:53:00,16760,16760,16760,16760,49
2026-04-09 10:56:00,16780,16800,16780,16800,50
2026-04-09 11:00:00,16780,16790,16730,16790,31
2026-04-09 11:03:00,16800,16820,16800,16820,50
2026-04-09 11:04:00,16800,16800,16800,16800,114
2026-04-09 11:05:00,16800,16800,16800,16800,78
2026-04-09 11:06:00,16800,16800,16800,16800,30
2026-04-09 11:08:00,16810,16810,16800,16800,65
2026-04-09 11:09:00,16800,16830,16800,16830,265
2026-04-09 11:11:00,16860,16860,16860,16860,2
2026-04-09 11:13:00,16850,16850,16850,16850,5
2026-04-09 11:14:00,16830,16830,16820,16820,3
2026-04-09 11:15:00,16820,16830,16820,16830,420
2026-04-09 11:16:00,16830,16830,16830,16830,3
2026-04-09 11:17:00,16830,16830,16830,16830,42
2026-04-09 11:18:00,16830,16830,16830,16830,4
2026-04-09 11:19:00,16840,16860,16840,16860,803
2026-04-09 11:20:00,16840,16840,16840,16840,1
2026-04-09 11:21:00,16840,16840,16840,16840,100
2026-04-09 11:22:00,16880,16880,16880,16880,36
2026-04-09 11:24:00,16900,16900,16900,16900,1
2026-04-09 11:25:00,16870,16870,16870,16870,1
2026-04-09 11:26:00,16900,16900,16900,16900,1
2026-04-09 11:28:00,16900,16900,16870,16870,90
2026-04-09 11:29:00,16860,16860,16850,16850,143
2026-04-09 11:30:00,16880,16880,16870,16870,33
2026-04-09 11:31:00,16870,16870,16840,16840,510
2026-04-09 11:34:00,16840,16840,16830,16830,426
2026-04-09 11:36:00,16860,16860,16810,16810,463
2026-04-09 11:38:00,16810,16810,16810,16810,1
2026-04-09 11:39:00,16820,16820,16820,16820,48
2026-04-09 11:40:00,16820,16820,16790,16790,1357
2026-04-09 11:42:00,16790,16790,16790,16790,200
2026-04-09 11:43:00,16750,16790,16600,16790,3159
2026-04-09 11:47:00,16790,16790,16790,16790,1
2026-04-09 11:48:00,16790,16790,16790,16790,10
2026-04-09 11:50:00,16770,16770,16770,16770,2
2026-04-09 11:51:00,16700,16700,16640,16660,195
2026-04-09 11:52:00,16670,16670,16670,16670,50
2026-04-09 11:54:00,16670,16670,16670,16670,59
2026-04-09 11:57:00,16670,16670,16670,16670,785
2026-04-09 11:59:00,16670,16680,16670,16670,13
2026-04-09 12:00:00,16750,16750,16750,16750,8
2026-04-09 12:01:00,16750,16750,16750,16750,10
2026-04-09 12:02:00,16750,16750,16750,16750,1
2026-04-09 12:03:00,16740,16740,16740,16740,9
2026-04-09 12:04:00,16720,16720,16720,16720,1
2026-04-09 12:06:00,16710,16710,16710,16710,6
2026-04-09 12:07:00,16710,16710,16710,16710,20
2026-04-09 12:08:00,16720,16720,16720,16720,10
2026-04-09 12:09:00,16720,16720,16720,16720,23
2026-04-09 12:10:00,16730,16730,16720,16720,63
2026-04-09 12:11:00,16720,16730,16720,16730,50
2026-04-09 12:12:00,16750,16750,16750,16750,1
2026-04-09 12:13:00,16740,16750,16740,16750,8
2026-04-09 12:14:00,16750,16750,16720,16720,211
2026-04-09 12:15:00,16720,16750,16720,16750,363
2026-04-09 12:20:00,16770,16770,16770,16770,25
2026-04-09 12:21:00,16770,16770,16770,16770,20
2026-04-09 12:22:00,16750,16780,16750,16770,69
2026-04-09 12:23:00,16770,16770,16750,16750,111
2026-04-09 12:25:00,16740,16740,16730,16730,29
2026-04-09 12:26:00,16730,16770,16730,16770,19
2026-04-09 12:27:00,16770,16770,16770,16770,2
2026-04-09 12:28:00,16770,16770,16770,16770,80
2026-04-09 12:29:00,16780,16780,16780,16780,11
2026-04-09 12:30:00,16780,16780,16770,16780,6
2026-04-09 12:31:00,16780,16780,16780,16780,2
2026-04-09 12:32:00,16780,16780,16780,16780,4
2026-04-09 12:36:00,16780,16780,16780,16780,7
2026-04-09 12:37:00,16770,16770,16770,16770,1
2026-04-09 12:41:00,16750,16750,16750,16750,2
2026-04-09 12:42:00,16750,16750,16740,16750,98
2026-04-09 12:44:00,16750,16750,16750,16750,21
2026-04-09 12:45:00,16750,16750,16750,16750,5
2026-04-09 12:46:00,16750,16750,16740,16740,17
2026-04-09 12:47:00,16730,16730,16710,16720,370
2026-04-09 12:48:00,16720,16720,16720,16720,7
2026-04-09 12:49:00,16720,16720,16720,16720,10
2026-04-09 12:50:00,16740,16740,16740,16740,1
2026-04-09 12:51:00,16720,16720,16700,16700,112
2026-04-09 12:55:00,16730,16730,16670,16670,971
2026-04-09 12:56:00,16670,16670,16660,16660,2
2026-04-09 12:57:00,16660,16660,16640,16640,624
2026-04-09 12:59:00,16680,16680,16680,16680,10
2026-04-09 13:00:00,16680,16680,16640,16640,2
2026-04-09 13:04:00,16650,16650,16650,16650,5
2026-04-09 13:05:00,16670,16670,16670,16670,2
2026-04-09 13:06:00,16670,16670,16670,16670,6
2026-04-09 13:07:00,16670,16670,16670,16670,2
2026-04-09 13:08:00,16670,16670,16670,16670,25
2026-04-09 13:09:00,16680,16680,16680,16680,120
2026-04-09 13:10:00,16680,16680,16680,16680,71
2026-04-09 13:12:00,16690,16750,16680,16680,43
2026-04-09 13:14:00,16680,16740,16670,16740,147
2026-04-09 13:16:00,16740,16740,16730,16730,53
2026-04-09 13:18:00,16730,16730,16730,16730,30
2026-04-09 13:20:00,16730,16730,16730,16730,1
2026-04-09 13:21:00,16690,16690,16690,16690,10
2026-04-09 13:22:00,16660,16690,16660,16690,251
2026-04-09 13:23:00,16680,16680,16650,16650,25
2026-04-09 13:24:00,16690,16690,16690,16690,2
2026-04-09 13:27:00,16650,16650,16640,16640,128
2026-04-09 13:28:00,16640,16640,16640,16640,84
2026-04-09 13:29:00,16690,16690,16690,16690,5
2026-04-09 13:30:00,16690,16690,16690,16690,1
2026-04-09 13:31:00,16640,16640,16640,16640,2
2026-04-09 13:35:00,16650,16650,16640,16640,350
2026-04-09 13:36:00,16650,16650,16640,16650,87
2026-04-09 13:37:00,16650,16650,16650,16650,10
2026-04-09 13:39:00,16650,16650,16650,16650,11
2026-04-09 13:40:00,16650,16650,16650,16650,20
2026-04-09 13:41:00,16660,16660,16660,16660,50
2026-04-09 13:42:00,16660,16660,16660,16660,10
2026-04-09 13:43:00,16660,16660,16660,16660,22
2026-04-09 13:44:00,16660,16670,16660,16670,35
2026-04-09 13:45:00,16660,16660,16660,16660,17
2026-04-09 13:47:00,16660,16660,16660,16660,14
2026-04-09 13:51:00,16670,16670,16660,16660,69
2026-04-09 13:52:00,16660,16660,16660,16660,10
2026-04-09 13:53:00,16660,16660,16660,16660,3
2026-04-09 13:54:00,16660,16660,16660,16660,18
2026-04-09 13:58:00,16670,16670,16660,16660,100
2026-04-09 14:01:00,16680,16680,16660,16660,6
2026-04-09 14:02:00,16680,16680,16680,16680,1
2026-04-09 14:03:00,16680,16680,16680,16680,2
2026-04-09 14:04:00,16690,16750,16670,16670,192
2026-04-09 14:09:00,16750,16750,16750,16750,10
2026-04-09 14:10:00,16750,16750,16750,16750,360
2026-04-09 14:11:00,16750,16750,16750,16750,4
2026-04-09 14:12:00,16750,16750,16750,16750,3
2026-04-09 14:13:00,16750,16750,16750,16750,5
2026-04-09 14:14:00,16750,16880,16750,16860,210
2026-04-09 14:15:00,16840,16840,16710,16720,353
2026-04-09 14:17:00,16720,16720,16710,16710,76
2026-04-09 14:18:00,16710,16710,16710,16710,5
2026-04-09 14:21:00,16700,16710,16700,16710,427
2026-04-09 14:23:00,16710,16710,16710,16710,3
2026-04-09 14:24:00,16710,16710,16710,16710,1
2026-04-09 14:28:00,16740,16740,16740,16740,26
2026-04-09 14:29:00,16740,16740,16740,16740,508
2026-04-09 14:30:00,16740,16830,16740,16830,83
2026-04-09 14:31:00,16830,16830,16830,16830,10
2026-04-09 14:32:00,16830,16830,16830,16830,120
2026-04-09 14:33:00,16780,16780,16780,16780,1
2026-04-09 14:34:00,16830,16830,16830,16830,25
2026-04-09 14:35:00,16830,16830,16830,16830,6
2026-04-09 14:36:00,16830,16830,16820,16820,6
2026-04-09 14:38:00,16820,16820,16820,16820,3
2026-04-09 14:40:00,16820,16820,16810,16820,104
2026-04-09 14:41:00,16830,16830,16800,16800,105
2026-04-09 14:42:00,16800,16800,16780,16780,9
2026-04-09 14:43:00,16800,16800,16800,16800,33
2026-04-09 14:44:00,16800,16800,16800,16800,1
2026-04-09 14:45:00,16800,16800,16800,16800,1
2026-04-09 14:46:00,16780,16780,16770,16770,16
2026-04-09 14:47:00,16770,16770,16760,16760,2
2026-04-09 14:48:00,16750,16750,16750,16750,3
2026-04-09 14:49:00,16740,16750,16740,16750,59
2026-04-09 14:50:00,16740,16740,16720,16720,147
2026-04-09 14:51:00,16730,16730,16730,16730,1
2026-04-09 14:52:00,16740,16740,16740,16740,1
2026-04-09 14:53:00,16720,16730,16720,16730,21
2026-04-09 14:55:00,16740,16740,16720,16720,112
2026-04-09 14:56:00,16720,16740,16720,16740,407
2026-04-09 14:57:00,16750,16750,16750,16750,1
2026-04-09 14:58:00,16750,16750,16740,16740,2
2026-04-09 14:59:00,16750,16750,16730,16750,27
2026-04-09 15:00:00,16750,16750,16750,16750,74
2026-04-09 15:01:00,16750,16750,16750,16750,1
2026-04-09 15:02:00,16750,16750,16750,16750,1
2026-04-09 15:03:00,16750,16760,16750,16760,392
2026-04-09 15:04:00,16760,16760,16760,16760,134
2026-04-09 15:05:00,16770,16770,16760,16760,15
2026-04-09 15:06:00,16780,16780,16780,16780,2
2026-04-09 15:07:00,16770,16770,16770,16770,1
2026-04-09 15:08:00,16780,16780,16770,16770,15
2026-04-09 15:09:00,16770,16770,16770,16770,1
2026-04-09 15:10:00,16770,16770,16760,16760,83
2026-04-09 15:11:00,16770,16770,16770,16770,1
2026-04-09 15:12:00,16770,16770,16760,16760,320
2026-04-09 15:13:00,16750,16760,16750,16760,69
2026-04-09 15:14:00,16750,16760,16750,16760,203
2026-04-09 15:15:00,16750,16760,16750,16760,308
2026-04-09 15:16:00,16760,16760,16760,16760,1
2026-04-09 15:17:00,16760,16760,16750,16760,81
2026-04-09 15:18:00,16760,16760,16750,16750,22
2026-04-09 15:19:00,16760,16760,16760,16760,505
2026-04-09 15:30:00,16760,16760,16760,16760,552
2026-04-09 15:35:00,16760,16760,16760,16760,300
2026-04-10 09:00:00,16910,16950,16910,16950,707
2026-04-10 09:01:00,16980,17190,16980,17170,1199
2026-04-10 09:02:00,17170,17370,17120,17370,2416
2026-04-10 09:03:00,17370,17380,17250,17250,1664
2026-04-10 09:04:00,17250,17290,17250,17250,259
2026-04-10 09:05:00,17260,17330,17250,17310,987
2026-04-10 09:06:00,17310,17310,17310,17310,100
2026-04-10 09:07:00,17310,17310,17260,17260,427
2026-04-10 09:08:00,17280,17280,17240,17250,1479
2026-04-10 09:09:00,17240,17240,17220,17220,579
2026-04-10 09:10:00,17230,17250,17220,17220,1072
2026-04-10 09:11:00,17220,17220,17220,17220,65
2026-04-10 09:12:00,17220,17330,17220,17330,2107
2026-04-10 09:13:00,17320,17340,17300,17300,675
2026-04-10 09:14:00,17300,17300,17300,17300,742
2026-04-10 09:15:00,17300,17300,17300,17300,634
2026-04-10 09:16:00,17290,17300,17290,17300,127
2026-04-10 09:17:00,17290,17300,17220,17220,364
2026-04-10 09:18:00,17220,17280,17220,17280,78
2026-04-10 09:19:00,17280,17280,17220,17230,126
2026-04-10 09:20:00,17230,17280,17230,17230,24
2026-04-10 09:21:00,17220,17220,17200,17200,808
2026-04-10 09:22:00,17190,17230,17180,17230,2308
2026-04-10 09:23:00,17230,17230,17190,17200,37
2026-04-10 09:24:00,17200,17250,17200,17250,326
2026-04-10 09:25:00,17250,17250,17180,17180,1687
2026-04-10 09:26:00,17180,17200,17180,17200,35
2026-04-10 09:27:00,17200,17200,17180,17180,590
2026-04-10 09:28:00,17180,17180,17150,17150,342
2026-04-10 09:29:00,17150,17150,17150,17150,134
2026-04-10 09:30:00,17150,17160,17150,17160,270
2026-04-10 09:31:00,17160,17170,17150,17150,396
2026-04-10 09:32:00,17150,17250,17150,17250,437
2026-04-10 09:33:00,17270,17280,17260,17280,738
2026-04-10 09:34:00,17280,17280,17270,17270,356
2026-04-10 09:35:00,17280,17300,17270,17300,1143
2026-04-10 09:36:00,17300,17360,17300,17360,1787
2026-04-10 09:37:00,17290,17400,17290,17390,4060
2026-04-10 09:38:00,17390,17390,17370,17370,332
2026-04-10 09:39:00,17370,17390,17370,17390,432
2026-04-10 09:40:00,17390,17400,17370,17370,286
2026-04-10 09:41:00,17370,17370,17370,17370,419
2026-04-10 09:42:00,17370,17380,17370,17380,4
2026-04-10 09:43:00,17380,17380,17380,17380,167
2026-04-10 09:44:00,17380,17380,17380,17380,38
2026-04-10 09:45:00,17370,17370,17360,17360,156
2026-04-10 09:46:00,17350,17350,17340,17340,310
2026-04-10 09:47:00,17340,17380,17340,17380,601
2026-04-10 09:48:00,17380,17420,17380,17420,1473
2026-04-10 09:49:00,17420,17450,17410,17450,393
2026-04-10 09:50:00,17450,17480,17450,17475,341
2026-04-10 09:51:00,17480,17500,17470,17500,388
2026-04-10 09:52:00,17500,17500,17450,17450,1151
2026-04-10 09:53:00,17450,17450,17430,17430,39
2026-04-10 09:54:00,17430,17430,17430,17430,42
2026-04-10 09:55:00,17430,17430,17430,17430,431
2026-04-10 09:56:00,17430,17430,17430,17430,523
2026-04-10 09:57:00,17430,17430,17430,17430,88
2026-04-10 09:58:00,17390,17390,17380,17380,41
2026-04-10 09:59:00,17380,17380,17380,17380,261
2026-04-10 10:00:00,17380,17400,17380,17400,659
2026-04-10 10:01:00,17430,17430,17430,17430,65
2026-04-10 10:02:00,17430,17430,17430,17430,1146
2026-04-10 10:03:00,17400,17400,17400,17400,53
2026-04-10 10:04:00,17420,17420,17420,17420,3
2026-04-10 10:05:00,17420,17450,17420,17450,581
2026-04-10 10:06:00,17440,17440,17440,17440,2
2026-04-10 10:07:00,17430,17470,17410,17410,616
2026-04-10 10:08:00,17470,17470,17450,17450,23
2026-04-10 10:09:00,17450,17450,17450,17450,258
2026-04-10 10:10:00,17450,17450,17450,17450,188
2026-04-10 10:11:00,17440,17440,17390,17390,120
2026-04-10 10:12:00,17400,17440,17390,17440,13
2026-04-10 10:13:00,17440,17440,17400,17400,76
2026-04-10 10:14:00,17400,17400,17400,17400,435
2026-04-10 10:15:00,17400,17400,17390,17390,145
2026-04-10 10:16:00,17390,17390,17390,17390,228
2026-04-10 10:17:00,17380,17380,17360,17370,160
2026-04-10 10:19:00,17370,17370,17370,17370,127
2026-04-10 10:20:00,17370,17370,17300,17300,625
2026-04-10 10:21:00,17330,17330,17300,17310,260
2026-04-10 10:22:00,17350,17350,17300,17300,487
2026-04-10 10:23:00,17300,17300,17300,17300,313
2026-04-10 10:24:00,17300,17300,17300,17300,12
2026-04-10 10:25:00,17300,17300,17300,17300,10
2026-04-10 10:26:00,17350,17350,17350,17350,1
2026-04-10 10:27:00,17350,17350,17310,17350,8
2026-04-10 10:28:00,17350,17360,17350,17360,488
2026-04-10 10:29:00,17310,17310,17310,17310,1
2026-04-10 10:30:00,17310,17310,17310,17310,56
2026-04-10 10:32:00,17340,17350,17340,17340,146
2026-04-10 10:33:00,17340,17340,17330,17330,225
2026-04-10 10:34:00,17330,17340,17330,17340,200
2026-04-10 10:35:00,17340,17340,17340,17340,59
2026-04-10 10:36:00,17340,17340,17340,17340,70
2026-04-10 10:37:00,17340,17340,17320,17320,75
2026-04-10 10:38:00,17320,17340,17320,17340,107
2026-04-10 10:39:00,17340,17340,17340,17340,270
2026-04-10 10:40:00,17340,17340,17340,17340,42
2026-04-10 10:41:00,17340,17340,17330,17330,48
2026-04-10 10:42:00,17320,17320,17280,17280,864
2026-04-10 10:43:00,17280,17280,17280,17280,10
2026-04-10 10:46:00,17290,17290,17280,17280,148
2026-04-10 10:47:00,17280,17280,17280,17280,81
2026-04-10 10:48:00,17280,17280,17270,17270,147
2026-04-10 10:49:00,17260,17260,17260,17260,8
2026-04-10 10:50:00,17260,17260,17260,17260,294
2026-04-10 10:51:00,17265,17265,17260,17260,44
2026-04-10 10:52:00,17250,17250,17200,17230,252
2026-04-10 10:53:00,17230,17245,17230,17230,41
2026-04-10 10:54:00,17230,17230,17210,17210,56
2026-04-10 10:55:00,17230,17230,17230,17230,41
2026-04-10 10:56:00,17230,17230,17230,17230,6
2026-04-10 10:58:00,17230,17230,17230,17230,70
2026-04-10 10:59:00,17230,17230,17230,17230,32
2026-04-10 11:00:00,17230,17230,17220,17220,56
2026-04-10 11:01:00,17220,17220,17220,17220,1
2026-04-10 11:03:00,17210,17210,17210,17210,359
2026-04-10 11:04:00,17210,17210,17210,17210,134
2026-04-10 11:05:00,17210,17210,17210,17210,70
2026-04-10 11:06:00,17210,17210,17210,17210,10
2026-04-10 11:07:00,17210,17210,17210,17210,70
2026-04-10 11:08:00,17210,17210,17210,17210,200
2026-04-10 11:09:00,17210,17210,17210,17210,10
2026-04-10 11:11:00,17220,17220,17220,17220,100
2026-04-10 11:13:00,17220,17220,17220,17220,10
2026-04-10 11:15:00,17220,17220,17210,17210,121
2026-04-10 11:16:00,17200,17200,17190,17190,820
2026-04-10 11:17:00,17190,17190,17180,17180,134
2026-04-10 11:18:00,17170,17170,17160,17160,233
2026-04-10 11:19:00,17170,17170,17170,17170,51
2026-04-10 11:20:00,17160,17160,17120,17120,2223
2026-04-10 11:21:00,17110,17120,17100,17100,751
2026-04-10 11:22:00,17110,17110,17080,17080,300
2026-04-10 11:23:00,17080,17150,17080,17150,217
2026-04-10 11:24:00,17140,17160,17140,17160,571
2026-04-10 11:26:00,17160,17160,17160,17160,80
2026-04-10 11:28:00,17160,17160,17160,17160,117
2026-04-10 11:30:00,17160,17160,17160,17160,101
2026-04-10 11:31:00,17160,17160,17160,17160,60
2026-04-10 11:32:00,17160,17160,17160,17160,3
2026-04-10 11:33:00,17160,17160,17160,17160,1
2026-04-10 11:34:00,17160,17160,17160,17160,5
2026-04-10 11:35:00,17150,17150,17150,17150,100
2026-04-10 11:36:00,17150,17150,17130,17130,200
2026-04-10 11:37:00,17140,17140,17140,17140,3
2026-04-10 11:38:00,17130,17160,17120,17160,150
2026-04-10 11:40:00,17150,17150,17150,17150,1
2026-04-10 11:41:00,17160,17160,17160,17160,12
2026-04-10 11:43:00,17170,17170,17170,17170,59
2026-04-10 11:44:00,17170,17170,17170,17170,29
2026-04-10 11:46:00,17165,17165,17160,17160,11
2026-04-10 11:47:00,17160,17170,17110,17110,240
2026-04-10 11:48:00,17110,17190,17110,17190,270
2026-04-10 11:49:00,17190,17190,17190,17190,12
2026-04-10 11:51:00,17190,17190,17190,17190,1
2026-04-10 11:52:00,17190,17200,17190,17200,105
2026-04-10 11:53:00,17220,17220,17200,17200,81
2026-04-10 11:54:00,17200,17200,17200,17200,30
2026-04-10 11:55:00,17200,17200,17200,17200,10
2026-04-10 11:56:00,17190,17190,17190,17190,1
2026-04-10 11:57:00,17200,17200,17200,17200,155
2026-04-10 11:58:00,17200,17220,17190,17220,154
2026-04-10 12:00:00,17220,17220,17220,17220,10
2026-04-10 12:03:00,17190,17190,17190,17190,51
2026-04-10 12:04:00,17200,17200,17200,17200,3
2026-04-10 12:05:00,17170,17170,17170,17170,110
2026-04-10 12:06:00,17170,17170,17170,17170,121
2026-04-10 12:07:00,17160,17160,17160,17160,58
2026-04-10 12:08:00,17160,17160,17160,17160,120
2026-04-10 12:09:00,17160,17160,17160,17160,212
2026-04-10 12:11:00,17170,17170,17170,17170,214
2026-04-10 12:14:00,17170,17170,17170,17170,147
2026-04-10 12:16:00,17150,17150,17120,17120,358
2026-04-10 12:18:00,17120,17190,17120,17190,122
2026-04-10 12:19:00,17190,17190,17190,17190,6
2026-04-10 12:21:00,17200,17200,17200,17200,1
2026-04-10 12:22:00,17200,17200,17200,17200,40
2026-04-10 12:23:00,17200,17200,17200,17200,4
2026-04-10 12:24:00,17200,17200,17200,17200,2
2026-04-10 12:25:00,17130,17130,17130,17130,24
2026-04-10 12:26:00,17190,17200,17190,17200,231
2026-04-10 12:27:00,17200,17200,17200,17200,157
2026-04-10 12:28:00,17200,17210,17140,17210,308
2026-04-10 12:29:00,17140,17140,17130,17130,73
2026-04-10 12:30:00,17200,17220,17200,17220,199
2026-04-10 12:31:00,17220,17280,17220,17280,894
2026-04-10 12:32:00,17280,17280,17280,17280,1
2026-04-10 12:34:00,17280,17280,17280,17280,17
2026-04-10 12:35:00,17160,17160,17160,17160,29
2026-04-10 12:36:00,17160,17160,17160,17160,60
2026-04-10 12:37:00,17180,17180,17170,17170,5
2026-04-10 12:39:00,17270,17270,17270,17270,10
2026-04-10 12:40:00,17200,17270,17200,17270,33
2026-04-10 12:41:00,17260,17260,17260,17260,21
2026-04-10 12:42:00,17260,17260,17260,17260,10
2026-04-10 12:43:00,17260,17260,17260,17260,30
2026-04-10 12:45:00,17260,17260,17200,17200,699
2026-04-10 12:46:00,17260,17260,17200,17200,379
2026-04-10 12:47:00,17260,17260,17260,17260,1
2026-04-10 12:49:00,17260,17260,17190,17190,102
2026-04-10 12:52:00,17200,17260,17200,17260,11
2026-04-10 12:56:00,17200,17200,17200,17200,15
2026-04-10 12:57:00,17200,17200,17200,17200,220
2026-04-10 12:58:00,17250,17250,17250,17250,20
2026-04-10 13:00:00,17250,17250,17200,17200,26
2026-04-10 13:04:00,17240,17240,17230,17230,196
2026-04-10 13:06:00,17240,17240,17230,17230,310
2026-04-10 13:07:00,17230,17230,17230,17230,1
2026-04-10 13:08:00,17240,17240,17240,17240,62
2026-04-10 13:09:00,17240,17240,17240,17240,7
2026-04-10 13:10:00,17240,17250,17240,17250,13
2026-04-10 13:12:00,17250,17250,17250,17250,40
2026-04-10 13:13:00,17240,17240,17240,17240,208
2026-04-10 13:14:00,17240,17260,17220,17220,474
2026-04-10 13:15:00,17220,17220,17220,17220,130
2026-04-10 13:16:00,17220,17230,17220,17230,11
2026-04-10 13:17:00,17240,17240,17240,17240,3
2026-04-10 13:18:00,17230,17230,17230,17230,15
2026-04-10 13:20:00,17230,17230,17230,17230,30
2026-04-10 13:21:00,17240,17240,17230,17230,9
2026-04-10 13:23:00,17240,17240,17240,17240,3
2026-04-10 13:24:00,17230,17230,17230,17230,114
2026-04-10 13:25:00,17230,17230,17220,17220,75
2026-04-10 13:26:00,17210,17210,17210,17210,517
2026-04-10 13:27:00,17200,17200,17200,17200,118
2026-04-10 13:28:00,17200,17200,17200,17200,14
2026-04-10 13:29:00,17220,17220,17200,17200,11
2026-04-10 13:30:00,17200,17200,17200,17200,35
2026-04-10 13:31:00,17200,17200,17200,17200,3
2026-04-10 13:32:00,17200,17200,17200,17200,43
2026-04-10 13:35:00,17200,17200,17200,17200,1
2026-04-10 13:36:00,17200,17200,17200,17200,100
2026-04-10 13:37:00,17200,17200,17190,17190,15
2026-04-10 13:38:00,17190,17190,17190,17190,1
2026-04-10 13:40:00,17200,17200,17200,17200,2
2026-04-10 13:41:00,17190,17200,17190,17190,351
2026-04-10 13:43:00,17200,17200,17200,17200,652
2026-04-10 13:45:00,17200,17200,17200,17200,48
2026-04-10 13:46:00,17200,17200,17190,17190,26
2026-04-10 13:47:00,17210,17210,17210,17210,1
2026-04-10 13:48:00,17190,17190,17160,17170,1266
2026-04-10 13:50:00,17170,17170,17170,17170,1
2026-04-10 13:52:00,17170,17170,17170,17170,15
2026-04-10 13:54:00,17170,17170,17170,17170,2
2026-04-10 13:55:00,17170,17170,17160,17160,370
2026-04-10 14:02:00,17160,17200,17160,17200,31
2026-04-10 14:04:00,17200,17200,17200,17200,65
2026-04-10 14:07:00,17170,17190,17160,17190,18
2026-04-10 14:09:00,17190,17200,17190,17200,700
2026-04-10 14:11:00,17200,17200,17200,17200,11
2026-04-10 14:12:00,17200,17210,17200,17200,156
2026-04-10 14:13:00,17220,17220,17220,17220,44
2026-04-10 14:14:00,17220,17220,17220,17220,8
2026-04-10 14:16:00,17220,17220,17220,17220,56
2026-04-10 14:18:00,17220,17220,17220,17220,60
2026-04-10 14:19:00,17220,17220,17220,17220,34
2026-04-10 14:20:00,17210,17210,17200,17200,40
2026-04-10 14:21:00,17220,17220,17220,17220,24
2026-04-10 14:22:00,17220,17220,17220,17220,13
2026-04-10 14:23:00,17220,17220,17220,17220,35
2026-04-10 14:24:00,17220,17220,17210,17210,101
2026-04-10 14:25:00,17210,17210,17210,17210,468
2026-04-10 14:26:00,17210,17220,17210,17210,76
2026-04-10 14:28:00,17210,17210,17210,17210,100
2026-04-10 14:29:00,17200,17200,17200,17200,200
2026-04-10 14:30:00,17200,17200,17200,17200,176
2026-04-10 14:32:00,17190,17210,17190,17210,155
2026-04-10 14:33:00,17200,17200,17200,17200,19
2026-04-10 14:34:00,17200,17200,17190,17190,152
2026-04-10 14:35:00,17190,17190,17190,17190,13
2026-04-10 14:36:00,17190,17190,17180,17180,87
2026-04-10 14:38:00,17180,17180,17180,17180,1
2026-04-10 14:40:00,17190,17190,17180,17180,21
2026-04-10 14:41:00,17190,17190,17190,17190,11
2026-04-10 14:42:00,17180,17190,17180,17190,6
2026-04-10 14:43:00,17190,17190,17190,17190,15
2026-04-10 14:44:00,17190,17200,17190,17190,103
2026-04-10 14:45:00,17190,17190,17190,17190,2
2026-04-10 14:46:00,17190,17190,17190,17190,40
2026-04-10 14:47:00,17190,17190,17190,17190,1
2026-04-10 14:48:00,17190,17190,17190,17190,1
2026-04-10 14:49:00,17190,17190,17180,17180,775
2026-04-10 14:50:00,17170,17170,17160,17160,173
2026-04-10 14:51:00,17160,17160,17160,17160,1
2026-04-10 14:52:00,17160,17160,17160,17160,377
2026-04-10 14:53:00,17150,17150,17150,17150,125
2026-04-10 14:54:00,17150,17150,17140,17140,52
2026-04-10 14:56:00,17140,17150,17140,17150,14
2026-04-10 14:57:00,17150,17150,17140,17140,131
2026-04-10 14:58:00,17150,17150,17140,17140,51
2026-04-10 14:59:00,17140,17140,17140,17140,1
2026-04-10 15:00:00,17140,17150,17130,17130,277
2026-04-10 15:01:00,17130,17130,17130,17130,60
2026-04-10 15:02:00,17130,17140,17130,17140,6
2026-04-10 15:03:00,17130,17130,17130,17130,29
2026-04-10 15:04:00,17140,17140,17130,17130,137
2026-04-10 15:05:00,17130,17130,17120,17120,4
2026-04-10 15:06:00,17120,17120,17120,17120,47
2026-04-10 15:07:00,17130,17130,17120,17120,158
2026-04-10 15:08:00,17120,17120,17110,17110,52
2026-04-10 15:09:00,17120,17120,17110,17110,12
2026-04-10 15:10:00,17110,17140,17110,17140,743
2026-04-10 15:11:00,17130,17150,17130,17150,1004
2026-04-10 15:12:00,17150,17170,17130,17130,1431
2026-04-10 15:13:00,17130,17130,17130,17130,242
2026-04-10 15:14:00,17120,17160,17120,17160,356
2026-04-10 15:15:00,17150,17200,17150,17200,528
2026-04-10 15:16:00,17130,17130,17130,17130,200
2026-04-10 15:17:00,17190,17190,17120,17120,306
2026-04-10 15:18:00,17120,17200,17120,17200,203
2026-04-10 15:19:00,17200,17210,17200,17210,103
2026-04-10 15:30:00,17200,17200,17200,17200,472
2026-04-10 15:35:00,17200,17200,17200,17200,150
2026-04-13 09:00:00,16990,16990,16840,16960,2500
2026-04-13 09:01:00,16950,16950,16780,16780,418
2026-04-13 09:02:00,16800,16860,16780,16850,728
2026-04-13 09:03:00,16840,16940,16840,16940,918
2026-04-13 09:04:00,16850,16850,16850,16850,55
2026-04-13 09:05:00,16860,16930,16820,16930,2223
2026-04-13 09:06:00,16930,16930,16880,16880,1240
2026-04-13 09:07:00,16880,16920,16840,16840,176
2026-04-13 09:08:00,16840,16840,16830,16830,55
2026-04-13 09:09:00,16830,16850,16830,16850,87
2026-04-13 09:10:00,16850,16860,16840,16860,532
2026-04-13 09:11:00,16860,16860,16850,16850,228
2026-04-13 09:12:00,16860,16920,16860,16920,288
2026-04-13 09:13:00,16880,16930,16880,16925,786
2026-04-13 09:14:00,16925,16970,16900,16970,457
2026-04-13 09:15:00,16960,16960,16940,16940,86
2026-04-13 09:16:00,16940,16960,16920,16960,807
2026-04-13 09:17:00,16950,16970,16950,16970,116
2026-04-13 09:18:00,16970,17020,16970,17020,2361
2026-04-13 09:19:00,17030,17150,17000,17010,325
2026-04-13 09:20:00,17030,17030,17030,17030,67
2026-04-13 09:21:00,17030,17030,17030,17030,201
2026-04-13 09:23:00,17060,17060,17040,17040,111
2026-04-13 09:24:00,17050,17050,17050,17050,1
2026-04-13 09:25:00,17050,17050,17050,17050,80
2026-04-13 09:26:00,17060,17080,17050,17080,54
2026-04-13 09:27:00,17080,17140,17080,17140,300
2026-04-13 09:28:00,17100,17200,17100,17110,536
2026-04-13 09:29:00,17120,17210,17120,17210,138
2026-04-13 09:30:00,17210,17240,17200,17240,1838
2026-04-13 09:31:00,17235,17250,17230,17250,998
2026-04-13 09:32:00,17250,17300,17240,17300,922
2026-04-13 09:33:00,17300,17300,17250,17280,673
2026-04-13 09:34:00,17280,17280,17250,17250,745
2026-04-13 09:35:00,17230,17230,17200,17230,282
2026-04-13 09:36:00,17200,17200,17150,17150,333
2026-04-13 09:37:00,17150,17150,17140,17140,91
2026-04-13 09:38:00,17140,17140,17130,17130,69
2026-04-13 09:39:00,17130,17130,17120,17120,107
2026-04-13 09:40:00,17120,17130,17120,17120,513
2026-04-13 09:41:00,17140,17140,17130,17130,152
2026-04-13 09:42:00,17130,17130,17130,17130,113
2026-04-13 09:43:00,17130,17150,17130,17150,1611
2026-04-13 09:44:00,17170,17170,17170,17170,162
2026-04-13 09:45:00,17180,17230,17180,17230,351
2026-04-13 09:46:00,17200,17250,17200,17250,202
2026-04-13 09:47:00,17230,17230,17230,17230,1210
2026-04-13 09:48:00,17230,17230,17230,17230,100
2026-04-13 09:49:00,17220,17250,17220,17250,296
2026-04-13 09:50:00,17250,17280,17250,17280,284
2026-04-13 09:51:00,17280,17300,17280,17300,20
2026-04-13 09:52:00,17280,17300,17280,17300,757
2026-04-13 09:53:00,17290,17290,17250,17250,350
2026-04-13 09:54:00,17300,17300,17300,17300,203
2026-04-13 09:55:00,17300,17310,17300,17300,253
2026-04-13 09:56:00,17300,17300,17290,17290,46
2026-04-13 09:57:00,17290,17290,17250,17250,12
2026-04-13 09:59:00,17260,17300,17220,17300,323
2026-04-13 10:00:00,17210,17280,17190,17280,435
2026-04-13 10:01:00,17280,17280,17280,17280,5
2026-04-13 10:02:00,17290,17880,17290,17500,5264
2026-04-13 10:03:00,17730,17740,17410,17410,1106
2026-04-13 10:04:00,17490,17500,17420,17500,555
2026-04-13 10:05:00,17490,17580,17430,17580,1054
2026-04-13 10:06:00,17580,17580,17440,17570,716
2026-04-13 10:07:00,17560,17570,17540,17560,1084
2026-04-13 10:08:00,17560,17570,17500,17510,482
2026-04-13 10:09:00,17550,17550,17500,17510,673
2026-04-13 10:10:00,17510,17550,17500,17510,298
2026-04-13 10:11:00,17480,17510,17460,17510,259
2026-04-13 10:12:00,17510,17510,17440,17510,93
2026-04-13 10:13:00,17510,17530,17440,17440,432
2026-04-13 10:14:00,17440,17520,17410,17450,754
2026-04-13 10:15:00,17510,17520,17420,17420,560
2026-04-13 10:16:00,17400,17400,17350,17350,173
2026-04-13 10:17:00,17360,17370,17330,17370,418
2026-04-13 10:18:00,17370,17390,17370,17390,115
2026-04-13 10:19:00,17370,17370,17330,17330,53
2026-04-13 10:22:00,17330,17330,17330,17330,217
2026-04-13 10:23:00,17330,17350,17330,17350,250
2026-04-13 10:24:00,17350,17350,17350,17350,3
2026-04-13 10:25:00,17340,17380,17330,17330,220
2026-04-13 10:26:00,17330,17450,17330,17450,303
2026-04-13 10:27:00,17450,17450,17450,17450,286
2026-04-13 10:28:00,17410,17410,17390,17400,195
2026-04-13 10:30:00,17400,17400,17400,17400,2
2026-04-13 10:31:00,17410,17410,17340,17340,1220
2026-04-13 10:32:00,17350,17350,17350,17350,282
2026-04-13 10:33:00,17360,17360,17350,17360,93
2026-04-13 10:35:00,17380,17380,17380,17380,6
2026-04-13 10:36:00,17400,17450,17380,17450,38
2026-04-13 10:37:00,17450,17450,17450,17450,22
2026-04-13 10:38:00,17450,17450,17450,17450,4
2026-04-13 10:39:00,17450,17450,17450,17450,5
2026-04-13 10:40:00,17390,17390,17390,17390,2
2026-04-13 10:41:00,17390,17430,17390,17430,5
2026-04-13 10:42:00,17400,17430,17400,17430,3
2026-04-13 10:43:00,17430,17430,17390,17390,101
2026-04-13 10:44:00,17390,17450,17390,17440,96
2026-04-13 10:45:00,17400,17400,17400,17400,1
2026-04-13 10:46:00,17390,17440,17330,17340,838
2026-04-13 10:47:00,17340,17340,17340,17340,3
2026-04-13 10:48:00,17430,17430,17430,17430,10
2026-04-13 10:49:00,17340,17430,17330,17340,201
2026-04-13 10:50:00,17400,17400,17400,17400,1
2026-04-13 10:51:00,17400,17400,17400,17400,2
2026-04-13 10:52:00,17400,17400,17330,17330,2
2026-04-13 10:53:00,17400,17400,17400,17400,21
2026-04-13 10:55:00,17350,17350,17320,17320,889
2026-04-13 10:56:00,17320,17320,17290,17290,65
2026-04-13 10:57:00,17290,17290,17290,17290,3
2026-04-13 10:59:00,17300,17300,17300,17300,34
2026-04-13 11:00:00,17300,17300,17300,17300,3
2026-04-13 11:02:00,17300,17300,17290,17290,70
2026-04-13 11:03:00,17290,17290,17280,17290,118
2026-04-13 11:04:00,17270,17270,17270,17270,8
2026-04-13 11:05:00,17270,17270,17250,17260,413
2026-04-13 11:06:00,17260,17260,17240,17240,534
2026-04-13 11:07:00,17230,17230,17230,17230,22
2026-04-13 11:09:00,17230,17250,17230,17250,13
2026-04-13 11:10:00,17330,17330,17320,17320,102
2026-04-13 11:14:00,17290,17300,17290,17300,101
2026-04-13 11:15:00,17300,17300,17300,17300,5
2026-04-13 11:16:00,17300,17310,17300,17310,52
2026-04-13 11:17:00,17320,17350,17320,17350,18
2026-04-13 11:18:00,17350,17350,17330,17340,14
2026-04-13 11:19:00,17340,17350,17340,17350,417
2026-04-13 11:20:00,17350,17350,17320,17320,20
2026-04-13 11:21:00,17320,17320,17320,17320,191
2026-04-13 11:23:00,17320,17320,17320,17320,2
2026-04-13 11:24:00,17320,17320,17320,17320,16
2026-04-13 11:25:00,17330,17330,17330,17330,397
2026-04-13 11:26:00,17330,17340,17320,17340,381
2026-04-13 11:27:00,17320,17330,17300,17300,387
2026-04-13 11:28:00,17300,17300,17300,17300,4
2026-04-13 11:29:00,17300,17300,17300,17300,30
2026-04-13 11:30:00,17310,17310,17280,17290,16
2026-04-13 11:31:00,17290,17290,17290,17290,13
2026-04-13 11:32:00,17290,17290,17290,17290,5
2026-04-13 11:33:00,17290,17290,17290,17290,36
2026-04-13 11:35:00,17290,17290,17290,17290,110
2026-04-13 11:36:00,17285,17285,17285,17285,1
2026-04-13 11:37:00,17285,17285,17280,17280,66
2026-04-13 11:38:00,17290,17310,17290,17310,45
2026-04-13 11:40:00,17290,17310,17250,17310,479
2026-04-13 11:41:00,17280,17280,17250,17250,40
2026-04-13 11:42:00,17250,17260,17250,17260,2
2026-04-13 11:44:00,17260,17270,17260,17270,49
2026-04-13 11:46:00,17270,17310,17270,17310,103
2026-04-13 11:47:00,17310,17310,17300,17300,7
2026-04-13 11:48:00,17270,17270,17270,17270,79
2026-04-13 11:49:00,17290,17290,17290,17290,25
2026-04-13 11:50:00,17290,17290,17290,17290,11
2026-04-13 11:51:00,17290,17300,17290,17300,73
2026-04-13 11:52:00,17300,17300,17290,17290,295
2026-04-13 11:53:00,17280,17280,17280,17280,6
2026-04-13 11:54:00,17290,17380,17290,17380,3327
2026-04-13 11:55:00,17380,17410,17380,17410,12
2026-04-13 11:57:00,17420,17420,17420,17420,2
2026-04-13 11:58:00,17390,17420,17390,17420,6
2026-04-13 12:00:00,17390,17390,17390,17390,55
2026-04-13 12:01:00,17390,17410,17380,17410,815
2026-04-13 12:03:00,17320,17320,17320,17320,10
2026-04-13 12:05:00,17320,17390,17320,17390,6
2026-04-13 12:07:00,17390,17390,17390,17390,5
2026-04-13 12:08:00,17390,17390,17390,17390,75
2026-04-13 12:12:00,17350,17350,17350,17350,15
2026-04-13 12:14:00,17350,17350,17350,17350,4
2026-04-13 12:15:00,17340,17340,17270,17270,1228
2026-04-13 12:16:00,17270,17270,17270,17270,32
2026-04-13 12:17:00,17270,17270,17250,17250,248
2026-04-13 12:18:00,17240,17240,17240,17240,21
2026-04-13 12:19:00,17240,17240,17240,17240,52
2026-04-13 12:20:00,17240,17240,17240,17240,2
2026-04-13 12:21:00,17250,17250,17240,17240,24
2026-04-13 12:22:00,17240,17250,17240,17250,183
2026-04-13 12:24:00,17320,17320,17320,17320,111
2026-04-13 12:26:00,17270,17270,17250,17260,790
2026-04-13 12:27:00,17340,17340,17340,17340,5
2026-04-13 12:28:00,17260,17260,17240,17240,484
2026-04-13 12:31:00,17300,17300,17300,17300,9
2026-04-13 12:32:00,17240,17240,17240,17240,34
2026-04-13 12:33:00,17250,17250,17240,17240,307
2026-04-13 12:34:00,17230,17230,17190,17190,904
2026-04-13 12:35:00,17200,17240,17200,17240,56
2026-04-13 12:38:00,17240,17240,17240,17240,2
2026-04-13 12:39:00,17260,17260,17260,17260,1
2026-04-13 12:43:00,17250,17250,17250,17250,5
2026-04-13 12:45:00,17250,17250,17250,17250,13
2026-04-13 12:46:00,17250,17250,17250,17250,5
2026-04-13 12:48:00,17260,17260,17260,17260,8
2026-04-13 12:49:00,17250,17250,17240,17240,32
2026-04-13 12:51:00,17220,17220,17220,17220,3
2026-04-13 12:52:00,17200,17200,17200,17200,4
2026-04-13 12:53:00,17220,17220,17220,17220,10
2026-04-13 12:56:00,17230,17260,17230,17260,21
2026-04-13 12:57:00,17250,17260,17220,17220,27
2026-04-13 12:58:00,17260,17260,17220,17220,2
2026-04-13 13:00:00,17220,17250,17220,17250,34
2026-04-13 13:01:00,17220,17220,17220,17220,1
2026-04-13 13:02:00,17220,17220,17220,17220,10
2026-04-13 13:03:00,17220,17220,17220,17220,37
2026-04-13 13:04:00,17220,17220,17220,17220,170
2026-04-13 13:07:00,17220,17220,17220,17220,7
2026-04-13 13:08:00,17220,17220,17200,17200,56
2026-04-13 13:10:00,17200,17200,17200,17200,50
2026-04-13 13:12:00,17200,17200,17190,17190,147
2026-04-13 13:14:00,17205,17220,17205,17220,173
2026-04-13 13:15:00,17220,17220,17220,17220,2
2026-04-13 13:18:00,17220,17220,17220,17220,50
2026-04-13 13:21:00,17230,17230,17220,17220,53
2026-04-13 13:23:00,17200,17200,17200,17200,3
2026-04-13 13:24:00,17200,17200,17190,17190,148
2026-04-13 13:26:00,17190,17190,17190,17190,11
2026-04-13 13:28:00,17200,17260,17200,17260,30
2026-04-13 13:31:00,17250,17260,17190,17190,96
2026-04-13 13:32:00,17200,17200,17180,17180,491
2026-04-13 13:33:00,17180,17180,17100,17100,1464
2026-04-13 13:34:00,17190,17190,17190,17190,10
2026-04-13 13:35:00,17120,17120,17120,17120,225
2026-04-13 13:36:00,17130,17190,17130,17190,1270
2026-04-13 13:38:00,17120,17120,17120,17120,102
2026-04-13 13:39:00,17190,17200,17190,17200,90
2026-04-13 13:40:00,17230,17230,17200,17220,230
2026-04-13 13:41:00,17220,17220,17220,17220,45
2026-04-13 13:42:00,17220,17220,17210,17210,15
2026-04-13 13:44:00,17210,17210,17210,17210,3
2026-04-13 13:47:00,17150,17180,17150,17180,22
2026-04-13 13:48:00,17220,17220,17220,17220,45
2026-04-13 13:49:00,17190,17190,17190,17190,1
2026-04-13 13:51:00,17190,17190,17190,17190,50
2026-04-13 13:53:00,17190,17190,17190,17190,163
2026-04-13 13:54:00,17200,17230,17200,17230,72
2026-04-13 13:56:00,17230,17230,17230,17230,10
2026-04-13 13:58:00,17240,17240,17240,17240,6
2026-04-13 13:59:00,17240,17260,17240,17260,236
2026-04-13 14:00:00,17250,17250,17250,17250,6
2026-04-13 14:01:00,17260,17280,17260,17280,307
2026-04-13 14:02:00,17280,17300,17280,17300,18
2026-04-13 14:03:00,17300,17300,17300,17300,21
2026-04-13 14:04:00,17300,17300,17300,17300,1
2026-04-13 14:06:00,17290,17330,17290,17330,67
2026-04-13 14:07:00,17330,17330,17320,17320,21
2026-04-13 14:09:00,17320,17330,17320,17330,50
2026-04-13 14:10:00,17330,17330,17330,17330,1
2026-04-13 14:11:00,17300,17300,17300,17300,4
2026-04-13 14:12:00,17300,17300,17300,17300,4
2026-04-13 14:13:00,17300,17300,17300,17300,1
2026-04-13 14:14:00,17300,17300,17300,17300,1
2026-04-13 14:15:00,17290,17290,17280,17280,7
2026-04-13 14:16:00,17280,17280,17280,17280,1
2026-04-13 14:19:00,17270,17270,17265,17265,10
2026-04-13 14:20:00,17260,17260,17255,17255,32
2026-04-13 14:21:00,17255,17255,17240,17240,24
2026-04-13 14:22:00,17245,17245,17245,17245,30
2026-04-13 14:23:00,17235,17240,17235,17240,11
2026-04-13 14:24:00,17250,17250,17250,17250,1
2026-04-13 14:25:00,17260,17260,17260,17260,17
2026-04-13 14:26:00,17250,17250,17250,17250,3
2026-04-13 14:27:00,17240,17250,17230,17250,29
2026-04-13 14:28:00,17260,17260,17260,17260,20
2026-04-13 14:29:00,17260,17260,17260,17260,4
2026-04-13 14:30:00,17260,17270,17260,17270,33
2026-04-13 14:33:00,17280,17320,17270,17320,274
2026-04-13 14:37:00,17300,17300,17280,17280,3
2026-04-13 14:38:00,17260,17260,17250,17250,76
2026-04-13 14:39:00,17260,17260,17250,17250,76
2026-04-13 14:40:00,17250,17300,17250,17300,35
2026-04-13 14:41:00,17260,17260,17260,17260,215
2026-04-13 14:42:00,17260,17260,17260,17260,8
2026-04-13 14:43:00,17260,17260,17260,17260,41
2026-04-13 14:44:00,17260,17260,17250,17260,1630
2026-04-13 14:45:00,17260,17260,17260,17260,1000
2026-04-13 14:46:00,17250,17250,17250,17250,37
2026-04-13 14:47:00,17250,17250,17250,17250,10
2026-04-13 14:48:00,17300,17300,17300,17300,10
2026-04-13 14:49:00,17300,17300,17300,17300,13
2026-04-13 14:50:00,17300,17300,17300,17300,331
2026-04-13 14:51:00,17260,17260,17260,17260,30
2026-04-13 14:52:00,17260,17300,17260,17280,371
2026-04-13 14:53:00,17290,17290,17290,17290,7
2026-04-13 14:54:00,17300,17320,17300,17320,40
2026-04-13 14:55:00,17320,17320,17320,17320,3
2026-04-13 14:56:00,17320,17320,17320,17320,100
2026-04-13 14:59:00,17280,17280,17260,17260,577
2026-04-13 15:00:00,17260,17260,17250,17260,51
2026-04-13 15:02:00,17260,17260,17250,17250,385
2026-04-13 15:03:00,17260,17310,17260,17310,15
2026-04-13 15:04:00,17310,17310,17310,17310,125
2026-04-13 15:05:00,17260,17260,17250,17250,1070
2026-04-13 15:06:00,17250,17250,17250,17250,84
2026-04-13 15:07:00,17240,17240,17240,17240,2
2026-04-13 15:08:00,17240,17240,17220,17220,246
2026-04-13 15:09:00,17220,17220,17220,17220,136
2026-04-13 15:10:00,17220,17220,17210,17210,17
2026-04-13 15:11:00,17210,17220,17210,17220,503
2026-04-13 15:12:00,17220,17240,17220,17240,328
2026-04-13 15:13:00,17240,17250,17230,17250,119
2026-04-13 15:14:00,17250,17250,17240,17240,30
2026-04-13 15:15:00,17240,17240,17230,17230,333
2026-04-13 15:16:00,17230,17230,17220,17220,164
2026-04-13 15:17:00,17220,17220,17220,17220,72
2026-04-13 15:18:00,17230,17240,17220,17240,182
2026-04-13 15:19:00,17220,17220,17210,17210,131
2026-04-13 15:30:00,17210,17210,17210,17210,452
2026-04-13 15:35:00,17210,17210,17210,17210,12
2026-04-14 09:00:00,17710,17770,17700,17760,3436
2026-04-14 09:01:00,17760,17990,17740,17990,7186
2026-04-14 09:02:00,17950,18100,17950,18000,1538
2026-04-14 09:03:00,18000,18060,17910,18050,2631
2026-04-14 09:04:00,18000,18040,17980,17990,1460
2026-04-14 09:05:00,17990,17990,17860,17920,2175
2026-04-14 09:06:00,17920,17980,17860,17950,2239
2026-04-14 09:07:00,17900,17920,17810,17810,3505
2026-04-14 09:08:00,17800,17840,17800,17840,3284
2026-04-14 09:09:00,17880,17890,17840,17880,382
2026-04-14 09:10:00,17870,17870,17840,17840,202
2026-04-14 09:11:00,17820,17850,17800,17800,2307
2026-04-14 09:12:00,17800,17840,17710,17840,2505
2026-04-14 09:13:00,17840,17960,17810,17960,5273
2026-04-14 09:14:00,17930,17930,17720,17880,1564
2026-04-14 09:15:00,17840,17880,17840,17870,606
2026-04-14 09:16:00,17860,17960,17860,17960,2591
2026-04-14 09:17:00,17940,17950,17940,17940,54
2026-04-14 09:18:00,17940,17950,17860,17900,576
2026-04-14 09:19:00,17900,17900,17850,17900,304
2026-04-14 09:20:00,17900,17950,17900,17910,754
2026-04-14 09:21:00,17910,17940,17900,17900,535
2026-04-14 09:22:00,17900,17900,17850,17850,60
2026-04-14 09:23:00,17850,17880,17850,17880,430
2026-04-14 09:24:00,17880,17890,17880,17880,66
2026-04-14 09:25:00,17880,17890,17840,17840,516
2026-04-14 09:26:00,17840,17880,17830,17880,229
2026-04-14 09:27:00,17880,17880,17850,17850,2
2026-04-14 09:28:00,17850,17850,17820,17820,100
2026-04-14 09:29:00,17820,17880,17820,17860,866
2026-04-14 09:30:00,17860,17930,17860,17930,2111
2026-04-14 09:31:00,17870,17940,17870,17940,602
2026-04-14 09:32:00,17930,17930,17870,17870,352
2026-04-14 09:33:00,17940,17940,17940,17940,241
2026-04-14 09:34:00,17920,17920,17900,17900,45
2026-04-14 09:35:00,17920,17920,17920,17920,1
2026-04-14 09:36:00,17920,17920,17920,17920,1
2026-04-14 09:37:00,17900,17930,17900,17930,442
2026-04-14 09:38:00,17930,17930,17930,17930,361
2026-04-14 09:40:00,17870,17930,17870,17900,275
2026-04-14 09:41:00,17900,17900,17870,17870,444
2026-04-14 09:42:00,17870,17900,17870,17900,90
2026-04-14 09:43:00,17910,17920,17830,17830,48
2026-04-14 09:44:00,17830,17830,17830,17830,152
2026-04-14 09:45:00,17840,17920,17830,17830,1240
2026-04-14 09:46:00,17830,17830,17820,17830,196
2026-04-14 09:47:00,17870,17910,17870,17910,396
2026-04-14 09:48:00,17900,17900,17900,17900,20
2026-04-14 09:49:00,17900,17910,17900,17900,485
2026-04-14 09:50:00,17900,17940,17900,17940,1983
2026-04-14 09:51:00,17940,17940,17910,17940,665
2026-04-14 09:52:00,17940,17960,17940,17940,1085
2026-04-14 09:53:00,17950,17960,17940,17940,148
2026-04-14 09:54:00,17940,17940,17930,17940,64
2026-04-14 09:55:00,17940,17940,17930,17930,175
2026-04-14 09:56:00,17930,17930,17930,17930,293
2026-04-14 09:57:00,17930,17930,17930,17930,232
2026-04-14 09:58:00,17930,17940,17930,17940,3
2026-04-14 09:59:00,17930,17930,17930,17930,308
2026-04-14 10:00:00,17930,17930,17930,17930,175
2026-04-14 10:01:00,17920,17920,17900,17920,2319
2026-04-14 10:02:00,17920,17930,17920,17930,51
2026-04-14 10:04:00,17920,17920,17860,17880,1310
2026-04-14 10:05:00,17880,17880,17860,17860,508
2026-04-14 10:06:00,17880,17910,17860,17860,157
2026-04-14 10:07:00,17900,17920,17860,17910,220
2026-04-14 10:08:00,17910,17910,17850,17850,14
2026-04-14 10:09:00,17850,17850,17850,17850,1186
2026-04-14 10:10:00,17860,17860,17860,17860,53
2026-04-14 10:11:00,17860,17870,17860,17860,397
2026-04-14 10:12:00,17860,17870,17860,17860,179
2026-04-14 10:13:00,17870,17890,17830,17890,4856
2026-04-14 10:14:00,17890,17890,17890,17890,20
2026-04-14 10:15:00,17830,17830,17830,17830,22
2026-04-14 10:16:00,17850,17850,17850,17850,87
2026-04-14 10:17:00,17830,17870,17830,17870,113
2026-04-14 10:18:00,17860,17870,17860,17870,40
2026-04-14 10:19:00,17870,17920,17870,17920,922
2026-04-14 10:20:00,17920,17920,17910,17920,29
2026-04-14 10:21:00,17910,17910,17870,17910,29
2026-04-14 10:23:00,17870,17910,17840,17910,558
2026-04-14 10:24:00,17880,17900,17860,17870,402
2026-04-14 10:25:00,17840,17850,17840,17850,119
2026-04-14 10:26:00,17850,17850,17840,17840,318
2026-04-14 10:27:00,17840,17840,17830,17830,769
2026-04-14 10:28:00,17830,17830,17830,17830,39
2026-04-14 10:29:00,17830,17840,17830,17830,20
2026-04-14 10:30:00,17830,17840,17800,17800,1287
2026-04-14 10:31:00,17810,17810,17800,17800,319
2026-04-14 10:32:00,17800,17810,17770,17770,1521
2026-04-14 10:33:00,17770,17770,17760,17760,651
2026-04-14 10:34:00,17760,17800,17760,17800,130
2026-04-14 10:35:00,17800,17810,17790,17810,47
2026-04-14 10:36:00,17800,17800,17800,17800,136
2026-04-14 10:37:00,17800,17810,17800,17810,23
2026-04-14 10:38:00,17820,17820,17800,17800,132
2026-04-14 10:39:00,17800,17820,17800,17820,57
2026-04-14 10:40:00,17810,17810,17810,17810,219
2026-04-14 10:42:00,17810,17840,17810,17840,423
2026-04-14 10:43:00,17820,17850,17810,17850,383
2026-04-14 10:44:00,17850,17850,17820,17850,141
2026-04-14 10:45:00,17850,17850,17850,17850,35
2026-04-14 10:46:00,17840,17850,17840,17850,3
2026-04-14 10:47:00,17830,17850,17830,17840,64
2026-04-14 10:48:00,17840,17900,17840,17900,1259
2026-04-14 10:49:00,17890,17900,17890,17900,55
2026-04-14 10:50:00,17890,17890,17890,17890,17
2026-04-14 10:51:00,17900,17900,17900,17900,115
2026-04-14 10:52:00,17895,17895,17895,17895,7
2026-04-14 10:53:00,17895,17930,17895,17930,884
2026-04-14 10:54:00,17930,17930,17930,17930,42
2026-04-14 10:55:00,17930,17930,17930,17930,51
2026-04-14 10:56:00,17930,17930,17930,17930,50
2026-04-14 10:57:00,17920,17920,17920,17920,72
2026-04-14 10:58:00,17920,17920,17920,17920,102
2026-04-14 11:00:00,17920,17920,17910,17910,2
2026-04-14 11:01:00,17910,17920,17850,17920,614
2026-04-14 11:02:00,17920,17920,17920,17920,4
2026-04-14 11:03:00,17910,17920,17910,17920,30
2026-04-14 11:04:00,17900,17900,17900,17900,50
2026-04-14 11:05:00,17890,17890,17890,17890,1
2026-04-14 11:06:00,17870,17890,17870,17870,113
2026-04-14 11:07:00,17870,17880,17870,17880,20
2026-04-14 11:08:00,17880,18080,17880,18080,7554
2026-04-14 11:09:00,18080,18270,18060,18090,5576
2026-04-14 11:10:00,18060,18090,18000,18000,747
2026-04-14 11:11:00,18040,18090,18040,18090,172
2026-04-14 11:12:00,18090,18090,18090,18090,1
2026-04-14 11:13:00,18060,18090,18050,18090,157
2026-04-14 11:14:00,18010,18080,18000,18070,30
2026-04-14 11:15:00,18060,18070,17970,18030,737
2026-04-14 11:16:00,18030,18030,17970,18030,74
2026-04-14 11:18:00,18030,18050,18030,18050,1274
2026-04-14 11:19:00,18010,18030,17960,17960,422
2026-04-14 11:20:00,17960,18030,17950,17950,84
2026-04-14 11:21:00,18000,18030,17940,18030,73
2026-04-14 11:23:00,17990,17990,17950,17990,12
2026-04-14 11:24:00,17950,17950,17930,17930,90
2026-04-14 11:25:00,17930,17930,17930,17930,10
2026-04-14 11:26:00,17970,17970,17950,17950,17
2026-04-14 11:27:00,17970,17980,17970,17980,7
2026-04-14 11:28:00,17980,17980,17980,17980,4
2026-04-14 11:29:00,17980,17990,17980,17990,9
2026-04-14 11:30:00,17980,17990,17980,17990,25
2026-04-14 11:31:00,17960,17970,17960,17970,202
2026-04-14 11:32:00,17960,17960,17960,17960,86
2026-04-14 11:33:00,17960,17960,17960,17960,2
2026-04-14 11:34:00,17950,17950,17940,17940,10
2026-04-14 11:35:00,17940,17940,17940,17940,36
2026-04-14 11:36:00,17940,17970,17940,17970,156
2026-04-14 11:37:00,17970,18070,17970,18070,1394
2026-04-14 11:38:00,18070,18150,18070,18110,938
2026-04-14 11:39:00,18110,18110,17940,18020,379
2026-04-14 11:40:00,18020,18020,17970,18020,521
2026-04-14 11:41:00,18020,18050,18020,18050,160
2026-04-14 11:42:00,18050,18060,18050,18060,531
2026-04-14 11:43:00,18050,18090,18050,18060,35
2026-04-14 11:44:00,18060,18060,18060,18060,9
2026-04-14 11:45:00,18060,18060,18060,18060,1
2026-04-14 11:46:00,18080,18800,18080,18520,22421
2026-04-14 11:47:00,18510,18900,18170,18470,34092
2026-04-14 11:48:00,18470,18575,18170,18280,16474
2026-04-14 11:49:00,18280,18420,18170,18290,4668
2026-04-14 11:50:00,18250,18440,18210,18250,3935
2026-04-14 11:51:00,18300,18455,18210,18430,3960
2026-04-14 11:52:00,18430,18490,18300,18480,2752
2026-04-14 11:53:00,18480,18490,18400,18430,2311
2026-04-14 11:54:00,18420,18600,18400,18560,4153
2026-04-14 11:55:00,18560,19200,18450,19200,25179
2026-04-14 11:56:00,19140,19400,18750,18820,34000
2026-04-14 11:57:00,18820,18860,18610,18650,15035
2026-04-14 11:58:00,18680,18790,18560,18600,7637
2026-04-14 11:59:00,18610,18630,18450,18600,3341
2026-04-14 12:00:00,18600,18710,18550,18650,2793
2026-04-14 12:01:00,18650,18960,18650,18790,5293
2026-04-14 12:02:00,18790,19000,18730,18870,8918
2026-04-14 12:03:00,18800,18950,18730,18730,3790
2026-04-14 12:04:00,18750,18870,18750,18870,1833
2026-04-14 12:05:00,18770,18870,18660,18690,2879
2026-04-14 12:06:00,18730,18840,18640,18730,5386
2026-04-14 12:07:00,18640,18720,18550,18600,4406
2026-04-14 12:08:00,18570,18600,18500,18510,4010
2026-04-14 12:09:00,18580,18590,18510,18540,2826
2026-04-14 12:10:00,18540,18640,18530,18600,2693
2026-04-14 12:11:00,18560,18700,18550,18650,1266
2026-04-14 12:12:00,18650,18800,18650,18780,4096
2026-04-14 12:13:00,18730,18730,18560,18560,663
2026-04-14 12:14:00,18560,18610,18550,18610,714
2026-04-14 12:15:00,18600,18650,18580,18590,1042
2026-04-14 12:16:00,18590,18790,18580,18790,2970
2026-04-14 12:17:00,18740,18790,18590,18770,1688
2026-04-14 12:18:00,18670,18770,18630,18660,1467
2026-04-14 12:19:00,18660,18700,18640,18650,1585
2026-04-14 12:20:00,18650,18660,18640,18650,353
2026-04-14 12:21:00,18650,19050,18640,18960,13952
2026-04-14 12:22:00,18960,19100,18910,18960,6743
2026-04-14 12:23:00,18930,19480,18880,19480,24199
2026-04-14 12:26:00,19370,19840,19360,19810,139028
2026-04-14 12:27:00,19780,19810,19590,19630,62825
2026-04-14 12:28:00,19670,19760,19570,19630,22674
2026-04-14 12:29:00,19610,19710,19440,19700,27768
2026-04-14 12:30:00,19700,19720,19500,19610,15070
2026-04-14 12:31:00,19610,19880,19540,19770,38440
2026-04-14 12:32:00,19760,19810,19660,19700,18096
2026-04-14 12:33:00,19700,19890,19700,19760,20187
2026-04-14 12:34:00,19760,19790,19650,19660,29231
2026-04-14 12:35:00,19650,19680,19480,19530,17225
2026-04-14 12:36:00,19530,19530,19100,19190,27395
2026-04-14 12:37:00,19190,19380,19190,19300,13020
2026-04-14 12:38:00,19310,19340,19050,19090,16793
2026-04-14 12:39:00,19100,19100,18920,18950,16245
2026-04-14 12:40:00,18950,19070,18910,18950,12695
2026-04-14 12:41:00,18950,18980,18860,18900,12597
2026-04-14 12:42:00,18890,18930,18850,18930,6043
2026-04-14 12:43:00,18930,18970,18890,18940,4936
2026-04-14 12:44:00,18940,18950,18840,18850,6773
2026-04-14 12:45:00,18840,18850,18750,18770,9545
2026-04-14 12:46:00,18770,18800,18700,18790,11882
2026-04-14 12:47:00,18800,18820,18680,18690,4995
2026-04-14 12:48:00,18690,18750,18610,18650,8074
2026-04-14 12:49:00,18650,18690,18620,18690,2031
2026-04-14 12:50:00,18690,18690,18660,18670,1533
2026-04-14 12:51:00,18670,18720,18670,18720,1191
2026-04-14 12:52:00,18710,18720,18600,18650,3378
2026-04-14 12:53:00,18660,18660,18560,18620,8498
2026-04-14 12:54:00,18580,18760,18580,18760,6126
2026-04-14 12:55:00,18750,18760,18660,18730,2890
2026-04-14 12:56:00,18730,18740,18670,18690,2923
2026-04-14 12:57:00,18680,18720,18680,18700,907
2026-04-14 12:58:00,18700,18720,18700,18720,932
2026-04-14 12:59:00,18730,18770,18720,18770,2022
2026-04-14 13:00:00,18770,18820,18750,18790,3032
2026-04-14 13:01:00,18760,18790,18730,18730,1069
2026-04-14 13:02:00,18740,18780,18740,18780,603
2026-04-14 13:03:00,18790,18790,18750,18750,975
2026-04-14 13:04:00,18750,18760,18690,18690,2432
2026-04-14 13:05:00,18690,18700,18620,18670,4552
2026-04-14 13:06:00,18650,18740,18650,18730,597
2026-04-14 13:07:00,18740,18780,18740,18750,480
2026-04-14 13:08:00,18740,18740,18700,18710,555
2026-04-14 13:09:00,18710,18800,18690,18690,5638
2026-04-14 13:10:00,18700,18800,18690,18750,1776
2026-04-14 13:11:00,18770,18780,18700,18700,1309
2026-04-14 13:12:00,18700,18750,18700,18730,250
2026-04-14 13:13:00,18730,18730,18690,18690,732
2026-04-14 13:14:00,18690,18700,18690,18690,250
2026-04-14 13:15:00,18690,18690,18660,18660,2045
2026-04-14 13:16:00,18660,18690,18650,18670,1248
2026-04-14 13:17:00,18670,18670,18650,18670,363
2026-04-14 13:18:00,18670,18700,18640,18700,3126
2026-04-14 13:19:00,18700,18700,18640,18680,685
2026-04-14 13:20:00,18670,18670,18630,18630,865
2026-04-14 13:21:00,18630,18670,18630,18630,318
2026-04-14 13:22:00,18640,18670,18630,18660,333
2026-04-14 13:23:00,18660,18670,18640,18640,585
2026-04-14 13:24:00,18640,18680,18640,18650,1367
2026-04-14 13:25:00,18680,18690,18680,18690,336
2026-04-14 13:26:00,18660,18740,18660,18690,859
2026-04-14 13:27:00,18690,18690,18690,18690,164
2026-04-14 13:28:00,18690,18740,18690,18730,844
2026-04-14 13:29:00,18720,18720,18710,18710,140
2026-04-14 13:30:00,18720,18720,18710,18720,165
2026-04-14 13:31:00,18720,18730,18700,18720,1035
2026-04-14 13:32:00,18690,18720,18690,18690,137
2026-04-14 13:33:00,18690,18720,18690,18710,407
2026-04-14 13:34:00,18710,18710,18690,18690,292
2026-04-14 13:35:00,18690,18700,18660,18660,355
2026-04-14 13:36:00,18650,18660,18640,18640,5152
2026-04-14 13:37:00,18660,18670,18610,18650,1624
2026-04-14 13:38:00,18610,18640,18610,18620,1077
2026-04-14 13:39:00,18610,18610,18610,18610,897
2026-04-14 13:40:00,18640,18650,18600,18620,1196
2026-04-14 13:41:00,18630,18650,18610,18620,1107
2026-04-14 13:42:00,18640,18640,18610,18630,914
2026-04-14 13:43:00,18630,18670,18630,18660,819
2026-04-14 13:44:00,18650,18650,18640,18640,16
2026-04-14 13:45:00,18640,18640,18640,18640,332
2026-04-14 13:46:00,18620,18620,18600,18610,2910
2026-04-14 13:47:00,18610,18660,18590,18590,1018
2026-04-14 13:48:00,18610,18660,18610,18640,207
2026-04-14 13:49:00,18650,18660,18630,18640,260
2026-04-14 13:50:00,18640,18640,18600,18600,976
2026-04-14 13:51:00,18610,18630,18600,18630,171
2026-04-14 13:52:00,18630,18630,18590,18600,835
2026-04-14 13:53:00,18600,18600,18550,18560,2597
2026-04-14 13:54:00,18570,18570,18540,18540,1686
2026-04-14 13:55:00,18545,18550,18510,18550,2162
2026-04-14 13:56:00,18550,18590,18500,18580,4157
2026-04-14 13:57:00,18550,18550,18520,18550,274
2026-04-14 13:58:00,18540,18630,18520,18630,2230
2026-04-14 13:59:00,18630,18650,18600,18650,1595
2026-04-14 14:00:00,18660,18660,18620,18630,190
2026-04-14 14:01:00,18630,18660,18630,18640,299
2026-04-14 14:02:00,18640,18640,18630,18640,245
2026-04-14 14:03:00,18620,18660,18620,18640,457
2026-04-14 14:04:00,18630,18640,18620,18620,381
2026-04-14 14:05:00,18620,18630,18620,18630,118
2026-04-14 14:06:00,18630,18630,18620,18630,113
2026-04-14 14:07:00,18630,18630,18620,18620,384
2026-04-14 14:08:00,18630,18710,18630,18710,2142
2026-04-14 14:09:00,18700,18700,18690,18690,358
2026-04-14 14:10:00,18690,18700,18680,18700,795
2026-04-14 14:11:00,18700,18710,18680,18700,304
2026-04-14 14:12:00,18710,18760,18710,18760,4651
2026-04-14 14:13:00,18760,18780,18740,18740,3014
2026-04-14 14:14:00,18750,18760,18750,18760,490
2026-04-14 14:15:00,18750,18760,18740,18760,237
2026-04-14 14:16:00,18760,18760,18740,18760,346
2026-04-14 14:17:00,18760,18760,18700,18700,112
2026-04-14 14:18:00,18700,18780,18700,18780,1454
2026-04-14 14:19:00,18780,18830,18700,18720,3401
2026-04-14 14:20:00,18810,18810,18750,18750,286
2026-04-14 14:21:00,18750,18750,18750,18750,791
2026-04-14 14:22:00,18770,18770,18750,18770,304
2026-04-14 14:23:00,18770,18810,18770,18800,536
2026-04-14 14:24:00,18790,18800,18790,18800,932
2026-04-14 14:25:00,18800,18800,18780,18780,443
2026-04-14 14:26:00,18780,18780,18750,18750,461
2026-04-14 14:27:00,18750,18750,18680,18690,729
2026-04-14 14:28:00,18690,18740,18680,18720,603
2026-04-14 14:29:00,18710,18710,18700,18710,319
2026-04-14 14:30:00,18700,18710,18700,18700,163
2026-04-14 14:31:00,18700,18710,18680,18710,298
2026-04-14 14:32:00,18670,18670,18650,18660,124
2026-04-14 14:33:00,18650,18660,18650,18650,334
2026-04-14 14:34:00,18650,18650,18620,18620,2742
2026-04-14 14:35:00,18620,18630,18590,18610,1515
2026-04-14 14:36:00,18610,18650,18610,18650,103
2026-04-14 14:37:00,18650,18730,18650,18730,227
2026-04-14 14:38:00,18720,18720,18610,18610,36
2026-04-14 14:39:00,18690,18690,18610,18610,40
2026-04-14 14:40:00,18630,18640,18620,18640,33
2026-04-14 14:41:00,18640,18650,18610,18610,171
2026-04-14 14:42:00,18610,18620,18580,18580,491
2026-04-14 14:43:00,18590,18600,18590,18600,317
2026-04-14 14:44:00,18590,18600,18580,18600,258
2026-04-14 14:45:00,18600,18600,18590,18590,712
2026-04-14 14:46:00,18590,18590,18550,18560,1689
2026-04-14 14:47:00,18560,18590,18550,18560,836
2026-04-14 14:48:00,18580,18590,18580,18590,70
2026-04-14 14:49:00,18600,18600,18590,18590,269
2026-04-14 14:50:00,18600,18600,18590,18600,259
2026-04-14 14:51:00,18600,18650,18600,18640,301
2026-04-14 14:52:00,18640,18640,18630,18640,14
2026-04-14 14:53:00,18640,18640,18600,18600,288
2026-04-14 14:54:00,18600,18600,18570,18580,79
2026-04-14 14:55:00,18570,18570,18550,18550,220
2026-04-14 14:56:00,18550,18570,18540,18550,564
2026-04-14 14:57:00,18550,18580,18540,18540,307
2026-04-14 14:58:00,18540,18580,18510,18510,1174
2026-04-14 14:59:00,18510,18540,18510,18540,275
2026-04-14 15:00:00,18540,18580,18540,18570,233
2026-04-14 15:01:00,18570,18580,18570,18570,961
2026-04-14 15:02:00,18570,18570,18500,18560,2095
2026-04-14 15:03:00,18560,18560,18505,18510,677
2026-04-14 15:04:00,18510,18550,18500,18540,497
2026-04-14 15:05:00,18540,18540,18530,18540,242
2026-04-14 15:06:00,18540,18560,18470,18550,1633
2026-04-14 15:07:00,18550,18580,18500,18580,1426
2026-04-14 15:08:00,18580,18650,18570,18570,1321
2026-04-14 15:09:00,18570,18630,18570,18630,53
2026-04-14 15:10:00,18630,18630,18590,18600,104
2026-04-14 15:11:00,18600,18620,18590,18620,671
2026-04-14 15:12:00,18620,18630,18600,18600,976
2026-04-14 15:13:00,18630,18630,18610,18610,347
2026-04-14 15:14:00,18620,18640,18620,18630,219
2026-04-14 15:15:00,18630,18630,18610,18610,244
2026-04-14 15:16:00,18610,18610,18590,18590,1527
2026-04-14 15:17:00,18590,18600,18580,18600,383
2026-04-14 15:18:00,18590,18620,18570,18610,835
2026-04-14 15:19:00,18570,18600,18490,18490,2199
2026-04-14 15:30:00,18490,18490,18490,18490,8714
