date_idx,open,high,low,close,volume
2026-03-03 09:05:00,8960,8960,8860,8880,7470
2026-03-03 09:06:00,8900,8900,8850,8850,2615
2026-03-03 09:07:00,8860,8920,8860,8920,999
2026-03-03 09:08:00,8920,8940,8880,8940,2913
2026-03-03 09:09:00,8920,8920,8900,8920,1662
2026-03-03 09:10:00,8900,8920,8880,8880,1587
2026-03-03 09:11:00,8890,8890,8860,8860,3648
2026-03-03 09:12:00,8860,8860,8850,8850,2859
2026-03-03 09:13:00,8850,8860,8840,8840,5985
2026-03-03 09:14:00,8850,8850,8830,8830,11663
2026-03-03 09:15:00,8860,8860,8860,8860,27
2026-03-03 09:16:00,8860,8900,8840,8860,3471
2026-03-03 09:17:00,8880,8880,8860,8860,2635
2026-03-03 09:18:00,8860,8860,8840,8850,429
2026-03-03 09:19:00,8860,8890,8860,8890,366
2026-03-03 09:20:00,8880,8890,8860,8860,749
2026-03-03 09:21:00,8890,8890,8870,8870,97
2026-03-03 09:22:00,8860,8870,8850,8870,2443
2026-03-03 09:23:00,8870,8870,8860,8860,759
2026-03-03 09:24:00,8860,8880,8850,8850,2028
2026-03-03 09:25:00,8850,8860,8820,8820,10280
2026-03-03 09:26:00,8830,8830,8820,8830,686
2026-03-03 09:27:00,8830,8840,8830,8840,594
2026-03-03 09:28:00,8835,8860,8830,8840,7599
2026-03-03 09:29:00,8850,8860,8840,8850,457
2026-03-03 09:30:00,8850,8875,8850,8860,2583
2026-03-03 09:31:00,8860,8860,8860,8860,123
2026-03-03 09:32:00,8870,8900,8870,8890,194
2026-03-03 09:34:00,8890,8910,8890,8910,121
2026-03-03 09:35:00,8910,8930,8910,8930,1024
2026-03-03 09:36:00,8930,8930,8920,8930,227
2026-03-03 09:37:00,8930,8980,8930,8960,5850
2026-03-03 09:38:00,8980,8980,8960,8970,121
2026-03-03 09:39:00,8970,8980,8960,8980,842
2026-03-03 09:40:00,8990,9010,8980,9000,3496
2026-03-03 09:41:00,9000,9010,8990,9010,937
2026-03-03 09:42:00,9010,9010,9000,9010,229
2026-03-03 09:43:00,9010,9050,9010,9040,220
2026-03-03 09:44:00,9040,9050,9010,9050,1720
2026-03-03 09:45:00,9010,9050,9010,9040,260
2026-03-03 09:46:00,9040,9040,9020,9020,1041
2026-03-03 09:47:00,9020,9030,9020,9020,1436
2026-03-03 09:48:00,9040,9050,9040,9050,1445
2026-03-03 09:49:00,9050,9060,9020,9060,26
2026-03-03 09:50:00,9050,9050,9020,9050,5
2026-03-03 09:51:00,9050,9050,9050,9050,29
2026-03-03 09:52:00,9050,9080,9030,9070,1523
2026-03-03 09:53:00,9040,9090,9040,9090,559
2026-03-03 09:54:00,9090,9120,9070,9120,2559
2026-03-03 09:55:00,9120,9130,9120,9120,1024
2026-03-03 09:56:00,9100,9140,9100,9140,384
2026-03-03 09:57:00,9130,9160,9120,9160,356
2026-03-03 09:58:00,9150,9190,9140,9180,1602
2026-03-03 09:59:00,9180,9190,9180,9190,1458
2026-03-03 10:00:00,9200,9230,9200,9220,2274
2026-03-03 10:01:00,9220,9230,9190,9220,1542
2026-03-03 10:02:00,9220,9230,9220,9220,152
2026-03-03 10:03:00,9230,9250,9210,9240,992
2026-03-03 10:04:00,9240,9240,9240,9240,471
2026-03-03 10:05:00,9240,9240,9200,9210,862
2026-03-03 10:06:00,9240,9240,9200,9200,1585
2026-03-03 10:07:00,9210,9210,9200,9200,460
2026-03-03 10:08:00,9200,9250,9200,9250,1769
2026-03-03 10:09:00,9250,9260,9250,9260,681
2026-03-03 10:10:00,9270,9280,9250,9280,305
2026-03-03 10:11:00,9270,9270,9250,9250,170
2026-03-03 10:12:00,9250,9250,9250,9250,85
2026-03-03 10:13:00,9250,9250,9240,9250,598
2026-03-03 10:14:00,9250,9290,9250,9285,4622
2026-03-03 10:15:00,9280,9315,9280,9310,2232
2026-03-03 10:16:00,9315,9330,9300,9310,1021
2026-03-03 10:17:00,9310,9320,9290,9320,1559
2026-03-03 10:18:00,9310,9320,9300,9320,51
2026-03-03 10:19:00,9320,9320,9310,9320,565
2026-03-03 10:20:00,9320,9330,9310,9320,737
2026-03-03 10:21:00,9310,9340,9310,9340,2565
2026-03-03 10:22:00,9330,9330,9320,9330,175
2026-03-03 10:23:00,9330,9335,9325,9325,234
2026-03-03 10:24:00,9330,9330,9320,9320,294
2026-03-03 10:25:00,9320,9320,9300,9300,942
2026-03-03 10:26:00,9300,9300,9290,9290,614
2026-03-03 10:27:00,9290,9300,9290,9300,317
2026-03-03 10:28:00,9320,9320,9320,9320,111
2026-03-03 10:29:00,9310,9320,9310,9320,20
2026-03-03 10:30:00,9320,9320,9290,9320,1812
2026-03-03 10:31:00,9320,9330,9320,9320,1236
2026-03-03 10:32:00,9320,9320,9310,9310,85
2026-03-03 10:33:00,9310,9310,9300,9300,303
2026-03-03 10:34:00,9300,9300,9290,9290,295
2026-03-03 10:35:00,9290,9290,9290,9290,582
2026-03-03 10:36:00,9290,9290,9280,9280,956
2026-03-03 10:37:00,9300,9300,9280,9280,101
2026-03-03 10:38:00,9280,9280,9280,9280,26
2026-03-03 10:39:00,9280,9280,9280,9280,1054
2026-03-03 10:40:00,9290,9310,9280,9310,1141
2026-03-03 10:41:00,9310,9310,9310,9310,643
2026-03-03 10:42:00,9310,9310,9300,9300,521
2026-03-03 10:43:00,9310,9310,9290,9310,842
2026-03-03 10:44:00,9320,9320,9320,9320,540
2026-03-03 10:45:00,9310,9310,9310,9310,1102
2026-03-03 10:46:00,9310,9310,9310,9310,511
2026-03-03 10:47:00,9310,9320,9300,9320,861
2026-03-03 10:48:00,9320,9320,9300,9300,117
2026-03-03 10:49:00,9300,9300,9300,9300,478
2026-03-03 10:50:00,9290,9290,9290,9290,250
2026-03-03 10:51:00,9290,9290,9270,9270,350
2026-03-03 10:52:00,9270,9270,9250,9250,1226
2026-03-03 10:53:00,9240,9240,9240,9240,10
2026-03-03 10:54:00,9240,9240,9230,9230,224
2026-03-03 10:55:00,9230,9230,9200,9200,548
2026-03-03 10:56:00,9200,9200,9200,9200,567
2026-03-03 10:57:00,9220,9230,9220,9230,694
2026-03-03 10:58:00,9240,9240,9240,9240,68
2026-03-03 10:59:00,9250,9250,9240,9240,25
2026-03-03 11:00:00,9250,9250,9250,9250,501
2026-03-03 11:01:00,9250,9250,9250,9250,110
2026-03-03 11:02:00,9230,9250,9190,9220,2140
2026-03-03 11:03:00,9220,9230,9180,9180,696
2026-03-03 11:04:00,9180,9180,9180,9180,2315
2026-03-03 11:05:00,9180,9200,9170,9200,125
2026-03-03 11:06:00,9200,9200,9180,9180,150
2026-03-03 11:09:00,9230,9230,9230,9230,11
2026-03-03 11:11:00,9230,9230,9220,9220,200
2026-03-03 11:12:00,9210,9210,9210,9210,144
2026-03-03 11:13:00,9220,9230,9220,9230,331
2026-03-03 11:14:00,9230,9230,9170,9200,2387
2026-03-03 11:16:00,9200,9200,9190,9200,3
2026-03-03 11:17:00,9170,9170,9150,9150,874
2026-03-03 11:18:00,9140,9140,9110,9140,275
2026-03-03 11:19:00,9100,9100,9100,9100,183
2026-03-03 11:20:00,9110,9140,9100,9100,725
2026-03-03 11:21:00,9100,9100,9080,9080,289
2026-03-03 11:22:00,9090,9120,9070,9070,269
2026-03-03 11:23:00,9070,9130,9050,9050,2064
2026-03-03 11:24:00,9120,9140,9060,9140,225
2026-03-03 11:25:00,9100,9100,9090,9090,904
2026-03-03 11:26:00,9115,9115,9100,9100,373
2026-03-03 11:27:00,9100,9130,9100,9100,154
2026-03-03 11:28:00,9100,9140,9100,9100,564
2026-03-03 11:29:00,9130,9130,9130,9130,14
2026-03-03 11:30:00,9130,9130,9130,9130,100
2026-03-03 11:31:00,9140,9140,9140,9140,1
2026-03-03 11:32:00,9140,9140,9140,9140,83
2026-03-03 11:33:00,9140,9140,9140,9140,100
2026-03-03 11:34:00,9140,9140,9140,9140,37
2026-03-03 11:35:00,9140,9140,9140,9140,10
2026-03-03 11:36:00,9150,9150,9150,9150,3
2026-03-03 11:37:00,9150,9160,9150,9160,530
2026-03-03 11:38:00,9160,9160,9160,9160,21
2026-03-03 11:39:00,9160,9160,9160,9160,41
2026-03-03 11:40:00,9150,9150,9120,9150,782
2026-03-03 11:41:00,9140,9140,9120,9120,2
2026-03-03 11:42:00,9120,9120,9110,9110,61
2026-03-03 11:43:00,9110,9110,9110,9110,91
2026-03-03 11:44:00,9100,9100,9100,9100,129
2026-03-03 11:45:00,9110,9110,9100,9100,354
2026-03-03 11:46:00,9110,9110,9110,9110,1994
2026-03-03 11:47:00,9120,9120,9090,9090,352
2026-03-03 11:48:00,9090,9090,9090,9090,149
2026-03-03 11:49:00,9090,9090,9080,9080,383
2026-03-03 11:50:00,9080,9080,9070,9080,344
2026-03-03 11:52:00,9080,9120,9060,9120,244
2026-03-03 11:53:00,9090,9090,9070,9070,679
2026-03-03 11:54:00,9070,9070,9070,9070,25
2026-03-03 11:55:00,9070,9070,9060,9060,782
2026-03-03 11:56:00,9060,9060,9060,9060,191
2026-03-03 11:57:00,9100,9100,9100,9100,3
2026-03-03 11:58:00,9100,9100,9040,9040,965
2026-03-03 11:59:00,9040,9040,9040,9040,120
2026-03-03 12:00:00,9040,9040,9020,9020,536
2026-03-03 12:01:00,9020,9040,9020,9040,110
2026-03-03 12:02:00,9040,9040,9040,9040,1
2026-03-03 12:03:00,9040,9040,9030,9030,100
2026-03-03 12:04:00,9030,9030,9030,9030,10
2026-03-03 12:05:00,9030,9030,9030,9030,358
2026-03-03 12:08:00,9030,9060,9000,9000,1799
2026-03-03 12:09:00,9000,9160,9000,9030,1754
2026-03-03 12:10:00,9030,9030,9010,9020,538
2026-03-03 12:11:00,9010,9020,9010,9020,201
2026-03-03 12:12:00,9020,9020,9020,9020,9
2026-03-03 12:14:00,9020,9020,9020,9020,233
2026-03-03 12:15:00,9030,9040,9010,9040,464
2026-03-03 12:16:00,9040,9050,9010,9050,602
2026-03-03 12:17:00,9050,9070,9050,9070,339
2026-03-03 12:18:00,9070,9070,9060,9060,12
2026-03-03 12:19:00,9060,9060,9040,9040,523
2026-03-03 12:20:00,9040,9040,9020,9020,83
2026-03-03 12:21:00,9010,9010,9000,9010,2579
2026-03-03 12:22:00,8990,8990,8980,8980,620
2026-03-03 12:23:00,9000,9000,9000,9000,1
2026-03-03 12:24:00,9000,9000,9000,9000,49
2026-03-03 12:25:00,9010,9010,9000,9000,1202
2026-03-03 12:26:00,9000,9010,9000,9010,3
2026-03-03 12:27:00,9010,9010,8990,8990,202
2026-03-03 12:28:00,8980,8980,8970,8970,2340
2026-03-03 12:29:00,8970,8980,8970,8970,419
2026-03-03 12:30:00,8960,8970,8950,8960,1461
2026-03-03 12:31:00,8950,8960,8940,8940,1206
2026-03-03 12:32:00,8950,8950,8940,8950,235
2026-03-03 12:33:00,8950,8960,8950,8960,80
2026-03-03 12:34:00,8960,8960,8950,8960,19
2026-03-03 12:35:00,8960,8980,8960,8980,300
2026-03-03 12:36:00,8980,9010,8980,9010,1137
2026-03-03 12:37:00,9030,9030,9030,9030,384
2026-03-03 12:38:00,9055,9055,8990,9030,1154
2026-03-03 12:39:00,9020,9020,8900,8970,3558
2026-03-03 12:40:00,8980,8980,8980,8980,100
2026-03-03 12:41:00,8980,9050,8980,9050,172
2026-03-03 12:42:00,9040,9040,9040,9040,1
2026-03-03 12:43:00,9000,9000,9000,9000,5
2026-03-03 12:44:00,9000,9000,9000,9000,77
2026-03-03 12:45:00,9000,9010,9000,9010,91
2026-03-03 12:46:00,9020,9020,9020,9020,21
2026-03-03 12:47:00,9040,9040,9020,9020,108
2026-03-03 12:48:00,9030,9030,9010,9010,20
2026-03-03 12:49:00,9030,9030,9020,9020,52
2026-03-03 12:50:00,9020,9060,9020,9060,330
2026-03-03 12:51:00,9070,9070,9060,9060,487
2026-03-03 12:52:00,9090,9090,9050,9090,21
2026-03-03 12:53:00,9090,9090,9090,9090,1568
2026-03-03 12:54:00,9090,9090,9090,9090,31
2026-03-03 12:55:00,9060,9060,9060,9060,6
2026-03-03 12:56:00,9080,9080,9080,9080,5
2026-03-03 12:58:00,9070,9070,9070,9070,7
2026-03-03 12:59:00,9080,9080,9070,9080,440
2026-03-03 13:00:00,9090,9100,9080,9100,51
2026-03-03 13:01:00,9100,9100,9100,9100,68
2026-03-03 13:02:00,9100,9110,9100,9110,448
2026-03-03 13:03:00,9110,9130,9110,9130,165
2026-03-03 13:04:00,9110,9110,9080,9080,1028
2026-03-03 13:05:00,9070,9100,9070,9100,84
2026-03-03 13:07:00,9070,9090,9070,9090,15
2026-03-03 13:08:00,9090,9090,9090,9090,200
2026-03-03 13:09:00,9090,9090,9080,9080,8
2026-03-03 13:10:00,9080,9080,9080,9080,41
2026-03-03 13:11:00,9080,9080,9080,9080,8
2026-03-03 13:12:00,9080,9090,9080,9090,259
2026-03-03 13:13:00,9100,9100,9100,9100,110
2026-03-03 13:14:00,9090,9090,9080,9080,9
2026-03-03 13:15:00,9080,9080,9080,9080,128
2026-03-03 13:16:00,9080,9080,9070,9070,1023
2026-03-03 13:17:00,9070,9070,9070,9070,8
2026-03-03 13:18:00,9070,9070,9060,9060,168
2026-03-03 13:19:00,9060,9060,9060,9060,200
2026-03-03 13:20:00,9080,9100,9080,9100,76
2026-03-03 13:21:00,9080,9100,9080,9100,775
2026-03-03 13:22:00,9100,9120,9100,9120,348
2026-03-03 13:23:00,9120,9140,9120,9140,213
2026-03-03 13:24:00,9120,9130,9110,9120,560
2026-03-03 13:25:00,9120,9140,9120,9140,428
2026-03-03 13:26:00,9150,9150,9130,9150,643
2026-03-03 13:27:00,9150,9150,9130,9150,257
2026-03-03 13:28:00,9150,9150,9120,9120,616
2026-03-03 13:29:00,9110,9110,9080,9080,975
2026-03-03 13:30:00,9100,9110,9100,9110,114
2026-03-03 13:31:00,9110,9110,9090,9090,246
2026-03-03 13:32:00,9090,9090,9080,9080,15
2026-03-03 13:33:00,9080,9080,9080,9080,195
2026-03-03 13:34:00,9080,9080,9080,9080,8
2026-03-03 13:35:00,9070,9080,9070,9080,14
2026-03-03 13:36:00,9070,9070,9070,9070,19
2026-03-03 13:37:00,9070,9070,9060,9060,34
2026-03-03 13:38:00,9060,9060,9050,9050,179
2026-03-03 13:39:00,9050,9050,9040,9040,67
2026-03-03 13:40:00,9040,9040,9030,9030,42
2026-03-03 13:41:00,9020,9020,9020,9020,25
2026-03-03 13:42:00,9020,9020,9010,9010,12
2026-03-03 13:43:00,9010,9010,8990,8990,511
2026-03-03 13:44:00,8980,9000,8970,9000,1008
2026-03-03 13:45:00,9000,9000,9000,9000,1000
2026-03-03 13:46:00,8980,8980,8970,8970,140
2026-03-03 13:47:00,8980,8980,8980,8980,196
2026-03-03 13:48:00,8980,8980,8970,8970,169
2026-03-03 13:49:00,8970,8970,8960,8960,574
2026-03-03 13:50:00,8970,8970,8960,8960,8
2026-03-03 13:51:00,8960,8960,8960,8960,455
2026-03-03 13:52:00,8960,8960,8950,8950,921
2026-03-03 13:53:00,8950,8960,8940,8960,822
2026-03-03 13:54:00,8960,8960,8960,8960,47
2026-03-03 13:55:00,8960,8970,8940,8940,593
2026-03-03 13:56:00,8940,8940,8940,8940,26
2026-03-03 13:57:00,8940,8940,8930,8930,462
2026-03-03 13:58:00,8930,8930,8920,8930,569
2026-03-03 13:59:00,8920,8930,8910,8930,782
2026-03-03 14:00:00,8930,8940,8930,8940,101
2026-03-03 14:02:00,8950,8960,8950,8960,1049
2026-03-03 14:03:00,8940,8940,8930,8930,600
2026-03-03 14:04:00,8930,8930,8930,8930,120
2026-03-03 14:05:00,8930,8930,8930,8930,11
2026-03-03 14:06:00,8940,8960,8930,8960,3647
2026-03-03 14:07:00,8960,8970,8930,8960,1184
2026-03-03 14:08:00,8970,8970,8970,8970,251
2026-03-03 14:09:00,8970,8970,8960,8960,26
2026-03-03 14:10:00,8960,8980,8960,8980,76
2026-03-03 14:11:00,8980,8980,8970,8980,93
2026-03-03 14:12:00,8980,8980,8970,8980,33
2026-03-03 14:13:00,8990,9000,8990,9000,179
2026-03-03 14:14:00,9000,9030,9000,9020,143
2026-03-03 14:15:00,9010,9020,9010,9010,273
2026-03-03 14:17:00,9010,9010,8990,8990,457
2026-03-03 14:18:00,9000,9000,8990,8990,14
2026-03-03 14:19:00,8980,8980,8980,8980,22
2026-03-03 14:20:00,8990,8990,8980,8980,58
2026-03-03 14:21:00,8970,8970,8970,8970,69
2026-03-03 14:22:00,8970,8970,8970,8970,11
2026-03-03 14:23:00,8970,8970,8970,8970,18
2026-03-03 14:24:00,8980,8980,8970,8980,23
2026-03-03 14:25:00,8980,8980,8980,8980,72
2026-03-03 14:26:00,8980,8980,8980,8980,11
2026-03-03 14:27:00,8980,8980,8980,8980,9
2026-03-03 14:28:00,8990,9030,8990,9030,33
2026-03-03 14:29:00,9020,9020,9010,9010,31
2026-03-03 14:30:00,9020,9020,9010,9020,168
2026-03-03 14:31:00,9020,9020,9020,9020,166
2026-03-03 14:32:00,9010,9020,9010,9020,23
2026-03-03 14:33:00,9010,9010,8980,8980,759
2026-03-03 14:34:00,8980,8980,8980,8980,709
2026-03-03 14:35:00,8980,8990,8970,8970,734
2026-03-03 14:36:00,8970,8970,8950,8955,753
2026-03-03 14:37:00,8950,8955,8950,8955,73
2026-03-03 14:38:00,8955,9010,8950,9010,13288
2026-03-03 14:39:00,8995,8995,8980,8980,27
2026-03-03 14:40:00,8970,8970,8950,8950,435
2026-03-03 14:41:00,8950,8970,8950,8970,1728
2026-03-03 14:42:00,8970,8990,8970,8990,137
2026-03-03 14:43:00,8990,8990,8960,8990,786
2026-03-03 14:44:00,8990,8990,8990,8990,51
2026-03-03 14:45:00,8970,8970,8930,8930,1517
2026-03-03 14:46:00,8930,8930,8930,8930,72
2026-03-03 14:47:00,8930,8940,8920,8930,1776
2026-03-03 14:48:00,8930,8930,8930,8930,31
2026-03-03 14:49:00,8940,8940,8930,8930,1112
2026-03-03 14:50:00,8930,8930,8920,8930,183
2026-03-03 14:51:00,8920,8920,8910,8910,697
2026-03-03 14:52:00,8910,8910,8900,8910,1073
2026-03-03 14:53:00,8900,8910,8900,8910,751
2026-03-03 14:54:00,8910,8910,8900,8900,739
2026-03-03 14:55:00,8910,8910,8890,8905,5804
2026-03-03 14:56:00,8900,8910,8890,8910,249
2026-03-03 14:57:00,8900,8900,8870,8890,5631
2026-03-03 14:58:00,8880,8880,8870,8870,184
2026-03-03 14:59:00,8870,8880,8860,8860,2167
2026-03-03 15:00:00,8860,8880,8860,8880,68
2026-03-03 15:01:00,8890,8900,8890,8900,992
2026-03-03 15:02:00,8900,8900,8890,8890,183
2026-03-03 15:03:00,8890,8890,8880,8890,119
2026-03-03 15:04:00,8890,8890,8890,8890,68
2026-03-03 15:05:00,8890,8900,8890,8900,193
2026-03-03 15:06:00,8900,8900,8890,8900,553
2026-03-03 15:07:00,8900,8910,8890,8890,1128
2026-03-03 15:08:00,8900,8910,8880,8900,671
2026-03-03 15:09:00,8880,8880,8870,8870,758
2026-03-03 15:10:00,8870,8880,8850,8850,5004
2026-03-03 15:11:00,8850,8880,8850,8860,509
2026-03-03 15:12:00,8870,8880,8860,8860,328
2026-03-03 15:13:00,8860,8870,8860,8860,131
2026-03-03 15:14:00,8860,8880,8860,8860,553
2026-03-03 15:15:00,8860,8860,8860,8860,114
2026-03-03 15:16:00,8860,8860,8840,8850,4150
2026-03-03 15:17:00,8850,8850,8840,8840,1224
2026-03-03 15:18:00,8840,8850,8840,8840,261
2026-03-03 15:19:00,8850,8860,8840,8860,999
2026-03-03 15:30:00,8860,8860,8860,8860,2625
2026-03-03 15:35:00,8860,8860,8860,8860,523
2026-03-04 09:00:00,8800,8800,8540,8540,9397
2026-03-04 09:01:00,8580,8610,8380,8380,6570
2026-03-04 09:02:00,8450,8450,8340,8390,3180
2026-03-04 09:03:00,8390,8400,8350,8350,5574
2026-03-04 09:04:00,8380,8410,8340,8410,7546
2026-03-04 09:05:00,8410,8410,8320,8320,10209
2026-03-04 09:06:00,8330,8360,8280,8290,11446
2026-03-04 09:07:00,8290,8340,8290,8330,3482
2026-03-04 09:08:00,8340,8470,8340,8430,2776
2026-03-04 09:09:00,8470,8500,8440,8500,1184
2026-03-04 09:10:00,8520,8550,8460,8520,2084
2026-03-04 09:11:00,8520,8520,8360,8370,4387
2026-03-04 09:12:00,8360,8430,8330,8410,3484
2026-03-04 09:13:00,8410,8500,8410,8500,1069
2026-03-04 09:14:00,8500,8510,8430,8440,2163
2026-03-04 09:15:00,8460,8460,8400,8400,4259
2026-03-04 09:16:00,8400,8410,8400,8400,1442
2026-03-04 09:17:00,8400,8440,8390,8410,3452
2026-03-04 09:18:00,8390,8440,8390,8440,1001
2026-03-04 09:19:00,8460,8480,8440,8470,321
2026-03-04 09:20:00,8470,8490,8440,8490,1091
2026-03-04 09:21:00,8490,8560,8490,8550,5302
2026-03-04 09:22:00,8550,8550,8450,8490,2552
2026-03-04 09:23:00,8490,8490,8450,8460,2213
2026-03-04 09:24:00,8455,8455,8430,8430,2109
2026-03-04 09:25:00,8450,8460,8440,8450,1200
2026-03-04 09:26:00,8440,8440,8390,8420,2791
2026-03-04 09:27:00,8450,8450,8450,8450,602
2026-03-04 09:28:00,8450,8480,8400,8400,1024
2026-03-04 09:29:00,8430,8440,8420,8440,333
2026-03-04 09:30:00,8450,8450,8400,8400,2667
2026-03-04 09:31:00,8410,8410,8350,8390,6650
2026-03-04 09:32:00,8390,8390,8340,8380,2434
2026-03-04 09:33:00,8365,8365,8345,8350,4699
2026-03-04 09:34:00,8350,8350,8350,8350,93
2026-03-04 09:35:00,8350,8350,8340,8340,1562
2026-03-04 09:36:00,8340,8340,8330,8340,402
2026-03-04 09:37:00,8360,8360,8330,8340,2038
2026-03-04 09:38:00,8340,8350,8340,8350,1452
2026-03-04 09:39:00,8350,8360,8320,8320,2104
2026-03-04 09:40:00,8340,8390,8340,8380,623
2026-03-04 09:41:00,8370,8400,8350,8350,1212
2026-03-04 09:42:00,8350,8350,8320,8330,2122
2026-03-04 09:43:00,8330,8330,8330,8330,10
2026-03-04 09:44:00,8330,8330,8320,8320,1844
2026-03-04 09:45:00,8320,8320,8300,8300,3016
2026-03-04 09:46:00,8330,8365,8330,8365,1148
2026-03-04 09:47:00,8390,8390,8300,8370,5323
2026-03-04 09:48:00,8350,8370,8300,8300,1432
2026-03-04 09:49:00,8350,8350,8310,8320,135
2026-03-04 09:50:00,8320,8350,8300,8350,12808
2026-03-04 09:51:00,8350,8350,8310,8310,6495
2026-03-04 09:52:00,8310,8310,8290,8300,25276
2026-03-04 09:53:00,8300,8300,8290,8290,3190
2026-03-04 09:54:00,8290,8300,8280,8300,5500
2026-03-04 09:55:00,8300,8330,8300,8310,258
2026-03-04 09:56:00,8330,8370,8330,8370,1074
2026-03-04 09:57:00,8360,8380,8350,8380,509
2026-03-04 09:58:00,8390,8460,8390,8450,533
2026-03-04 09:59:00,8450,8450,8420,8430,635
2026-03-04 10:00:00,8430,8440,8400,8410,1414
2026-03-04 10:01:00,8410,8420,8360,8420,2012
2026-03-04 10:02:00,8410,8410,8360,8360,474
2026-03-04 10:03:00,8370,8380,8360,8380,285
2026-03-04 10:04:00,8380,8380,8380,8380,191
2026-03-04 10:05:00,8380,8380,8380,8380,65
2026-03-04 10:06:00,8380,8380,8360,8360,751
2026-03-04 10:07:00,8370,8370,8340,8340,2111
2026-03-04 10:08:00,8340,8340,8340,8340,218
2026-03-04 10:09:00,8340,8340,8330,8340,736
2026-03-04 10:10:00,8340,8370,8340,8360,294
2026-03-04 10:11:00,8360,8360,8350,8350,435
2026-03-04 10:12:00,8340,8370,8330,8340,252
2026-03-04 10:13:00,8340,8340,8320,8320,796
2026-03-04 10:14:00,8320,8340,8310,8340,1098
2026-03-04 10:15:00,8340,8340,8310,8310,460
2026-03-04 10:17:00,8340,8340,8290,8290,4982
2026-03-04 10:18:00,8280,8340,8280,8340,3084
2026-03-04 10:19:00,8340,8340,8340,8340,141
2026-03-04 10:20:00,8340,8340,8340,8340,628
2026-03-04 10:21:00,8340,8400,8310,8310,1087
2026-03-04 10:22:00,8330,8330,8330,8330,20
2026-03-04 10:23:00,8310,8310,8290,8290,1069
2026-03-04 10:24:00,8310,8320,8310,8315,24
2026-03-04 10:25:00,8315,8320,8310,8310,863
2026-03-04 10:26:00,8310,8320,8270,8270,9877
2026-03-04 10:27:00,8270,8270,8260,8270,788
2026-03-04 10:28:00,8270,8280,8250,8260,780
2026-03-04 10:29:00,8280,8280,8280,8280,676
2026-03-04 10:30:00,8290,8290,8260,8260,3009
2026-03-04 10:31:00,8260,8260,8250,8260,1450
2026-03-04 10:32:00,8260,8260,8260,8260,195
2026-03-04 10:33:00,8260,8300,8250,8300,1701
2026-03-04 10:34:00,8260,8300,8250,8250,1407
2026-03-04 10:35:00,8290,8300,8250,8300,1257
2026-03-04 10:36:00,8270,8300,8250,8300,2268
2026-03-04 10:37:00,8250,8300,8250,8300,1901
2026-03-04 10:38:00,8300,8300,8300,8300,148
2026-03-04 10:39:00,8300,8340,8300,8340,1910
2026-03-04 10:40:00,8340,8350,8330,8350,817
2026-03-04 10:41:00,8350,8350,8330,8330,30
2026-03-04 10:42:00,8330,8340,8330,8330,297
2026-03-04 10:43:00,8330,8330,8310,8310,233
2026-03-04 10:44:00,8310,8310,8300,8300,236
2026-03-04 10:45:00,8310,8340,8300,8340,442
2026-03-04 10:46:00,8300,8300,8300,8300,341
2026-03-04 10:47:00,8300,8300,8300,8300,40
2026-03-04 10:48:00,8330,8330,8330,8330,124
2026-03-04 10:49:00,8310,8310,8280,8280,2295
2026-03-04 10:50:00,8300,8300,8300,8300,225
2026-03-04 10:51:00,8300,8300,8280,8280,1469
2026-03-04 10:52:00,8290,8290,8280,8280,355
2026-03-04 10:53:00,8270,8270,8220,8230,3206
2026-03-04 10:54:00,8230,8240,8220,8220,1634
2026-03-04 10:55:00,8220,8250,8220,8250,158
2026-03-04 10:56:00,8250,8260,8240,8260,574
2026-03-04 10:57:00,8290,8290,8260,8260,53
2026-03-04 10:58:00,8250,8250,8250,8250,1015
2026-03-04 10:59:00,8250,8250,8240,8240,198
2026-03-04 11:00:00,8240,8260,8220,8220,2176
2026-03-04 11:01:00,8230,8280,8230,8230,506
2026-03-04 11:02:00,8220,8230,8220,8230,1201
2026-03-04 11:03:00,8220,8235,8220,8235,139
2026-03-04 11:04:00,8220,8220,8220,8220,9
2026-03-04 11:05:00,8220,8220,8180,8180,6441
2026-03-04 11:06:00,8180,8190,8170,8170,11859
2026-03-04 11:07:00,8170,8170,8170,8170,51
2026-03-04 11:08:00,8170,8200,8170,8200,356
2026-03-04 11:09:00,8185,8200,8160,8180,1945
2026-03-04 11:10:00,8160,8160,8150,8160,1554
2026-03-04 11:11:00,8160,8160,8150,8160,3954
2026-03-04 11:12:00,8160,8200,8160,8200,1220
2026-03-04 11:13:00,8170,8200,8150,8150,4891
2026-03-04 11:14:00,8150,8160,8150,8160,8
2026-03-04 11:15:00,8160,8160,8130,8140,897
2026-03-04 11:16:00,8160,8160,8130,8130,147
2026-03-04 11:47:00,8130,8130,8100,8130,5809
2026-03-04 11:48:00,8110,8110,8000,8050,4375
2026-03-04 11:49:00,8060,8070,8020,8070,966
2026-03-04 11:50:00,8080,8130,8070,8130,661
2026-03-04 11:51:00,8150,8170,8080,8130,4212
2026-03-04 11:52:00,8080,8080,8000,8000,1466
2026-03-04 11:53:00,8010,8030,7800,7810,10085
2026-03-04 11:54:00,7900,7940,7880,7910,1614
2026-03-04 11:55:00,7880,7880,7810,7820,1558
2026-03-04 11:56:00,7820,7840,7790,7790,2125
2026-03-04 11:57:00,7840,8000,7830,7930,1507
2026-03-04 11:58:00,8010,8020,7930,8020,508
2026-03-04 11:59:00,8000,8020,7970,8020,676
2026-03-04 12:00:00,8000,8010,7940,7950,1970
2026-03-04 12:01:00,7940,7950,7930,7930,859
2026-03-04 12:02:00,7950,7950,7930,7930,703
2026-03-04 12:03:00,7920,7940,7910,7940,533
2026-03-04 12:04:00,7910,7920,7870,7870,1805
2026-03-04 12:05:00,7900,7900,7810,7830,2922
2026-03-04 12:06:00,7810,7890,7750,7890,6600
2026-03-04 12:07:00,7880,7910,7880,7910,2453
2026-03-04 12:08:00,7920,7970,7920,7970,2
2026-03-04 12:09:00,8000,8000,7975,7975,143
2026-03-04 12:10:00,7980,8200,7980,8000,727
2026-03-04 12:11:00,8000,8000,7920,7920,1698
2026-03-04 12:12:00,7930,7940,7920,7920,425
2026-03-04 12:13:00,7920,7920,7910,7920,737
2026-03-04 12:14:00,7920,7920,7860,7860,1897
2026-03-04 12:15:00,7850,7850,7795,7800,2297
2026-03-04 12:16:00,7800,7810,7790,7800,5721
2026-03-04 12:17:00,7790,7820,7780,7780,2597
2026-03-04 12:18:00,7790,7830,7780,7830,6989
2026-03-04 12:19:00,7840,8030,7840,8000,201
2026-03-04 12:20:00,7990,7990,7900,7900,2356
2026-03-04 12:21:00,7900,7900,7890,7890,1221
2026-03-04 12:22:00,7890,7980,7890,7940,726
2026-03-04 12:23:00,7990,7990,7930,7970,811
2026-03-04 12:24:00,7930,7970,7870,7920,1587
2026-03-04 12:25:00,7880,7960,7880,7910,2556
2026-03-04 12:26:00,7910,7915,7900,7900,319
2026-03-04 12:27:00,7900,7900,7860,7860,626
2026-03-04 12:28:00,7860,7860,7810,7810,1268
2026-03-04 12:29:00,7810,7830,7800,7830,5853
2026-03-04 12:30:00,7830,7830,7780,7780,1815
2026-03-04 12:31:00,7770,7790,7700,7710,10336
2026-03-04 12:32:00,7780,7780,7700,7710,2128
2026-03-04 12:33:00,7700,7700,7690,7700,590
2026-03-04 12:34:00,7690,7710,7680,7680,4141
2026-03-04 12:35:00,7680,7680,7630,7650,2340
2026-03-04 12:36:00,7660,7760,7630,7760,538
2026-03-04 12:37:00,7770,7770,7720,7770,1413
2026-03-04 12:38:00,7820,7830,7760,7810,485
2026-03-04 12:39:00,7810,7840,7810,7840,1380
2026-03-04 12:40:00,7840,7910,7830,7910,2309
2026-03-04 12:41:00,7900,7910,7890,7910,2743
2026-03-04 12:42:00,7910,7950,7890,7950,930
2026-03-04 12:43:00,7920,7940,7890,7940,898
2026-03-04 12:44:00,7940,7950,7940,7940,391
2026-03-04 12:45:00,7940,7960,7900,7950,347
2026-03-04 12:46:00,7940,7960,7940,7960,1175
2026-03-04 12:47:00,7990,7990,7950,7990,1191
2026-03-04 12:48:00,8000,8100,7960,8100,1127
2026-03-04 12:49:00,8030,8090,8000,8000,1271
2026-03-04 12:50:00,8000,8000,7980,8000,165
2026-03-04 12:51:00,8000,8015,7990,7990,238
2026-03-04 12:52:00,8015,8030,8015,8030,152
2026-03-04 12:53:00,8020,8020,8020,8020,371
2026-03-04 12:54:00,8020,8100,7970,7990,1271
2026-03-04 12:55:00,7990,8020,7970,8020,383
2026-03-04 12:56:00,8020,8020,7990,8000,1325
2026-03-04 12:57:00,8020,8030,8020,8030,623
2026-03-04 12:58:00,8065,8100,8060,8100,615
2026-03-04 13:00:00,8070,8080,8070,8080,205
2026-03-04 13:01:00,8070,8070,8050,8050,842
2026-03-04 13:02:00,8050,8050,7980,7980,562
2026-03-04 13:03:00,7970,7990,7970,7990,409
2026-03-04 13:04:00,7990,8030,7960,8030,427
2026-03-04 13:05:00,8040,8050,8010,8040,159
2026-03-04 13:06:00,8060,8080,8060,8080,818
2026-03-04 13:07:00,8080,8100,8080,8080,789
2026-03-04 13:08:00,8060,8060,8040,8040,207
2026-03-04 13:09:00,8050,8080,8050,8080,101
2026-03-04 13:10:00,8080,8080,8020,8070,254
2026-03-04 13:11:00,8080,8100,8080,8100,619
2026-03-04 13:12:00,8100,8100,8060,8060,3283
2026-03-04 13:13:00,8050,8100,8050,8100,234
2026-03-04 13:14:00,8100,8200,8090,8100,479
2026-03-04 13:15:00,8100,8100,8070,8080,43
2026-03-04 13:16:00,8070,8070,8070,8070,3724
2026-03-04 13:17:00,8060,8060,8030,8030,163
2026-03-04 13:18:00,8020,8020,7980,7980,1726
2026-03-04 13:19:00,8000,8000,8000,8000,20
2026-03-04 13:20:00,8000,8060,8000,8060,1010
2026-03-04 13:21:00,8090,8090,8050,8050,652
2026-03-04 13:22:00,8040,8050,8000,8030,22
2026-03-04 13:23:00,8030,8030,8020,8020,35
2026-03-04 13:24:00,8010,8070,8010,8070,754
2026-03-04 13:25:00,8030,8060,8010,8010,18
2026-03-04 13:26:00,8020,8040,8020,8040,74
2026-03-04 13:27:00,8030,8030,8030,8030,484
2026-03-04 13:28:00,8020,8040,8010,8040,515
2026-03-04 13:29:00,8010,8010,8010,8010,8
2026-03-04 13:30:00,8010,8030,7990,8000,3039
2026-03-04 13:31:00,8020,8020,8000,8000,287
2026-03-04 13:32:00,7990,7990,7960,7960,2375
2026-03-04 13:33:00,7990,7990,7990,7990,165
2026-03-04 13:34:00,8000,8020,7960,8020,255
2026-03-04 13:35:00,8020,8030,8020,8030,167
2026-03-04 13:36:00,8030,8030,8010,8010,104
2026-03-04 13:37:00,8000,8000,7980,7980,130
2026-03-04 13:38:00,7970,7970,7950,7950,334
2026-03-04 13:39:00,7950,7950,7950,7950,131
2026-03-04 13:40:00,7960,7970,7940,7950,2479
2026-03-04 13:41:00,7950,7990,7950,7990,414
2026-03-04 13:42:00,8000,8050,7980,8040,622
2026-03-04 13:43:00,8010,8040,7980,7980,1424
2026-03-04 13:44:00,7980,8000,7980,8000,71
2026-03-04 13:45:00,8020,8020,7990,7990,318
2026-03-04 13:46:00,7980,8010,7980,8010,107
2026-03-04 13:47:00,8000,8000,7990,8000,272
2026-03-04 13:48:00,8000,8000,7970,7970,131
2026-03-04 13:49:00,7970,7980,7970,7980,716
2026-03-04 13:50:00,7990,7990,7990,7990,1
2026-03-04 13:51:00,7980,7990,7970,7990,109
2026-03-04 13:52:00,7970,7990,7950,7950,189
2026-03-04 13:53:00,7970,7970,7950,7950,1009
2026-03-04 13:54:00,7950,7960,7950,7960,237
2026-03-04 13:55:00,7950,7970,7930,7970,1600
2026-03-04 13:56:00,7970,7970,7950,7960,1974
2026-03-04 13:57:00,7950,7950,7920,7920,2038
2026-03-04 13:58:00,7910,7920,7900,7910,935
2026-03-04 13:59:00,7910,7910,7890,7890,796
2026-03-04 14:00:00,7900,7930,7900,7900,2426
2026-03-04 14:01:00,7930,7930,7890,7890,153
2026-03-04 14:02:00,7900,7900,7890,7890,1195
2026-03-04 14:03:00,7900,7900,7880,7890,250
2026-03-04 14:04:00,7890,7890,7870,7880,241
2026-03-04 14:05:00,7880,7880,7880,7880,164
2026-03-04 14:06:00,7880,7880,7880,7880,144
2026-03-04 14:07:00,7870,7880,7870,7880,1255
2026-03-04 14:08:00,7890,7890,7890,7890,1
2026-03-04 14:09:00,7870,7870,7870,7870,305
2026-03-04 14:10:00,7860,7860,7860,7860,13
2026-03-04 14:11:00,7870,7870,7840,7850,1652
2026-03-04 14:12:00,7850,7850,7830,7830,678
2026-03-04 14:13:00,7830,7830,7820,7830,363
2026-03-04 14:14:00,7830,7830,7830,7830,23
2026-03-04 14:15:00,7840,7850,7840,7850,39
2026-03-04 14:16:00,7860,7860,7860,7860,648
2026-03-04 14:17:00,7840,7840,7830,7830,200
2026-03-04 14:18:00,7830,7830,7830,7830,13
2026-03-04 14:19:00,7840,7840,7840,7840,35
2026-03-04 14:20:00,7840,7850,7820,7820,2171
2026-03-04 14:21:00,7820,7820,7820,7820,26
2026-03-04 14:22:00,7830,7830,7760,7770,2308
2026-03-04 14:23:00,7750,7780,7750,7750,509
2026-03-04 14:25:00,7760,7780,7750,7760,2048
2026-03-04 14:26:00,7780,7790,7760,7790,260
2026-03-04 14:27:00,7800,7800,7790,7790,368
2026-03-04 14:28:00,7790,7800,7760,7800,495
2026-03-04 14:29:00,7790,7790,7740,7770,110
2026-03-04 14:30:00,7760,7790,7730,7780,263
2026-03-04 14:31:00,7790,7790,7730,7750,329
2026-03-04 14:32:00,7770,7790,7740,7750,2748
2026-03-04 14:33:00,7770,7780,7730,7780,1963
2026-03-04 14:34:00,7770,7780,7710,7730,2219
2026-03-04 14:35:00,7710,7740,7710,7740,121
2026-03-04 14:36:00,7740,7750,7730,7750,451
2026-03-04 14:37:00,7750,7780,7740,7780,350
2026-03-04 14:38:00,7760,7800,7750,7800,214
2026-03-04 14:39:00,7800,7840,7690,7730,9415
2026-03-04 14:40:00,7750,7830,7730,7800,359
2026-03-04 14:41:00,7830,7830,7760,7760,1045
2026-03-04 14:42:00,7820,7830,7780,7830,734
2026-03-04 14:43:00,7850,7850,7790,7830,101
2026-03-04 14:44:00,7840,7880,7840,7850,1701
2026-03-04 14:45:00,7850,7850,7830,7850,140
2026-03-04 14:46:00,7860,7900,7860,7900,177
2026-03-04 14:47:00,7860,7900,7760,7790,3747
2026-03-04 14:48:00,7870,7870,7800,7860,75
2026-03-04 14:49:00,7850,7850,7840,7850,39
2026-03-04 14:50:00,7860,7890,7860,7890,681
2026-03-04 14:51:00,7890,7900,7890,7900,589
2026-03-04 14:52:00,7900,7970,7880,7890,1150
2026-03-04 14:53:00,7910,7910,7880,7880,1307
2026-03-04 14:54:00,7890,7890,7870,7870,1017
2026-03-04 14:55:00,7850,7870,7830,7830,332
2026-03-04 14:56:00,7870,7880,7870,7880,4741
2026-03-04 14:57:00,7880,7880,7800,7810,1502
2026-03-04 14:58:00,7830,7830,7810,7830,282
2026-03-04 14:59:00,7810,7810,7770,7810,1802
2026-03-04 15:00:00,7820,7820,7790,7790,1386
2026-03-04 15:01:00,7780,7800,7760,7760,2683
2026-03-04 15:02:00,7750,7750,7730,7740,262
2026-03-04 15:03:00,7730,7750,7730,7750,465
2026-03-04 15:04:00,7750,7750,7710,7710,813
2026-03-04 15:05:00,7710,7750,7710,7750,1400
2026-03-04 15:06:00,7750,7760,7710,7750,327
2026-03-04 15:07:00,7750,7760,7700,7740,1306
2026-03-04 15:08:00,7750,7750,7740,7750,199
2026-03-04 15:09:00,7740,7740,7700,7740,789
2026-03-04 15:10:00,7740,7750,7700,7740,1452
2026-03-04 15:11:00,7730,7740,7720,7740,633
2026-03-04 15:12:00,7750,7750,7680,7690,4368
2026-03-04 15:13:00,7710,7720,7690,7700,1158
2026-03-04 15:14:00,7700,7710,7690,7690,1152
2026-03-04 15:15:00,7700,7720,7700,7710,1504
2026-03-04 15:16:00,7710,7720,7700,7720,454
2026-03-04 15:17:00,7710,7710,7700,7700,105
2026-03-04 15:18:00,7700,7720,7680,7720,2420
2026-03-04 15:19:00,7710,7710,7680,7690,1360
2026-03-04 15:30:00,7690,7690,7690,7690,4171
2026-03-04 15:35:00,7690,7690,7690,7690,371
2026-03-05 09:00:00,7780,8400,7780,7850,46213
2026-03-05 09:03:00,8210,8370,8210,8320,7975
2026-03-05 09:04:00,8310,8310,8210,8300,5867
2026-03-05 09:05:00,8300,8330,8250,8280,3750
2026-03-05 09:06:00,8270,8270,8030,8090,3862
2026-03-05 09:07:00,8100,8180,8090,8150,2961
2026-03-05 09:08:00,8150,8150,8100,8110,1166
2026-03-05 09:09:00,8130,8130,8090,8130,931
2026-03-05 09:10:00,8150,8150,8130,8140,424
2026-03-05 09:11:00,8135,8270,8120,8270,4416
2026-03-05 09:12:00,8280,8350,8280,8350,2701
2026-03-05 09:13:00,8340,8340,8140,8245,4726
2026-03-05 09:14:00,8290,8365,8290,8365,3650
2026-03-05 09:15:00,8365,8370,8270,8270,1050
2026-03-05 09:16:00,8310,8350,8230,8230,3609
2026-03-05 09:17:00,8230,8320,8230,8320,835
2026-03-05 09:18:00,8310,8330,8310,8330,30
2026-03-05 09:19:00,8330,8330,8290,8290,1219
2026-03-05 09:20:00,8300,8300,8280,8280,613
2026-03-05 09:21:00,8280,8300,8270,8300,441
2026-03-05 09:22:00,8300,8300,8260,8260,2001
2026-03-05 09:23:00,8280,8330,8260,8300,5835
2026-03-05 09:24:00,8290,8290,8290,8290,382
2026-03-05 09:25:00,8300,8310,8230,8310,4696
2026-03-05 09:26:00,8310,8330,8270,8270,2112
2026-03-05 09:27:00,8270,8310,8270,8310,780
2026-03-05 09:28:00,8320,8320,8320,8320,1
2026-03-05 09:29:00,8315,8320,8290,8290,1565
2026-03-05 09:30:00,8280,8280,8260,8270,564
2026-03-05 09:31:00,8270,8290,8270,8270,280
2026-03-05 09:32:00,8280,8280,8280,8280,3
2026-03-05 09:33:00,8270,8270,8260,8260,595
2026-03-05 09:34:00,8250,8250,8220,8220,3989
2026-03-05 09:35:00,8220,8230,8170,8180,3777
2026-03-05 09:36:00,8210,8210,8210,8210,15
2026-03-05 09:37:00,8200,8210,8170,8170,401
2026-03-05 09:38:00,8170,8190,8170,8170,2109
2026-03-05 09:39:00,8180,8190,8170,8180,725
2026-03-05 09:40:00,8170,8180,8100,8180,1737
2026-03-05 09:41:00,8160,8200,8160,8170,1832
2026-03-05 09:42:00,8190,8200,8180,8190,640
2026-03-05 09:43:00,8180,8180,8170,8170,1484
2026-03-05 09:44:00,8170,8180,8160,8160,106
2026-03-05 09:45:00,8160,8200,8160,8200,2295
2026-03-05 09:46:00,8160,8170,8160,8170,1233
2026-03-05 09:47:00,8170,8180,8160,8180,35
2026-03-05 09:48:00,8190,8220,8190,8220,444
2026-03-05 09:49:00,8220,8220,8200,8200,199
2026-03-05 09:50:00,8200,8220,8200,8220,1101
2026-03-05 09:51:00,8220,8240,8150,8240,1613
2026-03-05 09:52:00,8260,8270,8210,8210,41
2026-03-05 09:53:00,8250,8250,8240,8240,30
2026-03-05 09:54:00,8220,8220,8210,8210,91
2026-03-05 09:55:00,8220,8230,8220,8230,129
2026-03-05 09:56:00,8230,8230,8170,8230,580
2026-03-05 09:57:00,8230,8270,8230,8250,942
2026-03-05 09:58:00,8250,8270,8250,8270,121
2026-03-05 09:59:00,8270,8270,8270,8270,194
2026-03-05 10:00:00,8270,8280,8270,8280,1070
2026-03-05 10:01:00,8290,8290,8290,8290,30
2026-03-05 10:02:00,8290,8290,8280,8290,232
2026-03-05 10:03:00,8290,8290,8260,8270,3965
2026-03-05 10:04:00,8270,8290,8270,8270,2443
2026-03-05 10:06:00,8270,8270,8270,8270,1206
2026-03-05 10:07:00,8260,8270,8260,8260,570
2026-03-05 10:08:00,8250,8250,8250,8250,32
2026-03-05 10:09:00,8260,8270,8190,8210,2860
2026-03-05 10:10:00,8250,8250,8250,8250,101
2026-03-05 10:11:00,8250,8270,8250,8270,126
2026-03-05 10:12:00,8270,8270,8250,8260,131
2026-03-05 10:13:00,8270,8270,8270,8270,244
2026-03-05 10:14:00,8260,8270,8260,8270,302
2026-03-05 10:15:00,8270,8270,8270,8270,10
2026-03-05 10:16:00,8270,8270,8250,8250,269
2026-03-05 10:17:00,8240,8260,8240,8250,284
2026-03-05 10:18:00,8260,8260,8240,8240,484
2026-03-05 10:19:00,8240,8240,8200,8200,1083
2026-03-05 10:21:00,8230,8240,8220,8220,104
2026-03-05 10:22:00,8230,8240,8210,8210,97
2026-03-05 10:23:00,8240,8240,8240,8240,804
2026-03-05 10:24:00,8240,8240,8230,8230,1000
2026-03-05 10:25:00,8250,8250,8220,8220,352
2026-03-05 10:26:00,8270,8270,8220,8260,66
2026-03-05 10:27:00,8240,8250,8240,8240,896
2026-03-05 10:28:00,8240,8240,8230,8230,305
2026-03-05 10:29:00,8240,8240,8240,8240,848
2026-03-05 10:30:00,8260,8260,8260,8260,2
2026-03-05 10:31:00,8260,8260,8240,8240,400
2026-03-05 10:32:00,8240,8240,8240,8240,490
2026-03-05 10:33:00,8240,8240,8220,8220,388
2026-03-05 10:34:00,8220,8220,8190,8190,2054
2026-03-05 10:36:00,8200,8210,8200,8200,1325
2026-03-05 10:37:00,8220,8220,8220,8220,1
2026-03-05 10:38:00,8220,8220,8220,8220,6
2026-03-05 10:39:00,8220,8220,8190,8220,570
2026-03-05 10:40:00,8220,8220,8170,8170,3131
2026-03-05 10:41:00,8210,8220,8190,8190,317
2026-03-05 10:42:00,8190,8200,8190,8200,130
2026-03-05 10:43:00,8200,8200,8180,8180,279
2026-03-05 10:44:00,8200,8200,8170,8170,1145
2026-03-05 10:45:00,8190,8190,8170,8170,198
2026-03-05 10:46:00,8170,8170,8170,8170,15
2026-03-05 10:47:00,8200,8220,8200,8220,1101
2026-03-05 10:48:00,8220,8230,8210,8230,205
2026-03-05 10:49:00,8230,8230,8190,8190,236
2026-03-05 10:51:00,8190,8190,8190,8190,206
2026-03-05 10:52:00,8190,8200,8160,8160,1978
2026-03-05 10:53:00,8170,8190,8150,8150,254
2026-03-05 10:55:00,8160,8190,8160,8160,210
2026-03-05 10:56:00,8150,8150,8150,8150,410
2026-03-05 10:57:00,8190,8190,8190,8190,1
2026-03-05 10:58:00,8190,8190,8140,8140,291
2026-03-05 10:59:00,8160,8200,8110,8110,2066
2026-03-05 11:00:00,8160,8200,8140,8200,1362
2026-03-05 11:01:00,8220,8220,8220,8220,439
2026-03-05 11:02:00,8230,8230,8230,8230,1274
2026-03-05 11:03:00,8240,8240,8230,8230,521
2026-03-05 11:04:00,8230,8230,8230,8230,21
2026-03-05 11:06:00,8240,8240,8230,8240,620
2026-03-05 11:07:00,8240,8260,8240,8260,1541
2026-03-05 11:08:00,8250,8280,8220,8280,1571
2026-03-05 11:09:00,8260,8280,8260,8280,74
2026-03-05 11:10:00,8280,8280,8260,8260,286
2026-03-05 11:11:00,8260,8260,8260,8260,49
2026-03-05 11:12:00,8250,8250,8250,8250,100
2026-03-05 11:13:00,8250,8260,8250,8260,2449
2026-03-05 11:14:00,8270,8270,8250,8250,22
2026-03-05 11:15:00,8250,8250,8250,8250,85
2026-03-05 11:16:00,8270,8270,8260,8260,2556
2026-03-05 11:17:00,8260,8260,8250,8260,1800
2026-03-05 11:18:00,8260,8260,8260,8260,10
2026-03-05 11:20:00,8260,8260,8260,8260,86
2026-03-05 11:21:00,8250,8250,8250,8250,10
2026-03-05 11:22:00,8250,8250,8250,8250,80
2026-03-05 11:23:00,8240,8240,8240,8240,60
2026-03-05 11:24:00,8230,8230,8230,8230,43
2026-03-05 11:25:00,8240,8240,8240,8240,12
2026-03-05 11:26:00,8250,8250,8250,8250,1
2026-03-05 11:27:00,8240,8240,8240,8240,51
2026-03-05 11:28:00,8240,8240,8240,8240,19
2026-03-05 11:29:00,8250,8250,8250,8250,312
2026-03-05 11:30:00,8250,8260,8250,8260,2749
2026-03-05 11:32:00,8260,8260,8260,8260,2
2026-03-05 11:33:00,8270,8270,8270,8270,40
2026-03-05 11:34:00,8270,8270,8270,8270,20
2026-03-05 11:35:00,8270,8280,8270,8270,2657
2026-03-05 11:36:00,8270,8290,8240,8290,348
2026-03-05 11:37:00,8290,8290,8290,8290,142
2026-03-05 11:38:00,8290,8290,8290,8290,99
2026-03-05 11:39:00,8290,8290,8290,8290,500
2026-03-05 11:40:00,8240,8240,8220,8220,127
2026-03-05 11:43:00,8240,8280,8240,8280,154
2026-03-05 11:45:00,8280,8300,8280,8300,3303
2026-03-05 11:46:00,8310,8310,8310,8310,1246
2026-03-05 11:47:00,8310,8310,8300,8300,27
2026-03-05 11:48:00,8300,8300,8300,8300,14
2026-03-05 11:49:00,8300,8310,8290,8290,547
2026-03-05 11:50:00,8290,8310,8290,8310,1275
2026-03-05 11:51:00,8310,8310,8310,8310,56
2026-03-05 11:52:00,8300,8300,8300,8300,233
2026-03-05 11:53:00,8300,8300,8290,8300,327
2026-03-05 11:54:00,8300,8300,8290,8290,123
2026-03-05 11:55:00,8290,8290,8290,8290,3
2026-03-05 11:56:00,8300,8300,8300,8300,5
2026-03-05 11:57:00,8300,8310,8300,8310,653
2026-03-05 11:58:00,8310,8310,8310,8310,447
2026-03-05 11:59:00,8310,8310,8300,8300,9
2026-03-05 12:01:00,8310,8320,8310,8320,1710
2026-03-05 12:02:00,8320,8320,8320,8320,50
2026-03-05 12:04:00,8320,8320,8320,8320,124
2026-03-05 12:05:00,8310,8310,8310,8310,6
2026-03-05 12:06:00,8310,8310,8310,8310,43
2026-03-05 12:07:00,8305,8310,8305,8310,72
2026-03-05 12:08:00,8300,8300,8300,8300,100
2026-03-05 12:09:00,8310,8310,8310,8310,638
2026-03-05 12:10:00,8300,8320,8300,8320,1457
2026-03-05 12:11:00,8320,8320,8310,8310,345
2026-03-05 12:12:00,8310,8310,8250,8250,972
2026-03-05 12:13:00,8270,8320,8270,8320,253
2026-03-05 12:14:00,8320,8320,8320,8320,19
2026-03-05 12:15:00,8320,8330,8320,8330,100
2026-03-05 12:16:00,8330,8330,8330,8330,3
2026-03-05 12:17:00,8310,8330,8310,8330,22
2026-03-05 12:18:00,8330,8330,8310,8310,101
2026-03-05 12:20:00,8330,8350,8330,8350,787
2026-03-05 12:22:00,8330,8350,8310,8350,1447
2026-03-05 12:23:00,8350,8350,8350,8350,126
2026-03-05 12:24:00,8350,8350,8350,8350,201
2026-03-05 12:25:00,8340,8350,8340,8350,100
2026-03-05 12:26:00,8340,8340,8340,8340,13
2026-03-05 12:27:00,8330,8330,8330,8330,10
2026-03-05 12:28:00,8330,8330,8320,8320,42
2026-03-05 12:29:00,8320,8330,8320,8330,566
2026-03-05 12:30:00,8310,8310,8300,8300,715
2026-03-05 12:32:00,8300,8300,8280,8280,65
2026-03-05 12:33:00,8280,8290,8280,8290,21
2026-03-05 12:34:00,8300,8300,8300,8300,3
2026-03-05 12:35:00,8270,8270,8270,8270,1
2026-03-05 12:36:00,8280,8280,8280,8280,85
2026-03-05 12:37:00,8280,8280,8280,8280,14
2026-03-05 12:38:00,8280,8280,8270,8280,140
2026-03-05 12:39:00,8300,8300,8300,8300,153
2026-03-05 12:40:00,8330,8350,8330,8350,1024
2026-03-05 12:41:00,8360,8380,8360,8380,1303
2026-03-05 12:43:00,8370,8370,8370,8370,100
2026-03-05 12:44:00,8370,8370,8370,8370,101
2026-03-05 12:45:00,8360,8360,8360,8360,3
2026-03-05 12:46:00,8360,8370,8360,8370,17
2026-03-05 12:47:00,8340,8350,8340,8350,73
2026-03-05 12:48:00,8350,8350,8350,8350,574
2026-03-05 12:49:00,8330,8330,8320,8320,363
2026-03-05 12:50:00,8300,8320,8280,8280,563
2026-03-05 12:51:00,8290,8320,8290,8320,132
2026-03-05 12:52:00,8300,8300,8290,8290,6
2026-03-05 12:53:00,8300,8300,8300,8300,220
2026-03-05 12:54:00,8310,8310,8310,8310,7
2026-03-05 12:57:00,8310,8310,8300,8300,200
2026-03-05 12:58:00,8280,8280,8270,8270,740
2026-03-05 13:00:00,8300,8310,8300,8310,31
2026-03-05 13:01:00,8310,8310,8310,8310,5
2026-03-05 13:02:00,8310,8320,8310,8320,502
2026-03-05 13:03:00,8320,8320,8320,8320,18
2026-03-05 13:04:00,8320,8320,8280,8280,44
2026-03-05 13:05:00,8290,8310,8290,8310,108
2026-03-05 13:06:00,8320,8320,8320,8320,210
2026-03-05 13:07:00,8330,8330,8320,8330,5
2026-03-05 13:08:00,8330,8340,8330,8340,31
2026-03-05 13:09:00,8340,8350,8330,8350,326
2026-03-05 13:11:00,8360,8360,8340,8340,62
2026-03-05 13:12:00,8360,8360,8340,8350,281
2026-03-05 13:13:00,8360,8360,8360,8360,3
2026-03-05 13:14:00,8350,8350,8350,8350,50
2026-03-05 13:15:00,8350,8360,8350,8360,175
2026-03-05 13:16:00,8360,8360,8360,8360,1
2026-03-05 13:17:00,8360,8370,8360,8370,111
2026-03-05 13:18:00,8370,8370,8370,8370,2
2026-03-05 13:19:00,8370,8370,8360,8360,161
2026-03-05 13:21:00,8350,8360,8350,8360,87
2026-03-05 13:22:00,8360,8370,8360,8370,175
2026-03-05 13:23:00,8370,8370,8370,8370,74
2026-03-05 13:24:00,8370,8370,8370,8370,8
2026-03-05 13:25:00,8360,8360,8360,8360,101
2026-03-05 13:27:00,8360,8360,8350,8360,122
2026-03-05 13:29:00,8360,8360,8360,8360,4
2026-03-05 13:30:00,8355,8360,8350,8360,244
2026-03-05 13:31:00,8350,8350,8350,8350,100
2026-03-05 13:32:00,8370,8370,8360,8360,922
2026-03-05 13:33:00,8360,8360,8350,8350,94
2026-03-05 13:34:00,8350,8360,8350,8360,149
2026-03-05 13:35:00,8370,8370,8360,8360,4
2026-03-05 13:36:00,8360,8360,8350,8360,115
2026-03-05 13:37:00,8360,8360,8360,8360,80
2026-03-05 13:38:00,8360,8400,8360,8400,3934
2026-03-05 13:39:00,8400,8400,8390,8400,1378
2026-03-05 13:40:00,8400,8400,8390,8400,126
2026-03-05 13:41:00,8410,8410,8410,8410,300
2026-03-05 13:42:00,8400,8410,8400,8410,164
2026-03-05 13:43:00,8410,8410,8410,8410,20
2026-03-05 13:44:00,8400,8430,8400,8410,2160
2026-03-05 13:45:00,8420,8440,8420,8440,478
2026-03-05 13:46:00,8440,8440,8440,8440,6
2026-03-05 13:47:00,8440,8450,8440,8440,123
2026-03-05 13:48:00,8440,8440,8430,8430,223
2026-03-05 13:49:00,8435,8450,8435,8450,1738
2026-03-05 13:50:00,8450,8450,8450,8450,394
2026-03-05 13:51:00,8450,8470,8450,8470,673
2026-03-05 13:52:00,8470,8470,8450,8450,1010
2026-03-05 13:53:00,8450,8450,8450,8450,527
2026-03-05 13:54:00,8450,8450,8450,8450,1157
2026-03-05 13:55:00,8450,8470,8450,8470,12
2026-03-05 13:56:00,8460,8460,8460,8460,15
2026-03-05 13:57:00,8450,8450,8450,8450,1
2026-03-05 13:58:00,8460,8460,8460,8460,3
2026-03-05 13:59:00,8460,8460,8460,8460,3
2026-03-05 14:00:00,8460,8460,8460,8460,133
2026-03-05 14:02:00,8455,8455,8440,8440,1349
2026-03-05 14:03:00,8440,8450,8440,8450,590
2026-03-05 14:04:00,8440,8450,8440,8450,535
2026-03-05 14:05:00,8450,8450,8450,8450,799
2026-03-05 14:06:00,8450,8450,8450,8450,893
2026-03-05 14:07:00,8450,8450,8450,8450,68
2026-03-05 14:09:00,8450,8450,8450,8450,12
2026-03-05 14:10:00,8450,8450,8450,8450,3
2026-03-05 14:11:00,8450,8450,8450,8450,112
2026-03-05 14:12:00,8450,8450,8450,8450,128
2026-03-05 14:13:00,8440,8440,8440,8440,240
2026-03-05 14:14:00,8440,8450,8440,8450,360
2026-03-05 14:15:00,8450,8450,8450,8450,254
2026-03-05 14:16:00,8450,8460,8450,8460,7
2026-03-05 14:17:00,8450,8450,8450,8450,634
2026-03-05 14:19:00,8450,8450,8450,8450,4
2026-03-05 14:20:00,8450,8450,8450,8450,1
2026-03-05 14:21:00,8450,8450,8440,8440,1003
2026-03-05 14:22:00,8440,8440,8440,8440,810
2026-03-05 14:23:00,8450,8450,8420,8420,1388
2026-03-05 14:24:00,8430,8450,8430,8450,465
2026-03-05 14:25:00,8430,8430,8430,8430,18
2026-03-05 14:26:00,8430,8430,8420,8420,154
2026-03-05 14:27:00,8420,8430,8420,8430,1683
2026-03-05 14:28:00,8430,8450,8430,8450,4285
2026-03-05 14:29:00,8450,8450,8450,8450,39
2026-03-05 14:30:00,8460,8460,8450,8450,74
2026-03-05 14:31:00,8440,8440,8440,8440,348
2026-03-05 14:32:00,8440,8440,8440,8440,21
2026-03-05 14:33:00,8440,8440,8440,8440,90
2026-03-05 14:34:00,8450,8450,8440,8440,128
2026-03-05 14:35:00,8440,8450,8440,8450,14
2026-03-05 14:36:00,8430,8440,8430,8440,16
2026-03-05 14:37:00,8440,8450,8440,8450,78
2026-03-05 14:38:00,8440,8440,8430,8430,632
2026-03-05 14:39:00,8430,8430,8430,8430,250
2026-03-05 14:40:00,8430,8430,8430,8430,15
2026-03-05 14:41:00,8430,8430,8430,8430,1
2026-03-05 14:42:00,8430,8430,8430,8430,34
2026-03-05 14:43:00,8430,8440,8430,8440,71
2026-03-05 14:44:00,8430,8430,8430,8430,17
2026-03-05 14:45:00,8430,8430,8420,8420,281
2026-03-05 14:46:00,8430,8450,8420,8420,1453
2026-03-05 14:47:00,8420,8450,8420,8450,9
2026-03-05 14:48:00,8430,8430,8430,8430,20
2026-03-05 14:50:00,8450,8460,8440,8450,572
2026-03-05 14:51:00,8450,8450,8440,8450,238
2026-03-05 14:52:00,8470,8470,8450,8450,86
2026-03-05 14:53:00,8450,8480,8450,8480,560
2026-03-05 14:54:00,8480,8480,8480,8480,127
2026-03-05 14:55:00,8480,8480,8480,8480,441
2026-03-05 14:56:00,8470,8470,8440,8440,715
2026-03-05 14:57:00,8440,8440,8440,8440,1
2026-03-05 14:59:00,8440,8440,8420,8420,1472
2026-03-05 15:00:00,8410,8410,8400,8400,2398
2026-03-05 15:01:00,8400,8400,8400,8400,1169
2026-03-05 15:02:00,8400,8400,8400,8400,26
2026-03-05 15:03:00,8400,8430,8400,8430,107
2026-03-05 15:04:00,8430,8460,8430,8460,27
2026-03-05 15:05:00,8420,8460,8400,8400,753
2026-03-05 15:06:00,8400,8400,8390,8390,707
2026-03-05 15:07:00,8390,8390,8380,8380,1394
2026-03-05 15:08:00,8390,8390,8390,8390,42
2026-03-05 15:09:00,8380,8390,8380,8380,616
2026-03-05 15:10:00,8380,8380,8340,8340,811
2026-03-05 15:11:00,8350,8370,8320,8370,1656
2026-03-05 15:12:00,8380,8390,8380,8390,569
2026-03-05 15:13:00,8390,8390,8390,8390,10
2026-03-05 15:14:00,8410,8410,8400,8400,24
2026-03-05 15:15:00,8390,8390,8370,8380,225
2026-03-05 15:16:00,8400,8450,8380,8380,216
2026-03-05 15:17:00,8390,8450,8390,8410,467
2026-03-05 15:18:00,8410,8410,8390,8390,276
2026-03-05 15:19:00,8390,8470,8380,8380,818
2026-03-05 15:30:00,8390,8390,8390,8390,433
2026-03-05 15:35:00,8390,8390,8390,8390,539
2026-03-06 09:00:00,8100,8220,8100,8180,4205
2026-03-06 09:01:00,8220,8400,8180,8400,3571
2026-03-06 09:02:00,8400,8450,8390,8450,524
2026-03-06 09:03:00,8470,8510,8450,8450,1636
2026-03-06 09:04:00,8450,8500,8440,8440,1136
2026-03-06 09:05:00,8480,8500,8470,8470,758
2026-03-06 09:06:00,8470,8500,8460,8500,1036
2026-03-06 09:07:00,8500,8565,8500,8560,1617
2026-03-06 09:08:00,8560,8570,8500,8500,1170
2026-03-06 09:09:00,8500,8510,8500,8500,938
2026-03-06 09:10:00,8500,8500,8490,8490,18
2026-03-06 09:11:00,8520,8540,8490,8500,650
2026-03-06 09:12:00,8490,8490,8490,8490,256
2026-03-06 09:13:00,8480,8480,8470,8470,1362
2026-03-06 09:14:00,8490,8490,8450,8450,462
2026-03-06 09:15:00,8450,8450,8440,8450,942
2026-03-06 09:16:00,8450,8460,8450,8460,126
2026-03-06 09:17:00,8490,8530,8470,8530,1474
2026-03-06 09:18:00,8520,8520,8510,8510,200
2026-03-06 09:19:00,8500,8510,8300,8510,3115
2026-03-06 09:20:00,8510,8530,8500,8500,1402
2026-03-06 09:21:00,8520,8520,8500,8500,102
2026-03-06 09:22:00,8500,8500,8420,8440,517
2026-03-06 09:23:00,8440,8470,8430,8470,409
2026-03-06 09:24:00,8440,8480,8370,8480,936
2026-03-06 09:25:00,8480,8490,8480,8490,446
2026-03-06 09:26:00,8490,8490,8480,8480,310
2026-03-06 09:27:00,8430,8470,8410,8410,244
2026-03-06 09:28:00,8410,8430,8400,8400,324
2026-03-06 09:29:00,8400,8430,8380,8430,254
2026-03-06 09:30:00,8400,8400,8400,8400,2
2026-03-06 09:31:00,8400,8400,8380,8390,71
2026-03-06 09:32:00,8390,8390,8380,8380,293
2026-03-06 09:33:00,8380,8380,8380,8380,144
2026-03-06 09:34:00,8370,8390,8360,8380,2017
2026-03-06 09:35:00,8380,8380,8330,8330,1216
2026-03-06 09:36:00,8340,8350,8340,8340,294
2026-03-06 09:37:00,8340,8430,8340,8430,1351
2026-03-06 09:38:00,8410,8410,8410,8410,88
2026-03-06 09:39:00,8410,8410,8390,8390,77
2026-03-06 09:40:00,8390,8390,8390,8390,395
2026-03-06 09:41:00,8400,8410,8400,8410,228
2026-03-06 09:42:00,8420,8420,8410,8410,548
2026-03-06 09:43:00,8400,8400,8320,8380,1020
2026-03-06 09:44:00,8380,8380,8370,8370,605
2026-03-06 09:45:00,8370,8370,8350,8350,200
2026-03-06 09:46:00,8370,8380,8350,8380,197
2026-03-06 09:47:00,8380,8380,8380,8380,11
2026-03-06 09:48:00,8360,8390,8330,8390,474
2026-03-06 09:49:00,8390,8400,8390,8400,239
2026-03-06 09:50:00,8400,8420,8400,8420,4922
2026-03-06 09:51:00,8420,8420,8420,8420,25
2026-03-06 09:52:00,8370,8370,8370,8370,2
2026-03-06 09:53:00,8400,8400,8380,8380,129
2026-03-06 09:54:00,8380,8380,8370,8380,109
2026-03-06 09:55:00,8350,8350,8340,8340,302
2026-03-06 09:56:00,8340,8340,8280,8300,2770
2026-03-06 09:57:00,8300,8320,8250,8320,1261
2026-03-06 09:58:00,8300,8310,8300,8310,446
2026-03-06 09:59:00,8310,8350,8310,8350,1648
2026-03-06 10:00:00,8350,8350,8300,8300,403
2026-03-06 10:01:00,8310,8310,8280,8290,246
2026-03-06 10:02:00,8290,8300,8280,8300,1086
2026-03-06 10:03:00,8305,8305,8290,8290,1100
2026-03-06 10:04:00,8290,8290,8280,8280,179
2026-03-06 10:05:00,8280,8300,8280,8300,262
2026-03-06 10:06:00,8290,8290,8290,8290,149
2026-03-06 10:07:00,8290,8290,8270,8270,468
2026-03-06 10:08:00,8260,8260,8240,8240,511
2026-03-06 10:09:00,8230,8240,8230,8240,2343
2026-03-06 10:10:00,8270,8270,8270,8270,12
2026-03-06 10:11:00,8280,8290,8250,8250,675
2026-03-06 10:12:00,8250,8250,8200,8240,2069
2026-03-06 10:13:00,8230,8230,8200,8200,145
2026-03-06 10:14:00,8190,8200,8120,8170,771
2026-03-06 10:15:00,8140,8220,8140,8220,721
2026-03-06 10:16:00,8220,8220,8180,8190,1100
2026-03-06 10:17:00,8190,8200,8170,8170,259
2026-03-06 10:18:00,8170,8170,8150,8150,139
2026-03-06 10:19:00,8170,8170,8160,8170,58
2026-03-06 10:20:00,8160,8160,8110,8150,2736
2026-03-06 10:21:00,8150,8150,8120,8150,83
2026-03-06 10:22:00,8140,8140,8110,8120,433
2026-03-06 10:23:00,8120,8120,8120,8120,550
2026-03-06 10:24:00,8120,8120,8110,8120,2474
2026-03-06 10:25:00,8110,8120,8100,8120,3282
2026-03-06 10:26:00,8100,8110,8100,8110,4090
2026-03-06 10:27:00,8100,8100,8050,8050,4825
2026-03-06 10:28:00,8060,8100,8050,8100,108
2026-03-06 10:29:00,8090,8170,8070,8170,2792
2026-03-06 10:30:00,8130,8170,8130,8170,480
2026-03-06 10:31:00,8130,8190,8110,8190,641
2026-03-06 10:32:00,8200,8220,8200,8220,217
2026-03-06 10:33:00,8220,8220,8210,8210,193
2026-03-06 10:34:00,8210,8240,8210,8240,1605
2026-03-06 10:35:00,8250,8280,8250,8280,1126
2026-03-06 10:36:00,8260,8260,8230,8240,409
2026-03-06 10:37:00,8210,8210,8210,8210,1
2026-03-06 10:38:00,8220,8220,8200,8200,753
2026-03-06 10:39:00,8200,8200,8200,8200,4
2026-03-06 10:40:00,8180,8200,8180,8200,141
2026-03-06 10:41:00,8220,8220,8160,8220,157
2026-03-06 10:42:00,8220,8220,8220,8220,1
2026-03-06 10:43:00,8200,8210,8140,8210,186
2026-03-06 10:44:00,8150,8210,8090,8110,1715
2026-03-06 10:45:00,8120,8170,8120,8170,99
2026-03-06 10:46:00,8150,8200,8130,8190,1304
2026-03-06 10:47:00,8170,8180,8140,8180,260
2026-03-06 10:48:00,8170,8170,8170,8170,10
2026-03-06 10:49:00,8160,8160,8160,8160,1
2026-03-06 10:50:00,8160,8190,8120,8140,1247
2026-03-06 10:52:00,8200,8200,8200,8200,43
2026-03-06 10:53:00,8200,8200,8200,8200,1
2026-03-06 10:54:00,8190,8190,8190,8190,11
2026-03-06 10:55:00,8200,8200,8200,8200,3
2026-03-06 10:56:00,8200,8200,8200,8200,56
2026-03-06 10:58:00,8210,8220,8180,8210,38
2026-03-06 11:00:00,8180,8180,8180,8180,12
2026-03-06 11:01:00,8190,8190,8190,8190,15
2026-03-06 11:02:00,8170,8170,8170,8170,6
2026-03-06 11:03:00,8170,8170,8170,8170,337
2026-03-06 11:04:00,8170,8170,8160,8160,287
2026-03-06 11:05:00,8160,8160,8160,8160,243
2026-03-06 11:06:00,8160,8200,8160,8200,421
2026-03-06 11:07:00,8200,8200,8200,8200,15
2026-03-06 11:08:00,8160,8200,8160,8200,10
2026-03-06 11:10:00,8200,8200,8200,8200,100
2026-03-06 11:12:00,8200,8210,8190,8210,1152
2026-03-06 11:13:00,8220,8270,8220,8270,915
2026-03-06 11:15:00,8270,8280,8270,8270,303
2026-03-06 11:16:00,8270,8270,8260,8270,199
2026-03-06 11:18:00,8250,8260,8250,8250,340
2026-03-06 11:19:00,8240,8260,8240,8250,58
2026-03-06 11:20:00,8260,8260,8260,8260,400
2026-03-06 11:21:00,8270,8270,8250,8260,304
2026-03-06 11:22:00,8260,8260,8260,8260,371
2026-03-06 11:23:00,8260,8260,8250,8250,91
2026-03-06 11:24:00,8240,8240,8230,8230,100
2026-03-06 11:25:00,8230,8230,8230,8230,95
2026-03-06 11:26:00,8230,8230,8230,8230,1
2026-03-06 11:27:00,8230,8230,8220,8220,277
2026-03-06 11:28:00,8230,8230,8230,8230,49
2026-03-06 11:29:00,8240,8240,8240,8240,110
2026-03-06 11:30:00,8240,8240,8240,8240,10
2026-03-06 11:31:00,8240,8250,8240,8250,712
2026-03-06 11:32:00,8250,8250,8250,8250,49
2026-03-06 11:33:00,8250,8250,8240,8240,44
2026-03-06 11:35:00,8260,8260,8260,8260,10
2026-03-06 11:36:00,8250,8260,8220,8220,661
2026-03-06 11:39:00,8220,8220,8210,8210,200
2026-03-06 11:41:00,8210,8210,8210,8210,90
2026-03-06 11:43:00,8210,8210,8210,8210,20
2026-03-06 11:44:00,8210,8210,8210,8210,170
2026-03-06 11:47:00,8210,8210,8210,8210,24
2026-03-06 11:49:00,8210,8240,8210,8240,302
2026-03-06 11:50:00,8240,8240,8210,8210,103
2026-03-06 11:51:00,8240,8240,8240,8240,6
2026-03-06 11:52:00,8240,8240,8240,8240,3
2026-03-06 11:53:00,8240,8240,8240,8240,1
2026-03-06 11:54:00,8230,8230,8230,8230,20
2026-03-06 11:55:00,8220,8220,8220,8220,110
2026-03-06 11:56:00,8220,8220,8220,8220,17
2026-03-06 11:57:00,8220,8220,8210,8220,32
2026-03-06 11:58:00,8220,8220,8210,8220,92
2026-03-06 12:00:00,8240,8240,8240,8240,41
2026-03-06 12:01:00,8240,8260,8240,8260,1164
2026-03-06 12:02:00,8260,8260,8260,8260,11
2026-03-06 12:03:00,8260,8260,8250,8250,24
2026-03-06 12:04:00,8250,8250,8250,8250,20
2026-03-06 12:05:00,8260,8260,8250,8260,42
2026-03-06 12:06:00,8260,8260,8250,8260,46
2026-03-06 12:07:00,8260,8260,8250,8260,31
2026-03-06 12:09:00,8260,8260,8260,8260,31
2026-03-06 12:10:00,8250,8250,8240,8250,26
2026-03-06 12:11:00,8250,8250,8250,8250,1
2026-03-06 12:12:00,8240,8250,8240,8250,14
2026-03-06 12:13:00,8250,8250,8250,8250,10
2026-03-06 12:14:00,8240,8240,8240,8240,46
2026-03-06 12:15:00,8230,8230,8200,8210,536
2026-03-06 12:16:00,8200,8200,8190,8200,675
2026-03-06 12:17:00,8180,8190,8180,8190,204
2026-03-06 12:18:00,8190,8190,8190,8190,16
2026-03-06 12:20:00,8230,8230,8230,8230,1
2026-03-06 12:21:00,8230,8230,8210,8210,6
2026-03-06 12:22:00,8220,8220,8220,8220,20
2026-03-06 12:23:00,8210,8220,8210,8220,210
2026-03-06 12:24:00,8230,8230,8230,8230,158
2026-03-06 12:26:00,8230,8240,8230,8240,27
2026-03-06 12:27:00,8240,8240,8240,8240,22
2026-03-06 12:30:00,8250,8250,8250,8250,12
2026-03-06 12:32:00,8240,8250,8240,8240,65
2026-03-06 12:33:00,8240,8240,8230,8230,693
2026-03-06 12:34:00,8220,8220,8210,8210,131
2026-03-06 12:36:00,8230,8230,8230,8230,39
2026-03-06 12:38:00,8230,8230,8230,8230,69
2026-03-06 12:39:00,8240,8240,8230,8230,281
2026-03-06 12:41:00,8250,8260,8250,8260,216
2026-03-06 12:42:00,8260,8260,8260,8260,51
2026-03-06 12:43:00,8260,8260,8250,8250,3
2026-03-06 12:44:00,8250,8250,8250,8250,55
2026-03-06 12:45:00,8250,8250,8250,8250,400
2026-03-06 12:47:00,8270,8270,8270,8270,3
2026-03-06 12:48:00,8270,8270,8270,8270,2
2026-03-06 12:49:00,8260,8260,8260,8260,71
2026-03-06 12:50:00,8260,8260,8260,8260,1
2026-03-06 12:51:00,8260,8260,8250,8250,226
2026-03-06 12:52:00,8250,8260,8250,8260,4
2026-03-06 12:53:00,8260,8260,8260,8260,21
2026-03-06 12:54:00,8250,8260,8250,8260,116
2026-03-06 12:55:00,8260,8260,8260,8260,12
2026-03-06 12:56:00,8260,8260,8260,8260,1
2026-03-06 12:57:00,8260,8260,8260,8260,1
2026-03-06 12:58:00,8260,8270,8260,8260,177
2026-03-06 12:59:00,8260,8260,8260,8260,67
2026-03-06 13:00:00,8260,8270,8260,8260,144
2026-03-06 13:01:00,8260,8260,8260,8260,111
2026-03-06 13:02:00,8270,8270,8270,8270,2
2026-03-06 13:03:00,8270,8270,8270,8270,10
2026-03-06 13:05:00,8270,8270,8270,8270,28
2026-03-06 13:06:00,8270,8270,8260,8260,23
2026-03-06 13:07:00,8260,8260,8260,8260,33
2026-03-06 13:08:00,8270,8270,8270,8270,14
2026-03-06 13:09:00,8270,8270,8270,8270,5
2026-03-06 13:10:00,8270,8270,8260,8260,111
2026-03-06 13:12:00,8260,8260,8260,8260,10
2026-03-06 13:13:00,8260,8260,8250,8250,356
2026-03-06 13:15:00,8250,8250,8240,8240,250
2026-03-06 13:16:00,8250,8250,8250,8250,2
2026-03-06 13:17:00,8250,8250,8240,8240,93
2026-03-06 13:18:00,8240,8240,8240,8240,60
2026-03-06 13:19:00,8230,8240,8220,8220,830
2026-03-06 13:20:00,8230,8230,8230,8230,14
2026-03-06 13:21:00,8230,8230,8200,8200,201
2026-03-06 13:22:00,8240,8240,8240,8240,244
2026-03-06 13:23:00,8250,8250,8250,8250,50
2026-03-06 13:25:00,8250,8250,8250,8250,7
2026-03-06 13:27:00,8240,8240,8230,8230,23
2026-03-06 13:29:00,8240,8240,8240,8240,2
2026-03-06 13:30:00,8240,8250,8240,8250,407
2026-03-06 13:31:00,8250,8250,8250,8250,20
2026-03-06 13:33:00,8250,8260,8250,8260,542
2026-03-06 13:34:00,8260,8260,8260,8260,10
2026-03-06 13:35:00,8260,8260,8260,8260,502
2026-03-06 13:36:00,8260,8260,8260,8260,11
2026-03-06 13:37:00,8260,8260,8260,8260,68
2026-03-06 13:38:00,8260,8260,8210,8210,2261
2026-03-06 13:40:00,8250,8260,8250,8250,132
2026-03-06 13:41:00,8250,8250,8210,8210,174
2026-03-06 13:42:00,8260,8260,8260,8260,124
2026-03-06 13:43:00,8270,8270,8270,8270,6
2026-03-06 13:45:00,8270,8270,8270,8270,36
2026-03-06 13:46:00,8270,8270,8270,8270,250
2026-03-06 13:47:00,8280,8280,8280,8280,15
2026-03-06 13:48:00,8280,8280,8280,8280,2
2026-03-06 13:49:00,8270,8270,8270,8270,80
2026-03-06 13:50:00,8270,8270,8270,8270,114
2026-03-06 13:52:00,8270,8270,8270,8270,5
2026-03-06 13:54:00,8270,8270,8260,8260,317
2026-03-06 13:55:00,8260,8260,8260,8260,5
2026-03-06 13:57:00,8260,8260,8260,8260,457
2026-03-06 13:58:00,8260,8260,8260,8260,62
2026-03-06 13:59:00,8270,8270,8270,8270,2
2026-03-06 14:00:00,8270,8270,8270,8270,26
2026-03-06 14:01:00,8270,8270,8270,8270,546
2026-03-06 14:02:00,8280,8280,8270,8270,182
2026-03-06 14:03:00,8270,8320,8270,8310,12256
2026-03-06 14:04:00,8310,8330,8310,8330,101
2026-03-06 14:06:00,8310,8310,8310,8310,17
2026-03-06 14:09:00,8310,8320,8310,8320,320
2026-03-06 14:10:00,8320,8320,8320,8320,47
2026-03-06 14:11:00,8320,8320,8310,8310,1038
2026-03-06 14:12:00,8310,8310,8310,8310,139
2026-03-06 14:14:00,8310,8310,8310,8310,183
2026-03-06 14:15:00,8310,8310,8310,8310,84
2026-03-06 14:16:00,8310,8320,8310,8320,245
2026-03-06 14:17:00,8320,8320,8300,8320,43828
2026-03-06 14:18:00,8310,8310,8300,8300,428
2026-03-06 14:19:00,8300,8320,8300,8320,1388
2026-03-06 14:20:00,8310,8330,8300,8330,1567
2026-03-06 14:21:00,8330,8330,8320,8320,1110
2026-03-06 14:22:00,8330,8330,8330,8330,27
2026-03-06 14:23:00,8330,8330,8330,8330,351
2026-03-06 14:24:00,8330,8330,8330,8330,196
2026-03-06 14:25:00,8330,8330,8330,8330,23
2026-03-06 14:26:00,8330,8330,8330,8330,170
2026-03-06 14:27:00,8330,8340,8330,8340,186
2026-03-06 14:29:00,8350,8350,8350,8350,2
2026-03-06 14:30:00,8350,8360,8350,8360,1442
2026-03-06 14:31:00,8380,8380,8380,8380,202
2026-03-06 14:32:00,8370,8370,8360,8360,176
2026-03-06 14:33:00,8360,8360,8360,8360,90
2026-03-06 14:34:00,8370,8370,8370,8370,2
2026-03-06 14:35:00,8370,8370,8370,8370,4
2026-03-06 14:36:00,8375,8380,8370,8370,65
2026-03-06 14:38:00,8380,8380,8380,8380,145
2026-03-06 14:39:00,8370,8380,8370,8370,134
2026-03-06 14:40:00,8380,8380,8370,8370,92
2026-03-06 14:41:00,8370,8370,8360,8360,472
2026-03-06 14:42:00,8360,8360,8350,8360,103
2026-03-06 14:43:00,8350,8350,8350,8350,226
2026-03-06 14:44:00,8340,8340,8340,8340,361
2026-03-06 14:45:00,8350,8370,8350,8370,2927
2026-03-06 14:46:00,8360,8370,8360,8370,23
2026-03-06 14:47:00,8370,8370,8360,8360,1132
2026-03-06 14:49:00,8360,8360,8360,8360,113
2026-03-06 14:50:00,8360,8360,8360,8360,22
2026-03-06 14:51:00,8370,8370,8370,8370,450
2026-03-06 14:52:00,8380,8380,8360,8360,16
2026-03-06 14:56:00,8380,8380,8370,8370,345
2026-03-06 14:57:00,8370,8380,8370,8370,187
2026-03-06 14:59:00,8370,8370,8370,8370,142
2026-03-06 15:00:00,8370,8380,8370,8380,128
2026-03-06 15:01:00,8380,8380,8380,8380,71
2026-03-06 15:02:00,8380,8390,8380,8380,336
2026-03-06 15:03:00,8380,8380,8370,8370,128
2026-03-06 15:04:00,8380,8380,8380,8380,17
2026-03-06 15:05:00,8370,8390,8370,8390,1304
2026-03-06 15:06:00,8390,8390,8380,8380,25
2026-03-06 15:07:00,8380,8380,8370,8370,361
2026-03-06 15:08:00,8370,8370,8370,8370,81
2026-03-06 15:09:00,8370,8370,8350,8350,532
2026-03-06 15:10:00,8350,8355,8330,8330,1291
2026-03-06 15:11:00,8340,8340,8330,8330,114
2026-03-06 15:12:00,8350,8350,8330,8340,764
2026-03-06 15:13:00,8360,8360,8340,8340,18
2026-03-06 15:14:00,8340,8340,8340,8340,204
2026-03-06 15:15:00,8350,8350,8340,8340,117
2026-03-06 15:16:00,8350,8350,8350,8350,10
2026-03-06 15:17:00,8350,8350,8350,8350,20
2026-03-06 15:18:00,8360,8390,8350,8390,278
2026-03-06 15:19:00,8360,8380,8360,8380,3
2026-03-06 15:30:00,8420,8420,8420,8420,5065
2026-03-06 15:35:00,8420,8420,8420,8420,29
2026-03-09 09:00:00,8200,8200,8030,8040,3141
2026-03-09 09:01:00,8020,8060,7920,7990,3399
2026-03-09 09:02:00,8000,8010,7970,7980,2815
2026-03-09 09:03:00,7970,7990,7920,7990,2150
2026-03-09 09:04:00,7990,8030,7970,8030,2005
2026-03-09 09:05:00,8030,8030,7920,7920,2080
2026-03-09 09:06:00,7920,8000,7920,7990,2911
2026-03-09 09:07:00,7990,8020,7950,7950,3199
2026-03-09 09:08:00,8000,8020,7990,7990,1120
2026-03-09 09:09:00,8040,8040,8010,8030,67
2026-03-09 09:10:00,8030,8030,7990,8010,859
2026-03-09 09:11:00,8020,8020,7950,7950,3588
2026-03-09 09:12:00,7940,7940,7930,7930,2843
2026-03-09 09:13:00,7940,7970,7930,7950,267
2026-03-09 09:14:00,7960,7960,7950,7950,447
2026-03-09 09:15:00,7950,8000,7950,7990,1194
2026-03-09 09:16:00,7990,8000,7980,7980,1589
2026-03-09 09:17:00,7980,7980,7930,7950,1333
2026-03-09 09:18:00,7950,7960,7930,7950,252
2026-03-09 09:19:00,7940,7960,7920,7960,1516
2026-03-09 09:20:00,7960,7960,7950,7960,152
2026-03-09 09:21:00,7960,7960,7900,7910,6830
2026-03-09 09:22:00,7910,7920,7880,7920,2678
2026-03-09 09:23:00,7920,7920,7860,7920,2841
2026-03-09 09:24:00,7920,7920,7880,7900,905
2026-03-09 09:25:00,7900,7910,7880,7910,130
2026-03-09 09:26:00,7910,7910,7870,7900,389
2026-03-09 09:27:00,7900,7900,7860,7890,1917
2026-03-09 09:28:00,7890,7890,7880,7880,239
2026-03-09 09:29:00,7880,7900,7870,7900,1923
2026-03-09 09:30:00,7900,7910,7870,7890,1615
2026-03-09 09:31:00,7900,7910,7880,7880,1342
2026-03-09 09:32:00,7900,7920,7890,7910,504
2026-03-09 09:33:00,7910,7930,7900,7910,1217
2026-03-09 09:34:00,7920,7930,7900,7930,686
2026-03-09 09:35:00,7930,7980,7930,7960,11105
2026-03-09 09:36:00,7960,7990,7960,7960,916
2026-03-09 09:37:00,7950,7960,7930,7960,567
2026-03-09 09:38:00,7960,7960,7960,7960,1
2026-03-09 09:39:00,7960,7960,7960,7960,3
2026-03-09 09:40:00,7950,7950,7920,7930,932
2026-03-09 09:41:00,7940,7940,7910,7920,2766
2026-03-09 09:42:00,7920,7920,7910,7910,465
2026-03-09 09:43:00,7920,7920,7920,7920,1
2026-03-09 09:44:00,7920,7930,7910,7910,11
2026-03-09 09:46:00,7930,7960,7930,7960,151
2026-03-09 09:47:00,7930,7930,7930,7930,22
2026-03-09 09:48:00,7930,7930,7930,7930,3
2026-03-09 09:49:00,7950,8000,7920,7920,1215
2026-03-09 09:50:00,7950,7950,7930,7930,123
2026-03-09 09:51:00,7930,7930,7920,7930,15
2026-03-09 09:52:00,7930,7930,7920,7930,60
2026-03-09 09:53:00,7930,7930,7920,7920,988
2026-03-09 09:54:00,7920,7930,7910,7930,707
2026-03-09 09:55:00,7920,7920,7920,7920,44
2026-03-09 09:56:00,7920,7920,7920,7920,40
2026-03-09 09:57:00,7920,7920,7910,7920,208
2026-03-09 09:58:00,7910,7910,7890,7890,4869
2026-03-09 09:59:00,7900,7910,7900,7910,59
2026-03-09 10:00:00,7905,7905,7900,7900,139
2026-03-09 10:01:00,7900,7900,7900,7900,481
2026-03-09 10:02:00,7900,7920,7900,7920,1289
2026-03-09 10:03:00,7920,7920,7900,7900,143
2026-03-09 10:04:00,7900,7900,7880,7880,2667
2026-03-09 10:05:00,7880,7900,7880,7890,1475
2026-03-09 10:06:00,7890,7910,7880,7910,107
2026-03-09 10:07:00,7910,7910,7880,7880,436
2026-03-09 10:08:00,7890,7890,7870,7890,552
2026-03-09 10:09:00,7890,7890,7890,7890,54
2026-03-09 10:10:00,7880,7890,7870,7880,157
2026-03-09 10:11:00,7890,7890,7890,7890,2
2026-03-09 10:12:00,7890,7890,7890,7890,58
2026-03-09 10:13:00,7890,7890,7890,7890,185
2026-03-09 10:14:00,7900,7900,7900,7900,176
2026-03-09 10:15:00,7900,7910,7900,7910,370
2026-03-09 10:16:00,7900,7920,7900,7920,1147
2026-03-09 10:17:00,7930,7930,7900,7900,48
2026-03-09 10:18:00,7900,7930,7900,7900,14
2026-03-09 10:19:00,7930,7930,7900,7900,298
2026-03-09 10:20:00,7920,7920,7870,7880,2574
2026-03-09 10:21:00,7870,7880,7870,7880,572
2026-03-09 10:22:00,7890,7890,7880,7890,224
2026-03-09 10:23:00,7880,7890,7880,7890,16
2026-03-09 10:24:00,7890,7890,7850,7850,5337
2026-03-09 10:25:00,7850,7850,7850,7850,265
2026-03-09 10:26:00,7860,7870,7840,7850,5246
2026-03-09 10:27:00,7850,7850,7820,7820,465
2026-03-09 10:28:00,7830,7830,7820,7830,276
2026-03-09 10:29:00,7830,7840,7830,7830,479
2026-03-09 10:30:00,7830,7830,7810,7810,527
2026-03-09 10:31:00,7810,7810,7800,7805,1693
2026-03-09 10:32:00,7805,7810,7805,7810,168
2026-03-09 10:33:00,7820,7830,7800,7830,882
2026-03-09 10:34:00,7830,7830,7830,7830,12
2026-03-09 10:35:00,7830,7830,7830,7830,41
2026-03-09 10:36:00,7840,7840,7830,7840,173
2026-03-09 10:37:00,7840,7840,7840,7840,2
2026-03-09 10:38:00,7820,7820,7800,7810,3866
2026-03-09 10:39:00,7810,7810,7810,7810,10
2026-03-09 10:40:00,7810,7810,7810,7810,63
2026-03-09 10:41:00,7810,7810,7810,7810,297
2026-03-09 10:42:00,7810,7820,7810,7810,89
2026-03-09 10:43:00,7810,7810,7810,7810,93
2026-03-09 10:44:00,7810,7810,7790,7800,1526
2026-03-09 10:45:00,7790,7810,7790,7810,6
2026-03-09 10:46:00,7810,7810,7800,7800,130
2026-03-09 10:47:00,7790,7790,7780,7780,1233
2026-03-09 10:48:00,7800,7800,7800,7800,528
2026-03-09 10:49:00,7800,7800,7800,7800,66
2026-03-09 10:50:00,7800,7800,7770,7800,898
2026-03-09 10:51:00,7790,7790,7760,7760,866
2026-03-09 10:52:00,7750,7760,7750,7760,1059
2026-03-09 10:54:00,7770,7770,7770,7770,105
2026-03-09 10:55:00,7770,7780,7740,7780,2294
2026-03-09 10:56:00,7770,7770,7630,7640,5257
2026-03-09 10:57:00,7690,7710,7690,7710,258
2026-03-09 10:58:00,7700,7710,7700,7710,17
2026-03-09 10:59:00,7720,7720,7720,7720,91
2026-03-09 11:00:00,7730,7730,7730,7730,567
2026-03-09 11:01:00,7730,7740,7730,7730,1014
2026-03-09 11:02:00,7740,7740,7740,7740,385
2026-03-09 11:03:00,7740,7750,7730,7730,127
2026-03-09 11:04:00,7720,7720,7700,7700,1331
2026-03-09 11:05:00,7710,7730,7710,7730,301
2026-03-09 11:06:00,7740,7750,7740,7750,54
2026-03-09 11:07:00,7760,7790,7760,7790,620
2026-03-09 11:08:00,7790,7810,7750,7780,2120
2026-03-09 11:09:00,7820,7820,7800,7800,1063
2026-03-09 11:10:00,7810,7810,7810,7810,10
2026-03-09 11:11:00,7810,7810,7810,7810,37
2026-03-09 11:12:00,7820,7820,7820,7820,73
2026-03-09 11:13:00,7810,7820,7800,7820,154
2026-03-09 11:14:00,7820,7820,7820,7820,6
2026-03-09 11:15:00,7810,7810,7780,7780,707
2026-03-09 11:16:00,7780,7790,7760,7760,353
2026-03-09 11:17:00,7750,7750,7720,7720,578
2026-03-09 11:18:00,7740,7740,7710,7710,886
2026-03-09 11:19:00,7740,7750,7740,7750,206
2026-03-09 11:21:00,7770,7810,7750,7750,398
2026-03-09 11:22:00,7730,7730,7720,7720,289
2026-03-09 11:23:00,7720,7760,7720,7720,459
2026-03-09 11:24:00,7720,7760,7720,7760,134
2026-03-09 11:25:00,7730,7770,7720,7770,112
2026-03-09 11:26:00,7770,7800,7770,7800,14
2026-03-09 11:27:00,7800,7800,7800,7800,42
2026-03-09 11:28:00,7800,7800,7800,7800,26
2026-03-09 11:29:00,7800,7800,7720,7790,108
2026-03-09 11:30:00,7780,7800,7780,7800,142
2026-03-09 11:31:00,7770,7790,7770,7790,41
2026-03-09 11:32:00,7790,7790,7790,7790,4
2026-03-09 11:34:00,7790,7790,7790,7790,111
2026-03-09 11:37:00,7790,7800,7790,7800,125
2026-03-09 11:39:00,7810,7810,7810,7810,1
2026-03-09 11:40:00,7830,7830,7830,7830,5
2026-03-09 11:41:00,7810,7810,7810,7810,9
2026-03-09 11:43:00,7830,7830,7810,7810,95
2026-03-09 11:44:00,7820,7820,7810,7810,70
2026-03-09 11:47:00,7820,7820,7820,7820,10
2026-03-09 11:48:00,7820,7820,7820,7820,26
2026-03-09 11:49:00,7820,7830,7820,7830,34
2026-03-09 11:50:00,7820,7830,7800,7800,147
2026-03-09 11:51:00,7800,7800,7800,7800,1
2026-03-09 11:52:00,7800,7830,7800,7800,97
2026-03-09 11:53:00,7810,7810,7810,7810,25
2026-03-09 11:54:00,7810,7810,7810,7810,42
2026-03-09 11:55:00,7810,7840,7810,7840,214
2026-03-09 11:56:00,7840,7850,7840,7850,23
2026-03-09 11:57:00,7850,7850,7840,7840,141
2026-03-09 11:58:00,7830,7830,7800,7800,2218
2026-03-09 11:59:00,7810,7810,7810,7810,23
2026-03-09 12:01:00,7810,7810,7810,7810,27
2026-03-09 12:03:00,7830,7830,7800,7800,303
2026-03-09 12:04:00,7800,7800,7790,7790,628
2026-03-09 12:06:00,7790,7790,7790,7790,15
2026-03-09 12:07:00,7790,7790,7780,7780,381
2026-03-09 12:08:00,7790,7790,7790,7790,4
2026-03-09 12:09:00,7780,7780,7780,7780,20
2026-03-09 12:10:00,7780,7790,7780,7790,21
2026-03-09 12:11:00,7790,7790,7770,7770,172
2026-03-09 12:12:00,7800,7800,7800,7800,3
2026-03-09 12:13:00,7800,7800,7780,7780,10
2026-03-09 12:16:00,7780,7780,7780,7780,211
2026-03-09 12:17:00,7780,7790,7780,7790,98
2026-03-09 12:18:00,7790,7800,7790,7800,1001
2026-03-09 12:19:00,7800,7800,7780,7780,358
2026-03-09 12:21:00,7790,7790,7780,7780,102
2026-03-09 12:22:00,7790,7790,7790,7790,1
2026-03-09 12:23:00,7790,7790,7780,7780,357
2026-03-09 12:24:00,7780,7780,7780,7780,15
2026-03-09 12:25:00,7780,7790,7780,7790,107
2026-03-09 12:26:00,7780,7790,7780,7790,2
2026-03-09 12:27:00,7790,7790,7790,7790,49
2026-03-09 12:28:00,7790,7790,7790,7790,64
2026-03-09 12:29:00,7800,7800,7800,7800,2
2026-03-09 12:30:00,7790,7790,7780,7780,355
2026-03-09 12:31:00,7770,7770,7760,7760,1467
2026-03-09 12:32:00,7760,7770,7760,7770,129
2026-03-09 12:33:00,7770,7770,7760,7760,193
2026-03-09 12:34:00,7790,7840,7790,7840,209
2026-03-09 12:35:00,7840,7840,7830,7830,142
2026-03-09 12:36:00,7810,7820,7800,7800,450
2026-03-09 12:38:00,7830,7850,7830,7850,50
2026-03-09 12:39:00,7840,7840,7770,7770,942
2026-03-09 12:40:00,7830,7830,7830,7830,16
2026-03-09 12:41:00,7780,7830,7780,7830,31
2026-03-09 12:42:00,7790,7790,7780,7780,78
2026-03-09 12:43:00,7780,7780,7760,7760,1292
2026-03-09 12:45:00,7770,7770,7760,7760,50
2026-03-09 12:46:00,7770,7790,7770,7790,6
2026-03-09 12:47:00,7790,7790,7790,7790,1
2026-03-09 12:48:00,7790,7790,7760,7760,25
2026-03-09 12:49:00,7760,7760,7760,7760,10
2026-03-09 12:50:00,7780,7790,7780,7790,21
2026-03-09 12:51:00,7790,7800,7790,7800,160
2026-03-09 12:52:00,7800,7800,7800,7800,5
2026-03-09 12:53:00,7800,7800,7790,7790,10
2026-03-09 12:54:00,7790,7790,7770,7770,340
2026-03-09 12:57:00,7770,7770,7770,7770,2
2026-03-09 12:58:00,7770,7780,7770,7780,140
2026-03-09 12:59:00,7780,7780,7780,7780,22
2026-03-09 13:00:00,7790,7790,7780,7780,12
2026-03-09 13:01:00,7770,7770,7770,7770,155
2026-03-09 13:02:00,7770,7770,7770,7770,1
2026-03-09 13:03:00,7780,7780,7770,7770,52
2026-03-09 13:04:00,7780,7780,7780,7780,297
2026-03-09 13:05:00,7780,7780,7780,7780,231
2026-03-09 13:07:00,7790,7790,7790,7790,6
2026-03-09 13:08:00,7790,7790,7790,7790,3
2026-03-09 13:09:00,7790,7790,7790,7790,8
2026-03-09 13:10:00,7790,7790,7780,7780,1031
2026-03-09 13:11:00,7780,7790,7770,7770,304
2026-03-09 13:13:00,7770,7780,7760,7760,2466
2026-03-09 13:15:00,7770,7770,7770,7770,13
2026-03-09 13:16:00,7770,7770,7770,7770,14
2026-03-09 13:17:00,7770,7770,7770,7770,50
2026-03-09 13:19:00,7770,7770,7770,7770,258
2026-03-09 13:20:00,7760,7760,7750,7750,904
2026-03-09 13:21:00,7760,7760,7760,7760,10
2026-03-09 13:22:00,7770,7770,7770,7770,10
2026-03-09 13:23:00,7770,7770,7750,7770,105
2026-03-09 13:24:00,7770,7770,7770,7770,7
2026-03-09 13:25:00,7770,7770,7750,7750,583
2026-03-09 13:27:00,7770,7770,7750,7760,1042
2026-03-09 13:28:00,7770,7770,7770,7770,143
2026-03-09 13:29:00,7770,7770,7770,7770,359
2026-03-09 13:30:00,7780,7780,7780,7780,120
2026-03-09 13:32:00,7780,7780,7780,7780,5
2026-03-09 13:34:00,7780,7780,7780,7780,2
2026-03-09 13:35:00,7780,7780,7770,7780,114
2026-03-09 13:36:00,7760,7760,7750,7750,357
2026-03-09 13:37:00,7760,7760,7760,7760,5
2026-03-09 13:38:00,7750,7760,7740,7760,716
2026-03-09 13:39:00,7740,7740,7650,7700,12182
2026-03-09 13:40:00,7720,7720,7720,7720,2
2026-03-09 13:43:00,7710,7710,7710,7710,21
2026-03-09 13:45:00,7720,7720,7710,7710,181
2026-03-09 13:46:00,7710,7710,7710,7710,117
2026-03-09 13:47:00,7710,7710,7710,7710,24
2026-03-09 13:48:00,7720,7720,7720,7720,1
2026-03-09 13:49:00,7710,7710,7700,7700,212
2026-03-09 13:50:00,7690,7700,7680,7680,352
2026-03-09 13:52:00,7680,7680,7680,7680,5
2026-03-09 13:53:00,7690,7690,7680,7680,467
2026-03-09 13:55:00,7690,7690,7690,7690,73
2026-03-09 13:56:00,7680,7680,7680,7680,301
2026-03-09 13:57:00,7680,7680,7680,7680,169
2026-03-09 13:58:00,7680,7680,7670,7670,705
2026-03-09 13:59:00,7670,7670,7670,7670,74
2026-03-09 14:00:00,7680,7680,7670,7670,407
2026-03-09 14:01:00,7670,7670,7650,7670,1667
2026-03-09 14:02:00,7670,7670,7650,7650,450
2026-03-09 14:03:00,7650,7670,7650,7670,2375
2026-03-09 14:04:00,7670,7680,7650,7680,573
2026-03-09 14:05:00,7690,7710,7690,7710,268
2026-03-09 14:06:00,7715,7715,7660,7660,201
2026-03-09 14:07:00,7720,7720,7720,7720,481
2026-03-09 14:09:00,7720,7720,7660,7660,139
2026-03-09 14:10:00,7720,7750,7720,7750,103
2026-03-09 14:11:00,7750,7770,7750,7770,28
2026-03-09 14:12:00,7770,7770,7740,7740,18
2026-03-09 14:13:00,7740,7740,7740,7740,7
2026-03-09 14:14:00,7740,7740,7740,7740,10
2026-03-09 14:15:00,7730,7730,7710,7710,15
2026-03-09 14:16:00,7700,7700,7700,7700,10
2026-03-09 14:17:00,7700,7700,7690,7690,302
2026-03-09 14:18:00,7690,7690,7690,7690,370
2026-03-09 14:20:00,7700,7700,7700,7700,69
2026-03-09 14:21:00,7710,7730,7710,7720,138
2026-03-09 14:23:00,7760,7780,7760,7780,608
2026-03-09 14:24:00,7790,7800,7790,7800,59
2026-03-09 14:25:00,7800,7800,7800,7800,242
2026-03-09 14:26:00,7800,7800,7800,7800,290
2026-03-09 14:27:00,7800,7800,7800,7800,20
2026-03-09 14:28:00,7800,7800,7800,7800,10
2026-03-09 14:29:00,7800,7800,7800,7800,2
2026-03-09 14:30:00,7830,7830,7830,7830,2
2026-03-09 14:31:00,7830,7830,7830,7830,101
2026-03-09 14:32:00,7830,7830,7820,7820,1033
2026-03-09 14:34:00,7820,7820,7820,7820,31
2026-03-09 14:35:00,7840,7840,7840,7840,185
2026-03-09 14:36:00,7820,7820,7820,7820,14
2026-03-09 14:37:00,7820,7830,7810,7830,651
2026-03-09 14:38:00,7830,7830,7820,7830,131
2026-03-09 14:39:00,7820,7830,7820,7830,100
2026-03-09 14:40:00,7830,7830,7830,7830,11
2026-03-09 14:41:00,7830,7830,7830,7830,7
2026-03-09 14:42:00,7830,7830,7830,7830,645
2026-03-09 14:43:00,7835,7835,7830,7830,31
2026-03-09 14:44:00,7830,7830,7830,7830,133
2026-03-09 14:45:00,7830,7830,7830,7830,498
2026-03-09 14:46:00,7820,7830,7820,7830,33
2026-03-09 14:47:00,7820,7820,7800,7800,1282
2026-03-09 14:48:00,7810,7810,7800,7800,769
2026-03-09 14:49:00,7820,7820,7810,7810,100
2026-03-09 14:50:00,7810,7820,7810,7820,60
2026-03-09 14:51:00,7820,7820,7820,7820,17
2026-03-09 14:53:00,7830,7840,7820,7840,657
2026-03-09 14:54:00,7830,7840,7830,7840,192
2026-03-09 14:55:00,7840,7840,7830,7830,127
2026-03-09 14:56:00,7830,7830,7820,7820,523
2026-03-09 14:58:00,7840,7840,7840,7840,98
2026-03-09 14:59:00,7840,7840,7840,7840,110
2026-03-09 15:00:00,7840,7840,7840,7840,137
2026-03-09 15:01:00,7840,7840,7840,7840,3
2026-03-09 15:02:00,7830,7830,7810,7810,2304
2026-03-09 15:04:00,7800,7800,7780,7780,143
2026-03-09 15:05:00,7780,7790,7780,7780,206
2026-03-09 15:06:00,7780,7780,7770,7780,521
2026-03-09 15:07:00,7780,7790,7780,7780,136
2026-03-09 15:08:00,7790,7790,7780,7780,171
2026-03-09 15:09:00,7800,7800,7780,7780,135
2026-03-09 15:11:00,7780,7780,7780,7780,16
2026-03-09 15:12:00,7790,7790,7790,7790,173
2026-03-09 15:13:00,7800,7800,7780,7780,1194
2026-03-09 15:14:00,7790,7800,7780,7790,88
2026-03-09 15:15:00,7800,7800,7790,7800,329
2026-03-09 15:16:00,7800,7800,7800,7800,2
2026-03-09 15:17:00,7800,7810,7800,7810,42
2026-03-09 15:18:00,7810,7820,7810,7810,79
2026-03-09 15:19:00,7820,7820,7810,7820,1639
2026-03-09 15:30:00,7830,7830,7830,7830,674
2026-03-09 15:35:00,7830,7830,7830,7830,50
2026-03-10 09:00:00,8190,8230,8170,8180,5291
2026-03-10 09:01:00,8180,8180,8060,8060,3975
2026-03-10 09:02:00,8090,8240,8070,8220,1823
2026-03-10 09:03:00,8220,8250,8220,8220,1737
2026-03-10 09:04:00,8200,8200,8180,8180,760
2026-03-10 09:05:00,8200,8200,8180,8180,968
2026-03-10 09:06:00,8190,8190,8190,8190,46
2026-03-10 09:07:00,8200,8210,8200,8210,319
2026-03-10 09:08:00,8200,8200,8150,8160,2782
2026-03-10 09:09:00,8150,8160,8150,8160,1433
2026-03-10 09:10:00,8160,8170,8155,8160,84
2026-03-10 09:11:00,8170,8210,8170,8210,714
2026-03-10 09:12:00,8210,8210,8150,8150,2400
2026-03-10 09:13:00,8150,8160,8000,8050,3610
2026-03-10 09:14:00,8090,8130,8090,8100,397
2026-03-10 09:15:00,8110,8140,8110,8130,109
2026-03-10 09:16:00,8140,8160,8140,8160,672
2026-03-10 09:18:00,8130,8130,8110,8120,403
2026-03-10 09:19:00,8120,8120,8120,8120,2
2026-03-10 09:20:00,8130,8130,8120,8120,160
2026-03-10 09:21:00,8110,8120,8060,8120,2091
2026-03-10 09:22:00,8120,8150,8120,8130,301
2026-03-10 09:23:00,8130,8130,8050,8050,381
2026-03-10 09:25:00,8050,8050,8045,8045,288
2026-03-10 09:26:00,8040,8050,8000,8050,1266
2026-03-10 09:27:00,8060,8070,8060,8070,1275
2026-03-10 09:28:00,8080,8080,8010,8050,654
2026-03-10 09:29:00,8040,8040,8040,8040,300
2026-03-10 09:30:00,8040,8060,8010,8060,1146
2026-03-10 09:31:00,8020,8110,8010,8110,1819
2026-03-10 09:32:00,8100,8100,8070,8070,9
2026-03-10 09:33:00,8070,8070,8060,8060,123
2026-03-10 09:34:00,8060,8060,8040,8040,527
2026-03-10 09:35:00,8060,8080,8060,8080,359
2026-03-10 09:36:00,8070,8110,8070,8110,922
2026-03-10 09:37:00,8100,8100,8090,8090,336
2026-03-10 09:38:00,8090,8090,8080,8080,30
2026-03-10 09:39:00,8080,8080,8080,8080,52
2026-03-10 09:40:00,8080,8080,8080,8080,1
2026-03-10 09:41:00,8070,8080,8070,8080,10
2026-03-10 09:42:00,8080,8080,8070,8080,28
2026-03-10 09:43:00,8080,8080,8080,8080,202
2026-03-10 09:44:00,8080,8080,8080,8080,228
2026-03-10 09:45:00,8070,8080,8070,8070,323
2026-03-10 09:46:00,8080,8080,8070,8070,62
2026-03-10 09:47:00,8070,8080,8070,8080,320
2026-03-10 09:48:00,8070,8080,8060,8070,619
2026-03-10 09:49:00,8070,8070,8050,8050,229
2026-03-10 09:50:00,8070,8070,8070,8070,18
2026-03-10 09:51:00,8060,8060,8060,8060,19
2026-03-10 09:52:00,8050,8050,8040,8040,223
2026-03-10 09:53:00,8040,8040,8040,8040,37
2026-03-10 09:54:00,8030,8040,8030,8040,85
2026-03-10 09:55:00,8040,8040,8040,8040,40
2026-03-10 09:56:00,8040,8070,8040,8070,994
2026-03-10 09:57:00,8070,8100,8070,8100,1833
2026-03-10 09:58:00,8100,8100,8070,8070,115
2026-03-10 09:59:00,8070,8100,8060,8100,138
2026-03-10 10:00:00,8090,8100,8090,8100,10
2026-03-10 10:01:00,8080,8090,8080,8090,110
2026-03-10 10:02:00,8090,8090,8090,8090,5
2026-03-10 10:03:00,8090,8090,8060,8090,384
2026-03-10 10:04:00,8090,8090,8090,8090,221
2026-03-10 10:05:00,8100,8100,8100,8100,21
2026-03-10 10:06:00,8100,8110,8030,8100,3229
2026-03-10 10:07:00,8100,8150,8100,8150,3558
2026-03-10 10:08:00,8150,8160,8150,8150,619
2026-03-10 10:09:00,8120,8120,8120,8120,432
2026-03-10 10:10:00,8120,8150,8120,8150,21
2026-03-10 10:11:00,8150,8150,8120,8130,363
2026-03-10 10:12:00,8150,8150,8150,8150,1
2026-03-10 10:13:00,8130,8130,8130,8130,12
2026-03-10 10:14:00,8130,8150,8130,8130,93
2026-03-10 10:15:00,8120,8130,8120,8130,20
2026-03-10 10:17:00,8120,8130,8090,8090,121
2026-03-10 10:19:00,8100,8100,8100,8100,5
2026-03-10 10:21:00,8130,8140,8130,8140,251
2026-03-10 10:22:00,8140,8140,8130,8130,106
2026-03-10 10:23:00,8130,8150,8130,8150,910
2026-03-10 10:24:00,8150,8150,8140,8140,150
2026-03-10 10:25:00,8140,8140,8140,8140,8
2026-03-10 10:26:00,8130,8130,8120,8130,152
2026-03-10 10:27:00,8120,8140,8120,8140,917
2026-03-10 10:28:00,8140,8140,8130,8140,236
2026-03-10 10:29:00,8140,8140,8130,8130,739
2026-03-10 10:30:00,8140,8140,8140,8140,300
2026-03-10 10:31:00,8140,8140,8140,8140,765
2026-03-10 10:32:00,8130,8130,8130,8130,57
2026-03-10 10:33:00,8130,8140,8130,8140,171
2026-03-10 10:34:00,8130,8150,8130,8150,2035
2026-03-10 10:35:00,8140,8140,8130,8140,1062
2026-03-10 10:37:00,8120,8120,8110,8110,47
2026-03-10 10:38:00,8110,8130,8110,8130,42
2026-03-10 10:39:00,8130,8140,8110,8140,192
2026-03-10 10:40:00,8140,8140,8140,8140,2
2026-03-10 10:42:00,8130,8140,8130,8140,11
2026-03-10 10:44:00,8130,8130,8130,8130,33
2026-03-10 10:45:00,8120,8120,8120,8120,11
2026-03-10 10:46:00,8130,8130,8120,8120,255
2026-03-10 10:47:00,8130,8130,8120,8120,3
2026-03-10 10:48:00,8120,8120,8120,8120,5
2026-03-10 10:49:00,8120,8120,8120,8120,131
2026-03-10 10:50:00,8110,8120,8110,8120,95
2026-03-10 10:51:00,8120,8130,8120,8130,103
2026-03-10 10:52:00,8110,8130,8110,8130,151
2026-03-10 10:53:00,8130,8130,8130,8130,579
2026-03-10 10:55:00,8130,8130,8130,8130,10
2026-03-10 10:57:00,8140,8140,8140,8140,29
2026-03-10 10:58:00,8140,8150,8140,8140,942
2026-03-10 10:59:00,8140,8150,8130,8130,223
2026-03-10 11:00:00,8130,8170,8130,8170,4379
2026-03-10 11:01:00,8170,8170,8170,8170,3
2026-03-10 11:02:00,8170,8170,8170,8170,130
2026-03-10 11:03:00,8175,8175,8170,8170,100
2026-03-10 11:04:00,8170,8180,8170,8180,54
2026-03-10 11:05:00,8180,8180,8170,8170,201
2026-03-10 11:07:00,8180,8180,8170,8180,290
2026-03-10 11:08:00,8180,8180,8180,8180,1
2026-03-10 11:09:00,8180,8200,8180,8200,1116
2026-03-10 11:10:00,8200,8200,8190,8190,514
2026-03-10 11:11:00,8190,8200,8190,8200,11
2026-03-10 11:12:00,8190,8190,8190,8190,3
2026-03-10 11:13:00,8200,8200,8200,8200,25
2026-03-10 11:14:00,8190,8200,8190,8190,243
2026-03-10 11:15:00,8200,8200,8200,8200,533
2026-03-10 11:16:00,8200,8200,8200,8200,390
2026-03-10 11:17:00,8200,8200,8200,8200,334
2026-03-10 11:18:00,8210,8210,8210,8210,7
2026-03-10 11:19:00,8210,8220,8210,8220,803
2026-03-10 11:20:00,8220,8220,8220,8220,76
2026-03-10 11:21:00,8220,8220,8220,8220,3
2026-03-10 11:22:00,8230,8230,8220,8220,59
2026-03-10 11:23:00,8220,8220,8220,8220,32
2026-03-10 11:24:00,8210,8210,8210,8210,15
2026-03-10 11:25:00,8210,8210,8210,8210,1
2026-03-10 11:26:00,8210,8210,8190,8190,219
2026-03-10 11:27:00,8190,8200,8190,8200,19
2026-03-10 11:28:00,8200,8200,8200,8200,101
2026-03-10 11:29:00,8200,8210,8200,8210,79
2026-03-10 11:31:00,8210,8210,8210,8210,57
2026-03-10 11:32:00,8210,8210,8200,8200,39
2026-03-10 11:34:00,8200,8200,8190,8190,65
2026-03-10 11:35:00,8200,8200,8200,8200,2
2026-03-10 11:36:00,8200,8200,8200,8200,64
2026-03-10 11:37:00,8200,8200,8180,8180,41
2026-03-10 11:39:00,8200,8200,8200,8200,27
2026-03-10 11:40:00,8180,8180,8180,8180,3
2026-03-10 11:42:00,8180,8190,8180,8190,124
2026-03-10 11:44:00,8180,8180,8160,8160,803
2026-03-10 11:45:00,8160,8190,8160,8190,235
2026-03-10 11:47:00,8180,8180,8150,8160,107
2026-03-10 11:48:00,8160,8170,8160,8160,7
2026-03-10 11:49:00,8170,8170,8160,8170,36
2026-03-10 11:51:00,8160,8160,8160,8160,5
2026-03-10 11:52:00,8150,8150,8150,8150,20
2026-03-10 11:53:00,8150,8160,8130,8130,179
2026-03-10 11:54:00,8140,8160,8140,8160,64
2026-03-10 11:55:00,8130,8170,8130,8170,43
2026-03-10 11:56:00,8170,8170,8170,8170,5
2026-03-10 11:57:00,8170,8170,8170,8170,4
2026-03-10 11:58:00,8150,8150,8150,8150,34
2026-03-10 11:59:00,8150,8150,8150,8150,22
2026-03-10 12:04:00,8160,8160,8160,8160,2
2026-03-10 12:05:00,8170,8170,8170,8170,5
2026-03-10 12:06:00,8170,8190,8170,8190,167
2026-03-10 12:09:00,8170,8170,8170,8170,30
2026-03-10 12:11:00,8170,8170,8170,8170,19
2026-03-10 12:12:00,8170,8170,8170,8170,10
2026-03-10 12:14:00,8170,8180,8170,8180,95
2026-03-10 12:16:00,8180,8180,8180,8180,30
2026-03-10 12:17:00,8160,8160,8160,8160,23
2026-03-10 12:18:00,8160,8160,8160,8160,48
2026-03-10 12:19:00,8160,8160,8160,8160,4
2026-03-10 12:20:00,8180,8180,8180,8180,2
2026-03-10 12:21:00,8180,8190,8180,8190,280
2026-03-10 12:23:00,8190,8190,8190,8190,5
2026-03-10 12:26:00,8190,8190,8190,8190,41
2026-03-10 12:27:00,8190,8190,8160,8160,152
2026-03-10 12:28:00,8160,8190,8140,8190,2437
2026-03-10 12:29:00,8190,8190,8190,8190,11
2026-03-10 12:31:00,8190,8190,8150,8150,133
2026-03-10 12:32:00,8160,8160,8160,8160,105
2026-03-10 12:34:00,8160,8170,8120,8120,401
2026-03-10 12:35:00,8140,8140,8120,8120,48
2026-03-10 12:36:00,8130,8130,8130,8130,2
2026-03-10 12:37:00,8130,8130,8130,8130,7
2026-03-10 12:38:00,8170,8170,8170,8170,92
2026-03-10 12:39:00,8130,8130,8130,8130,1
2026-03-10 12:40:00,8170,8170,8170,8170,2
2026-03-10 12:42:00,8140,8140,8140,8140,28
2026-03-10 12:43:00,8140,8140,8120,8120,407
2026-03-10 12:44:00,8130,8140,8130,8140,31
2026-03-10 12:45:00,8120,8120,8120,8120,400
2026-03-10 12:46:00,8120,8120,8110,8110,17
2026-03-10 12:48:00,8120,8140,8120,8140,89
2026-03-10 12:49:00,8120,8130,8080,8110,2148
2026-03-10 12:51:00,8110,8110,8110,8110,298
2026-03-10 12:53:00,8110,8130,8110,8130,784
2026-03-10 12:54:00,8130,8140,8130,8140,874
2026-03-10 12:58:00,8130,8140,8130,8140,57
2026-03-10 13:01:00,8110,8110,8100,8110,331
2026-03-10 13:02:00,8110,8130,8110,8110,44
2026-03-10 13:03:00,8110,8110,8110,8110,76
2026-03-10 13:04:00,8110,8110,8110,8110,30
2026-03-10 13:05:00,8110,8110,8110,8110,44
2026-03-10 13:06:00,8140,8140,8140,8140,3
2026-03-10 13:07:00,8110,8110,8110,8110,131
2026-03-10 13:08:00,8140,8140,8140,8140,65
2026-03-10 13:10:00,8140,8140,8140,8140,65
2026-03-10 13:11:00,8130,8130,8100,8100,2477
2026-03-10 13:12:00,8100,8140,8100,8140,1033
2026-03-10 13:14:00,8140,8140,8130,8130,21
2026-03-10 13:15:00,8140,8140,8110,8110,144
2026-03-10 13:17:00,8140,8140,8140,8140,10
2026-03-10 13:18:00,8110,8110,8090,8090,848
2026-03-10 13:19:00,8140,8180,8140,8180,351
2026-03-10 13:20:00,8180,8190,8180,8190,374
2026-03-10 13:21:00,8200,8220,8200,8220,3705
2026-03-10 13:22:00,8220,8230,8220,8220,3302
2026-03-10 13:23:00,8220,8240,8200,8240,2316
2026-03-10 13:24:00,8230,8240,8230,8240,1080
2026-03-10 13:28:00,8230,8230,8230,8230,3
2026-03-10 13:30:00,8230,8250,8230,8250,1040
2026-03-10 13:31:00,8250,8250,8250,8250,8
2026-03-10 13:32:00,8240,8240,8240,8240,74
2026-03-10 13:33:00,8240,8240,8240,8240,100
2026-03-10 13:34:00,8230,8230,8230,8230,5
2026-03-10 13:35:00,8230,8230,8200,8200,387
2026-03-10 13:38:00,8210,8210,8210,8210,299
2026-03-10 13:40:00,8200,8240,8200,8240,140
2026-03-10 13:41:00,8230,8250,8230,8250,570
2026-03-10 13:44:00,8230,8230,8220,8220,95
2026-03-10 13:45:00,8230,8230,8230,8230,168
2026-03-10 13:46:00,8220,8230,8210,8210,254
2026-03-10 13:47:00,8210,8210,8210,8210,3
2026-03-10 13:48:00,8200,8200,8200,8200,470
2026-03-10 13:49:00,8210,8210,8210,8210,191
2026-03-10 13:50:00,8220,8240,8220,8240,106
2026-03-10 13:51:00,8220,8220,8220,8220,1
2026-03-10 13:52:00,8220,8220,8210,8210,6
2026-03-10 13:54:00,8210,8210,8210,8210,330
2026-03-10 13:56:00,8200,8200,8200,8200,144
2026-03-10 13:57:00,8200,8200,8200,8200,98
2026-03-10 13:58:00,8200,8240,8200,8240,1980
2026-03-10 14:00:00,8210,8240,8210,8240,126
2026-03-10 14:01:00,8240,8240,8240,8240,65
2026-03-10 14:04:00,8230,8230,8230,8230,10
2026-03-10 14:05:00,8230,8230,8230,8230,77
2026-03-10 14:07:00,8220,8220,8190,8190,7
2026-03-10 14:10:00,8210,8210,8200,8210,105
2026-03-10 14:12:00,8200,8200,8200,8200,20
2026-03-10 14:15:00,8200,8220,8200,8220,24
2026-03-10 14:19:00,8200,8200,8190,8190,352
2026-03-10 14:21:00,8200,8200,8190,8190,60
2026-03-10 14:22:00,8210,8210,8210,8210,10
2026-03-10 14:23:00,8220,8220,8220,8220,111
2026-03-10 14:25:00,8220,8230,8220,8230,71
2026-03-10 14:26:00,8230,8230,8230,8230,2
2026-03-10 14:28:00,8210,8210,8210,8210,100
2026-03-10 14:30:00,8210,8210,8210,8210,154
2026-03-10 14:31:00,8210,8210,8210,8210,10
2026-03-10 14:33:00,8200,8210,8200,8210,209
2026-03-10 14:35:00,8210,8210,8210,8210,47
2026-03-10 14:37:00,8200,8200,8200,8200,30
2026-03-10 14:38:00,8200,8200,8200,8200,338
2026-03-10 14:40:00,8200,8200,8200,8200,50
2026-03-10 14:41:00,8190,8200,8170,8200,1487
2026-03-10 14:42:00,8170,8170,8160,8170,1749
2026-03-10 14:43:00,8160,8160,8150,8160,342
2026-03-10 14:46:00,8170,8170,8170,8170,15
2026-03-10 14:47:00,8170,8170,8170,8170,2
2026-03-10 14:48:00,8170,8170,8170,8170,1
2026-03-10 14:49:00,8180,8180,8180,8180,29
2026-03-10 14:51:00,8200,8200,8190,8190,142
2026-03-10 14:52:00,8190,8200,8190,8200,209
2026-03-10 14:53:00,8200,8200,8200,8200,90
2026-03-10 14:54:00,8200,8210,8200,8210,1043
2026-03-10 14:55:00,8210,8210,8210,8210,3
2026-03-10 14:56:00,8210,8210,8210,8210,10
2026-03-10 14:57:00,8210,8210,8210,8210,5
2026-03-10 14:59:00,8190,8190,8180,8180,52
2026-03-10 15:00:00,8180,8180,8180,8180,18
2026-03-10 15:01:00,8210,8210,8210,8210,156
2026-03-10 15:04:00,8190,8190,8180,8180,279
2026-03-10 15:05:00,8170,8170,8170,8170,28
2026-03-10 15:06:00,8170,8170,8170,8170,84
2026-03-10 15:07:00,8180,8180,8180,8180,203
2026-03-10 15:08:00,8175,8175,8170,8170,154
2026-03-10 15:10:00,8170,8170,8160,8170,294
2026-03-10 15:11:00,8160,8190,8160,8160,249
2026-03-10 15:12:00,8160,8160,8160,8160,100
2026-03-10 15:13:00,8160,8160,8150,8150,401
2026-03-10 15:15:00,8150,8150,8150,8150,109
2026-03-10 15:16:00,8160,8160,8150,8150,176
2026-03-10 15:17:00,8160,8160,8160,8160,48
2026-03-10 15:19:00,8180,8180,8160,8160,107
2026-03-10 15:30:00,8170,8170,8170,8170,814
2026-03-11 09:00:00,8200,8320,8200,8320,758
2026-03-11 09:01:00,8310,8310,8260,8260,24
2026-03-11 09:02:00,8260,8290,8260,8280,917
2026-03-11 09:03:00,8280,8280,8260,8280,57
2026-03-11 09:04:00,8280,8280,8280,8280,11
2026-03-11 09:05:00,8290,8290,8290,8290,207
2026-03-11 09:06:00,8290,8290,8260,8260,164
2026-03-11 09:07:00,8260,8280,8250,8250,901
2026-03-11 09:08:00,8260,8260,8190,8200,1860
2026-03-11 09:09:00,8200,8220,8200,8210,464
2026-03-11 09:10:00,8230,8280,8225,8225,581
2026-03-11 09:11:00,8220,8220,8170,8170,4933
2026-03-11 09:12:00,8170,8170,8150,8150,355
2026-03-11 09:13:00,8150,8230,8150,8230,804
2026-03-11 09:14:00,8230,8250,8170,8230,1112
2026-03-11 09:15:00,8220,8220,8220,8220,21
2026-03-11 09:16:00,8220,8220,8190,8190,3
2026-03-11 09:17:00,8190,8190,8160,8180,668
2026-03-11 09:18:00,8190,8220,8190,8220,424
2026-03-11 09:19:00,8220,8230,8190,8190,767
2026-03-11 09:20:00,8200,8220,8180,8180,764
2026-03-11 09:22:00,8200,8200,8180,8180,132
2026-03-11 09:23:00,8190,8190,8190,8190,1
2026-03-11 09:24:00,8190,8190,8170,8170,2224
2026-03-11 09:25:00,8170,8190,8170,8190,559
2026-03-11 09:26:00,8180,8180,8180,8180,54
2026-03-11 09:27:00,8200,8230,8200,8230,919
2026-03-11 09:28:00,8230,8230,8230,8230,258
2026-03-11 09:29:00,8230,8230,8230,8230,3
2026-03-11 09:30:00,8230,8230,8220,8220,51
2026-03-11 09:31:00,8230,8230,8230,8230,1
2026-03-11 09:32:00,8230,8230,8220,8220,302
2026-03-11 09:33:00,8220,8220,8210,8220,78
2026-03-11 09:34:00,8220,8220,8220,8220,273
2026-03-11 09:35:00,8220,8220,8210,8210,505
2026-03-11 09:36:00,8220,8240,8210,8220,1410
2026-03-11 09:37:00,8250,8260,8220,8260,243
2026-03-11 09:38:00,8270,8290,8260,8270,479
2026-03-11 09:39:00,8270,8270,8270,8270,66
2026-03-11 09:40:00,8270,8270,8260,8270,337
2026-03-11 09:41:00,8270,8270,8240,8240,3370
2026-03-11 09:42:00,8240,8250,8240,8250,100
2026-03-11 09:43:00,8250,8250,8250,8250,200
2026-03-11 09:45:00,8230,8230,8230,8230,3
2026-03-11 09:46:00,8230,8230,8230,8230,3
2026-03-11 09:47:00,8230,8230,8230,8230,12
2026-03-11 09:48:00,8220,8220,8220,8220,9
2026-03-11 09:49:00,8220,8220,8220,8220,348
2026-03-11 09:50:00,8220,8220,8220,8220,564
2026-03-11 09:51:00,8220,8230,8220,8230,52
2026-03-11 09:52:00,8220,8220,8220,8220,10
2026-03-11 09:53:00,8230,8230,8230,8230,544
2026-03-11 09:54:00,8230,8230,8230,8230,233
2026-03-11 09:55:00,8230,8230,8230,8230,120
2026-03-11 09:56:00,8220,8230,8220,8230,32
2026-03-11 09:57:00,8230,8230,8230,8230,60
2026-03-11 09:58:00,8220,8230,8220,8230,752
2026-03-11 09:59:00,8230,8230,8230,8230,9
2026-03-11 10:01:00,8230,8230,8230,8230,600
2026-03-11 10:03:00,8225,8230,8225,8230,201
2026-03-11 10:04:00,8230,8230,8210,8210,491
2026-03-11 10:05:00,8210,8210,8210,8210,415
2026-03-11 10:06:00,8210,8210,8180,8180,915
2026-03-11 10:08:00,8190,8190,8190,8190,23
2026-03-11 10:09:00,8190,8190,8190,8190,9
2026-03-11 10:10:00,8190,8200,8190,8200,11
2026-03-11 10:11:00,8200,8200,8200,8200,180
2026-03-11 10:12:00,8210,8210,8210,8210,4
2026-03-11 10:13:00,8210,8220,8210,8220,114
2026-03-11 10:15:00,8220,8220,8220,8220,210
2026-03-11 10:16:00,8220,8225,8210,8220,239
2026-03-11 10:17:00,8220,8220,8220,8220,1
2026-03-11 10:18:00,8200,8210,8190,8200,1119
2026-03-11 10:20:00,8200,8200,8200,8200,67
2026-03-11 10:21:00,8200,8200,8200,8200,532
2026-03-11 10:23:00,8200,8200,8180,8190,1219
2026-03-11 10:24:00,8190,8190,8190,8190,145
2026-03-11 10:25:00,8200,8200,8200,8200,1
2026-03-11 10:26:00,8200,8210,8200,8210,14
2026-03-11 10:27:00,8210,8210,8210,8210,10
2026-03-11 10:28:00,8210,8210,8190,8190,377
2026-03-11 10:29:00,8190,8200,8190,8200,43
2026-03-11 10:30:00,8200,8200,8200,8200,15
2026-03-11 10:31:00,8200,8200,8200,8200,125
2026-03-11 10:32:00,8200,8200,8200,8200,8
2026-03-11 10:33:00,8200,8200,8200,8200,90
2026-03-11 10:34:00,8200,8200,8190,8190,249
2026-03-11 10:35:00,8210,8210,8210,8210,1
2026-03-11 10:36:00,8210,8210,8190,8210,63
2026-03-11 10:37:00,8190,8220,8190,8220,1091
2026-03-11 10:38:00,8220,8220,8210,8210,46
2026-03-11 10:39:00,8210,8210,8210,8210,491
2026-03-11 10:40:00,8210,8220,8210,8220,103
2026-03-11 10:41:00,8220,8220,8220,8220,30
2026-03-11 10:42:00,8220,8220,8220,8220,10
2026-03-11 10:44:00,8220,8230,8220,8230,831
2026-03-11 10:45:00,8230,8250,8230,8250,1844
2026-03-11 10:46:00,8250,8260,8250,8260,372
2026-03-11 10:47:00,8260,8260,8250,8260,493
2026-03-11 10:49:00,8250,8250,8250,8250,268
2026-03-11 10:50:00,8250,8250,8250,8250,3
2026-03-11 10:51:00,8250,8250,8240,8240,16
2026-03-11 10:53:00,8240,8250,8240,8250,56
2026-03-11 10:54:00,8250,8260,8250,8260,55
2026-03-11 10:56:00,8240,8250,8220,8220,524
2026-03-11 10:57:00,8230,8230,8230,8230,122
2026-03-11 10:58:00,8220,8230,8220,8230,536
2026-03-11 10:59:00,8230,8250,8220,8250,99
2026-03-11 11:00:00,8250,8250,8220,8250,13
2026-03-11 11:01:00,8240,8240,8240,8240,8
2026-03-11 11:02:00,8230,8230,8220,8220,12
2026-03-11 11:03:00,8230,8240,8230,8240,318
2026-03-11 11:05:00,8240,8240,8240,8240,28
2026-03-11 11:06:00,8240,8240,8230,8230,192
2026-03-11 11:07:00,8240,8250,8230,8230,34
2026-03-11 11:08:00,8250,8250,8230,8230,141
2026-03-11 11:09:00,8240,8240,8240,8240,24
2026-03-11 11:10:00,8250,8250,8240,8250,154
2026-03-11 11:11:00,8250,8260,8250,8260,202
2026-03-11 11:12:00,8250,8250,8250,8250,1
2026-03-11 11:13:00,8250,8250,8250,8250,5
2026-03-11 11:14:00,8260,8260,8250,8250,28
2026-03-11 11:15:00,8250,8250,8250,8250,1
2026-03-11 11:16:00,8260,8260,8260,8260,38
2026-03-11 11:17:00,8260,8260,8250,8250,647
2026-03-11 11:18:00,8250,8250,8240,8250,93
2026-03-11 11:19:00,8250,8250,8240,8250,29
2026-03-11 11:20:00,8250,8250,8250,8250,41
2026-03-11 11:21:00,8250,8250,8250,8250,101
2026-03-11 11:22:00,8250,8250,8250,8250,3
2026-03-11 11:23:00,8260,8260,8250,8250,165
2026-03-11 11:24:00,8250,8250,8250,8250,105
2026-03-11 11:26:00,8250,8250,8250,8250,4
2026-03-11 11:27:00,8250,8250,8250,8250,2
2026-03-11 11:28:00,8240,8250,8230,8240,1026
2026-03-11 11:29:00,8240,8250,8240,8250,344
2026-03-11 11:30:00,8240,8250,8240,8250,578
2026-03-11 11:31:00,8240,8250,8230,8250,215
2026-03-11 11:33:00,8230,8240,8230,8240,125
2026-03-11 11:34:00,8240,8240,8240,8240,49
2026-03-11 11:35:00,8240,8240,8240,8240,100
2026-03-11 11:36:00,8230,8240,8230,8240,6
2026-03-11 11:37:00,8230,8240,8230,8240,2
2026-03-11 11:38:00,8240,8240,8240,8240,3
2026-03-11 11:41:00,8240,8240,8230,8230,39
2026-03-11 11:42:00,8240,8240,8240,8240,13
2026-03-11 11:43:00,8240,8240,8240,8240,4
2026-03-11 11:44:00,8240,8250,8240,8250,307
2026-03-11 11:45:00,8250,8250,8230,8230,2
2026-03-11 11:47:00,8240,8240,8240,8240,2
2026-03-11 11:48:00,8250,8250,8250,8250,470
2026-03-11 11:49:00,8250,8260,8240,8240,964
2026-03-11 11:50:00,8250,8260,8250,8260,22
2026-03-11 11:51:00,8260,8260,8260,8260,184
2026-03-11 11:53:00,8260,8270,8260,8270,132
2026-03-11 11:54:00,8270,8270,8270,8270,1
2026-03-11 11:55:00,8250,8270,8250,8270,2
2026-03-11 11:56:00,8260,8260,8260,8260,1
2026-03-11 11:57:00,8260,8260,8260,8260,195
2026-03-11 11:58:00,8260,8260,8260,8260,6
2026-03-11 11:59:00,8260,8260,8260,8260,332
2026-03-11 12:00:00,8260,8260,8260,8260,8
2026-03-11 12:01:00,8260,8260,8260,8260,7
2026-03-11 12:02:00,8270,8270,8270,8270,2
2026-03-11 12:03:00,8260,8270,8260,8270,412
2026-03-11 12:04:00,8270,8270,8270,8270,24
2026-03-11 12:05:00,8270,8270,8260,8260,10
2026-03-11 12:06:00,8280,8280,8280,8280,15
2026-03-11 12:07:00,8270,8280,8270,8280,592
2026-03-11 12:08:00,8270,8270,8270,8270,315
2026-03-11 12:10:00,8270,8270,8260,8270,5
2026-03-11 12:11:00,8270,8310,8270,8310,2412
2026-03-11 12:12:00,8300,8320,8300,8320,190
2026-03-11 12:13:00,8310,8310,8310,8310,49
2026-03-11 12:14:00,8310,8320,8310,8320,123
2026-03-11 12:15:00,8320,8320,8300,8300,882
2026-03-11 12:16:00,8310,8320,8310,8320,215
2026-03-11 12:17:00,8320,8330,8320,8330,222
2026-03-11 12:18:00,8330,8340,8330,8340,321
2026-03-11 12:19:00,8340,8340,8330,8340,405
2026-03-11 12:20:00,8340,8350,8340,8350,702
2026-03-11 12:21:00,8360,8360,8360,8360,204
2026-03-11 12:22:00,8350,8350,8340,8340,258
2026-03-11 12:23:00,8350,8350,8340,8340,149
2026-03-11 12:24:00,8340,8340,8340,8340,1
2026-03-11 12:27:00,8340,8340,8320,8330,81
2026-03-11 12:28:00,8330,8340,8320,8340,1058
2026-03-11 12:29:00,8330,8330,8330,8330,2
2026-03-11 12:30:00,8330,8330,8330,8330,13
2026-03-11 12:31:00,8330,8330,8330,8330,30
2026-03-11 12:32:00,8340,8350,8340,8350,254
2026-03-11 12:33:00,8340,8360,8330,8360,361
2026-03-11 12:34:00,8370,8380,8360,8380,642
2026-03-11 12:35:00,8380,8380,8380,8380,55
2026-03-11 12:36:00,8390,8390,8360,8390,398
2026-03-11 12:37:00,8340,8340,8340,8340,1
2026-03-11 12:38:00,8360,8390,8360,8390,170
2026-03-11 12:39:00,8390,8400,8360,8360,3750
2026-03-11 12:40:00,8360,8360,8340,8340,398
2026-03-11 12:41:00,8340,8380,8330,8380,1284
2026-03-11 12:42:00,8380,8380,8330,8330,83
2026-03-11 12:43:00,8330,8380,8330,8380,286
2026-03-11 12:44:00,8350,8350,8340,8340,10
2026-03-11 12:45:00,8340,8340,8330,8330,281
2026-03-11 12:46:00,8340,8340,8330,8330,109
2026-03-11 12:47:00,8340,8350,8340,8350,39
2026-03-11 12:51:00,8370,8370,8370,8370,10
2026-03-11 12:52:00,8350,8360,8350,8360,24
2026-03-11 12:53:00,8360,8360,8360,8360,10
2026-03-11 12:54:00,8360,8360,8350,8350,30
2026-03-11 12:55:00,8360,8370,8360,8370,150
2026-03-11 12:56:00,8370,8370,8370,8370,56
2026-03-11 12:57:00,8370,8370,8370,8370,21
2026-03-11 12:58:00,8360,8360,8360,8360,8
2026-03-11 12:59:00,8360,8360,8360,8360,23
2026-03-11 13:00:00,8370,8370,8360,8360,131
2026-03-11 13:01:00,8360,8370,8360,8370,76
2026-03-11 13:02:00,8370,8370,8370,8370,10
2026-03-11 13:03:00,8360,8360,8350,8350,1043
2026-03-11 13:04:00,8350,8350,8350,8350,14
2026-03-11 13:05:00,8350,8350,8350,8350,3
2026-03-11 13:06:00,8350,8350,8350,8350,1
2026-03-11 13:08:00,8350,8350,8350,8350,41
2026-03-11 13:09:00,8350,8350,8340,8340,330
2026-03-11 13:10:00,8350,8350,8350,8350,5
2026-03-11 13:11:00,8340,8350,8340,8350,136
2026-03-11 13:12:00,8360,8370,8360,8370,303
2026-03-11 13:13:00,8350,8350,8340,8350,33
2026-03-11 13:15:00,8350,8350,8340,8340,6
2026-03-11 13:16:00,8340,8360,8340,8340,654
2026-03-11 13:18:00,8340,8340,8340,8340,5
2026-03-11 13:19:00,8350,8350,8350,8350,52
2026-03-11 13:21:00,8360,8370,8360,8370,25
2026-03-11 13:23:00,8370,8370,8370,8370,1
2026-03-11 13:25:00,8370,8380,8370,8370,285
2026-03-11 13:26:00,8370,8370,8370,8370,92
2026-03-11 13:27:00,8380,8400,8380,8390,1819
2026-03-11 13:28:00,8390,8390,8390,8390,23
2026-03-11 13:29:00,8390,8410,8390,8390,1063
2026-03-11 13:31:00,8400,8420,8400,8420,2202
2026-03-11 13:32:00,8420,8430,8390,8390,1407
2026-03-11 13:35:00,8400,8400,8390,8390,309
2026-03-11 13:36:00,8380,8390,8380,8380,34
2026-03-11 13:39:00,8380,8380,8380,8380,12
2026-03-11 13:40:00,8380,8380,8380,8380,7
2026-03-11 13:41:00,8370,8370,8360,8360,408
2026-03-11 13:42:00,8370,8370,8370,8370,11
2026-03-11 13:43:00,8360,8370,8350,8350,118
2026-03-11 13:45:00,8360,8360,8360,8360,7
2026-03-11 13:47:00,8350,8360,8350,8360,2
2026-03-11 13:48:00,8350,8350,8340,8340,1295
2026-03-11 13:52:00,8340,8340,8330,8330,306
2026-03-11 13:53:00,8330,8330,8330,8330,78
2026-03-11 13:56:00,8330,8330,8320,8320,31
2026-03-11 13:58:00,8320,8330,8310,8310,456
2026-03-11 13:59:00,8310,8320,8310,8320,12
2026-03-11 14:00:00,8320,8320,8310,8310,60
2026-03-11 14:02:00,8310,8310,8310,8310,25
2026-03-11 14:03:00,8310,8310,8310,8310,2
2026-03-11 14:04:00,8320,8320,8240,8260,1949
2026-03-11 14:05:00,8260,8260,8260,8260,100
2026-03-11 14:07:00,8280,8280,8280,8280,82
2026-03-11 14:08:00,8290,8290,8290,8290,241
2026-03-11 14:09:00,8290,8290,8290,8290,1
2026-03-11 14:10:00,8290,8290,8290,8290,2
2026-03-11 14:11:00,8290,8290,8280,8280,21
2026-03-11 14:12:00,8290,8290,8280,8280,188
2026-03-11 14:13:00,8280,8280,8280,8280,2
2026-03-11 14:14:00,8270,8270,8260,8260,16
2026-03-11 14:15:00,8260,8260,8260,8260,3
2026-03-11 14:17:00,8260,8260,8260,8260,30
2026-03-11 14:19:00,8270,8270,8270,8270,5
2026-03-11 14:20:00,8260,8260,8260,8260,4
2026-03-11 14:21:00,8270,8270,8260,8260,106
2026-03-11 14:22:00,8260,8260,8260,8260,3
2026-03-11 14:24:00,8270,8270,8270,8270,1586
2026-03-11 14:25:00,8270,8270,8270,8270,15
2026-03-11 14:26:00,8270,8290,8270,8290,694
2026-03-11 14:27:00,8260,8280,8250,8250,181
2026-03-11 14:28:00,8260,8280,8240,8250,487
2026-03-11 14:29:00,8250,8250,8240,8240,41
2026-03-11 14:30:00,8240,8240,8240,8240,12
2026-03-11 14:31:00,8240,8240,8240,8240,1
2026-03-11 14:32:00,8250,8250,8250,8250,104
2026-03-11 14:34:00,8250,8250,8240,8250,1607
2026-03-11 14:35:00,8240,8240,8240,8240,31
2026-03-11 14:36:00,8240,8250,8240,8240,468
2026-03-11 14:37:00,8240,8250,8240,8250,1873
2026-03-11 14:40:00,8230,8230,8230,8230,2
2026-03-11 14:41:00,8230,8230,8220,8220,3226
2026-03-11 14:42:00,8220,8220,8210,8210,7
2026-03-11 14:43:00,8210,8210,8190,8190,2716
2026-03-11 14:44:00,8200,8200,8200,8200,5
2026-03-11 14:45:00,8190,8190,8190,8190,1296
2026-03-11 14:46:00,8190,8200,8180,8200,2508
2026-03-11 14:47:00,8190,8200,8180,8180,646
2026-03-11 14:48:00,8180,8200,8160,8160,2423
2026-03-11 14:49:00,8160,8170,8160,8170,68
2026-03-11 14:50:00,8170,8200,8170,8200,262
2026-03-11 14:51:00,8170,8170,8170,8170,51
2026-03-11 14:52:00,8170,8170,8170,8170,1004
2026-03-11 14:54:00,8170,8170,8170,8170,126
2026-03-11 14:55:00,8170,8170,8170,8170,20
2026-03-11 14:57:00,8170,8170,8130,8130,4780
2026-03-11 14:58:00,8140,8150,8140,8140,472
2026-03-11 14:59:00,8140,8150,8140,8150,139
2026-03-11 15:00:00,8130,8130,8100,8100,2290
2026-03-11 15:02:00,8100,8100,8080,8090,1515
2026-03-11 15:03:00,8090,8090,8080,8080,449
2026-03-11 15:04:00,8090,8090,8090,8090,182
2026-03-11 15:05:00,8100,8100,8080,8090,1013
2026-03-11 15:06:00,8090,8100,8090,8100,600
2026-03-11 15:07:00,8130,8200,8130,8200,50
2026-03-11 15:08:00,8160,8180,8160,8170,820
2026-03-11 15:09:00,8180,8200,8150,8200,997
2026-03-11 15:10:00,8210,8210,8190,8190,325
2026-03-11 15:11:00,8160,8170,8160,8170,1931
2026-03-11 15:12:00,8170,8170,8150,8160,2639
2026-03-11 15:13:00,8160,8180,8160,8180,1909
2026-03-11 15:14:00,8190,8210,8190,8200,56
2026-03-11 15:15:00,8220,8220,8220,8220,61
2026-03-11 15:16:00,8220,8260,8220,8260,71
2026-03-11 15:18:00,8260,8260,8210,8210,211
2026-03-11 15:19:00,8210,8270,8200,8270,462
2026-03-11 15:30:00,8200,8200,8200,8200,420
2026-03-12 09:00:00,8230,8230,8150,8180,974
2026-03-12 09:01:00,8200,8220,8200,8220,508
2026-03-12 09:02:00,8220,8220,8210,8210,168
2026-03-12 09:03:00,8210,8230,8160,8220,1169
2026-03-12 09:04:00,8220,8220,8220,8220,8
2026-03-12 09:05:00,8220,8220,8205,8205,7
2026-03-12 09:06:00,8200,8220,8080,8220,2493
2026-03-12 09:07:00,8210,8210,8210,8210,1
2026-03-12 09:08:00,8200,8210,8150,8190,263
2026-03-12 09:09:00,8160,8160,8110,8110,109
2026-03-12 09:10:00,8150,8200,8150,8170,700
2026-03-12 09:11:00,8200,8200,8140,8140,154
2026-03-12 09:12:00,8140,8140,8130,8130,144
2026-03-12 09:13:00,8180,8200,8160,8160,1299
2026-03-12 09:14:00,8210,8230,8170,8170,546
2026-03-12 09:15:00,8170,8180,8170,8180,41
2026-03-12 09:16:00,8230,8230,8180,8180,110
2026-03-12 09:17:00,8220,8270,8220,8270,294
2026-03-12 09:18:00,8280,8280,8255,8255,31
2026-03-12 09:19:00,8255,8310,8240,8250,1564
2026-03-12 09:20:00,8290,8290,8260,8260,212
2026-03-12 09:21:00,8270,8290,8260,8260,524
2026-03-12 09:22:00,8270,8270,8270,8270,1
2026-03-12 09:23:00,8270,8270,8270,8270,83
2026-03-12 09:24:00,8280,8310,8280,8300,463
2026-03-12 09:25:00,8300,8300,8290,8290,781
2026-03-12 09:26:00,8290,8290,8270,8270,1132
2026-03-12 09:27:00,8260,8280,8250,8270,1255
2026-03-12 09:28:00,8270,8270,8270,8270,1
2026-03-12 09:30:00,8240,8240,8220,8220,1166
2026-03-12 09:31:00,8230,8230,8230,8230,257
2026-03-12 09:34:00,8230,8230,8230,8230,3
2026-03-12 09:35:00,8230,8230,8230,8230,478
2026-03-12 09:37:00,8230,8230,8230,8230,361
2026-03-12 09:38:00,8230,8230,8230,8230,729
2026-03-12 09:39:00,8230,8240,8230,8240,240
2026-03-12 09:40:00,8240,8240,8230,8230,361
2026-03-12 09:41:00,8230,8230,8230,8230,500
2026-03-12 09:42:00,8240,8240,8240,8240,50
2026-03-12 09:43:00,8240,8240,8230,8230,1621
2026-03-12 09:45:00,8230,8230,8210,8220,351
2026-03-12 09:46:00,8220,8220,8220,8220,50
2026-03-12 09:47:00,8210,8210,8200,8200,8
2026-03-12 09:48:00,8200,8200,8200,8200,427
2026-03-12 09:49:00,8200,8200,8150,8170,1284
2026-03-12 09:50:00,8170,8180,8170,8180,118
2026-03-12 09:52:00,8160,8160,8160,8160,418
2026-03-12 09:53:00,8180,8180,8180,8180,12
2026-03-12 09:54:00,8180,8180,8180,8180,3
2026-03-12 09:55:00,8180,8180,8160,8180,173
2026-03-12 09:56:00,8180,8190,8180,8190,293
2026-03-12 09:57:00,8190,8200,8180,8180,20
2026-03-12 09:58:00,8160,8180,8160,8180,89
2026-03-12 10:00:00,8160,8170,8150,8160,291
2026-03-12 10:01:00,8160,8160,8160,8160,1
2026-03-12 10:02:00,8150,8150,8150,8150,18
2026-03-12 10:03:00,8150,8150,8150,8150,954
2026-03-12 10:04:00,8140,8150,8140,8150,95
2026-03-12 10:05:00,8150,8150,8150,8150,63
2026-03-12 10:07:00,8150,8150,8150,8150,21
2026-03-12 10:08:00,8150,8160,8150,8160,112
2026-03-12 10:09:00,8160,8160,8160,8160,10
2026-03-12 10:10:00,8160,8180,8160,8180,21
2026-03-12 10:11:00,8170,8180,8170,8180,45
2026-03-12 10:12:00,8180,8180,8180,8180,18
2026-03-12 10:13:00,8180,8190,8180,8180,206
2026-03-12 10:14:00,8190,8190,8190,8190,14
2026-03-12 10:16:00,8190,8190,8190,8190,329
2026-03-12 10:17:00,8190,8190,8190,8190,4
2026-03-12 10:20:00,8190,8190,8190,8190,10
2026-03-12 10:21:00,8190,8190,8180,8190,111
2026-03-12 10:22:00,8190,8190,8180,8180,16
2026-03-12 10:23:00,8190,8190,8170,8170,1123
2026-03-12 10:24:00,8180,8180,8180,8180,52
2026-03-12 10:26:00,8190,8190,8180,8180,300
2026-03-12 10:27:00,8190,8190,8190,8190,10
2026-03-12 10:28:00,8190,8200,8190,8200,119
2026-03-12 10:29:00,8210,8210,8210,8210,1
2026-03-12 10:30:00,8200,8210,8200,8210,45
2026-03-12 10:31:00,8200,8200,8200,8200,22
2026-03-12 10:32:00,8210,8210,8210,8210,1
2026-03-12 10:33:00,8200,8200,8200,8200,39
2026-03-12 10:34:00,8200,8200,8200,8200,121
2026-03-12 10:35:00,8200,8210,8200,8210,111
2026-03-12 10:36:00,8210,8220,8210,8220,85
2026-03-12 10:37:00,8230,8240,8230,8230,28
2026-03-12 10:38:00,8230,8240,8210,8210,170
2026-03-12 10:39:00,8210,8220,8140,8220,1556
2026-03-12 10:40:00,8190,8220,8190,8220,128
2026-03-12 10:42:00,8230,8230,8230,8230,15
2026-03-12 10:43:00,8240,8240,8240,8240,1
2026-03-12 10:44:00,8240,8240,8240,8240,1
2026-03-12 10:46:00,8240,8240,8240,8240,4
2026-03-12 10:47:00,8240,8240,8240,8240,47
2026-03-12 10:48:00,8240,8240,8190,8190,524
2026-03-12 10:49:00,8190,8190,8140,8190,210
2026-03-12 10:50:00,8180,8180,8180,8180,14
2026-03-12 10:51:00,8180,8180,8180,8180,8
2026-03-12 10:52:00,8180,8180,8180,8180,13
2026-03-12 10:53:00,8180,8180,8180,8180,11
2026-03-12 10:54:00,8190,8190,8190,8190,4
2026-03-12 10:56:00,8180,8180,8180,8180,6
2026-03-12 10:58:00,8190,8190,8190,8190,2
2026-03-12 10:59:00,8190,8190,8190,8190,10
2026-03-12 11:01:00,8190,8190,8190,8190,2
2026-03-12 11:02:00,8190,8190,8190,8190,106
2026-03-12 11:03:00,8190,8190,8190,8190,10
2026-03-12 11:04:00,8200,8200,8200,8200,12
2026-03-12 11:05:00,8195,8195,8180,8180,113
2026-03-12 11:06:00,8180,8200,8180,8200,32
2026-03-12 11:07:00,8200,8210,8200,8210,6
2026-03-12 11:08:00,8210,8210,8180,8180,86
2026-03-12 11:11:00,8170,8170,8150,8150,531
2026-03-12 11:12:00,8150,8170,8150,8170,38
2026-03-12 11:13:00,8170,8170,8170,8170,110
2026-03-12 11:14:00,8160,8160,8150,8160,1197
2026-03-12 11:15:00,8140,8140,8140,8140,19
2026-03-12 11:17:00,8160,8160,8160,8160,16
2026-03-12 11:18:00,8150,8150,8150,8150,120
2026-03-12 11:19:00,8150,8150,8150,8150,5
2026-03-12 11:20:00,8140,8140,8140,8140,608
2026-03-12 11:21:00,8140,8140,8140,8140,147
2026-03-12 11:22:00,8140,8140,8130,8130,1536
2026-03-12 11:23:00,8120,8120,8120,8120,90
2026-03-12 11:24:00,8130,8130,8130,8130,38
2026-03-12 11:25:00,8130,8130,8130,8130,1
2026-03-12 11:26:00,8120,8120,8120,8120,100
2026-03-12 11:27:00,8120,8120,8120,8120,57
2026-03-12 11:28:00,8120,8130,8120,8130,20
2026-03-12 11:29:00,8120,8130,8110,8130,617
2026-03-12 11:30:00,8120,8130,8120,8130,2
2026-03-12 11:31:00,8130,8130,8130,8130,1
2026-03-12 11:32:00,8125,8130,8110,8110,55
2026-03-12 11:33:00,8120,8120,8110,8110,430
2026-03-12 11:34:00,8120,8120,8120,8120,23
2026-03-12 11:35:00,8120,8120,8100,8100,584
2026-03-12 11:36:00,8100,8100,8090,8090,2163
2026-03-12 11:37:00,8090,8100,8090,8100,1017
2026-03-12 11:38:00,8090,8090,8090,8090,486
2026-03-12 11:39:00,8100,8100,8100,8100,11
2026-03-12 11:40:00,8100,8110,8090,8090,729
2026-03-12 11:41:00,8100,8100,8090,8090,357
2026-03-12 11:43:00,8090,8090,8090,8090,424
2026-03-12 11:44:00,8090,8090,8090,8090,116
2026-03-12 11:45:00,8090,8090,8090,8090,166
2026-03-12 11:46:00,8080,8080,8080,8080,400
2026-03-12 11:47:00,8080,8090,8080,8090,1141
2026-03-12 11:48:00,8100,8100,8080,8080,21
2026-03-12 11:50:00,8080,8080,8080,8080,17
2026-03-12 11:51:00,8080,8080,8080,8080,448
2026-03-12 11:52:00,8080,8080,8080,8080,957
2026-03-12 11:53:00,8080,8080,8080,8080,1673
2026-03-12 11:55:00,8085,8085,8080,8080,330
2026-03-12 11:56:00,8090,8090,8090,8090,10
2026-03-12 11:57:00,8090,8090,8090,8090,109
2026-03-12 11:58:00,8090,8090,8090,8090,24
2026-03-12 11:59:00,8090,8090,8090,8090,24
2026-03-12 12:00:00,8090,8090,8090,8090,1
2026-03-12 12:01:00,8080,8080,8080,8080,123
2026-03-12 12:02:00,8080,8080,8080,8080,20
2026-03-12 12:04:00,8080,8080,8080,8080,14
2026-03-12 12:05:00,8080,8080,8080,8080,11
2026-03-12 12:08:00,8090,8100,8090,8100,90
2026-03-12 12:09:00,8100,8100,8100,8100,131
2026-03-12 12:10:00,8110,8110,8110,8110,55
2026-03-12 12:12:00,8110,8110,8110,8110,1
2026-03-12 12:13:00,8110,8110,8110,8110,27
2026-03-12 12:14:00,8100,8100,8100,8100,31
2026-03-12 12:15:00,8100,8110,8100,8110,15
2026-03-12 12:16:00,8100,8100,8100,8100,69
2026-03-12 12:17:00,8090,8090,8090,8090,111
2026-03-12 12:18:00,8080,8080,8080,8080,193
2026-03-12 12:19:00,8080,8080,8080,8080,100
2026-03-12 12:20:00,8100,8110,8100,8110,171
2026-03-12 12:22:00,8120,8120,8120,8120,18
2026-03-12 12:24:00,8110,8110,8110,8110,102
2026-03-12 12:25:00,8120,8140,8120,8140,218
2026-03-12 12:26:00,8110,8110,8110,8110,1
2026-03-12 12:28:00,8110,8140,8110,8140,80
2026-03-12 12:29:00,8140,8140,8140,8140,5
2026-03-12 12:30:00,8140,8140,8140,8140,13
2026-03-12 12:31:00,8110,8110,8090,8090,299
2026-03-12 12:32:00,8100,8100,8100,8100,10
2026-03-12 12:34:00,8110,8110,8090,8090,830
2026-03-12 12:36:00,8090,8090,8090,8090,1
2026-03-12 12:38:00,8100,8100,8100,8100,10
2026-03-12 12:39:00,8100,8100,8100,8100,10
2026-03-12 12:40:00,8100,8100,8100,8100,6
2026-03-12 12:41:00,8120,8120,8120,8120,20
2026-03-12 12:42:00,8120,8120,8120,8120,294
2026-03-12 12:43:00,8120,8120,8120,8120,6
2026-03-12 12:44:00,8130,8130,8130,8130,110
2026-03-12 12:45:00,8130,8130,8130,8130,24
2026-03-12 12:48:00,8120,8130,8120,8130,21
2026-03-12 12:49:00,8140,8140,8110,8110,649
2026-03-12 12:51:00,8120,8120,8120,8120,3
2026-03-12 12:52:00,8120,8120,8120,8120,1
2026-03-12 12:53:00,8120,8120,8120,8120,10
2026-03-12 12:54:00,8120,8120,8120,8120,11
2026-03-12 12:55:00,8110,8110,8090,8090,809
2026-03-12 12:56:00,8100,8100,8100,8100,58
2026-03-12 12:57:00,8100,8100,8090,8090,54
2026-03-12 12:58:00,8100,8100,8100,8100,107
2026-03-12 12:59:00,8100,8100,8090,8090,67
2026-03-12 13:00:00,8100,8100,8090,8100,272
2026-03-12 13:01:00,8100,8100,8100,8100,815
2026-03-12 13:05:00,8100,8100,8100,8100,494
2026-03-12 13:06:00,8100,8100,8090,8090,19
2026-03-12 13:07:00,8090,8090,8090,8090,192
2026-03-12 13:08:00,8100,8100,8100,8100,52
2026-03-12 13:11:00,8100,8100,8090,8090,500
2026-03-12 13:13:00,8100,8100,8100,8100,5
2026-03-12 13:15:00,8100,8100,8100,8100,246
2026-03-12 13:16:00,8100,8100,8100,8100,16
2026-03-12 13:17:00,8110,8110,8100,8100,33
2026-03-12 13:18:00,8110,8110,8110,8110,22
2026-03-12 13:19:00,8110,8110,8110,8110,3
2026-03-12 13:21:00,8100,8110,8100,8110,2
2026-03-12 13:22:00,8110,8110,8110,8110,168
2026-03-12 13:23:00,8110,8110,8110,8110,31
2026-03-12 13:24:00,8110,8120,8110,8120,47
2026-03-12 13:26:00,8120,8120,8120,8120,4
2026-03-12 13:27:00,8120,8120,8120,8120,15
2026-03-12 13:28:00,8130,8150,8130,8150,104
2026-03-12 13:30:00,8140,8140,8140,8140,41
2026-03-12 13:31:00,8140,8140,8130,8130,29
2026-03-12 13:32:00,8130,8160,8130,8160,1636
2026-03-12 13:33:00,8150,8150,8150,8150,501
2026-03-12 13:35:00,8160,8170,8150,8170,485
2026-03-12 13:37:00,8170,8170,8140,8140,8
2026-03-12 13:38:00,8150,8190,8150,8190,63
2026-03-12 13:39:00,8170,8190,8170,8190,242
2026-03-12 13:40:00,8190,8190,8190,8190,1
2026-03-12 13:41:00,8150,8150,8150,8150,50
2026-03-12 13:42:00,8150,8150,8150,8150,100
2026-03-12 13:43:00,8150,8150,8150,8150,3
2026-03-12 13:44:00,8150,8160,8150,8150,329
2026-03-12 13:47:00,8150,8150,8130,8130,1156
2026-03-12 13:50:00,8140,8140,8140,8140,14
2026-03-12 13:51:00,8140,8140,8140,8140,2
2026-03-12 13:52:00,8120,8130,8120,8130,304
2026-03-12 13:53:00,8130,8140,8130,8140,11
2026-03-12 13:55:00,8140,8140,8130,8140,15
2026-03-12 13:56:00,8140,8140,8140,8140,5
2026-03-12 13:57:00,8140,8140,8140,8140,10
2026-03-12 13:58:00,8140,8140,8140,8140,1
2026-03-12 13:59:00,8140,8140,8140,8140,13
2026-03-12 14:01:00,8140,8140,8140,8140,15
2026-03-12 14:03:00,8160,8190,8160,8190,317
2026-03-12 14:04:00,8190,8190,8190,8190,14
2026-03-12 14:05:00,8190,8200,8190,8200,61
2026-03-12 14:06:00,8190,8200,8190,8200,615
2026-03-12 14:08:00,8200,8200,8200,8200,32
2026-03-12 14:09:00,8200,8210,8200,8210,1247
2026-03-12 14:10:00,8220,8220,8220,8220,2010
2026-03-12 14:12:00,8220,8230,8220,8230,164
2026-03-12 14:13:00,8220,8220,8220,8220,98
2026-03-12 14:14:00,8220,8230,8220,8230,100
2026-03-12 14:16:00,8220,8220,8220,8220,19
2026-03-12 14:17:00,8210,8210,8210,8210,100
2026-03-12 14:18:00,8220,8220,8220,8220,22
2026-03-12 14:19:00,8220,8220,8190,8190,18
2026-03-12 14:20:00,8190,8190,8190,8190,15
2026-03-12 14:22:00,8190,8190,8190,8190,65
2026-03-12 14:24:00,8190,8190,8190,8190,15
2026-03-12 14:26:00,8190,8190,8190,8190,1
2026-03-12 14:28:00,8200,8200,8190,8190,31
2026-03-12 14:29:00,8190,8190,8190,8190,64
2026-03-12 14:30:00,8190,8200,8180,8200,312
2026-03-12 14:31:00,8180,8180,8180,8180,5
2026-03-12 14:32:00,8180,8190,8180,8190,125
2026-03-12 14:33:00,8180,8180,8180,8180,4
2026-03-12 14:34:00,8180,8190,8180,8190,22
2026-03-12 14:35:00,8180,8180,8180,8180,3
2026-03-12 14:36:00,8180,8180,8180,8180,92
2026-03-12 14:37:00,8180,8180,8180,8180,1
2026-03-12 14:38:00,8170,8170,8170,8170,5
2026-03-12 14:39:00,8170,8180,8170,8180,15
2026-03-12 14:40:00,8170,8170,8170,8170,5
2026-03-12 14:41:00,8170,8170,8170,8170,4
2026-03-12 14:42:00,8190,8190,8170,8190,168
2026-03-12 14:43:00,8190,8190,8170,8170,35
2026-03-12 14:44:00,8200,8220,8170,8220,214
2026-03-12 14:45:00,8170,8170,8170,8170,3
2026-03-12 14:46:00,8220,8220,8200,8200,7
2026-03-12 14:47:00,8200,8200,8200,8200,4
2026-03-12 14:48:00,8200,8200,8200,8200,8
2026-03-12 14:49:00,8200,8200,8200,8200,5
2026-03-12 14:51:00,8200,8200,8200,8200,300
2026-03-12 14:52:00,8200,8200,8200,8200,14
2026-03-12 14:55:00,8200,8200,8200,8200,13
2026-03-12 14:56:00,8200,8200,8200,8200,3
2026-03-12 14:57:00,8200,8230,8200,8230,634
2026-03-12 14:59:00,8230,8230,8230,8230,20
2026-03-12 15:00:00,8230,8230,8230,8230,10
2026-03-12 15:01:00,8230,8230,8230,8230,12
2026-03-12 15:04:00,8230,8230,8230,8230,573
2026-03-12 15:05:00,8230,8230,8230,8230,214
2026-03-12 15:06:00,8230,8240,8230,8240,20
2026-03-12 15:07:00,8230,8230,8230,8230,704
2026-03-12 15:11:00,8230,8230,8230,8230,310
2026-03-12 15:12:00,8220,8220,8220,8220,11
2026-03-12 15:13:00,8220,8220,8200,8210,56
2026-03-12 15:14:00,8220,8230,8220,8230,396
2026-03-12 15:15:00,8230,8240,8230,8240,256
2026-03-12 15:16:00,8230,8230,8210,8210,33
2026-03-12 15:17:00,8240,8250,8240,8250,558
2026-03-12 15:18:00,8250,8250,8250,8250,9
2026-03-12 15:19:00,8240,8240,8230,8230,2
2026-03-12 15:30:00,8230,8230,8230,8230,437
2026-03-12 15:35:00,8230,8230,8230,8230,294
2026-03-13 09:00:00,8150,8150,8100,8100,390
2026-03-13 09:01:00,8100,8100,8030,8040,4515
2026-03-13 09:02:00,8030,8040,8010,8010,1035
2026-03-13 09:04:00,8030,8040,8030,8040,191
2026-03-13 09:05:00,8050,8100,8050,8050,55
2026-03-13 09:06:00,8070,8070,8060,8070,185
2026-03-13 09:07:00,8070,8080,8060,8060,351
2026-03-13 09:08:00,8060,8060,8040,8040,842
2026-03-13 09:10:00,8040,8040,8030,8030,782
2026-03-13 09:12:00,8040,8040,8020,8020,413
2026-03-13 09:13:00,8020,8020,8020,8020,230
2026-03-13 09:14:00,8040,8060,8040,8060,198
2026-03-13 09:15:00,8060,8060,8060,8060,100
2026-03-13 09:16:00,8070,8100,8060,8100,148
2026-03-13 09:17:00,8100,8100,8100,8100,2
2026-03-13 09:19:00,8120,8120,8120,8120,127
2026-03-13 09:20:00,8130,8130,8120,8120,121
2026-03-13 09:21:00,8120,8120,8090,8100,47
2026-03-13 09:22:00,8100,8100,8050,8050,848
2026-03-13 09:23:00,8050,8050,8040,8050,511
2026-03-13 09:24:00,8060,8080,8060,8080,13
2026-03-13 09:26:00,8100,8100,8100,8100,54
2026-03-13 09:27:00,8100,8100,8100,8100,300
2026-03-13 09:28:00,8100,8110,8100,8110,101
2026-03-13 09:29:00,8100,8100,8100,8100,43
2026-03-13 09:30:00,8100,8120,8090,8100,113
2026-03-13 09:31:00,8100,8160,8100,8120,1511
2026-03-13 09:33:00,8150,8150,8150,8150,20
2026-03-13 09:34:00,8160,8160,8150,8150,26
2026-03-13 09:35:00,8160,8160,8160,8160,1
2026-03-13 09:36:00,8150,8150,8140,8140,212
2026-03-13 09:37:00,8140,8140,8140,8140,33
2026-03-13 09:38:00,8130,8150,8130,8150,73
2026-03-13 09:40:00,8150,8150,8140,8140,33
2026-03-13 09:41:00,8140,8140,8120,8120,229
2026-03-13 09:42:00,8110,8110,8100,8100,111
2026-03-13 09:44:00,8110,8120,8100,8120,21
2026-03-13 09:45:00,8120,8170,8120,8170,131
2026-03-13 09:46:00,8150,8150,8150,8150,50
2026-03-13 09:47:00,8150,8150,8150,8150,10
2026-03-13 09:48:00,8150,8150,8150,8150,10
2026-03-13 09:51:00,8150,8150,8150,8150,1
2026-03-13 09:52:00,8140,8150,8130,8150,116
2026-03-13 09:53:00,8130,8130,8130,8130,100
2026-03-13 09:54:00,8130,8130,8130,8130,26
2026-03-13 09:55:00,8120,8120,8120,8120,4
2026-03-13 09:56:00,8120,8120,8120,8120,281
2026-03-13 09:57:00,8120,8120,8120,8120,6
2026-03-13 09:58:00,8140,8140,8140,8140,2
2026-03-13 09:59:00,8140,8140,8140,8140,10
2026-03-13 10:00:00,8140,8140,8130,8130,73
2026-03-13 10:01:00,8140,8140,8140,8140,8
2026-03-13 10:02:00,8140,8140,8140,8140,56
2026-03-13 10:03:00,8140,8170,8130,8130,765
2026-03-13 10:04:00,8140,8140,8130,8130,384
2026-03-13 10:05:00,8130,8130,8130,8130,22
2026-03-13 10:06:00,8130,8130,8130,8130,1
2026-03-13 10:07:00,8170,8210,8170,8210,607
2026-03-13 10:08:00,8200,8200,8200,8200,11
2026-03-13 10:09:00,8200,8200,8200,8200,4
2026-03-13 10:10:00,8160,8200,8160,8190,68
2026-03-13 10:12:00,8160,8160,8140,8140,15
2026-03-13 10:13:00,8150,8190,8140,8150,419
2026-03-13 10:16:00,8160,8160,8150,8150,160
2026-03-13 10:17:00,8180,8180,8170,8170,27
2026-03-13 10:19:00,8190,8250,8190,8250,1664
2026-03-13 10:20:00,8240,8260,8240,8260,1102
2026-03-13 10:21:00,8250,8250,8250,8250,31
2026-03-13 10:22:00,8250,8270,8250,8270,88
2026-03-13 10:23:00,8260,8260,8250,8250,312
2026-03-13 10:24:00,8250,8250,8240,8240,695
2026-03-13 10:25:00,8240,8240,8240,8240,10
2026-03-13 10:26:00,8240,8260,8240,8260,23
2026-03-13 10:27:00,8260,8280,8260,8280,403
2026-03-13 10:29:00,8260,8260,8260,8260,100
2026-03-13 10:30:00,8280,8280,8280,8280,87
2026-03-13 10:31:00,8290,8330,8290,8300,1890
2026-03-13 10:32:00,8320,8320,8260,8320,541
2026-03-13 10:34:00,8340,8340,8340,8340,1
2026-03-13 10:35:00,8330,8330,8330,8330,3
2026-03-13 10:36:00,8330,8330,8330,8330,4
2026-03-13 10:37:00,8300,8330,8300,8330,302
2026-03-13 10:38:00,8330,8370,8330,8350,686
2026-03-13 10:39:00,8340,8350,8330,8330,160
2026-03-13 10:40:00,8330,8340,8330,8340,211
2026-03-13 10:41:00,8340,8380,8340,8370,1259
2026-03-13 10:42:00,8370,8370,8350,8360,391
2026-03-13 10:43:00,8350,8360,8330,8350,1318
2026-03-13 10:44:00,8350,8360,8350,8360,277
2026-03-13 10:45:00,8360,8360,8340,8340,107
2026-03-13 10:46:00,8340,8350,8330,8340,294
2026-03-13 10:47:00,8340,8360,8340,8360,795
2026-03-13 10:48:00,8360,8360,8350,8360,819
2026-03-13 10:49:00,8340,8350,8340,8350,69
2026-03-13 10:50:00,8330,8360,8330,8360,2037
2026-03-13 10:51:00,8350,8380,8350,8350,1580
2026-03-13 10:52:00,8370,8400,8370,8380,3909
2026-03-13 10:53:00,8380,8380,8360,8380,373
2026-03-13 10:54:00,8370,8390,8370,8390,1551
2026-03-13 10:55:00,8390,8390,8390,8390,13
2026-03-13 10:56:00,8370,8370,8360,8360,49
2026-03-13 10:59:00,8360,8360,8360,8360,2
2026-03-13 11:00:00,8360,8360,8320,8320,628
2026-03-13 11:01:00,8320,8320,8320,8320,355
2026-03-13 11:02:00,8320,8330,8320,8330,10
2026-03-13 11:04:00,8330,8330,8330,8330,1
2026-03-13 11:05:00,8320,8330,8320,8330,24
2026-03-13 11:06:00,8330,8330,8320,8320,280
2026-03-13 11:07:00,8320,8320,8320,8320,5
2026-03-13 11:08:00,8330,8330,8330,8330,24
2026-03-13 11:09:00,8340,8360,8330,8350,133
2026-03-13 11:10:00,8340,8350,8340,8350,11
2026-03-13 11:11:00,8350,8350,8350,8350,16
2026-03-13 11:12:00,8340,8340,8340,8340,22
2026-03-13 11:13:00,8350,8350,8350,8350,11
2026-03-13 11:14:00,8350,8350,8340,8340,111
2026-03-13 11:15:00,8330,8330,8330,8330,100
2026-03-13 11:16:00,8340,8350,8330,8350,168
2026-03-13 11:17:00,8350,8350,8330,8350,106
2026-03-13 11:18:00,8350,8350,8340,8340,108
2026-03-13 11:19:00,8330,8340,8330,8340,91
2026-03-13 11:20:00,8330,8330,8320,8320,7
2026-03-13 11:21:00,8320,8330,8300,8330,1030
2026-03-13 11:24:00,8310,8310,8300,8300,300
2026-03-13 11:25:00,8300,8340,8300,8340,4452
2026-03-13 11:26:00,8340,8340,8340,8340,5
2026-03-13 11:27:00,8330,8340,8330,8340,200
2026-03-13 11:29:00,8340,8340,8340,8340,28
2026-03-13 11:30:00,8330,8330,8330,8330,7
2026-03-13 11:31:00,8320,8330,8320,8330,454
2026-03-13 11:32:00,8330,8360,8330,8360,205
2026-03-13 11:33:00,8360,8360,8330,8330,453
2026-03-13 11:35:00,8340,8360,8340,8360,93
2026-03-13 11:36:00,8360,8360,8360,8360,10
2026-03-13 11:37:00,8360,8360,8360,8360,71
2026-03-13 11:38:00,8360,8360,8360,8360,20
2026-03-13 11:39:00,8350,8350,8330,8330,542
2026-03-13 11:42:00,8320,8320,8310,8310,51
2026-03-13 11:43:00,8310,8310,8300,8310,96
2026-03-13 11:44:00,8310,8310,8310,8310,50
2026-03-13 11:45:00,8310,8310,8310,8310,207
2026-03-13 11:46:00,8310,8310,8310,8310,50
2026-03-13 11:48:00,8310,8340,8310,8340,516
2026-03-13 11:50:00,8340,8340,8310,8310,10
2026-03-13 11:51:00,8310,8310,8300,8300,222
2026-03-13 11:59:00,8340,8340,8340,8340,29
2026-03-13 12:01:00,8340,8340,8340,8340,10
2026-03-13 12:02:00,8340,8360,8340,8360,1050
2026-03-13 12:04:00,8360,8360,8350,8350,13
2026-03-13 12:05:00,8320,8320,8310,8310,53
2026-03-13 12:06:00,8300,8300,8290,8290,346
2026-03-13 12:07:00,8290,8290,8280,8280,649
2026-03-13 12:08:00,8310,8310,8310,8310,1
2026-03-13 12:09:00,8310,8310,8310,8310,161
2026-03-13 12:12:00,8320,8320,8310,8310,9
2026-03-13 12:15:00,8330,8330,8330,8330,4
2026-03-13 12:16:00,8310,8320,8310,8310,56
2026-03-13 12:17:00,8315,8330,8315,8330,100
2026-03-13 12:20:00,8300,8300,8290,8290,60
2026-03-13 12:21:00,8290,8290,8290,8290,14
2026-03-13 12:26:00,8290,8290,8290,8290,200
2026-03-13 12:27:00,8310,8310,8310,8310,20
2026-03-13 12:28:00,8290,8290,8250,8250,1000
2026-03-13 12:29:00,8320,8320,8260,8260,121
2026-03-13 12:30:00,8310,8310,8300,8300,101
2026-03-13 12:31:00,8290,8290,8280,8280,401
2026-03-13 12:32:00,8270,8270,8260,8260,894
2026-03-13 12:33:00,8260,8290,8250,8290,1013
2026-03-13 12:35:00,8290,8290,8290,8290,7
2026-03-13 12:37:00,8290,8290,8290,8290,1
2026-03-13 12:39:00,8260,8280,8260,8280,16
2026-03-13 12:42:00,8280,8280,8280,8280,5
2026-03-13 12:43:00,8270,8270,8270,8270,6
2026-03-13 12:44:00,8270,8270,8270,8270,1
2026-03-13 12:45:00,8270,8290,8270,8270,1547
2026-03-13 12:48:00,8310,8310,8310,8310,18
2026-03-13 12:49:00,8310,8310,8310,8310,334
2026-03-13 12:53:00,8310,8310,8310,8310,5
2026-03-13 12:54:00,8310,8310,8310,8310,42
2026-03-13 12:55:00,8300,8320,8220,8290,1992
2026-03-13 12:58:00,8290,8290,8290,8290,100
2026-03-13 12:59:00,8320,8320,8320,8320,15
2026-03-13 13:00:00,8320,8330,8300,8300,23
2026-03-13 13:02:00,8320,8320,8320,8320,101
2026-03-13 13:05:00,8320,8330,8320,8330,232
2026-03-13 13:06:00,8320,8320,8320,8320,9
2026-03-13 13:07:00,8310,8310,8310,8310,9
2026-03-13 13:08:00,8300,8310,8300,8310,103
2026-03-13 13:09:00,8300,8320,8290,8320,232
2026-03-13 13:13:00,8320,8320,8320,8320,1000
2026-03-13 13:14:00,8330,8330,8330,8330,10
2026-03-13 13:16:00,8330,8330,8280,8280,44
2026-03-13 13:18:00,8330,8330,8330,8330,31
2026-03-13 13:19:00,8330,8330,8330,8330,10
2026-03-13 13:21:00,8310,8310,8300,8300,435
2026-03-13 13:22:00,8290,8290,8280,8280,167
2026-03-13 13:24:00,8270,8270,8270,8270,5
2026-03-13 13:25:00,8270,8270,8260,8270,17
2026-03-13 13:27:00,8270,8270,8270,8270,20
2026-03-13 13:28:00,8270,8270,8270,8270,109
2026-03-13 13:30:00,8280,8280,8280,8280,1
2026-03-13 13:31:00,8280,8310,8270,8270,110
2026-03-13 13:32:00,8270,8270,8270,8270,100
2026-03-13 13:33:00,8260,8260,8250,8250,14
2026-03-13 13:34:00,8250,8260,8200,8250,8361
2026-03-13 13:35:00,8250,8250,8250,8250,1
2026-03-13 13:37:00,8200,8200,8200,8200,50
2026-03-13 13:38:00,8200,8200,8200,8200,6
2026-03-13 13:39:00,8200,8200,8200,8200,128
2026-03-13 13:40:00,8250,8250,8250,8250,144
2026-03-13 13:41:00,8250,8290,8250,8290,565
2026-03-13 13:46:00,8290,8290,8290,8290,215
2026-03-13 13:47:00,8290,8300,8290,8300,285
2026-03-13 13:48:00,8260,8260,8260,8260,2
2026-03-13 13:51:00,8310,8320,8300,8300,131
2026-03-13 13:52:00,8290,8290,8290,8290,12
2026-03-13 13:54:00,8290,8290,8280,8280,60
2026-03-13 13:55:00,8280,8290,8280,8290,355
2026-03-13 13:59:00,8300,8300,8300,8300,1
2026-03-13 14:02:00,8300,8300,8300,8300,1
2026-03-13 14:04:00,8300,8300,8300,8300,1
2026-03-13 14:07:00,8290,8290,8290,8290,171
2026-03-13 14:08:00,8290,8290,8290,8290,29
2026-03-13 14:10:00,8290,8300,8290,8300,159
2026-03-13 14:16:00,8300,8300,8300,8300,32
2026-03-13 14:20:00,8290,8290,8290,8290,8
2026-03-13 14:21:00,8300,8300,8300,8300,50
2026-03-13 14:22:00,8300,8300,8300,8300,5
2026-03-13 14:23:00,8310,8350,8310,8350,789
2026-03-13 14:24:00,8350,8350,8350,8350,265
2026-03-13 14:25:00,8350,8350,8340,8340,2
2026-03-13 14:27:00,8320,8320,8310,8320,241
2026-03-13 14:29:00,8340,8340,8340,8340,1
2026-03-13 14:30:00,8320,8320,8310,8310,108
2026-03-13 14:32:00,8310,8330,8310,8310,271
2026-03-13 14:33:00,8310,8310,8290,8300,394
2026-03-13 14:34:00,8330,8350,8330,8350,189
2026-03-13 14:35:00,8350,8350,8350,8350,10
2026-03-13 14:36:00,8350,8360,8320,8320,863
2026-03-13 14:38:00,8320,8320,8320,8320,5
2026-03-13 14:40:00,8350,8350,8330,8330,46
2026-03-13 14:41:00,8340,8350,8330,8350,10
2026-03-13 14:42:00,8350,8350,8350,8350,350
2026-03-13 14:43:00,8350,8350,8350,8350,1
2026-03-13 14:44:00,8350,8350,8350,8350,23
2026-03-13 14:46:00,8350,8350,8310,8310,344
2026-03-13 14:49:00,8340,8340,8340,8340,1
2026-03-13 14:51:00,8340,8340,8340,8340,2
2026-03-13 14:52:00,8340,8340,8340,8340,10
2026-03-13 14:53:00,8340,8340,8310,8310,62
2026-03-13 14:54:00,8310,8310,8310,8310,3
2026-03-13 14:56:00,8310,8310,8310,8310,23
2026-03-13 14:59:00,8310,8310,8310,8310,14
2026-03-13 15:01:00,8320,8340,8310,8340,10
2026-03-13 15:03:00,8320,8320,8300,8300,548
2026-03-13 15:04:00,8310,8330,8300,8300,826
2026-03-13 15:05:00,8300,8340,8300,8310,251
2026-03-13 15:07:00,8310,8310,8290,8300,563
2026-03-13 15:08:00,8300,8320,8300,8320,529
2026-03-13 15:09:00,8320,8320,8320,8320,10
2026-03-13 15:10:00,8320,8320,8300,8300,296
2026-03-13 15:12:00,8300,8330,8290,8330,996
2026-03-13 15:13:00,8330,8330,8330,8330,84
2026-03-13 15:15:00,8310,8330,8310,8330,6
2026-03-13 15:16:00,8290,8300,8290,8300,250
2026-03-13 15:17:00,8280,8280,8280,8280,11
2026-03-13 15:18:00,8280,8280,8280,8280,1
2026-03-13 15:19:00,8310,8310,8280,8310,556
2026-03-13 15:30:00,8350,8350,8350,8350,1854
2026-03-13 15:35:00,8350,8350,8350,8350,88
2026-03-16 09:00:00,8350,8350,8180,8180,2051
2026-03-16 09:01:00,8200,8230,8200,8230,1218
2026-03-16 09:02:00,8200,8210,8190,8190,557
2026-03-16 09:03:00,8190,8240,8190,8200,364
2026-03-16 09:05:00,8210,8210,8200,8210,451
2026-03-16 09:06:00,8260,8300,8220,8300,230
2026-03-16 09:07:00,8300,8300,8200,8200,1924
2026-03-16 09:08:00,8220,8220,8220,8220,1466
2026-03-16 09:09:00,8220,8230,8220,8230,17
2026-03-16 09:10:00,8230,8230,8220,8220,84
2026-03-16 09:11:00,8210,8230,8180,8220,2142
2026-03-16 09:12:00,8220,8220,8220,8220,5
2026-03-16 09:13:00,8230,8230,8110,8110,1512
2026-03-16 09:14:00,8180,8180,8130,8140,262
2026-03-16 09:15:00,8140,8140,8130,8130,1717
2026-03-16 09:16:00,8180,8220,8180,8220,652
2026-03-16 09:17:00,8270,8270,8270,8270,1
2026-03-16 09:18:00,8260,8270,8200,8270,353
2026-03-16 09:19:00,8270,8270,8270,8270,200
2026-03-16 09:20:00,8260,8275,8260,8270,206
2026-03-16 09:21:00,8220,8220,8190,8190,769
2026-03-16 09:22:00,8190,8190,8180,8180,500
2026-03-16 09:23:00,8170,8170,8160,8170,287
2026-03-16 09:24:00,8170,8170,8160,8160,713
2026-03-16 09:25:00,8160,8160,8160,8160,2
2026-03-16 09:26:00,8150,8160,8140,8140,617
2026-03-16 09:27:00,8160,8160,8160,8160,17
2026-03-16 09:28:00,8150,8150,8140,8140,101
2026-03-16 09:29:00,8140,8140,8130,8130,513
2026-03-16 09:30:00,8140,8150,8130,8130,241
2026-03-16 09:31:00,8150,8160,8150,8150,52
2026-03-16 09:32:00,8150,8150,8140,8140,13
2026-03-16 09:33:00,8140,8140,8140,8140,333
2026-03-16 09:34:00,8130,8160,8130,8160,34
2026-03-16 09:35:00,8160,8160,8160,8160,2
2026-03-16 09:36:00,8160,8160,8120,8120,818
2026-03-16 09:37:00,8150,8170,8150,8170,538
2026-03-16 09:38:00,8150,8170,8120,8120,365
2026-03-16 09:39:00,8170,8170,8130,8130,57
2026-03-16 09:40:00,8170,8170,8170,8170,1
2026-03-16 09:41:00,8160,8180,8160,8170,3093
2026-03-16 09:42:00,8170,8170,8170,8170,45
2026-03-16 09:43:00,8180,8185,8180,8185,139
2026-03-16 09:44:00,8190,8190,8160,8160,631
2026-03-16 09:45:00,8160,8160,8160,8160,148
2026-03-16 09:46:00,8160,8160,8150,8150,20
2026-03-16 09:47:00,8160,8160,8160,8160,60
2026-03-16 09:48:00,8160,8160,8160,8160,75
2026-03-16 09:50:00,8170,8180,8170,8180,245
2026-03-16 09:51:00,8180,8180,8160,8160,136
2026-03-16 09:52:00,8160,8160,8140,8150,312
2026-03-16 09:53:00,8150,8150,8150,8150,65
2026-03-16 09:54:00,8150,8155,8150,8150,50
2026-03-16 09:55:00,8150,8150,8150,8150,792
2026-03-16 09:58:00,8170,8170,8170,8170,21
2026-03-16 09:59:00,8170,8200,8170,8200,33
2026-03-16 10:00:00,8180,8180,8170,8170,107
2026-03-16 10:01:00,8160,8160,8150,8150,623
2026-03-16 10:02:00,8140,8140,8140,8140,100
2026-03-16 10:03:00,8150,8150,8150,8150,60
2026-03-16 10:04:00,8140,8140,8140,8140,389
2026-03-16 10:05:00,8140,8140,8140,8140,11
2026-03-16 10:06:00,8140,8140,8140,8140,30
2026-03-16 10:07:00,8140,8140,8140,8140,219
2026-03-16 10:08:00,8140,8150,8140,8150,186
2026-03-16 10:09:00,8150,8190,8150,8190,85
2026-03-16 10:10:00,8170,8190,8150,8150,73
2026-03-16 10:11:00,8170,8170,8170,8170,4
2026-03-16 10:13:00,8150,8150,8150,8150,308
2026-03-16 10:14:00,8140,8180,8140,8180,424
2026-03-16 10:15:00,8140,8140,8130,8130,223
2026-03-16 10:16:00,8140,8140,8140,8140,9
2026-03-16 10:17:00,8140,8140,8140,8140,221
2026-03-16 10:18:00,8140,8140,8140,8140,110
2026-03-16 10:19:00,8140,8140,8120,8120,1481
2026-03-16 10:20:00,8120,8125,8120,8125,65
2026-03-16 10:22:00,8125,8125,8125,8125,2
2026-03-16 10:25:00,8125,8130,8125,8130,60
2026-03-16 10:26:00,8120,8130,8110,8130,1621
2026-03-16 10:27:00,8120,8120,8100,8110,4871
2026-03-16 10:28:00,8140,8140,8140,8140,7
2026-03-16 10:29:00,8110,8140,8110,8140,18
2026-03-16 10:30:00,8110,8110,8110,8110,197
2026-03-16 10:31:00,8100,8100,8100,8100,1
2026-03-16 10:32:00,8100,8110,8100,8110,795
2026-03-16 10:33:00,8100,8100,8090,8100,221
2026-03-16 10:34:00,8110,8110,8100,8100,31
2026-03-16 10:35:00,8100,8110,8100,8100,500
2026-03-16 10:37:00,8100,8110,8100,8110,156
2026-03-16 10:38:00,8110,8120,8110,8120,2
2026-03-16 10:39:00,8120,8120,8120,8120,57
2026-03-16 10:40:00,8110,8110,8110,8110,4
2026-03-16 10:41:00,8100,8100,8090,8100,826
2026-03-16 10:42:00,8090,8100,8090,8100,58
2026-03-16 10:43:00,8100,8100,8080,8080,603
2026-03-16 10:44:00,8090,8100,8090,8090,331
2026-03-16 10:45:00,8090,8090,8090,8090,1
2026-03-16 10:46:00,8100,8100,8090,8090,119
2026-03-16 10:47:00,8100,8100,8080,8080,263
2026-03-16 10:49:00,8100,8110,8100,8110,544
2026-03-16 10:50:00,8100,8100,8080,8080,45
2026-03-16 10:52:00,8120,8120,8090,8120,26
2026-03-16 10:54:00,8100,8140,8100,8140,183
2026-03-16 10:55:00,8140,8140,8140,8140,12
2026-03-16 10:58:00,8140,8140,8140,8140,3
2026-03-16 11:00:00,8130,8130,8130,8130,12
2026-03-16 11:01:00,8130,8130,8130,8130,20
2026-03-16 11:02:00,8120,8120,8120,8120,44
2026-03-16 11:05:00,8120,8120,8100,8110,359
2026-03-16 11:06:00,8100,8100,8100,8100,140
2026-03-16 11:08:00,8110,8130,8110,8130,120
2026-03-16 11:09:00,8130,8130,8130,8130,30
2026-03-16 11:13:00,8110,8110,8110,8110,1
2026-03-16 11:14:00,8130,8130,8130,8130,3
2026-03-16 11:15:00,8110,8110,8090,8090,713
2026-03-16 11:16:00,8100,8100,8100,8100,1
2026-03-16 11:17:00,8110,8110,8100,8100,71
2026-03-16 11:18:00,8100,8100,8100,8100,1
2026-03-16 11:19:00,8100,8100,8100,8100,253
2026-03-16 11:20:00,8100,8100,8100,8100,12
2026-03-16 11:21:00,8100,8100,8080,8080,1362
2026-03-16 11:22:00,8090,8090,8090,8090,600
2026-03-16 11:23:00,8100,8100,8100,8100,10
2026-03-16 11:24:00,8100,8100,8100,8100,10
2026-03-16 11:25:00,8100,8100,8090,8090,12
2026-03-16 11:26:00,8090,8090,8090,8090,8
2026-03-16 11:27:00,8090,8090,8090,8090,13
2026-03-16 11:28:00,8090,8090,8090,8090,10
2026-03-16 11:29:00,8100,8100,8100,8100,467
2026-03-16 11:31:00,8100,8100,8090,8090,18
2026-03-16 11:36:00,8100,8100,8080,8090,209
2026-03-16 11:37:00,8100,8100,8100,8100,10
2026-03-16 11:38:00,8080,8080,8080,8080,542
2026-03-16 11:39:00,8080,8100,8080,8080,441
2026-03-16 11:40:00,8130,8130,8080,8130,412
2026-03-16 11:41:00,8130,8130,8130,8130,2
2026-03-16 11:43:00,8130,8130,8130,8130,8
2026-03-16 11:44:00,8130,8130,8130,8130,200
2026-03-16 11:47:00,8130,8130,8070,8080,583
2026-03-16 11:53:00,8110,8110,8090,8090,21
2026-03-16 11:54:00,8090,8090,8090,8090,150
2026-03-16 11:58:00,8090,8090,8090,8090,112
2026-03-16 11:59:00,8130,8130,8130,8130,18
2026-03-16 12:01:00,8100,8100,8100,8100,1082
2026-03-16 12:02:00,8130,8130,8130,8130,15
2026-03-16 12:03:00,8130,8130,8130,8130,1
2026-03-16 12:04:00,8130,8130,8130,8130,5
2026-03-16 12:05:00,8130,8130,8130,8130,106
2026-03-16 12:06:00,8110,8140,8100,8110,220
2026-03-16 12:08:00,8100,8100,8100,8100,100
2026-03-16 12:10:00,8100,8100,8100,8100,14
2026-03-16 12:14:00,8100,8140,8100,8100,676
2026-03-16 12:20:00,8100,8130,8090,8090,718
2026-03-16 12:23:00,8130,8130,8130,8130,2
2026-03-16 12:24:00,8130,8130,8130,8130,4
2026-03-16 12:25:00,8130,8130,8130,8130,30
2026-03-16 12:26:00,8100,8100,8100,8100,3
2026-03-16 12:30:00,8130,8130,8130,8130,10
2026-03-16 12:32:00,8130,8130,8130,8130,40
2026-03-16 12:34:00,8130,8130,8130,8130,5
2026-03-16 12:35:00,8130,8140,8100,8140,680
2026-03-16 12:36:00,8150,8150,8110,8110,10
2026-03-16 12:38:00,8150,8150,8150,8150,10
2026-03-16 12:39:00,8140,8140,8140,8140,4
2026-03-16 12:40:00,8140,8140,8140,8140,17
2026-03-16 12:41:00,8130,8130,8130,8130,275
2026-03-16 12:42:00,8130,8140,8130,8140,486
2026-03-16 12:45:00,8150,8150,8150,8150,238
2026-03-16 12:46:00,8170,8180,8170,8180,357
2026-03-16 12:47:00,8180,8180,8180,8180,1
2026-03-16 12:48:00,8180,8180,8180,8180,100
2026-03-16 12:49:00,8170,8170,8170,8170,22
2026-03-16 12:50:00,8150,8200,8130,8200,166
2026-03-16 12:52:00,8200,8200,8200,8200,100
2026-03-16 12:53:00,8200,8200,8200,8200,1
2026-03-16 12:54:00,8190,8190,8190,8190,105
2026-03-16 12:55:00,8180,8180,8150,8150,167
2026-03-16 12:57:00,8200,8200,8140,8140,105
2026-03-16 12:58:00,8140,8140,8140,8140,85
2026-03-16 13:02:00,8140,8140,8140,8140,3
2026-03-16 13:05:00,8180,8180,8180,8180,1
2026-03-16 13:06:00,8160,8160,8160,8160,9
2026-03-16 13:07:00,8150,8180,8150,8180,4
2026-03-16 13:08:00,8160,8160,8130,8130,2250
2026-03-16 13:10:00,8130,8130,8125,8130,216
2026-03-16 13:11:00,8130,8180,8120,8120,1022
2026-03-16 13:16:00,8120,8140,8120,8140,273
2026-03-16 13:18:00,8140,8140,8120,8120,13
2026-03-16 13:22:00,8160,8160,8160,8160,15
2026-03-16 13:24:00,8130,8160,8120,8160,83
2026-03-16 13:26:00,8160,8160,8160,8160,2
2026-03-16 13:27:00,8160,8160,8160,8160,20
2026-03-16 13:28:00,8160,8160,8160,8160,10
2026-03-16 13:29:00,8120,8160,8120,8160,215
2026-03-16 13:30:00,8160,8160,8160,8160,6
2026-03-16 13:31:00,8110,8110,8090,8100,2208
2026-03-16 13:34:00,8110,8110,8110,8110,13
2026-03-16 13:35:00,8110,8110,8110,8110,114
2026-03-16 13:36:00,8110,8110,8110,8110,20
2026-03-16 13:37:00,8100,8100,8100,8100,159
2026-03-16 13:38:00,8100,8100,8100,8100,10
2026-03-16 13:39:00,8100,8100,8100,8100,1
2026-03-16 13:40:00,8100,8100,8100,8100,13
2026-03-16 13:41:00,8090,8090,8090,8090,203
2026-03-16 13:42:00,8100,8100,8100,8100,10
2026-03-16 13:43:00,8090,8090,8090,8090,2
2026-03-16 13:44:00,8100,8100,8100,8100,30
2026-03-16 13:45:00,8100,8100,8090,8090,1063
2026-03-16 13:46:00,8100,8100,8100,8100,147
2026-03-16 13:47:00,8100,8100,8100,8100,50
2026-03-16 13:48:00,8100,8100,8090,8090,95
2026-03-16 13:50:00,8100,8100,8100,8100,5
2026-03-16 13:51:00,8120,8120,8120,8120,1
2026-03-16 13:52:00,8120,8120,8120,8120,1
2026-03-16 13:53:00,8120,8120,8120,8120,6
2026-03-16 13:54:00,8120,8120,8120,8120,24
2026-03-16 13:55:00,8120,8120,8120,8120,136
2026-03-16 13:56:00,8100,8100,8100,8100,100
2026-03-16 13:58:00,8100,8100,8100,8100,2
2026-03-16 13:59:00,8100,8100,8100,8100,10
2026-03-16 14:00:00,8100,8100,8100,8100,1
2026-03-16 14:01:00,8100,8110,8090,8110,112
2026-03-16 14:03:00,8100,8100,8100,8100,5
2026-03-16 14:06:00,8100,8100,8090,8090,81
2026-03-16 14:07:00,8110,8110,8110,8110,3
2026-03-16 14:09:00,8100,8100,8100,8100,12
2026-03-16 14:10:00,8110,8110,8110,8110,1
2026-03-16 14:12:00,8110,8110,8110,8110,357
2026-03-16 14:13:00,8100,8120,8100,8120,26
2026-03-16 14:19:00,8120,8120,8120,8120,60
2026-03-16 14:20:00,8120,8120,8120,8120,1
2026-03-16 14:22:00,8100,8100,8090,8090,1516
2026-03-16 14:23:00,8120,8120,8090,8090,43
2026-03-16 14:24:00,8100,8100,8090,8090,218
2026-03-16 14:28:00,8100,8100,8100,8100,125
2026-03-16 14:30:00,8100,8100,8100,8100,2
2026-03-16 14:31:00,8100,8100,8100,8100,1
2026-03-16 14:34:00,8100,8100,8100,8100,55
2026-03-16 14:35:00,8100,8100,8100,8100,10
2026-03-16 14:36:00,8100,8100,8100,8100,245
2026-03-16 14:37:00,8100,8100,8100,8100,201
2026-03-16 14:38:00,8100,8100,8100,8100,10
2026-03-16 14:39:00,8100,8100,8100,8100,111
2026-03-16 14:40:00,8100,8100,8100,8100,10
2026-03-16 14:41:00,8090,8110,8090,8110,643
2026-03-16 14:42:00,8100,8100,8100,8100,9
2026-03-16 14:43:00,8100,8100,8090,8090,768
2026-03-16 14:44:00,8100,8100,8100,8100,122
2026-03-16 14:45:00,8100,8100,8100,8100,200
2026-03-16 14:47:00,8090,8090,8070,8070,4431
2026-03-16 14:48:00,8080,8080,8080,8080,193
2026-03-16 14:49:00,8100,8100,8100,8100,31
2026-03-16 14:50:00,8080,8080,8080,8080,724
2026-03-16 14:51:00,8080,8080,8080,8080,102
2026-03-16 14:52:00,8080,8080,8070,8080,32
2026-03-16 14:53:00,8080,8080,8070,8080,81
2026-03-16 14:54:00,8080,8080,8080,8080,62
2026-03-16 14:56:00,8080,8080,8080,8080,28
2026-03-16 14:57:00,8080,8080,8080,8080,20
2026-03-16 14:58:00,8090,8090,8090,8090,153
2026-03-16 15:02:00,8095,8100,8090,8100,1363
2026-03-16 15:05:00,8100,8100,8100,8100,2
2026-03-16 15:06:00,8100,8100,8070,8070,376
2026-03-16 15:07:00,8070,8070,8070,8070,5
2026-03-16 15:08:00,8100,8100,8100,8100,1
2026-03-16 15:09:00,8080,8080,8080,8080,1
2026-03-16 15:11:00,8080,8100,8080,8100,31
2026-03-16 15:12:00,8090,8090,8090,8090,500
2026-03-16 15:13:00,8090,8100,8090,8090,710
2026-03-16 15:14:00,8090,8100,8090,8090,667
2026-03-16 15:15:00,8090,8090,8090,8090,103
2026-03-16 15:16:00,8090,8110,8090,8110,2514
2026-03-16 15:17:00,8110,8110,8110,8110,270
2026-03-16 15:18:00,8110,8110,8100,8100,70
2026-03-16 15:19:00,8110,8110,8090,8110,230
2026-03-16 15:30:00,8100,8100,8100,8100,786
2026-03-16 15:35:00,8100,8100,8100,8100,41
2026-03-17 09:00:00,8110,8210,8100,8170,2524
2026-03-17 09:01:00,8190,8190,8100,8110,1657
2026-03-17 09:02:00,8100,8150,8100,8150,2870
2026-03-17 09:03:00,8140,8140,8140,8140,1
2026-03-17 09:04:00,8150,8160,8150,8160,4
2026-03-17 09:05:00,8140,8140,8140,8140,62
2026-03-17 09:06:00,8130,8140,8110,8130,914
2026-03-17 09:07:00,8130,8130,8130,8130,6
2026-03-17 09:08:00,8120,8120,8100,8100,1157
2026-03-17 09:09:00,8120,8120,8120,8120,116
2026-03-17 09:10:00,8120,8130,8120,8130,1109
2026-03-17 09:13:00,8140,8150,8140,8150,549
2026-03-17 09:14:00,8150,8160,8150,8160,475
2026-03-17 09:15:00,8170,8170,8170,8170,33
2026-03-17 09:16:00,8170,8170,8160,8160,122
2026-03-17 09:17:00,8160,8160,8160,8160,11
2026-03-17 09:18:00,8160,8160,8160,8160,94
2026-03-17 09:19:00,8150,8150,8140,8140,557
2026-03-17 09:20:00,8150,8160,8140,8160,695
2026-03-17 09:21:00,8160,8160,8150,8150,48
2026-03-17 09:22:00,8160,8190,8160,8190,1250
2026-03-17 09:23:00,8190,8260,8180,8180,1185
2026-03-17 09:24:00,8170,8200,8170,8200,3
2026-03-17 09:25:00,8200,8200,8180,8190,99
2026-03-17 09:26:00,8190,8190,8190,8190,10
2026-03-17 09:27:00,8180,8190,8180,8190,198
2026-03-17 09:28:00,8190,8190,8190,8190,4
2026-03-17 09:29:00,8170,8170,8140,8140,1025
2026-03-17 09:30:00,8180,8220,8180,8220,187
2026-03-17 09:31:00,8210,8220,8210,8220,69
2026-03-17 09:32:00,8210,8220,8210,8210,92
2026-03-17 09:33:00,8210,8220,8200,8220,173
2026-03-17 09:34:00,8210,8210,8210,8210,4
2026-03-17 09:35:00,8210,8220,8210,8220,103
2026-03-17 09:36:00,8220,8220,8200,8210,191
2026-03-17 09:37:00,8210,8220,8210,8220,944
2026-03-17 09:38:00,8220,8240,8210,8240,4408
2026-03-17 09:39:00,8250,8250,8220,8230,565
2026-03-17 09:40:00,8230,8240,8225,8230,781
2026-03-17 09:42:00,8230,8230,8230,8230,60
2026-03-17 09:43:00,8220,8230,8210,8230,34
2026-03-17 09:44:00,8230,8230,8210,8230,257
2026-03-17 09:45:00,8210,8210,8200,8200,96
2026-03-17 09:46:00,8210,8210,8200,8200,110
2026-03-17 09:47:00,8200,8210,8200,8210,129
2026-03-17 09:48:00,8210,8210,8210,8210,50
2026-03-17 09:51:00,8210,8210,8200,8200,777
2026-03-17 09:52:00,8200,8230,8200,8230,91
2026-03-17 09:53:00,8230,8230,8210,8210,32
2026-03-17 09:54:00,8190,8230,8190,8200,64
2026-03-17 09:55:00,8200,8220,8200,8220,58
2026-03-17 09:56:00,8220,8220,8220,8220,163
2026-03-17 09:57:00,8220,8220,8210,8220,211
2026-03-17 09:58:00,8220,8220,8210,8220,57
2026-03-17 09:59:00,8220,8220,8220,8220,87
2026-03-17 10:00:00,8220,8220,8210,8210,19
2026-03-17 10:01:00,8210,8210,8190,8190,32
2026-03-17 10:02:00,8200,8200,8200,8200,1
2026-03-17 10:03:00,8200,8200,8200,8200,13
2026-03-17 10:04:00,8200,8200,8200,8200,11
2026-03-17 10:05:00,8190,8190,8190,8190,190
2026-03-17 10:06:00,8190,8200,8190,8200,509
2026-03-17 10:07:00,8210,8220,8210,8220,491
2026-03-17 10:08:00,8220,8220,8220,8220,10
2026-03-17 10:09:00,8220,8220,8220,8220,2
2026-03-17 10:10:00,8220,8220,8220,8220,1
2026-03-17 10:11:00,8200,8200,8200,8200,80
2026-03-17 10:12:00,8210,8210,8200,8200,405
2026-03-17 10:15:00,8220,8220,8220,8220,1
2026-03-17 10:16:00,8220,8230,8220,8230,602
2026-03-17 10:17:00,8220,8220,8220,8220,829
2026-03-17 10:20:00,8220,8220,8220,8220,2
2026-03-17 10:21:00,8220,8220,8210,8210,2
2026-03-17 10:22:00,8210,8210,8210,8210,46
2026-03-17 10:23:00,8210,8210,8210,8210,67
2026-03-17 10:24:00,8220,8220,8220,8220,119
2026-03-17 10:25:00,8210,8210,8210,8210,50
2026-03-17 10:26:00,8210,8210,8210,8210,20
2026-03-17 10:27:00,8210,8210,8210,8210,127
2026-03-17 10:28:00,8220,8220,8200,8200,213
2026-03-17 10:30:00,8200,8200,8190,8190,595
2026-03-17 10:31:00,8190,8190,8190,8190,51
2026-03-17 10:32:00,8190,8190,8190,8190,5
2026-03-17 10:33:00,8190,8190,8190,8190,43
2026-03-17 10:34:00,8200,8200,8200,8200,1
2026-03-17 10:35:00,8200,8230,8200,8230,60
2026-03-17 10:36:00,8220,8220,8220,8220,2
2026-03-17 10:37:00,8220,8230,8200,8230,237
2026-03-17 10:38:00,8200,8200,8200,8200,6
2026-03-17 10:40:00,8200,8230,8200,8230,64
2026-03-17 10:41:00,8230,8230,8230,8230,4
2026-03-17 10:43:00,8230,8230,8230,8230,22
2026-03-17 10:44:00,8230,8230,8230,8230,1
2026-03-17 10:46:00,8200,8200,8200,8200,167
2026-03-17 10:47:00,8190,8210,8190,8210,418
2026-03-17 10:48:00,8210,8210,8210,8210,6
2026-03-17 10:50:00,8200,8200,8200,8200,1
2026-03-17 10:52:00,8210,8210,8210,8210,118
2026-03-17 10:53:00,8200,8200,8200,8200,6
2026-03-17 10:55:00,8210,8210,8210,8210,13
2026-03-17 10:56:00,8210,8220,8200,8200,261
2026-03-17 10:57:00,8200,8200,8190,8190,110
2026-03-17 10:58:00,8220,8220,8220,8220,10
2026-03-17 10:59:00,8220,8220,8200,8200,60
2026-03-17 11:00:00,8220,8220,8210,8210,2
2026-03-17 11:01:00,8220,8220,8220,8220,5
2026-03-17 11:02:00,8220,8220,8220,8220,7
2026-03-17 11:03:00,8220,8220,8220,8220,1
2026-03-17 11:05:00,8220,8220,8220,8220,101
2026-03-17 11:07:00,8200,8220,8200,8220,27
2026-03-17 11:09:00,8220,8220,8220,8220,2
2026-03-17 11:10:00,8220,8220,8200,8220,517
2026-03-17 11:11:00,8220,8220,8220,8220,2
2026-03-17 11:12:00,8220,8220,8220,8220,3
2026-03-17 11:15:00,8220,8220,8220,8220,19
2026-03-17 11:16:00,8220,8220,8190,8190,119
2026-03-17 11:17:00,8210,8210,8210,8210,32
2026-03-17 11:18:00,8205,8205,8205,8205,6
2026-03-17 11:21:00,8205,8205,8200,8200,111
2026-03-17 11:22:00,8205,8210,8205,8210,181
2026-03-17 11:23:00,8200,8200,8200,8200,2
2026-03-17 11:25:00,8210,8230,8200,8200,1609
2026-03-17 11:26:00,8230,8240,8200,8200,554
2026-03-17 11:28:00,8200,8200,8200,8200,216
2026-03-17 11:29:00,8200,8200,8200,8200,31
2026-03-17 11:30:00,8230,8240,8230,8240,49
2026-03-17 11:31:00,8240,8240,8240,8240,323
2026-03-17 11:32:00,8240,8240,8240,8240,20
2026-03-17 11:33:00,8230,8230,8210,8210,14
2026-03-17 11:35:00,8220,8230,8210,8210,251
2026-03-17 11:36:00,8220,8220,8210,8210,230
2026-03-17 11:37:00,8210,8210,8210,8210,58
2026-03-17 11:38:00,8210,8210,8200,8210,50
2026-03-17 11:39:00,8220,8220,8220,8220,19
2026-03-17 11:40:00,8220,8230,8210,8210,1794
2026-03-17 11:41:00,8210,8240,8210,8240,16
2026-03-17 11:42:00,8240,8240,8240,8240,150
2026-03-17 11:43:00,8240,8240,8230,8240,207
2026-03-17 11:44:00,8240,8240,8240,8240,1
2026-03-17 11:45:00,8240,8240,8240,8240,1
2026-03-17 11:48:00,8230,8240,8225,8240,104
2026-03-17 11:51:00,8240,8240,8240,8240,18
2026-03-17 11:54:00,8240,8240,8220,8230,130
2026-03-17 11:55:00,8220,8240,8220,8240,45
2026-03-17 11:56:00,8240,8240,8230,8230,267
2026-03-17 11:57:00,8240,8240,8240,8240,17
2026-03-17 11:58:00,8240,8240,8240,8240,14
2026-03-17 11:59:00,8240,8240,8240,8240,19
2026-03-17 12:01:00,8240,8240,8240,8240,22
2026-03-17 12:02:00,8220,8220,8220,8220,1
2026-03-17 12:05:00,8230,8230,8230,8230,1
2026-03-17 12:06:00,8220,8220,8210,8210,229
2026-03-17 12:07:00,8230,8260,8230,8260,3074
2026-03-17 12:09:00,8250,8250,8250,8250,225
2026-03-17 12:10:00,8260,8260,8250,8260,172
2026-03-17 12:11:00,8260,8280,8260,8280,1116
2026-03-17 12:12:00,8280,8280,8250,8280,237
2026-03-17 12:13:00,8270,8270,8270,8270,34
2026-03-17 12:14:00,8270,8270,8270,8270,1
2026-03-17 12:15:00,8270,8280,8270,8280,337
2026-03-17 12:17:00,8280,8280,8280,8280,1
2026-03-17 12:18:00,8280,8280,8280,8280,477
2026-03-17 12:19:00,8280,8290,8280,8290,92
2026-03-17 12:20:00,8280,8280,8280,8280,12
2026-03-17 12:22:00,8275,8275,8270,8270,11
2026-03-17 12:23:00,8270,8270,8270,8270,71
2026-03-17 12:24:00,8270,8270,8270,8270,4
2026-03-17 12:25:00,8260,8265,8250,8265,617
2026-03-17 12:27:00,8260,8270,8260,8270,2
2026-03-17 12:29:00,8270,8270,8230,8230,22
2026-03-17 12:30:00,8270,8270,8270,8270,1
2026-03-17 12:31:00,8270,8270,8270,8270,1
2026-03-17 12:33:00,8270,8270,8270,8270,1
2026-03-17 12:34:00,8260,8270,8260,8270,17
2026-03-17 12:36:00,8270,8270,8230,8230,21
2026-03-17 12:37:00,8270,8270,8270,8270,1
2026-03-17 12:39:00,8250,8250,8250,8250,40
2026-03-17 12:43:00,8250,8250,8230,8240,327
2026-03-17 12:46:00,8240,8240,8240,8240,112
2026-03-17 12:48:00,8250,8250,8240,8240,226
2026-03-17 12:54:00,8240,8250,8230,8250,157
2026-03-17 12:55:00,8250,8250,8250,8250,87
2026-03-17 12:56:00,8250,8250,8250,8250,1
2026-03-17 12:57:00,8250,8250,8250,8250,64
2026-03-17 13:00:00,8260,8270,8260,8270,403
2026-03-17 13:01:00,8270,8270,8270,8270,10
2026-03-17 13:02:00,8270,8270,8270,8270,2
2026-03-17 13:03:00,8270,8270,8270,8270,500
2026-03-17 13:04:00,8270,8290,8270,8290,656
2026-03-17 13:05:00,8290,8290,8280,8280,4
2026-03-17 13:07:00,8270,8270,8260,8260,250
2026-03-17 13:08:00,8250,8260,8250,8260,188
2026-03-17 13:11:00,8250,8280,8250,8280,104
2026-03-17 13:13:00,8280,8280,8280,8280,8
2026-03-17 13:15:00,8270,8270,8270,8270,75
2026-03-17 13:18:00,8290,8290,8290,8290,1
2026-03-17 13:19:00,8270,8290,8270,8290,3
2026-03-17 13:20:00,8280,8290,8280,8290,12
2026-03-17 13:21:00,8280,8280,8270,8270,5
2026-03-17 13:23:00,8270,8270,8270,8270,1
2026-03-17 13:24:00,8270,8290,8270,8290,153
2026-03-17 13:26:00,8280,8280,8280,8280,5
2026-03-17 13:27:00,8270,8270,8270,8270,103
2026-03-17 13:28:00,8260,8260,8250,8250,115
2026-03-17 13:29:00,8250,8250,8250,8250,598
2026-03-17 13:30:00,8250,8250,8250,8250,19
2026-03-17 13:35:00,8270,8270,8270,8270,5
2026-03-17 13:39:00,8270,8270,8270,8270,43
2026-03-17 13:40:00,8270,8270,8260,8260,317
2026-03-17 13:41:00,8270,8290,8260,8290,147
2026-03-17 13:42:00,8290,8290,8290,8290,2
2026-03-17 13:43:00,8290,8290,8290,8290,2
2026-03-17 13:44:00,8280,8280,8270,8270,31
2026-03-17 13:45:00,8290,8290,8280,8280,26
2026-03-17 13:47:00,8290,8290,8280,8280,421
2026-03-17 13:49:00,8280,8280,8270,8270,497
2026-03-17 13:50:00,8270,8300,8270,8300,11
2026-03-17 13:51:00,8290,8300,8290,8300,155
2026-03-17 13:52:00,8290,8300,8290,8300,7
2026-03-17 13:53:00,8300,8300,8300,8300,100
2026-03-17 13:54:00,8280,8280,8280,8280,7
2026-03-17 13:56:00,8300,8300,8280,8290,1640
2026-03-17 13:57:00,8300,8300,8300,8300,1146
2026-03-17 13:58:00,8290,8290,8290,8290,50
2026-03-17 13:59:00,8290,8290,8290,8290,100
2026-03-17 14:02:00,8300,8300,8290,8290,351
2026-03-17 14:03:00,8280,8300,8280,8300,1384
2026-03-17 14:04:00,8310,8310,8310,8310,128
2026-03-17 14:05:00,8310,8310,8300,8310,182
2026-03-17 14:06:00,8310,8310,8310,8310,10
2026-03-17 14:07:00,8320,8330,8320,8330,3
2026-03-17 14:08:00,8330,8330,8320,8320,246
2026-03-17 14:11:00,8315,8315,8310,8310,101
2026-03-17 14:12:00,8310,8310,8310,8310,10
2026-03-17 14:13:00,8310,8320,8310,8320,140
2026-03-17 14:14:00,8320,8320,8320,8320,100
2026-03-17 14:17:00,8320,8320,8320,8320,100
2026-03-17 14:18:00,8320,8320,8320,8320,41
2026-03-17 14:20:00,8310,8330,8310,8330,435
2026-03-17 14:21:00,8330,8330,8330,8330,1
2026-03-17 14:22:00,8320,8330,8320,8330,424
2026-03-17 14:25:00,8330,8340,8330,8340,575
2026-03-17 14:26:00,8340,8340,8340,8340,1720
2026-03-17 14:28:00,8340,8340,8340,8340,10
2026-03-17 14:30:00,8330,8330,8330,8330,2
2026-03-17 14:31:00,8330,8330,8330,8330,4
2026-03-17 14:32:00,8325,8325,8320,8320,459
2026-03-17 14:33:00,8320,8320,8310,8310,3
2026-03-17 14:34:00,8310,8320,8310,8320,156
2026-03-17 14:35:00,8310,8320,8310,8320,413
2026-03-17 14:36:00,8330,8330,8320,8320,71
2026-03-17 14:37:00,8320,8330,8320,8320,239
2026-03-17 14:38:00,8320,8320,8320,8320,13
2026-03-17 14:39:00,8320,8320,8310,8320,121
2026-03-17 14:40:00,8310,8320,8310,8320,22
2026-03-17 14:41:00,8320,8320,8320,8320,10
2026-03-17 14:42:00,8320,8320,8320,8320,10
2026-03-17 14:44:00,8320,8320,8320,8320,8
2026-03-17 14:46:00,8320,8320,8320,8320,3
2026-03-17 14:48:00,8320,8320,8320,8320,200
2026-03-17 14:49:00,8320,8320,8320,8320,22
2026-03-17 14:50:00,8320,8320,8320,8320,410
2026-03-17 14:51:00,8310,8310,8300,8300,1595
2026-03-17 14:52:00,8290,8290,8290,8290,3
2026-03-17 14:54:00,8290,8290,8280,8280,47
2026-03-17 14:55:00,8290,8300,8290,8300,20
2026-03-17 14:56:00,8290,8290,8290,8290,126
2026-03-17 14:57:00,8290,8290,8280,8280,5
2026-03-17 14:58:00,8280,8280,8280,8280,697
2026-03-17 14:59:00,8280,8290,8270,8290,593
2026-03-17 15:02:00,8290,8290,8280,8280,82
2026-03-17 15:03:00,8280,8290,8280,8290,251
2026-03-17 15:04:00,8290,8290,8280,8290,544
2026-03-17 15:05:00,8280,8290,8280,8290,150
2026-03-17 15:06:00,8290,8290,8290,8290,145
2026-03-17 15:07:00,8270,8290,8260,8290,1420
2026-03-17 15:08:00,8290,8290,8290,8290,273
2026-03-17 15:09:00,8290,8300,8280,8300,278
2026-03-17 15:11:00,8270,8280,8270,8280,119
2026-03-17 15:12:00,8280,8280,8250,8250,252
2026-03-17 15:13:00,8250,8250,8250,8250,37
2026-03-17 15:14:00,8250,8280,8230,8250,1128
2026-03-17 15:15:00,8250,8250,8250,8250,57
2026-03-17 15:16:00,8250,8250,8240,8240,42
2026-03-17 15:17:00,8250,8250,8250,8250,67
2026-03-17 15:18:00,8250,8270,8250,8270,38
2026-03-17 15:19:00,8250,8290,8250,8290,859
2026-03-17 15:30:00,8290,8290,8290,8290,1185
2026-03-17 15:35:00,8290,8290,8290,8290,99
2026-03-18 09:00:00,8250,8290,8250,8290,1756
2026-03-18 09:01:00,8290,8360,8290,8360,139
2026-03-18 09:02:00,8350,8350,8340,8350,141
2026-03-18 09:03:00,8350,8350,8350,8350,1
2026-03-18 09:04:00,8350,8350,8340,8350,605
2026-03-18 09:05:00,8350,8350,8350,8350,1
2026-03-18 09:06:00,8350,8350,8340,8350,103
2026-03-18 09:07:00,8350,8350,8350,8350,2
2026-03-18 09:08:00,8345,8345,8330,8330,39
2026-03-18 09:09:00,8330,8330,8330,8330,6
2026-03-18 09:10:00,8330,8330,8310,8310,2673
2026-03-18 09:11:00,8310,8310,8290,8300,1624
2026-03-18 09:12:00,8300,8300,8300,8300,308
2026-03-18 09:14:00,8300,8300,8300,8300,37
2026-03-18 09:15:00,8310,8320,8300,8320,105
2026-03-18 09:16:00,8330,8330,8290,8290,1742
2026-03-18 09:17:00,8280,8280,8280,8280,15
2026-03-18 09:18:00,8290,8290,8280,8280,16
2026-03-18 09:19:00,8280,8320,8280,8280,20
2026-03-18 09:20:00,8290,8290,8280,8280,788
2026-03-18 09:22:00,8290,8310,8290,8290,149
2026-03-18 09:25:00,8300,8300,8290,8290,250
2026-03-18 09:26:00,8290,8320,8280,8320,272
2026-03-18 09:28:00,8310,8310,8310,8310,111
2026-03-18 09:29:00,8310,8310,8310,8310,61
2026-03-18 09:31:00,8310,8310,8280,8280,2034
2026-03-18 09:32:00,8290,8290,8290,8290,10
2026-03-18 09:33:00,8280,8290,8280,8290,663
2026-03-18 09:34:00,8290,8290,8270,8270,101
2026-03-18 09:35:00,8270,8270,8270,8270,10
2026-03-18 09:36:00,8270,8270,8250,8250,1000
2026-03-18 09:37:00,8250,8290,8250,8250,73
2026-03-18 09:38:00,8290,8290,8290,8290,120
2026-03-18 09:39:00,8290,8290,8250,8250,48
2026-03-18 09:40:00,8260,8260,8260,8260,12
2026-03-18 09:41:00,8260,8260,8260,8260,20
2026-03-18 09:42:00,8280,8280,8280,8280,60
2026-03-18 09:43:00,8280,8280,8280,8280,7
2026-03-18 09:44:00,8280,8280,8280,8280,90
2026-03-18 09:45:00,8280,8280,8280,8280,1
2026-03-18 09:46:00,8275,8280,8270,8270,1234
2026-03-18 09:47:00,8280,8280,8270,8270,305
2026-03-18 09:48:00,8280,8280,8280,8280,201
2026-03-18 09:50:00,8280,8280,8250,8250,616
2026-03-18 09:51:00,8260,8260,8260,8260,67
2026-03-18 09:52:00,8260,8260,8260,8260,10
2026-03-18 09:53:00,8270,8270,8250,8250,1012
2026-03-18 09:54:00,8250,8260,8250,8260,341
2026-03-18 09:55:00,8280,8280,8270,8270,28
2026-03-18 09:56:00,8280,8280,8280,8280,9
2026-03-18 09:57:00,8270,8280,8260,8280,986
2026-03-18 09:58:00,8290,8290,8290,8290,104
2026-03-18 09:59:00,8290,8300,8280,8300,515
2026-03-18 10:00:00,8300,8300,8280,8280,361
2026-03-18 10:01:00,8280,8280,8280,8280,6
2026-03-18 10:02:00,8280,8280,8270,8270,384
2026-03-18 10:03:00,8280,8280,8280,8280,50
2026-03-18 10:04:00,8280,8280,8260,8260,926
2026-03-18 10:06:00,8260,8280,8260,8280,132
2026-03-18 10:07:00,8280,8280,8260,8280,14
2026-03-18 10:08:00,8270,8270,8240,8270,1328
2026-03-18 10:09:00,8270,8270,8250,8250,55
2026-03-18 10:10:00,8250,8260,8250,8260,56
2026-03-18 10:11:00,8260,8260,8260,8260,394
2026-03-18 10:12:00,8280,8290,8280,8280,189
2026-03-18 10:13:00,8270,8270,8270,8270,14
2026-03-18 10:14:00,8260,8260,8260,8260,181
2026-03-18 10:15:00,8270,8280,8270,8280,276
2026-03-18 10:16:00,8290,8290,8290,8290,400
2026-03-18 10:17:00,8300,8310,8280,8280,111
2026-03-18 10:18:00,8290,8290,8270,8270,1643
2026-03-18 10:19:00,8280,8310,8280,8310,124
2026-03-18 10:21:00,8290,8310,8290,8310,113
2026-03-18 10:22:00,8310,8310,8310,8310,1
2026-03-18 10:24:00,8310,8310,8310,8310,20
2026-03-18 10:25:00,8300,8310,8300,8310,51
2026-03-18 10:26:00,8300,8300,8300,8300,13
2026-03-18 10:28:00,8290,8290,8270,8270,1193
2026-03-18 10:29:00,8270,8270,8270,8270,20
2026-03-18 10:30:00,8270,8270,8260,8260,279
2026-03-18 10:31:00,8270,8270,8270,8270,3
2026-03-18 10:32:00,8270,8270,8270,8270,2
2026-03-18 10:33:00,8270,8270,8240,8240,2756
2026-03-18 10:34:00,8240,8260,8240,8260,245
2026-03-18 10:35:00,8260,8260,8260,8260,3
2026-03-18 10:36:00,8260,8270,8260,8260,1207
2026-03-18 10:37:00,8290,8300,8290,8300,149
2026-03-18 10:38:00,8260,8300,8260,8300,19
2026-03-18 10:39:00,8290,8300,8270,8300,108
2026-03-18 10:40:00,8300,8300,8290,8290,82
2026-03-18 10:41:00,8290,8290,8290,8290,3
2026-03-18 10:42:00,8290,8300,8270,8270,29
2026-03-18 10:43:00,8270,8290,8270,8290,234
2026-03-18 10:44:00,8270,8270,8260,8260,693
2026-03-18 10:45:00,8270,8270,8270,8270,2
2026-03-18 10:46:00,8290,8290,8270,8270,6
2026-03-18 10:47:00,8270,8300,8270,8270,28
2026-03-18 10:49:00,8280,8280,8270,8270,149
2026-03-18 10:50:00,8290,8290,8290,8290,7
2026-03-18 10:51:00,8290,8290,8290,8290,40
2026-03-18 10:54:00,8280,8280,8280,8280,21
2026-03-18 10:55:00,8280,8280,8270,8280,25
2026-03-18 10:56:00,8290,8290,8290,8290,100
2026-03-18 10:57:00,8290,8290,8290,8290,17
2026-03-18 10:58:00,8290,8290,8280,8280,112
2026-03-18 10:59:00,8280,8280,8280,8280,3
2026-03-18 11:00:00,8280,8280,8280,8280,438
2026-03-18 11:01:00,8280,8280,8260,8280,327
2026-03-18 11:02:00,8280,8280,8280,8280,40
2026-03-18 11:03:00,8270,8270,8270,8270,17
2026-03-18 11:04:00,8270,8270,8270,8270,5
2026-03-18 11:05:00,8260,8260,8260,8260,512
2026-03-18 11:06:00,8260,8270,8250,8250,902
2026-03-18 11:07:00,8250,8250,8240,8250,499
2026-03-18 11:08:00,8250,8250,8250,8250,130
2026-03-18 11:09:00,8250,8250,8250,8250,1
2026-03-18 11:10:00,8250,8260,8250,8260,226
2026-03-18 11:11:00,8260,8260,8250,8250,743
2026-03-18 11:12:00,8250,8250,8250,8250,49
2026-03-18 11:13:00,8250,8250,8250,8250,7
2026-03-18 11:14:00,8240,8240,8230,8240,542
2026-03-18 11:15:00,8240,8240,8230,8230,109
2026-03-18 11:16:00,8240,8240,8230,8240,1024
2026-03-18 11:17:00,8240,8240,8240,8240,12
2026-03-18 11:18:00,8230,8240,8230,8230,294
2026-03-18 11:20:00,8230,8230,8220,8230,2089
2026-03-18 11:21:00,8230,8230,8220,8220,950
2026-03-18 11:22:00,8220,8220,8210,8210,2273
2026-03-18 11:23:00,8220,8220,8220,8220,92
2026-03-18 11:24:00,8220,8220,8210,8210,2227
2026-03-18 11:25:00,8215,8215,8210,8210,520
2026-03-18 11:26:00,8210,8210,8200,8210,260
2026-03-18 11:28:00,8210,8210,8210,8210,104
2026-03-18 11:29:00,8220,8220,8210,8210,230
2026-03-18 11:30:00,8210,8220,8210,8220,80
2026-03-18 11:31:00,8220,8220,8220,8220,1500
2026-03-18 11:32:00,8220,8220,8220,8220,55
2026-03-18 11:33:00,8210,8210,8200,8200,6117
2026-03-18 11:34:00,8200,8200,8200,8200,900
2026-03-18 11:35:00,8200,8200,8200,8200,850
2026-03-18 11:36:00,8200,8200,8190,8190,63
2026-03-18 11:37:00,8190,8190,8190,8190,27
2026-03-18 11:39:00,8200,8200,8190,8190,624
2026-03-18 11:40:00,8200,8200,8200,8200,141
2026-03-18 11:41:00,8200,8200,8200,8200,1
2026-03-18 11:42:00,8190,8190,8190,8190,308
2026-03-18 11:43:00,8180,8180,8170,8170,2086
2026-03-18 11:44:00,8160,8170,8160,8170,27
2026-03-18 11:45:00,8180,8180,8180,8180,20
2026-03-18 11:46:00,8180,8180,8180,8180,213
2026-03-18 11:47:00,8180,8190,8170,8170,479
2026-03-18 11:48:00,8190,8190,8160,8160,213
2026-03-18 11:49:00,8190,8190,8180,8180,101
2026-03-18 11:50:00,8180,8180,8180,8180,10
2026-03-18 11:52:00,8190,8190,8190,8190,50
2026-03-18 11:53:00,8180,8180,8170,8170,168
2026-03-18 11:55:00,8175,8175,8175,8175,1
2026-03-18 11:56:00,8175,8180,8170,8180,12
2026-03-18 11:57:00,8180,8180,8160,8160,377
2026-03-18 11:58:00,8170,8170,8160,8160,538
2026-03-18 11:59:00,8160,8160,8150,8160,1483
2026-03-18 12:00:00,8170,8170,8170,8170,5
2026-03-18 12:01:00,8170,8170,8150,8150,714
2026-03-18 12:02:00,8160,8160,8140,8150,429
2026-03-18 12:04:00,8160,8190,8150,8190,269
2026-03-18 12:05:00,8190,8190,8150,8150,168
2026-03-18 12:06:00,8160,8190,8160,8190,7
2026-03-18 12:08:00,8190,8190,8180,8180,55
2026-03-18 12:09:00,8180,8180,8180,8180,24
2026-03-18 12:10:00,8170,8170,8170,8170,12
2026-03-18 12:11:00,8180,8180,8180,8180,1
2026-03-18 12:13:00,8175,8175,8160,8170,221
2026-03-18 12:15:00,8170,8170,8160,8160,32
2026-03-18 12:17:00,8170,8170,8170,8170,69
2026-03-18 12:19:00,8160,8160,8140,8140,1238
2026-03-18 12:20:00,8140,8140,8120,8130,3182
2026-03-18 12:21:00,8130,8130,8120,8130,132
2026-03-18 12:22:00,8130,8130,8130,8130,94
2026-03-18 12:23:00,8140,8140,8140,8140,288
2026-03-18 12:24:00,8140,8150,8140,8150,74
2026-03-18 12:26:00,8150,8150,8140,8140,91
2026-03-18 12:27:00,8140,8150,8130,8130,325
2026-03-18 12:28:00,8130,8130,8130,8130,78
2026-03-18 12:29:00,8130,8140,8130,8140,250
2026-03-18 12:31:00,8150,8150,8150,8150,208
2026-03-18 12:32:00,8170,8170,8170,8170,58
2026-03-18 12:33:00,8160,8160,8160,8160,3
2026-03-18 12:34:00,8160,8160,8160,8160,4
2026-03-18 12:35:00,8160,8160,8160,8160,81
2026-03-18 12:36:00,8170,8170,8170,8170,110
2026-03-18 12:37:00,8170,8170,8160,8160,325
2026-03-18 12:38:00,8170,8180,8170,8180,234
2026-03-18 12:39:00,8180,8180,8180,8180,6
2026-03-18 12:40:00,8180,8180,8180,8180,12
2026-03-18 12:41:00,8180,8180,8180,8180,10
2026-03-18 12:43:00,8180,8180,8180,8180,109
2026-03-18 12:44:00,8190,8195,8180,8180,616
2026-03-18 12:49:00,8180,8180,8170,8170,760
2026-03-18 12:50:00,8170,8180,8160,8160,435
2026-03-18 12:51:00,8160,8160,8160,8160,73
2026-03-18 12:52:00,8170,8170,8170,8170,3
2026-03-18 12:53:00,8170,8170,8170,8170,5
2026-03-18 12:54:00,8170,8170,8170,8170,10
2026-03-18 12:55:00,8170,8170,8170,8170,20
2026-03-18 12:56:00,8170,8170,8170,8170,12
2026-03-18 12:57:00,8170,8170,8170,8170,78
2026-03-18 12:58:00,8170,8180,8170,8180,91
2026-03-18 12:59:00,8180,8180,8180,8180,6
2026-03-18 13:00:00,8190,8190,8180,8180,524
2026-03-18 13:01:00,8180,8180,8180,8180,92
2026-03-18 13:03:00,8190,8190,8180,8180,150
2026-03-18 13:04:00,8180,8180,8180,8180,1
2026-03-18 13:05:00,8180,8180,8170,8170,946
2026-03-18 13:06:00,8180,8180,8180,8180,3
2026-03-18 13:07:00,8180,8190,8180,8190,35
2026-03-18 13:08:00,8190,8190,8180,8180,161
2026-03-18 13:09:00,8180,8180,8180,8180,40
2026-03-18 13:10:00,8180,8200,8180,8200,162
2026-03-18 13:11:00,8200,8200,8200,8200,9
2026-03-18 13:12:00,8200,8200,8190,8200,83
2026-03-18 13:13:00,8190,8200,8180,8200,200
2026-03-18 13:14:00,8190,8190,8190,8190,2
2026-03-18 13:17:00,8190,8190,8190,8190,8
2026-03-18 13:18:00,8190,8190,8180,8180,422
2026-03-18 13:22:00,8190,8190,8190,8190,48
2026-03-18 13:23:00,8190,8190,8190,8190,10
2026-03-18 13:26:00,8200,8200,8180,8180,260
2026-03-18 13:27:00,8190,8190,8190,8190,1
2026-03-18 13:29:00,8190,8190,8190,8190,11
2026-03-18 13:30:00,8190,8190,8190,8190,11
2026-03-18 13:32:00,8190,8190,8190,8190,2
2026-03-18 13:33:00,8190,8190,8190,8190,50
2026-03-18 13:36:00,8190,8190,8190,8190,43
2026-03-18 13:37:00,8190,8200,8190,8200,160
2026-03-18 13:38:00,8200,8200,8200,8200,2
2026-03-18 13:39:00,8190,8190,8190,8190,43
2026-03-18 13:40:00,8190,8190,8190,8190,204
2026-03-18 13:41:00,8190,8190,8190,8190,125
2026-03-18 13:42:00,8200,8200,8200,8200,40
2026-03-18 13:44:00,8200,8200,8180,8180,361
2026-03-18 13:45:00,8190,8190,8190,8190,318
2026-03-18 13:46:00,8200,8200,8190,8200,1462
2026-03-18 13:47:00,8200,8200,8190,8190,18
2026-03-18 13:48:00,8200,8200,8200,8200,3
2026-03-18 13:49:00,8200,8200,8190,8190,100
2026-03-18 13:50:00,8190,8190,8180,8190,2044
2026-03-18 13:52:00,8190,8190,8190,8190,108
2026-03-18 13:53:00,8180,8180,8180,8180,126
2026-03-18 13:54:00,8190,8190,8190,8190,6
2026-03-18 13:55:00,8190,8190,8180,8190,452
2026-03-18 13:56:00,8190,8190,8180,8180,366
2026-03-18 13:57:00,8180,8180,8180,8180,114
2026-03-18 13:59:00,8190,8200,8190,8200,77
2026-03-18 14:00:00,8200,8200,8190,8190,42
2026-03-18 14:01:00,8180,8180,8180,8180,1640
2026-03-18 14:03:00,8180,8180,8180,8180,157
2026-03-18 14:04:00,8180,8180,8180,8180,127
2026-03-18 14:06:00,8180,8180,8170,8170,702
2026-03-18 14:07:00,8170,8170,8170,8170,4
2026-03-18 14:08:00,8170,8170,8170,8170,367
2026-03-18 14:09:00,8170,8170,8170,8170,1
2026-03-18 14:10:00,8170,8170,8170,8170,2
2026-03-18 14:11:00,8175,8175,8175,8175,1
2026-03-18 14:12:00,8170,8170,8160,8160,1260
2026-03-18 14:13:00,8170,8170,8170,8170,78
2026-03-18 14:14:00,8170,8170,8170,8170,857
2026-03-18 14:15:00,8180,8180,8180,8180,200
2026-03-18 14:16:00,8180,8180,8180,8180,15
2026-03-18 14:17:00,8180,8180,8180,8180,1
2026-03-18 14:18:00,8180,8180,8170,8180,175
2026-03-18 14:19:00,8180,8180,8180,8180,103
2026-03-18 14:20:00,8180,8180,8160,8160,723
2026-03-18 14:21:00,8160,8160,8150,8150,1097
2026-03-18 14:22:00,8150,8160,8150,8160,59
2026-03-18 14:23:00,8170,8170,8160,8160,107
2026-03-18 14:25:00,8170,8170,8160,8170,335
2026-03-18 14:26:00,8170,8170,8170,8170,100
2026-03-18 14:27:00,8180,8180,8170,8170,315
2026-03-18 14:28:00,8170,8170,8170,8170,40
2026-03-18 14:29:00,8170,8180,8170,8180,782
2026-03-18 14:30:00,8170,8180,8160,8180,25
2026-03-18 14:31:00,8180,8180,8180,8180,7
2026-03-18 14:32:00,8180,8180,8170,8170,16
2026-03-18 14:33:00,8180,8180,8160,8160,1119
2026-03-18 14:34:00,8160,8160,8160,8160,53
2026-03-18 14:35:00,8160,8160,8160,8160,23
2026-03-18 14:36:00,8160,8160,8160,8160,407
2026-03-18 14:38:00,8170,8170,8170,8170,8
2026-03-18 14:39:00,8160,8160,8160,8160,30
2026-03-18 14:40:00,8170,8170,8170,8170,4
2026-03-18 14:41:00,8170,8170,8170,8170,82
2026-03-18 14:42:00,8170,8170,8170,8170,18
2026-03-18 14:43:00,8170,8170,8160,8160,101
2026-03-18 14:44:00,8160,8160,8160,8160,22
2026-03-18 14:46:00,8170,8170,8170,8170,71
2026-03-18 14:47:00,8170,8170,8170,8170,72
2026-03-18 14:48:00,8170,8170,8170,8170,143
2026-03-18 14:49:00,8170,8170,8170,8170,150
2026-03-18 14:50:00,8170,8170,8170,8170,5
2026-03-18 14:51:00,8170,8170,8170,8170,114
2026-03-18 14:52:00,8170,8170,8160,8160,116
2026-03-18 14:53:00,8160,8160,8150,8160,607
2026-03-18 14:54:00,8160,8160,8160,8160,67
2026-03-18 14:55:00,8165,8165,8165,8165,5
2026-03-18 14:56:00,8160,8160,8150,8150,568
2026-03-18 14:57:00,8150,8160,8150,8160,51
2026-03-18 14:58:00,8160,8170,8160,8160,59
2026-03-18 14:59:00,8160,8160,8150,8150,174
2026-03-18 15:00:00,8160,8160,8160,8160,2
2026-03-18 15:01:00,8160,8160,8150,8150,215
2026-03-18 15:04:00,8160,8160,8150,8150,5
2026-03-18 15:05:00,8160,8160,8150,8150,6
2026-03-18 15:06:00,8160,8160,8160,8160,34
2026-03-18 15:07:00,8160,8160,8160,8160,187
2026-03-18 15:08:00,8160,8160,8160,8160,70
2026-03-18 15:09:00,8160,8160,8160,8160,116
2026-03-18 15:10:00,8160,8160,8150,8160,1117
2026-03-18 15:11:00,8160,8160,8120,8150,6851
2026-03-18 15:12:00,8150,8150,8140,8150,233
2026-03-18 15:13:00,8160,8160,8130,8150,375
2026-03-18 15:14:00,8150,8170,8150,8170,277
2026-03-18 15:15:00,8170,8170,8170,8170,200
2026-03-18 15:16:00,8160,8160,8160,8160,53
2026-03-18 15:17:00,8160,8160,8150,8150,600
2026-03-18 15:18:00,8170,8170,8170,8170,917
2026-03-18 15:19:00,8170,8190,8150,8150,678
2026-03-18 15:30:00,8170,8170,8170,8170,818
2026-03-18 15:35:00,8170,8170,8170,8170,168
2026-03-19 09:00:00,8100,8100,8030,8060,1865
2026-03-19 09:01:00,8060,8060,8020,8050,701
2026-03-19 09:02:00,8070,8070,8030,8040,1386
2026-03-19 09:03:00,8030,8040,8010,8030,636
2026-03-19 09:04:00,8030,8030,8020,8020,680
2026-03-19 09:05:00,8020,8020,8010,8020,778
2026-03-19 09:06:00,8025,8025,8020,8020,1010
2026-03-19 09:07:00,8020,8030,8020,8030,68
2026-03-19 09:08:00,8030,8050,8030,8050,500
2026-03-19 09:09:00,8080,8080,8040,8040,1749
2026-03-19 09:10:00,8040,8060,8040,8060,15
2026-03-19 09:11:00,8060,8070,8050,8050,1324
2026-03-19 09:12:00,8060,8060,8060,8060,12
2026-03-19 09:13:00,8060,8060,8040,8040,933
2026-03-19 09:14:00,8050,8050,8050,8050,104
2026-03-19 09:15:00,8050,8050,8050,8050,44
2026-03-19 09:16:00,8060,8070,8060,8070,1525
2026-03-19 09:18:00,8070,8070,8070,8070,3
2026-03-19 09:19:00,8070,8075,8060,8060,124
2026-03-19 09:21:00,8060,8060,8040,8050,900
2026-03-19 09:22:00,8050,8050,8050,8050,100
2026-03-19 09:24:00,8050,8060,8050,8060,608
2026-03-19 09:25:00,8050,8060,8050,8060,4
2026-03-19 09:26:00,8060,8060,8050,8060,119
2026-03-19 09:27:00,8060,8060,8060,8060,70
2026-03-19 09:28:00,8060,8070,8060,8070,76
2026-03-19 09:29:00,8080,8080,8070,8070,199
2026-03-19 09:30:00,8070,8070,8070,8070,66
2026-03-19 09:31:00,8080,8080,8080,8080,100
2026-03-19 09:32:00,8090,8100,8090,8090,102
2026-03-19 09:33:00,8080,8080,8080,8080,635
2026-03-19 09:34:00,8100,8160,8100,8150,1004
2026-03-19 09:35:00,8140,8140,8140,8140,11
2026-03-19 09:36:00,8130,8130,8130,8130,2
2026-03-19 09:37:00,8100,8100,8070,8070,573
2026-03-19 09:39:00,8070,8070,8070,8070,425
2026-03-19 09:40:00,8060,8060,8060,8060,133
2026-03-19 09:41:00,8060,8060,8060,8060,383
2026-03-19 09:42:00,8060,8060,8040,8040,1067
2026-03-19 09:43:00,8040,8050,8030,8030,636
2026-03-19 09:44:00,8040,8110,8040,8100,323
2026-03-19 09:46:00,8060,8060,8050,8050,519
2026-03-19 09:47:00,8050,8050,8050,8050,24
2026-03-19 09:48:00,8050,8050,8050,8050,19
2026-03-19 09:50:00,8050,8050,8050,8050,60
2026-03-19 09:51:00,8050,8050,8050,8050,55
2026-03-19 09:53:00,8070,8080,8060,8080,5
2026-03-19 09:54:00,8080,8090,8050,8080,215
2026-03-19 09:55:00,8060,8080,8050,8080,704
2026-03-19 09:56:00,8080,8110,8080,8110,512
2026-03-19 09:57:00,8110,8170,8080,8170,2663
2026-03-19 09:58:00,8150,8150,8090,8090,148
2026-03-19 10:00:00,8090,8120,8090,8110,553
2026-03-19 10:01:00,8110,8110,8110,8110,16
2026-03-19 10:02:00,8080,8080,8080,8080,100
2026-03-19 10:03:00,8080,8080,8080,8080,10
2026-03-19 10:05:00,8080,8080,8080,8080,201
2026-03-19 10:06:00,8080,8080,8080,8080,5
2026-03-19 10:09:00,8080,8090,8080,8090,144
2026-03-19 10:10:00,8090,8090,8090,8090,2
2026-03-19 10:11:00,8080,8080,8080,8080,401
2026-03-19 10:12:00,8080,8080,8070,8070,192
2026-03-19 10:13:00,8070,8070,8070,8070,180
2026-03-19 10:14:00,8070,8070,8065,8070,402
2026-03-19 10:16:00,8065,8065,8060,8060,320
2026-03-19 10:17:00,8065,8065,8065,8065,499
2026-03-19 10:22:00,8065,8065,8060,8060,330
2026-03-19 10:23:00,8060,8060,8060,8060,736
2026-03-19 10:24:00,8060,8060,8060,8060,77
2026-03-19 10:25:00,8060,8070,8060,8070,10
2026-03-19 10:26:00,8070,8070,8070,8070,1
2026-03-19 10:27:00,8070,8070,8060,8060,167
2026-03-19 10:29:00,8060,8070,8060,8070,193
2026-03-19 10:30:00,8060,8060,8050,8050,244
2026-03-19 10:31:00,8060,8060,8050,8050,1698
2026-03-19 10:32:00,8050,8050,8050,8050,50
2026-03-19 10:33:00,8040,8040,8040,8040,125
2026-03-19 10:35:00,8050,8050,8050,8050,3
2026-03-19 10:36:00,8050,8050,8050,8050,21
2026-03-19 10:37:00,8050,8050,8050,8050,11
2026-03-19 10:38:00,8050,8050,8050,8050,34
2026-03-19 10:39:00,8050,8050,8050,8050,8
2026-03-19 10:40:00,8050,8050,8050,8050,250
2026-03-19 10:41:00,8050,8050,8050,8050,24
2026-03-19 10:42:00,8050,8050,8050,8050,6
2026-03-19 10:43:00,8050,8050,8040,8040,155
2026-03-19 10:44:00,8050,8050,8050,8050,1
2026-03-19 10:45:00,8050,8050,8050,8050,208
2026-03-19 10:46:00,8050,8050,8050,8050,44
2026-03-19 10:47:00,8050,8050,8050,8050,10
2026-03-19 10:48:00,8050,8050,8050,8050,70
2026-03-19 10:49:00,8050,8050,8050,8050,51
2026-03-19 10:50:00,8050,8050,8050,8050,50
2026-03-19 10:51:00,8040,8040,8040,8040,39
2026-03-19 10:53:00,8040,8040,8040,8040,1112
2026-03-19 10:54:00,8050,8050,8050,8050,235
2026-03-19 10:55:00,8040,8040,8040,8040,150
2026-03-19 10:56:00,8040,8040,8040,8040,280
2026-03-19 10:57:00,8050,8050,8050,8050,1
2026-03-19 10:59:00,8040,8040,8040,8040,100
2026-03-19 11:00:00,8040,8050,8040,8050,1019
2026-03-19 11:01:00,8040,8050,8030,8030,507
2026-03-19 11:03:00,8040,8040,8040,8040,105
2026-03-19 11:04:00,8040,8040,8030,8030,275
2026-03-19 11:06:00,8040,8040,8040,8040,6
2026-03-19 11:07:00,8050,8050,8050,8050,7
2026-03-19 11:08:00,8050,8050,8010,8010,10004
2026-03-19 11:09:00,8010,8030,8010,8010,461
2026-03-19 11:10:00,8020,8020,8010,8010,164
2026-03-19 11:11:00,8030,8030,8030,8030,3
2026-03-19 11:12:00,8020,8030,8020,8030,63
2026-03-19 11:13:00,8020,8030,8020,8020,108
2026-03-19 11:14:00,8020,8020,8020,8020,11
2026-03-19 11:15:00,8020,8020,8020,8020,13
2026-03-19 11:16:00,8020,8030,8020,8020,190
2026-03-19 11:17:00,8020,8030,8010,8010,2098
2026-03-19 11:18:00,8010,8010,8010,8010,503
2026-03-19 11:23:00,8020,8020,8020,8020,262
2026-03-19 11:24:00,8020,8020,8020,8020,311
2026-03-19 11:25:00,8020,8020,8020,8020,102
2026-03-19 11:26:00,8020,8020,8020,8020,130
2026-03-19 11:27:00,8020,8020,8020,8020,7
2026-03-19 11:28:00,8020,8020,8010,8020,144
2026-03-19 11:29:00,8020,8020,8020,8020,22
2026-03-19 11:30:00,8020,8020,8020,8020,190
2026-03-19 11:31:00,8020,8020,8020,8020,53
2026-03-19 11:32:00,8020,8020,8020,8020,60
2026-03-19 11:33:00,8020,8020,8020,8020,120
2026-03-19 11:34:00,8020,8020,8020,8020,125
2026-03-19 11:35:00,8020,8020,8020,8020,100
2026-03-19 11:36:00,8020,8030,8020,8030,16
2026-03-19 11:37:00,8030,8030,8030,8030,2
2026-03-19 11:38:00,8020,8030,8020,8030,180
2026-03-19 11:39:00,8030,8030,8020,8020,640
2026-03-19 11:40:00,8030,8030,8020,8020,21
2026-03-19 11:41:00,8010,8030,8010,8030,73
2026-03-19 11:42:00,8010,8010,8010,8010,1030
2026-03-19 11:43:00,8020,8020,8020,8020,12
2026-03-19 11:45:00,8010,8010,8010,8010,82
2026-03-19 11:46:00,8010,8020,8010,8020,213
2026-03-19 11:47:00,8020,8030,8020,8030,128
2026-03-19 11:48:00,8020,8020,8020,8020,1
2026-03-19 11:49:00,8020,8020,8010,8010,675
2026-03-19 11:50:00,8020,8030,8020,8030,502
2026-03-19 11:51:00,8020,8020,8010,8010,181
2026-03-19 11:54:00,8030,8030,8020,8030,580
2026-03-19 11:55:00,8020,8020,8020,8020,2
2026-03-19 11:56:00,8020,8020,8020,8020,10
2026-03-19 11:57:00,8020,8020,8020,8020,86
2026-03-19 11:58:00,8020,8020,8020,8020,140
2026-03-19 11:59:00,8030,8030,8030,8030,23
2026-03-19 12:03:00,8030,8030,8030,8030,35
2026-03-19 12:04:00,8030,8030,8030,8030,870
2026-03-19 12:07:00,8030,8030,8030,8030,1
2026-03-19 12:09:00,8030,8030,8030,8030,21
2026-03-19 12:10:00,8030,8030,8020,8030,41
2026-03-19 12:12:00,8030,8030,8030,8030,695
2026-03-19 12:13:00,8030,8030,8030,8030,15
2026-03-19 12:14:00,8030,8030,8030,8030,1
2026-03-19 12:15:00,8025,8025,8020,8020,336
2026-03-19 12:16:00,8020,8020,8020,8020,845
2026-03-19 12:17:00,8020,8020,8020,8020,1
2026-03-19 12:18:00,8020,8020,8010,8010,88
2026-03-19 12:19:00,8020,8020,8020,8020,200
2026-03-19 12:20:00,8020,8020,8010,8010,973
2026-03-19 12:22:00,8020,8020,8020,8020,221
2026-03-19 12:23:00,8030,8030,8030,8030,1
2026-03-19 12:24:00,8030,8030,8030,8030,35
2026-03-19 12:26:00,8030,8030,8030,8030,1
2026-03-19 12:27:00,8030,8030,8030,8030,7
2026-03-19 12:28:00,8030,8030,8030,8030,2
2026-03-19 12:30:00,8030,8030,8030,8030,1
2026-03-19 12:31:00,8020,8020,8020,8020,291
2026-03-19 12:32:00,8020,8020,8020,8020,1
2026-03-19 12:33:00,8020,8020,8010,8010,1485
2026-03-19 12:34:00,8010,8010,8010,8010,740
2026-03-19 12:35:00,8010,8020,8010,8020,56
2026-03-19 12:36:00,8010,8010,8010,8010,1171
2026-03-19 12:37:00,8010,8010,8010,8010,111
2026-03-19 12:39:00,8010,8010,8000,8010,166
2026-03-19 12:40:00,8010,8010,8010,8010,259
2026-03-19 12:41:00,8010,8010,8010,8010,8
2026-03-19 12:42:00,8005,8010,8000,8010,2548
2026-03-19 12:43:00,8010,8010,8000,8000,1020
2026-03-19 12:45:00,8010,8010,8010,8010,10
2026-03-19 12:46:00,8010,8010,8010,8010,51
2026-03-19 12:47:00,8010,8010,8000,8000,250
2026-03-19 12:48:00,8005,8005,8000,8000,1225
2026-03-19 12:49:00,8010,8010,8010,8010,500
2026-03-19 12:50:00,8010,8010,8010,8010,100
2026-03-19 12:52:00,8010,8010,8010,8010,5
2026-03-19 12:53:00,8010,8010,8010,8010,25
2026-03-19 12:54:00,8010,8010,8010,8010,111
2026-03-19 12:55:00,8010,8010,8010,8010,11
2026-03-19 12:56:00,8010,8010,8000,8000,687
2026-03-19 12:57:00,8010,8010,8010,8010,2
2026-03-19 12:58:00,8010,8015,8010,8010,509
2026-03-19 12:59:00,8010,8010,8010,8010,393
2026-03-19 13:00:00,8000,8000,8000,8000,190
2026-03-19 13:02:00,8000,8000,8000,8000,300
2026-03-19 13:03:00,8000,8010,8000,8010,120
2026-03-19 13:04:00,8010,8010,8000,8010,5960
2026-03-19 13:05:00,8000,8000,7990,7990,1773
2026-03-19 13:06:00,7990,7990,7990,7990,217
2026-03-19 13:07:00,7990,7990,7990,7990,135
2026-03-19 13:09:00,7990,7990,7990,7990,431
2026-03-19 13:10:00,8000,8000,7990,7990,105
2026-03-19 13:11:00,7990,7990,7990,7990,632
2026-03-19 13:12:00,7990,7990,7990,7990,25
2026-03-19 13:13:00,7990,7990,7990,7990,27
2026-03-19 13:14:00,7990,7990,7980,7980,1733
2026-03-19 13:15:00,7980,7990,7980,7990,128
2026-03-19 13:16:00,7980,7990,7980,7990,65
2026-03-19 13:17:00,7990,7990,7990,7990,201
2026-03-19 13:18:00,7990,7990,7980,7990,784
2026-03-19 13:19:00,7990,7990,7980,7990,1112
2026-03-19 13:20:00,7980,7980,7980,7980,16
2026-03-19 13:21:00,7980,7980,7980,7980,220
2026-03-19 13:22:00,7970,7980,7970,7980,526
2026-03-19 13:23:00,7980,7980,7975,7980,146
2026-03-19 13:24:00,7980,7980,7970,7970,477
2026-03-19 13:25:00,7970,7980,7970,7980,329
2026-03-19 13:26:00,7980,7980,7975,7980,51
2026-03-19 13:28:00,7980,7980,7970,7970,923
2026-03-19 13:29:00,7980,7980,7970,7980,675
2026-03-19 13:30:00,7980,7980,7980,7980,38
2026-03-19 13:31:00,7980,7980,7980,7980,143
2026-03-19 13:32:00,7980,7980,7970,7970,380
2026-03-19 13:33:00,7975,7975,7975,7975,8
2026-03-19 13:35:00,7980,7980,7980,7980,100
2026-03-19 13:36:00,7980,7980,7980,7980,537
2026-03-19 13:37:00,7985,7990,7985,7990,11
2026-03-19 13:38:00,7990,7995,7990,7995,173
2026-03-19 13:40:00,8000,8000,8000,8000,6
2026-03-19 13:41:00,7995,8010,7970,7970,2566
2026-03-19 13:42:00,7970,7975,7970,7970,709
2026-03-19 13:43:00,7980,7980,7980,7980,1
2026-03-19 13:44:00,7980,7980,7980,7980,200
2026-03-19 13:45:00,7980,7980,7980,7980,1
2026-03-19 13:46:00,7980,7980,7980,7980,11
2026-03-19 13:47:00,7980,7980,7980,7980,65
2026-03-19 13:48:00,7980,7980,7970,7970,50
2026-03-19 13:49:00,7970,7980,7970,7980,78
2026-03-19 13:50:00,7980,7980,7980,7980,879
2026-03-19 13:51:00,7980,7980,7980,7980,428
2026-03-19 13:52:00,7980,7980,7980,7980,200
2026-03-19 13:53:00,7990,7990,7990,7990,350
2026-03-19 13:54:00,7990,7990,7990,7990,38
2026-03-19 13:55:00,8000,8000,8000,8000,3
2026-03-19 13:57:00,8000,8000,7990,8000,720
2026-03-19 13:58:00,8000,8000,7990,8000,1039
2026-03-19 13:59:00,8000,8000,8000,8000,30
2026-03-19 14:00:00,8000,8000,8000,8000,200
2026-03-19 14:01:00,8010,8010,8010,8010,99
2026-03-19 14:02:00,8020,8030,8020,8030,340
2026-03-19 14:03:00,8030,8030,8030,8030,501
2026-03-19 14:04:00,8030,8030,8030,8030,920
2026-03-19 14:05:00,8040,8040,8030,8030,44
2026-03-19 14:06:00,8050,8050,8050,8050,49
2026-03-19 14:08:00,8040,8050,8030,8030,82
2026-03-19 14:10:00,8030,8030,8030,8030,50
2026-03-19 14:20:00,8030,8030,8030,8030,433
2026-03-19 14:21:00,8020,8020,8020,8020,17
2026-03-19 14:23:00,8010,8010,8010,8010,559
2026-03-19 14:25:00,8000,8000,7990,7990,1149
2026-03-19 14:28:00,8000,8000,7990,7990,180
2026-03-19 14:29:00,7990,7990,7990,7990,53
2026-03-19 14:30:00,7990,7990,7990,7990,517
2026-03-19 14:31:00,8000,8000,8000,8000,100
2026-03-19 14:32:00,8000,8000,7980,7980,1006
2026-03-19 14:34:00,7980,7980,7980,7980,200
2026-03-19 14:36:00,7990,7990,7990,7990,2
2026-03-19 14:37:00,7990,7990,7990,7990,1
2026-03-19 14:38:00,7990,8000,7980,8000,141
2026-03-19 14:39:00,8000,8020,8000,8020,623
2026-03-19 14:40:00,8020,8020,8020,8020,13
2026-03-19 14:41:00,8020,8020,8020,8020,90
2026-03-19 14:42:00,8020,8020,8020,8020,5
2026-03-19 14:43:00,8020,8020,8020,8020,35
2026-03-19 14:44:00,8020,8020,8020,8020,25
2026-03-19 14:45:00,8020,8020,8020,8020,16
2026-03-19 14:46:00,8020,8020,8020,8020,40
2026-03-19 14:47:00,8020,8020,8020,8020,5
2026-03-19 14:49:00,8020,8020,8020,8020,15
2026-03-19 14:50:00,8010,8010,8010,8010,2
2026-03-19 14:53:00,8010,8010,8010,8010,16
2026-03-19 14:54:00,8010,8020,8000,8000,825
2026-03-19 14:55:00,8000,8000,8000,8000,13
2026-03-19 14:56:00,8000,8000,7990,7990,474
2026-03-19 14:57:00,7990,7990,7990,7990,17
2026-03-19 14:59:00,7990,7990,7990,7990,21
2026-03-19 15:00:00,8000,8000,7990,7990,502
2026-03-19 15:01:00,8000,8000,8000,8000,1
2026-03-19 15:02:00,8000,8000,8000,8000,247
2026-03-19 15:03:00,8000,8000,7990,7990,23
2026-03-19 15:04:00,7990,7990,7990,7990,13
2026-03-19 15:05:00,8000,8000,8000,8000,57
2026-03-19 15:06:00,8000,8020,8000,8020,64
2026-03-19 15:08:00,8020,8020,8020,8020,64
2026-03-19 15:09:00,8020,8020,8020,8020,2
2026-03-19 15:12:00,8020,8020,8020,8020,1
2026-03-19 15:13:00,8020,8020,8020,8020,1
2026-03-19 15:14:00,8010,8010,8010,8010,1
2026-03-19 15:15:00,8010,8010,8000,8000,23
2026-03-19 15:16:00,8000,8000,8000,8000,16
2026-03-19 15:17:00,8000,8010,8000,8010,55
2026-03-19 15:18:00,8010,8010,8010,8010,2
2026-03-19 15:19:00,8010,8030,8000,8030,3509
2026-03-19 15:30:00,8030,8030,8030,8030,677
2026-03-19 15:35:00,8030,8030,8030,8030,16
2026-03-20 09:00:00,8030,8080,8030,8030,162
2026-03-20 09:01:00,8010,8020,8000,8020,376
2026-03-20 09:02:00,8025,8025,8020,8020,50
2026-03-20 09:03:00,8020,8020,8000,8010,135
2026-03-20 09:04:00,8020,8040,8010,8010,2379
2026-03-20 09:05:00,8020,8020,8020,8020,526
2026-03-20 09:07:00,8020,8020,8020,8020,500
2026-03-20 09:08:00,8050,8060,8050,8060,130
2026-03-20 09:09:00,8050,8050,8030,8030,1063
2026-03-20 09:10:00,8070,8150,8070,8130,959
2026-03-20 09:11:00,8140,8140,8130,8140,173
2026-03-20 09:12:00,8130,8130,8120,8120,668
2026-03-20 09:13:00,8120,8120,8110,8110,755
2026-03-20 09:14:00,8090,8090,8090,8090,10
2026-03-20 09:15:00,8100,8100,8100,8100,1
2026-03-20 09:16:00,8060,8100,8060,8100,9
2026-03-20 09:17:00,8060,8060,8060,8060,145
2026-03-20 09:18:00,8060,8060,8060,8060,68
2026-03-20 09:20:00,8060,8070,8060,8070,137
2026-03-20 09:22:00,8090,8090,8080,8080,7
2026-03-20 09:23:00,8080,8080,8040,8040,350
2026-03-20 09:24:00,8040,8070,8020,8060,468
2026-03-20 09:25:00,8040,8060,8020,8060,2758
2026-03-20 09:26:00,8020,8020,8020,8020,1
2026-03-20 09:27:00,8020,8020,8010,8010,909
2026-03-20 09:28:00,8020,8020,8000,8000,2500
2026-03-20 09:29:00,8020,8050,8020,8020,701
2026-03-20 09:30:00,8060,8060,8030,8030,44
2026-03-20 09:32:00,8030,8030,8020,8020,200
2026-03-20 09:33:00,8060,8060,8020,8020,163
2026-03-20 09:34:00,8030,8070,8030,8070,316
2026-03-20 09:35:00,8070,8070,8070,8070,45
2026-03-20 09:36:00,8070,8080,8070,8080,357
2026-03-20 09:37:00,8070,8070,8070,8070,1
2026-03-20 09:38:00,8070,8070,8070,8070,7
2026-03-20 09:39:00,8070,8090,8070,8090,393
2026-03-20 09:40:00,8100,8100,8100,8100,20288
2026-03-20 09:41:00,8110,8120,8110,8120,22
2026-03-20 09:42:00,8120,8130,8120,8120,1461
2026-03-20 09:43:00,8110,8120,8110,8120,83
2026-03-20 09:44:00,8110,8120,8100,8120,305
2026-03-20 09:45:00,8110,8110,8110,8110,1
2026-03-20 09:46:00,8110,8110,8110,8110,68
2026-03-20 09:47:00,8110,8120,8100,8120,237
2026-03-20 09:48:00,8120,8120,8120,8120,398
2026-03-20 09:49:00,8120,8130,8120,8130,306
2026-03-20 09:50:00,8130,8130,8120,8120,559
2026-03-20 09:52:00,8120,8130,8120,8130,99
2026-03-20 09:53:00,8120,8130,8100,8100,136
2026-03-20 09:54:00,8110,8130,8100,8130,227
2026-03-20 09:55:00,8120,8140,8120,8140,1193
2026-03-20 09:56:00,8150,8150,8150,8150,811
2026-03-20 09:57:00,8150,8150,8140,8140,30
2026-03-20 09:58:00,8140,8150,8130,8150,53
2026-03-20 09:59:00,8140,8150,8140,8150,45
2026-03-20 10:00:00,8150,8170,8150,8170,1336
2026-03-20 10:01:00,8170,8190,8170,8190,1064
2026-03-20 10:02:00,8190,8200,8180,8180,677
2026-03-20 10:03:00,8190,8200,8170,8170,193
2026-03-20 10:04:00,8180,8180,8180,8180,10
2026-03-20 10:05:00,8180,8190,8180,8190,426
2026-03-20 10:06:00,8190,8190,8190,8190,7
2026-03-20 10:07:00,8200,8200,8200,8200,9
2026-03-20 10:08:00,8200,8210,8200,8210,1101
2026-03-20 10:10:00,8200,8210,8200,8200,122
2026-03-20 10:11:00,8210,8210,8200,8200,292
2026-03-20 10:12:00,8200,8200,8200,8200,9
2026-03-20 10:13:00,8200,8210,8200,8200,264
2026-03-20 10:14:00,8200,8200,8170,8190,585
2026-03-20 10:15:00,8190,8190,8190,8190,4
2026-03-20 10:16:00,8190,8190,8180,8180,156
2026-03-20 10:17:00,8180,8180,8180,8180,80
2026-03-20 10:18:00,8180,8180,8170,8170,116
2026-03-20 10:19:00,8160,8160,8160,8160,10
2026-03-20 10:20:00,8160,8160,8160,8160,113
2026-03-20 10:21:00,8150,8160,8150,8150,59
2026-03-20 10:22:00,8140,8140,8140,8140,81
2026-03-20 10:23:00,8140,8140,8130,8130,152
2026-03-20 10:24:00,8130,8150,8130,8150,208
2026-03-20 10:25:00,8150,8160,8150,8160,58
2026-03-20 10:26:00,8160,8160,8160,8160,20
2026-03-20 10:27:00,8160,8160,8160,8160,127
2026-03-20 10:28:00,8160,8160,8160,8160,288
2026-03-20 10:29:00,8160,8160,8160,8160,22
2026-03-20 10:30:00,8160,8180,8160,8180,10
2026-03-20 10:32:00,8180,8190,8170,8190,325
2026-03-20 10:33:00,8190,8190,8180,8180,21
2026-03-20 10:34:00,8190,8190,8190,8190,3
2026-03-20 10:35:00,8190,8190,8190,8190,41
2026-03-20 10:36:00,8190,8190,8190,8190,33
2026-03-20 10:37:00,8190,8190,8190,8190,300
2026-03-20 10:38:00,8190,8190,8180,8180,75
2026-03-20 10:39:00,8180,8180,8180,8180,12
2026-03-20 10:40:00,8180,8180,8170,8170,76
2026-03-20 10:41:00,8160,8170,8160,8170,2
2026-03-20 10:42:00,8160,8170,8160,8170,30
2026-03-20 10:44:00,8160,8160,8160,8160,30
2026-03-20 10:45:00,8160,8160,8160,8160,38
2026-03-20 10:46:00,8160,8170,8160,8170,264
2026-03-20 10:48:00,8160,8160,8160,8160,177
2026-03-20 10:49:00,8160,8170,8160,8170,282
2026-03-20 10:50:00,8170,8180,8170,8180,157
2026-03-20 10:51:00,8170,8170,8170,8170,8
2026-03-20 10:52:00,8170,8170,8170,8170,12
2026-03-20 10:53:00,8160,8160,8160,8160,213
2026-03-20 10:54:00,8150,8150,8150,8150,49
2026-03-20 10:55:00,8140,8150,8140,8150,90
2026-03-20 10:56:00,8150,8150,8130,8150,216
2026-03-20 10:57:00,8150,8150,8140,8150,488
2026-03-20 10:58:00,8150,8150,8150,8150,1
2026-03-20 10:59:00,8150,8160,8150,8160,477
2026-03-20 11:00:00,8160,8170,8160,8170,200
2026-03-20 11:01:00,8170,8170,8150,8150,401
2026-03-20 11:02:00,8150,8150,8150,8150,150
2026-03-20 11:03:00,8150,8160,8150,8160,60
2026-03-20 11:04:00,8150,8150,8150,8150,14
2026-03-20 11:05:00,8150,8170,8150,8170,190
2026-03-20 11:06:00,8170,8170,8150,8150,80
2026-03-20 11:07:00,8150,8150,8140,8140,237
2026-03-20 11:09:00,8140,8140,8140,8140,1
2026-03-20 11:10:00,8160,8160,8160,8160,3
2026-03-20 11:11:00,8150,8150,8150,8150,6
2026-03-20 11:13:00,8150,8150,8150,8150,9
2026-03-20 11:14:00,8150,8150,8150,8150,1
2026-03-20 11:16:00,8150,8150,8150,8150,35
2026-03-20 11:17:00,8150,8150,8150,8150,2
2026-03-20 11:18:00,8140,8150,8130,8150,286
2026-03-20 11:20:00,8150,8150,8150,8150,1
2026-03-20 11:21:00,8150,8150,8140,8140,4
2026-03-20 11:26:00,8140,8150,8140,8150,272
2026-03-20 11:27:00,8150,8160,8150,8160,161
2026-03-20 11:28:00,8150,8150,8130,8130,142
2026-03-20 11:31:00,8160,8160,8160,8160,101
2026-03-20 11:34:00,8160,8160,8160,8160,3
2026-03-20 11:35:00,8140,8140,8140,8140,1
2026-03-20 11:36:00,8140,8140,8120,8120,379
2026-03-20 11:37:00,8130,8130,8130,8130,1
2026-03-20 11:40:00,8130,8130,8120,8120,460
2026-03-20 11:42:00,8120,8130,8120,8130,54
2026-03-20 11:43:00,8130,8130,8120,8120,152
2026-03-20 11:44:00,8110,8110,8100,8100,1010
2026-03-20 11:45:00,8090,8090,8090,8090,6
2026-03-20 11:46:00,8090,8090,8090,8090,139
2026-03-20 11:47:00,8090,8090,8090,8090,11
2026-03-20 11:48:00,8080,8080,8070,8070,959
2026-03-20 11:49:00,8100,8110,8090,8090,142
2026-03-20 11:51:00,8110,8110,8110,8110,1
2026-03-20 11:52:00,8110,8130,8110,8130,2
2026-03-20 11:55:00,8090,8100,8090,8100,6
2026-03-20 11:56:00,8100,8110,8100,8110,13
2026-03-20 11:57:00,8110,8110,8110,8110,2
2026-03-20 11:58:00,8110,8110,8110,8110,1
2026-03-20 12:00:00,8100,8100,8090,8090,504
2026-03-20 12:02:00,8080,8080,8080,8080,20
2026-03-20 12:03:00,8080,8080,8080,8080,5
2026-03-20 12:04:00,8090,8090,8090,8090,121
2026-03-20 12:05:00,8090,8090,8090,8090,131
2026-03-20 12:07:00,8090,8090,8090,8090,30
2026-03-20 12:11:00,8090,8090,8090,8090,6
2026-03-20 12:14:00,8090,8100,8090,8100,110
2026-03-20 12:15:00,8100,8105,8100,8100,6
2026-03-20 12:16:00,8110,8110,8110,8110,3
2026-03-20 12:17:00,8110,8110,8100,8100,168
2026-03-20 12:18:00,8100,8100,8080,8090,964
2026-03-20 12:19:00,8090,8090,8090,8090,3
2026-03-20 12:21:00,8080,8080,8080,8080,30
2026-03-20 12:23:00,8080,8080,8070,8070,337
2026-03-20 12:24:00,8070,8070,8070,8070,540
2026-03-20 12:25:00,8070,8070,8070,8070,850
2026-03-20 12:26:00,8060,8070,8060,8070,403
2026-03-20 12:27:00,8060,8060,8060,8060,2
2026-03-20 12:29:00,8060,8060,8060,8060,3
2026-03-20 12:31:00,8060,8060,8060,8060,1
2026-03-20 12:32:00,8060,8060,8060,8060,142
2026-03-20 12:33:00,8060,8060,8060,8060,89
2026-03-20 12:34:00,8060,8060,8050,8060,742
2026-03-20 12:35:00,8050,8050,8050,8050,106
2026-03-20 12:36:00,8050,8050,8050,8050,6
2026-03-20 12:37:00,8050,8050,8050,8050,2
2026-03-20 12:38:00,8060,8060,8060,8060,20
2026-03-20 12:39:00,8060,8060,8040,8040,1059
2026-03-20 12:40:00,8050,8050,8050,8050,31
2026-03-20 12:45:00,8070,8070,8070,8070,1
2026-03-20 12:47:00,8070,8070,8070,8070,70
2026-03-20 12:49:00,8070,8070,8070,8070,10
2026-03-20 12:51:00,8070,8070,8070,8070,31
2026-03-20 12:52:00,8070,8070,8070,8070,123
2026-03-20 12:53:00,8070,8070,8070,8070,5
2026-03-20 12:54:00,8070,8070,8070,8070,20
2026-03-20 12:55:00,8070,8070,8070,8070,6
2026-03-20 12:56:00,8060,8060,8060,8060,4
2026-03-20 12:57:00,8060,8060,8060,8060,12
2026-03-20 13:03:00,8070,8070,8070,8070,40
2026-03-20 13:04:00,8070,8070,8060,8060,305
2026-03-20 13:05:00,8070,8070,8070,8070,23
2026-03-20 13:06:00,8070,8070,8060,8060,200
2026-03-20 13:07:00,8050,8060,8050,8060,38
2026-03-20 13:08:00,8070,8070,8070,8070,2410
2026-03-20 13:10:00,8070,8070,8070,8070,5
2026-03-20 13:11:00,8070,8090,8050,8090,817
2026-03-20 13:14:00,8090,8090,8090,8090,3
2026-03-20 13:15:00,8090,8090,8080,8080,74
2026-03-20 13:16:00,8080,8080,8080,8080,1171
2026-03-20 13:17:00,8080,8080,8080,8080,4
2026-03-20 13:18:00,8080,8090,8080,8090,300
2026-03-20 13:19:00,8090,8090,8090,8090,2
2026-03-20 13:20:00,8090,8090,8090,8090,8
2026-03-20 13:21:00,8090,8090,8090,8090,126
2026-03-20 13:23:00,8090,8090,8090,8090,1
2026-03-20 13:24:00,8080,8080,8060,8070,242
2026-03-20 13:29:00,8080,8080,8080,8080,20
2026-03-20 13:30:00,8080,8080,8080,8080,1
2026-03-20 13:31:00,8090,8090,8090,8090,240
2026-03-20 13:32:00,8090,8090,8090,8090,5
2026-03-20 13:33:00,8090,8090,8090,8090,100
2026-03-20 13:35:00,8100,8100,8100,8100,5
2026-03-20 13:36:00,8100,8100,8100,8100,200
2026-03-20 13:37:00,8080,8080,8080,8080,154
2026-03-20 13:41:00,8080,8090,8080,8090,129
2026-03-20 13:42:00,8080,8100,8080,8100,652
2026-03-20 13:43:00,8080,8080,8080,8080,20
2026-03-20 13:45:00,8090,8090,8090,8090,161
2026-03-20 13:48:00,8090,8090,8090,8090,40
2026-03-20 13:49:00,8090,8090,8090,8090,18
2026-03-20 13:52:00,8100,8100,8100,8100,1
2026-03-20 13:54:00,8090,8090,8090,8090,40
2026-03-20 13:55:00,8090,8090,8090,8090,10
2026-03-20 14:01:00,8090,8090,8090,8090,2
2026-03-20 14:03:00,8090,8090,8090,8090,3
2026-03-20 14:05:00,8080,8080,8070,8070,865
2026-03-20 14:09:00,8070,8070,8070,8070,4
2026-03-20 14:12:00,8070,8070,8050,8050,251
2026-03-20 14:13:00,8050,8050,8040,8050,398
2026-03-20 14:14:00,8050,8050,8040,8040,205
2026-03-20 14:15:00,8050,8050,8050,8050,1274
2026-03-20 14:16:00,8050,8070,8050,8070,7
2026-03-20 14:17:00,8070,8070,8070,8070,40
2026-03-20 14:18:00,8050,8070,8050,8070,142
2026-03-20 14:20:00,8050,8050,8050,8050,100
2026-03-20 14:21:00,8050,8050,8050,8050,21
2026-03-20 14:22:00,8040,8050,8040,8050,397
2026-03-20 14:23:00,8050,8050,8050,8050,376
2026-03-20 14:24:00,8050,8050,8040,8040,723
2026-03-20 14:26:00,8050,8050,8050,8050,41
2026-03-20 14:27:00,8070,8070,8070,8070,1
2026-03-20 14:28:00,8070,8070,8070,8070,88
2026-03-20 14:29:00,8070,8070,8070,8070,120
2026-03-20 14:30:00,8070,8070,8070,8070,3
2026-03-20 14:31:00,8060,8070,8050,8070,457
2026-03-20 14:32:00,8070,8070,8070,8070,142
2026-03-20 14:33:00,8070,8070,8070,8070,8
2026-03-20 14:34:00,8060,8060,8060,8060,140
2026-03-20 14:35:00,8060,8070,8060,8060,408
2026-03-20 14:36:00,8060,8060,8060,8060,1
2026-03-20 14:37:00,8050,8060,8050,8060,9
2026-03-20 14:38:00,8060,8060,8060,8060,2
2026-03-20 14:39:00,8060,8060,8060,8060,64
2026-03-20 14:40:00,8060,8060,8050,8050,139
2026-03-20 14:43:00,8050,8050,8050,8050,899
2026-03-20 14:45:00,8050,8050,8050,8050,15
2026-03-20 14:47:00,8050,8050,8050,8050,2
2026-03-20 14:51:00,8060,8060,8060,8060,2
2026-03-20 14:52:00,8050,8050,8050,8050,400
2026-03-20 14:55:00,8060,8060,8060,8060,2
2026-03-20 14:56:00,8060,8060,8060,8060,383
2026-03-20 14:57:00,8060,8060,8060,8060,30
2026-03-20 14:58:00,8060,8060,8060,8060,110
2026-03-20 15:01:00,8060,8060,8040,8040,2432
2026-03-20 15:03:00,8050,8050,8050,8050,450
2026-03-20 15:05:00,8050,8050,8050,8050,6
2026-03-20 15:06:00,8050,8050,8050,8050,10
2026-03-20 15:08:00,8050,8050,8050,8050,1
2026-03-20 15:09:00,8045,8045,8040,8040,1543
2026-03-20 15:10:00,8040,8040,8040,8040,1531
2026-03-20 15:11:00,8030,8040,8030,8040,548
2026-03-20 15:12:00,8030,8040,8030,8030,240
2026-03-20 15:13:00,8030,8040,8030,8030,325
2026-03-20 15:14:00,8030,8030,8030,8030,256
2026-03-20 15:15:00,8030,8030,8030,8030,41
2026-03-20 15:17:00,8020,8030,8020,8020,891
2026-03-20 15:18:00,8030,8030,8020,8030,583
2026-03-20 15:19:00,8030,8040,8030,8040,266
2026-03-20 15:30:00,7980,7980,7980,7980,14737
2026-03-20 15:35:00,7980,7980,7980,7980,5
2026-03-23 09:00:00,7800,7940,7770,7770,4181
2026-03-23 09:01:00,7770,7800,7750,7800,757
2026-03-23 09:02:00,7800,7800,7710,7740,1319
2026-03-23 09:03:00,7730,7780,7730,7780,362
2026-03-23 09:04:00,7780,7780,7750,7750,1675
2026-03-23 09:05:00,7750,7750,7750,7750,1565
2026-03-23 09:06:00,7750,7750,7740,7740,1310
2026-03-23 09:07:00,7740,7740,7710,7710,1195
2026-03-23 09:08:00,7730,7740,7730,7740,685
2026-03-23 09:09:00,7740,7740,7730,7740,673
2026-03-23 09:10:00,7750,7750,7750,7750,239
2026-03-23 09:11:00,7750,7780,7750,7780,1303
2026-03-23 09:12:00,7780,7780,7770,7770,351
2026-03-23 09:13:00,7770,7780,7770,7780,1418
2026-03-23 09:14:00,7775,7780,7760,7760,1412
2026-03-23 09:15:00,7780,7780,7760,7780,72
2026-03-23 09:16:00,7760,7780,7760,7780,41
2026-03-23 09:17:00,7780,7810,7780,7810,3864
2026-03-23 09:19:00,7820,7910,7820,7890,1506
2026-03-23 09:20:00,7890,7890,7890,7890,100
2026-03-23 09:21:00,7890,7890,7880,7890,620
2026-03-23 09:22:00,7890,7890,7880,7890,586
2026-03-23 09:23:00,7920,7935,7920,7930,138
2026-03-23 09:24:00,7930,7930,7890,7890,1709
2026-03-23 09:25:00,7870,7870,7860,7860,2
2026-03-23 09:26:00,7860,7860,7860,7860,67
2026-03-23 09:27:00,7870,7870,7850,7850,2261
2026-03-23 09:28:00,7860,7870,7860,7870,614
2026-03-23 09:29:00,7870,7870,7870,7870,230
2026-03-23 09:30:00,7870,7900,7850,7900,1076
2026-03-23 09:31:00,7890,7900,7890,7890,291
2026-03-23 09:32:00,7860,7860,7860,7860,249
2026-03-23 09:33:00,7860,7860,7840,7840,1355
2026-03-23 09:34:00,7840,7850,7830,7850,1128
2026-03-23 09:35:00,7830,7830,7820,7820,1001
2026-03-23 09:36:00,7830,7840,7830,7830,284
2026-03-23 09:37:00,7840,7850,7830,7830,760
2026-03-23 09:38:00,7830,7830,7830,7830,1141
2026-03-23 09:39:00,7860,7860,7860,7860,11
2026-03-23 09:40:00,7860,7860,7850,7860,455
2026-03-23 09:41:00,7860,7860,7830,7830,134
2026-03-23 09:42:00,7850,7850,7840,7840,62
2026-03-23 09:43:00,7840,7840,7840,7840,31
2026-03-23 09:44:00,7840,7840,7830,7830,466
2026-03-23 09:45:00,7830,7830,7800,7800,1090
2026-03-23 09:46:00,7810,7810,7810,7810,124
2026-03-23 09:47:00,7810,7810,7810,7810,387
2026-03-23 09:48:00,7810,7820,7800,7820,801
2026-03-23 09:49:00,7840,7840,7820,7820,76
2026-03-23 09:50:00,7820,7830,7820,7820,54
2026-03-23 09:51:00,7820,7820,7820,7820,277
2026-03-23 09:52:00,7820,7820,7810,7810,810
2026-03-23 09:54:00,7810,7810,7800,7810,1906
2026-03-23 09:55:00,7800,7800,7800,7800,700
2026-03-23 09:56:00,7800,7810,7800,7810,1054
2026-03-23 09:57:00,7810,7810,7810,7810,4
2026-03-23 09:58:00,7800,7810,7800,7800,445
2026-03-23 09:59:00,7800,7800,7800,7800,191
2026-03-23 10:01:00,7800,7800,7800,7800,100
2026-03-23 10:02:00,7810,7810,7800,7800,433
2026-03-23 10:03:00,7800,7800,7800,7800,513
2026-03-23 10:04:00,7800,7800,7780,7780,542
2026-03-23 10:05:00,7790,7790,7780,7780,17
2026-03-23 10:06:00,7790,7810,7780,7810,56
2026-03-23 10:07:00,7810,7840,7810,7840,74
2026-03-23 10:08:00,7840,7860,7840,7860,710
2026-03-23 10:09:00,7850,7860,7850,7860,24
2026-03-23 10:10:00,7860,7860,7860,7860,40
2026-03-23 10:11:00,7860,7870,7850,7870,1282
2026-03-23 10:12:00,7870,7870,7860,7860,25
2026-03-23 10:13:00,7860,7900,7860,7900,1405
2026-03-23 10:14:00,7900,7900,7900,7900,10
2026-03-23 10:15:00,7900,7900,7900,7900,1
2026-03-23 10:16:00,7900,7900,7900,7900,2
2026-03-23 10:17:00,7900,7900,7900,7900,211
2026-03-23 10:18:00,7895,7900,7895,7895,154
2026-03-23 10:19:00,7895,7895,7890,7890,310
2026-03-23 10:20:00,7900,7900,7900,7900,55
2026-03-23 10:21:00,7890,7900,7890,7900,1262
2026-03-23 10:22:00,7900,7900,7900,7900,5
2026-03-23 10:23:00,7900,7900,7900,7900,73
2026-03-23 10:24:00,7900,7900,7900,7900,132
2026-03-23 10:25:00,7910,7910,7910,7910,263
2026-03-23 10:26:00,7910,7910,7910,7910,44
2026-03-23 10:27:00,7910,7910,7910,7910,152
2026-03-23 10:28:00,7910,7910,7910,7910,8
2026-03-23 10:29:00,7910,7910,7910,7910,127
2026-03-23 10:30:00,7900,7900,7900,7900,257
2026-03-23 10:31:00,7910,7920,7910,7920,402
2026-03-23 10:32:00,7920,7920,7900,7900,436
2026-03-23 10:33:00,7900,7930,7900,7930,205
2026-03-23 10:34:00,7930,7930,7930,7930,13
2026-03-23 10:35:00,7930,7930,7900,7900,6
2026-03-23 10:36:00,7900,7900,7900,7900,20
2026-03-23 10:38:00,7930,7950,7930,7950,1165
2026-03-23 10:39:00,7970,7970,7970,7970,2
2026-03-23 10:40:00,7970,7970,7970,7970,5
2026-03-23 10:41:00,7970,7970,7970,7970,18
2026-03-23 10:42:00,7960,7980,7960,7980,517
2026-03-23 10:44:00,7970,7980,7970,7980,520
2026-03-23 10:45:00,7980,8000,7980,8000,1344
2026-03-23 10:46:00,7990,8000,7980,7980,126
2026-03-23 10:47:00,7990,7990,7980,7980,270
2026-03-23 10:48:00,7990,7990,7980,7980,104
2026-03-23 10:49:00,7970,7980,7940,7980,20
2026-03-23 10:51:00,7950,7950,7930,7930,100
2026-03-23 10:53:00,7940,7940,7940,7940,2
2026-03-23 10:58:00,7970,7970,7970,7970,2
2026-03-23 10:59:00,7970,7970,7970,7970,192
2026-03-23 11:00:00,7970,7970,7970,7970,7
2026-03-23 11:01:00,7960,7960,7960,7960,1
2026-03-23 11:02:00,7960,7960,7960,7960,499
2026-03-23 11:04:00,7970,7970,7970,7970,198
2026-03-23 11:06:00,7990,7990,7990,7990,1
2026-03-23 11:07:00,7990,7990,7980,7980,20
2026-03-23 11:08:00,7980,7980,7980,7980,2
2026-03-23 11:10:00,7970,7970,7970,7970,83
2026-03-23 11:11:00,7980,7980,7980,7980,15
2026-03-23 11:12:00,7980,7980,7960,7960,10
2026-03-23 11:13:00,7960,7960,7960,7960,7
2026-03-23 11:14:00,7955,7955,7955,7955,65
2026-03-23 11:15:00,7955,7955,7955,7955,52
2026-03-23 11:16:00,7960,7960,7960,7960,3
2026-03-23 11:17:00,7960,7960,7960,7960,11
2026-03-23 11:20:00,7960,7960,7960,7960,21
2026-03-23 11:21:00,7955,7955,7950,7950,130
2026-03-23 11:23:00,7950,7950,7950,7950,26
2026-03-23 11:25:00,7960,7980,7960,7980,1057
2026-03-23 11:26:00,7980,7980,7950,7950,135
2026-03-23 11:27:00,7980,7980,7980,7980,1
2026-03-23 11:28:00,7980,7980,7980,7980,15
2026-03-23 11:30:00,7980,7980,7980,7980,30
2026-03-23 11:31:00,7970,7980,7970,7970,112
2026-03-23 11:32:00,7980,7980,7980,7980,130
2026-03-23 11:33:00,7970,7980,7970,7980,634
2026-03-23 11:34:00,7980,7980,7980,7980,30
2026-03-23 11:35:00,7970,7980,7950,7980,456
2026-03-23 11:36:00,7980,7980,7980,7980,1
2026-03-23 11:37:00,7950,7950,7940,7950,2234
2026-03-23 11:38:00,7950,7950,7950,7950,200
2026-03-23 11:39:00,7950,7950,7940,7940,10
2026-03-23 11:40:00,7940,7940,7940,7940,60
2026-03-23 11:41:00,7950,7950,7950,7950,19
2026-03-23 11:42:00,7940,7940,7940,7940,2
2026-03-23 11:47:00,7940,7940,7940,7940,930
2026-03-23 11:49:00,7940,7940,7930,7930,530
2026-03-23 11:50:00,7930,7930,7930,7930,38
2026-03-23 11:51:00,7930,7930,7930,7930,100
2026-03-23 11:52:00,7930,7940,7930,7940,228
2026-03-23 11:53:00,7940,7940,7940,7940,9
2026-03-23 11:54:00,7940,7940,7940,7940,9
2026-03-23 11:55:00,7930,7940,7930,7940,4
2026-03-23 11:56:00,7940,7940,7940,7940,11
2026-03-23 11:59:00,7940,7940,7940,7940,74
2026-03-23 12:00:00,7940,7940,7930,7940,407
2026-03-23 12:01:00,7930,7930,7930,7930,47
2026-03-23 12:02:00,7930,7930,7930,7930,30
2026-03-23 12:03:00,7930,7930,7930,7930,1292
2026-03-23 12:05:00,7930,7930,7920,7920,502
2026-03-23 12:08:00,7930,7930,7930,7930,2
2026-03-23 12:09:00,7930,7930,7930,7930,1
2026-03-23 12:10:00,7920,7920,7920,7920,625
2026-03-23 12:12:00,7910,7910,7910,7910,521
2026-03-23 12:13:00,7910,7910,7910,7910,25
2026-03-23 12:15:00,7910,7910,7910,7910,203
2026-03-23 12:16:00,7910,7910,7910,7910,1
2026-03-23 12:17:00,7910,7910,7900,7900,13
2026-03-23 12:18:00,7900,7900,7900,7900,1482
2026-03-23 12:19:00,7900,7900,7900,7900,25
2026-03-23 12:20:00,7910,7910,7900,7900,218
2026-03-23 12:24:00,7900,7900,7900,7900,23
2026-03-23 12:26:00,7900,7900,7900,7900,245
2026-03-23 12:27:00,7890,7900,7890,7900,11
2026-03-23 12:28:00,7900,7900,7900,7900,20
2026-03-23 12:29:00,7890,7890,7890,7890,199
2026-03-23 12:30:00,7890,7900,7890,7900,103
2026-03-23 12:31:00,7890,7890,7890,7890,46
2026-03-23 12:33:00,7900,7910,7900,7910,386
2026-03-23 12:36:00,7890,7890,7880,7880,900
2026-03-23 12:38:00,7890,7890,7890,7890,55
2026-03-23 12:39:00,7900,7900,7900,7900,6
2026-03-23 12:41:00,7900,7900,7900,7900,11
2026-03-23 12:42:00,7900,7900,7900,7900,90
2026-03-23 12:43:00,7890,7890,7890,7890,14
2026-03-23 12:47:00,7890,7890,7890,7890,3
2026-03-23 12:48:00,7890,7890,7890,7890,249
2026-03-23 12:49:00,7890,7890,7890,7890,5
2026-03-23 12:50:00,7890,7890,7890,7890,103
2026-03-23 12:51:00,7880,7880,7880,7880,30
2026-03-23 12:52:00,7880,7880,7880,7880,19
2026-03-23 12:53:00,7880,7880,7880,7880,50
2026-03-23 12:55:00,7880,7880,7870,7870,50
2026-03-23 12:56:00,7870,7870,7870,7870,8
2026-03-23 12:57:00,7870,7870,7870,7870,110
2026-03-23 12:59:00,7870,7870,7870,7870,62
2026-03-23 13:00:00,7880,7880,7880,7880,1
2026-03-23 13:02:00,7880,7880,7880,7880,28
2026-03-23 13:03:00,7870,7880,7870,7880,119
2026-03-23 13:04:00,7880,7880,7880,7880,760
2026-03-23 13:05:00,7890,7890,7880,7880,349
2026-03-23 13:07:00,7880,7880,7880,7880,2
2026-03-23 13:08:00,7870,7870,7870,7870,110
2026-03-23 13:09:00,7870,7870,7870,7870,27
2026-03-23 13:11:00,7870,7870,7870,7870,1
2026-03-23 13:12:00,7870,7870,7870,7870,1161
2026-03-23 13:14:00,7880,7880,7870,7870,330
2026-03-23 13:15:00,7880,7880,7880,7880,200
2026-03-23 13:16:00,7880,7880,7870,7870,1080
2026-03-23 13:18:00,7870,7870,7860,7860,500
2026-03-23 13:22:00,7860,7870,7860,7860,573
2026-03-23 13:25:00,7880,7880,7880,7880,20
2026-03-23 13:28:00,7880,7900,7880,7900,7
2026-03-23 13:30:00,7880,7880,7880,7880,103
2026-03-23 13:32:00,7880,7880,7880,7880,1
2026-03-23 13:36:00,7880,7880,7880,7880,320
2026-03-23 13:37:00,7880,7880,7880,7880,101
2026-03-23 13:38:00,7880,7880,7880,7880,20
2026-03-23 13:41:00,7880,7880,7880,7880,16
2026-03-23 13:42:00,7880,7890,7880,7880,557
2026-03-23 13:43:00,7870,7870,7870,7870,100
2026-03-23 13:44:00,7870,7870,7870,7870,100
2026-03-23 13:45:00,7870,7870,7860,7860,202
2026-03-23 13:46:00,7850,7850,7820,7850,2008
2026-03-23 13:47:00,7850,7850,7850,7850,10
2026-03-23 13:48:00,7850,7850,7850,7850,30
2026-03-23 13:49:00,7850,7850,7850,7850,1
2026-03-23 13:51:00,7840,7840,7830,7830,159
2026-03-23 13:52:00,7850,7860,7850,7860,217
2026-03-23 13:54:00,7860,7860,7860,7860,70
2026-03-23 13:56:00,7860,7860,7840,7860,434
2026-03-23 13:58:00,7860,7870,7860,7870,301
2026-03-23 14:00:00,7860,7860,7860,7860,1
2026-03-23 14:01:00,7860,7860,7860,7860,45
2026-03-23 14:02:00,7860,7860,7860,7860,190
2026-03-23 14:05:00,7860,7860,7860,7860,30
2026-03-23 14:06:00,7860,7860,7830,7830,944
2026-03-23 14:07:00,7860,7870,7860,7870,273
2026-03-23 14:08:00,7870,7890,7870,7890,20
2026-03-23 14:09:00,7890,7890,7890,7890,3
2026-03-23 14:10:00,7890,7890,7880,7880,190
2026-03-23 14:12:00,7890,7890,7890,7890,91
2026-03-23 14:13:00,7890,7890,7890,7890,15
2026-03-23 14:14:00,7880,7900,7880,7900,238
2026-03-23 14:15:00,7900,7900,7900,7900,794
2026-03-23 14:16:00,7895,7895,7895,7895,14
2026-03-23 14:17:00,7895,7895,7895,7895,11
2026-03-23 14:18:00,7895,7895,7890,7890,79
2026-03-23 14:19:00,7890,7890,7870,7870,627
2026-03-23 14:21:00,7860,7860,7860,7860,47
2026-03-23 14:23:00,7860,7860,7860,7860,60
2026-03-23 14:24:00,7860,7860,7860,7860,6
2026-03-23 14:25:00,7860,7860,7860,7860,2
2026-03-23 14:27:00,7850,7850,7850,7850,328
2026-03-23 14:28:00,7850,7850,7850,7850,200
2026-03-23 14:30:00,7850,7850,7850,7850,1
2026-03-23 14:31:00,7850,7860,7850,7860,140
2026-03-23 14:32:00,7860,7860,7850,7850,182
2026-03-23 14:33:00,7850,7850,7840,7840,36
2026-03-23 14:34:00,7840,7850,7840,7850,1233
2026-03-23 14:35:00,7850,7850,7840,7840,33
2026-03-23 14:38:00,7840,7840,7840,7840,8
2026-03-23 14:39:00,7850,7850,7850,7850,14
2026-03-23 14:40:00,7860,7860,7850,7850,100
2026-03-23 14:41:00,7870,7870,7870,7870,278
2026-03-23 14:42:00,7890,7890,7890,7890,50
2026-03-23 14:43:00,7870,7870,7870,7870,1213
2026-03-23 14:44:00,7870,7870,7870,7870,20
2026-03-23 14:45:00,7860,7870,7860,7870,17
2026-03-23 14:46:00,7860,7860,7810,7810,3750
2026-03-23 14:49:00,7810,7810,7810,7810,63
2026-03-23 14:50:00,7820,7830,7820,7830,124
2026-03-23 14:52:00,7820,7820,7820,7820,87
2026-03-23 14:53:00,7820,7820,7820,7820,200
2026-03-23 14:54:00,7820,7820,7820,7820,206
2026-03-23 14:55:00,7820,7820,7800,7800,2219
2026-03-23 14:56:00,7800,7810,7800,7800,777
2026-03-23 14:58:00,7810,7810,7810,7810,119
2026-03-23 15:01:00,7820,7820,7810,7810,243
2026-03-23 15:02:00,7810,7820,7810,7820,139
2026-03-23 15:04:00,7810,7810,7810,7810,23
2026-03-23 15:05:00,7810,7820,7810,7820,42
2026-03-23 15:06:00,7820,7820,7820,7820,4
2026-03-23 15:07:00,7810,7820,7810,7820,216
2026-03-23 15:08:00,7810,7810,7800,7800,581
2026-03-23 15:09:00,7810,7810,7810,7810,1
2026-03-23 15:10:00,7805,7805,7800,7800,105
2026-03-23 15:11:00,7810,7810,7810,7810,263
2026-03-23 15:12:00,7800,7800,7800,7800,100
2026-03-23 15:13:00,7800,7820,7800,7820,840
2026-03-23 15:14:00,7820,7820,7820,7820,26
2026-03-23 15:15:00,7820,7820,7790,7800,10575
2026-03-23 15:17:00,7800,7800,7800,7800,2
2026-03-23 15:18:00,7800,7800,7790,7800,528
2026-03-23 15:19:00,7795,7800,7790,7800,686
2026-03-23 15:30:00,7800,7800,7800,7800,1648
2026-03-23 15:35:00,7800,7800,7800,7800,55
2026-03-24 09:00:00,7940,7940,7920,7940,954
2026-03-24 09:01:00,7970,8000,7970,8000,317
2026-03-24 09:02:00,7970,7990,7940,7980,1836
2026-03-24 09:03:00,7950,7980,7910,7910,852
2026-03-24 09:04:00,7920,7930,7920,7930,510
2026-03-24 09:05:00,7940,7940,7940,7940,118
2026-03-24 09:06:00,7940,8000,7940,8000,1277
2026-03-24 09:07:00,8000,8000,7990,7990,1289
2026-03-24 09:08:00,7990,7990,7940,7940,22
2026-03-24 09:09:00,7960,8000,7960,7990,4431
2026-03-24 09:10:00,7990,8000,7990,7990,821
2026-03-24 09:11:00,7990,8000,7990,8000,783
2026-03-24 09:12:00,8000,8000,8000,8000,100
2026-03-24 09:13:00,7990,7990,7990,7990,141
2026-03-24 09:14:00,7990,7990,7990,7990,3
2026-03-24 09:15:00,7980,7980,7960,7960,255
2026-03-24 09:16:00,7960,7970,7950,7950,187
2026-03-24 09:17:00,7950,7950,7940,7940,539
2026-03-24 09:18:00,7950,7960,7950,7950,477
2026-03-24 09:19:00,7950,7960,7950,7950,413
2026-03-24 09:20:00,7950,7950,7930,7940,3421
2026-03-24 09:22:00,7940,7940,7940,7940,361
2026-03-24 09:23:00,7940,7940,7940,7940,325
2026-03-24 09:25:00,7940,7970,7940,7970,247
2026-03-24 09:29:00,7980,7980,7970,7970,76
2026-03-24 09:30:00,7990,7990,7990,7990,2
2026-03-24 09:31:00,7970,7970,7970,7970,832
2026-03-24 09:33:00,7960,7970,7920,7920,820
2026-03-24 09:35:00,7980,7980,7980,7980,3
2026-03-24 09:36:00,7980,7980,7870,7920,3302
2026-03-24 09:39:00,7920,7920,7900,7900,10
2026-03-24 09:40:00,7900,7900,7900,7900,1
2026-03-24 09:41:00,7900,7900,7890,7900,2019
2026-03-24 09:42:00,7900,7900,7890,7890,650
2026-03-24 09:43:00,7900,7920,7900,7920,600
2026-03-24 09:44:00,7910,7910,7900,7900,2423
2026-03-24 09:45:00,7920,7930,7920,7930,817
2026-03-24 09:46:00,7930,7930,7920,7930,561
2026-03-24 09:48:00,7930,7930,7930,7930,56
2026-03-24 09:50:00,7930,7930,7930,7930,50
2026-03-24 09:52:00,7940,7940,7920,7920,570
2026-03-24 09:53:00,7920,7920,7920,7920,80
2026-03-24 09:55:00,7920,7930,7920,7920,15
2026-03-24 09:56:00,7920,7930,7910,7930,114
2026-03-24 09:57:00,7930,7930,7930,7930,1
2026-03-24 09:58:00,7930,7930,7930,7930,7
2026-03-24 10:00:00,7930,7930,7930,7930,15
2026-03-24 10:01:00,7930,7930,7920,7920,16
2026-03-24 10:02:00,7930,7930,7920,7920,99
2026-03-24 10:03:00,7920,7920,7920,7920,1
2026-03-24 10:04:00,7920,7920,7920,7920,2
2026-03-24 10:05:00,7920,7920,7920,7920,4
2026-03-24 10:06:00,7920,7920,7910,7910,93
2026-03-24 10:08:00,7920,7920,7880,7880,3312
2026-03-24 10:09:00,7880,7880,7880,7880,85
2026-03-24 10:10:00,7880,7880,7880,7880,101
2026-03-24 10:12:00,7880,7880,7880,7880,168
2026-03-24 10:13:00,7880,7890,7880,7890,227
2026-03-24 10:14:00,7900,7910,7900,7900,272
2026-03-24 10:15:00,7890,7890,7880,7890,818
2026-03-24 10:16:00,7890,7910,7890,7910,261
2026-03-24 10:17:00,7900,7910,7900,7900,101
2026-03-24 10:18:00,7880,7900,7880,7900,101
2026-03-24 10:19:00,7900,7900,7880,7880,40
2026-03-24 10:20:00,7880,7890,7880,7890,145
2026-03-24 10:21:00,7890,7910,7890,7910,293
2026-03-24 10:22:00,7900,7920,7900,7920,227
2026-03-24 10:23:00,7910,7910,7910,7910,1
2026-03-24 10:25:00,7910,7920,7910,7920,307
2026-03-24 10:27:00,7920,7920,7920,7920,106
2026-03-24 10:28:00,7930,7960,7930,7960,102
2026-03-24 10:29:00,7960,7960,7960,7960,1
2026-03-24 10:30:00,7960,7960,7960,7960,1
2026-03-24 10:31:00,7960,7960,7960,7960,1
2026-03-24 10:32:00,7950,7950,7950,7950,1
2026-03-24 10:33:00,7930,7930,7930,7930,8
2026-03-24 10:34:00,7930,7930,7930,7930,3
2026-03-24 10:35:00,7920,7920,7920,7920,5
2026-03-24 10:36:00,7920,7920,7900,7900,176
2026-03-24 10:38:00,7910,7910,7890,7890,133
2026-03-24 10:41:00,7890,7890,7850,7850,946
2026-03-24 10:43:00,7860,7860,7860,7860,7
2026-03-24 10:44:00,7860,7860,7860,7860,3
2026-03-24 10:45:00,7840,7840,7840,7840,340
2026-03-24 10:46:00,7860,7860,7830,7830,336
2026-03-24 10:47:00,7840,7840,7820,7820,202
2026-03-24 10:48:00,7820,7820,7820,7820,150
2026-03-24 10:49:00,7820,7820,7810,7810,101
2026-03-24 10:50:00,7810,7810,7810,7810,322
2026-03-24 10:51:00,7810,7810,7810,7810,423
2026-03-24 10:52:00,7800,7800,7800,7800,1389
2026-03-24 10:53:00,7810,7810,7800,7810,1007
2026-03-24 10:54:00,7810,7810,7800,7800,523
2026-03-24 10:55:00,7800,7800,7800,7800,100
2026-03-24 10:56:00,7800,7800,7800,7800,2
2026-03-24 10:57:00,7800,7800,7780,7780,576
2026-03-24 10:58:00,7790,7790,7770,7770,775
2026-03-24 10:59:00,7770,7770,7760,7770,145
2026-03-24 11:00:00,7760,7770,7760,7770,214
2026-03-24 11:01:00,7750,7770,7750,7770,310
2026-03-24 11:03:00,7790,7790,7780,7780,14
2026-03-24 11:04:00,7790,7790,7790,7790,808
2026-03-24 11:05:00,7790,7790,7790,7790,1196
2026-03-24 11:07:00,7780,7780,7770,7770,24
2026-03-24 11:08:00,7760,7760,7760,7760,163
2026-03-24 11:10:00,7760,7760,7760,7760,1136
2026-03-24 11:11:00,7750,7750,7740,7740,1322
2026-03-24 11:12:00,7740,7740,7740,7740,8
2026-03-24 11:13:00,7740,7740,7740,7740,79
2026-03-24 11:14:00,7740,7740,7740,7740,29
2026-03-24 11:15:00,7740,7740,7740,7740,136
2026-03-24 11:16:00,7740,7740,7720,7740,6959
2026-03-24 11:18:00,7750,7750,7750,7750,54
2026-03-24 11:19:00,7760,7770,7760,7770,46
2026-03-24 11:20:00,7770,7770,7770,7770,277
2026-03-24 11:21:00,7770,7770,7770,7770,658
2026-03-24 11:22:00,7800,7800,7750,7750,143
2026-03-24 11:23:00,7750,7750,7750,7750,41
2026-03-24 11:35:00,7770,7770,7750,7750,966
2026-03-24 11:36:00,7780,7800,7770,7770,264
2026-03-24 11:38:00,7790,7800,7790,7800,524
2026-03-24 11:39:00,7810,7810,7810,7810,123
2026-03-24 11:40:00,7810,7840,7810,7840,2052
2026-03-24 11:41:00,7840,7840,7840,7840,10
2026-03-24 11:42:00,7840,7840,7830,7830,80
2026-03-24 11:43:00,7840,7840,7840,7840,102
2026-03-24 11:44:00,7830,7830,7770,7830,416
2026-03-24 11:45:00,7830,7830,7800,7820,451
2026-03-24 11:46:00,7840,7840,7840,7840,412
2026-03-24 11:47:00,7840,7840,7840,7840,4
2026-03-24 11:48:00,7840,7840,7840,7840,323
2026-03-24 11:49:00,7840,7840,7840,7840,1
2026-03-24 11:50:00,7840,7840,7840,7840,6
2026-03-24 11:51:00,7840,7840,7840,7840,10
2026-03-24 11:52:00,7840,7840,7840,7840,20
2026-03-24 11:53:00,7840,7840,7840,7840,3
2026-03-24 11:55:00,7830,7830,7830,7830,53
2026-03-24 11:56:00,7830,7850,7830,7850,132
2026-03-24 11:57:00,7850,7850,7850,7850,193
2026-03-24 11:59:00,7840,7840,7840,7840,380
2026-03-24 12:01:00,7840,7840,7830,7830,566
2026-03-24 12:03:00,7830,7840,7810,7840,186
2026-03-24 12:04:00,7820,7840,7810,7840,34
2026-03-24 12:05:00,7840,7840,7830,7840,119
2026-03-24 12:06:00,7840,7840,7840,7840,160
2026-03-24 12:07:00,7840,7840,7840,7840,10
2026-03-24 12:08:00,7820,7820,7820,7820,75
2026-03-24 12:11:00,7840,7840,7830,7830,92
2026-03-24 12:12:00,7830,7830,7830,7830,5
2026-03-24 12:15:00,7820,7820,7820,7820,158
2026-03-24 12:18:00,7825,7825,7825,7825,5
2026-03-24 12:20:00,7825,7825,7820,7820,12
2026-03-24 12:21:00,7820,7825,7820,7825,21
2026-03-24 12:22:00,7820,7820,7820,7820,30
2026-03-24 12:23:00,7820,7820,7815,7820,437
2026-03-24 12:24:00,7820,7840,7820,7840,1087
2026-03-24 12:26:00,7820,7820,7820,7820,10
2026-03-24 12:33:00,7820,7820,7820,7820,288
2026-03-24 12:34:00,7820,7830,7820,7830,106
2026-03-24 12:35:00,7810,7830,7810,7830,112
2026-03-24 12:36:00,7830,7840,7830,7840,26
2026-03-24 12:37:00,7830,7830,7810,7810,8
2026-03-24 12:40:00,7810,7820,7810,7820,4
2026-03-24 12:45:00,7830,7840,7830,7840,1152
2026-03-24 12:46:00,7835,7850,7835,7850,597
2026-03-24 12:48:00,7865,7865,7850,7850,5015
2026-03-24 12:49:00,7850,7850,7850,7850,2
2026-03-24 12:50:00,7850,7850,7850,7850,390
2026-03-24 12:51:00,7850,7850,7850,7850,4
2026-03-24 12:52:00,7850,7850,7810,7810,238
2026-03-24 12:56:00,7830,7830,7830,7830,1
2026-03-24 12:57:00,7830,7830,7830,7830,2
2026-03-24 12:58:00,7820,7830,7820,7830,8
2026-03-24 12:59:00,7830,7830,7830,7830,1
2026-03-24 13:01:00,7830,7830,7830,7830,2
2026-03-24 13:05:00,7830,7830,7830,7830,61
2026-03-24 13:06:00,7840,7840,7840,7840,1
2026-03-24 13:07:00,7840,7870,7840,7870,1752
2026-03-24 13:08:00,7870,7870,7780,7780,1102
2026-03-24 13:10:00,7820,7820,7810,7810,39
2026-03-24 13:11:00,7870,7870,7870,7870,93
2026-03-24 13:12:00,7870,7870,7870,7870,6
2026-03-24 13:13:00,7860,7860,7860,7860,1
2026-03-24 13:17:00,7860,7860,7860,7860,310
2026-03-24 13:18:00,7850,7850,7850,7850,250
2026-03-24 13:19:00,7850,7850,7850,7850,250
2026-03-24 13:20:00,7860,7870,7860,7870,15
2026-03-24 13:21:00,7870,7870,7870,7870,227
2026-03-24 13:22:00,7880,7880,7870,7870,53
2026-03-24 13:23:00,7860,7860,7850,7850,413
2026-03-24 13:24:00,7860,7860,7860,7860,99
2026-03-24 13:26:00,7870,7870,7870,7870,1
2026-03-24 13:27:00,7880,7890,7880,7890,215
2026-03-24 13:28:00,7900,7900,7900,7900,308
2026-03-24 13:29:00,7900,7900,7900,7900,27
2026-03-24 13:30:00,7900,7900,7900,7900,50
2026-03-24 13:33:00,7900,7930,7890,7930,147
2026-03-24 13:34:00,7920,7920,7920,7920,10
2026-03-24 13:35:00,7920,7920,7920,7920,17
2026-03-24 13:39:00,7920,7920,7920,7920,2
2026-03-24 13:40:00,7920,7920,7920,7920,139
2026-03-24 13:41:00,7910,7920,7910,7920,98
2026-03-24 13:43:00,7900,7900,7900,7900,200
2026-03-24 13:44:00,7900,7900,7900,7900,78
2026-03-24 13:45:00,7910,7920,7910,7920,317
2026-03-24 13:47:00,7920,7930,7920,7930,103
2026-03-24 13:48:00,7930,7940,7930,7940,210
2026-03-24 13:49:00,7940,7940,7940,7940,11
2026-03-24 13:50:00,7940,7940,7940,7940,34
2026-03-24 13:53:00,7910,7910,7900,7910,79
2026-03-24 13:55:00,7910,7910,7900,7900,20
2026-03-24 14:01:00,7900,7900,7900,7900,400
2026-03-24 14:05:00,7900,7900,7870,7870,464
2026-03-24 14:06:00,7870,7870,7860,7860,300
2026-03-24 14:08:00,7860,7860,7860,7860,30
2026-03-24 14:09:00,7860,7860,7850,7850,136
2026-03-24 14:11:00,7850,7850,7830,7830,1082
2026-03-24 14:12:00,7830,7830,7830,7830,12
2026-03-24 14:18:00,7850,7870,7850,7870,543
2026-03-24 14:19:00,7850,7850,7850,7850,20
2026-03-24 14:21:00,7870,7870,7840,7840,250
2026-03-24 14:22:00,7840,7840,7840,7840,107
2026-03-24 14:24:00,7830,7830,7830,7830,270
2026-03-24 14:26:00,7830,7830,7830,7830,4
2026-03-24 14:27:00,7850,7880,7850,7880,10
2026-03-24 14:28:00,7880,7880,7880,7880,8
2026-03-24 14:31:00,7880,7880,7880,7880,20
2026-03-24 14:33:00,7870,7870,7830,7830,30
2026-03-24 14:36:00,7830,7830,7830,7830,3
2026-03-24 14:39:00,7845,7845,7845,7845,11
2026-03-24 14:42:00,7850,7860,7850,7860,173
2026-03-24 14:46:00,7860,7860,7860,7860,29
2026-03-24 14:47:00,7840,7840,7840,7840,163
2026-03-24 14:48:00,7840,7840,7840,7840,30
2026-03-24 14:49:00,7840,7840,7830,7830,45
2026-03-24 14:52:00,7860,7860,7860,7860,780
2026-03-24 14:54:00,7870,7870,7870,7870,1
2026-03-24 14:55:00,7870,7870,7860,7860,114
2026-03-24 14:56:00,7860,7870,7860,7870,143
2026-03-24 14:58:00,7870,7880,7870,7880,153
2026-03-24 14:59:00,7880,7880,7880,7880,102
2026-03-24 15:01:00,7880,7880,7880,7880,225
2026-03-24 15:02:00,7880,7880,7870,7870,112
2026-03-24 15:03:00,7890,7890,7890,7890,146
2026-03-24 15:04:00,7890,7890,7890,7890,6
2026-03-24 15:06:00,7890,7890,7890,7890,91
2026-03-24 15:07:00,7890,7890,7890,7890,1
2026-03-24 15:09:00,7890,7890,7890,7890,4
2026-03-24 15:11:00,7890,7890,7870,7890,922
2026-03-24 15:12:00,7880,7890,7880,7890,110
2026-03-24 15:15:00,7880,7880,7880,7880,13
2026-03-24 15:16:00,7890,7890,7890,7890,166
2026-03-24 15:17:00,7920,7920,7920,7920,2
2026-03-24 15:18:00,7920,7920,7920,7920,1
2026-03-24 15:19:00,7920,7920,7880,7880,601
2026-03-24 15:30:00,7890,7890,7890,7890,155
2026-03-24 15:35:00,7890,7890,7890,7890,88
2026-03-25 09:00:00,8080,8080,7900,7990,490
2026-03-25 09:01:00,7990,7990,7940,7940,648
2026-03-25 09:02:00,7980,8020,7970,8020,1621
2026-03-25 09:03:00,8020,8020,8020,8020,154
2026-03-25 09:04:00,8040,8040,8040,8040,2
2026-03-25 09:05:00,8030,8040,8000,8020,700
2026-03-25 09:06:00,8020,8030,7990,8000,376
2026-03-25 09:07:00,8000,8000,7970,7990,69
2026-03-25 09:08:00,7970,7990,7970,7990,1807
2026-03-25 09:09:00,7990,7990,7990,7990,6
2026-03-25 09:10:00,7990,7990,7970,7970,130
2026-03-25 09:11:00,7970,8000,7970,8000,94
2026-03-25 09:12:00,7990,8000,7990,8000,10
2026-03-25 09:13:00,8000,8000,8000,8000,53
2026-03-25 09:14:00,7990,8000,7990,8000,1365
2026-03-25 09:16:00,7990,8010,7990,8010,925
2026-03-25 09:17:00,8010,8010,8010,8010,391
2026-03-25 09:18:00,8010,8010,8000,8000,605
2026-03-25 09:19:00,8000,8000,7970,7990,172
2026-03-25 09:20:00,7990,7990,7990,7990,86
2026-03-25 09:21:00,7990,7990,7990,7990,131
2026-03-25 09:22:00,7990,7990,7990,7990,234
2026-03-25 09:23:00,7990,7990,7970,7970,456
2026-03-25 09:24:00,7980,7980,7950,7950,1385
2026-03-25 09:25:00,7950,7950,7950,7950,1663
2026-03-25 09:26:00,7960,7960,7960,7960,145
2026-03-25 09:27:00,7960,7960,7960,7960,1444
2026-03-25 09:28:00,7960,7960,7960,7960,100
2026-03-25 09:29:00,7980,7990,7980,7990,11
2026-03-25 09:30:00,7990,8000,7990,8000,899
2026-03-25 09:31:00,8000,8010,8000,8010,723
2026-03-25 09:32:00,8005,8020,8000,8020,782
2026-03-25 09:33:00,8020,8020,8020,8020,44
2026-03-25 09:34:00,8010,8010,8010,8010,1
2026-03-25 09:35:00,8010,8030,8010,8030,124
2026-03-25 09:36:00,8010,8020,8010,8020,139
2026-03-25 09:37:00,8020,8020,8020,8020,3
2026-03-25 09:38:00,8020,8020,8010,8010,186
2026-03-25 09:39:00,8010,8010,8000,8010,292
2026-03-25 09:40:00,8010,8010,8000,8000,264
2026-03-25 09:41:00,8010,8010,8010,8010,28
2026-03-25 09:42:00,8010,8010,8000,8000,52
2026-03-25 09:43:00,8010,8010,8000,8010,1427
2026-03-25 09:44:00,8010,8020,8010,8020,1160
2026-03-25 09:45:00,8010,8010,8010,8010,127
2026-03-25 09:46:00,8020,8020,8020,8020,254
2026-03-25 09:47:00,8000,8020,8000,8020,527
2026-03-25 09:48:00,8020,8020,8000,8000,500
2026-03-25 09:51:00,8020,8030,8020,8020,1086
2026-03-25 09:52:00,8020,8020,8000,8000,186
2026-03-25 09:53:00,8010,8010,8000,8000,464
2026-03-25 09:54:00,8020,8040,8020,8030,929
2026-03-25 09:55:00,8030,8040,8030,8040,501
2026-03-25 09:57:00,8040,8070,8040,8070,294
2026-03-25 09:58:00,8070,8070,8060,8060,97
2026-03-25 09:59:00,8060,8060,8050,8060,8
2026-03-25 10:00:00,8060,8060,8050,8050,82
2026-03-25 10:01:00,8040,8050,8040,8040,835
2026-03-25 10:02:00,8040,8040,8040,8040,10
2026-03-25 10:03:00,8040,8050,8020,8020,190
2026-03-25 10:04:00,8020,8050,8020,8050,103
2026-03-25 10:05:00,8050,8050,8050,8050,1
2026-03-25 10:06:00,8050,8050,8050,8050,410
2026-03-25 10:07:00,8050,8060,8050,8060,186
2026-03-25 10:08:00,8060,8060,8045,8045,218
2026-03-25 10:10:00,8040,8040,8040,8040,29
2026-03-25 10:11:00,8050,8050,8040,8040,100
2026-03-25 10:13:00,8050,8050,8040,8040,199
2026-03-25 10:14:00,8030,8030,8010,8020,905
2026-03-25 10:15:00,8030,8030,8030,8030,10
2026-03-25 10:17:00,8010,8020,8010,8020,3
2026-03-25 10:19:00,8020,8020,8020,8020,28
2026-03-25 10:20:00,8020,8020,8020,8020,474
2026-03-25 10:21:00,8020,8020,8020,8020,500
2026-03-25 10:22:00,8020,8020,8020,8020,532
2026-03-25 10:23:00,8020,8030,8020,8030,21
2026-03-25 10:24:00,8030,8030,8030,8030,711
2026-03-25 10:25:00,8040,8040,8030,8030,6
2026-03-25 10:26:00,8030,8030,8020,8020,504
2026-03-25 10:28:00,8020,8020,8020,8020,27
2026-03-25 10:29:00,8030,8030,8030,8030,662
2026-03-25 10:30:00,8030,8030,8020,8020,97
2026-03-25 10:31:00,8030,8050,8030,8050,241
2026-03-25 10:33:00,8040,8040,8040,8040,2
2026-03-25 10:36:00,8040,8040,8040,8040,126
2026-03-25 10:37:00,8040,8050,8040,8050,107
2026-03-25 10:38:00,8050,8050,8050,8050,1
2026-03-25 10:39:00,8050,8050,8040,8040,2
2026-03-25 10:40:00,8040,8050,8040,8050,67
2026-03-25 10:41:00,8050,8050,8040,8050,22
2026-03-25 10:42:00,8040,8040,8030,8040,245
2026-03-25 10:43:00,8040,8050,8020,8020,62
2026-03-25 10:44:00,8020,8020,8020,8020,95
2026-03-25 10:45:00,8020,8030,8020,8030,109
2026-03-25 10:47:00,8030,8030,8030,8030,183
2026-03-25 10:49:00,8030,8030,8030,8030,186
2026-03-25 10:50:00,8050,8070,8050,8070,836
2026-03-25 10:51:00,8070,8070,8030,8030,208
2026-03-25 10:52:00,8060,8060,8060,8060,1
2026-03-25 10:53:00,8060,8060,8060,8060,3
2026-03-25 10:54:00,8040,8050,8040,8050,565
2026-03-25 10:55:00,8050,8050,8050,8050,3
2026-03-25 10:56:00,8050,8060,8050,8060,35
2026-03-25 10:57:00,8060,8060,8060,8060,1
2026-03-25 10:58:00,8040,8040,8040,8040,100
2026-03-25 11:02:00,8040,8040,8040,8040,93
2026-03-25 11:03:00,8050,8050,8050,8050,100
2026-03-25 11:04:00,8050,8050,8050,8050,17
2026-03-25 11:06:00,8050,8050,8050,8050,10
2026-03-25 11:08:00,8040,8040,8040,8040,1004
2026-03-25 11:09:00,8030,8040,8030,8040,463
2026-03-25 11:10:00,8030,8040,8030,8040,58
2026-03-25 11:11:00,8030,8030,8030,8030,4
2026-03-25 11:12:00,8030,8030,8020,8020,685
2026-03-25 11:13:00,8010,8020,8010,8010,61
2026-03-25 11:14:00,8010,8010,8010,8010,137
2026-03-25 11:15:00,8010,8010,7990,7990,352
2026-03-25 11:16:00,7990,7990,7990,7990,861
2026-03-25 11:17:00,7990,7990,7990,7990,119
2026-03-25 11:19:00,8000,8000,8000,8000,16
2026-03-25 11:20:00,8010,8010,8000,8000,51
2026-03-25 11:22:00,8010,8020,8010,8020,53
2026-03-25 11:23:00,8020,8040,8020,8040,317
2026-03-25 11:24:00,8040,8040,8040,8040,12
2026-03-25 11:25:00,8040,8040,8040,8040,1
2026-03-25 11:26:00,8040,8040,8040,8040,92
2026-03-25 11:28:00,8040,8040,8040,8040,87
2026-03-25 11:29:00,8040,8040,8040,8040,10
2026-03-25 11:31:00,8020,8020,8020,8020,58
2026-03-25 11:32:00,8010,8010,8000,8010,1844
2026-03-25 11:33:00,8010,8010,8010,8010,6
2026-03-25 11:35:00,8030,8030,8030,8030,48
2026-03-25 11:36:00,8030,8030,8030,8030,12
2026-03-25 11:40:00,8040,8040,8040,8040,57
2026-03-25 11:41:00,8040,8040,8030,8030,6
2026-03-25 11:44:00,8040,8040,8040,8040,12
2026-03-25 11:45:00,8030,8030,8030,8030,46
2026-03-25 11:46:00,8030,8030,8030,8030,10
2026-03-25 11:50:00,8030,8030,8030,8030,1
2026-03-25 11:51:00,8030,8030,8020,8020,146
2026-03-25 11:52:00,8030,8030,8030,8030,10
2026-03-25 11:54:00,8030,8030,8030,8030,60
2026-03-25 11:55:00,8010,8010,8010,8010,1
2026-03-25 11:56:00,8010,8010,8010,8010,163
2026-03-25 11:57:00,8020,8020,8020,8020,1023
2026-03-25 11:58:00,8030,8030,8030,8030,53
2026-03-25 11:59:00,8030,8030,8030,8030,27
2026-03-25 12:00:00,8020,8020,8020,8020,80
2026-03-25 12:02:00,8030,8040,8030,8040,28
2026-03-25 12:05:00,8040,8040,8040,8040,1
2026-03-25 12:06:00,8040,8040,8040,8040,100
2026-03-25 12:07:00,8040,8040,8040,8040,20
2026-03-25 12:08:00,8040,8040,8040,8040,877
2026-03-25 12:09:00,8050,8070,8050,8070,96
2026-03-25 12:10:00,8070,8070,8070,8070,18
2026-03-25 12:11:00,8060,8060,8060,8060,15
2026-03-25 12:12:00,8060,8070,8060,8070,41
2026-03-25 12:14:00,8050,8060,8050,8060,334
2026-03-25 12:16:00,8040,8060,8040,8060,409
2026-03-25 12:17:00,8030,8030,8030,8030,38
2026-03-25 12:20:00,8060,8060,8040,8040,20
2026-03-25 12:21:00,8040,8045,8040,8040,311
2026-03-25 12:22:00,8050,8050,8050,8050,15
2026-03-25 12:23:00,8050,8070,8050,8070,804
2026-03-25 12:24:00,8070,8080,8070,8080,393
2026-03-25 12:25:00,8070,8120,8070,8120,3684
2026-03-25 12:26:00,8120,8130,8120,8120,1248
2026-03-25 12:27:00,8120,8120,8090,8110,1317
2026-03-25 12:28:00,8100,8110,8100,8100,224
2026-03-25 12:29:00,8100,8110,8080,8080,63
2026-03-25 12:30:00,8080,8110,8080,8110,114
2026-03-25 12:31:00,8110,8110,8110,8110,25
2026-03-25 12:32:00,8110,8110,8100,8100,120
2026-03-25 12:33:00,8100,8110,8100,8110,40
2026-03-25 12:34:00,8090,8090,8090,8090,18
2026-03-25 12:36:00,8090,8090,8080,8080,11
2026-03-25 12:37:00,8080,8080,8080,8080,4
2026-03-25 12:40:00,8080,8080,8080,8080,16
2026-03-25 12:41:00,8080,8080,8080,8080,500
2026-03-25 12:43:00,8090,8090,8080,8080,112
2026-03-25 12:44:00,8080,8080,8080,8080,209
2026-03-25 12:45:00,8080,8080,8080,8080,501
2026-03-25 12:46:00,8080,8080,8080,8080,14
2026-03-25 12:47:00,8080,8090,8080,8090,88
2026-03-25 12:48:00,8090,8090,8080,8080,237
2026-03-25 12:51:00,8070,8090,8070,8090,466
2026-03-25 12:52:00,8090,8100,8090,8100,714
2026-03-25 12:53:00,8100,8100,8100,8100,4
2026-03-25 12:54:00,8090,8090,8090,8090,93
2026-03-25 12:55:00,8090,8100,8090,8100,22
2026-03-25 12:56:00,8100,8100,8100,8100,30
2026-03-25 12:58:00,8100,8100,8100,8100,42
2026-03-25 13:00:00,8100,8100,8100,8100,29
2026-03-25 13:02:00,8090,8090,8080,8090,543
2026-03-25 13:03:00,8100,8100,8100,8100,1
2026-03-25 13:04:00,8090,8100,8090,8100,8
2026-03-25 13:07:00,8090,8090,8090,8090,208
2026-03-25 13:08:00,8090,8090,8090,8090,97
2026-03-25 13:10:00,8080,8080,8080,8080,749
2026-03-25 13:11:00,8080,8080,8080,8080,64
2026-03-25 13:12:00,8090,8090,8090,8090,1
2026-03-25 13:13:00,8090,8090,8090,8090,125
2026-03-25 13:14:00,8070,8090,8070,8080,655
2026-03-25 13:15:00,8090,8100,8090,8100,476
2026-03-25 13:16:00,8100,8100,8100,8100,185
2026-03-25 13:17:00,8100,8110,8100,8110,252
2026-03-25 13:18:00,8110,8110,8110,8110,67
2026-03-25 13:20:00,8100,8100,8100,8100,1
2026-03-25 13:21:00,8110,8110,8110,8110,71
2026-03-25 13:22:00,8100,8110,8100,8100,416
2026-03-25 13:23:00,8110,8110,8110,8110,3
2026-03-25 13:24:00,8110,8110,8110,8110,35
2026-03-25 13:26:00,8110,8110,8110,8110,100
2026-03-25 13:27:00,8110,8110,8100,8110,115
2026-03-25 13:28:00,8110,8110,8110,8110,12
2026-03-25 13:29:00,8110,8110,8110,8110,130
2026-03-25 13:30:00,8110,8110,8110,8110,386
2026-03-25 13:31:00,8110,8110,8100,8100,501
2026-03-25 13:34:00,8100,8100,8100,8100,109
2026-03-25 13:37:00,8100,8100,8090,8090,114
2026-03-25 13:40:00,8090,8100,8090,8100,22
2026-03-25 13:41:00,8100,8100,8090,8100,510
2026-03-25 13:44:00,8100,8130,8100,8130,1466
2026-03-25 13:45:00,8120,8120,8120,8120,138
2026-03-25 13:46:00,8120,8120,8120,8120,20
2026-03-25 13:48:00,8120,8120,8120,8120,59
2026-03-25 13:50:00,8120,8120,8120,8120,49
2026-03-25 13:53:00,8120,8120,8110,8110,3
2026-03-25 13:55:00,8110,8110,8110,8110,22
2026-03-25 13:56:00,8110,8110,8110,8110,2
2026-03-25 13:57:00,8120,8120,8110,8110,63
2026-03-25 14:00:00,8120,8120,8120,8120,3
2026-03-25 14:01:00,8120,8120,8120,8120,33
2026-03-25 14:02:00,8110,8110,8110,8110,5
2026-03-25 14:03:00,8120,8120,8120,8120,2
2026-03-25 14:04:00,8120,8120,8120,8120,321
2026-03-25 14:05:00,8120,8120,8120,8120,28
2026-03-25 14:07:00,8120,8120,8120,8120,182
2026-03-25 14:08:00,8110,8110,8110,8110,392
2026-03-25 14:11:00,8100,8100,8060,8070,428
2026-03-25 14:12:00,8070,8100,8070,8100,52
2026-03-25 14:14:00,8100,8130,8020,8130,3695
2026-03-25 14:15:00,8080,8130,8030,8130,1643
2026-03-25 14:16:00,8130,8130,8130,8130,492
2026-03-25 14:17:00,8140,8150,8140,8140,584
2026-03-25 14:18:00,8150,8150,8150,8150,43
2026-03-25 14:19:00,8140,8150,8140,8150,30
2026-03-25 14:20:00,8150,8150,8150,8150,284
2026-03-25 14:21:00,8150,8150,8150,8150,127
2026-03-25 14:22:00,8150,8150,8150,8150,1274
2026-03-25 14:23:00,8140,8150,8140,8140,306
2026-03-25 14:24:00,8140,8140,8140,8140,19
2026-03-25 14:25:00,8140,8140,8140,8140,32
2026-03-25 14:26:00,8140,8150,8120,8120,560
2026-03-25 14:28:00,8150,8170,8150,8170,5876
2026-03-25 14:29:00,8170,8170,8170,8170,312
2026-03-25 14:30:00,8170,8170,8150,8170,206
2026-03-25 14:31:00,8170,8170,8150,8150,20
2026-03-25 14:32:00,8150,8150,8150,8150,1
2026-03-25 14:34:00,8150,8150,8150,8150,145
2026-03-25 14:35:00,8145,8150,8145,8150,147
2026-03-25 14:37:00,8140,8140,8140,8140,7
2026-03-25 14:38:00,8140,8140,8140,8140,231
2026-03-25 14:39:00,8140,8140,8140,8140,3
2026-03-25 14:40:00,8140,8140,8140,8140,33
2026-03-25 14:42:00,8140,8140,8135,8140,180
2026-03-25 14:43:00,8140,8140,8130,8130,105
2026-03-25 14:44:00,8150,8150,8140,8140,104
2026-03-25 14:45:00,8140,8140,8140,8140,500
2026-03-25 14:46:00,8130,8130,8130,8130,5
2026-03-25 14:47:00,8140,8140,8140,8140,115
2026-03-25 14:48:00,8150,8150,8150,8150,496
2026-03-25 14:49:00,8140,8140,8140,8140,159
2026-03-25 14:50:00,8150,8150,8150,8150,89
2026-03-25 14:51:00,8150,8150,8140,8150,107
2026-03-25 14:52:00,8150,8150,8150,8150,50
2026-03-25 14:53:00,8150,8150,8150,8150,10
2026-03-25 14:54:00,8140,8150,8140,8150,215
2026-03-25 14:56:00,8140,8150,8140,8150,45
2026-03-25 14:57:00,8150,8150,8150,8150,123
2026-03-25 14:58:00,8150,8160,8150,8160,206
2026-03-25 14:59:00,8160,8160,8160,8160,11
2026-03-25 15:00:00,8160,8160,8160,8160,110
2026-03-25 15:01:00,8160,8160,8160,8160,1
2026-03-25 15:03:00,8160,8160,8150,8160,230
2026-03-25 15:04:00,8160,8160,8160,8160,3
2026-03-25 15:05:00,8160,8160,8150,8150,353
2026-03-25 15:06:00,8150,8150,8150,8150,202
2026-03-25 15:07:00,8160,8160,8150,8150,380
2026-03-25 15:08:00,8150,8160,8150,8160,47
2026-03-25 15:10:00,8150,8150,8150,8150,146
2026-03-25 15:11:00,8150,8150,8150,8150,76
2026-03-25 15:12:00,8150,8160,8150,8160,151
2026-03-25 15:13:00,8160,8160,8160,8160,49
2026-03-25 15:14:00,8160,8160,8155,8155,61
2026-03-25 15:16:00,8160,8160,8160,8160,265
2026-03-25 15:17:00,8150,8150,8150,8150,100
2026-03-25 15:18:00,8160,8160,8160,8160,4
2026-03-25 15:19:00,8150,8160,8150,8150,1191
2026-03-25 15:30:00,8150,8150,8150,8150,357
2026-03-25 15:35:00,8150,8150,8150,8150,207
2026-03-26 09:00:00,8150,8160,8140,8140,2838
2026-03-26 09:01:00,8130,8170,8110,8170,1537
2026-03-26 09:02:00,8180,8230,8180,8230,1769
2026-03-26 09:03:00,8200,8210,8150,8160,1358
2026-03-26 09:04:00,8160,8160,8150,8150,106
2026-03-26 09:05:00,8150,8150,8140,8140,107
2026-03-26 09:06:00,8140,8140,8140,8140,110
2026-03-26 09:07:00,8120,8140,8120,8120,388
2026-03-26 09:08:00,8120,8140,8100,8100,536
2026-03-26 09:09:00,8100,8140,8100,8140,404
2026-03-26 09:10:00,8160,8210,8140,8210,746
2026-03-26 09:11:00,8200,8210,8200,8210,784
2026-03-26 09:12:00,8200,8200,8190,8190,19
2026-03-26 09:13:00,8180,8190,8170,8190,89
2026-03-26 09:14:00,8190,8190,8190,8190,101
2026-03-26 09:15:00,8190,8190,8190,8190,14
2026-03-26 09:16:00,8190,8190,8190,8190,316
2026-03-26 09:17:00,8190,8190,8180,8180,272
2026-03-26 09:18:00,8190,8200,8190,8190,640
2026-03-26 09:19:00,8190,8200,8190,8200,490
2026-03-26 09:20:00,8190,8190,8190,8190,164
2026-03-26 09:21:00,8190,8190,8190,8190,108
2026-03-26 09:22:00,8190,8190,8190,8190,1
2026-03-26 09:23:00,8180,8180,8150,8150,668
2026-03-26 09:24:00,8160,8190,8160,8190,35
2026-03-26 09:25:00,8170,8170,8170,8170,220
2026-03-26 09:26:00,8180,8190,8180,8190,135
2026-03-26 09:27:00,8190,8190,8190,8190,3
2026-03-26 09:28:00,8190,8190,8180,8180,516
2026-03-26 09:29:00,8200,8200,8200,8200,36
2026-03-26 09:30:00,8200,8210,8200,8210,1271
2026-03-26 09:31:00,8210,8210,8200,8200,249
2026-03-26 09:32:00,8200,8210,8200,8210,27
2026-03-26 09:33:00,8210,8220,8210,8220,369
2026-03-26 09:34:00,8220,8220,8220,8220,145
2026-03-26 09:35:00,8220,8220,8220,8220,65
2026-03-26 09:36:00,8200,8220,8200,8220,748
2026-03-26 09:37:00,8220,8220,8220,8220,300
2026-03-26 09:38:00,8220,8220,8200,8200,33
2026-03-26 09:39:00,8230,8230,8230,8230,220
2026-03-26 09:40:00,8230,8230,8230,8230,98
2026-03-26 09:41:00,8230,8230,8180,8180,1449
2026-03-26 09:42:00,8240,8240,8210,8210,463
2026-03-26 09:43:00,8220,8220,8220,8220,1
2026-03-26 09:44:00,8230,8270,8230,8270,880
2026-03-26 09:45:00,8270,8280,8270,8280,838
2026-03-26 09:46:00,8280,8300,8280,8280,2368
2026-03-26 09:47:00,8280,8300,8280,8290,521
2026-03-26 09:48:00,8240,8280,8240,8280,101
2026-03-26 09:49:00,8280,8280,8260,8260,92
2026-03-26 09:50:00,8260,8260,8250,8250,62
2026-03-26 09:51:00,8240,8240,8210,8210,797
2026-03-26 09:52:00,8210,8210,8210,8210,217
2026-03-26 09:53:00,8210,8220,8210,8220,70
2026-03-26 09:54:00,8220,8220,8220,8220,1
2026-03-26 09:55:00,8220,8220,8220,8220,438
2026-03-26 09:56:00,8250,8260,8250,8260,127
2026-03-26 09:57:00,8260,8270,8260,8270,11
2026-03-26 09:58:00,8270,8270,8200,8260,534
2026-03-26 09:59:00,8260,8270,8260,8270,514
2026-03-26 10:00:00,8260,8270,8260,8270,29
2026-03-26 10:01:00,8270,8270,8270,8270,229
2026-03-26 10:02:00,8270,8270,8270,8270,319
2026-03-26 10:03:00,8270,8270,8240,8240,137
2026-03-26 10:04:00,8240,8260,8220,8250,1460
2026-03-26 10:06:00,8260,8260,8260,8260,8
2026-03-26 10:07:00,8260,8260,8260,8260,2
2026-03-26 10:08:00,8250,8260,8250,8260,1080
2026-03-26 10:09:00,8260,8260,8220,8260,320
2026-03-26 10:10:00,8260,8260,8260,8260,248
2026-03-26 10:12:00,8230,8230,8230,8230,261
2026-03-26 10:14:00,8250,8250,8250,8250,3
2026-03-26 10:15:00,8220,8220,8210,8210,310
2026-03-26 10:16:00,8200,8200,8200,8200,46
2026-03-26 10:17:00,8200,8200,8180,8180,600
2026-03-26 10:18:00,8190,8190,8180,8180,401
2026-03-26 10:19:00,8180,8180,8180,8180,11
2026-03-26 10:20:00,8170,8190,8170,8190,43
2026-03-26 10:21:00,8210,8210,8210,8210,2
2026-03-26 10:22:00,8230,8230,8230,8230,1
2026-03-26 10:23:00,8210,8210,8210,8210,105
2026-03-26 10:24:00,8220,8220,8220,8220,138
2026-03-26 10:25:00,8210,8210,8210,8210,1
2026-03-26 10:28:00,8210,8210,8210,8210,1
2026-03-26 10:29:00,8190,8190,8160,8160,789
2026-03-26 10:30:00,8170,8170,8170,8170,27
2026-03-26 10:31:00,8200,8200,8200,8200,208
2026-03-26 10:33:00,8200,8200,8160,8160,91
2026-03-26 10:35:00,8160,8180,8160,8180,83
2026-03-26 10:36:00,8170,8170,8170,8170,1
2026-03-26 10:37:00,8160,8160,8140,8140,1239
2026-03-26 10:38:00,8140,8150,8140,8150,462
2026-03-26 10:39:00,8150,8150,8150,8150,11
2026-03-26 10:41:00,8150,8150,8150,8150,5
2026-03-26 10:42:00,8140,8140,8110,8110,811
2026-03-26 10:43:00,8110,8110,8100,8100,177
2026-03-26 10:44:00,8100,8100,8100,8100,310
2026-03-26 10:45:00,8100,8100,8100,8100,176
2026-03-26 10:46:00,8100,8120,8100,8120,11
2026-03-26 10:47:00,8110,8110,8080,8080,200
2026-03-26 10:48:00,8080,8080,8060,8060,1500
2026-03-26 10:50:00,8080,8080,8080,8080,3
2026-03-26 10:51:00,8070,8070,8060,8060,304
2026-03-26 10:53:00,8090,8090,8090,8090,5
2026-03-26 10:54:00,8060,8070,8060,8070,297
2026-03-26 10:56:00,8070,8070,8070,8070,1
2026-03-26 10:57:00,8080,8080,8070,8070,85
2026-03-26 10:58:00,8080,8080,8080,8080,6
2026-03-26 11:00:00,8080,8080,8080,8080,51
2026-03-26 11:01:00,8080,8080,8080,8080,30
2026-03-26 11:02:00,8080,8080,8080,8080,3
2026-03-26 11:03:00,8100,8100,8100,8100,6
2026-03-26 11:04:00,8090,8090,8080,8080,121
2026-03-26 11:05:00,8070,8070,8070,8070,1
2026-03-26 11:07:00,8070,8070,8060,8060,334
2026-03-26 11:08:00,8060,8060,8050,8050,474
2026-03-26 11:10:00,8050,8050,8030,8030,463
2026-03-26 11:11:00,8040,8040,8030,8030,640
2026-03-26 11:12:00,8050,8050,8030,8030,311
2026-03-26 11:13:00,8030,8030,8030,8030,424
2026-03-26 11:14:00,8030,8030,8030,8030,248
2026-03-26 11:15:00,8020,8020,8020,8020,30
2026-03-26 11:16:00,8020,8020,8020,8020,305
2026-03-26 11:17:00,8020,8020,8020,8020,45
2026-03-26 11:18:00,8010,8010,8000,8000,1359
2026-03-26 11:19:00,8010,8010,8000,8000,1103
2026-03-26 11:20:00,8000,8000,8000,8000,465
2026-03-26 11:21:00,8000,8000,8000,8000,269
2026-03-26 11:22:00,8000,8010,8000,8010,82
2026-03-26 11:23:00,7990,8000,7990,8000,25
2026-03-26 11:24:00,8010,8010,8010,8010,10
2026-03-26 11:25:00,8010,8010,7990,7990,205
2026-03-26 11:26:00,7990,7990,7980,7980,200
2026-03-26 11:27:00,7980,7980,7980,7980,50
2026-03-26 11:28:00,7980,7980,7980,7980,809
2026-03-26 11:32:00,7990,7990,7990,7990,1
2026-03-26 11:33:00,7980,7980,7980,7980,123
2026-03-26 11:34:00,7980,7990,7980,7990,451
2026-03-26 11:35:00,7990,8000,7990,8000,84
2026-03-26 11:36:00,8000,8000,8000,8000,9
2026-03-26 11:37:00,7990,7990,7970,7970,152
2026-03-26 11:38:00,7990,7990,7960,7960,2834
2026-03-26 11:41:00,7990,7990,7990,7990,12
2026-03-26 11:42:00,7990,8000,7990,8000,782
2026-03-26 11:43:00,8000,8000,8000,8000,189
2026-03-26 11:45:00,8000,8000,8000,8000,23
2026-03-26 11:46:00,8000,8010,8000,8010,702
2026-03-26 11:47:00,8010,8010,7990,7990,244
2026-03-26 11:49:00,7990,7990,7990,7990,4
2026-03-26 11:50:00,7990,7990,7990,7990,16
2026-03-26 11:51:00,7990,7990,7990,7990,5
2026-03-26 11:52:00,7980,7980,7980,7980,7
2026-03-26 11:53:00,7970,7970,7970,7970,258
2026-03-26 11:54:00,7970,7970,7960,7970,1785
2026-03-26 11:55:00,7950,7960,7950,7960,34
2026-03-26 11:56:00,7960,7970,7960,7970,49
2026-03-26 11:57:00,7970,7970,7970,7970,7
2026-03-26 11:58:00,7960,7960,7960,7960,30
2026-03-26 11:59:00,7960,7960,7950,7950,2456
2026-03-26 12:00:00,7940,7950,7940,7950,17
2026-03-26 12:01:00,7950,7950,7950,7950,84
2026-03-26 12:02:00,7950,7950,7950,7950,20
2026-03-26 12:03:00,7950,7950,7940,7940,1000
2026-03-26 12:04:00,7960,7970,7960,7970,171
2026-03-26 12:05:00,7970,7970,7970,7970,5
2026-03-26 12:07:00,7960,7970,7940,7940,141
2026-03-26 12:09:00,7940,7940,7940,7940,52
2026-03-26 12:10:00,7950,7950,7950,7950,27
2026-03-26 12:12:00,7960,7960,7960,7960,1
2026-03-26 12:14:00,7970,7970,7970,7970,200
2026-03-26 12:15:00,7970,7970,7950,7950,42
2026-03-26 12:16:00,7950,7970,7950,7970,10
2026-03-26 12:18:00,7970,7970,7970,7970,20
2026-03-26 12:20:00,7960,7960,7960,7960,226
2026-03-26 12:21:00,7950,7960,7940,7960,120
2026-03-26 12:22:00,7960,7970,7960,7970,477
2026-03-26 12:23:00,7960,7960,7960,7960,2
2026-03-26 12:24:00,7960,7960,7960,7960,51
2026-03-26 12:25:00,7960,7960,7960,7960,1
2026-03-26 12:26:00,7960,7970,7960,7970,107
2026-03-26 12:27:00,7960,7960,7960,7960,41
2026-03-26 12:29:00,7970,7980,7970,7980,240
2026-03-26 12:30:00,7990,7990,7990,7990,521
2026-03-26 12:31:00,7990,7990,7990,7990,4
2026-03-26 12:34:00,8000,8000,8000,8000,108
2026-03-26 12:36:00,8010,8010,8000,8000,21
2026-03-26 12:37:00,8020,8020,8020,8020,1
2026-03-26 12:38:00,8030,8030,8020,8020,795
2026-03-26 12:40:00,8020,8020,8020,8020,55
2026-03-26 12:44:00,8020,8020,8010,8010,2
2026-03-26 12:45:00,8020,8020,8010,8010,2
2026-03-26 12:46:00,8000,8000,8000,8000,302
2026-03-26 12:48:00,8010,8010,8010,8010,16
2026-03-26 12:49:00,8010,8010,8010,8010,10
2026-03-26 12:50:00,8000,8000,8000,8000,860
2026-03-26 12:52:00,8000,8000,8000,8000,51
2026-03-26 12:53:00,8000,8000,8000,8000,26
2026-03-26 12:55:00,8000,8000,8000,8000,106
2026-03-26 12:56:00,8000,8000,8000,8000,5
2026-03-26 12:57:00,8000,8000,8000,8000,1
2026-03-26 12:59:00,8005,8010,8005,8010,11
2026-03-26 13:08:00,8010,8020,8010,8020,636
2026-03-26 13:09:00,8030,8030,8030,8030,130
2026-03-26 13:11:00,8030,8030,8020,8020,186
2026-03-26 13:14:00,8020,8020,8010,8010,5
2026-03-26 13:15:00,8010,8010,8000,8000,818
2026-03-26 13:16:00,8020,8020,8020,8020,1
2026-03-26 13:20:00,8020,8020,8020,8020,20
2026-03-26 13:22:00,8020,8020,8020,8020,13
2026-03-26 13:24:00,8010,8020,8010,8020,88
2026-03-26 13:25:00,8020,8020,8020,8020,41
2026-03-26 13:26:00,8030,8030,8030,8030,5
2026-03-26 13:28:00,8025,8025,8010,8010,158
2026-03-26 13:30:00,8010,8010,8010,8010,50
2026-03-26 13:31:00,8020,8020,8020,8020,1
2026-03-26 13:32:00,8020,8020,8020,8020,99
2026-03-26 13:36:00,8010,8010,8010,8010,34
2026-03-26 13:39:00,8010,8010,8010,8010,10
2026-03-26 13:42:00,8000,8010,8000,8000,529
2026-03-26 13:43:00,8000,8000,8000,8000,195
2026-03-26 13:45:00,7990,7990,7990,7990,40
2026-03-26 13:50:00,7990,7990,7990,7990,4
2026-03-26 13:53:00,7990,8000,7990,7990,1561
2026-03-26 13:55:00,8000,8000,8000,8000,1
2026-03-26 13:57:00,7990,7990,7990,7990,85
2026-03-26 14:00:00,7990,7990,7990,7990,1
2026-03-26 14:02:00,8000,8000,7990,7990,105
2026-03-26 14:03:00,7990,7990,7990,7990,25
2026-03-26 14:04:00,7990,7990,7990,7990,10
2026-03-26 14:06:00,7990,7990,7990,7990,838
2026-03-26 14:07:00,7990,7990,7990,7990,612
2026-03-26 14:10:00,7990,7990,7980,7990,2278
2026-03-26 14:11:00,7990,7990,7990,7990,4
2026-03-26 14:12:00,7980,7980,7980,7980,40
2026-03-26 14:14:00,7980,7980,7980,7980,69
2026-03-26 14:15:00,7980,7980,7980,7980,55
2026-03-26 14:16:00,7980,7980,7980,7980,700
2026-03-26 14:18:00,7990,7990,7990,7990,200
2026-03-26 14:19:00,7990,7990,7990,7990,1
2026-03-26 14:20:00,7990,7990,7990,7990,1
2026-03-26 14:21:00,7990,7990,7980,7980,8
2026-03-26 14:23:00,7980,7980,7970,7970,1723
2026-03-26 14:24:00,7980,7980,7970,7970,288
2026-03-26 14:27:00,7970,7970,7970,7970,10
2026-03-26 14:28:00,7980,7980,7970,7970,229
2026-03-26 14:31:00,7970,7970,7960,7960,1161
2026-03-26 14:32:00,7970,7970,7970,7970,150
2026-03-26 14:34:00,7960,7970,7960,7970,200
2026-03-26 14:35:00,7960,7960,7960,7960,250
2026-03-26 14:36:00,7960,7960,7950,7950,200
2026-03-26 14:37:00,7950,7960,7950,7960,362
2026-03-26 14:39:00,7970,7970,7970,7970,2
2026-03-26 14:40:00,7970,7970,7970,7970,6
2026-03-26 14:41:00,7970,7970,7970,7970,2
2026-03-26 14:42:00,7970,7970,7965,7970,25
2026-03-26 14:43:00,7975,7975,7970,7970,192
2026-03-26 14:44:00,7970,7970,7970,7970,2
2026-03-26 14:45:00,7970,7970,7960,7960,1097
2026-03-26 14:46:00,7950,7950,7950,7950,321
2026-03-26 14:47:00,7960,7960,7960,7960,20
2026-03-26 14:48:00,7950,7960,7950,7960,158
2026-03-26 14:49:00,7950,7970,7950,7960,48
2026-03-26 14:50:00,7960,7960,7950,7950,626
2026-03-26 14:51:00,7950,7950,7950,7950,37
2026-03-26 14:53:00,7950,7950,7950,7950,401
2026-03-26 14:55:00,7950,7950,7930,7930,1440
2026-03-26 14:56:00,7930,7930,7920,7920,5595
2026-03-26 14:58:00,7930,7930,7920,7920,83
2026-03-26 14:59:00,7920,7920,7920,7920,292
2026-03-26 15:00:00,7920,7920,7920,7920,51
2026-03-26 15:01:00,7920,7920,7920,7920,546
2026-03-26 15:02:00,7920,7920,7920,7920,54
2026-03-26 15:03:00,7920,7920,7920,7920,223
2026-03-26 15:04:00,7920,7920,7920,7920,52
2026-03-26 15:06:00,7920,7920,7910,7910,13
2026-03-26 15:07:00,7910,7920,7910,7920,17
2026-03-26 15:08:00,7910,7910,7910,7910,362
2026-03-26 15:09:00,7920,7920,7920,7920,6
2026-03-26 15:10:00,7910,7910,7900,7900,805
2026-03-26 15:11:00,7900,7910,7900,7910,97
2026-03-26 15:12:00,7910,7920,7900,7920,591
2026-03-26 15:13:00,7920,7920,7920,7920,2
2026-03-26 15:15:00,7910,7920,7910,7920,111
2026-03-26 15:16:00,7920,7920,7920,7920,65
2026-03-26 15:17:00,7920,7920,7920,7920,27
2026-03-26 15:18:00,7920,7930,7920,7930,134
2026-03-26 15:19:00,7930,7930,7910,7930,344
2026-03-26 15:30:00,7920,7920,7920,7920,534
2026-03-27 09:00:00,7920,7920,7850,7850,1391
2026-03-27 09:01:00,7810,7880,7780,7880,2080
2026-03-27 09:02:00,7810,7870,7800,7860,617
2026-03-27 09:03:00,7850,7860,7850,7850,317
2026-03-27 09:04:00,7820,7820,7800,7800,530
2026-03-27 09:05:00,7820,7820,7790,7790,202
2026-03-27 09:06:00,7820,7820,7780,7780,2042
2026-03-27 09:07:00,7780,7780,7780,7780,104
2026-03-27 09:09:00,7800,7800,7790,7790,341
2026-03-27 09:10:00,7810,7830,7800,7800,725
2026-03-27 09:11:00,7800,7800,7760,7760,2383
2026-03-27 09:12:00,7780,7780,7780,7780,60
2026-03-27 09:13:00,7770,7770,7760,7770,613
2026-03-27 09:14:00,7770,7770,7750,7760,287
2026-03-27 09:15:00,7750,7750,7740,7740,308
2026-03-27 09:16:00,7740,7740,7725,7725,631
2026-03-27 09:17:00,7730,7730,7720,7720,2723
2026-03-27 09:18:00,7720,7730,7720,7730,269
2026-03-27 09:19:00,7730,7730,7710,7720,540
2026-03-27 09:20:00,7730,7750,7730,7750,703
2026-03-27 09:21:00,7750,7775,7750,7770,2119
2026-03-27 09:22:00,7770,7780,7770,7770,322
2026-03-27 09:23:00,7770,7770,7770,7770,54
2026-03-27 09:24:00,7760,7760,7730,7730,336
2026-03-27 09:25:00,7730,7730,7730,7730,29
2026-03-27 09:26:00,7740,7750,7740,7750,124
2026-03-27 09:27:00,7750,7750,7750,7750,11
2026-03-27 09:28:00,7750,7750,7750,7750,373
2026-03-27 09:29:00,7740,7740,7740,7740,28
2026-03-27 09:30:00,7730,7740,7730,7740,109
2026-03-27 09:31:00,7730,7740,7730,7740,1263
2026-03-27 09:32:00,7730,7740,7730,7740,31
2026-03-27 09:33:00,7740,7740,7730,7730,100
2026-03-27 09:34:00,7740,7740,7740,7740,1
2026-03-27 09:35:00,7740,7740,7740,7740,5
2026-03-27 09:36:00,7730,7740,7730,7740,60
2026-03-27 09:37:00,7740,7740,7740,7740,75
2026-03-27 09:38:00,7730,7730,7730,7730,83
2026-03-27 09:39:00,7730,7730,7730,7730,251
2026-03-27 09:40:00,7730,7730,7720,7720,107
2026-03-27 09:42:00,7740,7740,7730,7730,207
2026-03-27 09:43:00,7730,7730,7720,7720,141
2026-03-27 09:44:00,7725,7730,7720,7730,1303
2026-03-27 09:45:00,7725,7730,7725,7730,137
2026-03-27 09:46:00,7730,7730,7725,7725,18
2026-03-27 09:47:00,7720,7730,7720,7720,405
2026-03-27 09:48:00,7720,7720,7710,7710,142
2026-03-27 09:49:00,7720,7720,7710,7710,5154
2026-03-27 09:50:00,7700,7710,7700,7710,275
2026-03-27 09:51:00,7710,7710,7690,7700,6577
2026-03-27 09:52:00,7690,7700,7690,7700,221
2026-03-27 09:53:00,7700,7700,7700,7700,130
2026-03-27 09:54:00,7700,7700,7680,7700,829
2026-03-27 09:55:00,7700,7700,7680,7680,609
2026-03-27 09:56:00,7680,7690,7680,7690,298
2026-03-27 09:57:00,7690,7700,7690,7700,13
2026-03-27 09:58:00,7700,7700,7690,7690,54
2026-03-27 09:59:00,7700,7700,7690,7700,217
2026-03-27 10:00:00,7700,7700,7700,7700,201
2026-03-27 10:01:00,7695,7695,7680,7690,739
2026-03-27 10:02:00,7690,7690,7690,7690,12
2026-03-27 10:03:00,7690,7690,7680,7690,563
2026-03-27 10:04:00,7690,7690,7690,7690,150
2026-03-27 10:05:00,7690,7690,7690,7690,446
2026-03-27 10:06:00,7690,7700,7690,7700,563
2026-03-27 10:07:00,7720,7720,7720,7720,2
2026-03-27 10:08:00,7710,7720,7710,7720,26
2026-03-27 10:09:00,7720,7720,7720,7720,5
2026-03-27 10:10:00,7720,7720,7720,7720,737
2026-03-27 10:11:00,7710,7740,7710,7740,2395
2026-03-27 10:12:00,7740,7750,7740,7750,91
2026-03-27 10:13:00,7750,7750,7750,7750,146
2026-03-27 10:14:00,7760,7760,7760,7760,362
2026-03-27 10:15:00,7760,7760,7760,7760,56
2026-03-27 10:16:00,7760,7760,7760,7760,34
2026-03-27 10:18:00,7760,7760,7760,7760,10
2026-03-27 10:19:00,7760,7760,7750,7750,17
2026-03-27 10:20:00,7760,7760,7750,7760,632
2026-03-27 10:21:00,7760,7760,7760,7760,100
2026-03-27 10:22:00,7760,7760,7760,7760,889
2026-03-27 10:24:00,7770,7770,7760,7760,116
2026-03-27 10:29:00,7770,7770,7770,7770,108
2026-03-27 10:30:00,7770,7770,7750,7750,927
2026-03-27 10:31:00,7775,7775,7775,7775,45
2026-03-27 10:32:00,7790,7800,7790,7800,1619
2026-03-27 10:33:00,7815,7815,7815,7815,20
2026-03-27 10:34:00,7830,7830,7830,7830,52
2026-03-27 10:35:00,7830,7840,7830,7840,94
2026-03-27 10:36:00,7830,7840,7830,7840,24
2026-03-27 10:37:00,7850,7850,7850,7850,3
2026-03-27 10:38:00,7840,7840,7830,7830,150
2026-03-27 10:39:00,7850,7850,7850,7850,2
2026-03-27 10:40:00,7850,7850,7840,7840,57
2026-03-27 10:41:00,7840,7850,7840,7850,2112
2026-03-27 10:42:00,7850,7860,7840,7860,265
2026-03-27 10:43:00,7870,7870,7870,7870,48
2026-03-27 10:44:00,7870,7880,7870,7880,63
2026-03-27 10:45:00,7880,7890,7880,7890,141
2026-03-27 10:46:00,7890,7900,7890,7900,136
2026-03-27 10:47:00,7890,7890,7890,7890,111
2026-03-27 10:49:00,7890,7890,7890,7890,11
2026-03-27 10:50:00,7890,7890,7880,7880,43
2026-03-27 10:51:00,7880,7890,7880,7880,138
2026-03-27 10:52:00,7880,7890,7870,7890,204
2026-03-27 10:54:00,7890,7890,7890,7890,5
2026-03-27 10:55:00,7890,7890,7890,7890,20
2026-03-27 10:56:00,7870,7890,7870,7890,177
2026-03-27 10:58:00,7890,7890,7890,7890,14
2026-03-27 10:59:00,7890,7950,7890,7950,1279
2026-03-27 11:00:00,7930,7930,7930,7930,432
2026-03-27 11:01:00,7930,7970,7930,7970,392
2026-03-27 11:02:00,7960,7960,7960,7960,21
2026-03-27 11:03:00,7960,7960,7960,7960,5
2026-03-27 11:04:00,7960,7960,7960,7960,304
2026-03-27 11:05:00,7960,7970,7960,7970,147
2026-03-27 11:06:00,7970,7970,7930,7930,416
2026-03-27 11:07:00,7930,7930,7930,7930,5
2026-03-27 11:08:00,7920,7930,7920,7930,106
2026-03-27 11:09:00,7930,7950,7930,7950,146
2026-03-27 11:11:00,7950,7950,7930,7930,16
2026-03-27 11:12:00,7920,7920,7900,7900,148
2026-03-27 11:14:00,7900,7900,7900,7900,200
2026-03-27 11:16:00,7930,7930,7930,7930,1
2026-03-27 11:17:00,7920,7920,7910,7910,809
2026-03-27 11:18:00,7900,7900,7900,7900,1073
2026-03-27 11:19:00,7900,7900,7900,7900,2
2026-03-27 11:20:00,7900,7900,7900,7900,6
2026-03-27 11:21:00,7900,7900,7900,7900,1
2026-03-27 11:22:00,7900,7900,7870,7870,119
2026-03-27 11:26:00,7900,7900,7900,7900,20
2026-03-27 11:29:00,7900,7900,7900,7900,4
2026-03-27 11:30:00,7900,7900,7900,7900,120
2026-03-27 11:33:00,7930,7930,7930,7930,11
2026-03-27 11:34:00,7930,7930,7930,7930,20
2026-03-27 11:35:00,7930,7930,7930,7930,3
2026-03-27 11:36:00,7930,7930,7930,7930,1
2026-03-27 11:37:00,7930,7930,7930,7930,1
2026-03-27 11:38:00,7930,7930,7930,7930,35
2026-03-27 11:40:00,7930,7930,7930,7930,1
2026-03-27 11:41:00,7930,7930,7930,7930,4
2026-03-27 11:43:00,7930,7930,7930,7930,217
2026-03-27 11:44:00,7930,7930,7930,7930,13
2026-03-27 11:46:00,7930,7930,7930,7930,1
2026-03-27 11:47:00,7940,7940,7940,7940,37
2026-03-27 11:48:00,7940,7940,7930,7940,235
2026-03-27 11:51:00,7940,7940,7940,7940,30
2026-03-27 11:52:00,7940,7940,7940,7940,4
2026-03-27 11:55:00,7930,7930,7930,7930,583
2026-03-27 11:56:00,7930,7930,7930,7930,95
2026-03-27 11:57:00,7940,7940,7940,7940,2
2026-03-27 11:58:00,7940,7940,7940,7940,150
2026-03-27 11:59:00,7930,7930,7930,7930,116
2026-03-27 12:00:00,7930,7930,7930,7930,23
2026-03-27 12:01:00,7930,7930,7890,7890,616
2026-03-27 12:03:00,7890,7890,7890,7890,206
2026-03-27 12:04:00,7920,7920,7880,7880,68
2026-03-27 12:06:00,7880,7880,7880,7880,506
2026-03-27 12:07:00,7870,7900,7870,7900,1943
2026-03-27 12:14:00,7900,7900,7900,7900,35
2026-03-27 12:16:00,7890,7890,7890,7890,3
2026-03-27 12:18:00,7890,7890,7890,7890,69
2026-03-27 12:19:00,7900,7900,7900,7900,276
2026-03-27 12:21:00,7910,7910,7910,7910,58
2026-03-27 12:22:00,7880,7880,7840,7840,379
2026-03-27 12:23:00,7850,7850,7850,7850,30
2026-03-27 12:24:00,7850,7850,7850,7850,95
2026-03-27 12:28:00,7850,7850,7850,7850,9
2026-03-27 12:29:00,7850,7850,7850,7850,91
2026-03-27 12:34:00,7870,7880,7870,7880,598
2026-03-27 12:35:00,7870,7880,7870,7880,24
2026-03-27 12:36:00,7880,7880,7880,7880,50
2026-03-27 12:37:00,7880,7880,7880,7880,311
2026-03-27 12:39:00,7910,7910,7910,7910,1
2026-03-27 12:42:00,7900,7900,7900,7900,81
2026-03-27 12:47:00,7900,7900,7900,7900,2
2026-03-27 12:48:00,7910,7910,7910,7910,10
2026-03-27 12:49:00,7910,7910,7910,7910,10
2026-03-27 12:51:00,7910,7940,7910,7940,121
2026-03-27 12:52:00,7940,7940,7940,7940,1
2026-03-27 12:54:00,7940,7940,7940,7940,5
2026-03-27 12:55:00,7910,7910,7910,7910,223
2026-03-27 12:56:00,7900,7900,7900,7900,162
2026-03-27 12:57:00,7910,7910,7910,7910,4
2026-03-27 13:01:00,7910,7910,7910,7910,23
2026-03-27 13:02:00,7890,7900,7880,7900,161
2026-03-27 13:03:00,7880,7880,7880,7880,25
2026-03-27 13:10:00,7900,7900,7900,7900,17
2026-03-27 13:13:00,7890,7910,7890,7910,194
2026-03-27 13:16:00,7910,7910,7910,7910,4
2026-03-27 13:18:00,7930,7930,7930,7930,34
2026-03-27 13:20:00,7930,7930,7930,7930,15
2026-03-27 13:21:00,7930,7930,7930,7930,3
2026-03-27 13:22:00,7930,7930,7930,7930,1
2026-03-27 13:23:00,7920,7920,7920,7920,101
2026-03-27 13:27:00,7930,7950,7930,7950,161
2026-03-27 13:28:00,7950,7980,7950,7980,1075
2026-03-27 13:29:00,7980,7980,7980,7980,662
2026-03-27 13:30:00,7980,7980,7980,7980,75
2026-03-27 13:31:00,7980,7980,7980,7980,23
2026-03-27 13:33:00,7980,7980,7980,7980,1
2026-03-27 13:36:00,7960,7960,7930,7930,50
2026-03-27 13:38:00,7930,7930,7930,7930,130
2026-03-27 13:39:00,7960,7960,7960,7960,225
2026-03-27 13:42:00,7960,7960,7960,7960,320
2026-03-27 13:44:00,7970,7970,7970,7970,289
2026-03-27 13:45:00,7970,7970,7970,7970,210
2026-03-27 13:47:00,7970,7970,7970,7970,1
2026-03-27 13:49:00,7970,7970,7970,7970,212
2026-03-27 13:50:00,7970,7980,7970,7980,6
2026-03-27 13:53:00,7980,7980,7970,7970,186
2026-03-27 13:54:00,7970,7980,7970,7980,58
2026-03-27 13:55:00,7960,7960,7960,7960,250
2026-03-27 13:57:00,7960,7960,7960,7960,2
2026-03-27 13:58:00,7960,7960,7960,7960,100
2026-03-27 14:00:00,7970,7970,7960,7960,152
2026-03-27 14:01:00,7960,7980,7960,7980,1331
2026-03-27 14:02:00,7980,7980,7950,7950,9
2026-03-27 14:03:00,7960,7980,7960,7980,319
2026-03-27 14:07:00,7980,7980,7980,7980,10
2026-03-27 14:08:00,7980,7980,7980,7980,1
2026-03-27 14:09:00,7980,7980,7980,7980,189
2026-03-27 14:10:00,7980,7990,7980,7990,262
2026-03-27 14:11:00,7980,7990,7980,7990,14
2026-03-27 14:12:00,7980,7990,7980,7980,85
2026-03-27 14:13:00,7970,7970,7970,7970,97
2026-03-27 14:14:00,7950,7950,7950,7950,23
2026-03-27 14:19:00,7980,7980,7980,7980,21
2026-03-27 14:20:00,7980,7980,7980,7980,18
2026-03-27 14:21:00,7980,7980,7970,7970,23
2026-03-27 14:22:00,7960,7960,7960,7960,100
2026-03-27 14:23:00,7970,8000,7970,8000,597
2026-03-27 14:24:00,7990,7990,7980,7980,125
2026-03-27 14:25:00,7980,7980,7980,7980,10
2026-03-27 14:27:00,7990,7990,7990,7990,40
2026-03-27 14:29:00,7970,7970,7970,7970,10
2026-03-27 14:30:00,7990,7990,7960,7960,58
2026-03-27 14:40:00,7970,7990,7970,7990,111
2026-03-27 14:42:00,7990,8030,7990,8000,1038
2026-03-27 14:44:00,8010,8010,8000,8000,289
2026-03-27 14:45:00,7990,7990,7990,7990,1
2026-03-27 14:47:00,8000,8000,8000,8000,3
2026-03-27 14:49:00,8000,8000,8000,8000,78
2026-03-27 14:52:00,7990,7990,7970,7970,32
2026-03-27 14:54:00,7990,8000,7990,7990,42
2026-03-27 14:55:00,7970,7970,7970,7970,160
2026-03-27 14:56:00,7970,7970,7960,7960,45
2026-03-27 15:01:00,7960,7960,7960,7960,5
2026-03-27 15:03:00,7960,7960,7960,7960,60
2026-03-27 15:04:00,7960,7960,7950,7950,13
2026-03-27 15:07:00,7950,7950,7950,7950,61
2026-03-27 15:08:00,7960,7960,7960,7960,84
2026-03-27 15:10:00,7960,7960,7940,7940,318
2026-03-27 15:11:00,7940,7960,7920,7960,152
2026-03-27 15:12:00,7940,7960,7930,7950,379
2026-03-27 15:13:00,7950,7960,7950,7960,419
2026-03-27 15:14:00,7950,7990,7950,7990,253
2026-03-27 15:15:00,7990,7990,7990,7990,10
2026-03-27 15:16:00,7975,7990,7960,7990,326
2026-03-27 15:17:00,7970,7990,7950,7950,383
2026-03-27 15:18:00,7950,7980,7930,7980,178
2026-03-27 15:19:00,7980,7980,7950,7950,58
2026-03-27 15:30:00,7970,7970,7970,7970,780
2026-03-30 09:00:00,7900,7960,7720,7720,1431
2026-03-30 09:01:00,7750,7750,7700,7730,828
2026-03-30 09:02:00,7730,7760,7730,7760,429
2026-03-30 09:03:00,7790,7790,7790,7790,129
2026-03-30 09:04:00,7770,7810,7770,7770,928
2026-03-30 09:05:00,7780,7820,7780,7820,19
2026-03-30 09:06:00,7820,7850,7780,7840,526
2026-03-30 09:07:00,7820,7840,7810,7820,248
2026-03-30 09:08:00,7820,7840,7820,7840,164
2026-03-30 09:10:00,7820,7840,7770,7780,895
2026-03-30 09:11:00,7780,7780,7780,7780,26
2026-03-30 09:12:00,7790,7790,7790,7790,2
2026-03-30 09:13:00,7800,7800,7800,7800,5
2026-03-30 09:14:00,7800,7800,7800,7800,10
2026-03-30 09:15:00,7810,7820,7780,7820,451
2026-03-30 09:16:00,7820,7820,7820,7820,10
2026-03-30 09:17:00,7800,7800,7750,7790,1103
2026-03-30 09:18:00,7790,7820,7770,7820,864
2026-03-30 09:19:00,7820,7820,7820,7820,13
2026-03-30 09:20:00,7810,7820,7810,7820,622
2026-03-30 09:21:00,7830,7880,7830,7880,126
2026-03-30 09:22:00,7880,7880,7870,7870,238
2026-03-30 09:23:00,7880,7880,7880,7880,593
2026-03-30 09:24:00,7880,7880,7880,7880,313
2026-03-30 09:25:00,7900,7900,7900,7900,41
2026-03-30 09:26:00,7900,7900,7890,7890,15
2026-03-30 09:27:00,7890,7900,7870,7870,985
2026-03-30 09:28:00,7900,7900,7870,7870,384
2026-03-30 09:29:00,7910,7910,7910,7910,2
2026-03-30 09:30:00,7900,7910,7890,7890,87
2026-03-30 09:31:00,7900,7900,7870,7870,277
2026-03-30 09:33:00,7870,7870,7850,7850,491
2026-03-30 09:34:00,7860,7860,7860,7860,7
2026-03-30 09:35:00,7860,7860,7840,7840,64
2026-03-30 09:36:00,7830,7830,7820,7820,173
2026-03-30 09:38:00,7830,7830,7830,7830,3
2026-03-30 09:39:00,7830,7830,7830,7830,135
2026-03-30 09:40:00,7840,7840,7820,7820,230
2026-03-30 09:41:00,7830,7840,7830,7840,61
2026-03-30 09:42:00,7810,7810,7810,7810,7
2026-03-30 09:43:00,7810,7840,7800,7840,155
2026-03-30 09:45:00,7840,7850,7840,7850,11
2026-03-30 09:46:00,7830,7850,7820,7850,97
2026-03-30 09:47:00,7810,7850,7810,7850,215
2026-03-30 09:48:00,7850,7850,7850,7850,5
2026-03-30 09:49:00,7850,7850,7850,7850,10
2026-03-30 09:50:00,7840,7850,7840,7840,63
2026-03-30 09:51:00,7840,7840,7840,7840,13
2026-03-30 09:52:00,7840,7840,7840,7840,9
2026-03-30 09:53:00,7840,7840,7840,7840,103
2026-03-30 09:54:00,7840,7840,7840,7840,1
2026-03-30 09:55:00,7810,7810,7780,7810,1065
2026-03-30 09:56:00,7810,7810,7810,7810,1
2026-03-30 09:57:00,7780,7780,7770,7770,2
2026-03-30 09:59:00,7780,7780,7770,7770,12
2026-03-30 10:01:00,7780,7790,7770,7780,308
2026-03-30 10:02:00,7800,7810,7800,7810,122
2026-03-30 10:03:00,7810,7810,7800,7810,40
2026-03-30 10:04:00,7790,7790,7770,7780,1163
2026-03-30 10:05:00,7790,7800,7790,7800,322
2026-03-30 10:06:00,7800,7810,7800,7810,17
2026-03-30 10:07:00,7830,7830,7810,7830,16
2026-03-30 10:08:00,7830,7830,7810,7810,51
2026-03-30 10:09:00,7820,7820,7800,7800,4
2026-03-30 10:10:00,7790,7800,7780,7800,218
2026-03-30 10:11:00,7800,7800,7800,7800,21
2026-03-30 10:12:00,7800,7800,7800,7800,6
2026-03-30 10:13:00,7800,7810,7800,7810,77
2026-03-30 10:14:00,7810,7810,7780,7780,465
2026-03-30 10:15:00,7800,7800,7790,7790,15
2026-03-30 10:16:00,7780,7790,7780,7790,158
2026-03-30 10:19:00,7790,7790,7790,7790,25
2026-03-30 10:20:00,7780,7790,7770,7790,32
2026-03-30 10:22:00,7770,7770,7770,7770,385
2026-03-30 10:23:00,7780,7780,7750,7760,1455
2026-03-30 10:24:00,7760,7760,7760,7760,3
2026-03-30 10:25:00,7750,7750,7750,7750,146
2026-03-30 10:26:00,7750,7750,7750,7750,20
2026-03-30 10:27:00,7750,7750,7750,7750,16
2026-03-30 10:28:00,7750,7760,7750,7760,146
2026-03-30 10:29:00,7750,7750,7750,7750,10
2026-03-30 10:30:00,7760,7760,7730,7760,545
2026-03-30 10:31:00,7760,7760,7760,7760,132
2026-03-30 10:32:00,7740,7740,7740,7740,4
2026-03-30 10:35:00,7760,7770,7760,7760,139
2026-03-30 10:37:00,7760,7820,7760,7820,566
2026-03-30 10:38:00,7820,7820,7820,7820,69
2026-03-30 10:40:00,7820,7830,7810,7810,26
2026-03-30 10:41:00,7810,7810,7810,7810,73
2026-03-30 10:42:00,7820,7820,7820,7820,4
2026-03-30 10:43:00,7810,7820,7800,7820,28
2026-03-30 10:44:00,7820,7820,7820,7820,5
2026-03-30 10:47:00,7820,7820,7820,7820,1
2026-03-30 10:48:00,7820,7820,7820,7820,5
2026-03-30 10:49:00,7820,7840,7820,7840,159
2026-03-30 10:50:00,7840,7840,7840,7840,211
2026-03-30 10:51:00,7840,7840,7840,7840,3
2026-03-30 10:52:00,7840,7840,7840,7840,6
2026-03-30 10:53:00,7820,7820,7820,7820,20
2026-03-30 10:56:00,7800,7800,7800,7800,265
2026-03-30 10:57:00,7820,7820,7820,7820,14
2026-03-30 10:58:00,7810,7810,7810,7810,43
2026-03-30 10:59:00,7820,7820,7810,7810,987
2026-03-30 11:00:00,7810,7830,7810,7830,41
2026-03-30 11:01:00,7830,7830,7830,7830,284
2026-03-30 11:02:00,7840,7840,7840,7840,1
2026-03-30 11:03:00,7850,7850,7850,7850,300
2026-03-30 11:04:00,7850,7850,7850,7850,302
2026-03-30 11:05:00,7850,7850,7830,7830,5
2026-03-30 11:06:00,7850,7850,7830,7830,86
2026-03-30 11:07:00,7840,7840,7830,7830,10
2026-03-30 11:08:00,7830,7830,7830,7830,7
2026-03-30 11:09:00,7830,7830,7830,7830,6
2026-03-30 11:10:00,7830,7830,7820,7820,140
2026-03-30 11:11:00,7820,7830,7820,7830,96
2026-03-30 11:12:00,7830,7830,7830,7830,4
2026-03-30 11:13:00,7830,7830,7830,7830,4
2026-03-30 11:14:00,7830,7830,7820,7820,44
2026-03-30 11:15:00,7820,7820,7820,7820,18
2026-03-30 11:16:00,7820,7820,7800,7800,258
2026-03-30 11:17:00,7820,7820,7820,7820,5
2026-03-30 11:18:00,7820,7820,7810,7810,25
2026-03-30 11:19:00,7820,7820,7820,7820,7
2026-03-30 11:20:00,7810,7820,7770,7800,311
2026-03-30 11:21:00,7790,7810,7790,7810,6
2026-03-30 11:22:00,7810,7810,7810,7810,6
2026-03-30 11:23:00,7800,7800,7800,7800,9
2026-03-30 11:24:00,7810,7810,7800,7800,7
2026-03-30 11:25:00,7800,7810,7800,7810,102
2026-03-30 11:26:00,7800,7800,7800,7800,26
2026-03-30 11:27:00,7800,7800,7790,7790,31
2026-03-30 11:28:00,7800,7800,7790,7790,7
2026-03-30 11:29:00,7790,7790,7790,7790,2
2026-03-30 11:30:00,7790,7790,7760,7760,685
2026-03-30 11:31:00,7770,7770,7770,7770,5
2026-03-30 11:32:00,7770,7770,7770,7770,8
2026-03-30 11:33:00,7770,7770,7760,7760,55
2026-03-30 11:34:00,7770,7770,7760,7770,406
2026-03-30 11:35:00,7770,7770,7770,7770,8
2026-03-30 11:36:00,7770,7770,7770,7770,23
2026-03-30 11:37:00,7770,7770,7770,7770,7
2026-03-30 11:38:00,7770,7790,7770,7790,200
2026-03-30 11:41:00,7800,7820,7800,7820,99
2026-03-30 11:42:00,7820,7820,7820,7820,4
2026-03-30 11:43:00,7820,7820,7820,7820,50
2026-03-30 11:46:00,7820,7820,7820,7820,9
2026-03-30 11:49:00,7830,7830,7830,7830,1
2026-03-30 11:50:00,7830,7830,7830,7830,7
2026-03-30 11:51:00,7830,7830,7830,7830,1
2026-03-30 11:53:00,7840,7840,7840,7840,251
2026-03-30 11:54:00,7840,7840,7840,7840,1
2026-03-30 11:55:00,7830,7840,7830,7840,380
2026-03-30 11:57:00,7830,7830,7790,7790,125
2026-03-30 11:58:00,7790,7790,7790,7790,9
2026-03-30 12:03:00,7800,7820,7800,7820,176
2026-03-30 12:05:00,7840,7840,7840,7840,10
2026-03-30 12:06:00,7840,7850,7840,7850,87
2026-03-30 12:07:00,7850,7850,7820,7820,456
2026-03-30 12:09:00,7820,7820,7820,7820,1
2026-03-30 12:11:00,7850,7870,7850,7870,455
2026-03-30 12:12:00,7880,7890,7880,7890,1201
2026-03-30 12:13:00,7890,7890,7890,7890,15
2026-03-30 12:14:00,7890,7890,7880,7880,191
2026-03-30 12:15:00,7880,7880,7880,7880,100
2026-03-30 12:16:00,7890,7890,7890,7890,2
2026-03-30 12:18:00,7850,7850,7840,7840,1000
2026-03-30 12:20:00,7870,7870,7870,7870,368
2026-03-30 12:22:00,7870,7870,7870,7870,1
2026-03-30 12:24:00,7870,7870,7870,7870,1
2026-03-30 12:25:00,7870,7870,7870,7870,19
2026-03-30 12:26:00,7870,7870,7870,7870,549
2026-03-30 12:27:00,7870,7870,7870,7870,383
2026-03-30 12:32:00,7870,7870,7870,7870,150
2026-03-30 12:33:00,7870,7880,7870,7880,151
2026-03-30 12:34:00,7890,7890,7890,7890,11
2026-03-30 12:35:00,7890,7890,7890,7890,107
2026-03-30 12:36:00,7890,7890,7860,7860,599
2026-03-30 12:37:00,7850,7850,7850,7850,1
2026-03-30 12:40:00,7860,7860,7860,7860,7
2026-03-30 12:44:00,7880,7880,7880,7880,856
2026-03-30 12:45:00,7890,7890,7890,7890,118
2026-03-30 12:46:00,7890,7890,7890,7890,645
2026-03-30 12:48:00,7900,7900,7900,7900,115
2026-03-30 12:51:00,7900,7900,7870,7870,278
2026-03-30 12:53:00,7870,7870,7860,7860,436
2026-03-30 12:54:00,7860,7860,7860,7860,39
2026-03-30 12:56:00,7860,7860,7860,7860,86
2026-03-30 12:59:00,7860,7860,7860,7860,100
2026-03-30 13:02:00,7860,7860,7860,7860,143
2026-03-30 13:03:00,7850,7850,7850,7850,618
2026-03-30 13:05:00,7850,7850,7850,7850,40
2026-03-30 13:10:00,7860,7860,7860,7860,14
2026-03-30 13:12:00,7850,7850,7850,7850,242
2026-03-30 13:13:00,7860,7860,7860,7860,39
2026-03-30 13:14:00,7860,7860,7860,7860,5
2026-03-30 13:15:00,7850,7850,7850,7850,13
2026-03-30 13:18:00,7850,7850,7850,7850,87
2026-03-30 13:20:00,7860,7860,7840,7840,1001
2026-03-30 13:21:00,7840,7840,7840,7840,73
2026-03-30 13:23:00,7860,7860,7860,7860,22
2026-03-30 13:25:00,7860,7860,7860,7860,288
2026-03-30 13:26:00,7860,7870,7860,7870,319
2026-03-30 13:28:00,7890,7890,7890,7890,2
2026-03-30 13:29:00,7880,7880,7880,7880,350
2026-03-30 13:30:00,7880,7880,7880,7880,56
2026-03-30 13:32:00,7880,7880,7880,7880,1
2026-03-30 13:33:00,7870,7890,7870,7880,368
2026-03-30 13:36:00,7860,7860,7860,7860,49
2026-03-30 13:37:00,7890,7890,7890,7890,81
2026-03-30 13:38:00,7880,7880,7880,7880,76
2026-03-30 13:39:00,7880,7880,7880,7880,1
2026-03-30 13:40:00,7865,7880,7850,7880,94
2026-03-30 13:41:00,7890,7890,7850,7850,653
2026-03-30 13:43:00,7850,7850,7840,7840,80
2026-03-30 13:47:00,7880,7880,7880,7880,85
2026-03-30 13:49:00,7880,7880,7880,7880,2
2026-03-30 13:50:00,7880,7880,7880,7880,30
2026-03-30 13:52:00,7890,7890,7890,7890,117
2026-03-30 13:53:00,7890,7890,7890,7890,100
2026-03-30 13:56:00,7890,7890,7890,7890,131
2026-03-30 13:59:00,7870,7870,7870,7870,300
2026-03-30 14:00:00,7890,7890,7890,7890,79
2026-03-30 14:02:00,7890,7890,7890,7890,6
2026-03-30 14:04:00,7890,7890,7860,7860,465
2026-03-30 14:05:00,7890,7890,7890,7890,10
2026-03-30 14:06:00,7890,7890,7890,7890,30
2026-03-30 14:07:00,7890,7890,7890,7890,114
2026-03-30 14:09:00,7890,7890,7850,7850,49
2026-03-30 14:10:00,7890,7890,7890,7890,110
2026-03-30 14:11:00,7890,7890,7890,7890,150
2026-03-30 14:12:00,7890,7890,7880,7880,99
2026-03-30 14:13:00,7880,7880,7880,7880,10
2026-03-30 14:14:00,7860,7860,7860,7860,20
2026-03-30 14:15:00,7860,7860,7860,7860,1
2026-03-30 14:16:00,7870,7870,7870,7870,93
2026-03-30 14:17:00,7870,7870,7870,7870,5
2026-03-30 14:19:00,7870,7870,7870,7870,25
2026-03-30 14:20:00,7880,7880,7880,7880,60
2026-03-30 14:22:00,7890,7890,7890,7890,90
2026-03-30 14:23:00,7860,7860,7840,7840,1000
2026-03-30 14:25:00,7840,7840,7840,7840,2
2026-03-30 14:32:00,7840,7840,7840,7840,4
2026-03-30 14:33:00,7840,7840,7840,7840,180
2026-03-30 14:36:00,7880,7880,7880,7880,91
2026-03-30 14:37:00,7880,7880,7880,7880,2
2026-03-30 14:38:00,7880,7880,7880,7880,34
2026-03-30 14:40:00,7870,7870,7870,7870,209
2026-03-30 14:45:00,7870,7870,7850,7850,353
2026-03-30 14:46:00,7840,7860,7840,7860,284
2026-03-30 14:47:00,7830,7830,7820,7820,288
2026-03-30 14:48:00,7840,7840,7840,7840,200
2026-03-30 14:49:00,7820,7820,7820,7820,747
2026-03-30 14:50:00,7820,7820,7820,7820,32
2026-03-30 14:52:00,7840,7860,7840,7860,475
2026-03-30 14:53:00,7850,7900,7850,7900,922
2026-03-30 14:54:00,7900,7900,7900,7900,1
2026-03-30 14:58:00,7840,7840,7840,7840,201
2026-03-30 14:59:00,7840,7840,7840,7840,2
2026-03-30 15:01:00,7840,7840,7830,7830,149
2026-03-30 15:02:00,7840,7840,7840,7840,60
2026-03-30 15:03:00,7830,7830,7830,7830,478
2026-03-30 15:05:00,7830,7830,7810,7820,2390
2026-03-30 15:08:00,7830,7830,7820,7820,66
2026-03-30 15:10:00,7820,7820,7810,7810,1765
2026-03-30 15:12:00,7810,7810,7810,7810,1
2026-03-30 15:13:00,7820,7820,7820,7820,15
2026-03-30 15:14:00,7820,7820,7810,7810,5182
2026-03-30 15:15:00,7810,7810,7800,7800,368
2026-03-30 15:16:00,7800,7800,7800,7800,201
2026-03-30 15:17:00,7810,7810,7800,7800,10
2026-03-30 15:19:00,7800,7810,7800,7810,310
2026-03-30 15:30:00,7810,7810,7810,7810,352
2026-03-30 15:35:00,7810,7810,7810,7810,18
2026-03-31 09:00:00,7800,7800,7710,7710,783
2026-03-31 09:01:00,7720,7780,7700,7710,1691
2026-03-31 09:02:00,7770,7810,7770,7810,728
2026-03-31 09:03:00,7810,7880,7770,7790,417
2026-03-31 09:04:00,7790,7790,7780,7790,299
2026-03-31 09:05:00,7800,7800,7790,7790,7
2026-03-31 09:06:00,7790,7790,7790,7790,55
2026-03-31 09:07:00,7760,7790,7750,7750,272
2026-03-31 09:08:00,7750,7780,7710,7770,811
2026-03-31 09:09:00,7760,7760,7720,7760,417
2026-03-31 09:10:00,7750,7760,7710,7740,117
2026-03-31 09:11:00,7750,7750,7750,7750,11
2026-03-31 09:12:00,7720,7720,7720,7720,1
2026-03-31 09:13:00,7710,7720,7700,7700,576
2026-03-31 09:14:00,7700,7750,7700,7750,707
2026-03-31 09:15:00,7740,7740,7720,7720,25
2026-03-31 09:16:00,7720,7750,7710,7720,1140
2026-03-31 09:17:00,7720,7720,7720,7720,16
2026-03-31 09:19:00,7740,7740,7740,7740,53
2026-03-31 09:20:00,7750,7750,7720,7720,126
2026-03-31 09:21:00,7730,7730,7730,7730,18
2026-03-31 09:22:00,7730,7740,7710,7710,597
2026-03-31 09:23:00,7720,7740,7720,7740,8
2026-03-31 09:24:00,7740,7740,7740,7740,12
2026-03-31 09:25:00,7720,7730,7700,7720,193
2026-03-31 09:26:00,7720,7740,7720,7740,40
2026-03-31 09:27:00,7710,7740,7700,7740,2063
2026-03-31 09:28:00,7730,7730,7690,7700,1441
2026-03-31 09:29:00,7700,7740,7700,7740,2199
2026-03-31 09:30:00,7740,7740,7720,7740,467
2026-03-31 09:31:00,7730,7730,7730,7730,41
2026-03-31 09:32:00,7710,7740,7700,7740,363
2026-03-31 09:33:00,7730,7730,7730,7730,1
2026-03-31 09:34:00,7730,7730,7670,7710,3311
2026-03-31 09:35:00,7710,7710,7700,7700,11
2026-03-31 09:36:00,7700,7700,7660,7660,17
2026-03-31 09:37:00,7670,7670,7670,7670,5
2026-03-31 09:38:00,7680,7680,7680,7680,10
2026-03-31 09:39:00,7670,7700,7670,7700,76
2026-03-31 09:40:00,7700,7730,7700,7730,601
2026-03-31 09:42:00,7710,7720,7690,7720,110
2026-03-31 09:43:00,7680,7680,7680,7680,6
2026-03-31 09:44:00,7700,7740,7700,7740,268
2026-03-31 09:45:00,7740,7740,7700,7700,383
2026-03-31 09:46:00,7740,7740,7740,7740,42
2026-03-31 09:47:00,7740,7740,7740,7740,122
2026-03-31 09:48:00,7730,7730,7730,7730,18
2026-03-31 09:49:00,7740,7740,7740,7740,30
2026-03-31 09:50:00,7740,7740,7740,7740,2
2026-03-31 09:51:00,7740,7740,7700,7700,497
2026-03-31 09:52:00,7730,7730,7720,7730,432
2026-03-31 09:53:00,7740,7740,7720,7720,150
2026-03-31 09:54:00,7730,7750,7730,7750,39
2026-03-31 09:55:00,7750,7750,7720,7740,368
2026-03-31 09:56:00,7740,7740,7710,7710,564
2026-03-31 09:57:00,7740,7740,7740,7740,2
2026-03-31 09:58:00,7720,7720,7720,7720,25
2026-03-31 09:59:00,7720,7720,7720,7720,1227
2026-03-31 10:00:00,7730,7730,7710,7720,435
2026-03-31 10:01:00,7720,7720,7710,7710,79
2026-03-31 10:02:00,7720,7720,7710,7710,8
2026-03-31 10:04:00,7730,7730,7730,7730,210
2026-03-31 10:05:00,7710,7730,7710,7730,420
2026-03-31 10:06:00,7730,7730,7710,7710,11
2026-03-31 10:07:00,7700,7700,7700,7700,10
2026-03-31 10:08:00,7710,7720,7690,7720,3520
2026-03-31 10:10:00,7720,7720,7720,7720,1
2026-03-31 10:11:00,7700,7720,7700,7720,81
2026-03-31 10:12:00,7720,7720,7680,7680,274
2026-03-31 10:13:00,7710,7710,7710,7710,1
2026-03-31 10:14:00,7690,7690,7680,7690,858
2026-03-31 10:15:00,7690,7690,7690,7690,57
2026-03-31 10:16:00,7690,7710,7690,7710,289
2026-03-31 10:19:00,7700,7710,7700,7700,245
2026-03-31 10:20:00,7690,7690,7690,7690,1
2026-03-31 10:21:00,7690,7690,7690,7690,18
2026-03-31 10:22:00,7700,7700,7700,7700,46
2026-03-31 10:24:00,7700,7700,7700,7700,110
2026-03-31 10:25:00,7700,7700,7700,7700,33
2026-03-31 10:26:00,7700,7720,7700,7700,212
2026-03-31 10:28:00,7720,7720,7720,7720,1
2026-03-31 10:29:00,7710,7710,7710,7710,2
2026-03-31 10:31:00,7720,7720,7720,7720,3
2026-03-31 10:32:00,7720,7720,7720,7720,1
2026-03-31 10:33:00,7720,7740,7720,7740,711
2026-03-31 10:34:00,7730,7730,7730,7730,15
2026-03-31 10:35:00,7730,7730,7730,7730,3
2026-03-31 10:36:00,7730,7730,7720,7730,3728
2026-03-31 10:37:00,7750,7750,7750,7750,47
2026-03-31 10:39:00,7720,7720,7720,7720,1000
2026-03-31 10:40:00,7730,7730,7730,7730,198
2026-03-31 10:41:00,7740,7750,7740,7750,1864
2026-03-31 10:42:00,7750,7760,7750,7760,171
2026-03-31 10:43:00,7760,7760,7760,7760,89
2026-03-31 10:44:00,7770,7770,7760,7760,88
2026-03-31 10:45:00,7760,7760,7760,7760,2
2026-03-31 10:46:00,7760,7760,7760,7760,54
2026-03-31 10:47:00,7760,7760,7750,7750,130
2026-03-31 10:49:00,7750,7750,7750,7750,2
2026-03-31 10:51:00,7750,7750,7750,7750,105
2026-03-31 10:52:00,7760,7760,7750,7750,1844
2026-03-31 10:53:00,7760,7760,7760,7760,172
2026-03-31 10:54:00,7760,7760,7760,7760,316
2026-03-31 10:55:00,7770,7770,7770,7770,1002
2026-03-31 10:56:00,7780,7780,7780,7780,20
2026-03-31 10:57:00,7780,7780,7770,7780,8
2026-03-31 10:58:00,7790,7800,7790,7800,5
2026-03-31 11:00:00,7800,7800,7800,7800,200
2026-03-31 11:01:00,7800,7800,7780,7780,555
2026-03-31 11:02:00,7790,7790,7790,7790,31
2026-03-31 11:03:00,7790,7790,7780,7780,4
2026-03-31 11:04:00,7780,7780,7780,7780,29
2026-03-31 11:05:00,7780,7780,7780,7780,15
2026-03-31 11:06:00,7780,7790,7780,7790,222
2026-03-31 11:07:00,7790,7790,7790,7790,93
2026-03-31 11:08:00,7790,7800,7790,7800,550
2026-03-31 11:09:00,7800,7800,7800,7800,57
2026-03-31 11:10:00,7800,7800,7800,7800,30
2026-03-31 11:11:00,7800,7800,7800,7800,20
2026-03-31 11:12:00,7800,7800,7790,7800,447
2026-03-31 11:13:00,7800,7800,7800,7800,488
2026-03-31 11:14:00,7800,7800,7800,7800,160
2026-03-31 11:16:00,7800,7800,7770,7770,334
2026-03-31 11:17:00,7800,7800,7800,7800,9
2026-03-31 11:18:00,7800,7800,7750,7750,978
2026-03-31 11:20:00,7760,7770,7760,7770,61
2026-03-31 11:22:00,7770,7770,7770,7770,51
2026-03-31 11:23:00,7770,7770,7770,7770,7
2026-03-31 11:24:00,7770,7770,7760,7760,193
2026-03-31 11:25:00,7760,7760,7750,7750,985
2026-03-31 11:26:00,7750,7750,7750,7750,207
2026-03-31 11:27:00,7750,7750,7750,7750,89
2026-03-31 11:28:00,7750,7750,7750,7750,232
2026-03-31 11:34:00,7750,7750,7750,7750,1
2026-03-31 11:35:00,7750,7750,7740,7740,724
2026-03-31 11:39:00,7750,7750,7750,7750,19
2026-03-31 11:40:00,7760,7760,7760,7760,8
2026-03-31 11:41:00,7760,7760,7760,7760,4
2026-03-31 11:42:00,7760,7760,7760,7760,95
2026-03-31 11:43:00,7750,7750,7750,7750,50
2026-03-31 11:45:00,7760,7760,7760,7760,2
2026-03-31 11:47:00,7760,7760,7760,7760,30
2026-03-31 11:48:00,7760,7760,7760,7760,30
2026-03-31 11:49:00,7760,7760,7760,7760,38
2026-03-31 11:51:00,7760,7760,7760,7760,135
2026-03-31 11:52:00,7760,7760,7760,7760,200
2026-03-31 11:54:00,7760,7760,7760,7760,60
2026-03-31 11:55:00,7750,7750,7750,7750,1
2026-03-31 11:56:00,7760,7760,7760,7760,10
2026-03-31 11:58:00,7770,7770,7770,7770,100
2026-03-31 11:59:00,7770,7770,7760,7760,380
2026-03-31 12:00:00,7760,7760,7760,7760,453
2026-03-31 12:04:00,7770,7770,7750,7750,249
2026-03-31 12:08:00,7760,7760,7760,7760,1698
2026-03-31 12:18:00,7770,7770,7770,7770,266
2026-03-31 12:19:00,7780,7800,7780,7800,4
2026-03-31 12:20:00,7770,7770,7770,7770,108
2026-03-31 12:24:00,7760,7760,7750,7750,1366
2026-03-31 12:28:00,7760,7760,7760,7760,4
2026-03-31 12:29:00,7760,7760,7750,7750,347
2026-03-31 12:30:00,7750,7750,7750,7750,277
2026-03-31 12:32:00,7740,7740,7740,7740,492
2026-03-31 12:33:00,7730,7740,7730,7740,35
2026-03-31 12:34:00,7740,7740,7740,7740,2
2026-03-31 12:35:00,7740,7740,7740,7740,102
2026-03-31 12:37:00,7740,7740,7740,7740,129
2026-03-31 12:39:00,7740,7740,7730,7730,635
2026-03-31 12:40:00,7720,7740,7720,7740,223
2026-03-31 12:41:00,7730,7740,7730,7730,179
2026-03-31 12:42:00,7740,7740,7730,7730,69
2026-03-31 12:43:00,7730,7730,7720,7730,304
2026-03-31 12:44:00,7730,7740,7700,7740,525
2026-03-31 12:45:00,7740,7740,7700,7700,351
2026-03-31 12:46:00,7730,7740,7730,7740,118
2026-03-31 12:48:00,7740,7740,7700,7700,97
2026-03-31 12:49:00,7700,7700,7700,7700,854
2026-03-31 12:50:00,7730,7730,7690,7690,375
2026-03-31 12:51:00,7700,7740,7690,7740,130
2026-03-31 12:52:00,7740,7740,7690,7690,1013
2026-03-31 12:53:00,7700,7730,7700,7730,480
2026-03-31 12:54:00,7700,7700,7700,7700,160
2026-03-31 12:57:00,7700,7700,7700,7700,80
2026-03-31 12:58:00,7700,7730,7700,7730,959
2026-03-31 12:59:00,7730,7730,7730,7730,262
2026-03-31 13:00:00,7700,7730,7700,7730,295
2026-03-31 13:01:00,7700,7700,7700,7700,60
2026-03-31 13:02:00,7720,7720,7690,7720,312
2026-03-31 13:03:00,7700,7720,7690,7720,1805
2026-03-31 13:04:00,7690,7730,7670,7730,1995
2026-03-31 13:05:00,7700,7700,7690,7690,57
2026-03-31 13:07:00,7730,7730,7690,7690,96
2026-03-31 13:09:00,7700,7730,7690,7730,292
2026-03-31 13:10:00,7720,7720,7720,7720,1
2026-03-31 13:11:00,7700,7700,7690,7690,40
2026-03-31 13:13:00,7710,7710,7710,7710,2
2026-03-31 13:14:00,7690,7690,7690,7690,7
2026-03-31 13:15:00,7710,7710,7710,7710,44
2026-03-31 13:16:00,7690,7690,7690,7690,15
2026-03-31 13:17:00,7690,7690,7690,7690,35
2026-03-31 13:19:00,7700,7720,7700,7720,194
2026-03-31 13:21:00,7720,7720,7720,7720,25
2026-03-31 13:22:00,7720,7730,7720,7730,233
2026-03-31 13:24:00,7700,7700,7690,7700,289
2026-03-31 13:26:00,7720,7730,7720,7730,91
2026-03-31 13:27:00,7700,7730,7690,7730,1417
2026-03-31 13:28:00,7710,7730,7710,7730,133
2026-03-31 13:29:00,7730,7740,7730,7740,292
2026-03-31 13:32:00,7730,7730,7730,7730,2
2026-03-31 13:35:00,7730,7730,7730,7730,244
2026-03-31 13:36:00,7740,7740,7740,7740,1
2026-03-31 13:38:00,7730,7730,7730,7730,217
2026-03-31 13:40:00,7720,7720,7710,7710,395
2026-03-31 13:42:00,7710,7710,7710,7710,40
2026-03-31 13:43:00,7700,7700,7700,7700,122
2026-03-31 13:44:00,7700,7700,7700,7700,1
2026-03-31 13:45:00,7710,7740,7710,7740,623
2026-03-31 13:47:00,7740,7750,7710,7750,126
2026-03-31 13:48:00,7710,7710,7710,7710,126
2026-03-31 13:49:00,7700,7700,7700,7700,500
2026-03-31 13:51:00,7700,7730,7700,7730,662
2026-03-31 13:54:00,7720,7720,7720,7720,2
2026-03-31 13:55:00,7690,7730,7690,7690,461
2026-03-31 13:57:00,7690,7690,7680,7680,887
2026-03-31 13:59:00,7680,7690,7670,7670,1057
2026-03-31 14:01:00,7680,7680,7680,7680,110
2026-03-31 14:02:00,7680,7680,7680,7680,185
2026-03-31 14:03:00,7690,7690,7690,7690,27
2026-03-31 14:05:00,7690,7690,7690,7690,9
2026-03-31 14:06:00,7710,7710,7710,7710,1
2026-03-31 14:07:00,7710,7710,7710,7710,3
2026-03-31 14:09:00,7690,7700,7680,7680,2533
2026-03-31 14:12:00,7690,7690,7685,7690,17
2026-03-31 14:13:00,7690,7690,7680,7690,733
2026-03-31 14:15:00,7680,7680,7680,7680,5
2026-03-31 14:16:00,7680,7690,7680,7680,7
2026-03-31 14:17:00,7670,7680,7670,7680,603
2026-03-31 14:19:00,7680,7680,7680,7680,2
2026-03-31 14:20:00,7670,7670,7670,7670,1509
2026-03-31 14:21:00,7670,7670,7660,7660,159
2026-03-31 14:23:00,7670,7670,7660,7670,6542
2026-03-31 14:24:00,7670,7670,7670,7670,10
2026-03-31 14:25:00,7670,7680,7660,7680,865
2026-03-31 14:26:00,7670,7670,7670,7670,60
2026-03-31 14:27:00,7670,7670,7670,7670,38
2026-03-31 14:28:00,7670,7690,7670,7690,651
2026-03-31 14:30:00,7720,7720,7720,7720,122
2026-03-31 14:33:00,7700,7700,7690,7700,306
2026-03-31 14:34:00,7690,7690,7680,7680,15
2026-03-31 14:36:00,7680,7680,7680,7680,3
2026-03-31 14:37:00,7670,7680,7670,7680,3
2026-03-31 14:39:00,7680,7680,7680,7680,199
2026-03-31 14:41:00,7680,7680,7660,7660,1751
2026-03-31 14:42:00,7660,7660,7650,7660,149
2026-03-31 14:43:00,7660,7660,7650,7660,459
2026-03-31 14:44:00,7650,7650,7650,7650,10
2026-03-31 14:45:00,7660,7660,7660,7660,159
2026-03-31 14:46:00,7660,7680,7660,7680,160
2026-03-31 14:47:00,7660,7680,7660,7680,315
2026-03-31 14:49:00,7680,7680,7680,7680,15
2026-03-31 14:52:00,7680,7680,7680,7680,2
2026-03-31 14:53:00,7660,7660,7660,7660,340
2026-03-31 14:54:00,7660,7660,7660,7660,92
2026-03-31 14:55:00,7660,7660,7660,7660,373
2026-03-31 14:56:00,7660,7660,7660,7660,86
2026-03-31 14:57:00,7660,7660,7660,7660,1
2026-03-31 14:58:00,7660,7660,7660,7660,150
2026-03-31 14:59:00,7660,7660,7650,7650,1949
2026-03-31 15:00:00,7680,7680,7650,7660,2230
2026-03-31 15:01:00,7650,7650,7630,7630,1832
2026-03-31 15:02:00,7630,7640,7630,7640,13
2026-03-31 15:03:00,7630,7640,7630,7640,278
2026-03-31 15:04:00,7640,7640,7620,7620,797
2026-03-31 15:05:00,7620,7620,7620,7620,554
2026-03-31 15:06:00,7620,7620,7620,7620,105
2026-03-31 15:07:00,7620,7620,7610,7610,278
2026-03-31 15:08:00,7620,7620,7620,7620,115
2026-03-31 15:09:00,7620,7620,7620,7620,94
2026-03-31 15:10:00,7620,7620,7610,7620,106
2026-03-31 15:11:00,7620,7620,7620,7620,1
2026-03-31 15:12:00,7620,7620,7610,7620,80
2026-03-31 15:13:00,7620,7660,7620,7640,2438
2026-03-31 15:14:00,7630,7640,7620,7640,981
2026-03-31 15:15:00,7620,7620,7620,7620,20
2026-03-31 15:16:00,7610,7670,7610,7670,2403
2026-03-31 15:17:00,7640,7670,7630,7630,127
2026-03-31 15:18:00,7670,7670,7620,7620,101
2026-03-31 15:19:00,7630,7650,7610,7630,1238
2026-03-31 15:30:00,7630,7630,7630,7630,2178
2026-04-01 09:00:00,7720,7960,7720,7960,1445
2026-04-01 09:01:00,7960,7970,7900,7910,878
2026-04-01 09:02:00,7910,7910,7900,7900,417
2026-04-01 09:03:00,7890,7890,7890,7890,3
2026-04-01 09:04:00,7880,7880,7860,7870,129
2026-04-01 09:05:00,7860,7860,7800,7830,60
2026-04-01 09:06:00,7830,7830,7760,7830,1779
2026-04-01 09:07:00,7830,7880,7720,7880,1587
2026-04-01 09:08:00,7850,7880,7850,7880,406
2026-04-01 09:09:00,7880,7890,7880,7890,257
2026-04-01 09:10:00,7880,7900,7880,7880,1182
2026-04-01 09:11:00,7890,7890,7880,7880,419
2026-04-01 09:12:00,7870,7900,7870,7900,975
2026-04-01 09:13:00,7870,7890,7860,7890,366
2026-04-01 09:14:00,7860,7900,7860,7900,129
2026-04-01 09:15:00,7880,7880,7880,7880,67
2026-04-01 09:17:00,7880,7880,7860,7870,143
2026-04-01 09:18:00,7860,7900,7860,7890,1429
2026-04-01 09:19:00,7890,7890,7870,7870,477
2026-04-01 09:20:00,7890,7900,7870,7900,868
2026-04-01 09:21:00,7870,7890,7870,7890,420
2026-04-01 09:22:00,7900,7930,7890,7930,1851
2026-04-01 09:23:00,7900,7900,7900,7900,109
2026-04-01 09:24:00,7900,7900,7880,7880,253
2026-04-01 09:25:00,7880,7900,7880,7900,1322
2026-04-01 09:26:00,7900,7900,7900,7900,72
2026-04-01 09:27:00,7910,7910,7910,7910,58
2026-04-01 09:28:00,7920,7940,7920,7940,1347
2026-04-01 09:29:00,7920,7920,7920,7920,403
2026-04-01 09:30:00,7920,7920,7920,7920,5
2026-04-01 09:31:00,7920,7920,7920,7920,131
2026-04-01 09:32:00,7930,7930,7920,7930,371
2026-04-01 09:33:00,7930,7930,7910,7920,552
2026-04-01 09:34:00,7920,7920,7920,7920,604
2026-04-01 09:35:00,7920,7940,7910,7940,1511
2026-04-01 09:36:00,7940,7970,7940,7970,1079
2026-04-01 09:37:00,7970,7980,7970,7980,254
2026-04-01 09:38:00,7980,7980,7970,7970,560
2026-04-01 09:39:00,7970,7970,7950,7950,223
2026-04-01 09:42:00,7960,7970,7960,7970,57
2026-04-01 09:43:00,7970,7970,7970,7970,12
2026-04-01 09:44:00,7970,8000,7970,8000,2391
2026-04-01 09:45:00,7990,8000,7990,8000,39
2026-04-01 09:46:00,7990,8000,7990,7990,493
2026-04-01 09:47:00,7990,7990,7990,7990,214
2026-04-01 09:49:00,7990,7990,7990,7990,1
2026-04-01 09:50:00,7990,7990,7990,7990,5
2026-04-01 09:51:00,7990,7990,7990,7990,64
2026-04-01 09:52:00,7990,7990,7970,7970,3
2026-04-01 09:53:00,7970,7970,7970,7970,221
2026-04-01 09:54:00,7980,7980,7980,7980,138
2026-04-01 09:57:00,7980,7980,7980,7980,1025
2026-04-01 09:58:00,7980,7980,7980,7980,120
2026-04-01 09:59:00,7990,8010,7980,8010,1030
2026-04-01 10:00:00,8010,8010,8010,8010,96
2026-04-01 10:01:00,8010,8010,8000,8010,110
2026-04-01 10:02:00,8010,8010,8000,8000,724
2026-04-01 10:03:00,8000,8000,8000,8000,18
2026-04-01 10:04:00,8010,8010,8000,8000,40
2026-04-01 10:05:00,8000,8000,7990,7990,135
2026-04-01 10:06:00,7990,7990,7990,7990,50
2026-04-01 10:07:00,7980,7980,7980,7980,8
2026-04-01 10:08:00,7970,7980,7970,7980,161
2026-04-01 10:09:00,7970,7970,7970,7970,300
2026-04-01 10:10:00,7970,7980,7970,7980,3
2026-04-01 10:12:00,7970,7970,7970,7970,250
2026-04-01 10:13:00,7970,7980,7970,7980,12
2026-04-01 10:15:00,7980,7980,7970,7970,48
2026-04-01 10:16:00,7970,7980,7960,7980,126
2026-04-01 10:17:00,7980,7980,7980,7980,5
2026-04-01 10:19:00,7980,7980,7980,7980,2
2026-04-01 10:20:00,7980,7990,7980,7990,287
2026-04-01 10:22:00,7990,7990,7990,7990,3
2026-04-01 10:23:00,7990,7990,7990,7990,4
2026-04-01 10:24:00,7990,8000,7990,8000,256
2026-04-01 10:26:00,7990,8010,7990,8010,612
2026-04-01 10:27:00,8010,8010,8010,8010,258
2026-04-01 10:28:00,8010,8010,8010,8010,129
2026-04-01 10:29:00,8010,8010,8000,8000,43
2026-04-01 10:31:00,8000,8010,8000,8000,454
2026-04-01 10:32:00,8000,8000,8000,8000,2
2026-04-01 10:33:00,8000,8000,8000,8000,10
2026-04-01 10:34:00,8000,8000,8000,8000,222
2026-04-01 10:35:00,7990,7990,7990,7990,30
2026-04-01 10:36:00,7990,8000,7990,8000,200
2026-04-01 10:37:00,8000,8000,8000,8000,14
2026-04-01 10:38:00,8000,8000,8000,8000,644
2026-04-01 10:39:00,7990,7990,7990,7990,130
2026-04-01 10:40:00,7990,8000,7990,8000,174
2026-04-01 10:41:00,7990,7990,7990,7990,160
2026-04-01 10:42:00,7995,7995,7995,7995,3
2026-04-01 10:43:00,7995,7995,7995,7995,1
2026-04-01 10:44:00,7990,8000,7990,8000,169
2026-04-01 10:45:00,8000,8000,8000,8000,10
2026-04-01 10:47:00,8000,8010,8000,8010,218
2026-04-01 10:49:00,8010,8010,8010,8010,1
2026-04-01 10:50:00,8010,8010,8010,8010,136
2026-04-01 10:52:00,8010,8010,8010,8010,128
2026-04-01 10:53:00,8010,8030,8010,8030,708
2026-04-01 10:54:00,8030,8030,8030,8030,418
2026-04-01 10:55:00,8040,8050,8020,8020,811
2026-04-01 10:56:00,8020,8020,8020,8020,1002
2026-04-01 10:57:00,8030,8050,8030,8050,118
2026-04-01 10:58:00,8030,8030,8030,8030,256
2026-04-01 10:59:00,8040,8040,8030,8030,235
2026-04-01 11:00:00,8040,8040,8040,8040,380
2026-04-01 11:01:00,8050,8050,8050,8050,111
2026-04-01 11:02:00,8040,8040,8040,8040,201
2026-04-01 11:03:00,8040,8040,8040,8040,3
2026-04-01 11:04:00,8040,8050,8040,8050,180
2026-04-01 11:05:00,8050,8060,8050,8060,170
2026-04-01 11:06:00,8060,8070,8060,8070,1062
2026-04-01 11:07:00,8070,8070,8060,8070,105
2026-04-01 11:08:00,8070,8070,8070,8070,191
2026-04-01 11:09:00,8070,8070,8070,8070,396
2026-04-01 11:10:00,8070,8070,8070,8070,60
2026-04-01 11:11:00,8070,8070,8070,8070,1
2026-04-01 11:13:00,8070,8070,8070,8070,210
2026-04-01 11:15:00,8070,8070,8070,8070,134
2026-04-01 11:16:00,8080,8080,8070,8070,591
2026-04-01 11:17:00,8070,8100,8070,8100,1508
2026-04-01 11:18:00,8100,8100,8100,8100,224
2026-04-01 11:19:00,8090,8090,8090,8090,92
2026-04-01 11:20:00,8100,8100,8100,8100,1782
2026-04-01 11:21:00,8090,8090,8090,8090,6
2026-04-01 11:22:00,8090,8090,8090,8090,5
2026-04-01 11:23:00,8100,8100,8100,8100,4
2026-04-01 11:24:00,8100,8100,8100,8100,223
2026-04-01 11:25:00,8090,8090,8080,8090,792
2026-04-01 11:26:00,8090,8100,8090,8100,10
2026-04-01 11:27:00,8090,8090,8090,8090,10
2026-04-01 11:28:00,8090,8100,8090,8100,301
2026-04-01 11:29:00,8090,8100,8090,8100,2
2026-04-01 11:30:00,8090,8090,8090,8090,246
2026-04-01 11:31:00,8090,8100,8090,8100,671
2026-04-01 11:32:00,8110,8110,8110,8110,80
2026-04-01 11:33:00,8120,8120,8120,8120,2
2026-04-01 11:35:00,8120,8120,8120,8120,174
2026-04-01 11:36:00,8120,8120,8120,8120,93
2026-04-01 11:37:00,8120,8120,8120,8120,49
2026-04-01 11:38:00,8110,8130,8110,8130,175
2026-04-01 11:39:00,8130,8130,8130,8130,1
2026-04-01 11:40:00,8120,8120,8120,8120,57
2026-04-01 11:41:00,8120,8120,8120,8120,75
2026-04-01 11:42:00,8120,8120,8120,8120,445
2026-04-01 11:43:00,8130,8130,8130,8130,42
2026-04-01 11:46:00,8120,8120,8120,8120,149
2026-04-01 11:49:00,8110,8110,8110,8110,101
2026-04-01 11:50:00,8110,8110,8110,8110,1
2026-04-01 11:52:00,8110,8120,8110,8110,140
2026-04-01 11:54:00,8110,8110,8110,8110,13
2026-04-01 11:55:00,8110,8110,8100,8100,172
2026-04-01 11:58:00,8080,8090,8080,8090,63
2026-04-01 12:01:00,8090,8100,8090,8100,128
2026-04-01 12:04:00,8100,8100,8100,8100,61
2026-04-01 12:05:00,8090,8090,8090,8090,81
2026-04-01 12:07:00,8080,8080,8080,8080,1
2026-04-01 12:08:00,8080,8080,8080,8080,57
2026-04-01 12:09:00,8080,8080,8080,8080,1
2026-04-01 12:11:00,8080,8080,8070,8070,102
2026-04-01 12:13:00,8070,8070,8070,8070,2
2026-04-01 12:14:00,8070,8070,8070,8070,141
2026-04-01 12:15:00,8070,8080,8070,8080,42
2026-04-01 12:16:00,8070,8080,8070,8080,391
2026-04-01 12:17:00,8060,8060,8060,8060,1
2026-04-01 12:18:00,8060,8060,8060,8060,10
2026-04-01 12:19:00,8080,8090,8080,8090,206
2026-04-01 12:21:00,8090,8090,8090,8090,65
2026-04-01 12:23:00,8090,8090,8090,8090,50
2026-04-01 12:25:00,8080,8090,8080,8090,120
2026-04-01 12:26:00,8090,8110,8090,8110,246
2026-04-01 12:29:00,8080,8110,8080,8110,55
2026-04-01 12:31:00,8100,8100,8100,8100,20
2026-04-01 12:32:00,8100,8100,8100,8100,89
2026-04-01 12:33:00,8100,8100,8100,8100,162
2026-04-01 12:34:00,8100,8100,8100,8100,336
2026-04-01 12:35:00,8100,8100,8100,8100,76
2026-04-01 12:36:00,8100,8100,8100,8100,23
2026-04-01 12:37:00,8100,8100,8100,8100,1
2026-04-01 12:38:00,8100,8100,8100,8100,17
2026-04-01 12:39:00,8100,8100,8100,8100,111
2026-04-01 12:40:00,8090,8090,8090,8090,370
2026-04-01 12:41:00,8090,8090,8080,8080,129
2026-04-01 12:42:00,8080,8080,8080,8080,1
2026-04-01 12:43:00,8080,8090,8070,8070,239
2026-04-01 12:44:00,8070,8070,8070,8070,100
2026-04-01 12:46:00,8070,8070,8060,8060,356
2026-04-01 12:47:00,8090,8090,8090,8090,170
2026-04-01 12:49:00,8080,8090,8080,8090,159
2026-04-01 12:50:00,8090,8090,8090,8090,110
2026-04-01 12:51:00,8090,8090,8080,8080,201
2026-04-01 12:52:00,8080,8090,8070,8090,1006
2026-04-01 12:54:00,8090,8090,8070,8070,117
2026-04-01 12:55:00,8100,8100,8100,8100,202
2026-04-01 12:56:00,8100,8100,8100,8100,33
2026-04-01 12:57:00,8095,8095,8095,8095,13
2026-04-01 12:58:00,8095,8095,8090,8090,54
2026-04-01 12:59:00,8080,8085,8080,8085,30
2026-04-01 13:00:00,8090,8090,8090,8090,7
2026-04-01 13:01:00,8090,8090,8090,8090,3
2026-04-01 13:02:00,8090,8090,8080,8080,401
2026-04-01 13:05:00,8080,8080,8080,8080,178
2026-04-01 13:06:00,8080,8080,8070,8080,224
2026-04-01 13:07:00,8080,8080,8080,8080,1
2026-04-01 13:08:00,8070,8070,8070,8070,586
2026-04-01 13:09:00,8070,8080,8070,8080,36
2026-04-01 13:10:00,8080,8080,8080,8080,1
2026-04-01 13:13:00,8060,8060,8040,8040,1684
2026-04-01 13:14:00,8040,8060,8030,8060,253
2026-04-01 13:16:00,8060,8060,8060,8060,3
2026-04-01 13:18:00,8060,8060,8060,8060,10
2026-04-01 13:22:00,8040,8060,8040,8050,113
2026-04-01 13:24:00,8040,8040,8040,8040,20
2026-04-01 13:25:00,8050,8050,8030,8030,510
2026-04-01 13:26:00,8050,8060,8050,8060,288
2026-04-01 13:27:00,8060,8060,8060,8060,3
2026-04-01 13:28:00,8060,8060,8060,8060,85
2026-04-01 13:29:00,8060,8060,8060,8060,22
2026-04-01 13:31:00,8070,8070,8070,8070,1
2026-04-01 13:32:00,8060,8060,8060,8060,308
2026-04-01 13:33:00,8050,8060,8050,8060,200
2026-04-01 13:36:00,8070,8070,8070,8070,206
2026-04-01 13:40:00,8080,8080,8080,8080,112
2026-04-01 13:41:00,8080,8080,8060,8060,285
2026-04-01 13:42:00,8050,8050,8050,8050,1
2026-04-01 13:44:00,8050,8050,8050,8050,300
2026-04-01 13:45:00,8050,8050,8050,8050,10
2026-04-01 13:46:00,8040,8040,8040,8040,26
2026-04-01 13:48:00,8040,8040,8040,8040,50
2026-04-01 13:52:00,8050,8050,8050,8050,103
2026-04-01 13:53:00,8070,8070,8070,8070,11
2026-04-01 13:54:00,8070,8070,8060,8060,106
2026-04-01 13:58:00,8060,8070,8060,8070,124
2026-04-01 14:01:00,8060,8070,8060,8070,23
2026-04-01 14:02:00,8060,8060,8060,8060,1
2026-04-01 14:03:00,8080,8080,8080,8080,452
2026-04-01 14:06:00,8080,8080,8080,8080,9
2026-04-01 14:07:00,8080,8080,8080,8080,49
2026-04-01 14:08:00,8080,8080,8080,8080,185
2026-04-01 14:09:00,8070,8080,8070,8080,105
2026-04-01 14:10:00,8090,8090,8090,8090,1
2026-04-01 14:12:00,8090,8090,8060,8060,226
2026-04-01 14:13:00,8060,8060,8060,8060,14
2026-04-01 14:14:00,8060,8060,8060,8060,89
2026-04-01 14:15:00,8050,8050,8010,8010,550
2026-04-01 14:17:00,8090,8090,8090,8090,1
2026-04-01 14:18:00,8060,8090,8060,8090,39
2026-04-01 14:19:00,8050,8050,8050,8050,100
2026-04-01 14:23:00,8050,8080,8050,8080,38
2026-04-01 14:25:00,8080,8080,8060,8060,4
2026-04-01 14:27:00,8070,8080,8060,8080,7
2026-04-01 14:28:00,8070,8070,8070,8070,340
2026-04-01 14:29:00,8090,8090,8090,8090,14
2026-04-01 14:30:00,8090,8090,8070,8090,125
2026-04-01 14:31:00,8070,8090,8060,8090,517
2026-04-01 14:33:00,8090,8090,8090,8090,4
2026-04-01 14:34:00,8075,8110,8060,8110,12582
2026-04-01 14:35:00,8080,8100,8080,8100,82
2026-04-01 14:36:00,8100,8110,8100,8110,542
2026-04-01 14:37:00,8110,8110,8110,8110,26
2026-04-01 14:38:00,8090,8110,8090,8100,561
2026-04-01 14:40:00,8090,8090,8090,8090,300
2026-04-01 14:41:00,8090,8090,8090,8090,2
2026-04-01 14:43:00,8080,8100,8070,8100,578
2026-04-01 14:45:00,8100,8100,8100,8100,109
2026-04-01 14:47:00,8100,8100,8100,8100,78
2026-04-01 14:48:00,8100,8110,8100,8110,458
2026-04-01 14:49:00,8110,8120,8110,8120,1666
2026-04-01 14:50:00,8120,8120,8120,8120,1
2026-04-01 14:51:00,8110,8110,8110,8110,85
2026-04-01 14:52:00,8110,8120,8110,8110,320
2026-04-01 14:53:00,8110,8110,8110,8110,14
2026-04-01 14:54:00,8110,8110,8110,8110,61
2026-04-01 14:55:00,8120,8120,8100,8100,135
2026-04-01 14:56:00,8120,8120,8120,8120,72
2026-04-01 14:57:00,8100,8110,8100,8110,1286
2026-04-01 14:58:00,8110,8110,8110,8110,100
2026-04-01 14:59:00,8110,8120,8110,8120,461
2026-04-01 15:00:00,8120,8120,8120,8120,436
2026-04-01 15:01:00,8120,8120,8120,8120,109
2026-04-01 15:02:00,8120,8120,8120,8120,899
2026-04-01 15:03:00,8120,8120,8120,8120,24
2026-04-01 15:04:00,8120,8120,8120,8120,109
2026-04-01 15:06:00,8110,8110,8110,8110,920
2026-04-01 15:07:00,8105,8110,8105,8110,159
2026-04-01 15:08:00,8100,8100,8100,8100,249
2026-04-01 15:09:00,8100,8100,8100,8100,266
2026-04-01 15:10:00,8100,8100,8080,8100,612
2026-04-01 15:11:00,8080,8100,8080,8100,189
2026-04-01 15:12:00,8090,8090,8090,8090,306
2026-04-01 15:13:00,8100,8110,8100,8110,600
2026-04-01 15:14:00,8110,8110,8100,8100,32
2026-04-01 15:15:00,8110,8110,8110,8110,156
2026-04-01 15:16:00,8110,8110,8100,8100,478
2026-04-01 15:17:00,8090,8090,8090,8090,991
2026-04-01 15:18:00,8100,8100,8100,8100,5
2026-04-01 15:19:00,8080,8100,8080,8090,344
2026-04-01 15:30:00,8090,8090,8090,8090,1179
2026-04-01 15:35:00,8090,8090,8090,8090,1
2026-04-02 09:00:00,8080,8100,8040,8100,1869
2026-04-02 09:01:00,8090,8150,8090,8150,615
2026-04-02 09:02:00,8170,8220,8160,8190,1063
2026-04-02 09:03:00,8190,8190,8160,8170,275
2026-04-02 09:04:00,8160,8160,8130,8130,3523
2026-04-02 09:05:00,8130,8130,8120,8130,242
2026-04-02 09:06:00,8150,8150,8150,8150,1
2026-04-02 09:07:00,8150,8150,8100,8130,327
2026-04-02 09:09:00,8130,8130,8130,8130,38
2026-04-02 09:10:00,8130,8130,8130,8130,125
2026-04-02 09:11:00,8110,8110,8110,8110,37
2026-04-02 09:13:00,8130,8130,8130,8130,21
2026-04-02 09:14:00,8130,8130,8100,8100,578
2026-04-02 09:16:00,8100,8100,8100,8100,700
2026-04-02 09:17:00,8100,8100,8100,8100,18
2026-04-02 09:18:00,8100,8100,8100,8100,48
2026-04-02 09:19:00,8110,8110,8110,8110,70
2026-04-02 09:20:00,8140,8140,8110,8140,592
2026-04-02 09:21:00,8150,8150,8150,8150,7
2026-04-02 09:24:00,8120,8150,8100,8150,489
2026-04-02 09:25:00,8100,8120,8080,8080,1272
2026-04-02 09:26:00,8090,8090,8090,8090,10
2026-04-02 09:27:00,8090,8090,8080,8080,889
2026-04-02 09:28:00,8070,8070,8070,8070,24
2026-04-02 09:29:00,8070,8070,8070,8070,17
2026-04-02 09:30:00,8070,8070,8070,8070,203
2026-04-02 09:31:00,8070,8070,8060,8070,630
2026-04-02 09:32:00,8060,8070,8050,8050,191
2026-04-02 09:33:00,8050,8080,8030,8070,599
2026-04-02 09:34:00,8070,8070,8070,8070,54
2026-04-02 09:35:00,8080,8080,8080,8080,2
2026-04-02 09:36:00,8080,8080,8080,8080,130
2026-04-02 09:37:00,8070,8080,8060,8080,259
2026-04-02 09:38:00,8050,8070,8040,8040,352
2026-04-02 09:39:00,8040,8040,8040,8040,10
2026-04-02 09:40:00,8040,8040,8030,8040,544
2026-04-02 09:41:00,8020,8060,8020,8050,556
2026-04-02 09:42:00,8060,8060,8060,8060,5
2026-04-02 09:43:00,8050,8050,8050,8050,10
2026-04-02 09:44:00,8050,8050,8050,8050,10
2026-04-02 09:45:00,8090,8090,8090,8090,9
2026-04-02 09:46:00,8090,8090,8080,8080,7
2026-04-02 09:47:00,8070,8070,8070,8070,5
2026-04-02 09:49:00,8070,8090,8070,8090,5
2026-04-02 09:50:00,8090,8090,8090,8090,2
2026-04-02 09:51:00,8080,8090,8070,8090,812
2026-04-02 09:52:00,8090,8090,8090,8090,1247
2026-04-02 09:53:00,8090,8110,8090,8110,1139
2026-04-02 09:54:00,8120,8120,8120,8120,393
2026-04-02 09:55:00,8130,8130,8130,8130,2
2026-04-02 09:56:00,8130,8150,8120,8150,405
2026-04-02 09:57:00,8150,8150,8130,8130,253
2026-04-02 09:58:00,8120,8130,8120,8130,265
2026-04-02 09:59:00,8110,8110,8110,8110,100
2026-04-02 10:00:00,8120,8120,8110,8110,280
2026-04-02 10:01:00,8110,8120,8100,8120,280
2026-04-02 10:02:00,8100,8100,8100,8100,70
2026-04-02 10:03:00,8120,8120,8080,8080,263
2026-04-02 10:06:00,8080,8080,8060,8060,615
2026-04-02 10:07:00,8070,8070,8070,8070,200
2026-04-02 10:08:00,8070,8120,8070,8120,33
2026-04-02 10:09:00,8120,8120,8120,8120,3
2026-04-02 10:10:00,8130,8140,8130,8140,18
2026-04-02 10:11:00,8140,8140,8140,8140,11
2026-04-02 10:13:00,8090,8120,8090,8120,40
2026-04-02 10:14:00,8120,8120,8120,8120,1
2026-04-02 10:17:00,8100,8100,8080,8080,213
2026-04-02 10:18:00,8070,8080,8050,8050,88
2026-04-02 10:19:00,8040,8040,8030,8030,173
2026-04-02 10:20:00,8020,8040,8010,8040,1263
2026-04-02 10:21:00,8090,8090,8090,8090,5
2026-04-02 10:22:00,8070,8070,8070,8070,21
2026-04-02 10:23:00,8070,8070,8070,8070,1
2026-04-02 10:24:00,8050,8050,8050,8050,12
2026-04-02 10:25:00,8050,8050,7980,8050,2239
2026-04-02 10:26:00,7990,7990,7990,7990,144
2026-04-02 10:27:00,8000,8000,7990,7990,7
2026-04-02 10:28:00,7990,7990,7990,7990,1
2026-04-02 10:29:00,7990,8000,7990,7990,409
2026-04-02 10:30:00,7990,7990,7950,7980,748
2026-04-02 10:31:00,7980,7980,7970,7970,12
2026-04-02 10:32:00,7970,7970,7960,7970,336
2026-04-02 10:33:00,7950,7970,7900,7970,3098
2026-04-02 10:34:00,7950,7950,7950,7950,47
2026-04-02 10:35:00,7930,7970,7930,7970,38
2026-04-02 10:36:00,7960,7960,7930,7930,2225
2026-04-02 10:37:00,7930,7970,7930,7970,4960
2026-04-02 10:39:00,7940,7940,7940,7940,12
2026-04-02 10:40:00,7950,7960,7950,7950,125
2026-04-02 10:41:00,7960,7960,7940,7940,168
2026-04-02 10:42:00,7940,7960,7940,7940,172
2026-04-02 10:43:00,7930,7930,7920,7920,263
2026-04-02 10:44:00,7930,7930,7920,7920,471
2026-04-02 10:45:00,7920,7920,7900,7900,802
2026-04-02 10:46:00,7900,7900,7890,7900,81
2026-04-02 10:47:00,7890,7890,7890,7890,159
2026-04-02 10:48:00,7890,7890,7880,7880,350
2026-04-02 10:49:00,7880,7920,7880,7920,479
2026-04-02 10:50:00,7890,7890,7890,7890,5
2026-04-02 10:51:00,7940,7950,7940,7950,19
2026-04-02 10:52:00,7950,7950,7950,7950,13
2026-04-02 10:53:00,7950,7950,7950,7950,1
2026-04-02 10:54:00,7930,7930,7930,7930,9
2026-04-02 10:55:00,7950,7950,7930,7930,26
2026-04-02 10:56:00,7950,7960,7950,7960,105
2026-04-02 10:58:00,7960,7970,7960,7970,41
2026-04-02 10:59:00,7970,7970,7960,7960,9
2026-04-02 11:00:00,7960,7970,7960,7970,62
2026-04-02 11:01:00,7950,7950,7930,7930,360
2026-04-02 11:03:00,7930,7930,7920,7930,214
2026-04-02 11:04:00,7920,7930,7920,7930,19
2026-04-02 11:05:00,7930,7930,7900,7930,171
2026-04-02 11:07:00,7920,7930,7900,7930,321
2026-04-02 11:08:00,7920,7920,7910,7920,36
2026-04-02 11:09:00,7920,7920,7890,7920,389
2026-04-02 11:10:00,7890,7890,7890,7890,43
2026-04-02 11:11:00,7890,7890,7890,7890,3
2026-04-02 11:12:00,7890,7920,7880,7920,1193
2026-04-02 11:13:00,7920,7920,7880,7920,172
2026-04-02 11:15:00,7900,7910,7870,7910,255
2026-04-02 11:16:00,7910,7910,7860,7860,615
2026-04-02 11:17:00,7860,7900,7860,7900,29
2026-04-02 11:18:00,7900,7900,7900,7900,5
2026-04-02 11:19:00,7900,7900,7900,7900,174
2026-04-02 11:20:00,7870,7870,7870,7870,12
2026-04-02 11:21:00,7880,7920,7850,7870,1450
2026-04-02 11:22:00,7870,7870,7870,7870,7
2026-04-02 11:25:00,7870,7870,7850,7850,330
2026-04-02 11:27:00,7850,7870,7810,7870,2417
2026-04-02 11:28:00,7840,7860,7840,7860,25
2026-04-02 11:31:00,7860,7860,7840,7840,334
2026-04-02 11:32:00,7840,7860,7840,7840,141
2026-04-02 11:33:00,7830,7850,7820,7850,685
2026-04-02 11:34:00,7850,7860,7850,7860,20
2026-04-02 11:35:00,7850,7850,7850,7850,6
2026-04-02 11:36:00,7860,7860,7860,7860,10
2026-04-02 11:37:00,7860,7870,7850,7850,33
2026-04-02 11:38:00,7850,7870,7850,7870,33
2026-04-02 11:39:00,7840,7910,7820,7910,201
2026-04-02 11:42:00,7850,7850,7850,7850,48
2026-04-02 11:43:00,7900,7910,7840,7910,133
2026-04-02 11:46:00,7900,7900,7880,7900,85
2026-04-02 11:47:00,7900,7900,7840,7840,258
2026-04-02 11:48:00,7840,7890,7840,7890,43
2026-04-02 11:49:00,7850,7890,7850,7890,223
2026-04-02 11:50:00,7850,7850,7850,7850,19
2026-04-02 11:52:00,7870,7900,7860,7900,154
2026-04-02 11:53:00,7910,7910,7910,7910,17
2026-04-02 11:55:00,7910,7910,7910,7910,1
2026-04-02 11:56:00,7860,7910,7860,7910,196
2026-04-02 11:57:00,7910,7910,7910,7910,173
2026-04-02 11:59:00,7880,7880,7870,7880,513
2026-04-02 12:00:00,7880,7880,7880,7880,27
2026-04-02 12:01:00,7880,7880,7850,7860,576
2026-04-02 12:02:00,7860,7890,7860,7890,57
2026-04-02 12:03:00,7860,7890,7860,7890,51
2026-04-02 12:07:00,7880,7880,7880,7880,11
2026-04-02 12:08:00,7880,7890,7880,7890,32
2026-04-02 12:10:00,7890,7890,7880,7880,143
2026-04-02 12:11:00,7880,7890,7880,7890,11
2026-04-02 12:12:00,7890,7910,7890,7910,640
2026-04-02 12:13:00,7910,7910,7910,7910,2
2026-04-02 12:14:00,7910,7910,7910,7910,3
2026-04-02 12:15:00,7900,7910,7880,7910,114
2026-04-02 12:18:00,7880,7900,7870,7870,142
2026-04-02 12:20:00,7900,7900,7900,7900,1
2026-04-02 12:21:00,7900,7900,7870,7900,176
2026-04-02 12:23:00,7900,7900,7870,7870,9
2026-04-02 12:25:00,7870,7870,7870,7870,4
2026-04-02 12:26:00,7880,7880,7860,7860,304
2026-04-02 12:28:00,7880,7880,7880,7880,8
2026-04-02 12:30:00,7860,7900,7860,7860,180
2026-04-02 12:35:00,7890,7890,7890,7890,4
2026-04-02 12:36:00,7870,7900,7860,7900,1488
2026-04-02 12:37:00,7900,7900,7900,7900,30
2026-04-02 12:38:00,7860,7880,7850,7880,1396
2026-04-02 12:39:00,7850,7850,7850,7850,610
2026-04-02 12:40:00,7850,7850,7840,7850,58
2026-04-02 12:41:00,7850,7890,7840,7890,1031
2026-04-02 12:43:00,7870,7870,7870,7870,1
2026-04-02 12:44:00,7850,7860,7850,7860,34
2026-04-02 12:45:00,7850,7860,7850,7860,69
2026-04-02 12:46:00,7840,7850,7840,7850,231
2026-04-02 12:47:00,7850,7850,7780,7840,7674
2026-04-02 12:48:00,7840,7870,7840,7860,200
2026-04-02 12:49:00,7870,7870,7860,7860,715
2026-04-02 12:50:00,7870,7870,7870,7870,288
2026-04-02 12:51:00,7870,7870,7870,7870,256
2026-04-02 12:52:00,7870,7870,7870,7870,275
2026-04-02 12:53:00,7870,7870,7870,7870,257
2026-04-02 12:54:00,7870,7870,7870,7870,139
2026-04-02 12:55:00,7870,7870,7870,7870,34
2026-04-02 12:56:00,7870,7870,7870,7870,82
2026-04-02 12:57:00,7860,7860,7860,7860,2
2026-04-02 12:58:00,7850,7860,7840,7860,30
2026-04-02 12:59:00,7860,7890,7860,7890,43
2026-04-02 13:00:00,7840,7880,7830,7880,309
2026-04-02 13:01:00,7880,7880,7880,7880,5
2026-04-02 13:02:00,7880,7880,7820,7820,46
2026-04-02 13:03:00,7880,7880,7830,7880,122
2026-04-02 13:04:00,7880,7880,7880,7880,24
2026-04-02 13:06:00,7830,7870,7810,7830,592
2026-04-02 13:07:00,7830,7830,7830,7830,113
2026-04-02 13:09:00,7860,7870,7860,7870,88
2026-04-02 13:10:00,7870,7870,7860,7870,34
2026-04-02 13:11:00,7870,7870,7870,7870,3
2026-04-02 13:12:00,7870,7870,7870,7870,28
2026-04-02 13:13:00,7870,7870,7870,7870,5
2026-04-02 13:15:00,7860,7860,7860,7860,1
2026-04-02 13:16:00,7860,7870,7860,7870,26
2026-04-02 13:19:00,7870,7870,7870,7870,106
2026-04-02 13:20:00,7870,7870,7870,7870,2
2026-04-02 13:21:00,7830,7830,7830,7830,7
2026-04-02 13:23:00,7840,7870,7840,7870,17
2026-04-02 13:24:00,7870,7870,7870,7870,6
2026-04-02 13:26:00,7870,7870,7830,7830,271
2026-04-02 13:28:00,7830,7830,7830,7830,1
2026-04-02 13:31:00,7870,7870,7870,7870,15
2026-04-02 13:36:00,7840,7840,7840,7840,256
2026-04-02 13:38:00,7840,7850,7840,7850,27
2026-04-02 13:39:00,7830,7850,7830,7850,238
2026-04-02 13:40:00,7850,7860,7830,7830,48
2026-04-02 13:46:00,7830,7830,7830,7830,147
2026-04-02 13:47:00,7830,7830,7830,7830,14
2026-04-02 13:49:00,7830,7840,7830,7830,358
2026-04-02 13:50:00,7840,7870,7840,7870,33
2026-04-02 13:51:00,7870,7870,7870,7870,2
2026-04-02 13:53:00,7830,7830,7800,7820,1471
2026-04-02 13:54:00,7820,7830,7800,7800,71
2026-04-02 13:55:00,7800,7840,7790,7840,674
2026-04-02 13:57:00,7830,7850,7800,7850,116
2026-04-02 13:58:00,7850,7870,7850,7870,47
2026-04-02 13:59:00,7870,7870,7870,7870,1
2026-04-02 14:03:00,7820,7820,7820,7820,13
2026-04-02 14:07:00,7830,7870,7820,7840,321
2026-04-02 14:12:00,7840,7840,7820,7840,704
2026-04-02 14:15:00,7840,7850,7830,7850,101
2026-04-02 14:17:00,7840,7850,7840,7850,12
2026-04-02 14:18:00,7850,7860,7830,7850,180
2026-04-02 14:19:00,7830,7840,7830,7840,224
2026-04-02 14:21:00,7840,7840,7840,7840,1
2026-04-02 14:22:00,7840,7840,7840,7840,4
2026-04-02 14:25:00,7840,7840,7840,7840,4
2026-04-02 14:26:00,7830,7850,7830,7850,86
2026-04-02 14:27:00,7830,7850,7810,7850,1149
2026-04-02 14:28:00,7850,7850,7850,7850,1
2026-04-02 14:29:00,7820,7840,7810,7830,1218
2026-04-02 14:31:00,7820,7820,7820,7820,7
2026-04-02 14:32:00,7810,7820,7800,7810,310
2026-04-02 14:35:00,7800,7820,7800,7820,360
2026-04-02 14:37:00,7820,7820,7820,7820,2
2026-04-02 14:38:00,7820,7830,7810,7830,59
2026-04-02 14:39:00,7820,7860,7800,7820,931
2026-04-02 14:40:00,7800,7810,7800,7810,105
2026-04-02 14:41:00,7800,7800,7790,7790,67
2026-04-02 14:42:00,7800,7800,7800,7800,20
2026-04-02 14:43:00,7790,7790,7760,7760,3681
2026-04-02 14:44:00,7760,7770,7740,7770,1292
2026-04-02 14:45:00,7740,7790,7730,7780,3048
2026-04-02 14:47:00,7770,7770,7750,7750,44
2026-04-02 14:48:00,7750,7760,7750,7760,143
2026-04-02 14:49:00,7750,7750,7710,7750,581
2026-04-02 14:52:00,7730,7730,7710,7710,236
2026-04-02 14:53:00,7710,7730,7710,7730,100
2026-04-02 14:54:00,7720,7720,7720,7720,32
2026-04-02 14:55:00,7720,7730,7710,7720,115
2026-04-02 14:56:00,7720,7730,7720,7730,1053
2026-04-02 14:57:00,7720,7730,7710,7720,710
2026-04-02 14:59:00,7720,7720,7720,7720,13
2026-04-02 15:00:00,7730,7730,7730,7730,156
2026-04-02 15:01:00,7730,7730,7710,7720,527
2026-04-02 15:02:00,7720,7720,7720,7720,95
2026-04-02 15:03:00,7720,7730,7710,7730,2228
2026-04-02 15:04:00,7730,7730,7730,7730,10
2026-04-02 15:05:00,7720,7750,7710,7730,662
2026-04-02 15:06:00,7720,7730,7720,7730,141
2026-04-02 15:07:00,7720,7730,7720,7730,27
2026-04-02 15:08:00,7730,7750,7720,7750,972
2026-04-02 15:09:00,7750,7860,7740,7850,1217
2026-04-02 15:10:00,7760,7830,7740,7780,1035
2026-04-02 15:11:00,7750,7780,7720,7720,955
2026-04-02 15:12:00,7730,7730,7730,7730,101
2026-04-02 15:13:00,7730,7760,7720,7740,403
2026-04-02 15:14:00,7730,7730,7730,7730,3
2026-04-02 15:15:00,7730,7730,7720,7730,569
2026-04-02 15:16:00,7740,7780,7740,7740,84
2026-04-02 15:17:00,7740,7740,7740,7740,22
2026-04-02 15:18:00,7750,7780,7740,7780,37
2026-04-02 15:19:00,7780,7790,7770,7780,188
2026-04-02 15:30:00,7780,7780,7780,7780,195
2026-04-02 15:35:00,7780,7780,7780,7780,209
2026-04-03 09:00:00,7880,7900,7880,7900,464
2026-04-03 09:01:00,7920,7930,7890,7910,812
2026-04-03 09:02:00,7910,7930,7910,7910,242
2026-04-03 09:03:00,7890,7890,7850,7850,346
2026-04-03 09:04:00,7870,7870,7870,7870,15
2026-04-03 09:05:00,7870,7870,7870,7870,129
2026-04-03 09:06:00,7870,7870,7870,7870,142
2026-04-03 09:07:00,7870,7870,7850,7860,111
2026-04-03 09:08:00,7860,7870,7860,7870,63
2026-04-03 09:09:00,7860,7870,7860,7870,7
2026-04-03 09:10:00,7860,7870,7840,7840,22
2026-04-03 09:11:00,7840,7850,7800,7850,3537
2026-04-03 09:12:00,7850,7900,7850,7900,71
2026-04-03 09:13:00,7850,7900,7850,7880,111
2026-04-03 09:14:00,7880,7880,7830,7870,80
2026-04-03 09:15:00,7830,7880,7830,7850,374
2026-04-03 09:16:00,7830,7870,7820,7830,247
2026-04-03 09:17:00,7860,7860,7830,7830,287
2026-04-03 09:18:00,7830,7840,7810,7820,5212
2026-04-03 09:19:00,7810,7870,7810,7870,74
2026-04-03 09:20:00,7850,7870,7850,7870,50
2026-04-03 09:21:00,7845,7845,7830,7830,28
2026-04-03 09:22:00,7830,7840,7830,7830,84
2026-04-03 09:23:00,7830,7830,7830,7830,1183
2026-04-03 09:24:00,7830,7830,7830,7830,114
2026-04-03 09:25:00,7830,7840,7830,7830,151
2026-04-03 09:26:00,7830,7850,7830,7850,330
2026-04-03 09:27:00,7850,7850,7830,7850,88
2026-04-03 09:28:00,7840,7840,7830,7840,217
2026-04-03 09:29:00,7850,7850,7850,7850,3
2026-04-03 09:30:00,7840,7840,7820,7820,267
2026-04-03 09:31:00,7820,7840,7820,7840,236
2026-04-03 09:32:00,7850,7850,7850,7850,39
2026-04-03 09:33:00,7830,7830,7820,7820,330
2026-04-03 09:34:00,7820,7880,7820,7880,75
2026-04-03 09:36:00,7870,7870,7820,7830,189
2026-04-03 09:37:00,7830,7830,7830,7830,301
2026-04-03 09:38:00,7820,7830,7820,7830,61
2026-04-03 09:39:00,7830,7830,7820,7830,183
2026-04-03 09:40:00,7820,7840,7820,7820,1192
2026-04-03 09:41:00,7820,7820,7820,7820,77
2026-04-03 09:42:00,7820,7820,7820,7820,80
2026-04-03 09:43:00,7820,7830,7820,7820,89
2026-04-03 09:44:00,7820,7820,7820,7820,76
2026-04-03 09:45:00,7820,7820,7810,7810,716
2026-04-03 09:46:00,7810,7820,7810,7820,52
2026-04-03 09:47:00,7810,7810,7810,7810,46
2026-04-03 09:48:00,7810,7810,7810,7810,271
2026-04-03 09:49:00,7810,7820,7800,7800,1390
2026-04-03 09:50:00,7800,7810,7800,7800,107
2026-04-03 09:51:00,7800,7810,7800,7800,65
2026-04-03 09:52:00,7800,7810,7800,7800,67
2026-04-03 09:53:00,7800,7820,7800,7820,293
2026-04-03 09:54:00,7820,7860,7820,7860,40
2026-04-03 09:55:00,7860,7860,7860,7860,76
2026-04-03 09:56:00,7830,7870,7830,7870,33
2026-04-03 09:57:00,7880,7880,7870,7880,51
2026-04-03 09:58:00,7870,7870,7840,7840,224
2026-04-03 09:59:00,7870,7880,7870,7880,21
2026-04-03 10:00:00,7870,7870,7870,7870,14
2026-04-03 10:03:00,7840,7840,7830,7830,284
2026-04-03 10:04:00,7830,7840,7830,7840,89
2026-04-03 10:05:00,7840,7840,7830,7830,42
2026-04-03 10:06:00,7820,7820,7810,7820,320
2026-04-03 10:07:00,7810,7810,7810,7810,52
2026-04-03 10:08:00,7820,7820,7820,7820,20
2026-04-03 10:09:00,7820,7820,7820,7820,28
2026-04-03 10:10:00,7830,7830,7800,7800,741
2026-04-03 10:11:00,7800,7800,7790,7800,769
2026-04-03 10:12:00,7800,7800,7790,7790,218
2026-04-03 10:13:00,7790,7790,7780,7780,720
2026-04-03 10:14:00,7780,7780,7780,7780,87
2026-04-03 10:15:00,7780,7780,7780,7780,42
2026-04-03 10:16:00,7780,7780,7780,7780,35
2026-04-03 10:17:00,7780,7780,7780,7780,40
2026-04-03 10:18:00,7780,7800,7780,7800,84
2026-04-03 10:19:00,7780,7780,7780,7780,38
2026-04-03 10:20:00,7780,7780,7770,7770,1728
2026-04-03 10:21:00,7770,7780,7770,7770,23
2026-04-03 10:22:00,7770,7770,7770,7770,61
2026-04-03 10:23:00,7770,7770,7760,7760,304
2026-04-03 10:24:00,7770,7860,7770,7820,512
2026-04-03 10:25:00,7810,7810,7810,7810,3000
2026-04-03 10:26:00,7820,7820,7820,7820,1
2026-04-03 10:27:00,7810,7810,7810,7810,1
2026-04-03 10:28:00,7810,7810,7810,7810,2
2026-04-03 10:29:00,7810,7820,7810,7820,50
2026-04-03 10:30:00,7810,7820,7810,7810,19
2026-04-03 10:31:00,7810,7820,7810,7810,28
2026-04-03 10:32:00,7810,7820,7810,7810,67
2026-04-03 10:33:00,7810,7820,7800,7800,335
2026-04-03 10:34:00,7790,7790,7790,7790,293
2026-04-03 10:35:00,7790,7790,7790,7790,41
2026-04-03 10:36:00,7790,7800,7790,7790,53
2026-04-03 10:37:00,7790,7800,7790,7790,29
2026-04-03 10:38:00,7790,7800,7790,7790,123
2026-04-03 10:39:00,7790,7790,7790,7790,3
2026-04-03 10:40:00,7790,7790,7770,7770,146
2026-04-03 10:41:00,7780,7780,7770,7770,10
2026-04-03 10:42:00,7770,7770,7760,7770,204
2026-04-03 10:43:00,7760,7770,7760,7760,42
2026-04-03 10:44:00,7760,7780,7760,7770,184
2026-04-03 10:45:00,7780,7780,7770,7770,39
2026-04-03 10:46:00,7770,7780,7750,7750,1173
2026-04-03 10:47:00,7750,7750,7750,7750,30
2026-04-03 10:48:00,7750,7750,7750,7750,208
2026-04-03 10:49:00,7750,7760,7750,7750,152
2026-04-03 10:50:00,7750,7760,7750,7760,215
2026-04-03 10:51:00,7760,7760,7760,7760,17
2026-04-03 10:52:00,7750,7760,7740,7760,769
2026-04-03 10:53:00,7750,7750,7750,7750,4
2026-04-03 10:54:00,7750,7750,7750,7750,305
2026-04-03 10:55:00,7740,7750,7740,7750,7
2026-04-03 10:56:00,7750,7750,7740,7740,320
2026-04-03 10:57:00,7740,7740,7740,7740,197
2026-04-03 10:58:00,7750,7750,7750,7750,12
2026-04-03 10:59:00,7750,7750,7750,7750,102
2026-04-03 11:00:00,7750,7750,7750,7750,29
2026-04-03 11:01:00,7750,7750,7730,7750,842
2026-04-03 11:02:00,7750,7750,7740,7740,48
2026-04-03 11:03:00,7740,7740,7730,7740,362
2026-04-03 11:04:00,7730,7780,7730,7780,387
2026-04-03 11:06:00,7760,7760,7750,7750,5
2026-04-03 11:07:00,7740,7740,7730,7730,112
2026-04-03 11:08:00,7730,7730,7730,7730,98
2026-04-03 11:09:00,7730,7730,7730,7730,55
2026-04-03 11:10:00,7730,7760,7730,7760,760
2026-04-03 11:11:00,7750,7760,7750,7750,148
2026-04-03 11:12:00,7760,7830,7760,7830,599
2026-04-03 11:14:00,7760,7760,7760,7760,1
2026-04-03 11:15:00,7760,7760,7760,7760,50
2026-04-03 11:16:00,7820,7820,7770,7770,170
2026-04-03 11:18:00,7770,7770,7770,7770,300
2026-04-03 11:19:00,7800,7800,7800,7800,10
2026-04-03 11:21:00,7790,7790,7790,7790,11
2026-04-03 11:23:00,7770,7770,7770,7770,100
2026-04-03 11:24:00,7770,7770,7770,7770,10
2026-04-03 11:25:00,7770,7770,7770,7770,15
2026-04-03 11:26:00,7770,7770,7760,7760,130
2026-04-03 11:27:00,7760,7760,7760,7760,256
2026-04-03 11:29:00,7760,7770,7760,7770,97
2026-04-03 11:31:00,7770,7770,7770,7770,30
2026-04-03 11:32:00,7770,7770,7770,7770,66
2026-04-03 11:33:00,7760,7780,7740,7780,956
2026-04-03 11:34:00,7780,7780,7780,7780,13
2026-04-03 11:35:00,7770,7770,7740,7740,1159
2026-04-03 11:38:00,7740,7740,7730,7740,422
2026-04-03 11:39:00,7730,7730,7730,7730,1
2026-04-03 11:41:00,7730,7740,7730,7740,117
2026-04-03 11:42:00,7750,7770,7750,7770,27
2026-04-03 11:44:00,7780,7780,7760,7780,5002
2026-04-03 11:45:00,7750,7750,7720,7730,5131
2026-04-03 11:48:00,7740,7740,7710,7710,1592
2026-04-03 11:49:00,7710,7740,7700,7740,1060
2026-04-03 11:50:00,7740,7740,7710,7710,2
2026-04-03 11:51:00,7740,7760,7740,7760,14
2026-04-03 11:52:00,7760,7760,7760,7760,154
2026-04-03 11:53:00,7760,7760,7760,7760,27
2026-04-03 11:54:00,7780,7780,7780,7780,28
2026-04-03 11:55:00,7770,7770,7760,7770,980
2026-04-03 11:56:00,7770,7810,7770,7810,168
2026-04-03 11:59:00,7800,7810,7800,7810,35
2026-04-03 12:00:00,7810,7810,7810,7810,38
2026-04-03 12:01:00,7810,7810,7790,7810,77
2026-04-03 12:02:00,7800,7810,7800,7810,38
2026-04-03 12:03:00,7810,7810,7810,7810,4
2026-04-03 12:05:00,7740,7810,7740,7810,75
2026-04-03 12:07:00,7750,7810,7750,7810,115
2026-04-03 12:09:00,7800,7800,7800,7800,20
2026-04-03 12:10:00,7810,7810,7810,7810,4
2026-04-03 12:11:00,7810,7810,7740,7740,324
2026-04-03 12:12:00,7740,7810,7740,7810,8
2026-04-03 12:14:00,7810,7810,7810,7810,123
2026-04-03 12:16:00,7740,7740,7730,7730,250
2026-04-03 12:17:00,7810,7810,7720,7800,321
2026-04-03 12:18:00,7800,7800,7800,7800,19
2026-04-03 12:19:00,7790,7790,7790,7790,4
2026-04-03 12:21:00,7750,7790,7750,7790,7
2026-04-03 12:23:00,7760,7790,7760,7790,2
2026-04-03 12:24:00,7790,7800,7790,7800,14
2026-04-03 12:25:00,7800,7800,7800,7800,1
2026-04-03 12:30:00,7790,7790,7790,7790,10
2026-04-03 12:31:00,7790,7790,7790,7790,1
2026-04-03 12:34:00,7780,7790,7780,7790,10
2026-04-03 12:35:00,7780,7790,7760,7790,448
2026-04-03 12:38:00,7780,7780,7770,7770,10
2026-04-03 12:39:00,7780,7780,7780,7780,1
2026-04-03 12:41:00,7770,7770,7750,7750,664
2026-04-03 12:42:00,7750,7750,7750,7750,12
2026-04-03 12:43:00,7780,7780,7740,7740,98
2026-04-03 12:44:00,7780,7780,7780,7780,51
2026-04-03 12:45:00,7740,7780,7740,7780,19
2026-04-03 12:49:00,7780,7780,7780,7780,10
2026-04-03 12:52:00,7780,7780,7780,7780,191
2026-04-03 12:53:00,7780,7790,7780,7790,38
2026-04-03 12:54:00,7790,7820,7790,7820,29
2026-04-03 12:55:00,7790,7820,7780,7820,168
2026-04-03 12:59:00,7780,7810,7780,7810,233
2026-04-03 13:04:00,7810,7810,7810,7810,31
2026-04-03 13:06:00,7810,7810,7810,7810,1
2026-04-03 13:14:00,7760,7760,7760,7760,4
2026-04-03 13:15:00,7800,7800,7750,7750,198
2026-04-03 13:16:00,7750,7760,7750,7750,25
2026-04-03 13:17:00,7750,7750,7750,7750,26
2026-04-03 13:18:00,7750,7750,7750,7750,24
2026-04-03 13:19:00,7750,7750,7750,7750,24
2026-04-03 13:20:00,7750,7750,7750,7750,21
2026-04-03 13:21:00,7750,7760,7750,7750,36
2026-04-03 13:22:00,7750,7750,7750,7750,20
2026-04-03 13:23:00,7750,7760,7750,7750,26
2026-04-03 13:24:00,7750,7750,7750,7750,20
2026-04-03 13:25:00,7750,7750,7750,7750,24
2026-04-03 13:26:00,7750,7760,7750,7760,860
2026-04-03 13:27:00,7760,7780,7760,7780,46
2026-04-03 13:28:00,7780,7780,7760,7760,15
2026-04-03 13:29:00,7760,7760,7760,7760,26
2026-04-03 13:30:00,7760,7760,7760,7760,20
2026-04-03 13:32:00,7780,7780,7780,7780,1
2026-04-03 13:34:00,7780,7780,7780,7780,12
2026-04-03 13:35:00,7780,7780,7760,7760,210
2026-04-03 13:36:00,7760,7760,7760,7760,3
2026-04-03 13:37:00,7760,7760,7760,7760,16
2026-04-03 13:38:00,7760,7760,7760,7760,400
2026-04-03 13:39:00,7765,7765,7760,7760,166
2026-04-03 13:40:00,7760,7760,7750,7750,444
2026-04-03 13:41:00,7750,7760,7750,7760,190
2026-04-03 13:42:00,7760,7760,7760,7760,68
2026-04-03 13:44:00,7770,7770,7770,7770,4
2026-04-03 13:45:00,7760,7760,7760,7760,5
2026-04-03 13:46:00,7760,7760,7760,7760,28
2026-04-03 13:47:00,7760,7770,7740,7740,122
2026-04-03 13:48:00,7740,7770,7740,7770,56
2026-04-03 13:49:00,7740,7770,7740,7740,41
2026-04-03 13:50:00,7740,7750,7740,7750,67
2026-04-03 13:51:00,7750,7760,7750,7750,26
2026-04-03 13:52:00,7750,7780,7750,7780,71
2026-04-03 13:53:00,7770,7770,7750,7750,16
2026-04-03 13:54:00,7750,7760,7750,7750,21
2026-04-03 13:55:00,7780,7780,7780,7780,1
2026-04-03 13:57:00,7770,7770,7750,7750,188
2026-04-03 13:58:00,7750,7760,7750,7750,43
2026-04-03 13:59:00,7750,7750,7750,7750,33
2026-04-03 14:00:00,7750,7760,7750,7750,168
2026-04-03 14:01:00,7750,7770,7750,7750,29
2026-04-03 14:02:00,7750,7770,7750,7750,26
2026-04-03 14:03:00,7750,7750,7750,7750,199
2026-04-03 14:04:00,7750,7750,7750,7750,53
2026-04-03 14:05:00,7750,7750,7740,7740,1264
2026-04-03 14:06:00,7750,7780,7750,7780,212
2026-04-03 14:07:00,7740,7740,7740,7740,104
2026-04-03 14:08:00,7750,7750,7750,7750,116
2026-04-03 14:09:00,7750,7750,7750,7750,74
2026-04-03 14:10:00,7750,7750,7750,7750,3
2026-04-03 14:11:00,7750,7750,7750,7750,36
2026-04-03 14:12:00,7750,7750,7750,7750,33
2026-04-03 14:13:00,7750,7780,7740,7740,202
2026-04-03 14:14:00,7740,7740,7740,7740,35
2026-04-03 14:15:00,7740,7750,7740,7740,105
2026-04-03 14:16:00,7740,7750,7740,7750,24
2026-04-03 14:17:00,7750,7750,7740,7750,34
2026-04-03 14:18:00,7750,7750,7740,7750,48
2026-04-03 14:19:00,7750,7750,7740,7740,20
2026-04-03 14:20:00,7740,7740,7740,7740,31
2026-04-03 14:21:00,7740,7750,7740,7750,49
2026-04-03 14:23:00,7750,7750,7740,7740,163
2026-04-03 14:24:00,7750,7750,7740,7750,87
2026-04-03 14:26:00,7750,7750,7750,7750,22
2026-04-03 14:28:00,7750,7750,7750,7750,2
2026-04-03 14:30:00,7750,7750,7740,7740,64
2026-04-03 14:31:00,7740,7740,7740,7740,112
2026-04-03 14:32:00,7750,7750,7750,7750,100
2026-04-03 14:33:00,7750,7750,7750,7750,432
2026-04-03 14:34:00,7760,7760,7750,7750,41
2026-04-03 14:35:00,7750,7750,7740,7740,103
2026-04-03 14:36:00,7750,7760,7750,7760,126
2026-04-03 14:38:00,7760,7760,7760,7760,2
2026-04-03 14:39:00,7750,7750,7750,7750,32
2026-04-03 14:40:00,7740,7750,7740,7750,73
2026-04-03 14:41:00,7740,7740,7740,7740,16
2026-04-03 14:42:00,7740,7740,7740,7740,366
2026-04-03 14:43:00,7740,7750,7740,7740,126
2026-04-03 14:44:00,7740,7750,7740,7740,117
2026-04-03 14:45:00,7750,7750,7740,7740,25
2026-04-03 14:46:00,7740,7740,7740,7740,40
2026-04-03 14:47:00,7740,7740,7730,7730,1041
2026-04-03 14:48:00,7730,7730,7730,7730,81
2026-04-03 14:49:00,7730,7740,7730,7740,136
2026-04-03 14:50:00,7730,7740,7730,7730,43
2026-04-03 14:51:00,7730,7730,7730,7730,37
2026-04-03 14:52:00,7730,7730,7730,7730,34
2026-04-03 14:53:00,7730,7730,7730,7730,33
2026-04-03 14:54:00,7730,7740,7730,7730,49
2026-04-03 14:55:00,7730,7730,7730,7730,43
2026-04-03 14:56:00,7730,7730,7730,7730,40
2026-04-03 14:57:00,7730,7730,7730,7730,44
2026-04-03 14:58:00,7730,7740,7730,7730,58
2026-04-03 14:59:00,7730,7740,7730,7730,43
2026-04-03 15:00:00,7740,7740,7730,7740,95
2026-04-03 15:01:00,7740,7740,7740,7740,34
2026-04-03 15:02:00,7740,7750,7740,7750,166
2026-04-03 15:03:00,7750,7750,7740,7740,183
2026-04-03 15:05:00,7740,7740,7730,7730,160
2026-04-03 15:08:00,7745,7745,7745,7745,31
2026-04-03 15:09:00,7745,7750,7745,7745,36
2026-04-03 15:10:00,7745,7745,7730,7730,285
2026-04-03 15:11:00,7730,7740,7730,7730,40
2026-04-03 15:12:00,7730,7740,7730,7730,45
2026-04-03 15:13:00,7730,7740,7730,7730,386
2026-04-03 15:14:00,7730,7740,7730,7740,1069
2026-04-03 15:15:00,7740,7740,7730,7740,116
2026-04-03 15:17:00,7740,7740,7740,7740,193
2026-04-03 15:18:00,7740,7750,7740,7740,141
2026-04-03 15:19:00,7760,7820,7760,7810,237
2026-04-03 15:30:00,7740,7740,7740,7740,705
2026-04-06 09:00:00,7800,7800,7750,7750,872
2026-04-06 09:01:00,7760,7760,7750,7750,56
2026-04-06 09:02:00,7750,7750,7710,7710,1557
2026-04-06 09:03:00,7710,7720,7710,7710,226
2026-04-06 09:04:00,7710,7720,7700,7700,398
2026-04-06 09:05:00,7705,7720,7690,7690,986
2026-04-06 09:06:00,7690,7710,7690,7710,1044
2026-04-06 09:07:00,7710,7710,7700,7700,493
2026-04-06 09:08:00,7710,7720,7700,7720,906
2026-04-06 09:09:00,7725,7800,7710,7750,1852
2026-04-06 09:10:00,7750,7800,7750,7770,9
2026-04-06 09:12:00,7770,7770,7770,7770,64
2026-04-06 09:13:00,7770,7770,7770,7770,1
2026-04-06 09:14:00,7760,7760,7730,7730,100
2026-04-06 09:15:00,7730,7730,7730,7730,2
2026-04-06 09:16:00,7770,7770,7770,7770,12
2026-04-06 09:17:00,7730,7730,7730,7730,407
2026-04-06 09:18:00,7720,7730,7720,7730,21
2026-04-06 09:19:00,7750,7760,7750,7760,4
2026-04-06 09:21:00,7760,7760,7760,7760,1
2026-04-06 09:23:00,7760,7760,7760,7760,1
2026-04-06 09:24:00,7730,7730,7730,7730,289
2026-04-06 09:25:00,7720,7720,7700,7700,1227
2026-04-06 09:26:00,7720,7720,7720,7720,21
2026-04-06 09:27:00,7700,7700,7690,7690,109
2026-04-06 09:28:00,7700,7700,7700,7700,36
2026-04-06 09:29:00,7700,7700,7690,7690,181
2026-04-06 09:30:00,7690,7700,7680,7680,958
2026-04-06 09:31:00,7680,7680,7680,7680,148
2026-04-06 09:32:00,7680,7680,7680,7680,164
2026-04-06 09:33:00,7690,7690,7690,7690,100
2026-04-06 09:34:00,7690,7700,7690,7690,662
2026-04-06 09:35:00,7690,7690,7690,7690,2
2026-04-06 09:36:00,7680,7690,7670,7670,1434
2026-04-06 09:37:00,7670,7670,7660,7660,771
2026-04-06 09:38:00,7670,7670,7670,7670,51
2026-04-06 09:39:00,7670,7670,7660,7670,177
2026-04-06 09:40:00,7660,7670,7660,7660,1872
2026-04-06 09:41:00,7660,7660,7660,7660,1
2026-04-06 09:42:00,7680,7680,7680,7680,1
2026-04-06 09:43:00,7690,7690,7680,7680,712
2026-04-06 09:44:00,7690,7690,7680,7690,9
2026-04-06 09:45:00,7680,7690,7680,7690,107
2026-04-06 09:46:00,7690,7690,7690,7690,2
2026-04-06 09:47:00,7690,7710,7690,7710,304
2026-04-06 09:49:00,7700,7700,7700,7700,6
2026-04-06 09:50:00,7705,7705,7690,7690,491
2026-04-06 09:52:00,7690,7690,7680,7680,180
2026-04-06 09:53:00,7690,7690,7690,7690,227
2026-04-06 09:54:00,7700,7760,7700,7760,820
2026-04-06 09:55:00,7750,7760,7710,7710,218
2026-04-06 09:56:00,7720,7720,7720,7720,21
2026-04-06 09:57:00,7700,7700,7700,7700,93
2026-04-06 09:58:00,7700,7700,7700,7700,26
2026-04-06 09:59:00,7710,7710,7710,7710,1
2026-04-06 10:00:00,7710,7710,7710,7710,10
2026-04-06 10:01:00,7710,7710,7710,7710,4
2026-04-06 10:02:00,7700,7700,7680,7700,378
2026-04-06 10:03:00,7680,7680,7680,7680,100
2026-04-06 10:04:00,7680,7690,7680,7690,13
2026-04-06 10:05:00,7690,7690,7680,7690,860
2026-04-06 10:06:00,7690,7710,7680,7710,339
2026-04-06 10:07:00,7690,7690,7680,7690,912
2026-04-06 10:08:00,7690,7690,7690,7690,12
2026-04-06 10:09:00,7690,7700,7690,7700,33
2026-04-06 10:10:00,7700,7710,7700,7710,138
2026-04-06 10:11:00,7720,7720,7720,7720,2
2026-04-06 10:13:00,7720,7720,7720,7720,103
2026-04-06 10:14:00,7720,7720,7680,7680,1242
2026-04-06 10:15:00,7700,7700,7680,7680,283
2026-04-06 10:16:00,7690,7690,7690,7690,1
2026-04-06 10:17:00,7690,7690,7680,7680,157
2026-04-06 10:18:00,7680,7740,7680,7740,1133
2026-04-06 10:19:00,7700,7700,7700,7700,1
2026-04-06 10:20:00,7710,7710,7690,7700,7
2026-04-06 10:21:00,7690,7690,7690,7690,1
2026-04-06 10:22:00,7690,7690,7680,7690,194
2026-04-06 10:23:00,7690,7690,7690,7690,17
2026-04-06 10:24:00,7680,7690,7670,7670,288
2026-04-06 10:25:00,7670,7670,7670,7670,4
2026-04-06 10:27:00,7670,7670,7670,7670,907
2026-04-06 10:29:00,7670,7680,7660,7680,412
2026-04-06 10:30:00,7680,7680,7680,7680,1
2026-04-06 10:31:00,7680,7680,7680,7680,6
2026-04-06 10:32:00,7680,7680,7680,7680,10
2026-04-06 10:33:00,7680,7680,7670,7670,102
2026-04-06 10:34:00,7670,7680,7660,7680,514
2026-04-06 10:36:00,7680,7680,7680,7680,80
2026-04-06 10:37:00,7680,7680,7680,7680,172
2026-04-06 10:38:00,7680,7680,7670,7670,23
2026-04-06 10:39:00,7680,7680,7680,7680,1
2026-04-06 10:40:00,7680,7690,7670,7690,869
2026-04-06 10:42:00,7690,7690,7690,7690,17
2026-04-06 10:43:00,7680,7690,7670,7690,354
2026-04-06 10:44:00,7690,7690,7690,7690,475
2026-04-06 10:46:00,7700,7700,7690,7700,95
2026-04-06 10:47:00,7700,7700,7700,7700,206
2026-04-06 10:48:00,7700,7700,7700,7700,10
2026-04-06 10:50:00,7680,7690,7680,7690,243
2026-04-06 10:52:00,7680,7680,7680,7680,102
2026-04-06 10:54:00,7680,7680,7660,7670,1167
2026-04-06 10:55:00,7680,7680,7660,7660,103
2026-04-06 10:56:00,7660,7660,7660,7660,526
2026-04-06 10:57:00,7660,7670,7650,7670,2720
2026-04-06 10:58:00,7650,7660,7650,7660,12
2026-04-06 10:59:00,7660,7660,7660,7660,60
2026-04-06 11:00:00,7660,7660,7650,7650,262
2026-04-06 11:01:00,7650,7660,7650,7650,2566
2026-04-06 11:02:00,7650,7660,7650,7660,371
2026-04-06 11:03:00,7660,7680,7660,7680,2253
2026-04-06 11:04:00,7680,7680,7680,7680,100
2026-04-06 11:05:00,7670,7670,7670,7670,7
2026-04-06 11:06:00,7670,7670,7670,7670,1
2026-04-06 11:07:00,7670,7670,7670,7670,30
2026-04-06 11:08:00,7670,7670,7660,7670,222
2026-04-06 11:09:00,7670,7670,7670,7670,907
2026-04-06 11:10:00,7680,7690,7680,7690,17
2026-04-06 11:11:00,7690,7700,7690,7700,25
2026-04-06 11:12:00,7700,7700,7700,7700,193
2026-04-06 11:13:00,7700,7750,7700,7730,382
2026-04-06 11:14:00,7710,7710,7710,7710,14
2026-04-06 11:15:00,7710,7710,7710,7710,30
2026-04-06 11:18:00,7710,7730,7710,7730,270
2026-04-06 11:19:00,7730,7730,7730,7730,25
2026-04-06 11:20:00,7730,7750,7720,7750,184
2026-04-06 11:21:00,7750,7750,7750,7750,1
2026-04-06 11:22:00,7740,7740,7730,7730,45
2026-04-06 11:25:00,7730,7730,7730,7730,6
2026-04-06 11:26:00,7730,7730,7730,7730,2
2026-04-06 11:27:00,7730,7730,7730,7730,10
2026-04-06 11:28:00,7730,7740,7730,7730,274
2026-04-06 11:29:00,7730,7735,7730,7735,63
2026-04-06 11:30:00,7735,7735,7735,7735,1
2026-04-06 11:31:00,7735,7735,7710,7710,20
2026-04-06 11:32:00,7720,7720,7720,7720,9
2026-04-06 11:33:00,7720,7720,7720,7720,1
2026-04-06 11:34:00,7710,7710,7700,7710,238
2026-04-06 11:35:00,7700,7710,7690,7710,249
2026-04-06 11:36:00,7710,7710,7710,7710,9
2026-04-06 11:37:00,7710,7710,7710,7710,10
2026-04-06 11:39:00,7710,7710,7710,7710,56
2026-04-06 11:40:00,7710,7710,7710,7710,1
2026-04-06 11:44:00,7700,7700,7700,7700,1
2026-04-06 11:45:00,7700,7700,7700,7700,61
2026-04-06 11:47:00,7710,7710,7710,7710,8
2026-04-06 11:48:00,7700,7700,7690,7700,107
2026-04-06 11:49:00,7700,7700,7700,7700,9
2026-04-06 11:50:00,7700,7700,7690,7690,335
2026-04-06 11:51:00,7700,7700,7700,7700,25
2026-04-06 11:52:00,7700,7710,7700,7710,208
2026-04-06 11:53:00,7700,7710,7700,7710,27
2026-04-06 11:55:00,7690,7690,7690,7690,4
2026-04-06 11:56:00,7700,7700,7700,7700,58
2026-04-06 12:00:00,7700,7700,7700,7700,429
2026-04-06 12:01:00,7700,7710,7700,7710,134
2026-04-06 12:03:00,7710,7710,7710,7710,1
2026-04-06 12:07:00,7710,7710,7710,7710,3
2026-04-06 12:10:00,7695,7695,7695,7695,1
2026-04-06 12:12:00,7705,7705,7705,7705,9
2026-04-06 12:13:00,7705,7705,7705,7705,37
2026-04-06 12:14:00,7705,7710,7705,7705,127
2026-04-06 12:15:00,7705,7705,7705,7705,23
2026-04-06 12:17:00,7700,7700,7690,7690,164
2026-04-06 12:19:00,7690,7700,7690,7700,3
2026-04-06 12:20:00,7690,7690,7680,7680,152
2026-04-06 12:21:00,7690,7690,7690,7690,6
2026-04-06 12:23:00,7690,7690,7690,7690,35
2026-04-06 12:24:00,7690,7690,7690,7690,14
2026-04-06 12:25:00,7690,7690,7690,7690,5
2026-04-06 12:28:00,7700,7700,7700,7700,1
2026-04-06 12:29:00,7690,7690,7690,7690,20
2026-04-06 12:32:00,7690,7690,7680,7680,219
2026-04-06 12:34:00,7690,7690,7690,7690,2
2026-04-06 12:35:00,7690,7720,7690,7720,76
2026-04-06 12:37:00,7720,7720,7720,7720,20
2026-04-06 12:38:00,7720,7720,7690,7690,11
2026-04-06 12:39:00,7690,7710,7670,7670,1175
2026-04-06 12:40:00,7670,7670,7670,7670,6
2026-04-06 12:41:00,7670,7670,7670,7670,310
2026-04-06 12:42:00,7670,7670,7670,7670,20
2026-04-06 12:43:00,7670,7670,7660,7660,1496
2026-04-06 12:44:00,7660,7660,7660,7660,232
2026-04-06 12:46:00,7660,7660,7660,7660,1
2026-04-06 12:50:00,7670,7670,7660,7660,134
2026-04-06 12:52:00,7665,7665,7660,7660,538
2026-04-06 12:53:00,7660,7660,7660,7660,1
2026-04-06 12:54:00,7660,7660,7660,7660,5
2026-04-06 12:55:00,7660,7660,7660,7660,11
2026-04-06 12:56:00,7655,7660,7650,7660,101
2026-04-06 12:57:00,7660,7660,7660,7660,53
2026-04-06 12:58:00,7660,7660,7660,7660,277
2026-04-06 13:00:00,7660,7660,7660,7660,31
2026-04-06 13:01:00,7660,7660,7660,7660,110
2026-04-06 13:02:00,7660,7670,7660,7670,542
2026-04-06 13:03:00,7670,7670,7660,7670,89
2026-04-06 13:05:00,7670,7670,7670,7670,1
2026-04-06 13:06:00,7670,7670,7670,7670,3
2026-04-06 13:07:00,7670,7670,7660,7660,376
2026-04-06 13:08:00,7650,7660,7650,7660,14
2026-04-06 13:09:00,7660,7660,7660,7660,1
2026-04-06 13:10:00,7650,7660,7650,7660,515
2026-04-06 13:11:00,7650,7650,7650,7650,50
2026-04-06 13:14:00,7650,7650,7650,7650,12
2026-04-06 13:15:00,7660,7660,7660,7660,60
2026-04-06 13:16:00,7660,7660,7660,7660,98
2026-04-06 13:17:00,7660,7670,7660,7670,225
2026-04-06 13:18:00,7660,7660,7660,7660,105
2026-04-06 13:19:00,7660,7660,7660,7660,8
2026-04-06 13:20:00,7660,7660,7660,7660,16
2026-04-06 13:21:00,7660,7660,7660,7660,48
2026-04-06 13:22:00,7660,7660,7650,7660,731
2026-04-06 13:23:00,7660,7660,7650,7650,2005
2026-04-06 13:24:00,7660,7660,7660,7660,70
2026-04-06 13:25:00,7660,7660,7660,7660,2
2026-04-06 13:26:00,7650,7650,7650,7650,10
2026-04-06 13:27:00,7660,7660,7660,7660,238
2026-04-06 13:28:00,7650,7660,7650,7660,605
2026-04-06 13:30:00,7660,7660,7660,7660,100
2026-04-06 13:31:00,7650,7660,7640,7650,8777
2026-04-06 13:32:00,7650,7650,7650,7650,33
2026-04-06 13:33:00,7640,7640,7640,7640,22
2026-04-06 13:34:00,7650,7650,7650,7650,60
2026-04-06 13:35:00,7650,7650,7650,7650,40
2026-04-06 13:36:00,7650,7650,7650,7650,22
2026-04-06 13:37:00,7650,7650,7650,7650,15
2026-04-06 13:38:00,7650,7650,7645,7650,271
2026-04-06 13:39:00,7660,7660,7650,7650,127
2026-04-06 13:40:00,7650,7650,7650,7650,55
2026-04-06 13:41:00,7650,7650,7650,7650,91
2026-04-06 13:42:00,7655,7655,7650,7650,100
2026-04-06 13:46:00,7660,7660,7650,7650,67
2026-04-06 13:51:00,7650,7650,7650,7650,30
2026-04-06 13:52:00,7650,7660,7650,7660,22
2026-04-06 13:53:00,7660,7660,7660,7660,10
2026-04-06 13:54:00,7650,7650,7640,7640,660
2026-04-06 13:57:00,7650,7650,7650,7650,12
2026-04-06 13:58:00,7640,7650,7640,7650,215
2026-04-06 13:59:00,7640,7640,7640,7640,12
2026-04-06 14:00:00,7640,7640,7640,7640,52
2026-04-06 14:01:00,7640,7650,7640,7640,825
2026-04-06 14:02:00,7650,7650,7645,7650,178
2026-04-06 14:03:00,7650,7650,7650,7650,201
2026-04-06 14:04:00,7650,7650,7650,7650,120
2026-04-06 14:06:00,7660,7670,7660,7660,1700
2026-04-06 14:07:00,7660,7670,7660,7670,136
2026-04-06 14:09:00,7680,7680,7680,7680,45
2026-04-06 14:11:00,7700,7740,7680,7740,1513
2026-04-06 14:12:00,7730,7730,7680,7680,12
2026-04-06 14:13:00,7720,7720,7720,7720,3
2026-04-06 14:14:00,7720,7730,7720,7730,263
2026-04-06 14:15:00,7730,7740,7730,7740,110
2026-04-06 14:17:00,7730,7730,7730,7730,353
2026-04-06 14:18:00,7720,7720,7720,7720,11
2026-04-06 14:21:00,7720,7720,7720,7720,351
2026-04-06 14:22:00,7720,7720,7720,7720,12
2026-04-06 14:23:00,7730,7730,7730,7730,26
2026-04-06 14:24:00,7740,7770,7740,7770,745
2026-04-06 14:25:00,7770,7770,7770,7770,89
2026-04-06 14:26:00,7770,7770,7770,7770,558
2026-04-06 14:27:00,7770,7770,7770,7770,531
2026-04-06 14:28:00,7770,7770,7740,7760,313
2026-04-06 14:29:00,7760,7760,7760,7760,703
2026-04-06 14:30:00,7760,7760,7760,7760,266
2026-04-06 14:31:00,7760,7760,7760,7760,18
2026-04-06 14:34:00,7760,7760,7750,7750,250
2026-04-06 14:35:00,7750,7750,7750,7750,9
2026-04-06 14:38:00,7750,7750,7750,7750,453
2026-04-06 14:39:00,7750,7750,7720,7720,720
2026-04-06 14:40:00,7720,7720,7720,7720,50
2026-04-06 14:41:00,7720,7720,7720,7720,30
2026-04-06 14:42:00,7720,7720,7720,7720,201
2026-04-06 14:43:00,7720,7720,7720,7720,14
2026-04-06 14:47:00,7720,7720,7720,7720,30
2026-04-06 14:48:00,7720,7720,7720,7720,1064
2026-04-06 14:49:00,7720,7720,7720,7720,56
2026-04-06 14:50:00,7720,7720,7720,7720,94
2026-04-06 14:52:00,7720,7720,7720,7720,88
2026-04-06 14:53:00,7720,7720,7720,7720,20
2026-04-06 14:54:00,7720,7720,7710,7710,51
2026-04-06 14:56:00,7710,7720,7710,7720,240
2026-04-06 14:57:00,7720,7720,7720,7720,1
2026-04-06 14:58:00,7710,7710,7710,7710,222
2026-04-06 14:59:00,7710,7710,7700,7700,51
2026-04-06 15:01:00,7720,7720,7720,7720,570
2026-04-06 15:05:00,7720,7730,7720,7730,522
2026-04-06 15:06:00,7730,7730,7730,7730,214
2026-04-06 15:07:00,7740,7740,7740,7740,1
2026-04-06 15:08:00,7740,7750,7740,7750,133
2026-04-06 15:10:00,7750,7750,7750,7750,98
2026-04-06 15:11:00,7750,7760,7750,7760,60
2026-04-06 15:12:00,7760,7760,7760,7760,16
2026-04-06 15:15:00,7750,7750,7720,7730,332
2026-04-06 15:16:00,7710,7710,7700,7700,75
2026-04-06 15:17:00,7730,7760,7730,7760,113
2026-04-06 15:18:00,7760,7760,7710,7710,175
2026-04-06 15:19:00,7710,7760,7710,7710,148
2026-04-06 15:30:00,7710,7710,7710,7710,294
2026-04-06 15:35:00,7710,7710,7710,7710,97
2026-04-07 09:00:00,7710,7770,7710,7770,231
2026-04-07 09:01:00,7710,7770,7660,7670,1477
2026-04-07 09:02:00,7710,7710,7690,7690,34
2026-04-07 09:04:00,7700,7700,7690,7690,100
2026-04-07 09:05:00,7690,7690,7690,7690,526
2026-04-07 09:06:00,7700,7700,7700,7700,67
2026-04-07 09:08:00,7710,7760,7710,7760,392
2026-04-07 09:09:00,7740,7750,7740,7750,191
2026-04-07 09:10:00,7740,7760,7740,7760,460
2026-04-07 09:11:00,7770,7770,7770,7770,22
2026-04-07 09:12:00,7770,7770,7730,7730,105
2026-04-07 09:13:00,7770,7770,7770,7770,12
2026-04-07 09:14:00,7750,7770,7750,7770,651
2026-04-07 09:16:00,7780,7800,7780,7800,598
2026-04-07 09:17:00,7800,7800,7790,7800,781
2026-04-07 09:18:00,7800,7800,7800,7800,10
2026-04-07 09:19:00,7800,7800,7800,7800,1
2026-04-07 09:20:00,7810,7820,7810,7820,585
2026-04-07 09:21:00,7820,7830,7820,7820,5
2026-04-07 09:22:00,7810,7815,7810,7815,86
2026-04-07 09:24:00,7810,7810,7800,7800,228
2026-04-07 09:25:00,7800,7800,7800,7800,101
2026-04-07 09:26:00,7800,7805,7790,7790,176
2026-04-07 09:27:00,7780,7800,7780,7800,85
2026-04-07 09:28:00,7800,7820,7800,7820,175
2026-04-07 09:29:00,7820,7820,7820,7820,616
2026-04-07 09:30:00,7820,7820,7820,7820,1
2026-04-07 09:31:00,7810,7810,7810,7810,20
2026-04-07 09:32:00,7800,7810,7790,7790,334
2026-04-07 09:34:00,7780,7780,7770,7780,186
2026-04-07 09:35:00,7770,7780,7770,7780,504
2026-04-07 09:36:00,7770,7770,7740,7740,854
2026-04-07 09:38:00,7740,7740,7740,7740,107
2026-04-07 09:40:00,7740,7740,7740,7740,2
2026-04-07 09:43:00,7740,7740,7740,7740,200
2026-04-07 09:44:00,7750,7750,7740,7740,100
2026-04-07 09:45:00,7740,7750,7740,7750,101
2026-04-07 09:46:00,7750,7750,7750,7750,8
2026-04-07 09:47:00,7760,7760,7760,7760,92
2026-04-07 09:48:00,7790,7790,7790,7790,10
2026-04-07 09:49:00,7800,7800,7800,7800,7
2026-04-07 09:50:00,7800,7800,7790,7790,576
2026-04-07 09:51:00,7800,7800,7800,7800,128
2026-04-07 09:52:00,7800,7800,7790,7790,104
2026-04-07 09:54:00,7800,7800,7790,7800,109
2026-04-07 09:55:00,7800,7800,7780,7800,107
2026-04-07 09:56:00,7780,7800,7750,7800,346
2026-04-07 09:57:00,7800,7800,7800,7800,27
2026-04-07 09:59:00,7790,7800,7790,7800,543
2026-04-07 10:00:00,7800,7800,7800,7800,6
2026-04-07 10:01:00,7800,7800,7800,7800,2
2026-04-07 10:02:00,7800,7800,7800,7800,12
2026-04-07 10:03:00,7780,7780,7780,7780,219
2026-04-07 10:04:00,7770,7770,7770,7770,60
2026-04-07 10:05:00,7770,7770,7770,7770,7
2026-04-07 10:07:00,7770,7770,7770,7770,100
2026-04-07 10:09:00,7770,7780,7770,7780,3
2026-04-07 10:10:00,7780,7780,7770,7770,283
2026-04-07 10:11:00,7770,7770,7770,7770,2
2026-04-07 10:12:00,7770,7770,7760,7770,170
2026-04-07 10:14:00,7750,7750,7750,7750,382
2026-04-07 10:16:00,7750,7770,7750,7770,115
2026-04-07 10:17:00,7770,7770,7770,7770,13
2026-04-07 10:18:00,7750,7770,7740,7770,61
2026-04-07 10:19:00,7770,7770,7770,7770,5
2026-04-07 10:21:00,7770,7770,7770,7770,21
2026-04-07 10:22:00,7770,7770,7770,7770,42
2026-04-07 10:24:00,7770,7770,7770,7770,1
2026-04-07 10:25:00,7760,7760,7750,7750,2
2026-04-07 10:26:00,7740,7740,7740,7740,184
2026-04-07 10:27:00,7740,7740,7740,7740,1
2026-04-07 10:29:00,7740,7740,7740,7740,7
2026-04-07 10:30:00,7760,7760,7760,7760,8
2026-04-07 10:31:00,7760,7760,7760,7760,30
2026-04-07 10:32:00,7750,7760,7730,7760,505
2026-04-07 10:33:00,7760,7760,7760,7760,1
2026-04-07 10:34:00,7760,7760,7760,7760,8
2026-04-07 10:35:00,7760,7760,7760,7760,2
2026-04-07 10:38:00,7760,7770,7760,7760,176
2026-04-07 10:39:00,7770,7770,7770,7770,15
2026-04-07 10:40:00,7720,7760,7720,7760,647
2026-04-07 10:41:00,7760,7760,7760,7760,1
2026-04-07 10:43:00,7710,7710,7710,7710,2
2026-04-07 10:44:00,7770,7770,7770,7770,16
2026-04-07 10:47:00,7760,7760,7760,7760,1
2026-04-07 10:49:00,7750,7770,7750,7770,1142
2026-04-07 10:51:00,7760,7760,7730,7730,3
2026-04-07 10:52:00,7730,7730,7720,7720,3
2026-04-07 10:53:00,7720,7720,7720,7720,3
2026-04-07 10:54:00,7710,7710,7710,7710,2
2026-04-07 10:55:00,7710,7710,7710,7710,371
2026-04-07 10:56:00,7700,7700,7700,7700,848
2026-04-07 10:57:00,7720,7720,7720,7720,265
2026-04-07 10:58:00,7700,7700,7700,7700,41
2026-04-07 10:59:00,7700,7730,7700,7730,361
2026-04-07 11:02:00,7730,7730,7710,7710,62
2026-04-07 11:03:00,7740,7740,7740,7740,2
2026-04-07 11:04:00,7740,7740,7740,7740,160
2026-04-07 11:05:00,7700,7700,7690,7690,966
2026-04-07 11:06:00,7700,7700,7700,7700,1
2026-04-07 11:07:00,7690,7690,7680,7680,851
2026-04-07 11:09:00,7700,7700,7700,7700,17
2026-04-07 11:10:00,7700,7700,7700,7700,238
2026-04-07 11:11:00,7710,7710,7710,7710,1
2026-04-07 11:12:00,7720,7720,7690,7690,210
2026-04-07 11:13:00,7690,7690,7690,7690,93
2026-04-07 11:14:00,7690,7690,7690,7690,7
2026-04-07 11:15:00,7700,7700,7700,7700,8
2026-04-07 11:16:00,7700,7700,7700,7700,141
2026-04-07 11:22:00,7700,7700,7700,7700,165
2026-04-07 11:25:00,7700,7700,7700,7700,10
2026-04-07 11:26:00,7700,7700,7700,7700,24
2026-04-07 11:27:00,7700,7700,7700,7700,4
2026-04-07 11:28:00,7700,7700,7690,7690,56
2026-04-07 11:29:00,7690,7700,7690,7700,41
2026-04-07 11:30:00,7700,7700,7700,7700,1
2026-04-07 11:33:00,7730,7730,7730,7730,2
2026-04-07 11:36:00,7730,7730,7730,7730,200
2026-04-07 11:38:00,7730,7730,7730,7730,158
2026-04-07 11:40:00,7730,7730,7730,7730,26
2026-04-07 11:41:00,7740,7740,7710,7710,207
2026-04-07 11:43:00,7740,7740,7740,7740,15
2026-04-07 11:44:00,7740,7740,7740,7740,1
2026-04-07 11:46:00,7740,7740,7740,7740,4
2026-04-07 11:47:00,7740,7740,7740,7740,1
2026-04-07 11:48:00,7740,7740,7740,7740,3
2026-04-07 11:51:00,7720,7720,7700,7700,220
2026-04-07 11:53:00,7700,7700,7690,7700,201
2026-04-07 11:54:00,7710,7710,7710,7710,4
2026-04-07 11:55:00,7700,7700,7690,7690,54
2026-04-07 11:58:00,7690,7690,7690,7690,81
2026-04-07 12:04:00,7680,7680,7680,7680,50
2026-04-07 12:05:00,7680,7680,7680,7680,10
2026-04-07 12:07:00,7680,7680,7680,7680,1
2026-04-07 12:08:00,7680,7690,7680,7690,241
2026-04-07 12:10:00,7690,7690,7690,7690,295
2026-04-07 12:12:00,7690,7690,7690,7690,1
2026-04-07 12:13:00,7690,7690,7690,7690,2
2026-04-07 12:14:00,7690,7690,7690,7690,1
2026-04-07 12:15:00,7690,7690,7690,7690,6
2026-04-07 12:16:00,7690,7690,7690,7690,2
2026-04-07 12:18:00,7680,7680,7670,7670,112
2026-04-07 12:19:00,7670,7670,7670,7670,264
2026-04-07 12:20:00,7670,7670,7670,7670,126
2026-04-07 12:22:00,7680,7680,7680,7680,1
2026-04-07 12:23:00,7680,7680,7680,7680,119
2026-04-07 12:24:00,7690,7690,7690,7690,2
2026-04-07 12:26:00,7690,7690,7690,7690,298
2026-04-07 12:29:00,7680,7680,7680,7680,50
2026-04-07 12:30:00,7690,7690,7690,7690,9
2026-04-07 12:31:00,7690,7690,7690,7690,20
2026-04-07 12:33:00,7710,7710,7710,7710,1
2026-04-07 12:35:00,7710,7710,7710,7710,10
2026-04-07 12:36:00,7710,7710,7710,7710,1
2026-04-07 12:38:00,7710,7710,7710,7710,3
2026-04-07 12:39:00,7700,7700,7700,7700,39
2026-04-07 12:40:00,7710,7710,7710,7710,1
2026-04-07 12:41:00,7710,7710,7710,7710,200
2026-04-07 12:42:00,7710,7710,7710,7710,10
2026-04-07 12:43:00,7710,7710,7710,7710,5
2026-04-07 12:45:00,7690,7690,7680,7680,1008
2026-04-07 12:46:00,7670,7670,7670,7670,1031
2026-04-07 12:47:00,7660,7660,7660,7660,1552
2026-04-07 12:48:00,7650,7660,7650,7650,1398
2026-04-07 12:49:00,7640,7660,7640,7640,680
2026-04-07 12:51:00,7640,7650,7640,7640,226
2026-04-07 12:52:00,7640,7640,7640,7640,190
2026-04-07 12:53:00,7640,7650,7640,7650,834
2026-04-07 12:54:00,7650,7650,7640,7650,288
2026-04-07 12:55:00,7630,7630,7630,7630,5
2026-04-07 12:56:00,7640,7640,7620,7640,1652
2026-04-07 12:57:00,7640,7640,7640,7640,61
2026-04-07 12:58:00,7640,7640,7640,7640,7
2026-04-07 12:59:00,7630,7640,7630,7640,140
2026-04-07 13:00:00,7640,7640,7640,7640,2
2026-04-07 13:01:00,7630,7640,7610,7640,487
2026-04-07 13:02:00,7640,7640,7640,7640,7
2026-04-07 13:04:00,7660,7660,7660,7660,1
2026-04-07 13:05:00,7640,7640,7640,7640,115
2026-04-07 13:09:00,7640,7640,7640,7640,222
2026-04-07 13:10:00,7640,7640,7640,7640,5
2026-04-07 13:11:00,7640,7640,7640,7640,5
2026-04-07 13:12:00,7640,7640,7640,7640,5
2026-04-07 13:13:00,7640,7640,7640,7640,44
2026-04-07 13:14:00,7630,7630,7630,7630,262
2026-04-07 13:15:00,7640,7640,7640,7640,40
2026-04-07 13:16:00,7630,7630,7620,7620,130
2026-04-07 13:18:00,7620,7640,7620,7640,195
2026-04-07 13:19:00,7630,7630,7630,7630,5
2026-04-07 13:20:00,7630,7630,7620,7630,250
2026-04-07 13:21:00,7625,7630,7610,7630,864
2026-04-07 13:22:00,7630,7630,7630,7630,13
2026-04-07 13:23:00,7630,7640,7630,7640,1121
2026-04-07 13:25:00,7640,7640,7640,7640,40
2026-04-07 13:26:00,7640,7640,7630,7630,86
2026-04-07 13:27:00,7630,7630,7630,7630,105
2026-04-07 13:30:00,7630,7640,7620,7640,845
2026-04-07 13:31:00,7640,7640,7640,7640,193
2026-04-07 13:32:00,7670,7670,7670,7670,4
2026-04-07 13:37:00,7670,7670,7670,7670,120
2026-04-07 13:40:00,7680,7680,7680,7680,40
2026-04-07 13:41:00,7650,7650,7640,7640,50
2026-04-07 13:42:00,7680,7680,7640,7640,206
2026-04-07 13:43:00,7650,7650,7650,7650,3
2026-04-07 13:45:00,7660,7660,7660,7660,65
2026-04-07 13:47:00,7680,7680,7680,7680,4
2026-04-07 13:49:00,7670,7670,7670,7670,1
2026-04-07 13:51:00,7660,7660,7660,7660,253
2026-04-07 13:52:00,7660,7660,7660,7660,195
2026-04-07 13:53:00,7650,7670,7620,7620,209
2026-04-07 13:54:00,7660,7660,7660,7660,36
2026-04-07 13:55:00,7660,7660,7660,7660,102
2026-04-07 13:56:00,7650,7650,7650,7650,47
2026-04-07 13:57:00,7650,7650,7650,7650,3
2026-04-07 13:59:00,7630,7630,7630,7630,270
2026-04-07 14:01:00,7630,7630,7630,7630,33
2026-04-07 14:02:00,7630,7630,7630,7630,93
2026-04-07 14:03:00,7630,7630,7620,7630,604
2026-04-07 14:05:00,7635,7635,7630,7630,11
2026-04-07 14:06:00,7630,7630,7630,7630,100
2026-04-07 14:08:00,7630,7630,7630,7630,508
2026-04-07 14:09:00,7640,7640,7640,7640,21
2026-04-07 14:11:00,7640,7640,7640,7640,28
2026-04-07 14:12:00,7640,7640,7640,7640,63
2026-04-07 14:13:00,7640,7640,7630,7640,82
2026-04-07 14:15:00,7640,7640,7640,7640,11
2026-04-07 14:18:00,7640,7640,7640,7640,46
2026-04-07 14:19:00,7640,7640,7640,7640,35
2026-04-07 14:20:00,7640,7640,7640,7640,7
2026-04-07 14:21:00,7640,7640,7640,7640,1
2026-04-07 14:22:00,7640,7640,7640,7640,20
2026-04-07 14:23:00,7630,7630,7630,7630,300
2026-04-07 14:24:00,7630,7630,7630,7630,76
2026-04-07 14:25:00,7640,7640,7640,7640,109
2026-04-07 14:26:00,7640,7640,7630,7630,101
2026-04-07 14:28:00,7630,7630,7630,7630,38
2026-04-07 14:29:00,7620,7620,7620,7620,47
2026-04-07 14:30:00,7620,7620,7620,7620,62
2026-04-07 14:31:00,7630,7630,7630,7630,502
2026-04-07 14:34:00,7630,7630,7630,7630,41
2026-04-07 14:35:00,7630,7630,7630,7630,1
2026-04-07 14:36:00,7635,7635,7620,7620,787
2026-04-07 14:40:00,7620,7620,7610,7610,986
2026-04-07 14:43:00,7620,7620,7620,7620,7
2026-04-07 14:44:00,7620,7620,7620,7620,101
2026-04-07 14:45:00,7620,7620,7620,7620,102
2026-04-07 14:46:00,7620,7620,7620,7620,200
2026-04-07 14:48:00,7620,7620,7610,7610,320
2026-04-07 14:50:00,7610,7610,7610,7610,2517
2026-04-07 14:51:00,7610,7610,7610,7610,4
2026-04-07 14:54:00,7620,7620,7620,7620,139
2026-04-07 14:55:00,7620,7620,7620,7620,21
2026-04-07 14:56:00,7620,7620,7610,7610,51
2026-04-07 14:57:00,7610,7610,7610,7610,290
2026-04-07 14:58:00,7620,7620,7620,7620,416
2026-04-07 15:01:00,7640,7640,7640,7640,236
2026-04-07 15:02:00,7640,7640,7630,7630,8
2026-04-07 15:04:00,7630,7630,7630,7630,13
2026-04-07 15:05:00,7640,7640,7640,7640,42
2026-04-07 15:06:00,7640,7640,7630,7630,10
2026-04-07 15:07:00,7620,7620,7620,7620,955
2026-04-07 15:08:00,7630,7630,7630,7630,295
2026-04-07 15:09:00,7630,7630,7630,7630,110
2026-04-07 15:10:00,7630,7630,7630,7630,40
2026-04-07 15:11:00,7625,7625,7620,7620,500
2026-04-07 15:12:00,7620,7630,7620,7630,22
2026-04-07 15:13:00,7630,7630,7630,7630,1
2026-04-07 15:14:00,7630,7630,7630,7630,105
2026-04-07 15:15:00,7630,7630,7630,7630,2
2026-04-07 15:16:00,7630,7630,7630,7630,102
2026-04-07 15:17:00,7620,7620,7620,7620,90
2026-04-07 15:19:00,7620,7630,7620,7630,235
2026-04-07 15:30:00,7630,7630,7630,7630,675
2026-04-08 09:00:00,7800,7870,7790,7850,1717
2026-04-08 09:01:00,7850,7850,7750,7750,323
2026-04-08 09:02:00,7770,7830,7760,7820,892
2026-04-08 09:03:00,7830,7830,7800,7800,1910
2026-04-08 09:04:00,7800,7810,7770,7810,817
2026-04-08 09:05:00,7810,7850,7800,7820,1973
2026-04-08 09:06:00,7820,7830,7820,7830,216
2026-04-08 09:07:00,7825,7830,7820,7820,638
2026-04-08 09:08:00,7820,7820,7820,7820,1
2026-04-08 09:09:00,7820,7830,7820,7830,230
2026-04-08 09:10:00,7830,7840,7820,7830,667
2026-04-08 09:11:00,7850,7880,7850,7860,1513
2026-04-08 09:12:00,7860,7860,7860,7860,81
2026-04-08 09:13:00,7860,7860,7850,7850,974
2026-04-08 09:14:00,7850,7850,7840,7850,328
2026-04-08 09:15:00,7850,7850,7830,7830,1320
2026-04-08 09:16:00,7830,7840,7830,7840,504
2026-04-08 09:17:00,7840,7840,7830,7840,456
2026-04-08 09:18:00,7840,7840,7840,7840,1
2026-04-08 09:19:00,7840,7840,7830,7840,1088
2026-04-08 09:20:00,7840,7840,7840,7840,1249
2026-04-08 09:21:00,7840,7840,7840,7840,241
2026-04-08 09:22:00,7840,7850,7840,7850,7105
2026-04-08 09:23:00,7850,7870,7850,7870,799
2026-04-08 09:24:00,7880,7880,7870,7880,443
2026-04-08 09:25:00,7880,7880,7870,7870,626
2026-04-08 09:26:00,7850,7850,7850,7850,686
2026-04-08 09:27:00,7830,7830,7830,7830,114
2026-04-08 09:28:00,7850,7850,7830,7850,65
2026-04-08 09:29:00,7850,7850,7820,7820,135
2026-04-08 09:30:00,7820,7820,7810,7810,503
2026-04-08 09:31:00,7820,7820,7810,7810,211
2026-04-08 09:32:00,7810,7810,7810,7810,5
2026-04-08 09:33:00,7810,7830,7810,7830,136
2026-04-08 09:34:00,7830,7830,7830,7830,10
2026-04-08 09:35:00,7830,7840,7820,7840,717
2026-04-08 09:36:00,7850,7850,7840,7840,65
2026-04-08 09:37:00,7840,7840,7840,7840,22
2026-04-08 09:38:00,7840,7870,7840,7870,1019
2026-04-08 09:39:00,7870,7870,7870,7870,23
2026-04-08 09:41:00,7850,7850,7850,7850,20
2026-04-08 09:43:00,7850,7850,7850,7850,44
2026-04-08 09:44:00,7840,7850,7840,7850,34
2026-04-08 09:45:00,7850,7850,7850,7850,704
2026-04-08 09:46:00,7850,7860,7810,7860,1143
2026-04-08 09:47:00,7850,7850,7850,7850,139
2026-04-08 09:48:00,7830,7830,7820,7820,50
2026-04-08 09:49:00,7820,7820,7820,7820,1086
2026-04-08 09:50:00,7840,7850,7840,7850,334
2026-04-08 09:51:00,7850,7850,7850,7850,3
2026-04-08 09:53:00,7850,7850,7850,7850,12
2026-04-08 09:54:00,7850,7850,7850,7850,69
2026-04-08 09:55:00,7850,7850,7850,7850,2
2026-04-08 09:56:00,7850,7850,7830,7850,461
2026-04-08 09:57:00,7850,7860,7850,7860,1048
2026-04-08 09:58:00,7860,7860,7850,7850,217
2026-04-08 09:59:00,7850,7850,7850,7850,40
2026-04-08 10:00:00,7840,7840,7840,7840,1
2026-04-08 10:01:00,7840,7840,7840,7840,14
2026-04-08 10:02:00,7830,7830,7830,7830,10
2026-04-08 10:03:00,7840,7840,7840,7840,1
2026-04-08 10:04:00,7830,7830,7820,7820,403
2026-04-08 10:05:00,7820,7820,7810,7810,650
2026-04-08 10:06:00,7810,7810,7810,7810,633
2026-04-08 10:08:00,7810,7810,7810,7810,1195
2026-04-08 10:09:00,7810,7830,7810,7830,1928
2026-04-08 10:10:00,7830,7830,7830,7830,100
2026-04-08 10:11:00,7830,7840,7820,7820,415
2026-04-08 10:12:00,7810,7820,7810,7820,63
2026-04-08 10:13:00,7820,7820,7810,7810,679
2026-04-08 10:14:00,7810,7810,7810,7810,105
2026-04-08 10:15:00,7800,7810,7790,7790,1299
2026-04-08 10:16:00,7800,7810,7800,7800,145
2026-04-08 10:17:00,7780,7810,7780,7810,335
2026-04-08 10:18:00,7810,7810,7810,7810,6
2026-04-08 10:19:00,7810,7810,7800,7800,2
2026-04-08 10:20:00,7780,7780,7780,7780,65
2026-04-08 10:21:00,7800,7800,7780,7780,46
2026-04-08 10:23:00,7790,7790,7790,7790,10
2026-04-08 10:24:00,7800,7800,7800,7800,95
2026-04-08 10:25:00,7800,7800,7800,7800,19
2026-04-08 10:26:00,7800,7800,7800,7800,145
2026-04-08 10:27:00,7800,7800,7800,7800,62
2026-04-08 10:28:00,7800,7800,7800,7800,50
2026-04-08 10:29:00,7790,7800,7790,7800,109
2026-04-08 10:30:00,7800,7800,7800,7800,30
2026-04-08 10:31:00,7800,7830,7800,7820,2852
2026-04-08 10:32:00,7820,7820,7820,7820,32
2026-04-08 10:33:00,7820,7820,7820,7820,78
2026-04-08 10:34:00,7820,7820,7820,7820,2
2026-04-08 10:35:00,7810,7820,7810,7820,27
2026-04-08 10:36:00,7820,7820,7820,7820,237
2026-04-08 10:39:00,7820,7820,7810,7810,200
2026-04-08 10:40:00,7810,7810,7810,7810,5
2026-04-08 10:42:00,7800,7800,7800,7800,70
2026-04-08 10:43:00,7790,7800,7790,7800,167
2026-04-08 10:46:00,7810,7820,7810,7820,51
2026-04-08 10:47:00,7820,7820,7820,7820,858
2026-04-08 10:48:00,7820,7830,7820,7830,169
2026-04-08 10:49:00,7830,7830,7830,7830,14
2026-04-08 10:50:00,7830,7830,7830,7830,100
2026-04-08 10:51:00,7820,7820,7820,7820,100
2026-04-08 10:52:00,7810,7810,7810,7810,280
2026-04-08 10:53:00,7820,7830,7820,7830,59
2026-04-08 10:55:00,7810,7820,7810,7820,556
2026-04-08 10:56:00,7820,7840,7820,7820,1335
2026-04-08 10:57:00,7820,7830,7820,7830,512
2026-04-08 10:58:00,7830,7830,7830,7830,10
2026-04-08 11:00:00,7830,7840,7830,7840,464
2026-04-08 11:01:00,7840,7840,7830,7840,21
2026-04-08 11:02:00,7840,7840,7830,7830,7
2026-04-08 11:04:00,7840,7840,7840,7840,50
2026-04-08 11:05:00,7840,7840,7840,7840,56
2026-04-08 11:07:00,7840,7840,7840,7840,35
2026-04-08 11:08:00,7840,7840,7840,7840,1
2026-04-08 11:09:00,7820,7820,7820,7820,226
2026-04-08 11:10:00,7820,7820,7820,7820,270
2026-04-08 11:11:00,7820,7840,7810,7810,108
2026-04-08 11:12:00,7810,7830,7810,7830,9
2026-04-08 11:14:00,7820,7830,7820,7830,224
2026-04-08 11:15:00,7830,7840,7830,7840,977
2026-04-08 11:17:00,7840,7840,7840,7840,92
2026-04-08 11:18:00,7840,7840,7840,7840,28
2026-04-08 11:21:00,7840,7850,7840,7840,12
2026-04-08 11:22:00,7820,7820,7820,7820,6
2026-04-08 11:23:00,7820,7820,7810,7810,150
2026-04-08 11:25:00,7820,7820,7820,7820,1
2026-04-08 11:26:00,7820,7820,7820,7820,1
2026-04-08 11:28:00,7820,7820,7820,7820,1
2026-04-08 11:29:00,7810,7810,7810,7810,4
2026-04-08 11:30:00,7810,7810,7810,7810,103
2026-04-08 11:33:00,7820,7830,7820,7830,132
2026-04-08 11:34:00,7840,7840,7840,7840,50
2026-04-08 11:35:00,7840,7840,7840,7840,7
2026-04-08 11:36:00,7840,7840,7840,7840,30
2026-04-08 11:38:00,7830,7830,7830,7830,10
2026-04-08 11:41:00,7830,7840,7830,7840,11
2026-04-08 11:42:00,7840,7840,7830,7830,43
2026-04-08 11:43:00,7830,7830,7830,7830,298
2026-04-08 11:44:00,7830,7830,7820,7820,5
2026-04-08 11:45:00,7820,7820,7810,7810,243
2026-04-08 11:46:00,7840,7840,7840,7840,68
2026-04-08 11:47:00,7840,7840,7840,7840,1
2026-04-08 11:49:00,7820,7820,7810,7810,247
2026-04-08 11:50:00,7810,7810,7810,7810,60
2026-04-08 11:53:00,7830,7830,7830,7830,25
2026-04-08 11:54:00,7820,7820,7820,7820,269
2026-04-08 11:55:00,7820,7820,7820,7820,35
2026-04-08 11:56:00,7830,7840,7820,7830,193
2026-04-08 11:57:00,7820,7820,7820,7820,362
2026-04-08 11:58:00,7820,7820,7820,7820,130
2026-04-08 11:59:00,7810,7810,7810,7810,158
2026-04-08 12:02:00,7810,7830,7800,7820,679
2026-04-08 12:03:00,7820,7820,7820,7820,1
2026-04-08 12:04:00,7820,7820,7820,7820,2
2026-04-08 12:06:00,7820,7820,7820,7820,1
2026-04-08 12:07:00,7820,7830,7820,7830,100
2026-04-08 12:09:00,7830,7830,7830,7830,2
2026-04-08 12:10:00,7820,7830,7820,7830,43
2026-04-08 12:11:00,7830,7830,7830,7830,600
2026-04-08 12:12:00,7830,7830,7830,7830,1
2026-04-08 12:14:00,7820,7830,7800,7830,1113
2026-04-08 12:15:00,7830,7830,7830,7830,1
2026-04-08 12:17:00,7810,7810,7810,7810,1
2026-04-08 12:19:00,7810,7810,7810,7810,2
2026-04-08 12:20:00,7800,7800,7800,7800,125
2026-04-08 12:21:00,7800,7800,7800,7800,26
2026-04-08 12:23:00,7800,7800,7800,7800,10
2026-04-08 12:24:00,7800,7800,7800,7800,3
2026-04-08 12:25:00,7790,7810,7790,7810,547
2026-04-08 12:26:00,7820,7830,7820,7830,64
2026-04-08 12:27:00,7830,7830,7830,7830,100
2026-04-08 12:28:00,7830,7830,7800,7800,95
2026-04-08 12:31:00,7820,7820,7820,7820,16
2026-04-08 12:32:00,7820,7820,7820,7820,202
2026-04-08 12:33:00,7830,7830,7830,7830,430
2026-04-08 12:35:00,7820,7820,7810,7820,1036
2026-04-08 12:37:00,7800,7800,7800,7800,77
2026-04-08 12:38:00,7790,7790,7790,7790,362
2026-04-08 12:41:00,7800,7800,7800,7800,39
2026-04-08 12:42:00,7800,7800,7800,7800,100
2026-04-08 12:44:00,7800,7800,7790,7790,96
2026-04-08 12:45:00,7800,7800,7800,7800,4
2026-04-08 12:46:00,7800,7800,7800,7800,1
2026-04-08 12:50:00,7800,7810,7800,7810,224
2026-04-08 12:51:00,7800,7800,7800,7800,100
2026-04-08 12:52:00,7790,7800,7790,7800,255
2026-04-08 12:54:00,7800,7800,7800,7800,340
2026-04-08 12:55:00,7810,7810,7810,7810,2
2026-04-08 12:56:00,7810,7810,7810,7810,4
2026-04-08 12:57:00,7800,7800,7800,7800,620
2026-04-08 12:58:00,7810,7810,7810,7810,19
2026-04-08 12:59:00,7800,7810,7800,7810,18
2026-04-08 13:00:00,7810,7820,7810,7820,926
2026-04-08 13:01:00,7820,7820,7820,7820,67
2026-04-08 13:03:00,7820,7820,7810,7810,12
2026-04-08 13:06:00,7820,7820,7820,7820,1
2026-04-08 13:07:00,7820,7820,7810,7820,239
2026-04-08 13:08:00,7810,7810,7810,7810,122
2026-04-08 13:09:00,7810,7810,7810,7810,70
2026-04-08 13:11:00,7800,7810,7800,7810,1288
2026-04-08 13:12:00,7800,7800,7800,7800,5
2026-04-08 13:13:00,7820,7820,7790,7790,609
2026-04-08 13:18:00,7780,7780,7780,7780,62
2026-04-08 13:19:00,7780,7790,7780,7790,158
2026-04-08 13:21:00,7790,7790,7790,7790,10
2026-04-08 13:22:00,7790,7790,7790,7790,3
2026-04-08 13:23:00,7780,7780,7780,7780,148
2026-04-08 13:25:00,7790,7790,7790,7790,250
2026-04-08 13:26:00,7790,7790,7790,7790,16
2026-04-08 13:27:00,7790,7790,7790,7790,27
2026-04-08 13:28:00,7790,7800,7790,7800,298
2026-04-08 13:29:00,7800,7800,7780,7780,17
2026-04-08 13:30:00,7780,7780,7780,7780,3
2026-04-08 13:31:00,7800,7800,7800,7800,206
2026-04-08 13:32:00,7790,7790,7790,7790,2
2026-04-08 13:33:00,7790,7800,7780,7800,956
2026-04-08 13:34:00,7800,7800,7800,7800,1
2026-04-08 13:37:00,7780,7780,7780,7780,85
2026-04-08 13:41:00,7800,7800,7800,7800,2
2026-04-08 13:42:00,7790,7790,7790,7790,97
2026-04-08 13:45:00,7800,7800,7800,7800,12
2026-04-08 13:47:00,7790,7790,7790,7790,1
2026-04-08 13:49:00,7800,7800,7800,7800,2
2026-04-08 13:50:00,7790,7790,7790,7790,1
2026-04-08 13:52:00,7790,7800,7790,7790,43
2026-04-08 13:54:00,7790,7790,7790,7790,1
2026-04-08 13:55:00,7800,7800,7790,7790,14
2026-04-08 13:56:00,7800,7800,7800,7800,44
2026-04-08 13:57:00,7800,7800,7790,7790,151
2026-04-08 13:58:00,7800,7800,7800,7800,369
2026-04-08 13:59:00,7800,7800,7790,7800,268
2026-04-08 14:00:00,7790,7800,7790,7800,334
2026-04-08 14:01:00,7800,7800,7800,7800,393
2026-04-08 14:03:00,7800,7800,7800,7800,1
2026-04-08 14:04:00,7800,7800,7800,7800,20
2026-04-08 14:05:00,7800,7800,7800,7800,1
2026-04-08 14:06:00,7810,7810,7780,7780,1209
2026-04-08 14:07:00,7800,7800,7800,7800,7
2026-04-08 14:08:00,7800,7800,7800,7800,1
2026-04-08 14:09:00,7800,7800,7790,7790,5
2026-04-08 14:10:00,7800,7800,7795,7795,4
2026-04-08 14:11:00,7800,7800,7800,7800,6
2026-04-08 14:12:00,7800,7800,7800,7800,37
2026-04-08 14:13:00,7795,7795,7795,7795,1
2026-04-08 14:14:00,7795,7795,7790,7790,220
2026-04-08 14:15:00,7790,7790,7790,7790,28
2026-04-08 14:16:00,7790,7790,7790,7790,1
2026-04-08 14:17:00,7800,7800,7800,7800,24
2026-04-08 14:18:00,7800,7800,7790,7790,101
2026-04-08 14:19:00,7790,7790,7790,7790,200
2026-04-08 14:20:00,7790,7790,7790,7790,1
2026-04-08 14:22:00,7800,7800,7790,7790,155
2026-04-08 14:23:00,7790,7790,7790,7790,11
2026-04-08 14:24:00,7790,7790,7790,7790,1
2026-04-08 14:25:00,7810,7810,7810,7810,447
2026-04-08 14:26:00,7810,7810,7810,7810,152
2026-04-08 14:27:00,7790,7790,7790,7790,1
2026-04-08 14:28:00,7790,7790,7790,7790,33
2026-04-08 14:29:00,7790,7790,7790,7790,146
2026-04-08 14:30:00,7790,7790,7790,7790,17
2026-04-08 14:31:00,7790,7800,7790,7800,91
2026-04-08 14:32:00,7790,7790,7790,7790,86
2026-04-08 14:33:00,7790,7790,7790,7790,29
2026-04-08 14:34:00,7790,7790,7790,7790,263
2026-04-08 14:35:00,7790,7790,7790,7790,1
2026-04-08 14:37:00,7790,7790,7790,7790,1
2026-04-08 14:38:00,7790,7790,7790,7790,119
2026-04-08 14:39:00,7790,7790,7790,7790,1
2026-04-08 14:40:00,7790,7800,7780,7800,1098
2026-04-08 14:41:00,7800,7800,7800,7800,41
2026-04-08 14:42:00,7800,7800,7800,7800,23
2026-04-08 14:43:00,7800,7800,7800,7800,1
2026-04-08 14:45:00,7800,7800,7800,7800,91
2026-04-08 14:46:00,7810,7810,7810,7810,151
2026-04-08 14:47:00,7800,7810,7800,7810,100
2026-04-08 14:48:00,7810,7820,7800,7800,286
2026-04-08 14:49:00,7800,7800,7800,7800,10
2026-04-08 14:50:00,7800,7800,7800,7800,1
2026-04-08 14:52:00,7800,7800,7800,7800,41
2026-04-08 14:54:00,7800,7800,7800,7800,13
2026-04-08 14:55:00,7800,7800,7780,7780,267
2026-04-08 14:56:00,7780,7780,7780,7780,51
2026-04-08 14:58:00,7780,7780,7780,7780,1
2026-04-08 14:59:00,7780,7780,7780,7780,7
2026-04-08 15:02:00,7790,7790,7780,7780,12
2026-04-08 15:05:00,7820,7820,7820,7820,3
2026-04-08 15:07:00,7820,7840,7820,7840,866
2026-04-08 15:09:00,7840,7840,7840,7840,5
2026-04-08 15:10:00,7820,7820,7820,7820,3
2026-04-08 15:11:00,7830,7830,7830,7830,25
2026-04-08 15:12:00,7830,7830,7830,7830,50
2026-04-08 15:13:00,7820,7820,7820,7820,400
2026-04-08 15:14:00,7830,7830,7820,7820,56
2026-04-08 15:15:00,7830,7830,7825,7830,73
2026-04-08 15:16:00,7830,7850,7830,7850,1779
2026-04-08 15:17:00,7840,7840,7840,7840,20
2026-04-08 15:18:00,7850,7850,7845,7850,43
2026-04-08 15:19:00,7845,7845,7840,7840,179
2026-04-08 15:30:00,7830,7830,7830,7830,1356
2026-04-08 15:35:00,7830,7830,7830,7830,80
2026-04-09 09:00:00,7810,7830,7810,7830,108
2026-04-09 09:01:00,7860,7860,7800,7800,1353
2026-04-09 09:02:00,7830,7880,7830,7880,866
2026-04-09 09:03:00,7880,7970,7880,7930,2029
2026-04-09 09:04:00,7930,7940,7920,7930,920
2026-04-09 09:05:00,7920,7930,7900,7900,1241
2026-04-09 09:06:00,7880,7880,7880,7880,81
2026-04-09 09:07:00,7880,7880,7870,7870,131
2026-04-09 09:08:00,7860,7860,7830,7850,919
2026-04-09 09:09:00,7850,7860,7850,7860,121
2026-04-09 09:10:00,7850,7860,7840,7840,218
2026-04-09 09:11:00,7830,7860,7830,7860,699
2026-04-09 09:13:00,7860,7880,7850,7880,655
2026-04-09 09:15:00,7880,7880,7880,7880,120
2026-04-09 09:16:00,7870,7870,7870,7870,1
2026-04-09 09:17:00,7860,7860,7860,7860,109
2026-04-09 09:18:00,7870,7870,7860,7860,114
2026-04-09 09:19:00,7870,7870,7870,7870,144
2026-04-09 09:20:00,7870,7870,7865,7865,56
2026-04-09 09:21:00,7865,7865,7860,7860,1014
2026-04-09 09:22:00,7850,7860,7830,7830,464
2026-04-09 09:23:00,7840,7850,7830,7850,570
2026-04-09 09:24:00,7860,7860,7850,7850,681
2026-04-09 09:25:00,7850,7860,7840,7860,511
2026-04-09 09:26:00,7840,7840,7820,7830,2024
2026-04-09 09:27:00,7830,7830,7830,7830,50
2026-04-09 09:28:00,7830,7830,7830,7830,6
2026-04-09 09:29:00,7840,7850,7840,7850,93
2026-04-09 09:32:00,7850,7850,7850,7850,1
2026-04-09 09:34:00,7850,7850,7820,7820,501
2026-04-09 09:36:00,7840,7850,7840,7850,1286
2026-04-09 09:37:00,7850,7870,7850,7870,1528
2026-04-09 09:38:00,7870,7870,7870,7870,12
2026-04-09 09:39:00,7865,7865,7865,7865,201
2026-04-09 09:40:00,7865,7870,7865,7870,268
2026-04-09 09:41:00,7860,7870,7860,7870,254
2026-04-09 09:42:00,7870,7870,7850,7850,1720
2026-04-09 09:43:00,7850,7850,7840,7840,1154
2026-04-09 09:44:00,7845,7845,7845,7845,290
2026-04-09 09:45:00,7840,7840,7830,7840,471
2026-04-09 09:46:00,7830,7830,7820,7820,2442
2026-04-09 09:47:00,7820,7820,7800,7800,502
2026-04-09 09:48:00,7810,7830,7810,7820,365
2026-04-09 09:49:00,7820,7820,7820,7820,409
2026-04-09 09:50:00,7830,7830,7820,7820,20
2026-04-09 09:51:00,7820,7820,7820,7820,14
2026-04-09 09:52:00,7820,7840,7820,7840,119
2026-04-09 09:53:00,7840,7840,7840,7840,1
2026-04-09 09:54:00,7840,7840,7840,7840,9
2026-04-09 09:55:00,7840,7840,7840,7840,177
2026-04-09 09:56:00,7840,7840,7840,7840,1
2026-04-09 09:57:00,7840,7840,7840,7840,17
2026-04-09 09:58:00,7840,7840,7840,7840,242
2026-04-09 09:59:00,7840,7840,7840,7840,603
2026-04-09 10:01:00,7840,7850,7840,7840,222
2026-04-09 10:02:00,7840,7840,7840,7840,103
2026-04-09 10:03:00,7830,7850,7830,7830,348
2026-04-09 10:04:00,7850,7850,7850,7850,1
2026-04-09 10:07:00,7850,7850,7820,7850,557
2026-04-09 10:08:00,7850,7850,7850,7850,27
2026-04-09 10:10:00,7800,7810,7790,7800,545
2026-04-09 10:11:00,7800,7800,7800,7800,12
2026-04-09 10:14:00,7800,7800,7780,7790,417
2026-04-09 10:15:00,7780,7790,7780,7790,214
2026-04-09 10:16:00,7790,7790,7790,7790,1
2026-04-09 10:17:00,7780,7780,7780,7780,250
2026-04-09 10:18:00,7780,7780,7770,7770,250
2026-04-09 10:19:00,7770,7790,7770,7790,140
2026-04-09 10:20:00,7785,7785,7785,7785,8
2026-04-09 10:21:00,7790,7800,7780,7780,663
2026-04-09 10:22:00,7780,7790,7780,7790,519
2026-04-09 10:23:00,7790,7790,7790,7790,1
2026-04-09 10:25:00,7800,7800,7800,7800,65
2026-04-09 10:26:00,7820,7820,7820,7820,31
2026-04-09 10:28:00,7820,7820,7780,7810,414
2026-04-09 10:30:00,7810,7810,7810,7810,1
2026-04-09 10:31:00,7810,7810,7810,7810,51
2026-04-09 10:32:00,7810,7810,7810,7810,25
2026-04-09 10:33:00,7810,7850,7810,7850,36
2026-04-09 10:34:00,7850,7850,7850,7850,1
2026-04-09 10:35:00,7850,7850,7850,7850,2
2026-04-09 10:36:00,7850,7850,7850,7850,2
2026-04-09 10:38:00,7850,7850,7850,7850,6
2026-04-09 10:39:00,7850,7850,7850,7850,4
2026-04-09 10:40:00,7850,7850,7850,7850,1
2026-04-09 10:41:00,7850,7850,7850,7850,50
2026-04-09 10:42:00,7810,7810,7810,7810,8
2026-04-09 10:46:00,7850,7850,7810,7810,23
2026-04-09 10:48:00,7800,7800,7800,7800,169
2026-04-09 10:50:00,7800,7810,7800,7810,40
2026-04-09 10:53:00,7800,7810,7800,7810,137
2026-04-09 10:56:00,7800,7800,7800,7800,20
2026-04-09 10:57:00,7820,7820,7800,7800,385
2026-04-09 10:58:00,7800,7810,7800,7810,44
2026-04-09 10:59:00,7810,7810,7810,7810,20
2026-04-09 11:00:00,7800,7820,7800,7820,269
2026-04-09 11:01:00,7820,7820,7820,7820,2
2026-04-09 11:02:00,7820,7820,7820,7820,1
2026-04-09 11:03:00,7820,7820,7820,7820,79
2026-04-09 11:04:00,7820,7820,7820,7820,3
2026-04-09 11:05:00,7820,7835,7820,7835,247
2026-04-09 11:06:00,7835,7835,7835,7835,46
2026-04-09 11:07:00,7840,7845,7840,7840,60
2026-04-09 11:11:00,7840,7840,7840,7840,1
2026-04-09 11:14:00,7840,7840,7830,7830,137
2026-04-09 11:15:00,7830,7830,7830,7830,15
2026-04-09 11:17:00,7830,7830,7820,7820,35
2026-04-09 11:19:00,7820,7820,7820,7820,15
2026-04-09 11:20:00,7820,7830,7810,7810,329
2026-04-09 11:21:00,7820,7820,7820,7820,1
2026-04-09 11:22:00,7820,7820,7810,7810,112
2026-04-09 11:24:00,7810,7810,7810,7810,31
2026-04-09 11:25:00,7820,7820,7810,7810,118
2026-04-09 11:27:00,7810,7810,7810,7810,129
2026-04-09 11:28:00,7820,7820,7820,7820,53
2026-04-09 11:30:00,7820,7820,7820,7820,10
2026-04-09 11:31:00,7820,7820,7800,7820,702
2026-04-09 11:32:00,7820,7820,7810,7810,105
2026-04-09 11:33:00,7820,7820,7820,7820,1
2026-04-09 11:35:00,7820,7830,7810,7810,218
2026-04-09 11:36:00,7810,7810,7810,7810,4
2026-04-09 11:38:00,7820,7820,7820,7820,30
2026-04-09 11:39:00,7820,7830,7820,7820,109
2026-04-09 11:40:00,7820,7820,7820,7820,100
2026-04-09 11:41:00,7810,7810,7800,7805,238
2026-04-09 11:42:00,7805,7810,7790,7800,758
2026-04-09 11:45:00,7800,7800,7800,7800,207
2026-04-09 11:47:00,7800,7800,7800,7800,110
2026-04-09 11:49:00,7800,7800,7800,7800,6
2026-04-09 11:50:00,7800,7800,7800,7800,3
2026-04-09 11:54:00,7790,7810,7790,7810,87
2026-04-09 11:55:00,7800,7820,7800,7820,202
2026-04-09 11:56:00,7810,7820,7800,7800,169
2026-04-09 11:57:00,7800,7800,7800,7800,25
2026-04-09 12:03:00,7820,7820,7820,7820,1
2026-04-09 12:04:00,7800,7800,7800,7800,39
2026-04-09 12:06:00,7800,7800,7790,7790,1378
2026-04-09 12:10:00,7800,7800,7800,7800,2
2026-04-09 12:13:00,7800,7800,7800,7800,20
2026-04-09 12:16:00,7800,7800,7800,7800,84
2026-04-09 12:17:00,7810,7810,7810,7810,2
2026-04-09 12:18:00,7810,7810,7810,7810,121
2026-04-09 12:19:00,7810,7810,7810,7810,1
2026-04-09 12:21:00,7810,7810,7810,7810,42
2026-04-09 12:22:00,7810,7810,7810,7810,40
2026-04-09 12:23:00,7810,7810,7810,7810,523
2026-04-09 12:24:00,7810,7810,7810,7810,14
2026-04-09 12:25:00,7810,7810,7810,7810,185
2026-04-09 12:26:00,7810,7820,7800,7800,111
2026-04-09 12:27:00,7810,7820,7810,7820,385
2026-04-09 12:28:00,7820,7820,7820,7820,1
2026-04-09 12:30:00,7820,7820,7820,7820,1
2026-04-09 12:31:00,7820,7820,7820,7820,9
2026-04-09 12:33:00,7810,7810,7810,7810,65
2026-04-09 12:34:00,7820,7820,7820,7820,300
2026-04-09 12:35:00,7820,7820,7820,7820,100
2026-04-09 12:37:00,7810,7810,7810,7810,96
2026-04-09 12:38:00,7810,7830,7810,7830,16
2026-04-09 12:41:00,7830,7830,7830,7830,1
2026-04-09 12:42:00,7810,7810,7810,7810,72
2026-04-09 12:45:00,7820,7820,7820,7820,5
2026-04-09 12:46:00,7820,7820,7820,7820,155
2026-04-09 12:47:00,7810,7810,7810,7810,5
2026-04-09 12:49:00,7810,7820,7810,7820,38
2026-04-09 12:51:00,7820,7820,7820,7820,15
2026-04-09 12:52:00,7820,7820,7810,7820,170
2026-04-09 12:54:00,7810,7810,7810,7810,61
2026-04-09 12:59:00,7820,7820,7820,7820,1
2026-04-09 13:00:00,7820,7820,7810,7810,120
2026-04-09 13:01:00,7810,7810,7810,7810,3049
2026-04-09 13:05:00,7810,7810,7810,7810,45
2026-04-09 13:06:00,7810,7810,7810,7810,19
2026-04-09 13:08:00,7810,7810,7810,7810,10
2026-04-09 13:09:00,7800,7800,7800,7800,14
2026-04-09 13:12:00,7800,7800,7800,7800,1
2026-04-09 13:13:00,7800,7800,7800,7800,286
2026-04-09 13:14:00,7800,7800,7800,7800,2
2026-04-09 13:16:00,7795,7800,7790,7800,104
2026-04-09 13:19:00,7790,7790,7790,7790,62
2026-04-09 13:20:00,7800,7800,7780,7790,958
2026-04-09 13:21:00,7790,7790,7780,7790,120
2026-04-09 13:22:00,7790,7790,7790,7790,90
2026-04-09 13:24:00,7790,7790,7790,7790,50
2026-04-09 13:25:00,7790,7790,7790,7790,50
2026-04-09 13:26:00,7780,7780,7780,7780,2
2026-04-09 13:27:00,7790,7790,7790,7790,5
2026-04-09 13:28:00,7780,7780,7780,7780,116
2026-04-09 13:31:00,7780,7790,7780,7790,1555
2026-04-09 13:32:00,7790,7790,7790,7790,260
2026-04-09 13:34:00,7790,7800,7790,7800,18
2026-04-09 13:36:00,7800,7800,7800,7800,27
2026-04-09 13:38:00,7790,7790,7780,7780,537
2026-04-09 13:39:00,7780,7780,7780,7780,300
2026-04-09 13:40:00,7790,7790,7790,7790,39
2026-04-09 13:41:00,7790,7800,7790,7800,184
2026-04-09 13:43:00,7790,7790,7790,7790,30
2026-04-09 13:45:00,7800,7800,7800,7800,129
2026-04-09 13:46:00,7800,7800,7800,7800,2
2026-04-09 13:47:00,7790,7790,7790,7790,91
2026-04-09 13:48:00,7800,7800,7800,7800,6
2026-04-09 13:49:00,7800,7800,7800,7800,30
2026-04-09 13:53:00,7800,7800,7800,7800,3
2026-04-09 13:54:00,7790,7790,7790,7790,16
2026-04-09 13:59:00,7790,7790,7790,7790,20
2026-04-09 14:01:00,7790,7790,7790,7790,32
2026-04-09 14:02:00,7800,7800,7800,7800,320
2026-04-09 14:04:00,7800,7800,7800,7800,104
2026-04-09 14:05:00,7800,7800,7800,7800,145
2026-04-09 14:07:00,7790,7790,7790,7790,3
2026-04-09 14:09:00,7790,7790,7790,7790,14
2026-04-09 14:11:00,7800,7800,7800,7800,24
2026-04-09 14:12:00,7790,7790,7790,7790,300
2026-04-09 14:14:00,7790,7810,7790,7810,3284
2026-04-09 14:15:00,7800,7800,7790,7790,20
2026-04-09 14:16:00,7800,7800,7790,7790,107
2026-04-09 14:17:00,7830,7830,7830,7830,1
2026-04-09 14:18:00,7830,7830,7830,7830,5
2026-04-09 14:19:00,7830,7830,7830,7830,1
2026-04-09 14:23:00,7800,7800,7800,7800,90
2026-04-09 14:24:00,7800,7800,7800,7800,9
2026-04-09 14:25:00,7800,7800,7800,7800,46
2026-04-09 14:26:00,7800,7800,7800,7800,26
2026-04-09 14:27:00,7800,7830,7800,7830,855
2026-04-09 14:28:00,7820,7840,7820,7840,260
2026-04-09 14:29:00,7840,7840,7800,7800,184
2026-04-09 14:30:00,7830,7830,7810,7810,110
2026-04-09 14:33:00,7810,7810,7810,7810,2
2026-04-09 14:36:00,7830,7830,7830,7830,17
2026-04-09 14:40:00,7820,7820,7820,7820,65
2026-04-09 14:41:00,7820,7820,7810,7810,166
2026-04-09 14:44:00,7810,7810,7810,7810,141
2026-04-09 14:46:00,7810,7810,7810,7810,200
2026-04-09 14:47:00,7820,7820,7820,7820,6
2026-04-09 14:48:00,7810,7810,7810,7810,1
2026-04-09 14:50:00,7810,7820,7810,7810,476
2026-04-09 14:51:00,7810,7810,7800,7800,103
2026-04-09 14:52:00,7800,7800,7800,7800,10
2026-04-09 14:53:00,7800,7800,7800,7800,7
2026-04-09 14:54:00,7790,7790,7790,7790,303
2026-04-09 14:55:00,7800,7800,7800,7800,23
2026-04-09 14:56:00,7800,7800,7800,7800,12
2026-04-09 14:58:00,7790,7790,7780,7790,116
2026-04-09 14:59:00,7790,7790,7790,7790,87
2026-04-09 15:01:00,7790,7790,7790,7790,1
2026-04-09 15:02:00,7800,7800,7800,7800,28
2026-04-09 15:03:00,7800,7800,7800,7800,133
2026-04-09 15:04:00,7800,7800,7800,7800,5
2026-04-09 15:06:00,7790,7790,7790,7790,5
2026-04-09 15:07:00,7790,7790,7790,7790,231
2026-04-09 15:08:00,7790,7790,7790,7790,166
2026-04-09 15:10:00,7790,7790,7790,7790,1
2026-04-09 15:11:00,7790,7800,7780,7790,316
2026-04-09 15:12:00,7790,7790,7780,7790,48
2026-04-09 15:13:00,7790,7790,7790,7790,10
2026-04-09 15:15:00,7790,7790,7780,7790,115
2026-04-09 15:17:00,7780,7780,7780,7780,113
2026-04-09 15:18:00,7790,7790,7790,7790,3
2026-04-09 15:19:00,7780,7790,7780,7790,97
2026-04-09 15:30:00,7800,7800,7800,7800,274
2026-04-09 15:35:00,7800,7800,7800,7800,14
2026-04-10 09:00:00,7800,7920,7800,7920,621
2026-04-10 09:01:00,7820,7820,7800,7800,1567
2026-04-10 09:02:00,7810,7830,7800,7810,1302
2026-04-10 09:04:00,7780,7780,7770,7770,1005
2026-04-10 09:05:00,7770,7800,7770,7800,243
2026-04-10 09:06:00,7800,7800,7780,7790,319
2026-04-10 09:07:00,7780,7780,7770,7770,446
2026-04-10 09:08:00,7780,7780,7770,7770,404
2026-04-10 09:09:00,7770,7770,7770,7770,409
2026-04-10 09:10:00,7780,7780,7780,7780,3
2026-04-10 09:11:00,7790,7790,7790,7790,290
2026-04-10 09:12:00,7790,7800,7770,7770,2107
2026-04-10 09:13:00,7770,7770,7770,7770,146
2026-04-10 09:14:00,7770,7770,7750,7760,368
2026-04-10 09:15:00,7750,7770,7740,7770,2185
2026-04-10 09:16:00,7770,7770,7770,7770,28
2026-04-10 09:17:00,7770,7780,7770,7780,584
2026-04-10 09:18:00,7770,7770,7750,7750,254
2026-04-10 09:19:00,7770,7780,7770,7780,8
2026-04-10 09:20:00,7780,7780,7770,7770,40
2026-04-10 09:22:00,7780,7780,7770,7770,180
2026-04-10 09:23:00,7790,7800,7780,7780,267
2026-04-10 09:24:00,7790,7800,7790,7800,134
2026-04-10 09:25:00,7800,7800,7800,7800,57
2026-04-10 09:26:00,7800,7800,7800,7800,29
2026-04-10 09:27:00,7800,7800,7780,7780,205
2026-04-10 09:28:00,7790,7790,7790,7790,1
2026-04-10 09:29:00,7790,7790,7790,7790,169
2026-04-10 09:30:00,7790,7790,7780,7780,105
2026-04-10 09:31:00,7780,7780,7780,7780,1
2026-04-10 09:32:00,7790,7790,7790,7790,742
2026-04-10 09:33:00,7800,7800,7800,7800,26
2026-04-10 09:34:00,7800,7800,7800,7800,118
2026-04-10 09:35:00,7800,7800,7800,7800,310
2026-04-10 09:36:00,7810,7830,7810,7830,53
2026-04-10 09:37:00,7820,7830,7820,7830,3
2026-04-10 09:38:00,7830,7830,7830,7830,26
2026-04-10 09:39:00,7830,7830,7830,7830,116
2026-04-10 09:40:00,7820,7820,7820,7820,25
2026-04-10 09:41:00,7820,7820,7820,7820,191
2026-04-10 09:42:00,7820,7830,7820,7830,101
2026-04-10 09:43:00,7820,7830,7820,7830,134
2026-04-10 09:44:00,7830,7830,7830,7830,55
2026-04-10 09:45:00,7820,7820,7820,7820,363
2026-04-10 09:46:00,7810,7810,7810,7810,321
2026-04-10 09:47:00,7810,7810,7810,7810,100
2026-04-10 09:49:00,7800,7810,7800,7810,425
2026-04-10 09:50:00,7820,7820,7820,7820,101
2026-04-10 09:51:00,7820,7820,7820,7820,4
2026-04-10 09:52:00,7830,7830,7800,7800,181
2026-04-10 09:54:00,7810,7810,7810,7810,18
2026-04-10 09:55:00,7810,7810,7800,7810,247
2026-04-10 09:56:00,7810,7850,7810,7850,1099
2026-04-10 09:57:00,7850,7850,7850,7850,33
2026-04-10 09:58:00,7850,7850,7850,7850,50
2026-04-10 09:59:00,7850,7850,7850,7850,10
2026-04-10 10:00:00,7850,7850,7830,7840,94
2026-04-10 10:01:00,7840,7840,7840,7840,10
2026-04-10 10:02:00,7840,7840,7840,7840,3
2026-04-10 10:04:00,7830,7840,7830,7840,1169
2026-04-10 10:07:00,7840,7840,7810,7810,973
2026-04-10 10:08:00,7810,7840,7810,7840,11
2026-04-10 10:09:00,7830,7830,7830,7830,15
2026-04-10 10:10:00,7830,7840,7830,7840,55
2026-04-10 10:11:00,7840,7850,7840,7850,192
2026-04-10 10:14:00,7850,7850,7850,7850,6
2026-04-10 10:17:00,7850,7850,7850,7850,7
2026-04-10 10:18:00,7850,7850,7850,7850,276
2026-04-10 10:19:00,7860,7860,7860,7860,30
2026-04-10 10:20:00,7860,7860,7830,7830,361
2026-04-10 10:21:00,7840,7840,7830,7830,14
2026-04-10 10:22:00,7860,7860,7860,7860,53
2026-04-10 10:24:00,7860,7860,7860,7860,16
2026-04-10 10:25:00,7860,7860,7860,7860,132
2026-04-10 10:26:00,7840,7840,7840,7840,97
2026-04-10 10:27:00,7830,7830,7820,7820,512
2026-04-10 10:28:00,7820,7830,7820,7830,106
2026-04-10 10:29:00,7810,7810,7810,7810,1
2026-04-10 10:30:00,7820,7820,7810,7810,11
2026-04-10 10:31:00,7820,7820,7690,7790,5322
2026-04-10 10:32:00,7790,7790,7790,7790,20
2026-04-10 10:35:00,7790,7790,7790,7790,1
2026-04-10 10:36:00,7790,7790,7790,7790,10
2026-04-10 10:37:00,7830,7830,7830,7830,4
2026-04-10 10:39:00,7820,7830,7820,7830,21
2026-04-10 10:40:00,7830,7830,7820,7830,18
2026-04-10 10:41:00,7830,7830,7810,7810,239
2026-04-10 10:42:00,7810,7810,7810,7810,140
2026-04-10 10:43:00,7820,7820,7820,7820,19
2026-04-10 10:44:00,7810,7820,7810,7820,332
2026-04-10 10:45:00,7820,7820,7810,7820,127
2026-04-10 10:46:00,7820,7820,7820,7820,1
2026-04-10 10:48:00,7820,7820,7820,7820,128
2026-04-10 10:49:00,7820,7820,7820,7820,11
2026-04-10 10:50:00,7820,7820,7820,7820,1
2026-04-10 10:51:00,7820,7820,7800,7800,513
2026-04-10 10:52:00,7810,7810,7800,7810,116
2026-04-10 10:53:00,7810,7810,7810,7810,200
2026-04-10 10:54:00,7820,7820,7800,7800,21
2026-04-10 10:55:00,7810,7810,7810,7810,13
2026-04-10 10:57:00,7810,7810,7810,7810,2
2026-04-10 10:59:00,7810,7820,7800,7820,86
2026-04-10 11:01:00,7810,7810,7800,7800,201
2026-04-10 11:02:00,7800,7800,7800,7800,36
2026-04-10 11:04:00,7800,7800,7800,7800,1914
2026-04-10 11:05:00,7800,7800,7800,7800,10
2026-04-10 11:06:00,7800,7800,7800,7800,10
2026-04-10 11:08:00,7810,7810,7810,7810,21
2026-04-10 11:09:00,7800,7800,7800,7800,355
2026-04-10 11:11:00,7800,7800,7800,7800,50
2026-04-10 11:12:00,7810,7810,7800,7800,32
2026-04-10 11:13:00,7810,7810,7810,7810,1
2026-04-10 11:14:00,7810,7810,7810,7810,102
2026-04-10 11:15:00,7810,7820,7810,7810,539
2026-04-10 11:16:00,7820,7820,7810,7810,150
2026-04-10 11:17:00,7800,7800,7800,7800,43
2026-04-10 11:19:00,7800,7800,7800,7800,32
2026-04-10 11:20:00,7800,7800,7800,7800,18
2026-04-10 11:21:00,7800,7800,7800,7800,1
2026-04-10 11:22:00,7800,7800,7800,7800,45
2026-04-10 11:23:00,7800,7830,7800,7830,11
2026-04-10 11:25:00,7830,7830,7830,7830,25
2026-04-10 11:26:00,7830,7830,7830,7830,1
2026-04-10 11:27:00,7830,7830,7790,7790,383
2026-04-10 11:28:00,7780,7780,7770,7770,34
2026-04-10 11:29:00,7780,7780,7780,7780,48
2026-04-10 11:30:00,7780,7780,7780,7780,1
2026-04-10 11:31:00,7770,7770,7770,7770,3
2026-04-10 11:32:00,7770,7770,7760,7770,427
2026-04-10 11:33:00,7770,7770,7760,7770,248
2026-04-10 11:34:00,7800,7800,7800,7800,2
2026-04-10 11:35:00,7800,7800,7800,7800,1
2026-04-10 11:38:00,7790,7790,7770,7770,58
2026-04-10 11:39:00,7770,7770,7770,7770,14
2026-04-10 11:41:00,7790,7800,7790,7800,441
2026-04-10 11:42:00,7790,7790,7790,7790,1
2026-04-10 11:43:00,7790,7790,7770,7790,2013
2026-04-10 11:45:00,7790,7790,7790,7790,37
2026-04-10 11:46:00,7790,7790,7790,7790,20
2026-04-10 11:48:00,7790,7800,7790,7800,9
2026-04-10 11:49:00,7800,7800,7800,7800,60
2026-04-10 11:52:00,7800,7800,7790,7790,12
2026-04-10 11:53:00,7790,7790,7760,7760,84
2026-04-10 11:54:00,7760,7760,7760,7760,58
2026-04-10 11:55:00,7760,7790,7760,7790,3
2026-04-10 11:58:00,7790,7790,7790,7790,68
2026-04-10 11:59:00,7780,7780,7750,7750,1021
2026-04-10 12:02:00,7790,7790,7790,7790,13
2026-04-10 12:03:00,7780,7780,7780,7780,1
2026-04-10 12:05:00,7780,7780,7780,7780,1
2026-04-10 12:06:00,7780,7780,7780,7780,2
2026-04-10 12:09:00,7760,7760,7760,7760,16
2026-04-10 12:10:00,7770,7790,7750,7790,1444
2026-04-10 12:11:00,7790,7790,7790,7790,1
2026-04-10 12:12:00,7790,7790,7790,7790,85
2026-04-10 12:16:00,7790,7790,7780,7780,12
2026-04-10 12:17:00,7790,7790,7790,7790,40
2026-04-10 12:18:00,7800,7800,7800,7800,6
2026-04-10 12:19:00,7790,7790,7790,7790,44
2026-04-10 12:20:00,7790,7790,7790,7790,1
2026-04-10 12:23:00,7800,7800,7800,7800,52
2026-04-10 12:26:00,7795,7800,7790,7800,251
2026-04-10 12:27:00,7800,7800,7800,7800,311
2026-04-10 12:28:00,7800,7800,7800,7800,3
2026-04-10 12:29:00,7800,7800,7800,7800,10
2026-04-10 12:30:00,7800,7800,7795,7800,217
2026-04-10 12:32:00,7800,7800,7800,7800,1
2026-04-10 12:34:00,7800,7800,7800,7800,1
2026-04-10 12:35:00,7800,7800,7790,7790,141
2026-04-10 12:39:00,7790,7790,7790,7790,214
2026-04-10 12:42:00,7790,7790,7790,7790,20
2026-04-10 12:43:00,7790,7790,7790,7790,80
2026-04-10 12:44:00,7790,7790,7790,7790,50
2026-04-10 12:45:00,7790,7790,7790,7790,1
2026-04-10 12:46:00,7780,7780,7780,7780,10
2026-04-10 12:49:00,7790,7790,7790,7790,195
2026-04-10 12:50:00,7790,7790,7790,7790,1
2026-04-10 12:51:00,7790,7790,7790,7790,8
2026-04-10 12:52:00,7790,7790,7790,7790,21
2026-04-10 12:53:00,7790,7790,7790,7790,11
2026-04-10 12:54:00,7800,7800,7800,7800,18
2026-04-10 12:58:00,7800,7800,7790,7790,24
2026-04-10 12:59:00,7790,7800,7790,7800,114
2026-04-10 13:00:00,7800,7810,7800,7810,1020
2026-04-10 13:01:00,7800,7800,7800,7800,1
2026-04-10 13:03:00,7790,7800,7790,7800,15
2026-04-10 13:04:00,7800,7800,7800,7800,1
2026-04-10 13:05:00,7800,7800,7790,7790,35
2026-04-10 13:06:00,7790,7790,7780,7780,26
2026-04-10 13:07:00,7780,7790,7780,7790,240
2026-04-10 13:08:00,7790,7790,7790,7790,1
2026-04-10 13:09:00,7790,7790,7790,7790,10
2026-04-10 13:10:00,7790,7790,7790,7790,1
2026-04-10 13:11:00,7790,7800,7790,7800,471
2026-04-10 13:13:00,7790,7790,7790,7790,552
2026-04-10 13:15:00,7780,7780,7780,7780,46
2026-04-10 13:19:00,7800,7800,7800,7800,6
2026-04-10 13:21:00,7800,7800,7800,7800,37
2026-04-10 13:25:00,7780,7780,7780,7780,418
2026-04-10 13:26:00,7790,7800,7790,7800,565
2026-04-10 13:28:00,7790,7790,7790,7790,20
2026-04-10 13:29:00,7790,7790,7790,7790,85
2026-04-10 13:30:00,7790,7790,7790,7790,1
2026-04-10 13:31:00,7790,7790,7790,7790,5
2026-04-10 13:32:00,7790,7790,7790,7790,31
2026-04-10 13:33:00,7790,7790,7790,7790,63
2026-04-10 13:34:00,7790,7800,7790,7800,310
2026-04-10 13:37:00,7790,7790,7780,7780,48
2026-04-10 13:38:00,7780,7780,7780,7780,40
2026-04-10 13:40:00,7790,7790,7770,7770,208
2026-04-10 13:41:00,7770,7770,7770,7770,10
2026-04-10 13:43:00,7770,7770,7770,7770,200
2026-04-10 13:44:00,7770,7770,7760,7760,43
2026-04-10 13:45:00,7760,7760,7760,7760,5
2026-04-10 13:46:00,7760,7760,7760,7760,37
2026-04-10 13:47:00,7790,7790,7790,7790,2
2026-04-10 13:48:00,7790,7790,7790,7790,13
2026-04-10 13:49:00,7760,7760,7760,7760,4
2026-04-10 13:50:00,7790,7800,7790,7800,139
2026-04-10 13:52:00,7780,7780,7760,7760,235
2026-04-10 13:53:00,7770,7770,7770,7770,33
2026-04-10 13:54:00,7800,7800,7800,7800,9
2026-04-10 13:57:00,7770,7770,7760,7760,65
2026-04-10 13:58:00,7770,7770,7770,7770,299
2026-04-10 13:59:00,7770,7770,7760,7760,784
2026-04-10 14:00:00,7760,7760,7760,7760,82
2026-04-10 14:01:00,7800,7800,7800,7800,130
2026-04-10 14:03:00,7800,7800,7800,7800,60
2026-04-10 14:05:00,7800,7800,7800,7800,2
2026-04-10 14:06:00,7810,7810,7810,7810,500
2026-04-10 14:07:00,7810,7810,7810,7810,121
2026-04-10 14:09:00,7810,7810,7810,7810,5
2026-04-10 14:12:00,7810,7810,7810,7810,100
2026-04-10 14:16:00,7810,7810,7810,7810,110
2026-04-10 14:18:00,7800,7800,7800,7800,500
2026-04-10 14:19:00,7800,7810,7800,7810,1168
2026-04-10 14:20:00,7810,7810,7810,7810,40
2026-04-10 14:22:00,7810,7810,7810,7810,175
2026-04-10 14:24:00,7810,7810,7800,7800,3005
2026-04-10 14:25:00,7800,7800,7800,7800,1156
2026-04-10 14:26:00,7780,7780,7780,7780,3
2026-04-10 14:27:00,7820,7820,7820,7820,103
2026-04-10 14:28:00,7820,7820,7820,7820,1
2026-04-10 14:32:00,7820,7840,7820,7840,1082
2026-04-10 14:33:00,7830,7830,7830,7830,533
2026-04-10 14:34:00,7840,7840,7840,7840,10
2026-04-10 14:38:00,7830,7830,7830,7830,1
2026-04-10 14:41:00,7830,7830,7830,7830,403
2026-04-10 14:45:00,7820,7830,7820,7830,28
2026-04-10 14:46:00,7830,7830,7830,7830,531
2026-04-10 14:47:00,7820,7820,7820,7820,1
2026-04-10 14:49:00,7820,7820,7820,7820,10
2026-04-10 14:51:00,7820,7820,7820,7820,54
2026-04-10 14:52:00,7830,7830,7820,7820,5
2026-04-10 14:54:00,7830,7830,7820,7820,33
2026-04-10 14:57:00,7820,7830,7820,7830,957
2026-04-10 14:59:00,7820,7820,7820,7820,46
2026-04-10 15:00:00,7830,7830,7830,7830,221
2026-04-10 15:04:00,7820,7830,7820,7830,109
2026-04-10 15:06:00,7830,7830,7830,7830,100
2026-04-10 15:07:00,7830,7830,7830,7830,307
2026-04-10 15:08:00,7830,7830,7820,7820,31
2026-04-10 15:09:00,7830,7830,7830,7830,1
2026-04-10 15:10:00,7830,7830,7830,7830,20
2026-04-10 15:13:00,7830,7830,7830,7830,12
2026-04-10 15:14:00,7830,7830,7830,7830,237
2026-04-10 15:15:00,7830,7840,7830,7840,7
2026-04-10 15:16:00,7830,7830,7830,7830,29
2026-04-10 15:17:00,7820,7830,7820,7820,277
2026-04-10 15:18:00,7810,7820,7810,7820,180
2026-04-10 15:19:00,7820,7820,7810,7810,15
2026-04-10 15:30:00,7840,7840,7840,7840,791
2026-04-10 15:35:00,7840,7840,7840,7840,14
2026-04-13 09:00:00,7770,7770,7720,7750,709
2026-04-13 09:01:00,7730,7730,7680,7680,773
2026-04-13 09:02:00,7685,7685,7660,7670,750
2026-04-13 09:03:00,7660,7660,7630,7650,2694
2026-04-13 09:04:00,7650,7650,7650,7650,192
2026-04-13 09:05:00,7650,7650,7620,7620,2007
2026-04-13 09:06:00,7630,7630,7610,7610,3325
2026-04-13 09:07:00,7610,7630,7610,7630,233
2026-04-13 09:08:00,7630,7630,7580,7610,4686
2026-04-13 09:09:00,7610,7610,7590,7590,365
2026-04-13 09:10:00,7600,7605,7600,7600,140
2026-04-13 09:11:00,7610,7620,7610,7620,134
2026-04-13 09:12:00,7620,7620,7620,7620,131
2026-04-13 09:13:00,7620,7620,7610,7610,454
2026-04-13 09:14:00,7610,7620,7610,7610,1531
2026-04-13 09:15:00,7620,7620,7610,7610,136
2026-04-13 09:16:00,7610,7610,7610,7610,1186
2026-04-13 09:17:00,7620,7630,7620,7630,150
2026-04-13 09:18:00,7630,7640,7630,7640,3
2026-04-13 09:19:00,7640,7640,7640,7640,45
2026-04-13 09:20:00,7650,7655,7640,7640,589
2026-04-13 09:21:00,7660,7670,7640,7670,343
2026-04-13 09:22:00,7670,7680,7670,7680,97
2026-04-13 09:23:00,7680,7680,7660,7660,338
2026-04-13 09:24:00,7670,7670,7670,7670,13
2026-04-13 09:25:00,7670,7680,7670,7680,100
2026-04-13 09:26:00,7680,7680,7670,7670,58
2026-04-13 09:27:00,7670,7670,7670,7670,46
2026-04-13 09:28:00,7670,7670,7650,7650,530
2026-04-13 09:29:00,7650,7650,7650,7650,10
2026-04-13 09:30:00,7660,7660,7650,7650,534
2026-04-13 09:31:00,7650,7660,7650,7650,10
2026-04-13 09:32:00,7650,7650,7640,7640,107
2026-04-13 09:33:00,7650,7660,7630,7650,527
2026-04-13 09:34:00,7650,7650,7650,7650,255
2026-04-13 09:36:00,7650,7650,7650,7650,98
2026-04-13 09:37:00,7650,7660,7650,7650,119
2026-04-13 09:38:00,7660,7680,7650,7680,440
2026-04-13 09:39:00,7680,7680,7650,7650,87
2026-04-13 09:40:00,7660,7660,7660,7660,100
2026-04-13 09:41:00,7660,7770,7650,7730,800
2026-04-13 09:42:00,7730,7740,7720,7730,441
2026-04-13 09:43:00,7670,7720,7670,7700,66
2026-04-13 09:44:00,7670,7710,7660,7660,1163
2026-04-13 09:45:00,7700,7700,7660,7660,45
2026-04-13 09:46:00,7660,7660,7660,7660,50
2026-04-13 09:47:00,7660,7690,7660,7690,182
2026-04-13 09:48:00,7670,7670,7670,7670,5
2026-04-13 09:49:00,7700,7700,7700,7700,2
2026-04-13 09:50:00,7700,7700,7700,7700,1
2026-04-13 09:51:00,7700,7700,7700,7700,90
2026-04-13 09:52:00,7710,7750,7710,7750,17
2026-04-13 09:53:00,7750,7750,7690,7690,137
2026-04-13 09:54:00,7700,7700,7680,7680,960
2026-04-13 09:55:00,7680,7680,7680,7680,4
2026-04-13 09:56:00,7680,7680,7680,7680,24
2026-04-13 09:57:00,7680,7710,7680,7700,854
2026-04-13 09:58:00,7700,7700,7700,7700,401
2026-04-13 09:59:00,7700,7710,7700,7710,483
2026-04-13 10:01:00,7700,7710,7700,7710,4
2026-04-13 10:02:00,7710,7710,7700,7710,642
2026-04-13 10:03:00,7710,7710,7710,7710,88
2026-04-13 10:05:00,7720,7720,7710,7710,17
2026-04-13 10:06:00,7710,7750,7710,7750,49
2026-04-13 10:07:00,7750,7750,7740,7740,13
2026-04-13 10:08:00,7730,7730,7730,7730,43
2026-04-13 10:09:00,7730,7730,7730,7730,3
2026-04-13 10:10:00,7720,7740,7720,7740,1275
2026-04-13 10:11:00,7740,7740,7740,7740,2
2026-04-13 10:12:00,7740,7750,7740,7750,34
2026-04-13 10:13:00,7750,7750,7750,7750,36
2026-04-13 10:14:00,7750,7750,7745,7745,79
2026-04-13 10:15:00,7745,7745,7740,7740,23
2026-04-13 10:16:00,7740,7740,7740,7740,20
2026-04-13 10:17:00,7740,7740,7740,7740,51
2026-04-13 10:18:00,7740,7750,7740,7750,13
2026-04-13 10:19:00,7740,7750,7740,7750,500
2026-04-13 10:20:00,7750,7760,7750,7750,126
2026-04-13 10:21:00,7760,7760,7760,7760,166
2026-04-13 10:22:00,7760,7760,7760,7760,1
2026-04-13 10:23:00,7760,7770,7760,7770,105
2026-04-13 10:24:00,7770,7780,7760,7770,88
2026-04-13 10:25:00,7770,7770,7760,7760,103
2026-04-13 10:27:00,7770,7770,7770,7770,2
2026-04-13 10:28:00,7770,7770,7770,7770,24
2026-04-13 10:29:00,7770,7770,7770,7770,16
2026-04-13 10:30:00,7770,7770,7770,7770,10
2026-04-13 10:31:00,7760,7760,7760,7760,38
2026-04-13 10:32:00,7760,7760,7760,7760,492
2026-04-13 10:35:00,7760,7760,7760,7760,26
2026-04-13 10:37:00,7760,7770,7760,7770,51
2026-04-13 10:38:00,7770,7780,7770,7780,305
2026-04-13 10:39:00,7760,7760,7760,7760,1
2026-04-13 10:40:00,7780,7780,7780,7780,1
2026-04-13 10:41:00,7780,7780,7780,7780,44
2026-04-13 10:42:00,7780,7780,7760,7760,80
2026-04-13 10:43:00,7780,7780,7780,7780,1
2026-04-13 10:44:00,7780,7780,7780,7780,129
2026-04-13 10:45:00,7780,7780,7780,7780,3
2026-04-13 10:46:00,7780,7780,7780,7780,47
2026-04-13 10:47:00,7780,7800,7780,7800,46
2026-04-13 10:48:00,7800,7800,7800,7800,150
2026-04-13 10:49:00,7800,7800,7790,7800,38
2026-04-13 10:50:00,7800,7800,7800,7800,50
2026-04-13 10:51:00,7790,7800,7790,7800,132
2026-04-13 10:53:00,7800,7800,7790,7790,24
2026-04-13 10:55:00,7780,7780,7780,7780,49
2026-04-13 10:56:00,7770,7780,7770,7780,82
2026-04-13 10:57:00,7790,7790,7790,7790,2
2026-04-13 10:58:00,7790,7810,7790,7790,1030
2026-04-13 11:00:00,7790,7790,7790,7790,395
2026-04-13 11:01:00,7800,7810,7800,7810,314
2026-04-13 11:04:00,7810,7820,7810,7820,38
2026-04-13 11:05:00,7820,7820,7820,7820,6
2026-04-13 11:07:00,7820,7820,7820,7820,5
2026-04-13 11:08:00,7820,7820,7820,7820,80
2026-04-13 11:09:00,7800,7800,7780,7780,119
2026-04-13 11:10:00,7780,7780,7780,7780,4
2026-04-13 11:11:00,7800,7800,7800,7800,3
2026-04-13 11:13:00,7780,7780,7780,7780,8
2026-04-13 11:14:00,7780,7780,7780,7780,2
2026-04-13 11:15:00,7790,7790,7790,7790,6
2026-04-13 11:16:00,7790,7790,7760,7760,891
2026-04-13 11:18:00,7790,7820,7770,7770,1351
2026-04-13 11:19:00,7810,7820,7800,7800,229
2026-04-13 11:20:00,7810,7810,7810,7810,3
2026-04-13 11:21:00,7800,7810,7800,7810,605
2026-04-13 11:22:00,7810,7820,7810,7820,37
2026-04-13 11:23:00,7820,7820,7820,7820,2
2026-04-13 11:26:00,7810,7820,7810,7810,629
2026-04-13 11:27:00,7810,7810,7780,7810,194
2026-04-13 11:29:00,7800,7810,7800,7810,86
2026-04-13 11:32:00,7810,7810,7810,7810,4
2026-04-13 11:37:00,7790,7790,7790,7790,175
2026-04-13 11:39:00,7800,7800,7800,7800,3
2026-04-13 11:43:00,7800,7800,7800,7800,10
2026-04-13 11:45:00,7790,7790,7780,7780,573
2026-04-13 11:47:00,7780,7780,7780,7780,100
2026-04-13 11:48:00,7780,7780,7780,7780,3
2026-04-13 11:49:00,7780,7790,7780,7790,3
2026-04-13 11:50:00,7800,7800,7800,7800,1
2026-04-13 11:53:00,7800,7800,7800,7800,20
2026-04-13 11:59:00,7800,7800,7800,7800,2
2026-04-13 12:00:00,7790,7790,7790,7790,32
2026-04-13 12:01:00,7780,7780,7780,7780,10
2026-04-13 12:05:00,7790,7790,7790,7790,39
2026-04-13 12:06:00,7790,7790,7770,7770,699
2026-04-13 12:07:00,7790,7790,7770,7770,7
2026-04-13 12:08:00,7790,7790,7790,7790,15
2026-04-13 12:09:00,7780,7790,7780,7790,4
2026-04-13 12:10:00,7790,7790,7790,7790,16
2026-04-13 12:11:00,7790,7790,7790,7790,15
2026-04-13 12:13:00,7780,7780,7780,7780,1
2026-04-13 12:14:00,7790,7790,7790,7790,1
2026-04-13 12:16:00,7780,7780,7780,7780,28
2026-04-13 12:17:00,7780,7780,7780,7780,1
2026-04-13 12:18:00,7780,7780,7780,7780,1
2026-04-13 12:21:00,7780,7780,7780,7780,1
2026-04-13 12:22:00,7780,7790,7780,7790,290
2026-04-13 12:25:00,7790,7790,7770,7790,1562
2026-04-13 12:27:00,7780,7780,7780,7780,2
2026-04-13 12:28:00,7780,7780,7780,7780,10
2026-04-13 12:30:00,7780,7780,7780,7780,22
2026-04-13 12:31:00,7780,7780,7780,7780,219
2026-04-13 12:32:00,7790,7790,7790,7790,28
2026-04-13 12:33:00,7780,7780,7770,7770,530
2026-04-13 12:35:00,7780,7790,7780,7790,8
2026-04-13 12:36:00,7780,7780,7780,7780,799
2026-04-13 12:39:00,7790,7800,7790,7800,433
2026-04-13 12:43:00,7800,7810,7790,7790,529
2026-04-13 12:45:00,7800,7800,7800,7800,100
2026-04-13 12:46:00,7790,7790,7790,7790,26
2026-04-13 12:47:00,7790,7790,7790,7790,200
2026-04-13 12:48:00,7800,7800,7800,7800,100
2026-04-13 12:49:00,7800,7800,7800,7800,13
2026-04-13 12:52:00,7800,7810,7800,7800,1598
2026-04-13 12:54:00,7800,7800,7800,7800,3
2026-04-13 12:55:00,7810,7810,7810,7810,62
2026-04-13 12:56:00,7820,7820,7820,7820,24
2026-04-13 12:57:00,7820,7820,7820,7820,8
2026-04-13 12:58:00,7820,7820,7820,7820,2
2026-04-13 13:00:00,7800,7800,7800,7800,6
2026-04-13 13:01:00,7820,7820,7820,7820,1
2026-04-13 13:02:00,7810,7810,7810,7810,20
2026-04-13 13:03:00,7810,7810,7810,7810,6
2026-04-13 13:05:00,7800,7810,7770,7810,1598
2026-04-13 13:06:00,7780,7810,7770,7810,365
2026-04-13 13:07:00,7770,7800,7750,7800,1379
2026-04-13 13:08:00,7800,7800,7800,7800,7
2026-04-13 13:09:00,7770,7800,7770,7800,153
2026-04-13 13:10:00,7790,7790,7790,7790,124
2026-04-13 13:11:00,7790,7790,7790,7790,2
2026-04-13 13:12:00,7790,7790,7790,7790,7
2026-04-13 13:13:00,7790,7790,7790,7790,415
2026-04-13 13:14:00,7800,7800,7790,7790,956
2026-04-13 13:15:00,7780,7780,7760,7760,50
2026-04-13 13:17:00,7780,7780,7780,7780,70
2026-04-13 13:18:00,7760,7760,7740,7740,72
2026-04-13 13:20:00,7780,7780,7780,7780,89
2026-04-13 13:21:00,7780,7780,7780,7780,2547
2026-04-13 13:23:00,7750,7770,7700,7770,3409
2026-04-13 13:24:00,7770,7790,7770,7790,2277
2026-04-13 13:25:00,7790,7790,7790,7790,41
2026-04-13 13:27:00,7790,7800,7790,7800,70
2026-04-13 13:29:00,7790,7790,7780,7780,25
2026-04-13 13:30:00,7770,7770,7750,7750,77
2026-04-13 13:31:00,7750,7750,7750,7750,4
2026-04-13 13:32:00,7740,7740,7740,7740,118
2026-04-13 13:33:00,7740,7740,7740,7740,30
2026-04-13 13:34:00,7740,7740,7740,7740,23
2026-04-13 13:35:00,7740,7740,7740,7740,135
2026-04-13 13:39:00,7750,7750,7750,7750,3
2026-04-13 13:40:00,7740,7740,7720,7720,77
2026-04-13 13:41:00,7730,7730,7710,7710,580
2026-04-13 13:43:00,7710,7710,7710,7710,1
2026-04-13 13:45:00,7710,7710,7700,7710,547
2026-04-13 13:46:00,7720,7720,7720,7720,205
2026-04-13 13:47:00,7720,7720,7720,7720,618
2026-04-13 13:49:00,7720,7720,7720,7720,220
2026-04-13 13:50:00,7710,7720,7710,7720,1303
2026-04-13 13:51:00,7730,7730,7730,7730,10
2026-04-13 13:52:00,7730,7730,7720,7730,63
2026-04-13 13:53:00,7750,7750,7750,7750,4
2026-04-13 13:54:00,7740,7740,7740,7740,60
2026-04-13 13:55:00,7750,7750,7750,7750,3
2026-04-13 13:58:00,7750,7750,7750,7750,34
2026-04-13 14:00:00,7750,7750,7750,7750,10
2026-04-13 14:01:00,7750,7750,7750,7750,1
2026-04-13 14:02:00,7750,7750,7750,7750,6
2026-04-13 14:03:00,7750,7750,7740,7740,23
2026-04-13 14:04:00,7740,7740,7740,7740,292
2026-04-13 14:09:00,7740,7740,7730,7730,165
2026-04-13 14:12:00,7730,7730,7720,7720,98
2026-04-13 14:13:00,7720,7720,7710,7710,46
2026-04-13 14:14:00,7710,7710,7710,7710,157
2026-04-13 14:15:00,7710,7710,7710,7710,3
2026-04-13 14:18:00,7710,7710,7710,7710,3
2026-04-13 14:20:00,7710,7710,7710,7710,22
2026-04-13 14:21:00,7710,7710,7710,7710,8
2026-04-13 14:22:00,7710,7710,7710,7710,96
2026-04-13 14:23:00,7710,7710,7710,7710,3
2026-04-13 14:24:00,7710,7720,7710,7710,54
2026-04-13 14:25:00,7710,7710,7710,7710,3
2026-04-13 14:26:00,7710,7710,7710,7710,8
2026-04-13 14:27:00,7710,7720,7710,7710,584
2026-04-13 14:28:00,7710,7710,7710,7710,827
2026-04-13 14:29:00,7700,7700,7700,7700,15
2026-04-13 14:30:00,7700,7700,7690,7690,4330
2026-04-13 14:31:00,7690,7690,7680,7690,1158
2026-04-13 14:32:00,7680,7690,7680,7690,507
2026-04-13 14:33:00,7690,7690,7680,7680,12
2026-04-13 14:34:00,7690,7690,7680,7680,933
2026-04-13 14:35:00,7680,7680,7680,7680,6
2026-04-13 14:36:00,7690,7690,7680,7680,586
2026-04-13 14:37:00,7670,7680,7670,7680,17
2026-04-13 14:38:00,7670,7670,7670,7670,494
2026-04-13 14:39:00,7680,7680,7680,7680,8
2026-04-13 14:40:00,7680,7680,7670,7680,235
2026-04-13 14:41:00,7670,7680,7670,7670,5
2026-04-13 14:42:00,7670,7680,7670,7680,106
2026-04-13 14:43:00,7680,7680,7680,7680,195
2026-04-13 14:44:00,7670,7670,7670,7670,6
2026-04-13 14:45:00,7670,7670,7670,7670,3
2026-04-13 14:46:00,7670,7680,7670,7680,1108
2026-04-13 14:47:00,7680,7680,7680,7680,100
2026-04-13 14:48:00,7680,7680,7670,7680,22
2026-04-13 14:49:00,7680,7685,7670,7670,1281
2026-04-13 14:50:00,7660,7670,7660,7660,292
2026-04-13 14:52:00,7660,7670,7660,7670,6
2026-04-13 14:53:00,7670,7670,7660,7660,103
2026-04-13 14:54:00,7660,7660,7660,7660,92
2026-04-13 14:55:00,7660,7665,7660,7665,7
2026-04-13 14:56:00,7670,7670,7665,7665,123
2026-04-13 14:57:00,7665,7670,7650,7660,4609
2026-04-13 14:58:00,7660,7660,7660,7660,40
2026-04-13 14:59:00,7650,7650,7650,7650,4
2026-04-13 15:00:00,7650,7660,7640,7640,519
2026-04-13 15:01:00,7650,7650,7650,7650,500
2026-04-13 15:02:00,7650,7660,7650,7650,1045
2026-04-13 15:03:00,7660,7660,7660,7660,5
2026-04-13 15:04:00,7660,7660,7650,7650,23
2026-04-13 15:05:00,7660,7660,7650,7650,77
2026-04-13 15:06:00,7650,7650,7650,7650,92
2026-04-13 15:08:00,7660,7660,7650,7650,122
2026-04-13 15:09:00,7660,7660,7650,7650,141
2026-04-13 15:10:00,7650,7660,7640,7650,1112
2026-04-13 15:11:00,7640,7650,7640,7640,274
2026-04-13 15:12:00,7640,7650,7640,7650,241
2026-04-13 15:13:00,7650,7660,7650,7650,303
2026-04-13 15:14:00,7650,7650,7640,7640,298
2026-04-13 15:15:00,7640,7650,7640,7650,264
2026-04-13 15:16:00,7660,7660,7640,7640,250
2026-04-13 15:17:00,7640,7660,7640,7660,120
2026-04-13 15:18:00,7650,7650,7640,7650,10
2026-04-13 15:19:00,7650,7650,7640,7640,1164
2026-04-13 15:30:00,7650,7650,7650,7650,1871
