date_idx,open,high,low,close,volume
2026-03-23 09:41:00,21100,21100,21050,21100,585
2026-03-23 09:42:00,21150,21150,21050,21150,138
2026-03-23 09:43:00,21150,21200,21100,21100,3509
2026-03-23 09:44:00,21150,21150,21100,21150,631
2026-03-23 09:45:00,21150,21200,21150,21150,249
2026-03-23 09:46:00,21150,21150,21100,21150,439
2026-03-23 09:47:00,21150,21150,21000,21000,1663
2026-03-23 09:48:00,21100,21100,21000,21000,1956
2026-03-23 09:49:00,21000,21100,21000,21000,341
2026-03-23 09:50:00,21100,21100,21050,21100,845
2026-03-23 09:51:00,21050,21100,21000,21000,453
2026-03-23 09:52:00,21000,21050,20950,21050,1509
2026-03-23 09:53:00,21050,21050,20950,20950,1461
2026-03-23 09:54:00,21000,21000,20875,20900,1778
2026-03-23 09:55:00,20900,20900,20850,20900,1419
2026-03-23 09:56:00,20900,21000,20800,20850,4964
2026-03-23 09:57:00,20900,20900,20750,20850,3570
2026-03-23 09:58:00,20850,20850,20700,20800,4572
2026-03-23 09:59:00,20750,20800,20500,20800,8827
2026-03-23 10:00:00,20800,20850,20750,20800,696
2026-03-23 10:01:00,20850,20850,20800,20850,1356
2026-03-23 10:02:00,20900,20950,20900,20900,722
2026-03-23 10:03:00,20900,20950,20850,20900,416
2026-03-23 10:04:00,20900,20950,20850,20950,1288
2026-03-23 10:05:00,20850,20950,20850,20950,1424
2026-03-23 10:06:00,20950,21100,20950,21100,1548
2026-03-23 10:07:00,21100,21100,21050,21100,1032
2026-03-23 10:08:00,21200,21250,21200,21250,1802
2026-03-23 10:09:00,21250,21250,21200,21250,92
2026-03-23 10:10:00,21250,21250,21200,21250,219
2026-03-23 10:11:00,21250,21300,21250,21300,509
2026-03-23 10:12:00,21350,21350,21300,21350,700
2026-03-23 10:13:00,21350,21400,21300,21400,1196
2026-03-23 10:14:00,21400,21450,21350,21350,827
2026-03-23 10:15:00,21350,21350,21300,21350,1145
2026-03-23 10:16:00,21350,21350,21350,21350,476
2026-03-23 10:17:00,21350,21350,21300,21350,251
2026-03-23 10:18:00,21350,21350,21250,21300,1334
2026-03-23 10:19:00,21200,21300,21200,21300,352
2026-03-23 10:20:00,21300,21350,21300,21300,49
2026-03-23 10:21:00,21300,21350,21300,21350,427
2026-03-23 10:22:00,21350,21350,21300,21350,2396
2026-03-23 10:23:00,21350,21350,21300,21350,348
2026-03-23 10:24:00,21300,21300,21250,21250,261
2026-03-23 10:25:00,21250,21300,21250,21300,17
2026-03-23 10:26:00,21300,21300,21300,21300,60
2026-03-23 10:27:00,21300,21400,21300,21400,2444
2026-03-23 10:28:00,21350,21400,21300,21350,1101
2026-03-23 10:29:00,21350,21350,21350,21350,740
2026-03-23 10:30:00,21300,21300,21200,21200,2458
2026-03-23 10:31:00,21250,21350,21050,21350,3569
2026-03-23 10:32:00,21400,21400,21350,21350,27
2026-03-23 10:33:00,21350,21350,21350,21350,3382
2026-03-23 10:34:00,21350,21350,21350,21350,807
2026-03-23 10:35:00,21350,21350,21250,21250,275
2026-03-23 10:36:00,21250,21300,21200,21200,2199
2026-03-23 10:37:00,21150,21300,21150,21300,688
2026-03-23 10:38:00,21250,21400,21250,21400,1652
2026-03-23 10:39:00,21400,21450,21350,21350,367
2026-03-23 10:40:00,21450,21450,21350,21350,102
2026-03-23 10:41:00,21400,21450,21400,21450,441
2026-03-23 10:42:00,21450,21450,21350,21350,340
2026-03-23 10:43:00,21350,21400,21350,21350,254
2026-03-23 10:44:00,21350,21350,21300,21300,508
2026-03-23 10:45:00,21250,21300,21250,21300,233
2026-03-23 10:46:00,21250,21300,21250,21300,355
2026-03-23 10:48:00,21400,21400,21400,21400,1
2026-03-23 10:49:00,21400,21400,21300,21300,503
2026-03-23 10:50:00,21300,21400,21300,21400,268
2026-03-23 10:51:00,21400,21400,21400,21400,36
2026-03-23 10:52:00,21300,21300,21300,21300,370
2026-03-23 10:53:00,21400,21400,21300,21400,2212
2026-03-23 10:54:00,21400,21400,21400,21400,20
2026-03-23 10:55:00,21400,21400,21400,21400,12
2026-03-23 10:56:00,21400,21400,21350,21350,1012
2026-03-23 10:57:00,21350,21350,21350,21350,2
2026-03-23 10:58:00,21300,21350,21300,21350,9
2026-03-23 10:59:00,21400,21400,21400,21400,113
2026-03-23 11:00:00,21400,21400,21350,21400,37
2026-03-23 11:01:00,21400,21400,21400,21400,6
2026-03-23 11:02:00,21400,21400,21400,21400,35
2026-03-23 11:03:00,21400,21450,21400,21450,198
2026-03-23 11:04:00,21450,21450,21450,21450,213
2026-03-23 11:05:00,21450,21500,21450,21500,865
2026-03-23 11:06:00,21500,21500,21500,21500,362
2026-03-23 11:07:00,21450,21500,21400,21400,223
2026-03-23 11:08:00,21500,21500,21500,21500,20
2026-03-23 11:09:00,21400,21500,21400,21400,8
2026-03-23 11:10:00,21400,21500,21400,21500,32
2026-03-23 11:11:00,21450,21450,21300,21400,397
2026-03-23 11:12:00,21350,21350,21300,21300,14
2026-03-23 11:13:00,21300,21350,21300,21350,178
2026-03-23 11:14:00,21400,21400,21250,21250,1258
2026-03-23 11:15:00,21250,21250,21250,21250,2309
2026-03-23 11:17:00,21250,21250,21250,21250,1902
2026-03-23 11:18:00,21250,21300,21200,21300,708
2026-03-23 11:19:00,21200,21200,21200,21200,212
2026-03-23 11:20:00,21200,21200,21150,21150,898
2026-03-23 11:21:00,21150,21150,21150,21150,368
2026-03-23 11:22:00,21150,21200,21150,21200,161
2026-03-23 11:23:00,21250,21250,21250,21250,58
2026-03-23 11:24:00,21250,21250,21250,21250,27
2026-03-23 11:25:00,21300,21350,21300,21350,512
2026-03-23 11:26:00,21400,21400,21375,21400,16
2026-03-23 11:27:00,21400,21400,21300,21300,54
2026-03-23 11:28:00,21300,21400,21300,21400,23
2026-03-23 11:29:00,21300,21300,21250,21250,415
2026-03-23 11:30:00,21250,21350,21200,21350,463
2026-03-23 11:31:00,21250,21250,21200,21200,864
2026-03-23 11:32:00,21200,21350,21200,21200,2050
2026-03-23 11:33:00,21200,21200,21200,21200,388
2026-03-23 11:34:00,21200,21200,21200,21200,196
2026-03-23 11:35:00,21250,21400,21250,21400,2023
2026-03-23 11:36:00,21350,21350,21250,21300,430
2026-03-23 11:37:00,21400,21400,21400,21400,2000
2026-03-23 11:38:00,21250,21350,21200,21350,1052
2026-03-23 11:39:00,21200,21300,21200,21300,259
2026-03-23 11:40:00,21300,21300,21300,21300,1
2026-03-23 11:42:00,21250,21250,21250,21250,11
2026-03-23 11:43:00,21200,21250,21200,21250,70
2026-03-23 11:44:00,21250,21250,21250,21250,1
2026-03-23 11:45:00,21250,21250,21200,21200,106
2026-03-23 11:46:00,21200,21250,21200,21250,139
2026-03-23 11:47:00,21200,21200,21200,21200,30
2026-03-23 11:48:00,21200,21200,21050,21200,2276
2026-03-23 11:49:00,21200,21200,21200,21200,22
2026-03-23 11:50:00,21200,21200,21200,21200,131
2026-03-23 11:51:00,21100,21100,21100,21100,405
2026-03-23 11:52:00,21100,21100,21050,21050,278
2026-03-23 11:53:00,21100,21100,21100,21100,43
2026-03-23 11:54:00,21100,21100,21050,21050,120
2026-03-23 11:55:00,21050,21100,21050,21100,5
2026-03-23 11:56:00,21200,21200,21200,21200,2
2026-03-23 11:57:00,21200,21200,21200,21200,90
2026-03-23 11:58:00,21150,21150,21150,21150,14
2026-03-23 11:59:00,21150,21200,21100,21200,1023
2026-03-23 12:00:00,21200,21250,21150,21150,811
2026-03-23 12:01:00,21150,21150,21100,21150,140
2026-03-23 12:02:00,21150,21150,21150,21150,74
2026-03-23 12:03:00,21150,21150,21150,21150,535
2026-03-23 12:04:00,21200,21200,21150,21150,2
2026-03-23 12:05:00,21150,21150,21100,21100,200
2026-03-23 12:08:00,21100,21100,21100,21100,581
2026-03-23 12:09:00,21050,21100,21050,21050,3025
2026-03-23 12:10:00,21050,21050,21050,21050,116
2026-03-23 12:11:00,21050,21050,21050,21050,272
2026-03-23 12:12:00,21050,21100,21050,21100,32
2026-03-23 12:13:00,21100,21100,21050,21050,284
2026-03-23 12:14:00,21050,21050,21050,21050,20
2026-03-23 12:15:00,21050,21200,21050,21200,1158
2026-03-23 12:16:00,21200,21200,21200,21200,127
2026-03-23 12:17:00,21200,21200,21150,21200,137
2026-03-23 12:18:00,21150,21150,21150,21150,60
2026-03-23 12:19:00,21150,21150,21150,21150,23
2026-03-23 12:20:00,21150,21150,21100,21100,267
2026-03-23 12:21:00,21100,21100,21100,21100,156
2026-03-23 12:22:00,21100,21100,21100,21100,1
2026-03-23 12:23:00,21150,21150,21150,21150,36
2026-03-23 12:24:00,21150,21150,21150,21150,2
2026-03-23 12:25:00,21150,21150,21150,21150,21
2026-03-23 12:26:00,21150,21150,21150,21150,5
2026-03-23 12:27:00,21150,21150,21150,21150,20
2026-03-23 12:28:00,21150,21150,21150,21150,7
2026-03-23 12:29:00,21200,21200,21200,21200,353
2026-03-23 12:30:00,21200,21250,21200,21250,251
2026-03-23 12:31:00,21250,21250,21250,21250,100
2026-03-23 12:32:00,21150,21150,21150,21150,5
2026-03-23 12:33:00,21100,21150,21100,21150,326
2026-03-23 12:34:00,21100,21100,21100,21100,350
2026-03-23 12:36:00,21050,21100,21000,21100,1757
2026-03-23 12:37:00,21100,21150,21100,21150,204
2026-03-23 12:38:00,21150,21150,21000,21050,417
2026-03-23 12:39:00,21050,21100,21000,21000,34
2026-03-23 12:40:00,21050,21050,21050,21050,1
2026-03-23 12:41:00,21050,21050,21050,21050,105
2026-03-23 12:42:00,21100,21100,21100,21100,141
2026-03-23 12:43:00,21100,21100,21050,21050,40
2026-03-23 12:44:00,21100,21100,21100,21100,1
2026-03-23 12:45:00,21100,21450,21100,21300,13637
2026-03-23 12:46:00,21350,21350,21300,21300,14
2026-03-23 12:47:00,21300,21300,21300,21300,3818
2026-03-23 12:48:00,21250,21250,21250,21250,23
2026-03-23 12:49:00,21250,21250,21250,21250,50
2026-03-23 12:50:00,21250,21250,21200,21200,5
2026-03-23 12:51:00,21200,21200,21200,21200,24
2026-03-23 12:52:00,21150,21150,21150,21150,153
2026-03-23 12:53:00,21150,21250,21150,21250,96
2026-03-23 12:54:00,21250,21300,21250,21300,302
2026-03-23 12:55:00,21300,21300,21150,21150,204
2026-03-23 12:56:00,21300,21300,21300,21300,1
2026-03-23 12:57:00,21300,21300,21100,21100,792
2026-03-23 12:58:00,21100,21100,21050,21050,160
2026-03-23 12:59:00,21050,21100,21000,21050,2733
2026-03-23 13:00:00,21050,21150,21000,21000,558
2026-03-23 13:01:00,21000,21100,21000,21100,110
2026-03-23 13:02:00,21100,21100,21100,21100,8
2026-03-23 13:03:00,21050,21050,21050,21050,4
2026-03-23 13:04:00,21050,21100,21050,21100,330
2026-03-23 13:05:00,21100,21100,21100,21100,28
2026-03-23 13:06:00,21050,21100,21050,21100,67
2026-03-23 13:07:00,21100,21100,21000,21100,301
2026-03-23 13:08:00,21100,21100,21100,21100,19
2026-03-23 13:09:00,21100,21150,21100,21150,1092
2026-03-23 13:10:00,21150,21250,21150,21250,423
2026-03-23 13:11:00,21250,21250,21150,21150,29
2026-03-23 13:13:00,21200,21200,21150,21150,804
2026-03-23 13:14:00,21200,21200,21200,21200,2
2026-03-23 13:15:00,21250,21250,21250,21250,62
2026-03-23 13:16:00,21200,21200,21200,21200,14
2026-03-23 13:17:00,21200,21200,21150,21200,104
2026-03-23 13:18:00,21200,21200,21200,21200,103
2026-03-23 13:19:00,21200,21250,21200,21250,37
2026-03-23 13:20:00,21250,21250,21250,21250,11
2026-03-23 13:21:00,21250,21250,21200,21200,353
2026-03-23 13:22:00,21200,21200,21200,21200,538
2026-03-23 13:23:00,21225,21225,21200,21225,193
2026-03-23 13:24:00,21200,21200,21200,21200,474
2026-03-23 13:25:00,21175,21175,21175,21175,3
2026-03-23 13:26:00,21175,21200,21175,21200,663
2026-03-23 13:27:00,21200,21200,21150,21150,597
2026-03-23 13:28:00,21125,21125,21125,21125,28
2026-03-23 13:29:00,21125,21150,21050,21150,664
2026-03-23 13:30:00,21100,21100,20975,21000,2332
2026-03-23 13:31:00,21000,21000,20950,21000,4986
2026-03-23 13:32:00,21000,21050,21000,21050,445
2026-03-23 13:33:00,21050,21050,20950,20950,541
2026-03-23 13:34:00,20950,20950,20950,20950,1
2026-03-23 13:35:00,21000,21050,21000,21050,43
2026-03-23 13:36:00,21050,21050,20950,20950,109
2026-03-23 13:37:00,21050,21050,20950,20950,311
2026-03-23 13:38:00,21000,21000,21000,21000,1
2026-03-23 13:39:00,21000,21000,20900,21000,688
2026-03-23 13:40:00,20900,20900,20900,20900,105
2026-03-23 13:41:00,20950,21000,20950,20950,15
2026-03-23 13:42:00,21000,21000,21000,21000,124
2026-03-23 13:43:00,21000,21000,21000,21000,90
2026-03-23 13:44:00,21000,21000,21000,21000,701
2026-03-23 13:45:00,21000,21000,21000,21000,13
2026-03-23 13:46:00,21050,21050,21050,21050,23
2026-03-23 13:47:00,21050,21050,21000,21000,145
2026-03-23 13:48:00,21050,21050,21050,21050,2
2026-03-23 13:49:00,21000,21000,20950,20950,351
2026-03-23 13:50:00,20950,21000,20950,20950,331
2026-03-23 13:51:00,20950,20950,20900,20900,344
2026-03-23 13:52:00,20900,21050,20900,20900,246
2026-03-23 13:53:00,20950,20950,20900,20900,162
2026-03-23 13:54:00,21000,21000,20900,20900,152
2026-03-23 13:55:00,20950,20950,20900,20900,411
2026-03-23 13:56:00,20900,20900,20900,20900,152
2026-03-23 13:57:00,20900,21000,20900,20900,179
2026-03-23 13:58:00,20900,21000,20900,20900,151
2026-03-23 13:59:00,20900,21000,20900,20950,132
2026-03-23 14:00:00,20900,20900,20900,20900,160
2026-03-23 14:01:00,21000,21000,20900,20900,152
2026-03-23 14:02:00,21000,21050,20900,20950,260
2026-03-23 14:03:00,20950,21050,20950,20950,389
2026-03-23 14:04:00,20950,21100,20950,20950,126
2026-03-23 14:05:00,20950,20950,20950,20950,409
2026-03-23 14:06:00,20950,21100,20950,20950,530
2026-03-23 14:07:00,20950,21150,20950,21150,275
2026-03-23 14:08:00,21100,21100,21100,21100,125
2026-03-23 14:09:00,21100,21100,21100,21100,224
2026-03-23 14:10:00,21150,21150,21100,21150,702
2026-03-23 14:11:00,21150,21150,21100,21100,297
2026-03-23 14:12:00,21150,21200,21050,21100,676
2026-03-23 14:13:00,21100,21150,21100,21100,463
2026-03-23 14:14:00,21100,21100,21100,21100,276
2026-03-23 14:15:00,21100,21150,21050,21050,1377
2026-03-23 14:16:00,21050,21050,21000,21000,424
2026-03-23 14:17:00,21000,21150,21000,21050,176
2026-03-23 14:18:00,21050,21050,21000,21000,152
2026-03-23 14:19:00,21000,21050,21000,21050,412
2026-03-23 14:20:00,21000,21100,21000,21000,216
2026-03-23 14:21:00,21000,21000,21000,21000,127
2026-03-23 14:22:00,21000,21000,20950,20950,200
2026-03-23 14:23:00,20950,21000,20950,21000,176
2026-03-23 14:24:00,21000,21000,20950,20950,133
2026-03-23 14:25:00,20950,21050,20950,20950,503
2026-03-23 14:26:00,20950,21000,20950,20950,114
2026-03-23 14:27:00,20950,20950,20950,20950,305
2026-03-23 14:28:00,20950,21000,20900,21000,429
2026-03-23 14:29:00,21000,21100,21000,21000,151
2026-03-23 14:30:00,21000,21100,20900,20950,375
2026-03-23 14:31:00,20950,21000,20900,20900,880
2026-03-23 14:32:00,20900,20950,20900,20900,148
2026-03-23 14:33:00,20900,20950,20900,20900,226
2026-03-23 14:34:00,20900,20900,20850,20850,1378
2026-03-23 14:35:00,20850,20900,20850,20850,793
2026-03-23 14:36:00,20850,21000,20700,20850,20774
2026-03-23 14:37:00,21000,21050,20850,20950,283
2026-03-23 14:38:00,20950,21050,20900,20900,772
2026-03-23 14:39:00,20900,20950,20900,20900,401
2026-03-23 14:40:00,20900,20950,20900,20900,226
2026-03-23 14:41:00,20900,20900,20900,20900,134
2026-03-23 14:42:00,20900,20950,20900,20900,301
2026-03-23 14:43:00,20950,21000,20900,20950,163
2026-03-23 14:44:00,20950,21250,20950,20950,15626
2026-03-23 14:45:00,21100,21200,21050,21050,2431
2026-03-23 14:46:00,21050,21100,21050,21100,547
2026-03-23 14:47:00,21050,21100,20950,21100,1256
2026-03-23 14:48:00,21100,21100,20900,20950,642
2026-03-23 14:49:00,20950,21100,20950,21050,607
2026-03-23 14:50:00,21050,21150,21050,21100,251
2026-03-23 14:51:00,21100,21200,21100,21150,650
2026-03-23 14:52:00,21150,21150,21100,21150,508
2026-03-23 14:53:00,21100,21100,21000,21000,269
2026-03-23 14:54:00,21100,21100,20900,20900,534
2026-03-23 14:55:00,20950,21050,20900,20900,908
2026-03-23 14:56:00,20900,21100,20850,20900,1955
2026-03-23 14:57:00,20900,21000,20900,20950,132
2026-03-23 14:58:00,20950,21050,20900,20900,499
2026-03-23 14:59:00,20900,21100,20900,21100,470
2026-03-23 15:00:00,20950,21100,20950,21000,382
2026-03-23 15:01:00,21100,21100,21000,21100,266
2026-03-23 15:02:00,21050,21050,20950,21050,295
2026-03-23 15:03:00,21050,21100,20950,20950,1295
2026-03-23 15:04:00,21000,21100,21000,21050,521
2026-03-23 15:05:00,21050,21100,21000,21000,400
2026-03-23 15:06:00,21000,21100,20950,21000,229
2026-03-23 15:07:00,21000,21050,20950,21050,1660
2026-03-23 15:08:00,21000,21100,21000,21100,909
2026-03-23 15:09:00,21100,21100,21100,21100,1454
2026-03-23 15:10:00,21000,21100,21000,21050,1368
2026-03-23 15:11:00,21000,21050,21000,21000,1561
2026-03-23 15:12:00,21050,21050,21000,21000,273
2026-03-23 15:13:00,21000,21050,21000,21000,1018
2026-03-23 15:14:00,21000,21050,20950,21050,963
2026-03-23 15:15:00,20950,21050,20950,21000,495
2026-03-23 15:16:00,21000,21000,20950,20950,984
2026-03-23 15:17:00,20950,21100,20950,20950,387
2026-03-23 15:18:00,20950,21050,20950,21050,237
2026-03-23 15:19:00,21000,21050,20950,20950,1442
2026-03-23 15:30:00,20950,20950,20950,20950,3016
2026-03-23 15:35:00,20950,20950,20950,20950,817
2026-03-24 09:00:00,21900,22150,21800,21800,5097
2026-03-24 09:01:00,21750,21900,21750,21900,3697
2026-03-24 09:02:00,21900,21950,21700,21700,4286
2026-03-24 09:03:00,21700,21750,21600,21750,6129
2026-03-24 09:04:00,21800,21850,21650,21700,1393
2026-03-24 09:05:00,21700,21850,21700,21800,1480
2026-03-24 09:06:00,21800,21850,21650,21650,2818
2026-03-24 09:07:00,21750,21800,21650,21700,2384
2026-03-24 09:08:00,21800,21850,21650,21850,966
2026-03-24 09:09:00,21850,21950,21750,21750,2636
2026-03-24 09:10:00,21850,21900,21650,21900,2388
2026-03-24 09:11:00,21900,21900,21750,21900,1256
2026-03-24 09:12:00,21900,21900,21750,21800,1642
2026-03-24 09:13:00,21900,21900,21750,21750,829
2026-03-24 09:14:00,21900,21900,21750,21850,1216
2026-03-24 09:15:00,21750,21900,21700,21800,3710
2026-03-24 09:16:00,21900,22050,21800,22000,4535
2026-03-24 09:17:00,21950,22050,21850,21950,5694
2026-03-24 09:18:00,21950,22050,21850,22000,3873
2026-03-24 09:19:00,22000,22050,21900,22050,2585
2026-03-24 09:20:00,21950,22050,21800,21900,13278
2026-03-24 09:21:00,21900,21950,21900,21900,632
2026-03-24 09:22:00,21900,21900,21850,21850,1122
2026-03-24 09:23:00,21850,21850,21850,21850,270
2026-03-24 09:24:00,21850,21900,21850,21850,976
2026-03-24 09:25:00,21800,21850,21800,21850,88
2026-03-24 09:26:00,21850,21850,21800,21800,1260
2026-03-24 09:27:00,21850,21850,21800,21800,288
2026-03-24 09:28:00,21800,21800,21750,21750,7487
2026-03-24 09:29:00,21700,21750,21700,21700,2392
2026-03-24 09:30:00,21700,21750,21650,21650,1226
2026-03-24 09:31:00,21700,21700,21600,21650,2038
2026-03-24 09:32:00,21650,21700,21650,21700,33
2026-03-24 09:33:00,21650,21650,21400,21600,7383
2026-03-24 09:34:00,21500,21650,21500,21650,740
2026-03-24 09:35:00,21650,21650,21550,21550,84
2026-03-24 09:36:00,21550,21550,21500,21500,232
2026-03-24 09:37:00,21550,21550,21450,21450,648
2026-03-24 09:38:00,21500,21500,21400,21400,1235
2026-03-24 09:39:00,21400,21400,21250,21250,1133
2026-03-24 09:40:00,21250,21400,21250,21400,2429
2026-03-24 09:41:00,21400,21400,21400,21400,64
2026-03-24 09:42:00,21400,21450,21300,21300,749
2026-03-24 09:43:00,21400,21450,21350,21450,987
2026-03-24 09:44:00,21400,21450,21400,21450,52
2026-03-24 09:45:00,21400,21400,21400,21400,330
2026-03-24 09:47:00,21450,21450,21350,21350,409
2026-03-24 09:48:00,21400,21400,21400,21400,61
2026-03-24 09:49:00,21400,21400,21350,21400,162
2026-03-24 09:50:00,21400,21400,21350,21350,437
2026-03-24 09:51:00,21400,21400,21300,21400,222
2026-03-24 09:52:00,21350,21350,21300,21300,744
2026-03-24 09:53:00,21300,21400,21300,21300,71
2026-03-24 09:54:00,21250,21300,21250,21250,1068
2026-03-24 09:55:00,21250,21300,21200,21300,1631
2026-03-24 09:56:00,21250,21350,21250,21300,183
2026-03-24 09:57:00,21300,21300,21250,21300,104
2026-03-24 09:58:00,21300,21300,21250,21300,179
2026-03-24 09:59:00,21250,21250,21150,21250,1569
2026-03-24 10:00:00,21200,21300,21200,21250,571
2026-03-24 10:01:00,21250,21250,21200,21250,1491
2026-03-24 10:02:00,21250,21300,21200,21300,550
2026-03-24 10:03:00,21150,21250,21150,21250,176
2026-03-24 10:04:00,21300,21300,21200,21200,30
2026-03-24 10:05:00,21200,21300,21000,21150,3977
2026-03-24 10:06:00,21150,21150,21100,21100,234
2026-03-24 10:07:00,21100,21150,21100,21100,244
2026-03-24 10:08:00,21100,21200,21100,21100,35
2026-03-24 10:09:00,21100,21100,21050,21050,699
2026-03-24 10:10:00,21050,21250,21000,21250,2638
2026-03-24 10:11:00,21200,21250,21200,21250,230
2026-03-24 10:12:00,21250,21250,21150,21150,262
2026-03-24 10:13:00,21150,21200,21100,21200,347
2026-03-24 10:14:00,21100,21250,21100,21100,326
2026-03-24 10:15:00,21100,21100,21000,21000,171
2026-03-24 10:16:00,21000,21100,20950,20950,1497
2026-03-24 10:17:00,21000,21000,20950,20950,361
2026-03-24 10:18:00,20950,21000,20950,21000,633
2026-03-24 10:19:00,21000,21050,21000,21050,27
2026-03-24 10:20:00,21100,21100,21100,21100,13
2026-03-24 10:21:00,21050,21050,21050,21050,15
2026-03-24 10:22:00,21150,21150,21150,21150,9
2026-03-24 10:23:00,21150,21250,21150,21250,711
2026-03-24 10:24:00,21250,21300,21250,21250,145
2026-03-24 10:26:00,21250,21250,21250,21250,102
2026-03-24 10:27:00,21300,21300,21300,21300,6
2026-03-24 10:28:00,21250,21350,21250,21350,996
2026-03-24 10:29:00,21400,21400,21300,21300,551
2026-03-24 10:30:00,21300,21300,21300,21300,5
2026-03-24 10:31:00,21300,21300,21300,21300,554
2026-03-24 10:32:00,21350,21350,21350,21350,20
2026-03-24 10:33:00,21350,21350,21300,21300,27
2026-03-24 10:34:00,21350,21400,21350,21350,529
2026-03-24 10:35:00,21350,21350,21350,21350,161
2026-03-24 10:36:00,21350,21350,21300,21300,595
2026-03-24 10:37:00,21250,21300,21250,21250,297
2026-03-24 10:38:00,21250,21250,21250,21250,28
2026-03-24 10:39:00,21200,21200,21200,21200,211
2026-03-24 10:40:00,21200,21200,21200,21200,68
2026-03-24 10:41:00,21150,21150,21150,21150,661
2026-03-24 10:42:00,21100,21100,21100,21100,70
2026-03-24 10:43:00,21200,21200,21100,21100,4
2026-03-24 10:44:00,21100,21150,21000,21000,1039
2026-03-24 10:45:00,21000,21000,21000,21000,6
2026-03-24 10:46:00,21000,21050,21000,21050,123
2026-03-24 10:47:00,21000,21000,20900,20950,1303
2026-03-24 10:48:00,20900,20900,20900,20900,172
2026-03-24 10:49:00,20900,20900,20900,20900,86
2026-03-24 10:50:00,20900,21000,20800,20800,2102
2026-03-24 10:51:00,20900,20900,20800,20800,102
2026-03-24 10:52:00,20900,20900,20900,20900,217
2026-03-24 10:54:00,21000,21000,20900,20900,483
2026-03-24 10:55:00,20900,20900,20900,20900,723
2026-03-24 10:56:00,20900,20950,20850,20850,312
2026-03-24 10:57:00,20850,20850,20800,20800,570
2026-03-24 10:58:00,20750,20900,20750,20800,780
2026-03-24 10:59:00,20850,20850,20750,20750,89
2026-03-24 11:00:00,20750,20900,20750,20750,638
2026-03-24 11:01:00,20750,20900,20750,20750,731
2026-03-24 11:02:00,20850,21150,20800,21150,1584
2026-03-24 11:03:00,20950,21000,20950,21000,190
2026-03-24 11:04:00,21100,21100,21000,21100,124
2026-03-24 11:05:00,21100,21100,21000,21000,562
2026-03-24 11:06:00,21000,21050,21000,21000,165
2026-03-24 11:07:00,21000,21100,21000,21100,29
2026-03-24 11:08:00,21150,21150,20850,20850,1369
2026-03-24 11:09:00,20950,21000,20950,20950,204
2026-03-24 11:10:00,21000,21000,20950,21000,114
2026-03-24 11:11:00,21000,21000,20850,20900,1049
2026-03-24 11:12:00,20900,20950,20900,20950,2057
2026-03-24 11:13:00,20900,20950,20800,20950,719
2026-03-24 11:14:00,20900,20950,20900,20950,123
2026-03-24 11:15:00,20950,21000,20950,20950,118
2026-03-24 11:16:00,20950,20950,20900,20950,83
2026-03-24 11:17:00,20850,20900,20850,20850,153
2026-03-24 11:18:00,20900,20950,20900,20950,119
2026-03-24 11:19:00,20950,21000,20950,21000,1432
2026-03-24 11:20:00,21050,21050,21000,21000,9
2026-03-24 11:21:00,21000,21050,21000,21050,110
2026-03-24 11:22:00,21000,21000,21000,21000,81
2026-03-24 11:23:00,21050,21100,21050,21100,377
2026-03-24 11:24:00,21050,21100,21050,21050,253
2026-03-24 11:25:00,21150,21150,21100,21100,34
2026-03-24 11:26:00,21100,21100,21100,21100,31
2026-03-24 11:27:00,21150,21150,21050,21050,64
2026-03-24 11:28:00,21050,21050,21050,21050,9
2026-03-24 11:29:00,21050,21050,21050,21050,200
2026-03-24 11:30:00,21050,21050,20950,21000,1738
2026-03-24 11:31:00,21000,21000,21000,21000,67
2026-03-24 11:32:00,21000,21000,21000,21000,88
2026-03-24 11:33:00,21000,21100,21000,21100,145
2026-03-24 11:34:00,21100,21100,21100,21100,142
2026-03-24 11:35:00,21150,21250,21150,21250,1508
2026-03-24 11:36:00,21150,21200,21150,21200,69
2026-03-24 11:37:00,21200,21200,21150,21150,41
2026-03-24 11:38:00,21200,21200,21200,21200,205
2026-03-24 11:39:00,21250,21250,21150,21150,298
2026-03-24 11:40:00,21200,21200,21150,21150,289
2026-03-24 11:41:00,21150,21150,21150,21150,121
2026-03-24 11:42:00,21150,21150,21150,21150,29
2026-03-24 11:43:00,21150,21150,21150,21150,11
2026-03-24 11:44:00,21200,21200,21150,21150,39
2026-03-24 11:45:00,21200,21200,21150,21150,220
2026-03-24 11:46:00,21150,21150,21150,21150,55
2026-03-24 11:47:00,21150,21150,21150,21150,134
2026-03-24 11:48:00,21150,21150,21150,21150,8
2026-03-24 11:49:00,21175,21175,21150,21150,34
2026-03-24 11:50:00,21150,21150,21100,21100,129
2026-03-24 11:52:00,21100,21100,21100,21100,50
2026-03-24 11:53:00,21050,21050,21000,21000,19
2026-03-24 11:54:00,21050,21050,21050,21050,29
2026-03-24 11:55:00,21050,21100,21050,21100,13
2026-03-24 11:56:00,21050,21050,21050,21050,9
2026-03-24 11:57:00,21050,21050,21000,21000,10
2026-03-24 11:58:00,21000,21000,21000,21000,39
2026-03-24 11:59:00,21000,21050,21000,21050,11
2026-03-24 12:00:00,21000,21000,21000,21000,205
2026-03-24 12:01:00,21000,21000,20800,20900,1845
2026-03-24 12:02:00,20900,20900,20900,20900,140
2026-03-24 12:03:00,20900,20900,20850,20850,235
2026-03-24 12:04:00,20850,20850,20800,20800,126
2026-03-24 12:05:00,20850,20900,20850,20900,89
2026-03-24 12:06:00,20900,20900,20900,20900,20
2026-03-24 12:07:00,20900,20900,20900,20900,49
2026-03-24 12:08:00,20900,20900,20900,20900,8
2026-03-24 12:09:00,20900,20900,20900,20900,15
2026-03-24 12:10:00,20900,21000,20900,21000,110
2026-03-24 12:11:00,20950,21000,20950,21000,66
2026-03-24 12:12:00,20950,20950,20950,20950,114
2026-03-24 12:13:00,20950,20950,20950,20950,9
2026-03-24 12:14:00,20950,20950,20950,20950,18
2026-03-24 12:16:00,20950,20950,20950,20950,9
2026-03-24 12:17:00,20950,20950,20950,20950,38
2026-03-24 12:18:00,21000,21000,20950,20950,145
2026-03-24 12:19:00,20950,20950,20950,20950,9
2026-03-24 12:20:00,21000,21000,21000,21000,1
2026-03-24 12:21:00,20950,21000,20950,21000,159
2026-03-24 12:22:00,21000,21000,20975,20975,169
2026-03-24 12:23:00,21000,21000,20950,21000,15
2026-03-24 12:24:00,21000,21000,21000,21000,208
2026-03-24 12:25:00,20950,20950,20950,20950,8
2026-03-24 12:26:00,20950,20950,20950,20950,152
2026-03-24 12:27:00,20950,20950,20950,20950,39
2026-03-24 12:28:00,20950,21100,20950,21100,292
2026-03-24 12:29:00,21100,21100,21050,21050,45
2026-03-24 12:30:00,21100,21100,21050,21050,14
2026-03-24 12:31:00,21050,21100,21050,21050,555
2026-03-24 12:32:00,21050,21050,21050,21050,12
2026-03-24 12:33:00,21050,21050,21050,21050,87
2026-03-24 12:34:00,21050,21050,21050,21050,141
2026-03-24 12:35:00,21050,21050,21050,21050,50
2026-03-24 12:36:00,21050,21050,21050,21050,158
2026-03-24 12:37:00,21000,21000,21000,21000,55
2026-03-24 12:38:00,21000,21000,21000,21000,164
2026-03-24 12:39:00,21050,21050,21000,21000,158
2026-03-24 12:40:00,21000,21100,21000,21100,228
2026-03-24 12:41:00,21100,21100,21100,21100,121
2026-03-24 12:42:00,21050,21100,21050,21100,30
2026-03-24 12:43:00,21050,21050,21050,21050,66
2026-03-24 12:44:00,21000,21050,21000,21050,60
2026-03-24 12:45:00,21050,21050,21000,21000,548
2026-03-24 12:47:00,21050,21050,21000,21000,12
2026-03-24 12:48:00,21000,21000,21000,21000,49
2026-03-24 12:49:00,21000,21050,21000,21000,190
2026-03-24 12:50:00,21050,21050,21000,21000,351
2026-03-24 12:51:00,21050,21100,21050,21050,260
2026-03-24 12:52:00,21100,21100,21050,21050,423
2026-03-24 12:53:00,21050,21050,21000,21000,6
2026-03-24 12:54:00,21000,21000,20900,20950,1604
2026-03-24 12:55:00,20950,20950,20950,20950,116
2026-03-24 12:56:00,21000,21000,20950,21000,17
2026-03-24 12:57:00,20950,21000,20950,21000,14
2026-03-24 12:58:00,21000,21000,21000,21000,195
2026-03-24 12:59:00,21000,21000,21000,21000,81
2026-03-24 13:00:00,21050,21050,21050,21050,14
2026-03-24 13:01:00,21000,21100,21000,21000,220
2026-03-24 13:02:00,21000,21050,21000,21050,34
2026-03-24 13:03:00,21050,21200,21050,21150,1176
2026-03-24 13:04:00,21150,21200,21150,21200,15
2026-03-24 13:05:00,21150,21150,21150,21150,59
2026-03-24 13:06:00,21150,21200,21150,21200,21
2026-03-24 13:07:00,21200,21300,21200,21250,1500
2026-03-24 13:08:00,21250,21300,21250,21300,996
2026-03-24 13:09:00,21300,21300,21250,21250,195
2026-03-24 13:10:00,21250,21250,21250,21250,10
2026-03-24 13:11:00,21250,21250,21250,21250,327
2026-03-24 13:12:00,21200,21200,21100,21100,112
2026-03-24 13:13:00,21150,21150,21150,21150,9
2026-03-24 13:14:00,21150,21150,21100,21100,26
2026-03-24 13:15:00,21200,21200,21150,21150,166
2026-03-24 13:16:00,21150,21150,21100,21100,14
2026-03-24 13:17:00,21100,21100,21100,21100,147
2026-03-24 13:18:00,21100,21150,21100,21150,16
2026-03-24 13:19:00,21100,21100,21100,21100,9
2026-03-24 13:20:00,21100,21100,21050,21050,228
2026-03-24 13:21:00,21050,21050,21050,21050,9
2026-03-24 13:22:00,21050,21100,21050,21100,164
2026-03-24 13:23:00,21050,21050,21000,21050,918
2026-03-24 13:24:00,21050,21100,21050,21100,23
2026-03-24 13:25:00,21100,21100,21050,21100,185
2026-03-24 13:26:00,21100,21150,21100,21100,102
2026-03-24 13:27:00,21100,21100,21000,21050,741
2026-03-24 13:28:00,21050,21050,21050,21050,24
2026-03-24 13:29:00,21000,21050,21000,21050,17
2026-03-24 13:30:00,21050,21050,21050,21050,115
2026-03-24 13:31:00,21050,21050,21050,21050,132
2026-03-24 13:32:00,21050,21050,21050,21050,98
2026-03-24 13:33:00,21000,21000,21000,21000,109
2026-03-24 13:34:00,21050,21050,21050,21050,22
2026-03-24 13:35:00,21050,21100,21050,21100,519
2026-03-24 13:36:00,21050,21050,21050,21050,59
2026-03-24 13:37:00,21100,21150,21100,21150,260
2026-03-24 13:38:00,21150,21150,21150,21150,9
2026-03-24 13:39:00,21200,21250,21200,21250,88
2026-03-24 13:40:00,21250,21300,21200,21300,201
2026-03-24 13:41:00,21250,21300,21250,21300,331
2026-03-24 13:42:00,21250,21250,21200,21200,29
2026-03-24 13:43:00,21200,21250,21200,21250,224
2026-03-24 13:44:00,21200,21200,21200,21200,114
2026-03-24 13:45:00,21200,21200,21200,21200,10
2026-03-24 13:46:00,21200,21250,21200,21250,35
2026-03-24 13:47:00,21200,21200,21200,21200,8
2026-03-24 13:48:00,21250,21250,21250,21250,240
2026-03-24 13:49:00,21250,21250,21200,21250,67
2026-03-24 13:50:00,21200,21300,21200,21250,37
2026-03-24 13:51:00,21250,21250,21250,21250,22
2026-03-24 13:52:00,21250,21250,21250,21250,9
2026-03-24 13:53:00,21250,21300,21250,21300,1322
2026-03-24 13:54:00,21250,21350,21250,21350,11
2026-03-24 13:55:00,21300,21300,21300,21300,9
2026-03-24 13:56:00,21350,21350,21300,21300,78
2026-03-24 13:57:00,21250,21250,21250,21250,36
2026-03-24 13:58:00,21250,21350,21250,21350,17
2026-03-24 13:59:00,21350,21350,21300,21300,53
2026-03-24 14:00:00,21300,21300,21200,21200,952
2026-03-24 14:01:00,21200,21250,21200,21250,30
2026-03-24 14:02:00,21150,21150,21050,21100,1465
2026-03-24 14:03:00,21100,21100,21100,21100,29
2026-03-24 14:04:00,21050,21100,21050,21100,11
2026-03-24 14:05:00,21150,21150,21050,21100,20
2026-03-24 14:06:00,21050,21100,21050,21100,14
2026-03-24 14:07:00,21100,21100,21050,21050,14
2026-03-24 14:08:00,21100,21100,21100,21100,99
2026-03-24 14:09:00,21100,21100,21050,21050,200
2026-03-24 14:10:00,21100,21100,21050,21100,21
2026-03-24 14:11:00,21050,21050,21050,21050,18
2026-03-24 14:12:00,21050,21050,21050,21050,37
2026-03-24 14:13:00,21050,21150,21050,21050,237
2026-03-24 14:14:00,21050,21150,21050,21050,32
2026-03-24 14:15:00,21100,21100,21050,21100,9
2026-03-24 14:16:00,21050,21100,21050,21100,29
2026-03-24 14:17:00,21100,21100,21050,21100,107
2026-03-24 14:18:00,21050,21100,21050,21050,74
2026-03-24 14:19:00,21050,21100,21050,21100,41
2026-03-24 14:20:00,21100,21150,21050,21150,28
2026-03-24 14:21:00,21050,21100,21050,21100,19
2026-03-24 14:22:00,21100,21100,21050,21100,116
2026-03-24 14:23:00,21100,21100,21050,21050,46
2026-03-24 14:24:00,21150,21150,21050,21150,47
2026-03-24 14:25:00,21050,21150,21050,21150,19
2026-03-24 14:26:00,21150,21150,21100,21100,164
2026-03-24 14:27:00,21050,21050,21050,21050,527
2026-03-24 14:28:00,21000,21100,21000,21100,1464
2026-03-24 14:29:00,21050,21150,21050,21050,14
2026-03-24 14:30:00,21050,21100,21050,21050,87
2026-03-24 14:31:00,21050,21050,21050,21050,15
2026-03-24 14:32:00,21050,21050,21050,21050,234
2026-03-24 14:33:00,21000,21050,21000,21000,1220
2026-03-24 14:34:00,21000,21050,21000,21050,18
2026-03-24 14:35:00,21050,21050,21000,21000,207
2026-03-24 14:36:00,20950,21000,20950,21000,118
2026-03-24 14:37:00,20950,21000,20950,21000,79
2026-03-24 14:38:00,21050,21100,21000,21100,597
2026-03-24 14:39:00,21000,21000,21000,21000,112
2026-03-24 14:40:00,21000,21050,21000,21000,296
2026-03-24 14:41:00,20950,21000,20950,21000,14
2026-03-24 14:42:00,21000,21000,21000,21000,63
2026-03-24 14:43:00,21000,21050,21000,21050,178
2026-03-24 14:44:00,21050,21050,21000,21000,505
2026-03-24 14:45:00,21000,21000,21000,21000,24
2026-03-24 14:46:00,21050,21150,21000,21150,214
2026-03-24 14:47:00,21150,21150,21050,21050,623
2026-03-24 14:48:00,21100,21200,21050,21100,274
2026-03-24 14:49:00,21100,21150,21100,21100,126
2026-03-24 14:50:00,21100,21100,21050,21050,768
2026-03-24 14:51:00,21150,21150,21100,21150,156
2026-03-24 14:52:00,21100,21150,21100,21150,327
2026-03-24 14:53:00,21150,21200,21100,21100,144
2026-03-24 14:54:00,21200,21200,21150,21200,25
2026-03-24 14:55:00,21200,21200,21150,21150,18
2026-03-24 14:56:00,21150,21250,21150,21150,26
2026-03-24 14:57:00,21150,21250,21150,21250,108
2026-03-24 14:58:00,21150,21200,21150,21150,26
2026-03-24 14:59:00,21200,21250,21150,21250,33
2026-03-24 15:00:00,21150,21150,21100,21100,255
2026-03-24 15:01:00,21100,21200,21100,21100,1610
2026-03-24 15:02:00,21200,21250,21100,21250,170
2026-03-24 15:03:00,21250,21300,21150,21150,990
2026-03-24 15:04:00,21250,21250,21100,21150,184
2026-03-24 15:05:00,21150,21250,21150,21250,1543
2026-03-24 15:06:00,21250,21300,21250,21300,34
2026-03-24 15:07:00,21300,21300,21250,21250,248
2026-03-24 15:08:00,21250,21250,21150,21250,140
2026-03-24 15:09:00,21250,21300,21200,21300,615
2026-03-24 15:10:00,21300,21350,21250,21300,1549
2026-03-24 15:11:00,21300,21300,21250,21250,138
2026-03-24 15:12:00,21250,21250,21250,21250,110
2026-03-24 15:13:00,21250,21300,21250,21300,68
2026-03-24 15:14:00,21300,21300,21250,21300,242
2026-03-24 15:15:00,21250,21250,21200,21200,1542
2026-03-24 15:16:00,21200,21250,21200,21250,276
2026-03-24 15:17:00,21200,21300,21200,21300,309
2026-03-24 15:18:00,21150,21300,21100,21200,2464
2026-03-24 15:19:00,21150,21250,21100,21250,118
2026-03-24 15:30:00,21300,21300,21300,21300,4579
2026-03-24 15:35:00,21300,21300,21300,21300,63
2026-03-25 09:00:00,21400,21650,21400,21650,7596
2026-03-25 09:01:00,21550,21650,21400,21650,3485
2026-03-25 09:02:00,21600,21600,21600,21600,662
2026-03-25 09:03:00,21600,21675,21550,21600,1449
2026-03-25 09:04:00,21600,21600,21450,21450,669
2026-03-25 09:05:00,21500,21500,21450,21500,640
2026-03-25 09:06:00,21500,21550,21400,21550,2016
2026-03-25 09:07:00,21600,21600,21500,21550,838
2026-03-25 09:08:00,21500,21500,21450,21500,2993
2026-03-25 09:09:00,21400,21450,21300,21300,1782
2026-03-25 09:10:00,21350,21400,21350,21350,794
2026-03-25 09:11:00,21350,21400,21350,21350,571
2026-03-25 09:12:00,21400,21450,21400,21400,369
2026-03-25 09:13:00,21500,21500,21400,21500,15
2026-03-25 09:14:00,21500,21500,21350,21400,2523
2026-03-25 09:15:00,21400,21400,21400,21400,821
2026-03-25 09:16:00,21400,21450,21400,21450,149
2026-03-25 09:17:00,21450,21500,21450,21500,1235
2026-03-25 09:18:00,21500,21500,21500,21500,187
2026-03-25 09:19:00,21500,21500,21400,21400,1821
2026-03-25 09:20:00,21400,21400,21350,21400,1144
2026-03-25 09:21:00,21350,21400,21300,21400,3471
2026-03-25 09:22:00,21400,21450,21400,21400,871
2026-03-25 09:23:00,21450,21450,21400,21450,538
2026-03-25 09:24:00,21400,21500,21350,21450,711
2026-03-25 09:25:00,21450,21500,21450,21450,2900
2026-03-25 09:26:00,21450,21450,21450,21450,1510
2026-03-25 09:27:00,21500,21500,21450,21450,1431
2026-03-25 09:28:00,21450,21550,21450,21550,309
2026-03-25 09:29:00,21450,21650,21450,21600,6837
2026-03-25 09:30:00,21600,21650,21500,21500,1292
2026-03-25 09:31:00,21600,21800,21600,21800,1666
2026-03-25 09:32:00,21800,21800,21700,21750,2142
2026-03-25 09:33:00,21750,21800,21750,21800,2155
2026-03-25 09:34:00,21800,21800,21750,21750,667
2026-03-25 09:35:00,21750,21800,21750,21750,1237
2026-03-25 09:36:00,21800,21800,21700,21750,964
2026-03-25 09:37:00,21700,21750,21700,21750,1506
2026-03-25 09:38:00,21700,21750,21650,21650,520
2026-03-25 09:39:00,21700,21700,21700,21700,202
2026-03-25 09:40:00,21700,21750,21700,21700,231
2026-03-25 09:41:00,21750,21800,21750,21800,153
2026-03-25 09:42:00,21800,21900,21800,21850,3441
2026-03-25 09:43:00,21900,21900,21850,21900,1007
2026-03-25 09:44:00,21900,21900,21900,21900,831
2026-03-25 09:45:00,21900,21900,21900,21900,808
2026-03-25 09:46:00,21850,21900,21850,21900,79
2026-03-25 09:47:00,21900,21900,21800,21800,1545
2026-03-25 09:48:00,21800,21850,21800,21850,1256
2026-03-25 09:49:00,21850,21850,21850,21850,10
2026-03-25 09:50:00,21850,21850,21850,21850,11
2026-03-25 09:51:00,21850,21850,21800,21800,185
2026-03-25 09:52:00,21800,21800,21750,21750,208
2026-03-25 09:53:00,21750,21750,21700,21700,222
2026-03-25 09:54:00,21700,21700,21650,21700,1040
2026-03-25 09:55:00,21700,21750,21700,21750,177
2026-03-25 09:56:00,21750,21800,21750,21800,506
2026-03-25 09:57:00,21800,21850,21800,21800,135
2026-03-25 09:58:00,21800,21800,21750,21800,18
2026-03-25 09:59:00,21800,21800,21750,21800,257
2026-03-25 10:00:00,21800,21850,21800,21850,109
2026-03-25 10:01:00,21850,21850,21850,21850,301
2026-03-25 10:02:00,21800,21900,21800,21850,675
2026-03-25 10:03:00,21900,21900,21850,21900,221
2026-03-25 10:04:00,21850,21900,21850,21850,150
2026-03-25 10:05:00,21850,21950,21850,21900,2244
2026-03-25 10:06:00,21900,21950,21900,21900,319
2026-03-25 10:07:00,21900,21900,21900,21900,803
2026-03-25 10:08:00,21950,21950,21950,21950,149
2026-03-25 10:09:00,21900,21950,21900,21950,202
2026-03-25 10:10:00,21900,21950,21875,21900,965
2026-03-25 10:11:00,21900,21900,21900,21900,716
2026-03-25 10:12:00,21950,21950,21900,21925,234
2026-03-25 10:13:00,21925,21925,21875,21875,243
2026-03-25 10:14:00,21900,21900,21800,21800,341
2026-03-25 10:15:00,21850,21850,21850,21850,18
2026-03-25 10:16:00,21850,21850,21850,21850,9
2026-03-25 10:17:00,21850,21850,21850,21850,102
2026-03-25 10:18:00,21850,21850,21850,21850,95
2026-03-25 10:19:00,21850,21850,21800,21850,208
2026-03-25 10:20:00,21850,21850,21800,21850,397
2026-03-25 10:21:00,21800,21850,21750,21750,1095
2026-03-25 10:22:00,21800,21850,21800,21850,2468
2026-03-25 10:23:00,21800,21800,21800,21800,189
2026-03-25 10:24:00,21800,21800,21800,21800,4
2026-03-25 10:25:00,21800,21800,21750,21750,7
2026-03-25 10:26:00,21750,21800,21750,21800,225
2026-03-25 10:27:00,21850,21900,21800,21800,527
2026-03-25 10:28:00,21900,21900,21900,21900,165
2026-03-25 10:29:00,21900,21900,21850,21850,101
2026-03-25 10:30:00,21800,21850,21800,21850,124
2026-03-25 10:31:00,21850,21850,21800,21800,217
2026-03-25 10:32:00,21800,21800,21800,21800,10
2026-03-25 10:33:00,21800,21800,21800,21800,2
2026-03-25 10:34:00,21800,21800,21800,21800,161
2026-03-25 10:35:00,21850,21850,21800,21850,225
2026-03-25 10:36:00,21850,21850,21850,21850,27
2026-03-25 10:37:00,21850,21850,21800,21800,41
2026-03-25 10:38:00,21800,21850,21800,21850,45
2026-03-25 10:39:00,21850,21875,21800,21850,983
2026-03-25 10:41:00,21850,21850,21850,21850,265
2026-03-25 10:42:00,21850,21875,21850,21850,1048
2026-03-25 10:43:00,21850,21900,21850,21900,604
2026-03-25 10:44:00,21800,21850,21800,21850,178
2026-03-25 10:45:00,21850,21850,21850,21850,101
2026-03-25 10:46:00,21850,21850,21850,21850,388
2026-03-25 10:47:00,21800,21850,21800,21850,27
2026-03-25 10:48:00,21850,21850,21850,21850,3
2026-03-25 10:49:00,21800,21800,21800,21800,301
2026-03-25 10:50:00,21800,21800,21800,21800,195
2026-03-25 10:51:00,21800,21800,21750,21800,84
2026-03-25 10:52:00,21800,21800,21800,21800,190
2026-03-25 10:53:00,21850,21850,21800,21850,38
2026-03-25 10:54:00,21850,21850,21800,21850,109
2026-03-25 10:55:00,21850,21850,21850,21850,2
2026-03-25 10:56:00,21800,21850,21800,21850,65
2026-03-25 10:57:00,21850,21850,21800,21800,199
2026-03-25 10:58:00,21800,21800,21750,21800,188
2026-03-25 10:59:00,21800,21800,21800,21800,80
2026-03-25 11:00:00,21800,21800,21750,21800,819
2026-03-25 11:01:00,21800,21800,21750,21750,697
2026-03-25 11:02:00,21750,21750,21750,21750,242
2026-03-25 11:03:00,21800,21800,21750,21800,128
2026-03-25 11:04:00,21750,21750,21750,21750,231
2026-03-25 11:05:00,21700,21750,21700,21700,1537
2026-03-25 11:06:00,21650,21700,21650,21700,67
2026-03-25 11:07:00,21650,21650,21650,21650,469
2026-03-25 11:08:00,21650,21700,21650,21700,649
2026-03-25 11:09:00,21650,21650,21650,21650,8
2026-03-25 11:10:00,21650,21650,21600,21600,1298
2026-03-25 11:11:00,21550,21600,21500,21550,637
2026-03-25 11:12:00,21500,21550,21500,21500,1151
2026-03-25 11:13:00,21500,21500,21450,21450,2852
2026-03-25 11:14:00,21500,21550,21450,21550,1080
2026-03-25 11:15:00,21550,21600,21550,21600,519
2026-03-25 11:16:00,21600,21600,21600,21600,31
2026-03-25 11:17:00,21550,21600,21500,21500,60
2026-03-25 11:18:00,21500,21500,21500,21500,30
2026-03-25 11:19:00,21500,21600,21500,21500,105
2026-03-25 11:20:00,21500,21600,21450,21600,122
2026-03-25 11:21:00,21600,21600,21450,21550,22
2026-03-25 11:22:00,21600,21700,21600,21700,814
2026-03-25 11:23:00,21650,21700,21600,21650,518
2026-03-25 11:24:00,21600,21650,21550,21650,197
2026-03-25 11:25:00,21650,21700,21650,21700,639
2026-03-25 11:26:00,21700,21700,21700,21700,622
2026-03-25 11:27:00,21700,21700,21700,21700,98
2026-03-25 11:28:00,21750,21750,21750,21750,2
2026-03-25 11:29:00,21750,21750,21700,21700,477
2026-03-25 11:30:00,21700,21700,21700,21700,65
2026-03-25 11:32:00,21700,21700,21700,21700,10
2026-03-25 11:33:00,21700,21700,21650,21650,80
2026-03-25 11:35:00,21650,21650,21650,21650,55
2026-03-25 11:36:00,21600,21650,21600,21650,358
2026-03-25 11:37:00,21650,21650,21650,21650,200
2026-03-25 11:38:00,21650,21650,21650,21650,187
2026-03-25 11:39:00,21650,21650,21650,21650,770
2026-03-25 11:40:00,21600,21600,21600,21600,791
2026-03-25 11:41:00,21600,21600,21600,21600,4
2026-03-25 11:42:00,21600,21600,21550,21550,273
2026-03-25 11:43:00,21550,21600,21550,21600,109
2026-03-25 11:45:00,21600,21600,21550,21550,834
2026-03-25 11:46:00,21500,21600,21500,21550,260
2026-03-25 11:47:00,21550,21550,21550,21550,2
2026-03-25 11:48:00,21550,21550,21550,21550,14
2026-03-25 11:49:00,21500,21500,21500,21500,50
2026-03-25 11:50:00,21550,21550,21500,21500,116
2026-03-25 11:51:00,21500,21550,21500,21500,96
2026-03-25 11:52:00,21500,21550,21500,21500,436
2026-03-25 11:53:00,21500,21550,21450,21550,558
2026-03-25 11:54:00,21500,21500,21500,21500,42
2026-03-25 11:55:00,21500,21500,21500,21500,215
2026-03-25 11:56:00,21550,21550,21500,21550,319
2026-03-25 11:57:00,21500,21500,21450,21450,245
2026-03-25 11:58:00,21500,21500,21500,21500,12
2026-03-25 11:59:00,21500,21500,21500,21500,19
2026-03-25 12:00:00,21500,21500,21450,21500,70
2026-03-25 12:01:00,21500,21500,21450,21500,236
2026-03-25 12:02:00,21450,21500,21450,21500,8
2026-03-25 12:03:00,21500,21500,21500,21500,22
2026-03-25 12:04:00,21500,21500,21500,21500,10
2026-03-25 12:06:00,21500,21500,21500,21500,420
2026-03-25 12:07:00,21500,21550,21500,21550,235
2026-03-25 12:08:00,21550,21700,21550,21700,1823
2026-03-25 12:09:00,21700,21700,21700,21700,35
2026-03-25 12:10:00,21700,21700,21700,21700,2
2026-03-25 12:11:00,21550,21550,21550,21550,101
2026-03-25 12:12:00,21550,21600,21550,21550,747
2026-03-25 12:13:00,21550,21550,21525,21525,7
2026-03-25 12:14:00,21500,21500,21450,21450,1093
2026-03-25 12:15:00,21475,21500,21400,21450,1332
2026-03-25 12:16:00,21450,21450,21400,21400,192
2026-03-25 12:17:00,21450,21450,21400,21400,1616
2026-03-25 12:18:00,21400,21450,21400,21450,60
2026-03-25 12:19:00,21400,21450,21400,21450,9
2026-03-25 12:20:00,21450,21450,21400,21400,49
2026-03-25 12:21:00,21450,21450,21450,21450,8
2026-03-25 12:22:00,21450,21450,21450,21450,2
2026-03-25 12:23:00,21450,21450,21450,21450,8
2026-03-25 12:24:00,21450,21450,21400,21400,273
2026-03-25 12:25:00,21450,21450,21400,21400,40
2026-03-25 12:26:00,21450,21450,21450,21450,110
2026-03-25 12:27:00,21450,21450,21450,21450,55
2026-03-25 12:28:00,21450,21450,21400,21450,540
2026-03-25 12:29:00,21450,21450,21400,21450,567
2026-03-25 12:30:00,21450,21450,21450,21450,3
2026-03-25 12:31:00,21450,21500,21450,21450,607
2026-03-25 12:32:00,21450,21450,21450,21450,5
2026-03-25 12:33:00,21450,21450,21450,21450,13
2026-03-25 12:34:00,21450,21450,21450,21450,106
2026-03-25 12:36:00,21450,21450,21450,21450,59
2026-03-25 12:37:00,21450,21500,21450,21500,1038
2026-03-25 12:38:00,21500,21500,21500,21500,84
2026-03-25 12:39:00,21500,21500,21500,21500,14
2026-03-25 12:40:00,21450,21450,21400,21450,132
2026-03-25 12:41:00,21450,21450,21450,21450,4
2026-03-25 12:42:00,21450,21450,21450,21450,1
2026-03-25 12:43:00,21450,21450,21450,21450,4
2026-03-25 12:45:00,21500,21500,21450,21450,10
2026-03-25 12:48:00,21450,21450,21450,21450,2
2026-03-25 12:49:00,21500,21500,21500,21500,16
2026-03-25 12:50:00,21500,21500,21500,21500,53
2026-03-25 12:51:00,21450,21500,21450,21500,112
2026-03-25 12:52:00,21500,21525,21500,21525,78
2026-03-25 12:53:00,21525,21525,21500,21500,186
2026-03-25 12:54:00,21500,21500,21500,21500,20
2026-03-25 12:55:00,21500,21500,21500,21500,24
2026-03-25 12:56:00,21500,21500,21500,21500,43
2026-03-25 12:57:00,21500,21550,21500,21550,757
2026-03-25 12:59:00,21550,21550,21550,21550,1
2026-03-25 13:00:00,21550,21550,21550,21550,2
2026-03-25 13:01:00,21525,21525,21525,21525,1
2026-03-25 13:02:00,21525,21525,21450,21450,484
2026-03-25 13:03:00,21450,21475,21450,21475,251
2026-03-25 13:04:00,21475,21475,21475,21475,1
2026-03-25 13:05:00,21475,21475,21450,21450,68
2026-03-25 13:06:00,21450,21450,21450,21450,1
2026-03-25 13:07:00,21475,21475,21475,21475,6
2026-03-25 13:08:00,21450,21475,21450,21475,40
2026-03-25 13:09:00,21450,21500,21450,21450,492
2026-03-25 13:10:00,21450,21500,21450,21500,358
2026-03-25 13:11:00,21500,21600,21500,21500,965
2026-03-25 13:12:00,21600,21600,21550,21600,49
2026-03-25 13:13:00,21500,21500,21450,21500,222
2026-03-25 13:14:00,21450,21450,21450,21450,100
2026-03-25 13:15:00,21500,21500,21500,21500,136
2026-03-25 13:17:00,21500,21500,21500,21500,17
2026-03-25 13:18:00,21500,21500,21500,21500,560
2026-03-25 13:19:00,21450,21550,21450,21550,154
2026-03-25 13:20:00,21550,21600,21550,21600,14
2026-03-25 13:22:00,21600,21600,21600,21600,232
2026-03-25 13:23:00,21600,21600,21600,21600,185
2026-03-25 13:24:00,21600,21600,21600,21600,47
2026-03-25 13:25:00,21650,21650,21550,21550,16
2026-03-25 13:26:00,21600,21600,21600,21600,10
2026-03-25 13:27:00,21550,21600,21550,21600,13
2026-03-25 13:28:00,21600,21600,21600,21600,10
2026-03-25 13:29:00,21550,21650,21550,21650,155
2026-03-25 13:30:00,21650,21650,21600,21600,1060
2026-03-25 13:31:00,21600,21600,21550,21550,152
2026-03-25 13:32:00,21550,21550,21500,21500,117
2026-03-25 13:33:00,21550,21600,21500,21600,794
2026-03-25 13:34:00,21600,21600,21600,21600,26
2026-03-25 13:35:00,21600,21600,21600,21600,4
2026-03-25 13:36:00,21600,21650,21550,21550,28
2026-03-25 13:37:00,21600,21650,21600,21600,11
2026-03-25 13:38:00,21650,21650,21650,21650,101
2026-03-25 13:39:00,21650,21650,21650,21650,131
2026-03-25 13:40:00,21650,21700,21650,21700,549
2026-03-25 13:41:00,21700,21700,21650,21700,53
2026-03-25 13:42:00,21700,21700,21400,21600,5592
2026-03-25 13:43:00,21600,21650,21600,21650,620
2026-03-25 13:44:00,21650,21650,21600,21600,67
2026-03-25 13:45:00,21600,21650,21550,21550,122
2026-03-25 13:46:00,21650,21650,21450,21650,1230
2026-03-25 13:47:00,21600,21600,21600,21600,2
2026-03-25 13:48:00,21600,21650,21500,21550,826
2026-03-25 13:49:00,21550,21550,21550,21550,27
2026-03-25 13:50:00,21550,21600,21500,21600,619
2026-03-25 13:51:00,21550,21550,21550,21550,1
2026-03-25 13:52:00,21550,21600,21550,21600,1077
2026-03-25 13:53:00,21550,21550,21550,21550,100
2026-03-25 13:54:00,21550,21550,21500,21500,128
2026-03-25 13:55:00,21550,21650,21550,21650,1119
2026-03-25 13:56:00,21650,21650,21650,21650,28
2026-03-25 13:57:00,21650,21650,21650,21650,10
2026-03-25 13:58:00,21650,21650,21650,21650,1
2026-03-25 13:59:00,21650,21650,21650,21650,10
2026-03-25 14:00:00,21550,21550,21550,21550,100
2026-03-25 14:02:00,21550,21550,21550,21550,154
2026-03-25 14:03:00,21550,21550,21550,21550,6
2026-03-25 14:04:00,21550,21600,21550,21600,4
2026-03-25 14:05:00,21600,21600,21600,21600,45
2026-03-25 14:06:00,21600,21600,21600,21600,115
2026-03-25 14:07:00,21600,21600,21600,21600,8
2026-03-25 14:08:00,21600,21600,21600,21600,2
2026-03-25 14:09:00,21550,21600,21550,21600,9
2026-03-25 14:10:00,21600,21600,21600,21600,43
2026-03-25 14:11:00,21600,21600,21550,21600,18
2026-03-25 14:12:00,21550,21550,21550,21550,46
2026-03-25 14:13:00,21550,21600,21500,21550,1061
2026-03-25 14:14:00,21500,21600,21450,21600,789
2026-03-25 14:15:00,21600,21600,21600,21600,1
2026-03-25 14:16:00,21550,21550,21550,21550,1
2026-03-25 14:17:00,21500,21600,21450,21600,790
2026-03-25 14:18:00,21600,21600,21600,21600,327
2026-03-25 14:19:00,21600,21600,21550,21550,13
2026-03-25 14:20:00,21550,21600,21500,21500,2591
2026-03-25 14:21:00,21500,21600,21500,21600,1173
2026-03-25 14:22:00,21600,21600,21500,21500,211
2026-03-25 14:23:00,21500,21500,21500,21500,60
2026-03-25 14:24:00,21600,21600,21550,21550,18
2026-03-25 14:25:00,21550,21550,21550,21550,3
2026-03-25 14:26:00,21550,21650,21500,21650,1262
2026-03-25 14:27:00,21600,21650,21550,21550,28
2026-03-25 14:28:00,21500,21550,21500,21550,13
2026-03-25 14:29:00,21650,21650,21500,21500,104
2026-03-25 14:30:00,21500,21500,21500,21500,248
2026-03-25 14:31:00,21500,21650,21500,21650,272
2026-03-25 14:32:00,21550,21550,21550,21550,348
2026-03-25 14:33:00,21600,21600,21550,21550,80
2026-03-25 14:34:00,21550,21550,21550,21550,233
2026-03-25 14:35:00,21550,21550,21500,21500,922
2026-03-25 14:36:00,21500,21500,21475,21500,184
2026-03-25 14:37:00,21500,21500,21450,21450,5
2026-03-25 14:38:00,21500,21500,21450,21500,159
2026-03-25 14:39:00,21450,21500,21450,21450,128
2026-03-25 14:40:00,21450,21500,21450,21450,476
2026-03-25 14:41:00,21500,21500,21450,21450,577
2026-03-25 14:42:00,21450,21500,21400,21400,1485
2026-03-25 14:43:00,21450,21450,21450,21450,93
2026-03-25 14:44:00,21450,21450,21400,21400,277
2026-03-25 14:45:00,21450,21450,21400,21450,58
2026-03-25 14:46:00,21450,21500,21450,21500,236
2026-03-25 14:47:00,21500,21500,21400,21400,135
2026-03-25 14:48:00,21400,21500,21400,21450,134
2026-03-25 14:49:00,21400,21500,21400,21500,241
2026-03-25 14:50:00,21500,21500,21500,21500,173
2026-03-25 14:51:00,21475,21525,21475,21500,56
2026-03-25 14:52:00,21550,21550,21500,21500,63
2026-03-25 14:53:00,21500,21500,21500,21500,1
2026-03-25 14:54:00,21475,21500,21400,21400,806
2026-03-25 14:55:00,21400,21450,21400,21400,353
2026-03-25 14:56:00,21400,21450,21400,21450,387
2026-03-25 14:57:00,21450,21450,21400,21450,372
2026-03-25 14:58:00,21400,21450,21400,21450,213
2026-03-25 14:59:00,21425,21450,21400,21400,698
2026-03-25 15:00:00,21400,21500,21400,21500,313
2026-03-25 15:01:00,21450,21500,21450,21450,4
2026-03-25 15:02:00,21450,21500,21450,21500,102
2026-03-25 15:03:00,21450,21550,21450,21550,211
2026-03-25 15:04:00,21500,21600,21450,21500,489
2026-03-25 15:05:00,21500,21550,21500,21500,356
2026-03-25 15:06:00,21500,21600,21500,21600,315
2026-03-25 15:08:00,21500,21500,21500,21500,3
2026-03-25 15:09:00,21550,21550,21500,21500,229
2026-03-25 15:10:00,21500,21500,21500,21500,679
2026-03-25 15:11:00,21450,21450,21450,21450,116
2026-03-25 15:12:00,21450,21500,21450,21450,1474
2026-03-25 15:13:00,21450,21500,21450,21500,254
2026-03-25 15:14:00,21450,21500,21450,21450,356
2026-03-25 15:15:00,21500,21500,21450,21450,15
2026-03-25 15:16:00,21450,21450,21450,21450,314
2026-03-25 15:17:00,21450,21500,21450,21450,94
2026-03-25 15:18:00,21500,21500,21450,21500,1040
2026-03-25 15:19:00,21500,21500,21450,21500,960
2026-03-25 15:30:00,21400,21400,21400,21400,3724
2026-03-25 15:35:00,21400,21400,21400,21400,37
2026-03-26 09:00:00,21900,21900,21700,21700,6341
2026-03-26 09:01:00,21700,21800,21600,21700,3725
2026-03-26 09:02:00,21750,22050,21750,21950,2911
2026-03-26 09:03:00,21900,21900,21650,21700,4560
2026-03-26 09:04:00,21700,21800,21600,21800,1073
2026-03-26 09:05:00,21800,21850,21800,21800,845
2026-03-26 09:06:00,21800,21800,21650,21700,2327
2026-03-26 09:07:00,21700,21800,21600,21750,1750
2026-03-26 09:08:00,21750,22450,21750,22350,12732
2026-03-26 09:09:00,22450,22550,22300,22550,27325
2026-03-26 09:10:00,22500,22800,22350,22800,14244
2026-03-26 09:11:00,22800,22850,22450,22500,14064
2026-03-26 09:12:00,22500,22650,22400,22500,5822
2026-03-26 09:13:00,22600,22600,22450,22500,3851
2026-03-26 09:14:00,22500,22500,22400,22400,2570
2026-03-26 09:15:00,22400,22450,22200,22450,5868
2026-03-26 09:16:00,22300,22400,22200,22375,1940
2026-03-26 09:17:00,22375,22450,22300,22400,2168
2026-03-26 09:18:00,22400,22450,22350,22450,1051
2026-03-26 09:19:00,22450,22450,22400,22450,1223
2026-03-26 09:20:00,22450,22500,22400,22450,821
2026-03-26 09:21:00,22450,22550,22400,22500,2740
2026-03-26 09:22:00,22500,22700,22450,22700,6870
2026-03-26 09:23:00,22700,22700,22500,22550,3182
2026-03-26 09:24:00,22500,22600,22350,22350,4611
2026-03-26 09:25:00,22350,22550,22350,22500,787
2026-03-26 09:26:00,22450,22550,22300,22350,1370
2026-03-26 09:27:00,22350,22350,22300,22300,760
2026-03-26 09:28:00,22300,22350,22150,22150,4751
2026-03-26 09:29:00,22200,22250,22200,22250,2273
2026-03-26 09:30:00,22250,22250,22200,22250,39
2026-03-26 09:31:00,22225,22250,22200,22250,888
2026-03-26 09:32:00,22250,22300,22200,22300,961
2026-03-26 09:33:00,22300,22300,22250,22300,788
2026-03-26 09:34:00,22300,22300,22250,22250,1032
2026-03-26 09:35:00,22250,22300,22250,22300,830
2026-03-26 09:36:00,22250,22350,22250,22250,829
2026-03-26 09:37:00,22250,22250,22200,22250,626
2026-03-26 09:38:00,22200,22300,22150,22300,1048
2026-03-26 09:39:00,22300,22300,22200,22200,223
2026-03-26 09:40:00,22200,22200,22200,22200,343
2026-03-26 09:41:00,22200,22250,22200,22250,487
2026-03-26 09:42:00,22250,22300,22200,22250,1258
2026-03-26 09:43:00,22250,22400,22250,22400,2396
2026-03-26 09:44:00,22350,22500,22350,22500,3571
2026-03-26 09:45:00,22500,22500,22250,22250,5492
2026-03-26 09:46:00,22300,22350,22250,22350,479
2026-03-26 09:47:00,22300,22300,22150,22250,2736
2026-03-26 09:48:00,22250,22250,21950,22000,7358
2026-03-26 09:49:00,22050,22100,22000,22000,1151
2026-03-26 09:50:00,22050,22150,22050,22050,288
2026-03-26 09:51:00,22050,22050,21950,22000,3964
2026-03-26 09:52:00,22000,22300,21950,22250,2953
2026-03-26 09:53:00,22250,22300,22100,22200,2145
2026-03-26 09:54:00,22200,22300,22150,22200,1373
2026-03-26 09:55:00,22300,22300,22100,22100,2719
2026-03-26 09:56:00,22250,22250,22100,22150,604
2026-03-26 09:57:00,22150,22250,22150,22250,389
2026-03-26 09:58:00,22250,22250,22200,22250,65
2026-03-26 09:59:00,22250,22250,22250,22250,62
2026-03-26 10:00:00,22250,22300,22200,22300,268
2026-03-26 10:01:00,22250,22250,22250,22250,250
2026-03-26 10:02:00,22250,22300,22250,22250,237
2026-03-26 10:03:00,22250,22250,22200,22200,626
2026-03-26 10:04:00,22200,22250,22200,22250,110
2026-03-26 10:05:00,22300,22300,22300,22300,195
2026-03-26 10:06:00,22300,22500,22275,22350,3485
2026-03-26 10:07:00,22400,22400,22300,22300,2906
2026-03-26 10:08:00,22300,22350,22300,22300,717
2026-03-26 10:09:00,22350,22350,22250,22350,175
2026-03-26 10:10:00,22350,22350,22300,22350,226
2026-03-26 10:11:00,22350,22350,22350,22350,98
2026-03-26 10:12:00,22300,22350,22300,22350,235
2026-03-26 10:13:00,22300,22350,22250,22300,461
2026-03-26 10:14:00,22300,22300,22250,22250,291
2026-03-26 10:15:00,22250,22350,22250,22250,846
2026-03-26 10:16:00,22200,22250,22100,22150,2366
2026-03-26 10:17:00,22150,22150,22050,22050,1751
2026-03-26 10:18:00,22050,22050,22000,22000,1251
2026-03-26 10:19:00,22000,22000,21950,22000,2477
2026-03-26 10:20:00,22000,22000,21900,21900,1024
2026-03-26 10:21:00,21900,22150,21900,22150,1954
2026-03-26 10:22:00,22150,22150,22050,22150,127
2026-03-26 10:23:00,22100,22100,22050,22100,344
2026-03-26 10:24:00,22050,22100,22050,22050,202
2026-03-26 10:25:00,22050,22050,21950,22000,776
2026-03-26 10:26:00,22000,22100,22000,22100,380
2026-03-26 10:27:00,22050,22100,22050,22100,32
2026-03-26 10:28:00,22050,22100,22050,22050,446
2026-03-26 10:29:00,22050,22100,22050,22050,257
2026-03-26 10:30:00,22050,22150,22000,22150,263
2026-03-26 10:31:00,22150,22150,22150,22150,216
2026-03-26 10:32:00,22150,22150,22150,22150,5
2026-03-26 10:33:00,22150,22150,22000,22050,695
2026-03-26 10:34:00,22100,22100,22050,22050,4
2026-03-26 10:35:00,22050,22100,22050,22100,118
2026-03-26 10:36:00,22100,22100,22000,22100,846
2026-03-26 10:37:00,22100,22100,22050,22050,193
2026-03-26 10:38:00,22050,22100,21950,22050,889
2026-03-26 10:39:00,22050,22050,22050,22050,49
2026-03-26 10:40:00,22050,22050,21950,21950,150
2026-03-26 10:41:00,21950,22000,21950,21950,309
2026-03-26 10:42:00,22000,22000,21950,22000,13
2026-03-26 10:43:00,22000,22000,22000,22000,9
2026-03-26 10:44:00,22000,22000,22000,22000,29
2026-03-26 10:45:00,22000,22050,21950,22050,142
2026-03-26 10:46:00,22050,22050,21950,21950,72
2026-03-26 10:47:00,22050,22050,21950,21950,55
2026-03-26 10:48:00,21950,22050,21900,22050,364
2026-03-26 10:49:00,21900,21950,21900,21950,1032
2026-03-26 10:50:00,21950,21950,21850,21900,384
2026-03-26 10:51:00,21900,21900,21850,21850,260
2026-03-26 10:52:00,21900,21900,21800,21800,1899
2026-03-26 10:53:00,21800,21850,21750,21750,1696
2026-03-26 10:54:00,21750,21750,21700,21700,212
2026-03-26 10:55:00,21750,21750,21700,21700,1442
2026-03-26 10:56:00,21750,21750,21700,21700,522
2026-03-26 10:57:00,21700,21750,21700,21700,2074
2026-03-26 10:58:00,21750,21750,21750,21750,6
2026-03-26 10:59:00,21750,21750,21700,21700,913
2026-03-26 11:00:00,21700,21750,21650,21750,451
2026-03-26 11:01:00,21750,21800,21750,21800,398
2026-03-26 11:02:00,21850,21900,21750,21850,190
2026-03-26 11:03:00,21900,21950,21850,21950,308
2026-03-26 11:04:00,21900,22000,21900,21900,1308
2026-03-26 11:05:00,21950,21950,21900,21950,298
2026-03-26 11:06:00,21950,21950,21950,21950,1134
2026-03-26 11:07:00,21950,21950,21900,21900,10
2026-03-26 11:08:00,21900,21950,21850,21850,3391
2026-03-26 11:09:00,21900,21900,21850,21850,140
2026-03-26 11:10:00,21900,21900,21800,21800,1301
2026-03-26 11:11:00,21800,21800,21700,21700,622
2026-03-26 11:12:00,21800,21800,21650,21700,1465
2026-03-26 11:13:00,21700,21700,21650,21700,1201
2026-03-26 11:14:00,21700,21750,21650,21700,1064
2026-03-26 11:15:00,21700,21700,21700,21700,157
2026-03-26 11:16:00,21700,21700,21550,21600,2182
2026-03-26 11:17:00,21600,21700,21550,21600,1313
2026-03-26 11:18:00,21600,21600,21550,21550,394
2026-03-26 11:19:00,21600,21600,21550,21550,690
2026-03-26 11:20:00,21600,21650,21600,21650,167
2026-03-26 11:21:00,21700,21800,21700,21750,301
2026-03-26 11:22:00,21700,21750,21650,21650,1578
2026-03-26 11:23:00,21700,21700,21650,21700,965
2026-03-26 11:24:00,21700,21700,21700,21700,211
2026-03-26 11:25:00,21700,21700,21650,21700,195
2026-03-26 11:26:00,21700,21700,21700,21700,64
2026-03-26 11:27:00,21750,21750,21750,21750,82
2026-03-26 11:28:00,21700,21750,21700,21750,248
2026-03-26 11:29:00,21800,21800,21800,21800,101
2026-03-26 11:30:00,21850,21850,21750,21750,207
2026-03-26 11:31:00,21800,21800,21750,21750,731
2026-03-26 11:32:00,21750,21800,21700,21800,469
2026-03-26 11:33:00,21750,21800,21750,21800,617
2026-03-26 11:34:00,21800,21800,21700,21700,1243
2026-03-26 11:35:00,21700,21800,21650,21800,1595
2026-03-26 11:36:00,21800,21850,21800,21800,794
2026-03-26 11:37:00,21850,21900,21850,21900,269
2026-03-26 11:38:00,21900,21900,21850,21900,126
2026-03-26 11:39:00,21900,21900,21700,21700,526
2026-03-26 11:40:00,21700,21750,21700,21700,206
2026-03-26 11:41:00,21700,21700,21700,21700,160
2026-03-26 11:42:00,21700,21800,21650,21800,826
2026-03-26 11:43:00,21800,21850,21700,21800,208
2026-03-26 11:44:00,21700,21800,21700,21800,152
2026-03-26 11:45:00,21850,21850,21750,21750,74
2026-03-26 11:46:00,21750,21800,21750,21750,45
2026-03-26 11:47:00,21750,21750,21750,21750,165
2026-03-26 11:48:00,21750,21750,21750,21750,75
2026-03-26 11:49:00,21750,21800,21750,21750,208
2026-03-26 11:50:00,21750,21750,21750,21750,255
2026-03-26 11:51:00,21750,21750,21700,21700,248
2026-03-26 11:52:00,21700,21700,21700,21700,3
2026-03-26 11:53:00,21650,21650,21650,21650,102
2026-03-26 11:54:00,21650,21700,21550,21550,4150
2026-03-26 11:55:00,21550,21550,21500,21500,947
2026-03-26 11:56:00,21550,21600,21550,21600,802
2026-03-26 11:58:00,21600,21600,21600,21600,51
2026-03-26 12:00:00,21650,21650,21500,21500,1034
2026-03-26 12:01:00,21525,21550,21500,21550,188
2026-03-26 12:02:00,21550,21550,21550,21550,358
2026-03-26 12:03:00,21550,21550,21500,21500,13
2026-03-26 12:04:00,21500,21550,21500,21550,1326
2026-03-26 12:05:00,21550,21550,21500,21500,23
2026-03-26 12:06:00,21550,21600,21550,21600,28
2026-03-26 12:07:00,21600,21600,21550,21550,206
2026-03-26 12:08:00,21550,21650,21550,21600,315
2026-03-26 12:09:00,21550,21550,21500,21550,179
2026-03-26 12:10:00,21550,21550,21475,21475,660
2026-03-26 12:11:00,21475,21475,21450,21450,271
2026-03-26 12:12:00,21450,21550,21450,21500,372
2026-03-26 12:13:00,21500,21550,21450,21450,527
2026-03-26 12:14:00,21500,21600,21500,21500,27
2026-03-26 12:15:00,21500,21500,21500,21500,479
2026-03-26 12:16:00,21500,21500,21500,21500,4
2026-03-26 12:17:00,21550,21550,21500,21500,659
2026-03-26 12:18:00,21550,21600,21550,21600,45
2026-03-26 12:19:00,21600,21600,21500,21500,123
2026-03-26 12:20:00,21500,21500,21500,21500,189
2026-03-26 12:22:00,21500,21500,21500,21500,98
2026-03-26 12:23:00,21550,21550,21500,21550,5
2026-03-26 12:24:00,21550,21550,21500,21500,22
2026-03-26 12:25:00,21500,21600,21500,21600,183
2026-03-26 12:26:00,21600,21600,21600,21600,4
2026-03-26 12:27:00,21600,21600,21550,21550,54
2026-03-26 12:28:00,21550,21600,21550,21600,149
2026-03-26 12:29:00,21600,21600,21600,21600,116
2026-03-26 12:30:00,21600,21600,21550,21550,1943
2026-03-26 12:31:00,21600,21600,21550,21550,160
2026-03-26 12:32:00,21550,21600,21550,21600,61
2026-03-26 12:33:00,21600,21600,21550,21600,372
2026-03-26 12:34:00,21600,21650,21600,21650,415
2026-03-26 12:35:00,21650,21700,21550,21700,114
2026-03-26 12:36:00,21700,21850,21700,21850,597
2026-03-26 12:37:00,21850,21850,21700,21800,578
2026-03-26 12:38:00,21800,21800,21700,21700,66
2026-03-26 12:39:00,21800,21850,21800,21800,248
2026-03-26 12:40:00,21800,21850,21800,21850,308
2026-03-26 12:41:00,21850,21850,21825,21825,57
2026-03-26 12:42:00,21825,21875,21825,21850,228
2026-03-26 12:43:00,21900,21900,21900,21900,145
2026-03-26 12:44:00,21900,21900,21800,21800,3
2026-03-26 12:45:00,21800,21800,21800,21800,52
2026-03-26 12:46:00,21850,21850,21800,21850,365
2026-03-26 12:47:00,21800,21850,21800,21850,152
2026-03-26 12:48:00,21850,21900,21800,21900,372
2026-03-26 12:49:00,21800,21900,21750,21900,284
2026-03-26 12:50:00,21850,21850,21850,21850,7
2026-03-26 12:51:00,21800,21800,21800,21800,13
2026-03-26 12:52:00,21750,21750,21750,21750,1
2026-03-26 12:53:00,21800,21800,21700,21750,131
2026-03-26 12:54:00,21800,21850,21700,21750,741
2026-03-26 12:55:00,21750,21750,21750,21750,213
2026-03-26 12:56:00,21800,21800,21800,21800,12
2026-03-26 12:57:00,21800,21800,21800,21800,19
2026-03-26 12:58:00,21800,21800,21800,21800,339
2026-03-26 12:59:00,21800,21800,21800,21800,22
2026-03-26 13:00:00,21800,21800,21750,21750,151
2026-03-26 13:02:00,21800,21800,21800,21800,84
2026-03-26 13:03:00,21800,21800,21800,21800,4
2026-03-26 13:04:00,21800,21850,21800,21850,347
2026-03-26 13:05:00,21850,21850,21800,21800,712
2026-03-26 13:07:00,21800,21800,21800,21800,1931
2026-03-26 13:08:00,21800,21800,21800,21800,3
2026-03-26 13:09:00,21850,21850,21850,21850,100
2026-03-26 13:10:00,21850,21850,21850,21850,101
2026-03-26 13:11:00,21850,21950,21850,21850,718
2026-03-26 13:12:00,21900,21900,21800,21900,553
2026-03-26 13:13:00,21900,21950,21900,21950,449
2026-03-26 13:14:00,21950,21950,21850,21850,19
2026-03-26 13:15:00,21850,21925,21850,21850,607
2026-03-26 13:16:00,21850,21900,21850,21850,559
2026-03-26 13:17:00,21900,21900,21900,21900,40
2026-03-26 13:18:00,21900,21950,21850,21950,1217
2026-03-26 13:19:00,21950,21950,21950,21950,1
2026-03-26 13:20:00,21850,21850,21850,21850,260
2026-03-26 13:21:00,21850,21850,21850,21850,322
2026-03-26 13:22:00,21850,21850,21800,21850,185
2026-03-26 13:23:00,21850,21850,21850,21850,8
2026-03-26 13:24:00,21800,21850,21800,21850,31
2026-03-26 13:25:00,21850,21850,21850,21850,426
2026-03-26 13:26:00,21900,21950,21900,21900,171
2026-03-26 13:27:00,21950,21950,21850,21850,173
2026-03-26 13:28:00,21900,21900,21850,21850,30
2026-03-26 13:29:00,21900,21900,21850,21850,6
2026-03-26 13:30:00,21850,21950,21850,21950,17
2026-03-26 13:31:00,21950,21950,21950,21950,1
2026-03-26 13:32:00,21950,21950,21900,21900,186
2026-03-26 13:33:00,21900,21950,21900,21900,1013
2026-03-26 13:34:00,21900,21900,21900,21900,55
2026-03-26 13:35:00,21900,21900,21900,21900,31
2026-03-26 13:36:00,21900,21900,21900,21900,29
2026-03-26 13:37:00,21900,21950,21900,21950,421
2026-03-26 13:38:00,21900,21900,21900,21900,20
2026-03-26 13:39:00,21900,21900,21900,21900,5
2026-03-26 13:40:00,21850,21850,21850,21850,12
2026-03-26 13:41:00,21875,21900,21850,21900,384
2026-03-26 13:42:00,21850,21850,21850,21850,102
2026-03-26 13:43:00,21850,21850,21850,21850,433
2026-03-26 13:44:00,21850,21950,21850,21850,1037
2026-03-26 13:45:00,21900,21900,21800,21850,512
2026-03-26 13:46:00,21900,21950,21900,21950,30
2026-03-26 13:47:00,21950,22000,21950,21950,917
2026-03-26 13:48:00,21950,22000,21950,22000,745
2026-03-26 13:49:00,22050,22050,22000,22000,317
2026-03-26 13:50:00,22000,22100,22000,22100,681
2026-03-26 13:51:00,22050,22050,21900,22000,751
2026-03-26 13:52:00,21850,21850,21850,21850,296
2026-03-26 13:53:00,21850,21850,21800,21850,210
2026-03-26 13:54:00,21800,21900,21800,21900,82
2026-03-26 13:55:00,21900,21900,21850,21850,56
2026-03-26 13:56:00,21850,21850,21750,21800,1047
2026-03-26 13:57:00,21800,21800,21800,21800,142
2026-03-26 13:58:00,21850,21850,21800,21800,7
2026-03-26 13:59:00,21800,21850,21800,21850,118
2026-03-26 14:00:00,21750,21850,21750,21750,36
2026-03-26 14:01:00,21750,21800,21750,21800,51
2026-03-26 14:02:00,21800,21800,21750,21750,105
2026-03-26 14:03:00,21800,21800,21750,21750,72
2026-03-26 14:04:00,21750,21750,21750,21750,70
2026-03-26 14:05:00,21750,21850,21750,21750,471
2026-03-26 14:06:00,21750,21800,21750,21750,338
2026-03-26 14:07:00,21750,21800,21750,21750,181
2026-03-26 14:08:00,21750,21800,21750,21800,635
2026-03-26 14:09:00,21800,21800,21800,21800,7
2026-03-26 14:10:00,21750,21750,21750,21750,183
2026-03-26 14:11:00,21750,21750,21750,21750,944
2026-03-26 14:12:00,21750,21750,21750,21750,98
2026-03-26 14:13:00,21700,21700,21700,21700,457
2026-03-26 14:14:00,21650,21650,21650,21650,298
2026-03-26 14:15:00,21625,21625,21600,21600,1066
2026-03-26 14:16:00,21650,21650,21600,21600,239
2026-03-26 14:17:00,21600,21600,21600,21600,892
2026-03-26 14:18:00,21650,21650,21600,21600,53
2026-03-26 14:19:00,21650,21650,21650,21650,2
2026-03-26 14:20:00,21600,21650,21600,21600,223
2026-03-26 14:21:00,21650,21650,21600,21600,263
2026-03-26 14:22:00,21600,21600,21600,21600,340
2026-03-26 14:23:00,21600,21600,21600,21600,205
2026-03-26 14:24:00,21600,21600,21600,21600,185
2026-03-26 14:25:00,21600,21650,21600,21600,414
2026-03-26 14:26:00,21600,21600,21600,21600,365
2026-03-26 14:27:00,21600,21600,21600,21600,435
2026-03-26 14:28:00,21600,21600,21600,21600,14
2026-03-26 14:29:00,21600,21600,21600,21600,190
2026-03-26 14:30:00,21650,21650,21600,21650,108
2026-03-26 14:31:00,21650,21650,21600,21650,116
2026-03-26 14:32:00,21650,21650,21650,21650,17
2026-03-26 14:33:00,21600,21700,21600,21600,3516
2026-03-26 14:34:00,21550,21550,21550,21550,1352
2026-03-26 14:35:00,21600,21750,21600,21750,277
2026-03-26 14:36:00,21700,21700,21500,21500,2165
2026-03-26 14:37:00,21550,21600,21550,21600,234
2026-03-26 14:38:00,21550,21550,21500,21550,276
2026-03-26 14:39:00,21550,21550,21500,21550,669
2026-03-26 14:40:00,21550,21550,21550,21550,112
2026-03-26 14:41:00,21500,21550,21500,21550,327
2026-03-26 14:42:00,21525,21550,21500,21550,44
2026-03-26 14:43:00,21550,21550,21550,21550,540
2026-03-26 14:44:00,21500,21550,21500,21500,183
2026-03-26 14:45:00,21525,21600,21500,21600,1216
2026-03-26 14:46:00,21600,21600,21600,21600,177
2026-03-26 14:47:00,21600,21750,21600,21650,300
2026-03-26 14:48:00,21650,21700,21500,21550,704
2026-03-26 14:49:00,21550,21650,21500,21650,723
2026-03-26 14:50:00,21650,21650,21550,21550,54
2026-03-26 14:51:00,21550,21600,21550,21600,55
2026-03-26 14:52:00,21550,21550,21500,21500,70
2026-03-26 14:53:00,21500,21500,21500,21500,270
2026-03-26 14:54:00,21550,21550,21500,21500,833
2026-03-26 14:55:00,21500,21550,21500,21500,457
2026-03-26 14:56:00,21500,21600,21500,21600,1668
2026-03-26 14:57:00,21600,21600,21500,21550,53
2026-03-26 14:58:00,21550,21600,21550,21600,371
2026-03-26 14:59:00,21600,21600,21550,21550,283
2026-03-26 15:00:00,21550,21600,21550,21600,284
2026-03-26 15:01:00,21600,21650,21550,21550,243
2026-03-26 15:02:00,21600,21600,21550,21550,42
2026-03-26 15:03:00,21550,21600,21550,21550,716
2026-03-26 15:04:00,21550,21550,21550,21550,132
2026-03-26 15:05:00,21575,21575,21500,21500,903
2026-03-26 15:06:00,21500,21500,21475,21500,539
2026-03-26 15:07:00,21500,21550,21500,21550,60
2026-03-26 15:08:00,21550,21550,21500,21550,940
2026-03-26 15:09:00,21500,21550,21500,21500,448
2026-03-26 15:10:00,21500,21550,21500,21500,1068
2026-03-26 15:11:00,21450,21500,21450,21450,121
2026-03-26 15:12:00,21500,21500,21450,21450,652
2026-03-26 15:13:00,21450,21500,21450,21500,202
2026-03-26 15:14:00,21475,21550,21450,21450,774
2026-03-26 15:15:00,21450,21500,21450,21450,1348
2026-03-26 15:16:00,21450,21500,21400,21450,1298
2026-03-26 15:17:00,21450,21500,21450,21450,797
2026-03-26 15:18:00,21450,21500,21400,21450,1618
2026-03-26 15:19:00,21450,21450,21400,21450,992
2026-03-26 15:30:00,21450,21450,21450,21450,2835
2026-03-26 15:35:00,21450,21450,21450,21450,267
2026-03-27 09:00:00,20850,21350,20850,21050,2969
2026-03-27 09:01:00,21050,21100,20900,20950,2405
2026-03-27 09:02:00,20950,21100,20800,20800,1071
2026-03-27 09:03:00,20800,21000,20650,20800,4727
2026-03-27 09:04:00,20800,20950,20750,20850,1222
2026-03-27 09:05:00,20900,20950,20650,20850,3790
2026-03-27 09:06:00,20750,21100,20700,21000,3141
2026-03-27 09:07:00,21050,21200,21000,21000,1217
2026-03-27 09:08:00,21000,21000,20950,21000,398
2026-03-27 09:09:00,21000,21000,20900,20950,829
2026-03-27 09:10:00,21000,21000,20900,20950,655
2026-03-27 09:11:00,20950,20950,20800,20800,3368
2026-03-27 09:12:00,20800,20800,20500,20700,6281
2026-03-27 09:13:00,20700,20700,20500,20550,1905
2026-03-27 09:14:00,20550,20700,20500,20550,1354
2026-03-27 09:15:00,20700,20750,20550,20750,353
2026-03-27 09:16:00,20750,20750,20600,20600,194
2026-03-27 09:17:00,20700,20800,20600,20650,961
2026-03-27 09:18:00,20700,20850,20650,20850,496
2026-03-27 09:19:00,20850,20900,20750,20900,575
2026-03-27 09:20:00,20850,21150,20800,21100,2461
2026-03-27 09:21:00,21100,21350,20950,21100,1724
2026-03-27 09:22:00,21150,21350,21100,21250,1602
2026-03-27 09:23:00,21250,21250,20900,21100,2108
2026-03-27 09:24:00,21100,21200,20950,21200,1470
2026-03-27 09:25:00,21200,21200,21000,21200,1315
2026-03-27 09:26:00,21200,21200,20950,20950,2083
2026-03-27 09:27:00,21100,21150,20950,21000,775
2026-03-27 09:28:00,21150,21200,21000,21200,1807
2026-03-27 09:29:00,21200,21200,21000,21150,1807
2026-03-27 09:30:00,21000,21150,20950,21150,1263
2026-03-27 09:31:00,21150,21150,21000,21150,909
2026-03-27 09:32:00,21050,21200,21000,21200,1581
2026-03-27 09:33:00,21100,21200,21050,21200,735
2026-03-27 09:34:00,21050,21200,20950,21100,1655
2026-03-27 09:35:00,20950,21100,20950,21000,969
2026-03-27 09:36:00,20950,21200,20950,21200,833
2026-03-27 09:37:00,21200,21250,21000,21050,1975
2026-03-27 09:38:00,21050,21250,21050,21100,1471
2026-03-27 09:39:00,21250,21350,21050,21300,2800
2026-03-27 09:40:00,21200,21400,21100,21350,1714
2026-03-27 09:41:00,21250,21400,21150,21300,4589
2026-03-27 09:42:00,21150,21350,21100,21300,2409
2026-03-27 09:43:00,21300,21300,21050,21200,1577
2026-03-27 09:44:00,21050,21200,20900,20950,3634
2026-03-27 09:45:00,20950,21050,20850,20850,2821
2026-03-27 09:46:00,20900,20900,20800,20800,712
2026-03-27 09:47:00,20750,20800,20700,20750,988
2026-03-27 09:48:00,20700,20700,20600,20600,1287
2026-03-27 09:49:00,20650,20650,20600,20600,2498
2026-03-27 09:50:00,20600,20650,20600,20650,1128
2026-03-27 09:51:00,20650,20650,20600,20600,304
2026-03-27 09:52:00,20600,20600,20550,20550,1250
2026-03-27 09:53:00,20550,20550,20500,20550,2134
2026-03-27 09:54:00,20550,20550,20500,20500,785
2026-03-27 09:55:00,20500,20600,20500,20500,3641
2026-03-27 09:56:00,20500,20500,20500,20500,1439
2026-03-27 09:57:00,20500,20950,20500,20700,1363
2026-03-27 09:58:00,20700,20700,20650,20650,237
2026-03-27 09:59:00,20700,20700,20600,20600,265
2026-03-27 10:00:00,20650,20650,20550,20600,477
2026-03-27 10:01:00,20550,20600,20550,20600,70
2026-03-27 10:02:00,20600,20650,20600,20650,327
2026-03-27 10:03:00,20650,20700,20600,20650,496
2026-03-27 10:04:00,20650,20700,20650,20700,55
2026-03-27 10:05:00,20650,20800,20650,20800,493
2026-03-27 10:06:00,20800,20800,20750,20800,203
2026-03-27 10:07:00,20800,20800,20800,20800,2
2026-03-27 10:08:00,20800,20800,20750,20750,30
2026-03-27 10:09:00,20750,20750,20700,20750,243
2026-03-27 10:10:00,20750,20800,20700,20700,375
2026-03-27 10:11:00,20700,20800,20700,20800,90
2026-03-27 10:12:00,20800,20850,20750,20800,376
2026-03-27 10:13:00,20800,20800,20750,20800,57
2026-03-27 10:14:00,20750,20800,20750,20800,23
2026-03-27 10:15:00,20800,20800,20550,20550,2993
2026-03-27 10:16:00,20600,20750,20600,20750,66
2026-03-27 10:17:00,20700,20700,20700,20700,473
2026-03-27 10:18:00,20700,20700,20650,20650,64
2026-03-27 10:19:00,20650,20700,20600,20600,563
2026-03-27 10:20:00,20600,20650,20600,20600,886
2026-03-27 10:21:00,20600,20700,20550,20700,696
2026-03-27 10:22:00,20700,20750,20700,20750,623
2026-03-27 10:23:00,20750,20750,20750,20750,8
2026-03-27 10:24:00,20750,20750,20650,20650,154
2026-03-27 10:25:00,20750,20750,20650,20650,197
2026-03-27 10:26:00,20750,20750,20750,20750,1
2026-03-27 10:27:00,20650,20750,20650,20750,69
2026-03-27 10:28:00,20650,20700,20650,20700,140
2026-03-27 10:29:00,20700,20800,20650,20800,619
2026-03-27 10:30:00,20800,20800,20800,20800,111
2026-03-27 10:31:00,20850,20850,20800,20850,161
2026-03-27 10:32:00,20850,20850,20800,20800,244
2026-03-27 10:33:00,20850,20950,20850,20950,105
2026-03-27 10:34:00,20850,20950,20800,20950,406
2026-03-27 10:35:00,20950,20950,20950,20950,3
2026-03-27 10:36:00,20900,20950,20900,20950,42
2026-03-27 10:37:00,20900,20950,20900,20950,7
2026-03-27 10:38:00,20900,20950,20900,20950,226
2026-03-27 10:39:00,20950,20950,20900,20950,835
2026-03-27 10:40:00,20950,20950,20950,20950,141
2026-03-27 10:41:00,20900,20900,20900,20900,283
2026-03-27 10:42:00,20950,21000,20950,21000,55
2026-03-27 10:43:00,21000,21100,21000,21050,509
2026-03-27 10:44:00,21050,21050,20950,20950,457
2026-03-27 10:45:00,20950,20950,20950,20950,143
2026-03-27 10:46:00,20950,20975,20950,20950,118
2026-03-27 10:47:00,21000,21000,20950,21000,432
2026-03-27 10:48:00,20950,21100,20950,21100,484
2026-03-27 10:49:00,21100,21150,21100,21100,213
2026-03-27 10:50:00,21100,21100,21050,21050,95
2026-03-27 10:51:00,21050,21100,21000,21000,357
2026-03-27 10:52:00,21100,21100,21050,21050,31
2026-03-27 10:53:00,21100,21150,21100,21150,940
2026-03-27 10:54:00,21100,21150,21100,21100,157
2026-03-27 10:55:00,21100,21150,21100,21150,280
2026-03-27 10:56:00,21100,21150,21100,21150,26
2026-03-27 10:57:00,21150,21200,21150,21200,527
2026-03-27 10:58:00,21175,21250,21175,21250,877
2026-03-27 10:59:00,21250,21250,21200,21250,929
2026-03-27 11:00:00,21250,21300,21250,21300,388
2026-03-27 11:01:00,21250,21300,21200,21200,91
2026-03-27 11:02:00,21200,21250,21200,21250,133
2026-03-27 11:03:00,21200,21250,21200,21200,27
2026-03-27 11:04:00,21200,21200,21150,21150,136
2026-03-27 11:05:00,21200,21250,21150,21200,630
2026-03-27 11:06:00,21200,21200,21150,21200,1341
2026-03-27 11:07:00,21200,21200,21150,21200,46
2026-03-27 11:08:00,21200,21200,21100,21200,1017
2026-03-27 11:09:00,21200,21200,21200,21200,1
2026-03-27 11:10:00,21150,21150,21150,21150,255
2026-03-27 11:11:00,21100,21150,21100,21150,237
2026-03-27 11:12:00,21100,21100,21000,21000,197
2026-03-27 11:13:00,21050,21100,21000,21100,102
2026-03-27 11:14:00,21050,21050,21050,21050,25
2026-03-27 11:15:00,21050,21050,21000,21000,107
2026-03-27 11:16:00,21000,21000,21000,21000,300
2026-03-27 11:17:00,21000,21000,21000,21000,59
2026-03-27 11:18:00,21000,21000,20900,20900,317
2026-03-27 11:19:00,20950,21000,20950,20950,121
2026-03-27 11:20:00,20950,21000,20950,20950,102
2026-03-27 11:21:00,20950,20950,20900,20950,910
2026-03-27 11:22:00,20950,20950,20850,20850,683
2026-03-27 11:23:00,20900,20950,20900,20900,49
2026-03-27 11:24:00,20850,20900,20850,20900,489
2026-03-27 11:25:00,20850,20900,20850,20900,496
2026-03-27 11:27:00,20850,20875,20850,20850,211
2026-03-27 11:28:00,20800,20800,20800,20800,4
2026-03-27 11:29:00,20900,20900,20900,20900,233
2026-03-27 11:30:00,20900,20900,20900,20900,16
2026-03-27 11:31:00,20900,20950,20850,20950,191
2026-03-27 11:32:00,21000,21000,20950,20950,13
2026-03-27 11:33:00,20950,21000,20950,20950,485
2026-03-27 11:34:00,20950,21000,20950,21000,1088
2026-03-27 11:35:00,20950,21050,20950,21050,313
2026-03-27 11:36:00,21050,21050,21050,21050,2
2026-03-27 11:37:00,21000,21050,21000,21050,9
2026-03-27 11:38:00,21000,21000,21000,21000,340
2026-03-27 11:39:00,20950,21000,20950,21000,31
2026-03-27 11:40:00,21000,21000,21000,21000,78
2026-03-27 11:41:00,21000,21050,21000,21050,579
2026-03-27 11:42:00,21050,21050,21050,21050,110
2026-03-27 11:43:00,21100,21100,21050,21050,9
2026-03-27 11:44:00,21050,21050,21050,21050,44
2026-03-27 11:45:00,21050,21050,21050,21050,45
2026-03-27 11:46:00,21050,21050,21000,21050,85
2026-03-27 11:47:00,21050,21050,21050,21050,55
2026-03-27 11:48:00,21050,21050,21000,21000,196
2026-03-27 11:49:00,21000,21000,21000,21000,131
2026-03-27 11:50:00,20950,21000,20950,21000,91
2026-03-27 11:51:00,21000,21000,21000,21000,39
2026-03-27 11:52:00,21000,21000,21000,21000,333
2026-03-27 11:53:00,21050,21050,21050,21050,1
2026-03-27 11:54:00,21050,21050,21000,21000,22
2026-03-27 11:55:00,21050,21050,21050,21050,1
2026-03-27 11:56:00,21050,21050,21000,21000,300
2026-03-27 11:57:00,21000,21000,21000,21000,147
2026-03-27 11:58:00,21000,21000,21000,21000,342
2026-03-27 11:59:00,21050,21050,20950,20950,345
2026-03-27 12:00:00,21000,21050,21000,21050,202
2026-03-27 12:02:00,21000,21050,20950,20950,539
2026-03-27 12:03:00,21050,21050,21000,21000,101
2026-03-27 12:04:00,21000,21050,21000,21050,20
2026-03-27 12:05:00,21100,21100,21100,21100,1
2026-03-27 12:07:00,21050,21050,21050,21050,41
2026-03-27 12:08:00,20950,20950,20950,20950,117
2026-03-27 12:09:00,20950,20950,20950,20950,5
2026-03-27 12:10:00,20950,20950,20950,20950,100
2026-03-27 12:11:00,20950,20950,20950,20950,137
2026-03-27 12:12:00,20900,20950,20900,20950,227
2026-03-27 12:13:00,20900,20900,20900,20900,457
2026-03-27 12:14:00,20900,20900,20900,20900,212
2026-03-27 12:15:00,20900,20900,20900,20900,45
2026-03-27 12:16:00,20900,20900,20900,20900,241
2026-03-27 12:17:00,20900,20900,20900,20900,3
2026-03-27 12:18:00,20900,20900,20850,20850,268
2026-03-27 12:19:00,20900,20900,20850,20850,31
2026-03-27 12:20:00,20850,20900,20850,20900,45
2026-03-27 12:21:00,20900,20900,20850,20900,313
2026-03-27 12:22:00,20850,20850,20800,20800,221
2026-03-27 12:23:00,20850,20850,20800,20800,1702
2026-03-27 12:24:00,20800,20800,20700,20700,1660
2026-03-27 12:25:00,20700,20750,20700,20750,44
2026-03-27 12:26:00,20750,20750,20700,20750,191
2026-03-27 12:27:00,20750,20750,20700,20750,197
2026-03-27 12:28:00,20750,20750,20750,20750,1
2026-03-27 12:29:00,20750,20850,20750,20850,283
2026-03-27 12:30:00,20850,20850,20850,20850,456
2026-03-27 12:31:00,20850,20950,20850,20900,830
2026-03-27 12:32:00,20850,20850,20850,20850,269
2026-03-27 12:33:00,20850,20850,20850,20850,6
2026-03-27 12:34:00,20850,20850,20850,20850,35
2026-03-27 12:35:00,20950,20950,20950,20950,69
2026-03-27 12:36:00,21000,21000,20950,20950,46
2026-03-27 12:37:00,21000,21000,20950,21000,241
2026-03-27 12:38:00,21050,21050,21000,21050,26
2026-03-27 12:39:00,21000,21000,21000,21000,5
2026-03-27 12:40:00,21000,21050,21000,21050,579
2026-03-27 12:41:00,21050,21100,21050,21100,102
2026-03-27 12:42:00,21100,21100,21000,21000,156
2026-03-27 12:43:00,21000,21000,20950,20950,160
2026-03-27 12:44:00,21000,21000,21000,21000,52
2026-03-27 12:45:00,21000,21000,21000,21000,48
2026-03-27 12:46:00,21000,21000,20950,21000,306
2026-03-27 12:47:00,21000,21000,21000,21000,100
2026-03-27 12:48:00,21000,21000,20950,20950,15
2026-03-27 12:50:00,20950,20950,20950,20950,597
2026-03-27 12:51:00,20950,20950,20950,20950,14
2026-03-27 12:52:00,20950,21050,20950,21050,247
2026-03-27 12:53:00,21050,21050,21000,21000,8
2026-03-27 12:54:00,21000,21000,21000,21000,152
2026-03-27 12:55:00,21000,21000,21000,21000,6
2026-03-27 12:56:00,21000,21000,21000,21000,10
2026-03-27 12:57:00,21000,21000,21000,21000,1
2026-03-27 12:58:00,21000,21050,21000,21050,8
2026-03-27 13:00:00,21000,21050,21000,21000,91
2026-03-27 13:01:00,21000,21000,21000,21000,305
2026-03-27 13:03:00,21050,21050,21000,21000,45
2026-03-27 13:04:00,21000,21100,21000,21100,1650
2026-03-27 13:05:00,21100,21100,21100,21100,111
2026-03-27 13:06:00,21000,21050,21000,21050,116
2026-03-27 13:07:00,21050,21050,21000,21000,119
2026-03-27 13:08:00,21000,21100,21000,21050,360
2026-03-27 13:09:00,21050,21050,21050,21050,182
2026-03-27 13:10:00,21050,21100,21050,21050,168
2026-03-27 13:11:00,21050,21200,21050,21150,416
2026-03-27 13:12:00,21100,21100,21100,21100,6
2026-03-27 13:13:00,21200,21200,21200,21200,58
2026-03-27 13:14:00,21150,21150,21150,21150,73
2026-03-27 13:15:00,21150,21150,21150,21150,47
2026-03-27 13:16:00,21100,21150,21100,21150,248
2026-03-27 13:17:00,21150,21150,21150,21150,8
2026-03-27 13:18:00,21100,21150,21100,21150,88
2026-03-27 13:19:00,21150,21200,21150,21150,655
2026-03-27 13:20:00,21200,21200,21150,21200,104
2026-03-27 13:21:00,21200,21300,21200,21250,799
2026-03-27 13:22:00,21250,21300,21250,21250,774
2026-03-27 13:23:00,21300,21350,21300,21350,375
2026-03-27 13:24:00,21350,21350,21300,21300,170
2026-03-27 13:25:00,21300,21300,21200,21250,318
2026-03-27 13:26:00,21250,21300,21200,21300,163
2026-03-27 13:27:00,21300,21300,21300,21300,2
2026-03-27 13:28:00,21250,21300,21250,21300,17
2026-03-27 13:29:00,21300,21300,21250,21300,1056
2026-03-27 13:30:00,21250,21250,21200,21200,620
2026-03-27 13:31:00,21200,21300,21200,21200,61
2026-03-27 13:32:00,21300,21300,21250,21250,63
2026-03-27 13:33:00,21300,21350,21300,21350,295
2026-03-27 13:34:00,21300,21350,21250,21300,296
2026-03-27 13:35:00,21250,21300,21250,21250,42
2026-03-27 13:36:00,21300,21300,21300,21300,105
2026-03-27 13:37:00,21250,21300,21250,21250,250
2026-03-27 13:38:00,21250,21250,21200,21200,208
2026-03-27 13:39:00,21200,21350,21200,21350,673
2026-03-27 13:40:00,21350,21350,21300,21300,9
2026-03-27 13:41:00,21250,21300,21250,21300,78
2026-03-27 13:42:00,21300,21350,21250,21300,134
2026-03-27 13:43:00,21300,21350,21300,21350,85
2026-03-27 13:44:00,21350,21350,21300,21350,10
2026-03-27 13:45:00,21300,21350,21250,21250,512
2026-03-27 13:46:00,21300,21350,21300,21350,1007
2026-03-27 13:47:00,21400,21400,21300,21300,3
2026-03-27 13:48:00,21350,21350,21300,21300,2
2026-03-27 13:49:00,21300,21350,21300,21300,33
2026-03-27 13:50:00,21350,21350,21350,21350,396
2026-03-27 13:51:00,21350,21350,21300,21300,840
2026-03-27 13:52:00,21350,21350,21300,21300,4
2026-03-27 13:53:00,21300,21300,21150,21250,3217
2026-03-27 13:54:00,21300,21300,21150,21250,1053
2026-03-27 13:55:00,21250,21300,21250,21300,188
2026-03-27 13:56:00,21250,21350,21250,21350,474
2026-03-27 13:57:00,21250,21350,21250,21350,856
2026-03-27 13:58:00,21250,21400,21250,21250,1736
2026-03-27 13:59:00,21350,21350,21300,21350,12
2026-03-27 14:00:00,21350,21350,21350,21350,147
2026-03-27 14:01:00,21350,21400,21350,21400,33
2026-03-27 14:02:00,21350,21350,21350,21350,57
2026-03-27 14:03:00,21400,21400,21350,21350,61
2026-03-27 14:04:00,21400,21400,21350,21350,272
2026-03-27 14:05:00,21350,21400,21350,21350,635
2026-03-27 14:06:00,21350,21350,21300,21300,37
2026-03-27 14:07:00,21300,21350,21300,21300,1508
2026-03-27 14:08:00,21350,21350,21250,21250,212
2026-03-27 14:09:00,21250,21300,21250,21250,210
2026-03-27 14:10:00,21300,21400,21300,21400,1818
2026-03-27 14:11:00,21400,21400,21300,21400,1790
2026-03-27 14:12:00,21350,21400,21350,21350,551
2026-03-27 14:13:00,21350,21350,21300,21300,153
2026-03-27 14:14:00,21300,21350,21300,21300,470
2026-03-27 14:15:00,21350,21400,21350,21350,540
2026-03-27 14:16:00,21350,21400,21350,21350,287
2026-03-27 14:17:00,21350,21350,21300,21300,33
2026-03-27 14:18:00,21300,21350,21300,21350,20
2026-03-27 14:19:00,21300,21300,21300,21300,201
2026-03-27 14:20:00,21350,21350,21300,21350,103
2026-03-27 14:21:00,21350,21400,21350,21400,1167
2026-03-27 14:22:00,21350,21350,21250,21250,2165
2026-03-27 14:23:00,21250,21300,21250,21250,36
2026-03-27 14:24:00,21250,21300,21200,21300,655
2026-03-27 14:25:00,21300,21300,21250,21250,136
2026-03-27 14:26:00,21250,21250,21200,21250,67
2026-03-27 14:27:00,21250,21250,21200,21250,100
2026-03-27 14:28:00,21250,21250,21200,21250,169
2026-03-27 14:29:00,21250,21250,21200,21200,488
2026-03-27 14:30:00,21200,21200,21200,21200,31
2026-03-27 14:31:00,21200,21200,21100,21100,834
2026-03-27 14:32:00,21200,21200,21150,21150,2
2026-03-27 14:33:00,21150,21150,21100,21150,358
2026-03-27 14:34:00,21150,21250,21150,21200,1159
2026-03-27 14:35:00,21200,21250,21200,21200,130
2026-03-27 14:36:00,21150,21200,21150,21150,126
2026-03-27 14:37:00,21200,21200,21150,21200,41
2026-03-27 14:38:00,21150,21200,21100,21200,430
2026-03-27 14:39:00,21200,21200,21150,21150,64
2026-03-27 14:40:00,21200,21200,21150,21150,3
2026-03-27 14:41:00,21150,21200,21150,21150,220
2026-03-27 14:42:00,21150,21150,21100,21100,409
2026-03-27 14:43:00,21100,21150,21100,21100,718
2026-03-27 14:44:00,21150,21150,21100,21100,2
2026-03-27 14:45:00,21100,21150,21100,21100,329
2026-03-27 14:46:00,21100,21100,21100,21100,56
2026-03-27 14:47:00,21150,21150,21100,21150,22
2026-03-27 14:48:00,21150,21150,21100,21100,91
2026-03-27 14:49:00,21150,21150,21050,21100,604
2026-03-27 14:50:00,21050,21100,21050,21100,16
2026-03-27 14:51:00,21100,21100,21000,21000,741
2026-03-27 14:52:00,21050,21150,21050,21100,269
2026-03-27 14:53:00,21100,21100,21050,21050,211
2026-03-27 14:54:00,21050,21100,21050,21100,267
2026-03-27 14:55:00,21100,21150,21050,21050,226
2026-03-27 14:56:00,21050,21050,21000,21000,919
2026-03-27 14:57:00,21050,21050,21050,21050,135
2026-03-27 14:58:00,21050,21050,21050,21050,1
2026-03-27 14:59:00,21050,21050,21050,21050,67
2026-03-27 15:00:00,21100,21100,21050,21050,16
2026-03-27 15:01:00,21100,21100,21050,21050,15
2026-03-27 15:02:00,21050,21100,21000,21050,125
2026-03-27 15:03:00,21050,21050,21000,21050,108
2026-03-27 15:04:00,21050,21050,21000,21000,161
2026-03-27 15:05:00,21050,21050,21050,21050,596
2026-03-27 15:06:00,21050,21100,21050,21050,502
2026-03-27 15:07:00,21050,21050,21050,21050,58
2026-03-27 15:08:00,21000,21050,21000,21025,120
2026-03-27 15:09:00,21050,21050,21000,21050,723
2026-03-27 15:10:00,21050,21100,21050,21100,220
2026-03-27 15:11:00,21100,21100,21000,21000,835
2026-03-27 15:12:00,21000,21050,21000,21000,1203
2026-03-27 15:13:00,21000,21050,21000,21000,120
2026-03-27 15:14:00,21050,21050,21000,21000,468
2026-03-27 15:15:00,21050,21050,21000,21050,404
2026-03-27 15:16:00,21050,21050,21000,21000,860
2026-03-27 15:17:00,21050,21050,21000,21050,129
2026-03-27 15:18:00,21050,21150,21000,21100,2183
2026-03-27 15:19:00,21100,21150,21000,21100,2426
2026-03-27 15:30:00,21250,21250,21250,21250,4183
2026-03-27 15:35:00,21250,21250,21250,21250,70
2026-03-30 09:00:00,20300,20950,20150,20250,7946
2026-03-30 09:01:00,20200,20300,20100,20100,3064
2026-03-30 09:02:00,20150,20150,20050,20050,2728
2026-03-30 09:03:00,20100,20200,20050,20100,1416
2026-03-30 09:04:00,20100,20100,19940,19970,10644
2026-03-30 09:05:00,19970,20050,19950,20050,7304
2026-03-30 09:06:00,20050,20050,20000,20000,875
2026-03-30 09:07:00,20050,20100,20050,20100,168
2026-03-30 09:08:00,20100,20100,19980,19980,1931
2026-03-30 09:09:00,19970,20020,19900,19990,3940
2026-03-30 09:10:00,19990,19990,19920,19920,2124
2026-03-30 09:11:00,19950,19950,19890,19890,3823
2026-03-30 09:12:00,19980,20050,19920,19920,162
2026-03-30 09:13:00,19930,19930,19920,19930,1268
2026-03-30 09:14:00,19980,19980,19950,19950,143
2026-03-30 09:15:00,19960,19980,19960,19960,389
2026-03-30 09:16:00,19960,19970,19930,19950,2294
2026-03-30 09:17:00,19930,19930,19920,19920,798
2026-03-30 09:18:00,19910,19990,19910,19990,1927
2026-03-30 09:19:00,19990,20100,19990,20100,652
2026-03-30 09:20:00,20050,20150,20050,20100,2467
2026-03-30 09:21:00,20100,20150,20100,20100,487
2026-03-30 09:22:00,20150,20150,20100,20100,316
2026-03-30 09:23:00,20100,20150,20100,20150,57
2026-03-30 09:24:00,20150,20150,20100,20100,1399
2026-03-30 09:25:00,20100,20100,20050,20050,614
2026-03-30 09:26:00,20050,20050,19990,20000,672
2026-03-30 09:27:00,20050,20050,20050,20050,168
2026-03-30 09:28:00,20050,20050,20000,20050,304
2026-03-30 09:29:00,20000,20050,20000,20050,948
2026-03-30 09:30:00,20050,20100,20000,20100,59
2026-03-30 09:31:00,20100,20100,20050,20050,311
2026-03-30 09:32:00,20100,20150,20100,20150,404
2026-03-30 09:33:00,20150,20150,20050,20050,406
2026-03-30 09:34:00,20100,20100,20100,20100,28
2026-03-30 09:35:00,20100,20100,20050,20050,657
2026-03-30 09:36:00,20050,20100,20050,20100,592
2026-03-30 09:37:00,20100,20100,20050,20050,399
2026-03-30 09:38:00,20050,20150,20050,20100,1216
2026-03-30 09:39:00,20050,20050,20000,20050,390
2026-03-30 09:40:00,20050,20050,20000,20050,837
2026-03-30 09:41:00,20050,20050,20000,20000,361
2026-03-30 09:42:00,20000,20050,20000,20050,36
2026-03-30 09:43:00,20050,20100,20050,20100,517
2026-03-30 09:44:00,20050,20100,20050,20100,116
2026-03-30 09:45:00,20100,20100,20100,20100,360
2026-03-30 09:46:00,20100,20150,20050,20100,131
2026-03-30 09:47:00,20050,20100,20050,20100,1016
2026-03-30 09:48:00,20100,20100,20050,20100,406
2026-03-30 09:49:00,20100,20100,20050,20050,1336
2026-03-30 09:50:00,20000,20100,20000,20050,586
2026-03-30 09:51:00,20100,20100,20050,20100,377
2026-03-30 09:52:00,20100,20100,20050,20050,214
2026-03-30 09:53:00,20050,20150,20050,20150,2344
2026-03-30 09:54:00,20150,20150,20050,20100,1115
2026-03-30 09:55:00,20100,20100,20050,20050,929
2026-03-30 09:56:00,20100,20100,20050,20100,37
2026-03-30 09:57:00,20100,20100,20050,20100,18
2026-03-30 09:58:00,20050,20050,20050,20050,103
2026-03-30 09:59:00,20050,20100,20050,20100,1423
2026-03-30 10:00:00,20050,20100,20050,20100,210
2026-03-30 10:01:00,20100,20150,20050,20100,3375
2026-03-30 10:02:00,20100,20100,20050,20100,286
2026-03-30 10:03:00,20100,20200,20100,20200,287
2026-03-30 10:04:00,20150,20400,20150,20400,1232
2026-03-30 10:05:00,20400,20400,20200,20200,382
2026-03-30 10:06:00,20350,20350,20200,20200,61
2026-03-30 10:07:00,20200,20250,20200,20250,19
2026-03-30 10:08:00,20250,20250,20100,20200,740
2026-03-30 10:09:00,20100,20250,20050,20250,74
2026-03-30 10:10:00,20250,20250,20050,20050,1164
2026-03-30 10:11:00,20050,20150,20050,20150,280
2026-03-30 10:12:00,20100,20100,20100,20100,5
2026-03-30 10:13:00,20150,20150,20100,20150,268
2026-03-30 10:14:00,20100,20100,19960,20000,17420
2026-03-30 10:15:00,19960,20050,19960,20050,1164
2026-03-30 10:16:00,19990,19990,19950,19960,618
2026-03-30 10:17:00,19960,19960,19950,19960,122
2026-03-30 10:18:00,19960,20000,19960,20000,76
2026-03-30 10:19:00,20000,20000,19990,20000,511
2026-03-30 10:20:00,20000,20050,20000,20050,1592
2026-03-30 10:21:00,20050,20050,20025,20050,126
2026-03-30 10:22:00,20050,20125,20050,20125,121
2026-03-30 10:23:00,20150,20150,20150,20150,1
2026-03-30 10:24:00,20050,20050,20050,20050,88
2026-03-30 10:25:00,20000,20100,20000,20100,123
2026-03-30 10:26:00,20050,20050,20000,20000,547
2026-03-30 10:27:00,20000,20000,19960,19960,385
2026-03-30 10:28:00,19960,19970,19960,19960,103
2026-03-30 10:29:00,19970,19970,19950,19970,149
2026-03-30 10:30:00,19960,19960,19940,19940,580
2026-03-30 10:31:00,19940,20000,19930,19940,171
2026-03-30 10:33:00,19980,20050,19980,20050,465
2026-03-30 10:34:00,20000,20100,20000,20100,249
2026-03-30 10:35:00,20100,20150,19970,20150,133
2026-03-30 10:36:00,20100,20100,20100,20100,106
2026-03-30 10:37:00,20100,20150,20100,20150,117
2026-03-30 10:38:00,20150,20150,20100,20100,108
2026-03-30 10:39:00,20050,20100,20050,20100,244
2026-03-30 10:40:00,20050,20100,19970,20100,117
2026-03-30 10:41:00,19970,20000,19960,19980,128
2026-03-30 10:42:00,19980,20050,19960,20050,366
2026-03-30 10:43:00,20050,20150,20050,20150,608
2026-03-30 10:44:00,20150,20150,20100,20100,308
2026-03-30 10:45:00,20100,20150,20100,20150,546
2026-03-30 10:46:00,20150,20200,20150,20150,404
2026-03-30 10:47:00,20150,20200,20100,20200,60
2026-03-30 10:48:00,20200,20200,20150,20200,49
2026-03-30 10:49:00,20200,20200,20150,20200,52
2026-03-30 10:50:00,20200,20200,20150,20200,196
2026-03-30 10:51:00,20200,20250,20200,20200,273
2026-03-30 10:52:00,20150,20150,20150,20150,9
2026-03-30 10:53:00,20150,20150,20150,20150,321
2026-03-30 10:54:00,20100,20100,20050,20050,520
2026-03-30 10:55:00,20050,20050,20000,20000,65
2026-03-30 10:56:00,20000,20100,20000,20100,70
2026-03-30 10:57:00,20050,20100,20000,20100,126
2026-03-30 10:58:00,20100,20100,20100,20100,5
2026-03-30 10:59:00,20100,20100,20100,20100,5
2026-03-30 11:00:00,20150,20150,20150,20150,51
2026-03-30 11:01:00,20100,20100,20100,20100,32
2026-03-30 11:02:00,20050,20100,20000,20100,352
2026-03-30 11:03:00,20000,20000,20000,20000,106
2026-03-30 11:04:00,20050,20150,20000,20100,33
2026-03-30 11:05:00,20100,20100,20050,20050,12
2026-03-30 11:06:00,20050,20050,20000,20050,114
2026-03-30 11:07:00,20050,20050,20000,20000,163
2026-03-30 11:08:00,20000,20050,20000,20050,495
2026-03-30 11:09:00,20100,20100,20050,20050,412
2026-03-30 11:10:00,20000,20050,20000,20050,16
2026-03-30 11:11:00,20000,20050,20000,20000,1226
2026-03-30 11:12:00,20050,20100,20000,20000,118
2026-03-30 11:13:00,20000,20050,20000,20000,71
2026-03-30 11:14:00,19990,20000,19990,19990,36
2026-03-30 11:16:00,19990,20050,19970,19990,623
2026-03-30 11:17:00,19990,19990,19970,19970,195
2026-03-30 11:18:00,19980,19980,19960,19970,1155
2026-03-30 11:19:00,19960,19960,19950,19960,6
2026-03-30 11:20:00,19960,19960,19960,19960,52
2026-03-30 11:21:00,19960,19960,19940,19950,1266
2026-03-30 11:23:00,19960,19960,19950,19960,227
2026-03-30 11:24:00,19950,19950,19940,19940,674
2026-03-30 11:25:00,19940,19940,19940,19940,158
2026-03-30 11:26:00,19940,19950,19940,19950,106
2026-03-30 11:27:00,19950,19950,19940,19940,448
2026-03-30 11:28:00,19940,19940,19920,19920,1860
2026-03-30 11:29:00,19930,19930,19920,19920,534
2026-03-30 11:30:00,19920,19940,19920,19930,157
2026-03-30 11:31:00,19940,19950,19930,19940,438
2026-03-30 11:32:00,19940,19940,19930,19940,206
2026-03-30 11:33:00,19940,19940,19910,19910,1770
2026-03-30 11:34:00,19910,19920,19910,19920,431
2026-03-30 11:35:00,19910,19940,19910,19940,187
2026-03-30 11:36:00,19940,19940,19930,19930,5
2026-03-30 11:37:00,19930,19940,19910,19940,185
2026-03-30 11:38:00,19940,19940,19920,19940,125
2026-03-30 11:39:00,19930,19940,19930,19940,72
2026-03-30 11:40:00,19940,19950,19940,19950,204
2026-03-30 11:41:00,19940,19950,19940,19940,36
2026-03-30 11:42:00,19950,19960,19940,19960,823
2026-03-30 11:44:00,19970,19990,19970,19990,38
2026-03-30 11:45:00,19990,19990,19980,19990,96
2026-03-30 11:46:00,19980,19980,19980,19980,9
2026-03-30 11:47:00,19980,19990,19980,19985,192
2026-03-30 11:48:00,19990,20050,19990,20000,707
2026-03-30 11:49:00,20000,20000,20000,20000,142
2026-03-30 11:50:00,20000,20050,19990,19990,214
2026-03-30 11:51:00,20000,20000,20000,20000,35
2026-03-30 11:52:00,20000,20000,20000,20000,2
2026-03-30 11:53:00,20000,20050,20000,20000,108
2026-03-30 11:54:00,20000,20050,20000,20050,2
2026-03-30 11:55:00,20050,20050,20000,20000,120
2026-03-30 11:56:00,20000,20000,19980,19980,479
2026-03-30 11:57:00,19980,19990,19980,19980,633
2026-03-30 11:58:00,19990,19990,19970,19970,431
2026-03-30 11:59:00,19970,19980,19970,19980,57
2026-03-30 12:00:00,19980,19980,19980,19980,98
2026-03-30 12:01:00,19990,19990,19990,19990,1
2026-03-30 12:02:00,19990,19990,19990,19990,31
2026-03-30 12:03:00,19990,20000,19980,20000,7
2026-03-30 12:04:00,20000,20000,19980,19990,485
2026-03-30 12:05:00,19980,19990,19980,19990,125
2026-03-30 12:07:00,20000,20100,20000,20050,1658
2026-03-30 12:08:00,20050,20100,20050,20100,16
2026-03-30 12:09:00,20050,20050,20050,20050,23
2026-03-30 12:10:00,20050,20100,20050,20100,6
2026-03-30 12:11:00,20100,20100,20100,20100,456
2026-03-30 12:12:00,20100,20150,20100,20150,31
2026-03-30 12:13:00,20150,20150,20100,20100,108
2026-03-30 12:14:00,20050,20100,20050,20100,109
2026-03-30 12:15:00,20100,20100,20100,20100,79
2026-03-30 12:16:00,20100,20150,20100,20100,76
2026-03-30 12:17:00,20150,20150,20100,20150,139
2026-03-30 12:18:00,20150,20150,20100,20150,4
2026-03-30 12:19:00,20100,20100,20100,20100,192
2026-03-30 12:20:00,20100,20100,20100,20100,209
2026-03-30 12:21:00,20100,20150,20100,20150,195
2026-03-30 12:22:00,20150,20150,20100,20100,12
2026-03-30 12:23:00,20100,20100,20100,20100,221
2026-03-30 12:24:00,20050,20100,20050,20100,330
2026-03-30 12:25:00,20100,20250,20050,20150,2176
2026-03-30 12:26:00,20150,20200,20150,20150,207
2026-03-30 12:27:00,20250,20250,20200,20200,9
2026-03-30 12:28:00,20200,20200,20200,20200,9
2026-03-30 12:29:00,20200,20250,20200,20250,9
2026-03-30 12:30:00,20200,20250,20150,20200,153
2026-03-30 12:31:00,20150,20150,20150,20150,101
2026-03-30 12:32:00,20150,20200,20150,20150,68
2026-03-30 12:33:00,20150,20150,20150,20150,215
2026-03-30 12:34:00,20150,20200,20150,20200,118
2026-03-30 12:35:00,20150,20150,20150,20150,27
2026-03-30 12:36:00,20100,20150,20100,20150,54
2026-03-30 12:37:00,20100,20100,20050,20050,905
2026-03-30 12:38:00,20050,20050,20050,20050,1
2026-03-30 12:39:00,20050,20100,20050,20100,98
2026-03-30 12:40:00,20100,20100,20050,20050,67
2026-03-30 12:41:00,20050,20050,20050,20050,12
2026-03-30 12:42:00,20050,20100,20000,20050,2282
2026-03-30 12:43:00,20100,20100,20100,20100,12
2026-03-30 12:44:00,20100,20100,20050,20050,223
2026-03-30 12:45:00,20050,20050,20050,20050,5
2026-03-30 12:46:00,20075,20100,20075,20100,19
2026-03-30 12:47:00,20075,20100,20050,20050,59
2026-03-30 12:48:00,20050,20100,20050,20100,181
2026-03-30 12:49:00,20050,20050,20050,20050,46
2026-03-30 12:50:00,20050,20050,20050,20050,1
2026-03-30 12:51:00,20050,20100,20050,20100,26
2026-03-30 12:52:00,20100,20100,20050,20100,1434
2026-03-30 12:53:00,20150,20150,20100,20150,21
2026-03-30 12:54:00,20100,20150,20050,20100,321
2026-03-30 12:55:00,20100,20100,20050,20050,121
2026-03-30 12:56:00,20050,20150,20050,20050,2164
2026-03-30 12:57:00,20050,20050,20050,20050,6
2026-03-30 12:58:00,20000,20050,20000,20050,87
2026-03-30 12:59:00,20050,20050,19990,19990,1729
2026-03-30 13:00:00,20000,20000,20000,20000,90
2026-03-30 13:01:00,20000,20000,20000,20000,389
2026-03-30 13:02:00,20000,20050,19990,19990,970
2026-03-30 13:03:00,19990,20000,19990,20000,80
2026-03-30 13:04:00,20000,20000,20000,20000,5
2026-03-30 13:05:00,20000,20000,20000,20000,259
2026-03-30 13:06:00,20000,20000,19990,19990,19
2026-03-30 13:07:00,20000,20000,20000,20000,120
2026-03-30 13:08:00,20050,20050,20050,20050,50
2026-03-30 13:09:00,20050,20050,20000,20000,227
2026-03-30 13:10:00,20000,20050,20000,20000,163
2026-03-30 13:11:00,20050,20050,20000,20000,69
2026-03-30 13:12:00,20000,20050,20000,20050,16
2026-03-30 13:13:00,20000,20000,20000,20000,29
2026-03-30 13:14:00,20050,20050,20050,20050,4
2026-03-30 13:15:00,20000,20000,20000,20000,11
2026-03-30 13:16:00,20000,20000,20000,20000,3
2026-03-30 13:17:00,20000,20000,20000,20000,15
2026-03-30 13:18:00,20000,20050,20000,20050,14
2026-03-30 13:19:00,20050,20050,20050,20050,500
2026-03-30 13:20:00,20000,20000,20000,20000,4
2026-03-30 13:21:00,20000,20000,20000,20000,317
2026-03-30 13:22:00,20050,20050,20000,20000,167
2026-03-30 13:23:00,20000,20050,20000,20000,100
2026-03-30 13:24:00,20000,20050,19990,19990,160
2026-03-30 13:25:00,19990,19990,19990,19990,204
2026-03-30 13:26:00,19990,20000,19990,19990,53
2026-03-30 13:27:00,20000,20000,20000,20000,577
2026-03-30 13:28:00,20000,20000,20000,20000,8
2026-03-30 13:29:00,20000,20000,20000,20000,10
2026-03-30 13:30:00,20000,20050,20000,20050,26
2026-03-30 13:31:00,20000,20000,20000,20000,5
2026-03-30 13:32:00,20050,20050,20000,20050,107
2026-03-30 13:33:00,20025,20100,20000,20050,145
2026-03-30 13:35:00,20100,20100,20050,20050,15
2026-03-30 13:36:00,20050,20050,20050,20050,56
2026-03-30 13:37:00,20100,20100,20050,20050,47
2026-03-30 13:38:00,20050,20050,20050,20050,8
2026-03-30 13:39:00,20050,20050,20050,20050,196
2026-03-30 13:40:00,20050,20050,20050,20050,367
2026-03-30 13:42:00,20000,20050,20000,20050,1404
2026-03-30 13:43:00,20050,20050,20000,20000,152
2026-03-30 13:44:00,20000,20000,20000,20000,1
2026-03-30 13:45:00,20050,20050,20000,20050,10
2026-03-30 13:46:00,20050,20050,20000,20000,56
2026-03-30 13:47:00,20000,20000,20000,20000,15
2026-03-30 13:48:00,20050,20050,20000,20000,24
2026-03-30 13:49:00,20050,20050,20050,20050,123
2026-03-30 13:50:00,20075,20075,20000,20000,17
2026-03-30 13:51:00,20000,20025,20000,20025,26
2026-03-30 13:52:00,20025,20025,20000,20000,206
2026-03-30 13:53:00,20000,20000,19990,19990,799
2026-03-30 13:54:00,19990,19990,19980,19980,785
2026-03-30 13:55:00,19980,19980,19980,19980,4
2026-03-30 13:56:00,19985,20000,19985,20000,75
2026-03-30 13:57:00,19990,20000,19990,20000,14
2026-03-30 13:58:00,20000,20000,20000,20000,69
2026-03-30 13:59:00,20000,20000,19990,19990,530
2026-03-30 14:00:00,20000,20000,19990,19990,503
2026-03-30 14:01:00,20000,20000,19990,19990,203
2026-03-30 14:02:00,20000,20000,20000,20000,104
2026-03-30 14:03:00,20050,20050,20050,20050,1
2026-03-30 14:04:00,20000,20000,20000,20000,58
2026-03-30 14:05:00,20000,20050,20000,20000,362
2026-03-30 14:06:00,20000,20000,19990,20000,28
2026-03-30 14:07:00,19990,20000,19990,20000,22
2026-03-30 14:08:00,20000,20050,20000,20050,33
2026-03-30 14:09:00,20050,20050,20000,20050,115
2026-03-30 14:10:00,20050,20050,20000,20050,1717
2026-03-30 14:11:00,20050,20050,20050,20050,358
2026-03-30 14:12:00,20050,20050,20000,20050,559
2026-03-30 14:13:00,20050,20100,20000,20100,162
2026-03-30 14:14:00,20100,20100,20000,20000,256
2026-03-30 14:15:00,20000,20050,20000,20050,214
2026-03-30 14:16:00,20000,20000,19990,20000,734
2026-03-30 14:17:00,20000,20000,20000,20000,610
2026-03-30 14:18:00,20000,20000,20000,20000,1016
2026-03-30 14:19:00,20000,20000,20000,20000,35
2026-03-30 14:20:00,20050,20050,20050,20050,129
2026-03-30 14:21:00,20000,20000,20000,20000,14
2026-03-30 14:22:00,20000,20000,19990,20000,598
2026-03-30 14:23:00,19990,20050,19990,20050,1259
2026-03-30 14:24:00,20000,20000,19990,19990,46
2026-03-30 14:25:00,19990,19990,19990,19990,113
2026-03-30 14:26:00,19990,19990,19980,19990,115
2026-03-30 14:27:00,19990,20000,19980,19990,696
2026-03-30 14:28:00,19990,19990,19990,19990,101
2026-03-30 14:29:00,19990,19990,19980,19980,510
2026-03-30 14:30:00,19990,19990,19980,19980,176
2026-03-30 14:31:00,19980,19990,19980,19990,41
2026-03-30 14:32:00,19980,20000,19980,19990,515
2026-03-30 14:33:00,19990,20000,19990,20000,457
2026-03-30 14:34:00,20000,20000,19990,20000,63
2026-03-30 14:35:00,20000,20000,20000,20000,1
2026-03-30 14:36:00,20000,20000,20000,20000,3
2026-03-30 14:37:00,20000,20000,19990,19990,483
2026-03-30 14:38:00,19990,19990,19990,19990,4
2026-03-30 14:39:00,19990,20000,19990,20000,144
2026-03-30 14:40:00,20000,20000,19990,19990,146
2026-03-30 14:41:00,20000,20000,19990,19990,139
2026-03-30 14:42:00,19990,19990,19990,19990,72
2026-03-30 14:43:00,19980,19980,19980,19980,601
2026-03-30 14:44:00,19980,19980,19980,19980,4
2026-03-30 14:45:00,19980,19990,19980,19990,276
2026-03-30 14:46:00,19980,19990,19970,19970,1269
2026-03-30 14:47:00,19980,19980,19950,19960,678
2026-03-30 14:48:00,19950,19950,19890,19920,12562
2026-03-30 14:49:00,19920,19920,19900,19900,866
2026-03-30 14:50:00,19900,19920,19890,19920,2216
2026-03-30 14:51:00,19920,19950,19920,19940,30
2026-03-30 14:52:00,19950,19950,19940,19940,236
2026-03-30 14:53:00,19940,19950,19940,19950,101
2026-03-30 14:54:00,19960,19960,19950,19950,9
2026-03-30 14:55:00,19950,19950,19930,19930,1438
2026-03-30 14:56:00,19930,19930,19900,19900,308
2026-03-30 14:57:00,19900,19910,19900,19910,733
2026-03-30 14:58:00,19910,19920,19910,19920,244
2026-03-30 14:59:00,19920,19930,19920,19920,156
2026-03-30 15:00:00,19910,19910,19890,19890,2892
2026-03-30 15:01:00,19890,19900,19890,19890,1522
2026-03-30 15:02:00,19900,19910,19900,19900,222
2026-03-30 15:03:00,19900,19910,19880,19890,663
2026-03-30 15:04:00,19890,19900,19890,19900,36
2026-03-30 15:05:00,19890,19900,19890,19900,96
2026-03-30 15:06:00,19900,19920,19900,19910,89
2026-03-30 15:07:00,19910,19960,19910,19960,332
2026-03-30 15:08:00,19920,19930,19900,19900,236
2026-03-30 15:09:00,19910,19910,19900,19900,252
2026-03-30 15:10:00,19900,19910,19900,19910,100
2026-03-30 15:11:00,19910,19910,19900,19900,792
2026-03-30 15:12:00,19900,19910,19890,19890,898
2026-03-30 15:13:00,19890,19890,19880,19880,687
2026-03-30 15:14:00,19890,19890,19880,19890,232
2026-03-30 15:15:00,19890,19890,19880,19880,626
2026-03-30 15:16:00,19880,19880,19880,19880,136
2026-03-30 15:17:00,19880,19890,19790,19790,6616
2026-03-30 15:18:00,19780,19800,19760,19800,4746
2026-03-30 15:19:00,19810,19810,19780,19780,572
2026-03-30 15:30:00,19780,19780,19780,19780,3373
2026-03-30 15:35:00,19780,19780,19780,19780,587
2026-03-31 09:00:00,19550,19680,19460,19480,4089
2026-03-31 09:01:00,19470,19480,19420,19430,2178
2026-03-31 09:02:00,19430,19540,19400,19410,2095
2026-03-31 09:03:00,19410,19520,19400,19510,791
2026-03-31 09:04:00,19510,19510,19410,19420,231
2026-03-31 09:05:00,19420,19490,19400,19410,1095
2026-03-31 09:06:00,19420,19440,19270,19270,1459
2026-03-31 09:07:00,19260,19310,19010,19300,4152
2026-03-31 09:08:00,19160,19290,19000,19100,2345
2026-03-31 09:09:00,19090,19160,18920,18950,5708
2026-03-31 09:10:00,19070,19110,18950,19110,2718
2026-03-31 09:11:00,18990,19100,18980,18980,1395
2026-03-31 09:12:00,19090,19090,19045,19060,48
2026-03-31 09:13:00,19080,19080,19010,19010,575
2026-03-31 09:14:00,19010,19080,19000,19000,652
2026-03-31 09:15:00,19040,19090,19000,19010,889
2026-03-31 09:16:00,19020,19060,19020,19060,999
2026-03-31 09:17:00,19020,19050,18980,19040,3283
2026-03-31 09:18:00,19000,19040,18970,19040,1323
2026-03-31 09:19:00,18970,19090,18970,19090,6007
2026-03-31 09:20:00,19090,19090,18980,18980,473
2026-03-31 09:21:00,18980,19080,18970,19050,272
2026-03-31 09:22:00,19050,19050,18970,18980,388
2026-03-31 09:23:00,18970,18980,18880,18900,7418
2026-03-31 09:24:00,18900,18980,18870,18920,2156
2026-03-31 09:25:00,18920,18980,18860,18950,1513
2026-03-31 09:26:00,18930,19050,18930,19050,1858
2026-03-31 09:27:00,19020,19030,19000,19000,81
2026-03-31 09:28:00,18990,18990,18930,18950,642
2026-03-31 09:29:00,18940,19030,18940,19030,652
2026-03-31 09:30:00,19030,19080,19020,19080,2404
2026-03-31 09:31:00,19030,19080,18870,18930,1597
2026-03-31 09:32:00,18940,18940,18920,18920,878
2026-03-31 09:33:00,18930,18950,18870,18950,143
2026-03-31 09:34:00,18950,18950,18930,18930,239
2026-03-31 09:35:00,18930,18930,18890,18890,845
2026-03-31 09:36:00,18900,18900,18840,18860,2830
2026-03-31 09:37:00,18870,18940,18820,18850,1940
2026-03-31 09:38:00,18900,18900,18820,18850,159
2026-03-31 09:39:00,18850,18850,18830,18830,103
2026-03-31 09:40:00,18820,18850,18810,18810,1246
2026-03-31 09:41:00,18810,18820,18750,18785,3232
2026-03-31 09:42:00,18765,18765,18720,18720,2187
2026-03-31 09:43:00,18730,18790,18730,18740,4278
2026-03-31 09:44:00,18740,18830,18740,18830,983
2026-03-31 09:45:00,18830,19010,18830,19000,2147
2026-03-31 09:46:00,19020,19120,19000,19010,3049
2026-03-31 09:47:00,19090,19100,19010,19100,158
2026-03-31 09:48:00,19100,19170,19090,19170,1038
2026-03-31 09:49:00,19150,19280,19150,19260,836
2026-03-31 09:50:00,19170,19180,19170,19170,94
2026-03-31 09:51:00,19180,19250,19120,19230,263
2026-03-31 09:52:00,19210,19220,19100,19100,124
2026-03-31 09:53:00,19100,19170,19100,19170,348
2026-03-31 09:54:00,19160,19160,19150,19150,3
2026-03-31 09:55:00,19160,19200,19120,19200,525
2026-03-31 09:56:00,19200,19230,19200,19200,64
2026-03-31 09:57:00,19200,19250,19200,19250,415
2026-03-31 09:58:00,19200,19240,19150,19200,228
2026-03-31 09:59:00,19200,19200,19170,19170,303
2026-03-31 10:00:00,19160,19190,19120,19120,1795
2026-03-31 10:01:00,19120,19190,19120,19190,127
2026-03-31 10:02:00,19190,19280,19190,19280,1130
2026-03-31 10:03:00,19230,19230,19230,19230,55
2026-03-31 10:04:00,19200,19200,19120,19200,691
2026-03-31 10:05:00,19200,19200,19200,19200,130
2026-03-31 10:06:00,19140,19140,19120,19130,1246
2026-03-31 10:07:00,19140,19140,19100,19110,516
2026-03-31 10:08:00,19100,19100,19040,19040,1787
2026-03-31 10:09:00,19050,19050,19030,19030,83
2026-03-31 10:10:00,19030,19030,19000,19010,950
2026-03-31 10:11:00,19020,19050,19000,19010,178
2026-03-31 10:12:00,19010,19040,18990,18990,670
2026-03-31 10:13:00,19000,19040,19000,19000,365
2026-03-31 10:14:00,19000,19000,18980,18990,105
2026-03-31 10:15:00,19000,19000,18990,19000,273
2026-03-31 10:16:00,19050,19090,18980,19080,312
2026-03-31 10:17:00,19080,19080,19000,19000,113
2026-03-31 10:18:00,18990,18990,18990,18990,100
2026-03-31 10:19:00,19000,19000,18960,18960,1389
2026-03-31 10:20:00,18970,19000,18970,19000,774
2026-03-31 10:21:00,19000,19070,19000,19060,81
2026-03-31 10:22:00,19010,19060,19010,19060,96
2026-03-31 10:23:00,19060,19060,19000,19000,454
2026-03-31 10:24:00,19010,19070,19010,19060,506
2026-03-31 10:25:00,19050,19050,19050,19050,95
2026-03-31 10:26:00,19030,19060,19010,19060,348
2026-03-31 10:27:00,19060,19070,19060,19070,82
2026-03-31 10:28:00,19080,19150,19080,19120,361
2026-03-31 10:29:00,19110,19140,19110,19140,346
2026-03-31 10:30:00,19140,19150,19130,19150,136
2026-03-31 10:31:00,19150,19200,19150,19200,688
2026-03-31 10:32:00,19200,19290,19200,19290,1009
2026-03-31 10:33:00,19220,19310,19220,19290,102
2026-03-31 10:34:00,19290,19310,19290,19310,101
2026-03-31 10:35:00,19300,19310,19290,19290,300
2026-03-31 10:36:00,19310,19370,19310,19310,772
2026-03-31 10:37:00,19310,19380,19310,19380,103
2026-03-31 10:38:00,19390,19430,19390,19430,608
2026-03-31 10:39:00,19450,19480,19450,19480,121
2026-03-31 10:40:00,19480,19510,19480,19510,130
2026-03-31 10:41:00,19510,19510,19500,19510,137
2026-03-31 10:42:00,19510,19510,19480,19480,96
2026-03-31 10:43:00,19480,19490,19470,19470,95
2026-03-31 10:44:00,19450,19450,19410,19410,336
2026-03-31 10:45:00,19420,19420,19390,19390,422
2026-03-31 10:46:00,19400,19460,19380,19450,882
2026-03-31 10:47:00,19450,19450,19320,19390,181
2026-03-31 10:48:00,19350,19350,19300,19300,120
2026-03-31 10:49:00,19300,19320,19280,19280,273
2026-03-31 10:50:00,19260,19290,19250,19290,82
2026-03-31 10:51:00,19290,19330,19290,19330,486
2026-03-31 10:52:00,19330,19390,19280,19280,280
2026-03-31 10:53:00,19290,19290,19250,19250,410
2026-03-31 10:54:00,19250,19340,19250,19340,170
2026-03-31 10:55:00,19340,19390,19340,19390,120
2026-03-31 10:56:00,19390,19390,19340,19340,39
2026-03-31 10:57:00,19340,19390,19340,19340,483
2026-03-31 10:58:00,19380,19380,19300,19340,1142
2026-03-31 10:59:00,19340,19350,19340,19340,534
2026-03-31 11:00:00,19350,19360,19340,19340,965
2026-03-31 11:01:00,19310,19340,19240,19340,21
2026-03-31 11:02:00,19330,19330,19330,19330,5
2026-03-31 11:03:00,19330,19330,19330,19330,2
2026-03-31 11:04:00,19320,19325,19320,19320,23
2026-03-31 11:05:00,19320,19320,19320,19320,221
2026-03-31 11:06:00,19280,19450,19280,19410,871
2026-03-31 11:07:00,19410,19410,19380,19380,7
2026-03-31 11:08:00,19380,19380,19380,19380,1
2026-03-31 11:09:00,19370,19370,19330,19350,10
2026-03-31 11:10:00,19350,19350,19340,19340,6
2026-03-31 11:11:00,19310,19310,19280,19280,196
2026-03-31 11:12:00,19280,19290,19270,19270,187
2026-03-31 11:13:00,19270,19290,19250,19260,242
2026-03-31 11:14:00,19270,19290,19270,19290,132
2026-03-31 11:15:00,19300,19310,19300,19310,40
2026-03-31 11:16:00,19310,19310,19300,19300,33
2026-03-31 11:17:00,19300,19310,19300,19310,10
2026-03-31 11:18:00,19310,19340,19300,19300,270
2026-03-31 11:19:00,19300,19300,19300,19300,16
2026-03-31 11:20:00,19300,19360,19290,19360,391
2026-03-31 11:21:00,19300,19350,19270,19340,1009
2026-03-31 11:22:00,19310,19310,19270,19270,160
2026-03-31 11:23:00,19280,19280,19270,19280,236
2026-03-31 11:24:00,19270,19280,19240,19250,1209
2026-03-31 11:25:00,19250,19250,19210,19210,859
2026-03-31 11:26:00,19200,19200,19170,19200,826
2026-03-31 11:27:00,19200,19200,19200,19200,101
2026-03-31 11:28:00,19190,19190,19190,19190,3
2026-03-31 11:29:00,19190,19190,19150,19150,587
2026-03-31 11:30:00,19150,19160,19150,19160,38
2026-03-31 11:31:00,19160,19160,19160,19160,91
2026-03-31 11:32:00,19160,19170,19150,19150,592
2026-03-31 11:33:00,19150,19150,19140,19150,470
2026-03-31 11:34:00,19150,19150,19130,19130,524
2026-03-31 11:35:00,19130,19150,19120,19150,768
2026-03-31 11:36:00,19140,19140,19140,19140,14
2026-03-31 11:37:00,19140,19160,19140,19160,192
2026-03-31 11:38:00,19170,19170,19150,19150,132
2026-03-31 11:39:00,19150,19150,19140,19150,483
2026-03-31 11:40:00,19150,19160,19140,19160,387
2026-03-31 11:41:00,19150,19170,19120,19150,1172
2026-03-31 11:42:00,19160,19160,19150,19150,5
2026-03-31 11:43:00,19150,19150,19140,19140,17
2026-03-31 11:44:00,19140,19140,19140,19140,72
2026-03-31 11:45:00,19130,19140,19120,19120,225
2026-03-31 11:46:00,19120,19130,19120,19120,82
2026-03-31 11:47:00,19120,19130,19120,19120,101
2026-03-31 11:48:00,19120,19140,19110,19120,381
2026-03-31 11:49:00,19110,19110,19100,19100,226
2026-03-31 11:50:00,19100,19130,19100,19130,711
2026-03-31 11:51:00,19120,19170,19120,19170,564
2026-03-31 11:52:00,19180,19180,19140,19140,12
2026-03-31 11:53:00,19170,19190,19120,19190,138
2026-03-31 11:54:00,19190,19190,19190,19190,5
2026-03-31 11:55:00,19190,19190,19190,19190,20
2026-03-31 11:56:00,19180,19180,19180,19180,33
2026-03-31 11:57:00,19170,19170,19170,19170,23
2026-03-31 11:58:00,19170,19170,19170,19170,23
2026-03-31 11:59:00,19170,19180,19160,19160,59
2026-03-31 12:00:00,19160,19170,19160,19170,47
2026-03-31 12:01:00,19170,19250,19160,19210,702
2026-03-31 12:02:00,19200,19200,19200,19200,17
2026-03-31 12:03:00,19200,19240,19200,19230,316
2026-03-31 12:04:00,19220,19230,19220,19220,29
2026-03-31 12:05:00,19220,19220,19220,19220,24
2026-03-31 12:06:00,19210,19220,19200,19200,64
2026-03-31 12:07:00,19200,19250,19200,19250,419
2026-03-31 12:09:00,19220,19220,19200,19200,96
2026-03-31 12:11:00,19230,19230,19230,19230,86
2026-03-31 12:12:00,19230,19230,19230,19230,22
2026-03-31 12:13:00,19230,19250,19230,19250,77
2026-03-31 12:14:00,19250,19250,19250,19250,112
2026-03-31 12:15:00,19250,19250,19240,19240,163
2026-03-31 12:16:00,19230,19240,19230,19240,77
2026-03-31 12:17:00,19250,19290,19240,19290,176
2026-03-31 12:18:00,19230,19300,19210,19210,499
2026-03-31 12:19:00,19210,19230,19210,19230,13
2026-03-31 12:20:00,19230,19230,19210,19210,105
2026-03-31 12:21:00,19200,19200,19200,19200,209
2026-03-31 12:22:00,19200,19210,19200,19210,39
2026-03-31 12:23:00,19200,19210,19190,19190,211
2026-03-31 12:25:00,19220,19300,19190,19190,358
2026-03-31 12:26:00,19200,19200,19190,19190,96
2026-03-31 12:27:00,19190,19200,19160,19160,510
2026-03-31 12:28:00,19160,19160,19150,19150,125
2026-03-31 12:29:00,19160,19280,19150,19150,718
2026-03-31 12:30:00,19140,19140,19140,19140,140
2026-03-31 12:31:00,19140,19140,19120,19140,715
2026-03-31 12:32:00,19120,19130,19100,19130,52
2026-03-31 12:33:00,19130,19130,19090,19090,158
2026-03-31 12:34:00,19090,19100,19090,19100,65
2026-03-31 12:35:00,19090,19090,19070,19070,572
2026-03-31 12:36:00,19070,19070,19040,19040,587
2026-03-31 12:37:00,19030,19050,19030,19040,371
2026-03-31 12:38:00,19040,19050,19000,19010,2179
2026-03-31 12:39:00,19010,19010,19000,19000,140
2026-03-31 12:40:00,19010,19010,19000,19000,299
2026-03-31 12:41:00,19000,19030,19000,19030,859
2026-03-31 12:42:00,19030,19030,19030,19030,2
2026-03-31 12:43:00,19030,19030,19000,19000,71
2026-03-31 12:44:00,19000,19000,18990,19000,435
2026-03-31 12:45:00,18990,18990,18990,18990,76
2026-03-31 12:46:00,18990,18990,18980,18980,114
2026-03-31 12:47:00,18990,18990,18980,18990,307
2026-03-31 12:48:00,18990,18990,18990,18990,21
2026-03-31 12:49:00,18970,18970,18940,18950,1560
2026-03-31 12:50:00,18950,18950,18930,18930,273
2026-03-31 12:51:00,18930,18970,18930,18970,132
2026-03-31 12:52:00,18940,18950,18930,18950,173
2026-03-31 12:53:00,18950,18950,18950,18950,79
2026-03-31 12:54:00,18970,18970,18960,18970,135
2026-03-31 12:55:00,18970,18980,18970,18970,557
2026-03-31 12:56:00,18960,18970,18950,18970,423
2026-03-31 12:57:00,18940,18970,18940,18970,59
2026-03-31 12:58:00,18970,18970,18960,18960,114
2026-03-31 12:59:00,18970,18970,18920,18970,568
2026-03-31 13:00:00,18920,18970,18920,18970,58
2026-03-31 13:01:00,18920,18930,18910,18930,65
2026-03-31 13:02:00,18920,18930,18890,18910,717
2026-03-31 13:03:00,18900,18910,18880,18890,297
2026-03-31 13:04:00,18880,18970,18840,18890,2145
2026-03-31 13:05:00,18940,18940,18900,18900,2
2026-03-31 13:06:00,18930,18930,18810,18820,1850
2026-03-31 13:07:00,18820,18900,18820,18900,1985
2026-03-31 13:08:00,18890,18900,18820,18900,76
2026-03-31 13:09:00,18830,18830,18830,18830,36
2026-03-31 13:10:00,18830,18880,18800,18880,2341
2026-03-31 13:11:00,18870,18870,18870,18870,11
2026-03-31 13:12:00,18860,18860,18860,18860,21
2026-03-31 13:13:00,18830,18860,18830,18860,75
2026-03-31 13:14:00,18830,18840,18830,18830,59
2026-03-31 13:15:00,18830,18830,18820,18820,592
2026-03-31 13:16:00,18820,18820,18800,18810,2051
2026-03-31 13:17:00,18810,18830,18760,18760,780
2026-03-31 13:18:00,18790,18840,18770,18790,1878
2026-03-31 13:19:00,18790,18790,18770,18770,400
2026-03-31 13:20:00,18840,18970,18780,18800,1295
2026-03-31 13:21:00,18890,18890,18870,18880,61
2026-03-31 13:22:00,18880,19050,18830,19050,2902
2026-03-31 13:23:00,18900,18900,18890,18900,46
2026-03-31 13:24:00,18900,18900,18900,18900,40
2026-03-31 13:25:00,18900,18900,18900,18900,186
2026-03-31 13:26:00,18890,18890,18890,18890,32
2026-03-31 13:27:00,18890,18910,18890,18910,170
2026-03-31 13:28:00,18910,18930,18910,18930,107
2026-03-31 13:29:00,18920,18930,18920,18920,195
2026-03-31 13:30:00,18910,19050,18910,19020,2057
2026-03-31 13:31:00,19030,19030,18980,18980,108
2026-03-31 13:32:00,18980,18980,18980,18980,131
2026-03-31 13:33:00,18980,18980,18980,18980,82
2026-03-31 13:34:00,18990,18990,18980,18980,39
2026-03-31 13:35:00,18980,18980,18930,18930,204
2026-03-31 13:36:00,18950,18980,18910,18980,2164
2026-03-31 13:37:00,18970,18970,18970,18970,5
2026-03-31 13:38:00,18970,18970,18960,18960,800
2026-03-31 13:39:00,18960,18970,18960,18970,12
2026-03-31 13:40:00,18970,18970,18920,18920,58
2026-03-31 13:41:00,18960,18960,18910,18920,856
2026-03-31 13:42:00,18910,18920,18890,18900,1038
2026-03-31 13:43:00,18900,18930,18900,18930,51
2026-03-31 13:44:00,18920,18920,18920,18920,10
2026-03-31 13:45:00,18910,18920,18890,18920,617
2026-03-31 13:46:00,18920,18930,18890,18930,540
2026-03-31 13:48:00,18900,18900,18880,18880,100
2026-03-31 13:49:00,18875,18875,18875,18875,1
2026-03-31 13:50:00,18880,18890,18880,18880,418
2026-03-31 13:51:00,18880,18890,18880,18880,42
2026-03-31 13:52:00,18880,18880,18860,18860,1359
2026-03-31 13:53:00,18860,18890,18850,18880,516
2026-03-31 13:54:00,18880,18880,18870,18870,43
2026-03-31 13:55:00,18870,18870,18810,18810,1124
2026-03-31 13:56:00,18810,18820,18800,18820,167
2026-03-31 13:57:00,18830,18850,18830,18850,20
2026-03-31 13:58:00,18850,18850,18840,18850,50
2026-03-31 13:59:00,18850,18860,18850,18850,294
2026-03-31 14:00:00,18840,18850,18830,18830,158
2026-03-31 14:01:00,18830,18830,18820,18830,33
2026-03-31 14:02:00,18820,18820,18730,18730,1498
2026-03-31 14:03:00,18800,18840,18770,18840,372
2026-03-31 14:04:00,18840,18840,18820,18820,6
2026-03-31 14:05:00,18800,18800,18780,18780,59
2026-03-31 14:06:00,18780,18790,18750,18750,254
2026-03-31 14:07:00,18760,18790,18740,18790,220
2026-03-31 14:08:00,18750,18790,18750,18790,556
2026-03-31 14:09:00,18790,18820,18750,18820,3424
2026-03-31 14:10:00,18820,18820,18810,18810,13
2026-03-31 14:11:00,18810,18820,18810,18810,439
2026-03-31 14:12:00,18810,18820,18800,18800,1536
2026-03-31 14:13:00,18800,18810,18790,18790,105
2026-03-31 14:14:00,18770,18770,18760,18760,730
2026-03-31 14:15:00,18760,18780,18720,18740,2893
2026-03-31 14:16:00,18720,18740,18700,18740,5941
2026-03-31 14:17:00,18740,18740,18690,18740,229
2026-03-31 14:18:00,18740,18740,18670,18720,173
2026-03-31 14:19:00,18740,18750,18720,18720,255
2026-03-31 14:20:00,18720,18740,18720,18740,116
2026-03-31 14:21:00,18750,18750,18740,18740,84
2026-03-31 14:22:00,18730,18780,18730,18780,3390
2026-03-31 14:23:00,18790,18810,18740,18800,887
2026-03-31 14:24:00,18800,18810,18800,18800,462
2026-03-31 14:25:00,18800,18860,18800,18850,1332
2026-03-31 14:26:00,18840,18870,18840,18870,244
2026-03-31 14:27:00,18870,18870,18870,18870,252
2026-03-31 14:28:00,18870,18890,18870,18870,613
2026-03-31 14:29:00,18870,18870,18850,18850,101
2026-03-31 14:30:00,18850,18850,18840,18840,189
2026-03-31 14:32:00,18840,18840,18800,18800,198
2026-03-31 14:33:00,18810,18820,18800,18820,231
2026-03-31 14:34:00,18820,18820,18820,18820,144
2026-03-31 14:35:00,18820,18820,18820,18820,62
2026-03-31 14:36:00,18820,18830,18820,18830,213
2026-03-31 14:37:00,18830,18840,18830,18840,215
2026-03-31 14:38:00,18840,18870,18830,18870,638
2026-03-31 14:39:00,18870,18890,18870,18880,227
2026-03-31 14:40:00,18880,18890,18880,18890,543
2026-03-31 14:41:00,18890,18890,18880,18890,113
2026-03-31 14:42:00,18890,18890,18880,18880,590
2026-03-31 14:44:00,18880,18880,18830,18850,339
2026-03-31 14:45:00,18850,18870,18850,18870,745
2026-03-31 14:46:00,18870,18870,18870,18870,47
2026-03-31 14:47:00,18870,18870,18870,18870,43
2026-03-31 14:48:00,18860,18870,18860,18860,307
2026-03-31 14:49:00,18860,18870,18860,18870,48
2026-03-31 14:50:00,18880,18880,18880,18880,86
2026-03-31 14:51:00,18880,18900,18880,18900,108
2026-03-31 14:52:00,18890,18930,18880,18880,664
2026-03-31 14:53:00,18880,18960,18880,18960,240
2026-03-31 14:54:00,18870,18870,18830,18840,1093
2026-03-31 14:55:00,18840,18840,18820,18830,170
2026-03-31 14:56:00,18830,18840,18820,18820,122
2026-03-31 14:57:00,18830,18840,18800,18840,168
2026-03-31 14:58:00,18810,18810,18810,18810,51
2026-03-31 14:59:00,18800,18800,18790,18790,197
2026-03-31 15:00:00,18780,18780,18760,18760,665
2026-03-31 15:01:00,18760,18760,18740,18760,706
2026-03-31 15:02:00,18750,18760,18740,18760,352
2026-03-31 15:03:00,18750,18750,18720,18720,804
2026-03-31 15:04:00,18720,18720,18710,18720,337
2026-03-31 15:05:00,18720,18720,18720,18720,72
2026-03-31 15:06:00,18710,18710,18710,18710,394
2026-03-31 15:07:00,18700,18700,18690,18690,497
2026-03-31 15:08:00,18690,18700,18660,18670,671
2026-03-31 15:09:00,18670,18680,18660,18660,115
2026-03-31 15:10:00,18670,18670,18640,18640,1792
2026-03-31 15:11:00,18640,18640,18600,18600,1443
2026-03-31 15:12:00,18600,18640,18500,18610,2341
2026-03-31 15:13:00,18630,18630,18590,18610,86
2026-03-31 15:14:00,18610,18620,18580,18590,423
2026-03-31 15:15:00,18620,18640,18590,18640,1789
2026-03-31 15:16:00,18640,18660,18600,18650,1012
2026-03-31 15:17:00,18600,18660,18590,18590,1644
2026-03-31 15:18:00,18640,18670,18590,18610,874
2026-03-31 15:19:00,18680,18720,18610,18640,411
2026-03-31 15:30:00,18630,18630,18630,18630,2056
2026-03-31 15:35:00,18630,18630,18630,18630,48
2026-04-01 09:00:00,19420,19620,19370,19500,4156
2026-04-01 09:01:00,19500,19660,19490,19510,5988
2026-04-01 09:02:00,19500,19610,19500,19590,3048
2026-04-01 09:03:00,19580,19580,19460,19470,3221
2026-04-01 09:04:00,19470,19540,19420,19500,735
2026-04-01 09:05:00,19500,19620,19460,19620,2580
2026-04-01 09:06:00,19610,19630,19570,19580,3084
2026-04-01 09:07:00,19580,19720,19570,19690,4842
2026-04-01 09:08:00,19670,19750,19650,19750,1630
2026-04-01 09:09:00,19740,19740,19660,19720,951
2026-04-01 09:10:00,19720,19720,19600,19600,521
2026-04-01 09:11:00,19600,19640,19580,19580,554
2026-04-01 09:12:00,19580,19640,19580,19640,628
2026-04-01 09:13:00,19640,19750,19640,19740,1658
2026-04-01 09:14:00,19740,19740,19700,19730,458
2026-04-01 09:15:00,19700,19730,19690,19700,287
2026-04-01 09:16:00,19680,19730,19620,19620,599
2026-04-01 09:17:00,19640,19700,19620,19620,156
2026-04-01 09:18:00,19700,19770,19700,19770,1989
2026-04-01 09:19:00,19780,19780,19750,19750,1105
2026-04-01 09:20:00,19750,19770,19750,19750,717
2026-04-01 09:21:00,19740,19740,19710,19710,1128
2026-04-01 09:22:00,19710,19710,19670,19670,723
2026-04-01 09:23:00,19670,19670,19650,19670,509
2026-04-01 09:24:00,19650,19670,19650,19670,732
2026-04-01 09:25:00,19660,19670,19660,19660,1284
2026-04-01 09:26:00,19660,19730,19660,19730,3558
2026-04-01 09:27:00,19730,19880,19670,19830,3763
2026-04-01 09:28:00,19820,19890,19730,19770,4178
2026-04-01 09:29:00,19740,19780,19730,19780,1802
2026-04-01 09:30:00,19780,19790,19740,19770,2061
2026-04-01 09:31:00,19760,19830,19760,19830,4186
2026-04-01 09:32:00,19830,19830,19750,19800,1257
2026-04-01 09:33:00,19800,19810,19710,19760,2542
2026-04-01 09:34:00,19760,19760,19710,19710,82
2026-04-01 09:35:00,19720,19720,19680,19690,865
2026-04-01 09:36:00,19690,19700,19670,19670,1061
2026-04-01 09:37:00,19670,19670,19640,19660,928
2026-04-01 09:38:00,19660,19760,19650,19690,1875
2026-04-01 09:39:00,19690,19740,19670,19690,2080
2026-04-01 09:40:00,19700,19720,19700,19720,629
2026-04-01 09:41:00,19740,19760,19740,19760,319
2026-04-01 09:42:00,19760,19830,19740,19830,1077
2026-04-01 09:43:00,19830,19850,19830,19840,963
2026-04-01 09:44:00,19840,19850,19820,19850,1251
2026-04-01 09:45:00,19850,19890,19820,19880,1410
2026-04-01 09:46:00,19880,19880,19850,19850,959
2026-04-01 09:47:00,19820,19830,19820,19820,829
2026-04-01 09:48:00,19780,19800,19750,19800,762
2026-04-01 09:49:00,19800,19830,19800,19830,97
2026-04-01 09:50:00,19810,19840,19810,19810,123
2026-04-01 09:51:00,19810,19840,19810,19810,21
2026-04-01 09:52:00,19840,19850,19840,19840,134
2026-04-01 09:53:00,19840,19850,19840,19850,244
2026-04-01 09:54:00,19850,19860,19850,19860,114
2026-04-01 09:55:00,19860,19910,19860,19900,1802
2026-04-01 09:56:00,19860,19900,19860,19860,104
2026-04-01 09:57:00,19860,19860,19860,19860,1063
2026-04-01 09:58:00,19870,19870,19870,19870,148
2026-04-01 09:59:00,19870,19870,19870,19870,11
2026-04-01 10:00:00,19870,19890,19870,19890,354
2026-04-01 10:01:00,19890,19890,19860,19880,615
2026-04-01 10:02:00,19860,19870,19810,19870,1450
2026-04-01 10:03:00,19870,19870,19870,19870,38
2026-04-01 10:04:00,19850,19850,19850,19850,18
2026-04-01 10:05:00,19840,19840,19780,19780,1157
2026-04-01 10:06:00,19760,19760,19680,19680,728
2026-04-01 10:07:00,19690,19690,19660,19670,1538
2026-04-01 10:08:00,19680,19770,19670,19710,2292
2026-04-01 10:09:00,19730,19730,19700,19710,336
2026-04-01 10:10:00,19760,19770,19720,19720,111
2026-04-01 10:11:00,19730,19730,19730,19730,22
2026-04-01 10:12:00,19770,19770,19730,19730,7
2026-04-01 10:13:00,19730,19730,19730,19730,45
2026-04-01 10:14:00,19740,19740,19730,19740,44
2026-04-01 10:15:00,19740,19740,19730,19740,113
2026-04-01 10:16:00,19740,19740,19700,19700,596
2026-04-01 10:17:00,19750,19750,19720,19720,184
2026-04-01 10:18:00,19730,19730,19710,19720,175
2026-04-01 10:19:00,19750,19760,19740,19750,472
2026-04-01 10:20:00,19750,19750,19750,19750,51
2026-04-01 10:21:00,19760,19770,19760,19770,74
2026-04-01 10:22:00,19770,19770,19770,19770,38
2026-04-01 10:23:00,19780,19780,19720,19730,812
2026-04-01 10:24:00,19720,19730,19720,19730,19
2026-04-01 10:25:00,19720,19720,19710,19720,469
2026-04-01 10:26:00,19720,19730,19720,19730,69
2026-04-01 10:27:00,19730,19740,19730,19740,9
2026-04-01 10:28:00,19740,19750,19740,19750,84
2026-04-01 10:29:00,19750,19750,19750,19750,401
2026-04-01 10:30:00,19750,19760,19750,19760,28
2026-04-01 10:32:00,19800,19810,19760,19760,208
2026-04-01 10:33:00,19730,19740,19730,19730,49
2026-04-01 10:34:00,19730,19730,19730,19730,179
2026-04-01 10:35:00,19730,19730,19700,19700,1069
2026-04-01 10:36:00,19690,19700,19690,19700,294
2026-04-01 10:37:00,19700,19700,19700,19700,27
2026-04-01 10:38:00,19710,19710,19700,19700,311
2026-04-01 10:39:00,19700,19710,19700,19710,122
2026-04-01 10:40:00,19710,19720,19700,19710,35
2026-04-01 10:41:00,19720,19750,19720,19750,694
2026-04-01 10:42:00,19750,19790,19750,19750,820
2026-04-01 10:43:00,19790,19790,19780,19780,32
2026-04-01 10:44:00,19780,19780,19780,19780,8
2026-04-01 10:45:00,19780,19780,19760,19780,36
2026-04-01 10:46:00,19770,19770,19710,19710,689
2026-04-01 10:47:00,19710,19710,19700,19710,120
2026-04-01 10:48:00,19710,19750,19710,19750,59
2026-04-01 10:49:00,19750,19750,19750,19750,9
2026-04-01 10:50:00,19750,19750,19710,19720,72
2026-04-01 10:51:00,19720,19720,19720,19720,3
2026-04-01 10:52:00,19730,19740,19730,19740,14
2026-04-01 10:53:00,19740,19740,19730,19740,86
2026-04-01 10:54:00,19740,19750,19740,19740,48
2026-04-01 10:55:00,19740,19750,19720,19720,202
2026-04-01 10:56:00,19730,19740,19730,19740,43
2026-04-01 10:57:00,19720,19720,19720,19720,59
2026-04-01 10:58:00,19720,19720,19710,19720,340
2026-04-01 10:59:00,19720,19740,19720,19740,101
2026-04-01 11:00:00,19750,19750,19740,19750,327
2026-04-01 11:01:00,19760,19760,19760,19760,2
2026-04-01 11:02:00,19760,19760,19760,19760,39
2026-04-01 11:03:00,19750,19750,19750,19750,105
2026-04-01 11:04:00,19770,19770,19750,19750,10
2026-04-01 11:05:00,19780,19790,19780,19790,288
2026-04-01 11:06:00,19790,19790,19770,19780,189
2026-04-01 11:07:00,19780,19790,19780,19790,46
2026-04-01 11:08:00,19790,19800,19790,19800,432
2026-04-01 11:09:00,19800,19800,19780,19780,118
2026-04-01 11:10:00,19800,19800,19800,19800,737
2026-04-01 11:11:00,19800,19800,19780,19780,1383
2026-04-01 11:12:00,19790,19790,19770,19770,17
2026-04-01 11:13:00,19770,19770,19770,19770,125
2026-04-01 11:14:00,19770,19790,19770,19790,286
2026-04-01 11:15:00,19790,19790,19770,19780,598
2026-04-01 11:16:00,19780,19780,19770,19780,165
2026-04-01 11:17:00,19790,19830,19770,19830,10679
2026-04-01 11:18:00,19830,19830,19820,19820,3
2026-04-01 11:19:00,19830,19830,19790,19790,121
2026-04-01 11:21:00,19830,19830,19810,19810,333
2026-04-01 11:22:00,19815,19840,19790,19840,512
2026-04-01 11:23:00,19840,19840,19840,19840,3
2026-04-01 11:24:00,19800,19830,19800,19830,72
2026-04-01 11:26:00,19840,19850,19840,19850,1016
2026-04-01 11:27:00,19850,19850,19850,19850,59
2026-04-01 11:28:00,19850,19860,19830,19830,922
2026-04-01 11:30:00,19840,19840,19830,19830,69
2026-04-01 11:31:00,19830,19830,19830,19830,41
2026-04-01 11:32:00,19830,19830,19820,19820,426
2026-04-01 11:33:00,19820,19830,19820,19830,114
2026-04-01 11:34:00,19820,19860,19820,19860,499
2026-04-01 11:35:00,19850,19860,19850,19860,62
2026-04-01 11:36:00,19870,19880,19870,19880,340
2026-04-01 11:37:00,19880,19900,19880,19890,465
2026-04-01 11:38:00,19890,19890,19890,19890,7
2026-04-01 11:39:00,19890,19910,19880,19910,207
2026-04-01 11:40:00,19910,19920,19910,19920,33
2026-04-01 11:41:00,19920,19930,19910,19910,357
2026-04-01 11:42:00,19910,19920,19890,19920,101
2026-04-01 11:43:00,19900,19930,19900,19930,122
2026-04-01 11:44:00,19930,19940,19930,19940,97
2026-04-01 11:45:00,19940,19950,19940,19950,245
2026-04-01 11:46:00,19950,19950,19940,19950,296
2026-04-01 11:47:00,19950,19950,19930,19930,17
2026-04-01 11:48:00,19930,19960,19930,19960,549
2026-04-01 11:49:00,19960,20100,19960,20100,6303
2026-04-01 11:50:00,20050,20100,20000,20050,1075
2026-04-01 11:51:00,20050,20050,20000,20050,322
2026-04-01 11:52:00,20050,20050,20000,20000,238
2026-04-01 11:53:00,20000,20000,20000,20000,527
2026-04-01 11:54:00,20000,20000,19990,19990,158
2026-04-01 11:55:00,19990,20000,19990,20000,226
2026-04-01 11:56:00,20000,20000,19990,19990,159
2026-04-01 11:57:00,20000,20000,20000,20000,66
2026-04-01 11:58:00,20000,20000,20000,20000,510
2026-04-01 11:59:00,20000,20000,20000,20000,1
2026-04-01 12:00:00,20000,20000,20000,20000,272
2026-04-01 12:01:00,20000,20000,20000,20000,269
2026-04-01 12:02:00,19990,20000,19960,20000,1170
2026-04-01 12:03:00,20000,20000,20000,20000,16
2026-04-01 12:04:00,20000,20000,20000,20000,185
2026-04-01 12:05:00,20050,20050,20000,20000,468
2026-04-01 12:06:00,20000,20050,20000,20050,90
2026-04-01 12:07:00,20050,20050,20000,20000,183
2026-04-01 12:08:00,20000,20000,20000,20000,31
2026-04-01 12:09:00,20000,20000,20000,20000,51
2026-04-01 12:10:00,20000,20050,19990,20000,174
2026-04-01 12:11:00,20000,20000,20000,20000,186
2026-04-01 12:12:00,20000,20000,20000,20000,102
2026-04-01 12:14:00,20000,20000,20000,20000,64
2026-04-01 12:15:00,20000,20000,20000,20000,139
2026-04-01 12:16:00,19990,19990,19990,19990,20
2026-04-01 12:17:00,19990,19990,19970,19990,266
2026-04-01 12:18:00,19970,19990,19950,19950,327
2026-04-01 12:19:00,19950,19950,19930,19930,200
2026-04-01 12:20:00,19960,19960,19950,19950,31
2026-04-01 12:22:00,19960,19960,19950,19950,36
2026-04-01 12:23:00,19960,19960,19950,19950,286
2026-04-01 12:24:00,19960,19960,19950,19950,111
2026-04-01 12:25:00,19950,19960,19950,19950,50
2026-04-01 12:26:00,19960,19980,19960,19980,136
2026-04-01 12:27:00,19980,20000,19980,19990,227
2026-04-01 12:28:00,20000,20050,20000,20000,266
2026-04-01 12:29:00,20000,20050,20000,20050,49
2026-04-01 12:30:00,20000,20050,19990,20000,203
2026-04-01 12:31:00,19990,20000,19990,20000,80
2026-04-01 12:32:00,19995,20050,19995,20000,222
2026-04-01 12:33:00,20000,20000,20000,20000,312
2026-04-01 12:34:00,20000,20050,20000,20050,22
2026-04-01 12:35:00,20000,20000,20000,20000,139
2026-04-01 12:36:00,20000,20000,20000,20000,20
2026-04-01 12:37:00,20000,20050,20000,20050,94
2026-04-01 12:38:00,20050,20050,20000,20000,41
2026-04-01 12:39:00,20000,20050,20000,20050,205
2026-04-01 12:40:00,20050,20050,20000,20000,12
2026-04-01 12:41:00,20050,20050,20050,20050,41
2026-04-01 12:42:00,20050,20050,20000,20050,12
2026-04-01 12:43:00,20000,20000,20000,20000,10
2026-04-01 12:44:00,20050,20100,20000,20050,1045
2026-04-01 12:45:00,20050,20050,20050,20050,30
2026-04-01 12:46:00,20050,20050,20050,20050,10
2026-04-01 12:47:00,20050,20100,20050,20050,19
2026-04-01 12:48:00,20050,20100,20050,20100,13
2026-04-01 12:49:00,20100,20100,20050,20050,85
2026-04-01 12:50:00,20100,20100,20050,20100,77
2026-04-01 12:51:00,20050,20100,20050,20100,218
2026-04-01 12:52:00,20100,20100,20100,20100,79
2026-04-01 12:53:00,20100,20150,20100,20150,38
2026-04-01 12:54:00,20100,20150,20100,20150,908
2026-04-01 12:55:00,20150,20150,20100,20100,48
2026-04-01 12:56:00,20150,20150,20100,20100,34
2026-04-01 12:57:00,20150,20150,20100,20100,246
2026-04-01 12:58:00,20100,20100,20100,20100,11
2026-04-01 12:59:00,20100,20150,20100,20150,340
2026-04-01 13:00:00,20100,20150,20100,20150,243
2026-04-01 13:01:00,20150,20150,20100,20100,580
2026-04-01 13:02:00,20100,20200,20100,20200,743
2026-04-01 13:03:00,20200,20200,20150,20150,114
2026-04-01 13:04:00,20150,20200,20150,20200,72
2026-04-01 13:05:00,20200,20200,20150,20150,179
2026-04-01 13:06:00,20150,20150,20150,20150,24
2026-04-01 13:07:00,20150,20150,20150,20150,21
2026-04-01 13:08:00,20150,20150,20150,20150,125
2026-04-01 13:09:00,20150,20200,20150,20150,187
2026-04-01 13:10:00,20150,20200,20150,20150,154
2026-04-01 13:11:00,20200,20200,20150,20200,254
2026-04-01 13:12:00,20200,20200,20200,20200,4
2026-04-01 13:13:00,20200,20200,20150,20200,127
2026-04-01 13:14:00,20200,20200,20150,20200,1258
2026-04-01 13:15:00,20150,20200,20150,20150,334
2026-04-01 13:16:00,20150,20200,20150,20200,69
2026-04-01 13:17:00,20200,20200,20150,20150,33
2026-04-01 13:18:00,20200,20200,20150,20150,1691
2026-04-01 13:19:00,20150,20150,20100,20150,1046
2026-04-01 13:20:00,20100,20150,20100,20150,1635
2026-04-01 13:21:00,20100,20100,20050,20100,993
2026-04-01 13:22:00,20100,20150,20100,20150,898
2026-04-01 13:23:00,20150,20150,20100,20100,19
2026-04-01 13:24:00,20100,20150,20050,20150,103
2026-04-01 13:25:00,20100,20150,20050,20050,576
2026-04-01 13:26:00,20050,20050,20050,20050,45
2026-04-01 13:27:00,20100,20100,20050,20050,8
2026-04-01 13:28:00,20050,20050,20050,20050,10
2026-04-01 13:29:00,20050,20200,20050,20150,708
2026-04-01 13:30:00,20200,20200,20200,20200,53
2026-04-01 13:31:00,20150,20200,20150,20150,937
2026-04-01 13:32:00,20100,20100,20100,20100,10
2026-04-01 13:33:00,20100,20150,20100,20150,214
2026-04-01 13:34:00,20100,20150,20100,20100,156
2026-04-01 13:35:00,20100,20100,20100,20100,11
2026-04-01 13:36:00,20100,20100,20050,20050,63
2026-04-01 13:37:00,20050,20100,20050,20100,890
2026-04-01 13:38:00,20050,20100,20050,20100,279
2026-04-01 13:39:00,20100,20150,20100,20100,149
2026-04-01 13:40:00,20100,20100,20100,20100,8
2026-04-01 13:41:00,20100,20150,20100,20100,144
2026-04-01 13:42:00,20100,20100,20100,20100,320
2026-04-01 13:43:00,20100,20100,20100,20100,9
2026-04-01 13:44:00,20100,20150,20100,20150,63
2026-04-01 13:45:00,20100,20150,20100,20100,700
2026-04-01 13:46:00,20100,20100,20100,20100,110
2026-04-01 13:47:00,20050,20150,20050,20100,422
2026-04-01 13:48:00,20100,20100,20100,20100,227
2026-04-01 13:49:00,20100,20200,20100,20200,1263
2026-04-01 13:50:00,20200,20200,20150,20200,22
2026-04-01 13:51:00,20200,20200,20150,20200,2058
2026-04-01 13:52:00,20200,20200,20150,20150,708
2026-04-01 13:53:00,20150,20150,20100,20100,37
2026-04-01 13:54:00,20100,20100,20100,20100,109
2026-04-01 13:55:00,20100,20100,20100,20100,20
2026-04-01 13:56:00,20100,20100,20100,20100,894
2026-04-01 13:57:00,20100,20100,20100,20100,72
2026-04-01 13:58:00,20100,20100,20100,20100,36
2026-04-01 13:59:00,20100,20150,20100,20100,210
2026-04-01 14:00:00,20100,20100,20100,20100,10
2026-04-01 14:01:00,20150,20150,20100,20100,165
2026-04-01 14:02:00,20150,20150,20150,20150,7
2026-04-01 14:03:00,20100,20100,20100,20100,42
2026-04-01 14:04:00,20100,20100,20100,20100,407
2026-04-01 14:05:00,20100,20100,20100,20100,50
2026-04-01 14:06:00,20100,20100,20100,20100,34
2026-04-01 14:07:00,20100,20150,20100,20150,132
2026-04-01 14:08:00,20150,20150,20100,20150,199
2026-04-01 14:09:00,20150,20150,20100,20100,12
2026-04-01 14:10:00,20100,20150,20100,20150,91
2026-04-01 14:11:00,20150,20150,20100,20100,215
2026-04-01 14:12:00,20150,20150,20100,20150,18
2026-04-01 14:13:00,20150,20150,20100,20150,2229
2026-04-01 14:14:00,20150,20150,20100,20150,74
2026-04-01 14:15:00,20150,20150,20100,20100,142
2026-04-01 14:16:00,20100,20100,20100,20100,10
2026-04-01 14:17:00,20125,20125,20100,20100,379
2026-04-01 14:18:00,20100,20200,20100,20200,452
2026-04-01 14:19:00,20200,20200,20150,20150,53
2026-04-01 14:20:00,20150,20300,20150,20300,3978
2026-04-01 14:21:00,20250,20400,20200,20400,746
2026-04-01 14:22:00,20350,20350,20300,20350,306
2026-04-01 14:23:00,20400,20450,20350,20350,689
2026-04-01 14:24:00,20400,20450,20350,20350,73
2026-04-01 14:25:00,20350,20400,20350,20350,282
2026-04-01 14:26:00,20350,20400,20250,20400,717
2026-04-01 14:27:00,20350,20350,20200,20300,139
2026-04-01 14:28:00,20250,20300,20250,20300,171
2026-04-01 14:29:00,20300,20300,20250,20300,184
2026-04-01 14:30:00,20300,20400,20300,20400,884
2026-04-01 14:31:00,20350,20350,20300,20300,20
2026-04-01 14:32:00,20300,20300,20300,20300,259
2026-04-01 14:33:00,20350,20350,20350,20350,80
2026-04-01 14:34:00,20300,20300,20100,20100,916
2026-04-01 14:35:00,20300,20300,20250,20250,514
2026-04-01 14:36:00,20300,20300,20300,20300,110
2026-04-01 14:37:00,20300,20300,20300,20300,42
2026-04-01 14:38:00,20300,20350,20250,20250,27
2026-04-01 14:40:00,20250,20300,20250,20300,189
2026-04-01 14:41:00,20300,20350,20250,20250,107
2026-04-01 14:42:00,20300,20300,20250,20250,16
2026-04-01 14:43:00,20300,20300,20250,20300,118
2026-04-01 14:44:00,20350,20350,20300,20300,424
2026-04-01 14:45:00,20300,20300,20200,20200,205
2026-04-01 14:46:00,20200,20300,20200,20250,87
2026-04-01 14:47:00,20300,20300,20300,20300,35
2026-04-01 14:48:00,20250,20300,20250,20300,301
2026-04-01 14:49:00,20300,20300,20300,20300,289
2026-04-01 14:50:00,20300,20325,20300,20325,51
2026-04-01 14:51:00,20325,20350,20325,20325,92
2026-04-01 14:52:00,20350,20350,20350,20350,16
2026-04-01 14:53:00,20325,20350,20325,20325,133
2026-04-01 14:54:00,20325,20325,20325,20325,17
2026-04-01 14:55:00,20325,20350,20325,20350,17
2026-04-01 14:56:00,20325,20350,20325,20350,55
2026-04-01 14:57:00,20325,20325,20250,20250,1483
2026-04-01 14:58:00,20275,20275,20250,20275,28
2026-04-01 14:59:00,20250,20300,20250,20300,358
2026-04-01 15:00:00,20300,20300,20250,20250,33
2026-04-01 15:01:00,20250,20300,20250,20250,447
2026-04-01 15:02:00,20250,20300,20250,20250,45
2026-04-01 15:03:00,20300,20350,20300,20300,74
2026-04-01 15:04:00,20300,20300,20300,20300,101
2026-04-01 15:05:00,20300,20300,20250,20250,412
2026-04-01 15:06:00,20250,20300,20250,20250,113
2026-04-01 15:07:00,20300,20350,20250,20350,955
2026-04-01 15:08:00,20300,20300,20250,20250,134
2026-04-01 15:09:00,20250,20300,20250,20250,116
2026-04-01 15:10:00,20300,20350,20300,20300,141
2026-04-01 15:11:00,20300,20350,20300,20350,611
2026-04-01 15:12:00,20350,20350,20300,20300,215
2026-04-01 15:13:00,20300,20350,20300,20350,455
2026-04-01 15:14:00,20300,20400,20300,20350,481
2026-04-01 15:15:00,20350,20350,20300,20350,412
2026-04-01 15:16:00,20350,20400,20300,20350,1688
2026-04-01 15:17:00,20350,20400,20300,20300,161
2026-04-01 15:18:00,20300,20350,20300,20350,1275
2026-04-01 15:19:00,20300,20350,20300,20300,236
2026-04-01 15:30:00,20300,20300,20300,20300,7856
2026-04-01 15:35:00,20300,20300,20300,20300,408
2026-04-02 09:00:00,20500,20650,20450,20500,4133
2026-04-02 09:01:00,20500,20600,20500,20550,1117
2026-04-02 09:02:00,20550,20550,20400,20500,2374
2026-04-02 09:03:00,20500,20500,20150,20350,6069
2026-04-02 09:04:00,20200,20200,20050,20100,3104
2026-04-02 09:05:00,20100,20200,20050,20200,2324
2026-04-02 09:06:00,20200,20200,20050,20050,276
2026-04-02 09:07:00,20050,20200,19900,19900,4018
2026-04-02 09:08:00,19980,19990,19870,19900,999
2026-04-02 09:09:00,19910,20000,19870,20000,219
2026-04-02 09:10:00,20000,20200,19940,19940,430
2026-04-02 09:11:00,20100,20150,19940,19940,176
2026-04-02 09:12:00,19940,19950,19930,19950,426
2026-04-02 09:13:00,19950,19990,19890,19930,806
2026-04-02 09:14:00,19910,19910,19860,19870,4022
2026-04-02 09:15:00,19900,19900,19850,19900,1676
2026-04-02 09:16:00,19900,19990,19860,19990,226
2026-04-02 09:17:00,19990,20045,19990,20000,174
2026-04-02 09:18:00,20000,20000,20000,20000,70
2026-04-02 09:19:00,20000,20050,19990,19990,371
2026-04-02 09:20:00,19990,20000,19950,19980,145
2026-04-02 09:21:00,19980,20100,19960,20100,567
2026-04-02 09:22:00,20100,20150,20050,20100,127
2026-04-02 09:23:00,20000,20000,20000,20000,91
2026-04-02 09:24:00,20000,20000,19950,19970,829
2026-04-02 09:25:00,19990,19990,19970,19970,131
2026-04-02 09:26:00,19960,19960,19890,19900,753
2026-04-02 09:27:00,19900,19970,19860,19910,869
2026-04-02 09:28:00,19910,19920,19910,19920,127
2026-04-02 09:29:00,19920,19920,19920,19920,127
2026-04-02 09:30:00,19920,19940,19920,19940,104
2026-04-02 09:31:00,19920,19920,19850,19910,1038
2026-04-02 09:32:00,19910,19920,19850,19920,243
2026-04-02 09:33:00,19920,19920,19900,19920,161
2026-04-02 09:34:00,19920,19940,19910,19910,606
2026-04-02 09:35:00,19900,19900,19900,19900,188
2026-04-02 09:36:00,19900,19900,19890,19890,351
2026-04-02 09:37:00,19890,19900,19860,19860,901
2026-04-02 09:38:00,19870,19870,19800,19800,4307
2026-04-02 09:39:00,19800,19800,19730,19730,1232
2026-04-02 09:40:00,19740,19760,19740,19760,495
2026-04-02 09:41:00,19760,19780,19750,19760,473
2026-04-02 09:42:00,19770,19780,19750,19780,356
2026-04-02 09:43:00,19780,19790,19770,19770,107
2026-04-02 09:44:00,19780,19850,19770,19850,1772
2026-04-02 09:45:00,19820,19880,19820,19880,354
2026-04-02 09:46:00,19880,19880,19880,19880,278
2026-04-02 09:47:00,19880,19920,19870,19880,21
2026-04-02 09:48:00,19880,19880,19880,19880,134
2026-04-02 09:49:00,19880,19930,19880,19930,115
2026-04-02 09:50:00,19930,19930,19900,19900,209
2026-04-02 09:51:00,19880,19880,19860,19860,390
2026-04-02 09:52:00,19870,19880,19860,19880,77
2026-04-02 09:53:00,19870,19880,19870,19870,360
2026-04-02 09:54:00,19870,19940,19870,19940,71
2026-04-02 09:55:00,19940,19940,19940,19940,215
2026-04-02 09:56:00,19940,19940,19920,19930,49
2026-04-02 09:57:00,19920,19920,19880,19920,107
2026-04-02 09:58:00,19900,19900,19870,19900,242
2026-04-02 09:59:00,19860,19870,19860,19870,64
2026-04-02 10:00:00,19870,19870,19830,19830,541
2026-04-02 10:01:00,19840,19840,19840,19840,2
2026-04-02 10:02:00,19840,19900,19830,19850,542
2026-04-02 10:03:00,19850,19900,19850,19900,640
2026-04-02 10:04:00,19850,19850,19810,19810,978
2026-04-02 10:05:00,19810,19840,19800,19840,814
2026-04-02 10:06:00,19800,19810,19650,19650,4047
2026-04-02 10:07:00,19650,19660,19640,19660,487
2026-04-02 10:08:00,19650,19670,19640,19640,728
2026-04-02 10:09:00,19670,19740,19670,19740,85
2026-04-02 10:10:00,19740,19780,19740,19780,173
2026-04-02 10:11:00,19790,19940,19790,19930,648
2026-04-02 10:12:00,19930,19930,19790,19800,75
2026-04-02 10:13:00,19800,19800,19790,19800,276
2026-04-02 10:14:00,19860,19880,19860,19880,241
2026-04-02 10:15:00,19880,19880,19790,19790,271
2026-04-02 10:16:00,19800,19800,19790,19790,52
2026-04-02 10:17:00,19780,19780,19700,19700,790
2026-04-02 10:18:00,19700,19700,19540,19600,11609
2026-04-02 10:19:00,19540,19550,19530,19550,3478
2026-04-02 10:20:00,19550,19600,19500,19500,2288
2026-04-02 10:21:00,19580,19600,19570,19600,171
2026-04-02 10:22:00,19600,19600,19570,19570,115
2026-04-02 10:23:00,19530,19530,19520,19530,1031
2026-04-02 10:24:00,19520,19520,19510,19510,215
2026-04-02 10:25:00,19510,19510,19400,19400,923
2026-04-02 10:26:00,19390,19390,19300,19370,1264
2026-04-02 10:27:00,19370,19470,19310,19310,886
2026-04-02 10:28:00,19330,19330,19300,19310,4066
2026-04-02 10:29:00,19310,19410,19310,19410,176
2026-04-02 10:30:00,19410,19410,19310,19310,416
2026-04-02 10:31:00,19310,19310,19260,19270,264
2026-04-02 10:32:00,19270,19270,19050,19150,1306
2026-04-02 10:33:00,19150,19260,19150,19260,503
2026-04-02 10:34:00,19170,19180,19170,19180,392
2026-04-02 10:35:00,19180,19260,19170,19260,1081
2026-04-02 10:36:00,19260,19270,19190,19200,1227
2026-04-02 10:37:00,19200,19260,19200,19210,177
2026-04-02 10:38:00,19220,19220,19210,19210,177
2026-04-02 10:39:00,19210,19210,19170,19170,1256
2026-04-02 10:40:00,19170,19170,19150,19150,289
2026-04-02 10:41:00,19140,19150,19100,19130,1092
2026-04-02 10:42:00,19130,19130,19080,19090,341
2026-04-02 10:43:00,19080,19080,19000,19020,1258
2026-04-02 10:44:00,19020,19020,18980,18980,721
2026-04-02 10:45:00,18970,18970,18850,18850,2784
2026-04-02 10:46:00,18850,18870,18800,18860,1176
2026-04-02 10:47:00,18870,18900,18870,18880,1257
2026-04-02 10:48:00,18860,18960,18860,18880,4660
2026-04-02 10:49:00,18890,18990,18890,18980,903
2026-04-02 10:50:00,18980,19050,18940,19050,4265
2026-04-02 10:51:00,19050,19060,18810,19020,2184
2026-04-02 10:52:00,19000,19030,19000,19020,102
2026-04-02 10:53:00,19020,19090,19020,19070,507
2026-04-02 10:54:00,19100,19100,18950,18970,924
2026-04-02 10:55:00,19080,19080,19080,19080,278
2026-04-02 10:56:00,19080,19230,19080,19230,256
2026-04-02 10:57:00,19100,19100,19080,19080,88
2026-04-02 10:58:00,19080,19220,19080,19220,21
2026-04-02 10:59:00,19220,19220,19140,19190,258
2026-04-02 11:00:00,19140,19220,19140,19160,94
2026-04-02 11:01:00,19160,19160,19120,19120,104
2026-04-02 11:02:00,19110,19110,19000,19020,1896
2026-04-02 11:03:00,19020,19210,19020,19160,382
2026-04-02 11:04:00,19160,19160,19000,19010,1244
2026-04-02 11:05:00,18990,19000,18950,18960,374
2026-04-02 11:06:00,18960,18980,18940,18940,105
2026-04-02 11:07:00,18940,19000,18940,19000,227
2026-04-02 11:08:00,19000,19000,18900,18900,1198
2026-04-02 11:09:00,18900,18900,18890,18890,41
2026-04-02 11:10:00,18890,18890,18840,18850,1600
2026-04-02 11:11:00,18840,18890,18840,18860,575
2026-04-02 11:12:00,18860,18860,18850,18860,20
2026-04-02 11:13:00,18850,18860,18830,18830,668
2026-04-02 11:14:00,18820,18830,18760,18760,2986
2026-04-02 11:15:00,18760,18780,18720,18730,2006
2026-04-02 11:16:00,18730,18760,18730,18750,1000
2026-04-02 11:17:00,18750,18760,18750,18760,590
2026-04-02 11:18:00,18760,18780,18750,18780,791
2026-04-02 11:19:00,18760,18800,18750,18760,1288
2026-04-02 11:20:00,18800,18800,18790,18800,240
2026-04-02 11:21:00,18780,18780,18710,18730,1471
2026-04-02 11:22:00,18780,18790,18730,18780,130
2026-04-02 11:23:00,18740,18780,18740,18780,627
2026-04-02 11:24:00,18780,18780,18710,18720,1501
2026-04-02 11:25:00,18710,18720,18710,18720,66
2026-04-02 11:26:00,18730,18730,18710,18710,254
2026-04-02 11:27:00,18720,18720,18690,18700,915
2026-04-02 11:28:00,18700,18730,18700,18730,504
2026-04-02 11:29:00,18700,18730,18690,18690,842
2026-04-02 11:30:00,18700,18700,18690,18690,101
2026-04-02 11:31:00,18690,18720,18690,18720,259
2026-04-02 11:32:00,18690,18690,18670,18670,394
2026-04-02 11:33:00,18670,18670,18660,18670,153
2026-04-02 11:34:00,18670,18680,18640,18680,959
2026-04-02 11:35:00,18680,18700,18660,18660,1495
2026-04-02 11:36:00,18670,18670,18670,18670,89
2026-04-02 11:37:00,18670,18670,18650,18650,728
2026-04-02 11:38:00,18640,18650,18640,18650,84
2026-04-02 11:39:00,18650,18670,18650,18670,365
2026-04-02 11:40:00,18670,18670,18660,18670,133
2026-04-02 11:41:00,18670,18670,18670,18670,12
2026-04-02 11:42:00,18710,18710,18710,18710,114
2026-04-02 11:43:00,18700,18700,18680,18680,126
2026-04-02 11:44:00,18710,18730,18710,18730,222
2026-04-02 11:45:00,18765,18840,18765,18830,2360
2026-04-02 11:46:00,18830,18830,18830,18830,24
2026-04-02 11:47:00,18830,18830,18750,18760,174
2026-04-02 11:48:00,18760,18760,18760,18760,6
2026-04-02 11:49:00,18760,18790,18760,18790,2093
2026-04-02 11:50:00,18790,18790,18790,18790,137
2026-04-02 11:51:00,18790,18790,18790,18790,105
2026-04-02 11:52:00,18800,18830,18800,18830,115
2026-04-02 11:53:00,18860,18890,18860,18890,305
2026-04-02 11:54:00,18900,18900,18890,18900,490
2026-04-02 11:55:00,18890,18910,18890,18910,206
2026-04-02 11:56:00,18990,19030,18910,19020,2614
2026-04-02 11:57:00,19020,19020,18900,18900,674
2026-04-02 11:58:00,18910,18910,18910,18910,186
2026-04-02 11:59:00,18910,18930,18910,18930,194
2026-04-02 12:00:00,18930,19000,18920,18990,1433
2026-04-02 12:01:00,18980,18980,18980,18980,3
2026-04-02 12:02:00,18980,18980,18890,18890,2374
2026-04-02 12:03:00,18880,18880,18820,18830,375
2026-04-02 12:04:00,18830,18830,18820,18830,40
2026-04-02 12:05:00,18830,18830,18830,18830,138
2026-04-02 12:06:00,18830,18830,18800,18830,1190
2026-04-02 12:07:00,18830,18960,18830,18960,104
2026-04-02 12:08:00,18830,18950,18830,18950,30
2026-04-02 12:09:00,18930,18930,18930,18930,5
2026-04-02 12:10:00,18930,18930,18930,18930,100
2026-04-02 12:11:00,18840,18840,18820,18820,133
2026-04-02 12:12:00,18810,18810,18790,18790,1276
2026-04-02 12:13:00,18790,18800,18790,18800,398
2026-04-02 12:14:00,18800,18800,18800,18800,73
2026-04-02 12:15:00,18800,18800,18790,18790,43
2026-04-02 12:16:00,18780,18790,18780,18780,273
2026-04-02 12:17:00,18780,18780,18770,18780,450
2026-04-02 12:18:00,18780,18780,18760,18760,102
2026-04-02 12:19:00,18750,18790,18750,18790,245
2026-04-02 12:20:00,18800,18800,18800,18800,12
2026-04-02 12:21:00,18800,18810,18800,18810,10
2026-04-02 12:22:00,18830,18830,18830,18830,2
2026-04-02 12:23:00,18830,18940,18830,18930,54
2026-04-02 12:24:00,18920,18920,18920,18920,23
2026-04-02 12:25:00,18920,18920,18840,18920,57
2026-04-02 12:27:00,18910,18910,18910,18910,15
2026-04-02 12:29:00,18900,18900,18850,18850,154
2026-04-02 12:30:00,18860,18860,18850,18860,574
2026-04-02 12:31:00,18860,18860,18860,18860,154
2026-04-02 12:32:00,18860,18860,18850,18860,377
2026-04-02 12:33:00,18850,18850,18830,18840,373
2026-04-02 12:34:00,18830,18830,18830,18830,11
2026-04-02 12:35:00,18830,18830,18830,18830,73
2026-04-02 12:36:00,18830,18830,18820,18820,59
2026-04-02 12:37:00,18810,18810,18700,18700,2317
2026-04-02 12:38:00,18700,18720,18700,18710,2921
2026-04-02 12:39:00,18760,18760,18730,18760,24
2026-04-02 12:40:00,18720,18720,18710,18710,79
2026-04-02 12:41:00,18710,18710,18710,18710,142
2026-04-02 12:42:00,18750,18750,18750,18750,1
2026-04-02 12:43:00,18720,18750,18720,18750,378
2026-04-02 12:44:00,18760,18760,18730,18730,53
2026-04-02 12:45:00,18730,18750,18730,18750,45
2026-04-02 12:46:00,18750,18750,18750,18750,44
2026-04-02 12:47:00,18740,18750,18740,18740,619
2026-04-02 12:48:00,18730,18730,18730,18730,109
2026-04-02 12:49:00,18730,18730,18720,18720,168
2026-04-02 12:50:00,18710,18710,18710,18710,318
2026-04-02 12:51:00,18700,18700,18700,18700,308
2026-04-02 12:52:00,18690,18700,18690,18700,221
2026-04-02 12:53:00,18700,18700,18690,18690,17
2026-04-02 12:54:00,18700,18700,18690,18700,198
2026-04-02 12:55:00,18690,18700,18670,18670,339
2026-04-02 12:56:00,18680,18680,18670,18680,328
2026-04-02 12:57:00,18670,18670,18660,18660,132
2026-04-02 12:58:00,18660,18670,18640,18650,1830
2026-04-02 12:59:00,18640,18650,18640,18640,167
2026-04-02 13:00:00,18640,18650,18640,18650,524
2026-04-02 13:01:00,18650,18650,18620,18630,562
2026-04-02 13:02:00,18630,18630,18630,18630,75
2026-04-02 13:03:00,18630,18630,18620,18630,301
2026-04-02 13:04:00,18630,18660,18630,18660,50
2026-04-02 13:05:00,18630,18670,18630,18650,23
2026-04-02 13:06:00,18670,18670,18640,18640,156
2026-04-02 13:07:00,18640,18640,18640,18640,79
2026-04-02 13:08:00,18640,18650,18640,18640,440
2026-04-02 13:09:00,18650,18680,18650,18660,63
2026-04-02 13:10:00,18660,18660,18660,18660,114
2026-04-02 13:11:00,18660,18700,18660,18700,403
2026-04-02 13:12:00,18700,18700,18700,18700,12
2026-04-02 13:13:00,18710,18710,18700,18710,100
2026-04-02 13:14:00,18730,18780,18730,18780,43
2026-04-02 13:15:00,18790,18800,18780,18800,23
2026-04-02 13:16:00,18800,18830,18800,18830,1165
2026-04-02 13:17:00,18750,18760,18750,18760,132
2026-04-02 13:18:00,18790,18790,18790,18790,28
2026-04-02 13:19:00,18790,18790,18790,18790,13
2026-04-02 13:20:00,18790,18800,18790,18800,158
2026-04-02 13:21:00,18790,18800,18790,18800,11
2026-04-02 13:22:00,18800,18800,18790,18800,125
2026-04-02 13:23:00,18800,18800,18770,18800,101
2026-04-02 13:24:00,18800,18800,18800,18800,1
2026-04-02 13:25:00,18790,18800,18790,18800,58
2026-04-02 13:26:00,18800,18800,18800,18800,17
2026-04-02 13:27:00,18800,18800,18750,18750,154
2026-04-02 13:28:00,18730,18730,18730,18730,1
2026-04-02 13:29:00,18740,18740,18740,18740,39
2026-04-02 13:30:00,18740,18740,18720,18720,373
2026-04-02 13:31:00,18720,18720,18720,18720,7
2026-04-02 13:32:00,18720,18720,18720,18720,10
2026-04-02 13:33:00,18720,18720,18720,18720,3
2026-04-02 13:34:00,18720,18720,18720,18720,4
2026-04-02 13:35:00,18710,18710,18690,18690,271
2026-04-02 13:36:00,18690,18690,18680,18690,602
2026-04-02 13:37:00,18670,18680,18670,18670,98
2026-04-02 13:38:00,18680,18680,18640,18640,1046
2026-04-02 13:39:00,18640,18640,18640,18640,82
2026-04-02 13:40:00,18640,18640,18640,18640,30
2026-04-02 13:41:00,18640,18640,18630,18640,32
2026-04-02 13:42:00,18640,18640,18640,18640,13
2026-04-02 13:43:00,18640,18640,18600,18610,907
2026-04-02 13:44:00,18610,18610,18610,18610,93
2026-04-02 13:45:00,18620,18620,18620,18620,113
2026-04-02 13:46:00,18610,18620,18610,18620,257
2026-04-02 13:47:00,18620,18620,18610,18620,24
2026-04-02 13:48:00,18620,18620,18610,18610,47
2026-04-02 13:49:00,18620,18620,18610,18620,508
2026-04-02 13:50:00,18620,18620,18610,18610,75
2026-04-02 13:51:00,18630,18750,18630,18730,315
2026-04-02 13:52:00,18730,18730,18730,18730,4
2026-04-02 13:53:00,18730,18730,18720,18730,110
2026-04-02 13:54:00,18730,18730,18730,18730,23
2026-04-02 13:55:00,18740,18750,18730,18730,89
2026-04-02 13:56:00,18710,18710,18710,18710,1
2026-04-02 13:57:00,18710,18750,18710,18710,158
2026-04-02 13:58:00,18750,18750,18750,18750,44
2026-04-02 13:59:00,18750,18750,18720,18720,24
2026-04-02 14:00:00,18730,18780,18710,18780,182
2026-04-02 14:01:00,18780,18780,18780,18780,3
2026-04-02 14:02:00,18720,18730,18720,18730,127
2026-04-02 14:03:00,18730,18730,18710,18720,43
2026-04-02 14:04:00,18720,18760,18720,18760,70
2026-04-02 14:05:00,18720,18720,18690,18690,98
2026-04-02 14:06:00,18690,18690,18650,18650,494
2026-04-02 14:07:00,18650,18650,18650,18650,3
2026-04-02 14:08:00,18650,18650,18610,18620,1029
2026-04-02 14:09:00,18620,18630,18610,18610,218
2026-04-02 14:10:00,18620,18620,18610,18620,100
2026-04-02 14:11:00,18620,18630,18620,18630,355
2026-04-02 14:12:00,18620,18630,18610,18630,216
2026-04-02 14:13:00,18630,18630,18630,18630,81
2026-04-02 14:14:00,18630,18630,18630,18630,2
2026-04-02 14:15:00,18630,18630,18630,18630,95
2026-04-02 14:16:00,18630,18680,18630,18680,432
2026-04-02 14:17:00,18680,18690,18680,18690,211
2026-04-02 14:18:00,18680,18690,18620,18620,78
2026-04-02 14:19:00,18680,18680,18680,18680,3
2026-04-02 14:20:00,18640,18650,18630,18650,68
2026-04-02 14:21:00,18640,18640,18600,18600,999
2026-04-02 14:22:00,18610,18630,18610,18630,58
2026-04-02 14:23:00,18640,18650,18640,18650,10
2026-04-02 14:24:00,18650,18650,18640,18640,45
2026-04-02 14:25:00,18630,18630,18620,18620,29
2026-04-02 14:26:00,18610,18610,18600,18600,1688
2026-04-02 14:27:00,18600,18600,18590,18600,649
2026-04-02 14:28:00,18600,18600,18600,18600,36
2026-04-02 14:29:00,18600,18600,18590,18590,579
2026-04-02 14:30:00,18590,18590,18580,18590,320
2026-04-02 14:31:00,18590,18590,18580,18590,124
2026-04-02 14:32:00,18580,18590,18560,18560,743
2026-04-02 14:33:00,18560,18560,18530,18530,607
2026-04-02 14:34:00,18530,18530,18510,18530,416
2026-04-02 14:35:00,18510,18530,18510,18530,467
2026-04-02 14:36:00,18510,18530,18500,18510,1551
2026-04-02 14:37:00,18530,18530,18530,18530,141
2026-04-02 14:38:00,18530,18540,18500,18500,1299
2026-04-02 14:39:00,18500,18520,18460,18480,1812
2026-04-02 14:40:00,18480,18480,18460,18460,360
2026-04-02 14:42:00,18410,18420,18400,18410,1009
2026-04-02 14:43:00,18400,18400,18390,18390,1590
2026-04-02 14:44:00,18380,18420,18370,18380,2655
2026-04-02 14:46:00,18370,18370,18270,18300,1655
2026-04-02 14:47:00,18300,18310,18270,18310,1747
2026-04-02 14:48:00,18310,18320,18300,18310,770
2026-04-02 14:49:00,18320,18320,18280,18320,660
2026-04-02 14:50:00,18320,18330,18110,18200,2572
2026-04-02 14:51:00,18150,18300,18020,18300,1314
2026-04-02 14:52:00,18290,18300,18290,18300,2173
2026-04-02 14:53:00,18300,18340,18300,18340,255
2026-04-02 14:54:00,18350,18350,18200,18200,1449
2026-04-02 14:55:00,18250,18250,18220,18250,1275
2026-04-02 14:56:00,18250,18250,18250,18250,46
2026-04-02 14:57:00,18260,18260,18200,18200,149
2026-04-02 14:58:00,18210,18270,18200,18270,176
2026-04-02 14:59:00,18280,18280,18200,18230,275
2026-04-02 15:00:00,18240,18240,18230,18230,36
2026-04-02 15:01:00,18230,18240,18210,18240,125
2026-04-02 15:02:00,18230,18240,18230,18230,172
2026-04-02 15:03:00,18220,18220,18200,18200,955
2026-04-02 15:04:00,18210,18240,18210,18240,967
2026-04-02 15:05:00,18240,18280,18240,18280,3248
2026-04-02 15:06:00,18280,18370,18280,18370,2022
2026-04-02 15:07:00,18320,18380,18320,18380,654
2026-04-02 15:08:00,18380,18420,18380,18400,234
2026-04-02 15:09:00,18430,18460,18410,18460,538
2026-04-02 15:10:00,18420,18450,18380,18380,683
2026-04-02 15:11:00,18380,18380,18330,18340,186
2026-04-02 15:12:00,18340,18340,18330,18330,193
2026-04-02 15:13:00,18340,18370,18330,18340,1489
2026-04-02 15:14:00,18340,18380,18340,18370,520
2026-04-02 15:15:00,18370,18420,18370,18420,804
2026-04-02 15:16:00,18420,18460,18420,18450,292
2026-04-02 15:17:00,18460,18470,18460,18470,72
2026-04-02 15:18:00,18460,18490,18450,18480,721
2026-04-02 15:19:00,18480,18490,18470,18490,469
2026-04-02 15:30:00,18400,18400,18400,18400,3387
2026-04-02 15:35:00,18400,18400,18400,18400,433
2026-04-03 09:00:00,18790,18960,18750,18800,5066
2026-04-03 09:01:00,18870,18950,18860,18950,1084
2026-04-03 09:02:00,18950,18980,18870,18870,3792
2026-04-03 09:03:00,18860,18870,18800,18820,4345
2026-04-03 09:04:00,18820,18910,18820,18910,440
2026-04-03 09:05:00,18910,19000,18910,18990,2181
2026-04-03 09:06:00,18990,19030,18990,19020,1774
2026-04-03 09:07:00,19020,19050,19020,19050,257
2026-04-03 09:08:00,19050,19060,19000,19000,2837
2026-04-03 09:09:00,18990,19010,18980,19010,910
2026-04-03 09:10:00,19010,19060,19000,19010,1251
2026-04-03 09:11:00,19010,19010,18970,18970,3581
2026-04-03 09:12:00,18950,18950,18910,18910,373
2026-04-03 09:13:00,18890,18890,18830,18840,277
2026-04-03 09:14:00,18830,18890,18800,18850,1579
2026-04-03 09:15:00,18830,18830,18785,18790,1548
2026-04-03 09:16:00,18790,18790,18700,18710,556
2026-04-03 09:17:00,18720,18720,18710,18720,276
2026-04-03 09:18:00,18720,18720,18700,18710,478
2026-04-03 09:19:00,18750,18750,18690,18700,896
2026-04-03 09:20:00,18700,18710,18670,18680,469
2026-04-03 09:21:00,18690,18710,18670,18680,1161
2026-04-03 09:22:00,18680,18690,18650,18660,883
2026-04-03 09:23:00,18660,18760,18660,18760,1524
2026-04-03 09:24:00,18750,18750,18670,18720,302
2026-04-03 09:25:00,18720,18790,18710,18790,193
2026-04-03 09:26:00,18790,18800,18790,18800,73
2026-04-03 09:27:00,18800,18850,18800,18810,195
2026-04-03 09:28:00,18810,18820,18810,18810,131
2026-04-03 09:29:00,18810,18810,18800,18810,295
2026-04-03 09:30:00,18810,18830,18800,18830,228
2026-04-03 09:31:00,18820,18840,18820,18840,62
2026-04-03 09:32:00,18840,18870,18830,18870,1698
2026-04-03 09:33:00,18880,18880,18830,18830,279
2026-04-03 09:34:00,18830,18830,18830,18830,1
2026-04-03 09:35:00,18800,18830,18800,18830,293
2026-04-03 09:36:00,18830,18830,18770,18770,411
2026-04-03 09:37:00,18780,18810,18770,18770,315
2026-04-03 09:38:00,18770,18770,18690,18700,830
2026-04-03 09:39:00,18700,18770,18700,18770,111
2026-04-03 09:40:00,18730,18790,18700,18790,162
2026-04-03 09:41:00,18790,18790,18680,18700,467
2026-04-03 09:42:00,18700,18780,18690,18780,364
2026-04-03 09:43:00,18780,18790,18700,18700,182
2026-04-03 09:44:00,18710,18710,18710,18710,5
2026-04-03 09:45:00,18780,18780,18780,18780,6
2026-04-03 09:46:00,18780,18780,18780,18780,103
2026-04-03 09:47:00,18780,18780,18720,18770,316
2026-04-03 09:48:00,18770,18770,18770,18770,2
2026-04-03 09:49:00,18720,18770,18720,18730,171
2026-04-03 09:50:00,18740,18740,18730,18730,62
2026-04-03 09:51:00,18740,18770,18730,18770,268
2026-04-03 09:52:00,18780,18820,18780,18820,327
2026-04-03 09:53:00,18840,18870,18840,18850,398
2026-04-03 09:54:00,18870,18890,18870,18880,662
2026-04-03 09:55:00,18880,18910,18880,18910,53
2026-04-03 09:56:00,18940,19020,18940,19020,1360
2026-04-03 09:57:00,19040,19060,19030,19060,1677
2026-04-03 09:58:00,19040,19040,19030,19030,45
2026-04-03 09:59:00,19030,19030,19000,19010,155
2026-04-03 10:00:00,19010,19010,18950,19010,247
2026-04-03 10:01:00,19010,19010,19010,19010,24
2026-04-03 10:02:00,18950,18950,18950,18950,142
2026-04-03 10:03:00,18950,18950,18910,18910,484
2026-04-03 10:04:00,18910,18920,18900,18900,829
2026-04-03 10:05:00,18880,18900,18850,18860,459
2026-04-03 10:06:00,18820,18820,18810,18820,542
2026-04-03 10:07:00,18810,18810,18810,18810,95
2026-04-03 10:09:00,18810,18820,18810,18820,102
2026-04-03 10:10:00,18820,18820,18810,18810,9
2026-04-03 10:11:00,18810,18810,18790,18800,119
2026-04-03 10:12:00,18800,18830,18800,18810,73
2026-04-03 10:13:00,18810,18810,18760,18760,665
2026-04-03 10:14:00,18760,18770,18710,18770,866
2026-04-03 10:15:00,18780,18800,18780,18790,511
2026-04-03 10:16:00,18800,18800,18800,18800,4
2026-04-03 10:17:00,18790,18800,18790,18800,1763
2026-04-03 10:18:00,18810,18850,18810,18820,35
2026-04-03 10:19:00,18820,18850,18820,18850,37
2026-04-03 10:20:00,18860,18890,18830,18890,34
2026-04-03 10:21:00,18890,18890,18890,18890,1059
2026-04-03 10:22:00,18890,18890,18890,18890,1
2026-04-03 10:23:00,18880,18880,18880,18880,426
2026-04-03 10:24:00,18880,18890,18880,18890,11
2026-04-03 10:25:00,18880,18920,18880,18920,510
2026-04-03 10:26:00,18920,18920,18920,18920,54
2026-04-03 10:27:00,18920,18940,18920,18940,510
2026-04-03 10:28:00,18940,18940,18930,18940,131
2026-04-03 10:29:00,18940,18990,18940,18990,1064
2026-04-03 10:30:00,18990,18990,18990,18990,8
2026-04-03 10:31:00,18960,18990,18960,18990,1032
2026-04-03 10:32:00,18990,19000,18990,19000,1238
2026-04-03 10:33:00,19000,19020,19000,19010,671
2026-04-03 10:34:00,19010,19010,18940,18950,1663
2026-04-03 10:35:00,18950,18950,18920,18920,198
2026-04-03 10:36:00,18900,18940,18900,18940,430
2026-04-03 10:37:00,18940,18980,18880,18880,353
2026-04-03 10:38:00,18880,18970,18880,18970,145
2026-04-03 10:39:00,18880,18880,18860,18860,133
2026-04-03 10:40:00,18860,18880,18860,18880,80
2026-04-03 10:41:00,18860,18860,18850,18850,754
2026-04-03 10:42:00,18850,18850,18840,18840,27
2026-04-03 10:43:00,18840,18840,18830,18830,25
2026-04-03 10:45:00,18840,18840,18840,18840,300
2026-04-03 10:46:00,18840,18850,18830,18830,86
2026-04-03 10:47:00,18830,18830,18830,18830,188
2026-04-03 10:48:00,18830,18830,18810,18810,25
2026-04-03 10:49:00,18830,18830,18810,18810,597
2026-04-03 10:50:00,18820,18860,18820,18860,625
2026-04-03 10:51:00,18870,18880,18870,18880,85
2026-04-03 10:52:00,18920,18970,18920,18940,23
2026-04-03 10:53:00,18880,18940,18880,18900,373
2026-04-03 10:54:00,18900,18900,18900,18900,25
2026-04-03 10:55:00,18890,18890,18890,18890,5
2026-04-03 10:56:00,18890,18900,18830,18900,39
2026-04-03 10:58:00,18840,18840,18800,18800,346
2026-04-03 10:59:00,18800,18800,18790,18800,407
2026-04-03 11:00:00,18800,18800,18800,18800,510
2026-04-03 11:02:00,18790,18800,18790,18800,418
2026-04-03 11:03:00,18790,18790,18780,18780,199
2026-04-03 11:04:00,18780,18780,18780,18780,5
2026-04-03 11:05:00,18780,18780,18710,18710,760
2026-04-03 11:06:00,18710,18750,18710,18750,425
2026-04-03 11:07:00,18750,18780,18750,18750,158
2026-04-03 11:08:00,18700,18770,18700,18700,332
2026-04-03 11:09:00,18740,18740,18740,18740,3
2026-04-03 11:10:00,18740,18740,18740,18740,20
2026-04-03 11:11:00,18730,18730,18730,18730,1
2026-04-03 11:12:00,18730,18730,18730,18730,2
2026-04-03 11:13:00,18720,18720,18690,18700,548
2026-04-03 11:14:00,18700,18700,18700,18700,60
2026-04-03 11:16:00,18690,18700,18690,18700,63
2026-04-03 11:17:00,18700,18740,18700,18700,64
2026-04-03 11:18:00,18700,18700,18700,18700,19
2026-04-03 11:19:00,18710,18710,18710,18710,1
2026-04-03 11:20:00,18710,18710,18710,18710,25
2026-04-03 11:21:00,18740,18880,18740,18880,799
2026-04-03 11:22:00,18880,18890,18850,18850,604
2026-04-03 11:23:00,18850,18880,18780,18780,106
2026-04-03 11:24:00,18870,18880,18870,18880,2
2026-04-03 11:25:00,18870,18870,18860,18860,8
2026-04-03 11:27:00,18820,18820,18780,18800,78
2026-04-03 11:29:00,18800,18820,18800,18820,131
2026-04-03 11:30:00,18810,18810,18780,18780,66
2026-04-03 11:31:00,18730,18730,18720,18720,366
2026-04-03 11:32:00,18720,18800,18720,18800,421
2026-04-03 11:33:00,18710,18710,18690,18690,262
2026-04-03 11:34:00,18680,18680,18650,18680,1476
2026-04-03 11:35:00,18680,18680,18680,18680,257
2026-04-03 11:36:00,18680,18680,18680,18680,117
2026-04-03 11:37:00,18680,18680,18680,18680,70
2026-04-03 11:39:00,18680,18680,18680,18680,10
2026-04-03 11:40:00,18650,18660,18650,18660,14
2026-04-03 11:41:00,18660,18680,18660,18680,241
2026-04-03 11:43:00,18650,18650,18640,18640,179
2026-04-03 11:44:00,18640,18640,18640,18640,310
2026-04-03 11:45:00,18640,18760,18640,18690,978
2026-04-03 11:46:00,18700,18700,18690,18690,69
2026-04-03 11:47:00,18690,18700,18690,18700,95
2026-04-03 11:50:00,18690,18700,18690,18690,100
2026-04-03 11:51:00,18700,18710,18690,18700,108
2026-04-03 11:52:00,18700,18720,18700,18720,17
2026-04-03 11:53:00,18730,18730,18720,18720,185
2026-04-03 11:54:00,18750,18790,18750,18790,311
2026-04-03 11:55:00,18800,18800,18800,18800,1
2026-04-03 11:56:00,18750,18790,18730,18730,623
2026-04-03 11:57:00,18730,18730,18720,18720,151
2026-04-03 11:58:00,18730,18750,18730,18750,101
2026-04-03 12:00:00,18750,18780,18690,18690,42
2026-04-03 12:01:00,18690,18690,18690,18690,37
2026-04-03 12:03:00,18690,18750,18690,18750,104
2026-04-03 12:04:00,18750,18770,18750,18770,257
2026-04-03 12:05:00,18770,18770,18770,18770,9
2026-04-03 12:07:00,18750,18760,18750,18750,80
2026-04-03 12:08:00,18750,18750,18750,18750,48
2026-04-03 12:09:00,18760,18760,18760,18760,81
2026-04-03 12:10:00,18760,18760,18750,18750,165
2026-04-03 12:11:00,18750,18750,18750,18750,52
2026-04-03 12:13:00,18740,18750,18740,18750,19
2026-04-03 12:14:00,18750,18750,18750,18750,15
2026-04-03 12:15:00,18700,18700,18700,18700,54
2026-04-03 12:16:00,18700,18700,18690,18690,54
2026-04-03 12:17:00,18690,18690,18690,18690,253
2026-04-03 12:18:00,18690,18690,18690,18690,1
2026-04-03 12:19:00,18690,18690,18690,18690,18
2026-04-03 12:20:00,18690,18710,18690,18700,1115
2026-04-03 12:23:00,18700,18700,18700,18700,64
2026-04-03 12:24:00,18700,18710,18690,18710,135
2026-04-03 12:25:00,18720,18750,18720,18750,22
2026-04-03 12:26:00,18750,18750,18750,18750,51
2026-04-03 12:28:00,18740,18750,18740,18750,210
2026-04-03 12:29:00,18750,18750,18750,18750,30
2026-04-03 12:30:00,18740,18740,18700,18730,485
2026-04-03 12:32:00,18730,18730,18730,18730,1
2026-04-03 12:33:00,18730,18730,18730,18730,2
2026-04-03 12:34:00,18730,18730,18730,18730,4
2026-04-03 12:35:00,18700,18730,18700,18710,28
2026-04-03 12:36:00,18720,18720,18720,18720,271
2026-04-03 12:37:00,18730,18750,18730,18740,253
2026-04-03 12:39:00,18735,18740,18730,18740,495
2026-04-03 12:40:00,18740,18740,18740,18740,30
2026-04-03 12:41:00,18730,18730,18710,18710,127
2026-04-03 12:42:00,18700,18700,18690,18690,132
2026-04-03 12:43:00,18700,18700,18700,18700,5
2026-04-03 12:44:00,18700,18700,18690,18690,25
2026-04-03 12:46:00,18690,18690,18690,18690,97
2026-04-03 12:47:00,18690,18690,18670,18670,143
2026-04-03 12:48:00,18670,18680,18670,18680,12
2026-04-03 12:49:00,18680,18680,18680,18680,84
2026-04-03 12:50:00,18670,18680,18650,18650,483
2026-04-03 12:51:00,18690,18690,18690,18690,1
2026-04-03 12:53:00,18690,18690,18690,18690,21
2026-04-03 12:54:00,18690,18700,18690,18700,43
2026-04-03 12:55:00,18700,18700,18700,18700,1
2026-04-03 12:56:00,18700,18700,18620,18700,598
2026-04-03 12:57:00,18700,18700,18700,18700,3
2026-04-03 12:58:00,18630,18680,18620,18620,481
2026-04-03 12:59:00,18620,18630,18620,18630,203
2026-04-03 13:00:00,18630,18660,18630,18660,29
2026-04-03 13:01:00,18650,18690,18650,18690,68
2026-04-03 13:02:00,18690,18830,18690,18810,979
2026-04-03 13:03:00,18810,18820,18810,18820,116
2026-04-03 13:06:00,18790,18790,18790,18790,36
2026-04-03 13:07:00,18790,18790,18790,18790,10
2026-04-03 13:08:00,18790,18800,18790,18800,72
2026-04-03 13:09:00,18800,18800,18800,18800,30
2026-04-03 13:10:00,18800,18800,18730,18730,319
2026-04-03 13:11:00,18740,18740,18730,18730,32
2026-04-03 13:12:00,18730,18730,18690,18690,79
2026-04-03 13:13:00,18690,18690,18690,18690,101
2026-04-03 13:14:00,18700,18700,18700,18700,15
2026-04-03 13:15:00,18700,18700,18700,18700,20
2026-04-03 13:16:00,18700,18700,18690,18690,255
2026-04-03 13:17:00,18690,18690,18690,18690,470
2026-04-03 13:18:00,18690,18690,18660,18670,203
2026-04-03 13:19:00,18670,18710,18670,18710,200
2026-04-03 13:20:00,18710,18710,18710,18710,71
2026-04-03 13:22:00,18710,18710,18700,18710,290
2026-04-03 13:23:00,18710,18710,18710,18710,302
2026-04-03 13:24:00,18710,18710,18710,18710,13
2026-04-03 13:25:00,18710,18710,18710,18710,6
2026-04-03 13:26:00,18710,18710,18710,18710,4
2026-04-03 13:27:00,18710,18720,18710,18720,28
2026-04-03 13:28:00,18720,18720,18720,18720,8
2026-04-03 13:29:00,18750,18750,18750,18750,32
2026-04-03 13:30:00,18750,18750,18750,18750,4
2026-04-03 13:32:00,18730,18760,18730,18760,85
2026-04-03 13:33:00,18730,18730,18710,18710,287
2026-04-03 13:34:00,18720,18720,18700,18710,319
2026-04-03 13:36:00,18710,18710,18710,18710,552
2026-04-03 13:37:00,18710,18710,18700,18700,18
2026-04-03 13:38:00,18710,18710,18700,18710,412
2026-04-03 13:39:00,18740,18740,18740,18740,46
2026-04-03 13:40:00,18740,18740,18740,18740,100
2026-04-03 13:41:00,18740,18740,18700,18740,1405
2026-04-03 13:42:00,18730,18730,18680,18680,37
2026-04-03 13:43:00,18690,18690,18680,18690,5
2026-04-03 13:44:00,18690,18690,18680,18680,65
2026-04-03 13:45:00,18680,18680,18660,18660,331
2026-04-03 13:46:00,18670,18670,18670,18670,41
2026-04-03 13:47:00,18670,18670,18670,18670,10
2026-04-03 13:48:00,18660,18660,18640,18640,528
2026-04-03 13:49:00,18650,18650,18640,18640,60
2026-04-03 13:50:00,18640,18640,18630,18630,752
2026-04-03 13:51:00,18640,18640,18640,18640,343
2026-04-03 13:52:00,18640,18640,18640,18640,38
2026-04-03 13:53:00,18640,18640,18640,18640,14
2026-04-03 13:54:00,18640,18650,18640,18640,11
2026-04-03 13:55:00,18650,18650,18650,18650,50
2026-04-03 13:56:00,18640,18660,18640,18640,98
2026-04-03 13:57:00,18650,18650,18640,18650,42
2026-04-03 13:58:00,18650,18650,18650,18650,132
2026-04-03 13:59:00,18650,18650,18640,18640,31
2026-04-03 14:00:00,18640,18640,18550,18640,2751
2026-04-03 14:05:00,18620,18650,18620,18650,438
2026-04-03 14:06:00,18650,18650,18640,18640,779
2026-04-03 14:07:00,18640,18640,18640,18640,15
2026-04-03 14:08:00,18640,18650,18640,18650,25
2026-04-03 14:09:00,18680,18680,18680,18680,8
2026-04-03 14:10:00,18680,18680,18600,18610,1123
2026-04-03 14:11:00,18610,18610,18600,18610,55
2026-04-03 14:12:00,18610,18610,18610,18610,6
2026-04-03 14:13:00,18610,18610,18600,18600,137
2026-04-03 14:14:00,18580,18580,18580,18580,83
2026-04-03 14:15:00,18570,18570,18480,18490,2187
2026-04-03 14:16:00,18490,18490,18490,18490,29
2026-04-03 14:17:00,18490,18500,18490,18490,278
2026-04-03 14:18:00,18490,18610,18490,18610,1314
2026-04-03 14:19:00,18610,18610,18550,18560,104
2026-04-03 14:20:00,18560,18560,18560,18560,88
2026-04-03 14:21:00,18560,18560,18440,18490,1147
2026-04-03 14:22:00,18490,18490,18450,18460,203
2026-04-03 14:23:00,18460,18540,18450,18450,216
2026-04-03 14:24:00,18440,18460,18440,18450,503
2026-04-03 14:25:00,18450,18470,18450,18470,48
2026-04-03 14:26:00,18470,18540,18470,18540,5
2026-04-03 14:27:00,18540,18540,18540,18540,9
2026-04-03 14:28:00,18540,18540,18540,18540,7
2026-04-03 14:29:00,18540,18540,18510,18510,144
2026-04-03 14:30:00,18520,18550,18520,18550,30
2026-04-03 14:31:00,18500,18560,18500,18560,183
2026-04-03 14:33:00,18500,18500,18420,18430,592
2026-04-03 14:34:00,18430,18430,18400,18410,1140
2026-04-03 14:35:00,18410,18410,18410,18410,266
2026-04-03 14:36:00,18420,18490,18400,18410,2063
2026-04-03 14:37:00,18410,18450,18400,18450,136
2026-04-03 14:38:00,18450,18500,18450,18470,665
2026-04-03 14:39:00,18410,18420,18390,18390,287
2026-04-03 14:40:00,18400,18400,18390,18400,21
2026-04-03 14:41:00,18400,18450,18400,18450,327
2026-04-03 14:42:00,18450,18500,18450,18490,597
2026-04-03 14:43:00,18490,18490,18490,18490,1
2026-04-03 14:44:00,18490,18490,18430,18440,35
2026-04-03 14:45:00,18430,18500,18400,18500,1141
2026-04-03 14:46:00,18500,18500,18500,18500,1
2026-04-03 14:47:00,18420,18420,18410,18420,124
2026-04-03 14:48:00,18420,18500,18420,18450,314
2026-04-03 14:49:00,18450,18450,18450,18450,12
2026-04-03 14:50:00,18450,18450,18430,18430,40
2026-04-03 14:51:00,18440,18500,18430,18500,349
2026-04-03 14:53:00,18500,18500,18500,18500,3
2026-04-03 14:54:00,18490,18500,18440,18500,1178
2026-04-03 14:55:00,18440,18440,18400,18410,165
2026-04-03 14:56:00,18410,18410,18410,18410,102
2026-04-03 14:57:00,18410,18500,18400,18500,1342
2026-04-03 14:58:00,18490,18490,18490,18490,75
2026-04-03 14:59:00,18420,18420,18420,18420,8
2026-04-03 15:00:00,18420,18450,18420,18450,159
2026-04-03 15:01:00,18450,18460,18450,18460,63
2026-04-03 15:02:00,18480,18480,18480,18480,2
2026-04-03 15:03:00,18480,18500,18480,18500,441
2026-04-03 15:04:00,18500,18550,18500,18550,41
2026-04-03 15:05:00,18550,18550,18550,18550,77
2026-04-03 15:06:00,18550,18550,18550,18550,52
2026-04-03 15:07:00,18560,18560,18560,18560,148
2026-04-03 15:08:00,18550,18550,18530,18550,232
2026-04-03 15:09:00,18560,18570,18560,18570,370
2026-04-03 15:10:00,18570,18570,18550,18560,229
2026-04-03 15:11:00,18510,18520,18510,18520,53
2026-04-03 15:12:00,18560,18560,18560,18560,59
2026-04-03 15:13:00,18520,18520,18500,18520,453
2026-04-03 15:14:00,18520,18550,18510,18550,909
2026-04-03 15:15:00,18550,18570,18510,18530,822
2026-04-03 15:16:00,18570,18590,18530,18530,182
2026-04-03 15:17:00,18530,18610,18530,18610,509
2026-04-03 15:18:00,18530,18630,18530,18530,492
2026-04-03 15:19:00,18540,18620,18540,18540,83
2026-04-03 15:30:00,18610,18610,18610,18610,2200
2026-04-03 15:35:00,18610,18610,18610,18610,177
2026-04-06 09:00:00,18610,18780,18570,18570,781
2026-04-06 09:01:00,18770,18780,18570,18750,391
2026-04-06 09:02:00,18750,18750,18570,18720,386
2026-04-06 09:03:00,18590,18660,18440,18440,3242
2026-04-06 09:04:00,18440,18440,18400,18400,955
2026-04-06 09:05:00,18400,18440,18400,18430,730
2026-04-06 09:06:00,18430,18510,18350,18510,1102
2026-04-06 09:07:00,18510,18570,18510,18570,246
2026-04-06 09:08:00,18560,18560,18490,18500,281
2026-04-06 09:09:00,18500,18600,18500,18600,424
2026-04-06 09:10:00,18600,18600,18570,18590,204
2026-04-06 09:11:00,18600,18660,18600,18650,3150
2026-04-06 09:12:00,18640,18650,18600,18600,785
2026-04-06 09:13:00,18600,18600,18530,18540,478
2026-04-06 09:14:00,18540,18560,18540,18540,171
2026-04-06 09:15:00,18540,18540,18530,18540,616
2026-04-06 09:16:00,18540,18540,18500,18500,1449
2026-04-06 09:17:00,18500,18580,18500,18580,779
2026-04-06 09:18:00,18580,18600,18580,18590,647
2026-04-06 09:19:00,18590,18620,18590,18620,118
2026-04-06 09:20:00,18630,18780,18630,18780,1786
2026-04-06 09:21:00,18780,18780,18730,18730,472
2026-04-06 09:22:00,18730,18770,18730,18770,668
2026-04-06 09:23:00,18760,18800,18750,18750,1191
2026-04-06 09:24:00,18750,18760,18740,18740,227
2026-04-06 09:25:00,18740,18740,18710,18710,302
2026-04-06 09:26:00,18710,18710,18680,18690,197
2026-04-06 09:27:00,18690,18700,18570,18570,1540
2026-04-06 09:28:00,18570,18580,18570,18580,53
2026-04-06 09:29:00,18575,18575,18460,18470,1124
2026-04-06 09:30:00,18470,18470,18440,18450,953
2026-04-06 09:31:00,18450,18450,18360,18390,873
2026-04-06 09:32:00,18390,18390,18360,18360,246
2026-04-06 09:33:00,18360,18360,18350,18350,630
2026-04-06 09:34:00,18350,18350,18350,18350,130
2026-04-06 09:35:00,18340,18340,18330,18340,239
2026-04-06 09:36:00,18340,18340,18290,18290,1076
2026-04-06 09:37:00,18280,18300,18280,18300,899
2026-04-06 09:38:00,18300,18320,18300,18320,118
2026-04-06 09:39:00,18320,18320,18310,18320,596
2026-04-06 09:40:00,18300,18310,18290,18300,1538
2026-04-06 09:41:00,18310,18350,18280,18310,1284
2026-04-06 09:42:00,18310,18310,18300,18310,240
2026-04-06 09:43:00,18310,18360,18310,18360,510
2026-04-06 09:44:00,18360,18360,18310,18310,223
2026-04-06 09:45:00,18350,18350,18340,18340,7
2026-04-06 09:46:00,18340,18340,18280,18290,2164
2026-04-06 09:47:00,18290,18290,18280,18280,1148
2026-04-06 09:48:00,18280,18300,18280,18280,255
2026-04-06 09:49:00,18280,18300,18280,18300,69
2026-04-06 09:50:00,18300,18360,18300,18360,1565
2026-04-06 09:51:00,18360,18370,18350,18350,188
2026-04-06 09:52:00,18350,18370,18350,18350,255
2026-04-06 09:53:00,18360,18370,18350,18350,179
2026-04-06 09:54:00,18350,18350,18350,18350,38
2026-04-06 09:55:00,18350,18360,18340,18360,8
2026-04-06 09:56:00,18360,18360,18330,18330,161
2026-04-06 09:57:00,18340,18360,18340,18360,165
2026-04-06 09:58:00,18360,18360,18360,18360,108
2026-04-06 09:59:00,18350,18350,18340,18340,168
2026-04-06 10:00:00,18340,18340,18330,18340,263
2026-04-06 10:01:00,18330,18330,18330,18330,64
2026-04-06 10:02:00,18330,18330,18320,18320,63
2026-04-06 10:03:00,18320,18320,18300,18310,309
2026-04-06 10:04:00,18310,18310,18300,18310,409
2026-04-06 10:05:00,18310,18310,18310,18310,154
2026-04-06 10:06:00,18310,18320,18310,18320,38
2026-04-06 10:07:00,18310,18320,18310,18310,488
2026-04-06 10:08:00,18310,18320,18300,18320,124
2026-04-06 10:09:00,18320,18320,18320,18320,2
2026-04-06 10:10:00,18320,18320,18310,18310,64
2026-04-06 10:11:00,18310,18310,18310,18310,42
2026-04-06 10:12:00,18310,18310,18310,18310,152
2026-04-06 10:13:00,18310,18320,18310,18320,132
2026-04-06 10:14:00,18320,18320,18310,18310,160
2026-04-06 10:15:00,18300,18310,18300,18310,554
2026-04-06 10:17:00,18310,18310,18260,18260,3572
2026-04-06 10:18:00,18250,18270,18250,18270,532
2026-04-06 10:19:00,18270,18270,18260,18270,66
2026-04-06 10:20:00,18260,18260,18250,18250,607
2026-04-06 10:21:00,18250,18250,18200,18230,1118
2026-04-06 10:22:00,18230,18230,18220,18220,5
2026-04-06 10:24:00,18220,18230,18210,18230,723
2026-04-06 10:25:00,18230,18230,18200,18200,755
2026-04-06 10:26:00,18200,18200,18190,18190,247
2026-04-06 10:27:00,18190,18240,18190,18240,1328
2026-04-06 10:28:00,18240,18240,18140,18230,934
2026-04-06 10:29:00,18190,18230,18190,18230,534
2026-04-06 10:30:00,18230,18230,18190,18190,39
2026-04-06 10:31:00,18210,18230,18210,18230,84
2026-04-06 10:32:00,18220,18220,18120,18180,1298
2026-04-06 10:33:00,18140,18140,18140,18140,10
2026-04-06 10:34:00,18150,18150,18110,18150,1050
2026-04-06 10:35:00,18150,18150,18100,18110,1768
2026-04-06 10:36:00,18110,18120,18110,18110,54
2026-04-06 10:37:00,18110,18150,18100,18150,821
2026-04-06 10:38:00,18120,18150,18010,18020,2918
2026-04-06 10:39:00,18030,18130,18000,18100,2367
2026-04-06 10:40:00,18100,18180,18100,18180,909
2026-04-06 10:41:00,18180,18200,18180,18200,798
2026-04-06 10:42:00,18200,18200,18200,18200,2
2026-04-06 10:43:00,18160,18210,18160,18210,590
2026-04-06 10:44:00,18210,18210,18170,18170,150
2026-04-06 10:45:00,18170,18230,18170,18230,315
2026-04-06 10:46:00,18230,18230,18230,18230,65
2026-04-06 10:47:00,18230,18230,18180,18230,595
2026-04-06 10:48:00,18180,18180,18180,18180,17
2026-04-06 10:49:00,18180,18180,18160,18160,786
2026-04-06 10:51:00,18160,18160,18160,18160,426
2026-04-06 10:52:00,18160,18160,18160,18160,20
2026-04-06 10:53:00,18160,18200,18150,18150,265
2026-04-06 10:54:00,18140,18140,18110,18110,2194
2026-04-06 10:55:00,18100,18100,18080,18080,778
2026-04-06 10:56:00,18090,18090,18090,18090,70
2026-04-06 10:57:00,18080,18080,18020,18020,465
2026-04-06 10:58:00,18020,18030,17820,17950,4496
2026-04-06 10:59:00,17950,17990,17840,17990,352
2026-04-06 11:00:00,17940,17960,17860,17860,96
2026-04-06 11:01:00,17980,18010,17910,17990,1375
2026-04-06 11:02:00,17990,17990,17990,17990,63
2026-04-06 11:03:00,17990,17990,17980,17990,24
2026-04-06 11:04:00,17990,17990,17920,17930,194
2026-04-06 11:05:00,17980,17990,17980,17990,427
2026-04-06 11:06:00,17990,18050,17990,17990,452
2026-04-06 11:07:00,18050,18050,18050,18050,66
2026-04-06 11:08:00,18050,18060,18000,18060,233
2026-04-06 11:09:00,18060,18180,18060,18180,1418
2026-04-06 11:10:00,18180,18180,18080,18080,145
2026-04-06 11:11:00,18080,18250,18080,18250,6001
2026-04-06 11:12:00,18170,18190,18150,18190,230
2026-04-06 11:13:00,18190,18220,18190,18220,78
2026-04-06 11:14:00,18240,18240,18200,18230,547
2026-04-06 11:15:00,18230,18230,18230,18230,16
2026-04-06 11:16:00,18230,18330,18230,18330,1928
2026-04-06 11:17:00,18330,18350,18310,18310,92
2026-04-06 11:18:00,18340,18360,18340,18360,256
2026-04-06 11:19:00,18360,18400,18310,18400,882
2026-04-06 11:20:00,18400,18400,18350,18390,339
2026-04-06 11:21:00,18390,18400,18360,18360,107
2026-04-06 11:22:00,18400,18400,18400,18400,9
2026-04-06 11:23:00,18400,18400,18400,18400,2
2026-04-06 11:24:00,18400,18400,18380,18390,45
2026-04-06 11:25:00,18380,18380,18360,18380,171
2026-04-06 11:27:00,18340,18340,18310,18310,38
2026-04-06 11:28:00,18310,18380,18310,18380,274
2026-04-06 11:29:00,18370,18370,18370,18370,20
2026-04-06 11:30:00,18360,18360,18360,18360,25
2026-04-06 11:31:00,18360,18360,18360,18360,15
2026-04-06 11:32:00,18360,18370,18330,18340,585
2026-04-06 11:33:00,18340,18340,18320,18320,67
2026-04-06 11:34:00,18320,18330,18310,18330,230
2026-04-06 11:35:00,18310,18340,18310,18330,199
2026-04-06 11:36:00,18310,18310,18300,18300,200
2026-04-06 11:37:00,18300,18330,18300,18330,657
2026-04-06 11:38:00,18330,18330,18300,18310,34
2026-04-06 11:40:00,18310,18310,18290,18290,399
2026-04-06 11:41:00,18290,18290,18290,18290,50
2026-04-06 11:42:00,18290,18290,18270,18280,248
2026-04-06 11:43:00,18290,18290,18290,18290,1
2026-04-06 11:44:00,18280,18290,18280,18290,30
2026-04-06 11:45:00,18310,18310,18310,18310,130
2026-04-06 11:46:00,18310,18310,18310,18310,1
2026-04-06 11:47:00,18310,18310,18310,18310,4
2026-04-06 11:48:00,18290,18290,18190,18280,1131
2026-04-06 11:49:00,18280,18280,18280,18280,23
2026-04-06 11:50:00,18180,18180,18180,18180,19
2026-04-06 11:52:00,18200,18290,18200,18290,484
2026-04-06 11:53:00,18290,18290,18290,18290,4
2026-04-06 11:54:00,18290,18290,18290,18290,10
2026-04-06 11:55:00,18220,18220,18220,18220,10
2026-04-06 11:56:00,18220,18220,18220,18220,10
2026-04-06 11:57:00,18220,18220,18210,18220,375
2026-04-06 11:59:00,18230,18230,18220,18220,228
2026-04-06 12:00:00,18240,18240,18240,18240,1
2026-04-06 12:01:00,18220,18250,18220,18250,72
2026-04-06 12:02:00,18250,18250,18210,18210,200
2026-04-06 12:03:00,18260,18270,18210,18270,129
2026-04-06 12:04:00,18270,18270,18270,18270,5
2026-04-06 12:05:00,18210,18260,18210,18260,71
2026-04-06 12:06:00,18260,18260,18260,18260,73
2026-04-06 12:07:00,18260,18260,18260,18260,1
2026-04-06 12:08:00,18270,18270,18270,18270,2
2026-04-06 12:09:00,18260,18260,18260,18260,77
2026-04-06 12:10:00,18250,18250,18250,18250,14
2026-04-06 12:11:00,18250,18250,18250,18250,1
2026-04-06 12:13:00,18250,18250,18220,18220,4
2026-04-06 12:14:00,18210,18220,18200,18220,265
2026-04-06 12:16:00,18220,18220,18210,18210,85
2026-04-06 12:17:00,18210,18210,18180,18210,185
2026-04-06 12:18:00,18210,18210,18200,18200,55
2026-04-06 12:19:00,18200,18210,18180,18200,269
2026-04-06 12:20:00,18180,18180,18180,18180,179
2026-04-06 12:21:00,18180,18190,18180,18190,503
2026-04-06 12:22:00,18190,18190,18190,18190,3
2026-04-06 12:23:00,18190,18190,18190,18190,1
2026-04-06 12:24:00,18190,18190,18190,18190,115
2026-04-06 12:25:00,18190,18200,18190,18190,38
2026-04-06 12:27:00,18200,18200,18200,18200,39
2026-04-06 12:28:00,18200,18200,18200,18200,4
2026-04-06 12:29:00,18200,18200,18200,18200,1
2026-04-06 12:30:00,18190,18190,18180,18190,94
2026-04-06 12:31:00,18180,18180,18180,18180,37
2026-04-06 12:32:00,18180,18190,18180,18190,19
2026-04-06 12:33:00,18190,18190,18190,18190,5
2026-04-06 12:34:00,18190,18190,18170,18170,50
2026-04-06 12:35:00,18170,18170,18160,18160,60
2026-04-06 12:36:00,18160,18160,18150,18160,128
2026-04-06 12:37:00,18160,18160,18140,18140,64
2026-04-06 12:38:00,18140,18140,18140,18140,400
2026-04-06 12:39:00,18150,18150,18150,18150,32
2026-04-06 12:40:00,18130,18150,18130,18150,130
2026-04-06 12:41:00,18150,18150,18120,18150,68
2026-04-06 12:42:00,18110,18150,18110,18150,35
2026-04-06 12:43:00,18110,18150,18110,18150,49
2026-04-06 12:44:00,18150,18150,18110,18110,13
2026-04-06 12:46:00,18120,18120,18120,18120,10
2026-04-06 12:47:00,18120,18130,18110,18110,195
2026-04-06 12:48:00,18110,18110,18100,18100,90
2026-04-06 12:49:00,18110,18130,18110,18130,158
2026-04-06 12:50:00,18120,18120,18120,18120,10
2026-04-06 12:51:00,18120,18120,18100,18120,924
2026-04-06 12:52:00,18120,18120,18120,18120,11
2026-04-06 12:53:00,18130,18130,18130,18130,1
2026-04-06 12:54:00,18140,18140,18140,18140,11
2026-04-06 12:55:00,18140,18140,18130,18130,10
2026-04-06 12:56:00,18120,18120,18110,18110,23
2026-04-06 12:57:00,18130,18130,18100,18100,62
2026-04-06 12:58:00,18100,18110,18080,18110,274
2026-04-06 12:59:00,18110,18110,18110,18110,15
2026-04-06 13:00:00,18110,18110,18110,18110,31
2026-04-06 13:01:00,18110,18110,18110,18110,10
2026-04-06 13:03:00,18080,18090,18080,18090,117
2026-04-06 13:04:00,18090,18130,18080,18100,294
2026-04-06 13:05:00,18150,18160,18150,18160,863
2026-04-06 13:06:00,18160,18190,18150,18150,121
2026-04-06 13:07:00,18160,18160,18150,18150,141
2026-04-06 13:08:00,18190,18200,18190,18200,46
2026-04-06 13:09:00,18200,18200,18200,18200,2
2026-04-06 13:10:00,18170,18170,18170,18170,27
2026-04-06 13:11:00,18170,18170,18170,18170,1
2026-04-06 13:13:00,18140,18140,18120,18120,100
2026-04-06 13:14:00,18120,18120,18120,18120,26
2026-04-06 13:15:00,18140,18140,18140,18140,1
2026-04-06 13:16:00,18140,18140,18130,18140,39
2026-04-06 13:17:00,18150,18150,18150,18150,29
2026-04-06 13:18:00,18140,18140,18140,18140,10
2026-04-06 13:19:00,18120,18120,18120,18120,6
2026-04-06 13:21:00,18120,18120,18120,18120,150
2026-04-06 13:22:00,18120,18120,18120,18120,1
2026-04-06 13:23:00,18120,18120,18120,18120,25
2026-04-06 13:25:00,18120,18120,18120,18120,12
2026-04-06 13:27:00,18120,18120,18120,18120,11
2026-04-06 13:28:00,18120,18120,18120,18120,5
2026-04-06 13:29:00,18120,18120,18120,18120,50
2026-04-06 13:30:00,18120,18120,18120,18120,90
2026-04-06 13:32:00,18120,18130,18120,18130,106
2026-04-06 13:33:00,18130,18130,18120,18120,122
2026-04-06 13:34:00,18120,18120,18120,18120,170
2026-04-06 13:35:00,18120,18120,18120,18120,200
2026-04-06 13:36:00,18120,18120,18100,18100,591
2026-04-06 13:37:00,18100,18100,18100,18100,5
2026-04-06 13:38:00,18100,18110,18100,18110,33
2026-04-06 13:39:00,18110,18110,18110,18110,68
2026-04-06 13:40:00,18120,18120,18120,18120,38
2026-04-06 13:41:00,18120,18120,18120,18120,2
2026-04-06 13:42:00,18120,18120,18120,18120,2
2026-04-06 13:43:00,18120,18120,18110,18110,62
2026-04-06 13:44:00,18100,18100,18100,18100,18
2026-04-06 13:45:00,18090,18090,18010,18090,530
2026-04-06 13:46:00,18090,18090,18010,18010,259
2026-04-06 13:47:00,18090,18090,18090,18090,16
2026-04-06 13:48:00,18090,18090,18020,18090,81
2026-04-06 13:49:00,18090,18090,18090,18090,55
2026-04-06 13:50:00,18090,18100,18090,18100,32
2026-04-06 13:51:00,18100,18110,18100,18110,16
2026-04-06 13:52:00,18110,18120,18110,18120,30
2026-04-06 13:53:00,18120,18120,18120,18120,19
2026-04-06 13:54:00,18120,18120,18000,18000,900
2026-04-06 13:55:00,18030,18110,18000,18110,1328
2026-04-06 13:56:00,18110,18110,18110,18110,1
2026-04-06 13:57:00,18110,18110,18100,18100,201
2026-04-06 13:58:00,18100,18100,18100,18100,151
2026-04-06 14:00:00,18100,18100,18100,18100,23
2026-04-06 14:01:00,18050,18050,18050,18050,100
2026-04-06 14:02:00,18050,18100,18050,18100,2212
2026-04-06 14:03:00,18100,18110,18100,18110,123
2026-04-06 14:04:00,18030,18030,18030,18030,100
2026-04-06 14:05:00,18030,18030,18030,18030,26
2026-04-06 14:06:00,18040,18130,18040,18130,437
2026-04-06 14:08:00,18130,18150,18130,18150,682
2026-04-06 14:09:00,18170,18180,18170,18180,601
2026-04-06 14:10:00,18200,18200,18200,18200,187
2026-04-06 14:11:00,18210,18310,18210,18310,1213
2026-04-06 14:12:00,18320,18340,18230,18340,100
2026-04-06 14:13:00,18340,18350,18340,18340,63
2026-04-06 14:14:00,18340,18350,18340,18350,435
2026-04-06 14:15:00,18350,18360,18240,18250,89
2026-04-06 14:16:00,18360,18360,18270,18360,166
2026-04-06 14:17:00,18350,18350,18350,18350,54
2026-04-06 14:18:00,18340,18340,18270,18320,258
2026-04-06 14:19:00,18320,18340,18320,18340,238
2026-04-06 14:20:00,18340,18340,18340,18340,77
2026-04-06 14:21:00,18340,18340,18340,18340,300
2026-04-06 14:22:00,18340,18350,18270,18350,127
2026-04-06 14:23:00,18270,18270,18250,18260,267
2026-04-06 14:24:00,18330,18350,18330,18330,1011
2026-04-06 14:25:00,18330,18330,18330,18330,126
2026-04-06 14:28:00,18330,18330,18300,18300,136
2026-04-06 14:29:00,18300,18300,18290,18290,242
2026-04-06 14:30:00,18290,18290,18290,18290,374
2026-04-06 14:33:00,18280,18280,18260,18260,539
2026-04-06 14:34:00,18260,18260,18210,18210,436
2026-04-06 14:35:00,18210,18210,18210,18210,31
2026-04-06 14:36:00,18220,18220,18220,18220,2
2026-04-06 14:37:00,18210,18210,18210,18210,300
2026-04-06 14:38:00,18220,18220,18220,18220,13
2026-04-06 14:39:00,18230,18260,18230,18260,5
2026-04-06 14:40:00,18250,18250,18250,18250,200
2026-04-06 14:41:00,18250,18250,18220,18230,260
2026-04-06 14:42:00,18240,18240,18240,18240,1
2026-04-06 14:43:00,18240,18240,18200,18200,978
2026-04-06 14:44:00,18200,18210,18200,18200,780
2026-04-06 14:45:00,18200,18210,18200,18200,431
2026-04-06 14:46:00,18200,18220,18200,18220,854
2026-04-06 14:47:00,18220,18230,18210,18220,888
2026-04-06 14:48:00,18220,18230,18220,18220,100
2026-04-06 14:49:00,18220,18230,18220,18230,34
2026-04-06 14:50:00,18230,18230,18230,18230,2
2026-04-06 14:51:00,18230,18230,18220,18230,46
2026-04-06 14:52:00,18230,18250,18230,18250,199
2026-04-06 14:53:00,18250,18250,18230,18250,313
2026-04-06 14:54:00,18230,18240,18230,18240,180
2026-04-06 14:55:00,18240,18250,18230,18230,162
2026-04-06 14:56:00,18230,18240,18230,18240,448
2026-04-06 14:57:00,18240,18240,18240,18240,1
2026-04-06 14:58:00,18250,18250,18250,18250,7
2026-04-06 14:59:00,18250,18250,18250,18250,11
2026-04-06 15:00:00,18250,18250,18250,18250,7
2026-04-06 15:01:00,18250,18250,18240,18250,103
2026-04-06 15:02:00,18250,18250,18240,18250,32
2026-04-06 15:03:00,18250,18250,18250,18250,2
2026-04-06 15:04:00,18250,18250,18250,18250,224
2026-04-06 15:05:00,18240,18250,18240,18250,228
2026-04-06 15:06:00,18250,18260,18250,18260,528
2026-04-06 15:07:00,18270,18290,18260,18290,92
2026-04-06 15:08:00,18290,18290,18290,18290,107
2026-04-06 15:09:00,18290,18300,18280,18300,4682
2026-04-06 15:10:00,18300,18300,18290,18290,250
2026-04-06 15:11:00,18300,18330,18290,18330,4188
2026-04-06 15:12:00,18330,18360,18330,18360,190
2026-04-06 15:13:00,18360,18380,18360,18380,276
2026-04-06 15:14:00,18380,18380,18350,18360,687
2026-04-06 15:15:00,18360,18370,18350,18370,320
2026-04-06 15:16:00,18370,18370,18350,18350,253
2026-04-06 15:17:00,18350,18350,18340,18350,424
2026-04-06 15:18:00,18340,18350,18290,18350,1061
2026-04-06 15:19:00,18310,18360,18310,18350,330
2026-04-06 15:30:00,18360,18360,18360,18360,3289
2026-04-06 15:35:00,18360,18360,18360,18360,18
2026-04-07 09:00:00,18490,18520,18490,18520,2698
2026-04-07 09:01:00,18520,18590,18500,18500,2654
2026-04-07 09:02:00,18510,18520,18260,18310,1224
2026-04-07 09:03:00,18310,18450,18310,18450,732
2026-04-07 09:04:00,18460,18510,18390,18470,619
2026-04-07 09:05:00,18490,18600,18480,18490,1060
2026-04-07 09:06:00,18490,18500,18470,18470,691
2026-04-07 09:07:00,18480,18620,18480,18610,1083
2026-04-07 09:08:00,18630,18740,18620,18740,507
2026-04-07 09:09:00,18740,18790,18730,18740,1229
2026-04-07 09:10:00,18730,18730,18680,18680,347
2026-04-07 09:11:00,18690,18780,18690,18770,551
2026-04-07 09:12:00,18770,18770,18670,18770,433
2026-04-07 09:13:00,18700,18710,18650,18650,113
2026-04-07 09:14:00,18710,18740,18710,18740,404
2026-04-07 09:15:00,18730,18770,18660,18770,892
2026-04-07 09:16:00,18770,18870,18730,18870,1324
2026-04-07 09:17:00,18870,18880,18820,18820,892
2026-04-07 09:18:00,18820,18880,18820,18870,190
2026-04-07 09:19:00,18870,18870,18830,18870,389
2026-04-07 09:20:00,18870,18980,18730,18730,2073
2026-04-07 09:21:00,18730,18750,18730,18750,101
2026-04-07 09:22:00,18750,18820,18750,18750,19
2026-04-07 09:23:00,18750,18810,18740,18810,148
2026-04-07 09:24:00,18810,18810,18810,18810,19
2026-04-07 09:25:00,18810,18810,18810,18810,25
2026-04-07 09:26:00,18760,18770,18760,18770,99
2026-04-07 09:27:00,18770,18780,18770,18780,112
2026-04-07 09:28:00,18790,18790,18790,18790,18
2026-04-07 09:29:00,18790,18790,18760,18760,281
2026-04-07 09:30:00,18760,18790,18750,18790,193
2026-04-07 09:31:00,18790,18790,18780,18780,2
2026-04-07 09:32:00,18750,18750,18680,18680,573
2026-04-07 09:33:00,18680,18700,18680,18700,300
2026-04-07 09:34:00,18710,18710,18700,18700,9
2026-04-07 09:35:00,18710,18710,18690,18690,159
2026-04-07 09:36:00,18690,18700,18690,18700,25
2026-04-07 09:37:00,18710,18710,18700,18700,298
2026-04-07 09:38:00,18700,18700,18680,18690,1522
2026-04-07 09:39:00,18700,18740,18700,18740,101
2026-04-07 09:40:00,18740,18740,18700,18700,158
2026-04-07 09:41:00,18700,18700,18700,18700,61
2026-04-07 09:42:00,18720,18720,18720,18720,14
2026-04-07 09:43:00,18710,18710,18700,18710,1508
2026-04-07 09:44:00,18700,18700,18700,18700,22
2026-04-07 09:45:00,18700,18700,18700,18700,32
2026-04-07 09:46:00,18700,18700,18700,18700,62
2026-04-07 09:47:00,18700,18730,18700,18730,941
2026-04-07 09:48:00,18730,18750,18730,18740,439
2026-04-07 09:49:00,18740,18740,18740,18740,4
2026-04-07 09:50:00,18770,18780,18770,18780,116
2026-04-07 09:51:00,18790,18800,18790,18800,143
2026-04-07 09:52:00,18800,18830,18780,18830,660
2026-04-07 09:53:00,18830,18840,18820,18840,757
2026-04-07 09:54:00,18840,18860,18840,18850,1314
2026-04-07 09:55:00,18850,18860,18840,18850,251
2026-04-07 09:56:00,18850,18850,18780,18780,245
2026-04-07 09:57:00,18790,18820,18790,18820,334
2026-04-07 09:58:00,18850,18850,18850,18850,53
2026-04-07 09:59:00,18850,18850,18800,18800,297
2026-04-07 10:00:00,18800,18800,18740,18780,1229
2026-04-07 10:01:00,18780,18780,18740,18740,172
2026-04-07 10:02:00,18740,18740,18730,18730,104
2026-04-07 10:03:00,18720,18720,18710,18710,396
2026-04-07 10:04:00,18720,18720,18720,18720,101
2026-04-07 10:05:00,18720,18720,18720,18720,31
2026-04-07 10:06:00,18710,18710,18670,18670,793
2026-04-07 10:07:00,18670,18680,18670,18670,243
2026-04-07 10:08:00,18670,18670,18670,18670,101
2026-04-07 10:09:00,18670,18670,18660,18670,474
2026-04-07 10:10:00,18660,18660,18550,18600,1964
2026-04-07 10:11:00,18590,18590,18550,18550,77
2026-04-07 10:12:00,18530,18550,18500,18550,897
2026-04-07 10:13:00,18540,18560,18540,18550,38
2026-04-07 10:14:00,18550,18550,18540,18540,16
2026-04-07 10:15:00,18540,18540,18540,18540,103
2026-04-07 10:16:00,18540,18590,18540,18580,37
2026-04-07 10:17:00,18580,18590,18580,18590,198
2026-04-07 10:18:00,18590,18590,18590,18590,184
2026-04-07 10:19:00,18570,18570,18550,18550,12
2026-04-07 10:20:00,18540,18550,18540,18550,201
2026-04-07 10:21:00,18550,18550,18550,18550,79
2026-04-07 10:22:00,18570,18570,18520,18520,732
2026-04-07 10:23:00,18520,18520,18480,18480,1032
2026-04-07 10:24:00,18480,18480,18430,18430,783
2026-04-07 10:25:00,18430,18430,18410,18410,194
2026-04-07 10:26:00,18410,18460,18410,18460,14
2026-04-07 10:27:00,18460,18460,18410,18410,333
2026-04-07 10:28:00,18410,18450,18400,18450,376
2026-04-07 10:29:00,18440,18450,18440,18450,119
2026-04-07 10:31:00,18450,18450,18450,18450,4
2026-04-07 10:32:00,18450,18450,18410,18410,50
2026-04-07 10:33:00,18400,18400,18400,18400,100
2026-04-07 10:34:00,18410,18410,18380,18380,155
2026-04-07 10:35:00,18380,18440,18380,18380,4
2026-04-07 10:36:00,18390,18390,18380,18380,521
2026-04-07 10:37:00,18390,18390,18390,18390,15
2026-04-07 10:38:00,18390,18450,18350,18350,398
2026-04-07 10:39:00,18350,18350,18320,18320,715
2026-04-07 10:40:00,18320,18320,18290,18290,289
2026-04-07 10:41:00,18300,18320,18295,18320,93
2026-04-07 10:42:00,18350,18380,18320,18380,80
2026-04-07 10:43:00,18360,18420,18340,18380,91
2026-04-07 10:44:00,18330,18380,18320,18380,881
2026-04-07 10:45:00,18380,18380,18380,18380,2
2026-04-07 10:46:00,18380,18410,18380,18380,433
2026-04-07 10:47:00,18410,18410,18350,18380,34
2026-04-07 10:48:00,18410,18410,18410,18410,19
2026-04-07 10:49:00,18410,18420,18410,18420,227
2026-04-07 10:50:00,18390,18390,18390,18390,300
2026-04-07 10:51:00,18390,18390,18310,18310,141
2026-04-07 10:52:00,18310,18310,18300,18300,186
2026-04-07 10:53:00,18300,18300,18270,18280,203
2026-04-07 10:54:00,18370,18370,18280,18280,47
2026-04-07 10:55:00,18290,18290,18290,18290,26
2026-04-07 10:56:00,18280,18280,18260,18260,1474
2026-04-07 10:57:00,18260,18260,18250,18260,189
2026-04-07 10:58:00,18250,18260,18250,18260,784
2026-04-07 10:59:00,18250,18250,18250,18250,897
2026-04-07 11:00:00,18240,18250,18210,18210,355
2026-04-07 11:01:00,18210,18210,18200,18200,137
2026-04-07 11:02:00,18190,18190,18190,18190,9
2026-04-07 11:03:00,18190,18190,18190,18190,30
2026-04-07 11:04:00,18190,18190,18170,18170,92
2026-04-07 11:05:00,18170,18190,18170,18190,225
2026-04-07 11:06:00,18170,18210,18170,18210,1162
2026-04-07 11:07:00,18210,18210,18160,18210,65
2026-04-07 11:08:00,18170,18170,18150,18150,499
2026-04-07 11:09:00,18150,18200,18150,18200,126
2026-04-07 11:10:00,18200,18230,18200,18230,282
2026-04-07 11:11:00,18230,18230,18220,18220,68
2026-04-07 11:12:00,18210,18210,18170,18170,47
2026-04-07 11:13:00,18170,18180,18170,18180,119
2026-04-07 11:14:00,18180,18180,18160,18160,152
2026-04-07 11:15:00,18160,18160,18150,18150,539
2026-04-07 11:16:00,18150,18170,18150,18160,24
2026-04-07 11:17:00,18160,18160,18140,18140,283
2026-04-07 11:18:00,18140,18160,18120,18120,688
2026-04-07 11:19:00,18160,18170,18160,18170,21
2026-04-07 11:20:00,18170,18180,18170,18180,333
2026-04-07 11:22:00,18310,18310,18310,18310,1
2026-04-07 11:24:00,18270,18270,18270,18270,6
2026-04-07 11:25:00,18260,18270,18260,18270,117
2026-04-07 11:28:00,18240,18240,18240,18240,15
2026-04-07 11:29:00,18240,18240,18240,18240,5
2026-04-07 11:30:00,18210,18240,18200,18240,13
2026-04-07 11:31:00,18240,18240,18240,18240,40
2026-04-07 11:32:00,18220,18220,18220,18220,22
2026-04-07 11:33:00,18220,18220,18220,18220,8
2026-04-07 11:34:00,18210,18250,18210,18250,6
2026-04-07 11:35:00,18210,18210,18110,18210,672
2026-04-07 11:37:00,18190,18220,18190,18220,26
2026-04-07 11:38:00,18150,18150,18150,18150,33
2026-04-07 11:39:00,18220,18240,18220,18240,774
2026-04-07 11:40:00,18240,18240,18240,18240,18
2026-04-07 11:42:00,18230,18230,18230,18230,208
2026-04-07 11:43:00,18150,18160,18150,18160,25
2026-04-07 11:44:00,18150,18150,18130,18130,221
2026-04-07 11:45:00,18130,18130,18120,18120,632
2026-04-07 11:46:00,18130,18160,18130,18160,1249
2026-04-07 11:48:00,18160,18240,18160,18240,10
2026-04-07 11:49:00,18160,18160,18150,18150,150
2026-04-07 11:50:00,18150,18150,18150,18150,24
2026-04-07 11:51:00,18150,18150,18150,18150,174
2026-04-07 11:52:00,18150,18150,18140,18150,223
2026-04-07 11:53:00,18150,18150,18150,18150,3
2026-04-07 11:54:00,18150,18150,18140,18150,35
2026-04-07 11:55:00,18150,18190,18150,18170,437
2026-04-07 11:56:00,18160,18160,18160,18160,39
2026-04-07 11:57:00,18160,18230,18160,18230,6
2026-04-07 11:58:00,18200,18200,18200,18200,10
2026-04-07 11:59:00,18190,18190,18190,18190,21
2026-04-07 12:00:00,18190,18200,18140,18150,1349
2026-04-07 12:01:00,18150,18180,18150,18180,137
2026-04-07 12:02:00,18190,18200,18190,18200,122
2026-04-07 12:03:00,18200,18200,18200,18200,9
2026-04-07 12:05:00,18230,18230,18230,18230,19
2026-04-07 12:06:00,18230,18230,18220,18220,34
2026-04-07 12:08:00,18220,18220,18200,18200,103
2026-04-07 12:09:00,18200,18200,18200,18200,52
2026-04-07 12:10:00,18200,18200,18200,18200,40
2026-04-07 12:11:00,18200,18200,18160,18170,366
2026-04-07 12:12:00,18160,18160,18140,18150,1113
2026-04-07 12:13:00,18150,18150,18150,18150,123
2026-04-07 12:14:00,18150,18160,18140,18160,446
2026-04-07 12:16:00,18150,18160,18140,18140,363
2026-04-07 12:18:00,18140,18140,18140,18140,9
2026-04-07 12:19:00,18140,18140,18130,18130,789
2026-04-07 12:20:00,18120,18120,18120,18120,10
2026-04-07 12:21:00,18130,18140,18120,18140,112
2026-04-07 12:22:00,18140,18145,18140,18140,13
2026-04-07 12:23:00,18140,18140,18140,18140,17
2026-04-07 12:24:00,18140,18200,18130,18200,134
2026-04-07 12:25:00,18200,18200,18200,18200,18
2026-04-07 12:27:00,18180,18180,18180,18180,6
2026-04-07 12:28:00,18180,18180,18130,18130,1089
2026-04-07 12:29:00,18140,18140,18130,18140,69
2026-04-07 12:30:00,18140,18140,18120,18120,615
2026-04-07 12:32:00,18120,18130,18120,18120,372
2026-04-07 12:34:00,18120,18150,18110,18150,288
2026-04-07 12:35:00,18160,18160,18150,18150,9
2026-04-07 12:36:00,18150,18150,18150,18150,4
2026-04-07 12:37:00,18150,18150,18150,18150,1
2026-04-07 12:38:00,18120,18120,18120,18120,2
2026-04-07 12:40:00,18130,18130,18120,18120,116
2026-04-07 12:41:00,18130,18140,18120,18140,20
2026-04-07 12:42:00,18140,18140,18130,18130,135
2026-04-07 12:43:00,18140,18140,18130,18130,7
2026-04-07 12:44:00,18130,18150,18130,18150,119
2026-04-07 12:45:00,18150,18150,18150,18150,4
2026-04-07 12:46:00,18150,18150,18120,18120,85
2026-04-07 12:47:00,18120,18140,18120,18140,214
2026-04-07 12:49:00,18150,18150,18120,18150,117
2026-04-07 12:50:00,18140,18140,18140,18140,4
2026-04-07 12:51:00,18120,18140,18120,18130,25
2026-04-07 12:52:00,18135,18135,18135,18135,9
2026-04-07 12:53:00,18140,18150,18140,18150,25
2026-04-07 12:54:00,18145,18145,18130,18130,109
2026-04-07 12:55:00,18130,18140,18090,18090,1850
2026-04-07 12:56:00,18090,18130,18090,18130,65
2026-04-07 12:57:00,18130,18140,18100,18140,123
2026-04-07 12:58:00,18150,18160,18150,18160,137
2026-04-07 12:59:00,18160,18160,18160,18160,1
2026-04-07 13:00:00,18160,18160,18140,18140,402
2026-04-07 13:01:00,18140,18140,18140,18140,59
2026-04-07 13:02:00,18140,18150,18140,18150,53
2026-04-07 13:03:00,18140,18150,18140,18140,57
2026-04-07 13:04:00,18130,18150,18130,18150,33
2026-04-07 13:05:00,18150,18150,18140,18140,113
2026-04-07 13:06:00,18140,18140,18140,18140,61
2026-04-07 13:07:00,18140,18140,18130,18130,103
2026-04-07 13:08:00,18120,18120,18090,18090,92
2026-04-07 13:09:00,18090,18100,18080,18080,6219
2026-04-07 13:10:00,18090,18090,18090,18090,169
2026-04-07 13:11:00,18080,18080,18070,18080,656
2026-04-07 13:12:00,18060,18060,18060,18060,140
2026-04-07 13:13:00,18060,18060,18050,18050,399
2026-04-07 13:14:00,18050,18050,18010,18010,1470
2026-04-07 13:15:00,18020,18020,18000,18010,1237
2026-04-07 13:16:00,18010,18010,18000,18000,276
2026-04-07 13:17:00,18010,18010,18000,18000,190
2026-04-07 13:18:00,18000,18000,17980,17980,665
2026-04-07 13:19:00,17980,17980,17940,17940,1539
2026-04-07 13:20:00,17940,17960,17900,17960,4412
2026-04-07 13:21:00,17990,18010,17970,17970,195
2026-04-07 13:22:00,17980,17980,17980,17980,118
2026-04-07 13:23:00,17990,17990,17980,17980,70
2026-04-07 13:24:00,18010,18050,18010,18020,402
2026-04-07 13:25:00,18020,18050,18020,18020,289
2026-04-07 13:26:00,18020,18140,18020,18140,166
2026-04-07 13:29:00,18100,18120,18100,18120,109
2026-04-07 13:30:00,18120,18150,18120,18150,310
2026-04-07 13:31:00,18150,18190,18150,18190,83
2026-04-07 13:32:00,18160,18170,18160,18170,96
2026-04-07 13:33:00,18170,18180,18150,18150,289
2026-04-07 13:34:00,18160,18160,18160,18160,13
2026-04-07 13:35:00,18160,18190,18150,18160,436
2026-04-07 13:36:00,18160,18200,18160,18200,379
2026-04-07 13:37:00,18200,18200,18190,18190,11
2026-04-07 13:38:00,18190,18190,18150,18150,71
2026-04-07 13:39:00,18150,18150,18120,18130,328
2026-04-07 13:41:00,18120,18130,18110,18130,31
2026-04-07 13:42:00,18130,18130,18130,18130,21
2026-04-07 13:43:00,18130,18140,18130,18140,97
2026-04-07 13:44:00,18140,18150,18140,18150,39
2026-04-07 13:45:00,18150,18150,18150,18150,51
2026-04-07 13:46:00,18140,18140,18140,18140,2
2026-04-07 13:47:00,18130,18130,18130,18130,34
2026-04-07 13:48:00,18130,18150,18130,18150,146
2026-04-07 13:49:00,18180,18180,18170,18170,17
2026-04-07 13:50:00,18170,18170,18130,18170,11
2026-04-07 13:51:00,18130,18130,18130,18130,4
2026-04-07 13:52:00,18130,18140,18130,18140,334
2026-04-07 13:53:00,18130,18130,18130,18130,38
2026-04-07 13:54:00,18130,18130,18120,18130,34
2026-04-07 13:55:00,18130,18130,18130,18130,16
2026-04-07 13:56:00,18120,18130,18120,18130,60
2026-04-07 13:57:00,18130,18130,18120,18130,19
2026-04-07 13:58:00,18130,18130,18120,18120,120
2026-04-07 13:59:00,18120,18130,18100,18110,433
2026-04-07 14:00:00,18110,18110,18100,18110,90
2026-04-07 14:01:00,18110,18110,18080,18080,211
2026-04-07 14:02:00,18080,18080,18070,18080,18
2026-04-07 14:03:00,18080,18080,18080,18080,6
2026-04-07 14:04:00,18080,18080,18080,18080,8
2026-04-07 14:05:00,18080,18080,18060,18080,25
2026-04-07 14:06:00,18080,18080,18080,18080,162
2026-04-07 14:07:00,18100,18100,18070,18100,172
2026-04-07 14:08:00,18100,18100,18070,18100,20
2026-04-07 14:09:00,18100,18110,18100,18110,20
2026-04-07 14:10:00,18110,18110,18110,18110,13
2026-04-07 14:11:00,18110,18110,18070,18080,254
2026-04-07 14:12:00,18080,18080,18070,18080,29
2026-04-07 14:13:00,18080,18110,18080,18110,3
2026-04-07 14:15:00,18090,18100,18090,18100,58
2026-04-07 14:16:00,18090,18090,18080,18080,15
2026-04-07 14:17:00,18090,18120,18090,18120,1019
2026-04-07 14:18:00,18120,18120,18120,18120,8
2026-04-07 14:19:00,18120,18150,18120,18150,20
2026-04-07 14:20:00,18150,18160,18150,18160,81
2026-04-07 14:21:00,18100,18100,18090,18090,153
2026-04-07 14:22:00,18090,18130,18090,18130,45
2026-04-07 14:23:00,18130,18130,18130,18130,21
2026-04-07 14:24:00,18130,18140,18130,18140,26
2026-04-07 14:25:00,18140,18140,18100,18100,69
2026-04-07 14:26:00,18100,18100,18080,18080,450
2026-04-07 14:27:00,18080,18080,18050,18080,289
2026-04-07 14:28:00,18080,18130,18080,18130,5
2026-04-07 14:29:00,18130,18130,18130,18130,100
2026-04-07 14:30:00,18080,18090,18070,18080,595
2026-04-07 14:31:00,18070,18070,18050,18070,158
2026-04-07 14:32:00,18070,18080,18070,18080,42
2026-04-07 14:33:00,18080,18080,18070,18070,28
2026-04-07 14:34:00,18070,18070,18070,18070,13
2026-04-07 14:35:00,18070,18070,18060,18070,246
2026-04-07 14:36:00,18060,18070,18060,18070,117
2026-04-07 14:37:00,18070,18070,18060,18070,229
2026-04-07 14:38:00,18070,18070,18060,18060,27
2026-04-07 14:39:00,18070,18070,17980,18000,2412
2026-04-07 14:40:00,18000,18000,18000,18000,22
2026-04-07 14:41:00,18000,18000,17970,17970,13
2026-04-07 14:42:00,18020,18020,18020,18020,21
2026-04-07 14:43:00,18020,18040,18010,18010,83
2026-04-07 14:44:00,18030,18050,18000,18000,1391
2026-04-07 14:45:00,18000,18070,18000,18070,246
2026-04-07 14:46:00,18070,18070,18070,18070,12
2026-04-07 14:47:00,18070,18080,18070,18080,16
2026-04-07 14:48:00,18080,18080,18080,18080,4
2026-04-07 14:49:00,18080,18080,18070,18070,349
2026-04-07 14:50:00,18070,18070,18050,18060,74
2026-04-07 14:51:00,18060,18090,18060,18090,15
2026-04-07 14:52:00,18090,18100,18090,18100,51
2026-04-07 14:53:00,18110,18150,18110,18150,57
2026-04-07 14:54:00,18110,18110,18060,18070,444
2026-04-07 14:55:00,18070,18070,18060,18070,35
2026-04-07 14:56:00,18070,18130,18070,18130,200
2026-04-07 14:57:00,18130,18140,18080,18080,207
2026-04-07 14:58:00,18090,18170,18090,18170,594
2026-04-07 14:59:00,18170,18170,18160,18160,21
2026-04-07 15:00:00,18110,18160,18110,18110,193
2026-04-07 15:01:00,18110,18110,18090,18090,73
2026-04-07 15:02:00,18080,18110,18070,18110,264
2026-04-07 15:03:00,18110,18110,18090,18100,140
2026-04-07 15:04:00,18150,18150,18150,18150,63
2026-04-07 15:05:00,18120,18140,18120,18140,122
2026-04-07 15:06:00,18130,18130,18110,18130,380
2026-04-07 15:07:00,18110,18110,18070,18090,204
2026-04-07 15:08:00,18090,18130,18090,18130,727
2026-04-07 15:09:00,18130,18170,18130,18150,267
2026-04-07 15:10:00,18150,18150,18150,18150,6
2026-04-07 15:11:00,18130,18140,18130,18140,292
2026-04-07 15:12:00,18140,18140,18140,18140,86
2026-04-07 15:13:00,18120,18140,18100,18140,208
2026-04-07 15:14:00,18100,18170,18100,18170,273
2026-04-07 15:15:00,18170,18170,18100,18100,66
2026-04-07 15:16:00,18110,18160,18110,18110,366
2026-04-07 15:17:00,18100,18110,18090,18110,440
2026-04-07 15:18:00,18100,18160,18100,18160,122
2026-04-07 15:19:00,18100,18170,18100,18170,951
2026-04-07 15:30:00,18180,18180,18180,18180,2197
2026-04-07 15:35:00,18180,18180,18180,18180,162
2026-04-08 09:00:00,19000,19440,19000,19365,4925
2026-04-08 09:01:00,19365,19430,19150,19340,2839
2026-04-08 09:02:00,19220,19300,19160,19160,2050
2026-04-08 09:03:00,19180,19210,19100,19100,2836
2026-04-08 09:04:00,19110,19130,19000,19000,1172
2026-04-08 09:05:00,19000,19010,19000,19010,490
2026-04-08 09:06:00,19020,19130,19000,19010,1467
2026-04-08 09:07:00,19010,19020,19010,19010,269
2026-04-08 09:08:00,19045,19100,19020,19100,515
2026-04-08 09:09:00,19100,19140,19070,19140,940
2026-04-08 09:10:00,19140,19240,19140,19230,1952
2026-04-08 09:11:00,19160,19230,19150,19210,1257
2026-04-08 09:12:00,19210,19220,19150,19200,430
2026-04-08 09:13:00,19200,19230,19200,19230,830
2026-04-08 09:14:00,19200,19230,19160,19180,388
2026-04-08 09:15:00,19180,19180,19160,19160,287
2026-04-08 09:16:00,19150,19150,19150,19150,317
2026-04-08 09:17:00,19150,19150,19140,19140,158
2026-04-08 09:18:00,19145,19150,19140,19140,145
2026-04-08 09:19:00,19140,19210,19000,19210,4952
2026-04-08 09:20:00,19210,19210,19070,19210,37
2026-04-08 09:21:00,19210,19210,19210,19210,65
2026-04-08 09:22:00,19210,19210,19110,19120,44
2026-04-08 09:23:00,19130,19220,19130,19220,725
2026-04-08 09:24:00,19210,19210,19200,19210,118
2026-04-08 09:25:00,19150,19150,19120,19120,607
2026-04-08 09:26:00,19130,19130,19100,19100,376
2026-04-08 09:27:00,19110,19110,19000,19000,2034
2026-04-08 09:28:00,19000,19000,18960,18960,1192
2026-04-08 09:29:00,18960,19010,18960,19000,453
2026-04-08 09:30:00,19070,19090,19070,19090,185
2026-04-08 09:31:00,19090,19090,19030,19080,327
2026-04-08 09:32:00,19040,19040,19010,19010,352
2026-04-08 09:33:00,19010,19010,18980,19000,1337
2026-04-08 09:34:00,19000,19000,18980,18980,523
2026-04-08 09:35:00,18990,19000,18950,18950,1103
2026-04-08 09:36:00,18970,19000,18950,19000,1181
2026-04-08 09:37:00,18980,19020,18960,19020,364
2026-04-08 09:38:00,19010,19010,18970,18970,97
2026-04-08 09:39:00,18980,19010,18980,18990,405
2026-04-08 09:40:00,18980,19020,18980,19020,444
2026-04-08 09:41:00,19000,19020,18970,18990,1567
2026-04-08 09:42:00,18990,19020,18990,19020,1580
2026-04-08 09:43:00,19020,19020,18990,18990,1084
2026-04-08 09:44:00,19000,19030,19000,19030,932
2026-04-08 09:45:00,19030,19030,19000,19030,207
2026-04-08 09:46:00,19010,19030,19010,19030,175
2026-04-08 09:47:00,19030,19080,19010,19010,717
2026-04-08 09:48:00,19070,19100,19010,19030,1401
2026-04-08 09:49:00,19030,19170,19030,19170,943
2026-04-08 09:50:00,19170,19170,19110,19150,873
2026-04-08 09:51:00,19140,19150,19140,19140,26
2026-04-08 09:52:00,19150,19160,19140,19160,462
2026-04-08 09:53:00,19160,19170,19160,19170,446
2026-04-08 09:54:00,19170,19180,19150,19180,3384
2026-04-08 09:55:00,19170,19180,19150,19170,344
2026-04-08 09:56:00,19150,19160,19110,19120,1680
2026-04-08 09:57:00,19120,19180,19120,19160,3028
2026-04-08 09:58:00,19170,19190,19130,19130,1194
2026-04-08 09:59:00,19140,19140,19140,19140,13
2026-04-08 10:00:00,19140,19180,19140,19180,191
2026-04-08 10:01:00,19180,19180,19180,19180,1
2026-04-08 10:02:00,19150,19150,19140,19140,70
2026-04-08 10:03:00,19140,19140,19110,19110,541
2026-04-08 10:04:00,19100,19100,19070,19070,36
2026-04-08 10:05:00,19070,19070,19070,19070,106
2026-04-08 10:06:00,19060,19060,19060,19060,20
2026-04-08 10:07:00,19050,19050,19040,19040,154
2026-04-08 10:08:00,19040,19070,19040,19070,401
2026-04-08 10:09:00,19070,19080,19070,19080,3
2026-04-08 10:10:00,19060,19100,19060,19080,203
2026-04-08 10:11:00,19080,19080,19080,19080,103
2026-04-08 10:12:00,19080,19080,19060,19060,166
2026-04-08 10:13:00,19070,19070,19070,19070,120
2026-04-08 10:14:00,19070,19150,19070,19100,458
2026-04-08 10:15:00,19100,19150,19100,19100,448
2026-04-08 10:16:00,19100,19100,19100,19100,110
2026-04-08 10:17:00,19100,19100,19100,19100,230
2026-04-08 10:18:00,19100,19100,19080,19100,42
2026-04-08 10:19:00,19080,19100,19080,19100,543
2026-04-08 10:20:00,19080,19080,19080,19080,150
2026-04-08 10:21:00,19080,19100,19080,19100,52
2026-04-08 10:22:00,19100,19140,19080,19130,1480
2026-04-08 10:23:00,19090,19090,19090,19090,11
2026-04-08 10:24:00,19090,19090,19080,19080,158
2026-04-08 10:25:00,19080,19080,19070,19070,179
2026-04-08 10:26:00,19060,19060,19060,19060,389
2026-04-08 10:27:00,19060,19070,19050,19070,257
2026-04-08 10:28:00,19070,19080,19040,19040,219
2026-04-08 10:29:00,19040,19040,19040,19040,117
2026-04-08 10:30:00,19040,19040,19030,19030,275
2026-04-08 10:31:00,19040,19040,19030,19040,151
2026-04-08 10:32:00,19040,19040,19030,19030,104
2026-04-08 10:33:00,19030,19030,19020,19020,128
2026-04-08 10:34:00,19020,19040,19010,19040,429
2026-04-08 10:35:00,19040,19040,19030,19030,13
2026-04-08 10:36:00,19010,19040,19000,19040,752
2026-04-08 10:37:00,19040,19040,19010,19010,156
2026-04-08 10:38:00,19010,19040,19000,19010,1212
2026-04-08 10:39:00,19010,19040,19000,19000,622
2026-04-08 10:40:00,19000,19000,19000,19000,67
2026-04-08 10:41:00,19000,19000,19000,19000,489
2026-04-08 10:42:00,19000,19010,19000,19000,438
2026-04-08 10:43:00,19040,19040,19000,19000,30
2026-04-08 10:44:00,19010,19010,19000,19000,219
2026-04-08 10:45:00,19000,19000,19000,19000,117
2026-04-08 10:46:00,19000,19000,19000,19000,125
2026-04-08 10:47:00,19000,19000,19000,19000,92
2026-04-08 10:48:00,18990,18990,18980,18980,61
2026-04-08 10:49:00,18980,19000,18980,18980,211
2026-04-08 10:50:00,18980,19000,18970,19000,410
2026-04-08 10:51:00,18970,19000,18970,18970,779
2026-04-08 10:52:00,18970,18980,18970,18970,553
2026-04-08 10:54:00,18980,19000,18970,18980,157
2026-04-08 10:55:00,18980,19000,18980,19000,13
2026-04-08 10:56:00,18980,18980,18970,18980,205
2026-04-08 10:57:00,18980,19000,18970,18970,588
2026-04-08 10:58:00,18970,19000,18950,19000,741
2026-04-08 10:59:00,19000,19000,18940,18940,199
2026-04-08 11:00:00,18940,19000,18940,19000,108
2026-04-08 11:01:00,18950,19000,18950,19000,179
2026-04-08 11:02:00,19000,19010,18950,19010,444
2026-04-08 11:03:00,19010,19010,19010,19010,11
2026-04-08 11:04:00,19010,19010,18990,18990,50
2026-04-08 11:05:00,18990,19030,18990,19030,514
2026-04-08 11:06:00,19000,19000,18950,18950,570
2026-04-08 11:07:00,18950,18950,18950,18950,143
2026-04-08 11:08:00,18980,18980,18980,18980,1
2026-04-08 11:09:00,18990,18990,18990,18990,66
2026-04-08 11:10:00,18980,18980,18950,18950,211
2026-04-08 11:11:00,18950,18950,18940,18940,653
2026-04-08 11:12:00,18950,18950,18940,18940,142
2026-04-08 11:13:00,18940,18950,18940,18950,403
2026-04-08 11:14:00,18950,18950,18940,18940,712
2026-04-08 11:15:00,18940,18970,18940,18970,799
2026-04-08 11:16:00,18970,18980,18950,18970,19
2026-04-08 11:17:00,18950,18950,18950,18950,9
2026-04-08 11:18:00,18960,18980,18960,18980,269
2026-04-08 11:19:00,18980,18980,18980,18980,62
2026-04-08 11:20:00,18970,18980,18960,18960,193
2026-04-08 11:21:00,18980,18990,18960,18960,252
2026-04-08 11:22:00,18990,19030,18990,19030,225
2026-04-08 11:23:00,19020,19070,19020,19070,199
2026-04-08 11:24:00,19020,19060,19020,19060,13
2026-04-08 11:25:00,19050,19050,19040,19050,113
2026-04-08 11:26:00,19030,19030,19010,19010,176
2026-04-08 11:28:00,19020,19020,19000,19000,134
2026-04-08 11:29:00,19000,19000,19000,19000,163
2026-04-08 11:30:00,18990,19010,18980,19010,678
2026-04-08 11:31:00,19010,19010,18990,18990,49
2026-04-08 11:32:00,18990,19010,18990,19010,74
2026-04-08 11:33:00,18990,19010,18980,18980,379
2026-04-08 11:34:00,18980,18980,18980,18980,3
2026-04-08 11:35:00,18990,19000,18990,19000,118
2026-04-08 11:36:00,19000,19000,18990,18990,69
2026-04-08 11:37:00,18990,18990,18990,18990,54
2026-04-08 11:38:00,18990,18990,18980,18980,138
2026-04-08 11:39:00,18980,18990,18980,18990,31
2026-04-08 11:40:00,18990,19000,18990,19000,122
2026-04-08 11:41:00,18990,18990,18990,18990,530
2026-04-08 11:42:00,18990,19010,18990,19010,141
2026-04-08 11:43:00,18990,18990,18990,18990,12
2026-04-08 11:44:00,19000,19000,19000,19000,617
2026-04-08 11:45:00,19000,19010,19000,19000,334
2026-04-08 11:46:00,19000,19010,19000,19000,192
2026-04-08 11:48:00,19010,19010,19000,19000,117
2026-04-08 11:49:00,19000,19010,19000,19000,386
2026-04-08 11:50:00,19000,19000,18990,18990,123
2026-04-08 11:51:00,18990,18990,18990,18990,20
2026-04-08 11:52:00,18990,19070,18990,19060,846
2026-04-08 11:53:00,19060,19060,19060,19060,5
2026-04-08 11:54:00,19030,19060,19000,19060,178
2026-04-08 11:55:00,19060,19070,19050,19070,370
2026-04-08 11:56:00,19060,19060,19000,19000,101
2026-04-08 11:57:00,19000,19000,19000,19000,133
2026-04-08 11:58:00,19000,19000,18990,18990,10
2026-04-08 11:59:00,18980,18980,18980,18980,97
2026-04-08 12:00:00,18980,18980,18970,18970,297
2026-04-08 12:02:00,18970,18980,18970,18980,377
2026-04-08 12:03:00,18980,19000,18980,19000,249
2026-04-08 12:04:00,19000,19000,18990,18990,14
2026-04-08 12:05:00,18990,18990,18990,18990,118
2026-04-08 12:06:00,19000,19000,19000,19000,18
2026-04-08 12:07:00,18990,19000,18990,18990,168
2026-04-08 12:08:00,18990,18990,18990,18990,210
2026-04-08 12:09:00,18990,18990,18990,18990,290
2026-04-08 12:10:00,18990,18990,18990,18990,128
2026-04-08 12:11:00,18990,18990,18990,18990,1
2026-04-08 12:12:00,19000,19000,18990,18990,192
2026-04-08 12:13:00,18990,18990,18990,18990,139
2026-04-08 12:14:00,18990,19000,18990,19000,65
2026-04-08 12:15:00,18990,18990,18980,18990,260
2026-04-08 12:16:00,18990,18990,18990,18990,40
2026-04-08 12:17:00,18990,18990,18980,18990,345
2026-04-08 12:18:00,18990,18990,18980,18980,119
2026-04-08 12:19:00,18980,18990,18980,18980,62
2026-04-08 12:20:00,18990,19000,18980,18990,161
2026-04-08 12:21:00,18990,18990,18990,18990,5
2026-04-08 12:22:00,18990,18990,18980,18980,1613
2026-04-08 12:23:00,18970,18990,18970,18970,617
2026-04-08 12:24:00,18960,18970,18950,18960,1006
2026-04-08 12:25:00,18960,18960,18950,18950,233
2026-04-08 12:26:00,18950,18950,18950,18950,21
2026-04-08 12:27:00,18950,18950,18940,18940,416
2026-04-08 12:28:00,18940,18940,18930,18930,1768
2026-04-08 12:29:00,18920,18920,18920,18920,215
2026-04-08 12:30:00,18930,18950,18920,18920,604
2026-04-08 12:31:00,18930,18950,18920,18920,750
2026-04-08 12:32:00,18950,18950,18950,18950,105
2026-04-08 12:33:00,18930,18930,18930,18930,4
2026-04-08 12:34:00,18920,18920,18920,18920,117
2026-04-08 12:35:00,18920,18950,18920,18950,25
2026-04-08 12:36:00,18940,18940,18920,18930,28
2026-04-08 12:37:00,18930,18930,18920,18920,247
2026-04-08 12:38:00,18910,18910,18900,18900,243
2026-04-08 12:39:00,18900,18900,18880,18880,336
2026-04-08 12:40:00,18880,18900,18880,18890,193
2026-04-08 12:41:00,18890,18890,18880,18880,121
2026-04-08 12:42:00,18880,18890,18880,18880,271
2026-04-08 12:43:00,18880,18880,18880,18880,9
2026-04-08 12:44:00,18880,18880,18880,18880,137
2026-04-08 12:45:00,18880,18880,18870,18870,166
2026-04-08 12:46:00,18870,18870,18860,18860,276
2026-04-08 12:47:00,18860,18880,18820,18880,1889
2026-04-08 12:48:00,18880,18880,18850,18880,230
2026-04-08 12:49:00,18850,18880,18850,18870,76
2026-04-08 12:50:00,18860,18860,18820,18820,205
2026-04-08 12:51:00,18860,18870,18820,18820,30
2026-04-08 12:52:00,18870,18880,18870,18880,118
2026-04-08 12:53:00,18870,18880,18870,18880,207
2026-04-08 12:54:00,18870,18870,18860,18870,80
2026-04-08 12:55:00,18870,18870,18870,18870,53
2026-04-08 12:56:00,18860,18860,18860,18860,148
2026-04-08 12:57:00,18870,18880,18860,18880,136
2026-04-08 12:58:00,18880,18890,18880,18890,197
2026-04-08 12:59:00,18890,18930,18890,18930,320
2026-04-08 13:00:00,18950,18950,18950,18950,342
2026-04-08 13:01:00,18940,18970,18940,18970,239
2026-04-08 13:02:00,18970,19000,18970,19000,340
2026-04-08 13:03:00,19010,19020,18990,18990,358
2026-04-08 13:04:00,18990,18990,18970,18970,436
2026-04-08 13:05:00,18980,18980,18970,18970,17
2026-04-08 13:06:00,18980,18990,18980,18990,128
2026-04-08 13:07:00,18970,19000,18970,19000,317
2026-04-08 13:08:00,19000,19000,19000,19000,93
2026-04-08 13:09:00,19000,19010,19000,19010,21
2026-04-08 13:10:00,18980,18980,18970,18980,21
2026-04-08 13:11:00,18980,18980,18980,18980,117
2026-04-08 13:12:00,18970,19000,18970,18990,68
2026-04-08 13:13:00,18990,18990,18970,18970,200
2026-04-08 13:14:00,18970,18980,18970,18980,260
2026-04-08 13:15:00,18980,18990,18980,18990,20
2026-04-08 13:16:00,18980,18980,18950,18960,631
2026-04-08 13:17:00,18960,18960,18960,18960,22
2026-04-08 13:18:00,18960,18960,18960,18960,32
2026-04-08 13:19:00,18960,18960,18960,18960,10
2026-04-08 13:20:00,18960,18960,18950,18950,208
2026-04-08 13:21:00,18950,18960,18930,18930,433
2026-04-08 13:22:00,18950,18960,18910,18910,700
2026-04-08 13:23:00,18910,18960,18910,18960,15
2026-04-08 13:24:00,18960,18970,18950,18950,111
2026-04-08 13:25:00,18920,18950,18920,18940,13
2026-04-08 13:26:00,18940,18940,18920,18920,285
2026-04-08 13:27:00,18920,18940,18920,18940,142
2026-04-08 13:28:00,18920,18920,18910,18910,102
2026-04-08 13:29:00,18910,18910,18900,18900,602
2026-04-08 13:30:00,18900,18920,18900,18900,56
2026-04-08 13:31:00,18920,18920,18900,18910,208
2026-04-08 13:32:00,18910,18910,18900,18910,464
2026-04-08 13:33:00,18900,18910,18900,18910,220
2026-04-08 13:34:00,18900,18900,18900,18900,282
2026-04-08 13:35:00,18905,18905,18905,18905,85
2026-04-08 13:36:00,18900,18900,18900,18900,737
2026-04-08 13:37:00,18890,18900,18890,18900,211
2026-04-08 13:38:00,18900,18900,18890,18890,33
2026-04-08 13:39:00,18900,18900,18900,18900,344
2026-04-08 13:40:00,18900,18900,18900,18900,26
2026-04-08 13:41:00,18900,18910,18900,18900,39
2026-04-08 13:42:00,18900,18910,18900,18910,370
2026-04-08 13:43:00,18910,18980,18910,18980,897
2026-04-08 13:44:00,18990,18990,18990,18990,176
2026-04-08 13:45:00,18980,19000,18980,19000,32
2026-04-08 13:46:00,19000,19000,18990,19000,780
2026-04-08 13:47:00,19010,19030,19010,19030,167
2026-04-08 13:48:00,19030,19030,19020,19020,186
2026-04-08 13:49:00,19020,19020,19010,19020,194
2026-04-08 13:50:00,19020,19020,19020,19020,26
2026-04-08 13:51:00,19020,19020,19010,19010,1252
2026-04-08 13:52:00,19010,19010,19000,19000,157
2026-04-08 13:53:00,19010,19010,18980,18980,344
2026-04-08 13:54:00,18980,18980,18960,18960,102
2026-04-08 13:55:00,18950,18950,18950,18950,1
2026-04-08 13:56:00,18950,18960,18950,18950,171
2026-04-08 13:57:00,18950,18970,18950,18970,1117
2026-04-08 13:58:00,18960,18980,18960,18980,517
2026-04-08 13:59:00,18980,18990,18970,18990,11
2026-04-08 14:00:00,19010,19010,19010,19010,117
2026-04-08 14:01:00,19010,19010,19000,19000,48
2026-04-08 14:02:00,18980,19000,18980,19000,111
2026-04-08 14:04:00,18980,18980,18940,18980,1331
2026-04-08 14:05:00,18970,18970,18970,18970,71
2026-04-08 14:06:00,18970,18990,18940,18940,262
2026-04-08 14:07:00,18950,18950,18950,18950,60
2026-04-08 14:08:00,18950,18980,18950,18980,341
2026-04-08 14:09:00,18980,18980,18980,18980,4
2026-04-08 14:10:00,18980,18990,18980,18990,10
2026-04-08 14:11:00,18990,18990,18980,18980,134
2026-04-08 14:12:00,18980,19020,18980,19020,1291
2026-04-08 14:13:00,19010,19030,19010,19030,427
2026-04-08 14:14:00,19030,19030,19030,19030,504
2026-04-08 14:15:00,19030,19030,19010,19020,190
2026-04-08 14:16:00,19020,19030,19010,19010,510
2026-04-08 14:17:00,19010,19010,19010,19010,18
2026-04-08 14:18:00,19010,19080,19010,19030,1986
2026-04-08 14:19:00,19030,19030,19030,19030,27
2026-04-08 14:20:00,19030,19030,19030,19030,130
2026-04-08 14:21:00,19030,19100,19030,19100,1093
2026-04-08 14:22:00,19090,19130,19080,19130,1594
2026-04-08 14:23:00,19100,19130,19100,19120,386
2026-04-08 14:24:00,19100,19110,19100,19100,9
2026-04-08 14:25:00,19110,19110,19100,19100,158
2026-04-08 14:26:00,19090,19100,19090,19100,13
2026-04-08 14:27:00,19090,19120,19090,19120,340
2026-04-08 14:28:00,19110,19120,19090,19110,918
2026-04-08 14:29:00,19090,19090,19090,19090,2
2026-04-08 14:30:00,19090,19090,19080,19080,183
2026-04-08 14:31:00,19080,19100,19080,19100,58
2026-04-08 14:32:00,19090,19100,19090,19090,328
2026-04-08 14:33:00,19080,19080,19060,19070,269
2026-04-08 14:34:00,19060,19060,19050,19050,112
2026-04-08 14:35:00,19050,19050,19010,19010,321
2026-04-08 14:36:00,19010,19020,19010,19010,79
2026-04-08 14:37:00,19010,19020,19000,19000,257
2026-04-08 14:38:00,19000,19010,18970,18970,2070
2026-04-08 14:39:00,18980,19010,18970,18970,849
2026-04-08 14:40:00,18970,19000,18970,19000,237
2026-04-08 14:41:00,18980,19010,18980,19010,560
2026-04-08 14:42:00,19010,19090,19000,19080,1019
2026-04-08 14:43:00,19020,19020,19010,19010,411
2026-04-08 14:44:00,19030,19070,19030,19070,650
2026-04-08 14:45:00,19070,19080,19050,19080,204
2026-04-08 14:46:00,19070,19070,19070,19070,23
2026-04-08 14:47:00,19070,19100,19070,19090,1126
2026-04-08 14:48:00,19090,19090,19000,19010,1185
2026-04-08 14:49:00,19000,19030,19000,19030,12
2026-04-08 14:50:00,19020,19030,19020,19030,134
2026-04-08 14:51:00,19040,19110,19040,19110,2858
2026-04-08 14:52:00,19110,19110,19090,19100,169
2026-04-08 14:53:00,19090,19100,19090,19090,361
2026-04-08 14:54:00,19090,19090,19080,19080,91
2026-04-08 14:55:00,19080,19110,19080,19080,672
2026-04-08 14:56:00,19090,19100,19080,19100,496
2026-04-08 14:57:00,19100,19100,19080,19080,215
2026-04-08 14:58:00,19080,19110,19080,19110,226
2026-04-08 14:59:00,19100,19100,19090,19090,94
2026-04-08 15:00:00,19090,19090,19080,19080,251
2026-04-08 15:01:00,19080,19120,19080,19110,204
2026-04-08 15:02:00,19110,19120,19100,19100,156
2026-04-08 15:03:00,19110,19120,19110,19110,14
2026-04-08 15:04:00,19100,19110,19080,19090,304
2026-04-08 15:05:00,19090,19100,19080,19100,189
2026-04-08 15:06:00,19100,19110,19100,19110,59
2026-04-08 15:07:00,19100,19110,19100,19100,413
2026-04-08 15:08:00,19100,19100,19090,19100,386
2026-04-08 15:09:00,19100,19140,19100,19130,1540
2026-04-08 15:10:00,19130,19140,19130,19130,297
2026-04-08 15:11:00,19110,19150,19110,19140,293
2026-04-08 15:12:00,19150,19150,19140,19140,124
2026-04-08 15:13:00,19140,19180,19140,19160,522
2026-04-08 15:14:00,19160,19190,19160,19180,1470
2026-04-08 15:15:00,19180,19200,19180,19190,1048
2026-04-08 15:16:00,19200,19200,19190,19200,444
2026-04-08 15:17:00,19200,19200,19190,19190,270
2026-04-08 15:18:00,19190,19210,19190,19200,1088
2026-04-08 15:19:00,19200,19210,19200,19200,935
2026-04-08 15:30:00,19220,19220,19220,19220,4464
2026-04-08 15:35:00,19220,19220,19220,19220,696
2026-04-09 09:02:00,21500,22400,21000,21800,129458
2026-04-09 09:03:00,21850,22750,21650,22500,69254
2026-04-09 09:04:00,22400,22500,21700,22450,28964
2026-04-09 09:05:00,22350,23600,22200,23600,85532
2026-04-09 09:07:00,24650,24950,23700,24950,276614
2026-04-09 09:08:00,24950,24950,23500,24350,205791
2026-04-09 09:09:00,24300,24950,23850,24950,295368
2026-04-09 09:10:00,24950,24950,24950,24950,43583
2026-04-09 09:11:00,24950,24950,24400,24800,347169
2026-04-09 09:12:00,24750,24850,23700,23950,126478
2026-04-09 09:13:00,24000,24100,22500,23250,223072
2026-04-09 09:14:00,23250,23650,23150,23650,70118
2026-04-09 09:15:00,23600,23750,23500,23650,49104
2026-04-09 09:16:00,23650,23650,23500,23550,21765
2026-04-09 09:17:00,23500,23550,23250,23525,29595
2026-04-09 09:18:00,23550,23550,23150,23350,25624
2026-04-09 09:19:00,23350,23500,23300,23350,15406
2026-04-09 09:20:00,23250,23850,23250,23650,31868
2026-04-09 09:21:00,23600,23900,23500,23600,24336
2026-04-09 09:22:00,23650,23650,23200,23300,27313
2026-04-09 09:23:00,23300,23350,23000,23000,45491
2026-04-09 09:24:00,23000,23200,22950,23100,27820
2026-04-09 09:25:00,23100,23150,22500,22800,79068
2026-04-09 09:26:00,22800,22800,22700,22750,16980
2026-04-09 09:27:00,22750,22950,22700,22850,14292
2026-04-09 09:28:00,22800,22900,22550,22600,25186
2026-04-09 09:29:00,22600,22650,22400,22550,44225
2026-04-09 09:30:00,22650,22875,22550,22850,13429
2026-04-09 09:31:00,22850,22950,22550,22600,22299
2026-04-09 09:32:00,22575,22900,22550,22900,9094
2026-04-09 09:33:00,22900,22900,22650,22700,11750
2026-04-09 09:34:00,22700,22750,22650,22750,4440
2026-04-09 09:35:00,22700,22750,22250,22450,37834
2026-04-09 09:36:00,22400,22600,22350,22600,7738
2026-04-09 09:37:00,22600,22600,22400,22400,17771
2026-04-09 09:38:00,22400,22450,22300,22350,9849
2026-04-09 09:39:00,22350,22550,22350,22500,5495
2026-04-09 09:40:00,22500,22600,22350,22450,8471
2026-04-09 09:41:00,22400,22450,22350,22450,9396
2026-04-09 09:42:00,22450,22500,22350,22350,5387
2026-04-09 09:43:00,22375,22400,22200,22200,33812
2026-04-09 09:46:00,22250,22300,22000,22250,43932
2026-04-09 09:47:00,22200,22300,22200,22250,6867
2026-04-09 09:48:00,22250,22300,22150,22150,12027
2026-04-09 09:49:00,22150,22150,22050,22050,7769
2026-04-09 09:50:00,22050,22250,22050,22250,5804
2026-04-09 09:51:00,22200,22350,22200,22300,7068
2026-04-09 09:52:00,22300,22400,22250,22350,8964
2026-04-09 09:53:00,22350,22400,22250,22400,5576
2026-04-09 09:54:00,22400,22500,22350,22450,14459
2026-04-09 09:55:00,22500,22600,22450,22550,14705
2026-04-09 09:56:00,22600,22600,22400,22400,9809
2026-04-09 09:57:00,22450,22450,22200,22250,15417
2026-04-09 09:58:00,22200,22250,22150,22150,5541
2026-04-09 09:59:00,22150,22200,22050,22100,7660
2026-04-09 10:00:00,22100,22150,22050,22100,7190
2026-04-09 10:01:00,22100,22250,22050,22200,4209
2026-04-09 10:02:00,22200,22200,22050,22100,8810
2026-04-09 10:03:00,22050,22050,21800,21950,28383
2026-04-09 10:04:00,21950,22200,21950,22200,5396
2026-04-09 10:05:00,22200,22200,22100,22100,3654
2026-04-09 10:06:00,22100,22200,22050,22100,5859
2026-04-09 10:07:00,22100,22100,21950,22050,7773
2026-04-09 10:08:00,22050,22050,21950,22000,2735
2026-04-09 10:09:00,22000,22100,21950,22050,3484
2026-04-09 10:10:00,22050,22100,22050,22100,2452
2026-04-09 10:11:00,22100,22150,22000,22000,3956
2026-04-09 10:12:00,22050,22050,21800,21900,15327
2026-04-09 10:13:00,21900,22000,21800,21950,7031
2026-04-09 10:14:00,21950,22000,21900,21900,8254
2026-04-09 10:15:00,21900,21950,21850,21850,7484
2026-04-09 10:16:00,21850,21900,21800,21800,3277
2026-04-09 10:17:00,21800,21900,21800,21850,2469
2026-04-09 10:18:00,21850,21900,21800,21825,895
2026-04-09 10:19:00,21825,21850,21650,21700,11374
2026-04-09 10:20:00,21700,21800,21700,21750,3323
2026-04-09 10:21:00,21700,21750,21650,21750,4002
2026-04-09 10:22:00,21750,21800,21525,21550,12296
2026-04-09 10:23:00,21500,21750,21500,21650,9051
2026-04-09 10:24:00,21650,21700,21550,21650,4764
2026-04-09 10:25:00,21650,21800,21650,21750,4278
2026-04-09 10:26:00,21750,21900,21750,21800,7186
2026-04-09 10:27:00,21800,21850,21750,21800,2016
2026-04-09 10:28:00,21800,21850,21750,21850,2533
2026-04-09 10:29:00,21850,21900,21800,21800,3282
2026-04-09 10:30:00,21800,21850,21800,21800,1530
2026-04-09 10:31:00,21800,21850,21800,21800,1448
2026-04-09 10:32:00,21850,21850,21750,21775,3466
2026-04-09 10:33:00,21775,21800,21750,21800,2099
2026-04-09 10:34:00,21800,21800,21750,21800,733
2026-04-09 10:35:00,21800,21800,21550,21600,15371
2026-04-09 10:36:00,21600,21650,21550,21550,3103
2026-04-09 10:37:00,21600,21600,21400,21450,10283
2026-04-09 10:38:00,21450,21550,21400,21500,6406
2026-04-09 10:39:00,21500,21600,21450,21550,7814
2026-04-09 10:40:00,21550,21550,21400,21450,5183
2026-04-09 10:41:00,21400,21400,21300,21300,11388
2026-04-09 10:42:00,21300,21450,21250,21400,9692
2026-04-09 10:43:00,21400,21450,21350,21400,1395
2026-04-09 10:44:00,21400,21400,21200,21250,8809
2026-04-09 10:45:00,21250,21350,21150,21250,8731
2026-04-09 10:46:00,21200,21250,21150,21250,2604
2026-04-09 10:47:00,21200,21250,21150,21200,2997
2026-04-09 10:48:00,21200,21250,21200,21250,1506
2026-04-09 10:49:00,21200,21250,21200,21250,1107
2026-04-09 10:50:00,21200,21250,21150,21250,1812
2026-04-09 10:51:00,21250,21250,21200,21250,347
2026-04-09 10:52:00,21250,21300,21250,21300,1400
2026-04-09 10:53:00,21300,21350,21300,21350,4017
2026-04-09 10:54:00,21350,21350,21300,21300,3368
2026-04-09 10:55:00,21350,21400,21300,21400,1134
2026-04-09 10:56:00,21350,21400,21350,21400,1472
2026-04-09 10:57:00,21400,21450,21400,21400,2076
2026-04-09 10:58:00,21400,21450,21400,21450,978
2026-04-09 10:59:00,21450,21550,21400,21500,3646
2026-04-09 11:00:00,21500,21500,21400,21450,2804
2026-04-09 11:01:00,21450,21450,21400,21450,1324
2026-04-09 11:02:00,21450,21500,21400,21450,363
2026-04-09 11:03:00,21475,21500,21400,21450,1552
2026-04-09 11:04:00,21450,21500,21450,21500,2976
2026-04-09 11:05:00,21500,21500,21500,21500,815
2026-04-09 11:06:00,21500,21500,21300,21300,8712
2026-04-09 11:07:00,21300,21350,21250,21300,4642
2026-04-09 11:08:00,21250,21300,21200,21200,2178
2026-04-09 11:09:00,21200,21250,21150,21200,3339
2026-04-09 11:10:00,21150,21250,21100,21150,5881
2026-04-09 11:11:00,21150,21200,21150,21200,3357
2026-04-09 11:12:00,21200,21200,21150,21200,1215
2026-04-09 11:13:00,21150,21200,21150,21150,3008
2026-04-09 11:14:00,21150,21150,21100,21100,8510
2026-04-09 11:15:00,21100,21150,21050,21100,2983
2026-04-09 11:16:00,21100,21150,21050,21100,1921
2026-04-09 11:17:00,21050,21100,20750,20750,27109
2026-04-09 11:18:00,20750,20900,20700,20900,14982
2026-04-09 11:19:00,20900,20900,20850,20850,5919
2026-04-09 11:20:00,20900,20900,20500,20600,27017
2026-04-09 11:21:00,20550,20650,20550,20650,4512
2026-04-09 11:22:00,20650,20650,20450,20550,12910
2026-04-09 11:23:00,20600,20650,20500,20600,5978
2026-04-09 11:24:00,20600,20650,20600,20650,2573
2026-04-09 11:25:00,20650,20750,20550,20650,3610
2026-04-09 11:26:00,20650,20650,20550,20600,2429
2026-04-09 11:27:00,20550,20600,20450,20450,5239
2026-04-09 11:28:00,20450,20500,20300,20450,14360
2026-04-09 11:29:00,20450,20500,20350,20400,4090
2026-04-09 11:30:00,20500,20500,20400,20450,4357
2026-04-09 11:31:00,20450,20500,20350,20500,1959
2026-04-09 11:32:00,20450,20550,20450,20550,1214
2026-04-09 11:33:00,20550,20600,20550,20550,678
2026-04-09 11:34:00,20550,20600,20550,20600,534
2026-04-09 11:35:00,20600,20600,20450,20500,6042
2026-04-09 11:36:00,20500,20550,20400,20450,4362
2026-04-09 11:37:00,20450,20500,20400,20500,1963
2026-04-09 11:38:00,20500,20550,20400,20550,711
2026-04-09 11:39:00,20500,20550,20450,20450,1095
2026-04-09 11:40:00,20500,20550,20500,20500,678
2026-04-09 11:41:00,20500,20500,20400,20400,2382
2026-04-09 11:42:00,20400,20500,20400,20500,1003
2026-04-09 11:43:00,20550,20550,20450,20450,1230
2026-04-09 11:44:00,20450,20500,20450,20500,884
2026-04-09 11:45:00,20500,20500,20400,20450,1039
2026-04-09 11:46:00,20450,20500,20400,20500,1464
2026-04-09 11:47:00,20500,20500,20450,20500,281
2026-04-09 11:48:00,20500,20500,20450,20500,743
2026-04-09 11:49:00,20500,20550,20450,20450,1978
2026-04-09 11:50:00,20500,20500,20450,20500,139
2026-04-09 11:51:00,20550,20600,20500,20600,248
2026-04-09 11:52:00,20600,20650,20575,20650,2170
2026-04-09 11:53:00,20650,20700,20650,20700,3226
2026-04-09 11:54:00,20650,20700,20650,20700,1408
2026-04-09 11:55:00,20700,20750,20650,20750,2615
2026-04-09 11:56:00,20700,20750,20600,20650,2511
2026-04-09 11:57:00,20600,20650,20600,20600,1389
2026-04-09 11:58:00,20600,20700,20600,20700,300
2026-04-09 11:59:00,20700,20700,20650,20700,1132
2026-04-09 12:00:00,20700,20700,20650,20650,1887
2026-04-09 12:01:00,20650,20650,20600,20650,1166
2026-04-09 12:02:00,20600,20650,20500,20500,4374
2026-04-09 12:03:00,20550,20550,20500,20550,92
2026-04-09 12:04:00,20550,20550,20450,20450,4280
2026-04-09 12:05:00,20450,20500,20450,20450,313
2026-04-09 12:06:00,20500,20500,20450,20500,662
2026-04-09 12:07:00,20500,20500,20450,20450,964
2026-04-09 12:08:00,20500,20500,20450,20450,317
2026-04-09 12:09:00,20450,20500,20400,20400,1897
2026-04-09 12:10:00,20400,20450,20350,20350,2467
2026-04-09 12:11:00,20400,20400,20350,20400,2622
2026-04-09 12:12:00,20350,20400,20350,20350,1531
2026-04-09 12:13:00,20350,20400,20300,20400,2639
2026-04-09 12:14:00,20350,20400,20350,20400,287
2026-04-09 12:15:00,20400,20400,20350,20350,622
2026-04-09 12:16:00,20350,20450,20350,20450,624
2026-04-09 12:17:00,20400,20450,20350,20350,1584
2026-04-09 12:18:00,20400,20400,20350,20350,2000
2026-04-09 12:19:00,20400,20450,20400,20400,1353
2026-04-09 12:20:00,20350,20450,20350,20400,1092
2026-04-09 12:21:00,20450,20450,20350,20350,1146
2026-04-09 12:22:00,20400,20450,20350,20350,1114
2026-04-09 12:23:00,20400,20400,20400,20400,362
2026-04-09 12:24:00,20450,20500,20450,20450,208
2026-04-09 12:25:00,20500,20500,20450,20500,734
2026-04-09 12:26:00,20500,20500,20400,20450,1041
2026-04-09 12:27:00,20450,20450,20400,20450,1515
2026-04-09 12:28:00,20450,20500,20400,20500,898
2026-04-09 12:29:00,20500,20500,20450,20450,623
2026-04-09 12:30:00,20450,20450,20400,20400,2071
2026-04-09 12:31:00,20400,20450,20400,20450,636
2026-04-09 12:32:00,20450,20600,20450,20550,900
2026-04-09 12:33:00,20550,20600,20550,20550,382
2026-04-09 12:34:00,20600,21200,20600,21050,32193
2026-04-09 12:35:00,21000,21200,20900,21050,11478
2026-04-09 12:36:00,21100,21150,21000,21100,5514
2026-04-09 12:37:00,21050,21250,21050,21200,6119
2026-04-09 12:38:00,21200,21200,21050,21050,4464
2026-04-09 12:39:00,21050,21050,20850,20900,3522
2026-04-09 12:40:00,20900,21000,20900,20975,1039
2026-04-09 12:41:00,20975,20975,20850,20900,1457
2026-04-09 12:42:00,20850,20900,20750,20900,1512
2026-04-09 12:43:00,20900,20900,20850,20900,1278
2026-04-09 12:44:00,20900,21000,20900,21000,1850
2026-04-09 12:45:00,21000,21050,20900,21000,2012
2026-04-09 12:46:00,20950,21000,20900,20950,1554
2026-04-09 12:47:00,20900,20900,20850,20850,717
2026-04-09 12:48:00,20850,20850,20800,20800,818
2026-04-09 12:49:00,20800,20850,20800,20800,924
2026-04-09 12:50:00,20750,20800,20700,20800,2550
2026-04-09 12:51:00,20750,20750,20650,20700,591
2026-04-09 12:52:00,20700,20750,20650,20700,700
2026-04-09 12:53:00,20725,20750,20700,20750,689
2026-04-09 12:54:00,20750,20750,20700,20750,724
2026-04-09 12:55:00,20750,20750,20700,20700,791
2026-04-09 12:56:00,20700,20750,20700,20750,344
2026-04-09 12:57:00,20750,20800,20700,20750,158
2026-04-09 12:58:00,20700,20750,20700,20700,692
2026-04-09 12:59:00,20700,20750,20700,20700,780
2026-04-09 13:00:00,20700,20700,20600,20650,2505
2026-04-09 13:01:00,20750,20750,20700,20750,138
2026-04-09 13:02:00,20750,20750,20750,20750,12
2026-04-09 13:03:00,20700,20700,20650,20650,597
2026-04-09 13:04:00,20650,20650,20600,20650,1473
2026-04-09 13:05:00,20650,20700,20600,20700,1058
2026-04-09 13:06:00,20600,20700,20600,20700,40
2026-04-09 13:07:00,20700,20700,20650,20650,135
2026-04-09 13:08:00,20750,20750,20650,20650,170
2026-04-09 13:09:00,20650,20650,20550,20600,2054
2026-04-09 13:10:00,20600,20600,20550,20600,432
2026-04-09 13:11:00,20600,20600,20500,20550,5145
2026-04-09 13:12:00,20550,20550,20500,20550,584
2026-04-09 13:13:00,20550,20600,20550,20600,178
2026-04-09 13:14:00,20600,20600,20450,20600,1682
2026-04-09 13:15:00,20550,20550,20450,20500,243
2026-04-09 13:16:00,20450,20500,20450,20450,929
2026-04-09 13:17:00,20500,20600,20500,20500,565
2026-04-09 13:18:00,20500,20550,20450,20550,399
2026-04-09 13:19:00,20550,20600,20500,20600,270
2026-04-09 13:20:00,20600,20600,20500,20600,601
2026-04-09 13:21:00,20550,20600,20550,20600,80
2026-04-09 13:22:00,20550,20600,20550,20550,293
2026-04-09 13:23:00,20550,20600,20550,20550,279
2026-04-09 13:24:00,20550,20550,20550,20550,6
2026-04-09 13:25:00,20550,20600,20550,20550,615
2026-04-09 13:26:00,20500,20550,20500,20500,143
2026-04-09 13:27:00,20500,20550,20500,20550,83
2026-04-09 13:28:00,20550,20550,20500,20500,1064
2026-04-09 13:29:00,20500,20550,20500,20500,637
2026-04-09 13:30:00,20500,20650,20500,20650,500
2026-04-09 13:31:00,20650,20650,20600,20600,845
2026-04-09 13:32:00,20600,20600,20550,20550,49
2026-04-09 13:33:00,20550,20550,20500,20550,1155
2026-04-09 13:34:00,20550,20550,20550,20550,417
2026-04-09 13:35:00,20550,20650,20550,20650,426
2026-04-09 13:36:00,20650,20650,20650,20650,621
2026-04-09 13:37:00,20600,20650,20600,20650,1122
2026-04-09 13:38:00,20650,20700,20600,20650,402
2026-04-09 13:39:00,20700,20700,20650,20700,368
2026-04-09 13:40:00,20700,20750,20700,20700,1223
2026-04-09 13:41:00,20700,20700,20650,20650,658
2026-04-09 13:42:00,20600,20600,20550,20600,895
2026-04-09 13:43:00,20550,20550,20500,20500,2639
2026-04-09 13:44:00,20500,20500,20500,20500,3349
2026-04-09 13:45:00,20500,20650,20500,20650,31
2026-04-09 13:46:00,20650,20650,20500,20550,197
2026-04-09 13:47:00,20550,20600,20550,20550,724
2026-04-09 13:48:00,20550,20550,20500,20550,625
2026-04-09 13:49:00,20500,20500,20500,20500,104
2026-04-09 13:50:00,20500,20500,20500,20500,3
2026-04-09 13:51:00,20550,20600,20500,20550,359
2026-04-09 13:52:00,20575,20600,20575,20600,95
2026-04-09 13:53:00,20600,20650,20600,20600,44
2026-04-09 13:54:00,20650,20650,20650,20650,245
2026-04-09 13:55:00,20650,20700,20650,20650,399
2026-04-09 13:56:00,20600,20700,20600,20700,300
2026-04-09 13:57:00,20700,20700,20650,20650,321
2026-04-09 13:58:00,20650,20650,20600,20650,1185
2026-04-09 13:59:00,20600,20650,20600,20650,904
2026-04-09 14:00:00,20600,20600,20600,20600,1196
2026-04-09 14:01:00,20600,20650,20600,20600,323
2026-04-09 14:02:00,20600,20600,20550,20600,432
2026-04-09 14:03:00,20650,20650,20550,20550,729
2026-04-09 14:04:00,20550,20600,20550,20600,262
2026-04-09 14:05:00,20650,20800,20600,20700,1464
2026-04-09 14:06:00,20800,20900,20750,20900,3538
2026-04-09 14:07:00,20900,21200,20800,21100,8202
2026-04-09 14:08:00,21200,21250,21100,21100,14290
2026-04-09 14:09:00,21150,21300,21100,21250,12504
2026-04-09 14:10:00,21250,21400,21250,21350,13704
2026-04-09 14:11:00,21350,21400,21350,21400,8574
2026-04-09 14:12:00,21400,21450,21350,21450,7844
2026-04-09 14:13:00,21450,21450,21350,21350,10411
2026-04-09 14:14:00,21350,21350,21250,21300,9555
2026-04-09 14:15:00,21300,21300,21200,21200,4524
2026-04-09 14:16:00,21250,21250,21100,21150,2932
2026-04-09 14:17:00,21100,21150,21100,21150,1559
2026-04-09 14:18:00,21125,21125,21000,21000,3832
2026-04-09 14:19:00,20950,21050,20950,21050,2667
2026-04-09 14:20:00,21050,21050,20950,21000,2760
2026-04-09 14:21:00,21000,21000,20950,21000,617
2026-04-09 14:22:00,21000,21000,20900,20900,2330
2026-04-09 14:23:00,20900,20950,20900,20950,171
2026-04-09 14:24:00,20900,20950,20900,20950,241
2026-04-09 14:25:00,20950,20950,20900,20900,129
2026-04-09 14:26:00,20900,20950,20850,20900,1892
2026-04-09 14:27:00,20900,20900,20800,20850,920
2026-04-09 14:28:00,20850,20850,20700,20700,2924
2026-04-09 14:29:00,20750,20750,20700,20750,1639
2026-04-09 14:30:00,20750,20850,20750,20850,439
2026-04-09 14:31:00,20825,20850,20800,20800,637
2026-04-09 14:32:00,20800,20800,20700,20800,1815
2026-04-09 14:33:00,20800,20800,20700,20800,978
2026-04-09 14:34:00,20800,20850,20750,20750,2237
2026-04-09 14:35:00,20800,20850,20750,20850,583
2026-04-09 14:36:00,20850,20875,20800,20850,1068
2026-04-09 14:37:00,20850,20950,20850,20900,1277
2026-04-09 14:38:00,20900,21200,20900,21200,5730
2026-04-09 14:39:00,21150,21250,21150,21250,1430
2026-04-09 14:40:00,21250,21250,21150,21150,1146
2026-04-09 14:41:00,21150,21200,21150,21200,2044
2026-04-09 14:42:00,21150,21150,21100,21100,582
2026-04-09 14:43:00,21125,21150,21100,21150,660
2026-04-09 14:44:00,21125,21150,21100,21100,530
2026-04-09 14:45:00,21100,21200,21100,21175,564
2026-04-09 14:46:00,21175,21200,21150,21150,1426
2026-04-09 14:47:00,21150,21250,21150,21200,1695
2026-04-09 14:48:00,21150,21150,20900,20900,3822
2026-04-09 14:49:00,20900,20950,20850,20850,2341
2026-04-09 14:50:00,20850,20900,20800,20800,2455
2026-04-09 14:51:00,20800,20950,20800,20950,1305
2026-04-09 14:52:00,20950,20950,20800,20925,1804
2026-04-09 14:53:00,20950,20950,20925,20950,913
2026-04-09 14:54:00,20925,21000,20850,20850,2236
2026-04-09 14:55:00,20950,20950,20850,20850,991
2026-04-09 14:56:00,20850,20850,20800,20800,196
2026-04-09 14:57:00,20800,20850,20800,20800,2184
2026-04-09 14:58:00,20800,20850,20800,20800,2374
2026-04-09 14:59:00,20800,20900,20800,20900,1525
2026-04-09 15:00:00,20900,20900,20850,20850,87
2026-04-09 15:01:00,20900,20900,20800,20850,938
2026-04-09 15:02:00,20900,20900,20850,20900,1477
2026-04-09 15:03:00,20900,20900,20850,20900,1146
2026-04-09 15:04:00,20900,20900,20800,20800,2362
2026-04-09 15:05:00,20800,20850,20800,20800,1734
2026-04-09 15:06:00,20800,20825,20750,20800,3474
2026-04-09 15:07:00,20850,20900,20850,20900,2989
2026-04-09 15:08:00,20900,20950,20900,20950,475
2026-04-09 15:09:00,20950,20950,20925,20950,422
2026-04-09 15:10:00,20950,21000,20900,20950,1314
2026-04-09 15:11:00,20950,20950,20900,20900,475
2026-04-09 15:12:00,20925,21000,20900,20975,1522
2026-04-09 15:13:00,21000,21050,21000,21000,915
2026-04-09 15:14:00,21050,21050,20900,20925,2898
2026-04-09 15:15:00,20925,20950,20850,20850,1974
2026-04-09 15:16:00,20925,20925,20800,20850,2061
2026-04-09 15:17:00,20850,20900,20800,20800,1301
2026-04-09 15:18:00,20800,20900,20800,20850,2490
2026-04-09 15:19:00,20850,20850,20750,20850,2364
2026-04-09 15:30:00,20800,20800,20800,20800,15123
2026-04-09 15:35:00,20800,20800,20800,20800,866
2026-04-10 09:00:00,20650,21100,20550,21100,20783
2026-04-10 09:01:00,21100,21350,21000,21100,10159
2026-04-10 09:02:00,21100,21200,20950,21050,10434
2026-04-10 09:03:00,21050,21150,20700,20750,9637
2026-04-10 09:04:00,20750,21300,20750,21125,6869
2026-04-10 09:05:00,21150,21300,21050,21250,3045
2026-04-10 09:06:00,21200,21250,20850,21000,2828
2026-04-10 09:07:00,20950,21150,20950,21150,2829
2026-04-10 09:08:00,21100,21150,21050,21100,3147
2026-04-10 09:09:00,21050,21100,20900,20900,3710
2026-04-10 09:10:00,20900,20950,20800,20800,4877
2026-04-10 09:11:00,20800,20800,20600,20650,2786
2026-04-10 09:12:00,20650,20750,20350,20550,10349
2026-04-10 09:13:00,20550,20650,20550,20650,632
2026-04-10 09:14:00,20600,20650,20550,20550,1221
2026-04-10 09:15:00,20550,20600,20500,20550,3058
2026-04-10 09:16:00,20550,20650,20400,20650,5865
2026-04-10 09:17:00,20650,20750,20550,20750,1380
2026-04-10 09:18:00,20750,20750,20500,20500,796
2026-04-10 09:19:00,20500,20500,20450,20450,2791
2026-04-10 09:20:00,20450,20450,20300,20300,3971
2026-04-10 09:21:00,20300,20350,20250,20300,2923
2026-04-10 09:22:00,20250,20350,20250,20300,2180
2026-04-10 09:23:00,20300,20300,20200,20250,3116
2026-04-10 09:24:00,20300,20350,20200,20250,1208
2026-04-10 09:25:00,20250,20250,20150,20150,3563
2026-04-10 09:26:00,20150,20200,20100,20150,4333
2026-04-10 09:27:00,20150,20250,20150,20250,1393
2026-04-10 09:28:00,20200,20250,20200,20200,500
2026-04-10 09:29:00,20200,20250,20200,20200,672
2026-04-10 09:30:00,20250,20250,20150,20150,2671
2026-04-10 09:31:00,20200,20200,20100,20100,1415
2026-04-10 09:32:00,20100,20200,20100,20200,1448
2026-04-10 09:33:00,20200,20200,20150,20150,1192
2026-04-10 09:34:00,20200,20250,20150,20250,2435
2026-04-10 09:35:00,20250,20350,20150,20350,3328
2026-04-10 09:36:00,20350,20350,20250,20250,643
2026-04-10 09:37:00,20250,20300,20250,20250,730
2026-04-10 09:38:00,20300,20350,20300,20300,1233
2026-04-10 09:39:00,20300,20300,20200,20200,1479
2026-04-10 09:40:00,20200,20250,20200,20200,1187
2026-04-10 09:41:00,20200,20200,20200,20200,414
2026-04-10 09:42:00,20200,20225,20200,20200,327
2026-04-10 09:43:00,20200,20200,20150,20200,894
2026-04-10 09:44:00,20200,20200,20150,20200,669
2026-04-10 09:45:00,20150,20200,20150,20200,984
2026-04-10 09:46:00,20250,20300,20200,20200,634
2026-04-10 09:47:00,20200,20300,20200,20200,342
2026-04-10 09:48:00,20200,20200,20200,20200,979
2026-04-10 09:49:00,20200,20250,20200,20250,833
2026-04-10 09:50:00,20250,20300,20250,20250,307
2026-04-10 09:51:00,20300,20300,20250,20250,100
2026-04-10 09:52:00,20300,20350,20250,20350,635
2026-04-10 09:53:00,20350,20350,20250,20350,832
2026-04-10 09:54:00,20350,20400,20350,20350,667
2026-04-10 09:55:00,20350,20350,20300,20300,738
2026-04-10 09:56:00,20300,20400,20300,20400,1899
2026-04-10 09:57:00,20400,20400,20350,20400,121
2026-04-10 09:58:00,20350,20400,20350,20400,36
2026-04-10 09:59:00,20400,20400,20350,20350,1051
2026-04-10 10:00:00,20350,20500,20300,20400,1001
2026-04-10 10:01:00,20450,20500,20450,20500,531
2026-04-10 10:02:00,20450,20600,20450,20450,1057
2026-04-10 10:03:00,20450,20600,20450,20600,558
2026-04-10 10:04:00,20600,20650,20600,20600,525
2026-04-10 10:05:00,20650,20700,20650,20650,1665
2026-04-10 10:06:00,20700,20700,20650,20650,512
2026-04-10 10:07:00,20650,20650,20600,20650,1456
2026-04-10 10:08:00,20650,20700,20650,20650,399
2026-04-10 10:09:00,20750,20825,20750,20800,797
2026-04-10 10:10:00,20800,20800,20600,20650,1652
2026-04-10 10:11:00,20650,20650,20600,20650,260
2026-04-10 10:12:00,20650,20650,20650,20650,513
2026-04-10 10:13:00,20650,20650,20600,20650,575
2026-04-10 10:14:00,20600,20700,20600,20700,24
2026-04-10 10:15:00,20650,20700,20650,20700,328
2026-04-10 10:16:00,20700,20700,20600,20650,327
2026-04-10 10:17:00,20600,20650,20600,20650,437
2026-04-10 10:18:00,20600,20650,20600,20600,923
2026-04-10 10:19:00,20600,20600,20550,20600,1626
2026-04-10 10:20:00,20650,20650,20600,20600,916
2026-04-10 10:21:00,20550,20600,20550,20550,668
2026-04-10 10:22:00,20550,20600,20500,20500,1519
2026-04-10 10:23:00,20500,20600,20500,20600,442
2026-04-10 10:24:00,20600,20600,20550,20550,245
2026-04-10 10:25:00,20550,20600,20550,20550,122
2026-04-10 10:26:00,20600,20600,20500,20500,320
2026-04-10 10:27:00,20500,20500,20500,20500,32
2026-04-10 10:28:00,20500,20550,20500,20550,129
2026-04-10 10:29:00,20500,20550,20500,20550,956
2026-04-10 10:30:00,20550,20550,20450,20450,2339
2026-04-10 10:31:00,20450,20500,20450,20450,363
2026-04-10 10:32:00,20450,20550,20450,20550,54
2026-04-10 10:33:00,20500,20500,20450,20500,356
2026-04-10 10:34:00,20450,20500,20450,20500,133
2026-04-10 10:35:00,20500,20500,20450,20450,34
2026-04-10 10:36:00,20450,20500,20450,20450,63
2026-04-10 10:37:00,20450,20450,20400,20400,1077
2026-04-10 10:38:00,20450,20450,20450,20450,363
2026-04-10 10:39:00,20450,20500,20450,20500,159
2026-04-10 10:40:00,20500,20500,20450,20450,429
2026-04-10 10:41:00,20400,20500,20400,20450,743
2026-04-10 10:42:00,20450,20500,20450,20500,215
2026-04-10 10:43:00,20450,20550,20450,20550,1589
2026-04-10 10:44:00,20550,20550,20500,20500,733
2026-04-10 10:45:00,20550,20550,20500,20550,427
2026-04-10 10:46:00,20600,20600,20550,20600,62
2026-04-10 10:47:00,20600,20600,20550,20550,105
2026-04-10 10:48:00,20550,20600,20550,20600,216
2026-04-10 10:49:00,20600,20600,20550,20600,171
2026-04-10 10:50:00,20600,20600,20550,20600,253
2026-04-10 10:51:00,20550,20600,20550,20600,21
2026-04-10 10:52:00,20600,20600,20500,20500,432
2026-04-10 10:53:00,20550,20550,20500,20550,259
2026-04-10 10:54:00,20500,20550,20500,20500,1716
2026-04-10 10:55:00,20500,20500,20500,20500,242
2026-04-10 10:56:00,20500,20500,20450,20450,456
2026-04-10 10:57:00,20450,20500,20450,20500,296
2026-04-10 10:58:00,20450,20500,20450,20500,381
2026-04-10 10:59:00,20450,20500,20450,20450,37
2026-04-10 11:00:00,20450,20500,20450,20450,579
2026-04-10 11:01:00,20450,20475,20450,20450,279
2026-04-10 11:02:00,20450,20450,20400,20450,589
2026-04-10 11:03:00,20450,20450,20400,20400,375
2026-04-10 11:04:00,20400,20400,20350,20400,1367
2026-04-10 11:05:00,20350,20400,20350,20400,52
2026-04-10 11:06:00,20350,20400,20350,20400,1061
2026-04-10 11:07:00,20400,20400,20400,20400,372
2026-04-10 11:08:00,20400,20400,20400,20400,80
2026-04-10 11:09:00,20375,20375,20350,20350,973
2026-04-10 11:10:00,20350,20400,20350,20400,35
2026-04-10 11:11:00,20400,20450,20400,20450,619
2026-04-10 11:12:00,20350,20450,20350,20400,507
2026-04-10 11:13:00,20400,20450,20400,20400,262
2026-04-10 11:14:00,20400,20450,20400,20450,22
2026-04-10 11:15:00,20450,20450,20400,20400,3
2026-04-10 11:16:00,20400,20450,20350,20400,1473
2026-04-10 11:17:00,20400,20400,20350,20350,2816
2026-04-10 11:18:00,20350,20350,20350,20350,314
2026-04-10 11:19:00,20300,20350,20300,20350,737
2026-04-10 11:20:00,20300,20350,20300,20350,270
2026-04-10 11:21:00,20350,20350,20300,20300,322
2026-04-10 11:22:00,20350,20350,20300,20350,127
2026-04-10 11:23:00,20350,20350,20300,20300,2240
2026-04-10 11:24:00,20350,20350,20250,20300,644
2026-04-10 11:25:00,20300,20400,20300,20400,2175
2026-04-10 11:26:00,20375,20400,20375,20400,177
2026-04-10 11:27:00,20350,20450,20350,20450,183
2026-04-10 11:28:00,20350,20350,20300,20350,362
2026-04-10 11:29:00,20350,20350,20350,20350,253
2026-04-10 11:30:00,20350,20350,20300,20350,352
2026-04-10 11:31:00,20300,20300,20300,20300,143
2026-04-10 11:32:00,20350,20350,20300,20300,347
2026-04-10 11:33:00,20300,20300,20250,20250,1327
2026-04-10 11:34:00,20250,20250,20250,20250,1350
2026-04-10 11:35:00,20300,20300,20250,20300,143
2026-04-10 11:36:00,20300,20300,20250,20250,308
2026-04-10 11:37:00,20250,20300,20250,20300,101
2026-04-10 11:38:00,20250,20300,20250,20300,52
2026-04-10 11:39:00,20300,20300,20250,20300,660
2026-04-10 11:40:00,20300,20300,20150,20200,5199
2026-04-10 11:41:00,20200,20250,20200,20250,810
2026-04-10 11:42:00,20250,20250,20200,20200,191
2026-04-10 11:43:00,20250,20250,20250,20250,266
2026-04-10 11:44:00,20300,20300,20250,20250,134
2026-04-10 11:45:00,20200,20250,20200,20250,220
2026-04-10 11:46:00,20250,20250,20200,20250,477
2026-04-10 11:47:00,20250,20250,20200,20200,99
2026-04-10 11:48:00,20250,20250,20250,20250,1
2026-04-10 11:49:00,20225,20250,20225,20250,75
2026-04-10 11:50:00,20200,20250,20200,20250,477
2026-04-10 11:51:00,20250,20250,20250,20250,12
2026-04-10 11:52:00,20250,20250,20200,20250,240
2026-04-10 11:53:00,20200,20250,20200,20250,528
2026-04-10 11:54:00,20300,20300,20200,20200,91
2026-04-10 11:55:00,20300,20300,20250,20250,288
2026-04-10 11:56:00,20300,20300,20250,20250,81
2026-04-10 11:57:00,20200,20250,20200,20250,108
2026-04-10 11:58:00,20250,20250,20250,20250,1
2026-04-10 11:59:00,20250,20250,20250,20250,132
2026-04-10 12:00:00,20250,20250,20250,20250,710
2026-04-10 12:01:00,20250,20250,20250,20250,189
2026-04-10 12:02:00,20300,20300,20200,20250,122
2026-04-10 12:03:00,20250,20250,20250,20250,124
2026-04-10 12:04:00,20250,20250,20250,20250,76
2026-04-10 12:05:00,20250,20250,20200,20200,501
2026-04-10 12:06:00,20200,20200,20150,20200,5551
2026-04-10 12:07:00,20200,20200,20200,20200,65
2026-04-10 12:08:00,20200,20200,20150,20150,381
2026-04-10 12:09:00,20150,20200,20150,20150,355
2026-04-10 12:10:00,20150,20200,20150,20150,229
2026-04-10 12:11:00,20200,20250,20150,20250,39
2026-04-10 12:12:00,20150,20200,20150,20200,47
2026-04-10 12:13:00,20150,20250,20150,20200,40
2026-04-10 12:14:00,20250,20250,20250,20250,5
2026-04-10 12:15:00,20200,20250,20200,20250,42
2026-04-10 12:16:00,20250,20250,20200,20250,83
2026-04-10 12:17:00,20200,20200,20200,20200,47
2026-04-10 12:18:00,20200,20250,20200,20200,273
2026-04-10 12:19:00,20200,20250,20200,20200,328
2026-04-10 12:20:00,20200,20200,20000,20000,24288
2026-04-10 12:21:00,20050,20100,20000,20050,936
2026-04-10 12:22:00,20100,20100,20100,20100,57
2026-04-10 12:23:00,20100,20100,20050,20100,607
2026-04-10 12:24:00,20100,20100,20050,20100,334
2026-04-10 12:25:00,20100,20100,20100,20100,284
2026-04-10 12:26:00,20100,20100,20050,20100,357
2026-04-10 12:27:00,20100,20100,20050,20050,1403
2026-04-10 12:28:00,20050,20100,20050,20100,181
2026-04-10 12:29:00,20100,20100,20050,20100,117
2026-04-10 12:30:00,20100,20100,20050,20100,122
2026-04-10 12:31:00,20075,20100,20050,20100,139
2026-04-10 12:32:00,20100,20150,20100,20150,879
2026-04-10 12:33:00,20150,20150,20100,20100,183
2026-04-10 12:34:00,20150,20150,20100,20100,248
2026-04-10 12:35:00,20100,20100,20050,20100,1706
2026-04-10 12:36:00,20100,20100,20050,20050,493
2026-04-10 12:37:00,20100,20100,20100,20100,120
2026-04-10 12:38:00,20100,20100,20050,20100,171
2026-04-10 12:39:00,20100,20100,20100,20100,261
2026-04-10 12:40:00,20100,20100,20050,20100,732
2026-04-10 12:41:00,20100,20100,20100,20100,50
2026-04-10 12:42:00,20100,20100,20100,20100,359
2026-04-10 12:43:00,20100,20100,20050,20100,117
2026-04-10 12:44:00,20050,20100,20050,20100,627
2026-04-10 12:45:00,20100,20100,20100,20100,63
2026-04-10 12:46:00,20100,20150,20100,20150,2113
2026-04-10 12:47:00,20150,20200,20100,20100,693
2026-04-10 12:48:00,20150,20200,20150,20200,283
2026-04-10 12:49:00,20100,20150,20100,20150,131
2026-04-10 12:50:00,20100,20100,20050,20100,505
2026-04-10 12:51:00,20100,20150,20100,20150,936
2026-04-10 12:52:00,20100,20150,20100,20100,948
2026-04-10 12:53:00,20100,20100,20100,20100,341
2026-04-10 12:54:00,20100,20150,20100,20100,261
2026-04-10 12:55:00,20150,20150,20100,20100,471
2026-04-10 12:56:00,20150,20150,20150,20150,3
2026-04-10 12:57:00,20150,20150,20150,20150,30
2026-04-10 12:58:00,20125,20150,20125,20150,19
2026-04-10 12:59:00,20150,20150,20100,20150,307
2026-04-10 13:00:00,20100,20100,20050,20100,1183
2026-04-10 13:01:00,20100,20100,20100,20100,29
2026-04-10 13:02:00,20100,20100,20100,20100,6
2026-04-10 13:03:00,20100,20100,20075,20100,311
2026-04-10 13:04:00,20100,20100,20075,20100,517
2026-04-10 13:05:00,20100,20150,20100,20150,517
2026-04-10 13:06:00,20100,20100,20100,20100,56
2026-04-10 13:07:00,20100,20150,20100,20100,150
2026-04-10 13:08:00,20100,20150,20100,20100,110
2026-04-10 13:09:00,20100,20100,20100,20100,7
2026-04-10 13:10:00,20100,20150,20100,20100,349
2026-04-10 13:11:00,20100,20150,20100,20150,57
2026-04-10 13:12:00,20150,20150,20100,20100,172
2026-04-10 13:13:00,20150,20150,20150,20150,4
2026-04-10 13:14:00,20150,20150,20100,20100,678
2026-04-10 13:15:00,20100,20150,20100,20100,211
2026-04-10 13:16:00,20100,20100,20100,20100,69
2026-04-10 13:17:00,20100,20100,20100,20100,208
2026-04-10 13:18:00,20100,20100,20050,20100,1208
2026-04-10 13:19:00,20100,20150,20100,20150,69
2026-04-10 13:20:00,20150,20150,20150,20150,162
2026-04-10 13:21:00,20100,20150,20050,20150,310
2026-04-10 13:22:00,20150,20200,20100,20150,919
2026-04-10 13:23:00,20200,20200,20150,20150,445
2026-04-10 13:24:00,20150,20150,20150,20150,233
2026-04-10 13:25:00,20150,20200,20150,20200,146
2026-04-10 13:26:00,20150,20200,20150,20200,50
2026-04-10 13:27:00,20200,20200,20200,20200,117
2026-04-10 13:28:00,20200,20200,20200,20200,43
2026-04-10 13:29:00,20200,20200,20150,20150,115
2026-04-10 13:30:00,20150,20200,20150,20200,140
2026-04-10 13:31:00,20150,20150,20150,20150,14
2026-04-10 13:32:00,20200,20200,20200,20200,128
2026-04-10 13:33:00,20200,20250,20200,20250,166
2026-04-10 13:34:00,20200,20200,20200,20200,140
2026-04-10 13:35:00,20200,20200,20200,20200,386
2026-04-10 13:36:00,20200,20200,20200,20200,153
2026-04-10 13:37:00,20200,20200,20150,20200,4
2026-04-10 13:38:00,20200,20200,20150,20150,320
2026-04-10 13:39:00,20150,20200,20150,20200,185
2026-04-10 13:40:00,20200,20200,20150,20150,90
2026-04-10 13:41:00,20150,20150,20100,20100,1333
2026-04-10 13:42:00,20100,20150,20100,20100,2932
2026-04-10 13:43:00,20100,20200,20100,20200,3278
2026-04-10 13:44:00,20200,20250,20200,20200,80
2026-04-10 13:45:00,20250,20250,20200,20200,194
2026-04-10 13:46:00,20250,20250,20200,20200,257
2026-04-10 13:47:00,20200,20200,20100,20150,919
2026-04-10 13:48:00,20200,20200,20100,20150,1091
2026-04-10 13:49:00,20150,20200,20150,20200,69
2026-04-10 13:50:00,20200,20200,20100,20100,2003
2026-04-10 13:51:00,20150,20150,20150,20150,73
2026-04-10 13:52:00,20200,20200,20200,20200,105
2026-04-10 13:53:00,20200,20200,20150,20150,349
2026-04-10 13:54:00,20200,20200,20200,20200,272
2026-04-10 13:55:00,20200,20200,20200,20200,18
2026-04-10 13:56:00,20200,20200,20200,20200,118
2026-04-10 13:57:00,20200,20200,20200,20200,127
2026-04-10 13:58:00,20200,20200,20200,20200,21
2026-04-10 13:59:00,20150,20200,20150,20200,577
2026-04-10 14:00:00,20250,20250,20200,20200,201
2026-04-10 14:01:00,20250,20250,20250,20250,24
2026-04-10 14:02:00,20250,20250,20200,20200,48
2026-04-10 14:03:00,20200,20200,20200,20200,1
2026-04-10 14:04:00,20200,20250,20200,20250,111
2026-04-10 14:05:00,20250,20450,20200,20400,10146
2026-04-10 14:06:00,20400,20400,20250,20400,338
2026-04-10 14:07:00,20350,20450,20350,20450,996
2026-04-10 14:08:00,20450,20500,20400,20400,6281
2026-04-10 14:09:00,20350,20400,20350,20350,536
2026-04-10 14:10:00,20400,20400,20400,20400,110
2026-04-10 14:11:00,20400,20400,20350,20350,31
2026-04-10 14:12:00,20350,20400,20350,20350,518
2026-04-10 14:13:00,20350,20350,20300,20350,138
2026-04-10 14:14:00,20350,20375,20350,20350,370
2026-04-10 14:15:00,20400,20500,20400,20400,2374
2026-04-10 14:16:00,20400,20400,20350,20350,8
2026-04-10 14:17:00,20400,20400,20350,20350,6
2026-04-10 14:18:00,20400,20400,20350,20350,266
2026-04-10 14:19:00,20350,20350,20350,20350,463
2026-04-10 14:20:00,20350,20350,20300,20350,85
2026-04-10 14:21:00,20350,20350,20350,20350,36
2026-04-10 14:22:00,20350,20350,20350,20350,773
2026-04-10 14:23:00,20350,20400,20300,20400,105
2026-04-10 14:24:00,20350,20400,20350,20400,13
2026-04-10 14:25:00,20400,20400,20350,20400,22
2026-04-10 14:26:00,20400,20400,20400,20400,2
2026-04-10 14:27:00,20400,20400,20400,20400,5
2026-04-10 14:28:00,20400,20400,20350,20350,397
2026-04-10 14:29:00,20375,20400,20200,20300,19897
2026-04-10 14:30:00,20300,20300,20250,20300,74
2026-04-10 14:31:00,20300,20300,20250,20250,66
2026-04-10 14:32:00,20250,20300,20250,20300,41
2026-04-10 14:33:00,20250,20250,20250,20250,10
2026-04-10 14:34:00,20250,20300,20250,20300,271
2026-04-10 14:35:00,20300,20300,20200,20250,1005
2026-04-10 14:36:00,20250,20250,20200,20250,78
2026-04-10 14:37:00,20200,20250,20200,20250,127
2026-04-10 14:38:00,20250,20300,20200,20300,83
2026-04-10 14:39:00,20250,20300,20200,20250,173
2026-04-10 14:40:00,20250,20250,20200,20250,120
2026-04-10 14:41:00,20250,20250,20250,20250,187
2026-04-10 14:42:00,20200,20250,20200,20250,432
2026-04-10 14:43:00,20250,20250,20250,20250,267
2026-04-10 14:44:00,20200,20250,20200,20250,285
2026-04-10 14:45:00,20200,20200,20200,20200,59
2026-04-10 14:46:00,20200,20250,20200,20250,179
2026-04-10 14:47:00,20200,20200,20200,20200,52
2026-04-10 14:48:00,20200,20250,20150,20200,2130
2026-04-10 14:49:00,20200,20200,20150,20200,342
2026-04-10 14:50:00,20200,20200,20150,20150,75
2026-04-10 14:51:00,20200,20200,20150,20150,927
2026-04-10 14:52:00,20250,20250,20150,20150,330
2026-04-10 14:53:00,20150,20200,20150,20200,335
2026-04-10 14:54:00,20150,20250,20150,20200,673
2026-04-10 14:55:00,20150,20200,20150,20200,348
2026-04-10 14:56:00,20200,20200,20150,20200,1169
2026-04-10 14:57:00,20200,20200,20150,20200,1294
2026-04-10 14:58:00,20200,20250,20200,20250,516
2026-04-10 14:59:00,20200,20250,20200,20250,1660
2026-04-10 15:00:00,20200,20250,20200,20250,277
2026-04-10 15:01:00,20200,20250,20200,20250,85
2026-04-10 15:02:00,20250,20250,20200,20200,1067
2026-04-10 15:03:00,20200,20200,20150,20200,645
2026-04-10 15:04:00,20200,20200,20150,20200,123
2026-04-10 15:05:00,20150,20200,20150,20200,277
2026-04-10 15:06:00,20150,20150,20100,20150,2135
2026-04-10 15:07:00,20150,20150,20150,20150,184
2026-04-10 15:08:00,20150,20150,20100,20100,432
2026-04-10 15:09:00,20150,20150,20100,20150,471
2026-04-10 15:10:00,20100,20150,20100,20150,797
2026-04-10 15:11:00,20150,20200,20150,20150,299
2026-04-10 15:12:00,20150,20150,20100,20150,1312
2026-04-10 15:13:00,20150,20150,20100,20100,176
2026-04-10 15:14:00,20100,20125,20100,20100,261
2026-04-10 15:15:00,20100,20150,20100,20125,238
2026-04-10 15:16:00,20125,20150,20100,20100,915
2026-04-10 15:17:00,20150,20150,20100,20150,232
2026-04-10 15:18:00,20100,20150,20100,20150,1151
2026-04-10 15:19:00,20150,20150,20100,20150,2812
2026-04-10 15:30:00,20050,20050,20050,20050,10851
2026-04-10 15:35:00,20050,20050,20050,20050,490
2026-04-13 09:00:00,21650,22050,21500,22000,70435
2026-04-13 09:01:00,21950,22250,21850,22100,70546
2026-04-13 09:02:00,22100,22550,22050,22250,53255
2026-04-13 09:03:00,22200,22200,21550,21900,22000
2026-04-13 09:04:00,21900,22050,21650,21950,21709
2026-04-13 09:05:00,21950,22000,21600,21700,23926
2026-04-13 09:06:00,21650,22100,21650,21850,19428
2026-04-13 09:07:00,21850,21850,21700,21850,5037
2026-04-13 09:08:00,21850,22000,21800,21850,3497
2026-04-13 09:09:00,21900,22150,21800,22050,36204
2026-04-13 09:10:00,22100,22450,22000,22400,17500
2026-04-13 09:11:00,22450,22500,22300,22350,14625
2026-04-13 09:12:00,22350,22350,22050,22300,10700
2026-04-13 09:13:00,22300,22450,22250,22400,10776
2026-04-13 09:14:00,22400,22600,22300,22550,13312
2026-04-13 09:15:00,22500,22600,22350,22450,20047
2026-04-13 09:16:00,22550,22600,22450,22600,9287
2026-04-13 09:17:00,22600,22650,22400,22400,22005
2026-04-13 09:18:00,22400,22450,22150,22250,11516
2026-04-13 09:19:00,22250,22375,22200,22250,5505
2026-04-13 09:20:00,22250,22750,22200,22700,21910
2026-04-13 09:21:00,22700,22800,22550,22600,7154
2026-04-13 09:22:00,22650,22650,22500,22500,5750
2026-04-13 09:23:00,22500,22550,22350,22450,6790
2026-04-13 09:24:00,22450,22450,22300,22300,5155
2026-04-13 09:25:00,22250,22300,22150,22250,4772
2026-04-13 09:26:00,22300,22350,22250,22300,3242
2026-04-13 09:27:00,22250,22250,22050,22100,9143
2026-04-13 09:28:00,22100,22250,22050,22150,3491
2026-04-13 09:29:00,22150,22150,22050,22100,4077
2026-04-13 09:30:00,22150,22300,22050,22200,3403
2026-04-13 09:31:00,22150,22300,22150,22300,2074
2026-04-13 09:32:00,22300,22300,22150,22225,558
2026-04-13 09:33:00,22225,22350,22200,22350,1788
2026-04-13 09:34:00,22350,22350,22250,22300,1254
2026-04-13 09:35:00,22300,22350,22150,22150,3869
2026-04-13 09:36:00,22200,22200,22050,22050,6474
2026-04-13 09:37:00,22050,22100,22050,22050,1973
2026-04-13 09:38:00,22050,22100,22050,22050,4673
2026-04-13 09:39:00,22050,22100,22000,22000,1443
2026-04-13 09:40:00,22000,22050,22000,22000,6269
2026-04-13 09:41:00,22050,22050,21900,21950,3424
2026-04-13 09:42:00,22000,22050,21900,21900,4123
2026-04-13 09:43:00,21950,22050,21850,21900,3069
2026-04-13 09:44:00,21950,22050,21900,22000,2682
2026-04-13 09:45:00,21950,22200,21950,22200,5666
2026-04-13 09:46:00,22200,22400,22200,22300,4695
2026-04-13 09:47:00,22300,22400,22100,22150,5203
2026-04-13 09:48:00,22150,22200,22100,22200,1753
2026-04-13 09:49:00,22150,22200,22050,22100,2331
2026-04-13 09:50:00,22050,22150,22000,22050,2314
2026-04-13 09:51:00,22050,22100,22000,22000,3228
2026-04-13 09:52:00,22000,22050,21950,22050,938
2026-04-13 09:53:00,22000,22300,22000,22300,3867
2026-04-13 09:54:00,22300,22400,22300,22400,4658
2026-04-13 09:55:00,22350,22400,22350,22400,3435
2026-04-13 09:56:00,22400,22400,22250,22250,4781
2026-04-13 09:57:00,22300,22300,22250,22300,1162
2026-04-13 09:58:00,22250,22300,22200,22250,326
2026-04-13 09:59:00,22300,22300,22250,22250,2884
2026-04-13 10:00:00,22250,22350,22200,22300,6844
2026-04-13 10:01:00,22250,22300,22200,22250,2922
2026-04-13 10:02:00,22250,22250,22000,22100,9801
2026-04-13 10:03:00,22100,22350,22050,22300,2608
2026-04-13 10:04:00,22250,22300,22200,22250,718
2026-04-13 10:05:00,22250,22350,22250,22350,1204
2026-04-13 10:06:00,22350,22350,22200,22300,1541
2026-04-13 10:07:00,22300,22300,22150,22150,1199
2026-04-13 10:08:00,22150,22150,22050,22150,607
2026-04-13 10:09:00,22150,22150,22100,22150,338
2026-04-13 10:10:00,22150,22150,22100,22100,525
2026-04-13 10:11:00,22100,22100,22100,22100,1620
2026-04-13 10:12:00,22100,22150,22050,22050,552
2026-04-13 10:13:00,22100,22100,22050,22050,924
2026-04-13 10:14:00,22100,22100,22050,22050,1343
2026-04-13 10:15:00,22050,22100,22050,22100,142
2026-04-13 10:16:00,22100,22150,22050,22150,377
2026-04-13 10:17:00,22100,22150,22050,22050,2123
2026-04-13 10:18:00,22050,22100,22050,22050,2251
2026-04-13 10:19:00,22050,22100,22000,22100,1032
2026-04-13 10:20:00,22100,22150,22000,22100,1042
2026-04-13 10:21:00,22150,22200,22050,22200,1224
2026-04-13 10:22:00,22200,22200,22150,22200,2265
2026-04-13 10:23:00,22200,22250,22200,22250,280
2026-04-13 10:24:00,22225,22250,22150,22150,962
2026-04-13 10:25:00,22150,22200,22150,22200,140
2026-04-13 10:26:00,22200,22200,22100,22100,686
2026-04-13 10:27:00,22150,22200,22150,22200,86
2026-04-13 10:28:00,22200,22200,22100,22100,592
2026-04-13 10:29:00,22150,22200,22100,22200,922
2026-04-13 10:30:00,22200,22250,22150,22250,1717
2026-04-13 10:31:00,22250,22250,22150,22200,1123
2026-04-13 10:32:00,22150,22150,22100,22100,968
2026-04-13 10:33:00,22100,22200,22100,22200,1193
2026-04-13 10:34:00,22200,22250,22150,22200,322
2026-04-13 10:35:00,22250,22250,22200,22250,452
2026-04-13 10:36:00,22200,22200,22100,22100,1531
2026-04-13 10:37:00,22150,22150,22100,22100,2915
2026-04-13 10:38:00,22200,22200,22100,22100,373
2026-04-13 10:39:00,22100,22200,22000,22050,2945
2026-04-13 10:40:00,22050,22050,22050,22050,455
2026-04-13 10:41:00,22050,22100,22050,22050,523
2026-04-13 10:42:00,22050,22050,22000,22000,2718
2026-04-13 10:43:00,22000,22000,21900,21950,2600
2026-04-13 10:44:00,21950,22000,21900,22000,2105
2026-04-13 10:45:00,21950,22000,21950,21950,1292
2026-04-13 10:46:00,22000,22000,21850,21900,2126
2026-04-13 10:47:00,21900,21950,21850,21900,748
2026-04-13 10:48:00,21900,21950,21900,21900,354
2026-04-13 10:49:00,21900,21950,21900,21950,633
2026-04-13 10:50:00,21900,21950,21850,21900,1819
2026-04-13 10:51:00,21900,21900,21850,21850,370
2026-04-13 10:52:00,21850,21850,21700,21700,11367
2026-04-13 10:53:00,21750,21750,21700,21750,1560
2026-04-13 10:54:00,21700,21800,21700,21750,1417
2026-04-13 10:55:00,21750,21750,21700,21750,1121
2026-04-13 10:56:00,21750,21800,21700,21800,2123
2026-04-13 10:57:00,21800,21900,21800,21850,723
2026-04-13 10:58:00,21800,21850,21800,21800,623
2026-04-13 10:59:00,21750,21800,21750,21775,604
2026-04-13 11:00:00,21750,21850,21750,21750,235
2026-04-13 11:01:00,21750,21850,21750,21850,833
2026-04-13 11:02:00,21800,21850,21750,21800,1100
2026-04-13 11:03:00,21800,21850,21750,21850,216
2026-04-13 11:04:00,21800,21850,21800,21850,287
2026-04-13 11:05:00,21850,21900,21800,21900,449
2026-04-13 11:06:00,21900,21900,21800,21900,675
2026-04-13 11:07:00,21850,21950,21800,21950,728
2026-04-13 11:08:00,21950,21950,21850,21950,329
2026-04-13 11:09:00,21950,21950,21850,21900,441
2026-04-13 11:10:00,21900,21900,21800,21850,137
2026-04-13 11:11:00,21800,21850,21800,21850,168
2026-04-13 11:12:00,21850,21900,21800,21850,1468
2026-04-13 11:13:00,21800,21900,21800,21875,129
2026-04-13 11:14:00,21875,21875,21850,21850,344
2026-04-13 11:15:00,21850,21850,21850,21850,23
2026-04-13 11:16:00,21875,21900,21875,21900,424
2026-04-13 11:17:00,21900,21950,21900,21950,125
2026-04-13 11:18:00,21950,22050,21950,22000,1139
2026-04-13 11:19:00,22000,22100,22000,22050,904
2026-04-13 11:20:00,22100,22100,22000,22050,315
2026-04-13 11:21:00,22000,22050,22000,22050,260
2026-04-13 11:22:00,22000,22000,21850,21950,1603
2026-04-13 11:23:00,21950,21950,21900,21950,48
2026-04-13 11:24:00,21950,21950,21950,21950,267
2026-04-13 11:25:00,21950,21950,21950,21950,30
2026-04-13 11:26:00,21900,21950,21900,21950,17
2026-04-13 11:27:00,21900,21950,21900,21950,325
2026-04-13 11:28:00,21950,22000,21900,22000,856
2026-04-13 11:29:00,21900,21950,21900,21950,152
2026-04-13 11:30:00,21950,21950,21950,21950,109
2026-04-13 11:31:00,21950,21950,21900,21900,436
2026-04-13 11:32:00,21900,22000,21900,22000,114
2026-04-13 11:33:00,22000,22000,22000,22000,74
2026-04-13 11:34:00,22000,22000,21850,21900,607
2026-04-13 11:35:00,21900,21900,21900,21900,148
2026-04-13 11:36:00,21900,21950,21850,21850,1446
2026-04-13 11:37:00,21850,21900,21850,21850,672
2026-04-13 11:38:00,21900,21900,21900,21900,93
2026-04-13 11:39:00,21900,21900,21900,21900,111
2026-04-13 11:40:00,21900,21900,21850,21850,775
2026-04-13 11:41:00,21850,21900,21850,21900,264
2026-04-13 11:42:00,21900,21900,21850,21850,65
2026-04-13 11:43:00,21850,21850,21850,21850,169
2026-04-13 11:44:00,21900,21900,21850,21850,62
2026-04-13 11:45:00,21900,21900,21900,21900,7
2026-04-13 11:46:00,21900,21900,21850,21850,190
2026-04-13 11:47:00,21850,21850,21850,21850,173
2026-04-13 11:48:00,21875,21900,21850,21850,72
2026-04-13 11:49:00,21850,21900,21850,21900,184
2026-04-13 11:50:00,21900,21950,21850,21950,835
2026-04-13 11:51:00,21950,21950,21900,21950,90
2026-04-13 11:52:00,21950,21950,21900,21900,114
2026-04-13 11:53:00,21900,21950,21900,21950,535
2026-04-13 11:54:00,21900,21950,21900,21950,131
2026-04-13 11:55:00,21900,21900,21900,21900,550
2026-04-13 11:56:00,21900,21900,21900,21900,5
2026-04-13 11:57:00,21900,21950,21900,21950,319
2026-04-13 11:58:00,21950,21950,21900,21950,1525
2026-04-13 11:59:00,21950,22000,21925,21925,503
2026-04-13 12:00:00,21950,22000,21900,21950,73
2026-04-13 12:01:00,21950,21950,21950,21950,9
2026-04-13 12:02:00,21900,21950,21900,21950,1064
2026-04-13 12:03:00,21950,21950,21900,21900,12
2026-04-13 12:04:00,21950,21950,21950,21950,57
2026-04-13 12:05:00,21950,21950,21900,21900,544
2026-04-13 12:06:00,21900,21900,21850,21900,613
2026-04-13 12:07:00,21850,21850,21850,21850,5
2026-04-13 12:08:00,21900,21900,21850,21850,135
2026-04-13 12:09:00,21900,21900,21850,21850,898
2026-04-13 12:10:00,21850,21900,21850,21850,952
2026-04-13 12:11:00,21850,21900,21850,21850,553
2026-04-13 12:12:00,21850,21900,21800,21800,224
2026-04-13 12:13:00,21850,21900,21800,21850,568
2026-04-13 12:14:00,21850,21850,21700,21700,4639
2026-04-13 12:15:00,21700,21750,21700,21750,480
2026-04-13 12:16:00,21750,21750,21750,21750,87
2026-04-13 12:17:00,21750,21750,21750,21750,113
2026-04-13 12:18:00,21750,21750,21750,21750,5
2026-04-13 12:19:00,21750,21750,21750,21750,991
2026-04-13 12:20:00,21700,21750,21700,21750,128
2026-04-13 12:21:00,21750,21750,21700,21750,713
2026-04-13 12:22:00,21750,21750,21750,21750,189
2026-04-13 12:23:00,21800,21800,21750,21750,41
2026-04-13 12:24:00,21750,21750,21750,21750,215
2026-04-13 12:25:00,21800,21900,21800,21900,440
2026-04-13 12:26:00,21800,21800,21800,21800,2
2026-04-13 12:27:00,21750,21800,21750,21800,915
2026-04-13 12:28:00,21800,21900,21750,21800,296
2026-04-13 12:29:00,21800,21850,21750,21800,178
2026-04-13 12:30:00,21750,21800,21750,21800,191
2026-04-13 12:31:00,21800,21800,21750,21750,267
2026-04-13 12:33:00,21750,21750,21700,21750,961
2026-04-13 12:34:00,21750,21800,21750,21750,119
2026-04-13 12:35:00,21800,21800,21700,21700,1785
2026-04-13 12:36:00,21725,21750,21700,21750,566
2026-04-13 12:37:00,21750,21800,21700,21800,1211
2026-04-13 12:38:00,21800,21800,21750,21750,243
2026-04-13 12:39:00,21750,21850,21700,21700,281
2026-04-13 12:40:00,21800,21800,21700,21800,1118
2026-04-13 12:41:00,21700,21750,21650,21700,357
2026-04-13 12:42:00,21700,21700,21650,21650,1645
2026-04-13 12:43:00,21650,21650,21650,21650,2544
2026-04-13 12:44:00,21600,21700,21600,21700,129
2026-04-13 12:45:00,21700,21700,21650,21650,15
2026-04-13 12:46:00,21650,21650,21600,21600,1566
2026-04-13 12:47:00,21650,21650,21650,21650,130
2026-04-13 12:48:00,21650,21700,21600,21700,710
2026-04-13 12:49:00,21700,21725,21650,21650,646
2026-04-13 12:50:00,21700,21700,21700,21700,55
2026-04-13 12:51:00,21700,21700,21650,21650,353
2026-04-13 12:52:00,21675,21700,21650,21700,88
2026-04-13 12:53:00,21700,21700,21650,21675,343
2026-04-13 12:54:00,21675,21700,21600,21600,694
2026-04-13 12:55:00,21600,21650,21600,21650,418
2026-04-13 12:56:00,21650,21700,21650,21700,244
2026-04-13 12:58:00,21700,21700,21600,21600,523
2026-04-13 12:59:00,21600,21650,21600,21600,937
2026-04-13 13:00:00,21600,21650,21600,21600,1730
2026-04-13 13:01:00,21600,21650,21600,21650,650
2026-04-13 13:02:00,21600,21600,21550,21600,2060
2026-04-13 13:03:00,21600,21600,21550,21550,774
2026-04-13 13:04:00,21600,21600,21550,21600,86
2026-04-13 13:05:00,21600,21600,21550,21550,1580
2026-04-13 13:06:00,21550,21600,21550,21550,1775
2026-04-13 13:07:00,21550,21550,21500,21550,2374
2026-04-13 13:08:00,21550,21650,21550,21650,204
2026-04-13 13:09:00,21650,21650,21550,21550,645
2026-04-13 13:10:00,21550,21600,21550,21600,490
2026-04-13 13:11:00,21550,21600,21550,21600,180
2026-04-13 13:12:00,21600,21600,21550,21550,190
2026-04-13 13:13:00,21600,21600,21550,21600,1061
2026-04-13 13:14:00,21600,21650,21600,21600,45
2026-04-13 13:15:00,21600,21650,21550,21650,462
2026-04-13 13:16:00,21650,21650,21650,21650,214
2026-04-13 13:17:00,21700,21700,21650,21700,64
2026-04-13 13:18:00,21650,21750,21650,21750,801
2026-04-13 13:19:00,21750,21750,21750,21750,536
2026-04-13 13:20:00,21750,21750,21700,21700,1064
2026-04-13 13:21:00,21750,21750,21700,21700,277
2026-04-13 13:22:00,21700,21700,21650,21650,303
2026-04-13 13:23:00,21650,21700,21650,21700,129
2026-04-13 13:24:00,21650,21700,21650,21650,165
2026-04-13 13:25:00,21700,21700,21650,21650,337
2026-04-13 13:26:00,21700,21700,21700,21700,107
2026-04-13 13:27:00,21700,21700,21700,21700,36
2026-04-13 13:28:00,21700,21750,21700,21700,851
2026-04-13 13:29:00,21700,21750,21700,21700,77
2026-04-13 13:30:00,21750,21750,21700,21750,24
2026-04-13 13:31:00,21750,21800,21700,21700,61
2026-04-13 13:32:00,21700,21700,21700,21700,15
2026-04-13 13:33:00,21700,21750,21700,21750,473
2026-04-13 13:34:00,21700,21700,21700,21700,775
2026-04-13 13:35:00,21700,21700,21650,21700,63
2026-04-13 13:36:00,21650,21650,21650,21650,889
2026-04-13 13:37:00,21650,21650,21550,21550,2866
2026-04-13 13:38:00,21550,21600,21550,21600,450
2026-04-13 13:39:00,21600,21600,21550,21600,759
2026-04-13 13:40:00,21600,21650,21600,21650,30
2026-04-13 13:41:00,21650,21650,21600,21650,195
2026-04-13 13:42:00,21600,21600,21550,21550,965
2026-04-13 13:43:00,21600,21600,21600,21600,2
2026-04-13 13:44:00,21550,21600,21550,21550,272
2026-04-13 13:45:00,21550,21600,21550,21600,226
2026-04-13 13:46:00,21650,21700,21600,21650,226
2026-04-13 13:47:00,21650,21700,21600,21700,54
2026-04-13 13:48:00,21700,21700,21650,21700,106
2026-04-13 13:49:00,21700,21700,21650,21650,190
2026-04-13 13:50:00,21700,21700,21700,21700,22
2026-04-13 13:51:00,21700,21700,21650,21700,211
2026-04-13 13:52:00,21700,21700,21650,21650,71
2026-04-13 13:53:00,21700,21700,21650,21700,12
2026-04-13 13:54:00,21650,21700,21650,21650,51
2026-04-13 13:55:00,21700,21700,21650,21700,68
2026-04-13 13:56:00,21650,21700,21650,21700,203
2026-04-13 13:57:00,21650,21700,21650,21700,172
2026-04-13 13:58:00,21700,21700,21650,21650,1129
2026-04-13 13:59:00,21650,21650,21650,21650,450
2026-04-13 14:00:00,21650,21650,21600,21650,678
2026-04-13 14:01:00,21600,21650,21600,21650,375
2026-04-13 14:02:00,21600,21650,21600,21650,65
2026-04-13 14:03:00,21650,21650,21600,21650,382
2026-04-13 14:04:00,21650,21700,21650,21650,25
2026-04-13 14:05:00,21650,21700,21650,21700,32
2026-04-13 14:06:00,21700,21700,21650,21650,1385
2026-04-13 14:07:00,21650,21650,21650,21650,165
2026-04-13 14:08:00,21650,21650,21600,21600,348
2026-04-13 14:09:00,21650,21650,21600,21600,263
2026-04-13 14:10:00,21600,21650,21600,21650,151
2026-04-13 14:11:00,21650,21650,21550,21550,2858
2026-04-13 14:12:00,21550,21550,21550,21550,368
2026-04-13 14:13:00,21550,21600,21550,21550,1386
2026-04-13 14:14:00,21550,21550,21550,21550,1566
2026-04-13 14:15:00,21500,21500,21350,21450,10557
2026-04-13 14:16:00,21400,21450,21400,21450,901
2026-04-13 14:17:00,21450,21450,21400,21400,617
2026-04-13 14:18:00,21400,21450,21400,21450,95
2026-04-13 14:19:00,21450,21450,21400,21400,899
2026-04-13 14:20:00,21400,21500,21400,21500,1127
2026-04-13 14:21:00,21500,21500,21450,21450,36
2026-04-13 14:22:00,21500,21500,21500,21500,41
2026-04-13 14:23:00,21500,21500,21500,21500,77
2026-04-13 14:24:00,21500,21500,21500,21500,85
2026-04-13 14:25:00,21450,21500,21450,21500,188
2026-04-13 14:26:00,21500,21550,21450,21450,50
2026-04-13 14:27:00,21500,21550,21500,21550,95
2026-04-13 14:28:00,21500,21550,21450,21500,2062
2026-04-13 14:29:00,21500,21550,21500,21500,395
2026-04-13 14:30:00,21550,21550,21500,21550,101
2026-04-13 14:31:00,21550,21550,21500,21550,1757
2026-04-13 14:32:00,21550,21600,21500,21600,741
2026-04-13 14:33:00,21600,21600,21550,21550,222
2026-04-13 14:34:00,21600,21600,21600,21600,500
2026-04-13 14:35:00,21600,21600,21500,21500,808
2026-04-13 14:36:00,21550,21550,21550,21550,117
2026-04-13 14:37:00,21550,21600,21550,21550,350
2026-04-13 14:38:00,21550,21550,21500,21500,203
2026-04-13 14:39:00,21500,21500,21450,21500,1139
2026-04-13 14:40:00,21500,21500,21500,21500,171
2026-04-13 14:41:00,21500,21500,21400,21450,1206
2026-04-13 14:42:00,21450,21450,21400,21450,772
2026-04-13 14:43:00,21450,21450,21450,21450,816
2026-04-13 14:44:00,21450,21450,21400,21400,214
2026-04-13 14:45:00,21400,21450,21400,21450,1433
2026-04-13 14:46:00,21450,21450,21400,21400,12
2026-04-13 14:47:00,21450,21450,21400,21400,1333
2026-04-13 14:48:00,21400,21400,21400,21400,151
2026-04-13 14:49:00,21350,21400,21350,21400,331
2026-04-13 14:50:00,21350,21400,21350,21400,655
2026-04-13 14:51:00,21400,21400,21400,21400,741
2026-04-13 14:52:00,21350,21400,21350,21400,35
2026-04-13 14:53:00,21350,21400,21350,21400,1427
2026-04-13 14:54:00,21400,21400,21350,21350,2311
2026-04-13 14:55:00,21350,21350,21300,21300,1333
2026-04-13 14:56:00,21350,21350,21300,21350,366
2026-04-13 14:57:00,21300,21400,21300,21400,939
2026-04-13 14:58:00,21350,21400,21350,21400,56
2026-04-13 14:59:00,21400,21400,21400,21400,20
2026-04-13 15:00:00,21400,21400,21350,21400,270
2026-04-13 15:01:00,21400,21400,21350,21400,531
2026-04-13 15:02:00,21400,21400,21350,21350,587
2026-04-13 15:03:00,21350,21400,21350,21400,225
2026-04-13 15:04:00,21400,21400,21350,21350,428
2026-04-13 15:05:00,21350,21350,21300,21350,1778
2026-04-13 15:06:00,21350,21350,21300,21350,234
2026-04-13 15:07:00,21300,21350,21300,21350,1047
2026-04-13 15:08:00,21300,21350,21300,21350,46
2026-04-13 15:09:00,21300,21350,21300,21350,1303
2026-04-13 15:10:00,21350,21350,21350,21350,1387
2026-04-13 15:11:00,21350,21350,21300,21300,515
2026-04-13 15:12:00,21350,21350,21350,21350,66
2026-04-13 15:13:00,21350,21350,21300,21350,39
2026-04-13 15:14:00,21350,21350,21300,21300,291
2026-04-13 15:15:00,21300,21350,21300,21300,587
2026-04-13 15:16:00,21300,21350,21300,21350,655
2026-04-13 15:17:00,21350,21350,21300,21350,1568
2026-04-13 15:18:00,21350,21350,21250,21300,4558
2026-04-13 15:19:00,21250,21300,21250,21300,12200
2026-04-13 15:30:00,21250,21250,21250,21250,9901
2026-04-13 15:35:00,21250,21250,21250,21250,551
2026-04-14 09:00:00,21600,21650,21550,21600,7819
2026-04-14 09:01:00,21600,21850,21600,21800,7955
2026-04-14 09:02:00,21800,21850,21750,21850,2053
2026-04-14 09:03:00,21800,21850,21700,21750,5449
2026-04-14 09:04:00,21750,21750,21650,21650,6469
2026-04-14 09:05:00,21600,21800,21600,21700,2250
2026-04-14 09:06:00,21700,21700,21600,21650,2773
2026-04-14 09:07:00,21750,21800,21650,21750,1920
2026-04-14 09:08:00,21750,21800,21650,21650,1797
2026-04-14 09:09:00,21650,21750,21600,21700,2442
2026-04-14 09:10:00,21700,21750,21650,21650,1329
2026-04-14 09:11:00,21700,21750,21650,21650,1638
2026-04-14 09:12:00,21650,21750,21650,21700,1735
2026-04-14 09:13:00,21700,21700,21475,21475,6947
2026-04-14 09:14:00,21475,21500,21400,21500,4947
2026-04-14 09:15:00,21500,21650,21500,21650,1682
2026-04-14 09:16:00,21650,21650,21550,21550,1176
2026-04-14 09:17:00,21550,21550,21250,21500,9465
2026-04-14 09:18:00,21450,21650,21450,21600,2090
2026-04-14 09:19:00,21600,21600,21550,21600,592
2026-04-14 09:20:00,21550,21700,21350,21700,6042
2026-04-14 09:21:00,21750,21750,21550,21550,2452
2026-04-14 09:22:00,21650,21650,21550,21550,77
2026-04-14 09:23:00,21550,21650,21550,21650,624
2026-04-14 09:24:00,21700,21700,21550,21650,654
2026-04-14 09:25:00,21650,21650,21600,21600,662
2026-04-14 09:26:00,21600,21600,21550,21550,534
2026-04-14 09:27:00,21550,21600,21550,21550,986
2026-04-14 09:28:00,21500,21600,21500,21600,1581
2026-04-14 09:29:00,21600,21650,21500,21650,1684
2026-04-14 09:30:00,21600,21600,21450,21450,881
2026-04-14 09:31:00,21450,21500,21450,21500,1017
2026-04-14 09:32:00,21450,21500,21450,21500,365
2026-04-14 09:33:00,21500,21500,21450,21450,792
2026-04-14 09:34:00,21500,21500,21450,21500,668
2026-04-14 09:35:00,21500,21500,21450,21450,2135
2026-04-14 09:36:00,21450,21550,21450,21500,2746
2026-04-14 09:37:00,21550,21550,21400,21550,2816
2026-04-14 09:38:00,21500,21550,21500,21550,129
2026-04-14 09:39:00,21550,21600,21550,21600,60
2026-04-14 09:40:00,21600,21600,21600,21600,1273
2026-04-14 09:41:00,21600,21650,21550,21650,773
2026-04-14 09:42:00,21650,21650,21600,21600,795
2026-04-14 09:43:00,21650,21650,21600,21600,1174
2026-04-14 09:44:00,21600,21600,21500,21600,2357
2026-04-14 09:45:00,21550,21600,21500,21600,601
2026-04-14 09:46:00,21600,21600,21500,21500,1399
2026-04-14 09:47:00,21525,21600,21500,21600,1693
2026-04-14 09:48:00,21600,21600,21550,21550,258
2026-04-14 09:49:00,21600,21600,21550,21600,559
2026-04-14 09:50:00,21600,21650,21550,21650,1647
2026-04-14 09:51:00,21650,21700,21650,21700,756
2026-04-14 09:52:00,21675,21700,21650,21700,609
2026-04-14 09:53:00,21700,21700,21600,21600,272
2026-04-14 09:54:00,21600,21700,21600,21700,218
2026-04-14 09:55:00,21650,21700,21600,21700,1454
2026-04-14 09:56:00,21650,21700,21650,21700,252
2026-04-14 09:57:00,21700,21700,21650,21675,551
2026-04-14 09:58:00,21675,21800,21650,21750,4618
2026-04-14 09:59:00,21750,21775,21750,21750,478
2026-04-14 10:00:00,21750,21800,21750,21750,658
2026-04-14 10:01:00,21800,21850,21750,21850,3032
2026-04-14 10:02:00,21850,21900,21800,21900,2152
2026-04-14 10:03:00,21900,21900,21850,21900,1544
2026-04-14 10:04:00,21900,21900,21750,21800,3261
2026-04-14 10:05:00,21800,21800,21750,21800,389
2026-04-14 10:06:00,21750,21800,21750,21750,495
2026-04-14 10:07:00,21800,21800,21750,21750,472
2026-04-14 10:08:00,21750,21750,21750,21750,159
2026-04-14 10:09:00,21750,21800,21750,21750,334
2026-04-14 10:10:00,21750,21800,21750,21750,84
2026-04-14 10:11:00,21750,21800,21750,21800,311
2026-04-14 10:12:00,21800,21800,21750,21800,393
2026-04-14 10:13:00,21800,21800,21750,21750,506
2026-04-14 10:14:00,21850,21850,21750,21750,423
2026-04-14 10:15:00,21750,21850,21750,21800,105
2026-04-14 10:16:00,21800,21800,21750,21750,555
2026-04-14 10:17:00,21800,21800,21750,21800,2007
2026-04-14 10:18:00,21850,21850,21800,21850,742
2026-04-14 10:19:00,21800,21850,21750,21850,613
2026-04-14 10:20:00,21800,21800,21750,21800,1053
2026-04-14 10:21:00,21800,21800,21750,21800,2180
2026-04-14 10:22:00,21800,21850,21800,21850,281
2026-04-14 10:23:00,21850,21850,21800,21800,827
2026-04-14 10:24:00,21800,21800,21750,21750,244
2026-04-14 10:25:00,21750,21750,21700,21700,4141
2026-04-14 10:26:00,21700,21700,21650,21700,332
2026-04-14 10:27:00,21650,21650,21650,21650,77
2026-04-14 10:28:00,21650,21700,21600,21600,1141
2026-04-14 10:29:00,21600,21650,21600,21600,1004
2026-04-14 10:30:00,21600,21600,21550,21550,63
2026-04-14 10:31:00,21550,21600,21550,21550,1969
2026-04-14 10:32:00,21550,21600,21500,21600,1796
2026-04-14 10:33:00,21600,21600,21500,21500,129
2026-04-14 10:34:00,21500,21600,21500,21500,267
2026-04-14 10:35:00,21500,21600,21500,21550,348
2026-04-14 10:36:00,21550,21600,21500,21500,686
2026-04-14 10:37:00,21500,21600,21500,21550,18
2026-04-14 10:38:00,21550,21550,21550,21550,205
2026-04-14 10:39:00,21550,21550,21500,21550,505
2026-04-14 10:40:00,21500,21550,21500,21550,324
2026-04-14 10:41:00,21600,21600,21550,21600,204
2026-04-14 10:42:00,21600,21600,21600,21600,169
2026-04-14 10:43:00,21600,21600,21550,21550,123
2026-04-14 10:44:00,21550,21550,21500,21500,341
2026-04-14 10:45:00,21550,21600,21550,21600,163
2026-04-14 10:46:00,21600,21600,21600,21600,351
2026-04-14 10:47:00,21600,21600,21550,21550,114
2026-04-14 10:48:00,21550,21550,21500,21550,477
2026-04-14 10:49:00,21550,21550,21550,21550,161
2026-04-14 10:50:00,21550,21600,21550,21550,323
2026-04-14 10:51:00,21600,21600,21600,21600,101
2026-04-14 10:52:00,21600,21600,21600,21600,199
2026-04-14 10:53:00,21600,21600,21550,21550,179
2026-04-14 10:54:00,21550,21600,21550,21600,27
2026-04-14 10:55:00,21600,21650,21600,21650,258
2026-04-14 10:56:00,21700,21700,21700,21700,410
2026-04-14 10:57:00,21750,21750,21750,21750,1659
2026-04-14 10:58:00,21750,21800,21750,21750,256
2026-04-14 10:59:00,21750,21750,21750,21750,324
2026-04-14 11:00:00,21700,21750,21700,21750,128
2026-04-14 11:01:00,21750,21800,21700,21800,2873
2026-04-14 11:02:00,21750,21800,21750,21750,226
2026-04-14 11:03:00,21750,21800,21750,21800,249
2026-04-14 11:04:00,21750,21800,21750,21800,295
2026-04-14 11:05:00,21750,21800,21750,21750,291
2026-04-14 11:06:00,21750,21750,21700,21750,425
2026-04-14 11:07:00,21750,21800,21750,21800,254
2026-04-14 11:08:00,21750,21800,21750,21750,185
2026-04-14 11:09:00,21750,21750,21700,21750,221
2026-04-14 11:10:00,21750,21750,21750,21750,365
2026-04-14 11:11:00,21750,21800,21750,21750,365
2026-04-14 11:12:00,21750,21800,21750,21750,541
2026-04-14 11:13:00,21750,21850,21750,21750,2433
2026-04-14 11:14:00,21800,21800,21800,21800,106
2026-04-14 11:15:00,21750,21800,21750,21800,526
2026-04-14 11:16:00,21800,21850,21800,21850,136
2026-04-14 11:17:00,21850,21850,21800,21800,9
2026-04-14 11:18:00,21850,21850,21850,21850,644
2026-04-14 11:19:00,21850,21900,21850,21850,643
2026-04-14 11:20:00,21900,21900,21850,21850,474
2026-04-14 11:21:00,21900,21900,21900,21900,1484
2026-04-14 11:22:00,21900,21900,21850,21850,588
2026-04-14 11:23:00,21850,21850,21850,21850,84
2026-04-14 11:24:00,21800,21900,21800,21900,162
2026-04-14 11:25:00,21900,21900,21850,21900,732
2026-04-14 11:26:00,21900,21900,21850,21900,303
2026-04-14 11:27:00,21900,21900,21900,21900,1
2026-04-14 11:28:00,21900,21900,21850,21850,294
2026-04-14 11:29:00,21900,21900,21900,21900,322
2026-04-14 11:30:00,21900,21900,21850,21850,915
2026-04-14 11:31:00,21850,21850,21800,21800,70
2026-04-14 11:32:00,21850,21850,21800,21850,140
2026-04-14 11:33:00,21800,21800,21800,21800,25
2026-04-14 11:34:00,21850,21850,21850,21850,45
2026-04-14 11:35:00,21800,21800,21750,21750,1407
2026-04-14 11:36:00,21800,21800,21800,21800,52
2026-04-14 11:37:00,21750,21800,21750,21750,489
2026-04-14 11:38:00,21750,21750,21700,21750,607
2026-04-14 11:39:00,21750,21750,21700,21700,270
2026-04-14 11:40:00,21750,21750,21750,21750,4
2026-04-14 11:41:00,21750,21800,21750,21800,255
2026-04-14 11:42:00,21800,21800,21750,21750,7
2026-04-14 11:43:00,21800,21800,21800,21800,223
2026-04-14 11:44:00,21850,21850,21850,21850,6
2026-04-14 11:45:00,21850,21850,21800,21800,117
2026-04-14 11:46:00,21800,21850,21800,21850,578
2026-04-14 11:47:00,21900,21900,21850,21850,329
2026-04-14 11:48:00,21900,21900,21900,21900,278
2026-04-14 11:49:00,21900,21900,21800,21850,413
2026-04-14 11:50:00,21800,21850,21800,21850,146
2026-04-14 11:51:00,21900,21900,21800,21850,605
2026-04-14 11:52:00,21850,21900,21850,21850,384
2026-04-14 11:53:00,21850,21850,21800,21800,1174
2026-04-14 11:54:00,21800,21800,21750,21750,108
2026-04-14 11:55:00,21750,21750,21750,21750,46
2026-04-14 11:56:00,21750,21800,21750,21800,115
2026-04-14 11:57:00,21750,21850,21750,21850,364
2026-04-14 11:58:00,21850,21850,21850,21850,137
2026-04-14 11:59:00,21850,21850,21850,21850,25
2026-04-14 12:00:00,21850,21850,21800,21800,1311
2026-04-14 12:01:00,21800,21850,21800,21850,60
2026-04-14 12:02:00,21900,21900,21850,21900,146
2026-04-14 12:03:00,21900,21900,21900,21900,50
2026-04-14 12:04:00,21900,21900,21800,21850,592
2026-04-14 12:05:00,21850,21900,21850,21900,102
2026-04-14 12:06:00,21900,21900,21850,21850,61
2026-04-14 12:07:00,21850,21850,21850,21850,167
2026-04-14 12:08:00,21800,21850,21800,21850,4
2026-04-14 12:09:00,21850,21850,21800,21850,480
2026-04-14 12:10:00,21800,21800,21800,21800,25
2026-04-14 12:11:00,21800,21800,21800,21800,260
2026-04-14 12:12:00,21800,21800,21800,21800,130
2026-04-14 12:13:00,21800,21850,21800,21850,147
2026-04-14 12:14:00,21850,21850,21750,21750,502
2026-04-14 12:15:00,21750,21800,21750,21800,14
2026-04-14 12:16:00,21800,21800,21800,21800,46
2026-04-14 12:17:00,21800,21800,21800,21800,182
2026-04-14 12:18:00,21800,21800,21800,21800,477
2026-04-14 12:19:00,21800,21800,21800,21800,53
2026-04-14 12:20:00,21800,21800,21800,21800,53
2026-04-14 12:21:00,21800,21800,21800,21800,1
2026-04-14 12:22:00,21800,21800,21750,21800,120
2026-04-14 12:23:00,21850,21850,21800,21800,34
2026-04-14 12:24:00,21800,21850,21800,21850,22
2026-04-14 12:25:00,21800,21850,21800,21800,526
2026-04-14 12:26:00,21800,21800,21750,21750,374
2026-04-14 12:27:00,21750,21750,21750,21750,70
2026-04-14 12:28:00,21750,21750,21750,21750,16
2026-04-14 12:29:00,21850,21850,21750,21800,609
2026-04-14 12:30:00,21750,21800,21750,21800,78
2026-04-14 12:31:00,21800,21800,21800,21800,60
2026-04-14 12:32:00,21750,21750,21750,21750,796
2026-04-14 12:33:00,21750,21800,21700,21750,73
2026-04-14 12:34:00,21750,21750,21750,21750,87
2026-04-14 12:35:00,21800,21825,21800,21825,843
2026-04-14 12:36:00,21825,21850,21825,21850,16
2026-04-14 12:37:00,21850,21850,21800,21850,526
2026-04-14 12:38:00,21850,21850,21800,21850,53
2026-04-14 12:39:00,21750,21750,21750,21750,209
2026-04-14 12:40:00,21750,21750,21700,21700,275
2026-04-14 12:41:00,21800,21800,21800,21800,351
2026-04-14 12:42:00,21800,21800,21800,21800,39
2026-04-14 12:43:00,21750,21800,21750,21800,24
2026-04-14 12:44:00,21750,21750,21700,21700,6
2026-04-14 12:45:00,21700,21700,21700,21700,653
2026-04-14 12:46:00,21700,21800,21700,21700,239
2026-04-14 12:47:00,21700,21750,21650,21700,1111
2026-04-14 12:48:00,21700,21700,21700,21700,504
2026-04-14 12:49:00,21750,21750,21700,21700,10
2026-04-14 12:50:00,21700,21700,21700,21700,61
2026-04-14 12:51:00,21700,21700,21650,21650,211
2026-04-14 12:52:00,21700,21700,21650,21650,122
2026-04-14 12:53:00,21700,21700,21650,21700,50
2026-04-14 12:54:00,21650,21650,21650,21650,36
2026-04-14 12:55:00,21650,21700,21650,21700,110
2026-04-14 12:56:00,21700,21750,21650,21650,230
2026-04-14 12:57:00,21750,21750,21550,21600,1880
2026-04-14 12:58:00,21650,21650,21650,21650,166
2026-04-14 12:59:00,21650,21650,21650,21650,92
2026-04-14 13:00:00,21650,21650,21650,21650,354
2026-04-14 13:01:00,21650,21650,21650,21650,1
2026-04-14 13:02:00,21650,21650,21600,21650,1164
2026-04-14 13:03:00,21650,21650,21600,21600,191
2026-04-14 13:04:00,21600,21600,21600,21600,46
2026-04-14 13:05:00,21600,21650,21600,21650,53
2026-04-14 13:06:00,21650,21650,21650,21650,1300
2026-04-14 13:07:00,21700,21700,21650,21700,456
2026-04-14 13:08:00,21700,21700,21700,21700,1173
2026-04-14 13:09:00,21650,21650,21650,21650,21
2026-04-14 13:10:00,21650,21650,21650,21650,151
2026-04-14 13:11:00,21650,21650,21650,21650,4
2026-04-14 13:12:00,21700,21700,21650,21700,105
2026-04-14 13:13:00,21700,21700,21700,21700,29
2026-04-14 13:14:00,21650,21650,21650,21650,15
2026-04-14 13:15:00,21700,21700,21700,21700,150
2026-04-14 13:16:00,21700,21700,21650,21650,125
2026-04-14 13:17:00,21700,21700,21700,21700,108
2026-04-14 13:18:00,21700,21700,21700,21700,10
2026-04-14 13:19:00,21700,21700,21650,21700,836
2026-04-14 13:20:00,21700,21700,21700,21700,430
2026-04-14 13:21:00,21750,21750,21700,21700,518
2026-04-14 13:22:00,21750,21750,21750,21750,305
2026-04-14 13:23:00,21750,21750,21700,21750,315
2026-04-14 13:24:00,21750,21750,21750,21750,84
2026-04-14 13:25:00,21750,21800,21750,21800,146
2026-04-14 13:26:00,21800,21800,21750,21750,151
2026-04-14 13:27:00,21750,21750,21750,21750,180
2026-04-14 13:28:00,21800,21800,21750,21750,1255
2026-04-14 13:29:00,21700,21750,21700,21750,388
2026-04-14 13:30:00,21750,21750,21700,21750,523
2026-04-14 13:31:00,21700,21700,21700,21700,4
2026-04-14 13:32:00,21700,21725,21700,21700,104
2026-04-14 13:33:00,21700,21700,21700,21700,940
2026-04-14 13:34:00,21700,21750,21700,21750,19
2026-04-14 13:35:00,21750,21750,21700,21700,314
2026-04-14 13:36:00,21700,21750,21700,21750,393
2026-04-14 13:37:00,21750,21750,21700,21700,324
2026-04-14 13:38:00,21700,21700,21700,21700,1
2026-04-14 13:39:00,21750,21750,21650,21650,79
2026-04-14 13:40:00,21700,21700,21700,21700,80
2026-04-14 13:41:00,21700,21700,21650,21700,873
2026-04-14 13:42:00,21700,21700,21700,21700,67
2026-04-14 13:43:00,21750,21750,21750,21750,235
2026-04-14 13:44:00,21750,21750,21750,21750,100
2026-04-14 13:45:00,21750,21750,21700,21750,180
2026-04-14 13:46:00,21750,21750,21750,21750,155
2026-04-14 13:47:00,21750,21800,21750,21775,27
2026-04-14 13:48:00,21775,21775,21775,21775,51
2026-04-14 13:49:00,21800,21800,21775,21775,29
2026-04-14 13:50:00,21800,21800,21775,21775,164
2026-04-14 13:51:00,21800,21800,21750,21750,440
2026-04-14 13:52:00,21800,21800,21800,21800,219
2026-04-14 13:53:00,21750,21750,21750,21750,45
2026-04-14 13:54:00,21750,21750,21700,21750,333
2026-04-14 13:55:00,21750,21750,21650,21700,789
2026-04-14 13:56:00,21700,21700,21600,21600,3595
2026-04-14 13:57:00,21600,21600,21600,21600,771
2026-04-14 13:58:00,21600,21600,21600,21600,8
2026-04-14 13:59:00,21600,21600,21600,21600,16
2026-04-14 14:00:00,21650,21650,21600,21600,122
2026-04-14 14:01:00,21600,21600,21600,21600,472
2026-04-14 14:02:00,21600,21650,21600,21600,189
2026-04-14 14:03:00,21650,21650,21600,21650,16
2026-04-14 14:04:00,21600,21650,21600,21650,717
2026-04-14 14:05:00,21650,21700,21650,21700,204
2026-04-14 14:06:00,21700,21750,21700,21750,60
2026-04-14 14:07:00,21700,21750,21700,21750,34
2026-04-14 14:08:00,21700,21700,21700,21700,58
2026-04-14 14:09:00,21750,21750,21700,21700,134
2026-04-14 14:10:00,21750,21750,21700,21700,662
2026-04-14 14:11:00,21750,21750,21750,21750,229
2026-04-14 14:12:00,21750,21750,21700,21750,173
2026-04-14 14:13:00,21700,21700,21700,21700,1053
2026-04-14 14:14:00,21650,21650,21650,21650,12
2026-04-14 14:15:00,21700,22650,21700,22550,62047
2026-04-14 14:16:00,22525,23600,22400,23550,144605
2026-04-14 14:17:00,23500,23650,23150,23650,80282
2026-04-14 14:18:00,23650,23750,23600,23750,19261
2026-04-14 14:20:00,23800,24050,23750,23800,143420
2026-04-14 14:21:00,23800,23850,23300,23450,86450
2026-04-14 14:22:00,23450,23450,23000,23200,50740
2026-04-14 14:23:00,23250,23550,23100,23100,37821
2026-04-14 14:24:00,23100,23150,22750,22800,38799
2026-04-14 14:25:00,22800,22950,22600,22850,42233
2026-04-14 14:26:00,22850,23000,22800,23000,26299
2026-04-14 14:27:00,22950,23000,22900,22900,14627
2026-04-14 14:28:00,22900,22900,22500,22600,21811
2026-04-14 14:29:00,22650,22650,22500,22500,18432
2026-04-14 14:30:00,22500,22650,22450,22500,14512
2026-04-14 14:31:00,22500,22500,22150,22250,29584
2026-04-14 14:32:00,22250,22350,22200,22300,10587
2026-04-14 14:33:00,22350,22350,22250,22300,4690
2026-04-14 14:34:00,22350,22500,22300,22450,8644
2026-04-14 14:35:00,22500,22500,22350,22400,4914
2026-04-14 14:36:00,22350,22400,22200,22200,10827
2026-04-14 14:37:00,22200,22300,22200,22300,2163
2026-04-14 14:38:00,22300,22350,22250,22300,2826
2026-04-14 14:39:00,22300,22300,22200,22250,5273
2026-04-14 14:40:00,22200,22300,22200,22250,3007
2026-04-14 14:41:00,22250,22300,22200,22200,3123
2026-04-14 14:42:00,22250,22250,22200,22200,4779
2026-04-14 14:43:00,22225,22250,22150,22150,4102
2026-04-14 14:44:00,22150,22200,22100,22150,4913
2026-04-14 14:45:00,22200,22200,22100,22150,2720
2026-04-14 14:46:00,22100,22200,22100,22150,986
2026-04-14 14:47:00,22200,22250,22150,22250,1731
2026-04-14 14:48:00,22250,22300,22250,22300,1922
2026-04-14 14:49:00,22250,22300,22250,22300,1286
2026-04-14 14:50:00,22250,22300,22200,22300,1667
2026-04-14 14:51:00,22300,22300,22200,22250,1304
2026-04-14 14:52:00,22250,22250,22100,22150,5156
2026-04-14 14:53:00,22250,22250,22150,22200,871
2026-04-14 14:54:00,22150,22200,22150,22200,358
2026-04-14 14:55:00,22200,22400,22150,22300,7386
2026-04-14 14:56:00,22250,22350,22250,22300,965
2026-04-14 14:57:00,22300,22300,22250,22250,925
2026-04-14 14:58:00,22250,22300,22200,22250,702
2026-04-14 14:59:00,22250,22300,22200,22300,2390
2026-04-14 15:00:00,22300,22350,22250,22250,652
2026-04-14 15:01:00,22300,22300,22200,22200,2111
2026-04-14 15:02:00,22200,22225,22150,22200,3843
2026-04-14 15:03:00,22200,22250,22150,22150,1328
2026-04-14 15:04:00,22150,22250,22150,22200,1582
2026-04-14 15:05:00,22200,22300,22200,22250,1490
2026-04-14 15:06:00,22250,22300,22250,22300,180
2026-04-14 15:07:00,22250,22300,22200,22250,1134
2026-04-14 15:08:00,22250,22300,22200,22200,1391
2026-04-14 15:09:00,22200,22250,22150,22250,564
2026-04-14 15:10:00,22200,22700,22200,22650,21552
2026-04-14 15:11:00,22650,22700,22550,22650,11724
2026-04-14 15:12:00,22650,22700,22650,22700,7199
2026-04-14 15:13:00,22700,22800,22700,22800,8675
2026-04-14 15:14:00,22800,22800,22700,22700,9551
2026-04-14 15:15:00,22700,22750,22600,22650,11110
2026-04-14 15:16:00,22650,22700,22600,22650,5001
2026-04-14 15:17:00,22650,22700,22600,22600,2486
2026-04-14 15:18:00,22650,22700,22600,22650,4394
2026-04-14 15:19:00,22700,22700,22600,22600,4073
2026-04-14 15:30:00,22650,22650,22650,22650,10814
