date_idx,open,high,low,close,volume
2026-03-20 10:37:00,49000,49150,49000,49150,15
2026-03-20 10:38:00,49150,49150,49100,49100,167
2026-03-20 10:39:00,49100,49100,49100,49100,23
2026-03-20 10:40:00,49100,49100,48850,49100,721
2026-03-20 10:41:00,49100,49100,49000,49000,81
2026-03-20 10:42:00,49100,49100,49050,49050,65
2026-03-20 10:43:00,49100,49100,49100,49100,7
2026-03-20 10:44:00,49100,49200,49100,49200,62
2026-03-20 10:45:00,49200,49400,49200,49400,35
2026-03-20 10:46:00,49350,49400,49200,49200,377
2026-03-20 10:47:00,49175,49450,49050,49100,266
2026-03-20 10:48:00,49100,49100,49100,49100,5
2026-03-20 10:49:00,49150,49150,49050,49100,151
2026-03-20 10:50:00,49050,49050,49050,49050,22
2026-03-20 10:51:00,49050,49050,49000,49000,54
2026-03-20 10:52:00,49050,49050,49050,49050,4
2026-03-20 10:53:00,49050,49300,49050,49050,55
2026-03-20 10:54:00,49050,49300,49000,49300,374
2026-03-20 10:55:00,49000,49050,49000,49050,26
2026-03-20 10:56:00,49100,49250,49050,49050,132
2026-03-20 10:57:00,49050,49250,49050,49250,326
2026-03-20 10:58:00,49050,49050,49050,49050,26
2026-03-20 10:59:00,49050,49100,49050,49050,422
2026-03-20 11:00:00,49100,49200,49000,49200,166
2026-03-20 11:01:00,49200,49200,49200,49200,45
2026-03-20 11:02:00,49100,49100,49100,49100,178
2026-03-20 11:03:00,49100,49200,49100,49100,268
2026-03-20 11:04:00,49200,49200,49150,49150,9
2026-03-20 11:05:00,49100,49100,49100,49100,9
2026-03-20 11:06:00,49100,49250,49100,49250,515
2026-03-20 11:07:00,49250,49250,49100,49100,295
2026-03-20 11:08:00,49150,49150,49150,49150,1
2026-03-20 11:09:00,49150,49250,49150,49250,14
2026-03-20 11:10:00,49250,49250,49250,49250,6
2026-03-20 11:11:00,49200,49200,49100,49100,208
2026-03-20 11:12:00,49050,49100,49050,49050,88
2026-03-20 11:13:00,49050,49100,49050,49100,44
2026-03-20 11:14:00,49100,49100,49000,49000,664
2026-03-20 11:15:00,49000,49150,48950,49150,58
2026-03-20 11:16:00,49150,49150,49150,49150,11
2026-03-20 11:17:00,49150,49150,49000,49000,45
2026-03-20 11:18:00,49000,49000,48950,48950,636
2026-03-20 11:19:00,48950,48950,48950,48950,65
2026-03-20 11:20:00,48900,48900,48900,48900,22
2026-03-20 11:21:00,48900,48950,48900,48950,6
2026-03-20 11:22:00,48900,48950,48900,48900,413
2026-03-20 11:23:00,48950,49100,48900,48950,38
2026-03-20 11:24:00,48950,49200,48950,49200,82
2026-03-20 11:25:00,48950,48950,48950,48950,42
2026-03-20 11:26:00,49150,49150,48950,48950,67
2026-03-20 11:27:00,48950,48950,48950,48950,62
2026-03-20 11:28:00,48950,48950,48900,48950,109
2026-03-20 11:29:00,48950,48950,48900,48900,33
2026-03-20 11:30:00,48900,48950,48900,48950,122
2026-03-20 11:31:00,49000,49000,49000,49000,1
2026-03-20 11:32:00,49000,49000,49000,49000,41
2026-03-20 11:33:00,49000,49000,49000,49000,12
2026-03-20 11:34:00,49000,49100,49000,49100,22
2026-03-20 11:35:00,49100,49100,49100,49100,7
2026-03-20 11:36:00,49100,49150,49000,49150,58
2026-03-20 11:37:00,49150,49150,49150,49150,6
2026-03-20 11:38:00,49150,49150,49050,49050,60
2026-03-20 11:39:00,49050,49050,49050,49050,5
2026-03-20 11:40:00,49100,49100,49100,49100,11
2026-03-20 11:41:00,49150,49150,49150,49150,4
2026-03-20 11:42:00,49150,49150,49150,49150,13
2026-03-20 11:43:00,49150,49150,49150,49150,52
2026-03-20 11:44:00,49100,49150,49100,49100,32
2026-03-20 11:45:00,49100,49100,49100,49100,35
2026-03-20 11:46:00,49100,49150,49100,49150,11
2026-03-20 11:47:00,49150,49150,49150,49150,104
2026-03-20 11:48:00,49150,49150,49100,49100,87
2026-03-20 11:49:00,49100,49100,49100,49100,10
2026-03-20 11:50:00,49100,49100,49100,49100,18
2026-03-20 11:51:00,49050,49050,49050,49050,32
2026-03-20 11:52:00,49100,49100,49000,49000,669
2026-03-20 11:53:00,49000,49000,49000,49000,49
2026-03-20 11:54:00,49000,49000,49000,49000,61
2026-03-20 11:55:00,49000,49000,48950,48950,119
2026-03-20 11:56:00,48950,49000,48950,49000,16
2026-03-20 11:57:00,48950,49000,48950,48950,34
2026-03-20 11:58:00,49000,49100,49000,49100,106
2026-03-20 11:59:00,49000,49000,48950,48950,208
2026-03-20 12:00:00,48950,48950,48950,48950,14
2026-03-20 12:01:00,48950,48950,48950,48950,6
2026-03-20 12:02:00,48950,49000,48950,49000,71
2026-03-20 12:03:00,49000,49000,48950,48950,4
2026-03-20 12:04:00,48950,48950,48950,48950,1
2026-03-20 12:05:00,48950,48950,48900,48950,42
2026-03-20 12:06:00,48950,48950,48950,48950,3
2026-03-20 12:07:00,48950,48950,48950,48950,50
2026-03-20 12:09:00,48950,48950,48950,48950,5
2026-03-20 12:10:00,49000,49000,49000,49000,6
2026-03-20 12:11:00,49000,49000,49000,49000,77
2026-03-20 12:12:00,49000,49150,48950,49150,224
2026-03-20 12:14:00,49150,49150,49150,49150,33
2026-03-20 12:16:00,49150,49150,49000,49000,47
2026-03-20 12:17:00,49000,49000,49000,49000,55
2026-03-20 12:18:00,48950,49150,48950,49150,119
2026-03-20 12:19:00,49100,49100,49100,49100,3
2026-03-20 12:20:00,49100,49100,49000,49000,112
2026-03-20 12:21:00,49000,49000,49000,49000,22
2026-03-20 12:22:00,49050,49100,49050,49100,37
2026-03-20 12:23:00,49100,49100,49050,49100,183
2026-03-20 12:24:00,49050,49050,49000,49000,81
2026-03-20 12:25:00,49000,49100,49000,49000,140
2026-03-20 12:26:00,49100,49100,49050,49050,13
2026-03-20 12:27:00,49050,49050,49000,49000,113
2026-03-20 12:28:00,49050,49050,49000,49050,4
2026-03-20 12:29:00,49000,49050,49000,49000,335
2026-03-20 12:30:00,49000,49000,49000,49000,110
2026-03-20 12:31:00,49000,49050,48950,49000,1190
2026-03-20 12:32:00,48900,48900,48900,48900,7
2026-03-20 12:33:00,48900,48900,48900,48900,139
2026-03-20 12:34:00,48900,48900,48900,48900,40
2026-03-20 12:35:00,48950,48950,48800,48800,1188
2026-03-20 12:36:00,48800,48800,48800,48800,627
2026-03-20 12:37:00,48800,48800,48800,48800,89
2026-03-20 12:38:00,48800,48800,48800,48800,152
2026-03-20 12:39:00,48800,48850,48800,48850,233
2026-03-20 12:40:00,48850,48850,48800,48800,40
2026-03-20 12:41:00,48800,48850,48800,48850,40
2026-03-20 12:42:00,48800,48800,48800,48800,6
2026-03-20 12:43:00,48800,48850,48800,48850,55
2026-03-20 12:44:00,48850,48850,48800,48850,134
2026-03-20 12:45:00,48750,48850,48750,48850,256
2026-03-20 12:46:00,48850,48900,48850,48850,104
2026-03-20 12:47:00,48800,48900,48750,48900,146
2026-03-20 12:48:00,48850,48850,48750,48750,49
2026-03-20 12:49:00,48850,48850,48800,48800,32
2026-03-20 12:50:00,48800,48800,48750,48750,110
2026-03-20 12:51:00,48750,48800,48750,48800,214
2026-03-20 12:52:00,48800,48800,48750,48750,356
2026-03-20 12:53:00,48750,48750,48700,48700,104
2026-03-20 12:54:00,48700,48750,48700,48750,115
2026-03-20 12:55:00,48750,48750,48750,48750,20
2026-03-20 12:56:00,48750,48750,48750,48750,43
2026-03-20 12:57:00,48750,48900,48700,48900,817
2026-03-20 12:58:00,48750,48750,48700,48700,37
2026-03-20 12:59:00,48700,48750,48700,48750,68
2026-03-20 13:00:00,48750,48850,48750,48850,158
2026-03-20 13:01:00,48850,48850,48750,48750,59
2026-03-20 13:02:00,48750,48800,48750,48800,37
2026-03-20 13:03:00,48800,48800,48750,48750,200
2026-03-20 13:04:00,48800,48900,48800,48900,662
2026-03-20 13:05:00,48900,48900,48900,48900,3
2026-03-20 13:06:00,48850,48850,48800,48850,49
2026-03-20 13:07:00,48850,48900,48850,48900,489
2026-03-20 13:08:00,48800,48850,48800,48850,14
2026-03-20 13:09:00,48850,48850,48800,48850,550
2026-03-20 13:10:00,48850,48850,48850,48850,10
2026-03-20 13:11:00,48850,48900,48850,48900,544
2026-03-20 13:12:00,48900,49000,48800,48900,584
2026-03-20 13:13:00,48900,49000,48700,49000,706
2026-03-20 13:14:00,48950,48950,48750,48950,30
2026-03-20 13:15:00,48950,48950,48950,48950,75
2026-03-20 13:16:00,48950,49000,48900,48900,253
2026-03-20 13:17:00,48900,48900,48900,48900,1
2026-03-20 13:18:00,48900,48900,48900,48900,1
2026-03-20 13:19:00,48900,48900,48900,48900,1
2026-03-20 13:20:00,48900,48950,48900,48950,98
2026-03-20 13:21:00,48950,48950,48900,48900,18
2026-03-20 13:22:00,48925,48925,48900,48900,197
2026-03-20 13:23:00,48950,48950,48900,48900,59
2026-03-20 13:24:00,48900,48900,48900,48900,7
2026-03-20 13:25:00,48900,48900,48900,48900,10
2026-03-20 13:26:00,48900,48900,48900,48900,32
2026-03-20 13:27:00,48900,48900,48900,48900,131
2026-03-20 13:28:00,48900,48900,48900,48900,16
2026-03-20 13:29:00,48900,49000,48800,49000,40
2026-03-20 13:30:00,49000,49000,49000,49000,2
2026-03-20 13:31:00,49000,49000,49000,49000,40
2026-03-20 13:32:00,49000,49000,48900,48900,18
2026-03-20 13:33:00,48900,48900,48800,48800,76
2026-03-20 13:34:00,48800,48900,48800,48900,61
2026-03-20 13:35:00,48900,49000,48900,49000,59
2026-03-20 13:36:00,48900,49000,48800,49000,127
2026-03-20 13:37:00,49000,49000,48950,48950,77
2026-03-20 13:38:00,48950,48950,48950,48950,5
2026-03-20 13:39:00,48900,48950,48900,48950,7
2026-03-20 13:40:00,49000,49000,48900,49000,231
2026-03-20 13:41:00,49000,49000,48950,48950,126
2026-03-20 13:42:00,49000,49000,48900,48950,551
2026-03-20 13:43:00,48950,48950,48950,48950,17
2026-03-20 13:44:00,48950,49000,48950,49000,4
2026-03-20 13:45:00,48900,48900,48900,48900,38
2026-03-20 13:46:00,48900,48900,48900,48900,134
2026-03-20 13:47:00,48900,48900,48850,48850,106
2026-03-20 13:48:00,48850,48850,48800,48850,176
2026-03-20 13:49:00,48850,48850,48800,48850,21
2026-03-20 13:50:00,48850,48850,48800,48800,102
2026-03-20 13:51:00,48900,48900,48900,48900,3
2026-03-20 13:52:00,48900,48900,48850,48850,96
2026-03-20 13:53:00,48900,48900,48900,48900,11
2026-03-20 13:54:00,48900,48900,48900,48900,1
2026-03-20 13:55:00,48950,49000,48950,49000,135
2026-03-20 13:56:00,49000,49000,48900,48900,25
2026-03-20 13:57:00,48900,49000,48900,49000,8
2026-03-20 13:58:00,48900,49000,48900,49000,276
2026-03-20 13:59:00,48900,49000,48850,48850,238
2026-03-20 14:01:00,48850,48850,48850,48850,53
2026-03-20 14:02:00,49000,49000,48850,49000,31
2026-03-20 14:03:00,49000,49050,49000,49050,302
2026-03-20 14:04:00,49000,49050,49000,49050,174
2026-03-20 14:05:00,48900,48900,48850,48850,49
2026-03-20 14:06:00,49050,49050,48850,48850,9
2026-03-20 14:07:00,48850,49050,48850,48900,373
2026-03-20 14:08:00,48800,48950,48750,48800,529
2026-03-20 14:09:00,48800,48800,48800,48800,50
2026-03-20 14:10:00,48800,48800,48800,48800,13
2026-03-20 14:11:00,48950,48950,48800,48800,3
2026-03-20 14:12:00,48800,48950,48800,48950,61
2026-03-20 14:13:00,48900,48900,48800,48800,643
2026-03-20 14:14:00,48800,48800,48750,48775,59
2026-03-20 14:15:00,48750,48775,48750,48775,18
2026-03-20 14:16:00,48750,48775,48725,48750,538
2026-03-20 14:17:00,48750,48750,48700,48700,193
2026-03-20 14:18:00,48800,48800,48800,48800,20
2026-03-20 14:19:00,48800,48800,48800,48800,2
2026-03-20 14:20:00,48800,48800,48800,48800,125
2026-03-20 14:21:00,48850,48850,48800,48850,187
2026-03-20 14:22:00,48800,48850,48800,48850,5
2026-03-20 14:23:00,48900,48900,48850,48850,100
2026-03-20 14:24:00,48850,48950,48850,48950,91
2026-03-20 14:25:00,48950,48950,48850,48850,6
2026-03-20 14:26:00,48850,48900,48850,48900,61
2026-03-20 14:27:00,48900,48900,48850,48900,12
2026-03-20 14:28:00,48850,48850,48850,48850,106
2026-03-20 14:29:00,48900,48900,48900,48900,121
2026-03-20 14:30:00,48900,48950,48900,48950,618
2026-03-20 14:32:00,48950,48950,48950,48950,41
2026-03-20 14:33:00,48950,48950,48850,48900,9
2026-03-20 14:34:00,48900,49050,48900,48900,344
2026-03-20 14:35:00,48900,48900,48850,48900,133
2026-03-20 14:36:00,48850,48900,48850,48900,15
2026-03-20 14:37:00,48900,49050,48850,49050,401
2026-03-20 14:38:00,49050,49050,48900,48900,76
2026-03-20 14:39:00,48900,49050,48900,49050,24
2026-03-20 14:40:00,49000,49000,48850,48850,57
2026-03-20 14:41:00,49000,49000,49000,49000,1
2026-03-20 14:42:00,48950,48950,48850,48850,116
2026-03-20 14:43:00,48850,48850,48850,48850,72
2026-03-20 14:44:00,48850,49000,48850,48850,78
2026-03-20 14:46:00,48850,48850,48850,48850,31
2026-03-20 14:47:00,48850,49000,48700,49000,1295
2026-03-20 14:48:00,49000,49000,48900,49000,74
2026-03-20 14:49:00,49000,49000,49000,49000,8
2026-03-20 14:50:00,49000,49000,48950,49000,34
2026-03-20 14:51:00,49000,49000,49000,49000,12
2026-03-20 14:52:00,49000,49000,48800,48850,16
2026-03-20 14:53:00,48900,48900,48800,48800,130
2026-03-20 14:54:00,48900,48900,48750,48900,64
2026-03-20 14:55:00,48900,48900,48750,48750,22
2026-03-20 14:56:00,48750,48800,48750,48750,139
2026-03-20 14:57:00,48750,48900,48750,48900,221
2026-03-20 14:58:00,48750,48850,48750,48750,124
2026-03-20 14:59:00,48750,48750,48750,48750,36
2026-03-20 15:00:00,48800,48800,48750,48750,78
2026-03-20 15:01:00,48750,48750,48750,48750,43
2026-03-20 15:02:00,48750,48850,48700,48750,223
2026-03-20 15:03:00,48800,48800,48700,48750,122
2026-03-20 15:04:00,48750,48800,48750,48800,29
2026-03-20 15:05:00,48750,48800,48750,48800,128
2026-03-20 15:06:00,48800,48900,48800,48900,237
2026-03-20 15:07:00,48850,48850,48850,48850,41
2026-03-20 15:08:00,48850,48850,48800,48800,227
2026-03-20 15:09:00,48850,48850,48800,48850,90
2026-03-20 15:10:00,48850,48850,48800,48800,594
2026-03-20 15:11:00,48850,48900,48850,48900,156
2026-03-20 15:12:00,48900,48900,48800,48800,104
2026-03-20 15:13:00,48800,48900,48800,48900,216
2026-03-20 15:14:00,48900,48900,48850,48850,525
2026-03-20 15:15:00,48850,48850,48800,48850,349
2026-03-20 15:16:00,48850,48850,48800,48800,1032
2026-03-20 15:17:00,48800,48900,48800,48800,151
2026-03-20 15:18:00,48800,49000,48800,48900,296
2026-03-20 15:19:00,48900,48900,48800,48850,363
2026-03-20 15:30:00,48800,48800,48800,48800,984
2026-03-20 15:35:00,48800,48800,48800,48800,42
2026-03-23 09:00:00,47300,47350,46500,46700,1884
2026-03-23 09:01:00,46850,46850,46500,46500,2000
2026-03-23 09:02:00,46600,46650,46500,46550,1584
2026-03-23 09:03:00,46550,46600,46200,46450,4505
2026-03-23 09:04:00,46450,46450,45850,45850,1014
2026-03-23 09:05:00,45850,45950,45650,45950,697
2026-03-23 09:06:00,45950,45950,45750,45800,333
2026-03-23 09:07:00,45950,46250,45800,46250,987
2026-03-23 09:08:00,46250,46250,45850,46000,413
2026-03-23 09:09:00,45850,46000,45700,45850,666
2026-03-23 09:10:00,45800,45850,45750,45850,263
2026-03-23 09:11:00,45850,46000,45650,45750,1655
2026-03-23 09:12:00,45800,45800,45700,45700,365
2026-03-23 09:13:00,45700,46000,45650,45950,390
2026-03-23 09:14:00,45950,46250,45900,46250,528
2026-03-23 09:15:00,46250,46250,46000,46050,285
2026-03-23 09:16:00,46050,46100,46000,46100,869
2026-03-23 09:17:00,46000,46100,45900,45900,286
2026-03-23 09:18:00,45925,45950,45900,45900,435
2026-03-23 09:19:00,45900,45950,45850,45900,404
2026-03-23 09:20:00,45900,46150,45850,46150,792
2026-03-23 09:21:00,46150,46250,46150,46200,66
2026-03-23 09:22:00,46200,46450,46100,46450,1790
2026-03-23 09:23:00,46150,46400,46100,46100,552
2026-03-23 09:24:00,46100,46250,46000,46100,258
2026-03-23 09:25:00,46100,46175,45800,45800,464
2026-03-23 09:26:00,46000,46000,45700,45700,506
2026-03-23 09:27:00,45800,45950,45800,45950,186
2026-03-23 09:28:00,45850,45850,45800,45800,205
2026-03-23 09:29:00,45750,45850,45700,45700,57
2026-03-23 09:30:00,45700,45800,45700,45750,240
2026-03-23 09:31:00,45750,45750,45700,45750,20
2026-03-23 09:32:00,45700,45750,45700,45700,692
2026-03-23 09:33:00,45700,45750,45700,45750,304
2026-03-23 09:34:00,45750,45750,45650,45750,691
2026-03-23 09:35:00,45650,45700,45650,45650,837
2026-03-23 09:36:00,45650,45650,45350,45350,1182
2026-03-23 09:37:00,45400,45500,45350,45500,460
2026-03-23 09:38:00,45500,45525,45350,45350,192
2026-03-23 09:39:00,45350,45350,45350,45350,26
2026-03-23 09:40:00,45350,45450,45350,45350,196
2026-03-23 09:41:00,45500,45500,45350,45350,780
2026-03-23 09:42:00,45375,45400,45350,45400,260
2026-03-23 09:43:00,45400,45400,45350,45400,336
2026-03-23 09:44:00,45500,45500,45500,45500,178
2026-03-23 09:45:00,45500,45500,45400,45450,71
2026-03-23 09:46:00,45500,45500,45400,45500,195
2026-03-23 09:47:00,45450,45450,45400,45450,187
2026-03-23 09:48:00,45400,45450,45400,45400,188
2026-03-23 09:49:00,45450,45450,45450,45450,4
2026-03-23 09:50:00,45450,45500,45450,45500,532
2026-03-23 09:51:00,45475,45500,45350,45350,779
2026-03-23 09:52:00,45300,45350,45250,45300,1039
2026-03-23 09:53:00,45200,45300,45200,45300,1289
2026-03-23 09:54:00,45300,45300,45200,45300,325
2026-03-23 09:55:00,45200,45300,45150,45250,313
2026-03-23 09:56:00,45250,45300,45250,45250,873
2026-03-23 09:57:00,45250,45350,45250,45250,169
2026-03-23 09:58:00,45250,45450,45250,45450,104
2026-03-23 09:59:00,45400,45400,45400,45400,16
2026-03-23 10:00:00,45400,45450,45400,45400,212
2026-03-23 10:01:00,45400,45400,45250,45300,117
2026-03-23 10:02:00,45300,45400,45250,45400,446
2026-03-23 10:03:00,45300,45300,45250,45300,84
2026-03-23 10:04:00,45300,45400,45300,45300,490
2026-03-23 10:05:00,45300,45300,45300,45300,42
2026-03-23 10:06:00,45300,45450,45250,45450,847
2026-03-23 10:07:00,45400,45600,45350,45600,1261
2026-03-23 10:08:00,45650,45800,45650,45800,49
2026-03-23 10:09:00,45800,45850,45800,45850,101
2026-03-23 10:10:00,45850,45950,45850,45950,122
2026-03-23 10:11:00,45950,45950,45900,45900,84
2026-03-23 10:12:00,45900,46100,45900,46100,482
2026-03-23 10:13:00,46100,46200,46100,46200,203
2026-03-23 10:14:00,46200,46200,46200,46200,23
2026-03-23 10:15:00,46250,46300,46100,46100,226
2026-03-23 10:16:00,46200,46200,46100,46100,309
2026-03-23 10:17:00,46150,46150,46150,46150,89
2026-03-23 10:18:00,46150,46150,46050,46100,146
2026-03-23 10:19:00,46100,46250,46100,46150,334
2026-03-23 10:20:00,46150,46250,46000,46250,198
2026-03-23 10:21:00,46250,46250,45900,46000,195
2026-03-23 10:22:00,45900,46000,45750,45750,408
2026-03-23 10:23:00,45800,45800,45700,45700,220
2026-03-23 10:24:00,45700,45800,45650,45650,215
2026-03-23 10:25:00,45650,45700,45650,45650,146
2026-03-23 10:26:00,45650,45750,45600,45600,272
2026-03-23 10:27:00,45600,45600,45550,45550,130
2026-03-23 10:28:00,45600,45600,45400,45400,189
2026-03-23 10:29:00,45500,45500,45400,45450,126
2026-03-23 10:30:00,45450,45500,45450,45450,151
2026-03-23 10:31:00,45450,45600,45450,45550,114
2026-03-23 10:32:00,45500,45550,45450,45500,59
2026-03-23 10:33:00,45500,45550,45450,45550,211
2026-03-23 10:34:00,45550,45550,45450,45500,163
2026-03-23 10:35:00,45500,45500,45450,45450,142
2026-03-23 10:36:00,45450,45600,45450,45550,695
2026-03-23 10:37:00,45550,45600,45500,45600,256
2026-03-23 10:38:00,45600,45800,45600,45800,191
2026-03-23 10:39:00,45850,45850,45650,45750,943
2026-03-23 10:40:00,45750,45950,45700,45750,172
2026-03-23 10:41:00,45750,45750,45750,45750,120
2026-03-23 10:42:00,45750,45750,45600,45600,53
2026-03-23 10:43:00,45600,45650,45550,45600,308
2026-03-23 10:44:00,45550,45600,45500,45500,236
2026-03-23 10:45:00,45500,45600,45500,45500,183
2026-03-23 10:46:00,45500,45550,45450,45550,357
2026-03-23 10:47:00,45550,45650,45550,45650,71
2026-03-23 10:48:00,45600,45650,45600,45650,181
2026-03-23 10:49:00,45600,45650,45600,45650,249
2026-03-23 10:50:00,45650,45650,45600,45600,56
2026-03-23 10:51:00,45600,45650,45600,45650,183
2026-03-23 10:52:00,45650,45650,45600,45650,206
2026-03-23 10:53:00,45650,45650,45650,45650,30
2026-03-23 10:54:00,45650,45650,45600,45650,74
2026-03-23 10:55:00,45650,45650,45600,45650,206
2026-03-23 10:56:00,45600,45650,45600,45650,164
2026-03-23 10:57:00,45700,45850,45700,45800,240
2026-03-23 10:58:00,45700,45750,45700,45700,89
2026-03-23 10:59:00,45700,45750,45650,45750,294
2026-03-23 11:00:00,45750,45800,45700,45700,140
2026-03-23 11:01:00,45750,45750,45700,45750,35
2026-03-23 11:02:00,45750,45800,45700,45700,87
2026-03-23 11:03:00,45700,45750,45700,45750,76
2026-03-23 11:04:00,45750,45750,45650,45700,150
2026-03-23 11:05:00,45675,45750,45675,45750,69
2026-03-23 11:06:00,45750,45900,45700,45900,264
2026-03-23 11:07:00,45800,45800,45800,45800,60
2026-03-23 11:08:00,45900,45950,45900,45900,147
2026-03-23 11:09:00,45900,45900,45700,45700,150
2026-03-23 11:10:00,45700,45850,45700,45850,186
2026-03-23 11:11:00,45850,45850,45850,45850,72
2026-03-23 11:12:00,45850,45850,45700,45750,51
2026-03-23 11:13:00,45750,45850,45700,45850,254
2026-03-23 11:14:00,45850,45850,45600,45600,513
2026-03-23 11:15:00,45800,45800,45600,45650,131
2026-03-23 11:16:00,45650,45750,45650,45650,15
2026-03-23 11:17:00,45750,45800,45650,45750,346
2026-03-23 11:18:00,45750,45800,45600,45750,717
2026-03-23 11:19:00,45700,45700,45600,45600,22
2026-03-23 11:20:00,45650,45750,45650,45750,147
2026-03-23 11:21:00,45650,45700,45600,45700,334
2026-03-23 11:22:00,45700,45700,45700,45700,63
2026-03-23 11:23:00,45650,45650,45450,45450,474
2026-03-23 11:24:00,45600,45700,45450,45650,334
2026-03-23 11:25:00,45650,45800,45500,45650,95
2026-03-23 11:26:00,45650,45650,45500,45650,149
2026-03-23 11:27:00,45650,45650,45500,45550,147
2026-03-23 11:28:00,45550,45700,45550,45650,68
2026-03-23 11:29:00,45550,45550,45550,45550,12
2026-03-23 11:30:00,45550,45650,45500,45650,234
2026-03-23 11:31:00,45600,45600,45600,45600,19
2026-03-23 11:32:00,45600,45600,45500,45550,137
2026-03-23 11:33:00,45550,45550,45450,45550,206
2026-03-23 11:34:00,45600,45600,45500,45500,220
2026-03-23 11:35:00,45600,45600,45500,45550,140
2026-03-23 11:36:00,45500,45550,45450,45550,285
2026-03-23 11:37:00,45500,45500,45450,45450,118
2026-03-23 11:38:00,45450,45450,45450,45450,45
2026-03-23 11:39:00,45450,45450,45400,45450,188
2026-03-23 11:40:00,45450,45550,45400,45550,131
2026-03-23 11:41:00,45500,45550,45400,45500,118
2026-03-23 11:42:00,45500,45500,45400,45450,84
2026-03-23 11:43:00,45450,45500,45400,45450,320
2026-03-23 11:44:00,45450,45450,45400,45400,122
2026-03-23 11:45:00,45400,45450,45400,45400,315
2026-03-23 11:46:00,45350,45350,45350,45350,218
2026-03-23 11:47:00,45400,45400,45400,45400,14
2026-03-23 11:48:00,45350,45400,45300,45300,287
2026-03-23 11:49:00,45400,45400,45300,45350,50
2026-03-23 11:50:00,45350,45400,45300,45350,231
2026-03-23 11:51:00,45350,45350,45300,45350,92
2026-03-23 11:52:00,45350,45350,45300,45300,51
2026-03-23 11:53:00,45350,45350,45300,45300,166
2026-03-23 11:54:00,45250,45350,45250,45350,223
2026-03-23 11:55:00,45300,45300,45300,45300,204
2026-03-23 11:56:00,45300,45300,45250,45250,100
2026-03-23 11:57:00,45250,45250,45200,45200,459
2026-03-23 11:58:00,45200,45250,45200,45250,587
2026-03-23 11:59:00,45250,45250,45200,45200,90
2026-03-23 12:00:00,45200,45300,45200,45300,154
2026-03-23 12:01:00,45200,45350,45150,45200,214
2026-03-23 12:02:00,45200,45200,45150,45150,127
2026-03-23 12:03:00,45200,45350,45150,45200,48
2026-03-23 12:04:00,45350,45350,45300,45350,58
2026-03-23 12:05:00,45200,45350,45200,45200,101
2026-03-23 12:06:00,45200,45200,45200,45200,24
2026-03-23 12:07:00,45250,45500,45200,45250,361
2026-03-23 12:08:00,45250,45350,45250,45350,107
2026-03-23 12:09:00,45350,45350,45250,45350,21
2026-03-23 12:10:00,45250,45350,45200,45300,183
2026-03-23 12:11:00,45250,45250,45200,45250,62
2026-03-23 12:12:00,45200,45250,45200,45200,140
2026-03-23 12:13:00,45200,45300,45200,45300,92
2026-03-23 12:14:00,45200,45250,45150,45250,154
2026-03-23 12:15:00,45150,45250,45150,45150,13
2026-03-23 12:16:00,45250,45250,45150,45200,191
2026-03-23 12:17:00,45150,45250,45100,45150,476
2026-03-23 12:18:00,45100,45150,45100,45150,108
2026-03-23 12:19:00,45150,45150,45100,45100,79
2026-03-23 12:20:00,45150,45200,45100,45200,511
2026-03-23 12:21:00,45200,45200,45100,45150,121
2026-03-23 12:22:00,45150,45200,45150,45200,228
2026-03-23 12:23:00,45150,45200,45100,45150,108
2026-03-23 12:24:00,45150,45150,45100,45150,87
2026-03-23 12:25:00,45150,45200,45100,45100,234
2026-03-23 12:26:00,45150,45150,45050,45150,912
2026-03-23 12:27:00,45100,45150,45050,45150,1144
2026-03-23 12:29:00,45150,45150,45100,45125,137
2026-03-23 12:30:00,45100,45150,45100,45100,309
2026-03-23 12:31:00,45100,45100,45100,45100,3
2026-03-23 12:32:00,45150,45150,45150,45150,157
2026-03-23 12:33:00,45100,45100,45100,45100,30
2026-03-23 12:34:00,45100,45100,45100,45100,78
2026-03-23 12:35:00,45050,45150,45050,45150,161
2026-03-23 12:36:00,45100,45150,45050,45100,381
2026-03-23 12:37:00,45100,45100,45050,45100,59
2026-03-23 12:38:00,45050,45100,45050,45100,192
2026-03-23 12:39:00,45050,45200,45050,45200,177
2026-03-23 12:40:00,45100,45200,45050,45200,134
2026-03-23 12:41:00,45050,45050,45050,45050,110
2026-03-23 12:42:00,45050,45100,45050,45100,64
2026-03-23 12:43:00,45100,45150,45050,45050,67
2026-03-23 12:44:00,45050,45100,45050,45050,183
2026-03-23 12:45:00,45050,45100,45050,45100,761
2026-03-23 12:46:00,45100,45150,45050,45100,229
2026-03-23 12:47:00,45100,45100,45050,45050,58
2026-03-23 12:48:00,45050,45200,45050,45200,247
2026-03-23 12:49:00,45200,45200,45050,45050,68
2026-03-23 12:50:00,45050,45100,45050,45050,75
2026-03-23 12:51:00,45075,45100,45050,45050,71
2026-03-23 12:52:00,45050,45100,45050,45050,276
2026-03-23 12:53:00,45050,45100,45050,45050,150
2026-03-23 12:54:00,45050,45050,45000,45050,187
2026-03-23 12:55:00,45050,45050,45050,45050,107
2026-03-23 12:56:00,45050,45050,45000,45000,167
2026-03-23 12:57:00,45050,45050,45050,45050,10
2026-03-23 12:58:00,45075,45075,45000,45000,81
2026-03-23 12:59:00,45050,45050,45000,45000,103
2026-03-23 13:00:00,45050,45100,45000,45100,101
2026-03-23 13:01:00,45100,45100,45000,45000,104
2026-03-23 13:02:00,45050,45050,45000,45000,99
2026-03-23 13:03:00,45000,45050,45000,45000,214
2026-03-23 13:04:00,45000,45050,45000,45000,211
2026-03-23 13:05:00,45000,45000,45000,45000,216
2026-03-23 13:06:00,45000,45050,45000,45050,77
2026-03-23 13:07:00,45000,45050,45000,45050,257
2026-03-23 13:08:00,45050,45050,45000,45050,149
2026-03-23 13:09:00,45000,45050,45000,45050,296
2026-03-23 13:10:00,45000,45050,45000,45050,122
2026-03-23 13:11:00,45000,45050,45000,45000,480
2026-03-23 13:12:00,45000,45000,45000,45000,276
2026-03-23 13:13:00,45000,45150,45000,45000,223
2026-03-23 13:14:00,45000,45150,45000,45050,51
2026-03-23 13:15:00,45000,45050,45000,45050,92
2026-03-23 13:16:00,45050,45050,45000,45000,2914
2026-03-23 13:17:00,45050,45050,45000,45000,126
2026-03-23 13:18:00,45050,45050,45000,45000,180
2026-03-23 13:19:00,45000,45050,45000,45000,287
2026-03-23 13:20:00,45050,45050,45000,45050,58
2026-03-23 13:21:00,45050,45275,45050,45100,981
2026-03-23 13:22:00,45100,45200,45100,45200,138
2026-03-23 13:23:00,45200,45200,45050,45050,69
2026-03-23 13:24:00,45200,45200,45150,45200,88
2026-03-23 13:25:00,45050,45100,45050,45050,90
2026-03-23 13:26:00,45100,45200,45050,45050,215
2026-03-23 13:27:00,45200,45200,45150,45150,68
2026-03-23 13:28:00,45150,45150,45050,45050,433
2026-03-23 13:29:00,45050,45100,45050,45050,126
2026-03-23 13:30:00,45100,45100,45050,45050,26
2026-03-23 13:31:00,45050,45100,45050,45050,197
2026-03-23 13:32:00,45050,45100,45050,45100,10
2026-03-23 13:33:00,45100,45200,45050,45050,113
2026-03-23 13:34:00,45100,45150,45100,45150,117
2026-03-23 13:35:00,45200,45200,45100,45150,48
2026-03-23 13:36:00,45150,45200,45150,45200,170
2026-03-23 13:37:00,45150,45150,45100,45100,159
2026-03-23 13:38:00,45100,45100,45050,45100,323
2026-03-23 13:39:00,45100,45100,45050,45050,88
2026-03-23 13:40:00,45050,45050,45050,45050,216
2026-03-23 13:41:00,45100,45150,45100,45150,123
2026-03-23 13:42:00,45150,45150,45100,45100,98
2026-03-23 13:43:00,45100,45100,45050,45100,71
2026-03-23 13:44:00,45100,45100,45000,45000,102
2026-03-23 13:45:00,45050,45200,45050,45200,96
2026-03-23 13:47:00,45050,45150,45050,45050,80
2026-03-23 13:48:00,45050,45050,45050,45050,94
2026-03-23 13:49:00,45100,45150,45050,45150,130
2026-03-23 13:50:00,45100,45100,45050,45050,88
2026-03-23 13:51:00,45050,45150,45050,45050,179
2026-03-23 13:52:00,45050,45100,45050,45100,67
2026-03-23 13:53:00,45100,45100,45050,45050,80
2026-03-23 13:54:00,45050,45100,45050,45050,358
2026-03-23 13:55:00,45050,45100,45000,45100,165
2026-03-23 13:56:00,45100,45100,45000,45050,170
2026-03-23 13:57:00,45050,45100,45050,45050,225
2026-03-23 13:58:00,45150,45150,45050,45100,70
2026-03-23 13:59:00,45050,45100,45050,45050,126
2026-03-23 14:00:00,45100,45200,45050,45200,263
2026-03-23 14:01:00,45150,45200,45050,45200,251
2026-03-23 14:02:00,45200,45200,45100,45100,146
2026-03-23 14:03:00,45250,45250,45100,45100,58
2026-03-23 14:04:00,45200,45250,45200,45250,173
2026-03-23 14:05:00,45300,45350,45200,45200,129
2026-03-23 14:06:00,45250,45250,45000,45250,1008
2026-03-23 14:07:00,45350,45500,45350,45450,295
2026-03-23 14:08:00,45500,45500,45450,45500,123
2026-03-23 14:09:00,45450,45500,45450,45500,440
2026-03-23 14:10:00,45500,45500,45500,45500,394
2026-03-23 14:11:00,45450,45450,45450,45450,128
2026-03-23 14:12:00,45450,45450,45400,45400,130
2026-03-23 14:13:00,45400,45400,45300,45400,160
2026-03-23 14:14:00,45350,45350,45300,45300,30
2026-03-23 14:15:00,45300,45400,45300,45400,115
2026-03-23 14:16:00,45300,45350,45300,45300,85
2026-03-23 14:17:00,45350,45350,45250,45300,173
2026-03-23 14:18:00,45300,45300,45250,45250,65
2026-03-23 14:19:00,45200,45250,45200,45250,94
2026-03-23 14:20:00,45200,45250,45200,45200,120
2026-03-23 14:21:00,45200,45200,45150,45150,97
2026-03-23 14:22:00,45150,45150,45100,45100,85
2026-03-23 14:23:00,45150,45150,45100,45100,64
2026-03-23 14:24:00,45150,45150,45050,45050,220
2026-03-23 14:25:00,45050,45150,45050,45050,416
2026-03-23 14:26:00,45100,45150,45050,45050,43
2026-03-23 14:27:00,45100,45150,45050,45100,90
2026-03-23 14:28:00,45100,45200,45050,45100,235
2026-03-23 14:29:00,45100,45100,45100,45100,75
2026-03-23 14:30:00,45100,45100,45100,45100,80
2026-03-23 14:31:00,45100,45150,45050,45100,187
2026-03-23 14:32:00,45150,45150,45050,45100,163
2026-03-23 14:33:00,45100,45100,45050,45100,89
2026-03-23 14:34:00,45100,45100,45050,45100,95
2026-03-23 14:35:00,45150,45200,45050,45150,237
2026-03-23 14:36:00,45150,45150,45050,45050,186
2026-03-23 14:37:00,45100,45200,45100,45200,73
2026-03-23 14:38:00,45150,45200,45150,45200,61
2026-03-23 14:39:00,45200,45200,45100,45100,133
2026-03-23 14:40:00,45100,45100,45100,45100,146
2026-03-23 14:41:00,45100,45100,45100,45100,135
2026-03-23 14:42:00,45100,45100,45100,45100,63
2026-03-23 14:43:00,45100,45200,45100,45150,166
2026-03-23 14:44:00,45150,45150,45150,45150,97
2026-03-23 14:45:00,45150,45200,45150,45150,108
2026-03-23 14:46:00,45100,45150,45100,45150,160
2026-03-23 14:47:00,45100,45100,45050,45050,638
2026-03-23 14:48:00,45050,45100,45050,45100,156
2026-03-23 14:49:00,45100,45100,45050,45075,120
2026-03-23 14:50:00,45050,45050,45050,45050,512
2026-03-23 14:51:00,45050,45100,45000,45050,1395
2026-03-23 14:52:00,45000,45050,45000,45050,186
2026-03-23 14:53:00,45050,45050,45000,45000,260
2026-03-23 14:54:00,45050,45050,45050,45050,65
2026-03-23 14:55:00,45000,45050,45000,45000,80
2026-03-23 14:56:00,45050,45050,45000,45000,405
2026-03-23 14:57:00,45050,45050,45000,45000,80
2026-03-23 14:58:00,45000,45050,45000,45050,105
2026-03-23 14:59:00,45050,45050,45000,45050,827
2026-03-23 15:00:00,45000,45100,45000,45050,51
2026-03-23 15:01:00,45050,45100,45050,45100,206
2026-03-23 15:02:00,45050,45100,45050,45100,111
2026-03-23 15:03:00,45100,45100,45050,45050,145
2026-03-23 15:04:00,45050,45150,45000,45000,379
2026-03-23 15:05:00,45050,45050,45000,45050,153
2026-03-23 15:06:00,45050,45100,45000,45000,218
2026-03-23 15:07:00,45000,45050,45000,45000,150
2026-03-23 15:08:00,45000,45050,45000,45050,244
2026-03-23 15:09:00,45100,45100,45050,45050,123
2026-03-23 15:10:00,45050,45050,45050,45050,97
2026-03-23 15:11:00,45050,45100,45000,45050,647
2026-03-23 15:12:00,45100,45100,45050,45050,358
2026-03-23 15:13:00,45050,45100,45050,45050,218
2026-03-23 15:14:00,45050,45050,45050,45050,422
2026-03-23 15:15:00,45050,45100,45050,45050,513
2026-03-23 15:16:00,45050,45050,45000,45000,172
2026-03-23 15:17:00,45000,45050,45000,45000,319
2026-03-23 15:18:00,45000,45050,45000,45000,213
2026-03-23 15:19:00,45000,45000,45000,45000,1131
2026-03-23 15:30:00,45000,45000,45000,45000,1905
2026-03-23 15:35:00,45000,45000,45000,45000,56
2026-03-24 09:00:00,46800,47000,46500,46600,462
2026-03-24 09:01:00,46500,46600,46500,46600,558
2026-03-24 09:02:00,46600,46650,46550,46600,392
2026-03-24 09:03:00,46600,46700,46200,46250,1838
2026-03-24 09:04:00,46100,46200,46000,46200,946
2026-03-24 09:05:00,46200,46350,46200,46200,359
2026-03-24 09:06:00,46300,46500,46150,46400,685
2026-03-24 09:07:00,46400,46700,46400,46550,815
2026-03-24 09:08:00,46550,46550,46500,46500,95
2026-03-24 09:09:00,46500,46550,46400,46500,196
2026-03-24 09:10:00,46400,46500,46250,46400,544
2026-03-24 09:11:00,46450,46450,46400,46400,70
2026-03-24 09:12:00,46400,46400,46400,46400,18
2026-03-24 09:13:00,46400,46550,46300,46550,725
2026-03-24 09:14:00,46550,46600,46550,46550,188
2026-03-24 09:15:00,46550,46550,46400,46400,92
2026-03-24 09:16:00,46350,46400,46350,46400,1082
2026-03-24 09:17:00,46400,46550,46250,46300,1398
2026-03-24 09:18:00,46300,46300,46150,46200,212
2026-03-24 09:19:00,46200,46300,46150,46300,79
2026-03-24 09:20:00,46300,46300,46150,46150,131
2026-03-24 09:21:00,46300,46500,46300,46500,1013
2026-03-24 09:22:00,46500,46600,46500,46600,160
2026-03-24 09:23:00,46600,46600,46300,46300,33
2026-03-24 09:24:00,46300,46425,46300,46350,105
2026-03-24 09:25:00,46350,46475,46350,46350,131
2026-03-24 09:26:00,46600,46600,46350,46400,139
2026-03-24 09:27:00,46350,46400,46350,46400,32
2026-03-24 09:28:00,46550,46600,46250,46250,321
2026-03-24 09:29:00,46250,46550,46250,46300,29
2026-03-24 09:30:00,46300,46600,46250,46250,562
2026-03-24 09:31:00,46350,46600,46350,46350,23
2026-03-24 09:32:00,46350,46350,46350,46350,96
2026-03-24 09:33:00,46350,46450,46250,46400,260
2026-03-24 09:34:00,46450,46600,46450,46600,307
2026-03-24 09:35:00,46600,46700,46600,46650,156
2026-03-24 09:36:00,46550,46550,46400,46450,164
2026-03-24 09:37:00,46500,46500,46450,46500,64
2026-03-24 09:38:00,46300,46300,46250,46250,254
2026-03-24 09:39:00,46250,46250,46100,46100,97
2026-03-24 09:40:00,46150,46200,45400,46100,1391
2026-03-24 09:41:00,46000,46300,46000,46250,201
2026-03-24 09:42:00,46450,46450,46200,46200,67
2026-03-24 09:43:00,46200,46250,46200,46250,42
2026-03-24 09:44:00,46250,46250,46250,46250,61
2026-03-24 09:45:00,46250,46250,46250,46250,31
2026-03-24 09:46:00,46250,46250,46250,46250,36
2026-03-24 09:47:00,46250,46250,46150,46150,106
2026-03-24 09:48:00,46150,46150,46050,46050,64
2026-03-24 09:49:00,46050,46050,45950,45950,355
2026-03-24 09:50:00,45950,46000,45900,46000,81
2026-03-24 09:51:00,45900,45900,45900,45900,32
2026-03-24 09:52:00,45900,46100,45900,46100,140
2026-03-24 09:53:00,45900,46100,45700,46050,404
2026-03-24 09:54:00,45700,46050,45500,46050,211
2026-03-24 09:55:00,46050,46050,45650,45950,26
2026-03-24 09:56:00,45900,45950,45850,45900,76
2026-03-24 09:57:00,45700,45950,45700,45700,67
2026-03-24 09:58:00,45950,46000,45950,46000,135
2026-03-24 09:59:00,46000,46050,46000,46000,76
2026-03-24 10:00:00,46000,46000,45750,45750,7
2026-03-24 10:01:00,45750,45750,45700,45750,131
2026-03-24 10:02:00,45825,45825,45825,45825,1
2026-03-24 10:03:00,45850,45850,45850,45850,98
2026-03-24 10:04:00,45800,45850,45800,45850,76
2026-03-24 10:05:00,45800,45900,45750,45900,106
2026-03-24 10:06:00,45850,45850,45750,45750,54
2026-03-24 10:07:00,45700,45700,45000,45550,1173
2026-03-24 10:08:00,45550,45550,45250,45550,202
2026-03-24 10:09:00,45550,45900,45550,45550,259
2026-03-24 10:10:00,45550,45550,45300,45300,30
2026-03-24 10:11:00,45450,46000,45400,45500,1109
2026-03-24 10:12:00,45600,45600,45600,45600,39
2026-03-24 10:13:00,45600,46050,45600,46050,82
2026-03-24 10:14:00,46050,46050,46050,46050,28
2026-03-24 10:15:00,45700,46000,45600,45600,15
2026-03-24 10:16:00,46000,46000,46000,46000,6
2026-03-24 10:17:00,45650,45650,45400,45400,288
2026-03-24 10:18:00,45400,45600,45400,45550,112
2026-03-24 10:19:00,45300,45550,45200,45300,178
2026-03-24 10:20:00,45600,45900,45500,45500,299
2026-03-24 10:21:00,45550,45550,45550,45550,21
2026-03-24 10:22:00,45600,45800,45600,45700,58
2026-03-24 10:23:00,45800,45800,45800,45800,125
2026-03-24 10:24:00,45800,46000,45700,45700,100
2026-03-24 10:25:00,45900,45950,45900,45950,177
2026-03-24 10:26:00,45950,46000,45750,45750,118
2026-03-24 10:27:00,46000,46050,46000,46050,53
2026-03-24 10:28:00,46000,46000,46000,46000,2
2026-03-24 10:29:00,46050,46300,46050,46300,324
2026-03-24 10:30:00,46300,46300,46250,46250,20
2026-03-24 10:31:00,46100,46300,46100,46300,41
2026-03-24 10:33:00,46300,46300,46050,46050,26
2026-03-24 10:34:00,46050,46100,46000,46000,34
2026-03-24 10:35:00,46300,46300,45950,45950,122
2026-03-24 10:36:00,45950,45950,45850,45850,21
2026-03-24 10:37:00,45950,45950,45950,45950,6
2026-03-24 10:38:00,45800,45800,45450,45450,128
2026-03-24 10:39:00,45450,45450,45300,45300,67
2026-03-24 10:40:00,45350,45650,45300,45650,101
2026-03-24 10:41:00,45550,45600,45550,45600,30
2026-03-24 10:42:00,45350,45350,45350,45350,35
2026-03-24 10:43:00,45350,45350,45350,45350,20
2026-03-24 10:44:00,45350,45550,45350,45350,73
2026-03-24 10:45:00,45550,45550,45300,45300,20
2026-03-24 10:46:00,45250,45250,45050,45050,275
2026-03-24 10:47:00,45150,45150,44900,45050,1112
2026-03-24 10:48:00,45050,45200,45050,45100,323
2026-03-24 10:49:00,45050,45050,45000,45000,62
2026-03-24 10:50:00,44900,44900,44800,44900,61
2026-03-24 10:51:00,44900,44900,44800,44800,86
2026-03-24 10:52:00,44800,44800,44800,44800,402
2026-03-24 10:53:00,44850,45000,44750,45000,167
2026-03-24 10:54:00,44800,44800,44750,44750,116
2026-03-24 10:55:00,44750,44950,44700,44750,550
2026-03-24 10:56:00,44700,44750,44600,44750,632
2026-03-24 10:57:00,44950,44950,44600,44950,5
2026-03-24 10:58:00,44650,44650,44500,44500,387
2026-03-24 10:59:00,44550,44800,44500,44550,61
2026-03-24 11:00:00,44550,44800,44550,44800,121
2026-03-24 11:01:00,44800,45050,44800,45050,198
2026-03-24 11:02:00,45050,45050,45000,45000,152
2026-03-24 11:03:00,45000,45400,45000,45400,178
2026-03-24 11:04:00,45400,45400,45400,45400,10
2026-03-24 11:05:00,45400,45450,45400,45450,167
2026-03-24 11:06:00,45450,45450,45450,45450,11
2026-03-24 11:07:00,45450,45500,45300,45300,124
2026-03-24 11:09:00,45300,45300,45300,45300,20
2026-03-24 11:10:00,45500,45650,45500,45650,100
2026-03-24 11:11:00,45600,45600,45000,45000,157
2026-03-24 11:12:00,45050,45050,45050,45050,5
2026-03-24 11:13:00,45050,45050,45000,45050,2091
2026-03-24 11:14:00,45050,45500,44800,44900,21
2026-03-24 11:16:00,44900,44900,44750,44800,74
2026-03-24 11:17:00,44800,44800,44800,44800,18
2026-03-24 11:18:00,44850,45250,44850,44900,157
2026-03-24 11:19:00,44900,45000,44900,45000,6
2026-03-24 11:20:00,45000,45300,44950,45000,172
2026-03-24 11:21:00,45300,45450,45050,45400,97
2026-03-24 11:22:00,45400,45400,45400,45400,7
2026-03-24 11:23:00,45400,45400,45400,45400,7
2026-03-24 11:24:00,45200,45400,45200,45400,10
2026-03-24 11:25:00,45400,45400,45400,45400,76
2026-03-24 11:26:00,45450,45500,45400,45450,177
2026-03-24 11:27:00,45450,45450,45450,45450,70
2026-03-24 11:29:00,45450,45450,45450,45450,99
2026-03-24 11:30:00,45400,45450,45400,45450,46
2026-03-24 11:31:00,45450,45450,45450,45450,77
2026-03-24 11:32:00,45450,45500,45450,45500,786
2026-03-24 11:33:00,45550,45800,45550,45800,27
2026-03-24 11:34:00,45800,45800,45800,45800,400
2026-03-24 11:35:00,45800,45800,45750,45750,21
2026-03-24 11:36:00,45600,45600,45600,45600,114
2026-03-24 11:37:00,45800,45800,45550,45800,55
2026-03-24 11:39:00,45800,45800,45800,45800,15
2026-03-24 11:41:00,45650,45800,45500,45800,31
2026-03-24 11:42:00,45800,45800,45800,45800,3
2026-03-24 11:43:00,45850,45900,45600,45600,37
2026-03-24 11:45:00,45650,45650,45600,45650,417
2026-03-24 11:48:00,45850,45900,45850,45900,115
2026-03-24 11:49:00,45650,45900,45650,45650,157
2026-03-24 11:51:00,45650,45650,45650,45650,1
2026-03-24 11:52:00,45650,45650,45650,45650,129
2026-03-24 11:54:00,45700,45700,45700,45700,6
2026-03-24 11:56:00,45850,45900,45850,45900,26
2026-03-24 11:57:00,45900,45900,45825,45825,99
2026-03-24 11:58:00,45800,45800,45800,45800,10
2026-03-24 11:59:00,45800,45800,45750,45750,20
2026-03-24 12:00:00,45700,45800,45700,45800,131
2026-03-24 12:01:00,45800,45800,45700,45700,57
2026-03-24 12:03:00,45700,45750,45700,45750,39
2026-03-24 12:04:00,45700,45700,45700,45700,424
2026-03-24 12:05:00,45700,45700,45700,45700,1
2026-03-24 12:06:00,45700,45850,45700,45700,117
2026-03-24 12:07:00,45650,45650,45650,45650,100
2026-03-24 12:08:00,45650,45650,45650,45650,20
2026-03-24 12:09:00,45650,45650,45650,45650,24
2026-03-24 12:10:00,45650,45650,45650,45650,30
2026-03-24 12:12:00,45700,45700,45650,45650,110
2026-03-24 12:13:00,45850,45850,45850,45850,4
2026-03-24 12:14:00,45650,45650,45650,45650,23
2026-03-24 12:15:00,45600,45600,45600,45600,78
2026-03-24 12:16:00,45600,45600,45600,45600,78
2026-03-24 12:18:00,45600,45600,45600,45600,20
2026-03-24 12:19:00,45600,45850,45600,45850,159
2026-03-24 12:20:00,45750,45800,45750,45800,20
2026-03-24 12:21:00,45800,45800,45800,45800,100
2026-03-24 12:22:00,45800,45800,45800,45800,34
2026-03-24 12:24:00,45800,45800,45800,45800,2
2026-03-24 12:25:00,45800,45800,45800,45800,3
2026-03-24 12:26:00,45800,45850,45800,45850,128
2026-03-24 12:27:00,45750,45900,45750,45900,250
2026-03-24 12:28:00,45900,46300,45900,46300,451
2026-03-24 12:29:00,46300,46300,46250,46250,5
2026-03-24 12:30:00,46200,46350,46050,46050,241
2026-03-24 12:31:00,46050,46050,46050,46050,1
2026-03-24 12:32:00,46050,46150,45950,45950,174
2026-03-24 12:33:00,45950,45950,45600,45600,52
2026-03-24 12:35:00,45650,45650,45600,45600,42
2026-03-24 12:38:00,45750,45900,45750,45900,198
2026-03-24 12:39:00,46100,46350,46100,46350,150
2026-03-24 12:40:00,46300,46300,46000,46000,18
2026-03-24 12:41:00,46250,46250,46250,46250,1
2026-03-24 12:42:00,46200,46200,46200,46200,1
2026-03-24 12:43:00,46200,46200,46050,46050,7
2026-03-24 12:44:00,46100,46100,46050,46050,63
2026-03-24 12:45:00,46050,46050,46000,46000,20
2026-03-24 12:46:00,46000,46000,45950,45950,255
2026-03-24 12:47:00,45950,45950,45900,45900,119
2026-03-24 12:48:00,45900,45900,45750,45750,3
2026-03-24 12:49:00,45750,45800,45750,45800,14
2026-03-24 12:50:00,45800,45800,45800,45800,3
2026-03-24 12:51:00,45800,45800,45800,45800,2
2026-03-24 12:52:00,45800,45800,45800,45800,16
2026-03-24 12:53:00,45850,45850,45850,45850,2
2026-03-24 12:54:00,45750,45750,45750,45750,51
2026-03-24 12:56:00,45850,45850,45700,45700,83
2026-03-24 12:57:00,45700,45900,45700,45900,23
2026-03-24 12:58:00,45850,45850,45850,45850,1
2026-03-24 12:59:00,45800,45800,45800,45800,3
2026-03-24 13:00:00,45850,46000,45850,46000,85
2026-03-24 13:01:00,46000,46000,46000,46000,86
2026-03-24 13:02:00,46250,46300,46250,46300,112
2026-03-24 13:03:00,46250,46600,46250,46600,1425
2026-03-24 13:04:00,46600,46650,46450,46450,97
2026-03-24 13:05:00,46450,46500,46450,46500,26
2026-03-24 13:06:00,46500,46550,46500,46550,248
2026-03-24 13:07:00,46550,46550,46550,46550,65
2026-03-24 13:08:00,46600,46650,46600,46650,100
2026-03-24 13:09:00,46650,46650,46650,46650,61
2026-03-24 13:10:00,46650,46700,46600,46700,319
2026-03-24 13:11:00,46700,47050,46700,46950,1046
2026-03-24 13:12:00,47000,47100,47000,47100,210
2026-03-24 13:13:00,47100,47150,47000,47050,148
2026-03-24 13:14:00,47050,47200,46900,47200,121
2026-03-24 13:15:00,47250,47500,47250,47500,1046
2026-03-24 13:16:00,47500,47500,47300,47450,526
2026-03-24 13:17:00,47300,47500,47150,47500,695
2026-03-24 13:18:00,47500,47550,47200,47550,199
2026-03-24 13:19:00,47550,47600,47300,47550,189
2026-03-24 13:20:00,47550,47550,47200,47450,78
2026-03-24 13:21:00,47450,47500,47000,47250,328
2026-03-24 13:22:00,47250,47300,46900,47100,114
2026-03-24 13:23:00,47100,47100,46900,47100,33
2026-03-24 13:24:00,47050,47100,46900,46900,296
2026-03-24 13:25:00,46900,46900,46750,46750,210
2026-03-24 13:26:00,46800,47100,46750,47050,321
2026-03-24 13:27:00,47050,47100,47050,47050,32
2026-03-24 13:28:00,47050,47150,47050,47150,208
2026-03-24 13:29:00,47150,47150,47100,47100,26
2026-03-24 13:30:00,47100,47150,47100,47100,147
2026-03-24 13:31:00,47100,47200,47000,47200,182
2026-03-24 13:32:00,47200,47200,47200,47200,5
2026-03-24 13:33:00,47200,47200,47100,47100,8
2026-03-24 13:34:00,47200,47400,47150,47200,94
2026-03-24 13:35:00,47200,47200,47150,47150,311
2026-03-24 13:36:00,47350,47350,47350,47350,29
2026-03-24 13:37:00,47150,47150,47100,47150,19
2026-03-24 13:38:00,47300,47300,47200,47200,4
2026-03-24 13:39:00,47200,47300,47200,47300,27
2026-03-24 13:40:00,47300,47300,47200,47200,104
2026-03-24 13:41:00,47300,47400,47200,47200,71
2026-03-24 13:42:00,47200,47400,47200,47400,54
2026-03-24 13:43:00,47400,47500,47400,47450,265
2026-03-24 13:44:00,47500,47500,47400,47400,97
2026-03-24 13:45:00,47400,47400,47400,47400,206
2026-03-24 13:47:00,47300,47350,47300,47300,156
2026-03-24 13:48:00,47300,47300,47300,47300,75
2026-03-24 13:49:00,47250,47250,47200,47200,144
2026-03-24 13:50:00,47250,47250,47150,47150,135
2026-03-24 13:51:00,47150,47200,46800,47200,548
2026-03-24 13:53:00,47100,47100,47100,47100,146
2026-03-24 13:54:00,47100,47200,47100,47100,42
2026-03-24 13:55:00,47100,47200,47000,47200,209
2026-03-24 13:56:00,47200,47200,47000,47150,35
2026-03-24 13:57:00,47150,47150,47100,47100,30
2026-03-24 13:58:00,47000,47075,47000,47000,84
2026-03-24 13:59:00,47000,47000,47000,47000,30
2026-03-24 14:00:00,47100,47200,47000,47000,86
2026-03-24 14:01:00,47000,47200,47000,47000,145
2026-03-24 14:02:00,46900,46900,46800,46800,398
2026-03-24 14:03:00,46750,46750,46750,46750,10
2026-03-24 14:05:00,46800,46900,46800,46900,55
2026-03-24 14:06:00,46900,47200,46900,47200,344
2026-03-24 14:09:00,47150,47200,47000,47000,12
2026-03-24 14:10:00,47000,47000,46950,47000,105
2026-03-24 14:11:00,46950,46950,46950,46950,2
2026-03-24 14:12:00,47000,47000,47000,47000,6
2026-03-24 14:14:00,46950,47000,46950,47000,35
2026-03-24 14:15:00,46900,46900,46900,46900,21
2026-03-24 14:16:00,46950,46950,46850,46900,147
2026-03-24 14:17:00,46850,46850,46850,46850,26
2026-03-24 14:18:00,46850,47000,46850,47000,98
2026-03-24 14:19:00,47150,47150,47150,47150,10
2026-03-24 14:20:00,47150,47150,46950,46950,4
2026-03-24 14:21:00,46950,46950,46950,46950,89
2026-03-24 14:22:00,46950,46950,46750,46750,281
2026-03-24 14:23:00,46750,46750,46500,46600,1030
2026-03-24 14:24:00,46600,46600,46500,46500,155
2026-03-24 14:25:00,46500,46500,46100,46100,166
2026-03-24 14:26:00,46200,46350,46200,46200,107
2026-03-24 14:27:00,46200,46500,46200,46450,122
2026-03-24 14:28:00,46450,46750,46200,46750,1613
2026-03-24 14:29:00,46600,46600,46600,46600,2
2026-03-24 14:30:00,46500,46500,46500,46500,29
2026-03-24 14:31:00,46500,46500,46500,46500,9
2026-03-24 14:32:00,46500,46500,46500,46500,2
2026-03-24 14:33:00,46500,46700,46500,46700,3
2026-03-24 14:35:00,46600,46600,46500,46500,138
2026-03-24 14:36:00,46500,46500,46500,46500,97
2026-03-24 14:37:00,46500,46700,46450,46450,430
2026-03-24 14:38:00,46450,46700,46300,46700,246
2026-03-24 14:41:00,46650,46650,46500,46650,80
2026-03-24 14:42:00,46650,46700,46650,46700,42
2026-03-24 14:43:00,46700,46950,46700,46950,65
2026-03-24 14:46:00,46950,46950,46950,46950,8
2026-03-24 14:47:00,46950,46950,46800,46950,16
2026-03-24 14:48:00,46800,46800,46800,46800,2
2026-03-24 14:50:00,46950,46950,46950,46950,35
2026-03-24 14:51:00,46950,46950,46950,46950,74
2026-03-24 14:52:00,46900,46900,46900,46900,31
2026-03-24 14:53:00,46900,46900,46850,46850,47
2026-03-24 14:54:00,46900,46900,46800,46800,23
2026-03-24 14:55:00,46800,46800,46800,46800,50
2026-03-24 14:57:00,46850,46900,46850,46900,30
2026-03-24 14:58:00,46900,46900,46900,46900,14
2026-03-24 14:59:00,46900,46950,46450,46950,1215
2026-03-24 15:00:00,46950,46950,46950,46950,46
2026-03-24 15:02:00,46800,46900,46800,46900,35
2026-03-24 15:03:00,46900,47000,46900,47000,184
2026-03-24 15:04:00,47000,47000,47000,47000,24
2026-03-24 15:05:00,46900,47000,46900,47000,4
2026-03-24 15:06:00,47000,47000,47000,47000,25
2026-03-24 15:07:00,46950,46950,46950,46950,29
2026-03-24 15:08:00,46950,46950,46950,46950,22
2026-03-24 15:09:00,46950,46950,46950,46950,89
2026-03-24 15:10:00,47000,47000,46950,46950,40
2026-03-24 15:11:00,46950,46950,46950,46950,5
2026-03-24 15:12:00,46950,47000,46950,46950,42
2026-03-24 15:13:00,46950,47000,46950,47000,213
2026-03-24 15:14:00,47000,47000,47000,47000,4
2026-03-24 15:15:00,46950,47100,46950,47100,440
2026-03-24 15:16:00,47100,47200,47100,47200,119
2026-03-24 15:17:00,47150,47200,47000,47200,150
2026-03-24 15:18:00,47200,47300,47050,47050,341
2026-03-24 15:19:00,47050,47300,47000,47000,205
2026-03-24 15:30:00,47200,47200,47200,47200,634
2026-03-24 15:35:00,47200,47200,47200,47200,43
2026-03-25 09:00:00,47500,48550,47500,48200,608
2026-03-25 09:01:00,48500,48500,47800,48050,1247
2026-03-25 09:02:00,48100,48400,48050,48100,957
2026-03-25 09:03:00,47850,48050,47600,47600,347
2026-03-25 09:04:00,47500,47550,47050,47350,1037
2026-03-25 09:05:00,47400,47400,47250,47300,180
2026-03-25 09:06:00,47300,47350,47300,47350,189
2026-03-25 09:07:00,47400,47400,47350,47350,106
2026-03-25 09:08:00,47350,47400,47300,47350,191
2026-03-25 09:09:00,47350,47350,47250,47250,362
2026-03-25 09:10:00,47300,47350,47250,47350,205
2026-03-25 09:11:00,47350,47550,47350,47550,125
2026-03-25 09:12:00,47550,47550,47550,47550,27
2026-03-25 09:13:00,47550,47550,47300,47400,305
2026-03-25 09:14:00,47400,47400,47250,47250,194
2026-03-25 09:15:00,47300,47400,47250,47400,59
2026-03-25 09:16:00,47400,47700,47350,47600,351
2026-03-25 09:17:00,47700,47750,47700,47700,156
2026-03-25 09:18:00,47700,48050,47700,48050,520
2026-03-25 09:19:00,48050,48100,48050,48100,164
2026-03-25 09:20:00,48050,48300,48050,48300,129
2026-03-25 09:21:00,48300,48300,48250,48250,52
2026-03-25 09:22:00,48250,49450,48250,49300,1602
2026-03-25 09:23:00,49350,49350,48500,48900,223
2026-03-25 09:24:00,48900,49000,48850,48950,148
2026-03-25 09:25:00,48950,48950,48350,48400,199
2026-03-25 09:26:00,48750,48950,48750,48950,247
2026-03-25 09:27:00,48900,49750,48900,49750,1824
2026-03-25 09:28:00,49750,49750,49250,49300,179
2026-03-25 09:29:00,49300,49500,49100,49300,450
2026-03-25 09:30:00,49400,49400,49100,49400,147
2026-03-25 09:31:00,49400,49600,49400,49400,395
2026-03-25 09:32:00,49400,49600,49400,49500,320
2026-03-25 09:33:00,49500,49550,49400,49550,450
2026-03-25 09:34:00,49350,49500,49300,49450,277
2026-03-25 09:35:00,49450,49450,49350,49350,169
2026-03-25 09:36:00,49300,49300,49250,49250,86
2026-03-25 09:37:00,49200,52000,49200,49600,5549
2026-03-25 09:38:00,49600,50000,49600,49800,190
2026-03-25 09:39:00,49800,50000,49600,50000,1546
2026-03-25 09:40:00,50000,50400,49600,49850,708
2026-03-25 09:41:00,50300,50300,50100,50200,1375
2026-03-25 09:42:00,50200,50600,50200,50500,1927
2026-03-25 09:43:00,50500,50700,50300,50700,809
2026-03-25 09:44:00,50600,50900,50400,50800,646
2026-03-25 09:45:00,50800,50800,50500,50500,609
2026-03-25 09:46:00,50600,50800,50500,50800,1034
2026-03-25 09:47:00,50800,50800,50300,50300,733
2026-03-25 09:48:00,50400,50600,50400,50500,212
2026-03-25 09:49:00,50400,50600,50100,50300,2632
2026-03-25 09:50:00,50200,50200,50100,50100,185
2026-03-25 09:51:00,50100,50200,50000,50000,647
2026-03-25 09:52:00,50200,50500,50000,50400,2050
2026-03-25 09:53:00,50500,50700,50400,50400,170
2026-03-25 09:54:00,50600,50600,50400,50600,284
2026-03-25 09:55:00,50600,50600,50400,50400,235
2026-03-25 09:56:00,50400,50700,50400,50500,885
2026-03-25 09:57:00,50500,51000,50500,50900,1588
2026-03-25 09:58:00,50900,51100,50700,50900,1005
2026-03-25 09:59:00,50800,50900,50500,50600,227
2026-03-25 10:00:00,50600,50600,50100,50600,348
2026-03-25 10:01:00,50300,50400,50200,50400,296
2026-03-25 10:02:00,50300,50400,50250,50400,158
2026-03-25 10:03:00,50300,50300,50100,50100,222
2026-03-25 10:04:00,50200,50200,50100,50100,76
2026-03-25 10:05:00,50100,50300,50000,50300,1090
2026-03-25 10:06:00,50300,50300,50200,50200,42
2026-03-25 10:07:00,50100,50100,50100,50100,42
2026-03-25 10:08:00,50100,50200,50050,50200,224
2026-03-25 10:09:00,50200,50200,50100,50200,284
2026-03-25 10:10:00,50200,50300,50200,50300,202
2026-03-25 10:11:00,50250,50250,50250,50250,6
2026-03-25 10:12:00,50250,50250,50200,50200,206
2026-03-25 10:13:00,50200,50250,50200,50200,97
2026-03-25 10:14:00,50200,50400,50200,50400,655
2026-03-25 10:15:00,50400,50500,50400,50500,90
2026-03-25 10:16:00,50500,50500,50400,50400,171
2026-03-25 10:17:00,50400,50400,50300,50300,138
2026-03-25 10:18:00,50300,50400,50300,50400,59
2026-03-25 10:19:00,50400,50800,50400,50700,476
2026-03-25 10:20:00,50700,50700,50700,50700,103
2026-03-25 10:21:00,50700,50800,50700,50800,67
2026-03-25 10:22:00,50700,50700,50600,50600,281
2026-03-25 10:23:00,50600,50600,50600,50600,64
2026-03-25 10:24:00,50700,50700,50500,50600,66
2026-03-25 10:25:00,50500,50600,50500,50600,235
2026-03-25 10:26:00,50500,50600,50500,50600,28
2026-03-25 10:27:00,50600,50600,50500,50500,259
2026-03-25 10:28:00,50500,50500,50500,50500,352
2026-03-25 10:29:00,50500,50500,50400,50400,17
2026-03-25 10:30:00,50400,50400,50300,50300,182
2026-03-25 10:31:00,50400,50400,50350,50350,247
2026-03-25 10:32:00,50300,50300,50300,50300,130
2026-03-25 10:33:00,50300,50500,50300,50400,435
2026-03-25 10:34:00,50400,50500,50300,50300,190
2026-03-25 10:35:00,50400,50700,50400,50700,1210
2026-03-25 10:36:00,50700,50700,50500,50600,50
2026-03-25 10:37:00,50600,50700,50600,50700,19
2026-03-25 10:38:00,50700,50700,50600,50700,24
2026-03-25 10:39:00,50700,50800,50700,50800,437
2026-03-25 10:40:00,50800,50800,50800,50800,5
2026-03-25 10:41:00,50800,50800,50600,50800,181
2026-03-25 10:42:00,50700,50700,50700,50700,2
2026-03-25 10:43:00,50700,50700,50600,50600,53
2026-03-25 10:44:00,50600,50600,50600,50600,1
2026-03-25 10:45:00,50600,50700,50600,50700,167
2026-03-25 10:46:00,50800,50800,50700,50800,94
2026-03-25 10:47:00,50800,50900,50800,50900,689
2026-03-25 10:48:00,50900,50900,50700,50800,52
2026-03-25 10:49:00,50700,50800,50700,50800,118
2026-03-25 10:50:00,50800,50800,50700,50700,363
2026-03-25 10:51:00,50700,50700,50700,50700,3
2026-03-25 10:52:00,50700,50900,50700,50800,766
2026-03-25 10:53:00,50900,50900,50800,50800,53
2026-03-25 10:54:00,50900,50900,50800,50900,54
2026-03-25 10:55:00,50900,50900,50900,50900,85
2026-03-25 10:56:00,50900,50900,50800,50800,61
2026-03-25 10:57:00,50800,50800,50800,50800,37
2026-03-25 10:58:00,50900,50900,50800,50800,99
2026-03-25 10:59:00,50800,50800,50800,50800,235
2026-03-25 11:00:00,50800,50900,50700,50900,253
2026-03-25 11:01:00,50900,51000,50700,50700,321
2026-03-25 11:02:00,50700,50700,50600,50600,683
2026-03-25 11:03:00,50500,50700,50500,50600,14
2026-03-25 11:04:00,50600,50600,50500,50500,132
2026-03-25 11:05:00,50500,50500,50400,50400,486
2026-03-25 11:06:00,50400,50500,50400,50500,20
2026-03-25 11:07:00,50400,50500,50400,50500,74
2026-03-25 11:08:00,50500,50600,50500,50500,59
2026-03-25 11:09:00,50400,50400,50400,50400,2
2026-03-25 11:10:00,50400,50400,50100,50100,446
2026-03-25 11:11:00,50200,50200,50200,50200,161
2026-03-25 11:12:00,50100,50100,50000,50000,260
2026-03-25 11:13:00,50000,50100,50000,50100,98
2026-03-25 11:14:00,50100,50100,50000,50100,139
2026-03-25 11:15:00,50100,50100,50100,50100,82
2026-03-25 11:16:00,50100,50300,50100,50100,44
2026-03-25 11:17:00,50100,50100,50100,50100,114
2026-03-25 11:18:00,50100,50200,50100,50200,55
2026-03-25 11:19:00,50200,50300,50200,50200,41
2026-03-25 11:20:00,50200,50200,50200,50200,20
2026-03-25 11:22:00,50300,50300,50300,50300,425
2026-03-25 11:23:00,50200,50200,50200,50200,5
2026-03-25 11:24:00,50200,50200,50200,50200,53
2026-03-25 11:25:00,50300,50500,50200,50500,72
2026-03-25 11:26:00,50400,50400,50400,50400,1
2026-03-25 11:27:00,50400,50400,50400,50400,164
2026-03-25 11:28:00,50200,50200,50200,50200,18
2026-03-25 11:29:00,50300,50300,50200,50200,9
2026-03-25 11:30:00,50300,50300,50300,50300,1
2026-03-25 11:31:00,50300,50300,50200,50300,18
2026-03-25 11:32:00,50200,50300,50200,50300,26
2026-03-25 11:33:00,50300,50300,50200,50200,2
2026-03-25 11:34:00,50300,50500,50300,50500,605
2026-03-25 11:35:00,50500,50500,50500,50500,24
2026-03-25 11:36:00,50600,50600,50500,50500,96
2026-03-25 11:37:00,50400,50500,50400,50500,40
2026-03-25 11:38:00,50500,50500,50500,50500,7
2026-03-25 11:39:00,50500,50500,50500,50500,11
2026-03-25 11:40:00,50500,50500,50500,50500,1
2026-03-25 11:41:00,50500,50600,50300,50300,99
2026-03-25 11:42:00,50300,50500,50300,50500,86
2026-03-25 11:44:00,50300,50300,50300,50300,42
2026-03-25 11:45:00,50300,50500,50300,50500,41
2026-03-25 11:46:00,50400,50400,50300,50300,3
2026-03-25 11:47:00,50300,50300,50300,50300,1
2026-03-25 11:48:00,50300,50300,50300,50300,3
2026-03-25 11:49:00,50300,50400,50300,50400,26
2026-03-25 11:50:00,50400,50400,50400,50400,83
2026-03-25 11:51:00,50300,50300,50300,50300,1
2026-03-25 11:52:00,50300,50300,50200,50200,96
2026-03-25 11:53:00,50300,50300,50300,50300,1
2026-03-25 11:54:00,50200,50200,50200,50200,10
2026-03-25 11:55:00,50200,50200,50200,50200,17
2026-03-25 11:56:00,50100,50200,50100,50200,6
2026-03-25 11:57:00,50200,50200,50200,50200,16
2026-03-25 11:58:00,50200,50300,50200,50200,163
2026-03-25 11:59:00,50200,50200,50100,50100,120
2026-03-25 12:00:00,50100,50200,50000,50200,217
2026-03-25 12:01:00,50200,50200,49950,49950,1348
2026-03-25 12:02:00,49900,49950,49900,49950,137
2026-03-25 12:03:00,49900,49900,49800,49850,552
2026-03-25 12:04:00,49800,49850,49800,49850,202
2026-03-25 12:05:00,49850,49850,49850,49850,71
2026-03-25 12:06:00,49850,49850,49850,49850,14
2026-03-25 12:07:00,49800,49900,49750,49900,231
2026-03-25 12:08:00,49900,50300,49900,50000,2624
2026-03-25 12:09:00,50300,50300,50300,50300,243
2026-03-25 12:10:00,50000,50300,50000,50300,81
2026-03-25 12:11:00,50300,50300,50300,50300,150
2026-03-25 12:12:00,50200,50400,50000,50400,189
2026-03-25 12:13:00,50000,50400,50000,50400,120
2026-03-25 12:14:00,50100,50100,50100,50100,6
2026-03-25 12:15:00,50100,50100,50100,50100,32
2026-03-25 12:16:00,50000,50000,49825,49825,560
2026-03-25 12:17:00,49800,49800,49650,49650,345
2026-03-25 12:18:00,49650,49850,49650,49650,301
2026-03-25 12:19:00,49800,49800,49800,49800,1
2026-03-25 12:20:00,49800,49800,49675,49675,35
2026-03-25 12:21:00,49650,49700,49650,49700,39
2026-03-25 12:22:00,49700,49700,49650,49650,33
2026-03-25 12:23:00,49600,49600,49500,49500,322
2026-03-25 12:24:00,49500,49700,49500,49700,161
2026-03-25 12:26:00,49650,49800,49650,49800,984
2026-03-25 12:27:00,49750,49750,49700,49700,99
2026-03-25 12:28:00,49700,49700,49650,49650,29
2026-03-25 12:29:00,49650,49650,49650,49650,10
2026-03-25 12:30:00,49700,49850,49700,49800,1042
2026-03-25 12:31:00,49800,49800,49800,49800,13
2026-03-25 12:32:00,49800,49850,49800,49850,45
2026-03-25 12:33:00,49850,50100,49850,50100,517
2026-03-25 12:34:00,50100,50100,49950,50000,4
2026-03-25 12:35:00,50200,50200,50200,50200,70
2026-03-25 12:36:00,50200,50200,50200,50200,41
2026-03-25 12:37:00,50100,50100,50100,50100,10
2026-03-25 12:38:00,50100,50100,50000,50000,25
2026-03-25 12:39:00,50000,50000,50000,50000,200
2026-03-25 12:41:00,50000,50000,50000,50000,50
2026-03-25 12:42:00,50000,50000,50000,50000,38
2026-03-25 12:44:00,50000,50000,50000,50000,1
2026-03-25 12:47:00,50000,50000,49950,49950,18
2026-03-25 12:48:00,49950,50000,49950,49950,26
2026-03-25 12:49:00,49950,49950,49950,49950,21
2026-03-25 12:50:00,49900,49950,49900,49900,69
2026-03-25 12:51:00,49950,50100,49950,50100,368
2026-03-25 12:52:00,50100,50100,50100,50100,10
2026-03-25 12:53:00,50100,50100,50100,50100,9
2026-03-25 12:55:00,50100,50100,50000,50000,15
2026-03-25 12:57:00,50000,50000,50000,50000,10
2026-03-25 12:58:00,50000,50000,50000,50000,9
2026-03-25 13:00:00,50000,50100,50000,50050,140
2026-03-25 13:02:00,50000,50100,50000,50100,115
2026-03-25 13:03:00,50000,50000,50000,50000,7
2026-03-25 13:04:00,50000,50000,50000,50000,7
2026-03-25 13:06:00,50100,50100,50100,50100,4
2026-03-25 13:07:00,50100,50100,50100,50100,3
2026-03-25 13:08:00,50100,50100,50100,50100,23
2026-03-25 13:09:00,50100,50100,50100,50100,5
2026-03-25 13:10:00,50000,50000,50000,50000,101
2026-03-25 13:11:00,50000,50000,50000,50000,2
2026-03-25 13:12:00,50100,50100,50000,50000,270
2026-03-25 13:13:00,50200,50200,50200,50200,5
2026-03-25 13:15:00,50100,50100,50100,50100,40
2026-03-25 13:16:00,50100,50100,50100,50100,41
2026-03-25 13:17:00,50100,50100,49950,50000,561
2026-03-25 13:18:00,49900,49900,49850,49850,202
2026-03-25 13:20:00,49850,49900,49850,49850,45
2026-03-25 13:21:00,49800,50000,49800,50000,90
2026-03-25 13:22:00,49850,50000,49850,50000,891
2026-03-25 13:23:00,50000,50000,49900,50000,26
2026-03-25 13:24:00,49950,50100,49950,50100,5
2026-03-25 13:25:00,50100,50100,50100,50100,37
2026-03-25 13:26:00,50200,50200,50200,50200,24
2026-03-25 13:27:00,50000,50000,50000,50000,5
2026-03-25 13:28:00,50000,50000,50000,50000,12
2026-03-25 13:29:00,50000,50300,50000,50300,567
2026-03-25 13:30:00,50200,50200,50000,50100,75
2026-03-25 13:31:00,50000,50000,50000,50000,34
2026-03-25 13:32:00,50000,50000,50000,50000,4
2026-03-25 13:33:00,50000,50000,50000,50000,20
2026-03-25 13:34:00,50000,50000,50000,50000,15
2026-03-25 13:35:00,50100,50100,50100,50100,8
2026-03-25 13:36:00,50100,50100,50000,50000,198
2026-03-25 13:37:00,50000,50000,50000,50000,68
2026-03-25 13:38:00,49950,49950,49950,49950,9
2026-03-25 13:39:00,49950,50000,49950,50000,8
2026-03-25 13:41:00,50000,50300,50000,50300,248
2026-03-25 13:42:00,50300,50300,50300,50300,56
2026-03-25 13:43:00,50100,50100,50050,50050,186
2026-03-25 13:44:00,50100,50300,50100,50300,223
2026-03-25 13:45:00,50300,50300,50300,50300,14
2026-03-25 13:46:00,50300,50300,50300,50300,58
2026-03-25 13:48:00,50200,50200,50200,50200,8
2026-03-25 13:49:00,50100,50100,50100,50100,49
2026-03-25 13:50:00,50100,50100,50050,50100,95
2026-03-25 13:51:00,50100,50100,50000,50000,46
2026-03-25 13:52:00,50000,50000,50000,50000,1
2026-03-25 13:53:00,50000,50100,50000,50100,540
2026-03-25 13:54:00,50100,50100,50100,50100,5
2026-03-25 13:55:00,50100,50100,50100,50100,5
2026-03-25 13:56:00,50000,50000,50000,50000,20
2026-03-25 13:57:00,50100,50100,50000,50000,60
2026-03-25 13:58:00,50000,50000,49950,49950,470
2026-03-25 13:59:00,49950,50000,49950,50000,150
2026-03-25 14:00:00,50000,50000,50000,50000,27
2026-03-25 14:01:00,50100,50200,50000,50200,272
2026-03-25 14:06:00,50100,50100,50100,50100,259
2026-03-25 14:07:00,50100,50100,50100,50100,20
2026-03-25 14:08:00,50200,50200,50100,50200,23
2026-03-25 14:09:00,50200,50400,50200,50400,220
2026-03-25 14:10:00,50400,50400,50400,50400,46
2026-03-25 14:11:00,50400,50400,50300,50300,132
2026-03-25 14:12:00,50400,50600,50400,50600,997
2026-03-25 14:13:00,50500,50500,50300,50300,109
2026-03-25 14:14:00,50400,50400,50400,50400,32
2026-03-25 14:15:00,50400,50400,50400,50400,16
2026-03-25 14:16:00,50300,50400,50300,50300,37
2026-03-25 14:17:00,50300,50400,50300,50400,46
2026-03-25 14:18:00,50300,50300,50300,50300,53
2026-03-25 14:19:00,50200,50200,50100,50100,83
2026-03-25 14:20:00,50200,50300,50200,50200,27
2026-03-25 14:21:00,50200,50300,50100,50100,93
2026-03-25 14:22:00,50300,50300,50300,50300,47
2026-03-25 14:23:00,50300,50300,50300,50300,5
2026-03-25 14:24:00,50200,50300,50200,50300,239
2026-03-25 14:25:00,50300,50300,50200,50200,42
2026-03-25 14:26:00,50200,50500,50200,50500,1286
2026-03-25 14:27:00,50400,50400,50400,50400,26
2026-03-25 14:28:00,50400,50400,50400,50400,10
2026-03-25 14:29:00,50300,50300,50300,50300,126
2026-03-25 14:30:00,50300,50300,50200,50300,96
2026-03-25 14:31:00,50300,50300,50300,50300,5
2026-03-25 14:32:00,50300,50300,50300,50300,28
2026-03-25 14:33:00,50300,50400,50300,50400,61
2026-03-25 14:34:00,50400,50400,50300,50300,50
2026-03-25 14:35:00,50400,50500,50300,50500,25
2026-03-25 14:36:00,50400,50600,50400,50600,230
2026-03-25 14:37:00,50600,50600,50500,50500,94
2026-03-25 14:38:00,50500,50500,50500,50500,15
2026-03-25 14:39:00,50500,50500,50500,50500,110
2026-03-25 14:40:00,50600,50600,50500,50500,52
2026-03-25 14:41:00,50500,50500,50400,50400,154
2026-03-25 14:42:00,50400,50400,50200,50300,115
2026-03-25 14:43:00,50500,50500,50500,50500,1
2026-03-25 14:44:00,50500,50500,50500,50500,60
2026-03-25 14:45:00,50500,50500,50500,50500,69
2026-03-25 14:46:00,50500,50500,50300,50500,44
2026-03-25 14:47:00,50400,50400,50300,50300,195
2026-03-25 14:48:00,50300,50500,50300,50500,3
2026-03-25 14:50:00,50500,50500,50500,50500,7
2026-03-25 14:51:00,50500,50500,50500,50500,5
2026-03-25 14:52:00,50500,50500,50400,50500,19
2026-03-25 14:53:00,50500,50500,50500,50500,1
2026-03-25 14:54:00,50500,50500,50500,50500,496
2026-03-25 14:55:00,50500,50600,50500,50600,9
2026-03-25 14:56:00,50600,50600,50500,50600,168
2026-03-25 14:57:00,50600,50600,50600,50600,185
2026-03-25 14:58:00,50500,50500,50500,50500,168
2026-03-25 14:59:00,50500,50550,50500,50550,9
2026-03-25 15:00:00,50500,50500,50400,50500,1194
2026-03-25 15:01:00,50500,50500,50500,50500,149
2026-03-25 15:02:00,50500,50500,50500,50500,284
2026-03-25 15:03:00,50400,50500,50400,50500,131
2026-03-25 15:04:00,50500,50500,50400,50400,117
2026-03-25 15:05:00,50400,50500,50400,50400,79
2026-03-25 15:06:00,50400,50500,50400,50400,239
2026-03-25 15:07:00,50500,50500,50500,50500,15
2026-03-25 15:08:00,50500,50600,50500,50500,177
2026-03-25 15:09:00,50600,50600,50500,50500,77
2026-03-25 15:10:00,50500,50600,50400,50600,302
2026-03-25 15:11:00,50500,50500,50400,50500,127
2026-03-25 15:12:00,50500,50500,50400,50500,42
2026-03-25 15:13:00,50400,50500,50400,50500,77
2026-03-25 15:14:00,50500,50500,50500,50500,24
2026-03-25 15:15:00,50400,50400,50400,50400,1
2026-03-25 15:16:00,50500,50500,50500,50500,296
2026-03-25 15:17:00,50500,50700,50500,50500,1910
2026-03-25 15:18:00,50500,50500,50400,50500,147
2026-03-25 15:19:00,50500,50500,50400,50500,222
2026-03-25 15:30:00,50700,50700,50700,50700,1410
2026-03-25 15:35:00,50700,50700,50700,50700,182
2026-03-26 09:00:00,50700,51500,50200,50200,1792
2026-03-26 09:01:00,50200,50300,50000,50000,431
2026-03-26 09:02:00,49850,49850,49800,49800,250
2026-03-26 09:03:00,49700,49700,49400,49400,797
2026-03-26 09:04:00,49300,49300,49150,49150,578
2026-03-26 09:05:00,49050,49150,49000,49050,346
2026-03-26 09:06:00,49050,49800,49000,49050,411
2026-03-26 09:07:00,49050,49050,49050,49050,185
2026-03-26 09:08:00,49050,49650,49050,49450,93
2026-03-26 09:09:00,49200,49450,49200,49450,72
2026-03-26 09:10:00,49400,49400,49000,49050,1187
2026-03-26 09:11:00,49000,49200,48950,49000,412
2026-03-26 09:12:00,49000,49200,48950,49200,192
2026-03-26 09:13:00,49100,49300,49050,49050,500
2026-03-26 09:14:00,49050,49050,48950,49050,140
2026-03-26 09:15:00,49050,49050,48900,48950,326
2026-03-26 09:16:00,49050,49200,49050,49200,265
2026-03-26 09:17:00,49200,49250,49050,49050,87
2026-03-26 09:18:00,49050,49250,48900,49250,325
2026-03-26 09:19:00,49000,49450,49000,49450,351
2026-03-26 09:20:00,49500,49550,49450,49450,185
2026-03-26 09:21:00,49450,49500,49350,49500,131
2026-03-26 09:22:00,49400,49500,49300,49500,214
2026-03-26 09:23:00,49500,49500,49450,49450,264
2026-03-26 09:24:00,49500,49500,49500,49500,40
2026-03-26 09:25:00,49500,49750,49500,49750,182
2026-03-26 09:26:00,49750,49750,49750,49750,9
2026-03-26 09:27:00,49750,49750,49700,49700,69
2026-03-26 09:28:00,49700,49700,49700,49700,10
2026-03-26 09:29:00,49625,49625,49500,49500,503
2026-03-26 09:30:00,49550,49550,49500,49550,122
2026-03-26 09:31:00,49550,49550,49550,49550,100
2026-03-26 09:32:00,49600,49700,49600,49600,129
2026-03-26 09:33:00,49600,50000,49600,50000,361
2026-03-26 09:34:00,49950,49950,49600,49950,188
2026-03-26 09:35:00,49900,49950,49900,49950,70
2026-03-26 09:36:00,49850,49850,49850,49850,12
2026-03-26 09:37:00,49850,50100,49650,50100,295
2026-03-26 09:38:00,49650,50000,49600,50000,215
2026-03-26 09:39:00,49750,49750,49600,49750,80
2026-03-26 09:40:00,49750,49750,49200,49200,1275
2026-03-26 09:41:00,49250,49550,49250,49500,42
2026-03-26 09:42:00,49500,49500,49500,49500,3
2026-03-26 09:43:00,49450,49450,49250,49250,97
2026-03-26 09:44:00,49450,49500,49300,49500,127
2026-03-26 09:46:00,49500,49500,49300,49300,73
2026-03-26 09:47:00,49300,49300,49300,49300,79
2026-03-26 09:48:00,49300,49300,48900,48950,1732
2026-03-26 09:49:00,49200,49250,48950,49000,210
2026-03-26 09:50:00,49100,49100,49100,49100,1
2026-03-26 09:51:00,49250,49250,49100,49100,76
2026-03-26 09:52:00,49100,49250,49050,49250,41
2026-03-26 09:53:00,49250,49250,49050,49050,25
2026-03-26 09:54:00,49050,49050,49050,49050,40
2026-03-26 09:55:00,49050,49050,49050,49050,148
2026-03-26 09:56:00,49200,49300,49200,49300,214
2026-03-26 09:57:00,49050,49300,49050,49300,12
2026-03-26 09:58:00,49250,49250,49250,49250,6
2026-03-26 09:59:00,49250,49250,49250,49250,17
2026-03-26 10:00:00,49250,49250,49200,49250,14
2026-03-26 10:01:00,49250,49300,49200,49300,113
2026-03-26 10:02:00,49150,49150,49150,49150,2
2026-03-26 10:03:00,49100,49350,49050,49350,100
2026-03-26 10:04:00,49350,49350,49350,49350,6
2026-03-26 10:05:00,49350,49350,49350,49350,16
2026-03-26 10:06:00,49350,49350,49350,49350,42
2026-03-26 10:07:00,49350,49350,49350,49350,9
2026-03-26 10:08:00,49350,49900,49350,49900,138
2026-03-26 10:09:00,49850,49900,49850,49900,8
2026-03-26 10:10:00,49900,49900,49450,49450,694
2026-03-26 10:11:00,49450,49550,49450,49550,397
2026-03-26 10:12:00,49550,49550,49550,49550,1
2026-03-26 10:13:00,49600,49600,49450,49450,1532
2026-03-26 10:14:00,49450,49550,49450,49550,943
2026-03-26 10:16:00,49550,49550,49550,49550,150
2026-03-26 10:17:00,49450,49450,49450,49450,10
2026-03-26 10:18:00,49450,49450,49350,49350,373
2026-03-26 10:19:00,49300,49300,49300,49300,2
2026-03-26 10:20:00,49250,49350,49200,49350,65
2026-03-26 10:21:00,49425,49425,49200,49250,41
2026-03-26 10:22:00,49450,49550,49450,49550,144
2026-03-26 10:23:00,49500,49500,49400,49400,89
2026-03-26 10:24:00,49450,49700,49450,49700,6
2026-03-26 10:26:00,49600,49650,49600,49650,171
2026-03-26 10:27:00,49600,49600,49600,49600,17
2026-03-26 10:28:00,49600,49650,49500,49600,42
2026-03-26 10:29:00,49600,49650,49600,49650,72
2026-03-26 10:30:00,49650,49650,49650,49650,35
2026-03-26 10:31:00,49700,49900,49700,49900,78
2026-03-26 10:32:00,49900,50100,49900,50000,859
2026-03-26 10:33:00,50100,50200,50000,50100,19
2026-03-26 10:34:00,50000,50100,50000,50000,468
2026-03-26 10:35:00,50100,50100,50000,50000,375
2026-03-26 10:36:00,49950,50000,49750,49950,159
2026-03-26 10:38:00,49900,49950,49900,49950,31
2026-03-26 10:40:00,49900,49900,49750,49750,238
2026-03-26 10:41:00,49750,49800,49750,49800,226
2026-03-26 10:43:00,49800,49800,49700,49700,201
2026-03-26 10:44:00,49800,49800,49800,49800,29
2026-03-26 10:45:00,49700,49700,49700,49700,404
2026-03-26 10:46:00,49700,49700,49650,49650,103
2026-03-26 10:47:00,49650,49650,49500,49500,472
2026-03-26 10:48:00,49500,49500,49500,49500,60
2026-03-26 10:49:00,49500,49500,49500,49500,104
2026-03-26 10:50:00,49450,49450,49450,49450,49
2026-03-26 10:51:00,49450,49500,49450,49500,22
2026-03-26 10:52:00,49475,49475,49400,49400,41
2026-03-26 10:53:00,49400,49400,49400,49400,51
2026-03-26 10:54:00,49400,49400,49275,49275,42
2026-03-26 10:55:00,49250,49250,49250,49250,36
2026-03-26 10:56:00,49250,49250,49200,49200,318
2026-03-26 10:57:00,49200,49200,49100,49100,539
2026-03-26 10:58:00,49100,49100,49100,49100,3
2026-03-26 10:59:00,49150,49200,49150,49150,91
2026-03-26 11:00:00,49200,49300,49100,49100,160
2026-03-26 11:02:00,49100,49300,49100,49300,22
2026-03-26 11:03:00,49300,49300,49300,49300,10
2026-03-26 11:04:00,49300,49300,49300,49300,1
2026-03-26 11:05:00,49300,49300,49300,49300,3
2026-03-26 11:06:00,49300,49300,49100,49100,176
2026-03-26 11:07:00,49450,49450,49100,49100,132
2026-03-26 11:08:00,49100,49300,49100,49300,6
2026-03-26 11:09:00,49100,49100,48900,48950,786
2026-03-26 11:10:00,49150,49150,49150,49150,22
2026-03-26 11:13:00,48950,48950,48900,48900,95
2026-03-26 11:14:00,48900,48900,48900,48900,100
2026-03-26 11:15:00,48900,48950,48900,48900,567
2026-03-26 11:16:00,48900,48900,48900,48900,209
2026-03-26 11:17:00,48900,48900,48900,48900,1
2026-03-26 11:18:00,48900,48900,48750,48750,634
2026-03-26 11:19:00,48700,48700,48600,48600,374
2026-03-26 11:20:00,48600,48700,48550,48700,620
2026-03-26 11:21:00,48550,48700,48550,48700,87
2026-03-26 11:22:00,48600,48600,48550,48550,238
2026-03-26 11:23:00,48550,48550,48550,48550,76
2026-03-26 11:24:00,48550,48550,48550,48550,3
2026-03-26 11:25:00,48600,48600,48600,48600,51
2026-03-26 11:26:00,48550,48550,48550,48550,28
2026-03-26 11:27:00,48600,48600,48600,48600,45
2026-03-26 11:28:00,48600,48600,48500,48500,189
2026-03-26 11:29:00,48500,48500,48500,48500,55
2026-03-26 11:30:00,48500,48500,48500,48500,583
2026-03-26 11:31:00,48500,48500,48450,48450,50
2026-03-26 11:32:00,48450,48475,48450,48475,55
2026-03-26 11:33:00,48450,48450,48350,48350,101
2026-03-26 11:34:00,48350,48350,48200,48200,412
2026-03-26 11:35:00,48200,48300,48200,48300,82
2026-03-26 11:36:00,48300,48350,48200,48350,59
2026-03-26 11:37:00,48350,48350,48350,48350,12
2026-03-26 11:38:00,48200,48350,48150,48350,545
2026-03-26 11:39:00,48350,48350,48300,48300,107
2026-03-26 11:40:00,48300,48300,48150,48150,86
2026-03-26 11:41:00,48250,48350,48250,48350,118
2026-03-26 11:42:00,48350,48500,48350,48500,321
2026-03-26 11:43:00,48450,48500,48450,48500,28
2026-03-26 11:44:00,48500,48500,48350,48350,12
2026-03-26 11:45:00,48350,48500,48350,48500,33
2026-03-26 11:46:00,48500,48500,48500,48500,1
2026-03-26 11:47:00,48500,48500,48500,48500,44
2026-03-26 11:48:00,48500,48500,48500,48500,10
2026-03-26 11:49:00,48500,48500,48450,48450,4
2026-03-26 11:50:00,48450,48500,48450,48500,178
2026-03-26 11:51:00,48500,48500,48500,48500,8
2026-03-26 11:52:00,48500,48500,48500,48500,12
2026-03-26 11:53:00,48500,48500,48500,48500,2
2026-03-26 11:54:00,48450,48500,48450,48500,51
2026-03-26 11:55:00,48500,48500,48500,48500,11
2026-03-26 11:56:00,48500,48500,48500,48500,50
2026-03-26 11:57:00,48500,48500,48350,48350,123
2026-03-26 11:58:00,48450,48450,48450,48450,23
2026-03-26 11:59:00,48450,48450,48450,48450,10
2026-03-26 12:00:00,48400,48400,48200,48200,448
2026-03-26 12:01:00,48200,48200,48200,48200,51
2026-03-26 12:02:00,48200,48200,48200,48200,4
2026-03-26 12:03:00,48200,48200,48200,48200,89
2026-03-26 12:04:00,48250,48250,48200,48200,6
2026-03-26 12:05:00,48250,48250,48250,48250,2
2026-03-26 12:06:00,48250,48250,48250,48250,15
2026-03-26 12:07:00,48300,48300,48300,48300,5
2026-03-26 12:08:00,48200,48200,48200,48200,86
2026-03-26 12:09:00,48200,48200,48200,48200,1
2026-03-26 12:10:00,48200,48200,48150,48150,20
2026-03-26 12:11:00,48200,48200,48150,48200,8
2026-03-26 12:12:00,48350,48350,48250,48250,2
2026-03-26 12:13:00,48250,48250,48200,48250,22
2026-03-26 12:15:00,48300,48300,48300,48300,8
2026-03-26 12:16:00,48300,48300,48300,48300,12
2026-03-26 12:18:00,48300,48300,48300,48300,2
2026-03-26 12:19:00,48300,48300,48300,48300,5
2026-03-26 12:20:00,48300,48300,48300,48300,10
2026-03-26 12:21:00,48350,48350,48350,48350,49
2026-03-26 12:22:00,48350,48400,48350,48400,55
2026-03-26 12:23:00,48400,48400,48400,48400,3
2026-03-26 12:24:00,48450,48550,48450,48550,603
2026-03-26 12:25:00,48900,48900,48900,48900,3
2026-03-26 12:26:00,48900,48900,48850,48850,17
2026-03-26 12:27:00,48850,48850,48675,48700,58
2026-03-26 12:28:00,48700,48700,48500,48500,42
2026-03-26 12:29:00,48850,48850,48850,48850,20
2026-03-26 12:30:00,48850,48850,48850,48850,1
2026-03-26 12:31:00,48850,49000,48850,49000,286
2026-03-26 12:32:00,49000,49000,49000,49000,22
2026-03-26 12:33:00,49100,49100,49100,49100,10
2026-03-26 12:34:00,49150,49150,49150,49150,53
2026-03-26 12:35:00,49100,49100,49000,49050,24
2026-03-26 12:36:00,49100,49100,49000,49000,116
2026-03-26 12:37:00,49000,49000,49000,49000,166
2026-03-26 12:38:00,49000,49100,49000,49100,12
2026-03-26 12:39:00,49100,49100,49100,49100,64
2026-03-26 12:40:00,49100,49100,49100,49100,11
2026-03-26 12:41:00,49100,49100,48950,48950,126
2026-03-26 12:42:00,48900,48900,48900,48900,7
2026-03-26 12:46:00,48900,48900,48900,48900,19
2026-03-26 12:48:00,48900,48900,48900,48900,1
2026-03-26 12:49:00,48900,48900,48900,48900,370
2026-03-26 12:51:00,49000,49000,49000,49000,120
2026-03-26 12:52:00,49000,49000,49000,49000,1
2026-03-26 12:53:00,49000,49000,48950,48950,23
2026-03-26 12:54:00,49000,49000,49000,49000,1
2026-03-26 12:55:00,49000,49000,49000,49000,5
2026-03-26 12:56:00,49000,49000,48950,49000,11
2026-03-26 12:57:00,49000,49000,48900,48900,201
2026-03-26 12:59:00,48950,49000,48900,49000,54
2026-03-26 13:00:00,49000,49000,49000,49000,22
2026-03-26 13:01:00,49000,49100,49000,49100,5
2026-03-26 13:04:00,48950,49100,48950,49100,8
2026-03-26 13:05:00,49100,49100,49100,49100,5
2026-03-26 13:06:00,48950,48950,48950,48950,22
2026-03-26 13:07:00,48950,49000,48950,49000,21
2026-03-26 13:08:00,48950,49050,48950,49050,94
2026-03-26 13:09:00,49100,49100,49100,49100,35
2026-03-26 13:10:00,49100,49200,49100,49200,267
2026-03-26 13:11:00,49050,49100,49050,49100,176
2026-03-26 13:12:00,49100,49100,49100,49100,1
2026-03-26 13:14:00,49100,49100,49100,49100,4
2026-03-26 13:15:00,49100,49100,48950,49000,75
2026-03-26 13:17:00,49000,49000,49000,49000,72
2026-03-26 13:18:00,49000,49000,49000,49000,10
2026-03-26 13:19:00,49000,49000,49000,49000,64
2026-03-26 13:20:00,49000,49000,48900,48900,408
2026-03-26 13:22:00,48900,48900,48900,48900,36
2026-03-26 13:23:00,48900,48950,48900,48900,34
2026-03-26 13:24:00,48900,48900,48900,48900,20
2026-03-26 13:25:00,48900,48900,48900,48900,1
2026-03-26 13:26:00,48900,48900,48850,48900,40
2026-03-26 13:27:00,48900,48900,48850,48850,51
2026-03-26 13:28:00,48900,48900,48900,48900,6
2026-03-26 13:29:00,48900,48900,48900,48900,3
2026-03-26 13:30:00,48900,48900,48900,48900,10
2026-03-26 13:31:00,48900,48900,48850,48850,143
2026-03-26 13:32:00,48850,48900,48850,48900,21
2026-03-26 13:33:00,48800,48800,48800,48800,150
2026-03-26 13:34:00,48750,48750,48750,48750,13
2026-03-26 13:35:00,48700,48700,48700,48700,10
2026-03-26 13:36:00,48700,48700,48500,48650,178
2026-03-26 13:37:00,48650,48650,48500,48550,35
2026-03-26 13:38:00,48550,48550,48550,48550,8
2026-03-26 13:41:00,48600,48600,48550,48550,10
2026-03-26 13:42:00,48550,48550,48550,48550,1
2026-03-26 13:43:00,48550,48550,48550,48550,100
2026-03-26 13:45:00,48600,48600,48600,48600,13
2026-03-26 13:48:00,48600,48600,48600,48600,9
2026-03-26 13:50:00,48750,48750,48750,48750,98
2026-03-26 13:52:00,48750,48750,48750,48750,1
2026-03-26 13:53:00,48650,48650,48650,48650,14
2026-03-26 13:54:00,48600,48650,48600,48650,279
2026-03-26 13:55:00,48650,48650,48550,48550,3
2026-03-26 13:56:00,48550,48550,48500,48500,133
2026-03-26 13:57:00,48500,48500,48500,48500,534
2026-03-26 13:58:00,48500,48500,48500,48500,2
2026-03-26 13:59:00,48500,48500,48500,48500,32
2026-03-26 14:00:00,48500,48500,48500,48500,6
2026-03-26 14:02:00,48500,48550,48500,48550,27
2026-03-26 14:03:00,48550,48550,48500,48500,42
2026-03-26 14:04:00,48550,48550,48400,48400,19
2026-03-26 14:05:00,48450,48450,48450,48450,5
2026-03-26 14:06:00,48450,48550,48400,48450,288
2026-03-26 14:07:00,48450,48550,48450,48550,10
2026-03-26 14:08:00,48450,48450,48450,48450,10
2026-03-26 14:09:00,48450,48450,48450,48450,32
2026-03-26 14:10:00,48500,48500,48450,48450,21
2026-03-26 14:11:00,48450,48450,48450,48450,41
2026-03-26 14:12:00,48400,48400,48400,48400,1002
2026-03-26 14:13:00,48350,48350,48350,48350,26
2026-03-26 14:14:00,48350,48350,48250,48300,480
2026-03-26 14:15:00,48250,48300,48250,48300,38
2026-03-26 14:16:00,48350,48350,48300,48350,72
2026-03-26 14:17:00,48350,48350,48350,48350,100
2026-03-26 14:19:00,48350,48350,48350,48350,22
2026-03-26 14:21:00,48350,48350,48350,48350,38
2026-03-26 14:22:00,48350,48350,48350,48350,4
2026-03-26 14:23:00,48350,48400,48350,48400,40
2026-03-26 14:24:00,48350,48350,48350,48350,250
2026-03-26 14:25:00,48350,48350,48350,48350,25
2026-03-26 14:26:00,48400,48450,48400,48450,170
2026-03-26 14:27:00,48400,48400,48400,48400,16
2026-03-26 14:28:00,48450,48450,48450,48450,111
2026-03-26 14:29:00,48400,48450,48400,48450,234
2026-03-26 14:30:00,48450,48475,48450,48475,120
2026-03-26 14:32:00,48500,48500,48450,48450,62
2026-03-26 14:33:00,48450,48450,48400,48400,66
2026-03-26 14:34:00,48400,48400,48400,48400,44
2026-03-26 14:35:00,48400,48400,48400,48400,31
2026-03-26 14:36:00,48450,48450,48350,48350,55
2026-03-26 14:37:00,48350,48350,48250,48350,110
2026-03-26 14:39:00,48400,48400,48400,48400,3
2026-03-26 14:40:00,48400,48500,48350,48500,57
2026-03-26 14:41:00,48350,48350,48350,48350,26
2026-03-26 14:42:00,48300,48350,48300,48350,261
2026-03-26 14:43:00,48450,48450,48450,48450,25
2026-03-26 14:44:00,48500,48500,48450,48450,3
2026-03-26 14:45:00,48350,48350,48350,48350,62
2026-03-26 14:48:00,48400,48400,48350,48350,22
2026-03-26 14:49:00,48300,48300,48300,48300,64
2026-03-26 14:50:00,48300,48300,48300,48300,61
2026-03-26 14:51:00,48250,48250,48250,48250,30
2026-03-26 14:54:00,48250,48250,48250,48250,175
2026-03-26 14:55:00,48200,48250,48200,48250,19
2026-03-26 14:56:00,48250,48250,48250,48250,3
2026-03-26 14:57:00,48250,48250,48250,48250,24
2026-03-26 14:58:00,48250,48250,48150,48150,501
2026-03-26 14:59:00,48150,48200,48150,48150,42
2026-03-26 15:00:00,48150,48200,48150,48200,764
2026-03-26 15:01:00,48200,48300,48200,48200,155
2026-03-26 15:02:00,48200,48300,48200,48200,113
2026-03-26 15:03:00,48150,48200,48100,48100,333
2026-03-26 15:04:00,48200,48200,48150,48150,80
2026-03-26 15:05:00,48100,48150,48100,48150,25
2026-03-26 15:06:00,48150,48150,48100,48100,81
2026-03-26 15:07:00,48100,48100,48100,48100,6
2026-03-26 15:08:00,48100,48150,48100,48100,83
2026-03-26 15:09:00,48150,48150,48100,48150,20
2026-03-26 15:10:00,48100,48150,48100,48150,130
2026-03-26 15:11:00,48150,48200,48100,48100,387
2026-03-26 15:12:00,48200,48200,48200,48200,104
2026-03-26 15:13:00,48200,48200,48200,48200,4
2026-03-26 15:14:00,48200,48200,48200,48200,40
2026-03-26 15:15:00,48200,48200,48200,48200,16
2026-03-26 15:16:00,48400,48450,48400,48450,19
2026-03-26 15:17:00,48450,48500,48450,48500,40
2026-03-26 15:18:00,48400,48500,48200,48200,86
2026-03-26 15:19:00,48200,48600,48200,48200,273
2026-03-26 15:30:00,48200,48200,48200,48200,315
2026-03-26 15:35:00,48200,48200,48200,48200,1
2026-03-27 09:00:00,47000,47050,46900,47000,593
2026-03-27 09:01:00,47000,47400,46950,46950,298
2026-03-27 09:02:00,47100,47100,46000,46500,710
2026-03-27 09:03:00,46550,46550,46500,46500,111
2026-03-27 09:04:00,46500,47200,46500,46650,450
2026-03-27 09:05:00,46650,46850,46600,46850,134
2026-03-27 09:06:00,46950,47100,46950,46950,550
2026-03-27 09:07:00,47000,47000,46850,46850,220
2026-03-27 09:08:00,46800,46800,46500,46700,444
2026-03-27 09:09:00,46400,46600,46400,46500,276
2026-03-27 09:10:00,46450,46550,46300,46550,393
2026-03-27 09:11:00,46500,46500,46200,46250,108
2026-03-27 09:12:00,46250,46300,46150,46150,62
2026-03-27 09:13:00,46150,46300,46100,46300,723
2026-03-27 09:14:00,46300,46300,46000,46000,330
2026-03-27 09:15:00,46000,46000,46000,46000,92
2026-03-27 09:16:00,46000,46100,45950,45950,159
2026-03-27 09:17:00,45950,45950,45900,45950,204
2026-03-27 09:18:00,45950,46100,45950,46100,199
2026-03-27 09:19:00,46100,46100,45950,45950,42
2026-03-27 09:20:00,45950,46150,45900,46150,764
2026-03-27 09:21:00,46150,46300,46150,46300,405
2026-03-27 09:22:00,46300,46300,45950,45950,40
2026-03-27 09:23:00,45950,46100,45950,46100,31
2026-03-27 09:24:00,46100,46100,46100,46100,131
2026-03-27 09:25:00,46000,46100,45950,46100,255
2026-03-27 09:26:00,46050,46100,46000,46100,130
2026-03-27 09:27:00,46100,46100,46100,46100,11
2026-03-27 09:28:00,46100,46100,46000,46000,148
2026-03-27 09:29:00,46050,46050,46050,46050,5
2026-03-27 09:30:00,46050,46500,46050,46500,1690
2026-03-27 09:31:00,46500,46500,46500,46500,19
2026-03-27 09:32:00,46500,46500,46300,46300,161
2026-03-27 09:33:00,46300,46300,46300,46300,11
2026-03-27 09:34:00,46300,46300,46150,46150,132
2026-03-27 09:35:00,46200,46200,46150,46150,31
2026-03-27 09:36:00,46150,46150,46150,46150,28
2026-03-27 09:37:00,46200,46250,46100,46100,251
2026-03-27 09:38:00,46100,46100,45950,45950,339
2026-03-27 09:39:00,45950,45950,45950,45950,88
2026-03-27 09:40:00,46000,46000,45950,45950,47
2026-03-27 09:41:00,45950,46250,45950,46250,120
2026-03-27 09:42:00,46200,46200,46000,46000,18
2026-03-27 09:43:00,46100,46100,46000,46000,42
2026-03-27 09:44:00,46000,46000,46000,46000,65
2026-03-27 09:45:00,46000,46000,45900,45900,362
2026-03-27 09:46:00,45900,45950,45850,45850,577
2026-03-27 09:47:00,45850,45850,45850,45850,8
2026-03-27 09:48:00,45800,45850,45800,45800,289
2026-03-27 09:49:00,45750,45750,45700,45750,219
2026-03-27 09:50:00,45750,45800,45500,45800,2671
2026-03-27 09:51:00,45750,45850,45650,45850,208
2026-03-27 09:52:00,45850,46000,45850,45900,31
2026-03-27 09:53:00,45850,46150,45850,46000,19
2026-03-27 09:54:00,46000,46000,45650,45700,87
2026-03-27 09:55:00,45700,45700,45700,45700,52
2026-03-27 09:56:00,46100,46100,45700,45750,18
2026-03-27 09:57:00,45750,45950,45750,45950,5
2026-03-27 09:58:00,45950,46100,45750,46100,46
2026-03-27 09:59:00,46100,46100,45850,46100,23
2026-03-27 10:00:00,46100,46200,45850,45850,32
2026-03-27 10:01:00,46200,46200,46200,46200,13
2026-03-27 10:02:00,45850,45850,45850,45850,9
2026-03-27 10:03:00,46200,46200,46000,46000,68
2026-03-27 10:05:00,46350,46700,46250,46700,889
2026-03-27 10:06:00,46700,46700,46700,46700,6
2026-03-27 10:07:00,46700,46700,46700,46700,24
2026-03-27 10:08:00,46700,46700,46600,46600,69
2026-03-27 10:09:00,46600,46600,46600,46600,22
2026-03-27 10:10:00,46600,46650,46600,46650,28
2026-03-27 10:11:00,46750,46800,46750,46800,96
2026-03-27 10:12:00,46900,46900,46800,46800,74
2026-03-27 10:13:00,46750,46800,46750,46800,26
2026-03-27 10:14:00,46950,46950,46700,46700,23
2026-03-27 10:15:00,46700,46700,46600,46700,43
2026-03-27 10:16:00,46700,46700,46700,46700,17
2026-03-27 10:17:00,46700,46850,46700,46850,17
2026-03-27 10:18:00,46850,46850,46850,46850,1
2026-03-27 10:19:00,46850,46900,46700,46700,10
2026-03-27 10:20:00,46950,47100,46950,47100,430
2026-03-27 10:21:00,47100,47100,46750,47100,35
2026-03-27 10:22:00,47100,47100,47100,47100,3
2026-03-27 10:23:00,47000,47000,47000,47000,11
2026-03-27 10:24:00,46850,46950,46700,46950,169
2026-03-27 10:25:00,46950,46950,46700,46700,7
2026-03-27 10:27:00,46700,46700,46700,46700,42
2026-03-27 10:28:00,46950,46950,46700,46700,24
2026-03-27 10:29:00,46900,46900,46700,46700,445
2026-03-27 10:30:00,46650,46650,46650,46650,11
2026-03-27 10:31:00,46800,46850,46800,46850,18
2026-03-27 10:32:00,46550,46550,46450,46450,205
2026-03-27 10:33:00,46500,46500,46500,46500,54
2026-03-27 10:34:00,46700,46700,46700,46700,32
2026-03-27 10:35:00,46500,47000,46500,46950,209
2026-03-27 10:36:00,46950,46950,46950,46950,2
2026-03-27 10:37:00,46900,46950,46900,46950,30
2026-03-27 10:38:00,46900,46900,46900,46900,1
2026-03-27 10:39:00,46850,46950,46550,46650,385
2026-03-27 10:40:00,46950,46950,46900,46900,428
2026-03-27 10:41:00,46900,46950,46900,46950,76
2026-03-27 10:42:00,46950,46950,46950,46950,1
2026-03-27 10:43:00,47000,47000,47000,47000,34
2026-03-27 10:44:00,47000,47000,46950,46950,5
2026-03-27 10:45:00,46950,47050,46550,47050,250
2026-03-27 10:46:00,47050,47100,47050,47100,78
2026-03-27 10:47:00,47050,47050,47050,47050,26
2026-03-27 10:48:00,47050,47050,47050,47050,3
2026-03-27 10:49:00,47050,47050,47050,47050,1
2026-03-27 10:50:00,47050,47050,46700,46700,289
2026-03-27 10:51:00,47050,47050,47050,47050,3
2026-03-27 10:52:00,47000,47000,47000,47000,66
2026-03-27 10:53:00,47050,47050,47000,47000,12
2026-03-27 10:54:00,47000,47000,47000,47000,7
2026-03-27 10:55:00,46750,46750,46750,46750,20
2026-03-27 10:56:00,46800,46900,46800,46900,19
2026-03-27 10:57:00,46900,46950,46900,46900,34
2026-03-27 10:58:00,46900,46950,46900,46950,38
2026-03-27 10:59:00,46900,46950,46900,46900,31
2026-03-27 11:00:00,46950,47250,46950,47250,1295
2026-03-27 11:01:00,47250,47300,47250,47300,32
2026-03-27 11:02:00,47300,47400,47300,47400,116
2026-03-27 11:03:00,47400,47400,47400,47400,59
2026-03-27 11:04:00,47400,47400,47400,47400,1
2026-03-27 11:05:00,47400,47400,47400,47400,12
2026-03-27 11:06:00,47250,47400,47250,47400,6
2026-03-27 11:08:00,47300,47300,47250,47250,44
2026-03-27 11:09:00,47250,47250,47250,47250,200
2026-03-27 11:11:00,47350,47350,47350,47350,34
2026-03-27 11:12:00,47350,47350,47150,47150,128
2026-03-27 11:13:00,47100,47150,47050,47150,104
2026-03-27 11:14:00,47175,47175,47100,47100,37
2026-03-27 11:15:00,47100,47100,47100,47100,51
2026-03-27 11:16:00,47100,47100,47050,47050,52
2026-03-27 11:17:00,47050,47050,47000,47000,76
2026-03-27 11:18:00,47050,47050,47000,47050,137
2026-03-27 11:20:00,47000,47000,47000,47000,104
2026-03-27 11:21:00,47000,47000,47000,47000,2
2026-03-27 11:24:00,47000,47000,47000,47000,4
2026-03-27 11:25:00,47000,47000,47000,47000,5
2026-03-27 11:27:00,47050,47050,47000,47000,12
2026-03-27 11:28:00,47050,47050,47050,47050,55
2026-03-27 11:30:00,47050,47100,47050,47100,29
2026-03-27 11:32:00,47100,47150,47100,47150,2
2026-03-27 11:33:00,47150,47150,47150,47150,1
2026-03-27 11:34:00,47150,47150,47100,47150,211
2026-03-27 11:36:00,47150,47200,47150,47200,17
2026-03-27 11:37:00,47200,47250,47200,47250,105
2026-03-27 11:38:00,47150,47200,47150,47150,4
2026-03-27 11:39:00,47150,47200,47150,47200,6
2026-03-27 11:40:00,47250,47300,47250,47300,25
2026-03-27 11:41:00,47350,47350,47350,47350,10
2026-03-27 11:42:00,47350,47350,47350,47350,9
2026-03-27 11:43:00,47350,47350,47350,47350,14
2026-03-27 11:44:00,47350,47350,47350,47350,65
2026-03-27 11:46:00,47350,47400,47350,47400,44
2026-03-27 11:47:00,47400,47400,47400,47400,52
2026-03-27 11:49:00,47400,47400,47400,47400,1
2026-03-27 11:50:00,47400,47400,47400,47400,16
2026-03-27 11:52:00,47400,47700,47400,47700,304
2026-03-27 11:53:00,47700,47750,47600,47600,75
2026-03-27 11:54:00,47750,47750,47750,47750,28
2026-03-27 11:55:00,47600,47600,47600,47600,29
2026-03-27 11:56:00,47600,47600,47600,47600,100
2026-03-27 11:57:00,47600,47750,47600,47750,238
2026-03-27 11:58:00,47750,47850,47750,47850,17
2026-03-27 11:59:00,47750,47750,47700,47700,98
2026-03-27 12:01:00,47700,47700,47650,47650,29
2026-03-27 12:02:00,47600,47600,47400,47400,105
2026-03-27 12:03:00,47650,47650,47650,47650,14
2026-03-27 12:05:00,47650,47650,47650,47650,10
2026-03-27 12:06:00,47500,47500,47500,47500,41
2026-03-27 12:09:00,47500,47500,47400,47400,37
2026-03-27 12:10:00,47400,47400,47350,47350,32
2026-03-27 12:12:00,47350,47350,47350,47350,71
2026-03-27 12:13:00,47350,47500,47350,47500,3
2026-03-27 12:14:00,47500,47500,47500,47500,29
2026-03-27 12:15:00,47550,47650,47550,47650,105
2026-03-27 12:16:00,47650,47650,47650,47650,5
2026-03-27 12:17:00,47650,47650,47650,47650,24
2026-03-27 12:18:00,47650,47650,47650,47650,7
2026-03-27 12:19:00,47650,47650,47650,47650,1
2026-03-27 12:20:00,47650,47650,47650,47650,1
2026-03-27 12:21:00,47450,47450,47450,47450,20
2026-03-27 12:22:00,47650,47650,47600,47600,18
2026-03-27 12:23:00,47600,47600,47450,47450,36
2026-03-27 12:24:00,47500,47500,47450,47450,72
2026-03-27 12:25:00,47400,47400,47400,47400,50
2026-03-27 12:26:00,47400,47450,47400,47450,11
2026-03-27 12:27:00,47450,47450,47450,47450,2
2026-03-27 12:29:00,47425,47450,47400,47400,17
2026-03-27 12:30:00,47450,47450,47450,47450,16
2026-03-27 12:31:00,47450,47450,47400,47400,20
2026-03-27 12:32:00,47450,47450,47400,47400,5
2026-03-27 12:33:00,47500,47500,47500,47500,45
2026-03-27 12:34:00,47550,47850,47550,47850,151
2026-03-27 12:35:00,47900,48300,47900,48300,457
2026-03-27 12:36:00,48350,48600,48300,48300,54
2026-03-27 12:37:00,48450,48550,48400,48400,270
2026-03-27 12:38:00,48650,48850,48650,48850,863
2026-03-27 12:39:00,48800,49000,48800,49000,100
2026-03-27 12:40:00,49000,49250,49000,49250,588
2026-03-27 12:41:00,49250,49500,48950,49450,770
2026-03-27 12:42:00,49450,49800,49150,49800,838
2026-03-27 12:43:00,49800,49900,49400,49700,927
2026-03-27 12:44:00,49650,49900,49650,49900,299
2026-03-27 12:45:00,49800,49900,49500,49500,960
2026-03-27 12:46:00,49850,49850,49850,49850,23
2026-03-27 12:47:00,49850,49850,49350,49400,414
2026-03-27 12:48:00,49300,49400,49050,49050,209
2026-03-27 12:49:00,49100,49100,49100,49100,16
2026-03-27 12:50:00,49100,49150,49100,49150,149
2026-03-27 12:51:00,49150,49400,49100,49400,958
2026-03-27 12:52:00,49400,49800,49400,49800,46
2026-03-27 12:53:00,49750,49750,49450,49450,135
2026-03-27 12:54:00,49500,49500,49200,49200,88
2026-03-27 12:55:00,49200,49450,49200,49450,71
2026-03-27 12:56:00,49400,49450,49200,49200,105
2026-03-27 12:57:00,49300,49300,49300,49300,27
2026-03-27 12:58:00,49300,49400,49300,49400,20
2026-03-27 12:59:00,49400,49400,49400,49400,56
2026-03-27 13:00:00,49350,49400,49350,49350,106
2026-03-27 13:01:00,49350,49400,49300,49400,31
2026-03-27 13:02:00,49450,49450,49400,49400,168
2026-03-27 13:03:00,49400,49500,49400,49400,56
2026-03-27 13:04:00,49650,49650,49650,49650,112
2026-03-27 13:05:00,49650,49650,49500,49500,38
2026-03-27 13:06:00,49500,49500,49350,49400,1137
2026-03-27 13:07:00,49350,49350,49250,49250,291
2026-03-27 13:08:00,49200,49200,49150,49150,131
2026-03-27 13:09:00,49150,49150,49050,49050,62
2026-03-27 13:10:00,49050,49050,49000,49000,234
2026-03-27 13:11:00,49050,49150,49050,49150,1046
2026-03-27 13:12:00,49150,49150,49150,49150,102
2026-03-27 13:13:00,49150,49150,49100,49100,30
2026-03-27 13:14:00,49100,49150,49100,49150,156
2026-03-27 13:15:00,49150,49300,49150,49300,344
2026-03-27 13:16:00,49400,49500,49250,49250,43
2026-03-27 13:17:00,49250,49600,49250,49550,61
2026-03-27 13:18:00,49550,49600,49550,49600,90
2026-03-27 13:19:00,49550,49600,49400,49400,47
2026-03-27 13:20:00,49600,49600,49600,49600,236
2026-03-27 13:21:00,49600,49600,49600,49600,13
2026-03-27 13:22:00,49400,49450,49400,49450,11
2026-03-27 13:23:00,49650,49650,49650,49650,10
2026-03-27 13:24:00,49600,49750,49600,49750,103
2026-03-27 13:25:00,49750,49750,49550,49600,451
2026-03-27 13:26:00,49500,49550,49500,49500,104
2026-03-27 13:27:00,49450,49500,49450,49500,201
2026-03-27 13:29:00,49500,49800,49500,49700,132
2026-03-27 13:30:00,49500,49500,49300,49350,312
2026-03-27 13:31:00,49250,49350,49250,49350,38
2026-03-27 13:32:00,49300,49300,49250,49300,23
2026-03-27 13:33:00,49300,50100,49250,50100,1332
2026-03-27 13:34:00,50200,50800,50200,50600,5343
2026-03-27 13:35:00,50400,50500,50100,50100,64
2026-03-27 13:36:00,50100,50100,50000,50000,136
2026-03-27 13:37:00,50000,50000,49700,49750,165
2026-03-27 13:38:00,49750,50100,49750,50100,210
2026-03-27 13:39:00,50100,50100,50000,50000,322
2026-03-27 13:40:00,50000,50100,50000,50100,42
2026-03-27 13:41:00,50100,50200,50000,50000,44
2026-03-27 13:42:00,50000,50000,49950,49950,115
2026-03-27 13:43:00,49900,50100,49800,50100,392
2026-03-27 13:44:00,50000,50000,49850,50000,123
2026-03-27 13:45:00,50000,50100,50000,50100,17
2026-03-27 13:46:00,50100,50100,50000,50100,163
2026-03-27 13:47:00,50000,50100,50000,50100,3
2026-03-27 13:48:00,50100,50100,49900,49900,168
2026-03-27 13:49:00,49900,49900,49750,49850,318
2026-03-27 13:50:00,49850,49850,49800,49800,32
2026-03-27 13:51:00,49800,49800,49700,49700,110
2026-03-27 13:52:00,49800,49850,49800,49800,63
2026-03-27 13:53:00,49800,49850,49800,49800,73
2026-03-27 13:54:00,49800,49800,49750,49750,50
2026-03-27 13:55:00,49700,49750,49650,49650,119
2026-03-27 13:56:00,49650,49750,49650,49700,128
2026-03-27 13:57:00,49700,49900,49700,49700,303
2026-03-27 13:59:00,49700,49700,49700,49700,10
2026-03-27 14:00:00,49750,49750,49750,49750,13
2026-03-27 14:01:00,49750,50000,49750,50000,60
2026-03-27 14:02:00,50100,50100,50100,50100,1
2026-03-27 14:03:00,50100,50100,50100,50100,106
2026-03-27 14:04:00,50200,50300,50000,50000,196
2026-03-27 14:05:00,50000,50100,50000,50100,13
2026-03-27 14:06:00,50100,50300,50100,50100,106
2026-03-27 14:07:00,50100,50300,50100,50300,37
2026-03-27 14:08:00,50400,50400,50400,50400,107
2026-03-27 14:09:00,50500,50500,50400,50500,412
2026-03-27 14:10:00,50500,50500,50500,50500,20
2026-03-27 14:11:00,50400,50400,50300,50300,144
2026-03-27 14:12:00,50300,50300,50300,50300,23
2026-03-27 14:13:00,50300,50300,50300,50300,76
2026-03-27 14:14:00,50250,50400,50200,50200,354
2026-03-27 14:15:00,50300,50300,50200,50200,70
2026-03-27 14:16:00,50200,50200,50200,50200,30
2026-03-27 14:17:00,50200,50200,50200,50200,20
2026-03-27 14:18:00,50200,50200,50200,50200,54
2026-03-27 14:19:00,50200,50200,50100,50100,47
2026-03-27 14:20:00,50200,50200,50200,50200,1
2026-03-27 14:21:00,50100,50100,50000,50000,68
2026-03-27 14:22:00,50000,50000,50000,50000,20
2026-03-27 14:23:00,50200,50300,50200,50300,39
2026-03-27 14:24:00,50200,50300,50100,50100,230
2026-03-27 14:25:00,50200,50200,50100,50100,59
2026-03-27 14:26:00,50100,50100,49850,49850,1096
2026-03-27 14:27:00,49850,49850,49750,49750,108
2026-03-27 14:28:00,49750,49800,49700,49700,204
2026-03-27 14:29:00,49700,49700,49700,49700,10
2026-03-27 14:30:00,49700,49850,49700,49850,51
2026-03-27 14:31:00,49900,49900,49850,49850,3
2026-03-27 14:32:00,49850,49850,49850,49850,4
2026-03-27 14:33:00,49850,49850,49800,49800,95
2026-03-27 14:34:00,49800,49950,49700,49950,279
2026-03-27 14:35:00,49700,49700,49700,49700,2
2026-03-27 14:36:00,49750,49950,49750,49950,242
2026-03-27 14:37:00,49950,49950,49950,49950,7
2026-03-27 14:38:00,49950,50100,49850,49850,46
2026-03-27 14:39:00,49850,49850,49850,49850,1
2026-03-27 14:40:00,49850,50100,49850,50100,100
2026-03-27 14:41:00,50100,50100,50100,50100,63
2026-03-27 14:42:00,50000,50100,50000,50100,8
2026-03-27 14:43:00,50100,50100,50000,50000,153
2026-03-27 14:44:00,50000,50000,49950,50000,140
2026-03-27 14:45:00,50000,50000,50000,50000,34
2026-03-27 14:46:00,50000,50000,49900,50000,98
2026-03-27 14:47:00,50000,50000,49900,49900,105
2026-03-27 14:48:00,49900,49900,49900,49900,86
2026-03-27 14:49:00,49900,50000,49900,50000,38
2026-03-27 14:50:00,49900,49900,49900,49900,23
2026-03-27 14:51:00,49850,49850,49850,49850,22
2026-03-27 14:52:00,49850,50000,49800,50000,108
2026-03-27 14:53:00,50000,50000,49800,49800,74
2026-03-27 14:54:00,50000,50000,49850,49900,63
2026-03-27 14:55:00,49900,50000,49850,49950,250
2026-03-27 14:56:00,49900,49900,49900,49900,21
2026-03-27 14:57:00,49900,49900,49850,49850,147
2026-03-27 14:58:00,49900,49900,49800,49800,11
2026-03-27 14:59:00,49800,49800,49750,49750,150
2026-03-27 15:00:00,49750,49750,49750,49750,78
2026-03-27 15:01:00,49750,49750,49650,49650,312
2026-03-27 15:02:00,49650,49750,49650,49750,124
2026-03-27 15:03:00,49750,49750,49600,49600,572
2026-03-27 15:04:00,49700,49700,49600,49600,134
2026-03-27 15:05:00,49600,49700,49600,49600,7
2026-03-27 15:06:00,49600,49600,49600,49600,41
2026-03-27 15:07:00,49600,49950,49600,49900,136
2026-03-27 15:08:00,49900,49900,49900,49900,6
2026-03-27 15:09:00,49850,49900,49700,49700,114
2026-03-27 15:10:00,49700,49700,49700,49700,13
2026-03-27 15:11:00,49950,49950,49750,49750,36
2026-03-27 15:12:00,49750,49750,49750,49750,4
2026-03-27 15:13:00,49750,49800,49750,49800,109
2026-03-27 15:14:00,49800,49900,49750,49900,115
2026-03-27 15:15:00,49750,49750,49750,49750,102
2026-03-27 15:16:00,49750,49800,49750,49800,66
2026-03-27 15:17:00,49750,49900,49750,49800,57
2026-03-27 15:18:00,49900,49950,49850,49950,445
2026-03-27 15:19:00,49900,50000,49900,49950,220
2026-03-27 15:30:00,49700,49700,49700,49700,963
2026-03-27 15:35:00,49700,49700,49700,49700,56
2026-03-30 09:00:00,47500,47500,46700,46700,1395
2026-03-30 09:01:00,46700,46700,45950,46000,1303
2026-03-30 09:02:00,46050,46300,46000,46300,623
2026-03-30 09:03:00,46300,47500,46250,47500,4908
2026-03-30 09:04:00,47500,47500,46800,46900,1207
2026-03-30 09:05:00,46950,47350,46950,47000,117
2026-03-30 09:06:00,47050,47100,46900,47050,533
2026-03-30 09:07:00,47100,47100,46800,46850,254
2026-03-30 09:08:00,46850,47100,46850,47050,300
2026-03-30 09:09:00,47000,47300,47000,47300,54
2026-03-30 09:10:00,47200,47800,47200,47800,423
2026-03-30 09:11:00,47850,48000,47800,48000,188
2026-03-30 09:12:00,47800,48400,47800,47950,269
2026-03-30 09:13:00,48450,48500,48000,48500,391
2026-03-30 09:14:00,48600,48600,48600,48600,596
2026-03-30 09:15:00,48650,49000,48350,48900,1015
2026-03-30 09:16:00,48900,49500,48750,49450,1428
2026-03-30 09:17:00,49450,49650,49050,49550,272
2026-03-30 09:18:00,49550,50900,49550,50700,2043
2026-03-30 09:19:00,50700,51700,50400,51200,2582
2026-03-30 09:20:00,51200,51600,50900,51400,1008
2026-03-30 09:21:00,51200,51400,51000,51000,1286
2026-03-30 09:22:00,50900,50900,50700,50800,587
2026-03-30 09:23:00,50800,50800,50700,50700,598
2026-03-30 09:24:00,50700,50800,50600,50600,601
2026-03-30 09:25:00,50600,50900,50600,50900,1058
2026-03-30 09:26:00,50900,50900,50700,50700,78
2026-03-30 09:27:00,50700,50900,50700,50700,424
2026-03-30 09:28:00,50700,50700,50300,50500,3661
2026-03-30 09:29:00,50500,50500,49850,50300,1612
2026-03-30 09:30:00,50200,50200,49900,49900,437
2026-03-30 09:31:00,50200,50200,49550,49550,434
2026-03-30 09:32:00,49950,50300,49600,50300,457
2026-03-30 09:33:00,50300,50600,50300,50600,467
2026-03-30 09:34:00,50600,50700,50300,50300,795
2026-03-30 09:35:00,50300,50600,50300,50300,246
2026-03-30 09:36:00,50200,50300,50200,50200,148
2026-03-30 09:37:00,50200,50300,50000,50300,480
2026-03-30 09:38:00,50200,50300,50200,50300,43
2026-03-30 09:39:00,50200,50300,50200,50200,306
2026-03-30 09:40:00,50100,50200,50100,50200,156
2026-03-30 09:41:00,50100,50200,50100,50200,115
2026-03-30 09:42:00,50100,50100,49950,49950,161
2026-03-30 09:43:00,49950,50300,49950,50200,356
2026-03-30 09:44:00,50300,50400,50200,50400,41
2026-03-30 09:45:00,50200,50300,50200,50200,40
2026-03-30 09:46:00,50300,50400,50200,50200,333
2026-03-30 09:47:00,50200,50500,50200,50500,150
2026-03-30 09:48:00,50500,50500,50400,50500,191
2026-03-30 09:49:00,50500,50500,50400,50400,382
2026-03-30 09:50:00,50300,50300,50200,50200,212
2026-03-30 09:51:00,50200,50300,50000,50000,108
2026-03-30 09:52:00,50100,50100,50000,50100,254
2026-03-30 09:53:00,50100,50100,50000,50000,112
2026-03-30 09:54:00,50100,50100,50000,50000,11
2026-03-30 09:55:00,50000,50100,49900,50100,266
2026-03-30 09:56:00,50000,50000,49700,49700,313
2026-03-30 09:57:00,49800,50100,49700,49950,524
2026-03-30 09:58:00,49950,49950,49950,49950,10
2026-03-30 09:59:00,49950,49950,49800,49900,155
2026-03-30 10:00:00,49800,50100,49800,49900,51
2026-03-30 10:01:00,50000,50100,50000,50000,178
2026-03-30 10:02:00,50000,50000,49950,50000,377
2026-03-30 10:03:00,49950,50000,49900,49950,53
2026-03-30 10:04:00,49900,49950,49900,49900,30
2026-03-30 10:05:00,49800,49800,49650,49650,88
2026-03-30 10:06:00,49650,49750,49400,49600,854
2026-03-30 10:07:00,49600,49750,49300,49750,495
2026-03-30 10:08:00,49750,49750,49750,49750,2
2026-03-30 10:09:00,49750,50100,49600,50100,3028
2026-03-30 10:10:00,50000,50200,50000,50200,547
2026-03-30 10:11:00,50100,50100,49950,50000,37
2026-03-30 10:12:00,50000,50200,50000,50200,210
2026-03-30 10:13:00,50200,50200,50100,50100,327
2026-03-30 10:14:00,50100,50100,50000,50000,70
2026-03-30 10:15:00,49950,49950,49750,49750,13
2026-03-30 10:16:00,49750,49750,49700,49725,30
2026-03-30 10:17:00,49700,49725,49700,49725,19
2026-03-30 10:18:00,49700,49700,49650,49650,32
2026-03-30 10:19:00,49600,49700,49500,49500,373
2026-03-30 10:20:00,49500,49700,49250,49650,661
2026-03-30 10:21:00,49650,49750,49650,49650,58
2026-03-30 10:22:00,49750,49750,49750,49750,2
2026-03-30 10:24:00,49650,49750,49650,49750,7
2026-03-30 10:25:00,49700,49900,49650,49750,364
2026-03-30 10:26:00,49850,49900,49700,49850,136
2026-03-30 10:27:00,49700,49800,49550,49600,125
2026-03-30 10:28:00,49650,49750,49650,49650,260
2026-03-30 10:29:00,49650,49700,49650,49700,55
2026-03-30 10:30:00,49650,49800,49650,49800,169
2026-03-30 10:31:00,49800,49850,49800,49850,117
2026-03-30 10:32:00,49900,49950,49750,49950,255
2026-03-30 10:33:00,49900,49950,49650,49950,161
2026-03-30 10:34:00,49950,50000,49950,50000,121
2026-03-30 10:35:00,50000,50200,50000,50200,348
2026-03-30 10:36:00,50150,50300,50100,50300,204
2026-03-30 10:37:00,50300,50450,50300,50400,244
2026-03-30 10:38:00,50400,50400,50100,50300,96
2026-03-30 10:39:00,50300,50300,50300,50300,111
2026-03-30 10:40:00,50300,50300,50300,50300,2
2026-03-30 10:41:00,50300,50500,50300,50500,881
2026-03-30 10:42:00,50600,50600,50500,50500,60
2026-03-30 10:43:00,50450,50450,50300,50300,119
2026-03-30 10:44:00,50300,50400,50200,50400,40
2026-03-30 10:45:00,50400,50400,50200,50200,27
2026-03-30 10:46:00,50200,50500,50200,50500,121
2026-03-30 10:47:00,50500,50500,50500,50500,49
2026-03-30 10:48:00,50500,50500,50500,50500,201
2026-03-30 10:49:00,50500,50500,50500,50500,39
2026-03-30 10:50:00,50200,50300,50200,50200,122
2026-03-30 10:51:00,50100,50100,50000,50000,207
2026-03-30 10:52:00,50000,50000,49900,49950,77
2026-03-30 10:53:00,49900,50000,49900,50000,44
2026-03-30 10:54:00,49850,49900,49850,49900,234
2026-03-30 10:55:00,49900,50000,49900,50000,65
2026-03-30 10:56:00,50000,50000,50000,50000,11
2026-03-30 10:57:00,50000,50000,50000,50000,1
2026-03-30 10:58:00,50000,50100,50000,50100,72
2026-03-30 10:59:00,50100,50100,50100,50100,22
2026-03-30 11:00:00,50200,50200,50100,50100,51
2026-03-30 11:02:00,50100,50300,50100,50300,96
2026-03-30 11:03:00,50200,50300,50100,50300,518
2026-03-30 11:04:00,50300,50300,50300,50300,18
2026-03-30 11:05:00,50300,50300,50300,50300,16
2026-03-30 11:06:00,50200,50200,50200,50200,1
2026-03-30 11:07:00,50200,50200,50200,50200,7
2026-03-30 11:08:00,50100,50100,50100,50100,211
2026-03-30 11:09:00,50100,50100,50100,50100,238
2026-03-30 11:10:00,50100,50100,50000,50000,187
2026-03-30 11:11:00,50000,50000,50000,50000,24
2026-03-30 11:12:00,50000,50100,50000,50000,63
2026-03-30 11:14:00,50000,50000,50000,50000,2
2026-03-30 11:15:00,49950,49950,49950,49950,28
2026-03-30 11:16:00,49900,49900,49900,49900,33
2026-03-30 11:17:00,49900,49900,49850,49850,83
2026-03-30 11:18:00,49850,49900,49850,49850,25
2026-03-30 11:19:00,49850,49950,49850,49950,111
2026-03-30 11:20:00,49950,49950,49900,49950,5
2026-03-30 11:21:00,49900,49900,49900,49900,2
2026-03-30 11:23:00,49900,49900,49900,49900,3
2026-03-30 11:24:00,49850,49900,49850,49850,53
2026-03-30 11:25:00,49850,49900,49850,49900,2295
2026-03-30 11:26:00,49900,49900,49900,49900,101
2026-03-30 11:27:00,49850,49850,49850,49850,591
2026-03-30 11:28:00,49850,49850,49850,49850,8
2026-03-30 11:29:00,49850,49900,49850,49850,111
2026-03-30 11:30:00,49800,49850,49800,49850,7
2026-03-30 11:31:00,49850,49850,49850,49850,13
2026-03-30 11:32:00,49800,49800,49800,49800,391
2026-03-30 11:33:00,49800,49850,49800,49850,104
2026-03-30 11:34:00,49850,49850,49850,49850,21
2026-03-30 11:35:00,49850,49850,49850,49850,9
2026-03-30 11:38:00,49750,49900,49700,49900,198
2026-03-30 11:39:00,49900,49900,49900,49900,5
2026-03-30 11:40:00,49700,49700,49700,49700,100
2026-03-30 11:41:00,49700,49700,49700,49700,5
2026-03-30 11:42:00,49700,49700,49600,49600,227
2026-03-30 11:43:00,49600,49600,49600,49600,353
2026-03-30 11:44:00,49700,49700,49700,49700,1
2026-03-30 11:45:00,49700,49700,49700,49700,12
2026-03-30 11:46:00,49750,49750,49750,49750,22
2026-03-30 11:47:00,49800,49800,49800,49800,102
2026-03-30 11:48:00,49850,49850,49850,49850,7
2026-03-30 11:49:00,49900,49950,49900,49950,207
2026-03-30 11:50:00,50000,50200,50000,50200,1286
2026-03-30 11:51:00,50200,50200,50200,50200,1
2026-03-30 11:52:00,50200,50200,50100,50200,13
2026-03-30 11:53:00,50200,50200,50100,50100,37
2026-03-30 11:54:00,50100,50100,50100,50100,71
2026-03-30 11:55:00,50200,50200,50000,50000,177
2026-03-30 11:57:00,49950,49950,49950,49950,1
2026-03-30 11:59:00,49900,49900,49800,49800,126
2026-03-30 12:00:00,49800,49850,49800,49850,94
2026-03-30 12:01:00,49850,49850,49850,49850,37
2026-03-30 12:02:00,50000,50000,49800,50000,25
2026-03-30 12:03:00,50000,50000,49800,49800,145
2026-03-30 12:05:00,49800,50000,49800,50000,32
2026-03-30 12:06:00,50100,50100,50100,50100,50
2026-03-30 12:07:00,50200,50200,50200,50200,349
2026-03-30 12:08:00,50200,50200,50200,50200,1
2026-03-30 12:09:00,50200,50200,50200,50200,202
2026-03-30 12:10:00,50200,50400,50200,50400,129
2026-03-30 12:11:00,50400,50400,50400,50400,2
2026-03-30 12:12:00,50400,50400,50400,50400,83
2026-03-30 12:13:00,50300,50400,50300,50400,111
2026-03-30 12:14:00,50400,50400,50200,50200,94
2026-03-30 12:15:00,50100,50100,50100,50100,522
2026-03-30 12:17:00,50100,50100,49900,49900,88
2026-03-30 12:18:00,49950,49950,49950,49950,16
2026-03-30 12:20:00,50200,50200,50200,50200,104
2026-03-30 12:21:00,50300,50300,50300,50300,3
2026-03-30 12:22:00,50300,50300,50300,50300,30
2026-03-30 12:23:00,50300,50300,50300,50300,215
2026-03-30 12:24:00,50300,50300,50300,50300,10
2026-03-30 12:25:00,50200,50200,50200,50200,1
2026-03-30 12:28:00,50300,50300,50300,50300,22
2026-03-30 12:29:00,50300,50300,50300,50300,28
2026-03-30 12:30:00,50300,50300,50300,50300,33
2026-03-30 12:31:00,50300,50400,50300,50400,73
2026-03-30 12:32:00,50400,50400,50400,50400,62
2026-03-30 12:33:00,50300,50300,50300,50300,116
2026-03-30 12:35:00,50250,50300,50250,50300,2
2026-03-30 12:36:00,50300,50300,50200,50200,252
2026-03-30 12:37:00,50200,50200,50200,50200,3
2026-03-30 12:38:00,50300,50300,50200,50200,119
2026-03-30 12:39:00,50200,50200,50200,50200,20
2026-03-30 12:40:00,50300,50300,50300,50300,118
2026-03-30 12:41:00,50300,50350,50300,50350,52
2026-03-30 12:42:00,50400,50800,50400,50800,1575
2026-03-30 12:43:00,50750,50800,50600,50600,334
2026-03-30 12:44:00,50600,50600,50600,50600,15
2026-03-30 12:46:00,50600,50600,50400,50500,971
2026-03-30 12:47:00,50500,50800,50500,50800,200
2026-03-30 12:48:00,50800,50800,50750,50750,59
2026-03-30 12:49:00,50800,50900,50800,50800,568
2026-03-30 12:50:00,50800,50800,50800,50800,156
2026-03-30 12:51:00,50800,50800,50700,50700,206
2026-03-30 12:52:00,50700,50700,50700,50700,300
2026-03-30 12:53:00,50600,50700,50600,50700,155
2026-03-30 12:54:00,50700,50700,50700,50700,481
2026-03-30 12:55:00,50500,50900,50500,50900,503
2026-03-30 12:56:00,50700,50800,50600,50700,227
2026-03-30 12:58:00,50700,50700,50700,50700,47
2026-03-30 12:59:00,50600,50600,50600,50600,31
2026-03-30 13:00:00,50600,50700,50600,50700,85
2026-03-30 13:01:00,50700,50800,50700,50800,281
2026-03-30 13:02:00,50700,50700,50600,50600,215
2026-03-30 13:03:00,50600,50600,50500,50500,1180
2026-03-30 13:04:00,50500,50500,50500,50500,1
2026-03-30 13:05:00,50500,50500,50400,50400,26
2026-03-30 13:06:00,50400,50400,50400,50400,40
2026-03-30 13:07:00,50400,50400,50300,50300,136
2026-03-30 13:09:00,50400,50400,50400,50400,2
2026-03-30 13:10:00,50300,50400,49900,50400,607
2026-03-30 13:11:00,50400,50400,50300,50300,52
2026-03-30 13:12:00,50300,50300,50300,50300,100
2026-03-30 13:17:00,50200,50200,50200,50200,7
2026-03-30 13:18:00,50200,50200,50200,50200,15
2026-03-30 13:19:00,50100,50100,50100,50100,37
2026-03-30 13:21:00,50100,50100,50100,50100,119
2026-03-30 13:22:00,50100,50100,50100,50100,219
2026-03-30 13:23:00,50100,50200,50100,50200,29
2026-03-30 13:25:00,50200,50300,50200,50200,20
2026-03-30 13:27:00,50300,50400,50100,50100,120
2026-03-30 13:28:00,50100,50100,50100,50100,16
2026-03-30 13:29:00,50100,50100,50100,50100,21
2026-03-30 13:30:00,50200,50200,50200,50200,7
2026-03-30 13:31:00,50200,50400,50200,50400,196
2026-03-30 13:32:00,50200,50200,50200,50200,533
2026-03-30 13:33:00,50400,50400,50400,50400,10
2026-03-30 13:34:00,50400,50400,50400,50400,27
2026-03-30 13:35:00,50400,50400,50400,50400,21
2026-03-30 13:36:00,50300,50300,50200,50200,241
2026-03-30 13:38:00,50200,50200,50200,50200,5
2026-03-30 13:39:00,50200,50300,50200,50200,80
2026-03-30 13:40:00,50200,50200,50200,50200,1
2026-03-30 13:41:00,50200,50200,50200,50200,3
2026-03-30 13:42:00,50200,50200,50200,50200,1
2026-03-30 13:43:00,50100,50100,49950,49950,147
2026-03-30 13:47:00,49950,49950,49950,49950,12
2026-03-30 13:48:00,49950,49950,49950,49950,74
2026-03-30 13:49:00,49950,49950,49950,49950,6
2026-03-30 13:50:00,49900,49950,49900,49950,3
2026-03-30 13:51:00,49900,49900,49900,49900,1
2026-03-30 13:52:00,49900,49900,49900,49900,12
2026-03-30 13:53:00,49900,49950,49900,49950,11
2026-03-30 13:55:00,49900,49900,49900,49900,44
2026-03-30 13:56:00,49900,49900,49900,49900,5
2026-03-30 13:57:00,49900,49900,49900,49900,5
2026-03-30 13:58:00,49900,49900,49900,49900,50
2026-03-30 14:02:00,49900,49950,49800,49800,254
2026-03-30 14:03:00,49850,49850,49750,49850,84
2026-03-30 14:04:00,49850,49850,49800,49800,11
2026-03-30 14:05:00,49850,49850,49850,49850,38
2026-03-30 14:06:00,49800,49800,49800,49800,10
2026-03-30 14:07:00,49800,49800,49800,49800,1
2026-03-30 14:08:00,49800,49800,49800,49800,294
2026-03-30 14:10:00,49800,49800,49800,49800,102
2026-03-30 14:11:00,49750,49850,49750,49850,20
2026-03-30 14:12:00,49850,49850,49800,49800,32
2026-03-30 14:13:00,49800,49800,49800,49800,45
2026-03-30 14:14:00,49800,49800,49800,49800,138
2026-03-30 14:15:00,49800,49850,49750,49750,66
2026-03-30 14:16:00,49750,49750,49750,49750,2
2026-03-30 14:17:00,49750,49750,49750,49750,3
2026-03-30 14:18:00,49750,49800,49750,49800,113
2026-03-30 14:19:00,49850,49850,49750,49750,95
2026-03-30 14:21:00,49750,49750,49750,49750,10
2026-03-30 14:22:00,49850,49850,49750,49750,41
2026-03-30 14:23:00,49750,49750,49750,49750,81
2026-03-30 14:25:00,49800,49800,49800,49800,43
2026-03-30 14:26:00,49800,49800,49800,49800,80
2026-03-30 14:27:00,49800,49800,49800,49800,2
2026-03-30 14:28:00,49750,49750,49750,49750,8
2026-03-30 14:30:00,49750,49750,49750,49750,10
2026-03-30 14:32:00,49800,49800,49750,49750,38
2026-03-30 14:34:00,49800,49900,49800,49900,128
2026-03-30 14:35:00,49950,49950,49950,49950,53
2026-03-30 14:36:00,49950,49950,49950,49950,10
2026-03-30 14:37:00,50000,50000,50000,50000,1
2026-03-30 14:38:00,50000,50100,49750,50100,351
2026-03-30 14:41:00,50100,50100,49750,49750,92
2026-03-30 14:44:00,49750,49750,49750,49750,108
2026-03-30 14:45:00,49700,49750,49700,49750,54
2026-03-30 14:46:00,49700,49700,49700,49700,205
2026-03-30 14:47:00,49700,49700,49700,49700,41
2026-03-30 14:49:00,49700,49700,49700,49700,110
2026-03-30 14:50:00,49750,49750,49750,49750,106
2026-03-30 14:51:00,49750,49750,49750,49750,64
2026-03-30 14:52:00,49750,49750,49700,49700,144
2026-03-30 14:53:00,49700,49700,49650,49650,119
2026-03-30 14:54:00,49675,49675,49600,49600,171
2026-03-30 14:55:00,49600,49600,49600,49600,78
2026-03-30 14:56:00,49650,49650,49650,49650,81
2026-03-30 14:57:00,49600,49650,49450,49450,518
2026-03-30 14:58:00,49400,49450,49400,49400,70
2026-03-30 14:59:00,49400,49400,49400,49400,35
2026-03-30 15:00:00,49400,49400,49250,49250,354
2026-03-30 15:01:00,49250,49350,49250,49350,32
2026-03-30 15:02:00,49300,49350,49300,49350,101
2026-03-30 15:03:00,49400,49400,49400,49400,7
2026-03-30 15:04:00,49300,49400,49300,49300,84
2026-03-30 15:05:00,49300,49300,49300,49300,15
2026-03-30 15:07:00,49300,49400,49300,49300,237
2026-03-30 15:08:00,49300,49450,49300,49450,2
2026-03-30 15:09:00,49400,49400,49400,49400,5
2026-03-30 15:10:00,49400,49400,49300,49400,107
2026-03-30 15:11:00,49350,49350,49300,49300,41
2026-03-30 15:12:00,49300,49350,49300,49350,10
2026-03-30 15:13:00,49350,49400,49350,49400,13
2026-03-30 15:14:00,49400,49400,49250,49250,82
2026-03-30 15:15:00,49250,49350,49200,49250,272
2026-03-30 15:16:00,49200,49250,49200,49250,6
2026-03-30 15:17:00,49250,49250,49250,49250,49
2026-03-30 15:18:00,49250,49300,48600,49150,415
2026-03-30 15:19:00,49300,49450,49300,49450,63
2026-03-30 15:30:00,50200,50200,50200,50200,545
2026-03-30 15:35:00,50200,50200,50200,50200,105
2026-03-31 09:00:00,51000,51000,49900,50100,809
2026-03-31 09:01:00,50100,50100,49800,49800,215
2026-03-31 09:02:00,49800,49800,48300,49350,1814
2026-03-31 09:03:00,48750,49200,48750,48850,255
2026-03-31 09:04:00,48850,49550,48850,49550,378
2026-03-31 09:05:00,49550,49550,49100,49100,344
2026-03-31 09:06:00,49100,49100,49000,49000,182
2026-03-31 09:07:00,49000,49350,49000,49350,1221
2026-03-31 09:08:00,49150,49150,49000,49000,428
2026-03-31 09:09:00,49000,49350,48950,49100,888
2026-03-31 09:10:00,49150,49400,49100,49400,79
2026-03-31 09:11:00,49500,49800,49500,49650,1091
2026-03-31 09:12:00,49650,49700,49400,49400,812
2026-03-31 09:13:00,49400,49500,49150,49200,132
2026-03-31 09:14:00,49250,49400,49250,49300,212
2026-03-31 09:15:00,49400,49600,49300,49350,310
2026-03-31 09:16:00,49300,49300,49200,49300,54
2026-03-31 09:17:00,49300,49300,49150,49150,75
2026-03-31 09:18:00,49150,49150,49000,49050,749
2026-03-31 09:19:00,49000,49050,48950,49050,219
2026-03-31 09:20:00,48950,49300,48950,49100,838
2026-03-31 09:21:00,49050,49150,48950,49050,295
2026-03-31 09:22:00,49050,49050,48750,48750,2075
2026-03-31 09:23:00,48750,48800,48600,48650,431
2026-03-31 09:24:00,48650,48850,48600,48850,121
2026-03-31 09:25:00,48850,49000,48850,48950,139
2026-03-31 09:26:00,49000,49150,49000,49150,220
2026-03-31 09:27:00,49150,49250,49150,49150,71
2026-03-31 09:28:00,49150,49150,49150,49150,41
2026-03-31 09:29:00,49050,49150,48950,48950,151
2026-03-31 09:30:00,48950,49000,48900,49000,124
2026-03-31 09:31:00,48850,48850,48850,48850,11
2026-03-31 09:32:00,48850,48900,48850,48850,74
2026-03-31 09:33:00,48800,48800,48650,48650,305
2026-03-31 09:34:00,48650,48650,48500,48500,267
2026-03-31 09:35:00,48500,48600,48500,48500,272
2026-03-31 09:36:00,48500,48600,48350,48600,697
2026-03-31 09:37:00,48600,48600,48550,48550,78
2026-03-31 09:38:00,48400,48600,48300,48550,223
2026-03-31 09:39:00,48500,48500,48500,48500,1
2026-03-31 09:40:00,48500,48600,48500,48600,397
2026-03-31 09:41:00,48500,48600,48400,48550,181
2026-03-31 09:42:00,48400,48400,48350,48400,165
2026-03-31 09:43:00,48350,48450,48350,48450,97
2026-03-31 09:44:00,48500,49100,48500,49000,268
2026-03-31 09:45:00,49000,49500,49000,49500,295
2026-03-31 09:46:00,49050,49050,49050,49050,20
2026-03-31 09:48:00,49350,49800,49350,49800,708
2026-03-31 09:49:00,49800,49800,49750,49800,164
2026-03-31 09:50:00,49750,49800,49550,49600,206
2026-03-31 09:51:00,49500,49600,49350,49350,102
2026-03-31 09:52:00,49400,49400,49350,49350,10
2026-03-31 09:53:00,49100,49100,48600,48850,156
2026-03-31 09:54:00,49000,49650,49000,49500,926
2026-03-31 09:55:00,49500,49500,49350,49350,32
2026-03-31 09:56:00,49350,49400,49350,49350,48
2026-03-31 09:57:00,49400,49400,49400,49400,19
2026-03-31 09:58:00,49400,49400,49400,49400,5
2026-03-31 09:59:00,49400,49400,49400,49400,11
2026-03-31 10:00:00,49200,49350,49150,49150,4
2026-03-31 10:01:00,49150,49400,49150,49400,76
2026-03-31 10:02:00,49400,49550,49400,49550,82
2026-03-31 10:03:00,49550,49550,49400,49400,109
2026-03-31 10:04:00,49400,49400,49100,49100,33
2026-03-31 10:05:00,49200,49200,49100,49100,83
2026-03-31 10:06:00,49050,49050,48650,48650,314
2026-03-31 10:07:00,48550,48650,48550,48550,171
2026-03-31 10:08:00,48550,48550,48500,48500,261
2026-03-31 10:09:00,48500,48600,48500,48600,6
2026-03-31 10:10:00,48600,48650,48550,48550,484
2026-03-31 10:11:00,48550,48550,48500,48500,200
2026-03-31 10:12:00,48600,48600,48600,48600,31
2026-03-31 10:13:00,48600,48600,48600,48600,3
2026-03-31 10:14:00,48600,48600,48600,48600,3
2026-03-31 10:15:00,48600,48600,48550,48550,19
2026-03-31 10:16:00,48600,48750,48600,48750,132
2026-03-31 10:19:00,48750,48750,48700,48700,53
2026-03-31 10:20:00,48600,48750,48600,48750,63
2026-03-31 10:21:00,48750,48750,48750,48750,45
2026-03-31 10:22:00,48750,48750,48750,48750,2
2026-03-31 10:23:00,48750,48750,48700,48750,43
2026-03-31 10:24:00,48750,48750,48750,48750,24
2026-03-31 10:25:00,48800,48800,48700,48700,61
2026-03-31 10:26:00,48750,48750,48750,48750,1
2026-03-31 10:27:00,48750,48750,48750,48750,4
2026-03-31 10:28:00,48700,48700,48700,48700,12
2026-03-31 10:29:00,48700,48700,48600,48600,50
2026-03-31 10:30:00,48650,48650,48650,48650,5
2026-03-31 10:31:00,48650,48850,48650,48850,274
2026-03-31 10:35:00,49150,49150,49150,49150,20
2026-03-31 10:36:00,49150,49200,49150,49200,130
2026-03-31 10:37:00,49200,49250,48650,48650,42
2026-03-31 10:38:00,49150,49200,49150,49200,299
2026-03-31 10:39:00,49200,49400,49200,49400,215
2026-03-31 10:40:00,49250,49500,49250,49400,345
2026-03-31 10:41:00,49400,49400,49400,49400,1
2026-03-31 10:42:00,49400,49450,49400,49450,55
2026-03-31 10:43:00,49200,49200,49150,49150,506
2026-03-31 10:44:00,49150,49150,48900,48950,270
2026-03-31 10:45:00,48950,49000,48700,48900,124
2026-03-31 10:46:00,48950,48950,48950,48950,1
2026-03-31 10:47:00,48800,49000,48800,49000,61
2026-03-31 10:48:00,49000,49000,49000,49000,50
2026-03-31 10:49:00,48950,49000,48950,49000,58
2026-03-31 10:50:00,48850,48850,48850,48850,88
2026-03-31 10:51:00,49000,49000,49000,49000,21
2026-03-31 10:52:00,49000,49200,49000,49200,23
2026-03-31 10:53:00,49200,49200,49200,49200,7
2026-03-31 10:54:00,49200,49200,49200,49200,21
2026-03-31 10:55:00,49200,49200,49000,49000,123
2026-03-31 10:56:00,49050,49050,49050,49050,6
2026-03-31 10:57:00,49050,49350,49050,49350,2
2026-03-31 10:58:00,49350,49500,49350,49500,48
2026-03-31 10:59:00,49500,49500,49500,49500,19
2026-03-31 11:00:00,49450,49450,49150,49150,69
2026-03-31 11:01:00,49150,49150,49150,49150,1
2026-03-31 11:02:00,49150,49200,49050,49050,44
2026-03-31 11:03:00,49100,49300,49100,49300,460
2026-03-31 11:04:00,49050,49050,49050,49050,101
2026-03-31 11:05:00,49050,49050,49050,49050,25
2026-03-31 11:06:00,49050,49250,49050,49250,77
2026-03-31 11:07:00,49250,49250,49050,49050,109
2026-03-31 11:08:00,49000,49050,49000,49050,102
2026-03-31 11:10:00,49050,49050,49050,49050,101
2026-03-31 11:11:00,49050,49050,49050,49050,20
2026-03-31 11:12:00,49050,49200,49050,49200,68
2026-03-31 11:13:00,49050,49050,49050,49050,22
2026-03-31 11:14:00,49000,49000,49000,49000,237
2026-03-31 11:15:00,49000,49200,49000,49200,102
2026-03-31 11:16:00,49000,49000,49000,49000,15
2026-03-31 11:17:00,49000,49000,49000,49000,21
2026-03-31 11:18:00,49200,49200,49200,49200,1
2026-03-31 11:19:00,49200,49200,49200,49200,1
2026-03-31 11:20:00,49150,49150,49100,49100,24
2026-03-31 11:22:00,49050,49050,49050,49050,4
2026-03-31 11:23:00,49050,49050,49000,49050,51
2026-03-31 11:24:00,49000,49000,49000,49000,90
2026-03-31 11:25:00,48950,49000,48950,49000,667
2026-03-31 11:26:00,49000,49000,48950,48950,7
2026-03-31 11:28:00,49000,49000,49000,49000,34
2026-03-31 11:29:00,49000,49000,48850,48850,1416
2026-03-31 11:30:00,48850,48850,48800,48850,104
2026-03-31 11:31:00,48850,48850,48850,48850,32
2026-03-31 11:32:00,48850,48850,48850,48850,3
2026-03-31 11:33:00,48850,48850,48850,48850,5
2026-03-31 11:34:00,48850,48850,48850,48850,22
2026-03-31 11:35:00,48850,48850,48850,48850,52
2026-03-31 11:36:00,48850,48850,48850,48850,50
2026-03-31 11:37:00,48850,48900,48850,48900,21
2026-03-31 11:39:00,49000,49000,49000,49000,44
2026-03-31 11:40:00,49000,49250,49000,49250,41
2026-03-31 11:41:00,49000,49000,49000,49000,124
2026-03-31 11:42:00,49100,49100,48850,48850,144
2026-03-31 11:43:00,48800,48800,48800,48800,5
2026-03-31 11:44:00,48800,48800,48800,48800,54
2026-03-31 11:45:00,48800,48800,48750,48750,287
2026-03-31 11:46:00,48750,48750,48750,48750,6
2026-03-31 11:47:00,48700,48750,48700,48750,110
2026-03-31 11:50:00,48750,48750,48750,48750,5
2026-03-31 11:51:00,48750,48750,48750,48750,1
2026-03-31 11:52:00,49100,49100,49100,49100,28
2026-03-31 11:54:00,49100,49200,48800,49200,101
2026-03-31 11:55:00,48900,48900,48900,48900,12
2026-03-31 11:56:00,49150,49150,49150,49150,5
2026-03-31 11:57:00,49100,49100,49050,49050,2
2026-03-31 11:58:00,49050,49050,49050,49050,1
2026-03-31 12:01:00,48950,48950,48950,48950,1
2026-03-31 12:02:00,48950,48950,48950,48950,1
2026-03-31 12:03:00,48950,48950,48950,48950,15
2026-03-31 12:04:00,48950,48950,48950,48950,2
2026-03-31 12:05:00,48950,48950,48900,48900,6
2026-03-31 12:06:00,48950,48950,48900,48900,11
2026-03-31 12:07:00,48950,49000,48950,49000,81
2026-03-31 12:08:00,49100,49200,49100,49200,18
2026-03-31 12:09:00,49150,49150,49100,49100,7
2026-03-31 12:10:00,49100,49100,49100,49100,19
2026-03-31 12:11:00,49200,49200,49200,49200,1
2026-03-31 12:14:00,49100,49100,49100,49100,60
2026-03-31 12:15:00,49100,49100,49000,49000,16
2026-03-31 12:16:00,48950,48950,48900,48900,12
2026-03-31 12:17:00,48900,48900,48900,48900,20
2026-03-31 12:21:00,48900,48900,48900,48900,8
2026-03-31 12:22:00,48850,48850,48850,48850,1
2026-03-31 12:23:00,48800,48800,48800,48800,32
2026-03-31 12:26:00,48900,48900,48800,48900,6
2026-03-31 12:27:00,48900,49200,48900,49200,30
2026-03-31 12:28:00,49150,49200,49050,49050,12
2026-03-31 12:29:00,48950,48950,48950,48950,2
2026-03-31 12:30:00,48900,48900,48800,48800,66
2026-03-31 12:31:00,48800,48800,48650,48700,341
2026-03-31 12:32:00,48700,48750,48650,48650,68
2026-03-31 12:34:00,48650,48750,48650,48700,304
2026-03-31 12:35:00,48650,48700,48650,48650,87
2026-03-31 12:36:00,48700,48700,48700,48700,1
2026-03-31 12:37:00,48700,48700,48700,48700,14
2026-03-31 12:38:00,48700,48700,48650,48700,45
2026-03-31 12:39:00,48650,48650,48650,48650,3
2026-03-31 12:40:00,48650,48650,48600,48600,105
2026-03-31 12:41:00,48600,48650,48600,48600,54
2026-03-31 12:42:00,48600,48600,48550,48550,317
2026-03-31 12:43:00,48550,48550,48450,48500,1319
2026-03-31 12:44:00,48500,48500,48450,48450,94
2026-03-31 12:45:00,48450,48450,48450,48450,323
2026-03-31 12:46:00,48450,48450,48400,48400,84
2026-03-31 12:47:00,48400,48400,48350,48350,25
2026-03-31 12:48:00,48400,48400,48400,48400,11
2026-03-31 12:49:00,48400,48400,48350,48350,132
2026-03-31 12:50:00,48350,48350,48300,48300,23
2026-03-31 12:51:00,48400,48400,48300,48400,293
2026-03-31 12:52:00,48400,48400,48400,48400,69
2026-03-31 12:53:00,48400,48400,48300,48300,20
2026-03-31 12:54:00,48300,48300,48300,48300,21
2026-03-31 12:55:00,48250,48300,48250,48300,26
2026-03-31 12:56:00,48250,48250,48250,48250,1
2026-03-31 12:58:00,48250,48250,48200,48200,21
2026-03-31 12:59:00,48200,48250,48200,48250,95
2026-03-31 13:00:00,48250,48250,48200,48250,48
2026-03-31 13:01:00,48200,48200,48200,48200,60
2026-03-31 13:02:00,48150,48150,48100,48100,27
2026-03-31 13:03:00,48100,48100,48050,48050,39
2026-03-31 13:04:00,48100,48200,48050,48200,33
2026-03-31 13:05:00,48200,48200,48100,48100,13
2026-03-31 13:06:00,48050,48050,48050,48050,72
2026-03-31 13:07:00,48050,48050,48000,48050,154
2026-03-31 13:08:00,48000,48050,48000,48000,188
2026-03-31 13:09:00,48000,48050,48000,48050,82
2026-03-31 13:10:00,48000,48000,47850,47850,159
2026-03-31 13:11:00,47850,47850,47800,47800,125
2026-03-31 13:12:00,47700,47700,47700,47700,26
2026-03-31 13:13:00,47700,47700,47700,47700,6
2026-03-31 13:14:00,47700,47700,47700,47700,2
2026-03-31 13:15:00,47650,47700,47550,47600,123
2026-03-31 13:16:00,47600,47700,47550,47550,87
2026-03-31 13:17:00,47600,47700,47600,47600,67
2026-03-31 13:18:00,47650,47700,47550,47550,118
2026-03-31 13:19:00,47650,47650,47650,47650,19
2026-03-31 13:20:00,47650,48100,47600,48100,266
2026-03-31 13:21:00,48000,48100,48000,48000,48
2026-03-31 13:22:00,48000,48000,47900,47900,24
2026-03-31 13:23:00,47800,47800,47800,47800,18
2026-03-31 13:24:00,47650,47650,47650,47650,28
2026-03-31 13:25:00,47650,47650,47650,47650,2
2026-03-31 13:26:00,47650,47800,47650,47800,62
2026-03-31 13:27:00,47800,48000,47800,48000,192
2026-03-31 13:28:00,47650,47650,47650,47650,75
2026-03-31 13:29:00,47700,47800,47700,47800,53
2026-03-31 13:30:00,47700,47800,47600,47600,160
2026-03-31 13:31:00,47650,47650,47600,47600,98
2026-03-31 13:32:00,47600,47600,47600,47600,116
2026-03-31 13:33:00,47600,47600,47600,47600,18
2026-03-31 13:34:00,47650,47650,47650,47650,1
2026-03-31 13:35:00,47700,47700,47700,47700,49
2026-03-31 13:36:00,47650,47650,47600,47600,48
2026-03-31 13:37:00,47600,47600,47600,47600,14
2026-03-31 13:38:00,47550,47550,47500,47500,315
2026-03-31 13:39:00,47500,47500,47500,47500,2
2026-03-31 13:40:00,47550,47550,47550,47550,1
2026-03-31 13:41:00,47550,47550,47550,47550,14
2026-03-31 13:42:00,47550,47550,47550,47550,56
2026-03-31 13:43:00,47500,47550,47500,47550,30
2026-03-31 13:44:00,47500,47600,47500,47550,97
2026-03-31 13:45:00,47550,47550,47550,47550,3
2026-03-31 13:46:00,47550,47550,47550,47550,2
2026-03-31 13:47:00,47650,47650,47650,47650,2
2026-03-31 13:48:00,47550,47550,47450,47450,480
2026-03-31 13:50:00,47450,47450,47450,47450,22
2026-03-31 13:51:00,47500,47500,47500,47500,119
2026-03-31 13:52:00,47500,47500,47000,47350,1235
2026-03-31 13:53:00,47350,47350,47100,47150,5
2026-03-31 13:54:00,47100,47100,47000,47000,1014
2026-03-31 13:55:00,47000,47050,47000,47050,14
2026-03-31 13:56:00,47050,47200,47000,47200,132
2026-03-31 13:57:00,47150,47200,47050,47050,49
2026-03-31 13:58:00,47100,47150,47100,47150,179
2026-03-31 13:59:00,47150,47150,47150,47150,23
2026-03-31 14:00:00,47150,47200,47150,47200,74
2026-03-31 14:01:00,47200,47200,47150,47150,26
2026-03-31 14:02:00,47250,47250,47200,47200,5
2026-03-31 14:03:00,47250,47300,47250,47300,26
2026-03-31 14:04:00,47350,47350,47250,47250,115
2026-03-31 14:05:00,47250,47250,47200,47250,169
2026-03-31 14:06:00,47300,47300,47200,47200,80
2026-03-31 14:07:00,47300,47350,47200,47300,108
2026-03-31 14:09:00,47250,47300,47250,47300,37
2026-03-31 14:10:00,47300,47300,47300,47300,8
2026-03-31 14:11:00,47300,47300,47300,47300,52
2026-03-31 14:12:00,47350,47450,47350,47450,193
2026-03-31 14:13:00,47450,47500,47450,47450,48
2026-03-31 14:14:00,47450,47450,47350,47400,228
2026-03-31 14:15:00,47400,47500,47400,47400,417
2026-03-31 14:16:00,47400,47400,47400,47400,154
2026-03-31 14:17:00,47400,47400,47400,47400,10
2026-03-31 14:18:00,47400,47400,47400,47400,50
2026-03-31 14:19:00,47400,47400,47400,47400,17
2026-03-31 14:20:00,47400,47450,47400,47450,351
2026-03-31 14:21:00,47500,47550,47500,47550,287
2026-03-31 14:23:00,47450,47450,47450,47450,74
2026-03-31 14:24:00,47600,47600,47600,47600,19
2026-03-31 14:25:00,47600,47800,47400,47800,2959
2026-03-31 14:26:00,47800,48000,47800,48000,890
2026-03-31 14:27:00,47750,47750,47750,47750,60
2026-03-31 14:28:00,47750,47750,47750,47750,1
2026-03-31 14:29:00,47750,47750,47700,47700,283
2026-03-31 14:30:00,47650,47650,47650,47650,69
2026-03-31 14:31:00,47600,47650,47600,47600,34
2026-03-31 14:32:00,47500,47500,47500,47500,20
2026-03-31 14:33:00,47400,47450,47400,47450,7
2026-03-31 14:34:00,47450,47500,47400,47500,139
2026-03-31 14:35:00,47500,47500,47500,47500,1
2026-03-31 14:36:00,47500,47500,47500,47500,73
2026-03-31 14:37:00,47500,47500,47400,47500,78
2026-03-31 14:38:00,47500,47500,47350,47350,12
2026-03-31 14:39:00,47400,47500,47400,47500,78
2026-03-31 14:41:00,47500,47500,47300,47500,97
2026-03-31 14:42:00,47300,47300,47300,47300,40
2026-03-31 14:43:00,47300,47300,47300,47300,30
2026-03-31 14:44:00,47300,47300,47300,47300,56
2026-03-31 14:45:00,47500,47600,47500,47600,38
2026-03-31 14:46:00,47400,47400,47400,47400,20
2026-03-31 14:47:00,47500,47600,47300,47400,103
2026-03-31 14:49:00,47400,47400,47400,47400,41
2026-03-31 14:50:00,47650,47650,47400,47400,36
2026-03-31 14:51:00,47700,47700,47700,47700,10
2026-03-31 14:52:00,47600,47600,47400,47400,66
2026-03-31 14:53:00,47450,47450,47400,47400,50
2026-03-31 14:54:00,47450,47450,47450,47450,98
2026-03-31 14:55:00,47700,47700,47650,47650,8
2026-03-31 14:56:00,47650,47650,47450,47450,16
2026-03-31 14:57:00,47600,47600,47550,47600,32
2026-03-31 14:58:00,47600,47600,47550,47550,35
2026-03-31 14:59:00,47500,47500,47500,47500,1
2026-03-31 15:00:00,47500,47550,47500,47550,19
2026-03-31 15:01:00,47450,47450,47350,47350,564
2026-03-31 15:02:00,47350,47350,47300,47350,119
2026-03-31 15:03:00,47300,47300,47300,47300,25
2026-03-31 15:04:00,47300,47300,47300,47300,100
2026-03-31 15:05:00,47300,47300,47300,47300,53
2026-03-31 15:06:00,47300,47300,47250,47300,11
2026-03-31 15:07:00,47300,47300,47250,47250,56
2026-03-31 15:08:00,47250,47250,47250,47250,48
2026-03-31 15:09:00,47250,47300,47250,47300,71
2026-03-31 15:10:00,47250,47300,47250,47250,141
2026-03-31 15:11:00,47250,47250,47250,47250,27
2026-03-31 15:12:00,47250,47250,47200,47250,77
2026-03-31 15:13:00,47200,47200,47200,47200,58
2026-03-31 15:14:00,47200,47250,47200,47200,128
2026-03-31 15:15:00,47200,47200,47100,47100,663
2026-03-31 15:16:00,47100,47100,47050,47050,210
2026-03-31 15:17:00,47050,47050,47050,47050,263
2026-03-31 15:18:00,47050,47100,47050,47050,331
2026-03-31 15:19:00,47050,47250,47050,47250,194
2026-03-31 15:30:00,47200,47200,47200,47200,592
2026-03-31 15:35:00,47200,47200,47200,47200,62
2026-04-01 09:00:00,49500,50400,49450,49850,809
2026-04-01 09:01:00,49850,49850,49450,49450,1407
2026-04-01 09:02:00,49650,49650,49450,49650,153
2026-04-01 09:03:00,49650,49850,49500,49850,542
2026-04-01 09:04:00,49850,49850,49800,49850,257
2026-04-01 09:05:00,49800,49900,49750,49750,556
2026-04-01 09:06:00,49750,49800,49450,49800,468
2026-04-01 09:07:00,49750,50000,49750,49900,1542
2026-04-01 09:08:00,49750,49750,49700,49700,486
2026-04-01 09:09:00,49700,49700,49700,49700,35
2026-04-01 09:10:00,49700,49700,49550,49550,46
2026-04-01 09:11:00,49550,49550,49550,49550,39
2026-04-01 09:12:00,49550,49650,49500,49650,236
2026-04-01 09:13:00,49700,49850,49650,49850,117
2026-04-01 09:14:00,49850,49850,49850,49850,97
2026-04-01 09:15:00,49750,49850,49750,49850,318
2026-04-01 09:16:00,49850,49900,49800,49900,86
2026-04-01 09:17:00,49900,49900,49750,49750,44
2026-04-01 09:18:00,49750,49750,49700,49750,67
2026-04-01 09:19:00,49800,49850,49750,49850,68
2026-04-01 09:20:00,49700,50700,49700,50700,1891
2026-04-01 09:21:00,50700,50800,50400,50400,517
2026-04-01 09:22:00,50400,50600,50400,50500,317
2026-04-01 09:23:00,50600,50600,50400,50400,119
2026-04-01 09:24:00,50400,50400,50300,50300,45
2026-04-01 09:25:00,50300,50400,50300,50400,42
2026-04-01 09:26:00,50400,50400,50300,50400,139
2026-04-01 09:27:00,50400,50400,50400,50400,42
2026-04-01 09:28:00,50400,50600,50400,50600,1311
2026-04-01 09:29:00,50500,50600,50300,50500,36
2026-04-01 09:30:00,50500,50600,50500,50600,245
2026-04-01 09:31:00,50600,50700,50600,50700,223
2026-04-01 09:32:00,50700,50700,50500,50600,264
2026-04-01 09:33:00,50600,50600,50500,50600,122
2026-04-01 09:34:00,50600,50700,50600,50600,78
2026-04-01 09:35:00,50600,50600,50600,50600,93
2026-04-01 09:36:00,50500,50600,50500,50500,66
2026-04-01 09:37:00,50500,50500,50300,50400,470
2026-04-01 09:38:00,50400,50400,50400,50400,30
2026-04-01 09:39:00,50400,50500,50400,50500,246
2026-04-01 09:40:00,50500,50600,50400,50600,126
2026-04-01 09:41:00,50600,50900,50600,50900,766
2026-04-01 09:42:00,50900,51200,50900,51200,1265
2026-04-01 09:43:00,51200,51300,51100,51200,600
2026-04-01 09:44:00,51200,51700,51100,51700,1885
2026-04-01 09:45:00,51400,52900,51400,52600,10265
2026-04-01 09:46:00,52500,52500,52200,52200,1599
2026-04-01 09:47:00,52200,52300,52000,52100,945
2026-04-01 09:48:00,52100,52200,52000,52000,1116
2026-04-01 09:49:00,52100,52100,51600,51600,151
2026-04-01 09:50:00,51600,52200,51600,52100,743
2026-04-01 09:51:00,52100,52100,52000,52000,193
2026-04-01 09:52:00,52100,52100,51700,51800,366
2026-04-01 09:53:00,51600,51700,51400,51600,311
2026-04-01 09:54:00,51600,51600,51600,51600,30
2026-04-01 09:55:00,51600,51600,51500,51500,39
2026-04-01 09:56:00,51500,51600,51400,51400,125
2026-04-01 09:57:00,51400,51400,51200,51200,743
2026-04-01 09:58:00,51200,51300,51200,51300,173
2026-04-01 09:59:00,51300,51400,51300,51300,135
2026-04-01 10:00:00,51400,51500,51300,51500,252
2026-04-01 10:01:00,51600,51600,51500,51600,39
2026-04-01 10:02:00,51550,51600,51500,51500,84
2026-04-01 10:03:00,51500,51600,51500,51500,164
2026-04-01 10:04:00,51600,51800,51300,51300,815
2026-04-01 10:05:00,51400,51600,51300,51300,155
2026-04-01 10:06:00,51300,51300,51200,51200,87
2026-04-01 10:07:00,51300,51300,51100,51100,182
2026-04-01 10:08:00,51100,51200,50900,50900,885
2026-04-01 10:09:00,50900,51200,50900,51100,314
2026-04-01 10:10:00,51000,51400,50900,51400,309
2026-04-01 10:11:00,51000,51400,51000,51400,2001
2026-04-01 10:12:00,51400,51400,51400,51400,38
2026-04-01 10:13:00,51400,51400,51200,51400,54
2026-04-01 10:14:00,51400,51600,51300,51300,119
2026-04-01 10:15:00,51600,51600,51300,51600,61
2026-04-01 10:16:00,51400,51400,51400,51400,21
2026-04-01 10:17:00,51400,51500,51400,51500,115
2026-04-01 10:18:00,51500,51600,51400,51600,193
2026-04-01 10:19:00,51500,51600,51400,51500,142
2026-04-01 10:20:00,51500,51700,51500,51500,241
2026-04-01 10:21:00,51500,51500,51400,51400,63
2026-04-01 10:22:00,51400,51400,51400,51400,5
2026-04-01 10:23:00,51300,51300,51300,51300,13
2026-04-01 10:24:00,51300,51900,51300,51700,754
2026-04-01 10:25:00,51700,51800,51600,51600,104
2026-04-01 10:26:00,51700,51800,51700,51700,144
2026-04-01 10:27:00,51700,52000,51700,52000,731
2026-04-01 10:28:00,51900,51900,51800,51800,36
2026-04-01 10:29:00,51800,51800,51600,51600,305
2026-04-01 10:30:00,51600,51600,51600,51600,89
2026-04-01 10:31:00,51600,51800,51600,51800,23
2026-04-01 10:32:00,51800,51800,51700,51700,46
2026-04-01 10:33:00,51700,51700,51600,51600,168
2026-04-01 10:34:00,51600,51700,51600,51700,17
2026-04-01 10:35:00,51600,51600,51600,51600,98
2026-04-01 10:36:00,51600,51900,51600,51900,414
2026-04-01 10:37:00,51900,51900,51700,51800,125
2026-04-01 10:38:00,51900,52000,51900,52000,473
2026-04-01 10:39:00,52000,52100,52000,52100,892
2026-04-01 10:40:00,52100,52100,52000,52000,58
2026-04-01 10:41:00,52000,52100,52000,52000,120
2026-04-01 10:42:00,52000,52100,52000,52100,141
2026-04-01 10:43:00,52100,52100,52000,52000,17
2026-04-01 10:44:00,52000,52300,52000,52300,1368
2026-04-01 10:45:00,52300,52500,52300,52400,1967
2026-04-01 10:46:00,52400,52400,52300,52300,428
2026-04-01 10:47:00,52350,52500,52300,52300,164
2026-04-01 10:48:00,52300,52600,52300,52600,824
2026-04-01 10:49:00,52600,52700,52600,52600,262
2026-04-01 10:50:00,52700,52700,52600,52700,546
2026-04-01 10:51:00,52700,53000,52700,52700,5319
2026-04-01 10:52:00,52700,52900,52600,52800,1053
2026-04-01 10:53:00,52800,52900,52800,52900,393
2026-04-01 10:54:00,52900,52900,52800,52800,126
2026-04-01 10:55:00,52800,52800,52700,52700,285
2026-04-01 10:56:00,52700,52700,52500,52600,472
2026-04-01 10:57:00,52600,52700,52600,52600,192
2026-04-01 10:58:00,52600,52700,52600,52700,126
2026-04-01 10:59:00,52600,52600,52500,52600,325
2026-04-01 11:00:00,52500,53400,52500,53200,6414
2026-04-01 11:01:00,53200,53200,53000,53100,633
2026-04-01 11:02:00,53100,53100,52700,52700,651
2026-04-01 11:03:00,52700,52700,52600,52700,132
2026-04-01 11:04:00,52700,52800,52600,52800,88
2026-04-01 11:05:00,52850,52900,52700,52700,275
2026-04-01 11:06:00,52700,52900,52700,52900,24
2026-04-01 11:07:00,52900,52900,52800,52800,58
2026-04-01 11:08:00,52800,52800,52800,52800,151
2026-04-01 11:09:00,52800,52900,52600,52800,1432
2026-04-01 11:10:00,52800,52800,52600,52600,124
2026-04-01 11:11:00,52600,52700,52500,52700,59
2026-04-01 11:12:00,52600,52600,52500,52500,75
2026-04-01 11:13:00,52500,52600,52500,52500,167
2026-04-01 11:14:00,52500,52500,52400,52500,65
2026-04-01 11:15:00,52500,52500,52400,52400,28
2026-04-01 11:16:00,52400,52500,52400,52500,103
2026-04-01 11:17:00,52500,52500,52400,52400,55
2026-04-01 11:18:00,52400,52400,52400,52400,91
2026-04-01 11:19:00,52300,52300,52200,52200,118
2026-04-01 11:20:00,52300,52300,52300,52300,204
2026-04-01 11:21:00,52400,52500,52400,52500,157
2026-04-01 11:22:00,52500,52600,52500,52500,246
2026-04-01 11:23:00,52600,52800,52600,52700,572
2026-04-01 11:24:00,52700,52700,52700,52700,30
2026-04-01 11:25:00,52600,52600,52600,52600,165
2026-04-01 11:26:00,52600,52600,52400,52600,142
2026-04-01 11:28:00,52600,52600,52600,52600,87
2026-04-01 11:29:00,52600,52600,52300,52300,12
2026-04-01 11:30:00,52300,52300,52300,52300,117
2026-04-01 11:31:00,52300,52300,52300,52300,13
2026-04-01 11:32:00,52300,52300,52200,52200,8
2026-04-01 11:33:00,52200,52200,52200,52200,158
2026-04-01 11:34:00,52200,52200,52100,52100,45
2026-04-01 11:35:00,52100,52100,52100,52100,1
2026-04-01 11:36:00,52100,52500,52100,52500,186
2026-04-01 11:37:00,52400,52600,52400,52500,97
2026-04-01 11:38:00,52700,52700,52700,52700,31
2026-04-01 11:39:00,52700,52700,52700,52700,60
2026-04-01 11:40:00,52700,52700,52600,52700,72
2026-04-01 11:41:00,52600,52900,52600,52900,336
2026-04-01 11:42:00,52900,52900,52700,52800,22
2026-04-01 11:43:00,52800,52900,52800,52900,469
2026-04-01 11:44:00,52900,53000,52900,53000,363
2026-04-01 11:45:00,52850,53200,52700,53100,2263
2026-04-01 11:46:00,53100,53100,52900,53100,48
2026-04-01 11:47:00,53000,53100,53000,53000,76
2026-04-01 11:48:00,53000,53200,53000,53100,404
2026-04-01 11:49:00,53200,53400,53100,53400,286
2026-04-01 11:50:00,53300,53400,53150,53200,681
2026-04-01 11:51:00,53200,53300,53200,53300,221
2026-04-01 11:52:00,53300,53500,53300,53500,913
2026-04-01 11:53:00,53400,53500,53400,53500,668
2026-04-01 11:54:00,53500,53500,53400,53500,380
2026-04-01 11:55:00,53500,53500,53400,53400,213
2026-04-01 11:56:00,53400,53500,53300,53400,734
2026-04-01 11:57:00,53500,53500,53500,53500,132
2026-04-01 11:58:00,53500,53500,53450,53500,290
2026-04-01 11:59:00,53500,53500,53400,53500,72
2026-04-01 12:00:00,53500,53500,53500,53500,339
2026-04-01 12:01:00,53500,53500,53500,53500,65
2026-04-01 12:02:00,53500,53500,53400,53400,14
2026-04-01 12:03:00,53400,53400,53300,53300,243
2026-04-01 12:04:00,53300,53400,53200,53400,320
2026-04-01 12:05:00,53200,53200,53100,53100,22
2026-04-01 12:06:00,53100,53300,53100,53100,183
2026-04-01 12:07:00,53100,53200,53100,53200,129
2026-04-01 12:08:00,53200,53400,53200,53200,157
2026-04-01 12:09:00,53200,53500,53200,53500,747
2026-04-01 12:10:00,53400,53500,53400,53500,11
2026-04-01 12:11:00,53500,53500,53400,53500,134
2026-04-01 12:12:00,53400,53400,53400,53400,77
2026-04-01 12:13:00,53400,53500,53300,53300,137
2026-04-01 12:14:00,53300,53350,53300,53300,13
2026-04-01 12:15:00,53300,53300,53200,53200,180
2026-04-01 12:16:00,53200,53200,53100,53200,110
2026-04-01 12:17:00,53200,53200,53200,53200,131
2026-04-01 12:18:00,53200,53600,53200,53600,1148
2026-04-01 12:19:00,53500,53500,53300,53300,12
2026-04-01 12:20:00,53400,53400,53400,53400,98
2026-04-01 12:21:00,53300,53300,53300,53300,52
2026-04-01 12:22:00,53300,53400,53300,53300,88
2026-04-01 12:23:00,53200,53400,53100,53400,179
2026-04-01 12:24:00,53400,53400,53300,53400,51
2026-04-01 12:25:00,53300,53300,53300,53300,14
2026-04-01 12:26:00,53300,53400,53300,53300,187
2026-04-01 12:27:00,53300,53300,53200,53200,256
2026-04-01 12:28:00,53200,53200,53200,53200,30
2026-04-01 12:29:00,53200,53200,53100,53200,217
2026-04-01 12:30:00,53100,53200,53100,53100,150
2026-04-01 12:31:00,53100,53300,53000,53300,239
2026-04-01 12:32:00,53200,53200,53100,53100,23
2026-04-01 12:33:00,53100,53200,53000,53200,452
2026-04-01 12:34:00,53300,53300,53200,53200,3
2026-04-01 12:35:00,53200,53200,53200,53200,19
2026-04-01 12:36:00,53200,53300,53200,53300,137
2026-04-01 12:37:00,53200,53200,53100,53100,87
2026-04-01 12:38:00,53100,53200,53100,53200,150
2026-04-01 12:39:00,53100,53100,53100,53100,50
2026-04-01 12:40:00,53100,53200,53100,53200,167
2026-04-01 12:41:00,53200,53200,53200,53200,141
2026-04-01 12:42:00,53100,53100,53100,53100,26
2026-04-01 12:43:00,53100,53200,53100,53200,181
2026-04-01 12:44:00,53300,53300,53200,53200,18
2026-04-01 12:45:00,53200,53200,53100,53200,125
2026-04-01 12:46:00,53200,53200,53100,53200,644
2026-04-01 12:47:00,53200,53200,53100,53100,69
2026-04-01 12:48:00,53300,53300,53100,53100,39
2026-04-01 12:49:00,53100,53200,53100,53200,327
2026-04-01 12:50:00,53100,53100,53100,53100,23
2026-04-01 12:51:00,53100,53200,53000,53000,103
2026-04-01 12:52:00,53100,53100,53100,53100,35
2026-04-01 12:53:00,53000,53100,53000,53000,150
2026-04-01 12:54:00,53000,53100,53000,53100,17
2026-04-01 12:55:00,53000,53100,53000,53100,121
2026-04-01 12:56:00,53100,53100,53100,53100,15
2026-04-01 12:57:00,53000,53000,53000,53000,142
2026-04-01 12:58:00,53000,53000,53000,53000,43
2026-04-01 13:00:00,52900,53000,52900,53000,223
2026-04-01 13:01:00,52900,53100,52900,52900,1336
2026-04-01 13:02:00,52900,52900,52800,52800,394
2026-04-01 13:03:00,52800,52800,52700,52800,393
2026-04-01 13:04:00,52700,52700,52700,52700,5
2026-04-01 13:05:00,52800,52800,52700,52700,377
2026-04-01 13:06:00,52800,52800,52800,52800,32
2026-04-01 13:07:00,52800,52900,52800,52800,193
2026-04-01 13:08:00,52800,52800,52800,52800,160
2026-04-01 13:09:00,52800,52800,52800,52800,59
2026-04-01 13:10:00,52800,52900,52700,52900,123
2026-04-01 13:11:00,52900,52950,52900,52900,54
2026-04-01 13:12:00,52900,52900,52900,52900,28
2026-04-01 13:14:00,53000,53000,53000,53000,11
2026-04-01 13:15:00,53000,53000,53000,53000,66
2026-04-01 13:16:00,53100,53100,52900,52900,30
2026-04-01 13:17:00,53100,53100,52900,52900,31
2026-04-01 13:18:00,52900,52900,52900,52900,250
2026-04-01 13:19:00,53000,53000,53000,53000,31
2026-04-01 13:20:00,53000,53000,52900,52900,11
2026-04-01 13:21:00,52900,53000,52900,53000,67
2026-04-01 13:22:00,53000,53000,53000,53000,2
2026-04-01 13:23:00,52900,52900,52900,52900,46
2026-04-01 13:24:00,53000,53000,52900,52900,83
2026-04-01 13:25:00,52900,52900,52900,52900,50
2026-04-01 13:26:00,52800,52900,52800,52800,872
2026-04-01 13:27:00,52800,52900,52800,52900,40
2026-04-01 13:28:00,52800,52800,52700,52800,65
2026-04-01 13:29:00,52800,52800,52700,52800,263
2026-04-01 13:30:00,52800,52800,52800,52800,2
2026-04-01 13:31:00,52800,52800,52700,52800,88
2026-04-01 13:32:00,52700,52800,52600,52800,53
2026-04-01 13:33:00,52800,52800,52500,52500,72
2026-04-01 13:34:00,52700,52700,52600,52700,51
2026-04-01 13:35:00,52700,52700,52600,52700,25
2026-04-01 13:36:00,52700,52700,52700,52700,1
2026-04-01 13:37:00,52600,52600,52600,52600,33
2026-04-01 13:38:00,52550,52700,52550,52700,263
2026-04-01 13:39:00,52700,52700,52700,52700,103
2026-04-01 13:40:00,52600,52600,52600,52600,20
2026-04-01 13:41:00,52600,52700,52600,52700,24
2026-04-01 13:42:00,52600,52700,52600,52700,2
2026-04-01 13:43:00,52700,52700,52700,52700,11
2026-04-01 13:44:00,52700,52700,52700,52700,1
2026-04-01 13:45:00,52600,52700,52600,52700,7
2026-04-01 13:46:00,52600,52600,52600,52600,118
2026-04-01 13:47:00,52600,53000,52500,53000,1279
2026-04-01 13:48:00,53000,53200,53000,53200,1183
2026-04-01 13:49:00,53200,53200,52900,53200,96
2026-04-01 13:50:00,53200,53200,53000,53200,398
2026-04-01 13:51:00,53200,53200,53200,53200,48
2026-04-01 13:52:00,53200,53200,53100,53100,150
2026-04-01 13:53:00,53100,53300,53100,53300,218
2026-04-01 13:54:00,53300,53300,53200,53200,110
2026-04-01 13:55:00,53200,53300,53200,53200,938
2026-04-01 13:56:00,53200,53200,53000,53000,121
2026-04-01 13:57:00,53100,53200,53100,53100,28
2026-04-01 13:58:00,53100,53100,53100,53100,39
2026-04-01 13:59:00,53100,53100,53100,53100,20
2026-04-01 14:00:00,53100,53100,53100,53100,18
2026-04-01 14:01:00,53100,53100,53000,53000,120
2026-04-01 14:02:00,53000,53000,52800,52900,457
2026-04-01 14:03:00,52900,52900,52700,52700,28
2026-04-01 14:04:00,52700,52900,52700,52900,19
2026-04-01 14:05:00,52700,52900,52700,52900,80
2026-04-01 14:06:00,52800,52900,52800,52800,32
2026-04-01 14:07:00,52800,53000,52800,53000,169
2026-04-01 14:08:00,53000,53000,53000,53000,12
2026-04-01 14:09:00,53000,53000,52900,52900,77
2026-04-01 14:10:00,53000,53000,53000,53000,11
2026-04-01 14:11:00,52900,53000,52900,53000,21
2026-04-01 14:12:00,53000,53000,52850,52850,51
2026-04-01 14:13:00,52850,52900,52800,52900,157
2026-04-01 14:14:00,52800,52800,52800,52800,22
2026-04-01 14:15:00,52900,52900,52800,52900,48
2026-04-01 14:16:00,52800,52900,52700,52900,48
2026-04-01 14:17:00,52900,53000,52700,53000,30
2026-04-01 14:18:00,52700,52700,52700,52700,34
2026-04-01 14:19:00,53000,53000,52700,52700,139
2026-04-01 14:20:00,52700,52900,52700,52800,42
2026-04-01 14:21:00,52800,53000,52700,52700,30
2026-04-01 14:22:00,52700,53000,52700,53000,38
2026-04-01 14:23:00,53000,53000,52900,52900,15
2026-04-01 14:24:00,53000,53000,52900,53000,485
2026-04-01 14:25:00,52900,53000,52900,53000,116
2026-04-01 14:26:00,52900,52900,52900,52900,1
2026-04-01 14:27:00,53000,53000,52950,52950,2
2026-04-01 14:28:00,53000,53000,52950,52950,13
2026-04-01 14:29:00,53000,53000,52900,52900,30
2026-04-01 14:30:00,52900,53000,52900,53000,29
2026-04-01 14:31:00,53000,53000,52900,52900,98
2026-04-01 14:32:00,52900,52900,52900,52900,9
2026-04-01 14:33:00,52900,52900,52800,52900,66
2026-04-01 14:34:00,52900,52900,52800,52900,41
2026-04-01 14:35:00,52800,52900,52800,52900,73
2026-04-01 14:36:00,53000,53000,52900,52900,50
2026-04-01 14:37:00,52900,52900,52800,52800,27
2026-04-01 14:38:00,52800,52850,52800,52850,13
2026-04-01 14:39:00,52850,53000,52850,53000,230
2026-04-01 14:40:00,52900,53200,52900,53200,1410
2026-04-01 14:41:00,53200,53200,53200,53200,92
2026-04-01 14:42:00,53200,53200,53100,53200,124
2026-04-01 14:43:00,53200,53500,53200,53500,2178
2026-04-01 14:44:00,53500,53700,53500,53600,6725
2026-04-01 14:45:00,53600,53600,53400,53600,802
2026-04-01 14:46:00,53600,53600,53500,53500,222
2026-04-01 14:47:00,53600,53600,53500,53500,1274
2026-04-01 14:48:00,53500,53600,53400,53500,109
2026-04-01 14:49:00,53500,53500,53400,53500,176
2026-04-01 14:50:00,53500,53500,53400,53400,206
2026-04-01 14:51:00,53300,53400,53300,53400,249
2026-04-01 14:52:00,53400,53400,53300,53300,169
2026-04-01 14:53:00,53300,53300,53300,53300,46
2026-04-01 14:54:00,53300,53400,53300,53300,278
2026-04-01 14:55:00,53300,53300,53100,53100,162
2026-04-01 14:56:00,53200,53200,52800,53200,481
2026-04-01 14:57:00,52800,53100,52800,52800,145
2026-04-01 14:58:00,52800,52900,52700,52800,119
2026-04-01 14:59:00,52800,52900,52600,52600,384
2026-04-01 15:00:00,52800,52900,52600,52800,14
2026-04-01 15:01:00,52800,53000,52800,52900,325
2026-04-01 15:02:00,52900,53000,52800,52800,385
2026-04-01 15:03:00,52900,52900,52700,52700,107
2026-04-01 15:04:00,52700,52900,52700,52700,238
2026-04-01 15:05:00,52800,52800,52700,52800,56
2026-04-01 15:06:00,52800,52800,52800,52800,52
2026-04-01 15:07:00,52800,52800,52700,52800,131
2026-04-01 15:08:00,52700,52800,52700,52800,550
2026-04-01 15:09:00,52700,52800,52700,52800,103
2026-04-01 15:10:00,52800,52800,52700,52700,127
2026-04-01 15:11:00,52600,52800,52600,52600,510
2026-04-01 15:12:00,52600,52700,52600,52700,144
2026-04-01 15:13:00,52700,53000,52700,52700,1194
2026-04-01 15:14:00,52700,52900,52700,52900,58
2026-04-01 15:15:00,52900,52900,52800,52800,63
2026-04-01 15:16:00,52900,52900,52800,52800,630
2026-04-01 15:17:00,52800,52800,52700,52700,148
2026-04-01 15:18:00,52800,52800,52700,52700,533
2026-04-01 15:19:00,52700,52800,52600,52700,472
2026-04-01 15:30:00,52700,52700,52700,52700,1162
2026-04-01 15:35:00,52700,52700,52700,52700,46
2026-04-02 09:00:00,55900,55900,54500,54500,8470
2026-04-02 09:01:00,54600,54700,54300,54700,3822
2026-04-02 09:02:00,54700,54700,54100,54500,4161
2026-04-02 09:03:00,54450,54450,53400,53600,3005
2026-04-02 09:04:00,53400,53600,53100,53100,1963
2026-04-02 09:05:00,53100,53400,53000,53100,915
2026-04-02 09:06:00,53000,53100,52500,52500,3364
2026-04-02 09:07:00,52500,52800,51800,52300,1367
2026-04-02 09:08:00,52700,52700,52300,52300,1013
2026-04-02 09:09:00,52300,52900,52100,52900,1580
2026-04-02 09:10:00,52900,53000,52500,52900,2266
2026-04-02 09:11:00,53000,53000,52500,53000,1061
2026-04-02 09:12:00,52800,53500,52800,53300,4544
2026-04-02 09:13:00,53300,53300,52700,52900,1112
2026-04-02 09:14:00,52900,52900,52500,52700,1596
2026-04-02 09:15:00,52600,52600,52300,52300,1574
2026-04-02 09:16:00,52200,52700,52100,52600,1376
2026-04-02 09:17:00,52700,52900,52300,52400,943
2026-04-02 09:18:00,52400,52500,52200,52300,497
2026-04-02 09:19:00,52300,52400,52100,52200,381
2026-04-02 09:20:00,52300,52400,52200,52300,643
2026-04-02 09:21:00,52300,52400,52200,52200,265
2026-04-02 09:22:00,52200,52200,52100,52100,752
2026-04-02 09:23:00,52100,52400,52100,52200,1202
2026-04-02 09:24:00,52300,52400,52100,52100,1887
2026-04-02 09:25:00,52100,52100,51700,51900,2022
2026-04-02 09:26:00,52000,52100,51900,52000,969
2026-04-02 09:27:00,52100,52200,51900,52000,155
2026-04-02 09:28:00,52000,52100,52000,52000,149
2026-04-02 09:29:00,52100,52200,52000,52200,521
2026-04-02 09:30:00,52200,52300,52200,52300,355
2026-04-02 09:31:00,52300,52400,51800,51800,751
2026-04-02 09:32:00,51800,51900,51700,51900,904
2026-04-02 09:33:00,51800,51900,51800,51900,302
2026-04-02 09:34:00,51900,51900,51800,51800,158
2026-04-02 09:35:00,52000,52200,51800,51900,124
2026-04-02 09:36:00,51900,51900,51800,51900,335
2026-04-02 09:37:00,51900,51900,51700,51900,696
2026-04-02 09:38:00,51900,51900,51700,51700,396
2026-04-02 09:39:00,51900,51900,51600,51700,542
2026-04-02 09:40:00,51600,51600,51400,51500,1317
2026-04-02 09:41:00,51500,51700,51300,51300,419
2026-04-02 09:42:00,51400,52000,51300,51400,1281
2026-04-02 09:43:00,52000,52300,51900,52200,616
2026-04-02 09:44:00,52200,52200,52000,52100,247
2026-04-02 09:45:00,52000,52000,51500,51500,309
2026-04-02 09:46:00,51900,52000,51700,51700,64
2026-04-02 09:47:00,52000,52100,51700,52100,133
2026-04-02 09:48:00,52200,52200,52000,52200,159
2026-04-02 09:49:00,52200,52200,52000,52000,8
2026-04-02 09:50:00,52000,52100,51900,51900,205
2026-04-02 09:51:00,51900,51900,51800,51800,63
2026-04-02 09:52:00,51800,52000,51600,51600,822
2026-04-02 09:53:00,51700,51700,51500,51700,376
2026-04-02 09:54:00,51500,51700,51500,51500,199
2026-04-02 09:55:00,51600,51900,51600,51900,156
2026-04-02 09:56:00,51900,51900,51600,51600,422
2026-04-02 09:57:00,51900,51900,51800,51800,184
2026-04-02 09:58:00,51900,51900,51800,51800,99
2026-04-02 09:59:00,51800,51900,51800,51900,8
2026-04-02 10:00:00,51900,51900,51600,51600,826
2026-04-02 10:01:00,51600,51800,51600,51700,39
2026-04-02 10:02:00,51700,51800,51700,51800,129
2026-04-02 10:03:00,51800,51800,51400,51500,1234
2026-04-02 10:04:00,51500,51500,51300,51300,702
2026-04-02 10:05:00,51400,51400,51300,51300,117
2026-04-02 10:06:00,51300,51300,51000,51000,1788
2026-04-02 10:07:00,51000,51000,50900,50900,934
2026-04-02 10:08:00,50900,51300,50800,51000,485
2026-04-02 10:09:00,51000,51800,51000,51800,371
2026-04-02 10:10:00,51800,52100,51800,52100,299
2026-04-02 10:11:00,52200,52200,51900,51900,861
2026-04-02 10:12:00,51800,51900,51700,51700,658
2026-04-02 10:13:00,51600,51800,51600,51800,158
2026-04-02 10:14:00,51800,51800,51800,51800,5
2026-04-02 10:15:00,51800,51800,51400,51400,1189
2026-04-02 10:16:00,51400,51400,51300,51300,138
2026-04-02 10:17:00,51300,51300,51100,51100,1450
2026-04-02 10:18:00,51100,51300,50900,51300,197
2026-04-02 10:19:00,50900,51000,50700,50800,1087
2026-04-02 10:20:00,50800,51000,50700,50800,316
2026-04-02 10:21:00,50900,51000,50800,50900,336
2026-04-02 10:22:00,51000,51100,50800,50800,871
2026-04-02 10:23:00,50800,50800,50500,50600,658
2026-04-02 10:24:00,50600,50700,50400,50400,912
2026-04-02 10:25:00,50700,50700,50400,50400,276
2026-04-02 10:28:00,50200,50700,50200,50700,1681
2026-04-02 10:29:00,50700,50700,50300,50400,223
2026-04-02 10:30:00,50400,50600,50000,50000,1074
2026-04-02 10:31:00,50100,50100,49900,49950,1525
2026-04-02 10:32:00,49950,49950,49850,49850,298
2026-04-02 10:33:00,49900,50000,49850,50000,1066
2026-04-02 10:34:00,50000,50100,49850,50100,405
2026-04-02 10:35:00,50200,50300,50100,50300,88
2026-04-02 10:36:00,50300,50300,50300,50300,164
2026-04-02 10:37:00,50300,50400,50200,50300,238
2026-04-02 10:38:00,50300,50400,50300,50400,168
2026-04-02 10:39:00,50300,50300,50100,50300,422
2026-04-02 10:40:00,50300,50300,49450,49450,6125
2026-04-02 10:41:00,49450,49800,49450,49800,755
2026-04-02 10:42:00,49800,49800,49550,49600,328
2026-04-02 10:43:00,49550,49600,49500,49600,227
2026-04-02 10:44:00,49500,49550,49400,49400,321
2026-04-02 10:45:00,49350,49350,49050,49050,320
2026-04-02 10:46:00,49050,49100,49000,49050,270
2026-04-02 10:47:00,49050,49200,49050,49200,119
2026-04-02 10:48:00,49200,49200,48800,48800,2769
2026-04-02 10:49:00,48800,49550,48800,49550,302
2026-04-02 10:50:00,49550,49800,49550,49800,767
2026-04-02 10:51:00,49800,49950,49800,49850,26
2026-04-02 10:52:00,49850,49850,49800,49800,226
2026-04-02 10:53:00,49800,49800,49700,49750,128
2026-04-02 10:54:00,49750,49800,49100,49350,930
2026-04-02 10:55:00,49400,49550,49200,49550,258
2026-04-02 10:56:00,49550,49550,49550,49550,77
2026-04-02 10:57:00,49550,49650,49550,49650,54
2026-04-02 10:58:00,49700,49850,49700,49800,143
2026-04-02 10:59:00,49800,49850,49750,49850,274
2026-04-02 11:00:00,49850,49850,49750,49850,246
2026-04-02 11:01:00,49850,49850,49400,49400,2561
2026-04-02 11:02:00,49450,49500,49350,49350,135
2026-04-02 11:03:00,49500,49500,49350,49500,310
2026-04-02 11:04:00,49425,49850,49250,49850,600
2026-04-02 11:05:00,49700,49700,49100,49100,691
2026-04-02 11:06:00,49050,49600,49000,49600,838
2026-04-02 11:07:00,49200,49500,49100,49150,203
2026-04-02 11:08:00,49150,49250,49050,49250,350
2026-04-02 11:09:00,49050,49250,49050,49050,104
2026-04-02 11:10:00,49250,49250,48950,49000,661
2026-04-02 11:11:00,49050,49050,49050,49050,38
2026-04-02 11:12:00,49050,49050,48950,49050,181
2026-04-02 11:13:00,49050,49050,48950,49000,108
2026-04-02 11:14:00,48950,48950,48800,48850,467
2026-04-02 11:15:00,48900,49000,48850,48900,59
2026-04-02 11:16:00,48900,48925,48850,48925,85
2026-04-02 11:17:00,48900,49050,48900,49050,68
2026-04-02 11:18:00,49050,49050,49000,49050,65
2026-04-02 11:19:00,49050,49050,49050,49050,35
2026-04-02 11:20:00,49100,49100,49000,49000,160
2026-04-02 11:21:00,49000,49000,48950,48950,121
2026-04-02 11:22:00,48950,48950,48600,48600,1061
2026-04-02 11:23:00,48600,48600,48550,48600,583
2026-04-02 11:24:00,48550,48650,48500,48500,79
2026-04-02 11:25:00,48500,48500,48500,48500,196
2026-04-02 11:26:00,48550,48550,48550,48550,48
2026-04-02 11:27:00,48550,48550,48400,48500,918
2026-04-02 11:28:00,48350,48600,48350,48550,61
2026-04-02 11:29:00,48600,48600,48550,48600,58
2026-04-02 11:30:00,48600,48950,48600,48600,314
2026-04-02 11:31:00,48550,48650,48550,48650,87
2026-04-02 11:32:00,48650,48650,48450,48450,158
2026-04-02 11:33:00,48500,48500,48450,48500,247
2026-04-02 11:34:00,48500,48650,48500,48650,73
2026-04-02 11:35:00,48800,48950,48650,48950,35
2026-04-02 11:36:00,49050,49100,48750,48750,54
2026-04-02 11:37:00,48750,48750,48500,48500,400
2026-04-02 11:38:00,48500,48500,48400,48400,303
2026-04-02 11:39:00,48400,48550,48400,48550,29
2026-04-02 11:40:00,48550,48650,48450,48600,502
2026-04-02 11:41:00,48600,48700,48600,48700,158
2026-04-02 11:43:00,48700,48700,48700,48700,34
2026-04-02 11:44:00,48700,48950,48700,48950,334
2026-04-02 11:45:00,48950,48950,48750,48750,324
2026-04-02 11:46:00,48700,48700,48700,48700,103
2026-04-02 11:47:00,48750,48750,48750,48750,105
2026-04-02 11:48:00,48700,48950,48700,48950,204
2026-04-02 11:49:00,48950,49000,48950,49000,67
2026-04-02 11:50:00,49000,49000,48900,48900,46
2026-04-02 11:51:00,48950,48950,48950,48950,31
2026-04-02 11:53:00,48950,49050,48950,49050,90
2026-04-02 11:54:00,49050,49050,49000,49050,298
2026-04-02 11:55:00,49050,49150,49050,49100,49
2026-04-02 11:56:00,49150,49200,49100,49100,427
2026-04-02 11:57:00,49050,49050,49050,49050,6
2026-04-02 11:58:00,49200,49300,49100,49100,72
2026-04-02 11:59:00,49300,49300,49050,49050,215
2026-04-02 12:00:00,49000,49000,48800,48800,441
2026-04-02 12:01:00,49000,49000,48700,48700,118
2026-04-02 12:02:00,48700,48950,48700,48700,254
2026-04-02 12:03:00,48650,48650,48650,48650,62
2026-04-02 12:04:00,48600,48600,48600,48600,109
2026-04-02 12:05:00,48600,48600,48600,48600,83
2026-04-02 12:06:00,48650,48800,48650,48800,65
2026-04-02 12:07:00,48650,48650,48650,48650,26
2026-04-02 12:08:00,48650,48650,48650,48650,10
2026-04-02 12:09:00,48700,48700,48650,48650,15
2026-04-02 12:10:00,48800,48800,48800,48800,21
2026-04-02 12:11:00,48800,49000,48800,49000,14
2026-04-02 12:12:00,49000,49000,49000,49000,110
2026-04-02 12:13:00,49000,49000,48900,48900,5
2026-04-02 12:14:00,48950,49050,48950,49050,42
2026-04-02 12:15:00,49050,49050,49000,49000,181
2026-04-02 12:16:00,48900,48900,48850,48900,387
2026-04-02 12:17:00,48900,49000,48850,48900,215
2026-04-02 12:18:00,48900,48900,48850,48850,250
2026-04-02 12:19:00,48800,48800,48800,48800,254
2026-04-02 12:20:00,48850,48850,48700,48700,346
2026-04-02 12:21:00,48700,48950,48700,48950,219
2026-04-02 12:22:00,48950,48950,48900,48900,12
2026-04-02 12:23:00,48900,48900,48900,48900,19
2026-04-02 12:24:00,48875,48950,48800,48800,123
2026-04-02 12:25:00,48875,48875,48800,48875,49
2026-04-02 12:26:00,48875,48875,48850,48850,7
2026-04-02 12:27:00,48850,48900,48800,48900,202
2026-04-02 12:28:00,48900,48950,48850,48950,15
2026-04-02 12:30:00,48900,49050,48750,48950,488
2026-04-02 12:31:00,48950,48950,48950,48950,19
2026-04-02 12:32:00,48900,48900,48750,48750,60
2026-04-02 12:33:00,48750,48750,48750,48750,82
2026-04-02 12:34:00,48700,48700,48600,48600,855
2026-04-02 12:35:00,48600,48600,48550,48550,240
2026-04-02 12:36:00,48525,48550,48525,48550,65
2026-04-02 12:37:00,48550,48550,48400,48400,656
2026-04-02 12:38:00,48400,48400,48400,48400,95
2026-04-02 12:39:00,48400,48400,48350,48400,1149
2026-04-02 12:40:00,48400,48400,48300,48300,455
2026-04-02 12:41:00,48300,48350,48300,48350,127
2026-04-02 12:42:00,48350,48350,48350,48350,11
2026-04-02 12:43:00,48350,48500,48350,48500,474
2026-04-02 12:44:00,48400,48400,48400,48400,44
2026-04-02 12:45:00,48400,48500,48350,48350,138
2026-04-02 12:47:00,48400,48400,48400,48400,20
2026-04-02 12:48:00,48350,48400,48350,48350,45
2026-04-02 12:49:00,48400,48400,48300,48300,396
2026-04-02 12:50:00,48350,48350,48250,48250,230
2026-04-02 12:51:00,48250,48250,48200,48250,147
2026-04-02 12:52:00,48250,48250,48250,48250,67
2026-04-02 12:53:00,48250,48300,48250,48300,37
2026-04-02 12:54:00,48250,48250,48250,48250,6
2026-04-02 12:55:00,48300,48300,48200,48200,120
2026-04-02 12:56:00,48250,48300,48250,48300,441
2026-04-02 12:57:00,48300,48300,48250,48250,299
2026-04-02 12:58:00,48300,48300,48250,48250,14
2026-04-02 12:59:00,48250,48300,48250,48300,162
2026-04-02 13:00:00,48250,48400,48250,48400,541
2026-04-02 13:01:00,48500,48500,48500,48500,137
2026-04-02 13:02:00,48500,48500,48500,48500,1
2026-04-02 13:03:00,48500,48500,48400,48400,84
2026-04-02 13:04:00,48300,48325,48250,48325,101
2026-04-02 13:05:00,48300,48300,48300,48300,30
2026-04-02 13:06:00,48300,48300,48300,48300,1
2026-04-02 13:07:00,48300,48300,48250,48250,43
2026-04-02 13:08:00,48250,48300,48250,48300,125
2026-04-02 13:09:00,48350,48350,48350,48350,6
2026-04-02 13:10:00,48375,48375,48350,48350,15
2026-04-02 13:11:00,48350,48350,48250,48250,111
2026-04-02 13:12:00,48300,48325,48250,48250,24
2026-04-02 13:15:00,48400,48500,48400,48500,71
2026-04-02 13:16:00,48550,48550,48500,48500,12
2026-04-02 13:17:00,48550,48550,48550,48550,2
2026-04-02 13:18:00,48500,48500,48500,48500,172
2026-04-02 13:19:00,48450,48450,48400,48400,14
2026-04-02 13:20:00,48350,48350,48300,48300,137
2026-04-02 13:21:00,48250,48300,48250,48300,41
2026-04-02 13:22:00,48300,48300,48300,48300,75
2026-04-02 13:23:00,48300,48300,48300,48300,46
2026-04-02 13:25:00,48350,48350,48350,48350,6
2026-04-02 13:26:00,48425,48425,48350,48350,50
2026-04-02 13:27:00,48350,48350,48350,48350,60
2026-04-02 13:28:00,48400,48400,48400,48400,6
2026-04-02 13:29:00,48400,48400,48300,48400,266
2026-04-02 13:30:00,48400,48400,48400,48400,48
2026-04-02 13:31:00,48400,48400,48400,48400,4
2026-04-02 13:32:00,48350,48350,48300,48300,42
2026-04-02 13:33:00,48300,48300,48150,48200,855
2026-04-02 13:34:00,48150,48150,48000,48050,2225
2026-04-02 13:35:00,48050,48050,48000,48050,94
2026-04-02 13:36:00,48025,48025,47800,47800,1040
2026-04-02 13:37:00,47850,47950,47800,47950,663
2026-04-02 13:38:00,47950,47950,47800,47800,118
2026-04-02 13:39:00,47800,47800,47800,47800,42
2026-04-02 13:40:00,47950,48050,47950,48000,77
2026-04-02 13:41:00,48000,48000,48000,48000,8
2026-04-02 13:42:00,47925,48000,47925,48000,17
2026-04-02 13:43:00,47850,47850,47850,47850,14
2026-04-02 13:44:00,47850,47850,47850,47850,103
2026-04-02 13:46:00,47900,48000,47900,48000,35
2026-04-02 13:47:00,48000,48050,48000,48050,172
2026-04-02 13:48:00,48000,48000,48000,48000,57
2026-04-02 13:49:00,48000,48050,48000,48050,15
2026-04-02 13:50:00,48050,48075,48050,48050,81
2026-04-02 13:51:00,48050,48050,47950,47950,51
2026-04-02 13:52:00,47950,48100,47950,47950,67
2026-04-02 13:53:00,48050,48050,47950,47950,315
2026-04-02 13:54:00,47900,47900,47900,47900,313
2026-04-02 13:55:00,47900,47900,47800,47800,198
2026-04-02 13:56:00,47850,47850,47800,47800,138
2026-04-02 13:57:00,47800,48050,47800,48050,75
2026-04-02 13:58:00,48050,48200,48050,48200,451
2026-04-02 13:59:00,48200,48500,48200,48200,177
2026-04-02 14:00:00,48200,48200,48200,48200,2
2026-04-02 14:01:00,48100,48100,48000,48000,33
2026-04-02 14:02:00,47950,48075,47950,48075,138
2026-04-02 14:03:00,48000,48000,48000,48000,2
2026-04-02 14:04:00,48050,48050,47900,47900,121
2026-04-02 14:05:00,47900,47950,47900,47950,135
2026-04-02 14:06:00,47925,47950,47925,47950,4
2026-04-02 14:07:00,47950,47950,47950,47950,43
2026-04-02 14:08:00,47950,47950,47900,47900,38
2026-04-02 14:09:00,47900,47900,47750,47750,699
2026-04-02 14:10:00,47750,47750,47700,47750,177
2026-04-02 14:11:00,47800,47800,47800,47800,161
2026-04-02 14:12:00,47800,47800,47750,47750,40
2026-04-02 14:13:00,47750,47750,47750,47750,43
2026-04-02 14:14:00,47700,47750,47600,47650,569
2026-04-02 14:15:00,47650,47650,47600,47600,256
2026-04-02 14:16:00,47700,47700,47700,47700,78
2026-04-02 14:17:00,47700,47800,47700,47750,65
2026-04-02 14:18:00,47750,47750,47700,47725,87
2026-04-02 14:19:00,47750,47750,47750,47750,45
2026-04-02 14:20:00,47750,47800,47750,47800,87
2026-04-02 14:21:00,47750,47800,47750,47800,30
2026-04-02 14:22:00,47800,47800,47800,47800,15
2026-04-02 14:23:00,47800,47800,47700,47750,232
2026-04-02 14:24:00,47750,47750,47700,47700,174
2026-04-02 14:25:00,47700,47750,47700,47700,37
2026-04-02 14:26:00,47750,47750,47700,47700,62
2026-04-02 14:27:00,47750,47750,47700,47700,201
2026-04-02 14:28:00,47650,47700,47600,47650,355
2026-04-02 14:29:00,47650,47650,47600,47650,29
2026-04-02 14:30:00,47600,47650,47600,47600,276
2026-04-02 14:31:00,47600,47700,47600,47600,279
2026-04-02 14:32:00,47600,47700,47500,47700,447
2026-04-02 14:33:00,47550,47600,47550,47600,72
2026-04-02 14:34:00,47550,47600,47500,47600,222
2026-04-02 14:35:00,47600,47600,47550,47550,8
2026-04-02 14:36:00,47600,47600,47550,47550,97
2026-04-02 14:38:00,47600,47600,47600,47600,1
2026-04-02 14:39:00,47600,47600,47450,47450,1020
2026-04-02 14:40:00,47450,47450,47400,47400,187
2026-04-02 14:41:00,47400,47400,47300,47300,892
2026-04-02 14:42:00,47300,47350,47300,47350,173
2026-04-02 14:43:00,47300,47350,47300,47300,226
2026-04-02 14:44:00,47350,47350,47300,47300,188
2026-04-02 14:45:00,47300,47300,47250,47250,920
2026-04-02 14:46:00,47200,47250,47100,47200,579
2026-04-02 14:47:00,47200,47200,47050,47100,627
2026-04-02 14:48:00,47150,47150,47050,47100,111
2026-04-02 14:49:00,47100,47100,47050,47100,42
2026-04-02 14:50:00,47100,47100,47100,47100,238
2026-04-02 14:51:00,47100,47100,46850,46900,2385
2026-04-02 14:52:00,46900,46950,46850,46950,728
2026-04-02 14:53:00,46850,47150,46850,47150,1036
2026-04-02 14:54:00,47150,47150,47100,47100,87
2026-04-02 14:55:00,47150,47150,47000,47000,522
2026-04-02 14:56:00,47050,47050,46950,46950,126
2026-04-02 14:57:00,47000,47050,46950,46950,201
2026-04-02 14:58:00,47050,47050,47050,47050,3
2026-04-02 14:59:00,47050,47050,47000,47000,41
2026-04-02 15:00:00,47000,47050,47000,47050,66
2026-04-02 15:01:00,47050,47050,47000,47050,394
2026-04-02 15:02:00,47050,47050,46850,46900,917
2026-04-02 15:03:00,46850,46900,46800,46800,603
2026-04-02 15:04:00,46800,46900,46750,46900,617
2026-04-02 15:05:00,47050,47050,46900,47000,1231
2026-04-02 15:06:00,46950,47050,46900,47050,1287
2026-04-02 15:07:00,47050,47200,47050,47200,93
2026-04-02 15:08:00,47275,47350,47275,47350,32
2026-04-02 15:09:00,47325,47350,47250,47250,134
2026-04-02 15:10:00,47275,47275,47000,47000,302
2026-04-02 15:11:00,47000,47100,47000,47100,92
2026-04-02 15:12:00,47100,47125,47075,47125,211
2026-04-02 15:13:00,47150,47300,47150,47300,291
2026-04-02 15:14:00,47250,47350,47100,47350,630
2026-04-02 15:15:00,47400,47450,47300,47400,1000
2026-04-02 15:16:00,47400,48500,47250,48500,3399
2026-04-02 15:17:00,48050,48450,47650,48000,149
2026-04-02 15:18:00,47800,48300,47500,48250,41
2026-04-02 15:19:00,47500,48200,47350,48150,515
2026-04-02 15:30:00,47400,47400,47400,47400,1863
2026-04-02 15:35:00,47400,47400,47400,47400,50
2026-04-03 09:00:00,49600,49600,48600,48650,1055
2026-04-03 09:01:00,48700,49500,48650,49150,1958
2026-04-03 09:02:00,49100,49150,48500,48550,1591
2026-04-03 09:03:00,48650,48650,48350,48400,336
2026-04-03 09:04:00,48400,48400,48250,48300,97
2026-04-03 09:05:00,48300,48450,48300,48450,377
2026-04-03 09:06:00,48450,48650,48450,48650,198
2026-04-03 09:07:00,48700,48800,48650,48800,367
2026-04-03 09:08:00,48900,49000,48900,49000,198
2026-04-03 09:09:00,48850,48850,48400,48400,1567
2026-04-03 09:10:00,48400,48400,48300,48300,249
2026-04-03 09:11:00,48350,48700,48350,48350,377
2026-04-03 09:12:00,48300,48300,48150,48150,698
2026-04-03 09:13:00,48150,48250,48050,48250,114
2026-04-03 09:14:00,48250,48250,48250,48250,39
2026-04-03 09:15:00,48300,48300,48150,48200,56
2026-04-03 09:16:00,48200,48600,48200,48600,277
2026-04-03 09:17:00,48550,48550,48550,48550,321
2026-04-03 09:18:00,48550,48600,48100,48300,577
2026-04-03 09:19:00,48100,48300,48100,48100,68
2026-04-03 09:20:00,48100,48100,47850,47850,1377
2026-04-03 09:21:00,47850,47950,47800,47850,871
2026-04-03 09:22:00,47850,47850,47850,47850,28
2026-04-03 09:23:00,47750,47850,47750,47850,60
2026-04-03 09:24:00,47950,48100,47850,48100,134
2026-04-03 09:25:00,48100,48100,48100,48100,82
2026-04-03 09:26:00,48100,48100,47850,47850,145
2026-04-03 09:27:00,47850,48100,47850,47850,96
2026-04-03 09:28:00,47850,47900,47850,47850,41
2026-04-03 09:29:00,47900,47950,47850,47850,250
2026-04-03 09:30:00,47800,47800,47500,47500,556
2026-04-03 09:31:00,47550,47650,47550,47650,194
2026-04-03 09:32:00,47650,47650,47650,47650,61
2026-04-03 09:33:00,47650,47650,47550,47550,103
2026-04-03 09:34:00,47600,47600,47400,47400,677
2026-04-03 09:35:00,47400,47400,46850,47200,2915
2026-04-03 09:36:00,47200,47200,46900,47100,236
2026-04-03 09:37:00,47100,47100,46850,46850,758
2026-04-03 09:38:00,46900,47000,46800,47000,348
2026-04-03 09:39:00,47000,47200,47000,47200,209
2026-04-03 09:40:00,47200,47200,47050,47050,365
2026-04-03 09:41:00,47000,47050,47000,47050,63
2026-04-03 09:42:00,47200,47200,47100,47100,110
2026-04-03 09:43:00,47300,47300,47100,47300,403
2026-04-03 09:44:00,47300,47650,47200,47650,257
2026-04-03 09:45:00,47650,47650,47650,47650,141
2026-04-03 09:46:00,47650,47650,47350,47500,119
2026-04-03 09:47:00,47350,47450,47300,47450,256
2026-04-03 09:48:00,47350,47450,47350,47450,53
2026-04-03 09:49:00,47450,47550,47450,47550,16
2026-04-03 09:50:00,47550,47550,47450,47550,41
2026-04-03 09:51:00,47550,47550,47450,47450,184
2026-04-03 09:52:00,47625,47650,47600,47650,17
2026-04-03 09:53:00,47700,47750,47700,47750,309
2026-04-03 09:54:00,47700,47750,47500,47750,417
2026-04-03 09:55:00,47850,47850,47850,47850,24
2026-04-03 09:56:00,47800,47900,47750,47900,116
2026-04-03 09:57:00,47900,47950,47900,47950,233
2026-04-03 09:58:00,47950,48000,47950,48000,178
2026-04-03 09:59:00,48000,48050,47900,48050,755
2026-04-03 10:00:00,48050,48050,47950,48050,29
2026-04-03 10:01:00,48050,48050,47850,47850,217
2026-04-03 10:02:00,47850,47850,47850,47850,27
2026-04-03 10:03:00,47850,47850,47800,47800,223
2026-04-03 10:04:00,47750,47750,47600,47700,273
2026-04-03 10:05:00,47600,47650,47600,47600,93
2026-04-03 10:06:00,47600,47650,47550,47650,133
2026-04-03 10:07:00,47500,47500,47500,47500,355
2026-04-03 10:08:00,47450,47500,47450,47450,78
2026-04-03 10:09:00,47500,47500,47350,47400,407
2026-04-03 10:10:00,47400,47400,47350,47400,224
2026-04-03 10:11:00,47400,47600,47400,47500,127
2026-04-03 10:12:00,47500,47500,47500,47500,140
2026-04-03 10:13:00,47450,47450,47450,47450,405
2026-04-03 10:14:00,47500,47500,47450,47450,137
2026-04-03 10:15:00,47450,47500,47450,47500,85
2026-04-03 10:16:00,47500,47500,47500,47500,20
2026-04-03 10:17:00,47600,47600,47600,47600,2
2026-04-03 10:18:00,47600,47700,47600,47650,25
2026-04-03 10:19:00,47650,47650,47650,47650,50
2026-04-03 10:21:00,47750,47850,47750,47850,44
2026-04-03 10:22:00,47850,47850,47850,47850,82
2026-04-03 10:23:00,47850,47850,47850,47850,31
2026-04-03 10:24:00,47800,47800,47800,47800,12
2026-04-03 10:25:00,47850,47900,47850,47900,5
2026-04-03 10:26:00,47900,47900,47900,47900,37
2026-04-03 10:27:00,47900,47900,47900,47900,20
2026-04-03 10:28:00,47900,47900,47900,47900,55
2026-04-03 10:29:00,47900,47900,47900,47900,80
2026-04-03 10:30:00,47900,47925,47900,47900,33
2026-04-03 10:31:00,47900,47950,47900,47950,9
2026-04-03 10:32:00,47900,47900,47850,47850,7
2026-04-03 10:33:00,47825,47825,47700,47700,386
2026-04-03 10:34:00,47700,47700,47600,47600,42
2026-04-03 10:35:00,47650,47700,47650,47700,34
2026-04-03 10:36:00,47750,47750,47750,47750,1
2026-04-03 10:37:00,47900,47900,47700,47750,73
2026-04-03 10:38:00,47750,47750,47600,47600,12
2026-04-03 10:40:00,47600,47600,47550,47600,327
2026-04-03 10:41:00,47700,47700,47550,47700,13
2026-04-03 10:42:00,47700,47700,47600,47700,18
2026-04-03 10:43:00,47700,47700,47600,47700,73
2026-04-03 10:44:00,47550,47600,47550,47550,303
2026-04-03 10:45:00,47550,47550,47500,47500,569
2026-04-03 10:46:00,47500,47500,47500,47500,100
2026-04-03 10:47:00,47500,47500,47350,47400,914
2026-04-03 10:49:00,47350,47450,47350,47450,302
2026-04-03 10:50:00,47450,47450,47350,47350,225
2026-04-03 10:51:00,47350,47350,47350,47350,196
2026-04-03 10:52:00,47350,47350,47350,47350,10
2026-04-03 10:53:00,47350,47350,47250,47300,511
2026-04-03 10:54:00,47300,47300,47250,47250,57
2026-04-03 10:55:00,47275,47300,47250,47300,88
2026-04-03 10:56:00,47425,47425,47300,47300,20
2026-04-03 10:57:00,47300,47300,47250,47250,369
2026-04-03 10:58:00,47250,47250,47200,47200,192
2026-04-03 10:59:00,47150,47250,47150,47150,195
2026-04-03 11:00:00,47250,47250,47150,47150,46
2026-04-03 11:01:00,47150,47150,47000,47000,1528
2026-04-03 11:02:00,47000,47050,46950,47000,277
2026-04-03 11:04:00,47250,47250,47250,47250,16
2026-04-03 11:05:00,47250,47250,47250,47250,2
2026-04-03 11:06:00,47150,47200,47100,47150,199
2026-04-03 11:07:00,47100,47250,47100,47100,259
2026-04-03 11:09:00,47150,47150,47150,47150,25
2026-04-03 11:10:00,47250,47250,47250,47250,11
2026-04-03 11:11:00,47250,47250,47250,47250,6
2026-04-03 11:12:00,47250,47250,47250,47250,16
2026-04-03 11:13:00,47200,47250,47200,47250,35
2026-04-03 11:14:00,47250,47250,47250,47250,5
2026-04-03 11:15:00,47250,47450,47250,47450,156
2026-04-03 11:16:00,47300,47300,47200,47250,192
2026-04-03 11:17:00,47250,47250,47250,47250,7
2026-04-03 11:19:00,47250,47350,47250,47250,76
2026-04-03 11:20:00,47250,47350,47250,47350,139
2026-04-03 11:21:00,47350,47350,47350,47350,33
2026-04-03 11:22:00,47350,47350,47250,47350,59
2026-04-03 11:23:00,47350,47350,47350,47350,70
2026-04-03 11:24:00,47350,47350,47350,47350,3
2026-04-03 11:25:00,47250,47250,47200,47200,16
2026-04-03 11:26:00,47250,47250,47200,47200,50
2026-04-03 11:27:00,47200,47250,47200,47200,18
2026-04-03 11:28:00,47250,47250,47250,47250,1
2026-04-03 11:29:00,47150,47750,47150,47750,559
2026-04-03 11:30:00,47700,47700,47700,47700,1
2026-04-03 11:31:00,47250,47250,47200,47200,238
2026-04-03 11:32:00,47150,47200,47150,47150,113
2026-04-03 11:33:00,47150,47150,47100,47100,143
2026-04-03 11:34:00,47150,47150,47000,47000,73
2026-04-03 11:35:00,47000,47000,47000,47000,505
2026-04-03 11:36:00,47100,47200,46800,46800,1555
2026-04-03 11:37:00,46850,46850,46800,46800,68
2026-04-03 11:38:00,46800,46800,46800,46800,34
2026-04-03 11:39:00,46850,46850,46850,46850,14
2026-04-03 11:40:00,46900,46900,46850,46900,134
2026-04-03 11:41:00,46900,46900,46900,46900,20
2026-04-03 11:42:00,46900,46900,46900,46900,46
2026-04-03 11:44:00,46900,46900,46850,46850,100
2026-04-03 11:45:00,46850,46850,46850,46850,1
2026-04-03 11:46:00,46850,46850,46800,46800,327
2026-04-03 11:47:00,46750,46800,46700,46800,200
2026-04-03 11:48:00,46800,46800,46700,46700,37
2026-04-03 11:49:00,46800,46800,46800,46800,45
2026-04-03 11:50:00,46750,46750,46600,46600,642
2026-04-03 11:51:00,46650,46900,46650,46900,3
2026-04-03 11:52:00,46900,46950,46900,46950,15
2026-04-03 11:53:00,47000,47000,47000,47000,262
2026-04-03 11:54:00,47000,47000,47000,47000,25
2026-04-03 11:55:00,47050,47350,47000,47000,53
2026-04-03 11:56:00,47000,47000,47000,47000,52
2026-04-03 11:59:00,47000,47000,47000,47000,405
2026-04-03 12:00:00,47000,47000,47000,47000,16
2026-04-03 12:02:00,47000,47000,47000,47000,17
2026-04-03 12:04:00,47000,47000,47000,47000,5
2026-04-03 12:06:00,47000,47250,47000,47200,42
2026-04-03 12:07:00,47000,47250,47000,47250,70
2026-04-03 12:08:00,47150,47150,47150,47150,4
2026-04-03 12:09:00,47150,47150,47150,47150,2
2026-04-03 12:10:00,47150,47150,47100,47150,42
2026-04-03 12:11:00,47150,47150,47150,47150,16
2026-04-03 12:12:00,47150,47150,47100,47100,8
2026-04-03 12:13:00,47100,47150,47100,47100,24
2026-04-03 12:14:00,47100,47100,47100,47100,2
2026-04-03 12:15:00,47100,47150,47000,47150,28
2026-04-03 12:17:00,47150,47150,47150,47150,9
2026-04-03 12:18:00,47100,47100,47100,47100,5
2026-04-03 12:19:00,47100,47100,47100,47100,65
2026-04-03 12:20:00,47050,47050,47000,47000,213
2026-04-03 12:21:00,47000,47050,47000,47000,17
2026-04-03 12:22:00,47000,47000,47000,47000,1
2026-04-03 12:23:00,47000,47000,47000,47000,10
2026-04-03 12:24:00,47000,47000,47000,47000,226
2026-04-03 12:25:00,47000,47050,47000,47050,6
2026-04-03 12:26:00,47150,47150,47150,47150,1
2026-04-03 12:28:00,47150,47200,47100,47100,36
2026-04-03 12:29:00,47100,47100,47100,47100,5
2026-04-03 12:30:00,47150,47150,47100,47100,51
2026-04-03 12:31:00,47150,47150,47100,47100,113
2026-04-03 12:33:00,47100,47100,47100,47100,6
2026-04-03 12:34:00,47150,47200,47100,47100,239
2026-04-03 12:35:00,47250,47250,47250,47250,45
2026-04-03 12:36:00,47250,47250,47125,47125,215
2026-04-03 12:37:00,47100,47200,47100,47200,14
2026-04-03 12:38:00,47200,47200,47100,47100,117
2026-04-03 12:39:00,47100,47100,47100,47100,1
2026-04-03 12:40:00,47100,47200,47100,47100,207
2026-04-03 12:41:00,47200,47200,47200,47200,19
2026-04-03 12:42:00,47200,47200,47150,47150,13
2026-04-03 12:43:00,47100,47100,47100,47100,514
2026-04-03 12:44:00,47100,47100,47100,47100,82
2026-04-03 12:46:00,47100,47200,47100,47200,24
2026-04-03 12:47:00,47200,47250,47200,47250,7
2026-04-03 12:48:00,47250,47250,47250,47250,36
2026-04-03 12:49:00,47250,47250,47200,47200,35
2026-04-03 12:50:00,47200,47250,47200,47250,46
2026-04-03 12:53:00,47250,47250,47200,47200,218
2026-04-03 12:55:00,47200,47200,47200,47200,25
2026-04-03 12:56:00,47250,47250,47250,47250,111
2026-04-03 12:57:00,47250,47250,47250,47250,125
2026-04-03 12:58:00,47300,47300,47300,47300,1
2026-04-03 12:59:00,47250,47250,47250,47250,19
2026-04-03 13:00:00,47300,47300,47250,47300,201
2026-04-03 13:01:00,47300,47300,47300,47300,21
2026-04-03 13:02:00,47300,47300,47300,47300,1
2026-04-03 13:03:00,47300,47300,47300,47300,4
2026-04-03 13:04:00,47350,47350,47350,47350,100
2026-04-03 13:05:00,47400,47400,47350,47350,80
2026-04-03 13:06:00,47400,47400,47400,47400,162
2026-04-03 13:07:00,47500,47550,47500,47550,68
2026-04-03 13:08:00,47550,47550,47400,47550,181
2026-04-03 13:09:00,47550,47550,47500,47500,23
2026-04-03 13:10:00,47500,47500,47400,47400,256
2026-04-03 13:11:00,47450,47450,47450,47450,6
2026-04-03 13:12:00,47450,47500,47450,47500,81
2026-04-03 13:13:00,47500,47550,47500,47500,224
2026-04-03 13:14:00,47500,47500,47500,47500,7
2026-04-03 13:15:00,47450,47450,47450,47450,12
2026-04-03 13:16:00,47500,47500,47500,47500,7
2026-04-03 13:17:00,47500,47500,47500,47500,53
2026-04-03 13:18:00,47525,47550,47500,47500,95
2026-04-03 13:19:00,47550,47600,47550,47600,246
2026-04-03 13:20:00,47600,47600,47600,47600,125
2026-04-03 13:21:00,47600,47650,47500,47500,92
2026-04-03 13:22:00,47500,47700,47500,47500,122
2026-04-03 13:23:00,47700,47700,47500,47500,44
2026-04-03 13:24:00,47550,47700,47550,47700,33
2026-04-03 13:25:00,47700,47700,47650,47650,246
2026-04-03 13:26:00,47650,47650,47550,47550,266
2026-04-03 13:27:00,47550,47750,47500,47700,3301
2026-04-03 13:28:00,47750,47750,47750,47750,270
2026-04-03 13:29:00,47750,47750,47750,47750,7
2026-04-03 13:30:00,47750,47800,47750,47800,52
2026-04-03 13:31:00,47800,47800,47800,47800,118
2026-04-03 13:34:00,48000,48300,48000,48300,1134
2026-04-03 13:35:00,48300,48300,48300,48300,49
2026-04-03 13:36:00,48175,48200,48100,48100,702
2026-04-03 13:37:00,48200,48300,48100,48300,282
2026-04-03 13:38:00,48300,48300,48150,48250,68
2026-04-03 13:39:00,48200,48250,48150,48200,181
2026-04-03 13:40:00,48150,48200,48100,48200,37
2026-04-03 13:42:00,48200,48200,48150,48150,87
2026-04-03 13:43:00,48100,48100,48000,48000,601
2026-04-03 13:44:00,47950,47950,47950,47950,4
2026-04-03 13:45:00,47950,47950,47900,47900,79
2026-04-03 13:46:00,47950,48000,47950,47950,13
2026-04-03 13:48:00,47950,47950,47950,47950,59
2026-04-03 13:49:00,47900,47900,47900,47900,11
2026-04-03 13:50:00,47900,47950,47900,47950,48
2026-04-03 13:51:00,47950,47950,47950,47950,11
2026-04-03 13:52:00,48000,48050,48000,48050,24
2026-04-03 13:53:00,48050,48100,48050,48100,15
2026-04-03 13:54:00,48100,48100,48100,48100,20
2026-04-03 13:55:00,48150,48150,48100,48100,89
2026-04-03 13:57:00,48000,48000,47900,47900,96
2026-04-03 13:58:00,48050,48050,47800,47800,173
2026-04-03 14:01:00,47800,47800,47800,47800,1
2026-04-03 14:02:00,47950,47950,47950,47950,4
2026-04-03 14:03:00,47950,47950,47950,47950,3
2026-04-03 14:04:00,47950,47950,47950,47950,2
2026-04-03 14:05:00,47900,47900,47900,47900,1
2026-04-03 14:06:00,47900,47900,47900,47900,5
2026-04-03 14:07:00,47800,47800,47800,47800,5
2026-04-03 14:08:00,47800,47850,47750,47750,284
2026-04-03 14:09:00,47800,47800,47750,47750,7
2026-04-03 14:11:00,47750,47750,47750,47750,512
2026-04-03 14:12:00,47750,47750,47650,47650,35
2026-04-03 14:13:00,47700,47700,47650,47650,13
2026-04-03 14:14:00,47650,47650,47650,47650,1
2026-04-03 14:15:00,47600,47650,47600,47650,24
2026-04-03 14:16:00,47650,47650,47650,47650,2
2026-04-03 14:17:00,47650,47650,47650,47650,6
2026-04-03 14:18:00,47600,47650,47600,47650,195
2026-04-03 14:19:00,47600,47700,47550,47550,64
2026-04-03 14:20:00,47700,47700,47700,47700,16
2026-04-03 14:21:00,47700,47700,47700,47700,11
2026-04-03 14:23:00,47650,47650,47550,47550,90
2026-04-03 14:24:00,47550,47550,47550,47550,75
2026-04-03 14:25:00,47550,47550,47500,47500,155
2026-04-03 14:26:00,47500,47500,47500,47500,1
2026-04-03 14:27:00,47500,47600,47500,47600,11
2026-04-03 14:28:00,47600,47600,47600,47600,1
2026-04-03 14:29:00,47600,47600,47600,47600,12
2026-04-03 14:30:00,47600,47600,47600,47600,1
2026-04-03 14:32:00,47500,47500,47500,47500,74
2026-04-03 14:34:00,47500,47500,47500,47500,11
2026-04-03 14:35:00,47500,47500,47450,47450,40
2026-04-03 14:37:00,47450,47450,47450,47450,96
2026-04-03 14:38:00,47400,47700,47150,47700,2811
2026-04-03 14:39:00,47550,47550,47550,47550,91
2026-04-03 14:40:00,47650,47650,47650,47650,6
2026-04-03 14:41:00,47550,47550,47550,47550,20
2026-04-03 14:42:00,47550,47550,47550,47550,15
2026-04-03 14:43:00,47550,47550,47500,47550,74
2026-04-03 14:44:00,47550,47550,47550,47550,2
2026-04-03 14:45:00,47550,47550,47550,47550,36
2026-04-03 14:46:00,47450,47450,47450,47450,1
2026-04-03 14:47:00,47450,47500,47450,47500,11
2026-04-03 14:48:00,47450,47450,47450,47450,17
2026-04-03 14:50:00,47400,47400,47400,47400,24
2026-04-03 14:51:00,47400,47400,47300,47300,75
2026-04-03 14:52:00,47300,47300,47300,47300,5
2026-04-03 14:53:00,47300,47300,47300,47300,6
2026-04-03 14:54:00,47300,47300,47300,47300,19
2026-04-03 14:55:00,47300,47300,47300,47300,42
2026-04-03 14:56:00,47350,47350,47350,47350,13
2026-04-03 14:57:00,47350,47450,47300,47450,90
2026-04-03 14:59:00,47450,47500,47450,47500,119
2026-04-03 15:00:00,47500,47500,47400,47500,130
2026-04-03 15:01:00,47500,47500,47500,47500,11
2026-04-03 15:02:00,47500,47500,47500,47500,65
2026-04-03 15:03:00,47550,47650,47550,47650,133
2026-04-03 15:05:00,47650,47650,47650,47650,10
2026-04-03 15:06:00,47650,47650,47650,47650,100
2026-04-03 15:07:00,47650,47650,47650,47650,25
2026-04-03 15:08:00,47650,47650,47500,47550,592
2026-04-03 15:10:00,47550,47650,47500,47600,36
2026-04-03 15:11:00,47650,47650,47600,47600,10
2026-04-03 15:12:00,47600,47600,47550,47550,3
2026-04-03 15:13:00,47550,47850,47500,47800,291
2026-04-03 15:14:00,47800,47800,47800,47800,69
2026-04-03 15:15:00,47750,47750,47600,47700,103
2026-04-03 15:16:00,47500,47500,47500,47500,20
2026-04-03 15:17:00,47500,47550,47500,47550,340
2026-04-03 15:18:00,47500,47800,47500,47750,192
2026-04-03 15:19:00,47800,47850,47500,47500,215
2026-04-03 15:30:00,47950,47950,47950,47950,547
2026-04-03 15:35:00,47950,47950,47950,47950,27
2026-04-06 09:00:00,47900,47900,47700,47750,940
2026-04-06 09:01:00,47750,48750,47750,48350,1090
2026-04-06 09:02:00,48600,48900,48050,48050,901
2026-04-06 09:03:00,48000,48000,47650,47650,806
2026-04-06 09:04:00,47650,47700,47550,47550,134
2026-04-06 09:05:00,47600,47800,47600,47800,484
2026-04-06 09:06:00,47700,48300,47700,48300,1204
2026-04-06 09:07:00,48350,48500,48300,48300,288
2026-04-06 09:08:00,48500,48550,48100,48100,588
2026-04-06 09:09:00,48200,48200,48200,48200,9
2026-04-06 09:10:00,48200,48400,48200,48400,349
2026-04-06 09:11:00,48400,48450,48200,48450,565
2026-04-06 09:12:00,48400,48400,48325,48400,44
2026-04-06 09:13:00,48375,48400,48350,48350,173
2026-04-06 09:14:00,48300,48350,48100,48100,615
2026-04-06 09:15:00,48100,48200,48100,48200,579
2026-04-06 09:16:00,48200,48200,48150,48200,26
2026-04-06 09:17:00,48100,48150,48100,48150,96
2026-04-06 09:18:00,48150,48150,48100,48100,125
2026-04-06 09:19:00,48100,48150,48100,48150,124
2026-04-06 09:20:00,48100,48200,48100,48150,13
2026-04-06 09:21:00,48200,48200,48100,48100,159
2026-04-06 09:22:00,48100,48100,48050,48050,73
2026-04-06 09:23:00,48000,48000,48000,48000,96
2026-04-06 09:24:00,48000,48000,48000,48000,48
2026-04-06 09:25:00,48000,48100,48000,48000,178
2026-04-06 09:26:00,47950,47950,47950,47950,91
2026-04-06 09:27:00,47900,47900,47850,47850,30
2026-04-06 09:28:00,47875,47900,47750,47750,634
2026-04-06 09:29:00,47950,47950,47900,47900,28
2026-04-06 09:30:00,47800,47800,47750,47750,42
2026-04-06 09:31:00,47700,47700,47650,47650,195
2026-04-06 09:32:00,47700,47800,47600,47800,54
2026-04-06 09:33:00,47850,47900,47800,47800,143
2026-04-06 09:34:00,47750,47800,47600,47800,272
2026-04-06 09:35:00,47700,47700,47700,47700,84
2026-04-06 09:36:00,47675,47675,47675,47675,5
2026-04-06 09:37:00,47675,47700,47675,47700,38
2026-04-06 09:38:00,47650,47650,47650,47650,27
2026-04-06 09:39:00,47600,47600,47600,47600,28
2026-04-06 09:40:00,47600,47700,47600,47700,74
2026-04-06 09:41:00,47750,47950,47750,47950,190
2026-04-06 09:42:00,47950,48000,47950,48000,105
2026-04-06 09:43:00,48000,48000,48000,48000,83
2026-04-06 09:44:00,48000,48000,48000,48000,15
2026-04-06 09:45:00,48000,48000,48000,48000,33
2026-04-06 09:46:00,48000,48000,47950,47950,39
2026-04-06 09:47:00,47800,47900,47600,47900,37
2026-04-06 09:48:00,47950,47950,47950,47950,5
2026-04-06 09:49:00,47850,47850,47800,47800,10
2026-04-06 09:50:00,47650,47800,47600,47650,138
2026-04-06 09:51:00,47700,47800,47650,47800,413
2026-04-06 09:52:00,47950,47950,47950,47950,5
2026-04-06 09:53:00,47950,47950,47950,47950,134
2026-04-06 09:54:00,47950,48000,47950,47950,546
2026-04-06 09:55:00,47950,47950,47950,47950,57
2026-04-06 09:56:00,48050,48050,48050,48050,217
2026-04-06 09:57:00,48100,48100,48100,48100,7
2026-04-06 09:58:00,48050,48100,48050,48100,41
2026-04-06 09:59:00,48100,48100,48000,48000,112
2026-04-06 10:00:00,48050,48100,48050,48100,62
2026-04-06 10:01:00,48100,48150,48100,48150,77
2026-04-06 10:02:00,48150,48200,48150,48200,104
2026-04-06 10:03:00,48200,48200,48200,48200,1
2026-04-06 10:04:00,48150,48200,48150,48200,13
2026-04-06 10:05:00,48200,48200,48150,48150,88
2026-04-06 10:06:00,48150,48150,48050,48050,38
2026-04-06 10:07:00,48050,48050,48050,48050,25
2026-04-06 10:08:00,48050,48050,48000,48000,62
2026-04-06 10:09:00,48000,48050,47950,48000,32
2026-04-06 10:10:00,48000,48100,48000,48100,93
2026-04-06 10:11:00,48050,48100,48050,48100,8
2026-04-06 10:12:00,48100,48100,48100,48100,17
2026-04-06 10:13:00,48150,48150,48150,48150,8
2026-04-06 10:14:00,48100,48200,48050,48200,738
2026-04-06 10:15:00,48050,48050,48050,48050,35
2026-04-06 10:16:00,48050,48050,48050,48050,7
2026-04-06 10:17:00,48050,48050,48000,48000,559
2026-04-06 10:19:00,48000,48000,47800,47800,222
2026-04-06 10:20:00,47800,47850,47800,47800,76
2026-04-06 10:21:00,47800,47850,47800,47800,37
2026-04-06 10:24:00,47800,47850,47800,47850,204
2026-04-06 10:25:00,47800,47800,47800,47800,54
2026-04-06 10:26:00,47800,47800,47550,47550,869
2026-04-06 10:27:00,47750,47800,47650,47650,106
2026-04-06 10:29:00,47800,47800,47800,47800,118
2026-04-06 10:30:00,47800,47800,47800,47800,34
2026-04-06 10:32:00,48000,48000,47900,48000,27
2026-04-06 10:33:00,47900,47900,47900,47900,51
2026-04-06 10:34:00,47800,47800,47800,47800,48
2026-04-06 10:35:00,47750,47750,47700,47750,55
2026-04-06 10:37:00,47750,47900,47750,47900,4
2026-04-06 10:38:00,47750,47800,47550,47550,286
2026-04-06 10:39:00,47800,47800,47700,47800,9
2026-04-06 10:40:00,47800,47800,47550,47550,126
2026-04-06 10:41:00,47550,47600,47550,47600,91
2026-04-06 10:42:00,47550,47550,47550,47550,5
2026-04-06 10:43:00,47550,47550,47550,47550,39
2026-04-06 10:44:00,47550,47550,47450,47500,493
2026-04-06 10:45:00,47500,47500,47400,47400,173
2026-04-06 10:46:00,47350,47550,47300,47550,1116
2026-04-06 10:47:00,47500,47500,47400,47400,7
2026-04-06 10:48:00,47400,47400,47350,47350,15
2026-04-06 10:49:00,47350,47350,47300,47300,67
2026-04-06 10:50:00,47350,47350,47200,47200,36
2026-04-06 10:51:00,47200,47200,47200,47200,102
2026-04-06 10:52:00,47200,47200,47000,47150,599
2026-04-06 10:53:00,47150,47150,47150,47150,1
2026-04-06 10:54:00,47150,47150,47100,47100,21
2026-04-06 10:55:00,47000,47100,46950,47100,144
2026-04-06 10:56:00,46950,46950,46900,46900,59
2026-04-06 10:57:00,46900,46900,46850,46900,76
2026-04-06 10:58:00,46800,46900,46700,46900,1532
2026-04-06 10:59:00,46900,46900,46900,46900,86
2026-04-06 11:00:00,46750,46900,46750,46900,16
2026-04-06 11:01:00,46900,46900,46650,46650,92
2026-04-06 11:02:00,46900,46900,46600,46600,120
2026-04-06 11:03:00,46600,46600,46600,46600,221
2026-04-06 11:04:00,46850,46850,46600,46600,39
2026-04-06 11:05:00,46600,46850,46600,46850,17
2026-04-06 11:06:00,46850,46950,46850,46950,228
2026-04-06 11:07:00,46950,47000,46650,46650,58
2026-04-06 11:09:00,46800,47050,46800,47050,54
2026-04-06 11:10:00,47050,47400,47050,47400,541
2026-04-06 11:11:00,47500,48000,47500,47650,76
2026-04-06 11:12:00,48000,48000,48000,48000,8
2026-04-06 11:13:00,48000,48000,48000,48000,11
2026-04-06 11:14:00,48000,48100,47800,48000,275
2026-04-06 11:15:00,48000,48050,48000,48050,19
2026-04-06 11:16:00,48000,48000,47700,48000,167
2026-04-06 11:17:00,47900,48100,47900,48100,195
2026-04-06 11:18:00,48000,48000,48000,48000,1
2026-04-06 11:19:00,48000,48100,48000,48100,384
2026-04-06 11:20:00,48100,48150,48100,48150,80
2026-04-06 11:21:00,48150,48200,48150,48200,98
2026-04-06 11:22:00,48200,48200,48200,48200,57
2026-04-06 11:23:00,48200,48200,48200,48200,40
2026-04-06 11:24:00,48100,48200,48100,48200,4
2026-04-06 11:25:00,48200,48200,48000,48000,129
2026-04-06 11:26:00,48000,48100,48000,48100,31
2026-04-06 11:27:00,48000,48000,48000,48000,62
2026-04-06 11:28:00,48000,48100,48000,48100,11
2026-04-06 11:29:00,48100,48100,48100,48100,10
2026-04-06 11:30:00,48100,48100,48100,48100,98
2026-04-06 11:31:00,48100,48100,48100,48100,11
2026-04-06 11:32:00,48100,48100,48100,48100,13
2026-04-06 11:33:00,48100,48100,48050,48050,64
2026-04-06 11:34:00,48050,48050,48050,48050,56
2026-04-06 11:35:00,48150,48150,48150,48150,1
2026-04-06 11:36:00,48150,48150,48150,48150,2
2026-04-06 11:37:00,48150,48150,48150,48150,2
2026-04-06 11:38:00,48050,48050,48050,48050,19
2026-04-06 11:40:00,48000,48000,48000,48000,86
2026-04-06 11:41:00,48000,48000,47900,47900,77
2026-04-06 11:43:00,47900,47900,47900,47900,5
2026-04-06 11:44:00,47900,47900,47800,47800,24
2026-04-06 11:45:00,47900,47900,47900,47900,1
2026-04-06 11:47:00,47900,47900,47900,47900,2
2026-04-06 11:48:00,47900,47900,47900,47900,10
2026-04-06 11:49:00,47900,47900,47900,47900,10
2026-04-06 11:50:00,47850,47850,47800,47800,19
2026-04-06 11:52:00,47800,47850,47800,47800,35
2026-04-06 11:53:00,47850,48050,47850,48050,980
2026-04-06 11:54:00,48050,48050,48050,48050,11
2026-04-06 11:55:00,48000,48000,48000,48000,1
2026-04-06 11:56:00,48000,48200,48000,48200,375
2026-04-06 11:57:00,48100,48100,48100,48100,20
2026-04-06 11:58:00,48100,48100,48100,48100,42
2026-04-06 11:59:00,48000,48050,48000,48050,73
2026-04-06 12:00:00,47850,47850,47850,47850,207
2026-04-06 12:02:00,47950,47950,47950,47950,5
2026-04-06 12:03:00,47850,48000,47850,47950,205
2026-04-06 12:04:00,47850,47850,47850,47850,50
2026-04-06 12:05:00,47800,47800,47800,47800,10
2026-04-06 12:06:00,47800,47800,47750,47750,32
2026-04-06 12:08:00,47700,47700,47500,47500,173
2026-04-06 12:09:00,47750,47850,47750,47750,11
2026-04-06 12:10:00,47750,47750,47750,47750,43
2026-04-06 12:11:00,47750,47750,47750,47750,2
2026-04-06 12:13:00,47725,47750,47700,47700,5
2026-04-06 12:14:00,47700,47700,47500,47500,1097
2026-04-06 12:15:00,47500,47500,47500,47500,42
2026-04-06 12:16:00,47500,47500,47500,47500,186
2026-04-06 12:17:00,47500,47650,47500,47650,5
2026-04-06 12:18:00,47750,47750,47750,47750,4
2026-04-06 12:19:00,47750,47750,47750,47750,106
2026-04-06 12:20:00,47700,47700,47650,47650,54
2026-04-06 12:21:00,47850,47850,47850,47850,1
2026-04-06 12:22:00,47850,47850,47550,47550,17
2026-04-06 12:24:00,47550,47550,47550,47550,10
2026-04-06 12:25:00,47550,47550,47550,47550,53
2026-04-06 12:26:00,47550,47550,47500,47500,739
2026-04-06 12:27:00,47500,47500,47450,47450,7
2026-04-06 12:28:00,47450,47450,47450,47450,25
2026-04-06 12:30:00,47450,47500,47400,47500,8
2026-04-06 12:33:00,47500,47500,47500,47500,16
2026-04-06 12:34:00,47500,47500,47500,47500,2
2026-04-06 12:37:00,47500,47500,47500,47500,5
2026-04-06 12:38:00,47500,47500,47450,47450,16
2026-04-06 12:39:00,47450,47450,47400,47400,16
2026-04-06 12:40:00,47300,47400,47300,47300,28
2026-04-06 12:41:00,47300,47300,47300,47300,10
2026-04-06 12:43:00,47300,47300,47300,47300,61
2026-04-06 12:44:00,47300,47400,47300,47400,11
2026-04-06 12:46:00,47350,47400,47300,47400,25
2026-04-06 12:47:00,47400,47400,47400,47400,1
2026-04-06 12:48:00,47350,47350,47300,47300,127
2026-04-06 12:49:00,47350,47400,47350,47350,37
2026-04-06 12:50:00,47400,47500,47300,47300,478
2026-04-06 12:51:00,47300,47300,47300,47300,4
2026-04-06 12:52:00,47300,47300,47300,47300,42
2026-04-06 12:53:00,47300,47300,47300,47300,50
2026-04-06 12:54:00,47300,47300,47300,47300,2
2026-04-06 12:55:00,47300,47300,47300,47300,3
2026-04-06 12:56:00,47300,47300,47300,47300,3
2026-04-06 12:57:00,47300,47400,47300,47300,35
2026-04-06 12:58:00,47250,47300,47250,47300,30
2026-04-06 13:00:00,47300,47300,47250,47300,77
2026-04-06 13:01:00,47300,47300,47250,47300,6
2026-04-06 13:03:00,47350,47350,47350,47350,2
2026-04-06 13:05:00,47400,47400,47350,47350,30
2026-04-06 13:06:00,47500,47800,47500,47800,430
2026-04-06 13:07:00,47800,47800,47750,47750,11
2026-04-06 13:08:00,47700,47700,47700,47700,1
2026-04-06 13:09:00,47650,47700,47650,47700,7
2026-04-06 13:10:00,47600,47600,47500,47500,32
2026-04-06 13:11:00,47500,47500,47350,47350,105
2026-04-06 13:15:00,47450,47450,47450,47450,24
2026-04-06 13:16:00,47500,47500,47500,47500,1
2026-04-06 13:17:00,47500,47500,47425,47425,4
2026-04-06 13:19:00,47450,47450,47450,47450,1
2026-04-06 13:21:00,47450,47450,47450,47450,10
2026-04-06 13:22:00,47450,47450,47450,47450,32
2026-04-06 13:24:00,47450,47450,47450,47450,15
2026-04-06 13:25:00,47500,47500,47450,47500,423
2026-04-06 13:26:00,47500,47550,47450,47550,240
2026-04-06 13:27:00,47400,47400,47400,47400,14
2026-04-06 13:29:00,47400,47400,47400,47400,5
2026-04-06 13:33:00,47400,47400,47400,47400,20
2026-04-06 13:34:00,47400,47550,47350,47400,512
2026-04-06 13:36:00,47600,47600,47600,47600,8
2026-04-06 13:37:00,47600,47600,47600,47600,9
2026-04-06 13:38:00,47600,47600,47600,47600,23
2026-04-06 13:39:00,47600,47600,47600,47600,100
2026-04-06 13:43:00,47600,47600,47600,47600,5
2026-04-06 13:44:00,47600,47600,47550,47550,100
2026-04-06 13:46:00,47550,47550,47550,47550,21
2026-04-06 13:51:00,47600,47600,47500,47500,40
2026-04-06 13:55:00,47550,47550,47500,47500,120
2026-04-06 13:56:00,47500,47500,47500,47500,49
2026-04-06 13:57:00,47500,47500,47500,47500,50
2026-04-06 13:58:00,47500,47500,47500,47500,30
2026-04-06 13:59:00,47650,47700,47650,47700,9
2026-04-06 14:00:00,47700,47700,47700,47700,25
2026-04-06 14:01:00,47800,47800,47800,47800,11
2026-04-06 14:02:00,47800,47800,47800,47800,10
2026-04-06 14:03:00,47800,47800,47800,47800,3
2026-04-06 14:04:00,47800,47800,47800,47800,1
2026-04-06 14:07:00,47800,47800,47800,47800,9
2026-04-06 14:08:00,47800,47800,47800,47800,10
2026-04-06 14:09:00,47800,47950,47800,47950,142
2026-04-06 14:10:00,47950,47950,47950,47950,29
2026-04-06 14:12:00,47900,47900,47900,47900,1
2026-04-06 14:13:00,47900,47900,47900,47900,14
2026-04-06 14:14:00,47875,47875,47875,47875,46
2026-04-06 14:15:00,47875,47950,47875,47950,22
2026-04-06 14:16:00,47850,47850,47850,47850,10
2026-04-06 14:17:00,47850,47850,47850,47850,4
2026-04-06 14:19:00,47800,47800,47750,47750,48
2026-04-06 14:20:00,47800,47800,47750,47750,54
2026-04-06 14:21:00,47750,47750,47750,47750,120
2026-04-06 14:23:00,47950,47950,47950,47950,1
2026-04-06 14:26:00,47900,47900,47900,47900,109
2026-04-06 14:27:00,47750,47900,47750,47900,56
2026-04-06 14:29:00,47850,47900,47450,47900,162
2026-04-06 14:30:00,47900,47900,47900,47900,1
2026-04-06 14:32:00,47800,47950,47800,47900,89
2026-04-06 14:33:00,47900,47900,47800,47800,24
2026-04-06 14:34:00,47750,47750,47600,47600,31
2026-04-06 14:36:00,47600,47600,47600,47600,1
2026-04-06 14:38:00,47600,47750,47600,47750,63
2026-04-06 14:40:00,47750,47750,47750,47750,2
2026-04-06 14:41:00,47600,47600,47600,47600,5
2026-04-06 14:42:00,47550,47550,47550,47550,1
2026-04-06 14:48:00,47550,47700,47550,47700,7
2026-04-06 14:49:00,47700,47700,47700,47700,1
2026-04-06 14:50:00,47600,47600,47500,47500,100
2026-04-06 14:51:00,47550,47550,47550,47550,4
2026-04-06 14:52:00,47450,47450,47450,47450,8
2026-04-06 14:54:00,47450,47450,47450,47450,107
2026-04-06 14:55:00,47400,47750,47400,47750,122
2026-04-06 14:56:00,47400,47400,47350,47400,47
2026-04-06 14:58:00,47400,47700,47400,47700,16
2026-04-06 14:59:00,47650,47650,47650,47650,10
2026-04-06 15:00:00,47625,47625,47400,47400,48
2026-04-06 15:01:00,47400,47400,47400,47400,9
2026-04-06 15:02:00,47525,47525,47400,47400,58
2026-04-06 15:04:00,47525,47650,47400,47400,5
2026-04-06 15:05:00,47400,47400,47400,47400,53
2026-04-06 15:06:00,47400,47400,47400,47400,1
2026-04-06 15:07:00,47400,47400,47350,47350,65
2026-04-06 15:08:00,47450,47450,47450,47450,1
2026-04-06 15:09:00,47350,47650,47200,47650,1094
2026-04-06 15:10:00,47650,47900,47300,47900,1098
2026-04-06 15:11:00,47850,47850,47800,47800,39
2026-04-06 15:12:00,47800,47900,47650,47650,175
2026-04-06 15:13:00,47650,47650,47600,47600,46
2026-04-06 15:15:00,47600,47625,47600,47625,51
2026-04-06 15:16:00,47800,47800,47550,47550,27
2026-04-06 15:17:00,47550,47550,47450,47450,108
2026-04-06 15:19:00,47450,47800,47450,47450,98
2026-04-06 15:30:00,47900,47900,47900,47900,239
2026-04-06 15:35:00,47900,47900,47900,47900,6
2026-04-07 09:00:00,48350,48900,48350,48900,227
2026-04-07 09:01:00,48900,49000,48350,48350,1395
2026-04-07 09:02:00,48600,48600,48050,48050,1640
2026-04-07 09:03:00,48300,48300,48150,48300,218
2026-04-07 09:04:00,48500,48700,48500,48600,337
2026-04-07 09:05:00,48600,48600,48300,48600,46
2026-04-07 09:06:00,48650,48800,48650,48800,249
2026-04-07 09:07:00,48850,49000,48800,48950,560
2026-04-07 09:08:00,49050,49700,49050,49700,1346
2026-04-07 09:09:00,49700,49700,49600,49700,334
2026-04-07 09:10:00,49550,49550,49400,49400,73
2026-04-07 09:11:00,49400,49400,49150,49250,176
2026-04-07 09:12:00,49250,49400,49250,49250,387
2026-04-07 09:13:00,49250,49450,49100,49450,1003
2026-04-07 09:14:00,49500,49550,49300,49450,473
2026-04-07 09:15:00,49500,49650,49500,49650,316
2026-04-07 09:16:00,49650,50000,49650,49800,419
2026-04-07 09:17:00,49900,50000,49900,50000,996
2026-04-07 09:18:00,50000,50000,49850,49900,545
2026-04-07 09:19:00,49850,49850,49800,49850,256
2026-04-07 09:20:00,49900,49900,49600,49600,452
2026-04-07 09:21:00,49600,49700,49500,49700,116
2026-04-07 09:22:00,49550,49550,49450,49500,360
2026-04-07 09:23:00,49450,49450,49200,49200,592
2026-04-07 09:24:00,49300,49300,49150,49200,30
2026-04-07 09:25:00,49200,49200,49200,49200,195
2026-04-07 09:26:00,49200,49250,49150,49200,82
2026-04-07 09:27:00,49200,49250,49050,49150,1018
2026-04-07 09:28:00,49100,49150,49050,49050,56
2026-04-07 09:29:00,49050,49050,49050,49050,393
2026-04-07 09:30:00,49050,49150,49050,49100,116
2026-04-07 09:31:00,49100,49100,49100,49100,261
2026-04-07 09:32:00,49100,49100,49100,49100,82
2026-04-07 09:33:00,49000,49000,48950,49000,1555
2026-04-07 09:34:00,48950,49200,48950,48950,431
2026-04-07 09:35:00,49000,49200,48900,48900,253
2026-04-07 09:36:00,48900,49050,48900,49000,3
2026-04-07 09:37:00,49050,49200,48900,49200,332
2026-04-07 09:38:00,49050,49050,49050,49050,5
2026-04-07 09:39:00,49050,49100,48950,49050,179
2026-04-07 09:40:00,49150,49150,49150,49150,56
2026-04-07 09:41:00,49150,49250,49150,49250,163
2026-04-07 09:42:00,49250,49250,49250,49250,121
2026-04-07 09:43:00,49300,49300,49250,49250,165
2026-04-07 09:44:00,49250,49250,49050,49050,24
2026-04-07 09:45:00,49250,49400,49050,49400,378
2026-04-07 09:46:00,49400,49450,49400,49450,112
2026-04-07 09:47:00,49450,49450,49450,49450,2
2026-04-07 09:48:00,49450,49450,49250,49250,217
2026-04-07 09:49:00,49250,49250,49250,49250,20
2026-04-07 09:50:00,49200,49200,48950,49050,92
2026-04-07 09:51:00,49000,49050,49000,49050,283
2026-04-07 09:52:00,48950,49000,48900,49000,64
2026-04-07 09:53:00,48900,48950,48850,48900,431
2026-04-07 09:54:00,48850,48850,48800,48850,202
2026-04-07 09:55:00,48850,48900,48850,48850,35
2026-04-07 09:56:00,48850,48850,48800,48800,60
2026-04-07 09:57:00,48800,48800,48750,48800,268
2026-04-07 09:58:00,48750,48750,48650,48650,14
2026-04-07 09:59:00,48750,48750,48700,48700,51
2026-04-07 10:00:00,48700,48700,48500,48500,436
2026-04-07 10:01:00,48450,48450,48350,48350,77
2026-04-07 10:02:00,48400,48400,48350,48350,56
2026-04-07 10:03:00,48350,48400,48350,48350,63
2026-04-07 10:04:00,48350,48350,48350,48350,21
2026-04-07 10:05:00,48350,48350,48300,48300,428
2026-04-07 10:06:00,48350,48350,48350,48350,1
2026-04-07 10:07:00,48350,48350,48350,48350,13
2026-04-07 10:08:00,48350,48350,48300,48300,199
2026-04-07 10:09:00,48250,48300,48200,48300,96
2026-04-07 10:10:00,48300,48300,48100,48300,172
2026-04-07 10:11:00,48150,48350,48050,48350,42
2026-04-07 10:12:00,48200,48200,48000,48000,429
2026-04-07 10:13:00,48000,48000,48000,48000,172
2026-04-07 10:14:00,48000,48000,47900,47900,561
2026-04-07 10:15:00,47900,47950,47850,47900,521
2026-04-07 10:16:00,47900,47900,47900,47900,90
2026-04-07 10:17:00,47900,48000,47850,48000,338
2026-04-07 10:18:00,48050,48050,48050,48050,1
2026-04-07 10:19:00,48050,48150,48050,48150,25
2026-04-07 10:20:00,48150,48150,48150,48150,16
2026-04-07 10:21:00,47950,47950,47950,47950,42
2026-04-07 10:22:00,48000,48000,48000,48000,26
2026-04-07 10:23:00,48150,48150,48150,48150,1
2026-04-07 10:24:00,48100,48100,48100,48100,53
2026-04-07 10:25:00,48100,48100,48100,48100,21
2026-04-07 10:26:00,48100,48100,48050,48050,5
2026-04-07 10:28:00,48050,48050,47950,48000,252
2026-04-07 10:29:00,48100,48100,48000,48000,123
2026-04-07 10:30:00,48000,48000,47900,47950,183
2026-04-07 10:31:00,47950,47950,47850,47850,773
2026-04-07 10:33:00,47900,48000,47850,47850,206
2026-04-07 10:34:00,47950,48100,47950,48100,15
2026-04-07 10:35:00,48050,48100,48050,48100,207
2026-04-07 10:36:00,48100,48100,48100,48100,79
2026-04-07 10:37:00,48100,48100,47900,47900,154
2026-04-07 10:38:00,47850,47850,47800,47800,95
2026-04-07 10:39:00,47850,48100,47800,48100,65
2026-04-07 10:40:00,48100,48100,47750,47750,285
2026-04-07 10:41:00,47750,47750,47750,47750,3
2026-04-07 10:42:00,47750,47800,47700,47700,483
2026-04-07 10:43:00,47700,47700,47600,47650,376
2026-04-07 10:44:00,47600,47650,47600,47650,104
2026-04-07 10:45:00,47700,47700,47650,47650,294
2026-04-07 10:46:00,47650,47800,47650,47800,26
2026-04-07 10:47:00,47850,47850,47850,47850,2
2026-04-07 10:48:00,47850,47850,47850,47850,72
2026-04-07 10:49:00,47850,47850,47750,47750,145
2026-04-07 10:50:00,47700,47700,47600,47600,174
2026-04-07 10:51:00,47600,47600,47500,47500,730
2026-04-07 10:52:00,47450,47450,47400,47400,38
2026-04-07 10:53:00,47350,47350,47300,47300,58
2026-04-07 10:54:00,47300,47300,47100,47100,186
2026-04-07 10:55:00,47100,47100,47100,47100,36
2026-04-07 10:56:00,47100,47200,46950,47000,576
2026-04-07 10:57:00,46950,47000,46950,47000,94
2026-04-07 10:58:00,47200,47200,47000,47000,61
2026-04-07 10:59:00,47000,47000,46950,46950,128
2026-04-07 11:00:00,47200,47200,47200,47200,1
2026-04-07 11:01:00,47200,47200,46950,46950,104
2026-04-07 11:02:00,47000,47000,47000,47000,6
2026-04-07 11:03:00,47000,47000,47000,47000,37
2026-04-07 11:04:00,47000,47000,46950,46950,69
2026-04-07 11:05:00,46900,46900,46800,46800,59
2026-04-07 11:06:00,46800,46900,46800,46900,729
2026-04-07 11:07:00,46900,46900,46700,46700,643
2026-04-07 11:08:00,46750,46750,46650,46650,343
2026-04-07 11:09:00,46700,46750,46650,46650,417
2026-04-07 11:10:00,46600,46850,46600,46850,141
2026-04-07 11:11:00,46850,46850,46850,46850,10
2026-04-07 11:12:00,46800,46800,46750,46750,38
2026-04-07 11:13:00,46750,46750,46700,46700,74
2026-04-07 11:14:00,46650,46750,46650,46750,192
2026-04-07 11:15:00,46750,46800,46700,46700,51
2026-04-07 11:16:00,46700,46700,46700,46700,31
2026-04-07 11:17:00,46700,46700,46700,46700,24
2026-04-07 11:18:00,46700,46700,46700,46700,200
2026-04-07 11:19:00,46700,46700,46700,46700,1
2026-04-07 11:20:00,46750,47050,46700,47050,199
2026-04-07 11:21:00,46800,46800,46800,46800,11
2026-04-07 11:22:00,46850,46850,46850,46850,1
2026-04-07 11:24:00,46950,46950,46950,46950,1
2026-04-07 11:25:00,46850,46850,46850,46850,7
2026-04-07 11:26:00,46850,46850,46850,46850,1
2026-04-07 11:29:00,46950,47050,46950,47050,248
2026-04-07 11:30:00,47050,47050,47050,47050,101
2026-04-07 11:31:00,47050,47050,47050,47050,32
2026-04-07 11:32:00,47050,47050,47000,47000,48
2026-04-07 11:33:00,47000,47050,47000,47000,14
2026-04-07 11:34:00,47050,47050,47050,47050,6
2026-04-07 11:36:00,47000,47000,46950,46950,52
2026-04-07 11:37:00,46950,46950,46950,46950,6
2026-04-07 11:38:00,46900,46900,46900,46900,15
2026-04-07 11:39:00,47000,47000,46900,46900,101
2026-04-07 11:40:00,47000,47000,47000,47000,1
2026-04-07 11:41:00,46900,46900,46900,46900,55
2026-04-07 11:42:00,46925,46925,46925,46925,2
2026-04-07 11:44:00,46900,46900,46900,46900,63
2026-04-07 11:45:00,46900,47000,46900,47000,2
2026-04-07 11:46:00,46900,46950,46850,46950,104
2026-04-07 11:47:00,46950,46950,46950,46950,5
2026-04-07 11:49:00,46975,46975,46975,46975,1
2026-04-07 11:51:00,46975,47000,46950,46950,28
2026-04-07 11:52:00,46950,46950,46800,46800,149
2026-04-07 11:53:00,46800,46800,46650,46650,624
2026-04-07 11:54:00,46675,46675,46600,46600,329
2026-04-07 11:55:00,46625,46625,46625,46625,7
2026-04-07 11:56:00,46625,46650,46625,46650,11
2026-04-07 11:57:00,46650,46650,46650,46650,23
2026-04-07 11:58:00,46650,46650,46650,46650,35
2026-04-07 11:59:00,46650,46650,46600,46600,102
2026-04-07 12:00:00,46600,46650,46600,46650,116
2026-04-07 12:01:00,46650,46850,46650,46750,216
2026-04-07 12:02:00,46800,46800,46800,46800,1
2026-04-07 12:03:00,46800,46800,46800,46800,46
2026-04-07 12:04:00,46800,46800,46650,46650,15
2026-04-07 12:05:00,46700,46750,46650,46650,57
2026-04-07 12:06:00,46650,46650,46650,46650,6
2026-04-07 12:07:00,46800,46800,46800,46800,25
2026-04-07 12:08:00,46700,46700,46500,46600,675
2026-04-07 12:09:00,46600,46600,46600,46600,5
2026-04-07 12:11:00,46750,46750,46750,46750,2
2026-04-07 12:12:00,46750,46750,46750,46750,12
2026-04-07 12:13:00,46750,46750,46750,46750,11
2026-04-07 12:14:00,46650,46650,46650,46650,4
2026-04-07 12:15:00,46650,46650,46650,46650,21
2026-04-07 12:16:00,46650,46650,46650,46650,48
2026-04-07 12:19:00,46650,46650,46650,46650,49
2026-04-07 12:20:00,46600,46600,46550,46550,184
2026-04-07 12:21:00,46550,46550,46550,46550,3
2026-04-07 12:22:00,46500,46550,46500,46500,59
2026-04-07 12:23:00,46500,46500,46500,46500,6
2026-04-07 12:28:00,46550,46550,46550,46550,6
2026-04-07 12:29:00,46600,46600,46600,46600,7
2026-04-07 12:31:00,46650,46750,46650,46750,323
2026-04-07 12:32:00,46775,46800,46775,46800,13
2026-04-07 12:34:00,46775,46775,46750,46750,26
2026-04-07 12:35:00,46750,46750,46650,46650,351
2026-04-07 12:37:00,46650,46650,46650,46650,2
2026-04-07 12:38:00,46650,46650,46650,46650,10
2026-04-07 12:40:00,46600,46600,46550,46550,45
2026-04-07 12:43:00,46600,46600,46600,46600,3
2026-04-07 12:44:00,46600,46600,46600,46600,1
2026-04-07 12:45:00,46600,46600,46600,46600,14
2026-04-07 12:46:00,46575,46600,46550,46600,32
2026-04-07 12:48:00,46550,46600,46550,46600,57
2026-04-07 12:49:00,46550,46550,46550,46550,14
2026-04-07 12:50:00,46550,46550,46550,46550,132
2026-04-07 12:51:00,46550,46550,46550,46550,13
2026-04-07 12:52:00,46500,46550,46400,46400,1088
2026-04-07 12:53:00,46400,46400,46400,46400,101
2026-04-07 12:55:00,46400,46400,46400,46400,32
2026-04-07 12:56:00,46400,46500,46400,46500,66
2026-04-07 12:57:00,46500,46500,46500,46500,145
2026-04-07 12:58:00,46500,46550,46350,46350,219
2026-04-07 13:00:00,46450,46450,46350,46350,130
2026-04-07 13:01:00,46300,46450,46300,46450,71
2026-04-07 13:02:00,46400,46400,46400,46400,1
2026-04-07 13:03:00,46400,46400,46300,46300,25
2026-04-07 13:04:00,46350,46350,46250,46300,482
2026-04-07 13:05:00,46300,46300,46250,46250,108
2026-04-07 13:06:00,46300,46300,46200,46200,39
2026-04-07 13:07:00,46200,46200,46150,46200,535
2026-04-07 13:08:00,46200,46200,46100,46200,60
2026-04-07 13:09:00,46100,46200,46100,46100,231
2026-04-07 13:10:00,46100,46100,46100,46100,55
2026-04-07 13:11:00,46200,46200,46200,46200,190
2026-04-07 13:12:00,46200,46200,46200,46200,2
2026-04-07 13:13:00,46100,46200,46050,46050,416
2026-04-07 13:14:00,46050,46050,46050,46050,100
2026-04-07 13:15:00,46050,46050,46000,46000,275
2026-04-07 13:16:00,46000,46000,46000,46000,68
2026-04-07 13:18:00,46000,46000,45950,45950,402
2026-04-07 13:19:00,46100,46100,46000,46000,126
2026-04-07 13:20:00,46100,46100,45950,45950,134
2026-04-07 13:21:00,46000,46100,46000,46000,24
2026-04-07 13:22:00,46050,46050,46000,46000,12
2026-04-07 13:23:00,46100,46100,46100,46100,6
2026-04-07 13:24:00,46100,46300,46100,46300,42
2026-04-07 13:27:00,46300,46400,46300,46400,21
2026-04-07 13:28:00,46300,46400,46300,46400,91
2026-04-07 13:29:00,46400,46400,46400,46400,5
2026-04-07 13:30:00,46300,46300,46100,46100,82
2026-04-07 13:31:00,46150,46150,46000,46000,100
2026-04-07 13:32:00,46100,46100,46100,46100,22
2026-04-07 13:33:00,46200,46275,46200,46200,114
2026-04-07 13:34:00,46350,46350,46350,46350,20
2026-04-07 13:35:00,46350,46350,46350,46350,81
2026-04-07 13:36:00,46350,46350,46350,46350,1
2026-04-07 13:38:00,46350,46350,46350,46350,40
2026-04-07 13:39:00,46350,46350,46350,46350,258
2026-04-07 13:40:00,46350,46350,46350,46350,29
2026-04-07 13:41:00,46350,46350,46350,46350,1
2026-04-07 13:42:00,46350,46350,46250,46250,134
2026-04-07 13:43:00,46250,46250,46250,46250,461
2026-04-07 13:44:00,46350,46400,46350,46400,12
2026-04-07 13:45:00,46400,46400,46400,46400,5
2026-04-07 13:46:00,46400,46500,46400,46500,3
2026-04-07 13:47:00,46500,46500,46450,46450,12
2026-04-07 13:48:00,46400,46400,46400,46400,104
2026-04-07 13:49:00,46300,46350,46300,46350,7
2026-04-07 13:50:00,46400,46500,46400,46500,83
2026-04-07 13:51:00,46450,46550,46300,46300,168
2026-04-07 13:53:00,46300,46300,46300,46300,2
2026-04-07 13:54:00,46300,46300,46200,46200,93
2026-04-07 13:57:00,46250,46250,46250,46250,10
2026-04-07 13:59:00,46300,46300,46300,46300,1
2026-04-07 14:00:00,46300,46300,46300,46300,21
2026-04-07 14:01:00,46300,46300,46300,46300,681
2026-04-07 14:02:00,46300,46400,46300,46400,2
2026-04-07 14:03:00,46300,46300,46250,46250,212
2026-04-07 14:04:00,46250,46300,46200,46200,327
2026-04-07 14:05:00,46200,46200,46150,46150,91
2026-04-07 14:06:00,46150,46150,46000,46100,167
2026-04-07 14:07:00,46100,46100,46100,46100,211
2026-04-07 14:08:00,46100,46100,46100,46100,1
2026-04-07 14:09:00,46100,46100,46100,46100,5
2026-04-07 14:10:00,46100,46100,46000,46050,293
2026-04-07 14:11:00,46050,46150,46050,46150,3
2026-04-07 14:12:00,46150,46150,46150,46150,5
2026-04-07 14:13:00,46150,46150,46000,46000,133
2026-04-07 14:14:00,46000,46250,46000,46250,282
2026-04-07 14:15:00,46250,46250,46250,46250,1
2026-04-07 14:16:00,46175,46175,46175,46175,2
2026-04-07 14:18:00,46250,46250,46250,46250,11
2026-04-07 14:19:00,46250,46300,46250,46300,247
2026-04-07 14:22:00,46400,46400,46400,46400,2
2026-04-07 14:23:00,46400,46400,46400,46400,3
2026-04-07 14:24:00,46400,46400,46300,46350,58
2026-04-07 14:25:00,46350,46350,46250,46300,9
2026-04-07 14:26:00,46300,46300,46200,46200,26
2026-04-07 14:28:00,46200,46200,46100,46100,62
2026-04-07 14:29:00,46100,46100,46100,46100,13
2026-04-07 14:30:00,46100,46100,46100,46100,7
2026-04-07 14:31:00,46100,46100,46100,46100,17
2026-04-07 14:35:00,46100,46100,46100,46100,108
2026-04-07 14:36:00,46100,46200,46050,46050,20
2026-04-07 14:37:00,46050,46050,46050,46050,1
2026-04-07 14:38:00,46050,46350,46050,46350,6
2026-04-07 14:39:00,46050,46350,46050,46350,18
2026-04-07 14:40:00,46300,46350,46300,46350,119
2026-04-07 14:41:00,46350,46350,46350,46350,6
2026-04-07 14:44:00,46250,46250,46250,46250,13
2026-04-07 14:45:00,46250,46250,46100,46100,52
2026-04-07 14:46:00,46050,46100,46050,46050,283
2026-04-07 14:47:00,46100,46100,46100,46100,7
2026-04-07 14:48:00,46100,46100,46100,46100,4
2026-04-07 14:50:00,46100,46100,46100,46100,8
2026-04-07 14:51:00,46100,46250,46100,46250,22
2026-04-07 14:52:00,46250,46300,46250,46300,21
2026-04-07 14:53:00,46300,46300,46300,46300,2
2026-04-07 14:54:00,46300,46300,46300,46300,5
2026-04-07 14:55:00,46250,46350,46250,46350,91
2026-04-07 14:56:00,46350,46350,46350,46350,12
2026-04-07 14:57:00,46350,46400,46350,46400,215
2026-04-07 14:58:00,46400,46400,46400,46400,36
2026-04-07 14:59:00,46400,46400,46400,46400,5
2026-04-07 15:00:00,46400,46550,46400,46550,84
2026-04-07 15:01:00,46400,46550,46400,46550,37
2026-04-07 15:02:00,46550,46550,46550,46550,372
2026-04-07 15:03:00,46550,46600,46550,46600,38
2026-04-07 15:04:00,46650,46650,46600,46650,116
2026-04-07 15:05:00,46600,46600,46550,46550,56
2026-04-07 15:06:00,46550,46550,46400,46400,157
2026-04-07 15:07:00,46400,46500,46300,46500,35
2026-04-07 15:08:00,46500,46500,46425,46500,140
2026-04-07 15:09:00,46500,46550,46500,46550,53
2026-04-07 15:10:00,46600,46600,46550,46550,11
2026-04-07 15:11:00,46500,46500,46500,46500,147
2026-04-07 15:12:00,46500,46500,46500,46500,2
2026-04-07 15:13:00,46500,46500,46500,46500,15
2026-04-07 15:14:00,46500,46500,46450,46450,27
2026-04-07 15:15:00,46450,46500,46450,46450,6
2026-04-07 15:16:00,46450,46450,46450,46450,240
2026-04-07 15:17:00,46450,46450,46450,46450,72
2026-04-07 15:18:00,46450,46450,46400,46400,122
2026-04-07 15:19:00,46350,46400,46000,46350,1061
2026-04-07 15:30:00,46800,46800,46800,46800,614
2026-04-07 15:35:00,46800,46800,46800,46800,50
2026-04-08 09:00:00,49500,49550,49000,49450,1158
2026-04-08 09:01:00,49100,49550,49100,49400,1655
2026-04-08 09:02:00,49400,49400,49200,49200,588
2026-04-08 09:03:00,49200,49200,49100,49200,669
2026-04-08 09:04:00,49100,49150,49100,49150,240
2026-04-08 09:05:00,49050,49050,48650,48650,443
2026-04-08 09:06:00,48750,48900,48600,48600,253
2026-04-08 09:07:00,48600,48950,48600,48950,342
2026-04-08 09:08:00,49000,49150,49000,49050,122
2026-04-08 09:09:00,49050,49100,48850,49100,201
2026-04-08 09:10:00,49100,49300,48900,49300,1366
2026-04-08 09:11:00,49200,49500,49150,49300,1666
2026-04-08 09:12:00,49300,49500,49300,49500,140
2026-04-08 09:13:00,49500,49750,49500,49750,1622
2026-04-08 09:14:00,49750,49750,49650,49700,175
2026-04-08 09:15:00,49700,49700,49500,49500,486
2026-04-08 09:16:00,49500,49550,49500,49550,280
2026-04-08 09:17:00,49550,49550,49400,49400,32
2026-04-08 09:18:00,49400,49400,49350,49350,45
2026-04-08 09:19:00,49400,49500,49400,49500,236
2026-04-08 09:20:00,49500,49500,49400,49400,32
2026-04-08 09:21:00,49400,49450,49400,49450,115
2026-04-08 09:22:00,49400,49500,49400,49500,337
2026-04-08 09:23:00,49500,49500,49400,49450,333
2026-04-08 09:24:00,49450,49450,49400,49400,281
2026-04-08 09:25:00,49400,49400,49300,49350,791
2026-04-08 09:26:00,49250,49250,49100,49250,662
2026-04-08 09:27:00,49200,49200,49100,49100,687
2026-04-08 09:28:00,49100,49100,49000,49000,705
2026-04-08 09:29:00,49000,49100,49000,49100,117
2026-04-08 09:30:00,49100,49200,49100,49150,267
2026-04-08 09:31:00,49100,49100,49100,49100,66
2026-04-08 09:32:00,49100,49100,48900,48900,49
2026-04-08 09:33:00,48900,48900,48900,48900,97
2026-04-08 09:34:00,48850,48900,48850,48900,4
2026-04-08 09:35:00,48900,48950,48900,48950,74
2026-04-08 09:36:00,48900,49000,48850,49000,87
2026-04-08 09:37:00,49000,49000,48700,48700,92
2026-04-08 09:38:00,48750,48850,48700,48850,116
2026-04-08 09:39:00,48800,48900,48650,48650,70
2026-04-08 09:40:00,48900,48900,48900,48900,19
2026-04-08 09:41:00,48900,48950,48750,48950,223
2026-04-08 09:42:00,48950,48950,48950,48950,4
2026-04-08 09:43:00,48900,49000,48900,49000,175
2026-04-08 09:44:00,49000,49000,49000,49000,5
2026-04-08 09:45:00,49050,49150,49050,49100,77
2026-04-08 09:46:00,49250,49250,49250,49250,22
2026-04-08 09:47:00,49300,49300,49300,49300,75
2026-04-08 09:48:00,49200,49250,49200,49250,146
2026-04-08 09:49:00,49250,49600,49250,49600,670
2026-04-08 09:50:00,49600,49700,49550,49700,541
2026-04-08 09:51:00,49700,49800,49600,49600,312
2026-04-08 09:52:00,49600,49700,49600,49700,216
2026-04-08 09:53:00,49650,49650,49650,49650,55
2026-04-08 09:54:00,49650,49650,49500,49500,203
2026-04-08 09:55:00,49500,49500,49350,49500,22
2026-04-08 09:56:00,49450,49500,49400,49400,10
2026-04-08 09:57:00,49500,49500,49350,49400,31
2026-04-08 09:58:00,49400,49400,49350,49350,56
2026-04-08 09:59:00,49350,49450,49300,49400,599
2026-04-08 10:00:00,49350,49350,49300,49300,104
2026-04-08 10:01:00,49300,49300,49300,49300,9
2026-04-08 10:02:00,49300,49300,49300,49300,24
2026-04-08 10:03:00,49250,49250,49250,49250,54
2026-04-08 10:04:00,49200,49250,49200,49250,120
2026-04-08 10:05:00,49150,49150,49150,49150,77
2026-04-08 10:06:00,49150,49250,49100,49250,157
2026-04-08 10:07:00,49225,49350,49225,49350,329
2026-04-08 10:08:00,49350,49400,49350,49400,348
2026-04-08 10:09:00,49450,49500,49450,49500,271
2026-04-08 10:10:00,49400,49400,49400,49400,22
2026-04-08 10:11:00,49400,49450,49400,49400,48
2026-04-08 10:12:00,49400,49400,49050,49050,54
2026-04-08 10:13:00,49200,49400,49200,49400,190
2026-04-08 10:14:00,49300,49350,49300,49350,30
2026-04-08 10:15:00,49350,49350,49350,49350,1
2026-04-08 10:16:00,49400,49450,49350,49350,124
2026-04-08 10:17:00,49400,49400,49350,49350,25
2026-04-08 10:18:00,49400,49450,49350,49450,128
2026-04-08 10:19:00,49450,49450,49450,49450,65
2026-04-08 10:20:00,49350,49350,49350,49350,28
2026-04-08 10:21:00,49450,49500,49350,49500,84
2026-04-08 10:23:00,49450,49500,49450,49475,57
2026-04-08 10:24:00,49500,49550,49500,49550,903
2026-04-08 10:25:00,49550,49575,49550,49550,254
2026-04-08 10:26:00,49600,49700,49575,49600,175
2026-04-08 10:27:00,49600,49600,49600,49600,287
2026-04-08 10:28:00,49600,49850,49600,49650,1112
2026-04-08 10:29:00,49800,49875,49800,49850,133
2026-04-08 10:30:00,49850,49900,49800,49850,779
2026-04-08 10:31:00,49900,49900,49850,49900,111
2026-04-08 10:32:00,49900,49900,49900,49900,71
2026-04-08 10:33:00,49900,49900,49900,49900,49
2026-04-08 10:34:00,49900,49950,49900,49950,203
2026-04-08 10:35:00,49950,50000,49900,49900,1240
2026-04-08 10:36:00,50000,50200,50000,50000,625
2026-04-08 10:37:00,50000,50200,50000,50100,44
2026-04-08 10:38:00,50100,50200,50000,50100,291
2026-04-08 10:39:00,50100,50300,50100,50200,308
2026-04-08 10:40:00,50200,50300,50200,50200,372
2026-04-08 10:41:00,50200,50400,50200,50300,64
2026-04-08 10:42:00,50400,50400,50300,50400,25
2026-04-08 10:43:00,50400,50400,50100,50100,258
2026-04-08 10:44:00,50200,50200,50200,50200,291
2026-04-08 10:45:00,50200,50200,50100,50100,19
2026-04-08 10:46:00,50100,50100,50100,50100,211
2026-04-08 10:47:00,50100,50100,50100,50100,17
2026-04-08 10:48:00,50100,50100,50100,50100,83
2026-04-08 10:49:00,50100,50200,50000,50100,409
2026-04-08 10:50:00,50100,50200,50100,50100,13
2026-04-08 10:51:00,50150,50300,50100,50200,128
2026-04-08 10:52:00,50300,50300,50200,50200,14
2026-04-08 10:53:00,50200,50300,50200,50200,282
2026-04-08 10:54:00,50200,50500,50200,50500,2098
2026-04-08 10:55:00,50500,50500,50400,50500,132
2026-04-08 10:56:00,50500,50500,50400,50500,17
2026-04-08 10:57:00,50500,50500,50400,50500,60
2026-04-08 10:58:00,50400,50500,50400,50500,430
2026-04-08 10:59:00,50500,50700,50500,50700,446
2026-04-08 11:00:00,50600,50700,50600,50600,53
2026-04-08 11:01:00,50600,50600,50500,50500,182
2026-04-08 11:02:00,50500,50600,50500,50500,235
2026-04-08 11:03:00,50500,50500,50400,50400,49
2026-04-08 11:04:00,50400,50400,50400,50400,40
2026-04-08 11:05:00,50400,50400,50350,50400,37
2026-04-08 11:06:00,50400,50400,50400,50400,25
2026-04-08 11:07:00,50500,50500,50400,50400,14
2026-04-08 11:08:00,50500,50500,50200,50200,218
2026-04-08 11:09:00,50300,50600,50300,50600,2436
2026-04-08 11:10:00,50600,50700,50600,50600,103
2026-04-08 11:11:00,50700,50800,50700,50800,161
2026-04-08 11:12:00,50800,51100,50700,51000,2759
2026-04-08 11:13:00,51000,51000,50800,50800,697
2026-04-08 11:14:00,50800,50900,50800,50900,34
2026-04-08 11:15:00,50900,50900,50800,50800,36
2026-04-08 11:16:00,50800,50800,50800,50800,11
2026-04-08 11:17:00,50800,50800,50700,50700,15
2026-04-08 11:18:00,50800,50800,50700,50700,28
2026-04-08 11:19:00,50700,50800,50600,50800,113
2026-04-08 11:20:00,50800,50800,50700,50700,67
2026-04-08 11:21:00,50600,50800,50600,50800,149
2026-04-08 11:22:00,50600,50800,50600,50800,73
2026-04-08 11:23:00,50800,50800,50700,50700,24
2026-04-08 11:24:00,50700,50700,50600,50600,47
2026-04-08 11:25:00,50700,50700,50600,50600,112
2026-04-08 11:26:00,50600,50600,50600,50600,311
2026-04-08 11:27:00,50600,50600,50600,50600,28
2026-04-08 11:28:00,50500,50700,50500,50700,109
2026-04-08 11:29:00,50700,50700,50500,50500,105
2026-04-08 11:30:00,50500,50500,50400,50500,57
2026-04-08 11:31:00,50600,50600,50500,50600,31
2026-04-08 11:32:00,50500,50600,50500,50600,3
2026-04-08 11:33:00,50600,50600,50500,50500,56
2026-04-08 11:34:00,50500,50600,50500,50500,71
2026-04-08 11:35:00,50500,50700,50500,50700,315
2026-04-08 11:36:00,50700,50700,50700,50700,90
2026-04-08 11:37:00,50600,50700,50600,50700,2
2026-04-08 11:38:00,50700,50700,50700,50700,20
2026-04-08 11:39:00,50700,50700,50700,50700,6
2026-04-08 11:40:00,50700,50700,50600,50600,160
2026-04-08 11:41:00,50600,50600,50600,50600,1
2026-04-08 11:42:00,50700,50800,50700,50800,1436
2026-04-08 11:43:00,50800,50800,50700,50700,17
2026-04-08 11:44:00,50800,50800,50700,50700,49
2026-04-08 11:45:00,50700,50700,50700,50700,305
2026-04-08 11:46:00,50700,50800,50700,50800,71
2026-04-08 11:47:00,50800,50800,50800,50800,89
2026-04-08 11:48:00,50800,50800,50750,50750,145
2026-04-08 11:49:00,50800,50800,50800,50800,204
2026-04-08 11:50:00,50800,50800,50800,50800,62
2026-04-08 11:51:00,50800,50800,50700,50700,60
2026-04-08 11:52:00,50700,50800,50500,50800,112
2026-04-08 11:53:00,50800,50900,50800,50900,369
2026-04-08 11:54:00,50900,50900,50900,50900,28
2026-04-08 11:55:00,50850,50850,50750,50800,106
2026-04-08 11:56:00,50700,50800,50600,50800,179
2026-04-08 11:57:00,50800,50800,50800,50800,28
2026-04-08 11:58:00,50800,50900,50700,50900,198
2026-04-08 11:59:00,50800,50800,50800,50800,20
2026-04-08 12:00:00,50800,50800,50800,50800,69
2026-04-08 12:01:00,50700,50700,50700,50700,16
2026-04-08 12:02:00,50700,50700,50700,50700,49
2026-04-08 12:03:00,50700,50800,50700,50800,29
2026-04-08 12:04:00,50800,50800,50800,50800,42
2026-04-08 12:05:00,50800,50800,50800,50800,1
2026-04-08 12:06:00,50800,50800,50800,50800,1
2026-04-08 12:07:00,50900,51000,50900,51000,220
2026-04-08 12:08:00,50900,50900,50800,50800,33
2026-04-08 12:09:00,50800,50800,50800,50800,1
2026-04-08 12:10:00,50800,50800,50800,50800,38
2026-04-08 12:11:00,51000,51000,50800,51000,47
2026-04-08 12:12:00,50800,51000,50800,50900,397
2026-04-08 12:13:00,50700,50900,50700,50900,24
2026-04-08 12:14:00,50900,50900,50900,50900,33
2026-04-08 12:15:00,50900,51000,50900,51000,526
2026-04-08 12:16:00,50900,50900,50900,50900,6
2026-04-08 12:17:00,51000,51000,50900,50900,13
2026-04-08 12:18:00,50900,50900,50900,50900,18
2026-04-08 12:19:00,50900,50900,50900,50900,52
2026-04-08 12:20:00,50900,50900,50900,50900,23
2026-04-08 12:22:00,50900,51000,50900,51000,1095
2026-04-08 12:23:00,51000,51000,50900,51000,317
2026-04-08 12:24:00,50950,51100,50950,51100,953
2026-04-08 12:25:00,51100,51100,51100,51100,58
2026-04-08 12:26:00,51100,51100,51100,51100,258
2026-04-08 12:27:00,51100,51100,51100,51100,14
2026-04-08 12:28:00,51100,51100,51100,51100,27
2026-04-08 12:29:00,51050,51100,51000,51000,38
2026-04-08 12:30:00,51100,51100,51100,51100,58
2026-04-08 12:31:00,51100,51100,51000,51000,1039
2026-04-08 12:32:00,51000,51200,51000,51000,150
2026-04-08 12:33:00,51000,51000,51000,51000,10
2026-04-08 12:34:00,51100,51200,51100,51200,102
2026-04-08 12:35:00,51200,51500,51200,51500,1359
2026-04-08 12:36:00,51500,51600,51500,51500,120
2026-04-08 12:37:00,51500,51600,51500,51600,136
2026-04-08 12:38:00,51600,51700,51500,51700,393
2026-04-08 12:39:00,51600,51700,51500,51600,375
2026-04-08 12:40:00,51500,51500,51400,51500,437
2026-04-08 12:41:00,51400,51400,51300,51300,66
2026-04-08 12:42:00,51300,51500,51300,51400,123
2026-04-08 12:43:00,51400,51700,51400,51600,352
2026-04-08 12:44:00,51400,51600,51400,51400,95
2026-04-08 12:45:00,51400,51400,51200,51200,308
2026-04-08 12:46:00,51100,51300,51100,51300,86
2026-04-08 12:47:00,51300,51300,51300,51300,1
2026-04-08 12:48:00,51200,51200,51100,51100,103
2026-04-08 12:49:00,51100,51100,51100,51100,12
2026-04-08 12:50:00,51100,51200,51100,51100,31
2026-04-08 12:51:00,51100,51100,51100,51100,1
2026-04-08 12:52:00,51100,51200,51100,51200,121
2026-04-08 12:53:00,51200,51200,51050,51050,72
2026-04-08 12:54:00,51050,51100,51000,51000,147
2026-04-08 12:55:00,51000,51100,50800,50800,433
2026-04-08 12:56:00,50800,50800,50800,50800,174
2026-04-08 12:57:00,50700,51100,50700,50700,109
2026-04-08 12:58:00,50700,50700,50700,50700,104
2026-04-08 12:59:00,50700,50900,50600,50900,52
2026-04-08 13:00:00,50900,51000,50400,51000,1154
2026-04-08 13:01:00,51000,51000,51000,51000,42
2026-04-08 13:02:00,50900,51000,50900,51000,110
2026-04-08 13:03:00,51000,51300,51000,51300,443
2026-04-08 13:04:00,51200,51200,51200,51200,5
2026-04-08 13:05:00,51200,51200,51000,51000,22
2026-04-08 13:06:00,51200,51300,50800,50800,88
2026-04-08 13:07:00,51200,52700,51200,52400,4547
2026-04-08 13:08:00,52600,52700,52400,52500,241
2026-04-08 13:09:00,52600,52600,52400,52500,240
2026-04-08 13:10:00,52400,52600,52300,52600,414
2026-04-08 13:11:00,52500,52600,52400,52400,301
2026-04-08 13:12:00,52400,52500,52300,52400,135
2026-04-08 13:13:00,52300,52600,52300,52600,835
2026-04-08 13:14:00,52600,52600,52400,52500,71
2026-04-08 13:15:00,52500,52500,52400,52400,102
2026-04-08 13:16:00,52500,52600,52400,52500,627
2026-04-08 13:17:00,52600,52600,52500,52600,366
2026-04-08 13:18:00,52400,52600,52400,52600,166
2026-04-08 13:19:00,52500,52500,52400,52400,35
2026-04-08 13:20:00,52400,52500,52400,52500,238
2026-04-08 13:21:00,52500,52500,52100,52100,1533
2026-04-08 13:22:00,52000,52000,51700,52000,335
2026-04-08 13:23:00,52000,52000,52000,52000,8
2026-04-08 13:24:00,52100,52100,52000,52000,158
2026-04-08 13:25:00,52000,52100,51950,52100,97
2026-04-08 13:26:00,52100,52300,52100,52100,124
2026-04-08 13:27:00,52200,52200,51700,51700,180
2026-04-08 13:28:00,51800,52000,51800,52000,120
2026-04-08 13:29:00,51900,52000,51900,51900,112
2026-04-08 13:30:00,52000,52000,51700,52000,920
2026-04-08 13:31:00,52000,52100,51900,52000,971
2026-04-08 13:32:00,52000,52000,51800,51800,524
2026-04-08 13:33:00,52000,52100,52000,52100,513
2026-04-08 13:34:00,52100,52100,51900,52000,114
2026-04-08 13:35:00,51900,52100,51900,52100,57
2026-04-08 13:36:00,52100,52200,52000,52000,146
2026-04-08 13:37:00,51900,52200,51900,52100,104
2026-04-08 13:38:00,52100,52400,52100,52400,205
2026-04-08 13:39:00,52200,52300,52200,52300,115
2026-04-08 13:40:00,52300,52400,52300,52400,150
2026-04-08 13:41:00,52400,52400,52400,52400,82
2026-04-08 13:42:00,52300,52400,52300,52300,247
2026-04-08 13:43:00,52300,52400,52300,52400,243
2026-04-08 13:44:00,52400,52400,52300,52400,183
2026-04-08 13:45:00,52400,52400,52300,52300,93
2026-04-08 13:46:00,52300,52400,52300,52400,126
2026-04-08 13:47:00,52300,52400,52300,52400,155
2026-04-08 13:48:00,52300,52400,52300,52400,36
2026-04-08 13:49:00,52400,52400,52300,52400,109
2026-04-08 13:50:00,52400,52400,52300,52300,258
2026-04-08 13:51:00,52400,52400,52300,52400,142
2026-04-08 13:52:00,52300,52300,52200,52300,198
2026-04-08 13:53:00,52400,52400,52200,52200,87
2026-04-08 13:54:00,52300,52400,52300,52400,92
2026-04-08 13:55:00,52300,52400,52300,52400,172
2026-04-08 13:56:00,52300,52400,52200,52400,180
2026-04-08 13:58:00,52400,52400,52400,52400,85
2026-04-08 13:59:00,52500,52500,52500,52500,88
2026-04-08 14:00:00,52500,52500,52300,52400,665
2026-04-08 14:01:00,52400,52400,52200,52300,155
2026-04-08 14:02:00,52300,52400,52300,52300,120
2026-04-08 14:03:00,52200,52300,52100,52200,209
2026-04-08 14:04:00,52100,52400,52100,52400,105
2026-04-08 14:05:00,52300,52300,52200,52300,117
2026-04-08 14:06:00,52300,52300,52200,52300,152
2026-04-08 14:07:00,52300,52400,52300,52400,91
2026-04-08 14:08:00,52400,52400,52400,52400,84
2026-04-08 14:09:00,52400,52400,52200,52400,259
2026-04-08 14:10:00,52400,52400,52300,52300,228
2026-04-08 14:11:00,52300,52400,52000,52100,187
2026-04-08 14:12:00,52100,52400,52100,52400,154
2026-04-08 14:13:00,52400,52400,52400,52400,48
2026-04-08 14:14:00,52400,52400,52400,52400,72
2026-04-08 14:15:00,52400,52400,52300,52300,109
2026-04-08 14:16:00,52300,52400,52300,52400,98
2026-04-08 14:17:00,52400,52400,52300,52400,146
2026-04-08 14:18:00,52400,52400,52300,52400,92
2026-04-08 14:19:00,52400,52400,52300,52400,188
2026-04-08 14:20:00,52300,52400,52300,52400,143
2026-04-08 14:21:00,52400,52400,52300,52300,77
2026-04-08 14:22:00,52300,52400,52300,52400,313
2026-04-08 14:23:00,52400,52400,52200,52400,62
2026-04-08 14:24:00,52350,52400,52200,52200,111
2026-04-08 14:25:00,52200,52200,52100,52100,107
2026-04-08 14:26:00,52100,52100,52000,52100,47
2026-04-08 14:27:00,52200,52200,52100,52100,81
2026-04-08 14:28:00,52200,52200,52200,52200,80
2026-04-08 14:29:00,52200,52200,52100,52200,130
2026-04-08 14:30:00,52200,52300,52100,52300,73
2026-04-08 14:31:00,52200,52300,52200,52200,94
2026-04-08 14:32:00,52200,52300,52100,52300,141
2026-04-08 14:33:00,52200,52300,52100,52200,248
2026-04-08 14:34:00,52200,52200,52000,52100,268
2026-04-08 14:35:00,52200,52300,52100,52300,334
2026-04-08 14:36:00,52300,52300,52300,52300,46
2026-04-08 14:37:00,52300,52300,52200,52300,135
2026-04-08 14:38:00,52200,52200,52100,52200,156
2026-04-08 14:39:00,52100,52200,52100,52200,67
2026-04-08 14:40:00,52200,52200,52200,52200,158
2026-04-08 14:41:00,52200,52200,52100,52100,152
2026-04-08 14:42:00,52100,52200,52100,52200,165
2026-04-08 14:43:00,52200,52200,52200,52200,65
2026-04-08 14:44:00,52100,52200,52000,52200,137
2026-04-08 14:45:00,52200,52200,52100,52200,112
2026-04-08 14:46:00,52200,52200,52200,52200,210
2026-04-08 14:47:00,52200,52200,52200,52200,48
2026-04-08 14:48:00,52200,52200,52100,52100,57
2026-04-08 14:49:00,52200,52300,52200,52200,131
2026-04-08 14:50:00,52100,52300,52100,52200,122
2026-04-08 14:51:00,52200,52300,52200,52200,121
2026-04-08 14:52:00,52300,52300,52200,52300,353
2026-04-08 14:53:00,52300,52300,52300,52300,209
2026-04-08 14:54:00,52300,52400,52300,52400,82
2026-04-08 14:55:00,52400,52400,52300,52400,144
2026-04-08 14:56:00,52400,52400,52300,52400,81
2026-04-08 14:57:00,52400,52400,52400,52400,242
2026-04-08 14:58:00,52400,52400,52300,52300,313
2026-04-08 14:59:00,52300,52300,52300,52300,215
2026-04-08 15:00:00,52300,52400,52300,52400,221
2026-04-08 15:01:00,52400,52400,52300,52300,189
2026-04-08 15:02:00,52400,52400,52400,52400,460
2026-04-08 15:03:00,52400,52500,52400,52500,626
2026-04-08 15:04:00,52500,52500,52400,52400,201
2026-04-08 15:05:00,52500,52700,52400,52600,1747
2026-04-08 15:06:00,52700,52700,52600,52700,326
2026-04-08 15:07:00,52600,52700,52500,52700,277
2026-04-08 15:08:00,52500,52700,52500,52700,275
2026-04-08 15:09:00,52600,52700,52600,52600,135
2026-04-08 15:10:00,52600,52700,52600,52600,125
2026-04-08 15:11:00,52600,52700,52500,52700,211
2026-04-08 15:12:00,52600,52700,52600,52600,102
2026-04-08 15:13:00,52600,52600,52500,52600,209
2026-04-08 15:14:00,52600,52600,52500,52600,473
2026-04-08 15:15:00,52600,52600,52400,52500,170
2026-04-08 15:16:00,52500,52600,52500,52500,199
2026-04-08 15:17:00,52500,52500,52400,52500,186
2026-04-08 15:18:00,52500,52600,52400,52600,305
2026-04-08 15:19:00,52600,52600,52400,52600,31
2026-04-08 15:30:00,52600,52600,52600,52600,1137
2026-04-08 15:35:00,52600,52600,52600,52600,58
2026-04-09 09:00:00,52600,52600,51800,52300,1731
2026-04-09 09:01:00,51900,52300,51300,52100,709
2026-04-09 09:02:00,52100,52600,51000,51800,1170
2026-04-09 09:03:00,51900,52200,51800,52200,303
2026-04-09 09:04:00,52000,52000,51500,51700,1070
2026-04-09 09:05:00,51700,51900,51500,51500,819
2026-04-09 09:06:00,51800,52000,51500,51900,1679
2026-04-09 09:07:00,51900,51900,51700,51700,144
2026-04-09 09:08:00,51800,51800,51500,51700,522
2026-04-09 09:09:00,51800,51800,51500,51600,1232
2026-04-09 09:10:00,51600,51800,51600,51700,116
2026-04-09 09:11:00,51700,52000,51700,52000,73
2026-04-09 09:12:00,51800,51900,51800,51900,98
2026-04-09 09:13:00,51850,51850,51800,51800,368
2026-04-09 09:14:00,51700,51700,51600,51600,213
2026-04-09 09:15:00,51500,51500,51400,51400,480
2026-04-09 09:16:00,51400,51400,51300,51400,1357
2026-04-09 09:17:00,51400,52000,51400,52000,508
2026-04-09 09:18:00,52000,52000,51700,51700,345
2026-04-09 09:19:00,51700,51700,51500,51500,258
2026-04-09 09:20:00,51500,51700,51400,51400,104
2026-04-09 09:21:00,51450,51500,51400,51500,393
2026-04-09 09:22:00,51500,51500,51500,51500,15
2026-04-09 09:23:00,51700,51700,51400,51500,300
2026-04-09 09:24:00,51500,51700,51500,51700,225
2026-04-09 09:25:00,51700,51700,51700,51700,9
2026-04-09 09:26:00,51800,51800,51700,51700,238
2026-04-09 09:27:00,51700,51800,51700,51800,124
2026-04-09 09:28:00,51900,52000,51900,51900,247
2026-04-09 09:29:00,52000,52000,52000,52000,147
2026-04-09 09:30:00,52100,52100,52000,52000,71
2026-04-09 09:31:00,52000,52000,52000,52000,39
2026-04-09 09:32:00,52000,52100,51800,52100,274
2026-04-09 09:33:00,52200,52200,52200,52200,62
2026-04-09 09:34:00,52200,52600,52200,52600,234
2026-04-09 09:35:00,52600,52600,52400,52500,805
2026-04-09 09:36:00,52500,52500,52500,52500,254
2026-04-09 09:37:00,52600,52600,52500,52500,136
2026-04-09 09:38:00,52500,52500,52500,52500,191
2026-04-09 09:39:00,52500,52500,52400,52400,35
2026-04-09 09:40:00,52400,52400,52300,52400,147
2026-04-09 09:41:00,52300,52300,52000,52000,44
2026-04-09 09:42:00,52300,52300,52300,52300,71
2026-04-09 09:43:00,52300,52300,52000,52000,111
2026-04-09 09:44:00,52000,52000,51900,52000,85
2026-04-09 09:45:00,51900,51900,51800,51800,268
2026-04-09 09:46:00,51800,51800,51700,51700,396
2026-04-09 09:47:00,51800,51800,51700,51800,21
2026-04-09 09:48:00,51800,51800,51700,51800,197
2026-04-09 09:49:00,51800,51900,51800,51900,90
2026-04-09 09:50:00,51900,51900,51800,51800,149
2026-04-09 09:51:00,51900,51900,51900,51900,1
2026-04-09 09:52:00,51900,51900,51800,51800,149
2026-04-09 09:53:00,51800,51900,51800,51900,58
2026-04-09 09:54:00,51900,51900,51900,51900,40
2026-04-09 09:55:00,51900,52200,51900,52200,185
2026-04-09 09:56:00,52200,52200,52200,52200,90
2026-04-09 09:57:00,52200,52200,52200,52200,123
2026-04-09 09:58:00,52200,52300,51900,51900,541
2026-04-09 09:59:00,51800,51800,51800,51800,8
2026-04-09 10:00:00,51800,51900,51800,51900,3
2026-04-09 10:01:00,51900,51900,51700,51700,96
2026-04-09 10:02:00,51900,51900,51900,51900,89
2026-04-09 10:03:00,51900,51900,51600,51600,315
2026-04-09 10:04:00,51600,51600,51500,51600,138
2026-04-09 10:05:00,51600,51600,51300,51300,541
2026-04-09 10:06:00,51300,51500,51300,51300,201
2026-04-09 10:07:00,51300,51300,51300,51300,64
2026-04-09 10:08:00,51300,51300,51200,51200,450
2026-04-09 10:09:00,51200,51200,51100,51100,403
2026-04-09 10:10:00,51100,51200,51000,51200,938
2026-04-09 10:11:00,51200,51200,51200,51200,27
2026-04-09 10:12:00,51100,51200,51100,51200,44
2026-04-09 10:13:00,51200,51200,51200,51200,2
2026-04-09 10:14:00,51200,51200,51200,51200,23
2026-04-09 10:15:00,51200,51300,51200,51200,132
2026-04-09 10:16:00,51300,51300,51300,51300,62
2026-04-09 10:17:00,51300,51300,51100,51100,126
2026-04-09 10:18:00,51100,51100,50900,51100,117
2026-04-09 10:19:00,51100,51100,51000,51000,106
2026-04-09 10:20:00,51000,51200,51000,51100,169
2026-04-09 10:21:00,51100,51100,51000,51000,31
2026-04-09 10:22:00,51000,51000,51000,51000,30
2026-04-09 10:23:00,51000,51000,50900,50900,372
2026-04-09 10:24:00,50900,50900,50700,50900,313
2026-04-09 10:25:00,50900,51200,50900,51200,108
2026-04-09 10:26:00,51200,51200,51200,51200,11
2026-04-09 10:27:00,51200,51200,51100,51100,11
2026-04-09 10:28:00,51200,51200,51000,51100,100
2026-04-09 10:29:00,51100,51100,51100,51100,10
2026-04-09 10:30:00,51100,51100,51100,51100,3
2026-04-09 10:31:00,51100,51100,51100,51100,83
2026-04-09 10:32:00,51100,51200,51100,51200,69
2026-04-09 10:33:00,51200,51200,51200,51200,122
2026-04-09 10:34:00,51200,51200,51200,51200,5
2026-04-09 10:35:00,51300,51300,51300,51300,6
2026-04-09 10:36:00,51300,51300,51300,51300,36
2026-04-09 10:37:00,51500,51500,51400,51400,10
2026-04-09 10:38:00,51400,51500,51400,51500,25
2026-04-09 10:39:00,51500,51500,51500,51500,40
2026-04-09 10:40:00,51400,51500,51400,51500,8
2026-04-09 10:41:00,51400,51400,51300,51300,171
2026-04-09 10:43:00,51300,51300,51300,51300,41
2026-04-09 10:44:00,51300,51700,51300,51700,192
2026-04-09 10:45:00,51700,51700,51200,51200,201
2026-04-09 10:46:00,51200,51400,51200,51400,151
2026-04-09 10:47:00,51200,51400,51200,51400,274
2026-04-09 10:48:00,51500,51800,51500,51800,135
2026-04-09 10:49:00,51800,51800,51300,51300,355
2026-04-09 10:50:00,51500,51500,51500,51500,2
2026-04-09 10:51:00,51500,51500,51400,51400,118
2026-04-09 10:52:00,51400,51500,51400,51500,71
2026-04-09 10:53:00,51500,51500,51400,51400,3
2026-04-09 10:54:00,51500,51500,51500,51500,71
2026-04-09 10:55:00,51500,51500,51500,51500,60
2026-04-09 10:57:00,51700,52000,51700,51900,2355
2026-04-09 10:58:00,51900,51900,51900,51900,1
2026-04-09 10:59:00,51900,52100,51900,52100,179
2026-04-09 11:00:00,52200,52200,52200,52200,8
2026-04-09 11:01:00,52200,52500,52200,52500,460
2026-04-09 11:02:00,52600,53000,52300,52900,713
2026-04-09 11:03:00,52900,52900,52800,52900,238
2026-04-09 11:04:00,52900,53200,52900,53100,451
2026-04-09 11:05:00,53000,53100,52900,53000,247
2026-04-09 11:06:00,52900,53200,52850,53000,345
2026-04-09 11:07:00,53000,53100,53000,53100,586
2026-04-09 11:08:00,53100,53100,53000,53000,122
2026-04-09 11:09:00,53000,53000,52900,53000,32
2026-04-09 11:10:00,53000,53100,52900,53000,271
2026-04-09 11:11:00,53000,53000,52800,53000,214
2026-04-09 11:12:00,53000,53000,53000,53000,29
2026-04-09 11:13:00,52800,52800,52700,52700,479
2026-04-09 11:14:00,52700,52800,52700,52800,54
2026-04-09 11:15:00,52800,52800,52800,52800,52
2026-04-09 11:16:00,52700,52700,52600,52700,142
2026-04-09 11:17:00,52600,52600,52600,52600,77
2026-04-09 11:18:00,52600,52600,52600,52600,125
2026-04-09 11:19:00,52700,52700,52600,52600,69
2026-04-09 11:20:00,52600,52700,52600,52700,127
2026-04-09 11:21:00,52700,52700,52700,52700,72
2026-04-09 11:22:00,52700,52700,52600,52600,91
2026-04-09 11:23:00,52600,52600,52600,52600,124
2026-04-09 11:24:00,52600,52600,52500,52500,84
2026-04-09 11:25:00,52400,52400,52400,52400,1
2026-04-09 11:26:00,52400,52400,52400,52400,62
2026-04-09 11:27:00,52400,52400,52300,52300,17
2026-04-09 11:28:00,52300,52400,52300,52400,106
2026-04-09 11:29:00,52400,52400,52400,52400,31
2026-04-09 11:31:00,52400,52400,52400,52400,6
2026-04-09 11:32:00,52400,52400,52400,52400,300
2026-04-09 11:33:00,52500,52500,52200,52300,200
2026-04-09 11:34:00,52300,52400,52300,52300,88
2026-04-09 11:35:00,52300,52300,52300,52300,118
2026-04-09 11:36:00,52300,52300,52300,52300,16
2026-04-09 11:37:00,52200,52200,52200,52200,67
2026-04-09 11:38:00,52200,52200,52100,52100,116
2026-04-09 11:39:00,52100,52300,52100,52300,234
2026-04-09 11:40:00,52300,52400,52300,52400,301
2026-04-09 11:41:00,52400,52400,52100,52100,112
2026-04-09 11:42:00,52100,52100,52100,52100,20
2026-04-09 11:43:00,52000,52100,52000,52100,26
2026-04-09 11:45:00,52100,52100,52100,52100,2
2026-04-09 11:46:00,52100,52100,52100,52100,21
2026-04-09 11:48:00,52100,52100,52100,52100,155
2026-04-09 11:49:00,52300,52300,52300,52300,20
2026-04-09 11:50:00,52300,52300,52300,52300,1
2026-04-09 11:51:00,52300,52300,52300,52300,26
2026-04-09 11:52:00,52300,52300,52100,52100,7
2026-04-09 11:53:00,52300,52300,52100,52100,239
2026-04-09 11:55:00,52200,52200,52200,52200,7
2026-04-09 11:56:00,52200,52200,52200,52200,3
2026-04-09 11:57:00,52100,52100,52100,52100,33
2026-04-09 11:58:00,52100,52100,52100,52100,73
2026-04-09 11:59:00,52100,52100,52100,52100,105
2026-04-09 12:00:00,52000,52000,52000,52000,51
2026-04-09 12:01:00,52100,52100,52000,52000,300
2026-04-09 12:02:00,52000,52000,52000,52000,46
2026-04-09 12:05:00,52000,52000,52000,52000,46
2026-04-09 12:06:00,52000,52000,52000,52000,9
2026-04-09 12:07:00,51900,51900,51900,51900,91
2026-04-09 12:09:00,51900,51900,51900,51900,7
2026-04-09 12:10:00,51900,51900,51900,51900,190
2026-04-09 12:11:00,52000,52000,52000,52000,1
2026-04-09 12:12:00,51900,51900,51900,51900,58
2026-04-09 12:14:00,51800,51800,51800,51800,40
2026-04-09 12:15:00,51800,51800,51700,51800,360
2026-04-09 12:16:00,51800,51800,51600,51600,235
2026-04-09 12:17:00,51600,51800,51600,51800,43
2026-04-09 12:18:00,51800,51800,51800,51800,40
2026-04-09 12:19:00,51800,51800,51800,51800,70
2026-04-09 12:20:00,51800,51800,51800,51800,11
2026-04-09 12:21:00,51800,51800,51700,51700,20
2026-04-09 12:23:00,51700,51700,51700,51700,4
2026-04-09 12:24:00,51700,51700,51700,51700,95
2026-04-09 12:25:00,51600,51600,51600,51600,267
2026-04-09 12:28:00,51600,51600,51600,51600,57
2026-04-09 12:29:00,51600,51600,51600,51600,17
2026-04-09 12:31:00,51600,51600,51600,51600,1
2026-04-09 12:32:00,51700,51700,51700,51700,3
2026-04-09 12:33:00,51700,51700,51700,51700,1
2026-04-09 12:34:00,51700,51700,51700,51700,10
2026-04-09 12:35:00,51900,51900,51900,51900,2
2026-04-09 12:36:00,51900,51900,51700,51700,51
2026-04-09 12:39:00,51700,51700,51700,51700,35
2026-04-09 12:41:00,51700,51700,51700,51700,1
2026-04-09 12:42:00,51800,51800,51700,51700,7
2026-04-09 12:43:00,51700,51700,51700,51700,4
2026-04-09 12:45:00,51800,51800,51800,51800,9
2026-04-09 12:47:00,51800,51800,51800,51800,5
2026-04-09 12:49:00,51900,51900,51700,51700,177
2026-04-09 12:51:00,51800,51800,51600,51700,255
2026-04-09 12:52:00,51700,51700,51700,51700,2
2026-04-09 12:53:00,51600,51700,51400,51400,1836
2026-04-09 12:54:00,51400,51400,51300,51400,182
2026-04-09 12:55:00,51400,51400,51300,51300,213
2026-04-09 12:56:00,51300,51300,51300,51300,2
2026-04-09 12:57:00,51400,51400,51400,51400,31
2026-04-09 12:59:00,51400,51400,51400,51400,460
2026-04-09 13:00:00,51400,51400,51400,51400,1
2026-04-09 13:01:00,51400,51400,51400,51400,1
2026-04-09 13:02:00,51400,51400,51400,51400,122
2026-04-09 13:03:00,51400,51400,51200,51200,103
2026-04-09 13:04:00,51200,51200,51200,51200,105
2026-04-09 13:05:00,51200,51200,51200,51200,20
2026-04-09 13:06:00,51300,51400,51300,51400,7
2026-04-09 13:07:00,51300,51400,51300,51400,50
2026-04-09 13:08:00,51400,51400,51400,51400,57
2026-04-09 13:09:00,51300,51300,51300,51300,9
2026-04-09 13:11:00,51300,51300,51300,51300,42
2026-04-09 13:12:00,51300,51300,51200,51200,255
2026-04-09 13:13:00,51200,51300,51100,51200,193
2026-04-09 13:14:00,51100,51200,51100,51100,51
2026-04-09 13:16:00,51100,51100,51000,51100,183
2026-04-09 13:17:00,51100,51100,51100,51100,143
2026-04-09 13:18:00,51100,51100,51100,51100,5
2026-04-09 13:19:00,51100,51100,51100,51100,4
2026-04-09 13:20:00,51100,51100,51100,51100,2
2026-04-09 13:21:00,51100,51100,51100,51100,11
2026-04-09 13:23:00,51100,51200,51100,51200,305
2026-04-09 13:25:00,51200,51200,51200,51200,299
2026-04-09 13:26:00,51200,51200,51200,51200,216
2026-04-09 13:27:00,51200,51200,51200,51200,23
2026-04-09 13:28:00,51200,51200,51200,51200,29
2026-04-09 13:29:00,51200,51200,51200,51200,14
2026-04-09 13:30:00,51200,51200,51200,51200,8
2026-04-09 13:31:00,51200,51200,51200,51200,6
2026-04-09 13:32:00,51200,51300,51200,51200,23
2026-04-09 13:33:00,51200,51200,51200,51200,1
2026-04-09 13:34:00,51100,51100,51100,51100,104
2026-04-09 13:36:00,51100,51100,51000,51100,16
2026-04-09 13:37:00,51100,51100,51100,51100,9
2026-04-09 13:38:00,51100,51200,51100,51100,13
2026-04-09 13:40:00,51300,51300,51100,51100,6
2026-04-09 13:42:00,51100,51100,51100,51100,21
2026-04-09 13:43:00,51200,51300,51200,51300,552
2026-04-09 13:45:00,51400,51500,51400,51500,10
2026-04-09 13:46:00,51700,51700,51700,51700,1
2026-04-09 13:47:00,51700,51800,51700,51800,5
2026-04-09 13:48:00,51800,52100,51600,51800,669
2026-04-09 13:49:00,51700,51700,51500,51500,157
2026-04-09 13:50:00,51600,51600,51600,51600,2
2026-04-09 13:51:00,51600,51600,51600,51600,111
2026-04-09 13:52:00,51700,51700,51700,51700,20
2026-04-09 13:53:00,51700,51700,51700,51700,3
2026-04-09 13:54:00,51700,52000,51700,52000,248
2026-04-09 13:55:00,52000,52000,51700,51900,46
2026-04-09 13:56:00,51700,51700,51600,51600,83
2026-04-09 13:57:00,51700,52000,51700,51700,581
2026-04-09 13:58:00,51700,51700,51700,51700,9
2026-04-09 13:59:00,51700,51900,51700,51900,116
2026-04-09 14:00:00,51700,51900,51600,51600,83
2026-04-09 14:02:00,51600,51700,51600,51700,20
2026-04-09 14:03:00,51600,51700,51600,51700,904
2026-04-09 14:04:00,51700,51700,51700,51700,3
2026-04-09 14:05:00,51500,51700,51500,51700,16
2026-04-09 14:06:00,51600,51600,51500,51500,144
2026-04-09 14:07:00,51600,51600,51600,51600,336
2026-04-09 14:08:00,51500,51700,51500,51500,132
2026-04-09 14:09:00,51500,51500,51500,51500,6
2026-04-09 14:12:00,51500,51500,51500,51500,64
2026-04-09 14:13:00,51500,51500,51500,51500,5
2026-04-09 14:14:00,51600,51600,51500,51500,260
2026-04-09 14:15:00,51500,51500,51500,51500,155
2026-04-09 14:17:00,51550,51550,51400,51500,194
2026-04-09 14:18:00,51500,51500,51500,51500,1
2026-04-09 14:20:00,51500,51500,51500,51500,31
2026-04-09 14:21:00,51500,51500,51500,51500,11
2026-04-09 14:23:00,51400,51500,51400,51500,306
2026-04-09 14:24:00,51500,51500,51500,51500,1
2026-04-09 14:25:00,51500,51500,51500,51500,29
2026-04-09 14:26:00,51500,51600,51500,51500,42
2026-04-09 14:27:00,51600,51600,51600,51600,92
2026-04-09 14:29:00,51600,51800,51600,51800,3
2026-04-09 14:30:00,51700,51800,51700,51800,2
2026-04-09 14:32:00,51600,51600,51500,51600,45
2026-04-09 14:33:00,51600,51800,51600,51800,127
2026-04-09 14:34:00,51500,51500,51500,51500,1
2026-04-09 14:35:00,51500,51700,51500,51700,11
2026-04-09 14:38:00,51600,51600,51600,51600,22
2026-04-09 14:40:00,51600,51600,51600,51600,1
2026-04-09 14:41:00,51600,51600,51600,51600,1
2026-04-09 14:43:00,51600,51600,51600,51600,124
2026-04-09 14:44:00,51700,51700,51700,51700,8
2026-04-09 14:45:00,51600,51600,51600,51600,14
2026-04-09 14:48:00,51600,51600,51600,51600,23
2026-04-09 14:49:00,51600,51700,51600,51700,121
2026-04-09 14:50:00,51600,51700,51500,51500,415
2026-04-09 14:52:00,51500,51500,51400,51400,429
2026-04-09 14:53:00,51500,51500,51400,51400,44
2026-04-09 14:54:00,51400,51400,51300,51300,419
2026-04-09 14:55:00,51300,51300,51300,51300,23
2026-04-09 14:56:00,51300,51300,51300,51300,44
2026-04-09 14:57:00,51300,51300,51200,51200,1615
2026-04-09 14:58:00,51300,51400,51300,51400,121
2026-04-09 14:59:00,51300,51300,51000,51300,1034
2026-04-09 15:00:00,51350,51400,51300,51300,139
2026-04-09 15:01:00,51400,51400,51300,51400,80
2026-04-09 15:02:00,51400,51400,51400,51400,12
2026-04-09 15:03:00,51400,51400,51400,51400,106
2026-04-09 15:04:00,51400,51400,51400,51400,11
2026-04-09 15:05:00,51400,51400,51400,51400,2
2026-04-09 15:06:00,51400,51400,51300,51300,12
2026-04-09 15:08:00,51300,51300,51300,51300,499
2026-04-09 15:09:00,51300,51300,51200,51200,360
2026-04-09 15:10:00,51300,51300,51100,51200,125
2026-04-09 15:11:00,51100,51100,51100,51100,17
2026-04-09 15:12:00,51200,51300,51000,51000,1002
2026-04-09 15:13:00,51300,51500,51300,51500,303
2026-04-09 15:14:00,51200,51700,51200,51400,1488
2026-04-09 15:15:00,51400,51500,51400,51400,4
2026-04-09 15:16:00,51500,51500,51400,51500,224
2026-04-09 15:17:00,51400,51400,51300,51400,66
2026-04-09 15:18:00,51100,51200,51100,51200,75
2026-04-09 15:19:00,51400,51500,51200,51500,366
2026-04-09 15:30:00,51800,51800,51800,51800,444
2026-04-09 15:35:00,51800,51800,51800,51800,2
2026-04-10 09:00:00,53100,53100,52800,53100,930
2026-04-10 09:01:00,53100,53100,52400,52900,870
2026-04-10 09:02:00,52600,52800,52100,52100,749
2026-04-10 09:03:00,52100,52200,52100,52100,732
2026-04-10 09:04:00,52100,52100,51900,52000,1329
2026-04-10 09:05:00,51900,52000,51900,52000,147
2026-04-10 09:06:00,51900,51900,51700,51800,1248
2026-04-10 09:07:00,51700,51700,51400,51400,71
2026-04-10 09:08:00,51400,51400,51100,51400,325
2026-04-10 09:09:00,51700,51700,51100,51200,585
2026-04-10 09:10:00,51200,51700,51200,51700,336
2026-04-10 09:11:00,51800,51800,51800,51800,59
2026-04-10 09:12:00,51800,51800,51100,51100,819
2026-04-10 09:13:00,51100,51500,51100,51300,343
2026-04-10 09:14:00,51300,51400,51000,51100,299
2026-04-10 09:15:00,51100,51200,51000,51100,76
2026-04-10 09:16:00,51200,51200,51200,51200,47
2026-04-10 09:17:00,51200,51200,51100,51200,181
2026-04-10 09:18:00,51300,51300,51200,51300,294
2026-04-10 09:19:00,51300,51300,51200,51300,198
2026-04-10 09:20:00,51300,51300,51200,51200,33
2026-04-10 09:21:00,51200,51300,51200,51200,110
2026-04-10 09:22:00,51300,51400,51300,51300,49
2026-04-10 09:23:00,51300,51300,51300,51300,92
2026-04-10 09:24:00,51300,51600,51300,51600,68
2026-04-10 09:25:00,51600,51600,51400,51600,62
2026-04-10 09:26:00,51600,51600,51400,51400,138
2026-04-10 09:27:00,51400,51600,51300,51600,62
2026-04-10 09:28:00,51300,51300,51300,51300,27
2026-04-10 09:29:00,51350,51350,51200,51200,63
2026-04-10 09:30:00,51300,51300,51250,51300,31
2026-04-10 09:31:00,51300,51300,51200,51300,372
2026-04-10 09:32:00,51300,51400,51200,51400,115
2026-04-10 09:33:00,51400,51400,51400,51400,207
2026-04-10 09:34:00,51400,51500,51400,51500,32
2026-04-10 09:35:00,51500,51600,51400,51500,319
2026-04-10 09:36:00,51600,51700,51600,51700,268
2026-04-10 09:37:00,51700,51700,51600,51600,22
2026-04-10 09:38:00,51600,51700,51600,51700,33
2026-04-10 09:39:00,51600,51700,51500,51500,82
2026-04-10 09:40:00,51600,51700,51600,51700,60
2026-04-10 09:41:00,51800,51800,51700,51800,10
2026-04-10 09:42:00,51700,51700,51500,51700,14
2026-04-10 09:43:00,51700,51700,51700,51700,47
2026-04-10 09:44:00,51600,51600,51500,51500,226
2026-04-10 09:45:00,51500,51500,51400,51400,47
2026-04-10 09:46:00,51400,51400,51400,51400,22
2026-04-10 09:47:00,51400,51400,51300,51400,225
2026-04-10 09:48:00,51300,51400,51300,51400,25
2026-04-10 09:49:00,51400,51400,51300,51300,123
2026-04-10 09:50:00,51400,51400,51400,51400,2
2026-04-10 09:51:00,51400,51500,51400,51500,113
2026-04-10 09:52:00,51500,51500,51400,51400,6
2026-04-10 09:53:00,51400,51400,51300,51400,158
2026-04-10 09:54:00,51400,51450,51350,51400,166
2026-04-10 09:55:00,51400,51500,51400,51500,76
2026-04-10 09:56:00,51500,51500,51400,51500,376
2026-04-10 09:57:00,51500,51700,51500,51700,124
2026-04-10 09:58:00,51700,52100,51700,52100,597
2026-04-10 09:59:00,52100,52300,52000,52200,679
2026-04-10 10:00:00,52200,52200,51900,52200,870
2026-04-10 10:01:00,52200,52200,51900,52000,167
2026-04-10 10:02:00,52100,52300,52100,52300,153
2026-04-10 10:03:00,52300,52300,52100,52100,119
2026-04-10 10:04:00,52200,52200,51900,52100,343
2026-04-10 10:05:00,52100,52100,51900,52100,129
2026-04-10 10:06:00,52000,52100,51900,52100,195
2026-04-10 10:07:00,52100,52200,52000,52100,432
2026-04-10 10:08:00,52100,52100,51800,51800,690
2026-04-10 10:09:00,51900,51900,51900,51900,88
2026-04-10 10:10:00,51800,52000,51800,51900,182
2026-04-10 10:11:00,51900,51900,51900,51900,124
2026-04-10 10:12:00,51900,51900,51800,51800,111
2026-04-10 10:13:00,51900,51900,51900,51900,17
2026-04-10 10:14:00,51900,51900,51700,51800,785
2026-04-10 10:15:00,51600,51800,51600,51800,38
2026-04-10 10:16:00,51800,51800,51800,51800,57
2026-04-10 10:17:00,51800,51800,51800,51800,3
2026-04-10 10:18:00,51700,51700,51600,51600,29
2026-04-10 10:19:00,51600,51600,51600,51600,247
2026-04-10 10:20:00,51500,51800,51500,51800,27
2026-04-10 10:21:00,51800,51800,51800,51800,11
2026-04-10 10:22:00,51800,51800,51100,51100,1462
2026-04-10 10:23:00,51300,51300,51300,51300,18
2026-04-10 10:24:00,51300,51400,51300,51300,386
2026-04-10 10:25:00,51300,51600,51300,51400,113
2026-04-10 10:26:00,51400,51400,51350,51400,25
2026-04-10 10:27:00,51400,51400,51400,51400,31
2026-04-10 10:28:00,51400,51400,51300,51400,60
2026-04-10 10:29:00,51300,51300,51300,51300,225
2026-04-10 10:30:00,51300,51300,51200,51200,921
2026-04-10 10:31:00,51100,51200,51100,51200,240
2026-04-10 10:32:00,51200,51300,51100,51100,87
2026-04-10 10:33:00,51200,51200,51200,51200,25
2026-04-10 10:34:00,51100,51100,51000,51100,789
2026-04-10 10:35:00,51100,51100,51000,51000,46
2026-04-10 10:36:00,51050,51150,51050,51150,16
2026-04-10 10:37:00,51150,51150,51150,51150,1
2026-04-10 10:38:00,51200,51600,51200,51200,485
2026-04-10 10:39:00,51400,51400,51300,51300,21
2026-04-10 10:40:00,51200,51200,51200,51200,151
2026-04-10 10:41:00,51200,51200,51100,51100,35
2026-04-10 10:42:00,51100,51100,51100,51100,350
2026-04-10 10:44:00,51100,51100,51100,51100,5
2026-04-10 10:45:00,51200,51200,51200,51200,5
2026-04-10 10:46:00,51200,51200,51100,51200,36
2026-04-10 10:47:00,51100,51200,51100,51200,15
2026-04-10 10:48:00,51200,51200,51100,51100,20
2026-04-10 10:50:00,51150,51200,51150,51200,6
2026-04-10 10:51:00,51200,51200,51200,51200,2
2026-04-10 10:52:00,51200,51200,51000,51000,1022
2026-04-10 10:53:00,51000,51000,51000,51000,10
2026-04-10 10:54:00,51000,51100,51000,51100,240
2026-04-10 10:55:00,51100,51100,51000,51000,47
2026-04-10 10:56:00,51100,51100,51000,51100,150
2026-04-10 10:57:00,51100,51600,51000,51600,1618
2026-04-10 10:58:00,51600,51800,51600,51700,502
2026-04-10 10:59:00,51600,51800,51400,51800,421
2026-04-10 11:00:00,51800,51800,51400,51600,231
2026-04-10 11:01:00,51600,51600,51600,51600,220
2026-04-10 11:02:00,51500,51600,51400,51400,113
2026-04-10 11:03:00,51600,51700,51600,51700,102
2026-04-10 11:04:00,51500,51500,51200,51300,603
2026-04-10 11:05:00,51300,51300,51100,51100,158
2026-04-10 11:06:00,51300,51300,51300,51300,1
2026-04-10 11:07:00,51300,51300,51300,51300,41
2026-04-10 11:08:00,51300,51300,51200,51200,54
2026-04-10 11:09:00,51300,51300,51000,51000,1771
2026-04-10 11:10:00,51100,51100,51100,51100,10
2026-04-10 11:11:00,51100,51100,51100,51100,43
2026-04-10 11:12:00,51100,51200,51100,51200,110
2026-04-10 11:13:00,51200,51200,51100,51100,26
2026-04-10 11:14:00,51200,51200,51200,51200,1
2026-04-10 11:15:00,51200,51300,51200,51300,174
2026-04-10 11:16:00,51300,51300,51200,51300,47
2026-04-10 11:17:00,51300,51300,51200,51200,52
2026-04-10 11:18:00,51300,51300,51300,51300,7
2026-04-10 11:19:00,51300,51300,51300,51300,26
2026-04-10 11:20:00,51300,51300,51300,51300,18
2026-04-10 11:21:00,51300,51300,51300,51300,1
2026-04-10 11:22:00,51300,51300,51200,51200,120
2026-04-10 11:23:00,51200,51200,51200,51200,1
2026-04-10 11:24:00,51200,51300,51200,51300,42
2026-04-10 11:25:00,51300,51300,51200,51300,21
2026-04-10 11:26:00,51300,51300,51300,51300,57
2026-04-10 11:27:00,51200,51300,51200,51300,12
2026-04-10 11:28:00,51300,51300,51200,51300,65
2026-04-10 11:29:00,51200,51200,51000,51000,973
2026-04-10 11:30:00,51000,51000,51000,51000,10
2026-04-10 11:31:00,51000,51100,51000,51100,44
2026-04-10 11:32:00,51100,51100,51100,51100,18
2026-04-10 11:33:00,51100,51100,51100,51100,20
2026-04-10 11:34:00,51100,51100,51100,51100,7
2026-04-10 11:35:00,51100,51100,51100,51100,11
2026-04-10 11:36:00,51100,51100,51100,51100,22
2026-04-10 11:37:00,51100,51100,51100,51100,24
2026-04-10 11:38:00,51100,51100,51100,51100,2
2026-04-10 11:39:00,51100,51150,51100,51100,26
2026-04-10 11:40:00,51100,51100,51100,51100,5
2026-04-10 11:41:00,51200,51200,51100,51100,40
2026-04-10 11:42:00,51200,51200,51100,51100,8
2026-04-10 11:43:00,51150,51150,51100,51100,150
2026-04-10 11:44:00,51200,51900,51200,51900,1411
2026-04-10 11:45:00,51900,51900,51900,51900,11
2026-04-10 11:46:00,51700,51800,51500,51800,15
2026-04-10 11:47:00,51800,51800,51500,51500,42
2026-04-10 11:48:00,51500,51500,51500,51500,13
2026-04-10 11:49:00,51500,51700,51500,51700,201
2026-04-10 11:50:00,51500,51600,51500,51500,280
2026-04-10 11:51:00,51400,51400,51400,51400,13
2026-04-10 11:52:00,51200,51300,51200,51300,3
2026-04-10 11:53:00,51400,51400,51400,51400,50
2026-04-10 11:54:00,51400,51500,51400,51500,280
2026-04-10 11:55:00,51500,51500,51500,51500,55
2026-04-10 11:56:00,51500,51500,51500,51500,12
2026-04-10 11:57:00,51500,51600,51500,51600,8
2026-04-10 11:58:00,51600,51600,51600,51600,2
2026-04-10 11:59:00,51600,51600,51600,51600,132
2026-04-10 12:02:00,51500,51500,51500,51500,31
2026-04-10 12:03:00,51500,51500,51500,51500,90
2026-04-10 12:04:00,51500,51500,51500,51500,2
2026-04-10 12:06:00,51400,51500,51200,51200,474
2026-04-10 12:07:00,51200,51200,51200,51200,5
2026-04-10 12:08:00,51500,51500,51400,51400,17
2026-04-10 12:09:00,51300,51300,51300,51300,4
2026-04-10 12:10:00,51500,51500,51500,51500,20
2026-04-10 12:11:00,51300,51500,51200,51200,28
2026-04-10 12:12:00,51200,51200,51200,51200,50
2026-04-10 12:13:00,51200,51200,51200,51200,3
2026-04-10 12:14:00,51200,51200,51200,51200,40
2026-04-10 12:16:00,51500,51500,51500,51500,10
2026-04-10 12:17:00,51500,51500,51500,51500,1
2026-04-10 12:18:00,51500,51500,51500,51500,78
2026-04-10 12:19:00,51500,51500,51500,51500,20
2026-04-10 12:20:00,51300,51500,51300,51500,3
2026-04-10 12:23:00,51500,51500,51300,51300,3
2026-04-10 12:25:00,51300,51300,51200,51200,38
2026-04-10 12:26:00,51200,51200,51200,51200,110
2026-04-10 12:27:00,51200,51300,51200,51300,15
2026-04-10 12:28:00,51300,51300,51300,51300,4
2026-04-10 12:30:00,51300,51300,51300,51300,128
2026-04-10 12:31:00,51300,51300,51300,51300,22
2026-04-10 12:33:00,51200,51200,51200,51200,4
2026-04-10 12:34:00,51200,51300,51000,51300,2108
2026-04-10 12:35:00,51200,51200,51200,51200,4
2026-04-10 12:36:00,51100,51100,51000,51000,100
2026-04-10 12:37:00,51100,51100,51000,51000,21
2026-04-10 12:38:00,51200,51200,51200,51200,151
2026-04-10 12:39:00,51200,51200,51200,51200,21
2026-04-10 12:40:00,51200,51200,51100,51100,17
2026-04-10 12:41:00,51200,51200,51200,51200,23
2026-04-10 12:42:00,51200,51200,51200,51200,10
2026-04-10 12:43:00,51100,51200,51100,51200,51
2026-04-10 12:44:00,51200,51200,51100,51100,24
2026-04-10 12:45:00,51200,51200,51200,51200,5
2026-04-10 12:47:00,51200,51200,51100,51200,5
2026-04-10 12:48:00,51200,51200,51200,51200,5
2026-04-10 12:49:00,51200,51200,51200,51200,34
2026-04-10 12:50:00,51200,51200,51200,51200,11
2026-04-10 12:51:00,51200,51200,51200,51200,22
2026-04-10 12:52:00,51200,51300,51200,51300,102
2026-04-10 12:53:00,51200,51200,51200,51200,126
2026-04-10 12:54:00,51200,51200,51100,51200,126
2026-04-10 12:55:00,51200,51200,51200,51200,92
2026-04-10 12:56:00,51200,51200,51200,51200,1
2026-04-10 12:58:00,51200,51200,51200,51200,65
2026-04-10 12:59:00,51200,51200,51100,51100,32
2026-04-10 13:02:00,51100,51100,51100,51100,105
2026-04-10 13:04:00,51100,51100,51100,51100,3
2026-04-10 13:05:00,51200,51200,51200,51200,21
2026-04-10 13:06:00,51200,51200,51200,51200,28
2026-04-10 13:07:00,51200,51200,51200,51200,24
2026-04-10 13:08:00,51150,51200,51100,51200,206
2026-04-10 13:09:00,51200,51200,51100,51100,59
2026-04-10 13:10:00,51100,51100,51100,51100,45
2026-04-10 13:13:00,51200,51200,51200,51200,21
2026-04-10 13:15:00,51150,51150,51100,51100,147
2026-04-10 13:16:00,51100,51100,51100,51100,1
2026-04-10 13:17:00,51100,51100,51100,51100,5
2026-04-10 13:18:00,51100,51100,51100,51100,5
2026-04-10 13:20:00,51150,51200,51100,51200,4
2026-04-10 13:21:00,51100,51200,51100,51200,219
2026-04-10 13:22:00,51100,51100,51100,51100,173
2026-04-10 13:23:00,51200,51200,51200,51200,25
2026-04-10 13:24:00,51200,51200,51100,51100,113
2026-04-10 13:26:00,51150,51200,51150,51200,3
2026-04-10 13:27:00,51200,51200,51100,51200,35
2026-04-10 13:29:00,51100,51100,51100,51100,57
2026-04-10 13:30:00,51100,51100,51100,51100,4
2026-04-10 13:31:00,51100,51100,51100,51100,3
2026-04-10 13:32:00,51200,51200,51200,51200,3
2026-04-10 13:33:00,51200,51200,51200,51200,22
2026-04-10 13:34:00,51200,51200,51200,51200,22
2026-04-10 13:36:00,51200,51200,51200,51200,18
2026-04-10 13:37:00,51200,51200,51200,51200,5
2026-04-10 13:38:00,51200,51200,51200,51200,19
2026-04-10 13:39:00,51200,51200,51150,51150,126
2026-04-10 13:40:00,51100,51100,51100,51100,321
2026-04-10 13:41:00,51100,51100,51000,51100,12
2026-04-10 13:42:00,51100,51100,51100,51100,32
2026-04-10 13:43:00,51100,51100,51000,51100,140
2026-04-10 13:44:00,51100,51100,51000,51100,74
2026-04-10 13:45:00,51000,51000,51000,51000,107
2026-04-10 13:46:00,51050,51200,51050,51200,422
2026-04-10 13:47:00,51200,51200,51200,51200,1
2026-04-10 13:48:00,51200,51200,51100,51100,42
2026-04-10 13:49:00,51100,51200,51100,51200,31
2026-04-10 13:50:00,51200,51200,51200,51200,12
2026-04-10 13:51:00,51200,51200,51200,51200,1
2026-04-10 13:52:00,51200,51200,51200,51200,2
2026-04-10 13:53:00,51200,51200,51200,51200,2
2026-04-10 13:54:00,51150,51150,51100,51100,49
2026-04-10 13:55:00,51200,51300,51200,51300,562
2026-04-10 13:56:00,51200,51200,51200,51200,3
2026-04-10 13:57:00,51200,51200,51200,51200,150
2026-04-10 13:59:00,51200,51200,51200,51200,17
2026-04-10 14:00:00,51200,51300,51200,51200,17
2026-04-10 14:01:00,51200,51200,51200,51200,1
2026-04-10 14:02:00,51200,51300,51200,51200,72
2026-04-10 14:03:00,51200,51300,51100,51300,588
2026-04-10 14:04:00,51300,51300,51200,51300,11
2026-04-10 14:06:00,51200,51300,51200,51300,10
2026-04-10 14:07:00,51300,51300,51200,51200,15
2026-04-10 14:08:00,51200,51200,51200,51200,6
2026-04-10 14:09:00,51200,51200,51100,51100,114
2026-04-10 14:10:00,51200,51200,51200,51200,1
2026-04-10 14:11:00,51200,51200,51100,51100,36
2026-04-10 14:12:00,51200,51200,51200,51200,7
2026-04-10 14:13:00,51200,51200,51200,51200,10
2026-04-10 14:14:00,51200,51200,51200,51200,79
2026-04-10 14:15:00,51200,51200,51200,51200,23
2026-04-10 14:16:00,51200,51250,51200,51250,97
2026-04-10 14:17:00,51300,51300,51300,51300,105
2026-04-10 14:18:00,51300,51300,51250,51300,71
2026-04-10 14:19:00,51250,51250,51200,51200,110
2026-04-10 14:20:00,51200,51300,51200,51300,141
2026-04-10 14:22:00,51300,51300,51300,51300,4
2026-04-10 14:23:00,51250,51250,51200,51200,87
2026-04-10 14:24:00,51100,51200,51100,51200,21
2026-04-10 14:25:00,51100,51100,51100,51100,5
2026-04-10 14:26:00,51100,51200,51100,51200,124
2026-04-10 14:27:00,51200,51200,51200,51200,19
2026-04-10 14:28:00,51200,51200,51200,51200,4
2026-04-10 14:30:00,51200,51200,51200,51200,2
2026-04-10 14:31:00,51200,51200,51100,51100,10
2026-04-10 14:32:00,51200,51200,51200,51200,1
2026-04-10 14:33:00,51200,51200,51200,51200,19
2026-04-10 14:34:00,51200,51200,51200,51200,151
2026-04-10 14:35:00,51200,51200,51100,51200,3
2026-04-10 14:36:00,51100,51200,51100,51200,148
2026-04-10 14:37:00,51200,51200,51200,51200,20
2026-04-10 14:38:00,51200,51200,51200,51200,56
2026-04-10 14:39:00,51200,51200,51100,51100,328
2026-04-10 14:40:00,51100,51100,51100,51100,10
2026-04-10 14:41:00,51200,51200,51200,51200,18
2026-04-10 14:42:00,51200,51200,51100,51100,23
2026-04-10 14:43:00,51100,51100,51100,51100,1296
2026-04-10 14:44:00,51100,51100,51100,51100,97
2026-04-10 14:45:00,51100,51100,51100,51100,177
2026-04-10 14:46:00,51100,51100,51100,51100,41
2026-04-10 14:47:00,51100,51100,51100,51100,1013
2026-04-10 14:48:00,51100,51100,51100,51100,258
2026-04-10 14:49:00,51150,51200,51100,51100,146
2026-04-10 14:50:00,51100,51200,51100,51200,216
2026-04-10 14:51:00,51150,51150,51100,51100,100
2026-04-10 14:52:00,51200,51200,51200,51200,7
2026-04-10 14:53:00,51150,51150,51100,51100,65
2026-04-10 14:54:00,51200,51300,51200,51300,19
2026-04-10 14:55:00,51300,51300,51300,51300,23
2026-04-10 14:56:00,51200,51300,51200,51300,59
2026-04-10 14:57:00,51200,51300,51200,51200,15
2026-04-10 14:58:00,51200,51200,51100,51100,15
2026-04-10 14:59:00,51200,51200,51100,51100,60
2026-04-10 15:00:00,51200,51200,51150,51200,57
2026-04-10 15:01:00,51200,51200,51150,51150,14
2026-04-10 15:02:00,51200,51250,51200,51200,123
2026-04-10 15:03:00,51200,51200,51200,51200,119
2026-04-10 15:04:00,51300,51300,51300,51300,23
2026-04-10 15:06:00,51300,51300,51200,51200,277
2026-04-10 15:07:00,51200,51200,51100,51200,148
2026-04-10 15:08:00,51200,51200,51200,51200,10
2026-04-10 15:09:00,51200,51200,51200,51200,5
2026-04-10 15:10:00,51150,51150,51100,51100,268
2026-04-10 15:11:00,51100,51150,51100,51100,199
2026-04-10 15:12:00,51100,51200,51100,51100,476
2026-04-10 15:13:00,51100,51100,51000,51000,212
2026-04-10 15:15:00,51000,51000,51000,51000,115
2026-04-10 15:16:00,51000,51000,51000,51000,3
2026-04-10 15:17:00,51000,51000,51000,51000,60
2026-04-10 15:18:00,51000,51100,51000,51100,280
2026-04-10 15:19:00,51050,51100,51000,51100,255
2026-04-10 15:30:00,51000,51000,51000,51000,677
2026-04-10 15:35:00,51000,51000,51000,51000,100
2026-04-13 09:00:00,50000,50000,48500,49750,1706
2026-04-13 09:01:00,49700,49750,49500,49700,281
2026-04-13 09:02:00,49600,50500,49600,50000,1030
2026-04-13 09:03:00,49950,49950,49650,49900,622
2026-04-13 09:04:00,49900,50100,49650,50100,764
2026-04-13 09:05:00,50000,50400,50000,50400,466
2026-04-13 09:06:00,50400,50400,50000,50200,878
2026-04-13 09:07:00,50200,50200,50200,50200,34
2026-04-13 09:08:00,50100,50100,49800,49800,824
2026-04-13 09:09:00,49800,50100,49800,50000,580
2026-04-13 09:10:00,50000,50000,49800,50000,247
2026-04-13 09:11:00,50100,50100,49850,49900,131
2026-04-13 09:12:00,49900,50000,49850,50000,454
2026-04-13 09:13:00,49900,50000,49800,50000,361
2026-04-13 09:14:00,49850,50100,49850,50000,204
2026-04-13 09:15:00,50000,50100,49950,50100,150
2026-04-13 09:16:00,50100,50100,50100,50100,18
2026-04-13 09:17:00,50000,50000,50000,50000,42
2026-04-13 09:18:00,50100,50100,50000,50100,145
2026-04-13 09:19:00,50100,50100,50000,50100,202
2026-04-13 09:20:00,50100,50100,50000,50100,1121
2026-04-13 09:21:00,50000,50200,50000,50000,187
2026-04-13 09:22:00,50000,50200,50000,50200,10
2026-04-13 09:23:00,50200,50300,50200,50200,127
2026-04-13 09:24:00,50100,50100,50100,50100,50
2026-04-13 09:25:00,50100,50100,50000,50000,174
2026-04-13 09:26:00,50000,50000,49900,49900,349
2026-04-13 09:27:00,49950,49950,49900,49950,202
2026-04-13 09:28:00,49950,49950,49900,49950,753
2026-04-13 09:29:00,49950,49950,49950,49950,102
2026-04-13 09:30:00,50000,50200,50000,50200,57
2026-04-13 09:31:00,50300,50300,50250,50300,43
2026-04-13 09:32:00,50300,50350,50300,50300,22
2026-04-13 09:33:00,50200,50200,50100,50100,136
2026-04-13 09:34:00,50100,50100,50000,50000,112
2026-04-13 09:35:00,50100,50100,50000,50000,14
2026-04-13 09:36:00,50000,50000,49900,49950,617
2026-04-13 09:37:00,49850,49850,49700,49800,535
2026-04-13 09:38:00,49800,50000,49800,50000,12
2026-04-13 09:39:00,49850,50000,49750,49750,142
2026-04-13 09:40:00,49750,49800,49750,49800,257
2026-04-13 09:41:00,49800,50000,49800,50000,107
2026-04-13 09:42:00,49900,49900,49800,49900,31
2026-04-13 09:43:00,49950,49950,49900,49900,36
2026-04-13 09:44:00,49900,49900,49900,49900,95
2026-04-13 09:45:00,50000,50100,50000,50100,684
2026-04-13 09:46:00,50300,50300,50300,50300,24
2026-04-13 09:47:00,50300,50300,50000,50300,140
2026-04-13 09:48:00,50100,50500,50100,50500,107
2026-04-13 09:49:00,50500,50500,50500,50500,69
2026-04-13 09:50:00,50500,50600,50500,50600,93
2026-04-13 09:51:00,50700,50800,50700,50800,28
2026-04-13 09:52:00,50800,50800,50800,50800,45
2026-04-13 09:53:00,50800,50900,50600,50600,364
2026-04-13 09:54:00,50500,50500,50500,50500,131
2026-04-13 09:55:00,50500,50500,50500,50500,7
2026-04-13 09:56:00,50500,50500,50400,50400,241
2026-04-13 09:57:00,50400,50400,50400,50400,14
2026-04-13 09:58:00,50400,50500,50400,50500,168
2026-04-13 10:00:00,50500,50700,50500,50700,216
2026-04-13 10:01:00,50500,50700,50500,50700,5
2026-04-13 10:02:00,50700,50700,50300,50400,59
2026-04-13 10:03:00,50500,50500,50200,50200,15
2026-04-13 10:04:00,50500,50800,50200,50200,93
2026-04-13 10:05:00,50800,50800,50200,50700,32
2026-04-13 10:06:00,50700,50700,50700,50700,19
2026-04-13 10:07:00,50700,50700,50200,50600,147
2026-04-13 10:08:00,50600,50600,50100,50200,131
2026-04-13 10:09:00,50200,50200,50100,50200,70
2026-04-13 10:10:00,50300,50300,50200,50300,228
2026-04-13 10:11:00,50300,50300,50300,50300,5
2026-04-13 10:12:00,50300,50300,50300,50300,17
2026-04-13 10:13:00,50300,50300,50200,50200,367
2026-04-13 10:14:00,50500,50500,50350,50350,39
2026-04-13 10:15:00,50300,50300,50200,50300,33
2026-04-13 10:16:00,50200,50500,50200,50500,225
2026-04-13 10:17:00,50400,50400,50400,50400,26
2026-04-13 10:18:00,50400,50400,50200,50200,36
2026-04-13 10:19:00,50200,50200,50100,50200,258
2026-04-13 10:20:00,50200,50200,50200,50200,10
2026-04-13 10:21:00,50200,50200,50200,50200,1
2026-04-13 10:22:00,50200,50200,50200,50200,6
2026-04-13 10:23:00,50200,50200,50200,50200,11
2026-04-13 10:24:00,50200,50200,50100,50100,63
2026-04-13 10:25:00,50100,50200,50100,50200,51
2026-04-13 10:26:00,50200,50300,50200,50300,770
2026-04-13 10:28:00,50300,50300,50300,50300,12
2026-04-13 10:29:00,50200,50300,50200,50300,46
2026-04-13 10:30:00,50300,50300,50300,50300,4
2026-04-13 10:31:00,50200,50200,50200,50200,31
2026-04-13 10:32:00,50200,50200,50200,50200,29
2026-04-13 10:33:00,50150,50150,50100,50100,181
2026-04-13 10:34:00,50000,50200,50000,50200,53
2026-04-13 10:35:00,50200,50200,50200,50200,6
2026-04-13 10:37:00,50200,50200,50200,50200,2
2026-04-13 10:39:00,50200,50200,50200,50200,21
2026-04-13 10:40:00,50200,50200,50200,50200,9
2026-04-13 10:41:00,50150,50200,50100,50200,22
2026-04-13 10:42:00,50200,50200,50000,50000,445
2026-04-13 10:43:00,50200,50200,50200,50200,1
2026-04-13 10:44:00,50200,50200,50100,50100,229
2026-04-13 10:45:00,50300,50300,50300,50300,1
2026-04-13 10:46:00,50100,50300,50100,50200,46
2026-04-13 10:47:00,50200,50300,50200,50200,75
2026-04-13 10:49:00,50200,50200,50100,50100,41
2026-04-13 10:51:00,50300,50300,50300,50300,12
2026-04-13 10:52:00,50300,50300,50100,50300,12
2026-04-13 10:54:00,50300,50300,50300,50300,3
2026-04-13 10:55:00,50200,50200,50200,50200,51
2026-04-13 10:56:00,50100,50100,50000,50000,831
2026-04-13 10:57:00,50000,50100,50000,50000,506
2026-04-13 10:58:00,50100,50100,50100,50100,17
2026-04-13 10:59:00,50100,50200,50100,50200,169
2026-04-13 11:00:00,50000,50200,50000,50200,103
2026-04-13 11:01:00,50200,50200,50200,50200,1
2026-04-13 11:03:00,50200,50200,50200,50200,2
2026-04-13 11:05:00,50200,50200,50200,50200,1
2026-04-13 11:06:00,50100,50200,50100,50200,181
2026-04-13 11:07:00,50000,50000,49950,49950,238
2026-04-13 11:08:00,49950,49950,49950,49950,177
2026-04-13 11:09:00,49925,49950,49900,49950,280
2026-04-13 11:10:00,49950,49950,49850,49850,224
2026-04-13 11:11:00,49900,49900,49900,49900,70
2026-04-13 11:13:00,49850,49850,49850,49850,149
2026-04-13 11:14:00,49850,49850,49800,49800,29
2026-04-13 11:15:00,49800,50000,49800,49800,706
2026-04-13 11:16:00,49800,49800,49800,49800,162
2026-04-13 11:17:00,49800,50000,49800,49800,16
2026-04-13 11:19:00,49850,49850,49850,49850,2
2026-04-13 11:20:00,50000,50000,50000,50000,241
2026-04-13 11:21:00,50000,50000,50000,50000,44
2026-04-13 11:22:00,50100,50200,50100,50200,2
2026-04-13 11:23:00,50200,50200,50200,50200,6
2026-04-13 11:24:00,50200,50200,50200,50200,20
2026-04-13 11:25:00,50200,50200,50200,50200,133
2026-04-13 11:26:00,50100,50100,50100,50100,297
2026-04-13 11:27:00,50000,50100,49900,50100,395
2026-04-13 11:29:00,50000,50100,50000,50100,14
2026-04-13 11:30:00,50000,50100,50000,50100,198
2026-04-13 11:31:00,50100,50100,50100,50100,4
2026-04-13 11:32:00,50100,50100,50000,50000,37
2026-04-13 11:33:00,50100,50100,50100,50100,22
2026-04-13 11:34:00,50100,50200,50100,50100,19
2026-04-13 11:35:00,50000,50000,50000,50000,1
2026-04-13 11:36:00,50100,50100,50100,50100,102
2026-04-13 11:38:00,50100,50100,50100,50100,1
2026-04-13 11:40:00,50000,50100,50000,50100,145
2026-04-13 11:41:00,50100,50100,50100,50100,60
2026-04-13 11:43:00,50100,50100,50100,50100,10
2026-04-13 11:44:00,50100,50100,50100,50100,10
2026-04-13 11:45:00,50100,50100,50100,50100,11
2026-04-13 11:46:00,50000,50100,50000,50100,25
2026-04-13 11:47:00,50000,50000,50000,50000,36
2026-04-13 11:49:00,50200,50200,50200,50200,2
2026-04-13 11:50:00,50100,50100,50100,50100,1
2026-04-13 11:51:00,50100,50100,50100,50100,4
2026-04-13 11:52:00,50000,50000,50000,50000,8
2026-04-13 11:53:00,50000,50000,50000,50000,16
2026-04-13 11:56:00,50050,50100,50000,50100,10
2026-04-13 11:57:00,50100,50100,50100,50100,4
2026-04-13 11:58:00,50100,50100,50100,50100,55
2026-04-13 12:00:00,50100,50200,50100,50200,14
2026-04-13 12:01:00,50200,50200,50000,50000,106
2026-04-13 12:02:00,50000,50000,50000,50000,10
2026-04-13 12:04:00,50000,50200,50000,50200,11
2026-04-13 12:05:00,50200,50200,50000,50000,122
2026-04-13 12:07:00,50200,50200,50200,50200,1
2026-04-13 12:08:00,50200,50200,50200,50200,20
2026-04-13 12:09:00,50100,50100,50100,50100,26
2026-04-13 12:10:00,50100,50100,50100,50100,1
2026-04-13 12:11:00,50100,50100,50100,50100,1
2026-04-13 12:12:00,50100,50100,50100,50100,24
2026-04-13 12:13:00,50000,50000,50000,50000,4
2026-04-13 12:14:00,50000,50000,50000,50000,1
2026-04-13 12:15:00,50000,50000,50000,50000,20
2026-04-13 12:16:00,50000,50000,49900,49900,519
2026-04-13 12:18:00,49900,49900,49850,49850,33
2026-04-13 12:19:00,49900,49900,49900,49900,11
2026-04-13 12:21:00,49900,49900,49900,49900,7
2026-04-13 12:22:00,49900,49900,49900,49900,4
2026-04-13 12:23:00,49900,49900,49900,49900,13
2026-04-13 12:24:00,49950,49950,49900,49900,15
2026-04-13 12:25:00,49900,49900,49900,49900,37
2026-04-13 12:26:00,50000,50000,50000,50000,8
2026-04-13 12:27:00,49900,49900,49900,49900,463
2026-04-13 12:28:00,49875,49900,49850,49850,101
2026-04-13 12:29:00,49925,49925,49800,49800,871
2026-04-13 12:30:00,49800,49800,49800,49800,10
2026-04-13 12:32:00,49800,49950,49800,49950,16
2026-04-13 12:33:00,49950,49950,49950,49950,2
2026-04-13 12:34:00,49800,49800,49800,49800,14
2026-04-13 12:35:00,49875,49875,49875,49875,1
2026-04-13 12:36:00,49800,49875,49800,49875,76
2026-04-13 12:37:00,49850,49850,49850,49850,13
2026-04-13 12:38:00,49900,49900,49900,49900,3
2026-04-13 12:39:00,49900,49900,49900,49900,16
2026-04-13 12:40:00,49950,49950,49950,49950,2
2026-04-13 12:41:00,49950,49950,49950,49950,1
2026-04-13 12:42:00,49950,50000,49950,50000,389
2026-04-13 12:43:00,50100,50100,50100,50100,6
2026-04-13 12:46:00,50150,50200,50100,50200,71
2026-04-13 12:48:00,50200,50200,50200,50200,1
2026-04-13 12:49:00,50100,50200,50100,50200,9
2026-04-13 12:50:00,50200,50200,49950,49950,97
2026-04-13 12:51:00,49950,49950,49950,49950,50
2026-04-13 12:53:00,49950,49950,49950,49950,16
2026-04-13 12:54:00,49950,49950,49950,49950,10
2026-04-13 12:55:00,50000,50000,50000,50000,15
2026-04-13 12:56:00,50000,50000,50000,50000,10
2026-04-13 12:57:00,50100,50100,50100,50100,7
2026-04-13 12:59:00,50100,50100,50100,50100,4
2026-04-13 13:00:00,50100,50100,50100,50100,3
2026-04-13 13:01:00,50100,50100,50100,50100,18
2026-04-13 13:04:00,50200,50200,50200,50200,196
2026-04-13 13:06:00,50200,50200,50200,50200,6
2026-04-13 13:07:00,50200,50300,50200,50300,60
2026-04-13 13:08:00,50200,50200,50100,50100,203
2026-04-13 13:09:00,50100,50300,50100,50300,2
2026-04-13 13:11:00,50000,50000,50000,50000,108
2026-04-13 13:13:00,50100,50100,50100,50100,108
2026-04-13 13:14:00,50100,50100,49950,49950,79
2026-04-13 13:15:00,49950,49950,49950,49950,114
2026-04-13 13:16:00,49950,49950,49950,49950,17
2026-04-13 13:17:00,49950,49950,49800,49800,832
2026-04-13 13:18:00,49950,50100,49800,49800,135
2026-04-13 13:20:00,49800,49800,49800,49800,108
2026-04-13 13:22:00,49850,49850,49825,49850,137
2026-04-13 13:23:00,49800,49800,49700,49750,602
2026-04-13 13:24:00,49750,49750,49750,49750,2
2026-04-13 13:25:00,49850,49850,49750,49750,151
2026-04-13 13:26:00,49750,49850,49750,49850,55
2026-04-13 13:27:00,49750,49800,49750,49800,36
2026-04-13 13:28:00,49800,49800,49800,49800,17
2026-04-13 13:29:00,49800,49800,49800,49800,2
2026-04-13 13:30:00,49750,49750,49750,49750,118
2026-04-13 13:31:00,49750,49750,49750,49750,12
2026-04-13 13:32:00,49750,49750,49750,49750,106
2026-04-13 13:33:00,49750,49750,49750,49750,8
2026-04-13 13:34:00,49750,49750,49500,49550,1931
2026-04-13 13:35:00,49550,49600,49550,49600,50
2026-04-13 13:36:00,49600,49600,49550,49550,23
2026-04-13 13:37:00,49500,49500,49500,49500,109
2026-04-13 13:38:00,49600,49600,49600,49600,1
2026-04-13 13:39:00,49500,49500,49450,49450,1113
2026-04-13 13:40:00,49550,49550,49550,49550,20
2026-04-13 13:41:00,49550,49550,49550,49550,290
2026-04-13 13:42:00,49600,49850,49600,49850,338
2026-04-13 13:43:00,49850,49850,49850,49850,11
2026-04-13 13:44:00,49600,49600,49500,49500,2010
2026-04-13 13:46:00,49550,49550,49550,49550,124
2026-04-13 13:47:00,49550,49550,49550,49550,5
2026-04-13 13:48:00,49550,49550,49400,49400,177
2026-04-13 13:49:00,49450,49450,49450,49450,2
2026-04-13 13:50:00,49400,49400,49300,49300,3816
2026-04-13 13:51:00,49300,49350,49100,49300,2424
2026-04-13 13:53:00,49300,49300,49300,49300,26
2026-04-13 13:54:00,49250,49300,49000,49300,3102
2026-04-13 13:55:00,49300,49300,49300,49300,7
2026-04-13 13:56:00,49150,49200,49150,49200,110
2026-04-13 13:57:00,49250,49300,49250,49300,12
2026-04-13 13:58:00,49200,49300,49200,49300,119
2026-04-13 13:59:00,49350,49350,49350,49350,4
2026-04-13 14:00:00,49350,49350,49200,49200,115
2026-04-13 14:01:00,49350,49350,49350,49350,62
2026-04-13 14:02:00,49750,49750,49350,49650,371
2026-04-13 14:03:00,49650,49650,49350,49400,20
2026-04-13 14:04:00,49400,49400,49400,49400,9
2026-04-13 14:05:00,49400,49400,49300,49300,17
2026-04-13 14:06:00,49300,49300,49300,49300,8
2026-04-13 14:07:00,49300,49300,49300,49300,229
2026-04-13 14:08:00,49300,49300,49250,49250,111
2026-04-13 14:09:00,49250,49250,49250,49250,2
2026-04-13 14:10:00,49250,49250,49150,49150,230
2026-04-13 14:11:00,49125,49150,49100,49150,123
2026-04-13 14:12:00,49150,49150,49100,49150,224
2026-04-13 14:13:00,49300,49300,49150,49150,5
2026-04-13 14:15:00,49150,49150,49150,49150,108
2026-04-13 14:16:00,49200,49300,49200,49300,5
2026-04-13 14:17:00,49200,49200,49150,49150,51
2026-04-13 14:18:00,49200,49200,49150,49150,14
2026-04-13 14:19:00,49150,49150,49150,49150,141
2026-04-13 14:20:00,49150,49150,49150,49150,12
2026-04-13 14:21:00,49150,49150,49150,49150,34
2026-04-13 14:22:00,49150,49150,49150,49150,177
2026-04-13 14:23:00,49200,49200,49200,49200,126
2026-04-13 14:24:00,49300,49300,49150,49150,773
2026-04-13 14:25:00,49100,49100,49000,49100,1102
2026-04-13 14:26:00,49100,49100,49000,49000,160
2026-04-13 14:27:00,49000,49000,49000,49000,19
2026-04-13 14:28:00,49000,49000,48950,49000,16
2026-04-13 14:29:00,48950,48950,48900,48950,176
2026-04-13 14:30:00,49000,49000,48950,48975,56
2026-04-13 14:31:00,48975,48975,48900,48950,239
2026-04-13 14:32:00,48950,49000,48950,49000,27
2026-04-13 14:33:00,49000,49225,49000,49200,482
2026-04-13 14:34:00,49200,49200,49150,49150,215
2026-04-13 14:35:00,49200,49200,49200,49200,7
2026-04-13 14:36:00,49150,49150,49150,49150,122
2026-04-13 14:37:00,49150,49150,49150,49150,113
2026-04-13 14:38:00,49200,49650,49200,49300,1338
2026-04-13 14:40:00,49350,49350,49300,49300,1001
2026-04-13 14:41:00,49300,49300,49050,49050,370
2026-04-13 14:42:00,49100,49150,49100,49150,3
2026-04-13 14:43:00,49150,49200,49100,49200,127
2026-04-13 14:44:00,49200,49600,49200,49600,932
2026-04-13 14:45:00,49600,50400,49500,50400,2011
2026-04-13 14:46:00,49650,50300,49550,49700,341
2026-04-13 14:47:00,49850,50900,49850,50800,1858
2026-04-13 14:48:00,50300,50800,50200,50300,650
2026-04-13 14:49:00,50400,50500,50300,50500,70
2026-04-13 14:50:00,50500,50500,49900,50200,57
2026-04-13 14:51:00,50200,50200,50200,50200,2
2026-04-13 14:52:00,50200,50200,50000,50000,351
2026-04-13 14:53:00,50000,50100,50000,50100,195
2026-04-13 14:54:00,49950,49950,49900,49950,165
2026-04-13 14:55:00,49950,49950,49850,49850,86
2026-04-13 14:56:00,49900,50000,49900,50000,530
2026-04-13 14:57:00,50100,50100,49900,49900,137
2026-04-13 14:58:00,50000,50000,50000,50000,11
2026-04-13 14:59:00,50000,50000,49850,50000,589
2026-04-13 15:00:00,50000,50000,49850,50000,37
2026-04-13 15:02:00,50000,50000,49850,49850,136
2026-04-13 15:03:00,49850,49900,49850,49900,12
2026-04-13 15:04:00,49850,49900,49850,49900,152
2026-04-13 15:05:00,49850,49900,49850,49900,159
2026-04-13 15:06:00,49900,49900,49900,49900,25
2026-04-13 15:07:00,49850,49900,49850,49900,158
2026-04-13 15:08:00,49900,49900,49900,49900,5
2026-04-13 15:09:00,50000,50200,50000,50200,175
2026-04-13 15:10:00,50100,50100,50000,50000,245
2026-04-13 15:11:00,50000,50000,50000,50000,358
2026-04-13 15:12:00,49950,50000,49950,50000,90
2026-04-13 15:13:00,50100,50100,50100,50100,96
2026-04-13 15:14:00,50000,50100,50000,50100,121
2026-04-13 15:15:00,49950,49950,49950,49950,3
2026-04-13 15:16:00,50000,50000,50000,50000,109
2026-04-13 15:17:00,50000,50000,50000,50000,4
2026-04-13 15:18:00,50000,50700,50000,50400,628
2026-04-13 15:19:00,50400,50600,50300,50600,385
2026-04-13 15:30:00,50600,50600,50600,50600,499
2026-04-13 15:35:00,50600,50600,50600,50600,14
2026-04-14 09:00:00,51700,51700,51500,51600,1122
2026-04-14 09:01:00,51600,51900,51600,51900,749
2026-04-14 09:02:00,51900,51900,51400,51600,1305
2026-04-14 09:03:00,51600,51600,51400,51600,278
2026-04-14 09:04:00,51600,51600,51300,51300,131
2026-04-14 09:05:00,51400,51500,51400,51500,94
2026-04-14 09:06:00,51400,52200,51400,51900,2047
2026-04-14 09:07:00,52100,52400,52000,52300,1034
2026-04-14 09:08:00,52500,53000,52200,52900,1809
2026-04-14 09:09:00,52900,52900,52700,52800,834
2026-04-14 09:10:00,52800,53300,52800,53300,1557
2026-04-14 09:11:00,53100,53300,53000,53000,1787
2026-04-14 09:12:00,53000,53000,52700,52700,732
2026-04-14 09:13:00,52700,52700,52600,52600,340
2026-04-14 09:14:00,52600,52700,52300,52700,1062
2026-04-14 09:15:00,52800,52900,52800,52900,180
2026-04-14 09:16:00,52900,52900,52800,52800,145
2026-04-14 09:17:00,52800,52800,52700,52800,468
2026-04-14 09:18:00,52800,53600,52700,53500,3383
2026-04-14 09:19:00,53500,53800,53400,53800,2282
2026-04-14 09:20:00,53800,54000,53600,53700,1512
2026-04-14 09:21:00,53700,53800,53400,53500,819
2026-04-14 09:22:00,53700,53900,53600,53800,553
2026-04-14 09:23:00,53800,53800,53400,53600,569
2026-04-14 09:24:00,53600,54200,53600,53900,1171
2026-04-14 09:25:00,53900,53900,53550,53600,889
2026-04-14 09:26:00,53600,53600,53400,53400,532
2026-04-14 09:27:00,53600,53600,53300,53300,128
2026-04-14 09:28:00,53200,53300,52900,53300,608
2026-04-14 09:29:00,53200,53400,53100,53400,275
2026-04-14 09:30:00,53300,53400,53200,53200,437
2026-04-14 09:31:00,53200,54100,53200,54000,2664
2026-04-14 09:32:00,54000,54700,53900,54600,4598
2026-04-14 09:33:00,54500,55800,54500,55700,7610
2026-04-14 09:34:00,55600,55900,55000,55600,4076
2026-04-14 09:35:00,55500,56200,55100,56200,5305
2026-04-14 09:36:00,56200,56800,55900,56700,6306
2026-04-14 09:37:00,56700,56700,56200,56500,2831
2026-04-14 09:38:00,56600,56600,56000,56100,1956
2026-04-14 09:39:00,56100,56600,56000,56300,3055
2026-04-14 09:40:00,56500,56800,56300,56800,3469
2026-04-14 09:42:00,57000,57100,56700,57100,6920
2026-04-14 09:43:00,57000,57200,56600,57100,9539
2026-04-14 09:44:00,57100,57100,56200,57000,4880
2026-04-14 09:45:00,56800,57500,56300,57200,5276
2026-04-14 09:46:00,57200,58400,57100,58400,8819
2026-04-14 09:47:00,58400,58400,58000,58000,4442
2026-04-14 09:48:00,58000,58400,57950,58300,3821
2026-04-14 09:49:00,58100,58300,57700,57700,4673
2026-04-14 09:50:00,57700,58400,57600,58100,3631
2026-04-14 09:51:00,58100,58100,57700,58100,1830
2026-04-14 09:52:00,58000,58200,57900,58000,3000
2026-04-14 09:53:00,57900,58000,57600,57900,5167
2026-04-14 09:54:00,57900,57900,57600,57800,2405
2026-04-14 09:55:00,57800,58100,57700,58000,6365
2026-04-14 09:56:00,58000,58000,57600,57700,1763
2026-04-14 09:57:00,57800,58100,57500,58000,3806
2026-04-14 09:58:00,58000,58600,58000,58600,5555
2026-04-14 09:59:00,58450,58700,58200,58700,5311
2026-04-14 10:00:00,58700,59000,58500,59000,6772
2026-04-14 10:01:00,59000,59500,58900,59400,4334
2026-04-14 10:02:00,59500,59600,59100,59400,4399
2026-04-14 10:03:00,59400,59600,59000,59300,3108
2026-04-14 10:04:00,59400,59400,58800,58800,2604
2026-04-14 10:05:00,58900,59300,58600,59000,3107
2026-04-14 10:06:00,58900,59200,58700,59200,1837
2026-04-14 10:07:00,59100,59200,58800,59100,993
2026-04-14 10:08:00,59100,59100,58900,59000,701
2026-04-14 10:09:00,58900,59000,58500,58500,1374
2026-04-14 10:10:00,58400,58700,58400,58400,1197
2026-04-14 10:11:00,58400,59100,58400,58900,2427
2026-04-14 10:12:00,58900,59300,58900,59200,2280
2026-04-14 10:13:00,59200,60000,59100,60000,13014
2026-04-14 10:14:00,60000,60100,59700,59900,9340
2026-04-14 10:15:00,59900,60000,59600,59600,2384
2026-04-14 10:16:00,59600,59800,59300,59500,1792
2026-04-14 10:17:00,59500,59500,59100,59400,1718
2026-04-14 10:18:00,59500,59700,59400,59700,1993
2026-04-14 10:19:00,59650,59700,59400,59500,861
2026-04-14 10:20:00,59500,60000,59500,59900,2416
2026-04-14 10:21:00,59900,60000,59500,59800,2631
2026-04-14 10:22:00,59800,60600,59800,60600,10259
2026-04-14 10:23:00,60600,60800,60300,60400,5637
2026-04-14 10:24:00,60400,60700,60000,60300,3615
2026-04-14 10:25:00,60100,60400,60000,60400,2217
2026-04-14 10:26:00,60200,60400,59800,60000,3417
2026-04-14 10:27:00,60000,60000,59300,59400,2992
2026-04-14 10:28:00,59500,59700,59300,59700,1793
2026-04-14 10:29:00,59700,60900,59500,60500,8002
2026-04-14 10:30:00,60500,60500,59900,59900,2586
2026-04-14 10:31:00,60100,60800,59500,60100,4796
2026-04-14 10:32:00,60100,60200,59800,60000,1631
2026-04-14 10:33:00,59800,60200,59700,59800,1358
2026-04-14 10:34:00,59800,59850,59700,59700,892
2026-04-14 10:35:00,59750,60800,59500,60200,3504
2026-04-14 10:36:00,60500,60500,60000,60300,516
2026-04-14 10:37:00,60300,60800,60300,60800,2364
2026-04-14 10:38:00,60800,60800,60700,60700,1421
2026-04-14 10:39:00,60700,61000,60600,60600,4437
2026-04-14 10:40:00,60800,61300,60700,61300,6329
2026-04-14 10:41:00,61300,61300,60800,60900,3547
2026-04-14 10:42:00,61000,61300,60900,61300,1250
2026-04-14 10:43:00,61300,61900,61300,61800,8207
2026-04-14 10:44:00,61800,61900,61400,61900,3246
2026-04-14 10:45:00,61700,61700,61300,61400,3337
2026-04-14 10:46:00,61300,61900,61000,61400,6688
2026-04-14 10:47:00,61400,61800,61400,61400,1143
2026-04-14 10:48:00,61400,61900,61400,61900,2146
2026-04-14 10:49:00,61900,62100,61700,61800,7189
2026-04-14 10:50:00,61700,62200,61400,62200,9568
2026-04-14 10:51:00,62200,62200,61700,62100,2872
2026-04-14 10:52:00,61700,62200,61700,62100,2352
2026-04-14 10:53:00,62100,62100,61900,62000,1587
2026-04-14 10:54:00,62000,62100,61600,61700,1278
2026-04-14 10:55:00,61700,61900,61500,61800,1834
2026-04-14 10:56:00,61800,61900,61700,61850,1132
2026-04-14 10:57:00,61850,62100,61800,62000,2636
2026-04-14 10:58:00,62000,62400,61900,62400,4390
2026-04-14 10:59:00,62400,62600,62200,62600,6956
2026-04-14 11:01:00,62500,62500,62100,62200,10406
2026-04-14 11:02:00,62200,62400,61900,62000,4077
2026-04-14 11:03:00,62100,62200,61900,62000,2051
2026-04-14 11:04:00,61900,62150,61850,62100,3980
2026-04-14 11:05:00,62100,62200,61900,62100,680
2026-04-14 11:06:00,62000,62100,61500,61500,3037
2026-04-14 11:07:00,61500,61900,61400,61600,2182
2026-04-14 11:08:00,61600,61900,61500,61800,807
2026-04-14 11:09:00,61800,62000,61700,61800,814
2026-04-14 11:10:00,61900,61900,61700,61800,696
2026-04-14 11:11:00,61900,61900,61750,61800,476
2026-04-14 11:12:00,61800,61850,61500,61500,1094
2026-04-14 11:13:00,61600,61600,61300,61300,2560
2026-04-14 11:14:00,61400,61400,61100,61200,1437
2026-04-14 11:15:00,61200,61500,61100,61300,2005
2026-04-14 11:16:00,61300,61800,61300,61800,1100
2026-04-14 11:17:00,61800,62000,61700,61900,1084
2026-04-14 11:18:00,62000,62000,61900,62000,807
2026-04-14 11:19:00,62000,62100,61900,62000,1646
2026-04-14 11:20:00,62000,62100,62000,62100,1326
2026-04-14 11:21:00,62100,62200,61900,62100,1777
2026-04-14 11:22:00,62100,62200,61300,61400,1922
2026-04-14 11:23:00,61400,61400,61100,61300,1714
2026-04-14 11:24:00,61300,61300,60700,60700,2955
2026-04-14 11:25:00,60800,60900,60600,60600,2105
2026-04-14 11:26:00,60700,60800,60200,60300,1681
2026-04-14 11:27:00,60500,60500,60200,60400,1025
2026-04-14 11:28:00,60400,60600,60300,60300,3912
2026-04-14 11:29:00,60400,60400,59700,60100,2825
2026-04-14 11:30:00,60100,60100,59800,59800,1896
2026-04-14 11:31:00,59900,60200,59900,60200,1370
2026-04-14 11:32:00,60200,60300,60000,60100,1408
2026-04-14 11:33:00,60100,60100,59700,59700,1125
2026-04-14 11:34:00,59700,60200,59700,59900,1058
2026-04-14 11:35:00,59900,60300,59900,60300,491
2026-04-14 11:36:00,60300,60400,60300,60300,618
2026-04-14 11:37:00,60400,60400,60200,60300,1053
2026-04-14 11:38:00,60200,60200,60000,60100,826
2026-04-14 11:39:00,60200,60400,60100,60200,1854
2026-04-14 11:40:00,60200,60500,60000,60100,916
2026-04-14 11:41:00,60200,60200,59800,59800,1045
2026-04-14 11:42:00,59800,59900,59500,59500,1781
2026-04-14 11:43:00,59500,59700,59100,59200,3280
2026-04-14 11:44:00,59300,59600,59100,59400,2153
2026-04-14 11:45:00,59400,59500,59200,59400,1478
2026-04-14 11:46:00,59400,59800,59300,59500,1696
2026-04-14 11:47:00,59600,59700,59300,59300,776
2026-04-14 11:48:00,59500,59600,59400,59600,1324
2026-04-14 11:49:00,59500,59600,59500,59600,295
2026-04-14 11:50:00,59600,59700,59600,59600,964
2026-04-14 11:51:00,59600,59900,59500,59900,502
2026-04-14 11:52:00,59900,60000,59900,59900,736
2026-04-14 11:53:00,59900,59900,59800,59900,290
2026-04-14 11:54:00,59900,60000,59700,60000,591
2026-04-14 11:55:00,60000,60000,59800,59900,182
2026-04-14 11:56:00,59900,59900,59500,59500,591
2026-04-14 11:57:00,59600,59800,59500,59600,340
2026-04-14 11:58:00,59600,59700,59500,59600,153
2026-04-14 11:59:00,59600,59900,59100,59400,2033
2026-04-14 12:00:00,59700,59700,59400,59600,361
2026-04-14 12:01:00,59600,59600,59400,59400,60
2026-04-14 12:02:00,59400,59700,59400,59600,462
2026-04-14 12:03:00,59700,59700,59300,59400,878
2026-04-14 12:04:00,59400,59400,59150,59200,640
2026-04-14 12:05:00,59300,59500,59200,59300,1217
2026-04-14 12:06:00,59400,59600,59300,59400,440
2026-04-14 12:07:00,59400,59400,59200,59300,894
2026-04-14 12:08:00,59300,59400,59000,59300,1254
2026-04-14 12:09:00,59200,59300,59000,59200,684
2026-04-14 12:10:00,59300,59300,59100,59200,630
2026-04-14 12:11:00,59300,59400,59000,59100,471
2026-04-14 12:12:00,59200,59200,59000,59200,239
2026-04-14 12:13:00,59300,59400,59200,59200,417
2026-04-14 12:14:00,59300,59500,59300,59400,239
2026-04-14 12:15:00,59500,59600,59500,59600,974
2026-04-14 12:16:00,59600,59700,59500,59700,500
2026-04-14 12:17:00,59650,59700,59600,59650,541
2026-04-14 12:18:00,59650,59700,59500,59500,778
2026-04-14 12:19:00,59500,59600,59300,59400,125
2026-04-14 12:20:00,59600,59700,59600,59700,201
2026-04-14 12:21:00,59700,59800,59600,59800,663
2026-04-14 12:22:00,59800,59900,59700,59900,885
2026-04-14 12:23:00,59900,59900,59800,59800,270
2026-04-14 12:24:00,59800,60000,59700,59900,198
2026-04-14 12:25:00,59900,59900,59700,59800,259
2026-04-14 12:26:00,59800,59800,59700,59700,287
2026-04-14 12:27:00,59800,59900,59700,59900,458
2026-04-14 12:28:00,59900,59900,59800,59800,371
2026-04-14 12:29:00,59800,59900,59800,59800,447
2026-04-14 12:30:00,59900,59900,59700,59800,1110
2026-04-14 12:31:00,59600,59600,59100,59400,1498
2026-04-14 12:32:00,59500,59600,59500,59500,173
2026-04-14 12:33:00,59500,59700,59500,59500,505
2026-04-14 12:34:00,59500,60200,59400,60200,5724
2026-04-14 12:35:00,60200,60200,60000,60200,2497
2026-04-14 12:36:00,60200,60300,59900,59900,2584
2026-04-14 12:37:00,60200,60200,59800,59900,1733
2026-04-14 12:38:00,59900,59900,59800,59900,369
2026-04-14 12:39:00,59900,60000,59800,59900,744
2026-04-14 12:40:00,60000,60000,59800,59800,1141
2026-04-14 12:41:00,59900,60000,59850,59900,334
2026-04-14 12:42:00,60000,60000,59800,59900,402
2026-04-14 12:43:00,59800,59900,59700,59800,865
2026-04-14 12:44:00,59800,59800,59700,59700,354
2026-04-14 12:45:00,59700,59800,59700,59700,198
2026-04-14 12:46:00,59700,59700,59600,59600,259
2026-04-14 12:47:00,59600,59700,59600,59600,1271
2026-04-14 12:48:00,59600,59700,59600,59600,200
2026-04-14 12:49:00,59600,59700,59600,59600,513
2026-04-14 12:50:00,59600,59700,59600,59600,273
2026-04-14 12:51:00,59600,59700,59600,59700,189
2026-04-14 12:52:00,59700,59800,59650,59700,472
2026-04-14 12:53:00,59700,59900,59700,59800,374
2026-04-14 12:54:00,59900,60100,59900,60100,783
2026-04-14 12:55:00,60000,60100,59900,60100,1120
2026-04-14 12:56:00,60000,60100,60000,60000,1086
2026-04-14 12:57:00,60100,60100,59900,59900,491
2026-04-14 12:58:00,59800,59900,59800,59900,210
2026-04-14 12:59:00,59900,60000,59700,59700,332
2026-04-14 13:00:00,59900,59900,59700,59800,481
2026-04-14 13:01:00,59800,59800,59700,59700,157
2026-04-14 13:02:00,59700,59800,59600,59600,280
2026-04-14 13:03:00,59600,59700,59600,59700,282
2026-04-14 13:04:00,59600,59700,59500,59700,670
2026-04-14 13:05:00,59600,59700,59500,59500,317
2026-04-14 13:06:00,59500,59600,59500,59500,451
2026-04-14 13:07:00,59500,59600,59500,59500,192
2026-04-14 13:08:00,59500,59600,59500,59500,438
2026-04-14 13:09:00,59500,59600,59500,59500,270
2026-04-14 13:10:00,59500,59800,59400,59800,1489
2026-04-14 13:11:00,59800,60000,59800,59900,316
2026-04-14 13:12:00,59900,60200,59900,60100,1772
2026-04-14 13:13:00,60100,60400,60100,60300,2880
2026-04-14 13:14:00,60200,60200,60100,60200,580
2026-04-14 13:15:00,60200,60300,60200,60200,137
2026-04-14 13:16:00,60300,60500,60200,60500,2283
2026-04-14 13:17:00,60600,60900,60500,60900,2502
2026-04-14 13:18:00,60900,60900,60600,60700,953
2026-04-14 13:19:00,60700,60700,60600,60700,543
2026-04-14 13:20:00,60700,60700,60600,60600,315
2026-04-14 13:21:00,60700,60800,60500,60800,746
2026-04-14 13:22:00,60600,60800,60600,60700,868
2026-04-14 13:23:00,60750,60800,60600,60700,1251
2026-04-14 13:24:00,60700,60900,60700,60900,1232
2026-04-14 13:25:00,60900,60900,60800,60800,639
2026-04-14 13:26:00,60700,60800,60500,60500,704
2026-04-14 13:27:00,60500,60550,60400,60500,622
2026-04-14 13:28:00,60500,60500,60400,60500,77
2026-04-14 13:29:00,60400,60500,60400,60400,462
2026-04-14 13:30:00,60400,60400,60300,60300,311
2026-04-14 13:31:00,60300,60300,60200,60300,212
2026-04-14 13:32:00,60300,60300,60200,60300,273
2026-04-14 13:33:00,60250,60300,59950,60000,1475
2026-04-14 13:34:00,60100,60500,60000,60500,664
2026-04-14 13:35:00,60500,60500,60200,60200,184
2026-04-14 13:36:00,60300,60400,60200,60200,114
2026-04-14 13:37:00,60200,60200,60100,60100,248
2026-04-14 13:38:00,60100,60100,60000,60000,779
2026-04-14 13:39:00,60000,60000,59800,59900,537
2026-04-14 13:40:00,59900,59900,59700,59700,1154
2026-04-14 13:41:00,59700,60000,59700,59700,769
2026-04-14 13:42:00,59800,60000,59700,59900,206
2026-04-14 13:43:00,59900,59900,59800,59800,336
2026-04-14 13:44:00,59850,60300,59850,60300,581
2026-04-14 13:45:00,60300,60300,60200,60200,534
2026-04-14 13:46:00,60200,60300,60200,60250,416
2026-04-14 13:47:00,60300,60400,60300,60400,331
2026-04-14 13:48:00,60400,60400,60300,60300,512
2026-04-14 13:49:00,60400,60400,60300,60300,103
2026-04-14 13:50:00,60400,60400,60300,60300,43
2026-04-14 13:51:00,60300,60500,60300,60300,598
2026-04-14 13:52:00,60300,60500,60300,60400,176
2026-04-14 13:53:00,60400,60500,60400,60500,289
2026-04-14 13:54:00,60400,60700,60400,60600,1708
2026-04-14 13:55:00,60700,60700,60600,60700,488
2026-04-14 13:56:00,60700,60700,60600,60700,251
2026-04-14 13:57:00,60700,60700,60600,60600,237
2026-04-14 13:58:00,60700,60700,60500,60500,345
2026-04-14 13:59:00,60500,60500,60400,60400,430
2026-04-14 14:00:00,60400,60400,60100,60200,1351
2026-04-14 14:01:00,60300,60400,60200,60300,241
2026-04-14 14:02:00,60200,60300,60000,60100,495
2026-04-14 14:03:00,60200,60300,60100,60300,544
2026-04-14 14:04:00,60300,60300,60200,60300,449
2026-04-14 14:05:00,60300,60400,60300,60400,244
2026-04-14 14:06:00,60300,60400,60300,60400,228
2026-04-14 14:07:00,60300,60400,60300,60300,209
2026-04-14 14:08:00,60300,60300,60200,60200,152
2026-04-14 14:09:00,60200,60300,60200,60200,314
2026-04-14 14:10:00,60300,60300,60100,60200,110
2026-04-14 14:11:00,60100,60300,60100,60200,501
2026-04-14 14:12:00,60300,60300,60200,60300,661
2026-04-14 14:13:00,60300,60300,60200,60200,360
2026-04-14 14:14:00,60300,60400,60200,60300,660
2026-04-14 14:15:00,60400,60400,60300,60300,185
2026-04-14 14:16:00,60300,60500,60300,60500,412
2026-04-14 14:17:00,60500,60500,60400,60400,137
2026-04-14 14:18:00,60400,60500,60400,60400,211
2026-04-14 14:19:00,60400,60400,60300,60400,158
2026-04-14 14:20:00,60400,60500,60300,60500,1628
2026-04-14 14:21:00,60500,60600,60500,60600,190
2026-04-14 14:22:00,60600,60600,60400,60500,799
2026-04-14 14:23:00,60500,60500,60400,60400,177
2026-04-14 14:24:00,60400,60500,60400,60500,470
2026-04-14 14:25:00,60500,60500,60400,60400,372
2026-04-14 14:26:00,60400,60400,60200,60300,341
2026-04-14 14:27:00,60300,60300,60200,60200,565
2026-04-14 14:28:00,60200,60600,60200,60300,3118
2026-04-14 14:29:00,60300,60500,60200,60400,1240
2026-04-14 14:30:00,60500,60500,60400,60500,243
2026-04-14 14:31:00,60400,60500,60400,60400,319
2026-04-14 14:32:00,60400,60500,60300,60500,799
2026-04-14 14:33:00,60400,60500,60300,60400,299
2026-04-14 14:34:00,60400,60400,60300,60400,379
2026-04-14 14:35:00,60500,60500,60300,60300,210
2026-04-14 14:36:00,60400,60400,60200,60200,240
2026-04-14 14:37:00,60400,60400,60200,60200,343
2026-04-14 14:38:00,60300,60300,60200,60300,225
2026-04-14 14:39:00,60300,60300,60200,60300,234
2026-04-14 14:40:00,60300,60300,60100,60100,548
2026-04-14 14:41:00,60100,60200,60000,60100,961
2026-04-14 14:42:00,60100,60100,60000,60000,606
2026-04-14 14:43:00,60000,60100,60000,60000,791
2026-04-14 14:44:00,60100,60100,60000,60100,448
2026-04-14 14:45:00,60100,60100,60000,60050,316
2026-04-14 14:46:00,60100,60150,60050,60100,532
2026-04-14 14:47:00,60100,60200,60100,60100,267
2026-04-14 14:48:00,60200,60300,60200,60300,1110
2026-04-14 14:49:00,60200,60400,60100,60300,1967
2026-04-14 14:50:00,60400,60500,60300,60400,654
2026-04-14 14:51:00,60400,60400,60300,60400,376
2026-04-14 14:52:00,60300,60700,60300,60700,3876
2026-04-14 14:53:00,60700,61000,60400,61000,2248
2026-04-14 14:54:00,60900,61100,60800,61000,2233
2026-04-14 14:55:00,61000,61200,60900,61100,794
2026-04-14 14:56:00,61100,61200,61000,61100,1112
2026-04-14 14:57:00,61100,61300,61000,61200,1187
2026-04-14 14:58:00,61200,61300,61100,61100,1228
2026-04-14 14:59:00,61000,61200,61000,61100,747
2026-04-14 15:00:00,61100,61100,60700,60800,1615
2026-04-14 15:01:00,60700,60800,60700,60800,415
2026-04-14 15:02:00,60750,61000,60700,61000,494
2026-04-14 15:03:00,60800,61000,60700,60900,607
2026-04-14 15:04:00,61000,61000,60500,60600,1619
2026-04-14 15:05:00,60600,60800,60600,60600,1167
2026-04-14 15:06:00,60650,60800,60600,60700,356
2026-04-14 15:07:00,60700,60700,60500,60600,1385
2026-04-14 15:08:00,60500,60700,60500,60700,187
2026-04-14 15:09:00,60600,60700,60500,60500,998
2026-04-14 15:10:00,60500,60600,60400,60500,727
2026-04-14 15:11:00,60500,60500,60300,60500,688
2026-04-14 15:12:00,60400,60400,60200,60200,461
2026-04-14 15:13:00,60200,60400,60100,60100,735
2026-04-14 15:14:00,60200,60600,60100,60600,693
2026-04-14 15:15:00,60600,60900,60500,60700,2004
2026-04-14 15:16:00,60700,60800,60700,60800,866
2026-04-14 15:17:00,60750,60800,60600,60700,362
2026-04-14 15:18:00,60700,60800,60700,60800,511
2026-04-14 15:19:00,60700,60800,60650,60700,870
2026-04-14 15:30:00,60800,60800,60800,60800,6336
