date_idx,open,high,low,close,volume
2026-03-16 14:28:00,3140,3140,3140,3140,255
2026-03-16 14:31:00,3135,3135,3135,3135,56
2026-03-16 14:33:00,3140,3140,3140,3140,11
2026-03-16 14:39:00,3140,3140,3135,3140,178
2026-03-16 14:40:00,3135,3135,3135,3135,218
2026-03-16 14:41:00,3135,3135,3135,3135,1
2026-03-16 14:42:00,3135,3140,3135,3140,6
2026-03-16 14:44:00,3135,3135,3125,3125,2131
2026-03-16 14:45:00,3130,3130,3130,3130,16
2026-03-16 14:46:00,3130,3130,3130,3130,85
2026-03-16 14:47:00,3130,3130,3125,3125,350
2026-03-16 14:49:00,3125,3125,3125,3125,410
2026-03-16 14:50:00,3125,3125,3120,3120,530
2026-03-16 14:52:00,3130,3130,3130,3130,225
2026-03-16 14:53:00,3130,3130,3130,3130,19
2026-03-16 14:55:00,3130,3130,3130,3130,34
2026-03-16 14:56:00,3120,3130,3120,3130,1485
2026-03-16 14:59:00,3135,3135,3135,3135,1
2026-03-16 15:01:00,3135,3140,3135,3140,300
2026-03-16 15:04:00,3135,3140,3135,3135,315
2026-03-16 15:05:00,3140,3140,3135,3135,413
2026-03-16 15:06:00,3145,3170,3135,3145,631
2026-03-16 15:07:00,3135,3140,3135,3140,348
2026-03-16 15:08:00,3140,3140,3140,3140,120
2026-03-16 15:09:00,3140,3140,3135,3135,20
2026-03-16 15:10:00,3145,3145,3140,3145,54
2026-03-16 15:11:00,3145,3145,3145,3145,227
2026-03-16 15:12:00,3135,3140,3135,3135,814
2026-03-16 15:13:00,3140,3140,3140,3140,100
2026-03-16 15:16:00,3140,3140,3140,3140,539
2026-03-16 15:17:00,3145,3145,3145,3145,1501
2026-03-16 15:19:00,3130,3155,3130,3130,602
2026-03-16 15:30:00,3120,3120,3120,3120,4875
2026-03-16 15:35:00,3120,3120,3120,3120,2421
2026-03-17 09:00:00,3150,3170,3150,3170,10803
2026-03-17 09:01:00,3170,3170,3155,3160,1855
2026-03-17 09:02:00,3170,3205,3170,3205,3568
2026-03-17 09:03:00,3185,3185,3175,3175,174
2026-03-17 09:04:00,3175,3175,3165,3175,121
2026-03-17 09:05:00,3165,3165,3160,3160,198
2026-03-17 09:06:00,3175,3175,3160,3170,252
2026-03-17 09:07:00,3170,3170,3170,3170,24
2026-03-17 09:08:00,3170,3170,3170,3170,226
2026-03-17 09:10:00,3185,3190,3170,3190,450
2026-03-17 09:11:00,3200,3210,3190,3195,3129
2026-03-17 09:12:00,3200,3200,3195,3195,72
2026-03-17 09:13:00,3185,3195,3180,3180,693
2026-03-17 09:14:00,3180,3190,3180,3190,747
2026-03-17 09:15:00,3190,3195,3190,3190,1499
2026-03-17 09:16:00,3195,3195,3190,3190,780
2026-03-17 09:17:00,3190,3195,3190,3195,2228
2026-03-17 09:20:00,3190,3200,3190,3200,283
2026-03-17 09:21:00,3200,3200,3195,3200,120
2026-03-17 09:22:00,3195,3195,3180,3180,700
2026-03-17 09:23:00,3205,3205,3185,3185,532
2026-03-17 09:25:00,3190,3190,3190,3190,200
2026-03-17 09:27:00,3195,3195,3195,3195,240
2026-03-17 09:28:00,3200,3200,3200,3200,131
2026-03-17 09:29:00,3195,3195,3180,3190,696
2026-03-17 09:30:00,3195,3210,3195,3210,2817
2026-03-17 09:31:00,3205,3235,3200,3210,6015
2026-03-17 09:32:00,3205,3205,3205,3205,1
2026-03-17 09:33:00,3210,3210,3210,3210,31
2026-03-17 09:34:00,3225,3225,3225,3225,21
2026-03-17 09:35:00,3225,3225,3215,3215,6
2026-03-17 09:36:00,3225,3230,3215,3230,498
2026-03-17 09:37:00,3230,3230,3225,3225,16
2026-03-17 09:38:00,3225,3225,3225,3225,6
2026-03-17 09:39:00,3225,3275,3225,3240,2326
2026-03-17 09:40:00,3245,3255,3245,3255,234
2026-03-17 09:41:00,3250,3250,3225,3250,307
2026-03-17 09:42:00,3225,3225,3225,3225,57
2026-03-17 09:44:00,3245,3315,3240,3315,9812
2026-03-17 09:45:00,3285,3285,3255,3255,1328
2026-03-17 09:46:00,3250,3250,3240,3240,508
2026-03-17 09:47:00,3240,3240,3240,3240,1
2026-03-17 09:48:00,3240,3305,3240,3255,8076
2026-03-17 09:49:00,3275,3295,3245,3245,7663
2026-03-17 09:50:00,3265,3265,3230,3250,448
2026-03-17 09:51:00,3230,3230,3230,3230,538
2026-03-17 09:53:00,3250,3300,3250,3290,4052
2026-03-17 09:54:00,3280,3280,3280,3280,10
2026-03-17 09:55:00,3280,3285,3280,3285,1003
2026-03-17 09:56:00,3270,3270,3270,3270,94
2026-03-17 09:57:00,3255,3270,3255,3270,57
2026-03-17 09:58:00,3270,3290,3245,3275,2278
2026-03-17 09:59:00,3275,3275,3250,3250,1153
2026-03-17 10:00:00,3250,3250,3250,3250,25
2026-03-17 10:01:00,3265,3310,3265,3310,6000
2026-03-17 10:02:00,3310,3310,3285,3285,114
2026-03-17 10:03:00,3290,3310,3290,3310,2000
2026-03-17 10:04:00,3280,3300,3280,3300,6
2026-03-17 10:05:00,3295,3315,3285,3285,1511
2026-03-17 10:06:00,3285,3290,3285,3290,354
2026-03-17 10:07:00,3285,3290,3285,3285,57
2026-03-17 10:08:00,3275,3290,3275,3290,25
2026-03-17 10:09:00,3285,3285,3285,3285,9
2026-03-17 10:10:00,3275,3275,3275,3275,1
2026-03-17 10:11:00,3275,3290,3275,3290,193
2026-03-17 10:12:00,3270,3270,3270,3270,7
2026-03-17 10:16:00,3275,3275,3275,3275,13
2026-03-17 10:17:00,3280,3285,3275,3285,143
2026-03-17 10:18:00,3285,3285,3285,3285,4
2026-03-17 10:19:00,3285,3285,3285,3285,15
2026-03-17 10:20:00,3285,3285,3285,3285,292
2026-03-17 10:21:00,3280,3280,3265,3265,827
2026-03-17 10:22:00,3275,3285,3275,3285,42
2026-03-17 10:23:00,3280,3280,3280,3280,20
2026-03-17 10:25:00,3270,3270,3270,3270,2
2026-03-17 10:26:00,3270,3270,3260,3270,3929
2026-03-17 10:27:00,3265,3265,3250,3250,302
2026-03-17 10:28:00,3260,3265,3260,3260,304
2026-03-17 10:29:00,3260,3260,3255,3255,160
2026-03-17 10:30:00,3255,3255,3250,3250,347
2026-03-17 10:31:00,3255,3255,3255,3255,215
2026-03-17 10:32:00,3257,3260,3257,3260,3
2026-03-17 10:33:00,3255,3255,3255,3255,111
2026-03-17 10:34:00,3260,3260,3260,3260,10
2026-03-17 10:35:00,3260,3260,3260,3260,279
2026-03-17 10:37:00,3260,3260,3260,3260,230
2026-03-17 10:38:00,3260,3260,3255,3255,191
2026-03-17 10:39:00,3260,3260,3260,3260,500
2026-03-17 10:40:00,3255,3255,3255,3255,47
2026-03-17 10:42:00,3260,3260,3260,3260,1186
2026-03-17 10:44:00,3260,3260,3255,3255,201
2026-03-17 10:46:00,3255,3255,3240,3245,324
2026-03-17 10:47:00,3245,3245,3245,3245,200
2026-03-17 10:48:00,3255,3265,3255,3265,320
2026-03-17 10:55:00,3245,3245,3245,3245,74
2026-03-17 10:58:00,3265,3265,3265,3265,5
2026-03-17 11:00:00,3245,3245,3245,3245,1
2026-03-17 11:04:00,3260,3260,3250,3260,196
2026-03-17 11:07:00,3255,3255,3255,3255,16
2026-03-17 11:11:00,3255,3255,3250,3250,157
2026-03-17 11:12:00,3260,3260,3250,3255,9714
2026-03-17 11:14:00,3260,3260,3260,3260,1
2026-03-17 11:19:00,3260,3260,3260,3260,10
2026-03-17 11:21:00,3260,3260,3240,3240,792
2026-03-17 11:22:00,3235,3235,3235,3235,89
2026-03-17 11:23:00,3235,3245,3220,3220,965
2026-03-17 11:24:00,3220,3220,3220,3220,1
2026-03-17 11:28:00,3235,3235,3235,3235,1
2026-03-17 11:33:00,3235,3240,3235,3240,24
2026-03-17 11:37:00,3235,3245,3235,3245,186
2026-03-17 11:38:00,3245,3245,3245,3245,35
2026-03-17 11:40:00,3245,3245,3245,3245,5
2026-03-17 11:43:00,3245,3245,3245,3245,18
2026-03-17 11:44:00,3245,3245,3245,3245,19
2026-03-17 11:45:00,3245,3245,3245,3245,39
2026-03-17 11:47:00,3245,3245,3245,3245,370
2026-03-17 11:48:00,3240,3240,3240,3240,74
2026-03-17 11:51:00,3230,3230,3230,3230,75
2026-03-17 11:52:00,3230,3230,3230,3230,75
2026-03-17 11:55:00,3235,3235,3200,3235,1240
2026-03-17 11:56:00,3235,3235,3235,3235,30
2026-03-17 12:02:00,3225,3225,3225,3225,1
2026-03-17 12:03:00,3225,3230,3200,3230,445
2026-03-17 12:04:00,3225,3230,3210,3230,27
2026-03-17 12:11:00,3210,3225,3205,3225,464
2026-03-17 12:12:00,3225,3225,3225,3225,931
2026-03-17 12:13:00,3225,3230,3225,3230,27
2026-03-17 12:15:00,3220,3230,3220,3220,40
2026-03-17 12:16:00,3220,3225,3215,3225,458
2026-03-17 12:17:00,3235,3235,3235,3235,1
2026-03-17 12:19:00,3235,3235,3235,3235,3
2026-03-17 12:21:00,3235,3235,3235,3235,21
2026-03-17 12:22:00,3235,3235,3235,3235,184
2026-03-17 12:23:00,3235,3235,3235,3235,10
2026-03-17 12:24:00,3235,3235,3235,3235,51
2026-03-17 12:27:00,3230,3230,3230,3230,103
2026-03-17 12:28:00,3225,3225,3225,3225,2
2026-03-17 12:31:00,3225,3225,3225,3225,5
2026-03-17 12:34:00,3235,3235,3220,3220,33
2026-03-17 12:36:00,3220,3220,3220,3220,154
2026-03-17 12:38:00,3220,3220,3220,3220,1
2026-03-17 12:39:00,3220,3220,3220,3220,3
2026-03-17 12:40:00,3215,3215,3205,3205,560
2026-03-17 12:41:00,3205,3205,3205,3205,200
2026-03-17 12:42:00,3220,3220,3220,3220,4
2026-03-17 12:43:00,3220,3220,3220,3220,4
2026-03-17 12:45:00,3215,3215,3215,3215,277
2026-03-17 12:46:00,3210,3210,3205,3205,674
2026-03-17 12:47:00,3215,3220,3215,3220,9
2026-03-17 12:49:00,3220,3220,3220,3220,3
2026-03-17 12:51:00,3220,3220,3210,3210,578
2026-03-17 12:52:00,3220,3220,3220,3220,4
2026-03-17 12:55:00,3220,3220,3220,3220,3
2026-03-17 12:57:00,3220,3220,3220,3220,3
2026-03-17 12:59:00,3220,3220,3220,3220,3
2026-03-17 13:01:00,3220,3220,3220,3220,5
2026-03-17 13:02:00,3220,3220,3220,3220,2
2026-03-17 13:04:00,3215,3215,3210,3210,230
2026-03-17 13:05:00,3215,3215,3215,3215,2
2026-03-17 13:07:00,3215,3215,3215,3215,2
2026-03-17 13:10:00,3215,3215,3215,3215,2
2026-03-17 13:11:00,3215,3215,3215,3215,4
2026-03-17 13:12:00,3210,3210,3180,3210,2254
2026-03-17 13:13:00,3200,3200,3190,3190,1274
2026-03-17 13:14:00,3195,3195,3195,3195,59
2026-03-17 13:15:00,3195,3195,3195,3195,34
2026-03-17 13:16:00,3205,3205,3205,3205,2
2026-03-17 13:17:00,3205,3205,3200,3200,60
2026-03-17 13:18:00,3210,3210,3210,3210,2
2026-03-17 13:20:00,3210,3210,3210,3210,2
2026-03-17 13:21:00,3210,3210,3210,3210,2
2026-03-17 13:22:00,3210,3215,3210,3215,65
2026-03-17 13:23:00,3215,3215,3215,3215,3
2026-03-17 13:24:00,3215,3215,3215,3215,102
2026-03-17 13:26:00,3215,3215,3210,3210,12
2026-03-17 13:28:00,3210,3210,3210,3210,2
2026-03-17 13:29:00,3215,3215,3215,3215,2
2026-03-17 13:31:00,3215,3215,3215,3215,2
2026-03-17 13:32:00,3215,3215,3215,3215,88
2026-03-17 13:33:00,3200,3200,3200,3200,12
2026-03-17 13:34:00,3215,3215,3205,3205,4
2026-03-17 13:38:00,3215,3215,3215,3215,2
2026-03-17 13:39:00,3215,3215,3215,3215,2
2026-03-17 13:41:00,3215,3215,3215,3215,2
2026-03-17 13:42:00,3215,3215,3215,3215,2
2026-03-17 13:43:00,3215,3215,3215,3215,2
2026-03-17 13:44:00,3215,3215,3215,3215,2
2026-03-17 13:45:00,3215,3215,3215,3215,2
2026-03-17 13:46:00,3215,3215,3215,3215,2
2026-03-17 13:48:00,3215,3215,3215,3215,2
2026-03-17 13:49:00,3210,3210,3210,3210,3
2026-03-17 13:50:00,3205,3205,3190,3205,331
2026-03-17 13:51:00,3190,3205,3190,3205,17
2026-03-17 13:53:00,3210,3210,3210,3210,2
2026-03-17 13:55:00,3210,3210,3210,3210,2
2026-03-17 13:56:00,3210,3210,3210,3210,2
2026-03-17 13:57:00,3210,3210,3195,3195,4
2026-03-17 13:58:00,3210,3210,3210,3210,2
2026-03-17 14:00:00,3210,3210,3205,3205,3
2026-03-17 14:01:00,3205,3205,3205,3205,1
2026-03-17 14:02:00,3210,3210,3210,3210,56
2026-03-17 14:03:00,3210,3210,3210,3210,32
2026-03-17 14:04:00,3210,3210,3210,3210,2
2026-03-17 14:06:00,3210,3210,3210,3210,2
2026-03-17 14:07:00,3210,3210,3210,3210,2
2026-03-17 14:08:00,3210,3210,3210,3210,50
2026-03-17 14:10:00,3210,3225,3210,3225,898
2026-03-17 14:11:00,3225,3225,3225,3225,18
2026-03-17 14:12:00,3220,3220,3220,3220,59
2026-03-17 14:13:00,3220,3225,3210,3210,675
2026-03-17 14:16:00,3210,3210,3210,3210,2
2026-03-17 14:17:00,3210,3225,3210,3225,32
2026-03-17 14:18:00,3225,3245,3225,3245,143
2026-03-17 14:19:00,3235,3245,3215,3230,52
2026-03-17 14:20:00,3220,3230,3215,3230,26
2026-03-17 14:21:00,3215,3230,3215,3230,6
2026-03-17 14:22:00,3220,3220,3220,3220,2
2026-03-17 14:23:00,3215,3215,3205,3205,136
2026-03-17 14:24:00,3205,3205,3205,3205,416
2026-03-17 14:26:00,3205,3205,3205,3205,229
2026-03-17 14:27:00,3205,3250,3205,3230,3067
2026-03-17 14:29:00,3225,3265,3220,3265,3040
2026-03-17 14:31:00,3230,3230,3230,3230,368
2026-03-17 14:34:00,3230,3230,3230,3230,212
2026-03-17 14:35:00,3240,3240,3240,3240,3
2026-03-17 14:38:00,3230,3230,3225,3225,21
2026-03-17 14:42:00,3230,3230,3220,3220,511
2026-03-17 14:43:00,3230,3230,3230,3230,1
2026-03-17 14:45:00,3220,3220,3220,3220,101
2026-03-17 14:46:00,3215,3215,3215,3215,8
2026-03-17 14:47:00,3220,3220,3220,3220,2
2026-03-17 14:48:00,3215,3215,3215,3215,52
2026-03-17 14:49:00,3225,3225,3225,3225,10
2026-03-17 14:50:00,3220,3220,3215,3215,92
2026-03-17 14:51:00,3215,3215,3215,3215,34
2026-03-17 14:52:00,3210,3215,3210,3210,41
2026-03-17 14:53:00,3215,3215,3215,3215,3
2026-03-17 14:54:00,3210,3210,3210,3210,54
2026-03-17 14:55:00,3210,3210,3210,3210,25
2026-03-17 14:56:00,3205,3210,3205,3205,133
2026-03-17 14:57:00,3210,3210,3210,3210,28
2026-03-17 14:58:00,3205,3205,3200,3200,1150
2026-03-17 14:59:00,3200,3200,3200,3200,378
2026-03-17 15:00:00,3200,3200,3200,3200,31
2026-03-17 15:01:00,3205,3205,3205,3205,132
2026-03-17 15:03:00,3205,3205,3205,3205,96
2026-03-17 15:04:00,3200,3200,3190,3195,703
2026-03-17 15:05:00,3195,3195,3195,3195,12
2026-03-17 15:06:00,3190,3195,3185,3195,3612
2026-03-17 15:07:00,3195,3210,3185,3210,350
2026-03-17 15:08:00,3210,3210,3195,3195,33
2026-03-17 15:10:00,3190,3190,3190,3190,414
2026-03-17 15:11:00,3185,3185,3185,3185,2276
2026-03-17 15:12:00,3190,3190,3190,3190,25
2026-03-17 15:13:00,3185,3185,3185,3185,22
2026-03-17 15:15:00,3190,3210,3190,3210,147
2026-03-17 15:16:00,3210,3210,3190,3190,215
2026-03-17 15:17:00,3210,3210,3190,3190,306
2026-03-17 15:18:00,3210,3210,3190,3190,219
2026-03-17 15:19:00,3190,3205,3190,3190,552
2026-03-17 15:30:00,3205,3205,3205,3205,2290
2026-03-17 15:35:00,3205,3205,3205,3205,7
2026-03-18 09:00:00,3240,3285,3220,3285,2605
2026-03-18 09:02:00,3265,3280,3230,3235,1542
2026-03-18 09:03:00,3240,3240,3240,3240,57
2026-03-18 09:04:00,3240,3240,3240,3240,112
2026-03-18 09:06:00,3260,3275,3240,3250,2455
2026-03-18 09:07:00,3255,3275,3255,3270,1109
2026-03-18 09:08:00,3270,3300,3270,3300,3157
2026-03-18 09:09:00,3300,3300,3300,3300,322
2026-03-18 09:10:00,3295,3295,3275,3290,400
2026-03-18 09:11:00,3275,3275,3265,3265,7
2026-03-18 09:12:00,3275,3275,3265,3265,770
2026-03-18 09:13:00,3280,3280,3265,3270,476
2026-03-18 09:14:00,3280,3295,3280,3295,1746
2026-03-18 09:15:00,3290,3295,3290,3295,1666
2026-03-18 09:18:00,3290,3290,3290,3290,2
2026-03-18 09:19:00,3270,3290,3270,3275,1099
2026-03-18 09:20:00,3270,3275,3265,3275,359
2026-03-18 09:21:00,3275,3275,3275,3275,3
2026-03-18 09:22:00,3270,3270,3255,3255,807
2026-03-18 09:23:00,3260,3280,3260,3280,473
2026-03-18 09:24:00,3280,3280,3255,3270,1216
2026-03-18 09:25:00,3270,3270,3255,3255,230
2026-03-18 09:29:00,3255,3255,3255,3255,175
2026-03-18 09:30:00,3255,3255,3255,3255,2
2026-03-18 09:33:00,3255,3260,3255,3260,301
2026-03-18 09:34:00,3250,3250,3250,3250,1
2026-03-18 09:35:00,3250,3250,3240,3240,946
2026-03-18 09:38:00,3240,3240,3240,3240,50
2026-03-18 09:39:00,3235,3235,3235,3235,459
2026-03-18 09:41:00,3230,3230,3225,3230,1013
2026-03-18 09:42:00,3230,3230,3225,3225,253
2026-03-18 09:43:00,3225,3230,3215,3220,2079
2026-03-18 09:47:00,3225,3225,3225,3225,100
2026-03-18 09:49:00,3230,3235,3230,3235,15
2026-03-18 09:50:00,3235,3235,3235,3235,23
2026-03-18 09:51:00,3230,3235,3220,3230,1056
2026-03-18 09:52:00,3235,3235,3230,3230,12
2026-03-18 09:53:00,3235,3235,3235,3235,5
2026-03-18 09:54:00,3230,3230,3225,3230,64
2026-03-18 09:55:00,3220,3250,3220,3225,1098
2026-03-18 09:56:00,3230,3230,3230,3230,16
2026-03-18 09:57:00,3230,3245,3230,3245,114
2026-03-18 09:58:00,3245,3245,3245,3245,386
2026-03-18 09:59:00,3250,3250,3245,3250,61
2026-03-18 10:00:00,3245,3245,3220,3240,2019
2026-03-18 10:01:00,3230,3230,3225,3225,500
2026-03-18 10:03:00,3230,3230,3230,3230,39
2026-03-18 10:04:00,3230,3240,3225,3240,55
2026-03-18 10:05:00,3225,3225,3225,3225,219
2026-03-18 10:06:00,3230,3230,3230,3230,334
2026-03-18 10:08:00,3230,3240,3230,3230,248
2026-03-18 10:10:00,3230,3230,3230,3230,100
2026-03-18 10:13:00,3230,3235,3230,3235,347
2026-03-18 10:14:00,3235,3235,3235,3235,132
2026-03-18 10:15:00,3235,3240,3230,3240,472
2026-03-18 10:17:00,3235,3240,3235,3240,6
2026-03-18 10:18:00,3240,3240,3230,3240,1092
2026-03-18 10:19:00,3240,3245,3240,3245,1232
2026-03-18 10:20:00,3245,3250,3245,3250,1926
2026-03-18 10:21:00,3245,3245,3245,3245,6
2026-03-18 10:22:00,3245,3245,3245,3245,294
2026-03-18 10:23:00,3245,3245,3240,3240,560
2026-03-18 10:24:00,3245,3245,3245,3245,34
2026-03-18 10:25:00,3240,3240,3240,3240,111
2026-03-18 10:27:00,3240,3240,3230,3240,795
2026-03-18 10:31:00,3235,3245,3235,3245,985
2026-03-18 10:32:00,3230,3230,3225,3230,2108
2026-03-18 10:33:00,3230,3240,3225,3230,1367
2026-03-18 10:34:00,3235,3235,3235,3235,73
2026-03-18 10:35:00,3240,3240,3240,3240,55
2026-03-18 10:38:00,3240,3245,3240,3245,8
2026-03-18 10:41:00,3245,3245,3245,3245,167
2026-03-18 10:42:00,3250,3250,3250,3250,2
2026-03-18 10:43:00,3245,3245,3245,3245,51
2026-03-18 10:44:00,3245,3245,3240,3240,571
2026-03-18 10:46:00,3245,3245,3245,3245,51
2026-03-18 10:48:00,3245,3245,3245,3245,1
2026-03-18 10:51:00,3240,3240,3240,3240,1
2026-03-18 10:52:00,3240,3240,3240,3240,300
2026-03-18 10:53:00,3240,3240,3240,3240,10
2026-03-18 10:56:00,3245,3245,3245,3245,67
2026-03-18 11:00:00,3235,3235,3225,3230,3819
2026-03-18 11:01:00,3235,3235,3235,3235,10
2026-03-18 11:03:00,3225,3225,3220,3220,1205
2026-03-18 11:09:00,3220,3225,3215,3220,1520
2026-03-18 11:10:00,3220,3220,3220,3220,10
2026-03-18 11:11:00,3220,3220,3220,3220,14
2026-03-18 11:12:00,3220,3220,3220,3220,10
2026-03-18 11:13:00,3220,3220,3220,3220,7
2026-03-18 11:14:00,3215,3215,3210,3210,301
2026-03-18 11:15:00,3215,3215,3215,3215,85
2026-03-18 11:16:00,3215,3215,3215,3215,88
2026-03-18 11:19:00,3220,3220,3220,3220,116
2026-03-18 11:20:00,3220,3220,3220,3220,84
2026-03-18 11:21:00,3220,3220,3215,3215,312
2026-03-18 11:24:00,3210,3210,3210,3210,20
2026-03-18 11:27:00,3225,3225,3210,3210,53
2026-03-18 11:31:00,3225,3225,3225,3225,555
2026-03-18 11:32:00,3225,3225,3225,3225,64
2026-03-18 11:33:00,3225,3225,3220,3220,136
2026-03-18 11:34:00,3220,3220,3220,3220,1
2026-03-18 11:43:00,3215,3215,3210,3210,1422
2026-03-18 11:44:00,3205,3205,3205,3205,144
2026-03-18 11:45:00,3205,3205,3205,3205,34
2026-03-18 11:47:00,3210,3210,3205,3205,223
2026-03-18 11:48:00,3205,3205,3200,3200,1609
2026-03-18 11:49:00,3200,3205,3195,3195,799
2026-03-18 11:50:00,3195,3195,3195,3195,42
2026-03-18 11:51:00,3200,3200,3195,3195,125
2026-03-18 11:52:00,3200,3200,3195,3195,141
2026-03-18 11:53:00,3200,3200,3195,3195,117
2026-03-18 11:55:00,3200,3235,3200,3235,312
2026-03-18 11:56:00,3210,3210,3200,3200,208
2026-03-18 12:00:00,3210,3215,3205,3205,120
2026-03-18 12:01:00,3220,3225,3220,3225,100
2026-03-18 12:02:00,3230,3230,3230,3230,2
2026-03-18 12:04:00,3230,3230,3215,3215,137
2026-03-18 12:10:00,3235,3235,3225,3235,81
2026-03-18 12:12:00,3235,3235,3235,3235,81
2026-03-18 12:15:00,3235,3235,3220,3220,360
2026-03-18 12:16:00,3235,3235,3235,3235,105
2026-03-18 12:17:00,3235,3235,3235,3235,233
2026-03-18 12:19:00,3235,3235,3230,3230,398
2026-03-18 12:20:00,3230,3230,3215,3215,365
2026-03-18 12:21:00,3215,3215,3215,3215,30
2026-03-18 12:23:00,3215,3220,3215,3220,50
2026-03-18 12:27:00,3220,3220,3220,3220,36
2026-03-18 12:33:00,3225,3225,3225,3225,7
2026-03-18 12:37:00,3225,3225,3225,3225,43
2026-03-18 12:38:00,3225,3225,3225,3225,5
2026-03-18 12:39:00,3225,3225,3225,3225,5
2026-03-18 12:40:00,3225,3225,3225,3225,2
2026-03-18 12:43:00,3220,3220,3220,3220,7
2026-03-18 12:44:00,3225,3225,3225,3225,123
2026-03-18 12:53:00,3225,3225,3225,3225,3
2026-03-18 12:58:00,3225,3225,3215,3220,66
2026-03-18 12:59:00,3220,3220,3220,3220,1
2026-03-18 13:00:00,3220,3220,3220,3220,26
2026-03-18 13:01:00,3215,3215,3215,3215,50
2026-03-18 13:03:00,3215,3215,3205,3210,1708
2026-03-18 13:04:00,3210,3210,3205,3205,212
2026-03-18 13:08:00,3205,3205,3205,3205,33
2026-03-18 13:10:00,3210,3210,3210,3210,26
2026-03-18 13:12:00,3210,3210,3210,3210,14
2026-03-18 13:13:00,3210,3210,3210,3210,273
2026-03-18 13:16:00,3215,3215,3215,3215,8
2026-03-18 13:18:00,3220,3225,3220,3225,32
2026-03-18 13:19:00,3225,3225,3225,3225,357
2026-03-18 13:20:00,3225,3240,3225,3240,641
2026-03-18 13:21:00,3240,3240,3230,3230,108
2026-03-18 13:22:00,3230,3230,3225,3225,43
2026-03-18 13:23:00,3225,3225,3225,3225,3
2026-03-18 13:25:00,3220,3220,3220,3220,7
2026-03-18 13:27:00,3215,3215,3215,3215,331
2026-03-18 13:28:00,3215,3215,3215,3215,5
2026-03-18 13:30:00,3210,3210,3205,3205,2000
2026-03-18 13:32:00,3205,3205,3205,3205,224
2026-03-18 13:34:00,3205,3210,3200,3205,3085
2026-03-18 13:41:00,3210,3225,3210,3225,25
2026-03-18 13:43:00,3225,3225,3225,3225,50
2026-03-18 13:44:00,3225,3225,3225,3225,10
2026-03-18 13:53:00,3225,3225,3217,3217,199
2026-03-18 13:54:00,3220,3220,3220,3220,7
2026-03-18 14:02:00,3220,3220,3220,3220,231
2026-03-18 14:03:00,3220,3220,3220,3220,100
2026-03-18 14:10:00,3220,3222,3220,3222,274
2026-03-18 14:12:00,3222,3222,3215,3215,458
2026-03-18 14:13:00,3215,3215,3210,3210,1018
2026-03-18 14:14:00,3210,3210,3210,3210,1462
2026-03-18 14:16:00,3215,3220,3215,3220,356
2026-03-18 14:18:00,3220,3230,3220,3230,503
2026-03-18 14:20:00,3220,3220,3210,3210,182
2026-03-18 14:23:00,3210,3215,3210,3215,32
2026-03-18 14:25:00,3210,3210,3210,3210,63
2026-03-18 14:29:00,3215,3215,3215,3215,5
2026-03-18 14:32:00,3225,3230,3215,3215,650
2026-03-18 14:44:00,3220,3220,3220,3220,209
2026-03-18 14:45:00,3215,3215,3215,3215,1
2026-03-18 14:49:00,3215,3215,3215,3215,50
2026-03-18 14:50:00,3220,3225,3220,3225,1152
2026-03-18 14:54:00,3225,3225,3225,3225,100
2026-03-18 14:58:00,3220,3225,3220,3225,114
2026-03-18 14:59:00,3225,3225,3225,3225,304
2026-03-18 15:00:00,3225,3225,3225,3225,825
2026-03-18 15:01:00,3220,3220,3220,3220,81
2026-03-18 15:02:00,3225,3225,3225,3225,236
2026-03-18 15:03:00,3220,3220,3220,3220,20
2026-03-18 15:07:00,3220,3220,3220,3220,1
2026-03-18 15:08:00,3225,3225,3225,3225,211
2026-03-18 15:11:00,3225,3235,3225,3225,756
2026-03-18 15:12:00,3225,3225,3225,3225,63
2026-03-18 15:13:00,3225,3235,3225,3235,63
2026-03-18 15:14:00,3240,3240,3240,3240,139
2026-03-18 15:15:00,3225,3230,3225,3225,682
2026-03-18 15:16:00,3225,3240,3225,3240,84
2026-03-18 15:17:00,3240,3240,3240,3240,94
2026-03-18 15:18:00,3240,3240,3240,3240,223
2026-03-18 15:19:00,3225,3225,3225,3225,29
2026-03-18 15:30:00,3225,3225,3225,3225,3010
2026-03-19 09:00:00,3195,3195,3160,3180,723
2026-03-19 09:01:00,3180,3180,3090,3115,3316
2026-03-19 09:02:00,3125,3170,3125,3170,28
2026-03-19 09:03:00,3160,3160,3150,3150,1054
2026-03-19 09:04:00,3180,3180,3180,3180,100
2026-03-19 09:05:00,3180,3180,3155,3160,62
2026-03-19 09:06:00,3160,3160,3150,3150,532
2026-03-19 09:09:00,3160,3160,3160,3160,38
2026-03-19 09:10:00,3155,3170,3155,3160,47
2026-03-19 09:11:00,3175,3175,3175,3175,5
2026-03-19 09:12:00,3170,3170,3170,3170,129
2026-03-19 09:13:00,3165,3165,3160,3160,337
2026-03-19 09:14:00,3165,3165,3160,3160,1511
2026-03-19 09:15:00,3160,3160,3160,3160,100
2026-03-19 09:16:00,3160,3170,3160,3170,742
2026-03-19 09:20:00,3180,3180,3165,3175,557
2026-03-19 09:21:00,3175,3185,3175,3180,3088
2026-03-19 09:23:00,3175,3175,3165,3165,397
2026-03-19 09:25:00,3180,3180,3180,3180,100
2026-03-19 09:26:00,3165,3165,3155,3155,1850
2026-03-19 09:27:00,3175,3175,3175,3175,100
2026-03-19 09:28:00,3160,3160,3150,3150,2000
2026-03-19 09:29:00,3165,3165,3165,3165,101
2026-03-19 09:30:00,3165,3165,3165,3165,495
2026-03-19 09:31:00,3165,3165,3165,3165,256
2026-03-19 09:34:00,3165,3165,3165,3165,67
2026-03-19 09:38:00,3160,3160,3160,3160,100
2026-03-19 09:40:00,3160,3160,3160,3160,10
2026-03-19 09:41:00,3160,3160,3160,3160,10
2026-03-19 09:45:00,3150,3160,3150,3160,202
2026-03-19 09:47:00,3150,3150,3150,3150,20
2026-03-19 09:49:00,3150,3150,3150,3150,100
2026-03-19 09:50:00,3150,3150,3150,3150,11
2026-03-19 09:51:00,3150,3155,3150,3155,189
2026-03-19 09:52:00,3150,3155,3150,3155,131
2026-03-19 09:54:00,3145,3150,3145,3150,438
2026-03-19 09:55:00,3150,3150,3150,3150,50
2026-03-19 09:56:00,3150,3150,3150,3150,7
2026-03-19 09:57:00,3150,3150,3135,3135,740
2026-03-19 09:58:00,3145,3145,3145,3145,60
2026-03-19 10:02:00,3145,3145,3145,3145,64
2026-03-19 10:03:00,3140,3140,3140,3140,100
2026-03-19 10:05:00,3135,3140,3135,3140,292
2026-03-19 10:06:00,3130,3130,3130,3130,100
2026-03-19 10:07:00,3140,3140,3140,3140,5
2026-03-19 10:09:00,3130,3130,3125,3125,536
2026-03-19 10:11:00,3130,3130,3130,3130,170
2026-03-19 10:12:00,3140,3140,3140,3140,500
2026-03-19 10:17:00,3160,3160,3140,3140,440
2026-03-19 10:18:00,3145,3145,3140,3140,720
2026-03-19 10:19:00,3140,3145,3140,3145,376
2026-03-19 10:20:00,3160,3160,3160,3160,1
2026-03-19 10:22:00,3140,3140,3140,3140,1024
2026-03-19 10:25:00,3160,3190,3160,3190,3636
2026-03-19 10:29:00,3185,3185,3185,3185,10
2026-03-19 10:31:00,3160,3160,3160,3160,500
2026-03-19 10:34:00,3160,3160,3155,3160,929
2026-03-19 10:37:00,3175,3175,3155,3155,506
2026-03-19 10:42:00,3155,3155,3155,3155,1
2026-03-19 10:43:00,3160,3160,3160,3160,151
2026-03-19 10:44:00,3170,3170,3170,3170,1
2026-03-19 10:46:00,3170,3170,3170,3170,600
2026-03-19 10:48:00,3170,3170,3170,3170,130
2026-03-19 10:49:00,3160,3160,3160,3160,99
2026-03-19 10:55:00,3170,3170,3170,3170,10
2026-03-19 10:58:00,3165,3165,3160,3160,24
2026-03-19 11:02:00,3160,3160,3150,3150,1145
2026-03-19 11:06:00,3160,3160,3160,3160,6
2026-03-19 11:08:00,3150,3150,3145,3145,373
2026-03-19 11:09:00,3145,3155,3145,3155,820
2026-03-19 11:10:00,3155,3155,3155,3155,6
2026-03-19 11:11:00,3155,3155,3155,3155,1
2026-03-19 11:15:00,3145,3145,3145,3145,243
2026-03-19 11:17:00,3155,3175,3140,3140,333
2026-03-19 11:18:00,3140,3140,3140,3140,11
2026-03-19 11:22:00,3140,3140,3140,3140,637
2026-03-19 11:26:00,3140,3140,3140,3140,1
2026-03-19 11:28:00,3160,3160,3160,3160,1
2026-03-19 11:29:00,3160,3160,3160,3160,30
2026-03-19 11:30:00,3150,3150,3140,3140,527
2026-03-19 11:31:00,3140,3140,3135,3135,1806
2026-03-19 11:36:00,3155,3155,3155,3155,1
2026-03-19 11:38:00,3155,3195,3145,3155,10303
2026-03-19 11:39:00,3190,3235,3160,3210,1578
2026-03-19 11:42:00,3200,3200,3200,3200,13
2026-03-19 11:44:00,3170,3170,3160,3160,1417
2026-03-19 11:47:00,3170,3175,3170,3175,26
2026-03-19 11:50:00,3170,3170,3155,3155,229
2026-03-19 11:53:00,3170,3170,3170,3170,1
2026-03-19 11:54:00,3170,3170,3170,3170,1
2026-03-19 11:55:00,3170,3170,3170,3170,2
2026-03-19 11:56:00,3170,3170,3170,3170,1
2026-03-19 11:57:00,3170,3175,3170,3175,78
2026-03-19 11:58:00,3175,3175,3175,3175,2
2026-03-19 11:59:00,3175,3185,3170,3170,195
2026-03-19 12:00:00,3170,3180,3165,3165,525
2026-03-19 12:01:00,3180,3180,3180,3180,1
2026-03-19 12:05:00,3180,3180,3180,3180,2
2026-03-19 12:06:00,3165,3180,3160,3180,584
2026-03-19 12:08:00,3180,3180,3180,3180,1
2026-03-19 12:09:00,3160,3160,3155,3155,564
2026-03-19 12:10:00,3155,3175,3155,3175,12
2026-03-19 12:13:00,3175,3175,3175,3175,50
2026-03-19 12:14:00,3170,3175,3170,3175,200
2026-03-19 12:16:00,3175,3175,3175,3175,15
2026-03-19 12:18:00,3170,3170,3170,3170,200
2026-03-19 12:19:00,3170,3170,3170,3170,4
2026-03-19 12:20:00,3165,3165,3165,3165,40
2026-03-19 12:21:00,3170,3170,3170,3170,320
2026-03-19 12:22:00,3170,3175,3170,3175,158
2026-03-19 12:25:00,3170,3170,3170,3170,144
2026-03-19 12:26:00,3175,3175,3175,3175,1
2026-03-19 12:29:00,3175,3175,3175,3175,1
2026-03-19 12:36:00,3170,3175,3170,3175,300
2026-03-19 12:38:00,3165,3165,3165,3165,160
2026-03-19 12:40:00,3165,3165,3160,3160,62
2026-03-19 12:42:00,3160,3160,3160,3160,1
2026-03-19 12:46:00,3165,3170,3165,3170,4
2026-03-19 12:47:00,3170,3170,3150,3150,718
2026-03-19 12:57:00,3150,3155,3140,3140,727
2026-03-19 13:05:00,3140,3140,3140,3140,862
2026-03-19 13:06:00,3140,3145,3140,3145,240
2026-03-19 13:07:00,3150,3150,3150,3150,1
2026-03-19 13:24:00,3140,3150,3140,3150,3
2026-03-19 13:34:00,3140,3140,3140,3140,1001
2026-03-19 13:37:00,3140,3140,3140,3140,126
2026-03-19 13:39:00,3145,3145,3145,3145,5
2026-03-19 13:40:00,3145,3145,3145,3145,164
2026-03-19 13:41:00,3140,3140,3130,3140,4514
2026-03-19 13:42:00,3130,3130,3110,3125,4146
2026-03-19 13:43:00,3120,3120,3120,3120,828
2026-03-19 13:44:00,3110,3110,3110,3110,1100
2026-03-19 13:48:00,3120,3120,3120,3120,20
2026-03-19 13:52:00,3125,3125,3120,3120,12
2026-03-19 13:56:00,3120,3120,3120,3120,2
2026-03-19 14:00:00,3125,3125,3125,3125,293
2026-03-19 14:02:00,3125,3125,3125,3125,793
2026-03-19 14:06:00,3130,3130,3130,3130,211
2026-03-19 14:07:00,3130,3130,3130,3130,10
2026-03-19 14:09:00,3125,3125,3125,3125,10
2026-03-19 14:10:00,3130,3130,3130,3130,207
2026-03-19 14:11:00,3125,3125,3125,3125,140
2026-03-19 14:12:00,3125,3125,3115,3115,2113
2026-03-19 14:13:00,3120,3120,3120,3120,221
2026-03-19 14:14:00,3120,3130,3120,3130,827
2026-03-19 14:18:00,3130,3130,3130,3130,1
2026-03-19 14:22:00,3130,3130,3130,3130,2
2026-03-19 14:27:00,3130,3130,3130,3130,294
2026-03-19 14:32:00,3130,3130,3130,3130,156
2026-03-19 14:36:00,3130,3130,3130,3130,93
2026-03-19 14:37:00,3125,3125,3125,3125,37
2026-03-19 14:38:00,3135,3135,3135,3135,2
2026-03-19 14:39:00,3135,3135,3125,3125,314
2026-03-19 14:44:00,3125,3125,3125,3125,15
2026-03-19 14:46:00,3135,3135,3135,3135,132
2026-03-19 14:48:00,3135,3135,3135,3135,300
2026-03-19 14:50:00,3135,3135,3130,3130,603
2026-03-19 14:51:00,3140,3145,3140,3145,76
2026-03-19 14:52:00,3145,3145,3145,3145,32
2026-03-19 14:53:00,3145,3150,3130,3130,215
2026-03-19 14:56:00,3150,3150,3130,3130,634
2026-03-19 14:57:00,3150,3150,3150,3150,183
2026-03-19 14:59:00,3155,3155,3145,3150,53
2026-03-19 15:03:00,3130,3130,3130,3130,110
2026-03-19 15:05:00,3140,3140,3140,3140,183
2026-03-19 15:08:00,3140,3140,3140,3140,246
2026-03-19 15:09:00,3125,3125,3115,3115,3148
2026-03-19 15:10:00,3115,3115,3110,3115,3538
2026-03-19 15:12:00,3115,3115,3090,3115,4984
2026-03-19 15:13:00,3115,3120,3115,3120,806
2026-03-19 15:14:00,3120,3120,3120,3120,57
2026-03-19 15:15:00,3105,3120,3080,3095,4336
2026-03-19 15:16:00,3115,3115,3100,3115,278
2026-03-19 15:17:00,3115,3115,3080,3110,3502
2026-03-19 15:18:00,3090,3090,3085,3090,1323
2026-03-19 15:19:00,3080,3095,3050,3095,5823
2026-03-19 15:30:00,3095,3095,3095,3095,4728
2026-03-19 15:35:00,3095,3095,3095,3095,25
2026-03-20 09:00:00,3100,3145,3100,3145,4114
2026-03-20 09:01:00,3120,3120,3095,3095,479
2026-03-20 09:02:00,3110,3110,3110,3110,199
2026-03-20 09:03:00,3100,3110,3095,3095,1740
2026-03-20 09:04:00,3100,3100,3085,3085,2447
2026-03-20 09:05:00,3090,3105,3085,3100,2477
2026-03-20 09:07:00,3100,3100,3085,3085,262
2026-03-20 09:08:00,3085,3105,3080,3105,2089
2026-03-20 09:09:00,3105,3130,3105,3130,4238
2026-03-20 09:10:00,3130,3130,3130,3130,618
2026-03-20 09:11:00,3110,3110,3110,3110,11
2026-03-20 09:14:00,3120,3120,3110,3110,100
2026-03-20 09:17:00,3125,3125,3125,3125,7
2026-03-20 09:18:00,3125,3125,3120,3120,29
2026-03-20 09:20:00,3110,3120,3110,3120,7
2026-03-20 09:21:00,3120,3120,3120,3120,3
2026-03-20 09:23:00,3110,3110,3110,3110,16
2026-03-20 09:26:00,3095,3095,3090,3090,1302
2026-03-20 09:27:00,3090,3090,3090,3090,50
2026-03-20 09:28:00,3100,3100,3100,3100,6
2026-03-20 09:30:00,3100,3100,3100,3100,5
2026-03-20 09:32:00,3095,3100,3095,3100,414
2026-03-20 09:33:00,3100,3100,3100,3100,35
2026-03-20 09:35:00,3110,3110,3110,3110,3
2026-03-20 09:36:00,3095,3100,3095,3100,323
2026-03-20 09:37:00,3100,3100,3100,3100,43
2026-03-20 09:38:00,3095,3105,3085,3105,3001
2026-03-20 09:39:00,3085,3085,3080,3080,154
2026-03-20 09:42:00,3085,3085,3080,3080,410
2026-03-20 09:45:00,3100,3100,3100,3100,200
2026-03-20 09:46:00,3090,3090,3090,3090,66
2026-03-20 09:49:00,3105,3105,3095,3095,801
2026-03-20 09:50:00,3110,3115,3110,3115,547
2026-03-20 09:52:00,3115,3125,3110,3125,553
2026-03-20 09:53:00,3125,3125,3125,3125,28
2026-03-20 09:58:00,3125,3125,3125,3125,43
2026-03-20 09:59:00,3140,3140,3140,3140,18
2026-03-20 10:00:00,3140,3140,3125,3125,36
2026-03-20 10:01:00,3140,3145,3140,3145,114
2026-03-20 10:02:00,3145,3145,3140,3140,26
2026-03-20 10:03:00,3140,3145,3140,3145,29
2026-03-20 10:04:00,3140,3140,3140,3140,10
2026-03-20 10:05:00,3140,3140,3140,3140,5
2026-03-20 10:07:00,3125,3125,3125,3125,3
2026-03-20 10:11:00,3140,3140,3140,3140,1
2026-03-20 10:13:00,3140,3140,3140,3140,100
2026-03-20 10:15:00,3145,3145,3140,3140,425
2026-03-20 10:16:00,3150,3150,3150,3150,1104
2026-03-20 10:17:00,3160,3160,3160,3160,50
2026-03-20 10:19:00,3155,3155,3155,3155,3
2026-03-20 10:21:00,3155,3160,3155,3160,643
2026-03-20 10:22:00,3160,3160,3160,3160,5
2026-03-20 10:27:00,3150,3150,3150,3150,52
2026-03-20 10:29:00,3155,3155,3155,3155,11
2026-03-20 10:33:00,3145,3145,3145,3145,1
2026-03-20 10:34:00,3145,3145,3145,3145,100
2026-03-20 10:36:00,3155,3155,3155,3155,1
2026-03-20 10:37:00,3155,3155,3155,3155,101
2026-03-20 10:39:00,3160,3160,3160,3160,1
2026-03-20 10:45:00,3160,3160,3155,3155,33
2026-03-20 10:46:00,3150,3160,3150,3160,221
2026-03-20 10:47:00,3155,3155,3155,3155,1
2026-03-20 10:48:00,3145,3145,3145,3145,674
2026-03-20 10:50:00,3150,3155,3150,3155,3
2026-03-20 10:51:00,3155,3155,3155,3155,100
2026-03-20 10:55:00,3145,3145,3145,3145,54
2026-03-20 10:56:00,3140,3145,3140,3145,1012
2026-03-20 11:00:00,3125,3125,3125,3125,1
2026-03-20 11:01:00,3140,3140,3140,3140,2
2026-03-20 11:06:00,3137,3137,3137,3137,324
2026-03-20 11:07:00,3145,3145,3145,3145,24
2026-03-20 11:13:00,3140,3140,3140,3140,3
2026-03-20 11:14:00,3140,3140,3140,3140,26
2026-03-20 11:15:00,3140,3160,3140,3160,50
2026-03-20 11:20:00,3135,3140,3130,3140,285
2026-03-20 11:22:00,3135,3135,3135,3135,4
2026-03-20 11:23:00,3125,3140,3125,3140,1357
2026-03-20 11:25:00,3135,3135,3135,3135,10
2026-03-20 11:29:00,3135,3135,3135,3135,50
2026-03-20 11:30:00,3140,3145,3140,3145,514
2026-03-20 11:34:00,3140,3140,3140,3140,3
2026-03-20 11:36:00,3140,3140,3140,3140,4
2026-03-20 11:38:00,3140,3140,3130,3130,3564
2026-03-20 11:40:00,3135,3135,3130,3130,1008
2026-03-20 11:41:00,3135,3135,3135,3135,88
2026-03-20 11:45:00,3135,3135,3135,3135,46
2026-03-20 11:47:00,3130,3130,3130,3130,100
2026-03-20 11:52:00,3125,3125,3125,3125,20
2026-03-20 11:53:00,3130,3130,3125,3125,427
2026-03-20 11:59:00,3125,3135,3105,3135,6181
2026-03-20 12:02:00,3135,3135,3135,3135,5
2026-03-20 12:05:00,3135,3135,3135,3135,40
2026-03-20 12:06:00,3135,3135,3135,3135,353
2026-03-20 12:07:00,3135,3135,3130,3135,3400
2026-03-20 12:13:00,3130,3130,3130,3130,1594
2026-03-20 12:14:00,3135,3135,3130,3130,12
2026-03-20 12:17:00,3130,3130,3130,3130,12
2026-03-20 12:20:00,3130,3130,3130,3130,30
2026-03-20 12:23:00,3125,3125,3125,3125,28
2026-03-20 12:24:00,3125,3125,3125,3125,172
2026-03-20 12:25:00,3130,3130,3130,3130,587
2026-03-20 12:26:00,3130,3130,3130,3130,72
2026-03-20 12:28:00,3130,3135,3130,3135,172
2026-03-20 12:29:00,3135,3135,3135,3135,5
2026-03-20 12:31:00,3135,3135,3135,3135,12
2026-03-20 12:35:00,3135,3135,3135,3135,51
2026-03-20 12:37:00,3130,3135,3130,3135,13
2026-03-20 12:38:00,3135,3135,3135,3135,12
2026-03-20 12:43:00,3135,3135,3135,3135,4
2026-03-20 12:46:00,3130,3135,3130,3135,71
2026-03-20 12:47:00,3135,3135,3135,3135,21
2026-03-20 12:49:00,3130,3130,3130,3130,200
2026-03-20 12:50:00,3135,3135,3135,3135,310
2026-03-20 12:52:00,3135,3135,3135,3135,11
2026-03-20 12:54:00,3135,3135,3135,3135,222
2026-03-20 12:55:00,3135,3145,3135,3145,5776
2026-03-20 12:56:00,3155,3155,3155,3155,50
2026-03-20 12:57:00,3155,3155,3135,3135,651
2026-03-20 12:58:00,3140,3140,3135,3135,32
2026-03-20 12:59:00,3140,3140,3140,3140,5
2026-03-20 13:07:00,3150,3150,3150,3150,10
2026-03-20 13:08:00,3150,3150,3150,3150,23
2026-03-20 13:11:00,3145,3150,3140,3150,411
2026-03-20 13:12:00,3155,3155,3140,3140,45
2026-03-20 13:14:00,3160,3160,3160,3160,11
2026-03-20 13:16:00,3160,3160,3155,3155,61
2026-03-20 13:17:00,3150,3150,3150,3150,11
2026-03-20 13:19:00,3145,3145,3145,3145,28
2026-03-20 13:20:00,3145,3145,3145,3145,1
2026-03-20 13:21:00,3145,3145,3145,3145,61
2026-03-20 13:22:00,3145,3145,3145,3145,10
2026-03-20 13:23:00,3150,3150,3150,3150,11
2026-03-20 13:26:00,3150,3150,3150,3150,11
2026-03-20 13:27:00,3150,3150,3150,3150,1
2026-03-20 13:30:00,3150,3150,3150,3150,11
2026-03-20 13:32:00,3150,3150,3150,3150,8
2026-03-20 13:34:00,3150,3150,3150,3150,9
2026-03-20 13:35:00,3145,3145,3145,3145,58
2026-03-20 13:37:00,3145,3145,3145,3145,50
2026-03-20 13:39:00,3145,3145,3145,3145,9
2026-03-20 13:41:00,3145,3145,3145,3145,11
2026-03-20 13:43:00,3145,3145,3145,3145,11
2026-03-20 13:44:00,3145,3145,3145,3145,11
2026-03-20 13:46:00,3140,3140,3140,3140,67
2026-03-20 13:48:00,3140,3140,3140,3140,11
2026-03-20 13:50:00,3135,3135,3135,3135,16
2026-03-20 13:51:00,3140,3140,3140,3140,11
2026-03-20 13:52:00,3140,3140,3140,3140,11
2026-03-20 13:54:00,3140,3140,3140,3140,11
2026-03-20 13:56:00,3140,3140,3140,3140,11
2026-03-20 13:59:00,3140,3140,3140,3140,11
2026-03-20 14:01:00,3140,3140,3140,3140,11
2026-03-20 14:02:00,3135,3135,3130,3130,456
2026-03-20 14:04:00,3140,3150,3130,3150,3104
2026-03-20 14:05:00,3150,3150,3140,3140,12
2026-03-20 14:06:00,3140,3140,3125,3125,2235
2026-03-20 14:07:00,3135,3135,3125,3130,35
2026-03-20 14:08:00,3125,3125,3125,3125,251
2026-03-20 14:09:00,3120,3120,3120,3120,1
2026-03-20 14:10:00,3125,3125,3100,3100,7307
2026-03-20 14:11:00,3110,3110,3100,3100,1134
2026-03-20 14:12:00,3110,3115,3110,3115,212
2026-03-20 14:13:00,3115,3115,3115,3115,12
2026-03-20 14:14:00,3115,3115,3115,3115,11
2026-03-20 14:15:00,3115,3115,3105,3105,21
2026-03-20 14:17:00,3110,3110,3110,3110,11
2026-03-20 14:18:00,3115,3115,3115,3115,11
2026-03-20 14:19:00,3115,3115,3110,3110,12
2026-03-20 14:20:00,3110,3110,3110,3110,13
2026-03-20 14:23:00,3115,3115,3115,3115,20
2026-03-20 14:24:00,3115,3115,3100,3100,511
2026-03-20 14:29:00,3115,3120,3115,3120,1718
2026-03-20 14:30:00,3120,3120,3120,3120,11
2026-03-20 14:31:00,3120,3120,3115,3120,87
2026-03-20 14:32:00,3120,3120,3120,3120,329
2026-03-20 14:33:00,3120,3125,3120,3125,587
2026-03-20 14:35:00,3125,3125,3125,3125,14
2026-03-20 14:36:00,3120,3120,3120,3120,308
2026-03-20 14:37:00,3125,3125,3125,3125,720
2026-03-20 14:40:00,3125,3125,3125,3125,11
2026-03-20 14:42:00,3125,3125,3120,3120,406
2026-03-20 14:44:00,3120,3120,3120,3120,4
2026-03-20 14:46:00,3115,3120,3115,3120,200
2026-03-20 14:47:00,3120,3120,3120,3120,12
2026-03-20 14:48:00,3120,3120,3120,3120,11
2026-03-20 14:50:00,3120,3120,3115,3115,211
2026-03-20 14:53:00,3120,3120,3120,3120,11
2026-03-20 14:55:00,3120,3120,3120,3120,11
2026-03-20 14:56:00,3120,3120,3120,3120,11
2026-03-20 14:57:00,3115,3115,3115,3115,19
2026-03-20 14:58:00,3115,3115,3115,3115,12
2026-03-20 14:59:00,3115,3120,3115,3120,52
2026-03-20 15:00:00,3110,3110,3100,3100,1148
2026-03-20 15:04:00,3115,3120,3095,3115,1769
2026-03-20 15:05:00,3115,3115,3095,3115,644
2026-03-20 15:06:00,3110,3115,3095,3115,1015
2026-03-20 15:07:00,3115,3115,3115,3115,30
2026-03-20 15:08:00,3115,3115,3105,3115,332
2026-03-20 15:09:00,3115,3120,3115,3115,341
2026-03-20 15:10:00,3120,3120,3120,3120,31
2026-03-20 15:11:00,3120,3120,3120,3120,346
2026-03-20 15:12:00,3120,3120,3120,3120,37
2026-03-20 15:13:00,3120,3120,3120,3120,44
2026-03-20 15:14:00,3120,3120,3115,3115,93
2026-03-20 15:15:00,3120,3120,3120,3120,38
2026-03-20 15:16:00,3120,3120,3120,3120,29
2026-03-20 15:17:00,3120,3120,3120,3120,55
2026-03-20 15:18:00,3120,3120,3120,3120,31
2026-03-20 15:19:00,3120,3120,3115,3115,89
2026-03-20 15:30:00,3115,3115,3115,3115,1387
2026-03-23 09:00:00,3085,3085,3015,3015,4722
2026-03-23 09:01:00,3025,3035,3015,3035,602
2026-03-23 09:02:00,3015,3020,3015,3020,83
2026-03-23 09:03:00,3040,3040,3020,3040,256
2026-03-23 09:04:00,3040,3040,3040,3040,252
2026-03-23 09:05:00,3035,3035,3020,3020,1735
2026-03-23 09:06:00,3015,3015,3015,3015,13
2026-03-23 09:08:00,3030,3035,3030,3030,501
2026-03-23 09:10:00,3035,3035,3015,3015,422
2026-03-23 09:12:00,3020,3040,3020,3040,481
2026-03-23 09:13:00,3040,3040,3040,3040,7
2026-03-23 09:14:00,3040,3040,3040,3040,10
2026-03-23 09:15:00,3030,3040,3025,3040,594
2026-03-23 09:16:00,3040,3040,3040,3040,116
2026-03-23 09:17:00,3040,3040,3025,3040,284
2026-03-23 09:18:00,3040,3040,3040,3040,33
2026-03-23 09:19:00,3040,3040,3040,3040,185
2026-03-23 09:20:00,3035,3060,3035,3060,153
2026-03-23 09:21:00,3055,3060,3045,3060,264
2026-03-23 09:22:00,3060,3065,3060,3065,154
2026-03-23 09:23:00,3065,3065,3065,3065,200
2026-03-23 09:24:00,3045,3045,3045,3045,4
2026-03-23 09:27:00,3045,3045,3040,3045,581
2026-03-23 09:28:00,3040,3040,3040,3040,549
2026-03-23 09:29:00,3040,3040,3040,3040,2
2026-03-23 09:30:00,3037,3037,3035,3035,51
2026-03-23 09:31:00,3035,3040,3035,3040,21
2026-03-23 09:32:00,3040,3040,3040,3040,50
2026-03-23 09:33:00,3040,3040,3040,3040,421
2026-03-23 09:35:00,3040,3040,3040,3040,120
2026-03-23 09:36:00,3030,3030,3030,3030,100
2026-03-23 09:38:00,3030,3030,3030,3030,333
2026-03-23 09:41:00,3030,3030,3030,3030,93
2026-03-23 09:42:00,3035,3035,3025,3025,102
2026-03-23 09:43:00,3025,3025,3025,3025,713
2026-03-23 09:46:00,3025,3025,3020,3020,856
2026-03-23 09:47:00,3020,3020,3020,3020,65
2026-03-23 09:48:00,3020,3020,3020,3020,105
2026-03-23 09:49:00,3020,3020,3020,3020,413
2026-03-23 09:50:00,3020,3020,3015,3015,190
2026-03-23 09:51:00,3020,3020,3020,3020,430
2026-03-23 09:52:00,3015,3015,3000,3015,4367
2026-03-23 09:53:00,3015,3015,3000,3000,65
2026-03-23 09:54:00,3000,3000,2997,3000,2301
2026-03-23 09:55:00,2995,3000,2995,3000,90
2026-03-23 09:56:00,3000,3015,3000,3015,376
2026-03-23 09:57:00,3015,3015,3015,3015,5
2026-03-23 09:58:00,3015,3015,3015,3015,100
2026-03-23 09:59:00,3015,3015,3015,3015,100
2026-03-23 10:00:00,3000,3000,3000,3000,500
2026-03-23 10:02:00,3000,3000,2995,3000,792
2026-03-23 10:03:00,3000,3020,2995,3000,1854
2026-03-23 10:05:00,3000,3015,2995,2995,2664
2026-03-23 10:06:00,2995,3015,2990,3015,4558
2026-03-23 10:07:00,3015,3015,3015,3015,17
2026-03-23 10:08:00,3015,3015,3015,3015,21
2026-03-23 10:09:00,3015,3015,3015,3015,6
2026-03-23 10:10:00,3015,3015,3015,3015,1
2026-03-23 10:11:00,3010,3010,3010,3010,115
2026-03-23 10:12:00,3005,3005,3005,3005,100
2026-03-23 10:13:00,3010,3020,3010,3020,262
2026-03-23 10:15:00,3000,3000,3000,3000,15
2026-03-23 10:20:00,3005,3005,3000,3000,500
2026-03-23 10:21:00,3010,3010,3010,3010,103
2026-03-23 10:25:00,3015,3015,3015,3015,30
2026-03-23 10:26:00,3020,3020,3005,3005,906
2026-03-23 10:31:00,3020,3020,3020,3020,97
2026-03-23 10:33:00,3020,3020,3020,3020,8
2026-03-23 10:34:00,3020,3025,3020,3025,1002
2026-03-23 10:35:00,3015,3015,3015,3015,884
2026-03-23 10:38:00,3015,3015,3015,3015,1
2026-03-23 10:41:00,3035,3035,3035,3035,1
2026-03-23 10:42:00,3035,3060,3035,3040,1842
2026-03-23 10:44:00,3040,3040,3040,3040,300
2026-03-23 10:46:00,3060,3060,3060,3060,1
2026-03-23 10:51:00,3055,3055,3055,3055,3
2026-03-23 10:52:00,3040,3040,3040,3040,1161
2026-03-23 10:53:00,3040,3040,3040,3040,74
2026-03-23 10:54:00,3020,3020,3020,3020,1
2026-03-23 10:57:00,3020,3020,3020,3020,3
2026-03-23 11:00:00,3020,3020,3020,3020,1
2026-03-23 11:02:00,3040,3040,3040,3040,5
2026-03-23 11:04:00,3030,3030,3020,3020,25
2026-03-23 11:05:00,3020,3020,3020,3020,1
2026-03-23 11:06:00,3040,3040,3040,3040,1
2026-03-23 11:08:00,3040,3040,3040,3040,143
2026-03-23 11:10:00,3030,3030,3030,3030,1
2026-03-23 11:13:00,3030,3030,3030,3030,800
2026-03-23 11:15:00,3030,3030,3030,3030,44
2026-03-23 11:16:00,3030,3030,3030,3030,1
2026-03-23 11:21:00,3030,3030,3030,3030,695
2026-03-23 11:27:00,3025,3050,3025,3050,353
2026-03-23 11:28:00,3050,3055,3050,3055,16
2026-03-23 11:32:00,3035,3035,3035,3035,1
2026-03-23 11:33:00,3035,3035,3035,3035,15
2026-03-23 11:36:00,3055,3055,3055,3055,50
2026-03-23 11:37:00,3035,3035,3035,3035,1
2026-03-23 11:41:00,3035,3050,3025,3025,761
2026-03-23 11:43:00,3025,3025,3025,3025,1
2026-03-23 11:45:00,3025,3025,3025,3025,134
2026-03-23 11:46:00,3025,3025,3025,3025,4
2026-03-23 11:48:00,3025,3025,3025,3025,1
2026-03-23 11:51:00,3025,3025,3025,3025,65
2026-03-23 11:52:00,3035,3035,3035,3035,6
2026-03-23 11:53:00,3030,3030,3030,3030,30
2026-03-23 11:54:00,3025,3025,3025,3025,1
2026-03-23 11:55:00,3025,3025,3020,3025,1398
2026-03-23 11:59:00,3020,3020,3020,3020,1
2026-03-23 12:00:00,3025,3025,3025,3025,1
2026-03-23 12:01:00,3020,3020,3020,3020,633
2026-03-23 12:03:00,3015,3015,3015,3015,145
2026-03-23 12:05:00,3010,3015,3010,3015,23
2026-03-23 12:10:00,3015,3015,3015,3015,1
2026-03-23 12:15:00,3015,3015,3015,3015,1
2026-03-23 12:21:00,3015,3015,3015,3015,57
2026-03-23 12:26:00,3010,3010,3010,3010,1
2026-03-23 12:27:00,3015,3015,3015,3015,1
2026-03-23 12:32:00,3020,3020,3015,3015,2
2026-03-23 12:34:00,3015,3015,3015,3015,20
2026-03-23 12:35:00,3020,3020,3020,3020,500
2026-03-23 12:37:00,3015,3020,3015,3015,205
2026-03-23 12:38:00,3020,3020,3020,3020,3
2026-03-23 12:43:00,3017,3017,3010,3010,321
2026-03-23 12:44:00,3010,3010,3010,3010,961
2026-03-23 12:47:00,3010,3010,3010,3010,16
2026-03-23 12:49:00,3010,3020,3010,3020,1427
2026-03-23 12:50:00,3020,3020,3020,3020,80
2026-03-23 12:53:00,3005,3005,3005,3005,300
2026-03-23 12:54:00,3010,3010,3010,3010,1
2026-03-23 12:57:00,3015,3015,3015,3015,10
2026-03-23 12:58:00,3020,3020,3020,3020,7
2026-03-23 13:00:00,3015,3015,3015,3015,1
2026-03-23 13:01:00,3020,3020,3020,3020,16
2026-03-23 13:03:00,3015,3015,3010,3010,326
2026-03-23 13:05:00,3005,3005,3005,3005,1
2026-03-23 13:11:00,3005,3005,3005,3005,1
2026-03-23 13:16:00,3015,3025,3015,3015,1368
2026-03-23 13:20:00,3035,3035,3035,3035,1
2026-03-23 13:21:00,3035,3035,3035,3035,8
2026-03-23 13:22:00,3015,3015,3015,3015,1
2026-03-23 13:24:00,3030,3030,3030,3030,296
2026-03-23 13:26:00,3030,3030,3030,3030,250
2026-03-23 13:28:00,3015,3015,3015,3015,1
2026-03-23 13:33:00,3015,3015,3015,3015,1
2026-03-23 13:36:00,3030,3030,3030,3030,16
2026-03-23 13:38:00,3025,3030,3025,3030,76
2026-03-23 13:39:00,3020,3020,3020,3020,40
2026-03-23 13:41:00,3040,3040,3040,3040,127
2026-03-23 13:45:00,3020,3020,3020,3020,251
2026-03-23 13:46:00,3015,3015,3015,3015,6
2026-03-23 13:47:00,3025,3025,3025,3025,30
2026-03-23 13:50:00,3015,3015,3015,3015,1
2026-03-23 13:54:00,3025,3025,3025,3025,1
2026-03-23 13:55:00,3025,3025,3025,3025,165
2026-03-23 13:56:00,3020,3020,3020,3020,1
2026-03-23 13:59:00,3025,3030,3025,3030,18
2026-03-23 14:00:00,3030,3030,3030,3030,45
2026-03-23 14:01:00,3020,3020,3020,3020,1
2026-03-23 14:02:00,3025,3025,3025,3025,1
2026-03-23 14:03:00,3030,3030,3030,3030,240
2026-03-23 14:07:00,3020,3020,3020,3020,201
2026-03-23 14:11:00,3030,3050,3030,3050,600
2026-03-23 14:13:00,3025,3030,3025,3030,397
2026-03-23 14:15:00,3020,3020,3020,3020,1066
2026-03-23 14:18:00,3015,3015,3015,3015,2
2026-03-23 14:20:00,3015,3015,3005,3005,1596
2026-03-23 14:22:00,3005,3005,3005,3005,837
2026-03-23 14:24:00,3000,3000,3000,3000,1
2026-03-23 14:25:00,3005,3005,3005,3005,150
2026-03-23 14:26:00,3005,3005,3005,3005,824
2026-03-23 14:27:00,3005,3005,3000,3005,1507
2026-03-23 14:28:00,3005,3005,3005,3005,1188
2026-03-23 14:30:00,3000,3005,3000,3005,21
2026-03-23 14:32:00,3005,3005,3005,3005,1144
2026-03-23 14:34:00,3010,3010,3010,3010,193
2026-03-23 14:35:00,3000,3000,3000,3000,1
2026-03-23 14:38:00,3005,3005,3005,3005,333
2026-03-23 14:39:00,3005,3005,3005,3005,579
2026-03-23 14:41:00,3000,3005,3000,3005,4
2026-03-23 14:44:00,3005,3005,3005,3005,924
2026-03-23 14:45:00,3005,3005,3005,3005,247
2026-03-23 14:46:00,3000,3000,3000,3000,1000
2026-03-23 14:47:00,3000,3000,3000,3000,1
2026-03-23 14:50:00,3010,3010,2995,2995,2938
2026-03-23 14:51:00,3000,3000,3000,3000,629
2026-03-23 14:52:00,3000,3000,2995,2995,215
2026-03-23 14:55:00,2995,2995,2995,2995,280
2026-03-23 14:58:00,3000,3000,2990,2990,2123
2026-03-23 14:59:00,2990,2990,2990,2990,613
2026-03-23 15:00:00,3000,3005,3000,3005,469
2026-03-23 15:04:00,3000,3000,2990,2990,325
2026-03-23 15:07:00,2995,2995,2970,2975,3413
2026-03-23 15:08:00,2970,2990,2970,2975,519
2026-03-23 15:09:00,2980,2985,2980,2985,101
2026-03-23 15:10:00,2990,3005,2980,2980,101
2026-03-23 15:11:00,2980,2980,2980,2980,30
2026-03-23 15:12:00,2985,2985,2985,2985,2
2026-03-23 15:13:00,2975,2975,2975,2975,38
2026-03-23 15:14:00,2975,2990,2975,2990,69
2026-03-23 15:15:00,2975,2975,2975,2975,201
2026-03-23 15:16:00,2990,2990,2990,2990,23
2026-03-23 15:18:00,3000,3000,2990,2990,242
2026-03-23 15:19:00,3000,3000,2990,2990,167
2026-03-23 15:30:00,2990,2990,2990,2990,747
2026-03-23 15:35:00,2990,2990,2990,2990,1
2026-03-24 09:00:00,3050,3095,3050,3070,2884
2026-03-24 09:01:00,3060,3060,3055,3055,10
2026-03-24 09:02:00,3060,3060,3025,3025,2079
2026-03-24 09:03:00,3025,3055,3025,3025,143
2026-03-24 09:04:00,3055,3055,3030,3030,11
2026-03-24 09:05:00,3040,3040,3040,3040,20
2026-03-24 09:07:00,3040,3040,3040,3040,48
2026-03-24 09:08:00,3040,3045,3030,3030,2377
2026-03-24 09:09:00,3040,3065,3030,3035,1534
2026-03-24 09:10:00,3035,3055,3035,3055,535
2026-03-24 09:11:00,3060,3065,3055,3055,1580
2026-03-24 09:14:00,3060,3060,3060,3060,28
2026-03-24 09:15:00,3060,3060,3060,3060,10
2026-03-24 09:16:00,3055,3085,3050,3085,3331
2026-03-24 09:17:00,3050,3050,3045,3045,258
2026-03-24 09:20:00,3075,3075,3075,3075,1
2026-03-24 09:24:00,3045,3045,3045,3045,700
2026-03-24 09:26:00,3045,3075,3045,3075,2078
2026-03-24 09:31:00,3055,3055,3055,3055,78
2026-03-24 09:33:00,3060,3060,3060,3060,627
2026-03-24 09:34:00,3065,3070,3065,3070,6
2026-03-24 09:35:00,3050,3050,3050,3050,10
2026-03-24 09:37:00,3050,3050,3050,3050,500
2026-03-24 09:39:00,3050,3050,3050,3050,281
2026-03-24 09:42:00,3050,3050,3050,3050,502
2026-03-24 09:44:00,3045,3045,3035,3035,899
2026-03-24 09:51:00,3035,3035,3035,3035,60
2026-03-24 09:52:00,3065,3065,3065,3065,10
2026-03-24 09:53:00,3065,3065,3065,3065,1
2026-03-24 09:55:00,3055,3055,3055,3055,49
2026-03-24 09:56:00,3050,3050,3030,3050,150
2026-03-24 09:57:00,3050,3050,3050,3050,2
2026-03-24 09:58:00,3050,3050,3050,3050,5
2026-03-24 10:01:00,3035,3050,3030,3050,1032
2026-03-24 10:02:00,3030,3030,3030,3030,70
2026-03-24 10:04:00,3030,3030,3030,3030,248
2026-03-24 10:05:00,3035,3035,3035,3035,1000
2026-03-24 10:06:00,3025,3035,3025,3035,112
2026-03-24 10:07:00,3025,3025,3025,3025,448
2026-03-24 10:10:00,3035,3035,3025,3030,3
2026-03-24 10:11:00,3035,3035,3025,3030,718
2026-03-24 10:14:00,3030,3030,3030,3030,1
2026-03-24 10:16:00,3020,3020,3020,3020,12
2026-03-24 10:17:00,3015,3015,3015,3015,79
2026-03-24 10:18:00,3010,3010,3000,3000,5926
2026-03-24 10:20:00,3000,3010,3000,3010,87
2026-03-24 10:21:00,3015,3015,3015,3015,130
2026-03-24 10:22:00,3015,3015,3015,3015,116
2026-03-24 10:23:00,3000,3000,3000,3000,151
2026-03-24 10:25:00,3020,3020,3020,3020,5
2026-03-24 10:26:00,3020,3020,3020,3020,95
2026-03-24 10:30:00,3030,3030,3020,3020,172
2026-03-24 10:31:00,3020,3020,3020,3020,81
2026-03-24 10:34:00,3020,3020,3020,3020,1
2026-03-24 10:36:00,3005,3010,3005,3010,207
2026-03-24 10:39:00,3010,3010,3000,3000,199
2026-03-24 10:40:00,3005,3005,3005,3005,63
2026-03-24 10:50:00,3000,3000,2995,2995,4089
2026-03-24 10:51:00,2990,3000,2990,3000,13
2026-03-24 10:54:00,3000,3000,3000,3000,1
2026-03-24 10:55:00,2990,2990,2970,2970,7730
2026-03-24 11:00:00,2975,2975,2970,2970,552
2026-03-24 11:01:00,2975,2975,2970,2970,410
2026-03-24 11:02:00,2970,2975,2965,2970,3521
2026-03-24 11:03:00,2975,2980,2975,2980,119
2026-03-24 11:04:00,2975,2975,2975,2975,65
2026-03-24 11:08:00,3000,3000,3000,3000,1
2026-03-24 11:10:00,3000,3000,3000,3000,10
2026-03-24 11:12:00,2980,2980,2980,2980,1
2026-03-24 11:13:00,2980,2980,2980,2980,28
2026-03-24 11:15:00,2985,2985,2985,2985,3
2026-03-24 11:18:00,2980,2980,2980,2980,286
2026-03-24 11:20:00,2995,3000,2985,2985,343
2026-03-24 11:21:00,3010,3035,2990,2990,1057
2026-03-24 11:23:00,3010,3010,3010,3010,1
2026-03-24 11:24:00,3010,3025,3000,3000,398
2026-03-24 11:25:00,3015,3015,3015,3015,27
2026-03-24 11:26:00,3015,3015,3000,3000,145
2026-03-24 11:27:00,3000,3000,2985,2985,1564
2026-03-24 11:28:00,3010,3010,3010,3010,224
2026-03-24 11:29:00,3015,3015,3010,3010,47
2026-03-24 11:32:00,3015,3015,3015,3015,124
2026-03-24 11:33:00,3020,3020,3020,3020,907
2026-03-24 11:34:00,3030,3030,3020,3020,173
2026-03-24 11:39:00,3020,3020,3020,3020,315
2026-03-24 11:40:00,3020,3020,3010,3015,43
2026-03-24 11:42:00,3015,3015,3015,3015,40
2026-03-24 11:44:00,3015,3015,2995,2995,240
2026-03-24 11:48:00,2995,2995,2995,2995,23
2026-03-24 11:52:00,2995,2995,2995,2995,463
2026-03-24 11:56:00,2995,2995,2995,2995,64
2026-03-24 11:58:00,2995,2995,2995,2995,2000
2026-03-24 12:00:00,3015,3015,3015,3015,117
2026-03-24 12:05:00,2990,2990,2990,2990,54
2026-03-24 12:14:00,3015,3030,3015,3025,2005
2026-03-24 12:15:00,3025,3025,3020,3025,188
2026-03-24 12:18:00,3005,3010,3005,3010,22
2026-03-24 12:24:00,3025,3025,3025,3025,742
2026-03-24 12:25:00,3025,3025,3025,3025,92
2026-03-24 12:26:00,3020,3020,3020,3020,45
2026-03-24 12:27:00,3020,3020,3020,3020,35
2026-03-24 12:30:00,3025,3030,3025,3030,80
2026-03-24 12:35:00,3030,3030,3030,3030,20
2026-03-24 12:36:00,3030,3030,3030,3030,20
2026-03-24 12:45:00,3030,3030,2985,2985,439
2026-03-24 13:00:00,3025,3025,3025,3025,34
2026-03-24 13:12:00,3025,3035,3025,3035,4049
2026-03-24 13:14:00,3040,3040,3040,3040,107
2026-03-24 13:17:00,3040,3040,3040,3040,215
2026-03-24 13:20:00,3040,3050,3040,3040,2253
2026-03-24 13:25:00,3050,3070,3045,3045,2673
2026-03-24 13:32:00,3045,3045,3040,3040,904
2026-03-24 13:34:00,3065,3065,3065,3065,143
2026-03-24 13:41:00,3055,3055,3055,3055,22
2026-03-24 13:43:00,3055,3055,3050,3050,612
2026-03-24 13:44:00,3060,3060,3060,3060,50
2026-03-24 13:45:00,3060,3060,3060,3060,25
2026-03-24 13:49:00,3060,3060,3060,3060,77
2026-03-24 13:50:00,3055,3055,3055,3055,3
2026-03-24 13:53:00,3055,3055,3055,3055,114
2026-03-24 13:57:00,3050,3050,3050,3050,1
2026-03-24 14:06:00,3050,3050,3045,3045,790
2026-03-24 14:10:00,3045,3045,3045,3045,56
2026-03-24 14:18:00,3055,3055,3055,3055,1
2026-03-24 14:19:00,3055,3055,3055,3055,769
2026-03-24 14:20:00,3060,3060,3060,3060,1
2026-03-24 14:21:00,3060,3060,3060,3060,1
2026-03-24 14:25:00,3060,3060,3055,3055,298
2026-03-24 14:28:00,3050,3050,3050,3050,1
2026-03-24 14:31:00,3040,3040,3040,3040,1
2026-03-24 14:35:00,3040,3040,3040,3040,150
2026-03-24 14:40:00,3055,3055,3055,3055,1
2026-03-24 14:42:00,3040,3040,3040,3040,6
2026-03-24 14:43:00,3040,3040,3040,3040,15
2026-03-24 14:46:00,3045,3045,3045,3045,1
2026-03-24 14:51:00,3040,3040,3030,3030,500
2026-03-24 14:56:00,3030,3030,3030,3030,1
2026-03-24 14:59:00,3025,3025,3025,3025,880
2026-03-24 15:00:00,3045,3045,3045,3045,20
2026-03-24 15:04:00,3040,3040,3040,3040,1
2026-03-24 15:09:00,3060,3060,3060,3060,10
2026-03-24 15:10:00,3060,3060,3060,3060,42
2026-03-24 15:11:00,3035,3035,3035,3035,244
2026-03-24 15:16:00,3035,3065,3035,3065,1182
2026-03-24 15:17:00,3065,3065,3060,3060,165
2026-03-24 15:19:00,3060,3060,3060,3060,118
2026-03-24 15:30:00,3065,3065,3065,3065,131
2026-03-24 15:35:00,3065,3065,3065,3065,327
2026-03-25 09:00:00,3080,3100,3080,3095,2207
2026-03-25 09:01:00,3095,3095,3095,3095,1
2026-03-25 09:02:00,3090,3250,3080,3080,6540
2026-03-25 09:03:00,3120,3120,3120,3120,700
2026-03-25 09:06:00,3100,3100,3085,3085,179
2026-03-25 09:07:00,3085,3085,3085,3085,9
2026-03-25 09:08:00,3085,3085,3085,3085,194
2026-03-25 09:09:00,3085,3085,3085,3085,113
2026-03-25 09:11:00,3080,3080,3080,3080,110
2026-03-25 09:15:00,3080,3080,3080,3080,310
2026-03-25 09:16:00,3080,3085,3080,3085,30
2026-03-25 09:17:00,3080,3085,3080,3085,207
2026-03-25 09:18:00,3080,3080,3075,3075,25
2026-03-25 09:19:00,3075,3075,3070,3070,229
2026-03-25 09:20:00,3075,3075,3075,3075,1
2026-03-25 09:21:00,3075,3075,3075,3075,1
2026-03-25 09:24:00,3075,3075,3075,3075,136
2026-03-25 09:26:00,3085,3085,3085,3085,50
2026-03-25 09:27:00,3090,3095,3090,3095,1173
2026-03-25 09:28:00,3095,3105,3095,3105,5017
2026-03-25 09:31:00,3100,3105,3060,3105,1803
2026-03-25 09:32:00,3110,3115,3110,3115,33
2026-03-25 09:34:00,3120,3120,3120,3120,103
2026-03-25 09:35:00,3125,3165,3125,3135,237
2026-03-25 09:36:00,3135,3145,3135,3135,321
2026-03-25 09:39:00,3135,3135,3135,3135,100
2026-03-25 09:41:00,3115,3115,3115,3115,150
2026-03-25 09:43:00,3125,3125,3125,3125,1
2026-03-25 09:44:00,3125,3125,3125,3125,1
2026-03-25 09:45:00,3125,3125,3125,3125,7
2026-03-25 09:46:00,3125,3125,3115,3115,182
2026-03-25 09:50:00,3115,3125,3115,3125,29
2026-03-25 09:52:00,3120,3120,3115,3115,400
2026-03-25 09:54:00,3115,3125,3115,3125,21
2026-03-25 09:57:00,3125,3125,3125,3125,10
2026-03-25 09:58:00,3125,3125,3125,3125,28
2026-03-25 09:59:00,3125,3125,3125,3125,13
2026-03-25 10:00:00,3130,3130,3125,3130,421
2026-03-25 10:01:00,3130,3130,3130,3130,1
2026-03-25 10:02:00,3120,3120,3120,3120,1000
2026-03-25 10:10:00,3130,3130,3130,3130,92
2026-03-25 10:11:00,3135,3135,3125,3125,104
2026-03-25 10:16:00,3125,3140,3125,3130,17
2026-03-25 10:17:00,3130,3130,3125,3125,1656
2026-03-25 10:18:00,3125,3130,3125,3130,372
2026-03-25 10:19:00,3130,3145,3130,3145,68
2026-03-25 10:21:00,3140,3150,3140,3150,1036
2026-03-25 10:24:00,3150,3150,3145,3145,163
2026-03-25 10:27:00,3140,3140,3140,3140,11
2026-03-25 10:28:00,3130,3130,3130,3130,223
2026-03-25 10:29:00,3140,3140,3140,3140,1000
2026-03-25 10:34:00,3130,3130,3130,3130,2
2026-03-25 10:53:00,3130,3130,3130,3130,4
2026-03-25 10:56:00,3130,3130,3125,3125,153
2026-03-25 10:57:00,3125,3125,3120,3120,1797
2026-03-25 10:59:00,3125,3125,3125,3125,38
2026-03-25 11:02:00,3125,3125,3125,3125,54
2026-03-25 11:04:00,3120,3120,3120,3120,64
2026-03-25 11:07:00,3115,3115,3115,3115,2
2026-03-25 11:08:00,3120,3120,3120,3120,1
2026-03-25 11:10:00,3120,3120,3120,3120,2
2026-03-25 11:13:00,3120,3120,3115,3115,362
2026-03-25 11:14:00,3125,3125,3125,3125,9
2026-03-25 11:18:00,3130,3130,3125,3125,2
2026-03-25 11:22:00,3130,3130,3130,3130,6
2026-03-25 11:23:00,3130,3130,3130,3130,1
2026-03-25 11:26:00,3130,3130,3130,3130,4
2026-03-25 11:28:00,3130,3130,3125,3125,111
2026-03-25 11:34:00,3115,3115,3115,3115,1
2026-03-25 11:35:00,3115,3115,3110,3110,2065
2026-03-25 11:36:00,3110,3110,3110,3110,1
2026-03-25 11:39:00,3115,3115,3115,3115,1
2026-03-25 11:40:00,3125,3125,3125,3125,1
2026-03-25 11:44:00,3120,3120,3110,3110,114
2026-03-25 11:46:00,3120,3120,3120,3120,1
2026-03-25 11:49:00,3120,3120,3115,3115,3
2026-03-25 11:50:00,3120,3120,3120,3120,600
2026-03-25 11:55:00,3120,3120,3120,3120,2
2026-03-25 11:56:00,3125,3125,3125,3125,1
2026-03-25 11:57:00,3135,3135,3135,3135,132
2026-03-25 12:00:00,3125,3125,3125,3125,43
2026-03-25 12:02:00,3125,3125,3125,3125,8
2026-03-25 12:03:00,3125,3125,3125,3125,1000
2026-03-25 12:05:00,3120,3120,3120,3120,1
2026-03-25 12:06:00,3125,3125,3125,3125,1
2026-03-25 12:07:00,3140,3140,3140,3140,7
2026-03-25 12:11:00,3125,3125,3125,3125,1
2026-03-25 12:12:00,3140,3140,3140,3140,2
2026-03-25 12:15:00,3125,3125,3105,3105,876
2026-03-25 12:16:00,3110,3110,3110,3110,1
2026-03-25 12:21:00,3110,3110,3110,3110,1
2026-03-25 12:27:00,3110,3110,3110,3110,1
2026-03-25 12:32:00,3110,3130,3110,3130,26
2026-03-25 12:34:00,3140,3145,3140,3145,469
2026-03-25 12:37:00,3125,3145,3125,3145,151
2026-03-25 12:39:00,3125,3125,3120,3125,150
2026-03-25 12:42:00,3140,3140,3125,3125,717
2026-03-25 12:43:00,3125,3140,3125,3140,37
2026-03-25 12:46:00,3140,3150,3140,3150,883
2026-03-25 12:47:00,3145,3145,3145,3145,4
2026-03-25 12:48:00,3145,3150,3145,3150,2
2026-03-25 12:49:00,3150,3155,3150,3155,200
2026-03-25 12:51:00,3145,3145,3125,3125,265
2026-03-25 12:53:00,3130,3130,3130,3130,1
2026-03-25 12:54:00,3130,3130,3125,3125,1000
2026-03-25 12:55:00,3125,3140,3125,3125,37
2026-03-25 12:57:00,3150,3150,3150,3150,15
2026-03-25 12:59:00,3125,3125,3125,3125,1
2026-03-25 13:00:00,3155,3155,3155,3155,750
2026-03-25 13:01:00,3155,3155,3155,3155,30
2026-03-25 13:02:00,3160,3160,3160,3160,200
2026-03-25 13:04:00,3135,3175,3135,3175,2185
2026-03-25 13:05:00,3180,3180,3180,3180,501
2026-03-25 13:06:00,3180,3180,3180,3180,1000
2026-03-25 13:08:00,3180,3190,3145,3190,108
2026-03-25 13:09:00,3185,3185,3155,3185,666
2026-03-25 13:10:00,3155,3180,3155,3180,51
2026-03-25 13:11:00,3180,3180,3180,3180,3
2026-03-25 13:15:00,3155,3175,3155,3175,159
2026-03-25 13:18:00,3175,3185,3175,3185,510
2026-03-25 13:19:00,3185,3185,3180,3180,647
2026-03-25 13:20:00,3160,3160,3160,3160,1
2026-03-25 13:21:00,3160,3160,3160,3160,3
2026-03-25 13:22:00,3160,3170,3160,3165,22
2026-03-25 13:23:00,3175,3180,3175,3180,250
2026-03-25 13:25:00,3160,3160,3160,3160,1
2026-03-25 13:26:00,3160,3160,3160,3160,1
2026-03-25 13:28:00,3160,3160,3160,3160,392
2026-03-25 13:31:00,3160,3160,3160,3160,1
2026-03-25 13:33:00,3167,3167,3167,3167,30
2026-03-25 13:36:00,3160,3160,3160,3160,59
2026-03-25 13:37:00,3155,3155,3155,3155,1
2026-03-25 13:38:00,3160,3160,3160,3160,63
2026-03-25 13:42:00,3155,3155,3155,3155,1
2026-03-25 13:48:00,3155,3155,3155,3155,1
2026-03-25 13:49:00,3170,3170,3170,3170,23
2026-03-25 13:53:00,3155,3155,3155,3155,1
2026-03-25 13:58:00,3155,3155,3150,3150,69
2026-03-25 13:59:00,3155,3155,3155,3155,35
2026-03-25 14:04:00,3150,3150,3150,3150,1
2026-03-25 14:05:00,3150,3150,3150,3150,1
2026-03-25 14:09:00,3150,3150,3150,3150,1
2026-03-25 14:12:00,3160,3160,3160,3160,8
2026-03-25 14:13:00,3155,3155,3155,3155,3
2026-03-25 14:14:00,3157,3157,3155,3155,420
2026-03-25 14:15:00,3155,3155,3155,3155,1
2026-03-25 14:16:00,3155,3155,3150,3150,23
2026-03-25 14:20:00,3150,3150,3150,3150,1
2026-03-25 14:23:00,3155,3160,3155,3160,9
2026-03-25 14:25:00,3155,3155,3155,3155,4
2026-03-25 14:26:00,3155,3155,3155,3155,1
2026-03-25 14:27:00,3155,3155,3155,3155,55
2026-03-25 14:28:00,3160,3165,3160,3165,292
2026-03-25 14:30:00,3165,3170,3165,3170,451
2026-03-25 14:31:00,3160,3160,3160,3160,74
2026-03-25 14:32:00,3160,3160,3160,3160,5
2026-03-25 14:33:00,3160,3160,3160,3160,2
2026-03-25 14:35:00,3160,3160,3160,3160,10
2026-03-25 14:37:00,3160,3160,3160,3160,1
2026-03-25 14:42:00,3160,3165,3160,3165,4
2026-03-25 14:43:00,3165,3165,3165,3165,13
2026-03-25 14:44:00,3165,3165,3165,3165,1
2026-03-25 14:45:00,3165,3170,3165,3170,188
2026-03-25 14:46:00,3170,3170,3170,3170,11
2026-03-25 14:48:00,3160,3170,3160,3170,4
2026-03-25 14:49:00,3170,3170,3120,3120,1024
2026-03-25 14:50:00,3170,3170,3170,3170,14
2026-03-25 14:52:00,3170,3170,3170,3170,64
2026-03-25 14:53:00,3170,3170,3135,3135,65
2026-03-25 14:58:00,3165,3170,3165,3170,119
2026-03-25 14:59:00,3145,3170,3145,3170,72
2026-03-25 15:04:00,3155,3155,3155,3155,1
2026-03-25 15:05:00,3155,3170,3155,3170,1130
2026-03-25 15:06:00,3170,3170,3170,3170,55
2026-03-25 15:09:00,3165,3165,3165,3165,99
2026-03-25 15:10:00,3155,3165,3155,3165,203
2026-03-25 15:12:00,3165,3165,3155,3155,9
2026-03-25 15:15:00,3155,3155,3155,3155,1
2026-03-25 15:17:00,3165,3170,3165,3170,682
2026-03-25 15:19:00,3170,3170,3170,3170,55
2026-03-25 15:30:00,3170,3170,3170,3170,450
2026-03-26 09:00:00,3150,3150,3150,3150,455
2026-03-26 09:01:00,3125,3140,3125,3125,80
2026-03-26 09:02:00,3145,3145,3125,3140,583
2026-03-26 09:03:00,3135,3140,3125,3125,14
2026-03-26 09:04:00,3120,3120,3120,3120,27
2026-03-26 09:05:00,3135,3135,3135,3135,155
2026-03-26 09:06:00,3125,3125,3125,3125,462
2026-03-26 09:07:00,3125,3140,3125,3140,3474
2026-03-26 09:08:00,3140,3140,3135,3140,891
2026-03-26 09:09:00,3135,3135,3135,3135,21
2026-03-26 09:11:00,3150,3155,3145,3145,295
2026-03-26 09:13:00,3145,3145,3145,3145,11
2026-03-26 09:14:00,3140,3155,3130,3130,644
2026-03-26 09:15:00,3130,3130,3120,3120,600
2026-03-26 09:17:00,3125,3125,3125,3125,20
2026-03-26 09:18:00,3125,3125,3125,3125,11
2026-03-26 09:19:00,3125,3125,3120,3120,490
2026-03-26 09:20:00,3145,3145,3140,3140,10
2026-03-26 09:22:00,3140,3140,3140,3140,206
2026-03-26 09:23:00,3125,3140,3115,3140,595
2026-03-26 09:24:00,3140,3150,3140,3150,1139
2026-03-26 09:26:00,3150,3150,3150,3150,101
2026-03-26 09:27:00,3150,3150,3150,3150,214
2026-03-26 09:30:00,3145,3145,3145,3145,19
2026-03-26 09:31:00,3145,3145,3145,3145,124
2026-03-26 09:32:00,3120,3120,3115,3115,500
2026-03-26 09:36:00,3140,3170,3140,3170,5070
2026-03-26 09:38:00,3170,3170,3170,3170,100
2026-03-26 09:39:00,3170,3170,3170,3170,11
2026-03-26 09:46:00,3135,3145,3130,3145,1562
2026-03-26 09:47:00,3150,3150,3150,3150,71
2026-03-26 09:52:00,3150,3150,3150,3150,187
2026-03-26 09:54:00,3145,3145,3145,3145,589
2026-03-26 09:55:00,3150,3150,3150,3150,3
2026-03-26 09:56:00,3150,3170,3150,3170,462
2026-03-26 09:57:00,3170,3170,3160,3170,474
2026-03-26 09:58:00,3170,3170,3170,3170,533
2026-03-26 09:59:00,3170,3170,3170,3170,995
2026-03-26 10:00:00,3170,3170,3170,3170,108
2026-03-26 10:01:00,3170,3170,3170,3170,802
2026-03-26 10:02:00,3180,3190,3180,3180,38
2026-03-26 10:03:00,3190,3190,3190,3190,230
2026-03-26 10:05:00,3180,3180,3180,3180,889
2026-03-26 10:06:00,3180,3180,3180,3180,369
2026-03-26 10:07:00,3170,3175,3170,3175,77
2026-03-26 10:08:00,3175,3175,3175,3175,1
2026-03-26 10:09:00,3170,3170,3170,3170,664
2026-03-26 10:11:00,3170,3170,3170,3170,442
2026-03-26 10:14:00,3190,3190,3190,3190,101
2026-03-26 10:15:00,3195,3195,3195,3195,11
2026-03-26 10:16:00,3195,3195,3195,3195,14
2026-03-26 10:17:00,3200,3200,3170,3190,552
2026-03-26 10:18:00,3170,3170,3160,3160,283
2026-03-26 10:19:00,3190,3190,3190,3190,1
2026-03-26 10:20:00,3160,3160,3160,3160,123
2026-03-26 10:21:00,3160,3160,3160,3160,303
2026-03-26 10:25:00,3160,3160,3160,3160,1
2026-03-26 10:33:00,3185,3185,3185,3185,6
2026-03-26 10:35:00,3185,3185,3160,3160,111
2026-03-26 10:37:00,3165,3165,3165,3165,20
2026-03-26 10:39:00,3170,3170,3170,3170,10
2026-03-26 10:43:00,3170,3170,3160,3160,425
2026-03-26 10:44:00,3160,3160,3150,3150,5
2026-03-26 10:46:00,3150,3155,3150,3155,14
2026-03-26 10:49:00,3155,3155,3155,3155,8
2026-03-26 10:51:00,3155,3155,3155,3155,2
2026-03-26 10:53:00,3160,3160,3160,3160,1
2026-03-26 10:55:00,3145,3145,3130,3130,689
2026-03-26 10:56:00,3130,3130,3120,3120,707
2026-03-26 11:00:00,3125,3125,3125,3125,372
2026-03-26 11:05:00,3125,3125,3125,3125,185
2026-03-26 11:06:00,3125,3125,3125,3125,150
2026-03-26 11:08:00,3120,3120,3120,3120,332
2026-03-26 11:09:00,3115,3120,3115,3120,450
2026-03-26 11:10:00,3120,3120,3120,3120,130
2026-03-26 11:12:00,3120,3120,3120,3120,30
2026-03-26 11:14:00,3120,3120,3110,3110,425
2026-03-26 11:15:00,3110,3120,3110,3120,2653
2026-03-26 11:18:00,3115,3115,3115,3115,425
2026-03-26 11:22:00,3115,3115,3115,3115,1
2026-03-26 11:23:00,3110,3110,3095,3110,3004
2026-03-26 11:25:00,3110,3110,3110,3110,169
2026-03-26 11:26:00,3110,3110,3110,3110,69
2026-03-26 11:27:00,3115,3115,3115,3115,209
2026-03-26 11:28:00,3105,3105,3105,3105,310
2026-03-26 11:30:00,3110,3110,3110,3110,4
2026-03-26 11:31:00,3105,3105,3100,3100,1678
2026-03-26 11:32:00,3095,3095,3095,3095,2
2026-03-26 11:33:00,3095,3095,3090,3090,1200
2026-03-26 11:35:00,3090,3090,3090,3090,400
2026-03-26 11:36:00,3110,3110,3110,3110,1
2026-03-26 11:47:00,3085,3085,3085,3085,1000
2026-03-26 11:51:00,3105,3110,3105,3110,3
2026-03-26 11:53:00,3110,3110,3110,3110,50
2026-03-26 11:54:00,3115,3115,3115,3115,35
2026-03-26 11:56:00,3100,3100,3100,3100,1001
2026-03-26 11:58:00,3100,3100,3100,3100,217
2026-03-26 11:59:00,3100,3100,3090,3090,437
2026-03-26 12:01:00,3090,3090,3090,3090,28
2026-03-26 12:03:00,3090,3110,3090,3110,2909
2026-03-26 12:06:00,3110,3110,3110,3110,3
2026-03-26 12:07:00,3090,3090,3085,3085,134
2026-03-26 12:09:00,3110,3110,3110,3110,501
2026-03-26 12:11:00,3110,3110,3110,3110,500
2026-03-26 12:12:00,3090,3090,3090,3090,63
2026-03-26 12:24:00,3090,3090,3090,3090,122
2026-03-26 12:25:00,3095,3095,3090,3090,35
2026-03-26 12:26:00,3095,3095,3085,3085,2100
2026-03-26 12:28:00,3105,3105,3105,3105,100
2026-03-26 12:32:00,3115,3115,3115,3115,141
2026-03-26 12:36:00,3120,3120,3120,3120,400
2026-03-26 12:43:00,3115,3115,3115,3115,40
2026-03-26 12:55:00,3115,3115,3115,3115,187
2026-03-26 12:58:00,3115,3115,3110,3110,383
2026-03-26 13:00:00,3110,3110,3110,3110,117
2026-03-26 13:01:00,3130,3130,3130,3130,37
2026-03-26 13:02:00,3130,3130,3130,3130,10
2026-03-26 13:04:00,3120,3120,3120,3120,62
2026-03-26 13:09:00,3120,3120,3120,3120,32
2026-03-26 13:13:00,3120,3120,3120,3120,4
2026-03-26 13:16:00,3115,3115,3110,3115,823
2026-03-26 13:21:00,3105,3105,3105,3105,360
2026-03-26 13:22:00,3100,3100,3100,3100,140
2026-03-26 13:26:00,3130,3130,3130,3130,119
2026-03-26 13:27:00,3130,3130,3130,3130,200
2026-03-26 13:30:00,3130,3130,3130,3130,45
2026-03-26 13:33:00,3105,3105,3105,3105,629
2026-03-26 13:51:00,3105,3130,3105,3130,6
2026-03-26 14:00:00,3125,3125,3125,3125,1
2026-03-26 14:02:00,3125,3125,3125,3125,76
2026-03-26 14:06:00,3105,3105,3095,3095,1000
2026-03-26 14:07:00,3125,3125,3125,3125,271
2026-03-26 14:08:00,3125,3130,3125,3130,151
2026-03-26 14:21:00,3130,3130,3130,3130,3
2026-03-26 14:24:00,3130,3130,3130,3130,30
2026-03-26 14:25:00,3100,3100,3100,3100,300
2026-03-26 14:26:00,3095,3095,3095,3095,100
2026-03-26 14:30:00,3105,3115,3105,3115,5
2026-03-26 14:32:00,3110,3110,3110,3110,102
2026-03-26 14:39:00,3110,3110,3095,3095,994
2026-03-26 14:40:00,3095,3095,3085,3085,1000
2026-03-26 14:44:00,3110,3110,3110,3110,1
2026-03-26 14:51:00,3110,3110,3110,3110,65
2026-03-26 14:53:00,3110,3110,3090,3090,336
2026-03-26 14:54:00,3100,3100,3100,3100,32
2026-03-26 14:55:00,3100,3100,3100,3100,3
2026-03-26 14:56:00,3090,3090,3085,3085,83
2026-03-26 14:59:00,3105,3105,3105,3105,1
2026-03-26 15:01:00,3105,3105,3105,3105,35
2026-03-26 15:06:00,3085,3085,3085,3085,42
2026-03-26 15:07:00,3085,3085,3085,3085,211
2026-03-26 15:08:00,3080,3080,3080,3080,283
2026-03-26 15:09:00,3080,3080,3080,3080,53
2026-03-26 15:12:00,3090,3090,3090,3090,1
2026-03-26 15:14:00,3085,3085,3080,3080,753
2026-03-26 15:15:00,3085,3085,3075,3085,239
2026-03-26 15:16:00,3085,3085,3085,3085,101
2026-03-26 15:17:00,3085,3090,3080,3090,240
2026-03-26 15:18:00,3090,3090,3090,3090,20
2026-03-26 15:19:00,3090,3090,3090,3090,1
2026-03-26 15:30:00,3085,3085,3085,3085,308
2026-03-27 09:01:00,3140,3140,3085,3085,126
2026-03-27 09:02:00,3095,3095,3000,3070,1506
2026-03-27 09:04:00,3060,3065,3060,3065,117
2026-03-27 09:06:00,3070,3085,3070,3085,112
2026-03-27 09:07:00,3080,3085,3080,3085,394
2026-03-27 09:08:00,3085,3090,3085,3090,419
2026-03-27 09:10:00,3075,3075,3070,3070,181
2026-03-27 09:11:00,3100,3100,3100,3100,1
2026-03-27 09:14:00,3100,3100,3100,3100,383
2026-03-27 09:15:00,3080,3080,3080,3080,1
2026-03-27 09:16:00,3100,3100,3040,3040,691
2026-03-27 09:17:00,3090,3090,3090,3090,379
2026-03-27 09:18:00,3090,3090,3090,3090,472
2026-03-27 09:19:00,3095,3105,3095,3105,183
2026-03-27 09:20:00,3105,3110,3105,3110,270
2026-03-27 09:21:00,3130,3130,3130,3130,1
2026-03-27 09:22:00,3130,3130,3125,3130,4
2026-03-27 09:24:00,3130,3130,3130,3130,339
2026-03-27 09:27:00,3105,3105,3090,3090,401
2026-03-27 09:28:00,3125,3125,3075,3075,3
2026-03-27 09:32:00,3070,3070,3070,3070,40
2026-03-27 09:33:00,3110,3110,3110,3110,1
2026-03-27 09:35:00,3100,3100,3100,3100,18
2026-03-27 09:37:00,3090,3090,3090,3090,48
2026-03-27 09:38:00,3100,3110,3100,3110,763
2026-03-27 09:39:00,3105,3105,3105,3105,830
2026-03-27 09:40:00,3105,3105,3105,3105,1869
2026-03-27 09:43:00,3105,3110,3105,3110,700
2026-03-27 09:44:00,3115,3115,3115,3115,1
2026-03-27 09:46:00,3115,3115,3115,3115,1
2026-03-27 09:48:00,3120,3120,3120,3120,40
2026-03-27 09:49:00,3125,3125,3125,3125,1
2026-03-27 09:50:00,3090,3090,3090,3090,1516
2026-03-27 09:54:00,3115,3115,3115,3115,1
2026-03-27 09:56:00,3110,3110,3110,3110,9
2026-03-27 09:57:00,3110,3110,3110,3110,1
2026-03-27 09:58:00,3110,3110,3050,3105,1050
2026-03-27 10:00:00,3105,3105,3105,3105,21
2026-03-27 10:01:00,3105,3105,3105,3105,9
2026-03-27 10:03:00,3105,3105,3105,3105,6
2026-03-27 10:05:00,3105,3105,3100,3100,2
2026-03-27 10:06:00,3100,3100,3095,3095,6
2026-03-27 10:10:00,3100,3100,3100,3100,1
2026-03-27 10:11:00,3100,3125,3100,3125,1393
2026-03-27 10:15:00,3125,3125,3125,3125,100
2026-03-27 10:16:00,3125,3125,3125,3125,27
2026-03-27 10:21:00,3125,3125,3120,3120,101
2026-03-27 10:22:00,3120,3120,3120,3120,2
2026-03-27 10:24:00,3125,3125,3125,3125,426
2026-03-27 10:26:00,3125,3125,3125,3125,153
2026-03-27 10:27:00,3125,3125,3125,3125,1
2026-03-27 10:29:00,3125,3125,3125,3125,10
2026-03-27 10:32:00,3125,3125,3125,3125,229
2026-03-27 10:35:00,3125,3125,3125,3125,7
2026-03-27 10:36:00,3125,3125,3125,3125,5
2026-03-27 10:37:00,3125,3125,3125,3125,1
2026-03-27 10:38:00,3130,3130,3125,3125,11
2026-03-27 10:39:00,3125,3125,3125,3125,329
2026-03-27 10:41:00,3125,3125,3125,3125,34
2026-03-27 10:42:00,3125,3130,3125,3130,266
2026-03-27 10:43:00,3130,3130,3130,3130,2
2026-03-27 10:44:00,3130,3135,3130,3135,2464
2026-03-27 10:45:00,3140,3140,3140,3140,165
2026-03-27 10:48:00,3140,3140,3140,3140,1
2026-03-27 10:50:00,3140,3140,3140,3140,1
2026-03-27 10:54:00,3140,3140,3140,3140,1
2026-03-27 10:56:00,3140,3140,3135,3135,239
2026-03-27 10:59:00,3140,3140,3130,3140,23
2026-03-27 11:00:00,3140,3140,3135,3135,2
2026-03-27 11:01:00,3135,3135,3135,3135,31
2026-03-27 11:05:00,3140,3140,3140,3140,1
2026-03-27 11:10:00,3130,3130,3130,3130,172
2026-03-27 11:12:00,3125,3125,3125,3125,160
2026-03-27 11:16:00,3120,3120,3120,3120,1
2026-03-27 11:17:00,3120,3120,3120,3120,2
2026-03-27 11:20:00,3120,3120,3120,3120,1
2026-03-27 11:21:00,3120,3140,3120,3140,516
2026-03-27 11:24:00,3140,3140,3140,3140,1
2026-03-27 11:27:00,3135,3135,3135,3135,1
2026-03-27 11:32:00,3115,3130,3115,3130,77
2026-03-27 11:38:00,3130,3130,3130,3130,1
2026-03-27 11:44:00,3130,3130,3130,3130,1
2026-03-27 11:49:00,3130,3130,3130,3130,1
2026-03-27 11:55:00,3130,3130,3105,3105,383
2026-03-27 11:59:00,3105,3105,3105,3105,100
2026-03-27 12:00:00,3120,3120,3120,3120,1
2026-03-27 12:05:00,3115,3115,3115,3115,2
2026-03-27 12:06:00,3115,3115,3115,3115,1
2026-03-27 12:11:00,3115,3115,3115,3115,1
2026-03-27 12:14:00,3115,3115,3115,3115,50
2026-03-27 12:17:00,3120,3120,3120,3120,1
2026-03-27 12:21:00,3105,3105,3105,3105,80
2026-03-27 12:23:00,3110,3110,3110,3110,1
2026-03-27 12:27:00,3105,3105,3105,3105,100
2026-03-27 12:28:00,3110,3110,3110,3110,1
2026-03-27 12:33:00,3110,3110,3110,3110,5
2026-03-27 12:34:00,3110,3110,3110,3110,1
2026-03-27 12:35:00,3110,3120,3110,3120,1166
2026-03-27 12:39:00,3125,3125,3125,3125,1
2026-03-27 12:40:00,3125,3125,3125,3125,51
2026-03-27 12:45:00,3125,3125,3125,3125,1
2026-03-27 12:48:00,3125,3125,3125,3125,22
2026-03-27 12:51:00,3125,3125,3125,3125,1
2026-03-27 12:56:00,3125,3125,3125,3125,1
2026-03-27 13:02:00,3125,3125,3125,3125,49
2026-03-27 13:04:00,3125,3125,3125,3125,582
2026-03-27 13:05:00,3125,3125,3125,3125,99
2026-03-27 13:07:00,3130,3130,3130,3130,1
2026-03-27 13:10:00,3120,3130,3120,3130,68
2026-03-27 13:12:00,3130,3130,3130,3130,153
2026-03-27 13:13:00,3125,3130,3125,3130,101
2026-03-27 13:15:00,3125,3125,3125,3125,57
2026-03-27 13:18:00,3125,3125,3125,3125,10
2026-03-27 13:19:00,3130,3130,3130,3130,1
2026-03-27 13:22:00,3130,3140,3130,3140,4553
2026-03-27 13:23:00,3140,3160,3135,3160,2807
2026-03-27 13:24:00,3160,3160,3150,3160,476
2026-03-27 13:25:00,3160,3175,3155,3160,732
2026-03-27 13:26:00,3160,3175,3150,3175,368
2026-03-27 13:27:00,3175,3175,3175,3175,55
2026-03-27 13:28:00,3175,3175,3175,3175,936
2026-03-27 13:29:00,3175,3190,3175,3190,189
2026-03-27 13:30:00,3185,3185,3160,3170,1170
2026-03-27 13:31:00,3180,3180,3160,3170,64
2026-03-27 13:32:00,3165,3170,3165,3170,1394
2026-03-27 13:33:00,3170,3170,3170,3170,90
2026-03-27 13:34:00,3170,3170,3170,3170,249
2026-03-27 13:38:00,3165,3170,3165,3170,671
2026-03-27 13:39:00,3170,3170,3170,3170,516
2026-03-27 13:41:00,3180,3190,3180,3190,1369
2026-03-27 13:42:00,3195,3235,3190,3230,6839
2026-03-27 13:43:00,3230,3260,3230,3260,6296
2026-03-27 13:44:00,3250,3255,3230,3255,2800
2026-03-27 13:45:00,3250,3260,3235,3260,1778
2026-03-27 13:46:00,3250,3270,3250,3265,5477
2026-03-27 13:47:00,3265,3290,3250,3280,8404
2026-03-27 13:48:00,3280,3390,3280,3390,30641
2026-03-27 13:50:00,3430,3440,3340,3370,112161
2026-03-27 13:51:00,3375,3390,3275,3275,67473
2026-03-27 13:52:00,3285,3320,3280,3290,12325
2026-03-27 13:53:00,3295,3330,3295,3310,5575
2026-03-27 13:54:00,3310,3330,3285,3310,8460
2026-03-27 13:55:00,3310,3325,3280,3280,8165
2026-03-27 13:56:00,3280,3310,3260,3310,3931
2026-03-27 13:57:00,3310,3310,3285,3285,847
2026-03-27 13:58:00,3295,3295,3240,3250,10533
2026-03-27 13:59:00,3255,3270,3255,3260,2393
2026-03-27 14:00:00,3255,3700,3255,3520,388848
2026-03-27 14:01:00,3535,3680,3475,3615,305341
2026-03-27 14:02:00,3610,3610,3460,3520,120673
2026-03-27 14:03:00,3520,3650,3495,3650,131180
2026-03-27 14:04:00,3650,3675,3515,3535,150496
2026-03-27 14:05:00,3535,3545,3420,3425,92941
2026-03-27 14:06:00,3430,3430,3375,3400,58651
2026-03-27 14:07:00,3397,3465,3330,3350,85619
2026-03-27 14:08:00,3355,3375,3305,3325,47703
2026-03-27 14:09:00,3325,3335,3290,3300,29624
2026-03-27 14:10:00,3300,3360,3300,3335,22146
2026-03-27 14:11:00,3335,3340,3315,3335,12645
2026-03-27 14:12:00,3335,3345,3320,3325,4871
2026-03-27 14:13:00,3335,3335,3295,3295,31394
2026-03-27 14:14:00,3295,3430,3295,3360,22629
2026-03-27 14:15:00,3360,3405,3355,3365,23879
2026-03-27 14:16:00,3365,3390,3355,3390,10523
2026-03-27 14:17:00,3380,3460,3320,3445,40994
2026-03-27 14:18:00,3440,3545,3375,3545,76657
2026-03-27 14:19:00,3545,3770,3530,3770,578391
2026-03-27 14:21:00,3770,3885,3745,3830,410209
2026-03-27 14:22:00,3830,4010,3800,3900,1040696
2026-03-27 14:23:00,3900,4010,3890,4010,641560
2026-03-27 14:24:00,4010,4010,4010,4010,37555
2026-03-27 14:25:00,4010,4010,4010,4010,19387
2026-03-27 14:26:00,4010,4010,4010,4010,15518
2026-03-27 14:27:00,4010,4010,4010,4010,7493
2026-03-27 14:28:00,4010,4010,4010,4010,96142
2026-03-27 14:29:00,4010,4010,3905,4010,697924
2026-03-27 14:30:00,4010,4010,3965,3965,266410
2026-03-27 14:31:00,3980,4010,3940,3975,148796
2026-03-27 14:32:00,3990,4010,3950,4005,234500
2026-03-27 14:33:00,4005,4010,3945,3955,120167
2026-03-27 14:34:00,3965,3970,3910,3910,83021
2026-03-27 14:35:00,3905,3925,3865,3870,161046
2026-03-27 14:36:00,3865,3880,3800,3800,199210
2026-03-27 14:37:00,3800,3850,3790,3845,132636
2026-03-27 14:38:00,3850,3870,3700,3760,279183
2026-03-27 14:39:00,3760,3800,3600,3645,256104
2026-03-27 14:40:00,3640,3670,3610,3665,196247
2026-03-27 14:41:00,3665,3670,3550,3610,163403
2026-03-27 14:42:00,3615,3670,3580,3660,175392
2026-03-27 14:43:00,3660,3695,3625,3630,127388
2026-03-27 14:44:00,3650,3650,3610,3615,50642
2026-03-27 14:45:00,3615,3700,3615,3695,73706
2026-03-27 14:46:00,3695,3695,3615,3615,165159
2026-03-27 14:47:00,3615,3680,3560,3645,145924
2026-03-27 14:48:00,3655,3810,3645,3785,257103
2026-03-27 14:49:00,3785,3875,3770,3815,261757
2026-03-27 14:50:00,3830,3835,3720,3740,168260
2026-03-27 14:51:00,3740,3790,3725,3760,98692
2026-03-27 14:52:00,3755,3805,3745,3750,86054
2026-03-27 14:53:00,3745,3775,3675,3700,119185
2026-03-27 14:54:00,3700,3700,3625,3675,107328
2026-03-27 14:55:00,3670,3750,3650,3735,70600
2026-03-27 14:56:00,3740,3765,3720,3720,75660
2026-03-27 14:57:00,3730,3755,3720,3755,21573
2026-03-27 14:58:00,3755,3775,3705,3740,84439
2026-03-27 14:59:00,3730,3750,3695,3715,43010
2026-03-27 15:00:00,3715,3745,3680,3715,26382
2026-03-27 15:01:00,3715,3735,3665,3670,33775
2026-03-27 15:02:00,3670,3725,3650,3720,33852
2026-03-27 15:03:00,3710,3840,3700,3800,223762
2026-03-27 15:04:00,3810,3930,3800,3910,336027
2026-03-27 15:05:00,3910,3915,3840,3865,154719
2026-03-27 15:06:00,3865,3930,3850,3885,232952
2026-03-27 15:07:00,3880,3900,3845,3900,75164
2026-03-27 15:08:00,3905,3965,3865,3895,195069
2026-03-27 15:09:00,3890,3940,3865,3905,78298
2026-03-27 15:10:00,3905,3905,3830,3830,74868
2026-03-27 15:11:00,3825,3875,3740,3795,166272
2026-03-27 15:12:00,3790,3820,3745,3795,117848
2026-03-27 15:13:00,3800,3800,3735,3770,63577
2026-03-27 15:14:00,3770,3795,3745,3770,38662
2026-03-27 15:15:00,3770,3880,3770,3865,129477
2026-03-27 15:16:00,3870,4010,3865,4010,738368
2026-03-27 15:17:00,4010,4010,4010,4010,73225
2026-03-27 15:18:00,4010,4010,4010,4010,15889
2026-03-27 15:19:00,4010,4010,4010,4010,13031
2026-03-27 15:30:00,4010,4010,4010,4010,22423
2026-03-27 15:35:00,4010,4010,4010,4010,3588
2026-03-30 09:00:00,3865,4060,3860,3975,851962
2026-03-30 09:01:00,3970,4030,3900,3995,279813
2026-03-30 09:02:00,3980,4010,3930,3945,142996
2026-03-30 09:03:00,3950,3950,3890,3925,126137
2026-03-30 09:04:00,3925,3995,3920,3995,66311
2026-03-30 09:05:00,3995,4010,3930,3935,56787
2026-03-30 09:06:00,3945,3965,3935,3950,30634
2026-03-30 09:07:00,3945,4000,3940,3960,36284
2026-03-30 09:08:00,3962,3962,3885,3885,72942
2026-03-30 09:09:00,3885,3895,3845,3845,80989
2026-03-30 09:10:00,3845,3935,3845,3910,50415
2026-03-30 09:11:00,3905,3930,3905,3930,25183
2026-03-30 09:12:00,3925,3930,3895,3900,40381
2026-03-30 09:13:00,3905,3905,3865,3865,31124
2026-03-30 09:14:00,3870,3880,3825,3825,48221
2026-03-30 09:15:00,3825,3890,3810,3875,42638
2026-03-30 09:16:00,3875,3895,3845,3845,31556
2026-03-30 09:17:00,3840,3865,3830,3855,44189
2026-03-30 09:18:00,3855,3855,3840,3850,9976
2026-03-30 09:19:00,3855,3935,3850,3930,32651
2026-03-30 09:20:00,3910,3930,3875,3880,21476
2026-03-30 09:21:00,3880,3915,3855,3915,34745
2026-03-30 09:22:00,3915,3915,3885,3885,13384
2026-03-30 09:23:00,3890,3905,3870,3885,16229
2026-03-30 09:24:00,3890,4045,3890,4025,179063
2026-03-30 09:25:00,4025,4250,4025,4250,545697
2026-03-30 09:27:00,4300,4400,4075,4390,1075770
2026-03-30 09:28:00,4395,4535,4325,4485,1234518
2026-03-30 09:29:00,4485,4680,4465,4645,1132191
2026-03-30 09:30:00,4640,4725,4565,4725,718679
2026-03-30 09:32:00,4610,4645,4590,4645,148209
2026-03-30 09:33:00,4635,4700,4495,4620,527184
2026-03-30 09:34:00,4610,4800,4535,4575,807520
2026-03-30 09:35:00,4570,4650,4480,4540,311749
2026-03-30 09:36:00,4540,4550,4395,4455,376724
2026-03-30 09:37:00,4447,4510,4400,4435,182502
2026-03-30 09:38:00,4445,4550,4435,4480,191480
2026-03-30 09:39:00,4500,4505,4355,4355,242770
2026-03-30 09:40:00,4355,4425,4355,4390,97259
2026-03-30 09:41:00,4385,4475,4345,4425,166358
2026-03-30 09:42:00,4425,4640,4425,4595,379398
2026-03-30 09:43:00,4595,4595,4455,4500,162353
2026-03-30 09:44:00,4505,4505,4380,4395,151066
2026-03-30 09:45:00,4380,4475,4380,4425,98769
2026-03-30 09:46:00,4440,4575,4415,4520,171809
2026-03-30 09:47:00,4520,4760,4495,4720,757150
2026-03-30 09:48:00,4715,4795,4660,4710,589121
2026-03-30 09:49:00,4725,4895,4705,4815,837504
2026-03-30 09:50:00,4820,4830,4705,4805,323078
2026-03-30 09:51:00,4800,4820,4695,4725,201018
2026-03-30 09:52:00,4725,4750,4650,4660,230758
2026-03-30 09:53:00,4660,4735,4655,4685,107541
2026-03-30 09:54:00,4680,4690,4585,4685,161022
2026-03-30 09:55:00,4680,4690,4550,4570,192611
2026-03-30 09:56:00,4565,4600,4525,4565,151602
2026-03-30 09:57:00,4565,4565,4500,4540,152002
2026-03-30 09:58:00,4520,4550,4455,4515,152442
2026-03-30 09:59:00,4515,4530,4460,4500,86017
2026-03-30 10:00:00,4490,4560,4475,4530,68517
2026-03-30 10:01:00,4525,4555,4475,4475,68585
2026-03-30 10:02:00,4475,4525,4460,4475,78100
2026-03-30 10:03:00,4495,4555,4470,4550,61022
2026-03-30 10:04:00,4540,4550,4480,4515,46341
2026-03-30 10:05:00,4510,4550,4485,4530,44944
2026-03-30 10:06:00,4525,4585,4500,4500,142435
2026-03-30 10:07:00,4510,4550,4480,4485,51737
2026-03-30 10:08:00,4480,4485,4380,4440,207162
2026-03-30 10:09:00,4440,4480,4440,4470,67316
2026-03-30 10:10:00,4475,4480,4395,4425,94705
2026-03-30 10:11:00,4425,4425,4385,4395,79579
2026-03-30 10:12:00,4405,4410,4375,4405,68904
2026-03-30 10:13:00,4405,4430,4385,4425,35556
2026-03-30 10:14:00,4420,4420,4380,4415,45018
2026-03-30 10:15:00,4410,4420,4395,4395,28822
2026-03-30 10:16:00,4400,4420,4385,4415,42080
2026-03-30 10:17:00,4410,4475,4410,4460,52385
2026-03-30 10:18:00,4465,4470,4420,4420,36599
2026-03-30 10:19:00,4425,4440,4410,4435,12202
2026-03-30 10:20:00,4430,4435,4410,4415,21790
2026-03-30 10:21:00,4415,4425,4400,4405,26621
2026-03-30 10:22:00,4405,4470,4400,4465,32271
2026-03-30 10:23:00,4465,4530,4430,4475,106775
2026-03-30 10:24:00,4480,4485,4450,4460,26277
2026-03-30 10:25:00,4455,4460,4415,4415,26226
2026-03-30 10:26:00,4415,4420,4380,4385,64870
2026-03-30 10:27:00,4385,4400,4380,4400,30295
2026-03-30 10:28:00,4400,4450,4395,4440,28905
2026-03-30 10:29:00,4440,4440,4400,4415,13708
2026-03-30 10:30:00,4415,4460,4415,4440,12599
2026-03-30 10:31:00,4440,4445,4395,4420,19641
2026-03-30 10:32:00,4405,4600,4400,4570,252405
2026-03-30 10:33:00,4570,4580,4510,4525,110711
2026-03-30 10:34:00,4530,4570,4500,4515,88388
2026-03-30 10:35:00,4510,4545,4480,4540,52821
2026-03-30 10:36:00,4535,4540,4490,4500,34496
2026-03-30 10:37:00,4510,4625,4500,4620,109875
2026-03-30 10:38:00,4625,4735,4615,4655,295483
2026-03-30 10:39:00,4650,4665,4550,4625,155634
2026-03-30 10:40:00,4625,4630,4575,4600,64614
2026-03-30 10:41:00,4595,4600,4545,4580,76905
2026-03-30 10:42:00,4575,4650,4560,4630,61207
2026-03-30 10:43:00,4625,4630,4545,4552,42387
2026-03-30 10:44:00,4552,4575,4455,4475,102587
2026-03-30 10:45:00,4475,4505,4425,4440,58019
2026-03-30 10:46:00,4435,4485,4415,4440,71205
2026-03-30 10:47:00,4440,4450,4420,4427,38979
2026-03-30 10:48:00,4427,4495,4425,4495,22153
2026-03-30 10:49:00,4495,4515,4425,4460,49862
2026-03-30 10:50:00,4435,4470,4430,4445,8254
2026-03-30 10:51:00,4445,4470,4415,4450,21725
2026-03-30 10:52:00,4460,4465,4420,4435,13909
2026-03-30 10:53:00,4435,4435,4400,4420,43054
2026-03-30 10:54:00,4415,4425,4380,4395,72190
2026-03-30 10:55:00,4395,4415,4380,4415,18020
2026-03-30 10:56:00,4415,4415,4390,4415,8751
2026-03-30 10:57:00,4415,4455,4400,4430,39493
2026-03-30 10:58:00,4425,4440,4415,4420,29839
2026-03-30 10:59:00,4435,4435,4390,4395,25208
2026-03-30 11:00:00,4385,4395,4350,4360,84451
2026-03-30 11:01:00,4360,4380,4350,4350,54778
2026-03-30 11:02:00,4355,4360,4300,4305,141121
2026-03-30 11:03:00,4310,4325,4280,4310,60950
2026-03-30 11:04:00,4310,4360,4305,4350,37009
2026-03-30 11:05:00,4350,4390,4345,4380,41904
2026-03-30 11:06:00,4375,4405,4345,4395,58947
2026-03-30 11:07:00,4385,4415,4370,4385,49969
2026-03-30 11:08:00,4390,4410,4370,4400,28375
2026-03-30 11:09:00,4395,4400,4325,4335,60285
2026-03-30 11:10:00,4360,4370,4335,4360,17605
2026-03-30 11:11:00,4360,4390,4360,4360,7909
2026-03-30 11:12:00,4365,4375,4360,4365,20982
2026-03-30 11:13:00,4365,4370,4350,4360,13005
2026-03-30 11:14:00,4350,4380,4350,4380,12393
2026-03-30 11:15:00,4380,4385,4345,4345,9739
2026-03-30 11:16:00,4350,4385,4325,4385,26735
2026-03-30 11:17:00,4385,4565,4380,4540,263204
2026-03-30 11:18:00,4540,4545,4475,4500,96313
2026-03-30 11:19:00,4495,4550,4460,4525,105079
2026-03-30 11:20:00,4530,4530,4455,4465,36379
2026-03-30 11:21:00,4465,4490,4460,4485,16088
2026-03-30 11:22:00,4475,4560,4475,4495,83744
2026-03-30 11:23:00,4505,4550,4470,4545,48718
2026-03-30 11:24:00,4550,4550,4485,4490,40006
2026-03-30 11:25:00,4485,4505,4475,4495,11451
2026-03-30 11:26:00,4495,4500,4480,4490,20610
2026-03-30 11:27:00,4495,4545,4490,4520,25120
2026-03-30 11:28:00,4510,4520,4485,4490,23421
2026-03-30 11:29:00,4485,4500,4485,4495,25941
2026-03-30 11:30:00,4495,4600,4480,4600,73124
2026-03-30 11:31:00,4600,4660,4570,4660,164175
2026-03-30 11:32:00,4655,4670,4565,4590,149985
2026-03-30 11:33:00,4590,4595,4530,4585,66792
2026-03-30 11:34:00,4585,4605,4540,4560,39649
2026-03-30 11:35:00,4560,4585,4550,4557,20255
2026-03-30 11:36:00,4555,4565,4535,4535,33360
2026-03-30 11:37:00,4535,4560,4530,4540,18595
2026-03-30 11:38:00,4550,4550,4420,4470,89310
2026-03-30 11:39:00,4480,4495,4445,4485,24340
2026-03-30 11:40:00,4485,4490,4455,4455,13289
2026-03-30 11:41:00,4455,4470,4450,4455,12050
2026-03-30 11:42:00,4455,4510,4450,4490,30083
2026-03-30 11:43:00,4485,4500,4470,4485,5542
2026-03-30 11:44:00,4485,4490,4440,4465,19154
2026-03-30 11:45:00,4465,4465,4430,4430,21741
2026-03-30 11:46:00,4430,4445,4420,4430,33800
2026-03-30 11:47:00,4430,4435,4410,4430,10376
2026-03-30 11:48:00,4425,4435,4410,4420,16481
2026-03-30 11:49:00,4410,4425,4375,4380,49350
2026-03-30 11:50:00,4380,4395,4375,4390,23220
2026-03-30 11:51:00,4390,4390,4375,4380,9951
2026-03-30 11:52:00,4380,4380,4350,4370,37819
2026-03-30 11:53:00,4360,4385,4360,4375,10378
2026-03-30 11:54:00,4375,4395,4375,4395,7046
2026-03-30 11:55:00,4400,4405,4390,4390,4463
2026-03-30 11:56:00,4390,4415,4380,4405,12842
2026-03-30 11:57:00,4405,4435,4405,4430,15189
2026-03-30 11:58:00,4415,4430,4385,4425,9153
2026-03-30 11:59:00,4410,4580,4410,4565,195219
2026-03-30 12:00:00,4570,4580,4510,4510,76608
2026-03-30 12:01:00,4510,4510,4450,4460,53093
2026-03-30 12:02:00,4470,4470,4440,4440,25553
2026-03-30 12:03:00,4440,4575,4440,4505,72083
2026-03-30 12:04:00,4505,4525,4470,4475,17966
2026-03-30 12:05:00,4485,4540,4460,4480,10729
2026-03-30 12:06:00,4480,4515,4465,4495,10616
2026-03-30 12:07:00,4495,4520,4490,4490,14431
2026-03-30 12:08:00,4495,4500,4470,4480,9844
2026-03-30 12:09:00,4480,4530,4470,4525,18445
2026-03-30 12:10:00,4510,4530,4475,4490,20447
2026-03-30 12:11:00,4505,4515,4460,4485,23080
2026-03-30 12:12:00,4475,4500,4470,4495,9226
2026-03-30 12:13:00,4485,4500,4440,4450,37847
2026-03-30 12:14:00,4450,4475,4430,4435,19910
2026-03-30 12:15:00,4440,4575,4430,4575,67117
2026-03-30 12:16:00,4555,4650,4555,4635,287322
2026-03-30 12:17:00,4620,4730,4615,4665,303624
2026-03-30 12:18:00,4665,4725,4630,4705,216902
2026-03-30 12:19:00,4700,4720,4620,4625,140938
2026-03-30 12:20:00,4630,4660,4605,4635,64726
2026-03-30 12:21:00,4635,4670,4600,4605,74639
2026-03-30 12:22:00,4605,4640,4590,4630,46996
2026-03-30 12:23:00,4630,4750,4630,4700,248640
2026-03-30 12:24:00,4700,4785,4680,4765,379313
2026-03-30 12:25:00,4775,4935,4760,4875,579058
2026-03-30 12:26:00,4875,4910,4860,4870,228586
2026-03-30 12:27:00,4870,4910,4825,4860,224175
2026-03-30 12:28:00,4860,4860,4785,4830,166181
2026-03-30 12:29:00,4830,4905,4795,4885,140965
2026-03-30 12:30:00,4870,4900,4810,4830,183808
2026-03-30 12:31:00,4830,4830,4755,4785,210726
2026-03-30 12:32:00,4785,4795,4750,4760,92058
2026-03-30 12:33:00,4760,4800,4760,4765,63892
2026-03-30 12:34:00,4770,4800,4765,4785,29561
2026-03-30 12:35:00,4785,4785,4750,4760,69981
2026-03-30 12:36:00,4760,4760,4715,4750,97205
2026-03-30 12:37:00,4750,4760,4685,4745,133752
2026-03-30 12:38:00,4745,4745,4685,4695,52592
2026-03-30 12:39:00,4690,4745,4670,4695,76459
2026-03-30 12:40:00,4700,4745,4690,4735,38052
2026-03-30 12:41:00,4735,4810,4735,4785,134106
2026-03-30 12:42:00,4790,4795,4745,4750,125282
2026-03-30 12:43:00,4755,4765,4715,4715,35340
2026-03-30 12:44:00,4715,4715,4685,4695,53568
2026-03-30 12:45:00,4695,4705,4680,4690,31810
2026-03-30 12:46:00,4695,4705,4680,4695,24102
2026-03-30 12:47:00,4695,4700,4640,4670,97145
2026-03-30 12:48:00,4665,4670,4640,4665,30289
2026-03-30 12:49:00,4670,4670,4640,4665,27192
2026-03-30 12:50:00,4665,4665,4630,4645,37858
2026-03-30 12:51:00,4640,4670,4640,4645,23126
2026-03-30 12:52:00,4645,4645,4610,4615,61668
2026-03-30 12:53:00,4610,4630,4600,4605,37560
2026-03-30 12:54:00,4610,4635,4590,4610,55129
2026-03-30 12:55:00,4610,4615,4590,4590,18157
2026-03-30 12:56:00,4590,4625,4590,4620,22706
2026-03-30 12:57:00,4625,4625,4590,4595,19509
2026-03-30 12:58:00,4595,4605,4590,4600,20434
2026-03-30 12:59:00,4600,4605,4550,4570,71999
2026-03-30 13:00:00,4570,4595,4570,4590,22699
2026-03-30 13:01:00,4590,4595,4570,4570,13225
2026-03-30 13:02:00,4575,4595,4570,4595,6911
2026-03-30 13:03:00,4595,4600,4585,4600,9862
2026-03-30 13:04:00,4600,4600,4580,4590,11793
2026-03-30 13:05:00,4590,4605,4585,4590,12796
2026-03-30 13:06:00,4590,4595,4560,4570,26760
2026-03-30 13:07:00,4565,4580,4530,4575,80842
2026-03-30 13:08:00,4575,4585,4555,4570,16748
2026-03-30 13:09:00,4565,4570,4520,4520,45559
2026-03-30 13:10:00,4525,4560,4510,4560,36349
2026-03-30 13:11:00,4565,4565,4525,4530,16768
2026-03-30 13:12:00,4530,4540,4515,4515,16077
2026-03-30 13:13:00,4515,4515,4475,4505,96717
2026-03-30 13:14:00,4500,4540,4480,4535,21561
2026-03-30 13:15:00,4540,4550,4515,4525,32308
2026-03-30 13:16:00,4525,4525,4485,4490,14400
2026-03-30 13:17:00,4500,4525,4485,4500,5652
2026-03-30 13:18:00,4500,4510,4480,4480,17381
2026-03-30 13:19:00,4485,4495,4430,4450,71052
2026-03-30 13:20:00,4450,4540,4447,4525,35173
2026-03-30 13:21:00,4515,4545,4495,4540,48207
2026-03-30 13:22:00,4545,4565,4525,4555,104630
2026-03-30 13:23:00,4555,4565,4535,4560,41953
2026-03-30 13:24:00,4545,4570,4535,4550,46489
2026-03-30 13:25:00,4545,4575,4535,4560,33739
2026-03-30 13:26:00,4565,4570,4510,4525,30712
2026-03-30 13:27:00,4520,4550,4520,4540,15071
2026-03-30 13:28:00,4530,4545,4510,4510,20296
2026-03-30 13:29:00,4515,4515,4470,4470,35603
2026-03-30 13:30:00,4470,4480,4470,4480,12964
2026-03-30 13:31:00,4485,4485,4465,4470,8994
2026-03-30 13:32:00,4465,4470,4400,4410,96525
2026-03-30 13:33:00,4410,4430,4400,4415,46010
2026-03-30 13:34:00,4415,4425,4415,4425,19252
2026-03-30 13:35:00,4425,4425,4400,4415,60025
2026-03-30 13:36:00,4405,4435,4400,4415,25919
2026-03-30 13:37:00,4425,4425,4400,4405,14956
2026-03-30 13:38:00,4400,4410,4375,4375,51957
2026-03-30 13:39:00,4375,4410,4370,4405,21985
2026-03-30 13:40:00,4405,4430,4400,4420,10953
2026-03-30 13:41:00,4425,4425,4395,4400,13447
2026-03-30 13:42:00,4395,4420,4395,4420,6351
2026-03-30 13:43:00,4420,4420,4405,4420,4846
2026-03-30 13:44:00,4415,4420,4405,4405,6935
2026-03-30 13:45:00,4405,4435,4405,4430,11170
2026-03-30 13:46:00,4430,4485,4420,4475,49751
2026-03-30 13:47:00,4475,4485,4445,4445,28417
2026-03-30 13:48:00,4450,4455,4435,4450,4464
2026-03-30 13:49:00,4450,4455,4430,4445,3408
2026-03-30 13:50:00,4445,4445,4415,4415,15568
2026-03-30 13:51:00,4410,4415,4400,4405,14167
2026-03-30 13:52:00,4405,4405,4400,4400,18957
2026-03-30 13:53:00,4400,4405,4395,4400,5383
2026-03-30 13:54:00,4400,4405,4385,4385,13882
2026-03-30 13:55:00,4385,4395,4355,4355,44373
2026-03-30 13:56:00,4360,4370,4350,4370,30903
2026-03-30 13:57:00,4370,4390,4345,4365,38221
2026-03-30 13:58:00,4365,4365,4335,4340,17611
2026-03-30 13:59:00,4340,4360,4300,4350,87128
2026-03-30 14:00:00,4350,4355,4300,4305,31268
2026-03-30 14:01:00,4305,4330,4285,4320,69099
2026-03-30 14:02:00,4320,4320,4265,4280,68240
2026-03-30 14:03:00,4290,4330,4265,4330,21103
2026-03-30 14:04:00,4320,4325,4285,4310,14509
2026-03-30 14:05:00,4315,4315,4285,4290,8904
2026-03-30 14:06:00,4285,4310,4285,4305,12212
2026-03-30 14:07:00,4305,4325,4295,4315,12399
2026-03-30 14:08:00,4315,4315,4295,4315,10119
2026-03-30 14:09:00,4305,4350,4305,4340,32085
2026-03-30 14:10:00,4350,4365,4325,4365,44036
2026-03-30 14:11:00,4360,4405,4360,4405,54072
2026-03-30 14:12:00,4400,4405,4360,4375,37387
2026-03-30 14:13:00,4380,4420,4360,4390,21717
2026-03-30 14:14:00,4405,4430,4370,4430,40412
2026-03-30 14:15:00,4415,4435,4395,4395,43346
2026-03-30 14:16:00,4405,4405,4375,4380,18226
2026-03-30 14:17:00,4385,4415,4375,4410,23655
2026-03-30 14:18:00,4405,4465,4405,4450,46063
2026-03-30 14:19:00,4450,4490,4410,4410,90642
2026-03-30 14:20:00,4410,4415,4370,4405,33796
2026-03-30 14:21:00,4405,4405,4300,4320,58190
2026-03-30 14:22:00,4320,4330,4310,4310,29460
2026-03-30 14:23:00,4315,4345,4310,4335,20868
2026-03-30 14:24:00,4340,4340,4320,4330,23847
2026-03-30 14:25:00,4325,4335,4310,4310,24316
2026-03-30 14:26:00,4315,4320,4305,4310,15360
2026-03-30 14:27:00,4315,4330,4305,4305,10795
2026-03-30 14:28:00,4310,4330,4305,4320,11925
2026-03-30 14:29:00,4320,4320,4300,4300,17168
2026-03-30 14:30:00,4300,4315,4300,4305,11869
2026-03-30 14:31:00,4305,4310,4305,4305,7710
2026-03-30 14:32:00,4305,4315,4300,4300,8592
2026-03-30 14:33:00,4305,4305,4275,4285,38046
2026-03-30 14:34:00,4280,4290,4260,4275,45360
2026-03-30 14:35:00,4275,4295,4270,4280,32070
2026-03-30 14:36:00,4280,4285,4280,4285,2363
2026-03-30 14:37:00,4285,4285,4235,4235,45770
2026-03-30 14:38:00,4240,4240,4210,4240,83997
2026-03-30 14:39:00,4245,4260,4225,4250,17732
2026-03-30 14:40:00,4250,4250,4225,4235,24323
2026-03-30 14:41:00,4240,4275,4240,4275,7867
2026-03-30 14:42:00,4272,4290,4270,4275,9864
2026-03-30 14:43:00,4280,4285,4260,4270,9457
2026-03-30 14:44:00,4275,4275,4165,4225,71213
2026-03-30 14:45:00,4190,4270,4170,4230,21624
2026-03-30 14:46:00,4230,4282,4230,4252,28494
2026-03-30 14:47:00,4260,4265,4250,4250,6934
2026-03-30 14:48:00,4260,4260,4245,4252,10011
2026-03-30 14:49:00,4252,4260,4252,4260,4844
2026-03-30 14:50:00,4260,4265,4245,4250,5203
2026-03-30 14:51:00,4250,4255,4220,4245,22341
2026-03-30 14:52:00,4245,4245,4220,4227,8286
2026-03-30 14:53:00,4230,4235,4210,4210,6803
2026-03-30 14:54:00,4215,4230,4210,4210,12197
2026-03-30 14:55:00,4210,4240,4205,4230,11020
2026-03-30 14:56:00,4235,4245,4230,4245,12996
2026-03-30 14:57:00,4240,4250,4235,4235,12650
2026-03-30 14:58:00,4235,4235,4200,4215,22072
2026-03-30 14:59:00,4210,4215,4190,4210,14314
2026-03-30 15:00:00,4205,4230,4200,4225,7680
2026-03-30 15:01:00,4230,4240,4225,4240,4889
2026-03-30 15:02:00,4240,4257,4235,4250,11333
2026-03-30 15:03:00,4245,4260,4245,4255,6648
2026-03-30 15:04:00,4255,4255,4230,4230,10440
2026-03-30 15:05:00,4230,4230,4195,4205,20002
2026-03-30 15:06:00,4210,4220,4195,4220,25016
2026-03-30 15:07:00,4220,4230,4200,4205,6709
2026-03-30 15:08:00,4210,4235,4205,4235,12855
2026-03-30 15:09:00,4232,4240,4225,4235,13368
2026-03-30 15:10:00,4225,4235,4210,4215,8024
2026-03-30 15:11:00,4215,4225,4210,4225,5724
2026-03-30 15:12:00,4225,4267,4225,4260,29995
2026-03-30 15:13:00,4265,4290,4250,4285,56168
2026-03-30 15:14:00,4285,4340,4280,4305,64844
2026-03-30 15:15:00,4315,4320,4295,4310,15658
2026-03-30 15:16:00,4310,4310,4295,4295,33333
2026-03-30 15:17:00,4295,4315,4290,4310,25335
2026-03-30 15:18:00,4315,4330,4310,4320,33508
2026-03-30 15:19:00,4320,4325,4300,4325,34266
2026-03-30 15:30:00,4385,4385,4385,4385,129272
2026-03-30 15:35:00,4385,4385,4385,4385,3320
2026-03-31 09:00:00,4345,4370,4320,4370,120177
2026-03-31 09:01:00,4370,4370,4300,4300,59389
2026-03-31 09:02:00,4300,4335,4275,4275,67003
2026-03-31 09:03:00,4275,4295,4255,4255,50290
2026-03-31 09:04:00,4265,4305,4230,4230,49173
2026-03-31 09:05:00,4230,4245,4205,4210,35643
2026-03-31 09:06:00,4205,4215,4195,4205,45201
2026-03-31 09:07:00,4210,4210,4155,4155,60942
2026-03-31 09:08:00,4155,4170,4145,4160,50246
2026-03-31 09:09:00,4170,4195,4150,4180,17879
2026-03-31 09:10:00,4180,4180,4130,4135,26388
2026-03-31 09:11:00,4125,4150,4120,4125,20697
2026-03-31 09:12:00,4120,4150,4110,4150,28537
2026-03-31 09:13:00,4145,4180,4115,4155,19255
2026-03-31 09:14:00,4155,4155,4095,4095,48731
2026-03-31 09:15:00,4090,4110,4090,4100,24730
2026-03-31 09:16:00,4095,4100,4090,4095,12517
2026-03-31 09:17:00,4090,4090,4055,4055,29028
2026-03-31 09:18:00,4050,4140,4050,4125,18918
2026-03-31 09:19:00,4140,4170,4120,4140,16817
2026-03-31 09:20:00,4140,4170,4120,4140,13907
2026-03-31 09:21:00,4145,4165,4135,4140,8081
2026-03-31 09:22:00,4140,4155,4135,4150,6467
2026-03-31 09:23:00,4145,4170,4145,4170,17173
2026-03-31 09:24:00,4170,4170,4135,4160,6600
2026-03-31 09:25:00,4160,4160,4135,4155,5325
2026-03-31 09:26:00,4155,4185,4155,4185,24672
2026-03-31 09:27:00,4185,4185,4130,4140,20092
2026-03-31 09:28:00,4140,4145,4120,4135,9445
2026-03-31 09:29:00,4135,4135,4075,4105,14172
2026-03-31 09:30:00,4115,4135,4080,4130,11709
2026-03-31 09:31:00,4125,4135,4120,4135,3255
2026-03-31 09:32:00,4135,4140,4125,4130,2956
2026-03-31 09:33:00,4130,4130,4110,4115,7648
2026-03-31 09:34:00,4135,4135,4105,4105,10379
2026-03-31 09:35:00,4135,4210,4135,4190,35230
2026-03-31 09:36:00,4185,4190,4150,4150,9642
2026-03-31 09:37:00,4155,4160,4120,4130,8654
2026-03-31 09:38:00,4135,4150,4115,4125,5320
2026-03-31 09:39:00,4115,4125,4100,4125,4661
2026-03-31 09:40:00,4105,4145,4105,4110,4972
2026-03-31 09:41:00,4120,4120,4100,4120,4160
2026-03-31 09:42:00,4105,4120,4080,4090,8837
2026-03-31 09:43:00,4090,4105,4085,4090,3681
2026-03-31 09:44:00,4090,4105,4085,4105,13210
2026-03-31 09:45:00,4105,4150,4095,4140,8945
2026-03-31 09:46:00,4140,4140,4125,4140,3574
2026-03-31 09:47:00,4135,4140,4125,4140,6059
2026-03-31 09:48:00,4140,4170,4140,4170,14103
2026-03-31 09:49:00,4170,4190,4170,4175,12142
2026-03-31 09:50:00,4175,4185,4170,4180,4360
2026-03-31 09:51:00,4185,4185,4155,4180,6992
2026-03-31 09:52:00,4180,4180,4145,4145,3322
2026-03-31 09:53:00,4145,4145,4120,4135,2122
2026-03-31 09:54:00,4135,4180,4135,4180,3138
2026-03-31 09:55:00,4180,4230,4170,4225,34002
2026-03-31 09:56:00,4215,4225,4185,4185,24803
2026-03-31 09:57:00,4185,4230,4185,4225,7405
2026-03-31 09:58:00,4225,4225,4185,4200,7254
2026-03-31 09:59:00,4200,4200,4170,4175,4301
2026-03-31 10:00:00,4170,4175,4150,4175,3156
2026-03-31 10:01:00,4175,4175,4155,4165,3229
2026-03-31 10:02:00,4170,4205,4165,4195,1699
2026-03-31 10:03:00,4200,4285,4200,4265,62996
2026-03-31 10:04:00,4235,4265,4175,4195,10624
2026-03-31 10:05:00,4195,4200,4175,4190,3182
2026-03-31 10:06:00,4187,4200,4165,4170,4796
2026-03-31 10:07:00,4170,4170,4150,4170,7016
2026-03-31 10:08:00,4155,4180,4150,4150,2481
2026-03-31 10:09:00,4150,4150,4130,4130,4166
2026-03-31 10:10:00,4130,4150,4130,4140,1078
2026-03-31 10:11:00,4140,4150,4125,4125,8537
2026-03-31 10:12:00,4125,4140,4110,4140,8324
2026-03-31 10:13:00,4140,4140,4105,4105,11739
2026-03-31 10:14:00,4115,4115,4100,4110,11272
2026-03-31 10:15:00,4105,4125,4105,4125,4607
2026-03-31 10:16:00,4115,4125,4105,4115,2135
2026-03-31 10:17:00,4110,4115,4060,4065,41993
2026-03-31 10:18:00,4060,4085,4060,4085,5875
2026-03-31 10:19:00,4085,4085,4065,4065,4857
2026-03-31 10:20:00,4070,4085,4065,4075,6727
2026-03-31 10:21:00,4070,4090,4055,4085,9175
2026-03-31 10:22:00,4085,4090,4085,4085,3183
2026-03-31 10:23:00,4085,4100,4085,4100,3183
2026-03-31 10:24:00,4100,4105,4085,4105,1191
2026-03-31 10:25:00,4100,4110,4095,4110,2395
2026-03-31 10:26:00,4105,4110,4085,4085,8191
2026-03-31 10:27:00,4105,4115,4090,4095,3291
2026-03-31 10:28:00,4095,4100,4085,4085,6727
2026-03-31 10:29:00,4085,4100,4075,4095,1646
2026-03-31 10:30:00,4085,4090,4070,4070,3278
2026-03-31 10:31:00,4080,4080,4065,4065,5883
2026-03-31 10:32:00,4065,4090,4065,4090,3784
2026-03-31 10:33:00,4090,4090,4080,4080,786
2026-03-31 10:34:00,4085,4120,4085,4120,6844
2026-03-31 10:35:00,4120,4120,4105,4105,2612
2026-03-31 10:36:00,4105,4110,4090,4110,2341
2026-03-31 10:37:00,4095,4110,4095,4110,153
2026-03-31 10:38:00,4100,4110,4090,4110,403
2026-03-31 10:39:00,4110,4110,4095,4110,1068
2026-03-31 10:40:00,4115,4165,4115,4155,7410
2026-03-31 10:41:00,4140,4145,4135,4140,6231
2026-03-31 10:42:00,4135,4175,4135,4170,9488
2026-03-31 10:43:00,4155,4165,4150,4155,1551
2026-03-31 10:44:00,4155,4160,4150,4155,1399
2026-03-31 10:45:00,4160,4165,4145,4165,6802
2026-03-31 10:46:00,4155,4170,4150,4150,7442
2026-03-31 10:47:00,4155,4165,4150,4150,251
2026-03-31 10:48:00,4145,4155,4145,4145,2134
2026-03-31 10:49:00,4145,4150,4140,4140,7557
2026-03-31 10:50:00,4140,4140,4105,4110,5581
2026-03-31 10:51:00,4110,4125,4100,4100,2550
2026-03-31 10:52:00,4120,4125,4105,4105,3217
2026-03-31 10:53:00,4130,4130,4125,4130,1621
2026-03-31 10:54:00,4130,4135,4125,4135,2063
2026-03-31 10:55:00,4135,4135,4125,4135,3499
2026-03-31 10:56:00,4135,4145,4135,4135,3314
2026-03-31 10:57:00,4140,4145,4120,4140,4024
2026-03-31 10:58:00,4140,4140,4125,4125,103
2026-03-31 10:59:00,4130,4140,4120,4120,2883
2026-03-31 11:00:00,4125,4135,4120,4125,1299
2026-03-31 11:01:00,4125,4135,4120,4135,694
2026-03-31 11:02:00,4120,4130,4115,4115,268
2026-03-31 11:03:00,4120,4125,4095,4095,31723
2026-03-31 11:04:00,4095,4120,4080,4095,15948
2026-03-31 11:05:00,4095,4110,4085,4100,3491
2026-03-31 11:06:00,4100,4105,4095,4100,463
2026-03-31 11:07:00,4100,4100,4080,4085,7438
2026-03-31 11:08:00,4085,4100,4080,4090,42701
2026-03-31 11:09:00,4090,4090,4075,4080,3434
2026-03-31 11:10:00,4080,4080,4030,4035,25543
2026-03-31 11:11:00,4030,4055,4030,4035,4425
2026-03-31 11:12:00,4030,4040,4015,4015,11639
2026-03-31 11:13:00,4020,4035,4015,4035,9340
2026-03-31 11:14:00,4035,4040,4025,4035,2810
2026-03-31 11:15:00,4035,4035,4025,4025,2402
2026-03-31 11:16:00,4025,4030,4010,4025,13322
2026-03-31 11:17:00,4025,4030,4015,4030,2563
2026-03-31 11:18:00,4030,4030,4005,4010,12279
2026-03-31 11:19:00,4010,4040,4010,4025,4511
2026-03-31 11:20:00,4025,4025,4005,4010,6211
2026-03-31 11:21:00,4010,4015,4000,4000,3088
2026-03-31 11:22:00,4000,4025,4000,4020,12003
2026-03-31 11:23:00,4020,4020,4010,4015,1072
2026-03-31 11:24:00,4010,4015,4000,4005,15157
2026-03-31 11:25:00,4000,4005,3965,3980,28011
2026-03-31 11:26:00,3980,3990,3965,3990,15650
2026-03-31 11:27:00,3990,3990,3975,3975,5044
2026-03-31 11:28:00,3975,3990,3965,3980,14667
2026-03-31 11:29:00,3980,3980,3970,3970,5295
2026-03-31 11:30:00,3970,3980,3965,3965,6629
2026-03-31 11:31:00,3965,3980,3960,3980,12312
2026-03-31 11:32:00,3980,3985,3975,3985,2458
2026-03-31 11:33:00,3975,3985,3970,3975,5102
2026-03-31 11:34:00,3975,3980,3965,3970,5871
2026-03-31 11:35:00,3970,3970,3915,3915,43711
2026-03-31 11:38:00,3920,3945,3915,3945,43293
2026-03-31 11:39:00,3940,3945,3925,3930,16309
2026-03-31 11:40:00,3930,3940,3905,3905,45964
2026-03-31 11:41:00,3920,3935,3905,3930,9359
2026-03-31 11:42:00,3935,3940,3925,3925,3394
2026-03-31 11:43:00,3930,3930,3885,3905,36973
2026-03-31 11:44:00,3905,3920,3885,3895,6763
2026-03-31 11:45:00,3915,3915,3900,3900,2542
2026-03-31 11:46:00,3910,3910,3880,3890,18858
2026-03-31 11:47:00,3900,3915,3895,3915,10609
2026-03-31 11:48:00,3915,3915,3895,3900,1100
2026-03-31 11:49:00,3905,3910,3895,3905,1197
2026-03-31 11:50:00,3902,3920,3902,3920,8357
2026-03-31 11:51:00,3920,3930,3910,3930,5631
2026-03-31 11:52:00,3925,3930,3910,3925,3261
2026-03-31 11:53:00,3925,3925,3915,3915,4270
2026-03-31 11:54:00,3915,3915,3910,3910,4692
2026-03-31 11:55:00,3905,3910,3900,3900,3157
2026-03-31 11:56:00,3900,3905,3880,3900,15209
2026-03-31 11:57:00,3900,3905,3850,3860,42899
2026-03-31 11:58:00,3860,3885,3855,3885,15375
2026-03-31 11:59:00,3885,3895,3850,3865,12147
2026-03-31 12:00:00,3860,3890,3860,3880,9515
2026-03-31 12:01:00,3880,3900,3880,3900,10364
2026-03-31 12:02:00,3900,3900,3880,3890,12259
2026-03-31 12:03:00,3885,3885,3875,3885,2821
2026-03-31 12:04:00,3885,3885,3860,3885,8280
2026-03-31 12:05:00,3880,3885,3860,3865,4057
2026-03-31 12:06:00,3860,3885,3860,3885,4957
2026-03-31 12:07:00,3880,3885,3877,3880,2090
2026-03-31 12:08:00,3875,3880,3862,3870,4655
2026-03-31 12:09:00,3865,3865,3855,3865,5764
2026-03-31 12:10:00,3855,3865,3850,3855,8278
2026-03-31 12:11:00,3850,3870,3820,3865,38996
2026-03-31 12:12:00,3860,3870,3860,3865,1884
2026-03-31 12:13:00,3870,3870,3850,3855,12429
2026-03-31 12:14:00,3855,3855,3830,3835,12570
2026-03-31 12:15:00,3835,3845,3835,3840,22611
2026-03-31 12:16:00,3840,3855,3840,3845,10388
2026-03-31 12:17:00,3840,3850,3815,3815,14515
2026-03-31 12:18:00,3815,3835,3815,3815,4908
2026-03-31 12:19:00,3820,3840,3820,3835,12091
2026-03-31 12:20:00,3830,3840,3830,3835,5959
2026-03-31 12:21:00,3835,3835,3800,3810,32099
2026-03-31 12:22:00,3805,3815,3795,3815,6217
2026-03-31 12:23:00,3810,3815,3790,3815,18056
2026-03-31 12:24:00,3815,3815,3800,3800,8149
2026-03-31 12:25:00,3805,3815,3790,3810,14962
2026-03-31 12:26:00,3810,3810,3760,3780,44585
2026-03-31 12:27:00,3780,3785,3755,3775,37507
2026-03-31 12:28:00,3775,3780,3760,3780,4202
2026-03-31 12:29:00,3777,3780,3770,3775,7691
2026-03-31 12:30:00,3777,3810,3770,3785,14760
2026-03-31 12:31:00,3795,3800,3765,3780,11058
2026-03-31 12:32:00,3785,3800,3785,3800,10163
2026-03-31 12:33:00,3795,3805,3795,3800,6779
2026-03-31 12:34:00,3800,3810,3795,3800,10125
2026-03-31 12:35:00,3800,3810,3780,3795,5747
2026-03-31 12:36:00,3795,3800,3795,3800,5605
2026-03-31 12:37:00,3800,3810,3800,3800,5614
2026-03-31 12:38:00,3800,3805,3795,3795,2386
2026-03-31 12:39:00,3800,3800,3790,3790,5594
2026-03-31 12:40:00,3785,3790,3785,3785,3607
2026-03-31 12:41:00,3785,3790,3785,3790,2196
2026-03-31 12:42:00,3785,3790,3785,3790,4738
2026-03-31 12:43:00,3785,3790,3785,3785,2277
2026-03-31 12:44:00,3785,3790,3785,3790,6501
2026-03-31 12:45:00,3790,3790,3780,3785,8567
2026-03-31 12:46:00,3780,3780,3765,3770,21819
2026-03-31 12:47:00,3765,3770,3760,3760,6888
2026-03-31 12:48:00,3765,3765,3755,3765,6660
2026-03-31 12:49:00,3765,3765,3755,3760,5306
2026-03-31 12:50:00,3760,3770,3755,3770,3893
2026-03-31 12:51:00,3770,3785,3770,3780,5507
2026-03-31 12:52:00,3780,3785,3780,3785,2470
2026-03-31 12:53:00,3785,3785,3780,3785,1832
2026-03-31 12:54:00,3780,3790,3780,3790,3334
2026-03-31 12:55:00,3790,3790,3785,3790,8471
2026-03-31 12:56:00,3785,3790,3785,3785,3885
2026-03-31 12:57:00,3785,3815,3785,3810,19073
2026-03-31 12:58:00,3810,3820,3810,3810,19168
2026-03-31 12:59:00,3810,3820,3805,3805,5863
2026-03-31 13:00:00,3805,3805,3790,3795,3477
2026-03-31 13:01:00,3795,3795,3780,3790,1695
2026-03-31 13:02:00,3785,3790,3780,3780,3508
2026-03-31 13:03:00,3780,3780,3760,3760,6472
2026-03-31 13:04:00,3765,3790,3755,3790,5840
2026-03-31 13:05:00,3790,3815,3790,3795,3568
2026-03-31 13:06:00,3805,3810,3795,3795,627
2026-03-31 13:07:00,3805,3830,3805,3830,7670
2026-03-31 13:08:00,3825,3830,3815,3815,5635
2026-03-31 13:09:00,3815,3820,3810,3815,3163
2026-03-31 13:10:00,3815,3820,3810,3815,5326
2026-03-31 13:11:00,3820,3825,3815,3820,5743
2026-03-31 13:12:00,3820,3820,3810,3820,2940
2026-03-31 13:13:00,3815,3820,3810,3820,4944
2026-03-31 13:14:00,3815,3820,3805,3805,2147
2026-03-31 13:15:00,3805,3810,3805,3810,4098
2026-03-31 13:16:00,3810,3810,3795,3795,3587
2026-03-31 13:17:00,3795,3800,3775,3800,4960
2026-03-31 13:18:00,3795,3800,3790,3790,1938
2026-03-31 13:19:00,3790,3795,3760,3770,16821
2026-03-31 13:20:00,3775,3800,3765,3765,5826
2026-03-31 13:21:00,3790,3800,3775,3795,1916
2026-03-31 13:22:00,3780,3785,3770,3780,6502
2026-03-31 13:23:00,3785,3790,3780,3785,7032
2026-03-31 13:24:00,3785,3790,3785,3785,20024
2026-03-31 13:25:00,3785,3785,3780,3780,1159
2026-03-31 13:26:00,3780,3780,3775,3775,105
2026-03-31 13:27:00,3780,3780,3760,3760,8585
2026-03-31 13:28:00,3760,3780,3760,3780,8672
2026-03-31 13:29:00,3780,3780,3760,3760,3688
2026-03-31 13:30:00,3775,3775,3765,3770,1403
2026-03-31 13:31:00,3775,3795,3775,3790,2273
2026-03-31 13:32:00,3780,3780,3780,3780,104
2026-03-31 13:33:00,3780,3780,3770,3780,1904
2026-03-31 13:34:00,3780,3780,3770,3775,1331
2026-03-31 13:35:00,3770,3775,3765,3775,1538
2026-03-31 13:36:00,3775,3775,3770,3770,71
2026-03-31 13:37:00,3770,3775,3765,3775,2950
2026-03-31 13:38:00,3775,3775,3765,3765,4852
2026-03-31 13:39:00,3760,3765,3755,3755,3519
2026-03-31 13:40:00,3760,3790,3760,3790,3889
2026-03-31 13:41:00,3790,3790,3770,3770,2908
2026-03-31 13:42:00,3770,3775,3760,3760,957
2026-03-31 13:43:00,3760,3780,3760,3775,1689
2026-03-31 13:44:00,3775,3775,3760,3770,1089
2026-03-31 13:45:00,3760,3770,3760,3770,1252
2026-03-31 13:46:00,3770,3770,3760,3760,1361
2026-03-31 13:47:00,3760,3760,3755,3755,4735
2026-03-31 13:48:00,3760,3760,3755,3757,1647
2026-03-31 13:49:00,3755,3757,3755,3755,1325
2026-03-31 13:50:00,3755,3760,3755,3755,4596
2026-03-31 13:51:00,3760,3780,3755,3780,5476
2026-03-31 13:52:00,3775,3775,3760,3775,1115
2026-03-31 13:53:00,3775,3775,3760,3770,5963
2026-03-31 13:54:00,3765,3765,3755,3755,2456
2026-03-31 13:55:00,3755,3760,3755,3755,389
2026-03-31 13:56:00,3755,3757,3755,3757,596
2026-03-31 13:57:00,3757,3757,3750,3750,9185
2026-03-31 13:58:00,3750,3755,3750,3755,1507
2026-03-31 13:59:00,3755,3760,3755,3760,3521
2026-03-31 14:00:00,3760,3765,3755,3760,2365
2026-03-31 14:01:00,3760,3760,3760,3760,869
2026-03-31 14:02:00,3755,3765,3755,3765,2702
2026-03-31 14:03:00,3760,3760,3750,3760,1884
2026-03-31 14:04:00,3760,3765,3755,3755,1690
2026-03-31 14:05:00,3750,3770,3750,3760,15907
2026-03-31 14:06:00,3760,3760,3755,3760,2317
2026-03-31 14:07:00,3755,3755,3750,3755,4886
2026-03-31 14:08:00,3755,3755,3755,3755,1999
2026-03-31 14:09:00,3755,3765,3755,3755,5235
2026-03-31 14:10:00,3765,3770,3755,3770,10110
2026-03-31 14:11:00,3770,3770,3770,3770,2093
2026-03-31 14:12:00,3770,3770,3765,3770,1224
2026-03-31 14:13:00,3760,3765,3760,3765,916
2026-03-31 14:14:00,3765,3765,3760,3765,1250
2026-03-31 14:15:00,3760,3765,3760,3760,1228
2026-03-31 14:16:00,3760,3765,3755,3755,2563
2026-03-31 14:17:00,3755,3760,3755,3760,320
2026-03-31 14:18:00,3755,3755,3755,3755,174
2026-03-31 14:19:00,3755,3770,3755,3770,6227
2026-03-31 14:20:00,3770,3780,3770,3775,6838
2026-03-31 14:21:00,3775,3780,3770,3780,1561
2026-03-31 14:22:00,3780,3790,3780,3785,1765
2026-03-31 14:23:00,3785,3790,3775,3785,1311
2026-03-31 14:24:00,3780,3790,3780,3790,5287
2026-03-31 14:25:00,3790,3790,3780,3790,3594
2026-03-31 14:26:00,3785,3790,3785,3790,4792
2026-03-31 14:27:00,3790,3800,3785,3800,11335
2026-03-31 14:28:00,3800,3800,3795,3795,4998
2026-03-31 14:29:00,3795,3795,3785,3785,6973
2026-03-31 14:30:00,3785,3785,3775,3780,2102
2026-03-31 14:31:00,3780,3780,3775,3780,682
2026-03-31 14:32:00,3775,3780,3770,3770,2959
2026-03-31 14:33:00,3770,3775,3760,3775,7147
2026-03-31 14:34:00,3760,3770,3755,3770,16678
2026-03-31 14:35:00,3770,3770,3760,3760,5903
2026-03-31 14:36:00,3765,3775,3760,3775,806
2026-03-31 14:37:00,3765,3765,3760,3760,2280
2026-03-31 14:38:00,3760,3760,3755,3755,2292
2026-03-31 14:39:00,3760,3770,3755,3765,4535
2026-03-31 14:40:00,3765,3770,3755,3770,18255
2026-03-31 14:41:00,3770,3770,3750,3755,30845
2026-03-31 14:42:00,3755,3765,3750,3765,1898
2026-03-31 14:43:00,3755,3755,3730,3735,22990
2026-03-31 14:44:00,3740,3740,3705,3710,50094
2026-03-31 14:45:00,3710,3755,3710,3755,9444
2026-03-31 14:46:00,3755,3755,3740,3745,1006
2026-03-31 14:47:00,3740,3755,3740,3740,3574
2026-03-31 14:48:00,3745,3760,3745,3755,1428
2026-03-31 14:49:00,3755,3765,3755,3765,4744
2026-03-31 14:50:00,3765,3770,3760,3765,2875
2026-03-31 14:51:00,3765,3775,3765,3770,1581
2026-03-31 14:52:00,3770,3785,3770,3775,17655
2026-03-31 14:53:00,3770,3785,3760,3785,6964
2026-03-31 14:54:00,3785,3787,3760,3770,8535
2026-03-31 14:55:00,3765,3770,3765,3770,1288
2026-03-31 14:56:00,3770,3780,3770,3770,3830
2026-03-31 14:57:00,3765,3780,3765,3780,1188
2026-03-31 14:58:00,3780,3780,3770,3770,5952
2026-03-31 14:59:00,3770,3770,3760,3760,4376
2026-03-31 15:00:00,3760,3765,3760,3760,3556
2026-03-31 15:01:00,3760,3765,3760,3760,2199
2026-03-31 15:02:00,3760,3762,3755,3760,3258
2026-03-31 15:03:00,3760,3760,3755,3755,9414
2026-03-31 15:04:00,3760,3760,3745,3745,6557
2026-03-31 15:05:00,3745,3760,3740,3760,5330
2026-03-31 15:06:00,3755,3760,3745,3745,3217
2026-03-31 15:07:00,3745,3765,3745,3760,11067
2026-03-31 15:08:00,3760,3760,3750,3755,8270
2026-03-31 15:09:00,3755,3760,3750,3755,4662
2026-03-31 15:10:00,3750,3765,3750,3755,17383
2026-03-31 15:11:00,3760,3760,3750,3750,3363
2026-03-31 15:12:00,3750,3755,3745,3750,10412
2026-03-31 15:13:00,3745,3755,3742,3745,12124
2026-03-31 15:14:00,3745,3750,3740,3745,4120
2026-03-31 15:15:00,3745,3745,3735,3740,11942
2026-03-31 15:16:00,3735,3745,3735,3745,3304
2026-03-31 15:17:00,3745,3745,3735,3740,7147
2026-03-31 15:18:00,3740,3740,3730,3735,11358
2026-03-31 15:19:00,3740,3740,3720,3720,16473
2026-03-31 15:30:00,3775,3775,3775,3775,64476
2026-03-31 15:35:00,3775,3775,3775,3775,3510
2026-04-01 09:00:00,3950,3995,3935,3990,183734
2026-04-01 09:01:00,3995,4020,3965,4015,182251
2026-04-01 09:02:00,4015,4020,3940,3965,86242
2026-04-01 09:03:00,3965,3965,3920,3955,41984
2026-04-01 09:04:00,3955,3975,3945,3975,28445
2026-04-01 09:05:00,3975,3990,3950,3950,38877
2026-04-01 09:06:00,3950,3985,3930,3955,33621
2026-04-01 09:07:00,3955,3965,3940,3940,15086
2026-04-01 09:08:00,3945,3950,3895,3905,46964
2026-04-01 09:09:00,3905,3905,3865,3880,28793
2026-04-01 09:10:00,3885,3900,3880,3900,21702
2026-04-01 09:11:00,3900,3905,3885,3895,18244
2026-04-01 09:12:00,3895,3980,3895,3975,46670
2026-04-01 09:13:00,3975,3985,3930,3945,21604
2026-04-01 09:14:00,3945,3970,3905,3970,9021
2026-04-01 09:15:00,3965,3965,3930,3930,11155
2026-04-01 09:16:00,3935,3935,3895,3900,14405
2026-04-01 09:17:00,3895,3935,3885,3930,11398
2026-04-01 09:18:00,3910,3960,3910,3925,10281
2026-04-01 09:19:00,3940,3955,3925,3940,14600
2026-04-01 09:20:00,3940,3970,3925,3965,14600
2026-04-01 09:21:00,3965,3975,3960,3970,13093
2026-04-01 09:22:00,3970,3980,3940,3980,17310
2026-04-01 09:23:00,3980,4010,3965,4010,45133
2026-04-01 09:24:00,4010,4010,3980,3985,39724
2026-04-01 09:25:00,3985,4015,3985,4000,67664
2026-04-01 09:26:00,3995,4000,3980,3995,31312
2026-04-01 09:27:00,3995,3995,3945,3975,38027
2026-04-01 09:28:00,3970,3995,3950,3975,23848
2026-04-01 09:29:00,3980,3990,3955,3980,9468
2026-04-01 09:30:00,3975,3975,3920,3920,34902
2026-04-01 09:31:00,3920,3940,3915,3940,11361
2026-04-01 09:32:00,3930,4010,3930,3995,29132
2026-04-01 09:33:00,4000,4000,3985,3995,22477
2026-04-01 09:34:00,3985,4110,3980,4070,176157
2026-04-01 09:35:00,4065,4065,4030,4035,57505
2026-04-01 09:36:00,4045,4045,3990,4000,45289
2026-04-01 09:37:00,4000,4015,3980,3995,15318
2026-04-01 09:38:00,3995,4000,3970,3995,18771
2026-04-01 09:39:00,3995,3995,3970,3980,21214
2026-04-01 09:40:00,3985,4030,3975,4020,12058
2026-04-01 09:41:00,4020,4070,4020,4045,76267
2026-04-01 09:42:00,4050,4065,4040,4040,30861
2026-04-01 09:43:00,4035,4045,4015,4040,21514
2026-04-01 09:44:00,4030,4035,4000,4010,18678
2026-04-01 09:45:00,4015,4030,4010,4020,15829
2026-04-01 09:46:00,4010,4030,3970,3985,26124
2026-04-01 09:47:00,3985,4035,3985,4035,10230
2026-04-01 09:48:00,4035,4040,3990,3990,21471
2026-04-01 09:49:00,4000,4005,3975,4000,20914
2026-04-01 09:50:00,4005,4010,3970,3970,9085
2026-04-01 09:51:00,3975,4020,3965,3970,9087
2026-04-01 09:52:00,3965,4030,3950,4005,29412
2026-04-01 09:53:00,3985,4020,3975,4020,12241
2026-04-01 09:54:00,3985,4005,3955,3985,17706
2026-04-01 09:55:00,3980,3985,3925,3925,27106
2026-04-01 09:56:00,3925,3950,3925,3950,10587
2026-04-01 09:57:00,3950,3975,3940,3975,6938
2026-04-01 09:58:00,3965,3975,3950,3950,7988
2026-04-01 09:59:00,3955,3965,3950,3965,4561
2026-04-01 10:00:00,3960,3975,3955,3965,3516
2026-04-01 10:01:00,3965,3970,3955,3960,2980
2026-04-01 10:02:00,3960,3965,3945,3950,8588
2026-04-01 10:03:00,3950,3965,3950,3960,2716
2026-04-01 10:04:00,3965,3965,3950,3955,2328
2026-04-01 10:05:00,3955,3955,3920,3920,15003
2026-04-01 10:06:00,3920,3920,3900,3905,33363
2026-04-01 10:07:00,3905,3930,3905,3920,6974
2026-04-01 10:08:00,3925,3925,3915,3920,2822
2026-04-01 10:09:00,3920,3940,3915,3935,4632
2026-04-01 10:10:00,3935,3935,3925,3925,2360
2026-04-01 10:11:00,3925,3925,3915,3915,7672
2026-04-01 10:12:00,3915,3920,3885,3885,21170
2026-04-01 10:13:00,3885,3890,3850,3860,48927
2026-04-01 10:14:00,3860,3885,3860,3885,13646
2026-04-01 10:15:00,3880,3900,3880,3900,4358
2026-04-01 10:16:00,3895,3900,3885,3890,3991
2026-04-01 10:17:00,3895,3900,3890,3900,3241
2026-04-01 10:18:00,3900,3905,3895,3905,4583
2026-04-01 10:19:00,3905,3905,3895,3895,1662
2026-04-01 10:20:00,3900,3905,3870,3870,9022
2026-04-01 10:21:00,3885,3895,3865,3895,3316
2026-04-01 10:22:00,3895,3920,3895,3915,3506
2026-04-01 10:23:00,3920,3930,3915,3915,7912
2026-04-01 10:24:00,3915,3935,3910,3935,9948
2026-04-01 10:25:00,3935,4045,3935,4010,58437
2026-04-01 10:26:00,4015,4025,3990,3990,21600
2026-04-01 10:27:00,3985,4000,3980,3995,11866
2026-04-01 10:28:00,3995,3995,3955,3970,3870
2026-04-01 10:29:00,3965,3965,3960,3960,1075
2026-04-01 10:30:00,3955,3955,3940,3940,5838
2026-04-01 10:31:00,3945,3955,3940,3940,1431
2026-04-01 10:32:00,3945,3955,3940,3945,361
2026-04-01 10:33:00,3950,3955,3950,3950,386
2026-04-01 10:34:00,3950,3950,3930,3945,6040
2026-04-01 10:35:00,3945,3945,3920,3945,4094
2026-04-01 10:36:00,3920,3950,3920,3945,5299
2026-04-01 10:37:00,3945,3945,3940,3940,2246
2026-04-01 10:38:00,3945,3945,3925,3935,3536
2026-04-01 10:39:00,3935,3935,3930,3935,2117
2026-04-01 10:40:00,3940,3940,3930,3930,1920
2026-04-01 10:41:00,3940,3945,3940,3940,534
2026-04-01 10:42:00,3945,3960,3945,3960,9317
2026-04-01 10:43:00,3960,3970,3955,3965,3062
2026-04-01 10:44:00,3955,3960,3930,3930,15788
2026-04-01 10:45:00,3930,3955,3930,3930,2718
2026-04-01 10:46:00,3950,3950,3920,3920,1052
2026-04-01 10:47:00,3920,3920,3905,3920,5317
2026-04-01 10:48:00,3920,3930,3905,3930,3852
2026-04-01 10:49:00,3925,3930,3910,3920,1631
2026-04-01 10:50:00,3920,3925,3915,3925,2834
2026-04-01 10:51:00,3920,3930,3920,3930,2071
2026-04-01 10:52:00,3925,3945,3925,3945,805
2026-04-01 10:53:00,3925,3945,3925,3945,1107
2026-04-01 10:54:00,3945,3945,3900,3910,19109
2026-04-01 10:55:00,3920,3925,3915,3925,1699
2026-04-01 10:56:00,3925,3925,3915,3920,1948
2026-04-01 10:57:00,3920,3930,3920,3925,1262
2026-04-01 10:58:00,3930,3950,3925,3945,2783
2026-04-01 10:59:00,3945,3945,3920,3940,3656
2026-04-01 11:00:00,3940,3945,3930,3945,3550
2026-04-01 11:01:00,3945,3945,3920,3925,999
2026-04-01 11:02:00,3920,3940,3920,3925,612
2026-04-01 11:03:00,3925,3925,3920,3920,1078
2026-04-01 11:04:00,3930,3940,3920,3920,4498
2026-04-01 11:05:00,3915,3920,3910,3920,3368
2026-04-01 11:06:00,3920,3945,3920,3940,1343
2026-04-01 11:07:00,3930,3940,3915,3930,2568
2026-04-01 11:08:00,3930,3930,3915,3915,1670
2026-04-01 11:09:00,3910,3910,3895,3895,5153
2026-04-01 11:10:00,3895,3900,3895,3900,1521
2026-04-01 11:11:00,3905,3920,3905,3920,1101
2026-04-01 11:12:00,3915,3915,3900,3915,1575
2026-04-01 11:13:00,3910,3915,3895,3915,2932
2026-04-01 11:14:00,3900,3900,3885,3885,9675
2026-04-01 11:15:00,3890,3915,3885,3890,2623
2026-04-01 11:16:00,3895,3915,3895,3895,325
2026-04-01 11:17:00,3915,3940,3895,3935,2166
2026-04-01 11:18:00,3910,3940,3905,3940,2837
2026-04-01 11:19:00,3905,3920,3895,3895,7879
2026-04-01 11:20:00,3890,3915,3880,3910,5192
2026-04-01 11:21:00,3885,3885,3835,3842,29059
2026-04-01 11:22:00,3842,3900,3840,3880,8435
2026-04-01 11:23:00,3880,3885,3870,3885,2923
2026-04-01 11:24:00,3880,3885,3870,3880,4242
2026-04-01 11:25:00,3880,3880,3870,3870,2098
2026-04-01 11:26:00,3870,3880,3870,3880,889
2026-04-01 11:27:00,3880,3880,3865,3865,3130
2026-04-01 11:28:00,3865,3865,3850,3850,6023
2026-04-01 11:29:00,3850,3855,3850,3850,2100
2026-04-01 11:30:00,3845,3855,3845,3855,7268
2026-04-01 11:31:00,3855,3885,3855,3880,6686
2026-04-01 11:32:00,3860,3880,3845,3875,8721
2026-04-01 11:33:00,3870,3880,3860,3860,1765
2026-04-01 11:34:00,3875,3875,3860,3860,2502
2026-04-01 11:35:00,3870,3870,3860,3860,1406
2026-04-01 11:36:00,3870,3870,3865,3865,567
2026-04-01 11:37:00,3865,3865,3855,3862,1040
2026-04-01 11:38:00,3860,3870,3855,3860,5595
2026-04-01 11:39:00,3865,3870,3865,3865,1121
2026-04-01 11:40:00,3865,3890,3865,3890,3032
2026-04-01 11:41:00,3885,3890,3885,3890,613
2026-04-01 11:42:00,3890,3890,3885,3885,536
2026-04-01 11:43:00,3890,3890,3890,3890,2235
2026-04-01 11:44:00,3890,3900,3890,3900,3745
2026-04-01 11:45:00,3900,3910,3895,3910,4061
2026-04-01 11:46:00,3910,3910,3905,3910,1577
2026-04-01 11:47:00,3915,3915,3890,3900,2727
2026-04-01 11:48:00,3895,3895,3890,3890,652
2026-04-01 11:49:00,3890,3910,3885,3910,2700
2026-04-01 11:50:00,3910,3930,3910,3925,3508
2026-04-01 11:51:00,3915,3920,3910,3915,383
2026-04-01 11:52:00,3905,3920,3905,3920,1305
2026-04-01 11:53:00,3905,3970,3890,3940,16677
2026-04-01 11:54:00,3970,4160,3935,4110,493375
2026-04-01 11:55:00,4110,4130,4045,4130,224747
2026-04-01 11:56:00,4130,4170,4080,4125,236137
2026-04-01 11:57:00,4135,4160,4095,4120,165747
2026-04-01 11:58:00,4125,4155,4095,4137,132316
2026-04-01 11:59:00,4140,4180,4085,4100,229928
2026-04-01 12:00:00,4095,4125,4055,4070,114632
2026-04-01 12:01:00,4070,4105,4070,4090,54949
2026-04-01 12:02:00,4087,4095,4040,4085,100231
2026-04-01 12:03:00,4095,4190,4065,4135,183616
2026-04-01 12:04:00,4130,4175,4120,4175,131151
2026-04-01 12:05:00,4170,4180,4125,4130,77315
2026-04-01 12:06:00,4125,4135,4110,4115,43371
2026-04-01 12:07:00,4125,4125,4100,4115,37523
2026-04-01 12:08:00,4100,4115,4085,4105,41271
2026-04-01 12:09:00,4105,4185,4095,4175,79701
2026-04-01 12:10:00,4180,4185,4110,4120,112301
2026-04-01 12:11:00,4120,4130,4060,4070,89000
2026-04-01 12:12:00,4077,4085,4005,4010,150773
2026-04-01 12:13:00,4035,4035,4005,4015,45360
2026-04-01 12:14:00,4015,4030,4010,4020,38189
2026-04-01 12:15:00,4015,4020,3985,4005,75505
2026-04-01 12:16:00,4005,4010,3985,4000,17013
2026-04-01 12:17:00,4000,4020,3980,4020,58887
2026-04-01 12:18:00,4020,4060,4015,4055,24813
2026-04-01 12:19:00,4050,4065,4045,4060,30203
2026-04-01 12:20:00,4060,4060,4005,4010,37094
2026-04-01 12:21:00,4005,4030,4005,4030,6747
2026-04-01 12:22:00,4030,4030,4020,4020,8012
2026-04-01 12:23:00,4020,4035,4010,4030,11734
2026-04-01 12:24:00,4030,4035,4010,4010,4735
2026-04-01 12:25:00,4010,4055,4010,4055,19880
2026-04-01 12:26:00,4045,4055,4025,4030,16834
2026-04-01 12:27:00,4040,4040,4000,4010,39898
2026-04-01 12:28:00,4010,4020,4005,4005,8738
2026-04-01 12:29:00,4010,4040,4000,4005,9432
2026-04-01 12:30:00,4005,4020,4000,4000,9184
2026-04-01 12:31:00,4020,4020,3970,3975,38287
2026-04-01 12:32:00,3975,3980,3950,3965,64474
2026-04-01 12:33:00,3965,3980,3965,3980,12837
2026-04-01 12:34:00,3980,3980,3955,3965,23206
2026-04-01 12:35:00,3965,3970,3960,3965,8614
2026-04-01 12:36:00,3965,3980,3955,3965,11290
2026-04-01 12:37:00,3960,3960,3950,3955,11339
2026-04-01 12:38:00,3955,3955,3940,3940,19956
2026-04-01 12:39:00,3940,3955,3935,3950,10169
2026-04-01 12:40:00,3950,3950,3935,3940,14292
2026-04-01 12:41:00,3940,3945,3940,3940,6481
2026-04-01 12:42:00,3940,3950,3935,3940,4961
2026-04-01 12:43:00,3940,3955,3940,3950,3949
2026-04-01 12:44:00,3955,3960,3945,3950,6459
2026-04-01 12:45:00,3950,3965,3945,3965,4816
2026-04-01 12:46:00,3960,3960,3940,3945,9952
2026-04-01 12:47:00,3945,3955,3935,3940,8875
2026-04-01 12:48:00,3945,3945,3915,3920,33892
2026-04-01 12:49:00,3922,3925,3905,3910,13558
2026-04-01 12:50:00,3910,3925,3905,3920,7648
2026-04-01 12:51:00,3910,3915,3890,3895,34303
2026-04-01 12:52:00,3890,3895,3880,3885,14180
2026-04-01 12:53:00,3885,3885,3860,3870,27557
2026-04-01 12:54:00,3870,3885,3865,3870,7617
2026-04-01 12:55:00,3880,3905,3870,3895,7735
2026-04-01 12:56:00,3900,3905,3890,3890,6449
2026-04-01 12:57:00,3890,3900,3890,3895,6297
2026-04-01 12:58:00,3895,3930,3890,3915,20501
2026-04-01 12:59:00,3915,3915,3900,3910,1852
2026-04-01 13:00:00,3910,3910,3875,3900,13876
2026-04-01 13:01:00,3885,3900,3880,3895,1359
2026-04-01 13:02:00,3895,3900,3880,3900,4361
2026-04-01 13:03:00,3880,3895,3880,3890,262
2026-04-01 13:04:00,3890,3900,3870,3900,15178
2026-04-01 13:05:00,3895,3895,3880,3895,534
2026-04-01 13:06:00,3895,3895,3890,3890,947
2026-04-01 13:07:00,3890,3895,3880,3880,4846
2026-04-01 13:08:00,3880,3885,3875,3875,8085
2026-04-01 13:09:00,3875,3885,3870,3875,9906
2026-04-01 13:10:00,3885,3895,3875,3890,1182
2026-04-01 13:11:00,3895,3895,3870,3870,4969
2026-04-01 13:12:00,3885,3885,3870,3885,2136
2026-04-01 13:13:00,3885,3890,3870,3885,3174
2026-04-01 13:14:00,3875,3890,3875,3890,3838
2026-04-01 13:15:00,3890,3890,3875,3890,2683
2026-04-01 13:16:00,3890,3895,3890,3890,313
2026-04-01 13:17:00,3895,3900,3890,3895,3005
2026-04-01 13:18:00,3895,3905,3895,3905,3581
2026-04-01 13:19:00,3900,3910,3900,3910,3264
2026-04-01 13:20:00,3910,3930,3907,3925,11376
2026-04-01 13:21:00,3925,3940,3925,3940,9463
2026-04-01 13:22:00,3940,3940,3915,3915,9098
2026-04-01 13:23:00,3915,3935,3915,3935,5357
2026-04-01 13:24:00,3935,3945,3935,3945,6366
2026-04-01 13:25:00,3945,3945,3935,3935,6883
2026-04-01 13:26:00,3935,3935,3895,3910,14459
2026-04-01 13:27:00,3920,3930,3910,3910,4716
2026-04-01 13:28:00,3925,3925,3920,3920,157
2026-04-01 13:29:00,3920,3920,3915,3915,520
2026-04-01 13:30:00,3915,3930,3900,3900,13977
2026-04-01 13:31:00,3920,3920,3900,3920,3116
2026-04-01 13:32:00,3905,3905,3900,3905,1128
2026-04-01 13:33:00,3900,3920,3895,3920,6943
2026-04-01 13:34:00,3910,3950,3910,3925,21161
2026-04-01 13:35:00,3930,3940,3925,3935,5159
2026-04-01 13:36:00,3935,3935,3910,3935,2594
2026-04-01 13:37:00,3935,3935,3915,3930,997
2026-04-01 13:38:00,3915,3915,3915,3915,1203
2026-04-01 13:39:00,3915,3925,3915,3925,1062
2026-04-01 13:40:00,3915,3915,3915,3915,1032
2026-04-01 13:41:00,3920,3925,3920,3925,2046
2026-04-01 13:42:00,3925,3930,3920,3930,2254
2026-04-01 13:43:00,3930,3935,3920,3935,5607
2026-04-01 13:44:00,3935,3940,3920,3925,6019
2026-04-01 13:45:00,3920,3925,3915,3920,2064
2026-04-01 13:46:00,3915,3925,3915,3925,17197
2026-04-01 13:47:00,3935,3940,3925,3940,1455
2026-04-01 13:48:00,3930,3945,3915,3925,8775
2026-04-01 13:49:00,3915,3925,3910,3915,2591
2026-04-01 13:50:00,3925,3925,3910,3920,402
2026-04-01 13:51:00,3915,3920,3890,3905,33377
2026-04-01 13:52:00,3905,3910,3905,3905,4620
2026-04-01 13:53:00,3905,3915,3905,3905,1294
2026-04-01 13:54:00,3905,3915,3900,3900,16196
2026-04-01 13:55:00,3900,3900,3890,3890,1856
2026-04-01 13:56:00,3890,3900,3875,3890,10810
2026-04-01 13:57:00,3880,3890,3875,3885,8779
2026-04-01 13:58:00,3880,3890,3880,3890,6470
2026-04-01 13:59:00,3895,3905,3880,3900,5556
2026-04-01 14:00:00,3885,3910,3880,3900,5183
2026-04-01 14:01:00,3885,3910,3880,3910,1653
2026-04-01 14:02:00,3910,3915,3905,3915,2539
2026-04-01 14:03:00,3915,3915,3910,3915,275
2026-04-01 14:04:00,3915,3915,3910,3915,855
2026-04-01 14:05:00,3915,3920,3910,3920,9528
2026-04-01 14:06:00,3920,3935,3910,3910,1172
2026-04-01 14:07:00,3930,3940,3930,3935,5546
2026-04-01 14:08:00,3935,3935,3915,3920,2770
2026-04-01 14:09:00,3920,3920,3900,3905,3063
2026-04-01 14:10:00,3905,3910,3890,3890,26818
2026-04-01 14:11:00,3895,3905,3885,3890,3240
2026-04-01 14:12:00,3895,3895,3885,3890,2418
2026-04-01 14:13:00,3885,3900,3880,3900,3504
2026-04-01 14:14:00,3900,3915,3900,3905,7185
2026-04-01 14:15:00,3905,3910,3905,3905,784
2026-04-01 14:16:00,3905,3905,3900,3900,611
2026-04-01 14:17:00,3900,3910,3900,3905,2161
2026-04-01 14:18:00,3910,3925,3910,3920,1718
2026-04-01 14:19:00,3920,3920,3910,3910,1856
2026-04-01 14:20:00,3905,3905,3880,3885,7345
2026-04-01 14:21:00,3880,3885,3875,3875,6492
2026-04-01 14:22:00,3880,3905,3875,3905,6959
2026-04-01 14:23:00,3900,3900,3885,3890,194
2026-04-01 14:24:00,3890,3900,3890,3900,1090
2026-04-01 14:25:00,3900,3910,3895,3910,598
2026-04-01 14:26:00,3900,3900,3885,3885,2792
2026-04-01 14:27:00,3890,3900,3890,3890,3253
2026-04-01 14:28:00,3880,3900,3880,3900,3963
2026-04-01 14:29:00,3895,3895,3880,3890,499
2026-04-01 14:30:00,3890,3895,3890,3890,1435
2026-04-01 14:31:00,3885,3900,3885,3900,6362
2026-04-01 14:32:00,3900,3915,3900,3905,1170
2026-04-01 14:33:00,3900,3910,3895,3895,373
2026-04-01 14:34:00,3895,3895,3885,3885,4762
2026-04-01 14:35:00,3885,3905,3885,3895,862
2026-04-01 14:36:00,3890,3900,3885,3900,1852
2026-04-01 14:37:00,3895,3895,3870,3885,11161
2026-04-01 14:38:00,3890,3890,3890,3890,62
2026-04-01 14:39:00,3890,3890,3880,3880,2025
2026-04-01 14:40:00,3880,3905,3880,3905,5073
2026-04-01 14:41:00,3900,3905,3895,3900,3668
2026-04-01 14:42:00,3900,3900,3890,3895,1962
2026-04-01 14:43:00,3895,3905,3890,3890,3125
2026-04-01 14:44:00,3895,3905,3890,3905,2691
2026-04-01 14:45:00,3900,3910,3880,3910,7917
2026-04-01 14:46:00,3905,3905,3895,3895,2301
2026-04-01 14:47:00,3895,3900,3890,3890,2751
2026-04-01 14:48:00,3900,3900,3885,3885,6311
2026-04-01 14:49:00,3890,3890,3880,3880,7423
2026-04-01 14:50:00,3880,3885,3875,3875,4959
2026-04-01 14:51:00,3885,3890,3885,3885,2105
2026-04-01 14:52:00,3885,3890,3880,3885,3231
2026-04-01 14:53:00,3885,3890,3885,3890,1990
2026-04-01 14:54:00,3885,3885,3870,3870,6598
2026-04-01 14:55:00,3870,3875,3865,3870,5688
2026-04-01 14:56:00,3870,3875,3865,3875,9040
2026-04-01 14:57:00,3865,3875,3865,3865,2374
2026-04-01 14:58:00,3865,3870,3860,3860,9652
2026-04-01 14:59:00,3855,3875,3855,3875,1406
2026-04-01 15:00:00,3870,3870,3855,3865,8206
2026-04-01 15:01:00,3865,3865,3855,3865,2075
2026-04-01 15:02:00,3860,3865,3850,3850,15188
2026-04-01 15:03:00,3850,3855,3845,3850,15776
2026-04-01 15:04:00,3845,3850,3845,3845,8296
2026-04-01 15:05:00,3850,3850,3840,3840,12828
2026-04-01 15:06:00,3840,3845,3835,3840,5640
2026-04-01 15:07:00,3845,3855,3840,3850,5718
2026-04-01 15:08:00,3850,3850,3845,3850,6877
2026-04-01 15:09:00,3850,3855,3840,3840,8406
2026-04-01 15:10:00,3840,3850,3835,3840,7028
2026-04-01 15:11:00,3845,3860,3840,3860,5716
2026-04-01 15:12:00,3860,3860,3845,3855,3325
2026-04-01 15:13:00,3855,3855,3840,3845,7886
2026-04-01 15:14:00,3845,3845,3835,3840,4568
2026-04-01 15:15:00,3840,3845,3835,3845,8442
2026-04-01 15:16:00,3840,3845,3815,3830,16789
2026-04-01 15:17:00,3825,3845,3810,3815,20023
2026-04-01 15:18:00,3835,3835,3800,3825,23049
2026-04-01 15:19:00,3820,3820,3790,3795,41717
2026-04-01 15:30:00,3800,3800,3800,3800,54358
2026-04-01 15:35:00,3800,3800,3800,3800,6866
2026-04-02 09:00:00,3810,3890,3810,3810,62555
2026-04-02 09:01:00,3810,3815,3760,3775,36478
2026-04-02 09:02:00,3785,3810,3765,3800,26948
2026-04-02 09:03:00,3800,3810,3775,3790,16682
2026-04-02 09:04:00,3785,3810,3755,3810,20721
2026-04-02 09:05:00,3815,3915,3800,3870,30588
2026-04-02 09:06:00,3870,3905,3840,3845,47400
2026-04-02 09:07:00,3845,3860,3800,3815,18077
2026-04-02 09:08:00,3825,3840,3800,3840,11339
2026-04-02 09:09:00,3835,3850,3810,3850,5427
2026-04-02 09:10:00,3850,3855,3825,3835,5278
2026-04-02 09:11:00,3825,3825,3790,3795,28964
2026-04-02 09:12:00,3785,3785,3760,3765,13355
2026-04-02 09:13:00,3765,3780,3755,3755,10796
2026-04-02 09:14:00,3760,3775,3720,3750,34086
2026-04-02 09:15:00,3735,3745,3715,3735,12548
2026-04-02 09:16:00,3730,3755,3710,3745,31312
2026-04-02 09:17:00,3745,3745,3720,3735,9402
2026-04-02 09:18:00,3735,3745,3710,3730,26174
2026-04-02 09:19:00,3730,3745,3720,3725,3625
2026-04-02 09:20:00,3735,3740,3720,3730,612
2026-04-02 09:21:00,3730,3730,3710,3720,9764
2026-04-02 09:22:00,3725,3725,3685,3690,32630
2026-04-02 09:23:00,3705,3720,3680,3685,13421
2026-04-02 09:24:00,3680,3700,3675,3675,11593
2026-04-02 09:25:00,3680,3690,3665,3685,14061
2026-04-02 09:26:00,3685,3695,3675,3680,6896
2026-04-02 09:27:00,3680,3695,3675,3695,6454
2026-04-02 09:28:00,3695,3695,3680,3690,3036
2026-04-02 09:29:00,3680,3695,3665,3690,15999
2026-04-02 09:30:00,3695,3740,3685,3720,14919
2026-04-02 09:31:00,3720,3725,3705,3720,5356
2026-04-02 09:32:00,3715,3720,3710,3710,2880
2026-04-02 09:33:00,3715,3730,3715,3720,4439
2026-04-02 09:34:00,3715,3720,3700,3705,4059
2026-04-02 09:35:00,3705,3720,3705,3720,1375
2026-04-02 09:36:00,3720,3730,3715,3715,5462
2026-04-02 09:37:00,3710,3715,3665,3690,12774
2026-04-02 09:38:00,3705,3705,3660,3660,8091
2026-04-02 09:39:00,3670,3685,3655,3655,26946
2026-04-02 09:40:00,3655,3670,3635,3670,33131
2026-04-02 09:41:00,3670,3685,3655,3660,5692
2026-04-02 09:42:00,3660,3675,3655,3655,8410
2026-04-02 09:43:00,3680,3740,3665,3700,8320
2026-04-02 09:44:00,3700,3735,3670,3700,9538
2026-04-02 09:45:00,3700,3700,3670,3670,1462
2026-04-02 09:46:00,3695,3700,3690,3695,463
2026-04-02 09:47:00,3695,3695,3670,3685,693
2026-04-02 09:48:00,3670,3670,3655,3665,5447
2026-04-02 09:49:00,3665,3670,3650,3670,4461
2026-04-02 09:50:00,3675,3675,3660,3675,5705
2026-04-02 09:51:00,3670,3695,3670,3695,863
2026-04-02 09:52:00,3685,3685,3650,3650,6882
2026-04-02 09:53:00,3660,3670,3650,3670,3953
2026-04-02 09:54:00,3670,3670,3660,3660,883
2026-04-02 09:55:00,3655,3660,3642,3660,10824
2026-04-02 09:56:00,3650,3650,3640,3640,2281
2026-04-02 09:57:00,3640,3650,3640,3650,2046
2026-04-02 09:58:00,3650,3650,3640,3640,1735
2026-04-02 09:59:00,3645,3645,3635,3635,5660
2026-04-02 10:00:00,3645,3680,3640,3670,2985
2026-04-02 10:01:00,3670,3700,3670,3700,8129
2026-04-02 10:02:00,3680,3700,3665,3665,7345
2026-04-02 10:03:00,3670,3680,3655,3660,3212
2026-04-02 10:04:00,3660,3680,3650,3650,4563
2026-04-02 10:05:00,3670,3670,3650,3650,1170
2026-04-02 10:06:00,3650,3665,3645,3660,1960
2026-04-02 10:07:00,3645,3660,3640,3645,4426
2026-04-02 10:08:00,3645,3655,3635,3655,4540
2026-04-02 10:09:00,3655,3660,3640,3640,10308
2026-04-02 10:10:00,3655,3655,3640,3650,1008
2026-04-02 10:11:00,3645,3670,3645,3670,5606
2026-04-02 10:12:00,3675,3695,3660,3665,4844
2026-04-02 10:13:00,3665,3665,3660,3660,134
2026-04-02 10:14:00,3675,3675,3675,3675,12
2026-04-02 10:15:00,3660,3675,3660,3675,4
2026-04-02 10:16:00,3660,3670,3640,3640,7412
2026-04-02 10:17:00,3640,3640,3635,3640,2931
2026-04-02 10:18:00,3635,3635,3610,3610,35093
2026-04-02 10:19:00,3610,3615,3605,3610,10893
2026-04-02 10:20:00,3610,3615,3595,3595,22492
2026-04-02 10:21:00,3610,3630,3610,3630,1177
2026-04-02 10:22:00,3625,3625,3600,3600,10169
2026-04-02 10:23:00,3600,3615,3595,3595,3825
2026-04-02 10:24:00,3595,3600,3595,3600,3336
2026-04-02 10:25:00,3595,3610,3575,3585,8617
2026-04-02 10:26:00,3585,3590,3570,3575,5663
2026-04-02 10:27:00,3575,3605,3575,3605,3798
2026-04-02 10:28:00,3600,3605,3585,3605,2476
2026-04-02 10:29:00,3600,3610,3585,3610,4954
2026-04-02 10:30:00,3610,3610,3590,3610,3450
2026-04-02 10:31:00,3585,3600,3585,3585,3237
2026-04-02 10:32:00,3585,3585,3570,3575,9714
2026-04-02 10:33:00,3570,3575,3560,3575,10652
2026-04-02 10:34:00,3565,3590,3565,3590,3210
2026-04-02 10:35:00,3575,3620,3575,3620,3247
2026-04-02 10:36:00,3605,3615,3595,3610,1352
2026-04-02 10:37:00,3595,3610,3595,3610,1410
2026-04-02 10:38:00,3610,3615,3600,3615,3209
2026-04-02 10:39:00,3605,3610,3585,3610,7142
2026-04-02 10:40:00,3595,3595,3585,3590,1345
2026-04-02 10:41:00,3580,3590,3570,3570,4517
2026-04-02 10:42:00,3575,3575,3565,3570,2294
2026-04-02 10:43:00,3570,3570,3550,3560,7395
2026-04-02 10:44:00,3555,3560,3545,3560,9037
2026-04-02 10:45:00,3550,3565,3550,3560,2798
2026-04-02 10:46:00,3555,3560,3550,3560,6168
2026-04-02 10:47:00,3565,3565,3560,3560,4015
2026-04-02 10:48:00,3560,3565,3555,3565,847
2026-04-02 10:49:00,3565,3590,3560,3560,2085
2026-04-02 10:50:00,3585,3590,3570,3580,808
2026-04-02 10:51:00,3585,3585,3570,3580,1286
2026-04-02 10:52:00,3595,3595,3575,3575,707
2026-04-02 10:53:00,3590,3590,3565,3575,2460
2026-04-02 10:54:00,3570,3570,3565,3565,1034
2026-04-02 10:55:00,3565,3575,3560,3575,3301
2026-04-02 10:56:00,3575,3575,3570,3570,86
2026-04-02 10:57:00,3570,3570,3565,3570,172
2026-04-02 10:58:00,3570,3580,3567,3580,5179
2026-04-02 10:59:00,3580,3600,3565,3565,13307
2026-04-02 11:00:00,3570,3570,3550,3550,11144
2026-04-02 11:01:00,3555,3560,3550,3555,2645
2026-04-02 11:02:00,3555,3555,3540,3545,26616
2026-04-02 11:03:00,3555,3555,3545,3555,974
2026-04-02 11:04:00,3545,3550,3540,3540,4908
2026-04-02 11:05:00,3550,3550,3530,3530,6435
2026-04-02 11:06:00,3530,3535,3530,3535,4229
2026-04-02 11:07:00,3540,3550,3530,3550,3225
2026-04-02 11:08:00,3540,3570,3525,3525,4870
2026-04-02 11:09:00,3525,3530,3520,3520,1563
2026-04-02 11:10:00,3520,3525,3510,3520,11660
2026-04-02 11:11:00,3515,3530,3515,3515,7011
2026-04-02 11:12:00,3510,3520,3495,3500,36468
2026-04-02 11:13:00,3495,3530,3495,3525,125861
2026-04-02 11:14:00,3520,3525,3505,3525,6734
2026-04-02 11:15:00,3525,3525,3510,3510,1344
2026-04-02 11:16:00,3510,3525,3510,3525,1623
2026-04-02 11:17:00,3520,3525,3520,3525,269
2026-04-02 11:18:00,3525,3535,3525,3535,518
2026-04-02 11:19:00,3520,3545,3520,3545,965
2026-04-02 11:20:00,3545,3550,3530,3550,1635
2026-04-02 11:21:00,3545,3550,3535,3535,4044
2026-04-02 11:22:00,3535,3545,3520,3525,3275
2026-04-02 11:23:00,3515,3525,3515,3520,3005
2026-04-02 11:24:00,3515,3515,3515,3515,1529
2026-04-02 11:25:00,3515,3525,3510,3510,2004
2026-04-02 11:26:00,3525,3525,3505,3515,2923
2026-04-02 11:27:00,3515,3515,3505,3505,1099
2026-04-02 11:28:00,3510,3520,3510,3520,199
2026-04-02 11:29:00,3520,3525,3520,3520,4001
2026-04-02 11:30:00,3515,3525,3515,3525,660
2026-04-02 11:31:00,3535,3545,3525,3535,531
2026-04-02 11:32:00,3535,3535,3530,3535,1559
2026-04-02 11:33:00,3535,3535,3530,3530,76
2026-04-02 11:34:00,3530,3545,3530,3545,122
2026-04-02 11:35:00,3545,3550,3540,3540,92
2026-04-02 11:36:00,3550,3565,3550,3560,2689
2026-04-02 11:37:00,3555,3560,3535,3535,2044
2026-04-02 11:38:00,3535,3535,3535,3535,856
2026-04-02 11:39:00,3530,3530,3530,3530,677
2026-04-02 11:40:00,3530,3535,3525,3530,314
2026-04-02 11:41:00,3525,3545,3525,3545,1843
2026-04-02 11:42:00,3550,3560,3535,3540,3511
2026-04-02 11:43:00,3540,3540,3540,3540,206
2026-04-02 11:44:00,3540,3545,3540,3545,846
2026-04-02 11:45:00,3545,3545,3540,3540,37
2026-04-02 11:46:00,3545,3545,3530,3535,1625
2026-04-02 11:47:00,3530,3535,3530,3535,26
2026-04-02 11:48:00,3535,3535,3535,3535,818
2026-04-02 11:49:00,3540,3540,3540,3540,1
2026-04-02 11:50:00,3540,3550,3535,3550,2539
2026-04-02 11:51:00,3555,3565,3555,3565,121
2026-04-02 11:52:00,3565,3580,3555,3575,3148
2026-04-02 11:53:00,3565,3575,3555,3555,6420
2026-04-02 11:54:00,3580,3580,3560,3560,15
2026-04-02 11:55:00,3560,3580,3555,3560,9146
2026-04-02 11:56:00,3560,3585,3560,3580,2536
2026-04-02 11:57:00,3590,3590,3580,3585,3264
2026-04-02 11:58:00,3590,3595,3580,3580,2254
2026-04-02 11:59:00,3595,3595,3575,3575,2680
2026-04-02 12:00:00,3570,3570,3565,3565,113
2026-04-02 12:01:00,3565,3565,3555,3555,793
2026-04-02 12:02:00,3555,3560,3550,3550,1707
2026-04-02 12:03:00,3550,3555,3550,3550,535
2026-04-02 12:04:00,3545,3550,3545,3550,4039
2026-04-02 12:05:00,3550,3550,3540,3540,102
2026-04-02 12:06:00,3535,3555,3535,3555,4092
2026-04-02 12:07:00,3555,3570,3555,3570,2392
2026-04-02 12:08:00,3565,3565,3550,3550,480
2026-04-02 12:09:00,3550,3550,3550,3550,100
2026-04-02 12:10:00,3555,3560,3555,3560,13
2026-04-02 12:11:00,3565,3565,3565,3565,58
2026-04-02 12:12:00,3565,3565,3565,3565,325
2026-04-02 12:13:00,3565,3570,3565,3570,1388
2026-04-02 12:14:00,3570,3575,3570,3575,1115
2026-04-02 12:15:00,3585,3585,3570,3570,6251
2026-04-02 12:16:00,3570,3570,3565,3565,765
2026-04-02 12:17:00,3570,3570,3570,3570,174
2026-04-02 12:18:00,3570,3590,3570,3590,2913
2026-04-02 12:19:00,3570,3585,3570,3585,1068
2026-04-02 12:20:00,3575,3575,3560,3560,368
2026-04-02 12:21:00,3560,3560,3555,3560,100
2026-04-02 12:22:00,3555,3555,3555,3555,13
2026-04-02 12:23:00,3560,3560,3560,3560,52
2026-04-02 12:24:00,3555,3565,3555,3565,476
2026-04-02 12:25:00,3555,3560,3550,3550,2530
2026-04-02 12:26:00,3560,3560,3550,3555,1736
2026-04-02 12:27:00,3560,3560,3550,3555,1456
2026-04-02 12:28:00,3555,3560,3550,3560,1256
2026-04-02 12:29:00,3560,3560,3560,3560,30
2026-04-02 12:30:00,3555,3560,3555,3555,599
2026-04-02 12:32:00,3550,3560,3545,3560,3747
2026-04-02 12:33:00,3560,3560,3560,3560,300
2026-04-02 12:34:00,3560,3560,3560,3560,3
2026-04-02 12:35:00,3560,3560,3560,3560,281
2026-04-02 12:36:00,3565,3575,3560,3565,390
2026-04-02 12:37:00,3555,3565,3555,3565,1170
2026-04-02 12:38:00,3560,3570,3555,3570,2422
2026-04-02 12:39:00,3565,3565,3555,3560,1577
2026-04-02 12:40:00,3560,3560,3550,3550,134
2026-04-02 12:41:00,3550,3555,3545,3550,1286
2026-04-02 12:42:00,3545,3545,3540,3540,4093
2026-04-02 12:43:00,3545,3550,3540,3550,3483
2026-04-02 12:44:00,3550,3550,3540,3540,45
2026-04-02 12:45:00,3540,3540,3535,3535,995
2026-04-02 12:46:00,3535,3540,3535,3540,430
2026-04-02 12:47:00,3540,3540,3540,3540,7
2026-04-02 12:48:00,3535,3535,3535,3535,607
2026-04-02 12:49:00,3535,3535,3530,3530,960
2026-04-02 12:50:00,3530,3535,3520,3520,2415
2026-04-02 12:51:00,3520,3520,3510,3515,8065
2026-04-02 12:52:00,3510,3520,3510,3515,677
2026-04-02 12:53:00,3515,3525,3510,3525,1283
2026-04-02 12:54:00,3515,3515,3510,3510,923
2026-04-02 12:55:00,3510,3520,3505,3510,6836
2026-04-02 12:56:00,3510,3510,3510,3510,1212
2026-04-02 12:57:00,3515,3515,3510,3510,21
2026-04-02 12:58:00,3510,3515,3505,3505,863
2026-04-02 12:59:00,3510,3515,3510,3515,942
2026-04-02 13:00:00,3515,3520,3515,3520,417
2026-04-02 13:01:00,3520,3525,3520,3525,36
2026-04-02 13:02:00,3525,3525,3520,3525,243
2026-04-02 13:03:00,3525,3565,3525,3535,583
2026-04-02 13:04:00,3545,3555,3535,3535,1066
2026-04-02 13:05:00,3555,3575,3550,3555,1972
2026-04-02 13:06:00,3540,3540,3515,3515,1252
2026-04-02 13:07:00,3515,3515,3515,3515,197
2026-04-02 13:08:00,3525,3530,3515,3530,1525
2026-04-02 13:09:00,3515,3525,3510,3525,2208
2026-04-02 13:10:00,3520,3520,3515,3520,2323
2026-04-02 13:11:00,3515,3525,3510,3525,3780
2026-04-02 13:12:00,3525,3530,3525,3530,29
2026-04-02 13:13:00,3530,3530,3530,3530,706
2026-04-02 13:14:00,3530,3540,3530,3540,745
2026-04-02 13:15:00,3545,3550,3540,3550,1040
2026-04-02 13:16:00,3550,3570,3550,3560,1240
2026-04-02 13:17:00,3560,3560,3555,3560,1815
2026-04-02 13:18:00,3560,3565,3560,3565,361
2026-04-02 13:19:00,3565,3570,3560,3570,516
2026-04-02 13:20:00,3555,3555,3535,3550,1330
2026-04-02 13:21:00,3535,3550,3535,3540,191
2026-04-02 13:22:00,3540,3540,3535,3540,637
2026-04-02 13:23:00,3540,3540,3530,3535,255
2026-04-02 13:24:00,3530,3535,3530,3535,810
2026-04-02 13:25:00,3540,3540,3530,3535,841
2026-04-02 13:26:00,3535,3535,3525,3525,648
2026-04-02 13:27:00,3530,3530,3530,3530,10
2026-04-02 13:28:00,3530,3535,3530,3535,1084
2026-04-02 13:29:00,3525,3525,3520,3520,2116
2026-04-02 13:30:00,3525,3525,3525,3525,4
2026-04-02 13:31:00,3525,3530,3525,3530,75
2026-04-02 13:33:00,3525,3525,3525,3525,60
2026-04-02 13:34:00,3520,3525,3520,3520,423
2026-04-02 13:35:00,3525,3525,3520,3520,289
2026-04-02 13:36:00,3515,3520,3515,3520,351
2026-04-02 13:37:00,3520,3520,3510,3510,3364
2026-04-02 13:38:00,3520,3525,3510,3525,3756
2026-04-02 13:39:00,3525,3530,3525,3530,252
2026-04-02 13:40:00,3530,3530,3530,3530,14
2026-04-02 13:41:00,3535,3535,3520,3530,1746
2026-04-02 13:42:00,3527,3530,3525,3530,670
2026-04-02 13:43:00,3530,3530,3530,3530,500
2026-04-02 13:44:00,3535,3535,3530,3530,704
2026-04-02 13:45:00,3530,3535,3530,3530,73
2026-04-02 13:46:00,3530,3535,3525,3525,153
2026-04-02 13:47:00,3525,3525,3520,3525,3512
2026-04-02 13:48:00,3535,3535,3535,3535,289
2026-04-02 13:49:00,3530,3535,3530,3535,106
2026-04-02 13:50:00,3530,3530,3520,3520,588
2026-04-02 13:51:00,3525,3525,3520,3520,250
2026-04-02 13:52:00,3520,3525,3520,3525,247
2026-04-02 13:53:00,3525,3525,3520,3520,7521
2026-04-02 13:54:00,3515,3515,3500,3500,12030
2026-04-02 13:55:00,3505,3505,3500,3500,1493
2026-04-02 13:56:00,3510,3515,3510,3515,3343
2026-04-02 13:57:00,3520,3562,3515,3530,3823
2026-04-02 13:58:00,3535,3535,3520,3530,665
2026-04-02 13:59:00,3530,3530,3530,3530,616
2026-04-02 14:00:00,3535,3570,3535,3540,842
2026-04-02 14:01:00,3535,3540,3520,3535,2448
2026-04-02 14:02:00,3530,3530,3530,3530,118
2026-04-02 14:03:00,3530,3555,3530,3540,1822
2026-04-02 14:04:00,3540,3545,3535,3535,115
2026-04-02 14:05:00,3535,3535,3535,3535,198
2026-04-02 14:06:00,3540,3550,3540,3550,1650
2026-04-02 14:07:00,3550,3560,3545,3545,554
2026-04-02 14:08:00,3560,3560,3550,3550,349
2026-04-02 14:09:00,3555,3560,3555,3560,506
2026-04-02 14:10:00,3560,3560,3550,3550,974
2026-04-02 14:11:00,3550,3560,3550,3560,2253
2026-04-02 14:12:00,3560,3565,3555,3555,1010
2026-04-02 14:13:00,3560,3560,3545,3545,2117
2026-04-02 14:14:00,3545,3550,3540,3540,1516
2026-04-02 14:15:00,3535,3535,3535,3535,1176
2026-04-02 14:16:00,3530,3530,3525,3530,1617
2026-04-02 14:17:00,3530,3535,3530,3535,3963
2026-04-02 14:18:00,3530,3535,3525,3525,602
2026-04-02 14:19:00,3530,3530,3530,3530,200
2026-04-02 14:20:00,3530,3535,3520,3520,4455
2026-04-02 14:21:00,3520,3520,3520,3520,56
2026-04-02 14:22:00,3525,3525,3525,3525,144
2026-04-02 14:23:00,3525,3525,3525,3525,40
2026-04-02 14:24:00,3525,3530,3525,3525,3278
2026-04-02 14:25:00,3530,3530,3525,3530,752
2026-04-02 14:26:00,3530,3530,3520,3520,1060
2026-04-02 14:27:00,3525,3525,3520,3520,669
2026-04-02 14:28:00,3520,3525,3520,3525,1258
2026-04-02 14:29:00,3530,3530,3530,3530,9
2026-04-02 14:30:00,3520,3520,3515,3515,4486
2026-04-02 14:31:00,3515,3525,3515,3525,2100
2026-04-02 14:33:00,3525,3525,3515,3515,776
2026-04-02 14:34:00,3520,3520,3520,3520,842
2026-04-02 14:35:00,3520,3520,3520,3520,893
2026-04-02 14:36:00,3525,3525,3525,3525,15
2026-04-02 14:37:00,3520,3520,3520,3520,247
2026-04-02 14:38:00,3515,3515,3515,3515,400
2026-04-02 14:39:00,3510,3520,3510,3515,2332
2026-04-02 14:40:00,3520,3520,3515,3515,2119
2026-04-02 14:41:00,3520,3520,3515,3515,891
2026-04-02 14:42:00,3515,3515,3505,3505,4768
2026-04-02 14:43:00,3515,3515,3515,3515,438
2026-04-02 14:44:00,3510,3510,3510,3510,158
2026-04-02 14:45:00,3510,3510,3510,3510,162
2026-04-02 14:46:00,3510,3510,3505,3505,742
2026-04-02 14:47:00,3510,3510,3505,3510,526
2026-04-02 14:48:00,3510,3520,3510,3520,1746
2026-04-02 14:49:00,3510,3525,3510,3510,866
2026-04-02 14:50:00,3510,3510,3510,3510,11
2026-04-02 14:51:00,3515,3515,3500,3505,7199
2026-04-02 14:52:00,3505,3510,3500,3505,428
2026-04-02 14:53:00,3500,3500,3485,3490,14339
2026-04-02 14:54:00,3495,3525,3490,3510,1642
2026-04-02 14:55:00,3510,3510,3485,3495,2162
2026-04-02 14:56:00,3495,3500,3485,3500,2838
2026-04-02 14:57:00,3490,3505,3490,3505,3424
2026-04-02 14:58:00,3490,3510,3490,3505,1309
2026-04-02 14:59:00,3495,3500,3495,3495,1237
2026-04-02 15:00:00,3505,3505,3495,3500,604
2026-04-02 15:01:00,3505,3510,3505,3510,1407
2026-04-02 15:02:00,3515,3515,3510,3515,1510
2026-04-02 15:03:00,3515,3515,3510,3510,1155
2026-04-02 15:04:00,3520,3520,3505,3510,2435
2026-04-02 15:05:00,3510,3535,3510,3535,575
2026-04-02 15:06:00,3535,3540,3520,3535,725
2026-04-02 15:07:00,3535,3545,3515,3535,3764
2026-04-02 15:08:00,3535,3565,3525,3540,4247
2026-04-02 15:09:00,3540,3545,3530,3540,6869
2026-04-02 15:10:00,3530,3535,3530,3535,81
2026-04-02 15:11:00,3530,3540,3530,3540,12074
2026-04-02 15:12:00,3535,3535,3515,3525,16445
2026-04-02 15:13:00,3540,3555,3540,3550,1268
2026-04-02 15:14:00,3550,3550,3540,3550,2118
2026-04-02 15:15:00,3540,3550,3530,3545,628
2026-04-02 15:16:00,3545,3560,3525,3560,4155
2026-04-02 15:17:00,3550,3550,3540,3540,444
2026-04-02 15:18:00,3550,3550,3535,3535,1984
2026-04-02 15:19:00,3540,3550,3535,3550,1668
2026-04-02 15:30:00,3520,3520,3520,3520,28420
2026-04-02 15:35:00,3520,3520,3520,3520,589
2026-04-03 09:00:00,3555,3615,3555,3615,52874
2026-04-03 09:01:00,3600,3650,3595,3615,29297
2026-04-03 09:02:00,3625,3680,3615,3645,31110
2026-04-03 09:03:00,3640,3725,3610,3677,62787
2026-04-03 09:04:00,3680,3750,3670,3740,62173
2026-04-03 09:05:00,3740,3740,3675,3675,27117
2026-04-03 09:06:00,3680,3700,3665,3700,24627
2026-04-03 09:07:00,3700,3700,3680,3685,2906
2026-04-03 09:08:00,3690,3730,3690,3705,13719
2026-04-03 09:09:00,3700,3705,3690,3695,14946
2026-04-03 09:10:00,3700,3700,3655,3685,19336
2026-04-03 09:11:00,3670,3705,3660,3670,11965
2026-04-03 09:12:00,3665,3715,3665,3690,13377
2026-04-03 09:13:00,3695,3725,3675,3715,9638
2026-04-03 09:14:00,3720,3720,3700,3715,3484
2026-04-03 09:15:00,3715,3725,3690,3710,8530
2026-04-03 09:16:00,3705,3730,3675,3705,33707
2026-04-03 09:17:00,3710,3710,3685,3685,6627
2026-04-03 09:18:00,3685,3700,3650,3650,22480
2026-04-03 09:19:00,3655,3660,3640,3650,9678
2026-04-03 09:20:00,3660,3690,3655,3690,4424
2026-04-03 09:21:00,3665,3685,3665,3670,1263
2026-04-03 09:22:00,3670,3670,3645,3645,9869
2026-04-03 09:23:00,3645,3655,3645,3645,1314
2026-04-03 09:24:00,3655,3660,3645,3645,1930
2026-04-03 09:25:00,3650,3665,3650,3665,1091
2026-04-03 09:26:00,3655,3670,3650,3660,6232
2026-04-03 09:27:00,3670,3680,3670,3680,848
2026-04-03 09:28:00,3680,3680,3670,3670,2213
2026-04-03 09:29:00,3675,3685,3670,3680,5529
2026-04-03 09:30:00,3675,3680,3670,3680,2137
2026-04-03 09:31:00,3680,3680,3670,3670,1050
2026-04-03 09:32:00,3670,3675,3670,3670,505
2026-04-03 09:33:00,3670,3675,3670,3675,458
2026-04-03 09:34:00,3672,3675,3665,3670,1587
2026-04-03 09:35:00,3670,3670,3655,3655,3441
2026-04-03 09:36:00,3665,3675,3655,3670,3959
2026-04-03 09:37:00,3670,3670,3660,3660,365
2026-04-03 09:38:00,3665,3680,3660,3675,2900
2026-04-03 09:39:00,3675,3680,3675,3680,550
2026-04-03 09:40:00,3670,3675,3650,3650,2552
2026-04-03 09:41:00,3650,3655,3650,3650,2565
2026-04-03 09:42:00,3650,3660,3645,3655,2594
2026-04-03 09:43:00,3655,3670,3655,3670,1154
2026-04-03 09:44:00,3670,3675,3670,3675,408
2026-04-03 09:45:00,3670,3680,3670,3680,647
2026-04-03 09:46:00,3685,3685,3675,3675,1476
2026-04-03 09:47:00,3675,3680,3670,3675,1531
2026-04-03 09:48:00,3675,3690,3670,3685,2562
2026-04-03 09:49:00,3685,3685,3680,3685,532
2026-04-03 09:50:00,3685,3685,3675,3675,214
2026-04-03 09:51:00,3680,3680,3670,3675,2409
2026-04-03 09:52:00,3675,3685,3675,3680,1330
2026-04-03 09:53:00,3690,3720,3690,3720,7708
2026-04-03 09:54:00,3720,3720,3705,3715,2552
2026-04-03 09:55:00,3715,3720,3715,3720,5896
2026-04-03 09:56:00,3720,3725,3715,3725,5265
2026-04-03 09:57:00,3725,3725,3715,3725,8037
2026-04-03 09:58:00,3720,3725,3715,3715,1487
2026-04-03 09:59:00,3720,3720,3710,3710,4415
2026-04-03 10:00:00,3710,3720,3710,3720,1023
2026-04-03 10:01:00,3715,3720,3710,3710,1850
2026-04-03 10:02:00,3705,3710,3700,3700,3190
2026-04-03 10:03:00,3700,3700,3690,3695,2572
2026-04-03 10:04:00,3705,3715,3705,3715,3294
2026-04-03 10:05:00,3720,3720,3710,3710,1970
2026-04-03 10:06:00,3710,3715,3710,3715,1673
2026-04-03 10:07:00,3715,3715,3690,3690,4243
2026-04-03 10:08:00,3690,3710,3690,3710,807
2026-04-03 10:09:00,3690,3695,3690,3695,536
2026-04-03 10:10:00,3695,3705,3690,3690,1937
2026-04-03 10:11:00,3690,3700,3690,3695,1311
2026-04-03 10:12:00,3695,3700,3685,3685,6493
2026-04-03 10:13:00,3685,3700,3685,3685,1624
2026-04-03 10:14:00,3695,3695,3690,3690,171
2026-04-03 10:15:00,3690,3700,3675,3675,5324
2026-04-03 10:16:00,3680,3680,3670,3680,575
2026-04-03 10:17:00,3680,3680,3655,3655,2025
2026-04-03 10:18:00,3660,3675,3660,3670,2020
2026-04-03 10:19:00,3670,3685,3670,3680,557
2026-04-03 10:20:00,3680,3685,3670,3680,3296
2026-04-03 10:21:00,3680,3685,3680,3680,588
2026-04-03 10:22:00,3675,3680,3670,3680,1220
2026-04-03 10:23:00,3680,3680,3675,3675,344
2026-04-03 10:24:00,3670,3670,3665,3665,4906
2026-04-03 10:25:00,3665,3665,3660,3665,1010
2026-04-03 10:26:00,3665,3665,3650,3650,10570
2026-04-03 10:27:00,3645,3655,3645,3655,5068
2026-04-03 10:28:00,3655,3655,3645,3655,2781
2026-04-03 10:29:00,3655,3655,3645,3645,1084
2026-04-03 10:30:00,3645,3650,3645,3650,2161
2026-04-03 10:31:00,3645,3650,3630,3650,12492
2026-04-03 10:32:00,3635,3655,3635,3640,1490
2026-04-03 10:33:00,3655,3655,3650,3650,12304
2026-04-03 10:34:00,3660,3665,3650,3660,804
2026-04-03 10:35:00,3655,3660,3655,3655,390
2026-04-03 10:36:00,3655,3660,3655,3660,101
2026-04-03 10:37:00,3660,3660,3655,3655,637
2026-04-03 10:38:00,3660,3660,3655,3655,1259
2026-04-03 10:39:00,3660,3660,3660,3660,228
2026-04-03 10:40:00,3660,3675,3660,3675,3150
2026-04-03 10:41:00,3660,3675,3655,3675,1415
2026-04-03 10:42:00,3660,3665,3655,3665,720
2026-04-03 10:43:00,3670,3670,3665,3670,118
2026-04-03 10:44:00,3675,3680,3670,3680,1117
2026-04-03 10:45:00,3675,3680,3670,3680,831
2026-04-03 10:46:00,3680,3680,3660,3670,1506
2026-04-03 10:47:00,3665,3665,3665,3665,200
2026-04-03 10:48:00,3665,3665,3650,3650,2623
2026-04-03 10:49:00,3655,3655,3655,3655,654
2026-04-03 10:50:00,3655,3660,3655,3660,750
2026-04-03 10:51:00,3665,3665,3660,3660,1919
2026-04-03 10:52:00,3660,3660,3650,3650,2283
2026-04-03 10:53:00,3650,3665,3650,3665,190
2026-04-03 10:54:00,3665,3670,3650,3670,523
2026-04-03 10:55:00,3670,3675,3655,3675,5153
2026-04-03 10:56:00,3660,3680,3655,3680,968
2026-04-03 10:57:00,3680,3685,3680,3685,1502
2026-04-03 10:58:00,3685,3685,3655,3670,1193
2026-04-03 10:59:00,3655,3675,3655,3670,1545
2026-04-03 11:00:00,3675,3695,3675,3695,3542
2026-04-03 11:01:00,3690,3690,3680,3685,2992
2026-04-03 11:02:00,3685,3685,3660,3680,2193
2026-04-03 11:03:00,3680,3680,3655,3655,793
2026-04-03 11:04:00,3670,3675,3660,3660,14
2026-04-03 11:05:00,3675,3675,3655,3675,970
2026-04-03 11:06:00,3655,3655,3645,3645,2503
2026-04-03 11:07:00,3640,3650,3635,3650,3030
2026-04-03 11:08:00,3650,3650,3630,3635,2016
2026-04-03 11:09:00,3630,3650,3630,3650,855
2026-04-03 11:10:00,3640,3640,3635,3635,2915
2026-04-03 11:11:00,3635,3635,3630,3630,2129
2026-04-03 11:12:00,3635,3640,3630,3630,1106
2026-04-03 11:13:00,3635,3635,3630,3630,988
2026-04-03 11:14:00,3630,3635,3630,3635,2890
2026-04-03 11:15:00,3625,3640,3625,3640,378
2026-04-03 11:16:00,3640,3640,3635,3635,453
2026-04-03 11:17:00,3635,3635,3610,3630,7646
2026-04-03 11:18:00,3625,3625,3615,3615,892
2026-04-03 11:19:00,3625,3625,3615,3620,1337
2026-04-03 11:20:00,3610,3620,3610,3620,332
2026-04-03 11:21:00,3620,3620,3610,3615,1576
2026-04-03 11:22:00,3625,3630,3620,3630,853
2026-04-03 11:23:00,3630,3635,3625,3625,5498
2026-04-03 11:24:00,3625,3630,3625,3630,7
2026-04-03 11:25:00,3630,3630,3625,3630,101
2026-04-03 11:26:00,3630,3630,3630,3630,264
2026-04-03 11:27:00,3630,3635,3625,3635,1290
2026-04-03 11:28:00,3635,3640,3635,3640,1105
2026-04-03 11:29:00,3640,3640,3635,3635,75
2026-04-03 11:30:00,3635,3640,3635,3640,2054
2026-04-03 11:31:00,3640,3640,3635,3640,1361
2026-04-03 11:32:00,3640,3645,3640,3645,2340
2026-04-03 11:33:00,3630,3645,3630,3645,3161
2026-04-03 11:34:00,3645,3645,3625,3640,4443
2026-04-03 11:35:00,3620,3630,3585,3620,13955
2026-04-03 11:36:00,3620,3620,3620,3620,10
2026-04-03 11:37:00,3610,3625,3595,3625,2980
2026-04-03 11:38:00,3620,3620,3595,3595,1000
2026-04-03 11:39:00,3595,3620,3595,3620,6330
2026-04-03 11:40:00,3620,3630,3620,3630,2013
2026-04-03 11:41:00,3630,3645,3625,3645,1993
2026-04-03 11:42:00,3645,3650,3645,3650,317
2026-04-03 11:43:00,3645,3645,3630,3640,2002
2026-04-03 11:44:00,3640,3650,3640,3650,569
2026-04-03 11:45:00,3650,3650,3650,3650,321
2026-04-03 11:46:00,3650,3655,3650,3655,399
2026-04-03 11:47:00,3645,3650,3635,3645,1621
2026-04-03 11:48:00,3645,3645,3630,3645,4
2026-04-03 11:49:00,3645,3645,3640,3640,1157
2026-04-03 11:50:00,3640,3645,3640,3645,94
2026-04-03 11:51:00,3640,3645,3635,3645,658
2026-04-03 11:52:00,3640,3650,3640,3650,560
2026-04-03 11:53:00,3645,3650,3645,3650,84
2026-04-03 11:54:00,3640,3650,3635,3650,1351
2026-04-03 11:55:00,3650,3655,3650,3650,296
2026-04-03 11:56:00,3640,3650,3640,3650,27
2026-04-03 11:57:00,3650,3650,3650,3650,52
2026-04-03 11:58:00,3650,3650,3650,3650,26
2026-04-03 12:00:00,3640,3650,3635,3645,612
2026-04-03 12:01:00,3645,3650,3630,3650,62
2026-04-03 12:02:00,3645,3650,3635,3650,275
2026-04-03 12:03:00,3650,3650,3635,3635,1289
2026-04-03 12:04:00,3650,3650,3620,3645,2025
2026-04-03 12:05:00,3640,3640,3640,3640,1
2026-04-03 12:06:00,3630,3645,3630,3645,624
2026-04-03 12:07:00,3645,3645,3630,3630,53
2026-04-03 12:08:00,3645,3645,3625,3645,786
2026-04-03 12:09:00,3645,3645,3630,3630,513
2026-04-03 12:10:00,3630,3640,3630,3640,34
2026-04-03 12:11:00,3635,3640,3630,3630,265
2026-04-03 12:12:00,3635,3640,3635,3640,67
2026-04-03 12:13:00,3635,3635,3635,3635,5
2026-04-03 12:14:00,3640,3640,3625,3630,1385
2026-04-03 12:15:00,3630,3630,3625,3625,103
2026-04-03 12:16:00,3630,3630,3625,3625,51
2026-04-03 12:17:00,3630,3630,3620,3620,483
2026-04-03 12:18:00,3630,3630,3615,3620,3367
2026-04-03 12:19:00,3625,3625,3620,3625,304
2026-04-03 12:20:00,3625,3635,3625,3635,1175
2026-04-03 12:21:00,3625,3625,3625,3625,31
2026-04-03 12:22:00,3635,3645,3635,3645,1227
2026-04-03 12:24:00,3635,3645,3630,3645,768
2026-04-03 12:25:00,3630,3645,3620,3635,1559
2026-04-03 12:26:00,3635,3640,3635,3640,1295
2026-04-03 12:27:00,3630,3640,3625,3625,321
2026-04-03 12:28:00,3640,3640,3625,3640,259
2026-04-03 12:29:00,3635,3640,3635,3640,62
2026-04-03 12:30:00,3635,3655,3635,3655,3412
2026-04-03 12:31:00,3655,3655,3650,3655,504
2026-04-03 12:32:00,3660,3665,3655,3665,1172
2026-04-03 12:33:00,3665,3670,3660,3665,563
2026-04-03 12:34:00,3670,3670,3665,3665,20
2026-04-03 12:35:00,3655,3660,3650,3660,332
2026-04-03 12:36:00,3650,3650,3640,3640,1529
2026-04-03 12:37:00,3645,3645,3640,3645,742
2026-04-03 12:38:00,3645,3645,3645,3645,149
2026-04-03 12:39:00,3645,3650,3640,3640,79
2026-04-03 12:40:00,3645,3650,3645,3650,286
2026-04-03 12:41:00,3645,3645,3630,3645,1282
2026-04-03 12:42:00,3645,3650,3630,3650,397
2026-04-03 12:43:00,3630,3650,3630,3650,706
2026-04-03 12:44:00,3635,3640,3630,3630,348
2026-04-03 12:45:00,3640,3640,3630,3640,412
2026-04-03 12:46:00,3630,3640,3630,3630,310
2026-04-03 12:47:00,3640,3640,3630,3630,623
2026-04-03 12:48:00,3630,3635,3625,3635,62
2026-04-03 12:49:00,3635,3635,3635,3635,118
2026-04-03 12:50:00,3630,3635,3630,3635,119
2026-04-03 12:51:00,3635,3635,3635,3635,80
2026-04-03 12:52:00,3630,3635,3630,3635,15
2026-04-03 12:53:00,3635,3635,3630,3630,377
2026-04-03 12:54:00,3630,3635,3625,3625,1628
2026-04-03 12:55:00,3625,3625,3625,3625,635
2026-04-03 12:56:00,3630,3635,3625,3635,1578
2026-04-03 12:57:00,3635,3640,3625,3640,2032
2026-04-03 12:58:00,3640,3655,3640,3650,1796
2026-04-03 12:59:00,3650,3650,3640,3650,301
2026-04-03 13:00:00,3640,3645,3640,3645,331
2026-04-03 13:01:00,3645,3645,3645,3645,32
2026-04-03 13:02:00,3645,3655,3645,3655,592
2026-04-03 13:03:00,3655,3655,3650,3655,1054
2026-04-03 13:04:00,3660,3660,3650,3650,689
2026-04-03 13:05:00,3660,3660,3650,3650,885
2026-04-03 13:06:00,3650,3655,3645,3655,427
2026-04-03 13:07:00,3650,3655,3650,3650,190
2026-04-03 13:08:00,3655,3655,3650,3655,131
2026-04-03 13:09:00,3650,3655,3645,3655,1277
2026-04-03 13:10:00,3655,3655,3650,3650,177
2026-04-03 13:11:00,3650,3650,3645,3645,33
2026-04-03 13:12:00,3645,3650,3645,3650,1851
2026-04-03 13:13:00,3650,3650,3645,3645,281
2026-04-03 13:14:00,3645,3655,3645,3655,1531
2026-04-03 13:15:00,3650,3650,3650,3650,1240
2026-04-03 13:16:00,3650,3655,3650,3655,3272
2026-04-03 13:17:00,3650,3655,3650,3655,309
2026-04-03 13:18:00,3655,3655,3650,3655,656
2026-04-03 13:19:00,3655,3655,3650,3655,2570
2026-04-03 13:20:00,3650,3655,3650,3650,352
2026-04-03 13:21:00,3655,3660,3655,3660,1615
2026-04-03 13:22:00,3660,3665,3660,3665,573
2026-04-03 13:23:00,3665,3665,3660,3665,1502
2026-04-03 13:24:00,3665,3665,3655,3660,796
2026-04-03 13:25:00,3660,3660,3660,3660,300
2026-04-03 13:26:00,3660,3665,3660,3665,599
2026-04-03 13:27:00,3665,3665,3660,3660,617
2026-04-03 13:28:00,3660,3660,3660,3660,314
2026-04-03 13:29:00,3660,3660,3655,3655,755
2026-04-03 13:30:00,3650,3650,3640,3640,3928
2026-04-03 13:31:00,3640,3650,3635,3640,11586
2026-04-03 13:32:00,3635,3635,3635,3635,496
2026-04-03 13:33:00,3635,3645,3635,3645,368
2026-04-03 13:34:00,3645,3645,3645,3645,289
2026-04-03 13:35:00,3650,3650,3650,3650,30
2026-04-03 13:36:00,3650,3650,3650,3650,2
2026-04-03 13:38:00,3645,3650,3645,3645,479
2026-04-03 13:40:00,3645,3645,3645,3645,921
2026-04-03 13:41:00,3650,3660,3650,3655,5991
2026-04-03 13:42:00,3665,3670,3655,3670,2760
2026-04-03 13:43:00,3660,3665,3650,3650,5285
2026-04-03 13:44:00,3655,3675,3645,3650,5043
2026-04-03 13:45:00,3670,3675,3650,3665,10117
2026-04-03 13:46:00,3670,3670,3635,3650,15871
2026-04-03 13:47:00,3650,3655,3645,3655,2196
2026-04-03 13:48:00,3660,3660,3640,3640,1797
2026-04-03 13:49:00,3645,3645,3635,3640,2064
2026-04-03 13:50:00,3645,3645,3645,3645,372
2026-04-03 13:51:00,3645,3645,3640,3640,416
2026-04-03 13:54:00,3645,3650,3640,3650,2502
2026-04-03 13:55:00,3650,3650,3640,3640,1683
2026-04-03 13:56:00,3640,3645,3640,3645,504
2026-04-03 13:57:00,3645,3645,3645,3645,291
2026-04-03 13:58:00,3645,3650,3645,3645,1901
2026-04-03 13:59:00,3645,3650,3630,3650,12145
2026-04-03 14:00:00,3645,3650,3630,3640,1350
2026-04-03 14:01:00,3640,3640,3635,3635,879
2026-04-03 14:02:00,3635,3645,3635,3640,343
2026-04-03 14:03:00,3640,3645,3640,3645,82
2026-04-03 14:04:00,3645,3645,3640,3640,65
2026-04-03 14:05:00,3645,3645,3640,3640,1609
2026-04-03 14:06:00,3645,3650,3640,3640,3585
2026-04-03 14:07:00,3650,3660,3640,3660,1152
2026-04-03 14:08:00,3660,3660,3660,3660,505
2026-04-03 14:09:00,3660,3660,3650,3650,2137
2026-04-03 14:10:00,3655,3655,3655,3655,344
2026-04-03 14:11:00,3650,3655,3640,3640,2563
2026-04-03 14:12:00,3655,3655,3650,3650,232
2026-04-03 14:13:00,3650,3655,3650,3655,284
2026-04-03 14:14:00,3655,3655,3655,3655,407
2026-04-03 14:15:00,3655,3655,3655,3655,879
2026-04-03 14:16:00,3655,3655,3650,3655,72
2026-04-03 14:17:00,3655,3655,3655,3655,386
2026-04-03 14:18:00,3655,3655,3645,3650,1757
2026-04-03 14:19:00,3650,3650,3650,3650,1
2026-04-03 14:20:00,3645,3650,3640,3640,3265
2026-04-03 14:21:00,3640,3645,3640,3645,233
2026-04-03 14:22:00,3645,3645,3640,3640,382
2026-04-03 14:23:00,3640,3640,3635,3640,924
2026-04-03 14:24:00,3635,3640,3630,3640,1446
2026-04-03 14:25:00,3640,3640,3635,3640,337
2026-04-03 14:26:00,3635,3640,3630,3630,3118
2026-04-03 14:27:00,3630,3630,3625,3625,1781
2026-04-03 14:28:00,3630,3630,3625,3630,73
2026-04-03 14:29:00,3630,3635,3625,3635,2009
2026-04-03 14:30:00,3635,3635,3625,3630,1403
2026-04-03 14:31:00,3630,3635,3630,3630,300
2026-04-03 14:32:00,3630,3630,3600,3620,18081
2026-04-03 14:33:00,3620,3630,3620,3620,2274
2026-04-03 14:34:00,3625,3630,3625,3625,614
2026-04-03 14:35:00,3620,3620,3600,3600,3217
2026-04-03 14:36:00,3605,3615,3600,3600,1959
2026-04-03 14:37:00,3615,3620,3615,3615,375
2026-04-03 14:38:00,3615,3615,3605,3605,1586
2026-04-03 14:39:00,3610,3615,3610,3610,49
2026-04-03 14:40:00,3610,3610,3610,3610,77
2026-04-03 14:41:00,3610,3610,3600,3600,824
2026-04-03 14:42:00,3600,3605,3600,3605,753
2026-04-03 14:43:00,3605,3605,3602,3605,392
2026-04-03 14:44:00,3602,3605,3600,3600,2597
2026-04-03 14:45:00,3605,3605,3590,3595,5961
2026-04-03 14:46:00,3590,3595,3585,3595,3203
2026-04-03 14:47:00,3595,3595,3580,3580,8146
2026-04-03 14:48:00,3580,3590,3580,3590,4321
2026-04-03 14:49:00,3590,3600,3580,3580,3761
2026-04-03 14:50:00,3585,3595,3585,3590,1281
2026-04-03 14:51:00,3585,3605,3585,3600,4083
2026-04-03 14:52:00,3600,3605,3590,3605,1539
2026-04-03 14:53:00,3605,3605,3600,3605,341
2026-04-03 14:54:00,3605,3605,3600,3600,1070
2026-04-03 14:55:00,3605,3605,3600,3605,1098
2026-04-03 14:56:00,3605,3605,3595,3600,2103
2026-04-03 14:57:00,3600,3600,3600,3600,350
2026-04-03 14:58:00,3605,3605,3600,3605,499
2026-04-03 14:59:00,3605,3610,3605,3605,1245
2026-04-03 15:00:00,3605,3615,3605,3615,987
2026-04-03 15:01:00,3615,3620,3615,3620,1258
2026-04-03 15:02:00,3620,3620,3620,3620,7940
2026-04-03 15:03:00,3620,3620,3620,3620,360
2026-04-03 15:04:00,3620,3625,3620,3625,596
2026-04-03 15:05:00,3625,3630,3620,3630,1114
2026-04-03 15:06:00,3630,3630,3625,3625,607
2026-04-03 15:07:00,3630,3630,3610,3610,3805
2026-04-03 15:08:00,3615,3615,3610,3610,335
2026-04-03 15:09:00,3610,3610,3595,3595,7760
2026-04-03 15:10:00,3595,3600,3585,3585,3775
2026-04-03 15:11:00,3590,3595,3585,3590,2564
2026-04-03 15:12:00,3595,3595,3585,3590,4259
2026-04-03 15:13:00,3590,3595,3590,3595,2843
2026-04-03 15:14:00,3595,3595,3580,3580,2866
2026-04-03 15:15:00,3590,3600,3580,3585,3960
2026-04-03 15:16:00,3580,3595,3580,3585,13724
2026-04-03 15:17:00,3595,3595,3580,3585,7805
2026-04-03 15:18:00,3580,3595,3580,3590,3401
2026-04-03 15:19:00,3590,3590,3565,3565,13444
2026-04-03 15:30:00,3565,3565,3565,3565,40959
2026-04-03 15:35:00,3565,3565,3565,3565,2378
2026-04-06 09:00:00,3575,3610,3575,3610,15177
2026-04-06 09:01:00,3610,3685,3610,3665,21053
2026-04-06 09:02:00,3665,3690,3615,3660,30472
2026-04-06 09:03:00,3665,3670,3640,3655,13878
2026-04-06 09:04:00,3665,3670,3650,3665,3721
2026-04-06 09:05:00,3675,3700,3655,3670,12869
2026-04-06 09:06:00,3660,3660,3635,3635,13803
2026-04-06 09:07:00,3640,3670,3635,3670,3603
2026-04-06 09:08:00,3665,3665,3645,3650,3104
2026-04-06 09:09:00,3650,3660,3645,3650,5713
2026-04-06 09:10:00,3660,3660,3650,3650,971
2026-04-06 09:11:00,3645,3645,3610,3610,14112
2026-04-06 09:12:00,3630,3635,3610,3610,701
2026-04-06 09:13:00,3615,3635,3610,3610,1113
2026-04-06 09:14:00,3610,3630,3605,3615,2367
2026-04-06 09:15:00,3615,3640,3615,3640,1477
2026-04-06 09:16:00,3640,3640,3640,3640,396
2026-04-06 09:17:00,3640,3640,3610,3635,2207
2026-04-06 09:18:00,3630,3640,3620,3640,2066
2026-04-06 09:19:00,3640,3640,3640,3640,190
2026-04-06 09:20:00,3635,3635,3620,3630,1537
2026-04-06 09:21:00,3635,3640,3630,3640,290
2026-04-06 09:22:00,3640,3645,3640,3640,2264
2026-04-06 09:23:00,3640,3650,3635,3650,3772
2026-04-06 09:24:00,3650,3655,3635,3635,3391
2026-04-06 09:25:00,3640,3660,3635,3655,2110
2026-04-06 09:26:00,3655,3655,3630,3630,4527
2026-04-06 09:27:00,3635,3635,3625,3630,519
2026-04-06 09:28:00,3625,3630,3625,3625,3380
2026-04-06 09:29:00,3625,3630,3625,3625,227
2026-04-06 09:30:00,3625,3630,3605,3630,13538
2026-04-06 09:31:00,3630,3630,3600,3600,2590
2026-04-06 09:32:00,3595,3600,3580,3595,4789
2026-04-06 09:33:00,3580,3595,3565,3565,10515
2026-04-06 09:34:00,3590,3590,3565,3567,322
2026-04-06 09:35:00,3567,3580,3562,3580,2774
2026-04-06 09:36:00,3570,3585,3570,3575,902
2026-04-06 09:37:00,3575,3575,3565,3570,1130
2026-04-06 09:38:00,3565,3580,3550,3580,8753
2026-04-06 09:39:00,3560,3580,3500,3510,38489
2026-04-06 09:40:00,3520,3560,3505,3555,5799
2026-04-06 09:41:00,3560,3585,3560,3565,8790
2026-04-06 09:42:00,3565,3610,3560,3585,13448
2026-04-06 09:43:00,3570,3585,3570,3580,70
2026-04-06 09:44:00,3590,3595,3585,3590,7271
2026-04-06 09:45:00,3585,3610,3575,3610,3832
2026-04-06 09:46:00,3605,3605,3580,3605,605
2026-04-06 09:47:00,3585,3600,3585,3585,1186
2026-04-06 09:48:00,3585,3607,3585,3585,3558
2026-04-06 09:49:00,3605,3605,3585,3585,1063
2026-04-06 09:50:00,3585,3585,3570,3570,2219
2026-04-06 09:51:00,3570,3585,3565,3585,1911
2026-04-06 09:52:00,3570,3570,3570,3570,84
2026-04-06 09:53:00,3570,3590,3565,3590,786
2026-04-06 09:54:00,3565,3570,3565,3565,863
2026-04-06 09:55:00,3565,3620,3565,3580,5245
2026-04-06 09:56:00,3605,3605,3580,3580,1169
2026-04-06 09:57:00,3585,3585,3585,3585,4
2026-04-06 09:58:00,3600,3600,3590,3590,10
2026-04-06 09:59:00,3590,3590,3570,3570,2931
2026-04-06 10:00:00,3565,3565,3545,3545,3737
2026-04-06 10:01:00,3555,3555,3540,3555,817
2026-04-06 10:02:00,3555,3555,3540,3545,775
2026-04-06 10:03:00,3545,3545,3525,3545,8358
2026-04-06 10:04:00,3525,3550,3525,3550,2750
2026-04-06 10:05:00,3550,3550,3535,3540,675
2026-04-06 10:06:00,3535,3555,3535,3540,304
2026-04-06 10:07:00,3555,3555,3535,3555,1083
2026-04-06 10:08:00,3555,3555,3555,3555,104
2026-04-06 10:09:00,3555,3580,3540,3580,692
2026-04-06 10:10:00,3570,3570,3545,3555,15
2026-04-06 10:11:00,3555,3555,3530,3550,2325
2026-04-06 10:12:00,3550,3550,3550,3550,121
2026-04-06 10:13:00,3535,3535,3530,3530,815
2026-04-06 10:14:00,3545,3560,3545,3560,18
2026-04-06 10:15:00,3560,3560,3560,3560,356
2026-04-06 10:16:00,3560,3560,3535,3535,411
2026-04-06 10:17:00,3535,3535,3535,3535,210
2026-04-06 10:18:00,3560,3560,3560,3560,1
2026-04-06 10:20:00,3560,3560,3535,3540,68
2026-04-06 10:21:00,3540,3560,3540,3560,1381
2026-04-06 10:22:00,3545,3545,3545,3545,4
2026-04-06 10:23:00,3545,3565,3545,3565,281
2026-04-06 10:24:00,3560,3565,3550,3565,957
2026-04-06 10:25:00,3565,3565,3560,3560,83
2026-04-06 10:26:00,3550,3555,3540,3545,837
2026-04-06 10:27:00,3545,3545,3535,3535,835
2026-04-06 10:28:00,3535,3545,3535,3545,628
2026-04-06 10:29:00,3535,3545,3535,3545,1201
2026-04-06 10:30:00,3545,3545,3535,3535,486
2026-04-06 10:31:00,3530,3545,3530,3545,1035
2026-04-06 10:32:00,3530,3530,3530,3530,1856
2026-04-06 10:33:00,3535,3540,3530,3530,430
2026-04-06 10:34:00,3530,3530,3530,3530,1300
2026-04-06 10:35:00,3530,3530,3530,3530,2361
2026-04-06 10:36:00,3540,3545,3540,3545,500
2026-04-06 10:37:00,3545,3545,3535,3535,641
2026-04-06 10:39:00,3535,3540,3530,3540,501
2026-04-06 10:40:00,3540,3540,3530,3530,62
2026-04-06 10:41:00,3530,3530,3525,3525,151
2026-04-06 10:42:00,3525,3535,3515,3515,22169
2026-04-06 10:43:00,3525,3525,3515,3520,94
2026-04-06 10:44:00,3520,3520,3515,3520,962
2026-04-06 10:45:00,3520,3520,3515,3520,997
2026-04-06 10:46:00,3520,3520,3505,3515,12959
2026-04-06 10:47:00,3505,3510,3505,3505,5185
2026-04-06 10:48:00,3510,3510,3505,3510,145
2026-04-06 10:49:00,3510,3515,3510,3515,109
2026-04-06 10:50:00,3510,3510,3510,3510,16
2026-04-06 10:51:00,3510,3520,3510,3520,601
2026-04-06 10:52:00,3520,3520,3520,3520,20
2026-04-06 10:53:00,3510,3515,3510,3515,35
2026-04-06 10:54:00,3510,3510,3505,3505,356
2026-04-06 10:55:00,3505,3510,3495,3495,13224
2026-04-06 10:56:00,3495,3500,3495,3500,3801
2026-04-06 10:57:00,3500,3500,3490,3500,799
2026-04-06 10:58:00,3490,3500,3485,3485,5950
2026-04-06 10:59:00,3485,3515,3475,3485,10923
2026-04-06 11:00:00,3515,3520,3515,3520,602
2026-04-06 11:01:00,3520,3520,3520,3520,681
2026-04-06 11:02:00,3505,3505,3495,3495,362
2026-04-06 11:05:00,3495,3495,3480,3485,771
2026-04-06 11:06:00,3480,3500,3470,3500,1788
2026-04-06 11:07:00,3485,3510,3485,3485,786
2026-04-06 11:08:00,3520,3520,3520,3520,30
2026-04-06 11:09:00,3520,3520,3520,3520,1204
2026-04-06 11:10:00,3520,3520,3515,3520,495
2026-04-06 11:11:00,3520,3530,3520,3520,1574
2026-04-06 11:12:00,3520,3525,3495,3525,2487
2026-04-06 11:13:00,3525,3535,3525,3535,943
2026-04-06 11:14:00,3535,3535,3525,3525,732
2026-04-06 11:15:00,3525,3530,3525,3530,481
2026-04-06 11:16:00,3530,3535,3530,3535,40
2026-04-06 11:17:00,3530,3535,3530,3535,220
2026-04-06 11:18:00,3535,3535,3535,3535,100
2026-04-06 11:19:00,3530,3545,3525,3545,1220
2026-04-06 11:20:00,3545,3560,3545,3545,1379
2026-04-06 11:21:00,3545,3545,3545,3545,50
2026-04-06 11:22:00,3540,3545,3530,3545,201
2026-04-06 11:23:00,3540,3545,3530,3545,1428
2026-04-06 11:24:00,3545,3560,3545,3560,833
2026-04-06 11:25:00,3540,3540,3535,3535,285
2026-04-06 11:26:00,3540,3550,3540,3550,601
2026-04-06 11:27:00,3550,3550,3545,3550,880
2026-04-06 11:28:00,3535,3535,3520,3520,1160
2026-04-06 11:29:00,3540,3540,3530,3530,44
2026-04-06 11:30:00,3530,3530,3530,3530,43
2026-04-06 11:31:00,3525,3525,3525,3525,27
2026-04-06 11:32:00,3535,3545,3510,3520,1854
2026-04-06 11:33:00,3520,3520,3515,3515,3022
2026-04-06 11:34:00,3515,3515,3510,3510,87
2026-04-06 11:35:00,3520,3530,3520,3525,81
2026-04-06 11:36:00,3520,3530,3520,3530,335
2026-04-06 11:37:00,3520,3520,3515,3515,378
2026-04-06 11:38:00,3515,3515,3500,3510,2216
2026-04-06 11:39:00,3510,3510,3505,3505,134
2026-04-06 11:40:00,3500,3500,3500,3500,30
2026-04-06 11:41:00,3505,3505,3505,3505,528
2026-04-06 11:42:00,3500,3500,3500,3500,1
2026-04-06 11:43:00,3505,3515,3500,3515,1974
2026-04-06 11:44:00,3515,3520,3515,3520,549
2026-04-06 11:45:00,3520,3535,3520,3535,1686
2026-04-06 11:46:00,3530,3555,3530,3555,413
2026-04-06 11:47:00,3530,3545,3530,3530,1720
2026-04-06 11:48:00,3530,3530,3520,3520,1225
2026-04-06 11:49:00,3545,3545,3525,3525,128
2026-04-06 11:50:00,3525,3535,3525,3525,143
2026-04-06 11:51:00,3525,3535,3520,3525,325
2026-04-06 11:52:00,3525,3525,3525,3525,1
2026-04-06 11:53:00,3525,3525,3525,3525,1
2026-04-06 11:54:00,3525,3525,3525,3525,186
2026-04-06 11:56:00,3525,3525,3525,3525,60
2026-04-06 11:58:00,3520,3530,3520,3530,879
2026-04-06 11:59:00,3520,3530,3520,3530,548
2026-04-06 12:02:00,3525,3525,3525,3525,4
2026-04-06 12:04:00,3530,3530,3530,3530,168
2026-04-06 12:05:00,3530,3530,3520,3520,74
2026-04-06 12:06:00,3520,3520,3510,3515,3965
2026-04-06 12:07:00,3515,3515,3515,3515,10
2026-04-06 12:10:00,3515,3515,3515,3515,10032
2026-04-06 12:11:00,3525,3525,3525,3525,8
2026-04-06 12:12:00,3525,3525,3525,3525,201
2026-04-06 12:13:00,3530,3530,3530,3530,7
2026-04-06 12:14:00,3525,3525,3520,3520,737
2026-04-06 12:15:00,3520,3530,3520,3530,164
2026-04-06 12:16:00,3530,3530,3530,3530,1
2026-04-06 12:17:00,3525,3525,3525,3525,6
2026-04-06 12:18:00,3525,3525,3525,3525,10
2026-04-06 12:19:00,3520,3520,3515,3515,3186
2026-04-06 12:20:00,3510,3515,3510,3515,636
2026-04-06 12:21:00,3515,3515,3510,3510,624
2026-04-06 12:22:00,3510,3510,3505,3505,1247
2026-04-06 12:23:00,3502,3502,3500,3500,1942
2026-04-06 12:24:00,3510,3510,3510,3510,364
2026-04-06 12:25:00,3510,3510,3510,3510,400
2026-04-06 12:26:00,3520,3520,3520,3520,7
2026-04-06 12:27:00,3520,3520,3520,3520,7
2026-04-06 12:28:00,3520,3520,3520,3520,7
2026-04-06 12:30:00,3520,3520,3520,3520,7
2026-04-06 12:31:00,3517,3520,3517,3520,101
2026-04-06 12:32:00,3520,3532,3520,3532,729
2026-04-06 12:33:00,3535,3550,3535,3550,1482
2026-04-06 12:34:00,3550,3550,3550,3550,84
2026-04-06 12:35:00,3550,3550,3545,3550,69
2026-04-06 12:36:00,3550,3550,3540,3540,1715
2026-04-06 12:38:00,3540,3540,3530,3530,443
2026-04-06 12:39:00,3525,3525,3525,3525,33
2026-04-06 12:40:00,3535,3535,3535,3535,15
2026-04-06 12:41:00,3530,3530,3530,3530,1
2026-04-06 12:42:00,3525,3535,3525,3535,2
2026-04-06 12:43:00,3530,3530,3530,3530,1884
2026-04-06 12:44:00,3530,3540,3530,3540,681
2026-04-06 12:45:00,3530,3530,3530,3530,9
2026-04-06 12:48:00,3540,3540,3530,3540,793
2026-04-06 12:49:00,3530,3530,3530,3530,225
2026-04-06 12:50:00,3530,3530,3530,3530,46
2026-04-06 12:51:00,3530,3530,3530,3530,8
2026-04-06 12:52:00,3530,3550,3525,3540,655
2026-04-06 12:53:00,3550,3550,3550,3550,636
2026-04-06 12:55:00,3545,3555,3545,3555,1034
2026-04-06 12:57:00,3550,3550,3550,3550,85
2026-04-06 12:58:00,3550,3550,3550,3550,3
2026-04-06 12:59:00,3540,3540,3535,3535,234
2026-04-06 13:00:00,3540,3545,3540,3545,2437
2026-04-06 13:01:00,3545,3545,3545,3545,100
2026-04-06 13:03:00,3545,3545,3545,3545,20
2026-04-06 13:04:00,3550,3555,3550,3555,1116
2026-04-06 13:05:00,3555,3560,3550,3560,15
2026-04-06 13:06:00,3560,3560,3550,3550,311
2026-04-06 13:07:00,3550,3550,3520,3520,7615
2026-04-06 13:08:00,3520,3525,3520,3525,179
2026-04-06 13:09:00,3525,3525,3520,3520,184
2026-04-06 13:10:00,3520,3520,3520,3520,211
2026-04-06 13:11:00,3520,3520,3515,3515,1027
2026-04-06 13:12:00,3515,3515,3515,3515,573
2026-04-06 13:13:00,3515,3515,3515,3515,1669
2026-04-06 13:14:00,3515,3517,3515,3515,22
2026-04-06 13:15:00,3515,3517,3515,3515,305
2026-04-06 13:16:00,3515,3515,3515,3515,25
2026-04-06 13:21:00,3515,3515,3515,3515,15
2026-04-06 13:22:00,3515,3525,3515,3525,182
2026-04-06 13:24:00,3525,3525,3525,3525,787
2026-04-06 13:25:00,3540,3540,3540,3540,1
2026-04-06 13:26:00,3540,3540,3540,3540,4
2026-04-06 13:28:00,3540,3540,3535,3540,139
2026-04-06 13:29:00,3545,3545,3530,3530,1042
2026-04-06 13:32:00,3530,3530,3530,3530,81
2026-04-06 13:34:00,3540,3545,3540,3545,1701
2026-04-06 13:35:00,3540,3540,3540,3540,1220
2026-04-06 13:36:00,3535,3535,3535,3535,10
2026-04-06 13:37:00,3535,3535,3535,3535,2
2026-04-06 13:38:00,3540,3540,3540,3540,201
2026-04-06 13:39:00,3540,3540,3540,3540,50
2026-04-06 13:40:00,3540,3540,3535,3535,500
2026-04-06 13:43:00,3540,3540,3535,3535,163
2026-04-06 13:45:00,3540,3540,3540,3540,3
2026-04-06 13:46:00,3530,3545,3495,3545,9927
2026-04-06 13:47:00,3545,3550,3545,3550,234
2026-04-06 13:49:00,3520,3520,3520,3520,139
2026-04-06 13:50:00,3540,3540,3540,3540,5
2026-04-06 13:51:00,3545,3550,3545,3550,302
2026-04-06 13:54:00,3550,3550,3545,3545,447
2026-04-06 13:55:00,3545,3550,3535,3550,880
2026-04-06 13:56:00,3545,3550,3545,3550,156
2026-04-06 13:57:00,3545,3545,3545,3545,36
2026-04-06 13:58:00,3545,3545,3545,3545,6
2026-04-06 13:59:00,3550,3550,3550,3550,3
2026-04-06 14:00:00,3545,3545,3545,3545,302
2026-04-06 14:01:00,3545,3545,3540,3540,74
2026-04-06 14:02:00,3540,3540,3540,3540,51
2026-04-06 14:03:00,3545,3545,3545,3545,40
2026-04-06 14:04:00,3545,3545,3545,3545,32
2026-04-06 14:05:00,3540,3545,3475,3520,21021
2026-04-06 14:06:00,3520,3525,3520,3520,965
2026-04-06 14:07:00,3525,3525,3520,3520,62
2026-04-06 14:08:00,3520,3520,3520,3520,51
2026-04-06 14:09:00,3520,3525,3520,3525,146
2026-04-06 14:10:00,3525,3530,3525,3530,151
2026-04-06 14:12:00,3525,3535,3525,3535,416
2026-04-06 14:13:00,3535,3540,3535,3540,915
2026-04-06 14:14:00,3545,3545,3545,3545,383
2026-04-06 14:15:00,3545,3555,3545,3555,977
2026-04-06 14:16:00,3555,3555,3555,3555,72
2026-04-06 14:17:00,3555,3555,3550,3550,201
2026-04-06 14:18:00,3555,3555,3555,3555,3
2026-04-06 14:19:00,3550,3555,3545,3555,20593
2026-04-06 14:20:00,3555,3555,3550,3555,241
2026-04-06 14:21:00,3555,3555,3555,3555,1
2026-04-06 14:22:00,3540,3540,3540,3540,300
2026-04-06 14:23:00,3545,3545,3540,3540,206
2026-04-06 14:24:00,3540,3550,3540,3550,1855
2026-04-06 14:25:00,3550,3550,3540,3540,1421
2026-04-06 14:26:00,3550,3555,3540,3555,1676
2026-04-06 14:27:00,3560,3560,3550,3550,2081
2026-04-06 14:28:00,3560,3560,3560,3560,21
2026-04-06 14:29:00,3555,3555,3555,3555,1
2026-04-06 14:30:00,3550,3550,3550,3550,426
2026-04-06 14:31:00,3555,3555,3555,3555,500
2026-04-06 14:32:00,3550,3560,3550,3560,1188
2026-04-06 14:33:00,3560,3560,3555,3560,312
2026-04-06 14:34:00,3555,3555,3545,3545,1117
2026-04-06 14:35:00,3545,3545,3545,3545,1266
2026-04-06 14:36:00,3545,3550,3540,3550,264
2026-04-06 14:37:00,3550,3550,3550,3550,131
2026-04-06 14:38:00,3550,3550,3550,3550,31
2026-04-06 14:39:00,3545,3550,3545,3550,21
2026-04-06 14:40:00,3550,3550,3550,3550,53
2026-04-06 14:41:00,3545,3545,3545,3545,201
2026-04-06 14:42:00,3540,3540,3540,3540,206
2026-04-06 14:43:00,3540,3540,3540,3540,185
2026-04-06 14:44:00,3540,3540,3540,3540,260
2026-04-06 14:45:00,3535,3540,3530,3535,964
2026-04-06 14:46:00,3540,3540,3540,3540,8
2026-04-06 14:47:00,3535,3545,3535,3545,1383
2026-04-06 14:49:00,3550,3550,3550,3550,16
2026-04-06 14:50:00,3550,3555,3545,3555,441
2026-04-06 14:51:00,3555,3555,3555,3555,302
2026-04-06 14:52:00,3550,3565,3550,3560,4070
2026-04-06 14:53:00,3560,3560,3560,3560,73
2026-04-06 14:54:00,3560,3560,3560,3560,704
2026-04-06 14:55:00,3560,3560,3555,3555,333
2026-04-06 14:56:00,3555,3555,3555,3555,108
2026-04-06 14:57:00,3555,3555,3555,3555,12
2026-04-06 14:58:00,3550,3550,3535,3540,2962
2026-04-06 14:59:00,3540,3555,3540,3555,1010
2026-04-06 15:00:00,3560,3560,3555,3555,226
2026-04-06 15:01:00,3555,3560,3555,3560,484
2026-04-06 15:02:00,3555,3560,3555,3560,1774
2026-04-06 15:03:00,3560,3560,3555,3555,1740
2026-04-06 15:04:00,3565,3565,3545,3555,3702
2026-04-06 15:05:00,3555,3555,3545,3555,5876
2026-04-06 15:06:00,3555,3555,3555,3555,21
2026-04-06 15:07:00,3550,3555,3545,3555,556
2026-04-06 15:08:00,3555,3560,3555,3560,553
2026-04-06 15:09:00,3560,3570,3560,3570,8082
2026-04-06 15:10:00,3565,3570,3550,3550,2610
2026-04-06 15:12:00,3545,3550,3535,3550,5239
2026-04-06 15:13:00,3545,3550,3545,3545,1043
2026-04-06 15:14:00,3545,3550,3545,3550,501
2026-04-06 15:15:00,3545,3550,3535,3550,1162
2026-04-06 15:16:00,3545,3550,3540,3540,3815
2026-04-06 15:17:00,3540,3540,3535,3535,311
2026-04-06 15:18:00,3535,3535,3535,3535,1
2026-04-06 15:19:00,3535,3575,3535,3575,2475
2026-04-06 15:30:00,3575,3575,3575,3575,20669
2026-04-06 15:35:00,3575,3575,3575,3575,56
2026-04-07 09:00:00,3615,3625,3595,3595,18146
2026-04-07 09:01:00,3600,3600,3550,3580,9602
2026-04-07 09:02:00,3580,3580,3560,3565,1870
2026-04-07 09:03:00,3565,3565,3555,3555,2014
2026-04-07 09:04:00,3575,3690,3575,3685,30331
2026-04-07 09:05:00,3685,3720,3630,3650,41923
2026-04-07 09:06:00,3650,3680,3615,3620,45741
2026-04-07 09:07:00,3630,3630,3595,3600,13352
2026-04-07 09:08:00,3610,3610,3585,3590,5877
2026-04-07 09:09:00,3600,3605,3595,3605,249
2026-04-07 09:10:00,3605,3605,3585,3590,1313
2026-04-07 09:11:00,3595,3610,3590,3605,1355
2026-04-07 09:12:00,3605,3605,3575,3580,5999
2026-04-07 09:13:00,3580,3580,3570,3575,2188
2026-04-07 09:14:00,3580,3580,3570,3575,4899
2026-04-07 09:15:00,3575,3580,3575,3580,1595
2026-04-07 09:16:00,3585,3610,3585,3610,12841
2026-04-07 09:17:00,3620,3655,3610,3630,3507
2026-04-07 09:18:00,3625,3630,3610,3615,6107
2026-04-07 09:19:00,3640,3640,3620,3630,976
2026-04-07 09:20:00,3640,3640,3630,3635,3783
2026-04-07 09:21:00,3640,3640,3625,3635,7529
2026-04-07 09:22:00,3635,3640,3630,3630,3377
2026-04-07 09:23:00,3635,3635,3620,3620,5252
2026-04-07 09:24:00,3620,3650,3620,3645,2451
2026-04-07 09:25:00,3645,3665,3645,3655,7523
2026-04-07 09:26:00,3655,3655,3635,3635,10908
2026-04-07 09:27:00,3635,3650,3630,3630,5694
2026-04-07 09:28:00,3630,3630,3625,3630,1363
2026-04-07 09:29:00,3630,3630,3625,3630,805
2026-04-07 09:30:00,3630,3630,3625,3630,955
2026-04-07 09:31:00,3630,3630,3610,3610,4482
2026-04-07 09:32:00,3605,3615,3600,3615,1648
2026-04-07 09:33:00,3605,3615,3600,3610,418
2026-04-07 09:34:00,3605,3605,3595,3595,1605
2026-04-07 09:35:00,3595,3595,3590,3595,1085
2026-04-07 09:36:00,3595,3595,3580,3580,841
2026-04-07 09:37:00,3580,3590,3580,3590,695
2026-04-07 09:38:00,3590,3615,3585,3605,3993
2026-04-07 09:39:00,3615,3630,3615,3615,739
2026-04-07 09:40:00,3615,3615,3615,3615,1051
2026-04-07 09:41:00,3605,3605,3595,3600,725
2026-04-07 09:42:00,3600,3610,3590,3610,2335
2026-04-07 09:43:00,3615,3635,3615,3635,1941
2026-04-07 09:44:00,3625,3650,3625,3650,1626
2026-04-07 09:45:00,3650,3655,3650,3655,1137
2026-04-07 09:46:00,3655,3665,3655,3660,5184
2026-04-07 09:47:00,3660,3665,3645,3665,6107
2026-04-07 09:48:00,3665,3675,3655,3660,6715
2026-04-07 09:49:00,3660,3660,3650,3650,785
2026-04-07 09:50:00,3650,3650,3635,3640,1955
2026-04-07 09:51:00,3640,3640,3630,3635,1750
2026-04-07 09:52:00,3635,3635,3620,3620,3111
2026-04-07 09:53:00,3630,3630,3620,3620,10038
2026-04-07 09:54:00,3630,3630,3620,3620,677
2026-04-07 09:55:00,3625,3630,3625,3630,481
2026-04-07 09:56:00,3635,3640,3630,3640,399
2026-04-07 09:57:00,3630,3635,3620,3620,994
2026-04-07 09:58:00,3625,3625,3620,3620,1530
2026-04-07 09:59:00,3620,3620,3615,3620,1348
2026-04-07 10:00:00,3620,3620,3615,3615,1711
2026-04-07 10:01:00,3615,3630,3615,3625,537
2026-04-07 10:02:00,3630,3630,3620,3620,227
2026-04-07 10:03:00,3630,3630,3620,3620,801
2026-04-07 10:04:00,3625,3630,3620,3620,350
2026-04-07 10:05:00,3630,3635,3630,3630,151
2026-04-07 10:06:00,3630,3640,3630,3630,3913
2026-04-07 10:07:00,3625,3630,3620,3630,1486
2026-04-07 10:08:00,3630,3635,3630,3635,1281
2026-04-07 10:09:00,3635,3635,3630,3630,1473
2026-04-07 10:10:00,3635,3645,3625,3625,1141
2026-04-07 10:11:00,3625,3625,3620,3620,1015
2026-04-07 10:12:00,3620,3630,3615,3630,486
2026-04-07 10:13:00,3615,3620,3615,3620,298
2026-04-07 10:14:00,3620,3620,3610,3610,2817
2026-04-07 10:15:00,3615,3615,3605,3615,2461
2026-04-07 10:16:00,3615,3615,3615,3615,109
2026-04-07 10:17:00,3615,3615,3580,3595,10603
2026-04-07 10:18:00,3590,3595,3570,3575,4138
2026-04-07 10:19:00,3575,3580,3560,3575,4028
2026-04-07 10:20:00,3580,3585,3580,3585,544
2026-04-07 10:21:00,3585,3585,3580,3580,104
2026-04-07 10:22:00,3585,3585,3555,3575,5587
2026-04-07 10:23:00,3575,3575,3565,3575,1065
2026-04-07 10:24:00,3560,3575,3555,3575,2332
2026-04-07 10:26:00,3565,3580,3560,3580,2354
2026-04-07 10:27:00,3580,3580,3580,3580,132
2026-04-07 10:28:00,3580,3580,3580,3580,9
2026-04-07 10:29:00,3580,3580,3575,3577,751
2026-04-07 10:30:00,3575,3575,3565,3565,1297
2026-04-07 10:31:00,3575,3580,3565,3570,331
2026-04-07 10:32:00,3570,3570,3570,3570,381
2026-04-07 10:33:00,3570,3580,3570,3580,467
2026-04-07 10:35:00,3570,3570,3565,3565,600
2026-04-07 10:36:00,3565,3565,3555,3555,7628
2026-04-07 10:37:00,3555,3565,3550,3565,4318
2026-04-07 10:38:00,3565,3565,3545,3565,7718
2026-04-07 10:39:00,3560,3560,3525,3540,4208
2026-04-07 10:40:00,3525,3540,3525,3540,1064
2026-04-07 10:41:00,3530,3550,3530,3550,254
2026-04-07 10:42:00,3540,3555,3540,3555,1339
2026-04-07 10:43:00,3555,3560,3555,3560,748
2026-04-07 10:44:00,3540,3560,3540,3560,411
2026-04-07 10:45:00,3560,3560,3560,3560,85
2026-04-07 10:46:00,3560,3560,3525,3525,1660
2026-04-07 10:47:00,3550,3550,3545,3545,1047
2026-04-07 10:48:00,3545,3560,3545,3560,673
2026-04-07 10:49:00,3560,3560,3560,3560,26
2026-04-07 10:52:00,3545,3545,3525,3535,3148
2026-04-07 10:53:00,3535,3535,3520,3535,1278
2026-04-07 10:54:00,3520,3525,3520,3525,1137
2026-04-07 10:55:00,3525,3525,3515,3515,497
2026-04-07 10:56:00,3515,3525,3505,3525,2504
2026-04-07 10:57:00,3525,3530,3505,3520,2328
2026-04-07 10:58:00,3520,3525,3520,3525,654
2026-04-07 10:59:00,3530,3540,3530,3540,676
2026-04-07 11:00:00,3520,3540,3520,3540,131
2026-04-07 11:01:00,3520,3530,3515,3515,2011
2026-04-07 11:03:00,3515,3515,3515,3515,500
2026-04-07 11:04:00,3515,3515,3510,3510,936
2026-04-07 11:05:00,3505,3505,3505,3505,1630
2026-04-07 11:06:00,3505,3505,3500,3500,2224
2026-04-07 11:07:00,3500,3510,3500,3500,1454
2026-04-07 11:08:00,3500,3515,3500,3515,1362
2026-04-07 11:09:00,3515,3515,3500,3500,616
2026-04-07 11:10:00,3500,3530,3495,3525,6995
2026-04-07 11:11:00,3525,3530,3525,3530,619
2026-04-07 11:12:00,3530,3530,3505,3505,1621
2026-04-07 11:13:00,3510,3515,3510,3515,425
2026-04-07 11:14:00,3515,3515,3500,3510,1346
2026-04-07 11:15:00,3515,3520,3515,3515,609
2026-04-07 11:16:00,3520,3530,3520,3530,384
2026-04-07 11:17:00,3525,3525,3525,3525,8
2026-04-07 11:18:00,3515,3520,3510,3520,1656
2026-04-07 11:19:00,3525,3525,3525,3525,289
2026-04-07 11:20:00,3525,3530,3525,3530,286
2026-04-07 11:21:00,3535,3545,3535,3545,804
2026-04-07 11:22:00,3545,3545,3545,3545,290
2026-04-07 11:23:00,3540,3545,3535,3540,520
2026-04-07 11:24:00,3540,3540,3540,3540,690
2026-04-07 11:25:00,3535,3535,3530,3530,190
2026-04-07 11:26:00,3530,3540,3530,3540,688
2026-04-07 11:28:00,3540,3550,3540,3550,896
2026-04-07 11:29:00,3560,3560,3560,3560,3
2026-04-07 11:30:00,3560,3560,3545,3545,192
2026-04-07 11:31:00,3545,3545,3545,3545,2001
2026-04-07 11:33:00,3550,3550,3545,3545,16
2026-04-07 11:34:00,3545,3545,3545,3545,1538
2026-04-07 11:36:00,3540,3540,3535,3535,73
2026-04-07 11:37:00,3540,3540,3540,3540,122
2026-04-07 11:38:00,3540,3540,3535,3535,21
2026-04-07 11:40:00,3540,3540,3530,3540,314
2026-04-07 11:41:00,3530,3530,3530,3530,313
2026-04-07 11:44:00,3540,3540,3540,3540,100
2026-04-07 11:45:00,3540,3540,3540,3540,8
2026-04-07 11:47:00,3530,3540,3530,3540,7
2026-04-07 11:48:00,3545,3545,3545,3545,9
2026-04-07 11:49:00,3545,3545,3545,3545,30
2026-04-07 11:50:00,3545,3545,3545,3545,2
2026-04-07 11:53:00,3545,3545,3545,3545,100
2026-04-07 11:55:00,3530,3530,3525,3530,2036
2026-04-07 11:56:00,3525,3525,3520,3520,882
2026-04-07 11:57:00,3520,3520,3520,3520,1
2026-04-07 11:58:00,3520,3525,3520,3520,307
2026-04-07 12:00:00,3520,3520,3515,3515,1050
2026-04-07 12:01:00,3515,3525,3510,3525,1186
2026-04-07 12:02:00,3520,3520,3515,3515,51
2026-04-07 12:06:00,3515,3515,3515,3515,70
2026-04-07 12:07:00,3515,3515,3515,3515,59
2026-04-07 12:08:00,3520,3520,3520,3520,59
2026-04-07 12:09:00,3520,3520,3520,3520,10
2026-04-07 12:10:00,3515,3515,3510,3510,2079
2026-04-07 12:11:00,3510,3510,3510,3510,2155
2026-04-07 12:12:00,3510,3510,3510,3510,645
2026-04-07 12:13:00,3510,3510,3510,3510,100
2026-04-07 12:14:00,3510,3510,3510,3510,1
2026-04-07 12:15:00,3510,3510,3505,3505,1057
2026-04-07 12:16:00,3505,3505,3505,3505,14
2026-04-07 12:17:00,3505,3505,3505,3505,300
2026-04-07 12:18:00,3515,3515,3505,3505,2342
2026-04-07 12:19:00,3500,3505,3500,3505,852
2026-04-07 12:20:00,3505,3505,3500,3500,1141
2026-04-07 12:21:00,3505,3505,3505,3505,1000
2026-04-07 12:22:00,3505,3505,3505,3505,541
2026-04-07 12:23:00,3505,3505,3500,3500,350
2026-04-07 12:24:00,3505,3505,3505,3505,15
2026-04-07 12:25:00,3500,3505,3500,3505,485
2026-04-07 12:26:00,3505,3505,3505,3505,262
2026-04-07 12:27:00,3510,3510,3510,3510,16
2026-04-07 12:28:00,3510,3510,3510,3510,26
2026-04-07 12:29:00,3515,3515,3505,3505,128
2026-04-07 12:30:00,3505,3505,3505,3505,40
2026-04-07 12:31:00,3505,3510,3500,3510,1425
2026-04-07 12:32:00,3510,3515,3510,3515,178
2026-04-07 12:33:00,3515,3515,3505,3505,1751
2026-04-07 12:34:00,3505,3505,3505,3505,1
2026-04-07 12:35:00,3500,3500,3500,3500,4973
2026-04-07 12:36:00,3505,3505,3495,3505,1810
2026-04-07 12:37:00,3505,3505,3505,3505,110
2026-04-07 12:38:00,3505,3510,3505,3510,3200
2026-04-07 12:39:00,3510,3515,3510,3515,450
2026-04-07 12:40:00,3515,3515,3510,3510,181
2026-04-07 12:41:00,3510,3510,3510,3510,101
2026-04-07 12:42:00,3510,3510,3500,3500,1913
2026-04-07 12:43:00,3500,3505,3495,3495,806
2026-04-07 12:45:00,3505,3505,3495,3505,22
2026-04-07 12:46:00,3500,3500,3495,3500,1868
2026-04-07 12:47:00,3500,3500,3500,3500,16
2026-04-07 12:48:00,3495,3500,3490,3500,1185
2026-04-07 12:50:00,3495,3500,3495,3495,986
2026-04-07 12:51:00,3500,3500,3500,3500,16
2026-04-07 12:52:00,3495,3510,3495,3500,2202
2026-04-07 12:53:00,3510,3510,3510,3510,1
2026-04-07 12:54:00,3500,3510,3495,3495,16
2026-04-07 12:55:00,3495,3510,3495,3510,32
2026-04-07 12:56:00,3495,3500,3485,3500,6768
2026-04-07 12:57:00,3500,3500,3480,3495,8761
2026-04-07 12:58:00,3480,3495,3480,3495,522
2026-04-07 12:59:00,3485,3495,3485,3495,144
2026-04-07 13:00:00,3495,3500,3495,3500,2569
2026-04-07 13:01:00,3490,3510,3485,3510,494
2026-04-07 13:02:00,3510,3510,3510,3510,109
2026-04-07 13:04:00,3495,3495,3495,3495,9
2026-04-07 13:05:00,3495,3510,3490,3510,617
2026-04-07 13:06:00,3505,3505,3490,3505,393
2026-04-07 13:07:00,3490,3505,3475,3475,3129
2026-04-07 13:08:00,3500,3500,3470,3485,11208
2026-04-07 13:09:00,3485,3485,3460,3460,9251
2026-04-07 13:10:00,3460,3470,3460,3470,452
2026-04-07 13:11:00,3465,3465,3460,3460,644
2026-04-07 13:12:00,3480,3480,3480,3480,865
2026-04-07 13:13:00,3465,3465,3460,3465,569
2026-04-07 13:14:00,3460,3460,3455,3455,1601
2026-04-07 13:15:00,3455,3460,3450,3450,2007
2026-04-07 13:16:00,3460,3465,3455,3455,146
2026-04-07 13:17:00,3455,3455,3455,3455,650
2026-04-07 13:18:00,3455,3465,3450,3455,139
2026-04-07 13:19:00,3455,3475,3455,3460,1451
2026-04-07 13:20:00,3465,3465,3460,3460,3910
2026-04-07 13:21:00,3475,3475,3470,3475,290
2026-04-07 13:22:00,3470,3475,3470,3475,66
2026-04-07 13:23:00,3475,3475,3475,3475,6
2026-04-07 13:24:00,3480,3515,3480,3515,524
2026-04-07 13:25:00,3500,3500,3490,3490,73
2026-04-07 13:26:00,3490,3500,3485,3485,2627
2026-04-07 13:27:00,3495,3495,3485,3485,233
2026-04-07 13:28:00,3495,3495,3490,3490,1308
2026-04-07 13:29:00,3495,3500,3490,3490,2152
2026-04-07 13:30:00,3490,3495,3490,3490,1102
2026-04-07 13:31:00,3495,3500,3495,3495,48
2026-04-07 13:32:00,3495,3510,3495,3500,11246
2026-04-07 13:33:00,3515,3520,3505,3520,2743
2026-04-07 13:34:00,3510,3515,3510,3515,853
2026-04-07 13:35:00,3515,3515,3510,3510,73
2026-04-07 13:36:00,3510,3510,3510,3510,51
2026-04-07 13:37:00,3505,3505,3505,3505,532
2026-04-07 13:38:00,3505,3505,3505,3505,2238
2026-04-07 13:39:00,3505,3505,3505,3505,1
2026-04-07 13:40:00,3505,3505,3500,3500,572
2026-04-07 13:41:00,3500,3510,3500,3505,22
2026-04-07 13:42:00,3500,3505,3500,3505,45
2026-04-07 13:43:00,3505,3505,3505,3505,69
2026-04-07 13:44:00,3505,3515,3505,3510,221
2026-04-07 13:45:00,3510,3510,3510,3510,1
2026-04-07 13:46:00,3505,3510,3505,3510,68
2026-04-07 13:47:00,3505,3505,3500,3505,447
2026-04-07 13:48:00,3505,3505,3505,3505,1
2026-04-07 13:49:00,3500,3500,3485,3485,5492
2026-04-07 13:50:00,3485,3490,3485,3485,124
2026-04-07 13:51:00,3485,3485,3485,3485,92
2026-04-07 13:52:00,3485,3485,3485,3485,203
2026-04-07 13:54:00,3485,3485,3485,3485,1
2026-04-07 13:55:00,3485,3485,3480,3480,2334
2026-04-07 13:56:00,3480,3480,3470,3480,1249
2026-04-07 13:57:00,3475,3480,3475,3480,4
2026-04-07 13:58:00,3480,3480,3475,3475,465
2026-04-07 13:59:00,3470,3470,3465,3465,942
2026-04-07 14:00:00,3465,3480,3465,3480,736
2026-04-07 14:01:00,3475,3475,3475,3475,39
2026-04-07 14:02:00,3480,3480,3480,3480,1
2026-04-07 14:03:00,3480,3495,3480,3495,843
2026-04-07 14:04:00,3495,3495,3495,3495,55
2026-04-07 14:05:00,3480,3480,3470,3475,1238
2026-04-07 14:06:00,3480,3480,3475,3475,5643
2026-04-07 14:07:00,3470,3495,3470,3495,149
2026-04-07 14:08:00,3495,3495,3490,3490,11
2026-04-07 14:09:00,3490,3490,3480,3490,89
2026-04-07 14:10:00,3490,3490,3490,3490,1
2026-04-07 14:13:00,3485,3485,3485,3485,11
2026-04-07 14:14:00,3485,3490,3485,3490,2840
2026-04-07 14:15:00,3490,3490,3470,3475,741
2026-04-07 14:16:00,3470,3490,3470,3490,11
2026-04-07 14:18:00,3485,3485,3485,3485,1
2026-04-07 14:20:00,3475,3475,3470,3475,464
2026-04-07 14:21:00,3475,3780,3475,3760,74152
2026-04-07 14:22:00,3740,3815,3560,3745,342641
2026-04-07 14:23:00,3745,3975,3715,3975,548054
2026-04-07 14:26:00,4100,4195,4035,4050,1241225
2026-04-07 14:27:00,4045,4155,4025,4100,603499
2026-04-07 14:28:00,4100,4240,4060,4080,616934
2026-04-07 14:29:00,4075,4140,4000,4115,367512
2026-04-07 14:30:00,4115,4140,4050,4090,181501
2026-04-07 14:31:00,4085,4090,4005,4020,233693
2026-04-07 14:32:00,4035,4065,3900,4010,385828
2026-04-07 14:33:00,4010,4120,3990,4055,294847
2026-04-07 14:34:00,4065,4205,4040,4205,463885
2026-04-07 14:35:00,4202,4290,4150,4160,824623
2026-04-07 14:36:00,4160,4220,4065,4120,339713
2026-04-07 14:37:00,4110,4150,4055,4085,200733
2026-04-07 14:38:00,4085,4100,4015,4040,203075
2026-04-07 14:39:00,4040,4055,3970,4040,240533
2026-04-07 14:40:00,4040,4170,4040,4150,342335
2026-04-07 14:41:00,4155,4220,4100,4200,279601
2026-04-07 14:42:00,4190,4270,4115,4155,433604
2026-04-07 14:43:00,4155,4265,4100,4210,293523
2026-04-07 14:44:00,4210,4290,4125,4290,331545
2026-04-07 14:45:00,4280,4450,4220,4370,1144074
2026-04-07 14:46:00,4367,4460,4355,4415,685345
2026-04-07 14:47:00,4410,4425,4375,4400,288330
2026-04-07 14:48:00,4400,4470,4340,4460,405191
2026-04-07 14:49:00,4470,4505,4450,4505,364603
2026-04-07 14:51:00,4645,4645,4575,4645,1264580
2026-04-07 14:52:00,4645,4645,4645,4645,71989
2026-04-07 14:53:00,4645,4645,4645,4645,31641
2026-04-07 14:54:00,4645,4645,4645,4645,25239
2026-04-07 14:55:00,4645,4645,4645,4645,8462
2026-04-07 14:56:00,4645,4645,4645,4645,7966
2026-04-07 14:57:00,4645,4645,4645,4645,6637
2026-04-07 14:58:00,4645,4645,4645,4645,4036
2026-04-07 14:59:00,4645,4645,4645,4645,9643
2026-04-07 15:00:00,4645,4645,4645,4645,1865
2026-04-07 15:01:00,4645,4645,4645,4645,1829
2026-04-07 15:02:00,4645,4645,4645,4645,8455
2026-04-07 15:03:00,4645,4645,4645,4645,5696
2026-04-07 15:04:00,4645,4645,4645,4645,5861
2026-04-07 15:05:00,4645,4645,4645,4645,5658
2026-04-07 15:06:00,4645,4645,4645,4645,10044
2026-04-07 15:07:00,4645,4645,4645,4645,2801
2026-04-07 15:08:00,4645,4645,4645,4645,6893
2026-04-07 15:09:00,4645,4645,4645,4645,2259
2026-04-07 15:10:00,4645,4645,4645,4645,33504
2026-04-07 15:11:00,4645,4645,4645,4645,5569
2026-04-07 15:12:00,4645,4645,4645,4645,3968
2026-04-07 15:13:00,4645,4645,4645,4645,4295
2026-04-07 15:14:00,4645,4645,4645,4645,2429
2026-04-07 15:15:00,4645,4645,4645,4645,1575
2026-04-07 15:16:00,4645,4645,4645,4645,5684
2026-04-07 15:17:00,4645,4645,4645,4645,2757
2026-04-07 15:18:00,4645,4645,4645,4645,4509
2026-04-07 15:19:00,4645,4645,4645,4645,2207
2026-04-07 15:30:00,4645,4645,4645,4645,16131
2026-04-07 15:35:00,4645,4645,4645,4645,8032
2026-04-08 09:02:00,4935,5030,4865,4895,1252320
2026-04-08 09:03:00,4895,5150,4890,5090,723340
2026-04-08 09:04:00,5080,5120,4950,4985,510370
2026-04-08 09:05:00,4975,5040,4895,5030,359361
2026-04-08 09:06:00,5030,5370,5010,5330,1230394
2026-04-08 09:07:00,5330,5420,5310,5420,249781
2026-04-08 09:09:00,5330,5730,5310,5370,929824
2026-04-08 09:10:00,5390,5500,5200,5260,672710
2026-04-08 09:11:00,5250,5280,5150,5220,368539
2026-04-08 09:12:00,5230,5360,5200,5290,250178
2026-04-08 09:13:00,5280,5390,5180,5180,281297
2026-04-08 09:14:00,5190,5230,4955,5010,480555
2026-04-08 09:15:00,5010,5090,5000,5050,191758
2026-04-08 09:16:00,5050,5110,5050,5110,103670
2026-04-08 09:17:00,5100,5220,5100,5220,164418
2026-04-08 09:18:00,5210,5240,5150,5200,126333
2026-04-08 09:19:00,5200,5280,5080,5080,200222
2026-04-08 09:20:00,5090,5120,4985,5050,202927
2026-04-08 09:21:00,5040,5060,4970,5010,208381
2026-04-08 09:22:00,5020,5040,4945,4965,158007
2026-04-08 09:23:00,4970,4970,4915,4965,153199
2026-04-08 09:24:00,4965,5030,4940,5000,107093
2026-04-08 09:25:00,5000,5010,4905,4940,139500
2026-04-08 09:26:00,4940,4950,4925,4940,52897
2026-04-08 09:27:00,4940,4970,4905,4965,54118
2026-04-08 09:28:00,4960,4970,4910,4915,51690
2026-04-08 09:29:00,4910,4915,4875,4885,191672
2026-04-08 09:30:00,4880,4900,4840,4895,131829
2026-04-08 09:31:00,4900,4970,4895,4925,132240
2026-04-08 09:32:00,4915,4925,4880,4910,59082
2026-04-08 09:33:00,4910,4965,4910,4945,48540
2026-04-08 09:34:00,4950,4955,4925,4945,30516
2026-04-08 09:35:00,4950,4960,4935,4940,31049
2026-04-08 09:36:00,4945,4955,4900,4935,37513
2026-04-08 09:37:00,4955,5000,4935,4990,77149
2026-04-08 09:38:00,4995,5000,4955,4990,73172
2026-04-08 09:39:00,4985,4990,4940,4945,34666
2026-04-08 09:40:00,4940,4945,4850,4875,102383
2026-04-08 09:41:00,4875,4900,4860,4865,76891
2026-04-08 09:42:00,4860,4865,4800,4800,164698
2026-04-08 09:44:00,4800,4850,4800,4820,76448
2026-04-08 09:45:00,4815,4830,4755,4830,120421
2026-04-08 09:46:00,4830,4875,4820,4855,74774
2026-04-08 09:47:00,4860,4860,4785,4805,47732
2026-04-08 09:48:00,4810,4825,4770,4825,46188
2026-04-08 09:49:00,4820,4820,4785,4785,20646
2026-04-08 09:50:00,4795,4795,4700,4745,158169
2026-04-08 09:51:00,4750,4785,4720,4780,98638
2026-04-08 09:52:00,4775,4785,4730,4745,72498
2026-04-08 09:53:00,4750,4760,4720,4745,68505
2026-04-08 09:54:00,4745,4820,4745,4760,44449
2026-04-08 09:55:00,4770,4805,4745,4790,26951
2026-04-08 09:56:00,4790,4980,4790,4925,308546
2026-04-08 09:57:00,4930,4945,4870,4900,152541
2026-04-08 09:58:00,4910,4965,4900,4910,94538
2026-04-08 09:59:00,4910,4955,4910,4935,71535
2026-04-08 10:00:00,4940,4955,4880,4890,89605
2026-04-08 10:01:00,4890,4940,4880,4930,47359
2026-04-08 10:02:00,4920,4940,4875,4900,50598
2026-04-08 10:03:00,4885,4915,4885,4895,22272
2026-04-08 10:04:00,4905,4935,4875,4935,45753
2026-04-08 10:05:00,4930,4940,4900,4910,29105
2026-04-08 10:06:00,4910,4910,4890,4900,17429
2026-04-08 10:07:00,4895,4905,4865,4870,48085
2026-04-08 10:08:00,4870,4870,4760,4850,136804
2026-04-08 10:09:00,4855,4885,4850,4850,27493
2026-04-08 10:10:00,4850,4870,4780,4785,32985
2026-04-08 10:11:00,4815,4845,4785,4810,15115
2026-04-08 10:12:00,4820,4820,4720,4780,88585
2026-04-08 10:13:00,4795,4815,4745,4800,41719
2026-04-08 10:14:00,4775,4820,4775,4800,30336
2026-04-08 10:15:00,4785,4920,4765,4830,50053
2026-04-08 10:16:00,4825,4915,4800,4800,33303
2026-04-08 10:17:00,4800,4805,4770,4790,19401
2026-04-08 10:18:00,4795,4800,4780,4785,5000
2026-04-08 10:19:00,4785,4815,4775,4800,10083
2026-04-08 10:20:00,4805,4835,4795,4805,13934
2026-04-08 10:21:00,4820,4850,4800,4850,13263
2026-04-08 10:22:00,4845,4850,4820,4850,14227
2026-04-08 10:23:00,4850,4900,4840,4850,38898
2026-04-08 10:24:00,4850,4900,4850,4870,18981
2026-04-08 10:25:00,4870,4905,4855,4900,19690
2026-04-08 10:26:00,4900,4905,4890,4895,12791
2026-04-08 10:27:00,4900,4920,4870,4870,33941
2026-04-08 10:28:00,4870,4905,4870,4885,6976
2026-04-08 10:29:00,4885,4885,4850,4850,17984
2026-04-08 10:30:00,4850,4860,4830,4855,19993
2026-04-08 10:31:00,4835,4850,4825,4850,5368
2026-04-08 10:32:00,4850,4880,4850,4880,8748
2026-04-08 10:33:00,4875,4900,4840,4895,13645
2026-04-08 10:34:00,4890,4895,4880,4895,8758
2026-04-08 10:35:00,4890,4925,4885,4925,24115
2026-04-08 10:36:00,4925,4925,4880,4895,9436
2026-04-08 10:37:00,4880,4895,4845,4850,26448
2026-04-08 10:38:00,4865,4865,4830,4830,14412
2026-04-08 10:39:00,4845,4860,4835,4845,8589
2026-04-08 10:40:00,4855,4865,4845,4855,2371
2026-04-08 10:41:00,4855,4855,4830,4835,17027
2026-04-08 10:42:00,4835,4835,4800,4835,25624
2026-04-08 10:43:00,4820,4845,4820,4845,2020
2026-04-08 10:44:00,4840,4865,4830,4865,11217
2026-04-08 10:45:00,4865,4865,4820,4837,7008
2026-04-08 10:46:00,4832,4850,4825,4830,6680
2026-04-08 10:47:00,4830,4870,4820,4860,12709
2026-04-08 10:48:00,4870,4870,4830,4860,7901
2026-04-08 10:49:00,4845,4890,4845,4890,8771
2026-04-08 10:50:00,4890,4890,4840,4860,5600
2026-04-08 10:51:00,4860,4870,4830,4870,5863
2026-04-08 10:52:00,4860,4870,4845,4860,5100
2026-04-08 10:53:00,4855,4865,4845,4860,6482
2026-04-08 10:54:00,4860,4870,4845,4870,3822
2026-04-08 10:55:00,4870,4870,4835,4835,7917
2026-04-08 10:56:00,4835,4835,4810,4830,11076
2026-04-08 10:57:00,4830,4840,4815,4815,3657
2026-04-08 10:58:00,4815,4815,4800,4805,16725
2026-04-08 10:59:00,4805,4835,4805,4835,5921
2026-04-08 11:00:00,4835,4835,4810,4820,2562
2026-04-08 11:01:00,4815,4820,4765,4770,46927
2026-04-08 11:02:00,4795,4810,4775,4800,12658
2026-04-08 11:03:00,4795,4815,4780,4780,17813
2026-04-08 11:04:00,4780,4800,4780,4785,14233
2026-04-08 11:05:00,4785,4800,4775,4785,12716
2026-04-08 11:06:00,4785,4800,4785,4790,2680
2026-04-08 11:07:00,4790,4790,4770,4775,10960
2026-04-08 11:08:00,4770,4775,4765,4765,16877
2026-04-08 11:09:00,4775,4840,4765,4810,21143
2026-04-08 11:10:00,4820,4820,4790,4800,15342
2026-04-08 11:11:00,4815,4830,4800,4815,8540
2026-04-08 11:12:00,4810,4820,4800,4820,6406
2026-04-08 11:13:00,4815,4835,4810,4825,13234
2026-04-08 11:14:00,4830,4830,4795,4800,18687
2026-04-08 11:15:00,4810,4820,4795,4820,9254
2026-04-08 11:16:00,4815,4965,4815,4955,149646
2026-04-08 11:17:00,4960,5100,4900,5070,585420
2026-04-08 11:18:00,5070,5180,5030,5100,530841
2026-04-08 11:19:00,5100,5110,5000,5040,242054
2026-04-08 11:20:00,5040,5110,5030,5070,184809
2026-04-08 11:21:00,5090,5100,4950,4995,183940
2026-04-08 11:22:00,4995,5050,4980,5050,68269
2026-04-08 11:23:00,5050,5080,5030,5060,78513
2026-04-08 11:24:00,5060,5070,4990,5020,98353
2026-04-08 11:25:00,5000,5020,4950,4950,104396
2026-04-08 11:26:00,4955,5010,4950,4990,65362
2026-04-08 11:27:00,4985,5040,4950,5020,72023
2026-04-08 11:28:00,5030,5040,4985,4985,45244
2026-04-08 11:29:00,4985,5010,4950,5010,41205
2026-04-08 11:30:00,4995,5060,4975,5060,58306
2026-04-08 11:31:00,5060,5250,5040,5230,553328
2026-04-08 11:32:00,5210,5240,5160,5190,247548
2026-04-08 11:33:00,5190,5190,5130,5180,155862
2026-04-08 11:34:00,5190,5230,5170,5180,221831
2026-04-08 11:35:00,5190,5200,5140,5140,124500
2026-04-08 11:36:00,5140,5240,5140,5210,148659
2026-04-08 11:37:00,5220,5250,5170,5220,131140
2026-04-08 11:38:00,5220,5230,5160,5180,63707
2026-04-08 11:39:00,5190,5200,5070,5110,226337
2026-04-08 11:40:00,5110,5110,5030,5050,171723
2026-04-08 11:41:00,5060,5060,4995,5030,159604
2026-04-08 11:42:00,5030,5040,4980,4995,94042
2026-04-08 11:43:00,4995,5030,4995,5000,44090
2026-04-08 11:44:00,5000,5020,4985,4990,41492
2026-04-08 11:45:00,4990,5030,4990,5030,23284
2026-04-08 11:46:00,5030,5030,4985,4990,37748
2026-04-08 11:47:00,4990,5000,4985,4995,16584
2026-04-08 11:48:00,4995,5010,4990,5000,11252
2026-04-08 11:49:00,5000,5000,4970,4980,69034
2026-04-08 11:50:00,4995,5000,4980,4980,13828
2026-04-08 11:51:00,4980,4985,4965,4970,55187
2026-04-08 11:52:00,4970,4980,4965,4980,26025
2026-04-08 11:53:00,4980,4990,4965,4970,22841
2026-04-08 11:54:00,4970,4980,4950,4960,51997
2026-04-08 11:55:00,4972,4985,4965,4970,9532
2026-04-08 11:56:00,4970,4975,4935,4940,45240
2026-04-08 11:57:00,4940,4965,4935,4940,38490
2026-04-08 11:58:00,4940,4965,4935,4965,19562
2026-04-08 11:59:00,4960,4960,4940,4940,8262
2026-04-08 12:00:00,4940,4950,4910,4925,60749
2026-04-08 12:01:00,4925,4940,4920,4925,19383
2026-04-08 12:02:00,4935,4940,4910,4935,52644
2026-04-08 12:03:00,4935,4935,4890,4915,47807
2026-04-08 12:04:00,4910,4920,4885,4900,47297
2026-04-08 12:05:00,4900,4920,4885,4915,32342
2026-04-08 12:06:00,4915,4920,4885,4900,21530
2026-04-08 12:07:00,4900,4900,4860,4870,32028
2026-04-08 12:08:00,4860,4900,4860,4880,24523
2026-04-08 12:09:00,4870,4875,4860,4870,20949
2026-04-08 12:10:00,4875,4900,4870,4875,6744
2026-04-08 12:11:00,4880,4900,4875,4875,8432
2026-04-08 12:12:00,4885,4890,4860,4885,28669
2026-04-08 12:13:00,4885,4885,4855,4880,12760
2026-04-08 12:14:00,4880,4905,4880,4905,4044
2026-04-08 12:15:00,4905,4905,4890,4900,15151
2026-04-08 12:16:00,4895,4900,4880,4885,11146
2026-04-08 12:17:00,4885,4885,4870,4870,8675
2026-04-08 12:18:00,4870,4885,4845,4855,52987
2026-04-08 12:19:00,4850,4857,4845,4845,12040
2026-04-08 12:20:00,4845,4865,4840,4865,12696
2026-04-08 12:21:00,4860,4865,4840,4845,23179
2026-04-08 12:22:00,4845,4865,4840,4850,8804
2026-04-08 12:23:00,4850,4885,4845,4885,8719
2026-04-08 12:24:00,4880,4880,4850,4865,11946
2026-04-08 12:25:00,4865,4880,4855,4880,9430
2026-04-08 12:26:00,4880,4885,4875,4880,4262
2026-04-08 12:27:00,4880,4890,4870,4885,8913
2026-04-08 12:28:00,4885,4975,4885,4955,70179
2026-04-08 12:29:00,4955,5040,4935,4980,229666
2026-04-08 12:30:00,4985,5050,4975,4980,159776
2026-04-08 12:31:00,4975,5020,4950,4995,52818
2026-04-08 12:32:00,4995,5000,4940,4950,28680
2026-04-08 12:33:00,4950,4995,4930,4995,30660
2026-04-08 12:34:00,4990,4990,4960,4975,12458
2026-04-08 12:35:00,4975,4975,4935,4945,19104
2026-04-08 12:36:00,4950,5130,4945,5090,128132
2026-04-08 12:37:00,5100,5110,5040,5060,183661
2026-04-08 12:38:00,5070,5130,5010,5020,166208
2026-04-08 12:39:00,5010,5020,4960,4990,79191
2026-04-08 12:40:00,4990,5110,4985,5050,86976
2026-04-08 12:41:00,5060,5080,5010,5010,49704
2026-04-08 12:42:00,5020,5050,5000,5020,22958
2026-04-08 12:43:00,5010,5020,4990,5010,24218
2026-04-08 12:44:00,5010,5020,4995,5000,13187
2026-04-08 12:45:00,5000,5260,4995,5230,404732
2026-04-08 12:46:00,5240,5250,5100,5100,309810
2026-04-08 12:47:00,5100,5170,5070,5090,150156
2026-04-08 12:48:00,5120,5200,5030,5060,173827
2026-04-08 12:49:00,5060,5130,5040,5060,78417
2026-04-08 12:50:00,5060,5090,5020,5080,78783
2026-04-08 12:51:00,5080,5080,5020,5030,30669
2026-04-08 12:52:00,5020,5120,5020,5030,98713
2026-04-08 12:53:00,5030,5040,4960,4980,173230
2026-04-08 12:54:00,4980,4990,4955,4965,73282
2026-04-08 12:55:00,4960,4990,4940,4950,47422
2026-04-08 12:56:00,4955,4980,4950,4970,26181
2026-04-08 12:57:00,4970,4985,4960,4970,13820
2026-04-08 12:58:00,4975,4980,4930,4975,62459
2026-04-08 12:59:00,4980,5000,4960,4970,41343
2026-04-08 13:00:00,4965,4980,4955,4960,28321
2026-04-08 13:01:00,4955,4960,4930,4955,34654
2026-04-08 13:02:00,4960,5010,4955,4980,33152
2026-04-08 13:03:00,4990,4990,4940,4955,29806
2026-04-08 13:04:00,4950,4960,4910,4940,63546
2026-04-08 13:05:00,4940,4960,4925,4940,18416
2026-04-08 13:06:00,4950,4955,4915,4920,17568
2026-04-08 13:07:00,4935,4935,4920,4920,12406
2026-04-08 13:08:00,4925,4945,4920,4935,21419
2026-04-08 13:09:00,4940,4945,4910,4925,35688
2026-04-08 13:10:00,4920,4935,4920,4935,9831
2026-04-08 13:11:00,4930,4940,4925,4930,14785
2026-04-08 13:12:00,4940,4970,4930,4965,9172
2026-04-08 13:13:00,4970,5010,4965,5010,62359
2026-04-08 13:14:00,5000,5070,5000,5030,86938
2026-04-08 13:15:00,5020,5060,5000,5060,65786
2026-04-08 13:16:00,5060,5060,4990,5000,43000
2026-04-08 13:17:00,4990,5030,4975,5020,37631
2026-04-08 13:18:00,5010,5030,4990,5010,13715
2026-04-08 13:19:00,5020,5020,4980,4985,24711
2026-04-08 13:20:00,4990,5010,4915,4930,52548
2026-04-08 13:21:00,4925,4955,4920,4925,32243
2026-04-08 13:22:00,4920,4940,4915,4935,31996
2026-04-08 13:23:00,4940,4970,4935,4955,8426
2026-04-08 13:24:00,4950,4955,4945,4950,9424
2026-04-08 13:25:00,4945,4950,4935,4940,6453
2026-04-08 13:26:00,4945,4945,4925,4925,16303
2026-04-08 13:27:00,4930,4945,4925,4945,11859
2026-04-08 13:28:00,4940,4995,4940,4985,5600
2026-04-08 13:29:00,4980,5010,4980,4985,39348
2026-04-08 13:30:00,4990,4995,4965,4980,12145
2026-04-08 13:31:00,4980,4980,4950,4955,10285
2026-04-08 13:32:00,4955,4955,4930,4945,14941
2026-04-08 13:33:00,4945,4945,4920,4920,18064
2026-04-08 13:34:00,4920,4950,4920,4935,21315
2026-04-08 13:35:00,4940,4955,4930,4940,4911
2026-04-08 13:36:00,4950,4950,4925,4930,13870
2026-04-08 13:37:00,4925,4950,4920,4950,13114
2026-04-08 13:38:00,4930,4955,4925,4950,7498
2026-04-08 13:39:00,4950,4950,4930,4940,6626
2026-04-08 13:40:00,4935,4940,4930,4935,16988
2026-04-08 13:41:00,4930,4935,4875,4875,83629
2026-04-08 13:42:00,4875,4880,4850,4855,69146
2026-04-08 13:43:00,4855,4880,4855,4870,9876
2026-04-08 13:44:00,4870,4870,4855,4855,21727
2026-04-08 13:45:00,4855,4865,4850,4855,19823
2026-04-08 13:46:00,4855,4855,4835,4840,38472
2026-04-08 13:47:00,4840,4840,4815,4830,47588
2026-04-08 13:48:00,4825,4830,4815,4825,15143
2026-04-08 13:49:00,4815,4840,4815,4840,10652
2026-04-08 13:50:00,4830,4860,4825,4860,12482
2026-04-08 13:51:00,4855,4865,4840,4845,9499
2026-04-08 13:52:00,4845,4845,4815,4815,14126
2026-04-08 13:53:00,4810,4835,4800,4835,45813
2026-04-08 13:54:00,4830,4835,4810,4820,9046
2026-04-08 13:55:00,4820,4845,4800,4830,34698
2026-04-08 13:56:00,4805,4830,4800,4810,8006
2026-04-08 13:57:00,4805,4815,4800,4810,5704
2026-04-08 13:58:00,4805,4850,4805,4845,6810
2026-04-08 13:59:00,4845,4845,4790,4800,20144
2026-04-08 14:00:00,4795,4800,4745,4765,88261
2026-04-08 14:01:00,4765,4765,4730,4750,50576
2026-04-08 14:02:00,4745,4835,4740,4805,39487
2026-04-08 14:03:00,4795,4805,4780,4780,16532
2026-04-08 14:04:00,4780,4810,4775,4775,14495
2026-04-08 14:05:00,4785,4835,4775,4810,19748
2026-04-08 14:06:00,4805,4885,4805,4865,35380
2026-04-08 14:07:00,4865,4865,4805,4830,21457
2026-04-08 14:08:00,4830,4845,4800,4800,20982
2026-04-08 14:09:00,4800,4805,4750,4780,19613
2026-04-08 14:10:00,4765,4785,4755,4755,13625
2026-04-08 14:11:00,4755,4760,4750,4755,10928
2026-04-08 14:12:00,4755,4780,4755,4780,5418
2026-04-08 14:13:00,4780,4780,4750,4755,8865
2026-04-08 14:14:00,4755,4760,4745,4750,15756
2026-04-08 14:15:00,4750,4770,4745,4770,2614
2026-04-08 14:16:00,4770,4780,4765,4780,4353
2026-04-08 14:17:00,4780,4785,4780,4780,4271
2026-04-08 14:18:00,4775,4780,4760,4760,3882
2026-04-08 14:19:00,4760,4765,4730,4745,16190
2026-04-08 14:20:00,4740,4740,4660,4680,103995
2026-04-08 14:21:00,4680,4690,4650,4650,71031
2026-04-08 14:22:00,4675,4695,4645,4660,49587
2026-04-08 14:23:00,4665,4675,4645,4660,31854
2026-04-08 14:24:00,4655,4680,4655,4655,28056
2026-04-08 14:25:00,4665,4665,4615,4650,71833
2026-04-08 14:26:00,4660,4725,4650,4690,47514
2026-04-08 14:27:00,4690,4690,4655,4670,15896
2026-04-08 14:28:00,4660,4680,4615,4630,39508
2026-04-08 14:29:00,4630,4665,4630,4650,26681
2026-04-08 14:30:00,4655,4700,4640,4700,23758
2026-04-08 14:31:00,4700,4700,4640,4650,15899
2026-04-08 14:32:00,4650,4650,4630,4645,24891
2026-04-08 14:33:00,4645,4650,4625,4630,14853
2026-04-08 14:34:00,4630,4645,4620,4630,91393
2026-04-08 14:35:00,4630,4640,4620,4625,19619
2026-04-08 14:36:00,4625,4627,4610,4610,28903
2026-04-08 14:37:00,4615,4615,4595,4600,57055
2026-04-08 14:38:00,4595,4625,4590,4615,53497
2026-04-08 14:39:00,4615,4615,4560,4585,93044
2026-04-08 14:40:00,4590,4615,4570,4610,69541
2026-04-08 14:41:00,4607,4615,4600,4610,23850
2026-04-08 14:42:00,4600,4615,4595,4610,20680
2026-04-08 14:43:00,4610,4645,4600,4640,9757
2026-04-08 14:44:00,4635,4640,4600,4615,24132
2026-04-08 14:45:00,4600,4630,4595,4600,15856
2026-04-08 14:46:00,4600,4610,4595,4605,8453
2026-04-08 14:47:00,4600,4600,4565,4590,26454
2026-04-08 14:48:00,4590,4600,4575,4595,5959
2026-04-08 14:49:00,4580,4620,4580,4620,7736
2026-04-08 14:50:00,4620,4695,4595,4675,39531
2026-04-08 14:51:00,4645,4675,4610,4610,17052
2026-04-08 14:52:00,4610,4630,4605,4615,8567
2026-04-08 14:53:00,4605,4605,4590,4605,18803
2026-04-08 14:54:00,4600,4605,4570,4570,20784
2026-04-08 14:55:00,4590,4620,4580,4590,7700
2026-04-08 14:56:00,4610,4610,4575,4590,3635
2026-04-08 14:57:00,4590,4590,4555,4575,69194
2026-04-08 14:58:00,4572,4580,4560,4565,10742
2026-04-08 14:59:00,4570,4575,4555,4565,17045
2026-04-08 15:00:00,4575,4595,4565,4580,12802
2026-04-08 15:01:00,4580,4580,4540,4540,60454
2026-04-08 15:02:00,4555,4570,4540,4565,13767
2026-04-08 15:03:00,4565,4565,4540,4565,10550
2026-04-08 15:04:00,4545,4585,4535,4585,23656
2026-04-08 15:05:00,4585,4610,4580,4595,16936
2026-04-08 15:06:00,4595,4595,4570,4570,6400
2026-04-08 15:07:00,4567,4580,4540,4545,16150
2026-04-08 15:08:00,4545,4575,4545,4570,5401
2026-04-08 15:09:00,4570,4595,4555,4590,11055
2026-04-08 15:10:00,4585,4600,4565,4595,17692
2026-04-08 15:11:00,4600,4600,4585,4595,5471
2026-04-08 15:12:00,4597,4600,4560,4585,12272
2026-04-08 15:13:00,4585,4605,4580,4600,19075
2026-04-08 15:14:00,4595,4605,4580,4590,7399
2026-04-08 15:15:00,4590,4600,4565,4595,12348
2026-04-08 15:16:00,4595,4600,4585,4585,13190
2026-04-08 15:17:00,4590,4590,4555,4555,17292
2026-04-08 15:18:00,4555,4575,4550,4560,19428
2026-04-08 15:19:00,4565,4590,4565,4570,48314
2026-04-08 15:30:00,4570,4570,4570,4570,122905
2026-04-08 15:35:00,4570,4570,4570,4570,26453
2026-04-09 09:00:00,4610,4610,4525,4530,130051
2026-04-09 09:01:00,4530,4565,4505,4505,48027
2026-04-09 09:02:00,4515,4585,4480,4495,58874
2026-04-09 09:03:00,4500,4525,4465,4480,37069
2026-04-09 09:04:00,4480,4500,4430,4465,63176
2026-04-09 09:05:00,4465,4505,4465,4500,20104
2026-04-09 09:06:00,4500,4505,4450,4450,21823
2026-04-09 09:07:00,4455,4480,4450,4457,22870
2026-04-09 09:08:00,4457,4500,4450,4465,33341
2026-04-09 09:09:00,4467,4490,4450,4465,16183
2026-04-09 09:10:00,4475,4480,4440,4440,12219
2026-04-09 09:11:00,4440,4455,4435,4445,20442
2026-04-09 09:12:00,4445,4460,4415,4420,34174
2026-04-09 09:13:00,4420,4440,4350,4400,84234
2026-04-09 09:14:00,4415,4445,4415,4425,25542
2026-04-09 09:15:00,4430,4445,4400,4410,10569
2026-04-09 09:16:00,4400,4425,4350,4380,24364
2026-04-09 09:17:00,4390,4410,4370,4400,10616
2026-04-09 09:18:00,4400,4410,4350,4365,22004
2026-04-09 09:19:00,4385,4395,4355,4360,16358
2026-04-09 09:20:00,4365,4400,4350,4395,23055
2026-04-09 09:21:00,4380,4380,4330,4340,32277
2026-04-09 09:22:00,4365,4400,4340,4395,20302
2026-04-09 09:23:00,4410,4430,4385,4425,17842
2026-04-09 09:24:00,4420,4427,4400,4425,13441
2026-04-09 09:25:00,4425,4425,4400,4410,9383
2026-04-09 09:26:00,4410,4420,4380,4385,3759
2026-04-09 09:27:00,4385,4400,4375,4385,18816
2026-04-09 09:28:00,4385,4525,4385,4525,43896
2026-04-09 09:29:00,4525,4535,4495,4520,23378
2026-04-09 09:30:00,4520,4585,4515,4565,82987
2026-04-09 09:31:00,4560,4585,4485,4515,67767
2026-04-09 09:32:00,4515,4525,4495,4515,14149
2026-04-09 09:33:00,4515,4550,4505,4545,12904
2026-04-09 09:34:00,4545,4550,4515,4545,12868
2026-04-09 09:35:00,4550,4580,4545,4565,22881
2026-04-09 09:36:00,4570,4570,4540,4555,13267
2026-04-09 09:37:00,4550,4595,4550,4585,26175
2026-04-09 09:38:00,4585,4590,4550,4560,20791
2026-04-09 09:39:00,4565,4610,4560,4595,44298
2026-04-09 09:40:00,4600,4640,4580,4600,102202
2026-04-09 09:41:00,4610,4620,4575,4610,41826
2026-04-09 09:42:00,4615,4620,4560,4585,68193
2026-04-09 09:43:00,4605,4615,4575,4600,18210
2026-04-09 09:44:00,4610,4610,4535,4540,39843
2026-04-09 09:45:00,4560,4610,4540,4600,15351
2026-04-09 09:46:00,4595,4610,4410,4495,85411
2026-04-09 09:47:00,4495,4495,4440,4485,18961
2026-04-09 09:48:00,4480,4485,4455,4465,8599
2026-04-09 09:49:00,4475,4485,4425,4475,12720
2026-04-09 09:50:00,4475,4485,4455,4460,3755
2026-04-09 09:51:00,4455,4500,4435,4500,6950
2026-04-09 09:52:00,4490,4500,4450,4460,5822
2026-04-09 09:53:00,4460,4460,4450,4455,11158
2026-04-09 09:54:00,4450,4495,4445,4495,6994
2026-04-09 09:55:00,4500,4500,4490,4495,2344
2026-04-09 09:56:00,4480,4495,4465,4475,5102
2026-04-09 09:57:00,4465,4470,4440,4460,10442
2026-04-09 09:58:00,4465,4475,4445,4450,10874
2026-04-09 09:59:00,4455,4460,4420,4455,15548
2026-04-09 10:00:00,4455,4495,4440,4480,3306
2026-04-09 10:01:00,4485,4495,4475,4490,5374
2026-04-09 10:02:00,4480,4485,4465,4465,4325
2026-04-09 10:03:00,4465,4480,4460,4470,4718
2026-04-09 10:04:00,4470,4480,4450,4455,5163
2026-04-09 10:05:00,4455,4465,4450,4465,2703
2026-04-09 10:06:00,4455,4457,4415,4415,8883
2026-04-09 10:07:00,4425,4435,4410,4435,7410
2026-04-09 10:08:00,4430,4435,4410,4410,5288
2026-04-09 10:09:00,4415,4435,4410,4430,7212
2026-04-09 10:10:00,4430,4455,4430,4440,4535
2026-04-09 10:11:00,4445,4455,4435,4450,1821
2026-04-09 10:12:00,4450,4450,4435,4445,2019
2026-04-09 10:13:00,4445,4445,4440,4440,2020
2026-04-09 10:14:00,4440,4445,4435,4435,2249
2026-04-09 10:15:00,4435,4440,4430,4430,2069
2026-04-09 10:16:00,4425,4430,4425,4430,9201
2026-04-09 10:17:00,4430,4440,4420,4420,854
2026-04-09 10:18:00,4420,4420,4410,4420,4867
2026-04-09 10:19:00,4420,4420,4410,4420,1223
2026-04-09 10:20:00,4420,4425,4420,4425,1616
2026-04-09 10:21:00,4420,4420,4405,4410,3665
2026-04-09 10:22:00,4415,4430,4405,4405,9103
2026-04-09 10:23:00,4420,4430,4410,4410,1312
2026-04-09 10:24:00,4420,4420,4405,4410,1911
2026-04-09 10:25:00,4405,4420,4405,4420,5036
2026-04-09 10:26:00,4425,4425,4420,4425,2055
2026-04-09 10:27:00,4430,4435,4425,4435,1984
2026-04-09 10:28:00,4435,4440,4430,4440,2922
2026-04-09 10:29:00,4440,4455,4440,4450,1334
2026-04-09 10:30:00,4450,4455,4445,4445,2431
2026-04-09 10:31:00,4440,4455,4440,4455,1149
2026-04-09 10:32:00,4460,4470,4455,4470,783
2026-04-09 10:33:00,4470,4520,4465,4520,9741
2026-04-09 10:34:00,4515,4520,4465,4465,18046
2026-04-09 10:35:00,4465,4475,4465,4470,1846
2026-04-09 10:36:00,4470,4470,4465,4465,1004
2026-04-09 10:37:00,4465,4515,4465,4510,7986
2026-04-09 10:38:00,4510,4510,4480,4490,2804
2026-04-09 10:39:00,4490,4490,4470,4470,3018
2026-04-09 10:40:00,4470,4475,4460,4470,3521
2026-04-09 10:41:00,4470,4470,4460,4465,4177
2026-04-09 10:42:00,4465,4465,4460,4460,584
2026-04-09 10:43:00,4455,4455,4440,4440,1539
2026-04-09 10:44:00,4440,4455,4440,4455,854
2026-04-09 10:45:00,4440,4450,4420,4420,6846
2026-04-09 10:46:00,4430,4440,4415,4420,3239
2026-04-09 10:47:00,4420,4440,4420,4440,3346
2026-04-09 10:48:00,4440,4450,4425,4425,3681
2026-04-09 10:49:00,4425,4455,4425,4425,2398
2026-04-09 10:50:00,4425,4450,4425,4450,1223
2026-04-09 10:51:00,4450,4470,4450,4470,3228
2026-04-09 10:52:00,4470,4470,4455,4460,1093
2026-04-09 10:53:00,4460,4460,4455,4460,1067
2026-04-09 10:54:00,4460,4460,4455,4460,1624
2026-04-09 10:55:00,4460,4470,4455,4470,1764
2026-04-09 10:56:00,4455,4475,4455,4460,177
2026-04-09 10:57:00,4470,4470,4455,4455,1056
2026-04-09 10:58:00,4460,4490,4455,4470,1459
2026-04-09 10:59:00,4470,4520,4470,4515,3047
2026-04-09 11:00:00,4520,4740,4520,4720,486480
2026-04-09 11:01:00,4725,4805,4675,4790,578236
2026-04-09 11:02:00,4795,4820,4740,4770,336381
2026-04-09 11:03:00,4770,4815,4750,4800,246989
2026-04-09 11:04:00,4795,4880,4760,4760,381555
2026-04-09 11:05:00,4760,4815,4760,4765,118870
2026-04-09 11:06:00,4760,4815,4675,4700,200594
2026-04-09 11:07:00,4700,4700,4435,4550,321488
2026-04-09 11:08:00,4545,4600,4500,4575,132871
2026-04-09 11:09:00,4585,4645,4570,4615,109802
2026-04-09 11:10:00,4610,4610,4520,4530,93372
2026-04-09 11:11:00,4525,4560,4485,4485,104272
2026-04-09 11:12:00,4490,4525,4485,4510,31037
2026-04-09 11:13:00,4500,4620,4500,4565,63033
2026-04-09 11:14:00,4565,4605,4525,4535,34430
2026-04-09 11:15:00,4535,4570,4535,4560,11268
2026-04-09 11:16:00,4560,4560,4515,4520,19490
2026-04-09 11:17:00,4520,4520,4450,4470,94417
2026-04-09 11:18:00,4470,4495,4460,4480,27577
2026-04-09 11:19:00,4485,4495,4445,4450,41790
2026-04-09 11:20:00,4450,4495,4435,4490,26399
2026-04-09 11:21:00,4490,4495,4460,4470,12495
2026-04-09 11:22:00,4470,4475,4460,4460,8470
2026-04-09 11:23:00,4470,4475,4455,4455,9629
2026-04-09 11:24:00,4455,4470,4435,4435,18152
2026-04-09 11:25:00,4440,4440,4410,4410,49615
2026-04-09 11:26:00,4420,4425,4405,4405,15449
2026-04-09 11:27:00,4405,4450,4405,4445,12755
2026-04-09 11:28:00,4445,4445,4420,4425,6141
2026-04-09 11:29:00,4430,4440,4420,4420,4795
2026-04-09 11:30:00,4420,4445,4415,4420,19837
2026-04-09 11:31:00,4425,4440,4415,4440,2259
2026-04-09 11:32:00,4440,4460,4440,4455,3395
2026-04-09 11:33:00,4455,4455,4435,4440,10688
2026-04-09 11:34:00,4440,4585,4440,4505,53148
2026-04-09 11:35:00,4505,4525,4480,4500,16098
2026-04-09 11:36:00,4500,4515,4480,4500,2664
2026-04-09 11:37:00,4500,4510,4480,4480,9747
2026-04-09 11:38:00,4480,4500,4465,4475,6125
2026-04-09 11:39:00,4490,4490,4460,4490,6348
2026-04-09 11:40:00,4490,4490,4450,4470,4406
2026-04-09 11:41:00,4460,4480,4450,4465,8783
2026-04-09 11:42:00,4460,4465,4440,4460,10477
2026-04-09 11:43:00,4460,4480,4455,4480,3252
2026-04-09 11:44:00,4480,4480,4460,4470,1256
2026-04-09 11:45:00,4470,4470,4435,4465,19971
2026-04-09 11:46:00,4465,4470,4450,4470,3196
2026-04-09 11:47:00,4470,4475,4450,4470,4388
2026-04-09 11:48:00,4450,4460,4435,4435,8438
2026-04-09 11:49:00,4460,4460,4435,4435,2956
2026-04-09 11:50:00,4440,4445,4435,4435,3434
2026-04-09 11:51:00,4435,4440,4425,4425,7201
2026-04-09 11:52:00,4425,4445,4420,4445,8086
2026-04-09 11:53:00,4445,4445,4420,4435,3993
2026-04-09 11:54:00,4435,4445,4425,4440,1046
2026-04-09 11:55:00,4430,4440,4425,4430,3112
2026-04-09 11:56:00,4430,4445,4425,4445,1929
2026-04-09 11:57:00,4440,4440,4425,4440,6476
2026-04-09 11:58:00,4435,4435,4420,4420,5769
2026-04-09 11:59:00,4415,4425,4410,4425,9872
2026-04-09 12:00:00,4425,4450,4410,4425,7786
2026-04-09 12:01:00,4425,4440,4420,4430,1938
2026-04-09 12:02:00,4430,4430,4420,4425,528
2026-04-09 12:03:00,4420,4420,4415,4415,3897
2026-04-09 12:04:00,4415,4430,4410,4420,11761
2026-04-09 12:05:00,4420,4420,4405,4415,8349
2026-04-09 12:06:00,4410,4415,4400,4400,14638
2026-04-09 12:07:00,4400,4410,4390,4400,23642
2026-04-09 12:08:00,4395,4405,4385,4385,12630
2026-04-09 12:09:00,4385,4390,4370,4385,27851
2026-04-09 12:10:00,4380,4410,4375,4385,11597
2026-04-09 12:11:00,4390,4395,4365,4385,8878
2026-04-09 12:12:00,4370,4385,4365,4365,16743
2026-04-09 12:13:00,4370,4380,4350,4355,32483
2026-04-09 12:14:00,4355,4385,4355,4385,10626
2026-04-09 12:15:00,4385,4390,4365,4365,3217
2026-04-09 12:16:00,4365,4385,4365,4365,1102
2026-04-09 12:17:00,4365,4385,4365,4370,9372
2026-04-09 12:18:00,4370,4385,4370,4370,2089
2026-04-09 12:19:00,4380,4395,4380,4380,2473
2026-04-09 12:20:00,4385,4390,4380,4380,9113
2026-04-09 12:21:00,4375,4375,4375,4375,450
2026-04-09 12:22:00,4375,4385,4375,4380,5502
2026-04-09 12:23:00,4380,4385,4365,4365,5530
2026-04-09 12:24:00,4365,4385,4360,4360,4989
2026-04-09 12:25:00,4365,4385,4355,4370,5600
2026-04-09 12:26:00,4370,4385,4365,4380,755
2026-04-09 12:27:00,4380,4380,4370,4370,1430
2026-04-09 12:28:00,4380,4380,4370,4370,420
2026-04-09 12:29:00,4380,4385,4380,4385,426
2026-04-09 12:30:00,4385,4385,4370,4380,3630
2026-04-09 12:31:00,4380,4420,4380,4400,9674
2026-04-09 12:32:00,4400,4410,4395,4400,2965
2026-04-09 12:33:00,4400,4400,4385,4400,1317
2026-04-09 12:34:00,4395,4395,4375,4375,2470
2026-04-09 12:35:00,4375,4400,4375,4400,2002
2026-04-09 12:36:00,4400,4415,4400,4410,896
2026-04-09 12:37:00,4415,4415,4385,4385,2595
2026-04-09 12:38:00,4385,4390,4380,4380,2353
2026-04-09 12:39:00,4380,4405,4370,4375,8026
2026-04-09 12:40:00,4370,4375,4370,4370,2148
2026-04-09 12:41:00,4370,4375,4360,4360,6608
2026-04-09 12:42:00,4360,4370,4360,4360,812
2026-04-09 12:43:00,4360,4360,4355,4360,2945
2026-04-09 12:44:00,4355,4365,4350,4355,12220
2026-04-09 12:45:00,4355,4360,4345,4350,10005
2026-04-09 12:46:00,4355,4355,4340,4340,8894
2026-04-09 12:47:00,4350,4355,4335,4345,3788
2026-04-09 12:48:00,4355,4355,4340,4355,1222
2026-04-09 12:49:00,4355,4355,4355,4355,335
2026-04-09 12:50:00,4360,4385,4360,4375,4955
2026-04-09 12:51:00,4375,4375,4355,4365,4664
2026-04-09 12:52:00,4365,4385,4360,4385,3186
2026-04-09 12:53:00,4365,4375,4355,4370,3119
2026-04-09 12:54:00,4370,4370,4340,4360,8034
2026-04-09 12:55:00,4345,4360,4345,4345,7230
2026-04-09 12:56:00,4340,4355,4335,4355,4942
2026-04-09 12:57:00,4345,4350,4345,4345,179
2026-04-09 12:58:00,4345,4350,4315,4315,25247
2026-04-09 12:59:00,4320,4320,4310,4320,16808
2026-04-09 13:00:00,4320,4320,4290,4290,40752
2026-04-09 13:01:00,4295,4305,4285,4295,16944
2026-04-09 13:02:00,4295,4320,4280,4300,14215
2026-04-09 13:03:00,4300,4300,4285,4290,6270
2026-04-09 13:04:00,4295,4300,4280,4290,11708
2026-04-09 13:05:00,4295,4295,4280,4280,11053
2026-04-09 13:06:00,4290,4340,4290,4310,15075
2026-04-09 13:07:00,4310,4315,4295,4300,5284
2026-04-09 13:08:00,4300,4300,4290,4290,2073
2026-04-09 13:09:00,4295,4295,4285,4285,5361
2026-04-09 13:10:00,4285,4320,4255,4295,41889
2026-04-09 13:11:00,4280,4290,4275,4280,2227
2026-04-09 13:12:00,4280,4285,4255,4280,19592
2026-04-09 13:13:00,4295,4295,4250,4275,32384
2026-04-09 13:14:00,4270,4280,4265,4275,3967
2026-04-09 13:15:00,4270,4275,4270,4275,6842
2026-04-09 13:16:00,4270,4285,4270,4270,7792
2026-04-09 13:17:00,4280,4285,4270,4280,5266
2026-04-09 13:18:00,4280,4285,4275,4285,11223
2026-04-09 13:19:00,4285,4295,4280,4295,2592
2026-04-09 13:20:00,4295,4300,4285,4290,10107
2026-04-09 13:21:00,4295,4295,4290,4295,2476
2026-04-09 13:22:00,4300,4315,4300,4305,3539
2026-04-09 13:23:00,4300,4315,4295,4315,2018
2026-04-09 13:24:00,4315,4325,4310,4315,6695
2026-04-09 13:25:00,4310,4315,4300,4300,4180
2026-04-09 13:26:00,4295,4300,4285,4300,3905
2026-04-09 13:27:00,4300,4305,4285,4305,1380
2026-04-09 13:28:00,4300,4300,4285,4295,2892
2026-04-09 13:29:00,4285,4290,4270,4290,5182
2026-04-09 13:30:00,4290,4290,4260,4280,7916
2026-04-09 13:31:00,4265,4280,4260,4280,1660
2026-04-09 13:32:00,4280,4280,4260,4260,3840
2026-04-09 13:33:00,4275,4280,4255,4255,2122
2026-04-09 13:34:00,4275,4310,4275,4310,5643
2026-04-09 13:35:00,4305,4310,4295,4295,1856
2026-04-09 13:36:00,4290,4290,4280,4280,1129
2026-04-09 13:37:00,4280,4300,4280,4295,2017
2026-04-09 13:38:00,4295,4295,4280,4295,876
2026-04-09 13:39:00,4295,4295,4290,4290,114
2026-04-09 13:40:00,4290,4290,4280,4280,979
2026-04-09 13:41:00,4290,4315,4290,4305,7095
2026-04-09 13:42:00,4305,4305,4290,4300,427
2026-04-09 13:43:00,4300,4300,4280,4300,937
2026-04-09 13:44:00,4295,4300,4290,4290,197
2026-04-09 13:45:00,4290,4290,4280,4280,5858
2026-04-09 13:46:00,4280,4295,4280,4290,2392
2026-04-09 13:47:00,4300,4300,4285,4295,2777
2026-04-09 13:48:00,4295,4295,4290,4290,2288
2026-04-09 13:49:00,4290,4295,4290,4295,2437
2026-04-09 13:50:00,4295,4300,4295,4300,3669
2026-04-09 13:51:00,4300,4300,4295,4295,6048
2026-04-09 13:52:00,4300,4300,4260,4290,14114
2026-04-09 13:53:00,4280,4280,4255,4260,3727
2026-04-09 13:54:00,4260,4275,4250,4260,12428
2026-04-09 13:55:00,4255,4260,4255,4255,2029
2026-04-09 13:56:00,4255,4265,4255,4255,969
2026-04-09 13:57:00,4255,4290,4255,4280,3364
2026-04-09 13:58:00,4285,4285,4260,4280,8715
2026-04-09 13:59:00,4280,4285,4260,4265,2942
2026-04-09 14:00:00,4280,4280,4260,4270,3159
2026-04-09 14:01:00,4275,4335,4275,4320,19186
2026-04-09 14:02:00,4315,4315,4290,4300,2549
2026-04-09 14:03:00,4280,4300,4280,4292,102
2026-04-09 14:04:00,4295,4300,4285,4285,774
2026-04-09 14:05:00,4280,4285,4275,4285,697
2026-04-09 14:06:00,4270,4280,4255,4280,5235
2026-04-09 14:07:00,4260,4290,4255,4290,4908
2026-04-09 14:08:00,4290,4305,4275,4300,2115
2026-04-09 14:09:00,4280,4295,4280,4290,160
2026-04-09 14:10:00,4285,4285,4280,4285,605
2026-04-09 14:11:00,4285,4285,4280,4285,1013
2026-04-09 14:12:00,4275,4300,4255,4275,6070
2026-04-09 14:13:00,4275,4285,4260,4275,2340
2026-04-09 14:14:00,4275,4275,4260,4260,1485
2026-04-09 14:15:00,4260,4275,4260,4265,1913
2026-04-09 14:16:00,4275,4275,4265,4265,1929
2026-04-09 14:17:00,4275,4275,4270,4270,202
2026-04-09 14:18:00,4265,4275,4265,4275,652
2026-04-09 14:19:00,4280,4280,4270,4270,2886
2026-04-09 14:20:00,4270,4315,4270,4310,9382
2026-04-09 14:21:00,4310,4310,4280,4290,10209
2026-04-09 14:22:00,4285,4295,4275,4275,9186
2026-04-09 14:23:00,4290,4295,4230,4265,42007
2026-04-09 14:24:00,4265,4275,4250,4275,3851
2026-04-09 14:25:00,4275,4275,4265,4265,2372
2026-04-09 14:26:00,4270,4275,4265,4270,1955
2026-04-09 14:27:00,4270,4280,4270,4275,3115
2026-04-09 14:28:00,4275,4280,4265,4280,1489
2026-04-09 14:29:00,4280,4290,4275,4290,1586
2026-04-09 14:30:00,4285,4295,4280,4290,2830
2026-04-09 14:31:00,4290,4295,4280,4280,2364
2026-04-09 14:32:00,4290,4290,4280,4290,1449
2026-04-09 14:33:00,4290,4300,4285,4290,3654
2026-04-09 14:34:00,4295,4295,4290,4295,1049
2026-04-09 14:35:00,4290,4295,4290,4290,2042
2026-04-09 14:36:00,4290,4290,4275,4275,6431
2026-04-09 14:37:00,4275,4280,4270,4275,1848
2026-04-09 14:38:00,4275,4280,4275,4280,688
2026-04-09 14:39:00,4280,4285,4275,4285,1890
2026-04-09 14:40:00,4285,4295,4285,4295,5069
2026-04-09 14:41:00,4295,4300,4295,4300,2057
2026-04-09 14:42:00,4300,4300,4290,4295,4769
2026-04-09 14:43:00,4290,4290,4280,4280,1751
2026-04-09 14:44:00,4280,4295,4280,4295,247
2026-04-09 14:45:00,4295,4295,4290,4290,611
2026-04-09 14:46:00,4295,4300,4285,4300,1601
2026-04-09 14:47:00,4285,4300,4275,4275,2329
2026-04-09 14:48:00,4275,4280,4275,4280,1335
2026-04-09 14:49:00,4275,4290,4275,4290,2526
2026-04-09 14:50:00,4270,4275,4265,4270,2269
2026-04-09 14:51:00,4270,4285,4270,4285,686
2026-04-09 14:52:00,4285,4285,4270,4270,1313
2026-04-09 14:53:00,4277,4277,4270,4272,720
2026-04-09 14:54:00,4270,4270,4262,4265,7345
2026-04-09 14:55:00,4270,4280,4265,4270,3694
2026-04-09 14:56:00,4270,4272,4260,4270,3431
2026-04-09 14:57:00,4270,4285,4270,4280,4343
2026-04-09 14:59:00,4275,4280,4260,4270,5327
2026-04-09 15:00:00,4275,4275,4260,4275,5610
2026-04-09 15:01:00,4280,4280,4275,4275,175
2026-04-09 15:02:00,4275,4280,4270,4280,1713
2026-04-09 15:03:00,4275,4290,4270,4290,3532
2026-04-09 15:04:00,4285,4305,4285,4295,5858
2026-04-09 15:05:00,4300,4325,4290,4325,6580
2026-04-09 15:06:00,4315,4320,4305,4320,6041
2026-04-09 15:07:00,4320,4330,4315,4330,6001
2026-04-09 15:08:00,4330,4340,4330,4330,6184
2026-04-09 15:09:00,4325,4335,4325,4330,1258
2026-04-09 15:10:00,4335,4335,4305,4310,7442
2026-04-09 15:11:00,4310,4330,4310,4310,3821
2026-04-09 15:12:00,4310,4315,4310,4310,1990
2026-04-09 15:13:00,4310,4310,4290,4300,7552
2026-04-09 15:14:00,4295,4300,4285,4295,4627
2026-04-09 15:15:00,4285,4305,4285,4285,4571
2026-04-09 15:16:00,4290,4310,4285,4310,2913
2026-04-09 15:17:00,4305,4310,4295,4305,4039
2026-04-09 15:18:00,4310,4310,4295,4300,4113
2026-04-09 15:19:00,4300,4325,4300,4325,12434
2026-04-09 15:30:00,4350,4350,4350,4350,43930
2026-04-09 15:35:00,4350,4350,4350,4350,5335
2026-04-10 09:00:00,4380,4400,4305,4370,97324
2026-04-10 09:01:00,4350,4350,4310,4347,19796
2026-04-10 09:02:00,4347,4395,4310,4395,17733
2026-04-10 09:03:00,4377,4380,4325,4325,22495
2026-04-10 09:04:00,4325,4355,4320,4325,12182
2026-04-10 09:05:00,4320,4360,4305,4360,20517
2026-04-10 09:06:00,4350,4385,4350,4360,7553
2026-04-10 09:07:00,4360,4360,4315,4320,15388
2026-04-10 09:08:00,4325,4325,4285,4290,33035
2026-04-10 09:09:00,4295,4300,4280,4285,10797
2026-04-10 09:10:00,4300,4315,4290,4295,12554
2026-04-10 09:11:00,4305,4320,4300,4310,3476
2026-04-10 09:12:00,4310,4315,4290,4300,8442
2026-04-10 09:13:00,4305,4320,4300,4305,4838
2026-04-10 09:14:00,4305,4305,4270,4275,12677
2026-04-10 09:15:00,4275,4280,4250,4250,23500
2026-04-10 09:16:00,4260,4280,4245,4265,14000
2026-04-10 09:17:00,4265,4280,4250,4260,2768
2026-04-10 09:18:00,4260,4260,4235,4245,15030
2026-04-10 09:19:00,4245,4255,4225,4250,35141
2026-04-10 09:20:00,4250,4250,4230,4235,3152
2026-04-10 09:21:00,4240,4240,4195,4215,57542
2026-04-10 09:22:00,4210,4230,4205,4215,7051
2026-04-10 09:23:00,4220,4260,4215,4235,12692
2026-04-10 09:24:00,4235,4250,4225,4250,3174
2026-04-10 09:25:00,4245,4250,4230,4240,3471
2026-04-10 09:26:00,4240,4240,4215,4215,7018
2026-04-10 09:27:00,4220,4220,4215,4215,4120
2026-04-10 09:28:00,4215,4220,4185,4185,23754
2026-04-10 09:29:00,4190,4205,4175,4175,27688
2026-04-10 09:30:00,4190,4205,4175,4175,11467
2026-04-10 09:31:00,4180,4225,4175,4215,20402
2026-04-10 09:32:00,4220,4220,4200,4200,2740
2026-04-10 09:33:00,4205,4205,4190,4190,2523
2026-04-10 09:34:00,4200,4210,4200,4205,5774
2026-04-10 09:35:00,4200,4210,4190,4195,9454
2026-04-10 09:36:00,4200,4220,4195,4220,7850
2026-04-10 09:37:00,4220,4225,4215,4215,2920
2026-04-10 09:38:00,4220,4225,4210,4210,2939
2026-04-10 09:39:00,4210,4210,4195,4205,6067
2026-04-10 09:40:00,4205,4250,4205,4235,11920
2026-04-10 09:41:00,4235,4245,4220,4220,2201
2026-04-10 09:42:00,4225,4235,4210,4235,9717
2026-04-10 09:43:00,4235,4240,4205,4217,6471
2026-04-10 09:44:00,4225,4225,4205,4205,6021
2026-04-10 09:45:00,4220,4225,4205,4220,1523
2026-04-10 09:46:00,4220,4220,4200,4220,4077
2026-04-10 09:47:00,4220,4225,4215,4225,1960
2026-04-10 09:48:00,4225,4235,4225,4235,3633
2026-04-10 09:49:00,4230,4235,4220,4220,2245
2026-04-10 09:50:00,4215,4215,4200,4200,4448
2026-04-10 09:51:00,4210,4220,4185,4215,15000
2026-04-10 09:52:00,4215,4230,4205,4230,5035
2026-04-10 09:54:00,4235,4240,4215,4235,8313
2026-04-10 09:55:00,4240,4245,4230,4230,5186
2026-04-10 09:56:00,4230,4245,4210,4210,7698
2026-04-10 09:57:00,4220,4240,4210,4240,5404
2026-04-10 09:58:00,4240,4245,4225,4240,799
2026-04-10 09:59:00,4235,4240,4235,4235,413
2026-04-10 10:00:00,4240,4250,4240,4245,2210
2026-04-10 10:01:00,4245,4275,4245,4270,7861
2026-04-10 10:02:00,4270,4280,4255,4265,12933
2026-04-10 10:03:00,4270,4270,4255,4260,1381
2026-04-10 10:04:00,4260,4265,4250,4260,3416
2026-04-10 10:05:00,4260,4280,4245,4275,9674
2026-04-10 10:06:00,4275,4280,4260,4270,715
2026-04-10 10:07:00,4270,4270,4250,4260,4521
2026-04-10 10:08:00,4255,4260,4240,4240,4278
2026-04-10 10:09:00,4245,4255,4240,4255,4512
2026-04-10 10:10:00,4245,4245,4225,4225,3008
2026-04-10 10:11:00,4230,4235,4220,4230,1975
2026-04-10 10:12:00,4235,4235,4215,4230,10870
2026-04-10 10:13:00,4230,4240,4225,4230,291
2026-04-10 10:14:00,4230,4235,4215,4215,3075
2026-04-10 10:15:00,4215,4215,4210,4215,1646
2026-04-10 10:16:00,4215,4240,4205,4220,7755
2026-04-10 10:17:00,4215,4225,4200,4215,12509
2026-04-10 10:18:00,4205,4205,4170,4180,33257
2026-04-10 10:19:00,4190,4205,4180,4185,3726
2026-04-10 10:20:00,4190,4200,4190,4200,1109
2026-04-10 10:21:00,4200,4200,4175,4185,10789
2026-04-10 10:22:00,4185,4190,4180,4185,7200
2026-04-10 10:23:00,4190,4195,4185,4195,2684
2026-04-10 10:24:00,4195,4205,4190,4200,3007
2026-04-10 10:25:00,4210,4215,4205,4210,1595
2026-04-10 10:26:00,4210,4210,4185,4190,13027
2026-04-10 10:27:00,4180,4210,4175,4210,7207
2026-04-10 10:28:00,4200,4200,4185,4185,1083
2026-04-10 10:29:00,4190,4195,4180,4190,4084
2026-04-10 10:30:00,4190,4190,4180,4185,1889
2026-04-10 10:31:00,4185,4185,4175,4180,15554
2026-04-10 10:32:00,4175,4185,4170,4185,3216
2026-04-10 10:33:00,4195,4210,4190,4190,970
2026-04-10 10:34:00,4185,4190,4185,4190,904
2026-04-10 10:35:00,4190,4190,4185,4185,511
2026-04-10 10:36:00,4185,4190,4175,4180,3481
2026-04-10 10:37:00,4185,4210,4175,4210,7620
2026-04-10 10:38:00,4205,4230,4205,4230,3698
2026-04-10 10:39:00,4225,4230,4215,4225,1010
2026-04-10 10:40:00,4230,4230,4215,4225,1818
2026-04-10 10:41:00,4225,4235,4225,4235,1914
2026-04-10 10:42:00,4235,4260,4235,4255,16412
2026-04-10 10:43:00,4255,4270,4250,4265,7038
2026-04-10 10:44:00,4270,4270,4255,4265,6420
2026-04-10 10:45:00,4260,4265,4240,4240,10575
2026-04-10 10:46:00,4240,4245,4235,4235,1664
2026-04-10 10:47:00,4240,4240,4235,4240,1810
2026-04-10 10:48:00,4240,4240,4230,4230,3097
2026-04-10 10:49:00,4225,4230,4215,4215,2522
2026-04-10 10:50:00,4215,4240,4215,4230,2766
2026-04-10 10:51:00,4230,4235,4225,4235,839
2026-04-10 10:52:00,4235,4235,4220,4220,849
2026-04-10 10:53:00,4225,4230,4220,4220,850
2026-04-10 10:54:00,4225,4235,4225,4235,1117
2026-04-10 10:55:00,4235,4245,4235,4235,2887
2026-04-10 10:56:00,4240,4245,4235,4245,1040
2026-04-10 10:57:00,4245,4250,4245,4245,497
2026-04-10 10:58:00,4250,4250,4245,4250,661
2026-04-10 10:59:00,4250,4250,4230,4230,3029
2026-04-10 11:00:00,4230,4235,4225,4225,1466
2026-04-10 11:01:00,4230,4230,4225,4230,159
2026-04-10 11:02:00,4230,4230,4225,4225,750
2026-04-10 11:03:00,4230,4230,4225,4225,1440
2026-04-10 11:04:00,4230,4230,4215,4220,4917
2026-04-10 11:05:00,4220,4225,4220,4220,1193
2026-04-10 11:06:00,4225,4225,4220,4220,629
2026-04-10 11:07:00,4220,4220,4205,4205,5039
2026-04-10 11:08:00,4205,4210,4200,4200,11679
2026-04-10 11:09:00,4205,4210,4200,4210,3510
2026-04-10 11:10:00,4205,4210,4200,4200,4235
2026-04-10 11:11:00,4210,4210,4190,4200,2718
2026-04-10 11:12:00,4200,4210,4200,4210,722
2026-04-10 11:13:00,4205,4205,4195,4205,7308
2026-04-10 11:14:00,4205,4205,4205,4205,578
2026-04-10 11:15:00,4205,4205,4200,4205,2395
2026-04-10 11:16:00,4200,4210,4195,4205,1210
2026-04-10 11:17:00,4200,4200,4200,4200,474
2026-04-10 11:18:00,4200,4205,4190,4190,10264
2026-04-10 11:19:00,4190,4195,4190,4190,857
2026-04-10 11:20:00,4190,4190,4185,4185,869
2026-04-10 11:21:00,4190,4220,4185,4210,1464
2026-04-10 11:22:00,4190,4215,4185,4215,7044
2026-04-10 11:23:00,4210,4220,4200,4200,1225
2026-04-10 11:24:00,4200,4220,4200,4220,1680
2026-04-10 11:25:00,4215,4220,4210,4220,587
2026-04-10 11:26:00,4220,4220,4210,4220,2431
2026-04-10 11:27:00,4220,4230,4210,4230,1855
2026-04-10 11:28:00,4230,4235,4230,4235,3946
2026-04-10 11:29:00,4225,4245,4220,4245,3009
2026-04-10 11:30:00,4225,4235,4220,4235,3208
2026-04-10 11:31:00,4230,4265,4230,4265,6532
2026-04-10 11:32:00,4260,4265,4240,4260,2451
2026-04-10 11:33:00,4255,4270,4255,4260,5614
2026-04-10 11:34:00,4265,4275,4265,4265,4964
2026-04-10 11:35:00,4265,4265,4250,4260,4782
2026-04-10 11:36:00,4250,4260,4250,4250,1471
2026-04-10 11:37:00,4260,4265,4250,4265,3060
2026-04-10 11:38:00,4260,4265,4250,4255,2838
2026-04-10 11:39:00,4255,4260,4255,4260,2309
2026-04-10 11:40:00,4260,4400,4260,4335,74200
2026-04-10 11:41:00,4330,4335,4290,4305,25007
2026-04-10 11:42:00,4300,4335,4265,4335,29493
2026-04-10 11:43:00,4310,4350,4300,4340,18508
2026-04-10 11:44:00,4325,4530,4325,4500,360914
2026-04-10 11:45:00,4500,4510,4405,4470,179605
2026-04-10 11:46:00,4475,4680,4460,4670,591441
2026-04-10 11:47:00,4670,4680,4580,4600,336413
2026-04-10 11:48:00,4600,4755,4595,4695,540768
2026-04-10 11:49:00,4690,4815,4685,4815,540110
2026-04-10 11:52:00,4830,4895,4825,4845,788589
2026-04-10 11:53:00,4845,4870,4770,4795,486891
2026-04-10 11:54:00,4800,4820,4755,4780,286364
2026-04-10 11:55:00,4790,4920,4750,4895,584409
2026-04-10 11:56:00,4900,4910,4855,4900,289298
2026-04-10 11:57:00,4900,4910,4810,4840,180791
2026-04-10 11:58:00,4840,4855,4780,4790,196312
2026-04-10 11:59:00,4785,4840,4725,4750,183312
2026-04-10 12:00:00,4745,4790,4695,4715,162353
2026-04-10 12:01:00,4715,4715,4645,4660,211133
2026-04-10 12:02:00,4650,4760,4650,4700,153965
2026-04-10 12:03:00,4700,4755,4645,4750,101870
2026-04-10 12:04:00,4755,4755,4670,4670,67593
2026-04-10 12:05:00,4665,4670,4580,4610,174379
2026-04-10 12:06:00,4610,4665,4565,4645,121891
2026-04-10 12:07:00,4650,4790,4615,4785,198007
2026-04-10 12:08:00,4780,5000,4765,4965,811102
2026-04-10 12:09:00,4975,5000,4910,4915,366761
2026-04-10 12:10:00,4910,4980,4840,4965,404428
2026-04-10 12:11:00,4965,5030,4920,4965,474296
2026-04-10 12:12:00,4960,5030,4925,4985,252396
2026-04-10 12:13:00,4985,5020,4925,4960,206066
2026-04-10 12:14:00,4960,4970,4880,4940,173179
2026-04-10 12:15:00,4937,5030,4937,5020,304043
2026-04-10 12:16:00,5020,5060,4980,5000,337886
2026-04-10 12:17:00,4995,5000,4955,4960,145388
2026-04-10 12:18:00,4960,5000,4950,4975,149034
2026-04-10 12:19:00,4970,5020,4970,4990,120400
2026-04-10 12:20:00,4995,4995,4905,4945,219241
2026-04-10 12:21:00,4945,4955,4905,4935,105361
2026-04-10 12:22:00,4935,4950,4900,4950,100787
2026-04-10 12:23:00,4940,4945,4900,4930,72731
2026-04-10 12:24:00,4925,4925,4870,4880,142790
2026-04-10 12:25:00,4890,4925,4870,4915,66918
2026-04-10 12:26:00,4915,4950,4855,4870,111238
2026-04-10 12:27:00,4865,4900,4855,4900,70994
2026-04-10 12:28:00,4900,4910,4840,4845,100466
2026-04-10 12:29:00,4840,5000,4815,4960,277301
2026-04-10 12:30:00,4945,4970,4880,4895,141036
2026-04-10 12:31:00,4895,4930,4885,4885,39959
2026-04-10 12:32:00,4890,4900,4870,4875,37408
2026-04-10 12:33:00,4875,4915,4850,4850,57441
2026-04-10 12:34:00,4850,4880,4755,4800,126886
2026-04-10 12:35:00,4800,4870,4790,4860,54225
2026-04-10 12:36:00,4865,4910,4855,4865,75907
2026-04-10 12:37:00,4865,4905,4855,4860,36232
2026-04-10 12:38:00,4870,4880,4815,4845,42785
2026-04-10 12:39:00,4845,4860,4790,4800,76026
2026-04-10 12:40:00,4790,4800,4750,4765,133739
2026-04-10 12:41:00,4770,4770,4720,4770,80087
2026-04-10 12:42:00,4770,4780,4710,4760,110472
2026-04-10 12:43:00,4765,4765,4715,4715,65567
2026-04-10 12:44:00,4715,4735,4690,4735,99946
2026-04-10 12:45:00,4735,4735,4680,4700,69746
2026-04-10 12:46:00,4695,4705,4680,4695,35308
2026-04-10 12:47:00,4690,4695,4655,4675,85913
2026-04-10 12:48:00,4675,4700,4660,4700,46291
2026-04-10 12:49:00,4695,4700,4660,4660,28238
2026-04-10 12:50:00,4665,4715,4660,4705,19118
2026-04-10 12:51:00,4710,4710,4680,4685,28625
2026-04-10 12:52:00,4690,4700,4685,4700,23080
2026-04-10 12:53:00,4700,4725,4695,4700,34227
2026-04-10 12:54:00,4710,4710,4690,4690,19011
2026-04-10 12:55:00,4690,4750,4690,4730,38791
2026-04-10 12:56:00,4725,4735,4695,4730,30425
2026-04-10 12:57:00,4725,4730,4685,4685,24867
2026-04-10 12:58:00,4685,4710,4685,4690,18746
2026-04-10 12:59:00,4695,4695,4660,4665,26926
2026-04-10 13:00:00,4670,4675,4645,4670,48598
2026-04-10 13:01:00,4655,4675,4630,4640,22255
2026-04-10 13:02:00,4635,4695,4635,4670,28773
2026-04-10 13:03:00,4675,4795,4670,4795,128814
2026-04-10 13:04:00,4795,4865,4780,4845,218358
2026-04-10 13:05:00,4835,4915,4835,4900,293061
2026-04-10 13:06:00,4900,5030,4880,5000,572110
2026-04-10 13:07:00,4995,5030,4925,5030,271701
2026-04-10 13:08:00,5030,5030,4955,4975,231290
2026-04-10 13:09:00,4975,5140,4975,5120,641696
2026-04-10 13:10:00,5110,5130,5060,5120,284311
2026-04-10 13:11:00,5110,5170,5080,5090,358505
2026-04-10 13:12:00,5100,5120,5030,5040,196897
2026-04-10 13:13:00,5040,5060,4960,4965,295209
2026-04-10 13:14:00,4970,4990,4905,4980,219256
2026-04-10 13:15:00,4982,4985,4915,4925,178080
2026-04-10 13:16:00,4935,4980,4915,4960,101664
2026-04-10 13:17:00,4965,5070,4955,5030,255886
2026-04-10 13:18:00,5020,5040,4970,4985,99307
2026-04-10 13:19:00,5000,5020,4965,4965,70406
2026-04-10 13:20:00,4965,5060,4950,5020,117966
2026-04-10 13:21:00,5020,5050,5000,5000,92418
2026-04-10 13:22:00,5000,5020,4970,5000,48308
2026-04-10 13:23:00,4995,5000,4970,4975,42181
2026-04-10 13:24:00,4975,5000,4965,4970,44113
2026-04-10 13:25:00,4975,5040,4970,5000,76340
2026-04-10 13:26:00,5000,5030,4985,4990,45006
2026-04-10 13:27:00,4990,4990,4970,4970,58345
2026-04-10 13:28:00,4965,4970,4860,4890,211062
2026-04-10 13:29:00,4890,4920,4880,4915,65632
2026-04-10 13:30:00,4915,4965,4910,4930,59478
2026-04-10 13:31:00,4935,4950,4930,4935,24806
2026-04-10 13:32:00,4930,4955,4930,4940,46775
2026-04-10 13:33:00,4945,4970,4940,4960,36783
2026-04-10 13:34:00,4960,4990,4960,4985,53900
2026-04-10 13:35:00,4985,5000,4955,4970,64536
2026-04-10 13:36:00,4970,4975,4915,4925,73617
2026-04-10 13:37:00,4925,4960,4915,4950,28262
2026-04-10 13:38:00,4945,4970,4935,4935,19546
2026-04-10 13:39:00,4935,4975,4930,4930,35714
2026-04-10 13:40:00,4925,4935,4920,4925,26379
2026-04-10 13:41:00,4925,4927,4890,4920,48403
2026-04-10 13:42:00,4915,4950,4915,4925,16927
2026-04-10 13:43:00,4930,4955,4925,4925,20654
2026-04-10 13:44:00,4922,4925,4895,4920,14406
2026-04-10 13:45:00,4920,4950,4905,4910,17565
2026-04-10 13:46:00,4910,4910,4890,4900,35410
2026-04-10 13:47:00,4900,4910,4890,4890,19340
2026-04-10 13:48:00,4890,4900,4885,4900,22334
2026-04-10 13:49:00,4900,4900,4880,4895,21091
2026-04-10 13:50:00,4895,5080,4895,5040,319172
2026-04-10 13:51:00,5040,5130,5030,5090,356197
2026-04-10 13:52:00,5080,5090,4990,5000,159001
2026-04-10 13:53:00,5020,5070,5000,5020,79083
2026-04-10 13:54:00,5030,5030,4985,4990,66305
2026-04-10 13:55:00,4995,5020,4980,4985,44173
2026-04-10 13:56:00,4980,4985,4950,4960,67412
2026-04-10 13:57:00,4960,5000,4960,4970,38706
2026-04-10 13:58:00,4970,4975,4940,4940,51737
2026-04-10 13:59:00,4940,4945,4905,4910,77812
2026-04-10 14:00:00,4910,4950,4905,4905,34958
2026-04-10 14:01:00,4910,4935,4905,4915,30927
2026-04-10 14:02:00,4910,4945,4910,4920,30060
2026-04-10 14:03:00,4920,5050,4915,5025,133020
2026-04-10 14:04:00,5030,5100,5000,5090,240314
2026-04-10 14:05:00,5090,5200,5040,5180,599647
2026-04-10 14:06:00,5170,5200,5100,5200,291965
2026-04-10 14:07:00,5190,5200,5100,5100,287035
2026-04-10 14:08:00,5100,5200,5080,5170,244801
2026-04-10 14:09:00,5180,5250,5160,5230,404943
2026-04-10 14:10:00,5230,5260,5220,5240,315507
2026-04-10 14:11:00,5240,5250,5160,5200,218089
2026-04-10 14:12:00,5190,5230,5180,5180,107571
2026-04-10 14:13:00,5180,5250,5150,5230,202743
2026-04-10 14:14:00,5230,5240,5200,5210,84806
2026-04-10 14:15:00,5210,5220,5160,5200,88532
2026-04-10 14:16:00,5200,5210,5100,5160,204680
2026-04-10 14:17:00,5160,5160,5070,5080,182300
2026-04-10 14:18:00,5090,5120,5050,5060,138337
2026-04-10 14:19:00,5060,5120,5020,5060,141122
2026-04-10 14:20:00,5060,5070,5020,5040,92532
2026-04-10 14:21:00,5030,5040,4975,5010,143209
2026-04-10 14:22:00,5010,5040,4980,5000,98333
2026-04-10 14:23:00,5000,5050,4980,5000,74921
2026-04-10 14:24:00,5000,5030,4980,5030,29907
2026-04-10 14:25:00,5030,5030,4980,4980,33332
2026-04-10 14:26:00,4990,5070,4985,5070,87843
2026-04-10 14:27:00,5060,5120,5060,5090,200429
2026-04-10 14:28:00,5110,5110,5050,5050,60529
2026-04-10 14:29:00,5050,5190,5030,5120,199394
2026-04-10 14:30:00,5120,5210,5120,5160,189841
2026-04-10 14:31:00,5160,5190,5080,5100,120743
2026-04-10 14:32:00,5110,5150,5080,5080,75500
2026-04-10 14:33:00,5080,5090,4995,5010,130443
2026-04-10 14:34:00,5010,5090,5000,5050,58433
2026-04-10 14:35:00,5050,5070,5000,5030,34547
2026-04-10 14:36:00,5030,5040,4980,5020,101134
2026-04-10 14:37:00,5010,5030,4995,5030,35002
2026-04-10 14:38:00,5040,5040,4995,5010,44810
2026-04-10 14:39:00,5020,5020,4985,4985,69694
2026-04-10 14:40:00,4985,4985,4945,4950,109770
2026-04-10 14:41:00,4960,4970,4950,4950,45997
2026-04-10 14:42:00,4955,4985,4885,4900,183433
2026-04-10 14:43:00,4895,4920,4890,4915,56931
2026-04-10 14:44:00,4917,4965,4910,4935,46355
2026-04-10 14:45:00,4930,4940,4915,4925,18833
2026-04-10 14:46:00,4925,4925,4910,4915,24191
2026-04-10 14:47:00,4915,4945,4910,4945,25142
2026-04-10 14:48:00,4945,4945,4865,4870,65783
2026-04-10 14:49:00,4870,4880,4835,4845,144358
2026-04-10 14:50:00,4835,4885,4835,4850,53343
2026-04-10 14:51:00,4845,4855,4800,4835,79765
2026-04-10 14:52:00,4835,4845,4820,4835,33991
2026-04-10 14:53:00,4835,4850,4800,4810,43397
2026-04-10 14:54:00,4815,4885,4810,4855,42488
2026-04-10 14:55:00,4855,4890,4850,4865,31758
2026-04-10 14:56:00,4865,4890,4825,4880,22311
2026-04-10 14:57:00,4880,4900,4875,4885,28749
2026-04-10 14:58:00,4885,4885,4830,4845,21530
2026-04-10 14:59:00,4845,4895,4835,4895,23007
2026-04-10 15:00:00,4885,4900,4855,4865,15759
2026-04-10 15:01:00,4865,4870,4825,4860,17426
2026-04-10 15:02:00,4865,4875,4850,4855,15075
2026-04-10 15:03:00,4860,4885,4850,4885,33580
2026-04-10 15:04:00,4885,4930,4860,4920,55541
2026-04-10 15:05:00,4925,4930,4880,4880,23556
2026-04-10 15:06:00,4880,4915,4875,4915,13823
2026-04-10 15:07:00,4910,4915,4890,4890,12668
2026-04-10 15:08:00,4895,4900,4885,4890,7983
2026-04-10 15:09:00,4885,4885,4855,4870,26435
2026-04-10 15:10:00,4870,4885,4860,4865,30469
2026-04-10 15:11:00,4865,4895,4860,4880,27934
2026-04-10 15:12:00,4880,4885,4875,4880,14083
2026-04-10 15:13:00,4885,4885,4860,4875,22647
2026-04-10 15:14:00,4875,4875,4855,4870,21736
2026-04-10 15:15:00,4870,4870,4825,4830,78805
2026-04-10 15:16:00,4835,4850,4815,4820,37277
2026-04-10 15:17:00,4815,4850,4815,4825,30302
2026-04-10 15:18:00,4820,4830,4785,4830,107012
2026-04-10 15:19:00,4825,4830,4790,4800,53971
2026-04-10 15:30:00,4795,4795,4795,4795,109739
2026-04-10 15:35:00,4795,4795,4795,4795,12491
2026-04-13 09:00:00,4795,4920,4790,4875,120519
2026-04-13 09:01:00,4870,4975,4810,4975,94689
2026-04-13 09:02:00,4950,4975,4815,4820,75095
2026-04-13 09:03:00,4820,4865,4775,4815,55574
2026-04-13 09:04:00,4790,4820,4760,4765,37767
2026-04-13 09:05:00,4765,4790,4740,4750,59344
2026-04-13 09:06:00,4750,4825,4740,4745,36306
2026-04-13 09:07:00,4745,4775,4710,4750,64085
2026-04-13 09:08:00,4775,4815,4775,4800,13044
2026-04-13 09:09:00,4805,4820,4765,4795,19507
2026-04-13 09:10:00,4790,4815,4765,4770,10838
2026-04-13 09:11:00,4770,4825,4765,4815,13730
2026-04-13 09:12:00,4810,4880,4800,4860,22963
2026-04-13 09:13:00,4860,4870,4835,4865,22619
2026-04-13 09:14:00,4860,4880,4845,4865,34878
2026-04-13 09:15:00,4865,4865,4815,4835,15818
2026-04-13 09:16:00,4835,4860,4815,4850,20389
2026-04-13 09:17:00,4830,4850,4825,4850,4169
2026-04-13 09:18:00,4850,4850,4835,4845,4158
2026-04-13 09:19:00,4845,4845,4820,4840,8987
2026-04-13 09:20:00,4840,4885,4840,4885,32514
2026-04-13 09:21:00,4880,4885,4855,4885,10560
2026-04-13 09:22:00,4880,4935,4880,4910,61303
2026-04-13 09:23:00,4900,4925,4885,4900,37597
2026-04-13 09:24:00,4915,4920,4890,4915,18957
2026-04-13 09:25:00,4920,4920,4890,4900,21802
2026-04-13 09:26:00,4900,4905,4865,4865,21401
2026-04-13 09:27:00,4875,4980,4875,4930,96957
2026-04-13 09:28:00,4930,4930,4850,4860,38449
2026-04-13 09:29:00,4860,4930,4860,4875,10431
2026-04-13 09:30:00,4885,4885,4845,4865,33060
2026-04-13 09:31:00,4870,4895,4865,4870,6106
2026-04-13 09:32:00,4870,4870,4835,4845,10639
2026-04-13 09:33:00,4845,4845,4830,4830,7109
2026-04-13 09:34:00,4835,4850,4815,4835,14800
2026-04-13 09:35:00,4820,4845,4820,4845,1333
2026-04-13 09:36:00,4840,4860,4835,4845,2823
2026-04-13 09:37:00,4850,4855,4835,4840,4977
2026-04-13 09:38:00,4840,4840,4795,4815,48968
2026-04-13 09:39:00,4815,4840,4805,4830,3441
2026-04-13 09:40:00,4825,4865,4820,4850,4656
2026-04-13 09:41:00,4845,4850,4795,4800,23740
2026-04-13 09:42:00,4800,4830,4795,4830,4377
2026-04-13 09:43:00,4830,4850,4820,4850,6193
2026-04-13 09:44:00,4830,4860,4820,4835,4058
2026-04-13 09:45:00,4850,4860,4825,4825,15357
2026-04-13 09:46:00,4850,4900,4825,4885,12735
2026-04-13 09:47:00,4900,4900,4875,4885,21195
2026-04-13 09:48:00,4890,4925,4885,4900,12676
2026-04-13 09:49:00,4910,4950,4875,4885,16243
2026-04-13 09:50:00,4885,4980,4870,4955,57393
2026-04-13 09:51:00,4955,4955,4910,4910,18554
2026-04-13 09:52:00,4910,4920,4905,4915,13386
2026-04-13 09:53:00,4915,4915,4905,4915,6330
2026-04-13 09:54:00,4915,4915,4910,4915,2008
2026-04-13 09:55:00,4915,4920,4910,4910,2896
2026-04-13 09:56:00,4910,4960,4905,4960,23461
2026-04-13 09:57:00,4955,4960,4905,4935,12682
2026-04-13 09:58:00,4910,4930,4900,4910,9456
2026-04-13 09:59:00,4910,4920,4900,4905,5763
2026-04-13 10:00:00,4910,4930,4905,4905,5921
2026-04-13 10:01:00,4910,4920,4905,4910,4210
2026-04-13 10:02:00,4910,4920,4880,4880,16306
2026-04-13 10:03:00,4890,4895,4880,4885,5407
2026-04-13 10:04:00,4892,4915,4880,4915,6966
2026-04-13 10:05:00,4910,4915,4890,4900,3066
2026-04-13 10:06:00,4905,4935,4905,4930,11318
2026-04-13 10:07:00,4930,4945,4930,4940,14844
2026-04-13 10:08:00,4937,5050,4935,5020,192018
2026-04-13 10:09:00,5020,5050,4980,5000,164063
2026-04-13 10:10:00,5010,5030,4980,5020,58941
2026-04-13 10:11:00,5020,5020,4980,4980,35556
2026-04-13 10:12:00,4980,5000,4960,4970,45052
2026-04-13 10:13:00,4965,4985,4940,4955,24813
2026-04-13 10:14:00,4955,4995,4955,4985,10421
2026-04-13 10:15:00,4985,5010,4975,5010,25434
2026-04-13 10:16:00,5000,5060,5000,5060,92711
2026-04-13 10:17:00,5060,5060,5000,5000,36645
2026-04-13 10:18:00,5010,5040,5000,5040,23455
2026-04-13 10:19:00,5040,5040,5000,5000,23016
2026-04-13 10:20:00,5000,5010,4975,5000,26281
2026-04-13 10:21:00,4990,5030,4985,5000,14940
2026-04-13 10:22:00,5000,5020,4985,5000,11190
2026-04-13 10:23:00,5000,5030,4985,4985,13497
2026-04-13 10:24:00,5000,5000,4920,4925,73783
2026-04-13 10:25:00,4940,4950,4915,4925,18078
2026-04-13 10:26:00,4925,4940,4900,4915,23457
2026-04-13 10:27:00,4920,4940,4905,4910,12723
2026-04-13 10:28:00,4905,4915,4900,4900,23615
2026-04-13 10:29:00,4900,4905,4875,4880,24141
2026-04-13 10:30:00,4880,4905,4875,4905,9056
2026-04-13 10:31:00,4905,4915,4880,4895,6681
2026-04-13 10:32:00,4895,4895,4850,4850,25976
2026-04-13 10:33:00,4860,4870,4845,4860,5856
2026-04-13 10:34:00,4860,4905,4855,4905,4284
2026-04-13 10:35:00,4885,4905,4865,4875,12515
2026-04-13 10:36:00,4885,4885,4865,4870,3647
2026-04-13 10:37:00,4875,4880,4850,4850,11281
2026-04-13 10:38:00,4850,4870,4845,4860,7498
2026-04-13 10:39:00,4855,4860,4845,4845,8900
2026-04-13 10:40:00,4845,4860,4840,4860,7432
2026-04-13 10:41:00,4850,4870,4850,4860,1767
2026-04-13 10:42:00,4870,4890,4865,4890,1869
2026-04-13 10:43:00,4880,4890,4875,4890,1511
2026-04-13 10:44:00,4890,4890,4875,4875,3231
2026-04-13 10:45:00,4875,4875,4860,4865,4060
2026-04-13 10:46:00,4865,4865,4845,4845,7678
2026-04-13 10:47:00,4845,4855,4835,4840,7838
2026-04-13 10:48:00,4845,4865,4835,4855,4936
2026-04-13 10:49:00,4840,4865,4840,4865,13082
2026-04-13 10:50:00,4850,4890,4850,4875,3235
2026-04-13 10:51:00,4880,4890,4870,4890,3177
2026-04-13 10:52:00,4890,4895,4880,4885,2487
2026-04-13 10:53:00,4885,4900,4880,4895,4646
2026-04-13 10:54:00,4895,4895,4875,4880,6047
2026-04-13 10:55:00,4875,4880,4845,4855,3391
2026-04-13 10:56:00,4855,4895,4835,4895,5121
2026-04-13 10:57:00,4895,4895,4845,4875,1739
2026-04-13 10:58:00,4870,4890,4870,4880,349
2026-04-13 10:59:00,4875,4880,4850,4865,1591
2026-04-13 11:00:00,4860,4865,4845,4845,7057
2026-04-13 11:01:00,4845,4860,4835,4840,10668
2026-04-13 11:02:00,4840,4860,4830,4855,3833
2026-04-13 11:03:00,4855,4860,4830,4830,5755
2026-04-13 11:04:00,4835,4845,4820,4825,8372
2026-04-13 11:05:00,4830,4860,4820,4845,2724
2026-04-13 11:06:00,4845,4855,4830,4830,2334
2026-04-13 11:07:00,4825,4835,4815,4825,11095
2026-04-13 11:08:00,4820,4840,4820,4830,6977
2026-04-13 11:09:00,4830,4835,4820,4825,6145
2026-04-13 11:10:00,4830,4845,4825,4835,2589
2026-04-13 11:11:00,4835,4845,4830,4830,5855
2026-04-13 11:12:00,4840,4840,4815,4820,13969
2026-04-13 11:13:00,4820,4835,4820,4835,2498
2026-04-13 11:14:00,4825,4840,4825,4840,1303
2026-04-13 11:15:00,4840,4850,4820,4820,5261
2026-04-13 11:16:00,4815,4835,4815,4820,3404
2026-04-13 11:17:00,4820,4820,4810,4810,11363
2026-04-13 11:18:00,4810,4830,4805,4817,9667
2026-04-13 11:19:00,4817,4825,4815,4820,3009
2026-04-13 11:20:00,4825,4825,4810,4820,6416
2026-04-13 11:21:00,4825,4825,4810,4815,1886
2026-04-13 11:22:00,4820,4830,4820,4830,2997
2026-04-13 11:23:00,4830,4830,4800,4805,12605
2026-04-13 11:24:00,4830,4830,4805,4810,653
2026-04-13 11:25:00,4810,4825,4805,4805,3157
2026-04-13 11:26:00,4805,4825,4805,4810,25202
2026-04-13 11:27:00,4825,4825,4815,4815,806
2026-04-13 11:28:00,4830,4830,4810,4815,722
2026-04-13 11:29:00,4820,4840,4815,4840,1242
2026-04-13 11:30:00,4830,4830,4815,4820,802
2026-04-13 11:31:00,4827,4830,4820,4830,76
2026-04-13 11:32:00,4830,4830,4805,4805,8563
2026-04-13 11:33:00,4810,4840,4785,4805,22103
2026-04-13 11:34:00,4805,4825,4800,4800,5542
2026-04-13 11:35:00,4810,4825,4800,4800,912
2026-04-13 11:36:00,4825,4825,4800,4800,1669
2026-04-13 11:37:00,4800,4815,4780,4790,5560
2026-04-13 11:38:00,4790,4792,4780,4785,7283
2026-04-13 11:39:00,4785,4800,4765,4770,20592
2026-04-13 11:40:00,4770,4815,4765,4795,6165
2026-04-13 11:41:00,4795,4815,4775,4785,1808
2026-04-13 11:42:00,4790,4790,4780,4780,1806
2026-04-13 11:43:00,4790,4805,4780,4805,4787
2026-04-13 11:44:00,4785,4815,4765,4815,12068
2026-04-13 11:45:00,4815,4815,4805,4805,790
2026-04-13 11:46:00,4800,4800,4785,4785,1098
2026-04-13 11:47:00,4790,4790,4780,4780,4226
2026-04-13 11:48:00,4780,4785,4775,4780,1682
2026-04-13 11:49:00,4780,4780,4760,4760,13968
2026-04-13 11:50:00,4770,4790,4760,4770,2803
2026-04-13 11:51:00,4765,4775,4755,4755,6700
2026-04-13 11:52:00,4770,4775,4755,4775,1558
2026-04-13 11:53:00,4755,4780,4755,4755,1959
2026-04-13 11:54:00,4755,4760,4755,4760,780
2026-04-13 11:55:00,4760,4765,4755,4760,6039
2026-04-13 11:56:00,4760,4765,4755,4755,2071
2026-04-13 11:57:00,4760,4760,4750,4750,9477
2026-04-13 11:58:00,4755,4770,4750,4760,7456
2026-04-13 11:59:00,4760,4760,4750,4750,4192
2026-04-13 12:00:00,4750,4755,4745,4755,2336
2026-04-13 12:01:00,4760,4765,4750,4765,957
2026-04-13 12:02:00,4765,4765,4745,4765,9418
2026-04-13 12:03:00,4760,4760,4750,4760,532
2026-04-13 12:04:00,4750,4760,4740,4750,10382
2026-04-13 12:05:00,4750,4750,4740,4740,5618
2026-04-13 12:06:00,4745,4755,4740,4740,5906
2026-04-13 12:07:00,4745,4775,4745,4775,5100
2026-04-13 12:08:00,4775,4820,4775,4820,14366
2026-04-13 12:09:00,4815,4820,4795,4805,5690
2026-04-13 12:10:00,4805,4810,4790,4805,1319
2026-04-13 12:11:00,4795,4805,4790,4800,9003
2026-04-13 12:12:00,4800,4800,4790,4790,2816
2026-04-13 12:13:00,4790,4800,4785,4800,192
2026-04-13 12:14:00,4800,4800,4800,4800,247
2026-04-13 12:15:00,4795,4795,4785,4785,829
2026-04-13 12:16:00,4785,4785,4775,4785,813
2026-04-13 12:17:00,4785,4785,4785,4785,293
2026-04-13 12:18:00,4785,4785,4785,4785,585
2026-04-13 12:19:00,4785,4785,4785,4785,726
2026-04-13 12:20:00,4785,4785,4770,4780,3112
2026-04-13 12:21:00,4780,4785,4780,4785,871
2026-04-13 12:22:00,4780,4785,4780,4785,181
2026-04-13 12:23:00,4790,4795,4785,4795,725
2026-04-13 12:24:00,4795,4820,4785,4820,5014
2026-04-13 12:25:00,4815,4820,4810,4810,1033
2026-04-13 12:26:00,4810,4820,4810,4810,1621
2026-04-13 12:27:00,4815,4815,4790,4790,10583
2026-04-13 12:28:00,4805,4805,4790,4790,343
2026-04-13 12:29:00,4790,4805,4790,4805,1516
2026-04-13 12:30:00,4790,4815,4790,4815,1688
2026-04-13 12:31:00,4815,4835,4815,4830,8708
2026-04-13 12:32:00,4830,4840,4820,4840,4558
2026-04-13 12:33:00,4840,4855,4830,4830,8566
2026-04-13 12:34:00,4840,4840,4815,4815,3888
2026-04-13 12:35:00,4815,4830,4810,4830,2383
2026-04-13 12:36:00,4810,4825,4805,4805,2750
2026-04-13 12:37:00,4805,4830,4800,4830,2369
2026-04-13 12:38:00,4810,4830,4800,4805,1171
2026-04-13 12:39:00,4810,4820,4800,4820,1152
2026-04-13 12:40:00,4825,4830,4805,4805,3136
2026-04-13 12:41:00,4830,4830,4810,4810,2356
2026-04-13 12:42:00,4830,4830,4810,4815,1174
2026-04-13 12:43:00,4810,4840,4810,4825,575
2026-04-13 12:44:00,4825,4850,4825,4850,2333
2026-04-13 12:45:00,4845,4865,4845,4850,17759
2026-04-13 12:46:00,4850,4870,4835,4835,7817
2026-04-13 12:47:00,4855,4855,4830,4850,878
2026-04-13 12:48:00,4845,4845,4825,4825,1113
2026-04-13 12:49:00,4825,4845,4825,4845,1941
2026-04-13 12:50:00,4830,4845,4830,4840,619
2026-04-13 12:51:00,4835,4840,4830,4835,1436
2026-04-13 12:52:00,4835,4845,4830,4845,5226
2026-04-13 12:53:00,4850,4870,4840,4850,2631
2026-04-13 12:54:00,4870,4870,4850,4850,1828
2026-04-13 12:55:00,4845,4855,4845,4850,995
2026-04-13 12:56:00,4852,4855,4850,4850,2532
2026-04-13 12:57:00,4850,4850,4845,4850,1306
2026-04-13 12:58:00,4850,4850,4840,4840,3346
2026-04-13 12:59:00,4840,4840,4825,4830,1762
2026-04-13 13:00:00,4830,4840,4830,4835,784
2026-04-13 13:01:00,4835,4835,4820,4820,5517
2026-04-13 13:02:00,4820,4825,4815,4825,5309
2026-04-13 13:03:00,4825,4825,4815,4815,1438
2026-04-13 13:04:00,4825,4825,4805,4810,3091
2026-04-13 13:05:00,4810,4810,4795,4800,7491
2026-04-13 13:06:00,4800,4815,4795,4815,2021
2026-04-13 13:07:00,4805,4805,4800,4805,861
2026-04-13 13:08:00,4805,4805,4795,4800,2518
2026-04-13 13:09:00,4805,4805,4785,4800,11273
2026-04-13 13:10:00,4800,4815,4800,4815,1492
2026-04-13 13:11:00,4810,4815,4810,4815,745
2026-04-13 13:12:00,4810,4810,4810,4810,25
2026-04-13 13:13:00,4810,4815,4810,4815,108
2026-04-13 13:14:00,4810,4815,4810,4815,1978
2026-04-13 13:15:00,4820,4825,4810,4810,2303
2026-04-13 13:16:00,4825,4830,4810,4825,3516
2026-04-13 13:17:00,4830,4845,4815,4820,8511
2026-04-13 13:18:00,4835,4835,4795,4805,10078
2026-04-13 13:19:00,4805,4810,4805,4805,822
2026-04-13 13:20:00,4810,4815,4800,4800,5104
2026-04-13 13:21:00,4800,4815,4800,4815,1914
2026-04-13 13:22:00,4815,4825,4810,4825,2302
2026-04-13 13:23:00,4810,4820,4805,4810,2761
2026-04-13 13:24:00,4810,4815,4800,4800,13596
2026-04-13 13:25:00,4800,4810,4795,4795,3780
2026-04-13 13:26:00,4795,4810,4790,4795,2049
2026-04-13 13:27:00,4800,4810,4795,4800,740
2026-04-13 13:28:00,4810,4810,4795,4795,5195
2026-04-13 13:29:00,4800,4800,4800,4800,2927
2026-04-13 13:30:00,4800,4815,4795,4815,1839
2026-04-13 13:31:00,4815,4815,4815,4815,455
2026-04-13 13:32:00,4805,4805,4805,4805,50
2026-04-13 13:33:00,4805,4810,4795,4810,5797
2026-04-13 13:34:00,4810,4810,4810,4810,807
2026-04-13 13:35:00,4810,4810,4810,4810,1120
2026-04-13 13:36:00,4810,4815,4810,4815,3312
2026-04-13 13:37:00,4815,4830,4815,4815,6397
2026-04-13 13:38:00,4830,4830,4815,4820,7241
2026-04-13 13:39:00,4820,4835,4820,4835,2277
2026-04-13 13:40:00,4835,5060,4835,5030,262726
2026-04-13 13:41:00,5030,5140,4990,5130,504081
2026-04-13 13:42:00,5130,5220,5100,5200,548112
2026-04-13 13:43:00,5200,5210,5120,5130,259363
2026-04-13 13:44:00,5130,5230,5130,5180,264588
2026-04-13 13:45:00,5170,5190,5100,5110,158058
2026-04-13 13:46:00,5120,5140,5090,5110,94657
2026-04-13 13:47:00,5090,5250,5090,5240,285309
2026-04-13 13:48:00,5240,5270,5190,5270,175268
2026-04-13 13:50:00,5300,5390,5290,5385,569530
2026-04-13 13:51:00,5380,5440,5300,5410,539070
2026-04-13 13:52:00,5410,5420,5270,5310,364662
2026-04-13 13:53:00,5310,5390,5260,5360,274527
2026-04-13 13:54:00,5360,5370,5270,5290,139121
2026-04-13 13:55:00,5300,5300,5230,5265,247507
2026-04-13 13:56:00,5265,5265,5170,5200,235927
2026-04-13 13:57:00,5200,5210,5140,5160,156745
2026-04-13 13:58:00,5180,5220,5150,5180,83239
2026-04-13 13:59:00,5190,5190,5100,5140,194372
2026-04-13 14:00:00,5150,5150,5060,5090,154050
2026-04-13 14:01:00,5090,5120,5000,5030,190413
2026-04-13 14:02:00,5030,5080,5020,5020,107877
2026-04-13 14:03:00,5030,5090,5020,5060,45798
2026-04-13 14:04:00,5060,5090,5020,5050,85875
2026-04-13 14:05:00,5040,5070,5010,5070,49689
2026-04-13 14:06:00,5070,5090,5010,5010,45245
2026-04-13 14:07:00,5010,5010,4945,4955,217631
2026-04-13 14:08:00,4950,4970,4940,4960,79320
2026-04-13 14:09:00,4960,4980,4915,4915,85825
2026-04-13 14:10:00,4920,4945,4885,4915,106456
2026-04-13 14:11:00,4915,4940,4910,4940,37837
2026-04-13 14:12:00,4940,4945,4900,4905,56504
2026-04-13 14:13:00,4905,4955,4900,4945,36393
2026-04-13 14:14:00,4945,4965,4945,4960,32748
2026-04-13 14:15:00,4960,4965,4915,4945,44539
2026-04-13 14:16:00,4950,4955,4935,4950,7906
2026-04-13 14:17:00,4950,4960,4945,4945,8058
2026-04-13 14:18:00,4955,4955,4920,4930,13269
2026-04-13 14:19:00,4930,4945,4915,4920,15009
2026-04-13 14:20:00,4930,4930,4915,4920,17484
2026-04-13 14:21:00,4920,4960,4920,4950,7505
2026-04-13 14:22:00,4955,4965,4940,4945,21799
2026-04-13 14:23:00,4940,4940,4910,4910,31766
2026-04-13 14:24:00,4910,4925,4900,4925,37138
2026-04-13 14:25:00,4925,4930,4910,4920,6936
2026-04-13 14:26:00,4920,4925,4895,4895,41767
2026-04-13 14:27:00,4900,4930,4895,4930,18070
2026-04-13 14:28:00,4925,4940,4905,4930,10354
2026-04-13 14:29:00,4930,4955,4930,4940,27693
2026-04-13 14:30:00,4945,4955,4930,4930,12409
2026-04-13 14:31:00,4940,4940,4905,4910,17966
2026-04-13 14:32:00,4910,4920,4910,4915,3993
2026-04-13 14:33:00,4915,4915,4890,4890,82725
2026-04-13 14:34:00,4895,4915,4890,4905,6300
2026-04-13 14:35:00,4910,4925,4910,4920,8964
2026-04-13 14:36:00,4920,4925,4895,4895,16976
2026-04-13 14:37:00,4895,4910,4880,4900,30123
2026-04-13 14:38:00,4895,4925,4890,4915,19166
2026-04-13 14:39:00,4910,4920,4910,4910,1500
2026-04-13 14:40:00,4915,4915,4900,4905,11923
2026-04-13 14:41:00,4920,4920,4900,4910,7688
2026-04-13 14:42:00,4910,4915,4895,4895,4963
2026-04-13 14:43:00,4900,4900,4885,4890,23982
2026-04-13 14:44:00,4890,4895,4880,4880,21954
2026-04-13 14:45:00,4885,4900,4880,4895,8141
2026-04-13 14:46:00,4895,4895,4880,4890,5013
2026-04-13 14:47:00,4890,4900,4880,4900,10585
2026-04-13 14:48:00,4900,4915,4880,4910,1980
2026-04-13 14:49:00,4910,4910,4885,4890,4356
2026-04-13 14:50:00,4890,4925,4885,4910,10270
2026-04-13 14:51:00,4900,4920,4900,4915,6807
2026-04-13 14:52:00,4905,4915,4900,4910,19114
2026-04-13 14:53:00,4905,4910,4895,4905,4091
2026-04-13 14:54:00,4905,4905,4895,4900,6554
2026-04-13 14:55:00,4900,4900,4885,4885,8690
2026-04-13 14:56:00,4885,4900,4885,4885,12700
2026-04-13 14:57:00,4885,4900,4885,4900,15240
2026-04-13 14:58:00,4897,4900,4885,4890,3314
2026-04-13 14:59:00,4890,4895,4885,4890,17829
2026-04-13 15:00:00,4890,4890,4870,4875,45436
2026-04-13 15:01:00,4875,4880,4865,4880,19082
2026-04-13 15:02:00,4880,4895,4875,4890,5418
2026-04-13 15:03:00,4890,4890,4875,4875,6399
2026-04-13 15:04:00,4875,4875,4850,4850,48911
2026-04-13 15:05:00,4860,4860,4845,4845,12602
2026-04-13 15:06:00,4855,4870,4840,4865,7279
2026-04-13 15:07:00,4860,4860,4830,4845,35651
2026-04-13 15:08:00,4850,4850,4835,4845,7464
2026-04-13 15:09:00,4845,4845,4815,4840,26295
2026-04-13 15:10:00,4820,4840,4795,4835,43718
2026-04-13 15:11:00,4835,4835,4815,4832,3193
2026-04-13 15:12:00,4835,4840,4825,4835,12562
2026-04-13 15:13:00,4835,4840,4830,4840,3128
2026-04-13 15:14:00,4835,4840,4830,4835,6580
2026-04-13 15:15:00,4835,4840,4835,4835,3216
2026-04-13 15:16:00,4835,4845,4830,4840,10022
2026-04-13 15:17:00,4840,4840,4820,4820,20944
2026-04-13 15:18:00,4820,4825,4795,4815,31405
2026-04-13 15:19:00,4810,4830,4795,4815,35544
2026-04-13 15:30:00,4855,4855,4855,4855,51815
2026-04-13 15:35:00,4855,4855,4855,4855,2056
2026-04-14 09:00:00,4900,4995,4890,4960,121687
2026-04-14 09:01:00,4985,5050,4957,5050,121353
2026-04-14 09:02:00,5050,5080,4990,5020,81292
2026-04-14 09:03:00,5020,5040,4950,4955,35588
2026-04-14 09:04:00,4975,5070,4960,5070,47405
2026-04-14 09:05:00,5070,5080,4990,4990,43558
2026-04-14 09:06:00,4990,5070,4990,5070,68939
2026-04-14 09:07:00,5070,5100,5050,5060,78696
2026-04-14 09:08:00,5080,5100,5060,5080,106144
2026-04-14 09:09:00,5080,5120,5070,5120,69931
2026-04-14 09:10:00,5120,5120,5090,5100,81415
2026-04-14 09:11:00,5090,5150,5090,5110,92364
2026-04-14 09:12:00,5110,5150,5110,5130,30812
2026-04-14 09:13:00,5140,5170,5130,5150,68633
2026-04-14 09:14:00,5150,5340,5140,5230,348198
2026-04-14 09:15:00,5230,5240,5070,5070,225824
2026-04-14 09:16:00,5070,5150,5070,5130,58680
2026-04-14 09:17:00,5130,5150,5100,5130,67129
2026-04-14 09:18:00,5130,5180,5120,5140,52615
2026-04-14 09:19:00,5150,5160,5090,5100,72969
2026-04-14 09:20:00,5100,5240,5100,5190,94785
2026-04-14 09:21:00,5220,5230,5170,5190,47360
2026-04-14 09:22:00,5190,5200,5170,5170,29466
2026-04-14 09:23:00,5170,5220,5170,5220,39412
2026-04-14 09:24:00,5220,5230,5180,5190,48954
2026-04-14 09:25:00,5200,5240,5170,5200,69403
2026-04-14 09:26:00,5210,5220,5160,5170,45343
2026-04-14 09:27:00,5160,5380,5150,5370,221155
2026-04-14 09:29:00,5450,5500,5450,5480,147522
2026-04-14 09:30:00,5480,5500,5380,5390,460953
2026-04-14 09:31:00,5410,5490,5300,5340,400714
2026-04-14 09:32:00,5340,5430,5320,5370,170247
2026-04-14 09:33:00,5380,5410,5300,5330,117022
2026-04-14 09:34:00,5350,5350,5260,5300,98266
2026-04-14 09:35:00,5290,5300,5260,5290,29511
2026-04-14 09:36:00,5290,5370,5280,5310,79775
2026-04-14 09:37:00,5300,5310,5210,5260,158507
2026-04-14 09:38:00,5260,5310,5250,5300,27897
2026-04-14 09:39:00,5300,5350,5260,5270,61715
2026-04-14 09:40:00,5270,5290,5230,5260,30647
2026-04-14 09:41:00,5280,5280,5220,5220,37028
2026-04-14 09:42:00,5220,5290,5220,5280,28972
2026-04-14 09:43:00,5280,5280,5230,5250,26917
2026-04-14 09:44:00,5270,5350,5250,5330,30776
2026-04-14 09:45:00,5330,5370,5310,5350,68090
2026-04-14 09:46:00,5350,5370,5320,5340,39132
2026-04-14 09:47:00,5350,5380,5330,5360,61653
2026-04-14 09:48:00,5360,5370,5330,5340,48046
2026-04-14 09:49:00,5330,5630,5320,5520,430504
2026-04-14 09:50:00,5540,5620,5480,5480,345001
2026-04-14 09:51:00,5490,5530,5370,5420,279617
2026-04-14 09:52:00,5410,5425,5360,5410,142483
2026-04-14 09:53:00,5400,5460,5370,5420,105704
2026-04-14 09:54:00,5420,5470,5390,5430,58811
2026-04-14 09:55:00,5430,5430,5370,5390,88038
2026-04-14 09:56:00,5390,5420,5350,5370,57631
2026-04-14 09:57:00,5370,5410,5370,5410,19833
2026-04-14 09:58:00,5410,5420,5380,5390,23210
2026-04-14 09:59:00,5380,5390,5340,5390,47919
2026-04-14 10:00:00,5390,5390,5310,5310,74132
2026-04-14 10:01:00,5330,5370,5310,5360,29127
2026-04-14 10:02:00,5360,5360,5320,5325,19703
2026-04-14 10:03:00,5330,5380,5310,5350,24556
2026-04-14 10:04:00,5340,5380,5330,5350,14077
2026-04-14 10:05:00,5340,5350,5290,5310,53297
2026-04-14 10:06:00,5300,5320,5260,5270,83268
2026-04-14 10:07:00,5280,5280,5250,5250,65097
2026-04-14 10:08:00,5250,5300,5250,5275,33686
2026-04-14 10:09:00,5275,5275,5220,5270,78211
2026-04-14 10:10:00,5270,5270,5230,5260,37198
2026-04-14 10:11:00,5250,5310,5240,5260,55945
2026-04-14 10:12:00,5250,5260,5200,5210,56712
2026-04-14 10:13:00,5210,5230,5200,5210,48187
2026-04-14 10:14:00,5200,5210,5180,5190,39852
2026-04-14 10:15:00,5200,5200,5170,5180,35265
2026-04-14 10:16:00,5190,5210,5170,5200,17459
2026-04-14 10:17:00,5200,5210,5190,5190,14696
2026-04-14 10:18:00,5200,5210,5190,5190,17096
2026-04-14 10:19:00,5200,5210,5140,5150,54579
2026-04-14 10:20:00,5140,5150,5080,5110,125170
2026-04-14 10:21:00,5110,5130,5070,5090,39130
2026-04-14 10:22:00,5090,5110,5070,5100,18287
2026-04-14 10:23:00,5090,5130,5090,5120,23559
2026-04-14 10:24:00,5120,5150,5110,5120,30888
2026-04-14 10:25:00,5130,5130,5100,5110,16073
2026-04-14 10:26:00,5120,5170,5090,5170,58878
2026-04-14 10:27:00,5160,5180,5140,5140,22147
2026-04-14 10:28:00,5140,5170,5130,5160,9709
2026-04-14 10:29:00,5160,5160,5100,5150,17465
2026-04-14 10:30:00,5150,5190,5150,5180,19845
2026-04-14 10:31:00,5190,5190,5140,5150,22290
2026-04-14 10:32:00,5140,5140,5120,5120,13422
2026-04-14 10:33:00,5130,5140,5050,5070,43748
2026-04-14 10:34:00,5110,5120,5070,5080,9255
2026-04-14 10:35:00,5090,5140,5090,5130,8787
2026-04-14 10:36:00,5130,5130,5110,5120,3303
2026-04-14 10:37:00,5130,5130,5110,5130,11027
2026-04-14 10:38:00,5130,5130,5110,5120,4750
2026-04-14 10:39:00,5120,5140,5110,5140,5353
2026-04-14 10:40:00,5140,5140,5120,5140,4294
2026-04-14 10:41:00,5140,5140,5120,5130,7498
2026-04-14 10:42:00,5130,5130,5110,5120,6066
2026-04-14 10:43:00,5120,5120,5100,5110,8570
2026-04-14 10:44:00,5110,5130,5110,5130,3484
2026-04-14 10:45:00,5130,5130,5070,5080,32338
2026-04-14 10:46:00,5080,5120,5080,5090,3556
2026-04-14 10:47:00,5090,5110,5070,5080,14793
2026-04-14 10:48:00,5080,5110,5070,5110,6324
2026-04-14 10:49:00,5110,5130,5100,5100,7045
2026-04-14 10:50:00,5110,5110,5060,5090,7749
2026-04-14 10:51:00,5090,5090,5060,5070,13272
2026-04-14 10:52:00,5070,5090,5060,5070,7485
2026-04-14 10:53:00,5070,5090,5060,5060,20520
2026-04-14 10:54:00,5080,5090,5060,5080,5488
2026-04-14 10:55:00,5080,5110,5070,5100,5165
2026-04-14 10:56:00,5100,5110,5080,5110,4584
2026-04-14 10:57:00,5100,5110,5090,5090,6298
2026-04-14 10:58:00,5100,5100,5070,5090,8606
2026-04-14 10:59:00,5080,5090,5060,5070,8496
2026-04-14 11:00:00,5070,5090,5040,5060,20112
2026-04-14 11:01:00,5050,5060,5030,5050,15365
2026-04-14 11:02:00,5080,5090,5050,5080,2441
2026-04-14 11:03:00,5080,5090,5060,5060,3079
2026-04-14 11:04:00,5070,5070,5050,5070,6215
2026-04-14 11:05:00,5060,5080,5060,5080,2924
2026-04-14 11:06:00,5070,5080,5070,5070,3412
2026-04-14 11:07:00,5070,5080,5070,5080,1706
2026-04-14 11:08:00,5080,5100,5070,5090,2483
2026-04-14 11:09:00,5080,5090,5060,5060,6097
2026-04-14 11:10:00,5080,5090,5070,5090,1636
2026-04-14 11:11:00,5090,5090,5050,5070,6956
2026-04-14 11:12:00,5060,5090,5060,5080,1997
2026-04-14 11:13:00,5080,5100,5070,5100,773
2026-04-14 11:14:00,5090,5100,5090,5100,2001
2026-04-14 11:15:00,5100,5100,5080,5090,1253
2026-04-14 11:16:00,5080,5120,5080,5120,5164
2026-04-14 11:17:00,5120,5140,5120,5130,4207
2026-04-14 11:18:00,5130,5140,5090,5110,9994
2026-04-14 11:19:00,5110,5120,5090,5110,5707
2026-04-14 11:20:00,5100,5100,5070,5090,6334
2026-04-14 11:21:00,5090,5120,5080,5120,1508
2026-04-14 11:22:00,5120,5120,5110,5110,2496
2026-04-14 11:23:00,5120,5120,5080,5090,5409
2026-04-14 11:24:00,5090,5120,5090,5090,4002
2026-04-14 11:25:00,5120,5150,5100,5140,11455
2026-04-14 11:26:00,5150,5150,5130,5135,11249
2026-04-14 11:27:00,5135,5140,5120,5130,4573
2026-04-14 11:28:00,5130,5140,5110,5120,9086
2026-04-14 11:29:00,5120,5120,5110,5120,798
2026-04-14 11:30:00,5120,5120,5100,5100,2377
2026-04-14 11:31:00,5110,5110,5110,5110,487
2026-04-14 11:32:00,5110,5140,5100,5120,6488
2026-04-14 11:33:00,5130,5140,5120,5130,1817
2026-04-14 11:34:00,5140,5140,5130,5140,1076
2026-04-14 11:35:00,5140,5150,5130,5140,5701
2026-04-14 11:36:00,5130,5140,5130,5130,2651
2026-04-14 11:37:00,5140,5150,5130,5150,2660
2026-04-14 11:38:00,5150,5150,5130,5140,3862
2026-04-14 11:39:00,5130,5140,5100,5100,11259
2026-04-14 11:40:00,5100,5110,5090,5100,2263
2026-04-14 11:41:00,5100,5110,5090,5110,3911
2026-04-14 11:42:00,5100,5100,5090,5090,2211
2026-04-14 11:43:00,5100,5100,5090,5100,902
2026-04-14 11:44:00,5090,5100,5090,5090,395
2026-04-14 11:45:00,5100,5100,5090,5090,1991
2026-04-14 11:46:00,5100,5100,5080,5090,6029
2026-04-14 11:47:00,5090,5100,5080,5080,2817
2026-04-14 11:48:00,5090,5090,5080,5080,3621
2026-04-14 11:49:00,5085,5100,5080,5100,514
2026-04-14 11:50:00,5100,5120,5080,5110,5615
2026-04-14 11:51:00,5100,5120,5090,5090,6563
2026-04-14 11:52:00,5100,5120,5100,5110,732
2026-04-14 11:53:00,5110,5130,5100,5100,1990
2026-04-14 11:54:00,5110,5120,5090,5110,1689
2026-04-14 11:55:00,5090,5120,5090,5110,594
2026-04-14 11:56:00,5110,5130,5110,5130,1641
2026-04-14 11:57:00,5120,5130,5090,5130,4293
2026-04-14 11:58:00,5130,5140,5100,5130,6282
2026-04-14 11:59:00,5130,5140,5130,5130,5329
2026-04-14 12:00:00,5130,5140,5120,5140,4776
2026-04-14 12:01:00,5130,5130,5100,5110,1711
2026-04-14 12:02:00,5120,5120,5110,5120,76
2026-04-14 12:03:00,5120,5120,5110,5120,700
2026-04-14 12:04:00,5130,5150,5130,5140,1133
2026-04-14 12:05:00,5150,5190,5140,5180,16152
2026-04-14 12:06:00,5190,5190,5150,5180,13878
2026-04-14 12:07:00,5170,5190,5160,5170,9235
2026-04-14 12:08:00,5170,5180,5140,5170,1035
2026-04-14 12:09:00,5150,5160,5140,5140,3782
2026-04-14 12:10:00,5140,5140,5120,5130,2210
2026-04-14 12:11:00,5120,5150,5120,5130,2661
2026-04-14 12:12:00,5150,5150,5140,5150,8286
2026-04-14 12:13:00,5150,5170,5140,5170,3969
2026-04-14 12:14:00,5160,5160,5120,5120,10575
2026-04-14 12:15:00,5120,5140,5120,5120,1915
2026-04-14 12:16:00,5120,5170,5110,5140,5687
2026-04-14 12:17:00,5130,5140,5120,5140,2159
2026-04-14 12:18:00,5140,5150,5100,5140,5569
2026-04-14 12:19:00,5130,5160,5120,5130,8717
2026-04-14 12:20:00,5150,5160,5110,5130,3169
2026-04-14 12:21:00,5120,5140,5110,5120,3348
2026-04-14 12:22:00,5110,5130,5110,5120,2963
2026-04-14 12:23:00,5110,5130,5100,5130,7753
2026-04-14 12:24:00,5110,5120,5050,5100,19909
2026-04-14 12:25:00,5090,5100,5090,5100,837
2026-04-14 12:26:00,5090,5090,5080,5090,3244
2026-04-14 12:27:00,5080,5090,5070,5070,2239
2026-04-14 12:28:00,5070,5090,5070,5080,6251
2026-04-14 12:29:00,5080,5100,5080,5090,856
2026-04-14 12:30:00,5100,5110,5090,5110,2421
2026-04-14 12:31:00,5100,5120,5090,5120,1654
2026-04-14 12:32:00,5100,5120,5080,5090,4968
2026-04-14 12:33:00,5090,5110,5070,5110,4450
2026-04-14 12:34:00,5090,5110,5070,5110,9788
2026-04-14 12:35:00,5100,5100,5060,5090,1970
2026-04-14 12:36:00,5100,5120,5080,5090,1424
2026-04-14 12:37:00,5090,5090,5055,5080,7599
2026-04-14 12:38:00,5080,5100,5080,5100,3561
2026-04-14 12:39:00,5090,5110,5090,5110,184
2026-04-14 12:40:00,5110,5110,5080,5090,1734
2026-04-14 12:41:00,5090,5090,5050,5070,9655
2026-04-14 12:42:00,5070,5080,5060,5070,905
2026-04-14 12:43:00,5070,5070,5040,5040,20773
2026-04-14 12:44:00,5070,5070,5040,5040,779
2026-04-14 12:45:00,5050,5060,5010,5030,40994
2026-04-14 12:46:00,5040,5060,5010,5030,19320
2026-04-14 12:47:00,5040,5050,5020,5040,2778
2026-04-14 12:48:00,5030,5040,5030,5040,3397
2026-04-14 12:49:00,5040,5050,5030,5040,6350
2026-04-14 12:50:00,5040,5060,5030,5050,3364
2026-04-14 12:51:00,5060,5060,5020,5020,5154
2026-04-14 12:52:00,5020,5030,5010,5030,5742
2026-04-14 12:53:00,5040,5050,5020,5020,1637
2026-04-14 12:54:00,5020,5030,5010,5030,7817
2026-04-14 12:55:00,5030,5040,5020,5020,1465
2026-04-14 12:56:00,5020,5030,5000,5000,23087
2026-04-14 12:57:00,5010,5040,5000,5010,10359
2026-04-14 12:58:00,5030,5040,5010,5010,2674
2026-04-14 12:59:00,5020,5030,5010,5010,4062
2026-04-14 13:00:00,5010,5020,5000,5010,3183
2026-04-14 13:01:00,5020,5060,5010,5050,8762
2026-04-14 13:02:00,5040,5040,5010,5020,2878
2026-04-14 13:03:00,5020,5020,5000,5000,11259
2026-04-14 13:04:00,5020,5020,4995,5010,5342
2026-04-14 13:05:00,5010,5020,4995,5020,7817
2026-04-14 13:06:00,5010,5020,5010,5010,598
2026-04-14 13:07:00,5010,5020,5000,5020,4294
2026-04-14 13:08:00,5010,5030,5000,5030,16540
2026-04-14 13:09:00,5030,5030,5000,5030,6136
2026-04-14 13:10:00,5030,5060,5030,5040,4003
2026-04-14 13:11:00,5040,5050,5030,5040,5778
2026-04-14 13:12:00,5030,5040,5030,5040,903
2026-04-14 13:13:00,5040,5050,5030,5050,1311
2026-04-14 13:14:00,5050,5050,5020,5020,6630
2026-04-14 13:15:00,5010,5020,5010,5010,3664
2026-04-14 13:16:00,5010,5030,5010,5030,6162
2026-04-14 13:17:00,5030,5030,5030,5030,9260
2026-04-14 13:18:00,5050,5060,5040,5050,7107
2026-04-14 13:19:00,5050,5060,5030,5030,6841
2026-04-14 13:20:00,5040,5050,5040,5050,2856
2026-04-14 13:21:00,5050,5060,5040,5060,5313
2026-04-14 13:22:00,5050,5070,5050,5070,10073
2026-04-14 13:23:00,5060,5070,5050,5060,6952
2026-04-14 13:24:00,5060,5060,5050,5050,731
2026-04-14 13:25:00,5060,5060,5050,5060,66
2026-04-14 13:26:00,5060,5060,5030,5030,5334
2026-04-14 13:27:00,5050,5050,5040,5050,225
2026-04-14 13:28:00,5050,5050,5040,5040,1702
2026-04-14 13:29:00,5050,5050,5040,5050,930
2026-04-14 13:30:00,5050,5050,5030,5040,3912
2026-04-14 13:31:00,5030,5040,5030,5040,7341
2026-04-14 13:32:00,5030,5040,5030,5040,578
2026-04-14 13:33:00,5040,5040,5030,5030,4254
2026-04-14 13:34:00,5030,5040,5030,5030,1003
2026-04-14 13:35:00,5040,5040,5035,5035,156
2026-04-14 13:36:00,5040,5050,5030,5030,2221
2026-04-14 13:37:00,5030,5040,5020,5020,1261
2026-04-14 13:38:00,5020,5030,5020,5020,2344
2026-04-14 13:39:00,5030,5030,5010,5030,2103
2026-04-14 13:40:00,5020,5030,5020,5020,1472
2026-04-14 13:41:00,5020,5030,5010,5030,2721
2026-04-14 13:42:00,5040,5040,5010,5030,2416
2026-04-14 13:43:00,5020,5040,5010,5040,4870
2026-04-14 13:44:00,5040,5060,5040,5060,5185
2026-04-14 13:45:00,5060,5060,5050,5060,6927
2026-04-14 13:46:00,5050,5060,5040,5040,2083
2026-04-14 13:47:00,5050,5050,5040,5040,1641
2026-04-14 13:48:00,5050,5050,5020,5050,2299
2026-04-14 13:49:00,5040,5060,5030,5040,1388
2026-04-14 13:50:00,5040,5040,5020,5020,1696
2026-04-14 13:51:00,5020,5030,5020,5030,4342
2026-04-14 13:52:00,5030,5030,5010,5030,4337
2026-04-14 13:53:00,5040,5040,5020,5020,5618
2026-04-14 13:54:00,5020,5030,5010,5020,8024
2026-04-14 13:55:00,5030,5030,5010,5010,3896
2026-04-14 13:56:00,5020,5020,5000,5020,2519
2026-04-14 13:57:00,5010,5020,5000,5020,8097
2026-04-14 13:58:00,5020,5020,5000,5020,13084
2026-04-14 13:59:00,5020,5020,5010,5010,2930
2026-04-14 14:00:00,5010,5020,5000,5000,6987
2026-04-14 14:01:00,5000,5010,4985,4995,31135
2026-04-14 14:02:00,4995,5010,4990,5000,9627
2026-04-14 14:03:00,5000,5020,5000,5010,2223
2026-04-14 14:04:00,5010,5010,4995,5000,2026
2026-04-14 14:05:00,5000,5000,4985,4985,6866
2026-04-14 14:06:00,4985,5010,4985,5010,20149
2026-04-14 14:07:00,5000,5000,4980,5000,11433
2026-04-14 14:08:00,4990,5000,4985,5000,2189
2026-04-14 14:09:00,4995,4995,4990,4990,429
2026-04-14 14:10:00,4990,4995,4970,4970,13859
2026-04-14 14:11:00,4975,4980,4965,4965,14366
2026-04-14 14:12:00,4965,4980,4965,4970,3256
2026-04-14 14:13:00,4970,4970,4955,4965,14026
2026-04-14 14:14:00,4965,4970,4965,4970,3501
2026-04-14 14:15:00,4970,4980,4965,4965,1459
2026-04-14 14:16:00,4965,4980,4965,4980,4293
2026-04-14 14:17:00,4980,4980,4965,4970,1342
2026-04-14 14:18:00,4970,4975,4970,4970,1534
2026-04-14 14:19:00,4970,4980,4965,4975,3054
2026-04-14 14:20:00,4980,4990,4980,4990,3484
2026-04-14 14:21:00,4990,5000,4990,5000,5045
2026-04-14 14:22:00,5000,5020,5000,5020,8323
2026-04-14 14:23:00,5020,5040,5010,5030,5765
2026-04-14 14:24:00,5020,5030,5020,5030,3308
2026-04-14 14:25:00,5020,5030,5010,5020,470
2026-04-14 14:26:00,5010,5030,5000,5030,3451
2026-04-14 14:27:00,5020,5040,5020,5030,4358
2026-04-14 14:28:00,5030,5030,5010,5020,1087
2026-04-14 14:29:00,5010,5030,5010,5020,779
2026-04-14 14:30:00,5030,5030,5010,5020,1716
2026-04-14 14:31:00,5010,5030,5010,5030,917
2026-04-14 14:32:00,5030,5030,5010,5010,2650
2026-04-14 14:33:00,5010,5030,5010,5020,1426
2026-04-14 14:34:00,5020,5020,5000,5010,3232
2026-04-14 14:35:00,5010,5020,5000,5010,4419
2026-04-14 14:36:00,5010,5010,5000,5010,2252
2026-04-14 14:37:00,5010,5010,5000,5010,1291
2026-04-14 14:38:00,5010,5010,5000,5010,762
2026-04-14 14:39:00,5010,5010,5005,5010,431
2026-04-14 14:40:00,5010,5010,4985,4995,11575
2026-04-14 14:41:00,4990,4990,4985,4990,1148
2026-04-14 14:42:00,4990,5010,4985,5010,2097
2026-04-14 14:43:00,5010,5010,4995,5010,697
2026-04-14 14:44:00,5010,5010,4995,5000,2000
2026-04-14 14:45:00,5000,5000,4990,5000,4006
2026-04-14 14:46:00,5000,5010,4990,5000,7745
2026-04-14 14:47:00,5010,5010,4995,4995,1024
2026-04-14 14:48:00,5000,5000,4990,4995,2107
2026-04-14 14:49:00,4990,4995,4990,4995,305
2026-04-14 14:50:00,4995,5000,4990,5000,5159
2026-04-14 14:51:00,4995,5000,4995,4995,2399
2026-04-14 14:52:00,4997,5010,4997,5000,2404
2026-04-14 14:53:00,5000,5010,4995,5000,5153
2026-04-14 14:54:00,5000,5010,4995,5000,2074
2026-04-14 14:55:00,5000,5000,4995,5000,1720
2026-04-14 14:56:00,4995,5000,4995,5000,5857
2026-04-14 14:57:00,5000,5010,4995,5010,5642
2026-04-14 14:58:00,4995,5010,4995,5000,5479
2026-04-14 14:59:00,5000,5000,4990,4990,6213
2026-04-14 15:00:00,5000,5020,4990,5010,6489
2026-04-14 15:01:00,5020,5060,5010,5060,14548
2026-04-14 15:02:00,5060,5080,5040,5070,25865
2026-04-14 15:03:00,5070,5070,5050,5060,2765
2026-04-14 15:04:00,5060,5060,5030,5050,6217
2026-04-14 15:05:00,5050,5060,5040,5050,4694
2026-04-14 15:06:00,5050,5060,5030,5030,4014
2026-04-14 15:07:00,5030,5060,5030,5050,4900
2026-04-14 15:08:00,5050,5060,5050,5050,3358
2026-04-14 15:09:00,5040,5060,5040,5050,7715
2026-04-14 15:10:00,5060,5060,5030,5050,8151
2026-04-14 15:11:00,5050,5050,5030,5030,5404
2026-04-14 15:12:00,5030,5070,5030,5050,14330
2026-04-14 15:13:00,5050,5060,5040,5060,5293
2026-04-14 15:14:00,5050,5060,5030,5050,8052
2026-04-14 15:15:00,5040,5050,5030,5040,5416
2026-04-14 15:16:00,5040,5050,5040,5050,4933
2026-04-14 15:17:00,5050,5070,5040,5040,14663
2026-04-14 15:18:00,5050,5060,5040,5040,5970
2026-04-14 15:19:00,5040,5050,5030,5030,14300
2026-04-14 15:30:00,5100,5100,5100,5100,83335
